ISO-10303-21;
HEADER;
FILE_DESCRIPTION (( 'STEP AP214' ),
    '1' );
FILE_NAME ('TBU-RS055-300-WH.STEP',
    '2023-06-09T12:36:48',
    ( '' ),
    ( '' ),
    'SwSTEP 2.0',
    'SolidWorks 2022',
    '' );
FILE_SCHEMA (( 'AUTOMOTIVE_DESIGN' ));
ENDSEC;

DATA;
#1 = AXIS2_PLACEMENT_3D ( 'NONE', #298, #1479, #13 ) ;
#2 = LINE ( 'NONE', #2155, #1791 ) ;
#3 = APPLICATION_CONTEXT ( 'automotive_design' ) ;
#4 = DIRECTION ( 'NONE',  ( -0.000000000000000000, -1.000000000000000000, -0.000000000000000000 ) ) ;
#5 = COLOUR_RGB ( '',1.000000000000000000, 1.000000000000000000, 1.000000000000000000 ) ;
#6 = FILL_AREA_STYLE ('',( #2126 ) ) ;
#7 = CIRCLE ( 'NONE', #351, 0.09999999999999982514 ) ;
#8 = FILL_AREA_STYLE_COLOUR ( '', #403 ) ;
#9 = EDGE_LOOP ( 'NONE', ( #3023, #1768, #1535, #142 ) ) ;
#10 = UNCERTAINTY_MEASURE_WITH_UNIT (LENGTH_MEASURE( 1.000000000000000082E-05 ), #2320, 'distance_accuracy_value', 'NONE');
#11 = FILL_AREA_STYLE ('',( #2630 ) ) ;
#12 = PRESENTATION_STYLE_ASSIGNMENT (( #2821 ) ) ;
#13 = DIRECTION ( 'NONE',  ( 0.000000000000000000, -0.000000000000000000, -1.000000000000000000 ) ) ;
#14 =( NAMED_UNIT ( * ) PLANE_ANGLE_UNIT ( ) SI_UNIT ( $, .RADIAN. ) );
#15 = AXIS2_PLACEMENT_3D ( 'NONE', #1665, #2598, #1420 ) ;
#16 =( NAMED_UNIT ( * ) PLANE_ANGLE_UNIT ( ) SI_UNIT ( $, .RADIAN. ) );
#17 = EDGE_CURVE ( 'NONE', #359, #678, #1386, .T. ) ;
#18 = ORIENTED_EDGE ( 'NONE', *, *, #2762, .F. ) ;
#19 = STYLED_ITEM ( 'NONE', ( #20 ), #41 ) ;
#20 = PRESENTATION_STYLE_ASSIGNMENT (( #2814 ) ) ;
#21 = SURFACE_SIDE_STYLE ('',( #54 ) ) ;
#22 = CARTESIAN_POINT ( 'NONE',  ( -3.899999999999998579, 0.8000000000000000444, -2.649999999999999911 ) ) ;
#23 = VECTOR ( 'NONE', #1687, 1000.000000000000000 ) ;
#24 = VECTOR ( 'NONE', #768, 1000.000000000000000 ) ;
#25 = DIRECTION ( 'NONE',  ( -1.000000000000000000, -0.000000000000000000, 0.000000000000000000 ) ) ;
#26 = EDGE_LOOP ( 'NONE', ( #2363, #391, #378, #1284 ) ) ;
#27 = ORIENTED_EDGE ( 'NONE', *, *, #1092, .F. ) ;
#28 =( NAMED_UNIT ( * ) PLANE_ANGLE_UNIT ( ) SI_UNIT ( $, .RADIAN. ) );
#29 = DIRECTION ( 'NONE',  ( 1.000000000000000000, 0.000000000000000000, 0.000000000000000000 ) ) ;
#30 = MECHANICAL_DESIGN_GEOMETRIC_PRESENTATION_REPRESENTATION (  '', ( #1954 ), #877 ) ;
#31 =( GEOMETRIC_REPRESENTATION_CONTEXT ( 3 ) GLOBAL_UNCERTAINTY_ASSIGNED_CONTEXT ( ( #94 ) ) GLOBAL_UNIT_ASSIGNED_CONTEXT ( ( #2604, #2853, #1415 ) ) REPRESENTATION_CONTEXT ( 'NONE', 'WORKASPACE' ) );
#32 = LINE ( 'NONE', #975, #898 ) ;
#33 = CARTESIAN_POINT ( 'NONE',  ( -0.8999999999999980238, -0.1600000000000000033, -0.1499999999999999667 ) ) ;
#34 = STYLED_ITEM ( 'NONE', ( #1135 ), #995 ) ;
#35 =( NAMED_UNIT ( * ) PLANE_ANGLE_UNIT ( ) SI_UNIT ( $, .RADIAN. ) );
#36 = VERTEX_POINT ( 'NONE', #2325 ) ;
#37 = EDGE_CURVE ( 'NONE', #1829, #280, #2782, .T. ) ;
#38 = VECTOR ( 'NONE', #2213, 1000.000000000000000 ) ;
#39 = VERTEX_POINT ( 'NONE', #2360 ) ;
#40 =( LENGTH_UNIT ( ) NAMED_UNIT ( * ) SI_UNIT ( .MILLI., .METRE. ) );
#41 = ADVANCED_FACE ( 'NONE', ( #1383 ), #963, .F. ) ;
#42 = DIRECTION ( 'NONE',  ( -0.000000000000000000, -1.000000000000000000, -0.000000000000000000 ) ) ;
#43 = LINE ( 'NONE', #1693, #2381 ) ;
#44 = ORIENTED_EDGE ( 'NONE', *, *, #1774, .F. ) ;
#45 =( NAMED_UNIT ( * ) SI_UNIT ( $, .STERADIAN. ) SOLID_ANGLE_UNIT ( ) );
#46 = SURFACE_STYLE_USAGE ( .BOTH. , #1678 ) ;
#47 =( LENGTH_UNIT ( ) NAMED_UNIT ( * ) SI_UNIT ( .MILLI., .METRE. ) );
#48 = CARTESIAN_POINT ( 'NONE',  ( -3.439999999999998614, -0.1600000000000000033, 2.449999999999999734 ) ) ;
#49 = PRESENTATION_STYLE_ASSIGNMENT (( #2602 ) ) ;
#50 = DIRECTION ( 'NONE',  ( 1.000000000000000000, 0.000000000000000000, -0.000000000000000000 ) ) ;
#51 = CARTESIAN_POINT ( 'NONE',  ( -3.899999999999998579, -0.08000000000000000167, -2.649999999999999911 ) ) ;
#52 = LINE ( 'NONE', #545, #23 ) ;
#53 = ADVANCED_BREP_SHAPE_REPRESENTATION ( 'TBU-RS055-300-WH', ( #2883, #797, #381 ), #223 ) ;
#54 = SURFACE_STYLE_FILL_AREA ( #278 ) ;
#55 =( LENGTH_UNIT ( ) NAMED_UNIT ( * ) SI_UNIT ( .MILLI., .METRE. ) );
#56 = EDGE_CURVE ( 'NONE', #1741, #202, #1059, .T. ) ;
#57 = SURFACE_STYLE_FILL_AREA ( #261 ) ;
#58 = ORIENTED_EDGE ( 'NONE', *, *, #37, .T. ) ;
#59 = ORIENTED_EDGE ( 'NONE', *, *, #1886, .T. ) ;
#60 = DIRECTION ( 'NONE',  ( 0.000000000000000000, 0.000000000000000000, -1.000000000000000000 ) ) ;
#61 =( NAMED_UNIT ( * ) PLANE_ANGLE_UNIT ( ) SI_UNIT ( $, .RADIAN. ) );
#62 = FACE_OUTER_BOUND ( 'NONE', #1064, .T. ) ;
#63 = AXIS2_PLACEMENT_3D ( 'NONE', #1696, #1714, #60 ) ;
#64 = CARTESIAN_POINT ( 'NONE',  ( 2.539999999999999591, -0.08000000000000000167, 0.7999999999999999334 ) ) ;
#65 = VECTOR ( 'NONE', #1225, 1000.000000000000000 ) ;
#66 = UNCERTAINTY_MEASURE_WITH_UNIT (LENGTH_MEASURE( 1.000000000000000082E-05 ), #1166, 'distance_accuracy_value', 'NONE');
#67 = SURFACE_STYLE_FILL_AREA ( #2392 ) ;
#68 = AXIS2_PLACEMENT_3D ( 'NONE', #2606, #2125, #1910 ) ;
#69 =( LENGTH_UNIT ( ) NAMED_UNIT ( * ) SI_UNIT ( .MILLI., .METRE. ) );
#70 = FILL_AREA_STYLE_COLOUR ( '', #2101 ) ;
#71 = ORIENTED_EDGE ( 'NONE', *, *, #1722, .T. ) ;
#72 =( NAMED_UNIT ( * ) SI_UNIT ( $, .STERADIAN. ) SOLID_ANGLE_UNIT ( ) );
#73 = DIRECTION ( 'NONE',  ( 0.000000000000000000, -1.000000000000000000, -0.000000000000000000 ) ) ;
#74 = LINE ( 'NONE', #292, #717 ) ;
#75 = ORIENTED_EDGE ( 'NONE', *, *, #2062, .F. ) ;
#76 = ORIENTED_EDGE ( 'NONE', *, *, #316, .T. ) ;
#77 = CARTESIAN_POINT ( 'NONE',  ( -1.339999999999998304, -0.1600000000000000033, 2.449999999999999734 ) ) ;
#78 = UNCERTAINTY_MEASURE_WITH_UNIT (LENGTH_MEASURE( 1.000000000000000082E-05 ), #40, 'distance_accuracy_value', 'NONE');
#79 = PLANE ( 'NONE',  #837 ) ;
#80 = EDGE_CURVE ( 'NONE', #1973, #1081, #2, .T. ) ;
#81 = CARTESIAN_POINT ( 'NONE',  ( 3.539999999999999591, -0.1600000000000000033, -1.150000000000000355 ) ) ;
#82 = VECTOR ( 'NONE', #2587, 1000.000000000000000 ) ;
#83 = AXIS2_PLACEMENT_3D ( 'NONE', #1519, #2904, #101 ) ;
#84 = CARTESIAN_POINT ( 'NONE',  ( -3.899999999999998579, 0.8000000000000000444, -2.649999999999999911 ) ) ;
#85 = CARTESIAN_POINT ( 'NONE',  ( -0.4600000000000003531, -0.1600000000000000033, 0.1499999999999999667 ) ) ;
#86 = VECTOR ( 'NONE', #2144, 1000.000000000000000 ) ;
#87 = PRESENTATION_STYLE_ASSIGNMENT (( #116 ) ) ;
#88 = LINE ( 'NONE', #1030, #611 ) ;
#89 = ORIENTED_EDGE ( 'NONE', *, *, #1968, .F. ) ;
#90 = VERTEX_POINT ( 'NONE', #690 ) ;
#91 = LINE ( 'NONE', #2697, #2977 ) ;
#92 = DIRECTION ( 'NONE',  ( 0.000000000000000000, 0.000000000000000000, 1.000000000000000000 ) ) ;
#93 = UNCERTAINTY_MEASURE_WITH_UNIT (LENGTH_MEASURE( 1.000000000000000082E-05 ), #1739, 'distance_accuracy_value', 'NONE');
#94 = UNCERTAINTY_MEASURE_WITH_UNIT (LENGTH_MEASURE( 1.000000000000000082E-05 ), #2604, 'distance_accuracy_value', 'NONE');
#95 = ADVANCED_FACE ( 'NONE', ( #1627 ), #2554, .T. ) ;
#96 = CARTESIAN_POINT ( 'NONE',  ( -3.499999999999998224, 0.8900000000000000133, 2.449999999999999289 ) ) ;
#97 = FACE_OUTER_BOUND ( 'NONE', #1371, .T. ) ;
#98 = PRESENTATION_STYLE_ASSIGNMENT (( #1321 ) ) ;
#99 = UNCERTAINTY_MEASURE_WITH_UNIT (LENGTH_MEASURE( 1.000000000000000082E-05 ), #2348, 'distance_accuracy_value', 'NONE');
#100 = LINE ( 'NONE', #2640, #24 ) ;
#101 = DIRECTION ( 'NONE',  ( 0.000000000000000000, 0.000000000000000000, -1.000000000000000000 ) ) ;
#102 = ADVANCED_FACE ( 'NONE', ( #2855 ), #1471, .F. ) ;
#103 = CYLINDRICAL_SURFACE ( 'NONE', #366, 0.09999999999999982514 ) ;
#104 = VERTEX_POINT ( 'NONE', #2400 ) ;
#105 = EDGE_LOOP ( 'NONE', ( #1491, #1647, #1018, #76 ) ) ;
#106 = CARTESIAN_POINT ( 'NONE',  ( -1.339999999999998304, -0.1600000000000000033, -2.449999999999999734 ) ) ;
#107 = DIRECTION ( 'NONE',  ( 1.000000000000000000, 0.000000000000000000, -0.000000000000000000 ) ) ;
#108 =( GEOMETRIC_REPRESENTATION_CONTEXT ( 3 ) GLOBAL_UNCERTAINTY_ASSIGNED_CONTEXT ( ( #475 ) ) GLOBAL_UNIT_ASSIGNED_CONTEXT ( ( #671, #2823, #1638 ) ) REPRESENTATION_CONTEXT ( 'NONE', 'WORKASPACE' ) );
#109 = DIRECTION ( 'NONE',  ( 1.000000000000000000, -0.000000000000000000, 0.000000000000000000 ) ) ;
#110 = DIRECTION ( 'NONE',  ( 0.000000000000000000, -0.000000000000000000, -1.000000000000000000 ) ) ;
#111 =( NAMED_UNIT ( * ) PLANE_ANGLE_UNIT ( ) SI_UNIT ( $, .RADIAN. ) );
#112 = CARTESIAN_POINT ( 'NONE',  ( -1.339999999999998304, -0.08000000000000000167, -0.1499999999999999667 ) ) ;
#113 = CARTESIAN_POINT ( 'NONE',  ( 2.539999999999999591, -0.08000000000000000167, 0.000000000000000000 ) ) ;
#114 = ADVANCED_FACE ( 'NONE', ( #1011 ), #721, .T. ) ;
#115 = AXIS2_PLACEMENT_3D ( 'NONE', #2873, #277, #756 ) ;
#116 = SURFACE_STYLE_USAGE ( .BOTH. , #2961 ) ;
#117 = ORIENTED_EDGE ( 'NONE', *, *, #2250, .F. ) ;
#118 = EDGE_LOOP ( 'NONE', ( #2007, #2951, #75 ) ) ;
#119 = LINE ( 'NONE', #2042, #604 ) ;
#120 = VECTOR ( 'NONE', #2438, 1000.000000000000000 ) ;
#121 = PLANE ( 'NONE',  #2442 ) ;
#122 = FACE_OUTER_BOUND ( 'NONE', #2765, .T. ) ;
#123 = PRESENTATION_LAYER_ASSIGNMENT (  '', '', ( #1452 ) ) ;
#124 = VECTOR ( 'NONE', #73, 1000.000000000000000 ) ;
#125 = MECHANICAL_DESIGN_GEOMETRIC_PRESENTATION_REPRESENTATION (  '', ( #919 ), #31 ) ;
#126 = VECTOR ( 'NONE', #2091, 1000.000000000000000 ) ;
#127 = ORIENTED_EDGE ( 'NONE', *, *, #879, .T. ) ;
#128 = ADVANCED_FACE ( 'NONE', ( #2356 ), #2109, .F. ) ;
#129 = AXIS2_PLACEMENT_3D ( 'NONE', #588, #2478, #345 ) ;
#130 = STYLED_ITEM ( 'NONE', ( #1586 ), #2714 ) ;
#131 = DIRECTION ( 'NONE',  ( 0.000000000000000000, 0.000000000000000000, 1.000000000000000000 ) ) ;
#132 = EDGE_LOOP ( 'NONE', ( #970, #1666, #1694, #1893 ) ) ;
#133 = PRESENTATION_LAYER_ASSIGNMENT (  '', '', ( #1076 ) ) ;
#134 = ADVANCED_FACE ( 'NONE', ( #494 ), #2552, .T. ) ;
#135 = ORIENTED_EDGE ( 'NONE', *, *, #1774, .T. ) ;
#136 = CARTESIAN_POINT ( 'NONE',  ( 0.000000000000000000, 0.9000000000000001332, -2.649999999999999911 ) ) ;
#137 = CARTESIAN_POINT ( 'NONE',  ( 0.000000000000000000, -0.08000000000000000167, 0.1499999999999999667 ) ) ;
#138 = PRESENTATION_LAYER_ASSIGNMENT (  '', '', ( #325 ) ) ;
#139 = FILL_AREA_STYLE_COLOUR ( '', #1116 ) ;
#140 = SURFACE_STYLE_FILL_AREA ( #2047 ) ;
#141 = ORIENTED_EDGE ( 'NONE', *, *, #2367, .T. ) ;
#142 = ORIENTED_EDGE ( 'NONE', *, *, #250, .T. ) ;
#143 = EDGE_LOOP ( 'NONE', ( #1121, #848, #825 ) ) ;
#144 = FACE_OUTER_BOUND ( 'NONE', #184, .T. ) ;
#145 = ADVANCED_FACE ( 'NONE', ( #789 ), #1071, .F. ) ;
#146 = CARTESIAN_POINT ( 'NONE',  ( -3.539999999999998259, -0.1600000000000000033, -0.1499999999999999667 ) ) ;
#147 = SURFACE_SIDE_STYLE ('',( #2513 ) ) ;
#148 = PRESENTATION_STYLE_ASSIGNMENT (( #1387 ) ) ;
#149 = CARTESIAN_POINT ( 'NONE',  ( -0.8999999999999980238, -0.1600000000000000033, 0.1499999999999999667 ) ) ;
#150 = DIRECTION ( 'NONE',  ( -0.000000000000000000, -1.000000000000000000, -0.000000000000000000 ) ) ;
#151 = STYLED_ITEM ( 'NONE', ( #2758 ), #1503 ) ;
#152 = AXIS2_PLACEMENT_3D ( 'NONE', #2273, #832, #1773 ) ;
#153 = ORIENTED_EDGE ( 'NONE', *, *, #685, .F. ) ;
#154 = DIRECTION ( 'NONE',  ( 0.000000000000000000, -0.000000000000000000, -1.000000000000000000 ) ) ;
#155 = VECTOR ( 'NONE', #1662, 1000.000000000000000 ) ;
#156 = ORIENTED_EDGE ( 'NONE', *, *, #747, .F. ) ;
#157 = ORIENTED_EDGE ( 'NONE', *, *, #1603, .F. ) ;
#158 = DIRECTION ( 'NONE',  ( -1.000000000000000000, 0.000000000000000000, -0.000000000000000000 ) ) ;
#159 =( LENGTH_UNIT ( ) NAMED_UNIT ( * ) SI_UNIT ( .MILLI., .METRE. ) );
#160 = COLOUR_RGB ( '',1.000000000000000000, 1.000000000000000000, 1.000000000000000000 ) ;
#161 = CARTESIAN_POINT ( 'NONE',  ( -3.999999999999998224, 0.01999999999999999695, -2.750000000000000000 ) ) ;
#162 = DIRECTION ( 'NONE',  ( -1.000000000000000000, -0.000000000000000000, 0.000000000000000000 ) ) ;
#163 = EDGE_CURVE ( 'NONE', #3005, #3036, #100, .T. ) ;
#164 = CARTESIAN_POINT ( 'NONE',  ( -3.499999999999998224, 0.9000000000000001332, 2.449999999999999289 ) ) ;
#165 = EDGE_CURVE ( 'NONE', #2194, #1438, #1497, .T. ) ;
#166 = PRESENTATION_LAYER_ASSIGNMENT (  '', '', ( #417 ) ) ;
#167 = ORIENTED_EDGE ( 'NONE', *, *, #3021, .F. ) ;
#168 = AXIS2_PLACEMENT_3D ( 'NONE', #757, #2157, #550 ) ;
#169 = PRESENTATION_STYLE_ASSIGNMENT (( #2292 ) ) ;
#170 = ORIENTED_EDGE ( 'NONE', *, *, #1886, .F. ) ;
#171 = EDGE_LOOP ( 'NONE', ( #901, #473 ) ) ;
#172 = DIRECTION ( 'NONE',  ( 0.000000000000000000, -0.000000000000000000, 1.000000000000000000 ) ) ;
#173 = AXIS2_PLACEMENT_3D ( 'NONE', #895, #1818, #886 ) ;
#174 = MECHANICAL_DESIGN_GEOMETRIC_PRESENTATION_REPRESENTATION (  '', ( #2262 ), #1717 ) ;
#175 = DIRECTION ( 'NONE',  ( 0.000000000000000000, -1.000000000000000000, 0.000000000000000000 ) ) ;
#176 = FACE_OUTER_BOUND ( 'NONE', #794, .T. ) ;
#177 = SURFACE_STYLE_FILL_AREA ( #1333 ) ;
#178 = PLANE ( 'NONE',  #835 ) ;
#179 = EDGE_CURVE ( 'NONE', #39, #2068, #1983, .T. ) ;
#180 = PRESENTATION_STYLE_ASSIGNMENT (( #2309 ) ) ;
#181 = ADVANCED_FACE ( 'NONE', ( #1702 ), #1039, .F. ) ;
#182 = VERTEX_POINT ( 'NONE', #1277 ) ;
#183 = FACE_OUTER_BOUND ( 'NONE', #1101, .T. ) ;
#184 = EDGE_LOOP ( 'NONE', ( #2150, #2159, #1044, #1270 ) ) ;
#185 = ORIENTED_EDGE ( 'NONE', *, *, #1597, .F. ) ;
#186 = SURFACE_SIDE_STYLE ('',( #1570 ) ) ;
#187 =( NAMED_UNIT ( * ) SI_UNIT ( $, .STERADIAN. ) SOLID_ANGLE_UNIT ( ) );
#188 = SURFACE_STYLE_USAGE ( .BOTH. , #910 ) ;
#189 = CARTESIAN_POINT ( 'NONE',  ( -3.539999999999998259, -0.08000000000000000167, 0.1499999999999999667 ) ) ;
#190 = CARTESIAN_POINT ( 'NONE',  ( 3.900000000000000355, 0.8000000000000000444, 2.649999999999999467 ) ) ;
#191 = LINE ( 'NONE', #149, #677 ) ;
#192 = FILL_AREA_STYLE_COLOUR ( '', #2666 ) ;
#193 = PLANE ( 'NONE',  #2255 ) ;
#194 = PRESENTATION_LAYER_ASSIGNMENT (  '', '', ( #2083 ) ) ;
#195 = EDGE_CURVE ( 'NONE', #691, #1550, #530, .T. ) ;
#196 =( LENGTH_UNIT ( ) NAMED_UNIT ( * ) SI_UNIT ( .MILLI., .METRE. ) );
#197 = FILL_AREA_STYLE_COLOUR ( '', #305 ) ;
#198 = EDGE_LOOP ( 'NONE', ( #2446, #1416, #852, #748 ) ) ;
#199 = CARTESIAN_POINT ( 'NONE',  ( 4.000000000000000000, 0.01999999999999999695, -2.649999999999999911 ) ) ;
#200 = PRESENTATION_LAYER_ASSIGNMENT (  '', '', ( #864 ) ) ;
#201 = FILL_AREA_STYLE ('',( #909 ) ) ;
#202 = VERTEX_POINT ( 'NONE', #2465 ) ;
#203 = VECTOR ( 'NONE', #1537, 1000.000000000000000 ) ;
#204 = FACE_OUTER_BOUND ( 'NONE', #2092, .T. ) ;
#205 = CARTESIAN_POINT ( 'NONE',  ( -3.999999999999998224, -0.08000000000000000167, 2.649999999999999467 ) ) ;
#206 = SURFACE_STYLE_USAGE ( .BOTH. , #1883 ) ;
#207 = FILL_AREA_STYLE_COLOUR ( '', #1061 ) ;
#208 = ADVANCED_FACE ( 'NONE', ( #1407 ), #622, .T. ) ;
#209 = MECHANICAL_DESIGN_GEOMETRIC_PRESENTATION_REPRESENTATION (  '', ( #417 ), #1706 ) ;
#210 =( GEOMETRIC_REPRESENTATION_CONTEXT ( 3 ) GLOBAL_UNCERTAINTY_ASSIGNED_CONTEXT ( ( #333 ) ) GLOBAL_UNIT_ASSIGNED_CONTEXT ( ( #849, #2722, #1751 ) ) REPRESENTATION_CONTEXT ( 'NONE', 'WORKASPACE' ) );
#211 = ORIENTED_EDGE ( 'NONE', *, *, #17, .T. ) ;
#212 = STYLED_ITEM ( 'NONE', ( #180 ), #2505 ) ;
#213 = CARTESIAN_POINT ( 'NONE',  ( 2.139999999999999680, -0.1600000000000000033, -0.1499999999999999667 ) ) ;
#214 = VECTOR ( 'NONE', #2216, 1000.000000000000000 ) ;
#215 = EDGE_CURVE ( 'NONE', #1081, #2862, #2576, .T. ) ;
#216 = ORIENTED_EDGE ( 'NONE', *, *, #2613, .T. ) ;
#217 = UNCERTAINTY_MEASURE_WITH_UNIT (LENGTH_MEASURE( 1.000000000000000082E-05 ), #1794, 'distance_accuracy_value', 'NONE');
#218 = CARTESIAN_POINT ( 'NONE',  ( -3.539999999999998259, -0.1600000000000000033, 0.1499999999999999667 ) ) ;
#219 = VECTOR ( 'NONE', #1377, 1000.000000000000000 ) ;
#220 = SHAPE_DEFINITION_REPRESENTATION ( #3018, #53 ) ;
#221 = CARTESIAN_POINT ( 'NONE',  ( -3.899999999999998579, -0.08000000000000000167, 2.649999999999999467 ) ) ;
#222 = MECHANICAL_DESIGN_GEOMETRIC_PRESENTATION_REPRESENTATION (  '', ( #1076 ), #1859 ) ;
#223 =( GEOMETRIC_REPRESENTATION_CONTEXT ( 3 ) GLOBAL_UNCERTAINTY_ASSIGNED_CONTEXT ( ( #1262 ) ) GLOBAL_UNIT_ASSIGNED_CONTEXT ( ( #2565, #2864, #762 ) ) REPRESENTATION_CONTEXT ( 'NONE', 'WORKASPACE' ) );
#224 = UNCERTAINTY_MEASURE_WITH_UNIT (LENGTH_MEASURE( 1.000000000000000082E-05 ), #2245, 'distance_accuracy_value', 'NONE');
#225 = LINE ( 'NONE', #656, #2788 ) ;
#226 = SURFACE_SIDE_STYLE ('',( #450 ) ) ;
#227 = VECTOR ( 'NONE', #2334, 1000.000000000000000 ) ;
#228 = EDGE_LOOP ( 'NONE', ( #2295, #2910, #1269, #388 ) ) ;
#229 = FILL_AREA_STYLE ('',( #1660 ) ) ;
#230 = LINE ( 'NONE', #1181, #2723 ) ;
#231 = VERTEX_POINT ( 'NONE', #1546 ) ;
#232 = DIRECTION ( 'NONE',  ( 0.000000000000000000, 0.000000000000000000, -1.000000000000000000 ) ) ;
#233 = SURFACE_STYLE_FILL_AREA ( #2162 ) ;
#234 = EDGE_CURVE ( 'NONE', #614, #1451, #2481, .T. ) ;
#235 = DIRECTION ( 'NONE',  ( -1.000000000000000000, 0.000000000000000000, 0.000000000000000000 ) ) ;
#236 = CARTESIAN_POINT ( 'NONE',  ( -3.899999999999998579, 0.8000000000000000444, 2.649999999999999467 ) ) ;
#237 =( NAMED_UNIT ( * ) SI_UNIT ( $, .STERADIAN. ) SOLID_ANGLE_UNIT ( ) );
#238 =( NAMED_UNIT ( * ) PLANE_ANGLE_UNIT ( ) SI_UNIT ( $, .RADIAN. ) );
#239 = SURFACE_SIDE_STYLE ('',( #1447 ) ) ;
#240 = CARTESIAN_POINT ( 'NONE',  ( 4.000000000000000000, 0.01999999999999999695, -2.649999999999999911 ) ) ;
#241 = MECHANICAL_DESIGN_GEOMETRIC_PRESENTATION_REPRESENTATION (  '', ( #2813 ), #497 ) ;
#242 = FILL_AREA_STYLE ('',( #197 ) ) ;
#243 = PRESENTATION_LAYER_ASSIGNMENT (  '', '', ( #1234 ) ) ;
#244 = COLOUR_RGB ( '',1.000000000000000000, 1.000000000000000000, 1.000000000000000000 ) ;
#245 = CARTESIAN_POINT ( 'NONE',  ( 3.539999999999999591, -0.1600000000000000033, 0.000000000000000000 ) ) ;
#246 = EDGE_LOOP ( 'NONE', ( #2741, #117, #1105, #2661 ) ) ;
#247 = EDGE_LOOP ( 'NONE', ( #1712, #1792, #633, #1489 ) ) ;
#248 = DIRECTION ( 'NONE',  ( 0.000000000000000000, -0.000000000000000000, 1.000000000000000000 ) ) ;
#249 = CARTESIAN_POINT ( 'NONE',  ( -3.439999999999998614, -0.1600000000000000033, 2.449999999999999734 ) ) ;
#250 = EDGE_CURVE ( 'NONE', #2709, #884, #1307, .T. ) ;
#251 = SURFACE_SIDE_STYLE ('',( #1918 ) ) ;
#252 = DIRECTION ( 'NONE',  ( -0.000000000000000000, -1.000000000000000000, -0.000000000000000000 ) ) ;
#253 = FILL_AREA_STYLE ('',( #2166 ) ) ;
#254 = CARTESIAN_POINT ( 'NONE',  ( 2.539999999999999591, -0.1600000000000000033, 0.7999999999999999334 ) ) ;
#255 = EDGE_CURVE ( 'NONE', #1104, #2385, #1180, .T. ) ;
#256 = FACE_OUTER_BOUND ( 'NONE', #535, .T. ) ;
#257 = VECTOR ( 'NONE', #2361, 1000.000000000000114 ) ;
#258 = PRESENTATION_STYLE_ASSIGNMENT (( #279 ) ) ;
#259 = VECTOR ( 'NONE', #1266, 1000.000000000000000 ) ;
#260 = PRESENTATION_LAYER_ASSIGNMENT (  '', '', ( #1604 ) ) ;
#261 = FILL_AREA_STYLE ('',( #8 ) ) ;
#262 = VERTEX_POINT ( 'NONE', #2787 ) ;
#263 = EDGE_LOOP ( 'NONE', ( #2031, #1172, #2037, #141 ) ) ;
#264 = LINE ( 'NONE', #1929, #65 ) ;
#265 = DIRECTION ( 'NONE',  ( 0.000000000000000000, 0.000000000000000000, -1.000000000000000000 ) ) ;
#266 = PRESENTATION_LAYER_ASSIGNMENT (  '', '', ( #212 ) ) ;
#267 = DIRECTION ( 'NONE',  ( -0.000000000000000000, -1.000000000000000000, -0.000000000000000000 ) ) ;
#268 = STYLED_ITEM ( 'NONE', ( #477 ), #2807 ) ;
#269 = CARTESIAN_POINT ( 'NONE',  ( -3.899999999999998579, 0.01999999999999999695, 2.649999999999999467 ) ) ;
#270 = VECTOR ( 'NONE', #2240, 1000.000000000000000 ) ;
#271 = FACE_OUTER_BOUND ( 'NONE', #1457, .T. ) ;
#272 =( GEOMETRIC_REPRESENTATION_CONTEXT ( 3 ) GLOBAL_UNCERTAINTY_ASSIGNED_CONTEXT ( ( #300 ) ) GLOBAL_UNIT_ASSIGNED_CONTEXT ( ( #1148, #2314, #2296 ) ) REPRESENTATION_CONTEXT ( 'NONE', 'WORKASPACE' ) );
#273 = LINE ( 'NONE', #1450, #1750 ) ;
#274 = ORIENTED_EDGE ( 'NONE', *, *, #1092, .T. ) ;
#275 =( GEOMETRIC_REPRESENTATION_CONTEXT ( 3 ) GLOBAL_UNCERTAINTY_ASSIGNED_CONTEXT ( ( #1731 ) ) GLOBAL_UNIT_ASSIGNED_CONTEXT ( ( #1108, #1820, #2500 ) ) REPRESENTATION_CONTEXT ( 'NONE', 'WORKASPACE' ) );
#276 = ADVANCED_FACE ( 'NONE', ( #2329 ), #2045, .F. ) ;
#277 = DIRECTION ( 'NONE',  ( -0.000000000000000000, 0.000000000000000000, 1.000000000000000000 ) ) ;
#278 = FILL_AREA_STYLE ('',( #499 ) ) ;
#279 = SURFACE_STYLE_USAGE ( .BOTH. , #2596 ) ;
#280 = VERTEX_POINT ( 'NONE', #860 ) ;
#281 = ORIENTED_EDGE ( 'NONE', *, *, #2461, .T. ) ;
#282 = CARTESIAN_POINT ( 'NONE',  ( -0.8999999999999980238, -0.08000000000000000167, 2.449999999999999734 ) ) ;
#283 = CARTESIAN_POINT ( 'NONE',  ( -0.4600000000000003531, -0.08000000000000000167, 0.000000000000000000 ) ) ;
#284 = CARTESIAN_POINT ( 'NONE',  ( 0.000000000000000000, -0.08000000000000000167, 2.749999999999999556 ) ) ;
#285 = PRESENTATION_STYLE_ASSIGNMENT (( #2409 ) ) ;
#286 =( NAMED_UNIT ( * ) PLANE_ANGLE_UNIT ( ) SI_UNIT ( $, .RADIAN. ) );
#287 = ORIENTED_EDGE ( 'NONE', *, *, #2283, .T. ) ;
#288 =( LENGTH_UNIT ( ) NAMED_UNIT ( * ) SI_UNIT ( .MILLI., .METRE. ) );
#289 = ADVANCED_FACE ( 'NONE', ( #1788 ), #1560, .F. ) ;
#290 = FACE_OUTER_BOUND ( 'NONE', #2207, .T. ) ;
#291 = CARTESIAN_POINT ( 'NONE',  ( -0.8999999999999980238, -0.08000000000000000167, 0.000000000000000000 ) ) ;
#292 = CARTESIAN_POINT ( 'NONE',  ( 0.000000000000000000, -0.08000000000000000167, -2.449999999999999734 ) ) ;
#293 = VERTEX_POINT ( 'NONE', #996 ) ;
#294 = EDGE_CURVE ( 'NONE', #1129, #2750, #1453, .T. ) ;
#295 = ORIENTED_EDGE ( 'NONE', *, *, #822, .F. ) ;
#296 = CARTESIAN_POINT ( 'NONE',  ( 3.900000000000000355, 0.01999999999999999695, 2.649999999999999467 ) ) ;
#297 = VECTOR ( 'NONE', #2745, 1000.000000000000000 ) ;
#298 = CARTESIAN_POINT ( 'NONE',  ( 0.000000000000000000, -0.1600000000000000033, 0.000000000000000000 ) ) ;
#299 = VECTOR ( 'NONE', #924, 1000.000000000000000 ) ;
#300 = UNCERTAINTY_MEASURE_WITH_UNIT (LENGTH_MEASURE( 1.000000000000000082E-05 ), #1148, 'distance_accuracy_value', 'NONE');
#301 = FILL_AREA_STYLE_COLOUR ( '', #874 ) ;
#302 = PRESENTATION_LAYER_ASSIGNMENT (  '', '', ( #507 ) ) ;
#303 = SURFACE_STYLE_FILL_AREA ( #1920 ) ;
#304 = AXIS2_PLACEMENT_3D ( 'NONE', #2959, #1563, #2719 ) ;
#305 = COLOUR_RGB ( '',1.000000000000000000, 1.000000000000000000, 1.000000000000000000 ) ;
#306 = EDGE_LOOP ( 'NONE', ( #840, #71 ) ) ;
#307 = CARTESIAN_POINT ( 'NONE',  ( -3.899999999999998579, 0.8000000000000000444, -2.649999999999999911 ) ) ;
#308 = EDGE_CURVE ( 'NONE', #1360, #202, #2173, .T. ) ;
#309 = DIRECTION ( 'NONE',  ( -0.000000000000000000, 0.000000000000000000, -1.000000000000000000 ) ) ;
#310 =( NAMED_UNIT ( * ) SI_UNIT ( $, .STERADIAN. ) SOLID_ANGLE_UNIT ( ) );
#311 = ORIENTED_EDGE ( 'NONE', *, *, #863, .T. ) ;
#312 = ORIENTED_EDGE ( 'NONE', *, *, #215, .F. ) ;
#313 = SURFACE_SIDE_STYLE ('',( #2254 ) ) ;
#314 = UNCERTAINTY_MEASURE_WITH_UNIT (LENGTH_MEASURE( 1.000000000000000082E-05 ), #3044, 'distance_accuracy_value', 'NONE');
#315 = DIRECTION ( 'NONE',  ( -1.000000000000000000, 0.000000000000000000, -0.000000000000000000 ) ) ;
#316 = EDGE_CURVE ( 'NONE', #1211, #341, #2607, .T. ) ;
#317 = VECTOR ( 'NONE', #3056, 1000.000000000000000 ) ;
#318 = CARTESIAN_POINT ( 'NONE',  ( -3.539999999999997815, -0.07999999999999998779, 2.350000000000000533 ) ) ;
#319 = VECTOR ( 'NONE', #309, 1000.000000000000000 ) ;
#320 = CARTESIAN_POINT ( 'NONE',  ( -0.4600000000000003531, -0.08000000000000000167, 0.000000000000000000 ) ) ;
#321 = VECTOR ( 'NONE', #1653, 1000.000000000000000 ) ;
#322 = SPHERICAL_SURFACE ( 'NONE', #2105, 0.1000000000000000056 ) ;
#323 = STYLED_ITEM ( 'NONE', ( #2335 ), #2691 ) ;
#324 = PRESENTATION_LAYER_ASSIGNMENT (  '', '', ( #2262 ) ) ;
#325 = STYLED_ITEM ( 'NONE', ( #896 ), #3058 ) ;
#326 = CARTESIAN_POINT ( 'NONE',  ( 2.139999999999999680, -0.1600000000000000033, 0.1499999999999999667 ) ) ;
#327 = CARTESIAN_POINT ( 'NONE',  ( -3.499999999999998224, 0.8900000000000000133, 2.050000000000000266 ) ) ;
#328 = ORIENTED_EDGE ( 'NONE', *, *, #2322, .T. ) ;
#329 = EDGE_LOOP ( 'NONE', ( #610, #1297, #567, #2175 ) ) ;
#330 = CARTESIAN_POINT ( 'NONE',  ( -3.539999999999998259, -0.1600000000000000033, -2.449999999999999734 ) ) ;
#331 = FACE_OUTER_BOUND ( 'NONE', #1974, .T. ) ;
#332 = UNCERTAINTY_MEASURE_WITH_UNIT (LENGTH_MEASURE( 1.000000000000000082E-05 ), #2421, 'distance_accuracy_value', 'NONE');
#333 = UNCERTAINTY_MEASURE_WITH_UNIT (LENGTH_MEASURE( 1.000000000000000082E-05 ), #849, 'distance_accuracy_value', 'NONE');
#334 = EDGE_CURVE ( 'NONE', #36, #1209, #964, .T. ) ;
#335 = SURFACE_STYLE_FILL_AREA ( #2451 ) ;
#336 = CARTESIAN_POINT ( 'NONE',  ( -3.499999999999998224, 0.8900000000000000133, 2.250000000000000000 ) ) ;
#337 = DIRECTION ( 'NONE',  ( 0.000000000000000000, 0.000000000000000000, 1.000000000000000000 ) ) ;
#338 = CARTESIAN_POINT ( 'NONE',  ( -3.999999999999998224, 0.8000000000000000444, 2.649999999999999467 ) ) ;
#339 = FILL_AREA_STYLE_COLOUR ( '', #2032 ) ;
#340 = CARTESIAN_POINT ( 'NONE',  ( -0.8999999999999980238, -0.1600000000000000033, -2.449999999999999734 ) ) ;
#341 = VERTEX_POINT ( 'NONE', #983 ) ;
#342 = ORIENTED_EDGE ( 'NONE', *, *, #790, .T. ) ;
#343 = CARTESIAN_POINT ( 'NONE',  ( 3.900000000000000355, 0.01999999999999999695, 2.649999999999999467 ) ) ;
#344 = CARTESIAN_POINT ( 'NONE',  ( 3.900000000000000355, 0.8000000000000000444, -2.750000000000000000 ) ) ;
#345 = DIRECTION ( 'NONE',  ( 0.000000000000000000, 0.000000000000000000, 1.000000000000000000 ) ) ;
#346 = CARTESIAN_POINT ( 'NONE',  ( -1.339999999999998304, -0.1600000000000000033, -2.449999999999999734 ) ) ;
#347 = DIRECTION ( 'NONE',  ( -0.000000000000000000, -1.000000000000000000, 0.000000000000000000 ) ) ;
#348 = MECHANICAL_DESIGN_GEOMETRIC_PRESENTATION_REPRESENTATION (  '', ( #1234 ), #500 ) ;
#349 = EDGE_CURVE ( 'NONE', #1844, #969, #1221, .T. ) ;
#350 = CARTESIAN_POINT ( 'NONE',  ( -3.539999999999998259, -0.08000000000000000167, 0.000000000000000000 ) ) ;
#351 = AXIS2_PLACEMENT_3D ( 'NONE', #343, #2223, #1048 ) ;
#352 = AXIS2_PLACEMENT_3D ( 'NONE', #307, #791, #395 ) ;
#353 = EDGE_CURVE ( 'NONE', #2332, #691, #1924, .T. ) ;
#354 = ORIENTED_EDGE ( 'NONE', *, *, #1869, .F. ) ;
#355 = VECTOR ( 'NONE', #1913, 1000.000000000000000 ) ;
#356 = PRESENTATION_LAYER_ASSIGNMENT (  '', '', ( #767 ) ) ;
#357 = SURFACE_SIDE_STYLE ('',( #839 ) ) ;
#358 = ORIENTED_EDGE ( 'NONE', *, *, #903, .T. ) ;
#359 = VERTEX_POINT ( 'NONE', #2874 ) ;
#360 = FILL_AREA_STYLE ('',( #1783 ) ) ;
#361 = SURFACE_STYLE_USAGE ( .BOTH. , #1772 ) ;
#362 = CYLINDRICAL_SURFACE ( 'NONE', #2036, 0.1999999999999996503 ) ;
#363 = DIRECTION ( 'NONE',  ( -1.000000000000000000, 0.000000000000000000, 0.000000000000000000 ) ) ;
#364 = DIRECTION ( 'NONE',  ( 0.000000000000000000, -1.000000000000000000, -0.000000000000000000 ) ) ;
#365 = CARTESIAN_POINT ( 'NONE',  ( -0.06000000000000015737, -0.1600000000000000033, 0.1499999999999999667 ) ) ;
#366 = AXIS2_PLACEMENT_3D ( 'NONE', #2168, #801, #1028 ) ;
#367 = MECHANICAL_DESIGN_GEOMETRIC_PRESENTATION_REPRESENTATION (  '', ( #2001 ), #2488 ) ;
#368 = SURFACE_STYLE_USAGE ( .BOTH. , #625 ) ;
#369 = MECHANICAL_DESIGN_GEOMETRIC_PRESENTATION_REPRESENTATION (  '', ( #1559 ), #2351 ) ;
#370 = CARTESIAN_POINT ( 'NONE',  ( -0.06000000000000015737, -0.1600000000000000033, -2.449999999999999734 ) ) ;
#371 = STYLED_ITEM ( 'NONE', ( #1248 ), #630 ) ;
#372 =( GEOMETRIC_REPRESENTATION_CONTEXT ( 3 ) GLOBAL_UNCERTAINTY_ASSIGNED_CONTEXT ( ( #332 ) ) GLOBAL_UNIT_ASSIGNED_CONTEXT ( ( #2421, #238, #1007 ) ) REPRESENTATION_CONTEXT ( 'NONE', 'WORKASPACE' ) );
#373 = ORIENTED_EDGE ( 'NONE', *, *, #349, .F. ) ;
#374 = STYLED_ITEM ( 'NONE', ( #2899 ), #891 ) ;
#375 = EDGE_CURVE ( 'NONE', #2674, #521, #1710, .T. ) ;
#376 = DIRECTION ( 'NONE',  ( 0.000000000000000000, 1.000000000000000000, -0.000000000000000000 ) ) ;
#377 = DIRECTION ( 'NONE',  ( 0.000000000000000000, 0.000000000000000000, 1.000000000000000000 ) ) ;
#378 = ORIENTED_EDGE ( 'NONE', *, *, #1644, .F. ) ;
#379 = EDGE_LOOP ( 'NONE', ( #1867, #865, #1842, #2312 ) ) ;
#380 = FILL_AREA_STYLE ('',( #2710 ) ) ;
#381 = AXIS2_PLACEMENT_3D ( 'NONE', #2406, #2366, #29 ) ;
#382 = LINE ( 'NONE', #409, #2443 ) ;
#383 = DIRECTION ( 'NONE',  ( 1.000000000000000000, 0.000000000000000000, -0.000000000000000000 ) ) ;
#384 = CARTESIAN_POINT ( 'NONE',  ( -3.439999999999998614, -0.1600000000000000033, 2.449999999999999734 ) ) ;
#385 =( LENGTH_UNIT ( ) NAMED_UNIT ( * ) SI_UNIT ( .MILLI., .METRE. ) );
#386 = FACE_BOUND ( 'NONE', #198, .T. ) ;
#387 =( LENGTH_UNIT ( ) NAMED_UNIT ( * ) SI_UNIT ( .MILLI., .METRE. ) );
#388 = ORIENTED_EDGE ( 'NONE', *, *, #2535, .T. ) ;
#389 =( NAMED_UNIT ( * ) SI_UNIT ( $, .STERADIAN. ) SOLID_ANGLE_UNIT ( ) );
#390 = FILL_AREA_STYLE ('',( #960 ) ) ;
#391 = ORIENTED_EDGE ( 'NONE', *, *, #1380, .F. ) ;
#392 = VERTEX_POINT ( 'NONE', #2647 ) ;
#393 = EDGE_CURVE ( 'NONE', #701, #36, #1473, .T. ) ;
#394 = FILL_AREA_STYLE_COLOUR ( '', #2398 ) ;
#395 = DIRECTION ( 'NONE',  ( 0.000000000000000000, 0.000000000000000000, 1.000000000000000000 ) ) ;
#396 =( NAMED_UNIT ( * ) SI_UNIT ( $, .STERADIAN. ) SOLID_ANGLE_UNIT ( ) );
#397 =( NAMED_UNIT ( * ) PLANE_ANGLE_UNIT ( ) SI_UNIT ( $, .RADIAN. ) );
#398 = FACE_BOUND ( 'NONE', #1991, .T. ) ;
#399 = STYLED_ITEM ( 'NONE', ( #445 ), #1529 ) ;
#400 =( NAMED_UNIT ( * ) PLANE_ANGLE_UNIT ( ) SI_UNIT ( $, .RADIAN. ) );
#401 = EDGE_LOOP ( 'NONE', ( #658, #1797, #1523, #287 ) ) ;
#402 = STYLED_ITEM ( 'NONE', ( #2297 ), #2006 ) ;
#403 = COLOUR_RGB ( '',0.2941176470588235392, 0.2941176470588235392, 0.2941176470588235392 ) ;
#404 = EDGE_LOOP ( 'NONE', ( #1964, #2895, #1389, #211 ) ) ;
#405 = ORIENTED_EDGE ( 'NONE', *, *, #393, .F. ) ;
#406 = EDGE_CURVE ( 'NONE', #1081, #969, #2427, .T. ) ;
#407 = FACE_OUTER_BOUND ( 'NONE', #143, .T. ) ;
#408 = PRESENTATION_LAYER_ASSIGNMENT (  '', '', ( #19 ) ) ;
#409 = CARTESIAN_POINT ( 'NONE',  ( 3.539999999999999591, -0.1600000000000000033, -2.449999999999999734 ) ) ;
#410 = DIRECTION ( 'NONE',  ( 0.000000000000000000, 0.000000000000000000, 1.000000000000000000 ) ) ;
#411 = CARTESIAN_POINT ( 'NONE',  ( -1.339999999999998304, -0.1600000000000000033, -0.1499999999999999667 ) ) ;
#412 = EDGE_CURVE ( 'NONE', #341, #708, #1236, .T. ) ;
#413 = DIRECTION ( 'NONE',  ( 0.000000000000000000, -1.000000000000000000, 0.000000000000000000 ) ) ;
#414 = CARTESIAN_POINT ( 'NONE',  ( 0.000000000000000000, -0.08000000000000000167, 0.000000000000000000 ) ) ;
#415 = SURFACE_STYLE_FILL_AREA ( #1156 ) ;
#416 = FILL_AREA_STYLE ('',( #2570 ) ) ;
#417 = STYLED_ITEM ( 'NONE', ( #2870 ), #1096 ) ;
#418 =( GEOMETRIC_REPRESENTATION_CONTEXT ( 3 ) GLOBAL_UNCERTAINTY_ASSIGNED_CONTEXT ( ( #2680 ) ) GLOBAL_UNIT_ASSIGNED_CONTEXT ( ( #55, #1675, #954 ) ) REPRESENTATION_CONTEXT ( 'NONE', 'WORKASPACE' ) );
#419 = ORIENTED_EDGE ( 'NONE', *, *, #2428, .T. ) ;
#420 = PRESENTATION_LAYER_ASSIGNMENT (  '', '', ( #1954 ) ) ;
#421 = PRESENTATION_LAYER_ASSIGNMENT (  '', '', ( #2106 ) ) ;
#422 = SURFACE_STYLE_FILL_AREA ( #2541 ) ;
#423 = ORIENTED_EDGE ( 'NONE', *, *, #1847, .F. ) ;
#424 = ORIENTED_EDGE ( 'NONE', *, *, #452, .T. ) ;
#425 =( NAMED_UNIT ( * ) PLANE_ANGLE_UNIT ( ) SI_UNIT ( $, .RADIAN. ) );
#426 = MECHANICAL_DESIGN_GEOMETRIC_PRESENTATION_REPRESENTATION (  '', ( #130 ), #1308 ) ;
#427 = MECHANICAL_DESIGN_GEOMETRIC_PRESENTATION_REPRESENTATION (  '', ( #922 ), #1072 ) ;
#428 = FILL_AREA_STYLE ('',( #2755 ) ) ;
#429 =( GEOMETRIC_REPRESENTATION_CONTEXT ( 3 ) GLOBAL_UNCERTAINTY_ASSIGNED_CONTEXT ( ( #1482 ) ) GLOBAL_UNIT_ASSIGNED_CONTEXT ( ( #1864, #651, #1364 ) ) REPRESENTATION_CONTEXT ( 'NONE', 'WORKASPACE' ) );
#430 = SURFACE_STYLE_FILL_AREA ( #201 ) ;
#431 = LINE ( 'NONE', #653, #1357 ) ;
#432 = ORIENTED_EDGE ( 'NONE', *, *, #406, .T. ) ;
#433 = SURFACE_STYLE_USAGE ( .BOTH. , #2059 ) ;
#434 =( LENGTH_UNIT ( ) NAMED_UNIT ( * ) SI_UNIT ( .MILLI., .METRE. ) );
#435 = PRESENTATION_LAYER_ASSIGNMENT (  '', '', ( #686 ) ) ;
#436 = LINE ( 'NONE', #205, #2944 ) ;
#437 = EDGE_CURVE ( 'NONE', #1539, #2222, #2893, .T. ) ;
#438 = CARTESIAN_POINT ( 'NONE',  ( 3.900000000000000355, 0.8000000000000000444, -2.649999999999999911 ) ) ;
#439 = SURFACE_SIDE_STYLE ('',( #2993 ) ) ;
#440 = ORIENTED_EDGE ( 'NONE', *, *, #255, .F. ) ;
#441 = DIRECTION ( 'NONE',  ( 0.000000000000000000, 1.000000000000000000, 0.000000000000000000 ) ) ;
#442 = FILL_AREA_STYLE ('',( #2497 ) ) ;
#443 = DIRECTION ( 'NONE',  ( 0.000000000000000000, 0.000000000000000000, 1.000000000000000000 ) ) ;
#444 = FACE_OUTER_BOUND ( 'NONE', #696, .T. ) ;
#445 = PRESENTATION_STYLE_ASSIGNMENT (( #2547 ) ) ;
#446 = FILL_AREA_STYLE ('',( #1821 ) ) ;
#447 = CARTESIAN_POINT ( 'NONE',  ( 4.000000000000000000, 0.01999999999999999695, -2.750000000000000444 ) ) ;
#448 = FILL_AREA_STYLE_COLOUR ( '', #1484 ) ;
#449 = ADVANCED_FACE ( 'NONE', ( #1419 ), #1504, .T. ) ;
#450 = SURFACE_STYLE_FILL_AREA ( #253 ) ;
#451 = PRESENTATION_LAYER_ASSIGNMENT (  '', '', ( #2813 ) ) ;
#452 = EDGE_CURVE ( 'NONE', #2068, #2332, #1723, .T. ) ;
#453 = COLOUR_RGB ( '',1.000000000000000000, 1.000000000000000000, 1.000000000000000000 ) ;
#454 = PRESENTATION_STYLE_ASSIGNMENT (( #1381 ) ) ;
#455 = SURFACE_SIDE_STYLE ('',( #1874 ) ) ;
#456 = AXIS2_PLACEMENT_3D ( 'NONE', #2727, #2208, #1975 ) ;
#457 = VERTEX_POINT ( 'NONE', #326 ) ;
#458 = FILL_AREA_STYLE ('',( #2543 ) ) ;
#459 = FACE_OUTER_BOUND ( 'NONE', #2415, .T. ) ;
#460 = VECTOR ( 'NONE', #2315, 1000.000000000000000 ) ;
#461 = SURFACE_STYLE_FILL_AREA ( #1630 ) ;
#462 = CYLINDRICAL_SURFACE ( 'NONE', #2286, 0.09999999999999982514 ) ;
#463 = ORIENTED_EDGE ( 'NONE', *, *, #2467, .T. ) ;
#464 = DIRECTION ( 'NONE',  ( -1.000000000000000000, 0.000000000000000000, 0.000000000000000000 ) ) ;
#465 = PRESENTATION_STYLE_ASSIGNMENT (( #206 ) ) ;
#466 = LINE ( 'NONE', #2122, #126 ) ;
#467 = PRESENTATION_LAYER_ASSIGNMENT (  '', '', ( #1502 ) ) ;
#468 = DIRECTION ( 'NONE',  ( 0.000000000000000000, 0.000000000000000000, 1.000000000000000000 ) ) ;
#469 = ADVANCED_FACE ( 'NONE', ( #2251 ), #867, .F. ) ;
#470 = MECHANICAL_DESIGN_GEOMETRIC_PRESENTATION_REPRESENTATION (  '', ( #2003 ), #210 ) ;
#471 = DIRECTION ( 'NONE',  ( 0.000000000000000000, 0.000000000000000000, 1.000000000000000000 ) ) ;
#472 = COLOUR_RGB ( '',0.2941176470588235392, 0.2941176470588235392, 0.2941176470588235392 ) ;
#473 = ORIENTED_EDGE ( 'NONE', *, *, #504, .F. ) ;
#474 = PRESENTATION_LAYER_ASSIGNMENT (  '', '', ( #323 ) ) ;
#475 = UNCERTAINTY_MEASURE_WITH_UNIT (LENGTH_MEASURE( 1.000000000000000082E-05 ), #671, 'distance_accuracy_value', 'NONE');
#476 = STYLED_ITEM ( 'NONE', ( #781 ), #908 ) ;
#477 = PRESENTATION_STYLE_ASSIGNMENT (( #2163 ) ) ;
#478 = STYLED_ITEM ( 'NONE', ( #854 ), #2830 ) ;
#479 = DIRECTION ( 'NONE',  ( 1.000000000000000000, 0.000000000000000000, -0.000000000000000000 ) ) ;
#480 = DIRECTION ( 'NONE',  ( 0.000000000000000000, -1.000000000000000000, 0.000000000000000000 ) ) ;
#481 =( LENGTH_UNIT ( ) NAMED_UNIT ( * ) SI_UNIT ( .MILLI., .METRE. ) );
#482 = PRESENTATION_STYLE_ASSIGNMENT (( #2167 ) ) ;
#483 = ORIENTED_EDGE ( 'NONE', *, *, #2768, .T. ) ;
#484 = PRESENTATION_STYLE_ASSIGNMENT (( #2595 ) ) ;
#485 = EDGE_CURVE ( 'NONE', #2815, #1129, #2941, .T. ) ;
#486 = CARTESIAN_POINT ( 'NONE',  ( -3.999999999999998224, 0.8000000000000000444, -2.750000000000000000 ) ) ;
#487 = PRESENTATION_STYLE_ASSIGNMENT (( #2628 ) ) ;
#488 = EDGE_LOOP ( 'NONE', ( #1507, #2311, #1299, #904 ) ) ;
#489 = ORIENTED_EDGE ( 'NONE', *, *, #353, .T. ) ;
#490 = CARTESIAN_POINT ( 'NONE',  ( -0.8999999999999980238, -0.08000000000000000167, 0.1499999999999999667 ) ) ;
#491 = ADVANCED_FACE ( 'NONE', ( #1313 ), #2219, .T. ) ;
#492 =( NAMED_UNIT ( * ) PLANE_ANGLE_UNIT ( ) SI_UNIT ( $, .RADIAN. ) );
#493 = CARTESIAN_POINT ( 'NONE',  ( 4.000000000000000000, -0.08000000000000000167, -2.649999999999999911 ) ) ;
#494 = FACE_OUTER_BOUND ( 'NONE', #228, .T. ) ;
#495 = LINE ( 'NONE', #254, #2585 ) ;
#496 = FACE_OUTER_BOUND ( 'NONE', #2907, .T. ) ;
#497 =( GEOMETRIC_REPRESENTATION_CONTEXT ( 3 ) GLOBAL_UNCERTAINTY_ASSIGNED_CONTEXT ( ( #1894 ) ) GLOBAL_UNIT_ASSIGNED_CONTEXT ( ( #1463, #1444, #1197 ) ) REPRESENTATION_CONTEXT ( 'NONE', 'WORKASPACE' ) );
#498 = ORIENTED_EDGE ( 'NONE', *, *, #250, .F. ) ;
#499 = FILL_AREA_STYLE_COLOUR ( '', #2620 ) ;
#500 =( GEOMETRIC_REPRESENTATION_CONTEXT ( 3 ) GLOBAL_UNCERTAINTY_ASSIGNED_CONTEXT ( ( #2418 ) ) GLOBAL_UNIT_ASSIGNED_CONTEXT ( ( #1094, #2450, #618 ) ) REPRESENTATION_CONTEXT ( 'NONE', 'WORKASPACE' ) );
#501 = CARTESIAN_POINT ( 'NONE',  ( -0.06000000000000015737, -0.1600000000000000033, -2.449999999999999734 ) ) ;
#502 = EDGE_LOOP ( 'NONE', ( #1524, #2694, #2403, #2740 ) ) ;
#503 = ORIENTED_EDGE ( 'NONE', *, *, #1661, .T. ) ;
#504 = EDGE_CURVE ( 'NONE', #678, #359, #2638, .T. ) ;
#505 =( NAMED_UNIT ( * ) SI_UNIT ( $, .STERADIAN. ) SOLID_ANGLE_UNIT ( ) );
#506 = LINE ( 'NONE', #752, #735 ) ;
#507 = STYLED_ITEM ( 'NONE', ( #714 ), #2079 ) ;
#508 = VECTOR ( 'NONE', #984, 1000.000000000000000 ) ;
#509 = DIRECTION ( 'NONE',  ( 0.000000000000000000, 0.000000000000000000, -1.000000000000000000 ) ) ;
#510 = ADVANCED_FACE ( 'NONE', ( #183 ), #2781, .T. ) ;
#511 = DIRECTION ( 'NONE',  ( 1.000000000000000000, -0.000000000000000000, 0.000000000000000000 ) ) ;
#512 = STYLED_ITEM ( 'NONE', ( #1177 ), #114 ) ;
#513 =( NAMED_UNIT ( * ) SI_UNIT ( $, .STERADIAN. ) SOLID_ANGLE_UNIT ( ) );
#514 = SURFACE_STYLE_USAGE ( .BOTH. , #239 ) ;
#515 = ORIENTED_EDGE ( 'NONE', *, *, #179, .F. ) ;
#516 =( NAMED_UNIT ( * ) PLANE_ANGLE_UNIT ( ) SI_UNIT ( $, .RADIAN. ) );
#517 = PRESENTATION_STYLE_ASSIGNMENT (( #2856 ) ) ;
#518 = DIRECTION ( 'NONE',  ( 0.000000000000000000, -0.000000000000000000, 1.000000000000000000 ) ) ;
#519 = PRESENTATION_LAYER_ASSIGNMENT (  '', '', ( #2001 ) ) ;
#520 = CYLINDRICAL_SURFACE ( 'NONE', #15, 0.09999999999999982514 ) ;
#521 = VERTEX_POINT ( 'NONE', #1103 ) ;
#522 = VERTEX_POINT ( 'NONE', #892 ) ;
#523 = DIRECTION ( 'NONE',  ( -0.000000000000000000, -0.000000000000000000, -1.000000000000000000 ) ) ;
#524 = PRESENTATION_LAYER_ASSIGNMENT (  '', '', ( #1559 ) ) ;
#525 = DIRECTION ( 'NONE',  ( 0.7071067811865475727, 0.000000000000000000, -0.7071067811865475727 ) ) ;
#526 = CARTESIAN_POINT ( 'NONE',  ( -3.899999999999998579, 0.01999999999999999695, 2.649999999999999467 ) ) ;
#527 = PRESENTATION_STYLE_ASSIGNMENT (( #2419 ) ) ;
#528 = STYLED_ITEM ( 'NONE', ( #1393 ), #2699 ) ;
#529 = SURFACE_STYLE_FILL_AREA ( #1247 ) ;
#530 = LINE ( 'NONE', #592, #2934 ) ;
#531 = ADVANCED_FACE ( 'NONE', ( #2051 ), #1359, .F. ) ;
#532 = SURFACE_SIDE_STYLE ('',( #1703 ) ) ;
#533 = AXIS2_PLACEMENT_3D ( 'NONE', #2113, #693, #2558 ) ;
#534 = SURFACE_STYLE_FILL_AREA ( #1912 ) ;
#535 = EDGE_LOOP ( 'NONE', ( #2069, #2458, #2721, #749 ) ) ;
#536 = VERTEX_POINT ( 'NONE', #64 ) ;
#537 = CARTESIAN_POINT ( 'NONE',  ( -0.8999999999999980238, -0.1600000000000000033, 2.449999999999999734 ) ) ;
#538 = UNCERTAINTY_MEASURE_WITH_UNIT (LENGTH_MEASURE( 1.000000000000000082E-05 ), #888, 'distance_accuracy_value', 'NONE');
#539 = FILL_AREA_STYLE ('',( #2614 ) ) ;
#540 =( NAMED_UNIT ( * ) PLANE_ANGLE_UNIT ( ) SI_UNIT ( $, .RADIAN. ) );
#541 = CARTESIAN_POINT ( 'NONE',  ( 3.539999999999999591, -0.1600000000000000033, 0.7999999999999999334 ) ) ;
#542 = FILL_AREA_STYLE ('',( #816 ) ) ;
#543 =( NAMED_UNIT ( * ) PLANE_ANGLE_UNIT ( ) SI_UNIT ( $, .RADIAN. ) );
#544 = VERTEX_POINT ( 'NONE', #1947 ) ;
#545 = CARTESIAN_POINT ( 'NONE',  ( 3.900000000000000355, -0.08000000000000000167, 2.749999999999999556 ) ) ;
#546 = EDGE_CURVE ( 'NONE', #644, #231, #2898, .T. ) ;
#547 = VERTEX_POINT ( 'NONE', #2652 ) ;
#548 = ADVANCED_FACE ( 'NONE', ( #1365 ), #2510, .F. ) ;
#549 = CIRCLE ( 'NONE', #2816, 0.09999999999999982514 ) ;
#550 = DIRECTION ( 'NONE',  ( 1.000000000000000000, 0.000000000000000000, 0.000000000000000000 ) ) ;
#551 = FILL_AREA_STYLE ('',( #1724 ) ) ;
#552 = ORIENTED_EDGE ( 'NONE', *, *, #2857, .T. ) ;
#553 = EDGE_LOOP ( 'NONE', ( #127, #1628, #2528, #887 ) ) ;
#554 = DIRECTION ( 'NONE',  ( -1.000000000000000000, 0.000000000000000000, -0.000000000000000000 ) ) ;
#555 = UNCERTAINTY_MEASURE_WITH_UNIT (LENGTH_MEASURE( 1.000000000000000082E-05 ), #2127, 'distance_accuracy_value', 'NONE');
#556 = COLOUR_RGB ( '',1.000000000000000000, 1.000000000000000000, 1.000000000000000000 ) ;
#557 = UNCERTAINTY_MEASURE_WITH_UNIT (LENGTH_MEASURE( 1.000000000000000082E-05 ), #769, 'distance_accuracy_value', 'NONE');
#558 = CARTESIAN_POINT ( 'NONE',  ( -1.339999999999998304, -0.1600000000000000033, -0.1499999999999999667 ) ) ;
#559 = LINE ( 'NONE', #320, #38 ) ;
#560 = DIRECTION ( 'NONE',  ( 0.000000000000000000, 0.000000000000000000, 1.000000000000000000 ) ) ;
#561 = UNCERTAINTY_MEASURE_WITH_UNIT (LENGTH_MEASURE( 1.000000000000000082E-05 ), #159, 'distance_accuracy_value', 'NONE');
#562 = DIRECTION ( 'NONE',  ( 1.000000000000000000, 0.000000000000000000, -0.000000000000000000 ) ) ;
#563 = COLOUR_RGB ( '',1.000000000000000000, 1.000000000000000000, 1.000000000000000000 ) ;
#564 = DIRECTION ( 'NONE',  ( 1.000000000000000000, 0.000000000000000000, 0.000000000000000000 ) ) ;
#565 = LINE ( 'NONE', #85, #259 ) ;
#566 =( GEOMETRIC_REPRESENTATION_CONTEXT ( 3 ) GLOBAL_UNCERTAINTY_ASSIGNED_CONTEXT ( ( #93 ) ) GLOBAL_UNIT_ASSIGNED_CONTEXT ( ( #1739, #2220, #310 ) ) REPRESENTATION_CONTEXT ( 'NONE', 'WORKASPACE' ) );
#567 = ORIENTED_EDGE ( 'NONE', *, *, #163, .T. ) ;
#568 =( NAMED_UNIT ( * ) PLANE_ANGLE_UNIT ( ) SI_UNIT ( $, .RADIAN. ) );
#569 = SURFACE_STYLE_FILL_AREA ( #551 ) ;
#570 = EDGE_LOOP ( 'NONE', ( #1422, #2688, #1767, #795 ) ) ;
#571 = ORIENTED_EDGE ( 'NONE', *, *, #2189, .F. ) ;
#572 = CARTESIAN_POINT ( 'NONE',  ( 3.539999999999999591, -0.1600000000000000033, 0.000000000000000000 ) ) ;
#573 = COLOUR_RGB ( '',1.000000000000000000, 1.000000000000000000, 1.000000000000000000 ) ;
#574 = FACE_OUTER_BOUND ( 'NONE', #246, .T. ) ;
#575 = VECTOR ( 'NONE', #792, 1000.000000000000000 ) ;
#576 = SURFACE_STYLE_USAGE ( .BOTH. , #1041 ) ;
#577 = DIRECTION ( 'NONE',  ( 1.000000000000000000, -0.000000000000000000, 0.000000000000000000 ) ) ;
#578 = COLOUR_RGB ( '',1.000000000000000000, 1.000000000000000000, 1.000000000000000000 ) ;
#579 = AXIS2_PLACEMENT_3D ( 'NONE', #526, #1186, #1462 ) ;
#580 =( NAMED_UNIT ( * ) SI_UNIT ( $, .STERADIAN. ) SOLID_ANGLE_UNIT ( ) );
#581 = VECTOR ( 'NONE', #2698, 1000.000000000000000 ) ;
#582 = AXIS2_PLACEMENT_3D ( 'NONE', #1544, #363, #2420 ) ;
#583 = FILL_AREA_STYLE_COLOUR ( '', #728 ) ;
#584 = LINE ( 'NONE', #1080, #1382 ) ;
#585 = EDGE_LOOP ( 'NONE', ( #2994, #27, #939, #807 ) ) ;
#586 = EDGE_LOOP ( 'NONE', ( #2371, #2187 ) ) ;
#587 = ADVANCED_FACE ( 'NONE', ( #271 ), #2621, .F. ) ;
#588 = CARTESIAN_POINT ( 'NONE',  ( 3.900000000000000355, 0.8000000000000000444, -2.649999999999999911 ) ) ;
#589 = DIRECTION ( 'NONE',  ( -0.000000000000000000, 1.000000000000000000, -0.000000000000000000 ) ) ;
#590 = EDGE_CURVE ( 'NONE', #536, #1063, #495, .T. ) ;
#591 = SURFACE_STYLE_FILL_AREA ( #2702 ) ;
#592 = CARTESIAN_POINT ( 'NONE',  ( 3.539999999999999591, -0.1600000000000000033, 0.000000000000000000 ) ) ;
#593 = LINE ( 'NONE', #1057, #1683 ) ;
#594 = ORIENTED_EDGE ( 'NONE', *, *, #685, .T. ) ;
#595 = FILL_AREA_STYLE_COLOUR ( '', #2102 ) ;
#596 = PRESENTATION_STYLE_ASSIGNMENT (( #2707 ) ) ;
#597 = EDGE_LOOP ( 'NONE', ( #1122, #167, #1131, #2817 ) ) ;
#598 = ORIENTED_EDGE ( 'NONE', *, *, #3062, .F. ) ;
#599 = DIRECTION ( 'NONE',  ( 0.000000000000000000, 0.000000000000000000, 1.000000000000000000 ) ) ;
#600 = SURFACE_SIDE_STYLE ('',( #1286 ) ) ;
#601 = MECHANICAL_DESIGN_GEOMETRIC_PRESENTATION_REPRESENTATION (  '', ( #1232 ), #1636 ) ;
#602 = FILL_AREA_STYLE_COLOUR ( '', #1857 ) ;
#603 = SURFACE_SIDE_STYLE ('',( #2915 ) ) ;
#604 = VECTOR ( 'NONE', #383, 1000.000000000000000 ) ;
#605 = CARTESIAN_POINT ( 'NONE',  ( 3.900000000000000355, 0.01999999999999999695, 2.649999999999999467 ) ) ;
#606 = CARTESIAN_POINT ( 'NONE',  ( 2.139999999999999680, -0.1600000000000000033, 1.449999999999999956 ) ) ;
#607 = EDGE_CURVE ( 'NONE', #821, #104, #1657, .T. ) ;
#608 = VECTOR ( 'NONE', #1742, 1000.000000000000000 ) ;
#609 = CIRCLE ( 'NONE', #352, 0.09999999999999982514 ) ;
#610 = ORIENTED_EDGE ( 'NONE', *, *, #590, .T. ) ;
#611 = VECTOR ( 'NONE', #2693, 1000.000000000000000 ) ;
#612 = STYLED_ITEM ( 'NONE', ( #1178 ), #95 ) ;
#613 = PLANE ( 'NONE',  #660 ) ;
#614 = VERTEX_POINT ( 'NONE', #1951 ) ;
#615 = VERTEX_POINT ( 'NONE', #51 ) ;
#616 = PRESENTATION_STYLE_ASSIGNMENT (( #1727 ) ) ;
#617 = DIRECTION ( 'NONE',  ( 0.000000000000000000, 0.000000000000000000, -1.000000000000000000 ) ) ;
#618 =( NAMED_UNIT ( * ) SI_UNIT ( $, .STERADIAN. ) SOLID_ANGLE_UNIT ( ) );
#619 = LINE ( 'NONE', #411, #227 ) ;
#620 = AXIS2_PLACEMENT_3D ( 'NONE', #978, #992, #50 ) ;
#621 = CARTESIAN_POINT ( 'NONE',  ( 2.139999999999999680, -0.1600000000000000033, -1.150000000000000355 ) ) ;
#622 = SPHERICAL_SURFACE ( 'NONE', #2389, 0.1000000000000000056 ) ;
#623 = VECTOR ( 'NONE', #1749, 1000.000000000000000 ) ;
#624 = COLOUR_RGB ( '',1.000000000000000000, 1.000000000000000000, 1.000000000000000000 ) ;
#625 = SURFACE_SIDE_STYLE ('',( #140 ) ) ;
#626 = ADVANCED_FACE ( 'NONE', ( #993 ), #1936, .T. ) ;
#627 = STYLED_ITEM ( 'NONE', ( #98 ), #2642 ) ;
#628 = ORIENTED_EDGE ( 'NONE', *, *, #1790, .F. ) ;
#629 = MECHANICAL_DESIGN_GEOMETRIC_PRESENTATION_REPRESENTATION (  '', ( #478 ), #2445 ) ;
#630 = ADVANCED_FACE ( 'NONE', ( #1732 ), #322, .T. ) ;
#631 = ORIENTED_EDGE ( 'NONE', *, *, #3062, .T. ) ;
#632 = STYLED_ITEM ( 'NONE', ( #2227 ), #3006 ) ;
#633 = ORIENTED_EDGE ( 'NONE', *, *, #437, .F. ) ;
#634 = CARTESIAN_POINT ( 'NONE',  ( -0.8999999999999980238, -0.1600000000000000033, -2.449999999999999734 ) ) ;
#635 = LINE ( 'NONE', #213, #928 ) ;
#636 = LINE ( 'NONE', #2744, #460 ) ;
#637 = LINE ( 'NONE', #2285, #2146 ) ;
#638 = CARTESIAN_POINT ( 'NONE',  ( -0.06000000000000015737, -0.1600000000000000033, 0.1499999999999999667 ) ) ;
#639 = FACE_OUTER_BOUND ( 'NONE', #1695, .T. ) ;
#640 =( NAMED_UNIT ( * ) PLANE_ANGLE_UNIT ( ) SI_UNIT ( $, .RADIAN. ) );
#641 = SURFACE_STYLE_USAGE ( .BOTH. , #2748 ) ;
#642 = DIRECTION ( 'NONE',  ( 0.000000000000000000, 0.000000000000000000, -1.000000000000000000 ) ) ;
#643 = SURFACE_SIDE_STYLE ('',( #704 ) ) ;
#644 = VERTEX_POINT ( 'NONE', #112 ) ;
#645 = EDGE_CURVE ( 'NONE', #1104, #2332, #1264, .T. ) ;
#646 = DIRECTION ( 'NONE',  ( 0.000000000000000000, -1.000000000000000000, 0.000000000000000000 ) ) ;
#647 = VERTEX_POINT ( 'NONE', #1997 ) ;
#648 = EDGE_CURVE ( 'NONE', #868, #1829, #778, .T. ) ;
#649 = ORIENTED_EDGE ( 'NONE', *, *, #2153, .F. ) ;
#650 = CARTESIAN_POINT ( 'NONE',  ( 0.000000000000000000, -0.08000000000000000167, -2.449999999999999734 ) ) ;
#651 =( NAMED_UNIT ( * ) PLANE_ANGLE_UNIT ( ) SI_UNIT ( $, .RADIAN. ) );
#652 = DIRECTION ( 'NONE',  ( 1.000000000000000000, 0.000000000000000000, 0.000000000000000000 ) ) ;
#653 = CARTESIAN_POINT ( 'NONE',  ( 4.000000000000000000, 0.01999999999999999695, 2.749999999999999556 ) ) ;
#654 = DIRECTION ( 'NONE',  ( -1.000000000000000000, 0.000000000000000000, -0.000000000000000000 ) ) ;
#655 = CARTESIAN_POINT ( 'NONE',  ( 3.539999999999999591, -0.1600000000000000033, 0.7999999999999999334 ) ) ;
#656 = CARTESIAN_POINT ( 'NONE',  ( 0.000000000000000000, -0.08000000000000000167, -0.1499999999999999667 ) ) ;
#657 = STYLED_ITEM ( 'NONE', ( #906 ), #1828 ) ;
#658 = ORIENTED_EDGE ( 'NONE', *, *, #1644, .T. ) ;
#659 = VECTOR ( 'NONE', #1866, 1000.000000000000000 ) ;
#660 = AXIS2_PLACEMENT_3D ( 'NONE', #824, #2205, #2457 ) ;
#661 = ORIENTED_EDGE ( 'NONE', *, *, #1187, .F. ) ;
#662 = ORIENTED_EDGE ( 'NONE', *, *, #2268, .F. ) ;
#663 = CARTESIAN_POINT ( 'NONE',  ( 3.900000000000000355, 0.01999999999999999695, -2.649999999999999911 ) ) ;
#664 = SURFACE_SIDE_STYLE ('',( #3025 ) ) ;
#665 = AXIS2_PLACEMENT_3D ( 'NONE', #1909, #938, #1861 ) ;
#666 = EDGE_CURVE ( 'NONE', #2385, #2170, #800, .T. ) ;
#667 = FILL_AREA_STYLE_COLOUR ( '', #2767 ) ;
#668 =( NAMED_UNIT ( * ) PLANE_ANGLE_UNIT ( ) SI_UNIT ( $, .RADIAN. ) );
#669 = CARTESIAN_POINT ( 'NONE',  ( -1.339999999999998304, -0.08000000000000000167, 0.1499999999999999667 ) ) ;
#670 = DIRECTION ( 'NONE',  ( 0.000000000000000000, -0.000000000000000000, 1.000000000000000000 ) ) ;
#671 =( LENGTH_UNIT ( ) NAMED_UNIT ( * ) SI_UNIT ( .MILLI., .METRE. ) );
#672 = MECHANICAL_DESIGN_GEOMETRIC_PRESENTATION_REPRESENTATION (  '', ( #1398 ), #1953 ) ;
#673 = ORIENTED_EDGE ( 'NONE', *, *, #1968, .T. ) ;
#674 =( GEOMETRIC_REPRESENTATION_CONTEXT ( 3 ) GLOBAL_UNCERTAINTY_ASSIGNED_CONTEXT ( ( #557 ) ) GLOBAL_UNIT_ASSIGNED_CONTEXT ( ( #769, #1190, #1399 ) ) REPRESENTATION_CONTEXT ( 'NONE', 'WORKASPACE' ) );
#675 = MECHANICAL_DESIGN_GEOMETRIC_PRESENTATION_REPRESENTATION (  '', ( #212 ), #372 ) ;
#676 = FILL_AREA_STYLE ('',( #1578 ) ) ;
#677 = VECTOR ( 'NONE', #2502, 1000.000000000000000 ) ;
#678 = VERTEX_POINT ( 'NONE', #1748 ) ;
#679 =( LENGTH_UNIT ( ) NAMED_UNIT ( * ) SI_UNIT ( .MILLI., .METRE. ) );
#680 = SURFACE_SIDE_STYLE ('',( #871 ) ) ;
#681 = STYLED_ITEM ( 'NONE', ( #926 ), #2883 ) ;
#682 = PLANE ( 'NONE',  #1003 ) ;
#683 =( NAMED_UNIT ( * ) PLANE_ANGLE_UNIT ( ) SI_UNIT ( $, .RADIAN. ) );
#684 = SURFACE_SIDE_STYLE ('',( #2771 ) ) ;
#685 = EDGE_CURVE ( 'NONE', #544, #1384, #2151, .T. ) ;
#686 = STYLED_ITEM ( 'NONE', ( #932 ), #3017 ) ;
#687 = CARTESIAN_POINT ( 'NONE',  ( -0.06000000000000015737, -0.1600000000000000033, -2.449999999999999734 ) ) ;
#688 = DIRECTION ( 'NONE',  ( -0.000000000000000000, 0.000000000000000000, -1.000000000000000000 ) ) ;
#689 = EDGE_CURVE ( 'NONE', #1538, #2862, #2466, .T. ) ;
#690 = CARTESIAN_POINT ( 'NONE',  ( -0.4600000000000003531, -0.08000000000000000167, 2.449999999999999734 ) ) ;
#691 = VERTEX_POINT ( 'NONE', #2937 ) ;
#692 =( NAMED_UNIT ( * ) PLANE_ANGLE_UNIT ( ) SI_UNIT ( $, .RADIAN. ) );
#693 = DIRECTION ( 'NONE',  ( 0.000000000000000000, 1.000000000000000000, -0.000000000000000000 ) ) ;
#694 =( LENGTH_UNIT ( ) NAMED_UNIT ( * ) SI_UNIT ( .MILLI., .METRE. ) );
#695 = FACE_OUTER_BOUND ( 'NONE', #1356, .T. ) ;
#696 = EDGE_LOOP ( 'NONE', ( #2291, #281, #2221, #1555 ) ) ;
#697 = PLANE ( 'NONE',  #2374 ) ;
#698 = LINE ( 'NONE', #1930, #1810 ) ;
#699 =( LENGTH_UNIT ( ) NAMED_UNIT ( * ) SI_UNIT ( .MILLI., .METRE. ) );
#700 = CARTESIAN_POINT ( 'NONE',  ( 0.000000000000000000, -0.08000000000000000167, -1.150000000000000355 ) ) ;
#701 = VERTEX_POINT ( 'NONE', #338 ) ;
#702 = FACE_OUTER_BOUND ( 'NONE', #2140, .T. ) ;
#703 = UNCERTAINTY_MEASURE_WITH_UNIT (LENGTH_MEASURE( 1.000000000000000082E-05 ), #1873, 'distance_accuracy_value', 'NONE');
#704 = SURFACE_STYLE_FILL_AREA ( #3003 ) ;
#705 = EDGE_CURVE ( 'NONE', #2194, #2562, #861, .T. ) ;
#706 = COLOUR_RGB ( '',1.000000000000000000, 1.000000000000000000, 1.000000000000000000 ) ;
#707 = AXIS2_PLACEMENT_3D ( 'NONE', #1819, #464, #410 ) ;
#708 = VERTEX_POINT ( 'NONE', #606 ) ;
#709 = VECTOR ( 'NONE', #1271, 1000.000000000000000 ) ;
#710 = ORIENTED_EDGE ( 'NONE', *, *, #2283, .F. ) ;
#711 = PRESENTATION_STYLE_ASSIGNMENT (( #1648 ) ) ;
#712 = CIRCLE ( 'NONE', #2921, 0.09999999999999982514 ) ;
#713 = DIRECTION ( 'NONE',  ( 1.000000000000000000, 0.000000000000000000, -0.000000000000000000 ) ) ;
#714 = PRESENTATION_STYLE_ASSIGNMENT (( #2362 ) ) ;
#715 = ORIENTED_EDGE ( 'NONE', *, *, #1330, .F. ) ;
#716 =( NAMED_UNIT ( * ) SI_UNIT ( $, .STERADIAN. ) SOLID_ANGLE_UNIT ( ) );
#717 = VECTOR ( 'NONE', #2909, 1000.000000000000000 ) ;
#718 = DIRECTION ( 'NONE',  ( 0.000000000000000000, -0.000000000000000000, 1.000000000000000000 ) ) ;
#719 = MECHANICAL_DESIGN_GEOMETRIC_PRESENTATION_REPRESENTATION (  '', ( #767 ), #1843 ) ;
#720 = FACE_OUTER_BOUND ( 'NONE', #2021, .T. ) ;
#721 = PLANE ( 'NONE',  #2244 ) ;
#722 = SURFACE_SIDE_STYLE ('',( #1888 ) ) ;
#723 = ORIENTED_EDGE ( 'NONE', *, *, #1060, .F. ) ;
#724 = ADVANCED_FACE ( 'NONE', ( #122 ), #2717, .F. ) ;
#725 = VECTOR ( 'NONE', #1807, 1000.000000000000000 ) ;
#726 = VECTOR ( 'NONE', #713, 1000.000000000000000 ) ;
#727 =( NAMED_UNIT ( * ) PLANE_ANGLE_UNIT ( ) SI_UNIT ( $, .RADIAN. ) );
#728 = COLOUR_RGB ( '',0.2941176470588235392, 0.2941176470588235392, 0.2941176470588235392 ) ;
#729 =( NAMED_UNIT ( * ) PLANE_ANGLE_UNIT ( ) SI_UNIT ( $, .RADIAN. ) );
#730 = EDGE_CURVE ( 'NONE', #2095, #2750, #436, .T. ) ;
#731 = VECTOR ( 'NONE', #991, 1000.000000000000000 ) ;
#732 = UNCERTAINTY_MEASURE_WITH_UNIT (LENGTH_MEASURE( 1.000000000000000082E-05 ), #385, 'distance_accuracy_value', 'NONE');
#733 = DIRECTION ( 'NONE',  ( -1.000000000000000000, 0.000000000000000000, -0.000000000000000000 ) ) ;
#734 = ORIENTED_EDGE ( 'NONE', *, *, #1700, .T. ) ;
#735 = VECTOR ( 'NONE', #718, 1000.000000000000000 ) ;
#736 = UNCERTAINTY_MEASURE_WITH_UNIT (LENGTH_MEASURE( 1.000000000000000082E-05 ), #1849, 'distance_accuracy_value', 'NONE');
#737 = VECTOR ( 'NONE', #2057, 1000.000000000000000 ) ;
#738 = CARTESIAN_POINT ( 'NONE',  ( -3.899999999999998579, 0.9000000000000001332, 0.000000000000000000 ) ) ;
#739 =( GEOMETRIC_REPRESENTATION_CONTEXT ( 3 ) GLOBAL_UNCERTAINTY_ASSIGNED_CONTEXT ( ( #2655 ) ) GLOBAL_UNIT_ASSIGNED_CONTEXT ( ( #1255, #809, #1743 ) ) REPRESENTATION_CONTEXT ( 'NONE', 'WORKASPACE' ) );
#740 = LINE ( 'NONE', #283, #2496 ) ;
#741 = FILL_AREA_STYLE ('',( #2435 ) ) ;
#742 =( NAMED_UNIT ( * ) PLANE_ANGLE_UNIT ( ) SI_UNIT ( $, .RADIAN. ) );
#743 = DIRECTION ( 'NONE',  ( 0.000000000000000000, 1.000000000000000000, 0.000000000000000000 ) ) ;
#744 = EDGE_CURVE ( 'NONE', #2725, #2444, #191, .T. ) ;
#745 = DIRECTION ( 'NONE',  ( 1.000000000000000000, 0.000000000000000000, -0.000000000000000000 ) ) ;
#746 = DIRECTION ( 'NONE',  ( 1.000000000000000000, 0.000000000000000000, -0.000000000000000000 ) ) ;
#747 = EDGE_CURVE ( 'NONE', #2754, #1077, #1368, .T. ) ;
#748 = ORIENTED_EDGE ( 'NONE', *, *, #2094, .F. ) ;
#749 = ORIENTED_EDGE ( 'NONE', *, *, #946, .F. ) ;
#750 = SURFACE_SIDE_STYLE ('',( #761 ) ) ;
#751 = FILL_AREA_STYLE_COLOUR ( '', #2593 ) ;
#752 = CARTESIAN_POINT ( 'NONE',  ( -1.339999999999998304, -0.08000000000000000167, 0.000000000000000000 ) ) ;
#753 = CARTESIAN_POINT ( 'NONE',  ( -3.539999999999998259, -0.1600000000000000033, 2.350000000000000089 ) ) ;
#754 = SURFACE_SIDE_STYLE ('',( #2854 ) ) ;
#755 = MECHANICAL_DESIGN_GEOMETRIC_PRESENTATION_REPRESENTATION (  '', ( #1536 ), #108 ) ;
#756 = DIRECTION ( 'NONE',  ( 1.000000000000000000, 0.000000000000000000, 0.000000000000000000 ) ) ;
#757 = CARTESIAN_POINT ( 'NONE',  ( -3.899999999999998579, 0.01999999999999999695, 2.649999999999999467 ) ) ;
#758 = VECTOR ( 'NONE', #1492, 1000.000000000000000 ) ;
#759 = CARTESIAN_POINT ( 'NONE',  ( -3.539999999999998259, -0.08000000000000000167, -0.1499999999999999667 ) ) ;
#760 = ORIENTED_EDGE ( 'NONE', *, *, #2367, .F. ) ;
#761 = SURFACE_STYLE_FILL_AREA ( #11 ) ;
#762 =( NAMED_UNIT ( * ) SI_UNIT ( $, .STERADIAN. ) SOLID_ANGLE_UNIT ( ) );
#763 = ADVANCED_FACE ( 'NONE', ( #1155, #386, #2515, #3047, #2988, #2759, #1822, #398 ), #2288, .F. ) ;
#764 = FILL_AREA_STYLE ('',( #1002 ) ) ;
#765 =( GEOMETRIC_REPRESENTATION_CONTEXT ( 3 ) GLOBAL_UNCERTAINTY_ASSIGNED_CONTEXT ( ( #796 ) ) GLOBAL_UNIT_ASSIGNED_CONTEXT ( ( #1617, #2546, #187 ) ) REPRESENTATION_CONTEXT ( 'NONE', 'WORKASPACE' ) );
#766 = CARTESIAN_POINT ( 'NONE',  ( -3.499999999999998224, 0.9000000000000001332, 2.449999999999999289 ) ) ;
#767 = STYLED_ITEM ( 'NONE', ( #2625 ), #102 ) ;
#768 = DIRECTION ( 'NONE',  ( 0.000000000000000000, 1.000000000000000000, -0.000000000000000000 ) ) ;
#769 =( LENGTH_UNIT ( ) NAMED_UNIT ( * ) SI_UNIT ( .MILLI., .METRE. ) );
#770 = STYLED_ITEM ( 'NONE', ( #258 ), #289 ) ;
#771 = DIRECTION ( 'NONE',  ( 0.000000000000000000, 1.000000000000000000, 0.000000000000000000 ) ) ;
#772 =( GEOMETRIC_REPRESENTATION_CONTEXT ( 3 ) GLOBAL_UNCERTAINTY_ASSIGNED_CONTEXT ( ( #217 ) ) GLOBAL_UNIT_ASSIGNED_CONTEXT ( ( #1794, #2811, #2123 ) ) REPRESENTATION_CONTEXT ( 'NONE', 'WORKASPACE' ) );
#773 = AXIS2_PLACEMENT_3D ( 'NONE', #1120, #646, #154 ) ;
#774 =( LENGTH_UNIT ( ) NAMED_UNIT ( * ) SI_UNIT ( .MILLI., .METRE. ) );
#775 = VERTEX_POINT ( 'NONE', #2733 ) ;
#776 = EDGE_LOOP ( 'NONE', ( #216, #1827, #1458, #2310 ) ) ;
#777 = CIRCLE ( 'NONE', #920, 0.09999999999999982514 ) ;
#778 = CIRCLE ( 'NONE', #83, 0.09999999999999982514 ) ;
#779 = PLANE ( 'NONE',  #3048 ) ;
#780 =( GEOMETRIC_REPRESENTATION_CONTEXT ( 3 ) GLOBAL_UNCERTAINTY_ASSIGNED_CONTEXT ( ( #1729 ) ) GLOBAL_UNIT_ASSIGNED_CONTEXT ( ( #1306, #1746, #1969 ) ) REPRESENTATION_CONTEXT ( 'NONE', 'WORKASPACE' ) );
#781 = PRESENTATION_STYLE_ASSIGNMENT (( #1948 ) ) ;
#782 = EDGE_CURVE ( 'NONE', #884, #1500, #3031, .T. ) ;
#783 = PRESENTATION_LAYER_ASSIGNMENT (  '', '', ( #374 ) ) ;
#784 = FACE_OUTER_BOUND ( 'NONE', #502, .T. ) ;
#785 = UNCERTAINTY_MEASURE_WITH_UNIT (LENGTH_MEASURE( 1.000000000000000082E-05 ), #1144, 'distance_accuracy_value', 'NONE');
#786 = AXIS2_PLACEMENT_3D ( 'NONE', #2956, #1545, #110 ) ;
#787 = SURFACE_STYLE_USAGE ( .BOTH. , #2884 ) ;
#788 = UNCERTAINTY_MEASURE_WITH_UNIT (LENGTH_MEASURE( 1.000000000000000082E-05 ), #2728, 'distance_accuracy_value', 'NONE');
#789 = FACE_OUTER_BOUND ( 'NONE', #263, .T. ) ;
#790 = EDGE_CURVE ( 'NONE', #2530, #1829, #1621, .T. ) ;
#791 = DIRECTION ( 'NONE',  ( 1.000000000000000000, -0.000000000000000000, -0.000000000000000000 ) ) ;
#792 = DIRECTION ( 'NONE',  ( -0.000000000000000000, -1.000000000000000000, 0.000000000000000000 ) ) ;
#793 = DIRECTION ( 'NONE',  ( 0.000000000000000000, 0.000000000000000000, 1.000000000000000000 ) ) ;
#794 = EDGE_LOOP ( 'NONE', ( #1339, #3009, #2648, #135 ) ) ;
#795 = ORIENTED_EDGE ( 'NONE', *, *, #1312, .T. ) ;
#796 = UNCERTAINTY_MEASURE_WITH_UNIT (LENGTH_MEASURE( 1.000000000000000082E-05 ), #1617, 'distance_accuracy_value', 'NONE');
#797 = MANIFOLD_SOLID_BREP ( 'Boss-Extrude1', #1340 ) ;
#798 = CARTESIAN_POINT ( 'NONE',  ( -3.899999999999998579, 0.01999999999999999695, -2.750000000000000000 ) ) ;
#799 = LINE ( 'NONE', #621, #880 ) ;
#800 = LINE ( 'NONE', #1498, #1454 ) ;
#801 = DIRECTION ( 'NONE',  ( 0.000000000000000000, -1.000000000000000000, 0.000000000000000000 ) ) ;
#802 = EDGE_CURVE ( 'NONE', #1451, #457, #2851, .T. ) ;
#803 = FILL_AREA_STYLE ('',( #595 ) ) ;
#804 = DIRECTION ( 'NONE',  ( 0.000000000000000000, 1.000000000000000000, 0.000000000000000000 ) ) ;
#805 = ORIENTED_EDGE ( 'NONE', *, *, #2791, .F. ) ;
#806 = MECHANICAL_DESIGN_GEOMETRIC_PRESENTATION_REPRESENTATION (  '', ( #399 ), #1937 ) ;
#807 = ORIENTED_EDGE ( 'NONE', *, *, #876, .T. ) ;
#808 = LINE ( 'NONE', #106, #608 ) ;
#809 =( NAMED_UNIT ( * ) PLANE_ANGLE_UNIT ( ) SI_UNIT ( $, .RADIAN. ) );
#810 = UNCERTAINTY_MEASURE_WITH_UNIT (LENGTH_MEASURE( 1.000000000000000082E-05 ), #699, 'distance_accuracy_value', 'NONE');
#811 = UNCERTAINTY_MEASURE_WITH_UNIT (LENGTH_MEASURE( 1.000000000000000082E-05 ), #1588, 'distance_accuracy_value', 'NONE');
#812 = CARTESIAN_POINT ( 'NONE',  ( 4.000000000000000000, 0.8000000000000000444, 2.749999999999999556 ) ) ;
#813 = AXIS2_PLACEMENT_3D ( 'NONE', #2156, #3054, #965 ) ;
#814 =( LENGTH_UNIT ( ) NAMED_UNIT ( * ) SI_UNIT ( .MILLI., .METRE. ) );
#815 = CARTESIAN_POINT ( 'NONE',  ( 3.900000000000000355, 0.01999999999999999695, 2.649999999999999467 ) ) ;
#816 = FILL_AREA_STYLE_COLOUR ( '', #2247 ) ;
#817 = VECTOR ( 'NONE', #2724, 1000.000000000000000 ) ;
#818 =( LENGTH_UNIT ( ) NAMED_UNIT ( * ) SI_UNIT ( .MILLI., .METRE. ) );
#819 = CARTESIAN_POINT ( 'NONE',  ( -1.339999999999998304, -0.1600000000000000033, 0.1499999999999999667 ) ) ;
#820 =( GEOMETRIC_REPRESENTATION_CONTEXT ( 3 ) GLOBAL_UNCERTAINTY_ASSIGNED_CONTEXT ( ( #785 ) ) GLOBAL_UNIT_ASSIGNED_CONTEXT ( ( #1144, #2572, #3033 ) ) REPRESENTATION_CONTEXT ( 'NONE', 'WORKASPACE' ) );
#821 = VERTEX_POINT ( 'NONE', #766 ) ;
#822 = EDGE_CURVE ( 'NONE', #341, #986, #1896, .T. ) ;
#823 =( LENGTH_UNIT ( ) NAMED_UNIT ( * ) SI_UNIT ( .MILLI., .METRE. ) );
#824 = CARTESIAN_POINT ( 'NONE',  ( -3.499999999999998224, 0.8900000000000000133, 2.250000000000000000 ) ) ;
#825 = ORIENTED_EDGE ( 'NONE', *, *, #2341, .F. ) ;
#826 = EDGE_CURVE ( 'NONE', #2709, #1240, #1413, .T. ) ;
#827 = ORIENTED_EDGE ( 'NONE', *, *, #2233, .F. ) ;
#828 = CARTESIAN_POINT ( 'NONE',  ( 3.539999999999999591, -0.1600000000000000033, -0.8000000000000000444 ) ) ;
#829 = DIRECTION ( 'NONE',  ( 0.000000000000000000, 1.000000000000000000, 0.000000000000000000 ) ) ;
#830 = COLOUR_RGB ( '',0.2941176470588235392, 0.2941176470588235392, 0.2941176470588235392 ) ;
#831 = COLOUR_RGB ( '',0.2941176470588235392, 0.2941176470588235392, 0.2941176470588235392 ) ;
#832 = DIRECTION ( 'NONE',  ( -0.000000000000000000, 1.000000000000000000, -0.000000000000000000 ) ) ;
#833 = FACE_OUTER_BOUND ( 'NONE', #1637, .T. ) ;
#834 = MECHANICAL_DESIGN_GEOMETRIC_PRESENTATION_REPRESENTATION (  '', ( #2060 ), #2536 ) ;
#835 = AXIS2_PLACEMENT_3D ( 'NONE', #1806, #1334, #2044 ) ;
#836 = CIRCLE ( 'NONE', #579, 0.09999999999999982514 ) ;
#837 = AXIS2_PLACEMENT_3D ( 'NONE', #1511, #829, #2449 ) ;
#838 = ORIENTED_EDGE ( 'NONE', *, *, #705, .T. ) ;
#839 = SURFACE_STYLE_FILL_AREA ( #2004 ) ;
#840 = ORIENTED_EDGE ( 'NONE', *, *, #2287, .T. ) ;
#841 = EDGE_CURVE ( 'NONE', #1741, #701, #1024, .T. ) ;
#842 = CYLINDRICAL_SURFACE ( 'NONE', #882, 0.09999999999999982514 ) ;
#843 = CARTESIAN_POINT ( 'NONE',  ( -3.499999999999998224, 0.8900000000000000133, 2.050000000000000266 ) ) ;
#844 =( NAMED_UNIT ( * ) PLANE_ANGLE_UNIT ( ) SI_UNIT ( $, .RADIAN. ) );
#845 = DIRECTION ( 'NONE',  ( 1.000000000000000000, 0.000000000000000000, 0.000000000000000000 ) ) ;
#846 = CARTESIAN_POINT ( 'NONE',  ( 0.000000000000000000, -0.08000000000000000167, -2.449999999999999734 ) ) ;
#847 = CARTESIAN_POINT ( 'NONE',  ( -3.499999999999998224, 0.9000000000000001332, 2.250000000000000000 ) ) ;
#848 = ORIENTED_EDGE ( 'NONE', *, *, #841, .T. ) ;
#849 =( LENGTH_UNIT ( ) NAMED_UNIT ( * ) SI_UNIT ( .MILLI., .METRE. ) );
#850 = CARTESIAN_POINT ( 'NONE',  ( -0.4600000000000003531, -0.1600000000000000033, 0.1499999999999999667 ) ) ;
#851 = EDGE_LOOP ( 'NONE', ( #2508, #2005, #2252, #1919 ) ) ;
#852 = ORIENTED_EDGE ( 'NONE', *, *, #2810, .F. ) ;
#853 = DIRECTION ( 'NONE',  ( 1.000000000000000000, 0.000000000000000000, -0.000000000000000000 ) ) ;
#854 = PRESENTATION_STYLE_ASSIGNMENT (( #2678 ) ) ;
#855 =( GEOMETRIC_REPRESENTATION_CONTEXT ( 3 ) GLOBAL_UNCERTAINTY_ASSIGNED_CONTEXT ( ( #2364 ) ) GLOBAL_UNIT_ASSIGNED_CONTEXT ( ( #2181, #1428, #990 ) ) REPRESENTATION_CONTEXT ( 'NONE', 'WORKASPACE' ) );
#856 = CARTESIAN_POINT ( 'NONE',  ( 2.539999999999999591, -0.1600000000000000033, -0.8000000000000001554 ) ) ;
#857 = EDGE_CURVE ( 'NONE', #1539, #90, #740, .T. ) ;
#858 = SURFACE_STYLE_USAGE ( .BOTH. , #2480 ) ;
#859 = VECTOR ( 'NONE', #1477, 1000.000000000000000 ) ;
#860 = CARTESIAN_POINT ( 'NONE',  ( 4.000000000000000000, 0.8000000000000000444, -2.649999999999999911 ) ) ;
#861 = LINE ( 'NONE', #350, #1019 ) ;
#862 = STYLED_ITEM ( 'NONE', ( #616 ), #1736 ) ;
#863 = EDGE_CURVE ( 'NONE', #1508, #1201, #2806, .T. ) ;
#864 = STYLED_ITEM ( 'NONE', ( #2999 ), #2067 ) ;
#865 = ORIENTED_EDGE ( 'NONE', *, *, #1058, .T. ) ;
#866 =( GEOMETRIC_REPRESENTATION_CONTEXT ( 3 ) GLOBAL_UNCERTAINTY_ASSIGNED_CONTEXT ( ( #1977 ) ) GLOBAL_UNIT_ASSIGNED_CONTEXT ( ( #2152, #2017, #580 ) ) REPRESENTATION_CONTEXT ( 'NONE', 'WORKASPACE' ) );
#867 = PLANE ( 'NONE',  #1302 ) ;
#868 = VERTEX_POINT ( 'NONE', #2866 ) ;
#869 = ORIENTED_EDGE ( 'NONE', *, *, #1809, .F. ) ;
#870 = LINE ( 'NONE', #2801, #1238 ) ;
#871 = SURFACE_STYLE_FILL_AREA ( #2328 ) ;
#872 =( LENGTH_UNIT ( ) NAMED_UNIT ( * ) SI_UNIT ( .MILLI., .METRE. ) );
#873 = PLANE ( 'NONE',  #2016 ) ;
#874 = COLOUR_RGB ( '',1.000000000000000000, 1.000000000000000000, 1.000000000000000000 ) ;
#875 =( NAMED_UNIT ( * ) SI_UNIT ( $, .STERADIAN. ) SOLID_ANGLE_UNIT ( ) );
#876 = EDGE_CURVE ( 'NONE', #2170, #1311, #2634, .T. ) ;
#877 =( GEOMETRIC_REPRESENTATION_CONTEXT ( 3 ) GLOBAL_UNCERTAINTY_ASSIGNED_CONTEXT ( ( #1759 ) ) GLOBAL_UNIT_ASSIGNED_CONTEXT ( ( #823, #1521, #2519 ) ) REPRESENTATION_CONTEXT ( 'NONE', 'WORKASPACE' ) );
#878 = DIRECTION ( 'NONE',  ( 0.000000000000000000, 0.000000000000000000, 1.000000000000000000 ) ) ;
#879 = EDGE_CURVE ( 'NONE', #2815, #2750, #836, .T. ) ;
#880 = VECTOR ( 'NONE', #347, 1000.000000000000000 ) ;
#881 = ORIENTED_EDGE ( 'NONE', *, *, #2322, .F. ) ;
#882 = AXIS2_PLACEMENT_3D ( 'NONE', #2498, #175, #1344 ) ;
#883 = FILL_AREA_STYLE_COLOUR ( '', #624 ) ;
#884 = VERTEX_POINT ( 'NONE', #318 ) ;
#885 = ORIENTED_EDGE ( 'NONE', *, *, #2732, .T. ) ;
#886 = DIRECTION ( 'NONE',  ( 0.000000000000000000, 0.000000000000000000, -1.000000000000000000 ) ) ;
#887 = ORIENTED_EDGE ( 'NONE', *, *, #981, .F. ) ;
#888 =( LENGTH_UNIT ( ) NAMED_UNIT ( * ) SI_UNIT ( .MILLI., .METRE. ) );
#889 = CARTESIAN_POINT ( 'NONE',  ( 4.000000000000000000, 0.8000000000000000444, -2.750000000000000000 ) ) ;
#890 = ORIENTED_EDGE ( 'NONE', *, *, #80, .F. ) ;
#891 = ADVANCED_FACE ( 'NONE', ( #2653 ), #2700, .T. ) ;
#892 = CARTESIAN_POINT ( 'NONE',  ( -3.539999999999998259, -0.1600000000000000033, -2.449999999999999734 ) ) ;
#893 = ORIENTED_EDGE ( 'NONE', *, *, #1734, .T. ) ;
#894 = DIRECTION ( 'NONE',  ( -0.000000000000000000, -1.000000000000000000, -0.000000000000000000 ) ) ;
#895 = CARTESIAN_POINT ( 'NONE',  ( 3.900000000000000355, 0.01999999999999999695, -2.649999999999999911 ) ) ;
#896 = PRESENTATION_STYLE_ASSIGNMENT (( #1619 ) ) ;
#897 = FILL_AREA_STYLE ('',( #3014 ) ) ;
#898 = VECTOR ( 'NONE', #2617, 1000.000000000000000 ) ;
#899 = CARTESIAN_POINT ( 'NONE',  ( -3.899999999999998579, 0.8000000000000000444, -2.750000000000000000 ) ) ;
#900 = CARTESIAN_POINT ( 'NONE',  ( 3.539999999999999591, -0.08000000000000000167, -2.449999999999999734 ) ) ;
#901 = ORIENTED_EDGE ( 'NONE', *, *, #17, .F. ) ;
#902 = MECHANICAL_DESIGN_GEOMETRIC_PRESENTATION_REPRESENTATION (  '', ( #2135 ), #2822 ) ;
#903 = EDGE_CURVE ( 'NONE', #457, #708, #1287, .T. ) ;
#904 = ORIENTED_EDGE ( 'NONE', *, *, #2484, .T. ) ;
#905 = ORIENTED_EDGE ( 'NONE', *, *, #2675, .F. ) ;
#906 = PRESENTATION_STYLE_ASSIGNMENT (( #2343 ) ) ;
#907 = CARTESIAN_POINT ( 'NONE',  ( -3.439999999999998614, -0.08000000000000000167, 2.449999999999999734 ) ) ;
#908 = ADVANCED_FACE ( 'NONE', ( #2011 ), #842, .T. ) ;
#909 = FILL_AREA_STYLE_COLOUR ( '', #1786 ) ;
#910 = SURFACE_SIDE_STYLE ('',( #2316 ) ) ;
#911 = FILL_AREA_STYLE ('',( #1152 ) ) ;
#912 = CARTESIAN_POINT ( 'NONE',  ( 0.000000000000000000, -0.1600000000000000033, 0.000000000000000000 ) ) ;
#913 = PLANE ( 'NONE',  #1163 ) ;
#914 = STYLED_ITEM ( 'NONE', ( #148 ), #276 ) ;
#915 = LINE ( 'NONE', #1824, #1606 ) ;
#916 = AXIS2_PLACEMENT_3D ( 'NONE', #240, #1191, #1904 ) ;
#917 = AXIS2_PLACEMENT_3D ( 'NONE', #2490, #2908, #2002 ) ;
#918 = ORIENTED_EDGE ( 'NONE', *, *, #1402, .F. ) ;
#919 = STYLED_ITEM ( 'NONE', ( #482 ), #587 ) ;
#920 = AXIS2_PLACEMENT_3D ( 'NONE', #438, #3050, #2065 ) ;
#921 = DIRECTION ( 'NONE',  ( 0.000000000000000000, 0.000000000000000000, 1.000000000000000000 ) ) ;
#922 = STYLED_ITEM ( 'NONE', ( #12 ), #797 ) ;
#923 = EDGE_LOOP ( 'NONE', ( #1341, #2282, #2347, #838 ) ) ;
#924 = DIRECTION ( 'NONE',  ( -0.000000000000000000, 1.000000000000000000, -0.000000000000000000 ) ) ;
#925 = MECHANICAL_DESIGN_GEOMETRIC_PRESENTATION_REPRESENTATION (  '', ( #323 ), #2304 ) ;
#926 = PRESENTATION_STYLE_ASSIGNMENT (( #1816 ) ) ;
#927 = DIRECTION ( 'NONE',  ( 0.000000000000000000, -1.000000000000000000, -0.000000000000000000 ) ) ;
#928 = VECTOR ( 'NONE', #1170, 1000.000000000000000 ) ;
#929 = SURFACE_STYLE_FILL_AREA ( #2098 ) ;
#930 = ORIENTED_EDGE ( 'NONE', *, *, #1145, .T. ) ;
#931 = FILL_AREA_STYLE ('',( #3000 ) ) ;
#932 = PRESENTATION_STYLE_ASSIGNMENT (( #1095 ) ) ;
#933 = EDGE_CURVE ( 'NONE', #2696, #2754, #1600, .T. ) ;
#934 =( LENGTH_UNIT ( ) NAMED_UNIT ( * ) SI_UNIT ( .MILLI., .METRE. ) );
#935 = DIRECTION ( 'NONE',  ( -1.000000000000000000, 0.000000000000000000, -0.000000000000000000 ) ) ;
#936 = DIRECTION ( 'NONE',  ( 1.000000000000000000, -0.000000000000000000, -0.000000000000000000 ) ) ;
#937 = PRESENTATION_STYLE_ASSIGNMENT (( #2148 ) ) ;
#938 = DIRECTION ( 'NONE',  ( 1.000000000000000000, -0.000000000000000000, -0.000000000000000000 ) ) ;
#939 = ORIENTED_EDGE ( 'NONE', *, *, #2522, .F. ) ;
#940 = CARTESIAN_POINT ( 'NONE',  ( 3.900000000000000355, 0.8000000000000000444, 2.649999999999999467 ) ) ;
#941 = FILL_AREA_STYLE_COLOUR ( '', #1169 ) ;
#942 = DIRECTION ( 'NONE',  ( 0.000000000000000000, 1.000000000000000000, -0.000000000000000000 ) ) ;
#943 = VERTEX_POINT ( 'NONE', #1084 ) ;
#944 = UNCERTAINTY_MEASURE_WITH_UNIT (LENGTH_MEASURE( 1.000000000000000082E-05 ), #1068, 'distance_accuracy_value', 'NONE');
#945 = SURFACE_SIDE_STYLE ('',( #3060 ) ) ;
#946 = EDGE_CURVE ( 'NONE', #36, #2726, #2757, .T. ) ;
#947 = FILL_AREA_STYLE_COLOUR ( '', #2129 ) ;
#948 = AXIS2_PLACEMENT_3D ( 'NONE', #2749, #577, #1113 ) ;
#949 = EDGE_CURVE ( 'NONE', #2385, #691, #382, .T. ) ;
#950 = SURFACE_STYLE_USAGE ( .BOTH. , #2980 ) ;
#951 = VECTOR ( 'NONE', #554, 1000.000000000000000 ) ;
#952 =( GEOMETRIC_REPRESENTATION_CONTEXT ( 3 ) GLOBAL_UNCERTAINTY_ASSIGNED_CONTEXT ( ( #2897 ) ) GLOBAL_UNIT_ASSIGNED_CONTEXT ( ( #774, #2578, #2402 ) ) REPRESENTATION_CONTEXT ( 'NONE', 'WORKASPACE' ) );
#953 =( NAMED_UNIT ( * ) SI_UNIT ( $, .STERADIAN. ) SOLID_ANGLE_UNIT ( ) );
#954 =( NAMED_UNIT ( * ) SI_UNIT ( $, .STERADIAN. ) SOLID_ANGLE_UNIT ( ) );
#955 = VERTEX_POINT ( 'NONE', #2534 ) ;
#956 = STYLED_ITEM ( 'NONE', ( #487 ), #2136 ) ;
#957 = FACE_OUTER_BOUND ( 'NONE', #570, .T. ) ;
#958 = EDGE_CURVE ( 'NONE', #2070, #868, #2841, .T. ) ;
#959 = SURFACE_STYLE_USAGE ( .BOTH. , #1159 ) ;
#960 = FILL_AREA_STYLE_COLOUR ( '', #3034 ) ;
#961 = EDGE_CURVE ( 'NONE', #2798, #1209, #1584, .T. ) ;
#962 =( GEOMETRIC_REPRESENTATION_CONTEXT ( 3 ) GLOBAL_UNCERTAINTY_ASSIGNED_CONTEXT ( ( #2824 ) ) GLOBAL_UNIT_ASSIGNED_CONTEXT ( ( #2182, #1008, #2215 ) ) REPRESENTATION_CONTEXT ( 'NONE', 'WORKASPACE' ) );
#963 = PLANE ( 'NONE',  #2624 ) ;
#964 = CIRCLE ( 'NONE', #2882, 0.09999999999999982514 ) ;
#965 = DIRECTION ( 'NONE',  ( 1.000000000000000000, 0.000000000000000000, 1.084202172485504681E-16 ) ) ;
#966 = AXIS2_PLACEMENT_3D ( 'NONE', #2395, #2843, #2357 ) ;
#967 = SURFACE_SIDE_STYLE ('',( #2369 ) ) ;
#968 = CARTESIAN_POINT ( 'NONE',  ( 3.539999999999999591, -0.08000000000000000167, -1.150000000000000355 ) ) ;
#969 = VERTEX_POINT ( 'NONE', #1618 ) ;
#970 = ORIENTED_EDGE ( 'NONE', *, *, #2522, .T. ) ;
#971 = CARTESIAN_POINT ( 'NONE',  ( -3.899999999999998579, 0.01999999999999999695, -2.649999999999999911 ) ) ;
#972 = MECHANICAL_DESIGN_GEOMETRIC_PRESENTATION_REPRESENTATION (  '', ( #2832 ), #1118 ) ;
#973 = CARTESIAN_POINT ( 'NONE',  ( -0.06000000000000015737, -0.1600000000000000033, 2.449999999999999734 ) ) ;
#974 = COLOUR_RGB ( '',1.000000000000000000, 1.000000000000000000, 1.000000000000000000 ) ;
#975 = CARTESIAN_POINT ( 'NONE',  ( 3.539999999999999591, -0.1600000000000000033, 0.7999999999999999334 ) ) ;
#976 = MECHANICAL_DESIGN_GEOMETRIC_PRESENTATION_REPRESENTATION (  '', ( #686 ), #275 ) ;
#977 = LINE ( 'NONE', #81, #2644 ) ;
#978 = CARTESIAN_POINT ( 'NONE',  ( -0.8999999999999980238, -0.1600000000000000033, -2.449999999999999734 ) ) ;
#979 = PLANE ( 'NONE',  #2783 ) ;
#980 = DIRECTION ( 'NONE',  ( 0.000000000000000000, 0.000000000000000000, 1.000000000000000000 ) ) ;
#981 = EDGE_CURVE ( 'NONE', #2815, #2176, #431, .T. ) ;
#982 = FACE_OUTER_BOUND ( 'NONE', #379, .T. ) ;
#983 = CARTESIAN_POINT ( 'NONE',  ( 2.139999999999999680, -0.08000000000000000167, 1.449999999999999956 ) ) ;
#984 = DIRECTION ( 'NONE',  ( -0.000000000000000000, 0.000000000000000000, -1.000000000000000000 ) ) ;
#985 = ORIENTED_EDGE ( 'NONE', *, *, #195, .T. ) ;
#986 = VERTEX_POINT ( 'NONE', #1833 ) ;
#987 = PRESENTATION_STYLE_ASSIGNMENT (( #2142 ) ) ;
#988 = DIRECTION ( 'NONE',  ( 1.000000000000000000, 0.000000000000000000, -0.000000000000000000 ) ) ;
#989 =( LENGTH_UNIT ( ) NAMED_UNIT ( * ) SI_UNIT ( .MILLI., .METRE. ) );
#990 =( NAMED_UNIT ( * ) SI_UNIT ( $, .STERADIAN. ) SOLID_ANGLE_UNIT ( ) );
#991 = DIRECTION ( 'NONE',  ( 0.000000000000000000, 0.000000000000000000, -1.000000000000000000 ) ) ;
#992 = DIRECTION ( 'NONE',  ( 0.000000000000000000, 0.000000000000000000, 1.000000000000000000 ) ) ;
#993 = FACE_OUTER_BOUND ( 'NONE', #1779, .T. ) ;
#994 = SURFACE_SIDE_STYLE ('',( #303 ) ) ;
#995 = ADVANCED_FACE ( 'NONE', ( #2968 ), #2770, .F. ) ;
#996 = CARTESIAN_POINT ( 'NONE',  ( 3.539999999999999591, -0.08000000000000000167, -0.8000000000000001554 ) ) ;
#997 = VECTOR ( 'NONE', #1363, 1000.000000000000000 ) ;
#998 = DIRECTION ( 'NONE',  ( 0.000000000000000000, 0.000000000000000000, -1.000000000000000000 ) ) ;
#999 = ORIENTED_EDGE ( 'NONE', *, *, #2377, .F. ) ;
#1000 = ORIENTED_EDGE ( 'NONE', *, *, #2751, .T. ) ;
#1001 = CARTESIAN_POINT ( 'NONE',  ( 3.539999999999999591, -0.1600000000000000033, -1.150000000000000355 ) ) ;
#1002 = FILL_AREA_STYLE_COLOUR ( '', #1210 ) ;
#1003 = AXIS2_PLACEMENT_3D ( 'NONE', #2174, #998, #733 ) ;
#1004 = EDGE_CURVE ( 'NONE', #1725, #39, #637, .T. ) ;
#1005 = CIRCLE ( 'NONE', #3029, 0.09999999999999982514 ) ;
#1006 = PLANE ( 'NONE',  #1 ) ;
#1007 =( NAMED_UNIT ( * ) SI_UNIT ( $, .STERADIAN. ) SOLID_ANGLE_UNIT ( ) );
#1008 =( NAMED_UNIT ( * ) PLANE_ANGLE_UNIT ( ) SI_UNIT ( $, .RADIAN. ) );
#1009 = PRESENTATION_STYLE_ASSIGNMENT (( #2643 ) ) ;
#1010 = ORIENTED_EDGE ( 'NONE', *, *, #1622, .T. ) ;
#1011 = FACE_OUTER_BOUND ( 'NONE', #2267, .T. ) ;
#1012 =( NAMED_UNIT ( * ) PLANE_ANGLE_UNIT ( ) SI_UNIT ( $, .RADIAN. ) );
#1013 = VECTOR ( 'NONE', #1230, 1000.000000000000000 ) ;
#1014 = CARTESIAN_POINT ( 'NONE',  ( -0.4600000000000003531, -0.1600000000000000033, 0.1499999999999999667 ) ) ;
#1015 = STYLED_ITEM ( 'NONE', ( #454 ), #510 ) ;
#1016 = FACE_OUTER_BOUND ( 'NONE', #1553, .T. ) ;
#1017 = ORIENTED_EDGE ( 'NONE', *, *, #1722, .F. ) ;
#1018 = ORIENTED_EDGE ( 'NONE', *, *, #1448, .F. ) ;
#1019 = VECTOR ( 'NONE', #2246, 1000.000000000000000 ) ;
#1020 = FILL_AREA_STYLE ('',( #1541 ) ) ;
#1021 = UNCERTAINTY_MEASURE_WITH_UNIT (LENGTH_MEASURE( 1.000000000000000082E-05 ), #1429, 'distance_accuracy_value', 'NONE');
#1022 = COLOUR_RGB ( '',1.000000000000000000, 1.000000000000000000, 1.000000000000000000 ) ;
#1023 = DIRECTION ( 'NONE',  ( -0.7071067811865474617, 0.000000000000000000, -0.7071067811865474617 ) ) ;
#1024 = CIRCLE ( 'NONE', #1709, 0.09999999999999982514 ) ;
#1025 = ADVANCED_FACE ( 'NONE', ( #1107 ), #2592, .T. ) ;
#1026 = UNCERTAINTY_MEASURE_WITH_UNIT (LENGTH_MEASURE( 1.000000000000000082E-05 ), #2028, 'distance_accuracy_value', 'NONE');
#1027 = CARTESIAN_POINT ( 'NONE',  ( -0.06000000000000015737, -0.1600000000000000033, -2.449999999999999734 ) ) ;
#1028 = DIRECTION ( 'NONE',  ( 0.000000000000000000, 0.000000000000000000, -1.000000000000000000 ) ) ;
#1029 = ORIENTED_EDGE ( 'NONE', *, *, #1582, .F. ) ;
#1030 = CARTESIAN_POINT ( 'NONE',  ( 4.000000000000000000, -0.08000000000000000167, 2.649999999999999467 ) ) ;
#1031 = EDGE_LOOP ( 'NONE', ( #1082, #1475, #869, #881 ) ) ;
#1032 = ORIENTED_EDGE ( 'NONE', *, *, #1603, .T. ) ;
#1033 = LINE ( 'NONE', #2008, #2424 ) ;
#1034 = UNCERTAINTY_MEASURE_WITH_UNIT (LENGTH_MEASURE( 1.000000000000000082E-05 ), #2531, 'distance_accuracy_value', 'NONE');
#1035 = CARTESIAN_POINT ( 'NONE',  ( 3.900000000000000355, 0.8000000000000000444, 2.649999999999999467 ) ) ;
#1036 = DIRECTION ( 'NONE',  ( 0.000000000000000000, 0.000000000000000000, 1.000000000000000000 ) ) ;
#1037 = FILL_AREA_STYLE_COLOUR ( '', #2540 ) ;
#1038 = CARTESIAN_POINT ( 'NONE',  ( 3.539999999999999591, -0.1600000000000000033, 2.449999999999999734 ) ) ;
#1039 = PLANE ( 'NONE',  #1554 ) ;
#1040 = EDGE_CURVE ( 'NONE', #104, #821, #1346, .T. ) ;
#1041 = SURFACE_SIDE_STYLE ('',( #2958 ) ) ;
#1042 = FILL_AREA_STYLE ('',( #1499 ) ) ;
#1043 = EDGE_CURVE ( 'NONE', #2459, #547, #2888, .T. ) ;
#1044 = ORIENTED_EDGE ( 'NONE', *, *, #1674, .F. ) ;
#1045 = AXIS2_PLACEMENT_3D ( 'NONE', #558, #1669, #2654 ) ;
#1046 = EDGE_LOOP ( 'NONE', ( #985, #274, #734, #2411, #424, #489 ) ) ;
#1047 = ORIENTED_EDGE ( 'NONE', *, *, #179, .T. ) ;
#1048 = DIRECTION ( 'NONE',  ( 0.000000000000000000, 0.000000000000000000, -1.000000000000000000 ) ) ;
#1049 = DIRECTION ( 'NONE',  ( 0.000000000000000000, 0.000000000000000000, -1.000000000000000000 ) ) ;
#1050 = STYLED_ITEM ( 'NONE', ( #711 ), #1921 ) ;
#1051 = UNCERTAINTY_MEASURE_WITH_UNIT (LENGTH_MEASURE( 1.000000000000000082E-05 ), #69, 'distance_accuracy_value', 'NONE');
#1052 = CARTESIAN_POINT ( 'NONE',  ( 2.139999999999999680, -0.1600000000000000033, 0.000000000000000000 ) ) ;
#1053 = LINE ( 'NONE', #346, #1780 ) ;
#1054 = DIRECTION ( 'NONE',  ( -0.7071067811865474617, 0.000000000000000000, -0.7071067811865474617 ) ) ;
#1055 = CARTESIAN_POINT ( 'NONE',  ( -0.06000000000000015737, -0.1600000000000000033, -0.1499999999999999667 ) ) ;
#1056 = MECHANICAL_DESIGN_GEOMETRIC_PRESENTATION_REPRESENTATION (  '', ( #1841 ), #866 ) ;
#1057 = CARTESIAN_POINT ( 'NONE',  ( -3.539999999999998259, -0.1600000000000000033, 0.1499999999999999667 ) ) ;
#1058 = EDGE_CURVE ( 'NONE', #2444, #2222, #565, .T. ) ;
#1059 = CIRCLE ( 'NONE', #665, 0.09999999999999982514 ) ;
#1060 = EDGE_CURVE ( 'NONE', #2070, #2095, #1984, .T. ) ;
#1061 = COLOUR_RGB ( '',1.000000000000000000, 1.000000000000000000, 1.000000000000000000 ) ;
#1062 = FILL_AREA_STYLE_COLOUR ( '', #2338 ) ;
#1063 = VERTEX_POINT ( 'NONE', #1938 ) ;
#1064 = EDGE_LOOP ( 'NONE', ( #2518, #2099, #170, #2800 ) ) ;
#1065 = CARTESIAN_POINT ( 'NONE',  ( -3.499999999999998224, 0.8900000000000000133, 2.250000000000000000 ) ) ;
#1066 = FACE_OUTER_BOUND ( 'NONE', #2128, .T. ) ;
#1067 = VECTOR ( 'NONE', #746, 1000.000000000000000 ) ;
#1068 =( LENGTH_UNIT ( ) NAMED_UNIT ( * ) SI_UNIT ( .MILLI., .METRE. ) );
#1069 = VECTOR ( 'NONE', #2879, 1000.000000000000000 ) ;
#1070 =( NAMED_UNIT ( * ) PLANE_ANGLE_UNIT ( ) SI_UNIT ( $, .RADIAN. ) );
#1071 = PLANE ( 'NONE',  #2053 ) ;
#1072 =( GEOMETRIC_REPRESENTATION_CONTEXT ( 3 ) GLOBAL_UNCERTAINTY_ASSIGNED_CONTEXT ( ( #1515 ) ) GLOBAL_UNIT_ASSIGNED_CONTEXT ( ( #47, #492, #2164 ) ) REPRESENTATION_CONTEXT ( 'NONE', 'WORKASPACE' ) );
#1073 = CARTESIAN_POINT ( 'NONE',  ( -0.4600000000000003531, -0.1600000000000000033, -0.1499999999999999667 ) ) ;
#1074 = PRESENTATION_STYLE_ASSIGNMENT (( #368 ) ) ;
#1075 = PRESENTATION_LAYER_ASSIGNMENT (  '', '', ( #268 ) ) ;
#1076 = STYLED_ITEM ( 'NONE', ( #2997 ), #2924 ) ;
#1077 = VERTEX_POINT ( 'NONE', #2185 ) ;
#1078 = MECHANICAL_DESIGN_GEOMETRIC_PRESENTATION_REPRESENTATION (  '', ( #1265 ), #3051 ) ;
#1079 = EDGE_CURVE ( 'NONE', #2176, #1360, #52, .T. ) ;
#1080 = CARTESIAN_POINT ( 'NONE',  ( 0.000000000000000000, -0.08000000000000000167, 2.449999999999999734 ) ) ;
#1081 = VERTEX_POINT ( 'NONE', #2657 ) ;
#1082 = ORIENTED_EDGE ( 'NONE', *, *, #1946, .T. ) ;
#1083 = LINE ( 'NONE', #2024, #2590 ) ;
#1084 = CARTESIAN_POINT ( 'NONE',  ( -1.339999999999998304, -0.08000000000000000167, 2.449999999999999734 ) ) ;
#1085 = CARTESIAN_POINT ( 'NONE',  ( -3.539999999999998259, -0.1600000000000000033, 0.1499999999999999667 ) ) ;
#1086 =( NAMED_UNIT ( * ) SI_UNIT ( $, .STERADIAN. ) SOLID_ANGLE_UNIT ( ) );
#1087 = EDGE_LOOP ( 'NONE', ( #1755, #715, #3016, #2236 ) ) ;
#1088 = SURFACE_STYLE_FILL_AREA ( #1738 ) ;
#1089 = ORIENTED_EDGE ( 'NONE', *, *, #876, .F. ) ;
#1090 = VERTEX_POINT ( 'NONE', #1433 ) ;
#1091 = CARTESIAN_POINT ( 'NONE',  ( 2.139999999999999680, -0.08000000000000000167, -0.1499999999999999667 ) ) ;
#1092 = EDGE_CURVE ( 'NONE', #1550, #2081, #273, .T. ) ;
#1093 = CARTESIAN_POINT ( 'NONE',  ( 3.539999999999999591, -0.1600000000000000033, 1.449999999999999956 ) ) ;
#1094 =( LENGTH_UNIT ( ) NAMED_UNIT ( * ) SI_UNIT ( .MILLI., .METRE. ) );
#1095 = SURFACE_STYLE_USAGE ( .BOTH. , #147 ) ;
#1096 = ADVANCED_FACE ( 'NONE', ( #256 ), #103, .T. ) ;
#1097 =( GEOMETRIC_REPRESENTATION_CONTEXT ( 3 ) GLOBAL_UNCERTAINTY_ASSIGNED_CONTEXT ( ( #538 ) ) GLOBAL_UNIT_ASSIGNED_CONTEXT ( ( #888, #1367, #396 ) ) REPRESENTATION_CONTEXT ( 'NONE', 'WORKASPACE' ) );
#1098 = FILL_AREA_STYLE ('',( #1127 ) ) ;
#1099 = PRESENTATION_LAYER_ASSIGNMENT (  '', '', ( #1335 ) ) ;
#1100 =( GEOMETRIC_REPRESENTATION_CONTEXT ( 3 ) GLOBAL_UNCERTAINTY_ASSIGNED_CONTEXT ( ( #2209 ) ) GLOBAL_UNIT_ASSIGNED_CONTEXT ( ( #1472, #729, #2574 ) ) REPRESENTATION_CONTEXT ( 'NONE', 'WORKASPACE' ) );
#1101 = EDGE_LOOP ( 'NONE', ( #1928, #2280, #2078, #1880 ) ) ;
#1102 = COLOUR_RGB ( '',0.2941176470588235392, 0.2941176470588235392, 0.2941176470588235392 ) ;
#1103 = CARTESIAN_POINT ( 'NONE',  ( -0.06000000000000015737, -0.1600000000000000033, 2.449999999999999734 ) ) ;
#1104 = VERTEX_POINT ( 'NONE', #1673 ) ;
#1105 = ORIENTED_EDGE ( 'NONE', *, *, #590, .F. ) ;
#1106 = SPHERICAL_SURFACE ( 'NONE', #1587, 0.1000000000000000056 ) ;
#1107 = FACE_OUTER_BOUND ( 'NONE', #2982, .T. ) ;
#1108 =( LENGTH_UNIT ( ) NAMED_UNIT ( * ) SI_UNIT ( .MILLI., .METRE. ) );
#1109 = COLOUR_RGB ( '',1.000000000000000000, 1.000000000000000000, 1.000000000000000000 ) ;
#1110 =( NAMED_UNIT ( * ) SI_UNIT ( $, .STERADIAN. ) SOLID_ANGLE_UNIT ( ) );
#1111 =( NAMED_UNIT ( * ) PLANE_ANGLE_UNIT ( ) SI_UNIT ( $, .RADIAN. ) );
#1112 = ADVANCED_FACE ( 'NONE', ( #496 ), #979, .F. ) ;
#1113 = DIRECTION ( 'NONE',  ( 0.000000000000000000, 0.000000000000000000, -1.000000000000000000 ) ) ;
#1114 = COLOUR_RGB ( '',1.000000000000000000, 1.000000000000000000, 1.000000000000000000 ) ;
#1115 = AXIS2_PLACEMENT_3D ( 'NONE', #2633, #525, #1023 ) ;
#1116 = COLOUR_RGB ( '',1.000000000000000000, 1.000000000000000000, 1.000000000000000000 ) ;
#1117 = ORIENTED_EDGE ( 'NONE', *, *, #666, .F. ) ;
#1118 =( GEOMETRIC_REPRESENTATION_CONTEXT ( 3 ) GLOBAL_UNCERTAINTY_ASSIGNED_CONTEXT ( ( #811 ) ) GLOBAL_UNIT_ASSIGNED_CONTEXT ( ( #1588, #2526, #2306 ) ) REPRESENTATION_CONTEXT ( 'NONE', 'WORKASPACE' ) );
#1119 = PRESENTATION_LAYER_ASSIGNMENT (  '', '', ( #1358 ) ) ;
#1120 = CARTESIAN_POINT ( 'NONE',  ( 0.000000000000000000, -0.1600000000000000033, 0.000000000000000000 ) ) ;
#1121 = ORIENTED_EDGE ( 'NONE', *, *, #56, .F. ) ;
#1122 = ORIENTED_EDGE ( 'NONE', *, *, #165, .T. ) ;
#1123 = SURFACE_STYLE_FILL_AREA ( #458 ) ;
#1124 =( NAMED_UNIT ( * ) PLANE_ANGLE_UNIT ( ) SI_UNIT ( $, .RADIAN. ) );
#1125 = CARTESIAN_POINT ( 'NONE',  ( -3.999999999999998224, -0.08000000000000000167, -2.649999999999999911 ) ) ;
#1126 = CYLINDRICAL_SURFACE ( 'NONE', #2917, 0.1999999999999996503 ) ;
#1127 = FILL_AREA_STYLE_COLOUR ( '', #2355 ) ;
#1128 = EDGE_CURVE ( 'NONE', #536, #1962, #2972, .T. ) ;
#1129 = VERTEX_POINT ( 'NONE', #2718 ) ;
#1130 = ADVANCED_FACE ( 'NONE', ( #2266 ), #2686, .T. ) ;
#1131 = ORIENTED_EDGE ( 'NONE', *, *, #546, .F. ) ;
#1132 = ORIENTED_EDGE ( 'NONE', *, *, #747, .T. ) ;
#1133 = CARTESIAN_POINT ( 'NONE',  ( 3.539999999999999591, -0.1600000000000000033, -1.150000000000000355 ) ) ;
#1134 = SURFACE_STYLE_USAGE ( .BOTH. , #186 ) ;
#1135 = PRESENTATION_STYLE_ASSIGNMENT (( #188 ) ) ;
#1136 = STYLED_ITEM ( 'NONE', ( #2852 ), #1253 ) ;
#1137 = CARTESIAN_POINT ( 'NONE',  ( -1.339999999999998304, -0.1600000000000000033, 0.1499999999999999667 ) ) ;
#1138 = FILL_AREA_STYLE ('',( #448 ) ) ;
#1139 = AXIS2_PLACEMENT_3D ( 'NONE', #2226, #109, #2499 ) ;
#1140 = CARTESIAN_POINT ( 'NONE',  ( 0.000000000000000000, -0.08000000000000000167, 0.1499999999999999667 ) ) ;
#1141 = AXIS2_PLACEMENT_3D ( 'NONE', #296, #2365, #1242 ) ;
#1142 = MECHANICAL_DESIGN_GEOMETRIC_PRESENTATION_REPRESENTATION (  '', ( #402 ), #765 ) ;
#1143 = AXIS2_PLACEMENT_3D ( 'NONE', #2962, #804, #793 ) ;
#1144 =( LENGTH_UNIT ( ) NAMED_UNIT ( * ) SI_UNIT ( .MILLI., .METRE. ) );
#1145 = EDGE_CURVE ( 'NONE', #821, #544, #1575, .T. ) ;
#1146 = ORIENTED_EDGE ( 'NONE', *, *, #2048, .F. ) ;
#1147 = SURFACE_STYLE_FILL_AREA ( #1580 ) ;
#1148 =( LENGTH_UNIT ( ) NAMED_UNIT ( * ) SI_UNIT ( .MILLI., .METRE. ) );
#1149 = SURFACE_STYLE_FILL_AREA ( #2114 ) ;
#1150 = DIRECTION ( 'NONE',  ( -0.000000000000000000, -0.000000000000000000, 1.000000000000000000 ) ) ;
#1151 = ORIENTED_EDGE ( 'NONE', *, *, #607, .F. ) ;
#1152 = FILL_AREA_STYLE_COLOUR ( '', #2615 ) ;
#1153 =( NAMED_UNIT ( * ) PLANE_ANGLE_UNIT ( ) SI_UNIT ( $, .RADIAN. ) );
#1154 = DIRECTION ( 'NONE',  ( 0.000000000000000000, 0.000000000000000000, -1.000000000000000000 ) ) ;
#1155 = FACE_OUTER_BOUND ( 'NONE', #851, .T. ) ;
#1156 = FILL_AREA_STYLE ('',( #192 ) ) ;
#1157 = STYLED_ITEM ( 'NONE', ( #2936 ), #181 ) ;
#1158 = CARTESIAN_POINT ( 'NONE',  ( 2.539999999999999591, -0.1600000000000000033, -0.8000000000000001554 ) ) ;
#1159 = SURFACE_SIDE_STYLE ('',( #1189 ) ) ;
#1160 = VECTOR ( 'NONE', #2706, 1000.000000000000000 ) ;
#1161 = ORIENTED_EDGE ( 'NONE', *, *, #1567, .T. ) ;
#1162 = MECHANICAL_DESIGN_GEOMETRIC_PRESENTATION_REPRESENTATION (  '', ( #1400 ), #1305 ) ;
#1163 = AXIS2_PLACEMENT_3D ( 'NONE', #687, #1620, #1154 ) ;
#1164 =( LENGTH_UNIT ( ) NAMED_UNIT ( * ) SI_UNIT ( .MILLI., .METRE. ) );
#1165 = PRESENTATION_LAYER_ASSIGNMENT (  '', '', ( #2832 ) ) ;
#1166 =( LENGTH_UNIT ( ) NAMED_UNIT ( * ) SI_UNIT ( .MILLI., .METRE. ) );
#1167 = ORIENTED_EDGE ( 'NONE', *, *, #2810, .T. ) ;
#1168 = LINE ( 'NONE', #650, #997 ) ;
#1169 = COLOUR_RGB ( '',0.2941176470588235392, 0.2941176470588235392, 0.2941176470588235392 ) ;
#1170 = DIRECTION ( 'NONE',  ( -1.000000000000000000, 0.000000000000000000, -0.000000000000000000 ) ) ;
#1171 = FILL_AREA_STYLE_COLOUR ( '', #1598 ) ;
#1172 = ORIENTED_EDGE ( 'NONE', *, *, #802, .F. ) ;
#1173 = DIRECTION ( 'NONE',  ( 0.000000000000000000, 0.000000000000000000, 1.000000000000000000 ) ) ;
#1174 = PLANE ( 'NONE',  #2399 ) ;
#1175 = EDGE_CURVE ( 'NONE', #182, #2671, #593, .T. ) ;
#1176 = PRESENTATION_STYLE_ASSIGNMENT (( #1870 ) ) ;
#1177 = PRESENTATION_STYLE_ASSIGNMENT (( #1684 ) ) ;
#1178 = PRESENTATION_STYLE_ASSIGNMENT (( #2340 ) ) ;
#1179 = FILL_AREA_STYLE_COLOUR ( '', #2379 ) ;
#1180 = LINE ( 'NONE', #846, #726 ) ;
#1181 = CARTESIAN_POINT ( 'NONE',  ( 0.000000000000000000, -0.08000000000000000167, 2.449999999999999734 ) ) ;
#1182 = EDGE_LOOP ( 'NONE', ( #2849, #1569, #2708, #1167 ) ) ;
#1183 = UNCERTAINTY_MEASURE_WITH_UNIT (LENGTH_MEASURE( 1.000000000000000082E-05 ), #387, 'distance_accuracy_value', 'NONE');
#1184 = ADVANCED_FACE ( 'NONE', ( #2231 ), #2289, .F. ) ;
#1185 =( NAMED_UNIT ( * ) SI_UNIT ( $, .STERADIAN. ) SOLID_ANGLE_UNIT ( ) );
#1186 = DIRECTION ( 'NONE',  ( 1.000000000000000000, -0.000000000000000000, -0.000000000000000000 ) ) ;
#1187 = EDGE_CURVE ( 'NONE', #615, #2798, #549, .T. ) ;
#1188 =( GEOMETRIC_REPRESENTATION_CONTEXT ( 3 ) GLOBAL_UNCERTAINTY_ASSIGNED_CONTEXT ( ( #10 ) ) GLOBAL_UNIT_ASSIGNED_CONTEXT ( ( #2320, #1854, #237 ) ) REPRESENTATION_CONTEXT ( 'NONE', 'WORKASPACE' ) );
#1189 = SURFACE_STYLE_FILL_AREA ( #2589 ) ;
#1190 =( NAMED_UNIT ( * ) PLANE_ANGLE_UNIT ( ) SI_UNIT ( $, .RADIAN. ) );
#1191 = DIRECTION ( 'NONE',  ( 1.000000000000000000, -0.000000000000000000, 0.000000000000000000 ) ) ;
#1192 = PRESENTATION_LAYER_ASSIGNMENT (  '', '', ( #402 ) ) ;
#1193 = ORIENTED_EDGE ( 'NONE', *, *, #1351, .F. ) ;
#1194 = ORIENTED_EDGE ( 'NONE', *, *, #234, .T. ) ;
#1195 =( NAMED_UNIT ( * ) SI_UNIT ( $, .STERADIAN. ) SOLID_ANGLE_UNIT ( ) );
#1196 = DIRECTION ( 'NONE',  ( 0.000000000000000000, 0.000000000000000000, -1.000000000000000000 ) ) ;
#1197 =( NAMED_UNIT ( * ) SI_UNIT ( $, .STERADIAN. ) SOLID_ANGLE_UNIT ( ) );
#1198 =( NAMED_UNIT ( * ) SI_UNIT ( $, .STERADIAN. ) SOLID_ANGLE_UNIT ( ) );
#1199 = ADVANCED_FACE ( 'NONE', ( #1291 ), #2468, .F. ) ;
#1200 = DIRECTION ( 'NONE',  ( -0.000000000000000000, -1.000000000000000000, -0.000000000000000000 ) ) ;
#1201 = VERTEX_POINT ( 'NONE', #2795 ) ;
#1202 = VECTOR ( 'NONE', #2380, 1000.000000000000000 ) ;
#1203 = PRESENTATION_LAYER_ASSIGNMENT (  '', '', ( #1157 ) ) ;
#1204 = CARTESIAN_POINT ( 'NONE',  ( 2.139999999999999680, -0.1600000000000000033, 1.449999999999999956 ) ) ;
#1205 =( NAMED_UNIT ( * ) PLANE_ANGLE_UNIT ( ) SI_UNIT ( $, .RADIAN. ) );
#1206 = COLOUR_RGB ( '',0.2941176470588235392, 0.2941176470588235392, 0.2941176470588235392 ) ;
#1207 = AXIS2_PLACEMENT_3D ( 'NONE', #1322, #2089, #2104 ) ;
#1208 = DIRECTION ( 'NONE',  ( 0.000000000000000000, 0.000000000000000000, -1.000000000000000000 ) ) ;
#1209 = VERTEX_POINT ( 'NONE', #899 ) ;
#1210 = COLOUR_RGB ( '',1.000000000000000000, 1.000000000000000000, 1.000000000000000000 ) ;
#1211 = VERTEX_POINT ( 'NONE', #3061 ) ;
#1212 = FACE_OUTER_BOUND ( 'NONE', #1182, .T. ) ;
#1213 = PRESENTATION_LAYER_ASSIGNMENT (  '', '', ( #34 ) ) ;
#1214 = SURFACE_STYLE_FILL_AREA ( #539 ) ;
#1215 = CARTESIAN_POINT ( 'NONE',  ( -3.539999999999998259, -0.1600000000000000033, -0.1499999999999999667 ) ) ;
#1216 = COLOUR_RGB ( '',1.000000000000000000, 1.000000000000000000, 1.000000000000000000 ) ;
#1217 = FILL_AREA_STYLE_COLOUR ( '', #1206 ) ;
#1218 =( NAMED_UNIT ( * ) SI_UNIT ( $, .STERADIAN. ) SOLID_ANGLE_UNIT ( ) );
#1219 = ORIENTED_EDGE ( 'NONE', *, *, #744, .F. ) ;
#1220 = ADVANCED_FACE ( 'NONE', ( #702 ), #1605, .T. ) ;
#1221 = LINE ( 'NONE', #1941, #2687 ) ;
#1222 = DIRECTION ( 'NONE',  ( -0.000000000000000000, -1.000000000000000000, -0.000000000000000000 ) ) ;
#1223 = ORIENTED_EDGE ( 'NONE', *, *, #1946, .F. ) ;
#1224 = EDGE_LOOP ( 'NONE', ( #1568, #2270, #2386, #2080 ) ) ;
#1225 = DIRECTION ( 'NONE',  ( -0.000000000000000000, -1.000000000000000000, 0.000000000000000000 ) ) ;
#1226 = APPLICATION_PROTOCOL_DEFINITION ( 'draft international standard', 'automotive_design', 1998, #2581 ) ;
#1227 = FILL_AREA_STYLE ('',( #1699 ) ) ;
#1228 = FILL_AREA_STYLE ('',( #1496 ) ) ;
#1229 = CARTESIAN_POINT ( 'NONE',  ( -3.899999999999998579, -0.08000000000000000167, 2.749999999999999556 ) ) ;
#1230 = DIRECTION ( 'NONE',  ( -0.000000000000000000, -1.000000000000000000, -0.000000000000000000 ) ) ;
#1231 =( NAMED_UNIT ( * ) PLANE_ANGLE_UNIT ( ) SI_UNIT ( $, .RADIAN. ) );
#1232 = STYLED_ITEM ( 'NONE', ( #2456 ), #1184 ) ;
#1233 = CARTESIAN_POINT ( 'NONE',  ( -0.8999999999999980238, -0.1600000000000000033, 2.449999999999999734 ) ) ;
#1234 = STYLED_ITEM ( 'NONE', ( #2681 ), #1409 ) ;
#1235 = PRODUCT ( 'TBU-RS055-300-WH', 'TBU-RS055-300-WH', '', ( #1424 ) ) ;
#1236 = LINE ( 'NONE', #2191, #124 ) ;
#1237 = ADVANCED_FACE ( 'NONE', ( #1414 ), #1839, .F. ) ;
#1238 = VECTOR ( 'NONE', #172, 1000.000000000000000 ) ;
#1239 = LINE ( 'NONE', #1552, #2046 ) ;
#1240 = VERTEX_POINT ( 'NONE', #48 ) ;
#1241 = ORIENTED_EDGE ( 'NONE', *, *, #1128, .F. ) ;
#1242 = DIRECTION ( 'NONE',  ( 0.000000000000000000, 0.000000000000000000, -1.000000000000000000 ) ) ;
#1243 = UNCERTAINTY_MEASURE_WITH_UNIT (LENGTH_MEASURE( 1.000000000000000082E-05 ), #2612, 'distance_accuracy_value', 'NONE');
#1244 = MECHANICAL_DESIGN_GEOMETRIC_PRESENTATION_REPRESENTATION (  '', ( #864 ), #2979 ) ;
#1245 = FILL_AREA_STYLE ('',( #1744 ) ) ;
#1246 = MECHANICAL_DESIGN_GEOMETRIC_PRESENTATION_REPRESENTATION (  '', ( #2923 ), #566 ) ;
#1247 = FILL_AREA_STYLE ('',( #1217 ) ) ;
#1248 = PRESENTATION_STYLE_ASSIGNMENT (( #576 ) ) ;
#1249 =( NAMED_UNIT ( * ) SI_UNIT ( $, .STERADIAN. ) SOLID_ANGLE_UNIT ( ) );
#1250 = EDGE_LOOP ( 'NONE', ( #2492, #2649, #3053, #1875 ) ) ;
#1251 =( NAMED_UNIT ( * ) PLANE_ANGLE_UNIT ( ) SI_UNIT ( $, .RADIAN. ) );
#1252 = CIRCLE ( 'NONE', #1855, 0.09999999999999982514 ) ;
#1253 = ADVANCED_FACE ( 'NONE', ( #957 ), #1006, .T. ) ;
#1254 = AXIS2_PLACEMENT_3D ( 'NONE', #2183, #2149, #1685 ) ;
#1255 =( LENGTH_UNIT ( ) NAMED_UNIT ( * ) SI_UNIT ( .MILLI., .METRE. ) );
#1256 = UNCERTAINTY_MEASURE_WITH_UNIT (LENGTH_MEASURE( 1.000000000000000082E-05 ), #1379, 'distance_accuracy_value', 'NONE');
#1257 = CARTESIAN_POINT ( 'NONE',  ( -1.339999999999998304, -0.1600000000000000033, -0.1499999999999999667 ) ) ;
#1258 = UNCERTAINTY_MEASURE_WITH_UNIT (LENGTH_MEASURE( 1.000000000000000082E-05 ), #196, 'distance_accuracy_value', 'NONE');
#1259 = CARTESIAN_POINT ( 'NONE',  ( -1.339999999999998304, -0.08000000000000000167, 0.000000000000000000 ) ) ;
#1260 = VECTOR ( 'NONE', #1758, 1000.000000000000000 ) ;
#1261 = EDGE_CURVE ( 'NONE', #1740, #775, #2407, .T. ) ;
#1262 = UNCERTAINTY_MEASURE_WITH_UNIT (LENGTH_MEASURE( 1.000000000000000082E-05 ), #2565, 'distance_accuracy_value', 'NONE');
#1263 = CARTESIAN_POINT ( 'NONE',  ( -0.06000000000000015737, -0.1600000000000000033, 0.1499999999999999667 ) ) ;
#1264 = LINE ( 'NONE', #1027, #1608 ) ;
#1265 = STYLED_ITEM ( 'NONE', ( #1392 ), #53 ) ;
#1266 = DIRECTION ( 'NONE',  ( 1.000000000000000000, 0.000000000000000000, -0.000000000000000000 ) ) ;
#1267 = EDGE_LOOP ( 'NONE', ( #1672, #1591, #2474, #3042 ) ) ;
#1268 = DIRECTION ( 'NONE',  ( 1.000000000000000000, -0.000000000000000000, 0.000000000000000000 ) ) ;
#1269 = ORIENTED_EDGE ( 'NONE', *, *, #308, .T. ) ;
#1270 = ORIENTED_EDGE ( 'NONE', *, *, #1549, .T. ) ;
#1271 = DIRECTION ( 'NONE',  ( -0.000000000000000000, 0.000000000000000000, -1.000000000000000000 ) ) ;
#1272 = PLANE ( 'NONE',  #1461 ) ;
#1273 =( NAMED_UNIT ( * ) SI_UNIT ( $, .STERADIAN. ) SOLID_ANGLE_UNIT ( ) );
#1274 = EDGE_CURVE ( 'NONE', #1438, #522, #2636, .T. ) ;
#1275 = SURFACE_STYLE_USAGE ( .BOTH. , #1480 ) ;
#1276 = SURFACE_SIDE_STYLE ('',( #2263 ) ) ;
#1277 = CARTESIAN_POINT ( 'NONE',  ( -3.539999999999998259, -0.1600000000000000033, 2.350000000000000089 ) ) ;
#1278 = ADVANCED_FACE ( 'NONE', ( #784 ), #1718, .T. ) ;
#1279 = CARTESIAN_POINT ( 'NONE',  ( -3.899999999999998579, 0.01999999999999999695, -2.649999999999999911 ) ) ;
#1280 = MECHANICAL_DESIGN_GEOMETRIC_PRESENTATION_REPRESENTATION (  '', ( #3015 ), #1188 ) ;
#1281 =( NAMED_UNIT ( * ) SI_UNIT ( $, .STERADIAN. ) SOLID_ANGLE_UNIT ( ) );
#1282 = ORIENTED_EDGE ( 'NONE', *, *, #334, .F. ) ;
#1283 = PRESENTATION_LAYER_ASSIGNMENT (  '', '', ( #1583 ) ) ;
#1284 = ORIENTED_EDGE ( 'NONE', *, *, #3004, .T. ) ;
#1285 = FACE_OUTER_BOUND ( 'NONE', #585, .T. ) ;
#1286 = SURFACE_STYLE_FILL_AREA ( #1020 ) ;
#1287 = LINE ( 'NONE', #1052, #270 ) ;
#1288 = STYLED_ITEM ( 'NONE', ( #484 ), #1986 ) ;
#1289 = DIRECTION ( 'NONE',  ( 0.000000000000000000, 0.000000000000000000, 1.000000000000000000 ) ) ;
#1290 = VECTOR ( 'NONE', #1885, 1000.000000000000000 ) ;
#1291 = FACE_OUTER_BOUND ( 'NONE', #329, .T. ) ;
#1292 = CLOSED_SHELL ( 'NONE', ( #1315, #2826, #114, #134, #2067, #2324, #763, #102, #2881, #724, #1547, #1736, #1925, #1409, #1199, #2452, #1828, #1503, #2830, #2714, #2079, #531, #2807, #1112, #1490, #469, #1184, #1237, #2735, #3058, #181, #41, #548, #145, #995, #289, #587, #1921, #276, #128, #1986, #1253, #2642, #3017, #2691, #1220, #510, #2006, #2924, #630, #908, #491, #626, #2966, #1096, #1278, #2505, #3006, #891, #449, #2594, #2136, #2553, #1025, #208, #1911, #95, #1443, #2635 ) ) ;
#1293 = EDGE_LOOP ( 'NONE', ( #295, #2052, #760, #628, #1625, #354 ) ) ;
#1294 = PRESENTATION_LAYER_ASSIGNMENT (  '', '', ( #2778 ) ) ;
#1295 =( LENGTH_UNIT ( ) NAMED_UNIT ( * ) SI_UNIT ( .MILLI., .METRE. ) );
#1296 = CARTESIAN_POINT ( 'NONE',  ( 3.900000000000000355, 0.8000000000000000444, -2.649999999999999911 ) ) ;
#1297 = ORIENTED_EDGE ( 'NONE', *, *, #1312, .F. ) ;
#1298 = MECHANICAL_DESIGN_GEOMETRIC_PRESENTATION_REPRESENTATION (  '', ( #1999 ), #1449 ) ;
#1299 = ORIENTED_EDGE ( 'NONE', *, *, #961, .T. ) ;
#1300 = DIRECTION ( 'NONE',  ( 0.000000000000000000, 1.000000000000000000, 0.000000000000000000 ) ) ;
#1301 =( GEOMETRIC_REPRESENTATION_CONTEXT ( 3 ) GLOBAL_UNCERTAINTY_ASSIGNED_CONTEXT ( ( #736 ) ) GLOBAL_UNIT_ASSIGNED_CONTEXT ( ( #1849, #683, #1375 ) ) REPRESENTATION_CONTEXT ( 'NONE', 'WORKASPACE' ) );
#1302 = AXIS2_PLACEMENT_3D ( 'NONE', #1551, #2692, #2926 ) ;
#1303 = SURFACE_STYLE_FILL_AREA ( #1543 ) ;
#1304 = DIRECTION ( 'NONE',  ( 0.000000000000000000, 0.000000000000000000, 1.000000000000000000 ) ) ;
#1305 =( GEOMETRIC_REPRESENTATION_CONTEXT ( 3 ) GLOBAL_UNCERTAINTY_ASSIGNED_CONTEXT ( ( #1051 ) ) GLOBAL_UNIT_ASSIGNED_CONTEXT ( ( #69, #543, #1086 ) ) REPRESENTATION_CONTEXT ( 'NONE', 'WORKASPACE' ) );
#1306 =( LENGTH_UNIT ( ) NAMED_UNIT ( * ) SI_UNIT ( .MILLI., .METRE. ) );
#1307 = LINE ( 'NONE', #907, #257 ) ;
#1308 =( GEOMETRIC_REPRESENTATION_CONTEXT ( 3 ) GLOBAL_UNCERTAINTY_ASSIGNED_CONTEXT ( ( #2679 ) ) GLOBAL_UNIT_ASSIGNED_CONTEXT ( ( #2747, #640, #2774 ) ) REPRESENTATION_CONTEXT ( 'NONE', 'WORKASPACE' ) );
#1309 = CARTESIAN_POINT ( 'NONE',  ( -3.899999999999998579, 0.8000000000000000444, 2.649999999999999467 ) ) ;
#1310 = CIRCLE ( 'NONE', #2501, 0.09999999999999982514 ) ;
#1311 = VERTEX_POINT ( 'NONE', #2145 ) ;
#1312 = EDGE_CURVE ( 'NONE', #3005, #1063, #32, .T. ) ;
#1313 = FACE_OUTER_BOUND ( 'NONE', #1250, .T. ) ;
#1314 = ORIENTED_EDGE ( 'NONE', *, *, #1597, .T. ) ;
#1315 = ADVANCED_FACE ( 'NONE', ( #2390 ), #2462, .F. ) ;
#1316 = EDGE_LOOP ( 'NONE', ( #1927, #1411, #1565, #2342 ) ) ;
#1317 = DIRECTION ( 'NONE',  ( -0.000000000000000000, -1.000000000000000000, 0.000000000000000000 ) ) ;
#1318 = CARTESIAN_POINT ( 'NONE',  ( -3.899999999999999023, -0.08000000000000000167, -2.750000000000000000 ) ) ;
#1319 = FILL_AREA_STYLE_COLOUR ( '', #5 ) ;
#1320 = DIRECTION ( 'NONE',  ( 1.000000000000000000, 0.000000000000000000, 0.000000000000000000 ) ) ;
#1321 = SURFACE_STYLE_USAGE ( .BOTH. , #1276 ) ;
#1322 = CARTESIAN_POINT ( 'NONE',  ( -0.4600000000000003531, -0.1600000000000000033, 0.1499999999999999667 ) ) ;
#1323 =( NAMED_UNIT ( * ) PLANE_ANGLE_UNIT ( ) SI_UNIT ( $, .RADIAN. ) );
#1324 = VERTEX_POINT ( 'NONE', #96 ) ;
#1325 = ORIENTED_EDGE ( 'NONE', *, *, #353, .F. ) ;
#1326 = VERTEX_POINT ( 'NONE', #2211 ) ;
#1327 =( NAMED_UNIT ( * ) SI_UNIT ( $, .STERADIAN. ) SOLID_ANGLE_UNIT ( ) );
#1328 = PRESENTATION_LAYER_ASSIGNMENT (  '', '', ( #1136 ) ) ;
#1329 = DIRECTION ( 'NONE',  ( -0.000000000000000000, -1.000000000000000000, -0.000000000000000000 ) ) ;
#1330 = EDGE_CURVE ( 'NONE', #1090, #231, #1053, .T. ) ;
#1331 = VECTOR ( 'NONE', #1834, 1000.000000000000000 ) ;
#1332 = CARTESIAN_POINT ( 'NONE',  ( -3.899999999999998579, 0.8000000000000000444, 0.000000000000000000 ) ) ;
#1333 = FILL_AREA_STYLE ('',( #1573 ) ) ;
#1334 = DIRECTION ( 'NONE',  ( 0.000000000000000000, 1.000000000000000000, 0.000000000000000000 ) ) ;
#1335 = STYLED_ITEM ( 'NONE', ( #2766 ), #1911 ) ;
#1336 =( GEOMETRIC_REPRESENTATION_CONTEXT ( 3 ) GLOBAL_UNCERTAINTY_ASSIGNED_CONTEXT ( ( #1966 ) ) GLOBAL_UNIT_ASSIGNED_CONTEXT ( ( #1939, #1012, #1958 ) ) REPRESENTATION_CONTEXT ( 'NONE', 'WORKASPACE' ) );
#1337 =( LENGTH_UNIT ( ) NAMED_UNIT ( * ) SI_UNIT ( .MILLI., .METRE. ) );
#1338 = CARTESIAN_POINT ( 'NONE',  ( 3.900000000000000355, 0.8000000000000000444, 2.649999999999999467 ) ) ;
#1339 = ORIENTED_EDGE ( 'NONE', *, *, #1145, .F. ) ;
#1340 = CLOSED_SHELL ( 'NONE', ( #1130, #1529, #2699, #2307 ) ) ;
#1341 = ORIENTED_EDGE ( 'NONE', *, *, #1680, .F. ) ;
#1342 = ORIENTED_EDGE ( 'NONE', *, *, #790, .F. ) ;
#1343 = FACE_OUTER_BOUND ( 'NONE', #1267, .T. ) ;
#1344 = DIRECTION ( 'NONE',  ( 0.000000000000000000, 0.000000000000000000, -1.000000000000000000 ) ) ;
#1345 = LINE ( 'NONE', #2300, #1331 ) ;
#1346 = CIRCLE ( 'NONE', #2487, 0.1999999999999996503 ) ;
#1347 = PRESENTATION_LAYER_ASSIGNMENT (  '', '', ( #770 ) ) ;
#1348 = SURFACE_STYLE_USAGE ( .BOTH. , #3002 ) ;
#1349 = AXIS2_PLACEMENT_3D ( 'NONE', #1765, #376, #131 ) ;
#1350 = SURFACE_SIDE_STYLE ('',( #415 ) ) ;
#1351 = EDGE_CURVE ( 'NONE', #280, #1326, #2479, .T. ) ;
#1352 = AXIS2_PLACEMENT_3D ( 'NONE', #269, #1949, #2378 ) ;
#1353 = SURFACE_SIDE_STYLE ('',( #2551 ) ) ;
#1354 = PRESENTATION_LAYER_ASSIGNMENT (  '', '', ( #919 ) ) ;
#1355 = AXIS2_PLACEMENT_3D ( 'NONE', #815, #2683, #845 ) ;
#1356 = EDGE_LOOP ( 'NONE', ( #1047, #1615, #483, #1903 ) ) ;
#1357 = VECTOR ( 'NONE', #1366, 1000.000000000000000 ) ;
#1358 = STYLED_ITEM ( 'NONE', ( #2239 ), #2826 ) ;
#1359 = PLANE ( 'NONE',  #1115 ) ;
#1360 = VERTEX_POINT ( 'NONE', #2260 ) ;
#1361 = PRESENTATION_LAYER_ASSIGNMENT (  '', '', ( #632 ) ) ;
#1362 = ORIENTED_EDGE ( 'NONE', *, *, #1274, .T. ) ;
#1363 = DIRECTION ( 'NONE',  ( 1.000000000000000000, 0.000000000000000000, -0.000000000000000000 ) ) ;
#1364 =( NAMED_UNIT ( * ) SI_UNIT ( $, .STERADIAN. ) SOLID_ANGLE_UNIT ( ) );
#1365 = FACE_OUTER_BOUND ( 'NONE', #105, .T. ) ;
#1366 = DIRECTION ( 'NONE',  ( 1.000000000000000000, -0.000000000000000000, 0.000000000000000000 ) ) ;
#1367 =( NAMED_UNIT ( * ) PLANE_ANGLE_UNIT ( ) SI_UNIT ( $, .RADIAN. ) );
#1368 = LINE ( 'NONE', #1137, #725 ) ;
#1369 = FILL_AREA_STYLE ('',( #947 ) ) ;
#1370 = EDGE_CURVE ( 'NONE', #708, #2876, #2730, .T. ) ;
#1371 = EDGE_LOOP ( 'NONE', ( #419, #2963, #1223 ) ) ;
#1372 = SURFACE_SIDE_STYLE ('',( #1404 ) ) ;
#1373 = ORIENTED_EDGE ( 'NONE', *, *, #1734, .F. ) ;
#1374 = SURFACE_STYLE_FILL_AREA ( #2985 ) ;
#1375 =( NAMED_UNIT ( * ) SI_UNIT ( $, .STERADIAN. ) SOLID_ANGLE_UNIT ( ) );
#1376 = PRESENTATION_LAYER_ASSIGNMENT (  '', '', ( #1232 ) ) ;
#1377 = DIRECTION ( 'NONE',  ( 0.000000000000000000, 0.000000000000000000, -1.000000000000000000 ) ) ;
#1378 =( GEOMETRIC_REPRESENTATION_CONTEXT ( 3 ) GLOBAL_UNCERTAINTY_ASSIGNED_CONTEXT ( ( #1243 ) ) GLOBAL_UNIT_ASSIGNED_CONTEXT ( ( #2612, #2417, #1195 ) ) REPRESENTATION_CONTEXT ( 'NONE', 'WORKASPACE' ) );
#1379 =( LENGTH_UNIT ( ) NAMED_UNIT ( * ) SI_UNIT ( .MILLI., .METRE. ) );
#1380 = EDGE_CURVE ( 'NONE', #392, #1538, #1528, .T. ) ;
#1381 = SURFACE_STYLE_USAGE ( .BOTH. , #1645 ) ;
#1382 = VECTOR ( 'NONE', #2660, 1000.000000000000000 ) ;
#1383 = FACE_OUTER_BOUND ( 'NONE', #1224, .T. ) ;
#1384 = VERTEX_POINT ( 'NONE', #843 ) ;
#1385 = SURFACE_STYLE_FILL_AREA ( #1877 ) ;
#1386 = CIRCLE ( 'NONE', #2525, 0.1999999999999996503 ) ;
#1387 = SURFACE_STYLE_USAGE ( .BOTH. , #2559 ) ;
#1388 = LINE ( 'NONE', #161, #659 ) ;
#1389 = ORIENTED_EDGE ( 'NONE', *, *, #1871, .T. ) ;
#1390 = UNCERTAINTY_MEASURE_WITH_UNIT (LENGTH_MEASURE( 1.000000000000000082E-05 ), #2026, 'distance_accuracy_value', 'NONE');
#1391 = DIRECTION ( 'NONE',  ( 1.000000000000000000, 0.000000000000000000, -0.000000000000000000 ) ) ;
#1392 = PRESENTATION_STYLE_ASSIGNMENT (( #46 ) ) ;
#1393 = PRESENTATION_STYLE_ASSIGNMENT (( #2303 ) ) ;
#1394 =( LENGTH_UNIT ( ) NAMED_UNIT ( * ) SI_UNIT ( .MILLI., .METRE. ) );
#1395 = AXIS2_PLACEMENT_3D ( 'NONE', #284, #1466, #2885 ) ;
#1396 = FILL_AREA_STYLE_COLOUR ( '', #1114 ) ;
#1397 =( NAMED_UNIT ( * ) SI_UNIT ( $, .STERADIAN. ) SOLID_ANGLE_UNIT ( ) );
#1398 = STYLED_ITEM ( 'NONE', ( #1009 ), #1112 ) ;
#1399 =( NAMED_UNIT ( * ) SI_UNIT ( $, .STERADIAN. ) SOLID_ANGLE_UNIT ( ) );
#1400 = STYLED_ITEM ( 'NONE', ( #285 ), #626 ) ;
#1401 = VECTOR ( 'NONE', #2820, 1000.000000000000000 ) ;
#1402 = EDGE_CURVE ( 'NONE', #2696, #943, #1979, .T. ) ;
#1403 =( GEOMETRIC_REPRESENTATION_CONTEXT ( 3 ) GLOBAL_UNCERTAINTY_ASSIGNED_CONTEXT ( ( #944 ) ) GLOBAL_UNIT_ASSIGNED_CONTEXT ( ( #1068, #540, #1273 ) ) REPRESENTATION_CONTEXT ( 'NONE', 'WORKASPACE' ) );
#1404 = SURFACE_STYLE_FILL_AREA ( #242 ) ;
#1405 = CARTESIAN_POINT ( 'NONE',  ( 2.539999999999999591, -0.08000000000000000167, -0.8000000000000001554 ) ) ;
#1406 = COLOUR_RGB ( '',0.7921568627450980005, 0.8196078431372548767, 0.9333333333333333481 ) ;
#1407 = FACE_OUTER_BOUND ( 'NONE', #2929, .T. ) ;
#1408 =( GEOMETRIC_REPRESENTATION_CONTEXT ( 3 ) GLOBAL_UNCERTAINTY_ASSIGNED_CONTEXT ( ( #2437 ) ) GLOBAL_UNIT_ASSIGNED_CONTEXT ( ( #434, #1153, #505 ) ) REPRESENTATION_CONTEXT ( 'NONE', 'WORKASPACE' ) );
#1409 = ADVANCED_FACE ( 'NONE', ( #574 ), #2242, .F. ) ;
#1410 = CARTESIAN_POINT ( 'NONE',  ( 3.900000000000000355, -0.08000000000000000167, 2.649999999999999467 ) ) ;
#1411 = ORIENTED_EDGE ( 'NONE', *, *, #375, .F. ) ;
#1412 = CARTESIAN_POINT ( 'NONE',  ( 2.139999999999999680, -0.08000000000000000167, 0.000000000000000000 ) ) ;
#1413 = LINE ( 'NONE', #249, #3045 ) ;
#1414 = FACE_OUTER_BOUND ( 'NONE', #597, .T. ) ;
#1415 =( NAMED_UNIT ( * ) SI_UNIT ( $, .STERADIAN. ) SOLID_ANGLE_UNIT ( ) );
#1416 = ORIENTED_EDGE ( 'NONE', *, *, #2857, .F. ) ;
#1417 =( NAMED_UNIT ( * ) SI_UNIT ( $, .STERADIAN. ) SOLID_ANGLE_UNIT ( ) );
#1418 = SURFACE_SIDE_STYLE ('',( #2626 ) ) ;
#1419 = FACE_OUTER_BOUND ( 'NONE', #3052, .T. ) ;
#1420 = DIRECTION ( 'NONE',  ( 0.000000000000000000, 0.000000000000000000, -1.000000000000000000 ) ) ;
#1421 = ORIENTED_EDGE ( 'NONE', *, *, #255, .T. ) ;
#1422 = ORIENTED_EDGE ( 'NONE', *, *, #2250, .T. ) ;
#1423 = LINE ( 'NONE', #2863, #859 ) ;
#1424 = PRODUCT_CONTEXT ( 'NONE', #2581, 'mechanical' ) ;
#1425 = EDGE_CURVE ( 'NONE', #2671, #2754, #119, .T. ) ;
#1426 = DIRECTION ( 'NONE',  ( 0.000000000000000000, 0.000000000000000000, 1.000000000000000000 ) ) ;
#1427 = DIRECTION ( 'NONE',  ( 0.000000000000000000, -0.000000000000000000, 1.000000000000000000 ) ) ;
#1428 =( NAMED_UNIT ( * ) PLANE_ANGLE_UNIT ( ) SI_UNIT ( $, .RADIAN. ) );
#1429 =( LENGTH_UNIT ( ) NAMED_UNIT ( * ) SI_UNIT ( .MILLI., .METRE. ) );
#1430 = PRESENTATION_LAYER_ASSIGNMENT (  '', '', ( #3015 ) ) ;
#1431 =( LENGTH_UNIT ( ) NAMED_UNIT ( * ) SI_UNIT ( .MILLI., .METRE. ) );
#1432 = CIRCLE ( 'NONE', #3019, 0.09999999999999982514 ) ;
#1433 = CARTESIAN_POINT ( 'NONE',  ( -1.339999999999998304, -0.1600000000000000033, -2.449999999999999734 ) ) ;
#1434 = PRESENTATION_LAYER_ASSIGNMENT (  '', '', ( #1050 ) ) ;
#1435 = CARTESIAN_POINT ( 'NONE',  ( 4.000000000000000000, -0.08000000000000000167, -2.649999999999999911 ) ) ;
#1436 = CARTESIAN_POINT ( 'NONE',  ( -0.4600000000000003531, -0.1600000000000000033, -0.1499999999999999667 ) ) ;
#1437 = DIRECTION ( 'NONE',  ( -0.000000000000000000, 0.000000000000000000, 1.000000000000000000 ) ) ;
#1438 = VERTEX_POINT ( 'NONE', #146 ) ;
#1439 = ORIENTED_EDGE ( 'NONE', *, *, #37, .F. ) ;
#1440 = CARTESIAN_POINT ( 'NONE',  ( 3.539999999999999591, -0.08000000000000000167, 0.000000000000000000 ) ) ;
#1441 = MECHANICAL_DESIGN_GEOMETRIC_PRESENTATION_REPRESENTATION (  '', ( #612 ), #1592 ) ;
#1442 = CARTESIAN_POINT ( 'NONE',  ( 3.539999999999999591, -0.08000000000000000167, 2.449999999999999734 ) ) ;
#1443 = ADVANCED_FACE ( 'NONE', ( #2933 ), #362, .F. ) ;
#1444 =( NAMED_UNIT ( * ) PLANE_ANGLE_UNIT ( ) SI_UNIT ( $, .RADIAN. ) );
#1445 = MECHANICAL_DESIGN_GEOMETRIC_PRESENTATION_REPRESENTATION (  '', ( #2778 ), #1952 ) ;
#1446 = FILL_AREA_STYLE_COLOUR ( '', #472 ) ;
#1447 = SURFACE_STYLE_FILL_AREA ( #2712 ) ;
#1448 = EDGE_CURVE ( 'NONE', #1211, #457, #2012, .T. ) ;
#1449 =( GEOMETRIC_REPRESENTATION_CONTEXT ( 3 ) GLOBAL_UNCERTAINTY_ASSIGNED_CONTEXT ( ( #224 ) ) GLOBAL_UNIT_ASSIGNED_CONTEXT ( ( #2245, #111, #2422 ) ) REPRESENTATION_CONTEXT ( 'NONE', 'WORKASPACE' ) );
#1450 = CARTESIAN_POINT ( 'NONE',  ( 0.000000000000000000, -0.1600000000000000033, -1.150000000000000355 ) ) ;
#1451 = VERTEX_POINT ( 'NONE', #638 ) ;
#1452 = STYLED_ITEM ( 'NONE', ( #1074 ), #1130 ) ;
#1453 = CIRCLE ( 'NONE', #168, 0.09999999999999982514 ) ;
#1454 = VECTOR ( 'NONE', #2918, 1000.000000000000000 ) ;
#1455 = COLOUR_RGB ( '',0.2941176470588235392, 0.2941176470588235392, 0.2941176470588235392 ) ;
#1456 = LINE ( 'NONE', #340, #2729 ) ;
#1457 = EDGE_LOOP ( 'NONE', ( #373, #2504, #312, #432 ) ) ;
#1458 = ORIENTED_EDGE ( 'NONE', *, *, #2507, .T. ) ;
#1459 = CARTESIAN_POINT ( 'NONE',  ( -0.4600000000000003531, -0.1600000000000000033, -0.1499999999999999667 ) ) ;
#1460 = CARTESIAN_POINT ( 'NONE',  ( -1.339999999999998304, -0.1600000000000000033, 0.1499999999999999667 ) ) ;
#1461 = AXIS2_PLACEMENT_3D ( 'NONE', #2210, #92, #107 ) ;
#1462 = DIRECTION ( 'NONE',  ( 0.000000000000000000, 0.000000000000000000, 1.000000000000000000 ) ) ;
#1463 =( LENGTH_UNIT ( ) NAMED_UNIT ( * ) SI_UNIT ( .MILLI., .METRE. ) );
#1464 = CIRCLE ( 'NONE', #2953, 0.09999999999999982514 ) ;
#1465 = CYLINDRICAL_SURFACE ( 'NONE', #2058, 0.09999999999999982514 ) ;
#1466 = DIRECTION ( 'NONE',  ( 0.000000000000000000, 0.000000000000000000, 1.000000000000000000 ) ) ;
#1467 = DIRECTION ( 'NONE',  ( 1.000000000000000000, -0.000000000000000000, 0.000000000000000000 ) ) ;
#1468 =( LENGTH_UNIT ( ) NAMED_UNIT ( * ) SI_UNIT ( .MILLI., .METRE. ) );
#1469 = EDGE_CURVE ( 'NONE', #1962, #2459, #2969, .T. ) ;
#1470 = EDGE_LOOP ( 'NONE', ( #1943, #1579, #1845, #1032 ) ) ;
#1471 = PLANE ( 'NONE',  #2872 ) ;
#1472 =( LENGTH_UNIT ( ) NAMED_UNIT ( * ) SI_UNIT ( .MILLI., .METRE. ) );
#1473 = LINE ( 'NONE', #486, #1655 ) ;
#1474 = CARTESIAN_POINT ( 'NONE',  ( -3.899999999999998579, 0.01999999999999999695, -2.649999999999999911 ) ) ;
#1475 = ORIENTED_EDGE ( 'NONE', *, *, #1079, .F. ) ;
#1476 = ORIENTED_EDGE ( 'NONE', *, *, #3021, .T. ) ;
#1477 = DIRECTION ( 'NONE',  ( 1.000000000000000000, 0.000000000000000000, -0.000000000000000000 ) ) ;
#1478 = CARTESIAN_POINT ( 'NONE',  ( -1.339999999999998304, -0.1600000000000000033, -2.449999999999999734 ) ) ;
#1479 = DIRECTION ( 'NONE',  ( 0.000000000000000000, -1.000000000000000000, 0.000000000000000000 ) ) ;
#1480 = SURFACE_SIDE_STYLE ('',( #335 ) ) ;
#1481 = FACE_OUTER_BOUND ( 'NONE', #553, .T. ) ;
#1482 = UNCERTAINTY_MEASURE_WITH_UNIT (LENGTH_MEASURE( 1.000000000000000082E-05 ), #1864, 'distance_accuracy_value', 'NONE');
#1483 = SURFACE_STYLE_USAGE ( .BOTH. , #2014 ) ;
#1484 = COLOUR_RGB ( '',1.000000000000000000, 1.000000000000000000, 1.000000000000000000 ) ;
#1485 = DIRECTION ( 'NONE',  ( 0.000000000000000000, -0.000000000000000000, 1.000000000000000000 ) ) ;
#1486 = STYLED_ITEM ( 'NONE', ( #2805 ), #1490 ) ;
#1487 = MECHANICAL_DESIGN_GEOMETRIC_PRESENTATION_REPRESENTATION (  '', ( #862 ), #3022 ) ;
#1488 = SURFACE_STYLE_USAGE ( .BOTH. , #2927 ) ;
#1489 = ORIENTED_EDGE ( 'NONE', *, *, #857, .T. ) ;
#1490 = ADVANCED_FACE ( 'NONE', ( #2819 ), #697, .F. ) ;
#1491 = ORIENTED_EDGE ( 'NONE', *, *, #412, .T. ) ;
#1492 = DIRECTION ( 'NONE',  ( 0.000000000000000000, 1.000000000000000000, 0.000000000000000000 ) ) ;
#1493 = UNCERTAINTY_MEASURE_WITH_UNIT (LENGTH_MEASURE( 1.000000000000000082E-05 ), #872, 'distance_accuracy_value', 'NONE');
#1494 =( NAMED_UNIT ( * ) SI_UNIT ( $, .STERADIAN. ) SOLID_ANGLE_UNIT ( ) );
#1495 = CIRCLE ( 'NONE', #1643, 0.09999999999999982514 ) ;
#1496 = FILL_AREA_STYLE_COLOUR ( '', #706 ) ;
#1497 = LINE ( 'NONE', #2903, #120 ) ;
#1498 = CARTESIAN_POINT ( 'NONE',  ( 3.539999999999999591, -0.08000000000000000167, 0.000000000000000000 ) ) ;
#1499 = FILL_AREA_STYLE_COLOUR ( '', #830 ) ;
#1500 = VERTEX_POINT ( 'NONE', #189 ) ;
#1501 = VECTOR ( 'NONE', #1764, 1000.000000000000000 ) ;
#1502 = STYLED_ITEM ( 'NONE', ( #1878 ), #208 ) ;
#1503 = ADVANCED_FACE ( 'NONE', ( #1633 ), #2564, .F. ) ;
#1504 = SPHERICAL_SURFACE ( 'NONE', #1349, 0.1000000000000000056 ) ;
#1505 =( GEOMETRIC_REPRESENTATION_CONTEXT ( 3 ) GLOBAL_UNCERTAINTY_ASSIGNED_CONTEXT ( ( #1258 ) ) GLOBAL_UNIT_ASSIGNED_CONTEXT ( ( #196, #2093, #1860 ) ) REPRESENTATION_CONTEXT ( 'NONE', 'WORKASPACE' ) );
#1506 = DIRECTION ( 'NONE',  ( 1.000000000000000000, 0.000000000000000000, -0.000000000000000000 ) ) ;
#1507 = ORIENTED_EDGE ( 'NONE', *, *, #2271, .T. ) ;
#1508 = VERTEX_POINT ( 'NONE', #2333 ) ;
#1509 =( NAMED_UNIT ( * ) SI_UNIT ( $, .STERADIAN. ) SOLID_ANGLE_UNIT ( ) );
#1510 = STYLED_ITEM ( 'NONE', ( #2641 ), #548 ) ;
#1511 = CARTESIAN_POINT ( 'NONE',  ( 0.000000000000000000, 0.9000000000000001332, 0.000000000000000000 ) ) ;
#1512 = UNCERTAINTY_MEASURE_WITH_UNIT (LENGTH_MEASURE( 1.000000000000000082E-05 ), #934, 'distance_accuracy_value', 'NONE');
#1513 = EDGE_CURVE ( 'NONE', #2737, #2611, #1345, .T. ) ;
#1514 = MECHANICAL_DESIGN_GEOMETRIC_PRESENTATION_REPRESENTATION (  '', ( #627 ), #1713 ) ;
#1515 = UNCERTAINTY_MEASURE_WITH_UNIT (LENGTH_MEASURE( 1.000000000000000082E-05 ), #47, 'distance_accuracy_value', 'NONE');
#1516 = DIRECTION ( 'NONE',  ( -1.000000000000000000, 0.000000000000000000, 0.000000000000000000 ) ) ;
#1517 = DIRECTION ( 'NONE',  ( -1.000000000000000000, 0.000000000000000000, 0.000000000000000000 ) ) ;
#1518 = SURFACE_STYLE_USAGE ( .BOTH. , #1996 ) ;
#1519 = CARTESIAN_POINT ( 'NONE',  ( 3.900000000000000355, 0.01999999999999999695, -2.649999999999999911 ) ) ;
#1520 = SURFACE_STYLE_USAGE ( .BOTH. , #2276 ) ;
#1521 =( NAMED_UNIT ( * ) PLANE_ANGLE_UNIT ( ) SI_UNIT ( $, .RADIAN. ) );
#1522 = FACE_OUTER_BOUND ( 'NONE', #488, .T. ) ;
#1523 = ORIENTED_EDGE ( 'NONE', *, *, #349, .T. ) ;
#1524 = ORIENTED_EDGE ( 'NONE', *, *, #294, .F. ) ;
#1525 = DIRECTION ( 'NONE',  ( 0.000000000000000000, 0.000000000000000000, 1.000000000000000000 ) ) ;
#1526 = FILL_AREA_STYLE_COLOUR ( '', #974 ) ;
#1527 = SURFACE_STYLE_FILL_AREA ( #1245 ) ;
#1528 = LINE ( 'NONE', #2954, #1686 ) ;
#1529 = ADVANCED_FACE ( 'NONE', ( #176 ), #1126, .T. ) ;
#1530 = FACE_OUTER_BOUND ( 'NONE', #1795, .T. ) ;
#1531 =( LENGTH_UNIT ( ) NAMED_UNIT ( * ) SI_UNIT ( .MILLI., .METRE. ) );
#1532 = DIRECTION ( 'NONE',  ( -0.000000000000000000, 0.000000000000000000, 1.000000000000000000 ) ) ;
#1533 = CARTESIAN_POINT ( 'NONE',  ( 3.900000000000000355, 0.8000000000000000444, 0.000000000000000000 ) ) ;
#1534 =( NAMED_UNIT ( * ) SI_UNIT ( $, .STERADIAN. ) SOLID_ANGLE_UNIT ( ) );
#1535 = ORIENTED_EDGE ( 'NONE', *, *, #826, .F. ) ;
#1536 = STYLED_ITEM ( 'NONE', ( #2090 ), #1220 ) ;
#1537 = DIRECTION ( 'NONE',  ( -0.000000000000000000, -1.000000000000000000, -0.000000000000000000 ) ) ;
#1538 = VERTEX_POINT ( 'NONE', #1459 ) ;
#1539 = VERTEX_POINT ( 'NONE', #2130 ) ;
#1540 = CARTESIAN_POINT ( 'NONE',  ( -3.899999999999998579, 0.9000000000000001332, 2.649999999999999467 ) ) ;
#1541 = FILL_AREA_STYLE_COLOUR ( '', #1611 ) ;
#1542 = PRESENTATION_LAYER_ASSIGNMENT (  '', '', ( #862 ) ) ;
#1543 = FILL_AREA_STYLE ('',( #602 ) ) ;
#1544 = CARTESIAN_POINT ( 'NONE',  ( 0.000000000000000000, 0.8000000000000000444, -2.649999999999999911 ) ) ;
#1545 = DIRECTION ( 'NONE',  ( 0.000000000000000000, -1.000000000000000000, 0.000000000000000000 ) ) ;
#1546 = CARTESIAN_POINT ( 'NONE',  ( -1.339999999999998304, -0.1600000000000000033, -0.1499999999999999667 ) ) ;
#1547 = ADVANCED_FACE ( 'NONE', ( #1212 ), #1895, .F. ) ;
#1548 = FILL_AREA_STYLE ('',( #2015 ) ) ;
#1549 = EDGE_CURVE ( 'NONE', #293, #3036, #2835, .T. ) ;
#1550 = VERTEX_POINT ( 'NONE', #1001 ) ;
#1551 = CARTESIAN_POINT ( 'NONE',  ( -3.539999999999998259, -0.1600000000000000033, 0.1499999999999999667 ) ) ;
#1552 = CARTESIAN_POINT ( 'NONE',  ( 2.539999999999999591, -0.1600000000000000033, 0.7999999999999999334 ) ) ;
#1553 = EDGE_LOOP ( 'NONE', ( #44, #153 ) ) ;
#1554 = AXIS2_PLACEMENT_3D ( 'NONE', #2703, #2454, #337 ) ;
#1555 = ORIENTED_EDGE ( 'NONE', *, *, #393, .T. ) ;
#1556 = DIRECTION ( 'NONE',  ( 0.000000000000000000, 0.000000000000000000, 1.000000000000000000 ) ) ;
#1557 = DIRECTION ( 'NONE',  ( 0.000000000000000000, 0.000000000000000000, 1.000000000000000000 ) ) ;
#1558 = DIRECTION ( 'NONE',  ( -0.000000000000000000, -1.000000000000000000, 0.000000000000000000 ) ) ;
#1559 = STYLED_ITEM ( 'NONE', ( #2527 ), #2452 ) ;
#1560 = PLANE ( 'NONE',  #2485 ) ;
#1561 = VECTOR ( 'NONE', #479, 1000.000000000000000 ) ;
#1562 = MECHANICAL_DESIGN_GEOMETRIC_PRESENTATION_REPRESENTATION (  '', ( #2998 ), #272 ) ;
#1563 = DIRECTION ( 'NONE',  ( 0.000000000000000000, 0.000000000000000000, -1.000000000000000000 ) ) ;
#1564 = VECTOR ( 'NONE', #2773, 1000.000000000000000 ) ;
#1565 = ORIENTED_EDGE ( 'NONE', *, *, #2118, .T. ) ;
#1566 = MECHANICAL_DESIGN_GEOMETRIC_PRESENTATION_REPRESENTATION (  '', ( #325 ), #1408 ) ;
#1567 = EDGE_CURVE ( 'NONE', #615, #2726, #1432, .T. ) ;
#1568 = ORIENTED_EDGE ( 'NONE', *, *, #2025, .T. ) ;
#1569 = ORIENTED_EDGE ( 'NONE', *, *, #2448, .F. ) ;
#1570 = SURFACE_STYLE_FILL_AREA ( #428 ) ;
#1571 = CARTESIAN_POINT ( 'NONE',  ( -3.999999999999998224, -0.08000000000000000167, -2.750000000000000000 ) ) ;
#1572 = DIRECTION ( 'NONE',  ( -0.000000000000000000, 1.000000000000000000, -0.000000000000000000 ) ) ;
#1573 = FILL_AREA_STYLE_COLOUR ( '', #1216 ) ;
#1574 = SURFACE_STYLE_FILL_AREA ( #446 ) ;
#1575 = LINE ( 'NONE', #164, #1501 ) ;
#1576 = CARTESIAN_POINT ( 'NONE',  ( -3.899999999999998579, -0.08000000000000000167, -2.750000000000000000 ) ) ;
#1577 = VERTEX_POINT ( 'NONE', #282 ) ;
#1578 = FILL_AREA_STYLE_COLOUR ( '', #1800 ) ;
#1579 = ORIENTED_EDGE ( 'NONE', *, *, #1700, .F. ) ;
#1580 = FILL_AREA_STYLE ('',( #2509 ) ) ;
#1581 = MECHANICAL_DESIGN_GEOMETRIC_PRESENTATION_REPRESENTATION (  '', ( #1136 ), #855 ) ;
#1582 = EDGE_CURVE ( 'NONE', #1740, #1577, #2387, .T. ) ;
#1583 = STYLED_ITEM ( 'NONE', ( #987 ), #1547 ) ;
#1584 = LINE ( 'NONE', #1318, #2305 ) ;
#1585 = DIRECTION ( 'NONE',  ( 0.000000000000000000, -0.000000000000000000, -1.000000000000000000 ) ) ;
#1586 = PRESENTATION_STYLE_ASSIGNMENT (( #1835 ) ) ;
#1587 = AXIS2_PLACEMENT_3D ( 'NONE', #663, #441, #1863 ) ;
#1588 =( LENGTH_UNIT ( ) NAMED_UNIT ( * ) SI_UNIT ( .MILLI., .METRE. ) );
#1589 = SURFACE_SIDE_STYLE ('',( #2120 ) ) ;
#1590 = LINE ( 'NONE', #2517, #2992 ) ;
#1591 = ORIENTED_EDGE ( 'NONE', *, *, #689, .F. ) ;
#1592 =( GEOMETRIC_REPRESENTATION_CONTEXT ( 3 ) GLOBAL_UNCERTAINTY_ASSIGNED_CONTEXT ( ( #66 ) ) GLOBAL_UNIT_ASSIGNED_CONTEXT ( ( #1166, #727, #1417 ) ) REPRESENTATION_CONTEXT ( 'NONE', 'WORKASPACE' ) );
#1593 = CARTESIAN_POINT ( 'NONE',  ( 0.000000000000000000, 0.8000000000000000444, 2.649999999999999467 ) ) ;
#1594 = ORIENTED_EDGE ( 'NONE', *, *, #2428, .F. ) ;
#1595 = EDGE_LOOP ( 'NONE', ( #1194, #2629, #2193, #2676 ) ) ;
#1596 = SURFACE_STYLE_FILL_AREA ( #380 ) ;
#1597 = EDGE_CURVE ( 'NONE', #1962, #293, #1423, .T. ) ;
#1598 = COLOUR_RGB ( '',0.2941176470588235392, 0.2941176470588235392, 0.2941176470588235392 ) ;
#1599 = SURFACE_STYLE_USAGE ( .BOTH. , #1848 ) ;
#1600 = LINE ( 'NONE', #2511, #2063 ) ;
#1601 = SURFACE_STYLE_FILL_AREA ( #911 ) ;
#1602 = DIRECTION ( 'NONE',  ( 0.000000000000000000, -1.000000000000000000, 0.000000000000000000 ) ) ;
#1603 = EDGE_CURVE ( 'NONE', #1311, #1725, #1945, .T. ) ;
#1604 = STYLED_ITEM ( 'NONE', ( #169 ), #531 ) ;
#1605 = PLANE ( 'NONE',  #2232 ) ;
#1606 = VECTOR ( 'NONE', #2539, 1000.000000000000000 ) ;
#1607 = LINE ( 'NONE', #1576, #2441 ) ;
#1608 = VECTOR ( 'NONE', #1970, 1000.000000000000000 ) ;
#1609 = COLOUR_RGB ( '',1.000000000000000000, 1.000000000000000000, 1.000000000000000000 ) ;
#1610 = ORIENTED_EDGE ( 'NONE', *, *, #485, .F. ) ;
#1611 = COLOUR_RGB ( '',0.2941176470588235392, 0.2941176470588235392, 0.2941176470588235392 ) ;
#1612 = CARTESIAN_POINT ( 'NONE',  ( -3.499999999999998224, 0.9000000000000001332, 2.250000000000000000 ) ) ;
#1613 = DIRECTION ( 'NONE',  ( 0.000000000000000000, 1.000000000000000000, 0.000000000000000000 ) ) ;
#1614 = AXIS2_PLACEMENT_3D ( 'NONE', #1634, #1173, #1917 ) ;
#1615 = ORIENTED_EDGE ( 'NONE', *, *, #2948, .F. ) ;
#1616 = FILL_AREA_STYLE_COLOUR ( '', #2892 ) ;
#1617 =( LENGTH_UNIT ( ) NAMED_UNIT ( * ) SI_UNIT ( .MILLI., .METRE. ) );
#1618 = CARTESIAN_POINT ( 'NONE',  ( -0.8999999999999980238, -0.08000000000000000167, -2.449999999999999734 ) ) ;
#1619 = SURFACE_STYLE_USAGE ( .BOTH. , #3013 ) ;
#1620 = DIRECTION ( 'NONE',  ( 1.000000000000000000, -0.000000000000000000, 0.000000000000000000 ) ) ;
#1621 = LINE ( 'NONE', #447, #219 ) ;
#1622 = EDGE_CURVE ( 'NONE', #2176, #2095, #1688, .T. ) ;
#1623 = LINE ( 'NONE', #753, #321 ) ;
#1624 = DIRECTION ( 'NONE',  ( 0.000000000000000000, 0.000000000000000000, -1.000000000000000000 ) ) ;
#1625 = ORIENTED_EDGE ( 'NONE', *, *, #1513, .F. ) ;
#1626 = DIRECTION ( 'NONE',  ( 0.000000000000000000, 1.000000000000000000, 0.000000000000000000 ) ) ;
#1627 = FACE_OUTER_BOUND ( 'NONE', #2253, .T. ) ;
#1628 = ORIENTED_EDGE ( 'NONE', *, *, #730, .F. ) ;
#1629 = SPHERICAL_SURFACE ( 'NONE', #533, 0.1000000000000000056 ) ;
#1630 = FILL_AREA_STYLE ('',( #1171 ) ) ;
#1631 = DIRECTION ( 'NONE',  ( -1.000000000000000000, 0.000000000000000000, 0.000000000000000000 ) ) ;
#1632 = ORIENTED_EDGE ( 'NONE', *, *, #2989, .T. ) ;
#1633 = FACE_OUTER_BOUND ( 'NONE', #132, .T. ) ;
#1634 = CARTESIAN_POINT ( 'NONE',  ( -3.539999999999998259, -0.1600000000000000033, -2.449999999999999734 ) ) ;
#1635 = FACE_OUTER_BOUND ( 'NONE', #586, .T. ) ;
#1636 =( GEOMETRIC_REPRESENTATION_CONTEXT ( 3 ) GLOBAL_UNCERTAINTY_ASSIGNED_CONTEXT ( ( #2818 ) ) GLOBAL_UNIT_ASSIGNED_CONTEXT ( ( #1337, #2483, #1534 ) ) REPRESENTATION_CONTEXT ( 'NONE', 'WORKASPACE' ) );
#1637 = EDGE_LOOP ( 'NONE', ( #2834, #1476, #1362, #893 ) ) ;
#1638 =( NAMED_UNIT ( * ) SI_UNIT ( $, .STERADIAN. ) SOLID_ANGLE_UNIT ( ) );
#1639 = PRESENTATION_LAYER_ASSIGNMENT (  '', '', ( #151 ) ) ;
#1640 = SURFACE_STYLE_USAGE ( .BOTH. , #643 ) ;
#1641 = EDGE_CURVE ( 'NONE', #1129, #701, #2405, .T. ) ;
#1642 = MECHANICAL_DESIGN_GEOMETRIC_PRESENTATION_REPRESENTATION (  '', ( #1335 ), #2919 ) ;
#1643 = AXIS2_PLACEMENT_3D ( 'NONE', #940, #4, #471 ) ;
#1644 = EDGE_CURVE ( 'NONE', #2521, #392, #264, .T. ) ;
#1645 = SURFACE_SIDE_STYLE ('',( #422 ) ) ;
#1646 = ORIENTED_EDGE ( 'NONE', *, *, #705, .F. ) ;
#1647 = ORIENTED_EDGE ( 'NONE', *, *, #903, .F. ) ;
#1648 = SURFACE_STYLE_USAGE ( .BOTH. , #2556 ) ;
#1649 =( NAMED_UNIT ( * ) PLANE_ANGLE_UNIT ( ) SI_UNIT ( $, .RADIAN. ) );
#1650 = ORIENTED_EDGE ( 'NONE', *, *, #406, .F. ) ;
#1651 = UNCERTAINTY_MEASURE_WITH_UNIT (LENGTH_MEASURE( 1.000000000000000082E-05 ), #1394, 'distance_accuracy_value', 'NONE');
#1652 = CARTESIAN_POINT ( 'NONE',  ( -3.899999999999998579, 0.01999999999999999695, -2.750000000000000000 ) ) ;
#1653 = DIRECTION ( 'NONE',  ( 0.000000000000000000, 1.000000000000000000, 0.000000000000000000 ) ) ;
#1654 = DIRECTION ( 'NONE',  ( 1.000000000000000000, -0.000000000000000000, 0.000000000000000000 ) ) ;
#1655 = VECTOR ( 'NONE', #2414, 1000.000000000000000 ) ;
#1656 = ORIENTED_EDGE ( 'NONE', *, *, #2189, .T. ) ;
#1657 = CIRCLE ( 'NONE', #1254, 0.1999999999999996503 ) ;
#1658 = VECTOR ( 'NONE', #265, 1000.000000000000000 ) ;
#1659 = MECHANICAL_DESIGN_GEOMETRIC_PRESENTATION_REPRESENTATION (  '', ( #476 ), #2588 ) ;
#1660 = FILL_AREA_STYLE_COLOUR ( '', #1102 ) ;
#1661 = EDGE_CURVE ( 'NONE', #1077, #1240, #2177, .T. ) ;
#1662 = DIRECTION ( 'NONE',  ( -0.000000000000000000, -1.000000000000000000, -0.000000000000000000 ) ) ;
#1663 = DIRECTION ( 'NONE',  ( -1.000000000000000000, 0.000000000000000000, -0.000000000000000000 ) ) ;
#1664 =( GEOMETRIC_REPRESENTATION_CONTEXT ( 3 ) GLOBAL_UNCERTAINTY_ASSIGNED_CONTEXT ( ( #1026 ) ) GLOBAL_UNIT_ASSIGNED_CONTEXT ( ( #2028, #844, #2261 ) ) REPRESENTATION_CONTEXT ( 'NONE', 'WORKASPACE' ) );
#1665 = CARTESIAN_POINT ( 'NONE',  ( 3.900000000000000355, -0.08000000000000000167, 2.649999999999999467 ) ) ;
#1666 = ORIENTED_EDGE ( 'NONE', *, *, #195, .F. ) ;
#1667 = DIRECTION ( 'NONE',  ( 0.000000000000000000, -0.000000000000000000, 1.000000000000000000 ) ) ;
#1668 = SURFACE_STYLE_USAGE ( .BOTH. , #2583 ) ;
#1669 = DIRECTION ( 'NONE',  ( 0.000000000000000000, 0.000000000000000000, -1.000000000000000000 ) ) ;
#1670 = LINE ( 'NONE', #33, #731 ) ;
#1671 = FILL_AREA_STYLE ('',( #2368 ) ) ;
#1672 = ORIENTED_EDGE ( 'NONE', *, *, #215, .T. ) ;
#1673 = CARTESIAN_POINT ( 'NONE',  ( -0.06000000000000015737, -0.08000000000000000167, -2.449999999999999734 ) ) ;
#1674 = EDGE_CURVE ( 'NONE', #293, #547, #2983, .T. ) ;
#1675 =( NAMED_UNIT ( * ) PLANE_ANGLE_UNIT ( ) SI_UNIT ( $, .RADIAN. ) );
#1676 = LINE ( 'NONE', #2370, #355 ) ;
#1677 = ORIENTED_EDGE ( 'NONE', *, *, #2268, .T. ) ;
#1678 = SURFACE_SIDE_STYLE ('',( #233 ) ) ;
#1679 = FACE_OUTER_BOUND ( 'NONE', #1087, .T. ) ;
#1680 = EDGE_CURVE ( 'NONE', #522, #2562, #2965, .T. ) ;
#1681 = DIRECTION ( 'NONE',  ( 0.000000000000000000, -0.000000000000000000, 1.000000000000000000 ) ) ;
#1682 = DIRECTION ( 'NONE',  ( 0.000000000000000000, 1.000000000000000000, 0.000000000000000000 ) ) ;
#1683 = VECTOR ( 'NONE', #2516, 1000.000000000000000 ) ;
#1684 = SURFACE_STYLE_USAGE ( .BOTH. , #2619 ) ;
#1685 = DIRECTION ( 'NONE',  ( 0.000000000000000000, 0.000000000000000000, 1.000000000000000000 ) ) ;
#1686 = VECTOR ( 'NONE', #1036, 1000.000000000000000 ) ;
#1687 = DIRECTION ( 'NONE',  ( -0.000000000000000000, 1.000000000000000000, -0.000000000000000000 ) ) ;
#1688 = CIRCLE ( 'NONE', #1141, 0.09999999999999982514 ) ;
#1689 = SURFACE_STYLE_USAGE ( .BOTH. , #2412 ) ;
#1690 = CARTESIAN_POINT ( 'NONE',  ( -0.4600000000000003531, -0.08000000000000000167, -0.1499999999999999667 ) ) ;
#1691 = AXIS2_PLACEMENT_3D ( 'NONE', #1296, #1268, #2472 ) ;
#1692 = CARTESIAN_POINT ( 'NONE',  ( 2.139999999999999680, -0.08000000000000000167, 0.000000000000000000 ) ) ;
#1693 = CARTESIAN_POINT ( 'NONE',  ( 3.539999999999999591, -0.1600000000000000033, 2.449999999999999734 ) ) ;
#1694 = ORIENTED_EDGE ( 'NONE', *, *, #949, .F. ) ;
#1695 = EDGE_LOOP ( 'NONE', ( #2928, #1373, #2761, #2022 ) ) ;
#1696 = CARTESIAN_POINT ( 'NONE',  ( -0.8999999999999980238, -0.1600000000000000033, 2.449999999999999734 ) ) ;
#1697 = VECTOR ( 'NONE', #2605, 1000.000000000000000 ) ;
#1698 =( NAMED_UNIT ( * ) PLANE_ANGLE_UNIT ( ) SI_UNIT ( $, .RADIAN. ) );
#1699 = FILL_AREA_STYLE_COLOUR ( '', #2890 ) ;
#1700 = EDGE_CURVE ( 'NONE', #2081, #1889, #91, .T. ) ;
#1701 = CARTESIAN_POINT ( 'NONE',  ( 4.000000000000000000, 0.01999999999999999695, 2.649999999999999467 ) ) ;
#1702 = FACE_OUTER_BOUND ( 'NONE', #2779, .T. ) ;
#1703 = SURFACE_STYLE_FILL_AREA ( #2869 ) ;
#1704 =( GEOMETRIC_REPRESENTATION_CONTEXT ( 3 ) GLOBAL_UNCERTAINTY_ASSIGNED_CONTEXT ( ( #732 ) ) GLOBAL_UNIT_ASSIGNED_CONTEXT ( ( #385, #1649, #2264 ) ) REPRESENTATION_CONTEXT ( 'NONE', 'WORKASPACE' ) );
#1705 = CARTESIAN_POINT ( 'NONE',  ( 2.539999999999999591, -0.1600000000000000033, -0.8000000000000001554 ) ) ;
#1706 =( GEOMETRIC_REPRESENTATION_CONTEXT ( 3 ) GLOBAL_UNCERTAINTY_ASSIGNED_CONTEXT ( ( #2117 ) ) GLOBAL_UNIT_ASSIGNED_CONTEXT ( ( #2906, #286, #1218 ) ) REPRESENTATION_CONTEXT ( 'NONE', 'WORKASPACE' ) );
#1707 =( GEOMETRIC_REPRESENTATION_CONTEXT ( 3 ) GLOBAL_UNCERTAINTY_ASSIGNED_CONTEXT ( ( #2434 ) ) GLOBAL_UNIT_ASSIGNED_CONTEXT ( ( #1164, #1812, #389 ) ) REPRESENTATION_CONTEXT ( 'NONE', 'WORKASPACE' ) );
#1708 = ORIENTED_EDGE ( 'NONE', *, *, #2118, .F. ) ;
#1709 = AXIS2_PLACEMENT_3D ( 'NONE', #236, #1427, #2375 ) ;
#1710 = LINE ( 'NONE', #2858, #1901 ) ;
#1711 =( NAMED_UNIT ( * ) PLANE_ANGLE_UNIT ( ) SI_UNIT ( $, .RADIAN. ) );
#1712 = ORIENTED_EDGE ( 'NONE', *, *, #2865, .T. ) ;
#1713 =( GEOMETRIC_REPRESENTATION_CONTEXT ( 3 ) GLOBAL_UNCERTAINTY_ASSIGNED_CONTEXT ( ( #2433 ) ) GLOBAL_UNIT_ASSIGNED_CONTEXT ( ( #1531, #1070, #2935 ) ) REPRESENTATION_CONTEXT ( 'NONE', 'WORKASPACE' ) );
#1714 = DIRECTION ( 'NONE',  ( 1.000000000000000000, -0.000000000000000000, 0.000000000000000000 ) ) ;
#1715 = UNCERTAINTY_MEASURE_WITH_UNIT (LENGTH_MEASURE( 1.000000000000000082E-05 ), #2789, 'distance_accuracy_value', 'NONE');
#1716 = CARTESIAN_POINT ( 'NONE',  ( 0.000000000000000000, 0.9000000000000001332, 2.649999999999999467 ) ) ;
#1717 =( GEOMETRIC_REPRESENTATION_CONTEXT ( 3 ) GLOBAL_UNCERTAINTY_ASSIGNED_CONTEXT ( ( #2198 ) ) GLOBAL_UNIT_ASSIGNED_CONTEXT ( ( #814, #2682, #2916 ) ) REPRESENTATION_CONTEXT ( 'NONE', 'WORKASPACE' ) );
#1718 = CYLINDRICAL_SURFACE ( 'NONE', #2610, 0.09999999999999982514 ) ;
#1719 = PRESENTATION_STYLE_ASSIGNMENT (( #787 ) ) ;
#1720 = FILL_AREA_STYLE ('',( #301 ) ) ;
#1721 = CARTESIAN_POINT ( 'NONE',  ( -0.8999999999999980238, -0.1600000000000000033, -0.1499999999999999667 ) ) ;
#1722 = EDGE_CURVE ( 'NONE', #955, #1324, #2235, .T. ) ;
#1723 = LINE ( 'NONE', #2470, #1160 ) ;
#1724 = FILL_AREA_STYLE_COLOUR ( '', #160 ) ;
#1725 = VERTEX_POINT ( 'NONE', #1091 ) ;
#1726 = ORIENTED_EDGE ( 'NONE', *, *, #2271, .F. ) ;
#1727 = SURFACE_STYLE_USAGE ( .BOTH. , #313 ) ;
#1728 = CARTESIAN_POINT ( 'NONE',  ( -1.339999999999998304, -0.1600000000000000033, 2.449999999999999734 ) ) ;
#1729 = UNCERTAINTY_MEASURE_WITH_UNIT (LENGTH_MEASURE( 1.000000000000000082E-05 ), #1306, 'distance_accuracy_value', 'NONE');
#1730 = DIRECTION ( 'NONE',  ( -1.000000000000000000, 0.000000000000000000, 0.000000000000000000 ) ) ;
#1731 = UNCERTAINTY_MEASURE_WITH_UNIT (LENGTH_MEASURE( 1.000000000000000082E-05 ), #1108, 'distance_accuracy_value', 'NONE');
#1732 = FACE_OUTER_BOUND ( 'NONE', #1813, .T. ) ;
#1733 = VECTOR ( 'NONE', #2880, 1000.000000000000000 ) ;
#1734 = EDGE_CURVE ( 'NONE', #522, #1090, #1033, .T. ) ;
#1735 = COLOUR_RGB ( '',1.000000000000000000, 1.000000000000000000, 1.000000000000000000 ) ;
#1736 = ADVANCED_FACE ( 'NONE', ( #144 ), #2663, .F. ) ;
#1737 = AXIS2_PLACEMENT_3D ( 'NONE', #1065, #2447, #1525 ) ;
#1738 = FILL_AREA_STYLE ('',( #583 ) ) ;
#1739 =( LENGTH_UNIT ( ) NAMED_UNIT ( * ) SI_UNIT ( .MILLI., .METRE. ) );
#1740 = VERTEX_POINT ( 'NONE', #2238 ) ;
#1741 = VERTEX_POINT ( 'NONE', #1540 ) ;
#1742 = DIRECTION ( 'NONE',  ( -0.000000000000000000, -1.000000000000000000, 0.000000000000000000 ) ) ;
#1743 =( NAMED_UNIT ( * ) SI_UNIT ( $, .STERADIAN. ) SOLID_ANGLE_UNIT ( ) );
#1744 = FILL_AREA_STYLE_COLOUR ( '', #1455 ) ;
#1745 = CARTESIAN_POINT ( 'NONE',  ( 0.000000000000000000, -0.1600000000000000033, 1.449999999999999956 ) ) ;
#1746 =( NAMED_UNIT ( * ) PLANE_ANGLE_UNIT ( ) SI_UNIT ( $, .RADIAN. ) );
#1747 = SURFACE_STYLE_FILL_AREA ( #542 ) ;
#1748 = CARTESIAN_POINT ( 'NONE',  ( -3.499999999999998224, 0.9000000000000001332, 2.050000000000000266 ) ) ;
#1749 = DIRECTION ( 'NONE',  ( -0.000000000000000000, 0.000000000000000000, -1.000000000000000000 ) ) ;
#1750 = VECTOR ( 'NONE', #2217, 1000.000000000000000 ) ;
#1751 =( NAMED_UNIT ( * ) SI_UNIT ( $, .STERADIAN. ) SOLID_ANGLE_UNIT ( ) );
#1752 = EDGE_CURVE ( 'NONE', #262, #1090, #808, .T. ) ;
#1753 = AXIS2_PLACEMENT_3D ( 'NONE', #1593, #2812, #2752 ) ;
#1754 = PRESENTATION_STYLE_ASSIGNMENT (( #1488 ) ) ;
#1755 = ORIENTED_EDGE ( 'NONE', *, *, #546, .T. ) ;
#1756 = ORIENTED_EDGE ( 'NONE', *, *, #452, .F. ) ;
#1757 = MECHANICAL_DESIGN_GEOMETRIC_PRESENTATION_REPRESENTATION (  '', ( #371 ), #2009 ) ;
#1758 = DIRECTION ( 'NONE',  ( 1.000000000000000000, 0.000000000000000000, -0.000000000000000000 ) ) ;
#1759 = UNCERTAINTY_MEASURE_WITH_UNIT (LENGTH_MEASURE( 1.000000000000000082E-05 ), #823, 'distance_accuracy_value', 'NONE');
#1760 = FILL_AREA_STYLE ('',( #1319 ) ) ;
#1761 = MECHANICAL_DESIGN_GEOMETRIC_PRESENTATION_REPRESENTATION (  '', ( #681 ), #429 ) ;
#1762 = PLANE ( 'NONE',  #2258 ) ;
#1763 = FILL_AREA_STYLE ('',( #2668 ) ) ;
#1764 = DIRECTION ( 'NONE',  ( -0.000000000000000000, -1.000000000000000000, -0.000000000000000000 ) ) ;
#1765 = CARTESIAN_POINT ( 'NONE',  ( -3.899999999999998579, 0.01999999999999999695, -2.649999999999999911 ) ) ;
#1766 = DIRECTION ( 'NONE',  ( -0.000000000000000000, -1.000000000000000000, -0.000000000000000000 ) ) ;
#1767 = ORIENTED_EDGE ( 'NONE', *, *, #1770, .T. ) ;
#1768 = ORIENTED_EDGE ( 'NONE', *, *, #2672, .F. ) ;
#1769 = PLANE ( 'NONE',  #2088 ) ;
#1770 = EDGE_CURVE ( 'NONE', #547, #3005, #2677, .T. ) ;
#1771 = SURFACE_SIDE_STYLE ('',( #2952 ) ) ;
#1772 = SURFACE_SIDE_STYLE ('',( #1527 ) ) ;
#1773 = DIRECTION ( 'NONE',  ( 0.000000000000000000, 0.000000000000000000, 1.000000000000000000 ) ) ;
#1774 = EDGE_CURVE ( 'NONE', #1384, #544, #1887, .T. ) ;
#1775 = FILL_AREA_STYLE_COLOUR ( '', #578 ) ;
#1776 = SURFACE_SIDE_STYLE ('',( #461 ) ) ;
#1777 = DIRECTION ( 'NONE',  ( 0.000000000000000000, 0.000000000000000000, 1.000000000000000000 ) ) ;
#1778 = DIRECTION ( 'NONE',  ( -1.000000000000000000, 0.000000000000000000, 0.000000000000000000 ) ) ;
#1779 = EDGE_LOOP ( 'NONE', ( #89, #2542, #1594, #1193 ) ) ;
#1780 = VECTOR ( 'NONE', #1304, 1000.000000000000000 ) ;
#1781 = VECTOR ( 'NONE', #2713, 1000.000000000000000 ) ;
#1782 = ORIENTED_EDGE ( 'NONE', *, *, #2538, .F. ) ;
#1783 = FILL_AREA_STYLE_COLOUR ( '', #556 ) ;
#1784 =( NAMED_UNIT ( * ) SI_UNIT ( $, .STERADIAN. ) SOLID_ANGLE_UNIT ( ) );
#1785 = DIRECTION ( 'NONE',  ( -0.000000000000000000, -0.000000000000000000, 1.000000000000000000 ) ) ;
#1786 = COLOUR_RGB ( '',0.2941176470588235392, 0.2941176470588235392, 0.2941176470588235392 ) ;
#1787 = CARTESIAN_POINT ( 'NONE',  ( 0.000000000000000000, 0.01999999999999999695, 2.649999999999999467 ) ) ;
#1788 = FACE_OUTER_BOUND ( 'NONE', #1316, .T. ) ;
#1789 =( NAMED_UNIT ( * ) SI_UNIT ( $, .STERADIAN. ) SOLID_ANGLE_UNIT ( ) );
#1790 = EDGE_CURVE ( 'NONE', #2611, #614, #2494, .T. ) ;
#1791 = VECTOR ( 'NONE', #2799, 1000.000000000000000 ) ;
#1792 = ORIENTED_EDGE ( 'NONE', *, *, #3038, .F. ) ;
#1793 = PRESENTATION_STYLE_ASSIGNMENT (( #2019 ) ) ;
#1794 =( LENGTH_UNIT ( ) NAMED_UNIT ( * ) SI_UNIT ( .MILLI., .METRE. ) );
#1795 = EDGE_LOOP ( 'NONE', ( #1132, #503, #2949, #2018, #1992 ) ) ;
#1796 = MECHANICAL_DESIGN_GEOMETRIC_PRESENTATION_REPRESENTATION (  '', ( #2577 ), #2780 ) ;
#1797 = ORIENTED_EDGE ( 'NONE', *, *, #2196, .F. ) ;
#1798 = PLANE ( 'NONE',  #2043 ) ;
#1799 =( GEOMETRIC_REPRESENTATION_CONTEXT ( 3 ) GLOBAL_UNCERTAINTY_ASSIGNED_CONTEXT ( ( #1183 ) ) GLOBAL_UNIT_ASSIGNED_CONTEXT ( ( #387, #1323, #2030 ) ) REPRESENTATION_CONTEXT ( 'NONE', 'WORKASPACE' ) );
#1800 = COLOUR_RGB ( '',1.000000000000000000, 1.000000000000000000, 1.000000000000000000 ) ;
#1801 =( NAMED_UNIT ( * ) SI_UNIT ( $, .STERADIAN. ) SOLID_ANGLE_UNIT ( ) );
#1802 = DIRECTION ( 'NONE',  ( 0.000000000000000000, 0.000000000000000000, -1.000000000000000000 ) ) ;
#1803 = DIRECTION ( 'NONE',  ( 0.000000000000000000, 0.000000000000000000, 1.000000000000000000 ) ) ;
#1804 = PRESENTATION_LAYER_ASSIGNMENT (  '', '', ( #2060 ) ) ;
#1805 = LINE ( 'NONE', #2073, #1564 ) ;
#1806 = CARTESIAN_POINT ( 'NONE',  ( -3.499999999999998224, 0.9000000000000001332, 2.250000000000000000 ) ) ;
#1807 = DIRECTION ( 'NONE',  ( 0.000000000000000000, 0.000000000000000000, 1.000000000000000000 ) ) ;
#1808 = LINE ( 'NONE', #1140, #1290 ) ;
#1809 = EDGE_CURVE ( 'NONE', #2530, #2176, #7, .T. ) ;
#1810 = VECTOR ( 'NONE', #988, 1000.000000000000000 ) ;
#1811 = ORIENTED_EDGE ( 'NONE', *, *, #949, .T. ) ;
#1812 =( NAMED_UNIT ( * ) PLANE_ANGLE_UNIT ( ) SI_UNIT ( $, .RADIAN. ) );
#1813 = EDGE_LOOP ( 'NONE', ( #1282, #1632, #3020 ) ) ;
#1814 = ORIENTED_EDGE ( 'NONE', *, *, #2989, .F. ) ;
#1815 =( NAMED_UNIT ( * ) SI_UNIT ( $, .STERADIAN. ) SOLID_ANGLE_UNIT ( ) );
#1816 = SURFACE_STYLE_USAGE ( .BOTH. , #664 ) ;
#1817 = DIRECTION ( 'NONE',  ( -1.000000000000000000, 0.000000000000000000, 0.000000000000000000 ) ) ;
#1818 = DIRECTION ( 'NONE',  ( 1.000000000000000000, 0.000000000000000000, 0.000000000000000000 ) ) ;
#1819 = CARTESIAN_POINT ( 'NONE',  ( 3.539999999999999591, -0.1600000000000000033, -2.449999999999999734 ) ) ;
#1820 =( NAMED_UNIT ( * ) PLANE_ANGLE_UNIT ( ) SI_UNIT ( $, .RADIAN. ) );
#1821 = FILL_AREA_STYLE_COLOUR ( '', #1022 ) ;
#1822 = FACE_BOUND ( 'NONE', #1293, .T. ) ;
#1823 =( NAMED_UNIT ( * ) SI_UNIT ( $, .STERADIAN. ) SOLID_ANGLE_UNIT ( ) );
#1824 = CARTESIAN_POINT ( 'NONE',  ( -3.999999999999998224, 0.01999999999999999695, 2.750000000000000000 ) ) ;
#1825 = ORIENTED_EDGE ( 'NONE', *, *, #1351, .T. ) ;
#1826 = EDGE_CURVE ( 'NONE', #1201, #647, #1993, .T. ) ;
#1827 = ORIENTED_EDGE ( 'NONE', *, *, #1175, .F. ) ;
#1828 = ADVANCED_FACE ( 'NONE', ( #1285 ), #1769, .F. ) ;
#1829 = VERTEX_POINT ( 'NONE', #199 ) ;
#1830 = CARTESIAN_POINT ( 'NONE',  ( -1.339999999999998304, -0.1600000000000000033, 2.449999999999999734 ) ) ;
#1831 = DIRECTION ( 'NONE',  ( -1.000000000000000000, 0.000000000000000000, 0.000000000000000000 ) ) ;
#1832 = VECTOR ( 'NONE', #2512, 1000.000000000000000 ) ;
#1833 = CARTESIAN_POINT ( 'NONE',  ( 3.539999999999999591, -0.08000000000000000167, 1.449999999999999956 ) ) ;
#1834 = DIRECTION ( 'NONE',  ( -1.000000000000000000, -0.000000000000000000, 0.000000000000000000 ) ) ;
#1835 = SURFACE_STYLE_USAGE ( .BOTH. , #2514 ) ;
#1836 = MECHANICAL_DESIGN_GEOMETRIC_PRESENTATION_REPRESENTATION (  '', ( #657 ), #2567 ) ;
#1837 = DIRECTION ( 'NONE',  ( 0.000000000000000000, 1.000000000000000000, 0.000000000000000000 ) ) ;
#1838 = AXIS2_PLACEMENT_3D ( 'NONE', #1571, #1631, #2769 ) ;
#1839 = PLANE ( 'NONE',  #1045 ) ;
#1840 = CARTESIAN_POINT ( 'NONE',  ( -0.8999999999999980238, -0.1600000000000000033, 0.1499999999999999667 ) ) ;
#1841 = STYLED_ITEM ( 'NONE', ( #596 ), #2324 ) ;
#1842 = ORIENTED_EDGE ( 'NONE', *, *, #3038, .T. ) ;
#1843 =( GEOMETRIC_REPRESENTATION_CONTEXT ( 3 ) GLOBAL_UNCERTAINTY_ASSIGNED_CONTEXT ( ( #2121 ) ) GLOBAL_UNIT_ASSIGNED_CONTEXT ( ( #288, #516, #72 ) ) REPRESENTATION_CONTEXT ( 'NONE', 'WORKASPACE' ) );
#1844 = VERTEX_POINT ( 'NONE', #634 ) ;
#1845 = ORIENTED_EDGE ( 'NONE', *, *, #2597, .F. ) ;
#1846 = FACE_OUTER_BOUND ( 'NONE', #118, .T. ) ;
#1847 = EDGE_CURVE ( 'NONE', #2562, #262, #1168, .T. ) ;
#1848 = SURFACE_SIDE_STYLE ('',( #430 ) ) ;
#1849 =( LENGTH_UNIT ( ) NAMED_UNIT ( * ) SI_UNIT ( .MILLI., .METRE. ) );
#1850 = DIRECTION ( 'NONE',  ( -0.000000000000000000, -1.000000000000000000, 0.000000000000000000 ) ) ;
#1851 = CARTESIAN_POINT ( 'NONE',  ( 3.539999999999999591, -0.08000000000000000167, 0.7999999999999999334 ) ) ;
#1852 = VECTOR ( 'NONE', #518, 1000.000000000000000 ) ;
#1853 = MECHANICAL_DESIGN_GEOMETRIC_PRESENTATION_REPRESENTATION (  '', ( #1510 ), #674 ) ;
#1854 =( NAMED_UNIT ( * ) PLANE_ANGLE_UNIT ( ) SI_UNIT ( $, .RADIAN. ) );
#1855 = AXIS2_PLACEMENT_3D ( 'NONE', #1338, #2107, #1856 ) ;
#1856 = DIRECTION ( 'NONE',  ( 1.000000000000000000, 0.000000000000000000, 0.000000000000000000 ) ) ;
#1857 = COLOUR_RGB ( '',0.2941176470588235392, 0.2941176470588235392, 0.2941176470588235392 ) ;
#1858 = PRESENTATION_LAYER_ASSIGNMENT (  '', '', ( #528 ) ) ;
#1859 =( GEOMETRIC_REPRESENTATION_CONTEXT ( 3 ) GLOBAL_UNCERTAINTY_ASSIGNED_CONTEXT ( ( #561 ) ) GLOBAL_UNIT_ASSIGNED_CONTEXT ( ( #159, #2056, #2544 ) ) REPRESENTATION_CONTEXT ( 'NONE', 'WORKASPACE' ) );
#1860 =( NAMED_UNIT ( * ) SI_UNIT ( $, .STERADIAN. ) SOLID_ANGLE_UNIT ( ) );
#1861 = DIRECTION ( 'NONE',  ( 0.000000000000000000, 0.000000000000000000, 1.000000000000000000 ) ) ;
#1862 = ORIENTED_EDGE ( 'NONE', *, *, #2762, .T. ) ;
#1863 = DIRECTION ( 'NONE',  ( -1.000000000000000000, 0.000000000000000000, 0.000000000000000000 ) ) ;
#1864 =( LENGTH_UNIT ( ) NAMED_UNIT ( * ) SI_UNIT ( .MILLI., .METRE. ) );
#1865 = FILL_AREA_STYLE_COLOUR ( '', #573 ) ;
#1866 = DIRECTION ( 'NONE',  ( -1.000000000000000000, 0.000000000000000000, 0.000000000000000000 ) ) ;
#1867 = ORIENTED_EDGE ( 'NONE', *, *, #2448, .T. ) ;
#1868 = SURFACE_STYLE_USAGE ( .BOTH. , #2100 ) ;
#1869 = EDGE_CURVE ( 'NONE', #986, #2737, #870, .T. ) ;
#1870 = SURFACE_STYLE_USAGE ( .BOTH. , #1589 ) ;
#1871 = EDGE_CURVE ( 'NONE', #1324, #359, #2082, .T. ) ;
#1872 = DIRECTION ( 'NONE',  ( 0.000000000000000000, -0.000000000000000000, -1.000000000000000000 ) ) ;
#1873 =( LENGTH_UNIT ( ) NAMED_UNIT ( * ) SI_UNIT ( .MILLI., .METRE. ) );
#1874 = SURFACE_STYLE_FILL_AREA ( #229 ) ;
#1875 = ORIENTED_EDGE ( 'NONE', *, *, #2732, .F. ) ;
#1876 = DIRECTION ( 'NONE',  ( -1.000000000000000000, 0.000000000000000000, -0.000000000000000000 ) ) ;
#1877 = FILL_AREA_STYLE ('',( #941 ) ) ;
#1878 = PRESENTATION_STYLE_ASSIGNMENT (( #2957 ) ) ;
#1879 = DIRECTION ( 'NONE',  ( 0.000000000000000000, 0.000000000000000000, -1.000000000000000000 ) ) ;
#1880 = ORIENTED_EDGE ( 'NONE', *, *, #2196, .T. ) ;
#1881 = PRESENTATION_LAYER_ASSIGNMENT (  '', '', ( #1536 ) ) ;
#1882 = MECHANICAL_DESIGN_GEOMETRIC_PRESENTATION_REPRESENTATION (  '', ( #151 ), #2279 ) ;
#1883 = SURFACE_SIDE_STYLE ('',( #2569 ) ) ;
#1884 = PRESENTATION_LAYER_ASSIGNMENT (  '', '', ( #1486 ) ) ;
#1885 = DIRECTION ( 'NONE',  ( 1.000000000000000000, 0.000000000000000000, -0.000000000000000000 ) ) ;
#1886 = EDGE_CURVE ( 'NONE', #943, #1077, #3024, .T. ) ;
#1887 = CIRCLE ( 'NONE', #1737, 0.1999999999999996503 ) ;
#1888 = SURFACE_STYLE_FILL_AREA ( #1671 ) ;
#1889 = VERTEX_POINT ( 'NONE', #2313 ) ;
#1890 = CARTESIAN_POINT ( 'NONE',  ( -0.06000000000000015737, -0.1600000000000000033, 2.449999999999999734 ) ) ;
#1891 = UNCERTAINTY_MEASURE_WITH_UNIT (LENGTH_MEASURE( 1.000000000000000082E-05 ), #694, 'distance_accuracy_value', 'NONE');
#1892 = CARTESIAN_POINT ( 'NONE',  ( 3.539999999999999591, -0.1600000000000000033, 2.449999999999999734 ) ) ;
#1893 = ORIENTED_EDGE ( 'NONE', *, *, #666, .T. ) ;
#1894 = UNCERTAINTY_MEASURE_WITH_UNIT (LENGTH_MEASURE( 1.000000000000000082E-05 ), #1463, 'distance_accuracy_value', 'NONE');
#1895 = PLANE ( 'NONE',  #63 ) ;
#1896 = LINE ( 'NONE', #2180, #1561 ) ;
#1897 = SURFACE_STYLE_USAGE ( .BOTH. , #2867 ) ;
#1898 = VECTOR ( 'NONE', #2396, 1000.000000000000000 ) ;
#1899 = MECHANICAL_DESIGN_GEOMETRIC_PRESENTATION_REPRESENTATION (  '', ( #770 ), #418 ) ;
#1900 = DIRECTION ( 'NONE',  ( 0.000000000000000000, 0.000000000000000000, 1.000000000000000000 ) ) ;
#1901 = VECTOR ( 'NONE', #1663, 1000.000000000000000 ) ;
#1902 = DIRECTION ( 'NONE',  ( 0.000000000000000000, 0.000000000000000000, -1.000000000000000000 ) ) ;
#1903 = ORIENTED_EDGE ( 'NONE', *, *, #1004, .T. ) ;
#1904 = DIRECTION ( 'NONE',  ( 0.000000000000000000, 0.000000000000000000, -1.000000000000000000 ) ) ;
#1905 = PRESENTATION_LAYER_ASSIGNMENT (  '', '', ( #2942 ) ) ;
#1906 = COLOUR_RGB ( '',1.000000000000000000, 1.000000000000000000, 1.000000000000000000 ) ;
#1907 = CIRCLE ( 'NONE', #1355, 0.09999999999999982514 ) ;
#1908 = MECHANICAL_DESIGN_GEOMETRIC_PRESENTATION_REPRESENTATION (  '', ( #374 ), #1403 ) ;
#1909 = CARTESIAN_POINT ( 'NONE',  ( -3.899999999999998579, 0.8000000000000000444, 2.649999999999999467 ) ) ;
#1910 = DIRECTION ( 'NONE',  ( -1.000000000000000000, 0.000000000000000000, 0.000000000000000000 ) ) ;
#1911 = ADVANCED_FACE ( 'NONE', ( #1846 ), #1106, .T. ) ;
#1912 = FILL_AREA_STYLE ('',( #2831 ) ) ;
#1913 = DIRECTION ( 'NONE',  ( -0.000000000000000000, -1.000000000000000000, -0.000000000000000000 ) ) ;
#1914 = ORIENTED_EDGE ( 'NONE', *, *, #1641, .F. ) ;
#1915 = ORIENTED_EDGE ( 'NONE', *, *, #1809, .T. ) ;
#1916 = DIRECTION ( 'NONE',  ( -0.000000000000000000, 1.000000000000000000, -0.000000000000000000 ) ) ;
#1917 = DIRECTION ( 'NONE',  ( 1.000000000000000000, 0.000000000000000000, -0.000000000000000000 ) ) ;
#1918 = SURFACE_STYLE_FILL_AREA ( #741 ) ;
#1919 = ORIENTED_EDGE ( 'NONE', *, *, #2410, .T. ) ;
#1920 = FILL_AREA_STYLE ('',( #70 ) ) ;
#1921 = ADVANCED_FACE ( 'NONE', ( #1343 ), #1798, .F. ) ;
#1922 = FILL_AREA_STYLE ('',( #2171 ) ) ;
#1923 = FILL_AREA_STYLE ('',( #1179 ) ) ;
#1924 = LINE ( 'NONE', #501, #1067 ) ;
#1925 = ADVANCED_FACE ( 'NONE', ( #290 ), #2413, .F. ) ;
#1926 = SURFACE_SIDE_STYLE ('',( #57 ) ) ;
#1927 = ORIENTED_EDGE ( 'NONE', *, *, #1971, .T. ) ;
#1928 = ORIENTED_EDGE ( 'NONE', *, *, #1380, .T. ) ;
#1929 = CARTESIAN_POINT ( 'NONE',  ( -0.4600000000000003531, -0.1600000000000000033, -2.449999999999999734 ) ) ;
#1930 = CARTESIAN_POINT ( 'NONE',  ( 0.000000000000000000, -0.08000000000000000167, 0.1499999999999999667 ) ) ;
#1931 =( NAMED_UNIT ( * ) PLANE_ANGLE_UNIT ( ) SI_UNIT ( $, .RADIAN. ) );
#1932 = CARTESIAN_POINT ( 'NONE',  ( 3.900000000000000355, 0.9000000000000001332, 0.000000000000000000 ) ) ;
#1933 = CARTESIAN_POINT ( 'NONE',  ( -0.4600000000000003531, -0.08000000000000000167, -2.449999999999999734 ) ) ;
#1934 = VECTOR ( 'NONE', #2376, 1000.000000000000000 ) ;
#1935 = SURFACE_STYLE_FILL_AREA ( #2828 ) ;
#1936 = CYLINDRICAL_SURFACE ( 'NONE', #3039, 0.09999999999999982514 ) ;
#1937 =( GEOMETRIC_REPRESENTATION_CONTEXT ( 3 ) GLOBAL_UNCERTAINTY_ASSIGNED_CONTEXT ( ( #314 ) ) GLOBAL_UNIT_ASSIGNED_CONTEXT ( ( #3044, #28, #45 ) ) REPRESENTATION_CONTEXT ( 'NONE', 'WORKASPACE' ) );
#1938 = CARTESIAN_POINT ( 'NONE',  ( 2.539999999999999591, -0.1600000000000000033, 0.7999999999999999334 ) ) ;
#1939 =( LENGTH_UNIT ( ) NAMED_UNIT ( * ) SI_UNIT ( .MILLI., .METRE. ) );
#1940 =( GEOMETRIC_REPRESENTATION_CONTEXT ( 3 ) GLOBAL_UNCERTAINTY_ASSIGNED_CONTEXT ( ( #555 ) ) GLOBAL_UNIT_ASSIGNED_CONTEXT ( ( #2127, #1711, #2115 ) ) REPRESENTATION_CONTEXT ( 'NONE', 'WORKASPACE' ) );
#1941 = CARTESIAN_POINT ( 'NONE',  ( -0.8999999999999980238, -0.1600000000000000033, -2.449999999999999734 ) ) ;
#1942 = FACE_OUTER_BOUND ( 'NONE', #1031, .T. ) ;
#1943 = ORIENTED_EDGE ( 'NONE', *, *, #2768, .F. ) ;
#1944 = ORIENTED_EDGE ( 'NONE', *, *, #958, .F. ) ;
#1945 = LINE ( 'NONE', #1412, #2560 ) ;
#1946 = EDGE_CURVE ( 'NONE', #1326, #1360, #1495, .T. ) ;
#1947 = CARTESIAN_POINT ( 'NONE',  ( -3.499999999999998224, 0.8900000000000000133, 2.449999999999999289 ) ) ;
#1948 = SURFACE_STYLE_USAGE ( .BOTH. , #2259 ) ;
#1949 = DIRECTION ( 'NONE',  ( 0.000000000000000000, 1.000000000000000000, -0.000000000000000000 ) ) ;
#1950 = SURFACE_STYLE_FILL_AREA ( #1720 ) ;
#1951 = CARTESIAN_POINT ( 'NONE',  ( -0.06000000000000015737, -0.08000000000000000167, 0.1499999999999999667 ) ) ;
#1952 =( GEOMETRIC_REPRESENTATION_CONTEXT ( 3 ) GLOBAL_UNCERTAINTY_ASSIGNED_CONTEXT ( ( #3049 ) ) GLOBAL_UNIT_ASSIGNED_CONTEXT ( ( #1431, #742, #2603 ) ) REPRESENTATION_CONTEXT ( 'NONE', 'WORKASPACE' ) );
#1953 =( GEOMETRIC_REPRESENTATION_CONTEXT ( 3 ) GLOBAL_UNCERTAINTY_ASSIGNED_CONTEXT ( ( #2563 ) ) GLOBAL_UNIT_ASSIGNED_CONTEXT ( ( #1468, #1231, #1249 ) ) REPRESENTATION_CONTEXT ( 'NONE', 'WORKASPACE' ) );
#1954 = STYLED_ITEM ( 'NONE', ( #2978 ), #491 ) ;
#1955 = VECTOR ( 'NONE', #511, 1000.000000000000000 ) ;
#1956 = ORIENTED_EDGE ( 'NONE', *, *, #1469, .F. ) ;
#1957 = DIRECTION ( 'NONE',  ( 0.000000000000000000, 0.000000000000000000, -1.000000000000000000 ) ) ;
#1958 =( NAMED_UNIT ( * ) SI_UNIT ( $, .STERADIAN. ) SOLID_ANGLE_UNIT ( ) );
#1959 = VECTOR ( 'NONE', #1196, 1000.000000000000000 ) ;
#1960 = DIRECTION ( 'NONE',  ( 0.000000000000000000, 0.000000000000000000, 1.000000000000000000 ) ) ;
#1961 = LINE ( 'NONE', #327, #817 ) ;
#1962 = VERTEX_POINT ( 'NONE', #1405 ) ;
#1963 = AXIS2_PLACEMENT_3D ( 'NONE', #3037, #1831, #1557 ) ;
#1964 = ORIENTED_EDGE ( 'NONE', *, *, #2212, .F. ) ;
#1965 = CARTESIAN_POINT ( 'NONE',  ( -3.499999999999998224, 0.9000000000000001332, 2.250000000000000000 ) ) ;
#1966 = UNCERTAINTY_MEASURE_WITH_UNIT (LENGTH_MEASURE( 1.000000000000000082E-05 ), #1939, 'distance_accuracy_value', 'NONE');
#1967 = PRESENTATION_LAYER_ASSIGNMENT (  '', '', ( #1265 ) ) ;
#1968 = EDGE_CURVE ( 'NONE', #1201, #280, #2673, .T. ) ;
#1969 =( NAMED_UNIT ( * ) SI_UNIT ( $, .STERADIAN. ) SOLID_ANGLE_UNIT ( ) );
#1970 = DIRECTION ( 'NONE',  ( 0.000000000000000000, -1.000000000000000000, -0.000000000000000000 ) ) ;
#1971 = EDGE_CURVE ( 'NONE', #2611, #521, #2846, .T. ) ;
#1972 = DIRECTION ( 'NONE',  ( 0.000000000000000000, 0.000000000000000000, -1.000000000000000000 ) ) ;
#1973 = VERTEX_POINT ( 'NONE', #1690 ) ;
#1974 = EDGE_LOOP ( 'NONE', ( #1811, #1325, #2169, #1421 ) ) ;
#1975 = DIRECTION ( 'NONE',  ( 0.000000000000000000, 0.000000000000000000, 1.000000000000000000 ) ) ;
#1976 = CARTESIAN_POINT ( 'NONE',  ( -3.899999999999998579, 0.01999999999999999695, 2.749999999999999556 ) ) ;
#1977 = UNCERTAINTY_MEASURE_WITH_UNIT (LENGTH_MEASURE( 1.000000000000000082E-05 ), #2152, 'distance_accuracy_value', 'NONE');
#1978 = UNCERTAINTY_MEASURE_WITH_UNIT (LENGTH_MEASURE( 1.000000000000000082E-05 ), #818, 'distance_accuracy_value', 'NONE');
#1979 = LINE ( 'NONE', #1259, #1781 ) ;
#1980 = SURFACE_STYLE_USAGE ( .BOTH. , #2344 ) ;
#1981 = CARTESIAN_POINT ( 'NONE',  ( -3.539999999999998259, -0.1600000000000000033, 0.1499999999999999667 ) ) ;
#1982 = PRODUCT_DEFINITION_CONTEXT ( 'detailed design', #3, 'design' ) ;
#1983 = LINE ( 'NONE', #1055, #1013 ) ;
#1984 = LINE ( 'NONE', #2669, #1202 ) ;
#1985 = AXIS2_PLACEMENT_3D ( 'NONE', #655, #2776, #935 ) ;
#1986 = ADVANCED_FACE ( 'NONE', ( #982 ), #2172, .F. ) ;
#1987 = MECHANICAL_DESIGN_GEOMETRIC_PRESENTATION_REPRESENTATION (  '', ( #1583 ), #1378 ) ;
#1988 = VECTOR ( 'NONE', #2930, 1000.000000000000000 ) ;
#1989 = PRESENTATION_LAYER_ASSIGNMENT (  '', '', ( #2135 ) ) ;
#1990 = LINE ( 'NONE', #2894, #2524 ) ;
#1991 = EDGE_LOOP ( 'NONE', ( #890, #2416, #710, #1650 ) ) ;
#1992 = ORIENTED_EDGE ( 'NONE', *, *, #1425, .T. ) ;
#1993 = LINE ( 'NONE', #136, #1988 ) ;
#1994 = LINE ( 'NONE', #137, #1260 ) ;
#1995 = PRESENTATION_LAYER_ASSIGNMENT (  '', '', ( #956 ) ) ;
#1996 = SURFACE_SIDE_STYLE ('',( #1747 ) ) ;
#1997 = CARTESIAN_POINT ( 'NONE',  ( -3.899999999999998579, 0.9000000000000001332, -2.649999999999999911 ) ) ;
#1998 = DIRECTION ( 'NONE',  ( 1.000000000000000000, 0.000000000000000000, 0.000000000000000000 ) ) ;
#1999 = STYLED_ITEM ( 'NONE', ( #2656 ), #145 ) ;
#2000 = EDGE_CURVE ( 'NONE', #1209, #647, #609, .T. ) ;
#2001 = STYLED_ITEM ( 'NONE', ( #1793 ), #449 ) ;
#2002 = DIRECTION ( 'NONE',  ( 0.000000000000000000, 0.000000000000000000, -1.000000000000000000 ) ) ;
#2003 = STYLED_ITEM ( 'NONE', ( #87 ), #469 ) ;
#2004 = FILL_AREA_STYLE ('',( #1062 ) ) ;
#2005 = ORIENTED_EDGE ( 'NONE', *, *, #1060, .T. ) ;
#2006 = ADVANCED_FACE ( 'NONE', ( #3041 ), #462, .T. ) ;
#2007 = ORIENTED_EDGE ( 'NONE', *, *, #958, .T. ) ;
#2008 = CARTESIAN_POINT ( 'NONE',  ( -3.539999999999998259, -0.1600000000000000033, -2.449999999999999734 ) ) ;
#2009 =( GEOMETRIC_REPRESENTATION_CONTEXT ( 3 ) GLOBAL_UNCERTAINTY_ASSIGNED_CONTEXT ( ( #1978 ) ) GLOBAL_UNIT_ASSIGNED_CONTEXT ( ( #818, #2704, #1789 ) ) REPRESENTATION_CONTEXT ( 'NONE', 'WORKASPACE' ) );
#2010 = VECTOR ( 'NONE', #2143, 1000.000000000000000 ) ;
#2011 = FACE_OUTER_BOUND ( 'NONE', #2141, .T. ) ;
#2012 = LINE ( 'NONE', #2027, #297 ) ;
#2013 = CARTESIAN_POINT ( 'NONE',  ( -0.06000000000000015737, -0.08000000000000000167, 2.449999999999999734 ) ) ;
#2014 = SURFACE_SIDE_STYLE ('',( #1950 ) ) ;
#2015 = FILL_AREA_STYLE_COLOUR ( '', #1906 ) ;
#2016 = AXIS2_PLACEMENT_3D ( 'NONE', #912, #1602, #1585 ) ;
#2017 =( NAMED_UNIT ( * ) PLANE_ANGLE_UNIT ( ) SI_UNIT ( $, .RADIAN. ) );
#2018 = ORIENTED_EDGE ( 'NONE', *, *, #1175, .T. ) ;
#2019 = SURFACE_STYLE_USAGE ( .BOTH. , #967 ) ;
#2020 = CARTESIAN_POINT ( 'NONE',  ( -3.499999999999998224, 0.9000000000000001332, 2.050000000000000266 ) ) ;
#2021 = EDGE_LOOP ( 'NONE', ( #463, #1439, #2269, #1726 ) ) ;
#2022 = ORIENTED_EDGE ( 'NONE', *, *, #1847, .T. ) ;
#2023 = CARTESIAN_POINT ( 'NONE',  ( -0.06000000000000015737, -0.08000000000000000167, 0.000000000000000000 ) ) ;
#2024 = CARTESIAN_POINT ( 'NONE',  ( -0.4600000000000003531, -0.1600000000000000033, 2.449999999999999734 ) ) ;
#2025 = EDGE_CURVE ( 'NONE', #986, #2876, #636, .T. ) ;
#2026 =( LENGTH_UNIT ( ) NAMED_UNIT ( * ) SI_UNIT ( .MILLI., .METRE. ) );
#2027 = CARTESIAN_POINT ( 'NONE',  ( 2.139999999999999680, -0.1600000000000000033, 0.1499999999999999667 ) ) ;
#2028 =( LENGTH_UNIT ( ) NAMED_UNIT ( * ) SI_UNIT ( .MILLI., .METRE. ) );
#2029 = CARTESIAN_POINT ( 'NONE',  ( -0.4600000000000003531, -0.1600000000000000033, -2.449999999999999734 ) ) ;
#2030 =( NAMED_UNIT ( * ) SI_UNIT ( $, .STERADIAN. ) SOLID_ANGLE_UNIT ( ) );
#2031 = ORIENTED_EDGE ( 'NONE', *, *, #1448, .T. ) ;
#2032 = COLOUR_RGB ( '',1.000000000000000000, 1.000000000000000000, 1.000000000000000000 ) ;
#2033 = SURFACE_STYLE_USAGE ( .BOTH. , #2947 ) ;
#2034 = SURFACE_STYLE_FILL_AREA ( #390 ) ;
#2035 = ORIENTED_EDGE ( 'NONE', *, *, #2865, .F. ) ;
#2036 = AXIS2_PLACEMENT_3D ( 'NONE', #2987, #589, #1803 ) ;
#2037 = ORIENTED_EDGE ( 'NONE', *, *, #234, .F. ) ;
#2038 = PLANE ( 'NONE',  #1963 ) ;
#2039 = COLOUR_RGB ( '',0.2941176470588235392, 0.2941176470588235392, 0.2941176470588235392 ) ;
#2040 = SURFACE_SIDE_STYLE ('',( #1374 ) ) ;
#2041 = CARTESIAN_POINT ( 'NONE',  ( -0.06000000000000015737, -0.1600000000000000033, 2.449999999999999734 ) ) ;
#2042 = CARTESIAN_POINT ( 'NONE',  ( -3.539999999999998259, -0.1600000000000000033, 0.1499999999999999667 ) ) ;
#2043 = AXIS2_PLACEMENT_3D ( 'NONE', #1436, #2383, #1876 ) ;
#2044 = DIRECTION ( 'NONE',  ( 0.000000000000000000, -0.000000000000000000, 1.000000000000000000 ) ) ;
#2045 = PLANE ( 'NONE',  #2097 ) ;
#2046 = VECTOR ( 'NONE', #1972, 1000.000000000000000 ) ;
#2047 = FILL_AREA_STYLE ('',( #2734 ) ) ;
#2048 = EDGE_CURVE ( 'NONE', #868, #2798, #1388, .T. ) ;
#2049 = DIRECTION ( 'NONE',  ( -0.000000000000000000, -1.000000000000000000, 0.000000000000000000 ) ) ;
#2050 = ORIENTED_EDGE ( 'NONE', *, *, #1058, .F. ) ;
#2051 = FACE_OUTER_BOUND ( 'NONE', #9, .T. ) ;
#2052 = ORIENTED_EDGE ( 'NONE', *, *, #316, .F. ) ;
#2053 = AXIS2_PLACEMENT_3D ( 'NONE', #1263, #1289, #562 ) ;
#2054 = ORIENTED_EDGE ( 'NONE', *, *, #2484, .F. ) ;
#2055 = SURFACE_SIDE_STYLE ('',( #1147 ) ) ;
#2056 =( NAMED_UNIT ( * ) PLANE_ANGLE_UNIT ( ) SI_UNIT ( $, .RADIAN. ) );
#2057 = DIRECTION ( 'NONE',  ( 0.000000000000000000, -1.000000000000000000, 0.000000000000000000 ) ) ;
#2058 = AXIS2_PLACEMENT_3D ( 'NONE', #2408, #1682, #1900 ) ;
#2059 = SURFACE_SIDE_STYLE ('',( #2086 ) ) ;
#2060 = STYLED_ITEM ( 'NONE', ( #2275 ), #724 ) ;
#2061 = PRESENTATION_LAYER_ASSIGNMENT (  '', '', ( #2889 ) ) ;
#2062 = EDGE_CURVE ( 'NONE', #2070, #1829, #712, .T. ) ;
#2063 = VECTOR ( 'NONE', #1558, 1000.000000000000000 ) ;
#2064 = DIRECTION ( 'NONE',  ( 0.000000000000000000, 0.000000000000000000, 1.000000000000000000 ) ) ;
#2065 = DIRECTION ( 'NONE',  ( 0.000000000000000000, 0.000000000000000000, 1.000000000000000000 ) ) ;
#2066 = PRODUCT_DEFINITION_FORMATION_WITH_SPECIFIED_SOURCE ( 'ANY', '', #1235, .NOT_KNOWN. ) ;
#2067 = ADVANCED_FACE ( 'NONE', ( #444 ), #2346, .T. ) ;
#2068 = VERTEX_POINT ( 'NONE', #2085 ) ;
#2069 = ORIENTED_EDGE ( 'NONE', *, *, #334, .T. ) ;
#2070 = VERTEX_POINT ( 'NONE', #3026 ) ;
#2071 = CARTESIAN_POINT ( 'NONE',  ( -3.499999999999998224, 0.8900000000000000133, 2.449999999999999289 ) ) ;
#2072 = FILL_AREA_STYLE_COLOUR ( '', #1735 ) ;
#2073 = CARTESIAN_POINT ( 'NONE',  ( -0.4600000000000003531, -0.1600000000000000033, 2.449999999999999734 ) ) ;
#2074 = CARTESIAN_POINT ( 'NONE',  ( -3.439999999999998614, -0.07999999999999998779, 2.449999999999999734 ) ) ;
#2075 = SURFACE_STYLE_FILL_AREA ( #1098 ) ;
#2076 = DIRECTION ( 'NONE',  ( 0.000000000000000000, -0.000000000000000000, -1.000000000000000000 ) ) ;
#2077 = DIRECTION ( 'NONE',  ( -1.000000000000000000, -0.000000000000000000, 0.000000000000000000 ) ) ;
#2078 = ORIENTED_EDGE ( 'NONE', *, *, #2575, .T. ) ;
#2079 = ADVANCED_FACE ( 'NONE', ( #695 ), #682, .F. ) ;
#2080 = ORIENTED_EDGE ( 'NONE', *, *, #822, .T. ) ;
#2081 = VERTEX_POINT ( 'NONE', #2158 ) ;
#2082 = LINE ( 'NONE', #2071, #299 ) ;
#2083 = STYLED_ITEM ( 'NONE', ( #1176 ), #1199 ) ;
#2084 = FACE_OUTER_BOUND ( 'NONE', #247, .T. ) ;
#2085 = CARTESIAN_POINT ( 'NONE',  ( -0.06000000000000015737, -0.1600000000000000033, -0.1499999999999999667 ) ) ;
#2086 = SURFACE_STYLE_FILL_AREA ( #931 ) ;
#2087 = DIRECTION ( 'NONE',  ( 0.000000000000000000, 0.000000000000000000, 1.000000000000000000 ) ) ;
#2088 = AXIS2_PLACEMENT_3D ( 'NONE', #1133, #2327, #158 ) ;
#2089 = DIRECTION ( 'NONE',  ( 0.000000000000000000, 0.000000000000000000, 1.000000000000000000 ) ) ;
#2090 = PRESENTATION_STYLE_ASSIGNMENT (( #2308 ) ) ;
#2091 = DIRECTION ( 'NONE',  ( -1.000000000000000000, -0.000000000000000000, 0.000000000000000000 ) ) ;
#2092 = EDGE_LOOP ( 'NONE', ( #2662, #1756, #515, #1656 ) ) ;
#2093 =( NAMED_UNIT ( * ) PLANE_ANGLE_UNIT ( ) SI_UNIT ( $, .RADIAN. ) );
#2094 = EDGE_CURVE ( 'NONE', #90, #1577, #230, .T. ) ;
#2095 = VERTEX_POINT ( 'NONE', #1410 ) ;
#2096 = EDGE_CURVE ( 'NONE', #2726, #2798, #1005, .T. ) ;
#2097 = AXIS2_PLACEMENT_3D ( 'NONE', #2029, #2970, #443 ) ;
#2098 = FILL_AREA_STYLE ('',( #2331 ) ) ;
#2099 = ORIENTED_EDGE ( 'NONE', *, *, #1661, .F. ) ;
#2100 = SURFACE_SIDE_STYLE ('',( #1601 ) ) ;
#2101 = COLOUR_RGB ( '',1.000000000000000000, 1.000000000000000000, 1.000000000000000000 ) ;
#2102 = COLOUR_RGB ( '',1.000000000000000000, 1.000000000000000000, 1.000000000000000000 ) ;
#2103 = SURFACE_STYLE_FILL_AREA ( #897 ) ;
#2104 = DIRECTION ( 'NONE',  ( 1.000000000000000000, 0.000000000000000000, -0.000000000000000000 ) ) ;
#2105 = AXIS2_PLACEMENT_3D ( 'NONE', #84, #564, #1777 ) ;
#2106 = STYLED_ITEM ( 'NONE', ( #49 ), #2553 ) ;
#2107 = DIRECTION ( 'NONE',  ( 0.000000000000000000, 0.000000000000000000, 1.000000000000000000 ) ) ;
#2108 = AXIS2_PLACEMENT_3D ( 'NONE', #414, #1837, #670 ) ;
#2109 = PLANE ( 'NONE',  #620 ) ;
#2110 = MECHANICAL_DESIGN_GEOMETRIC_PRESENTATION_REPRESENTATION (  '', ( #2889 ), #2203 ) ;
#2111 = PRESENTATION_LAYER_ASSIGNMENT (  '', '', ( #681 ) ) ;
#2112 = ORIENTED_EDGE ( 'NONE', *, *, #782, .F. ) ;
#2113 = CARTESIAN_POINT ( 'NONE',  ( -3.899999999999998579, 0.8000000000000000444, 2.649999999999999467 ) ) ;
#2114 = FILL_AREA_STYLE ('',( #1865 ) ) ;
#2115 =( NAMED_UNIT ( * ) SI_UNIT ( $, .STERADIAN. ) SOLID_ANGLE_UNIT ( ) );
#2116 = ORIENTED_EDGE ( 'NONE', *, *, #1826, .T. ) ;
#2117 = UNCERTAINTY_MEASURE_WITH_UNIT (LENGTH_MEASURE( 1.000000000000000082E-05 ), #2906, 'distance_accuracy_value', 'NONE');
#2118 = EDGE_CURVE ( 'NONE', #2674, #2737, #43, .T. ) ;
#2119 = LINE ( 'NONE', #2131, #2010 ) ;
#2120 = SURFACE_STYLE_FILL_AREA ( #1138 ) ;
#2121 = UNCERTAINTY_MEASURE_WITH_UNIT (LENGTH_MEASURE( 1.000000000000000082E-05 ), #288, 'distance_accuracy_value', 'NONE');
#2122 = CARTESIAN_POINT ( 'NONE',  ( 0.000000000000000000, -0.08000000000000000167, 0.7999999999999999334 ) ) ;
#2123 =( NAMED_UNIT ( * ) SI_UNIT ( $, .STERADIAN. ) SOLID_ANGLE_UNIT ( ) );
#2124 = CARTESIAN_POINT ( 'NONE',  ( -3.499999999999998224, 0.9000000000000001332, 2.250000000000000000 ) ) ;
#2125 = DIRECTION ( 'NONE',  ( 0.000000000000000000, 0.000000000000000000, -1.000000000000000000 ) ) ;
#2126 = FILL_AREA_STYLE_COLOUR ( '', #2836 ) ;
#2127 =( LENGTH_UNIT ( ) NAMED_UNIT ( * ) SI_UNIT ( .MILLI., .METRE. ) );
#2128 = EDGE_LOOP ( 'NONE', ( #2116, #1862, #885, #311 ) ) ;
#2129 = COLOUR_RGB ( '',1.000000000000000000, 1.000000000000000000, 1.000000000000000000 ) ;
#2130 = CARTESIAN_POINT ( 'NONE',  ( -0.4600000000000003531, -0.08000000000000000167, 0.1499999999999999667 ) ) ;
#2131 = CARTESIAN_POINT ( 'NONE',  ( 2.139999999999999680, -0.1600000000000000033, -0.1499999999999999667 ) ) ;
#2132 = PRESENTATION_LAYER_ASSIGNMENT (  '', '', ( #399 ) ) ;
#2133 = SPHERICAL_SURFACE ( 'NONE', #1352, 0.1000000000000000056 ) ;
#2134 = CARTESIAN_POINT ( 'NONE',  ( 4.000000000000000000, -0.08000000000000000167, 2.749999999999999556 ) ) ;
#2135 = STYLED_ITEM ( 'NONE', ( #517 ), #1925 ) ;
#2136 = ADVANCED_FACE ( 'NONE', ( #1942 ), #520, .T. ) ;
#2137 = VECTOR ( 'NONE', #1437, 1000.000000000000000 ) ;
#2138 = MECHANICAL_DESIGN_GEOMETRIC_PRESENTATION_REPRESENTATION (  '', ( #19 ), #820 ) ;
#2139 = ORIENTED_EDGE ( 'NONE', *, *, #1549, .F. ) ;
#2140 = EDGE_LOOP ( 'NONE', ( #358, #2473, #2763, #2981, #1000, #2555 ) ) ;
#2141 = EDGE_LOOP ( 'NONE', ( #2429, #1914, #1610, #2404 ) ) ;
#2142 = SURFACE_STYLE_USAGE ( .BOTH. , #750 ) ;
#2143 = DIRECTION ( 'NONE',  ( 0.000000000000000000, 1.000000000000000000, -0.000000000000000000 ) ) ;
#2144 = DIRECTION ( 'NONE',  ( -1.000000000000000000, -0.000000000000000000, 0.000000000000000000 ) ) ;
#2145 = CARTESIAN_POINT ( 'NONE',  ( 2.139999999999999680, -0.08000000000000000167, -1.150000000000000355 ) ) ;
#2146 = VECTOR ( 'NONE', #162, 1000.000000000000000 ) ;
#2147 = EDGE_CURVE ( 'NONE', #1973, #1538, #1676, .T. ) ;
#2148 = SURFACE_STYLE_USAGE ( .BOTH. , #226 ) ;
#2149 = DIRECTION ( 'NONE',  ( 0.000000000000000000, 1.000000000000000000, 0.000000000000000000 ) ) ;
#2150 = ORIENTED_EDGE ( 'NONE', *, *, #163, .F. ) ;
#2151 = CIRCLE ( 'NONE', #2886, 0.1999999999999996503 ) ;
#2152 =( LENGTH_UNIT ( ) NAMED_UNIT ( * ) SI_UNIT ( .MILLI., .METRE. ) );
#2153 = EDGE_CURVE ( 'NONE', #2876, #2674, #2859, .T. ) ;
#2154 = VECTOR ( 'NONE', #2616, 1000.000000000000000 ) ;
#2155 = CARTESIAN_POINT ( 'NONE',  ( 0.000000000000000000, -0.08000000000000000167, -0.1499999999999999667 ) ) ;
#2156 = CARTESIAN_POINT ( 'NONE',  ( 2.539999999999999591, -0.1600000000000000033, -0.8000000000000001554 ) ) ;
#2157 = DIRECTION ( 'NONE',  ( 0.000000000000000000, 0.000000000000000000, 1.000000000000000000 ) ) ;
#2158 = CARTESIAN_POINT ( 'NONE',  ( 2.139999999999999680, -0.1600000000000000033, -1.150000000000000355 ) ) ;
#2159 = ORIENTED_EDGE ( 'NONE', *, *, #1770, .F. ) ;
#2160 = ORIENTED_EDGE ( 'NONE', *, *, #2096, .T. ) ;
#2161 = DIRECTION ( 'NONE',  ( 0.000000000000000000, 1.000000000000000000, 0.000000000000000000 ) ) ;
#2162 = FILL_AREA_STYLE ('',( #751 ) ) ;
#2163 = SURFACE_STYLE_USAGE ( .BOTH. , #2850 ) ;
#2164 =( NAMED_UNIT ( * ) SI_UNIT ( $, .STERADIAN. ) SOLID_ANGLE_UNIT ( ) );
#2165 = SURFACE_STYLE_FILL_AREA ( #1228 ) ;
#2166 = FILL_AREA_STYLE_COLOUR ( '', #831 ) ;
#2167 = SURFACE_STYLE_USAGE ( .BOTH. , #722 ) ;
#2168 = CARTESIAN_POINT ( 'NONE',  ( -3.899999999999998579, -0.08000000000000000167, -2.649999999999999911 ) ) ;
#2169 = ORIENTED_EDGE ( 'NONE', *, *, #645, .F. ) ;
#2170 = VERTEX_POINT ( 'NONE', #968 ) ;
#2171 = FILL_AREA_STYLE_COLOUR ( '', #2382 ) ;
#2172 = PLANE ( 'NONE',  #2523 ) ;
#2173 = LINE ( 'NONE', #2659, #2738 ) ;
#2174 = CARTESIAN_POINT ( 'NONE',  ( 2.139999999999999680, -0.1600000000000000033, -0.1499999999999999667 ) ) ;
#2175 = ORIENTED_EDGE ( 'NONE', *, *, #2377, .T. ) ;
#2176 = VERTEX_POINT ( 'NONE', #2847 ) ;
#2177 = LINE ( 'NONE', #77, #951 ) ;
#2178 = APPLICATION_PROTOCOL_DEFINITION ( 'draft international standard', 'automotive_design', 1998, #3 ) ;
#2179 = LINE ( 'NONE', #738, #2945 ) ;
#2180 = CARTESIAN_POINT ( 'NONE',  ( 0.000000000000000000, -0.08000000000000000167, 1.449999999999999956 ) ) ;
#2181 =( LENGTH_UNIT ( ) NAMED_UNIT ( * ) SI_UNIT ( .MILLI., .METRE. ) );
#2182 =( LENGTH_UNIT ( ) NAMED_UNIT ( * ) SI_UNIT ( .MILLI., .METRE. ) );
#2183 = CARTESIAN_POINT ( 'NONE',  ( -3.499999999999998224, 0.9000000000000001332, 2.250000000000000000 ) ) ;
#2184 = VECTOR ( 'NONE', #2161, 1000.000000000000000 ) ;
#2185 = CARTESIAN_POINT ( 'NONE',  ( -1.339999999999998304, -0.1600000000000000033, 2.449999999999999734 ) ) ;
#2186 = VECTOR ( 'NONE', #1916, 1000.000000000000000 ) ;
#2187 = ORIENTED_EDGE ( 'NONE', *, *, #607, .T. ) ;
#2188 = DIRECTION ( 'NONE',  ( -1.000000000000000000, 0.000000000000000000, -0.000000000000000000 ) ) ;
#2189 = EDGE_CURVE ( 'NONE', #39, #1104, #2608, .T. ) ;
#2190 = PRESENTATION_LAYER_ASSIGNMENT (  '', '', ( #1841 ) ) ;
#2191 = CARTESIAN_POINT ( 'NONE',  ( 2.139999999999999680, -0.1600000000000000033, 1.449999999999999956 ) ) ;
#2192 = LINE ( 'NONE', #2020, #203 ) ;
#2193 = ORIENTED_EDGE ( 'NONE', *, *, #1971, .F. ) ;
#2194 = VERTEX_POINT ( 'NONE', #759 ) ;
#2195 = CARTESIAN_POINT ( 'NONE',  ( -3.999999999999998224, -0.08000000000000000167, 2.649999999999999467 ) ) ;
#2196 = EDGE_CURVE ( 'NONE', #1844, #392, #1456, .T. ) ;
#2197 = SURFACE_SIDE_STYLE ('',( #529 ) ) ;
#2198 = UNCERTAINTY_MEASURE_WITH_UNIT (LENGTH_MEASURE( 1.000000000000000082E-05 ), #814, 'distance_accuracy_value', 'NONE');
#2199 =( GEOMETRIC_REPRESENTATION_CONTEXT ( 3 ) GLOBAL_UNCERTAINTY_ASSIGNED_CONTEXT ( ( #1891 ) ) GLOBAL_UNIT_ASSIGNED_CONTEXT ( ( #694, #2716, #2731 ) ) REPRESENTATION_CONTEXT ( 'NONE', 'WORKASPACE' ) );
#2200 = MECHANICAL_DESIGN_GEOMETRIC_PRESENTATION_REPRESENTATION (  '', ( #1604 ), #1505 ) ;
#2201 = MECHANICAL_DESIGN_GEOMETRIC_PRESENTATION_REPRESENTATION (  '', ( #2106 ), #2739 ) ;
#2202 = COLOUR_RGB ( '',0.2941176470588235392, 0.2941176470588235392, 0.2941176470588235392 ) ;
#2203 =( GEOMETRIC_REPRESENTATION_CONTEXT ( 3 ) GLOBAL_UNCERTAINTY_ASSIGNED_CONTEXT ( ( #2224 ) ) GLOBAL_UNIT_ASSIGNED_CONTEXT ( ( #2373, #1698, #2837 ) ) REPRESENTATION_CONTEXT ( 'NONE', 'WORKASPACE' ) );
#2204 = SURFACE_STYLE_FILL_AREA ( #803 ) ;
#2205 = DIRECTION ( 'NONE',  ( 0.000000000000000000, 1.000000000000000000, 0.000000000000000000 ) ) ;
#2206 = ORIENTED_EDGE ( 'NONE', *, *, #1402, .T. ) ;
#2207 = EDGE_LOOP ( 'NONE', ( #3008, #2506, #1956, #1314 ) ) ;
#2208 = DIRECTION ( 'NONE',  ( -1.000000000000000000, 0.000000000000000000, 0.000000000000000000 ) ) ;
#2209 = UNCERTAINTY_MEASURE_WITH_UNIT (LENGTH_MEASURE( 1.000000000000000082E-05 ), #1472, 'distance_accuracy_value', 'NONE');
#2210 = CARTESIAN_POINT ( 'NONE',  ( -0.06000000000000015737, -0.1600000000000000033, -2.449999999999999734 ) ) ;
#2211 = CARTESIAN_POINT ( 'NONE',  ( 4.000000000000000000, 0.8000000000000000444, 2.649999999999999467 ) ) ;
#2212 = EDGE_CURVE ( 'NONE', #955, #678, #1961, .T. ) ;
#2213 = DIRECTION ( 'NONE',  ( 0.000000000000000000, -0.000000000000000000, 1.000000000000000000 ) ) ;
#2214 = PLANE ( 'NONE',  #786 ) ;
#2215 =( NAMED_UNIT ( * ) SI_UNIT ( $, .STERADIAN. ) SOLID_ANGLE_UNIT ( ) );
#2216 = DIRECTION ( 'NONE',  ( -1.000000000000000000, 0.000000000000000000, -0.000000000000000000 ) ) ;
#2217 = DIRECTION ( 'NONE',  ( -1.000000000000000000, -0.000000000000000000, -0.000000000000000000 ) ) ;
#2218 = ORIENTED_EDGE ( 'NONE', *, *, #841, .F. ) ;
#2219 = CYLINDRICAL_SURFACE ( 'NONE', #1753, 0.09999999999999982514 ) ;
#2220 =( NAMED_UNIT ( * ) PLANE_ANGLE_UNIT ( ) SI_UNIT ( $, .RADIAN. ) );
#2221 = ORIENTED_EDGE ( 'NONE', *, *, #1641, .T. ) ;
#2222 = VERTEX_POINT ( 'NONE', #850 ) ;
#2223 = DIRECTION ( 'NONE',  ( 0.000000000000000000, -1.000000000000000000, 0.000000000000000000 ) ) ;
#2224 = UNCERTAINTY_MEASURE_WITH_UNIT (LENGTH_MEASURE( 1.000000000000000082E-05 ), #2373, 'distance_accuracy_value', 'NONE');
#2225 = UNCERTAINTY_MEASURE_WITH_UNIT (LENGTH_MEASURE( 1.000000000000000082E-05 ), #2319, 'distance_accuracy_value', 'NONE');
#2226 = CARTESIAN_POINT ( 'NONE',  ( 2.539999999999999591, -0.1600000000000000033, 0.7999999999999999334 ) ) ;
#2227 = PRESENTATION_STYLE_ASSIGNMENT (( #1275 ) ) ;
#2228 = FACE_OUTER_BOUND ( 'NONE', #1046, .T. ) ;
#2229 = EDGE_CURVE ( 'NONE', #943, #2709, #584, .T. ) ;
#2230 = DIRECTION ( 'NONE',  ( 0.000000000000000000, 0.000000000000000000, -1.000000000000000000 ) ) ;
#2231 = FACE_OUTER_BOUND ( 'NONE', #923, .T. ) ;
#2232 = AXIS2_PLACEMENT_3D ( 'NONE', #2550, #480, #2076 ) ;
#2233 = EDGE_CURVE ( 'NONE', #104, #1384, #2192, .T. ) ;
#2234 = VECTOR ( 'NONE', #1850, 1000.000000000000000 ) ;
#2235 = CIRCLE ( 'NONE', #2868, 0.1999999999999996503 ) ;
#2236 = ORIENTED_EDGE ( 'NONE', *, *, #2791, .T. ) ;
#2237 = ORIENTED_EDGE ( 'NONE', *, *, #1871, .F. ) ;
#2238 = CARTESIAN_POINT ( 'NONE',  ( -0.8999999999999980238, -0.1600000000000000033, 2.449999999999999734 ) ) ;
#2239 = PRESENTATION_STYLE_ASSIGNMENT (( #2931 ) ) ;
#2240 = DIRECTION ( 'NONE',  ( -0.000000000000000000, 0.000000000000000000, 1.000000000000000000 ) ) ;
#2241 = MECHANICAL_DESIGN_GEOMETRIC_PRESENTATION_REPRESENTATION (  '', ( #512 ), #2432 ) ;
#2242 = PLANE ( 'NONE',  #1139 ) ;
#2243 = DIRECTION ( 'NONE',  ( 0.000000000000000000, -0.000000000000000000, 1.000000000000000000 ) ) ;
#2244 = AXIS2_PLACEMENT_3D ( 'NONE', #2134, #1654, #1624 ) ;
#2245 =( LENGTH_UNIT ( ) NAMED_UNIT ( * ) SI_UNIT ( .MILLI., .METRE. ) );
#2246 = DIRECTION ( 'NONE',  ( -0.000000000000000000, 0.000000000000000000, -1.000000000000000000 ) ) ;
#2247 = COLOUR_RGB ( '',1.000000000000000000, 1.000000000000000000, 1.000000000000000000 ) ;
#2248 = ORIENTED_EDGE ( 'NONE', *, *, #504, .T. ) ;
#2249 = MECHANICAL_DESIGN_GEOMETRIC_PRESENTATION_REPRESENTATION (  '', ( #1452 ), #1799 ) ;
#2250 = EDGE_CURVE ( 'NONE', #1063, #2459, #1239, .T. ) ;
#2251 = FACE_OUTER_BOUND ( 'NONE', #776, .T. ) ;
#2252 = ORIENTED_EDGE ( 'NONE', *, *, #730, .T. ) ;
#2253 = EDGE_LOOP ( 'NONE', ( #2911, #723, #2875, #1342 ) ) ;
#2254 = SURFACE_STYLE_FILL_AREA ( #360 ) ;
#2255 = AXIS2_PLACEMENT_3D ( 'NONE', #2809, #3032, #2354 ) ;
#2256 = VECTOR ( 'NONE', #688, 1000.000000000000000 ) ;
#2257 = FACE_BOUND ( 'NONE', #171, .T. ) ;
#2258 = AXIS2_PLACEMENT_3D ( 'NONE', #2548, #413, #2792 ) ;
#2259 = SURFACE_SIDE_STYLE ('',( #1303 ) ) ;
#2260 = CARTESIAN_POINT ( 'NONE',  ( 3.900000000000000355, 0.8000000000000000444, 2.749999999999999556 ) ) ;
#2261 =( NAMED_UNIT ( * ) SI_UNIT ( $, .STERADIAN. ) SOLID_ANGLE_UNIT ( ) );
#2262 = STYLED_ITEM ( 'NONE', ( #2463 ), #2966 ) ;
#2263 = SURFACE_STYLE_FILL_AREA ( #2715 ) ;
#2264 =( NAMED_UNIT ( * ) SI_UNIT ( $, .STERADIAN. ) SOLID_ANGLE_UNIT ( ) );
#2265 = DIRECTION ( 'NONE',  ( 0.000000000000000000, 0.000000000000000000, 1.000000000000000000 ) ) ;
#2266 = FACE_OUTER_BOUND ( 'NONE', #2784, .T. ) ;
#2267 = EDGE_LOOP ( 'NONE', ( #328, #342, #58, #1825 ) ) ;
#2268 = EDGE_CURVE ( 'NONE', #2860, #1201, #2477, .T. ) ;
#2269 = ORIENTED_EDGE ( 'NONE', *, *, #648, .F. ) ;
#2270 = ORIENTED_EDGE ( 'NONE', *, *, #1370, .F. ) ;
#2271 = EDGE_CURVE ( 'NONE', #2860, #868, #1990, .T. ) ;
#2272 = FILL_AREA_STYLE_COLOUR ( '', #1109 ) ;
#2273 = CARTESIAN_POINT ( 'NONE',  ( -3.499999999999998224, 0.8900000000000000133, 2.250000000000000000 ) ) ;
#2274 = SPHERICAL_SURFACE ( 'NONE', #2746, 0.1000000000000000056 ) ;
#2275 = PRESENTATION_STYLE_ASSIGNMENT (( #1348 ) ) ;
#2276 = SURFACE_SIDE_STYLE ('',( #2503 ) ) ;
#2277 = MECHANICAL_DESIGN_GEOMETRIC_PRESENTATION_REPRESENTATION (  '', ( #2083 ), #2861 ) ;
#2278 = EDGE_LOOP ( 'NONE', ( #2218, #18, #1814, #405 ) ) ;
#2279 =( GEOMETRIC_REPRESENTATION_CONTEXT ( 3 ) GLOBAL_UNCERTAINTY_ASSIGNED_CONTEXT ( ( #1715 ) ) GLOBAL_UNIT_ASSIGNED_CONTEXT ( ( #2789, #3028, #716 ) ) REPRESENTATION_CONTEXT ( 'NONE', 'WORKASPACE' ) );
#2280 = ORIENTED_EDGE ( 'NONE', *, *, #689, .T. ) ;
#2281 = VECTOR ( 'NONE', #894, 1000.000000000000000 ) ;
#2282 = ORIENTED_EDGE ( 'NONE', *, *, #1274, .F. ) ;
#2283 = EDGE_CURVE ( 'NONE', #969, #2521, #74, .T. ) ;
#2284 = VECTOR ( 'NONE', #1317, 1000.000000000000000 ) ;
#2285 = CARTESIAN_POINT ( 'NONE',  ( 0.000000000000000000, -0.08000000000000000167, -0.1499999999999999667 ) ) ;
#2286 = AXIS2_PLACEMENT_3D ( 'NONE', #1332, #2533, #652 ) ;
#2287 = EDGE_CURVE ( 'NONE', #1324, #955, #2827, .T. ) ;
#2288 = PLANE ( 'NONE',  #2108 ) ;
#2289 = PLANE ( 'NONE',  #948 ) ;
#2290 =( NAMED_UNIT ( * ) SI_UNIT ( $, .STERADIAN. ) SOLID_ANGLE_UNIT ( ) );
#2291 = ORIENTED_EDGE ( 'NONE', *, *, #946, .T. ) ;
#2292 = SURFACE_STYLE_USAGE ( .BOTH. , #439 ) ;
#2293 = EDGE_LOOP ( 'NONE', ( #3057, #918, #598, #2112, #498 ) ) ;
#2294 = STYLED_ITEM ( 'NONE', ( #3007 ), #1025 ) ;
#2295 = ORIENTED_EDGE ( 'NONE', *, *, #981, .T. ) ;
#2296 =( NAMED_UNIT ( * ) SI_UNIT ( $, .STERADIAN. ) SOLID_ANGLE_UNIT ( ) );
#2297 = PRESENTATION_STYLE_ASSIGNMENT (( #1599 ) ) ;
#2298 = FILL_AREA_STYLE ('',( #2272 ) ) ;
#2299 = MECHANICAL_DESIGN_GEOMETRIC_PRESENTATION_REPRESENTATION (  '', ( #2942 ), #780 ) ;
#2300 = CARTESIAN_POINT ( 'NONE',  ( 0.000000000000000000, -0.08000000000000000167, 2.449999999999999734 ) ) ;
#2301 = PRESENTATION_LAYER_ASSIGNMENT (  '', '', ( #1510 ) ) ;
#2302 = PLANE ( 'NONE',  #1614 ) ;
#2303 = SURFACE_STYLE_USAGE ( .BOTH. , #2318 ) ;
#2304 =( GEOMETRIC_REPRESENTATION_CONTEXT ( 3 ) GLOBAL_UNCERTAINTY_ASSIGNED_CONTEXT ( ( #1512 ) ) GLOBAL_UNIT_ASSIGNED_CONTEXT ( ( #934, #397, #1110 ) ) REPRESENTATION_CONTEXT ( 'NONE', 'WORKASPACE' ) );
#2305 = VECTOR ( 'NONE', #1572, 1000.000000000000000 ) ;
#2306 =( NAMED_UNIT ( * ) SI_UNIT ( $, .STERADIAN. ) SOLID_ANGLE_UNIT ( ) );
#2307 = ADVANCED_FACE ( 'NONE', ( #1016 ), #613, .F. ) ;
#2308 = SURFACE_STYLE_USAGE ( .BOTH. , #1350 ) ;
#2309 = SURFACE_STYLE_USAGE ( .BOTH. , #1353 ) ;
#2310 = ORIENTED_EDGE ( 'NONE', *, *, #782, .T. ) ;
#2311 = ORIENTED_EDGE ( 'NONE', *, *, #2048, .T. ) ;
#2312 = ORIENTED_EDGE ( 'NONE', *, *, #1261, .F. ) ;
#2313 = CARTESIAN_POINT ( 'NONE',  ( 2.139999999999999680, -0.1600000000000000033, -0.1499999999999999667 ) ) ;
#2314 =( NAMED_UNIT ( * ) PLANE_ANGLE_UNIT ( ) SI_UNIT ( $, .RADIAN. ) );
#2315 = DIRECTION ( 'NONE',  ( -0.000000000000000000, -1.000000000000000000, 0.000000000000000000 ) ) ;
#2316 = SURFACE_STYLE_FILL_AREA ( #2298 ) ;
#2317 = DIRECTION ( 'NONE',  ( 0.000000000000000000, 0.000000000000000000, 1.000000000000000000 ) ) ;
#2318 = SURFACE_SIDE_STYLE ('',( #1574 ) ) ;
#2319 =( LENGTH_UNIT ( ) NAMED_UNIT ( * ) SI_UNIT ( .MILLI., .METRE. ) );
#2320 =( LENGTH_UNIT ( ) NAMED_UNIT ( * ) SI_UNIT ( .MILLI., .METRE. ) );
#2321 = FACE_OUTER_BOUND ( 'NONE', #1470, .T. ) ;
#2322 = EDGE_CURVE ( 'NONE', #1326, #2530, #88, .T. ) ;
#2323 = ORIENTED_EDGE ( 'NONE', *, *, #1826, .F. ) ;
#2324 = ADVANCED_FACE ( 'NONE', ( #1522 ), #2974, .T. ) ;
#2325 = CARTESIAN_POINT ( 'NONE',  ( -3.999999999999998224, 0.8000000000000000444, -2.649999999999999911 ) ) ;
#2326 = ORIENTED_EDGE ( 'NONE', *, *, #933, .F. ) ;
#2327 = DIRECTION ( 'NONE',  ( 0.000000000000000000, 0.000000000000000000, -1.000000000000000000 ) ) ;
#2328 = FILL_AREA_STYLE ('',( #1616 ) ) ;
#2329 = FACE_OUTER_BOUND ( 'NONE', #26, .T. ) ;
#2330 = COLOUR_RGB ( '',1.000000000000000000, 1.000000000000000000, 1.000000000000000000 ) ;
#2331 = FILL_AREA_STYLE_COLOUR ( '', #563 ) ;
#2332 = VERTEX_POINT ( 'NONE', #370 ) ;
#2333 = CARTESIAN_POINT ( 'NONE',  ( 3.900000000000000355, 0.9000000000000001332, 2.649999999999999467 ) ) ;
#2334 = DIRECTION ( 'NONE',  ( -1.000000000000000000, 0.000000000000000000, -0.000000000000000000 ) ) ;
#2335 = PRESENTATION_STYLE_ASSIGNMENT (( #858 ) ) ;
#2336 = PRESENTATION_LAYER_ASSIGNMENT (  '', '', ( #657 ) ) ;
#2337 = UNCERTAINTY_MEASURE_WITH_UNIT (LENGTH_MEASURE( 1.000000000000000082E-05 ), #481, 'distance_accuracy_value', 'NONE');
#2338 = COLOUR_RGB ( '',0.2941176470588235392, 0.2941176470588235392, 0.2941176470588235392 ) ;
#2339 = PRESENTATION_STYLE_ASSIGNMENT (( #959 ) ) ;
#2340 = SURFACE_STYLE_USAGE ( .BOTH. , #455 ) ;
#2341 = EDGE_CURVE ( 'NONE', #202, #701, #2772, .T. ) ;
#2342 = ORIENTED_EDGE ( 'NONE', *, *, #1513, .T. ) ;
#2343 = SURFACE_STYLE_USAGE ( .BOTH. , #3010 ) ;
#2344 = SURFACE_SIDE_STYLE ('',( #1385 ) ) ;
#2345 = PRESENTATION_LAYER_ASSIGNMENT (  '', '', ( #2577 ) ) ;
#2346 = PLANE ( 'NONE',  #1838 ) ;
#2347 = ORIENTED_EDGE ( 'NONE', *, *, #165, .F. ) ;
#2348 =( LENGTH_UNIT ( ) NAMED_UNIT ( * ) SI_UNIT ( .MILLI., .METRE. ) );
#2349 = COLOUR_RGB ( '',1.000000000000000000, 1.000000000000000000, 1.000000000000000000 ) ;
#2350 = PRESENTATION_LAYER_ASSIGNMENT (  '', '', ( #2003 ) ) ;
#2351 =( GEOMETRIC_REPRESENTATION_CONTEXT ( 3 ) GLOBAL_UNCERTAINTY_ASSIGNED_CONTEXT ( ( #1256 ) ) GLOBAL_UNIT_ASSIGNED_CONTEXT ( ( #1379, #400, #2290 ) ) REPRESENTATION_CONTEXT ( 'NONE', 'WORKASPACE' ) );
#2352 = AXIS2_PLACEMENT_3D ( 'NONE', #1721, #1467, #1902 ) ;
#2353 = PRESENTATION_LAYER_ASSIGNMENT (  '', '', ( #627 ) ) ;
#2354 = DIRECTION ( 'NONE',  ( 0.000000000000000000, 0.000000000000000000, 1.000000000000000000 ) ) ;
#2355 = COLOUR_RGB ( '',0.2941176470588235392, 0.2941176470588235392, 0.2941176470588235392 ) ;
#2356 = FACE_OUTER_BOUND ( 'NONE', #401, .T. ) ;
#2357 = DIRECTION ( 'NONE',  ( 0.000000000000000000, 0.000000000000000000, 1.000000000000000000 ) ) ;
#2358 = PRESENTATION_LAYER_ASSIGNMENT (  '', '', ( #478 ) ) ;
#2359 = COLOUR_RGB ( '',1.000000000000000000, 1.000000000000000000, 1.000000000000000000 ) ;
#2360 = CARTESIAN_POINT ( 'NONE',  ( -0.06000000000000015737, -0.08000000000000000167, -0.1499999999999999667 ) ) ;
#2361 = DIRECTION ( 'NONE',  ( -0.7071067811865474617, 0.000000000000000000, -0.7071067811865474617 ) ) ;
#2362 = SURFACE_STYLE_USAGE ( .BOTH. , #2561 ) ;
#2363 = ORIENTED_EDGE ( 'NONE', *, *, #2147, .T. ) ;
#2364 = UNCERTAINTY_MEASURE_WITH_UNIT (LENGTH_MEASURE( 1.000000000000000082E-05 ), #2181, 'distance_accuracy_value', 'NONE');
#2365 = DIRECTION ( 'NONE',  ( 1.000000000000000000, 0.000000000000000000, -0.000000000000000000 ) ) ;
#2366 = DIRECTION ( 'NONE',  ( 0.000000000000000000, 0.000000000000000000, 1.000000000000000000 ) ) ;
#2367 = EDGE_CURVE ( 'NONE', #614, #1211, #1808, .T. ) ;
#2368 = FILL_AREA_STYLE_COLOUR ( '', #2689 ) ;
#2369 = SURFACE_STYLE_FILL_AREA ( #6 ) ;
#2370 = CARTESIAN_POINT ( 'NONE',  ( -0.4600000000000003531, -0.1600000000000000033, -0.1499999999999999667 ) ) ;
#2371 = ORIENTED_EDGE ( 'NONE', *, *, #1040, .T. ) ;
#2372 = PRODUCT_RELATED_PRODUCT_CATEGORY ( 'part', '', ( #1235 ) ) ;
#2373 =( LENGTH_UNIT ( ) NAMED_UNIT ( * ) SI_UNIT ( .MILLI., .METRE. ) );
#2374 = AXIS2_PLACEMENT_3D ( 'NONE', #218, #2317, #1391 ) ;
#2375 = DIRECTION ( 'NONE',  ( 1.000000000000000000, 0.000000000000000000, 0.000000000000000000 ) ) ;
#2376 = DIRECTION ( 'NONE',  ( 1.000000000000000000, 0.000000000000000000, -0.000000000000000000 ) ) ;
#2377 = EDGE_CURVE ( 'NONE', #3036, #536, #466, .T. ) ;
#2378 = DIRECTION ( 'NONE',  ( 0.000000000000000000, 0.000000000000000000, 1.000000000000000000 ) ) ;
#2379 = COLOUR_RGB ( '',1.000000000000000000, 1.000000000000000000, 1.000000000000000000 ) ;
#2380 = DIRECTION ( 'NONE',  ( -0.000000000000000000, -0.000000000000000000, 1.000000000000000000 ) ) ;
#2381 = VECTOR ( 'NONE', #942, 1000.000000000000000 ) ;
#2382 = COLOUR_RGB ( '',1.000000000000000000, 1.000000000000000000, 1.000000000000000000 ) ;
#2383 = DIRECTION ( 'NONE',  ( 0.000000000000000000, 0.000000000000000000, -1.000000000000000000 ) ) ;
#2384 = CARTESIAN_POINT ( 'NONE',  ( -0.06000000000000015737, -0.08000000000000000167, 0.000000000000000000 ) ) ;
#2385 = VERTEX_POINT ( 'NONE', #900 ) ;
#2386 = ORIENTED_EDGE ( 'NONE', *, *, #412, .F. ) ;
#2387 = LINE ( 'NONE', #537, #2184 ) ;
#2388 = SURFACE_STYLE_FILL_AREA ( #764 ) ;
#2389 = AXIS2_PLACEMENT_3D ( 'NONE', #605, #2803, #3040 ) ;
#2390 = FACE_OUTER_BOUND ( 'NONE', #2848, .T. ) ;
#2391 = PRESENTATION_LAYER_ASSIGNMENT (  '', '', ( #2294 ) ) ;
#2392 = FILL_AREA_STYLE ('',( #1446 ) ) ;
#2393 = EDGE_CURVE ( 'NONE', #644, #2194, #225, .T. ) ;
#2394 = PRESENTATION_LAYER_ASSIGNMENT (  '', '', ( #1400 ) ) ;
#2395 = CARTESIAN_POINT ( 'NONE',  ( 2.139999999999999680, -0.1600000000000000033, 0.1499999999999999667 ) ) ;
#2396 = DIRECTION ( 'NONE',  ( 1.000000000000000000, 0.000000000000000000, 1.084202172485504681E-16 ) ) ;
#2397 = EDGE_LOOP ( 'NONE', ( #1029, #2804, #2035, #2991 ) ) ;
#2398 = COLOUR_RGB ( '',1.000000000000000000, 1.000000000000000000, 1.000000000000000000 ) ;
#2399 = AXIS2_PLACEMENT_3D ( 'NONE', #1478, #235, #1426 ) ;
#2400 = CARTESIAN_POINT ( 'NONE',  ( -3.499999999999998224, 0.9000000000000001332, 2.050000000000000266 ) ) ;
#2401 = DIRECTION ( 'NONE',  ( -1.000000000000000000, -0.000000000000000000, 0.000000000000000000 ) ) ;
#2402 =( NAMED_UNIT ( * ) SI_UNIT ( $, .STERADIAN. ) SOLID_ANGLE_UNIT ( ) );
#2403 = ORIENTED_EDGE ( 'NONE', *, *, #1567, .F. ) ;
#2404 = ORIENTED_EDGE ( 'NONE', *, *, #2535, .F. ) ;
#2405 = LINE ( 'NONE', #2195, #2186 ) ;
#2406 = CARTESIAN_POINT ( 'NONE',  ( 0.000000000000000000, 0.000000000000000000, 0.000000000000000000 ) ) ;
#2407 = LINE ( 'NONE', #2900, #1934 ) ;
#2408 = CARTESIAN_POINT ( 'NONE',  ( 3.900000000000000355, -0.08000000000000000167, -2.649999999999999911 ) ) ;
#2409 = SURFACE_STYLE_USAGE ( .BOTH. , #532 ) ;
#2410 = EDGE_CURVE ( 'NONE', #2750, #615, #1607, .T. ) ;
#2411 = ORIENTED_EDGE ( 'NONE', *, *, #2948, .T. ) ;
#2412 = SURFACE_SIDE_STYLE ('',( #2891 ) ) ;
#2413 = PLANE ( 'NONE',  #813 ) ;
#2414 = DIRECTION ( 'NONE',  ( -0.000000000000000000, -0.000000000000000000, -1.000000000000000000 ) ) ;
#2415 = EDGE_LOOP ( 'NONE', ( #2529, #2323, #662, #2054 ) ) ;
#2416 = ORIENTED_EDGE ( 'NONE', *, *, #3004, .F. ) ;
#2417 =( NAMED_UNIT ( * ) PLANE_ANGLE_UNIT ( ) SI_UNIT ( $, .RADIAN. ) );
#2418 = UNCERTAINTY_MEASURE_WITH_UNIT (LENGTH_MEASURE( 1.000000000000000082E-05 ), #1094, 'distance_accuracy_value', 'NONE');
#2419 = SURFACE_STYLE_USAGE ( .BOTH. , #251 ) ;
#2420 = DIRECTION ( 'NONE',  ( 0.000000000000000000, 0.000000000000000000, 1.000000000000000000 ) ) ;
#2421 =( LENGTH_UNIT ( ) NAMED_UNIT ( * ) SI_UNIT ( .MILLI., .METRE. ) );
#2422 =( NAMED_UNIT ( * ) SI_UNIT ( $, .STERADIAN. ) SOLID_ANGLE_UNIT ( ) );
#2423 = MECHANICAL_DESIGN_GEOMETRIC_PRESENTATION_REPRESENTATION (  '', ( #1486 ), #1097 ) ;
#2424 = VECTOR ( 'NONE', #853, 1000.000000000000000 ) ;
#2425 = MECHANICAL_DESIGN_GEOMETRIC_PRESENTATION_REPRESENTATION (  '', ( #507 ), #952 ) ;
#2426 = DIRECTION ( 'NONE',  ( 0.000000000000000000, 1.000000000000000000, 0.000000000000000000 ) ) ;
#2427 = LINE ( 'NONE', #291, #319 ) ;
#2428 = EDGE_CURVE ( 'NONE', #1326, #1508, #1252, .T. ) ;
#2429 = ORIENTED_EDGE ( 'NONE', *, *, #2341, .T. ) ;
#2430 = EDGE_LOOP ( 'NONE', ( #2573, #805, #423, #1646 ) ) ;
#2431 = DIRECTION ( 'NONE',  ( -0.000000000000000000, 0.000000000000000000, 1.000000000000000000 ) ) ;
#2432 =( GEOMETRIC_REPRESENTATION_CONTEXT ( 3 ) GLOBAL_UNCERTAINTY_ASSIGNED_CONTEXT ( ( #2337 ) ) GLOBAL_UNIT_ASSIGNED_CONTEXT ( ( #481, #16, #1397 ) ) REPRESENTATION_CONTEXT ( 'NONE', 'WORKASPACE' ) );
#2433 = UNCERTAINTY_MEASURE_WITH_UNIT (LENGTH_MEASURE( 1.000000000000000082E-05 ), #1531, 'distance_accuracy_value', 'NONE');
#2434 = UNCERTAINTY_MEASURE_WITH_UNIT (LENGTH_MEASURE( 1.000000000000000082E-05 ), #1164, 'distance_accuracy_value', 'NONE');
#2435 = FILL_AREA_STYLE_COLOUR ( '', #2973 ) ;
#2436 = FACE_OUTER_BOUND ( 'NONE', #306, .T. ) ;
#2437 = UNCERTAINTY_MEASURE_WITH_UNIT (LENGTH_MEASURE( 1.000000000000000082E-05 ), #434, 'distance_accuracy_value', 'NONE');
#2438 = DIRECTION ( 'NONE',  ( -0.000000000000000000, -1.000000000000000000, -0.000000000000000000 ) ) ;
#2439 = CARTESIAN_POINT ( 'NONE',  ( -3.499999999999998224, 0.8900000000000000133, 2.250000000000000000 ) ) ;
#2440 = MECHANICAL_DESIGN_GEOMETRIC_PRESENTATION_REPRESENTATION (  '', ( #914 ), #1704 ) ;
#2441 = VECTOR ( 'NONE', #1872, 1000.000000000000000 ) ;
#2442 = AXIS2_PLACEMENT_3D ( 'NONE', #336, #2901, #2243 ) ;
#2443 = VECTOR ( 'NONE', #3027, 1000.000000000000000 ) ;
#2444 = VERTEX_POINT ( 'NONE', #1840 ) ;
#2445 =( GEOMETRIC_REPRESENTATION_CONTEXT ( 3 ) GLOBAL_UNCERTAINTY_ASSIGNED_CONTEXT ( ( #788 ) ) GLOBAL_UNIT_ASSIGNED_CONTEXT ( ( #2728, #2665, #1494 ) ) REPRESENTATION_CONTEXT ( 'NONE', 'WORKASPACE' ) );
#2446 = ORIENTED_EDGE ( 'NONE', *, *, #857, .F. ) ;
#2447 = DIRECTION ( 'NONE',  ( 0.000000000000000000, 1.000000000000000000, 0.000000000000000000 ) ) ;
#2448 = EDGE_CURVE ( 'NONE', #1740, #2444, #1590, .T. ) ;
#2449 = DIRECTION ( 'NONE',  ( 0.000000000000000000, -0.000000000000000000, 1.000000000000000000 ) ) ;
#2450 =( NAMED_UNIT ( * ) PLANE_ANGLE_UNIT ( ) SI_UNIT ( $, .RADIAN. ) );
#2451 = FILL_AREA_STYLE ('',( #1037 ) ) ;
#2452 = ADVANCED_FACE ( 'NONE', ( #2321 ), #193, .F. ) ;
#2453 = LINE ( 'NONE', #1085, #2586 ) ;
#2454 = DIRECTION ( 'NONE',  ( -1.000000000000000000, 0.000000000000000000, 0.000000000000000000 ) ) ;
#2455 = DIRECTION ( 'NONE',  ( -1.000000000000000000, 0.000000000000000000, 0.000000000000000000 ) ) ;
#2456 = PRESENTATION_STYLE_ASSIGNMENT (( #1520 ) ) ;
#2457 = DIRECTION ( 'NONE',  ( 0.000000000000000000, -0.000000000000000000, 1.000000000000000000 ) ) ;
#2458 = ORIENTED_EDGE ( 'NONE', *, *, #961, .F. ) ;
#2459 = VERTEX_POINT ( 'NONE', #1158 ) ;
#2460 = LINE ( 'NONE', #2967, #581 ) ;
#2461 = EDGE_CURVE ( 'NONE', #2726, #1129, #915, .T. ) ;
#2462 = CYLINDRICAL_SURFACE ( 'NONE', #152, 0.1999999999999996503 ) ;
#2463 = PRESENTATION_STYLE_ASSIGNMENT (( #1980 ) ) ;
#2464 = LINE ( 'NONE', #384, #2495 ) ;
#2465 = CARTESIAN_POINT ( 'NONE',  ( -3.899999999999998579, 0.8000000000000000444, 2.749999999999999556 ) ) ;
#2466 = LINE ( 'NONE', #1073, #214 ) ;
#2467 = EDGE_CURVE ( 'NONE', #2860, #280, #777, .T. ) ;
#2468 = PLANE ( 'NONE',  #1985 ) ;
#2469 = VECTOR ( 'NONE', #1556, 1000.000000000000000 ) ;
#2470 = CARTESIAN_POINT ( 'NONE',  ( -0.06000000000000015737, -0.1600000000000000033, -2.449999999999999734 ) ) ;
#2471 = PRESENTATION_LAYER_ASSIGNMENT (  '', '', ( #1288 ) ) ;
#2472 = DIRECTION ( 'NONE',  ( 0.000000000000000000, 0.000000000000000000, -1.000000000000000000 ) ) ;
#2473 = ORIENTED_EDGE ( 'NONE', *, *, #1370, .T. ) ;
#2474 = ORIENTED_EDGE ( 'NONE', *, *, #2147, .F. ) ;
#2475 =( LENGTH_UNIT ( ) NAMED_UNIT ( * ) SI_UNIT ( .MILLI., .METRE. ) );
#2476 = FILL_AREA_STYLE ('',( #1526 ) ) ;
#2477 = CIRCLE ( 'NONE', #1691, 0.09999999999999982514 ) ;
#2478 = DIRECTION ( 'NONE',  ( 1.000000000000000000, 0.000000000000000000, 0.000000000000000000 ) ) ;
#2479 = LINE ( 'NONE', #812, #2720 ) ;
#2480 = SURFACE_SIDE_STYLE ('',( #591 ) ) ;
#2481 = LINE ( 'NONE', #365, #2878 ) ;
#2482 = SURFACE_STYLE_FILL_AREA ( #1548 ) ;
#2483 =( NAMED_UNIT ( * ) PLANE_ANGLE_UNIT ( ) SI_UNIT ( $, .RADIAN. ) );
#2484 = EDGE_CURVE ( 'NONE', #1209, #2860, #2797, .T. ) ;
#2485 = AXIS2_PLACEMENT_3D ( 'NONE', #1892, #1208, #2627 ) ;
#2486 = ORIENTED_EDGE ( 'NONE', *, *, #485, .T. ) ;
#2487 = AXIS2_PLACEMENT_3D ( 'NONE', #2844, #743, #377 ) ;
#2488 =( GEOMETRIC_REPRESENTATION_CONTEXT ( 3 ) GLOBAL_UNCERTAINTY_ASSIGNED_CONTEXT ( ( #2932 ) ) GLOBAL_UNIT_ASSIGNED_CONTEXT ( ( #1295, #568, #1281 ) ) REPRESENTATION_CONTEXT ( 'NONE', 'WORKASPACE' ) );
#2489 = VECTOR ( 'NONE', #936, 1000.000000000000000 ) ;
#2490 = CARTESIAN_POINT ( 'NONE',  ( -3.899999999999998579, 0.01999999999999999695, 2.649999999999999467 ) ) ;
#2491 = COLOUR_RGB ( '',0.2941176470588235392, 0.2941176470588235392, 0.2941176470588235392 ) ;
#2492 = ORIENTED_EDGE ( 'NONE', *, *, #56, .T. ) ;
#2493 = EDGE_LOOP ( 'NONE', ( #1677, #673, #2905 ) ) ;
#2494 = LINE ( 'NONE', #2023, #709 ) ;
#2495 = VECTOR ( 'NONE', #1054, 1000.000000000000114 ) ;
#2496 = VECTOR ( 'NONE', #1681, 1000.000000000000000 ) ;
#2497 = FILL_AREA_STYLE_COLOUR ( '', #1406 ) ;
#2498 = CARTESIAN_POINT ( 'NONE',  ( -3.899999999999998579, -0.08000000000000000167, 2.649999999999999467 ) ) ;
#2499 = DIRECTION ( 'NONE',  ( 0.000000000000000000, 0.000000000000000000, -1.000000000000000000 ) ) ;
#2500 =( NAMED_UNIT ( * ) SI_UNIT ( $, .STERADIAN. ) SOLID_ANGLE_UNIT ( ) );
#2501 = AXIS2_PLACEMENT_3D ( 'NONE', #1035, #2914, #1049 ) ;
#2502 = DIRECTION ( 'NONE',  ( 0.000000000000000000, -1.000000000000000000, -0.000000000000000000 ) ) ;
#2503 = SURFACE_STYLE_FILL_AREA ( #2990 ) ;
#2504 = ORIENTED_EDGE ( 'NONE', *, *, #2575, .F. ) ;
#2505 = ADVANCED_FACE ( 'NONE', ( #2760 ), #2133, .T. ) ;
#2506 = ORIENTED_EDGE ( 'NONE', *, *, #1043, .F. ) ;
#2507 = EDGE_CURVE ( 'NONE', #182, #884, #1623, .T. ) ;
#2508 = ORIENTED_EDGE ( 'NONE', *, *, #2538, .T. ) ;
#2509 = FILL_AREA_STYLE_COLOUR ( '', #2039 ) ;
#2510 = PLANE ( 'NONE',  #966 ) ;
#2511 = CARTESIAN_POINT ( 'NONE',  ( -1.339999999999998304, -0.1600000000000000033, 0.1499999999999999667 ) ) ;
#2512 = DIRECTION ( 'NONE',  ( 1.000000000000000000, 0.000000000000000000, 0.000000000000000000 ) ) ;
#2513 = SURFACE_STYLE_FILL_AREA ( #3030 ) ;
#2514 = SURFACE_SIDE_STYLE ('',( #2103 ) ) ;
#2515 = FACE_BOUND ( 'NONE', #2943, .T. ) ;
#2516 = DIRECTION ( 'NONE',  ( 0.000000000000000000, 0.000000000000000000, -1.000000000000000000 ) ) ;
#2517 = CARTESIAN_POINT ( 'NONE',  ( -0.8999999999999980238, -0.1600000000000000033, 2.449999999999999734 ) ) ;
#2518 = ORIENTED_EDGE ( 'NONE', *, *, #826, .T. ) ;
#2519 =( NAMED_UNIT ( * ) SI_UNIT ( $, .STERADIAN. ) SOLID_ANGLE_UNIT ( ) );
#2520 = ORIENTED_EDGE ( 'NONE', *, *, #1187, .T. ) ;
#2521 = VERTEX_POINT ( 'NONE', #1933 ) ;
#2522 = EDGE_CURVE ( 'NONE', #2170, #1550, #977, .T. ) ;
#2523 = AXIS2_PLACEMENT_3D ( 'NONE', #2658, #2426, #1485 ) ;
#2524 = VECTOR ( 'NONE', #1766, 1000.000000000000000 ) ;
#2525 = AXIS2_PLACEMENT_3D ( 'NONE', #2124, #1613, #980 ) ;
#2526 =( NAMED_UNIT ( * ) PLANE_ANGLE_UNIT ( ) SI_UNIT ( $, .RADIAN. ) );
#2527 = PRESENTATION_STYLE_ASSIGNMENT (( #1640 ) ) ;
#2528 = ORIENTED_EDGE ( 'NONE', *, *, #1622, .F. ) ;
#2529 = ORIENTED_EDGE ( 'NONE', *, *, #2000, .T. ) ;
#2530 = VERTEX_POINT ( 'NONE', #1701 ) ;
#2531 =( LENGTH_UNIT ( ) NAMED_UNIT ( * ) SI_UNIT ( .MILLI., .METRE. ) );
#2532 = MECHANICAL_DESIGN_GEOMETRIC_PRESENTATION_REPRESENTATION (  '', ( #1015 ), #1707 ) ;
#2533 = DIRECTION ( 'NONE',  ( 0.000000000000000000, -0.000000000000000000, 1.000000000000000000 ) ) ;
#2534 = CARTESIAN_POINT ( 'NONE',  ( -3.499999999999998224, 0.8900000000000000133, 2.050000000000000266 ) ) ;
#2535 = EDGE_CURVE ( 'NONE', #202, #2815, #2639, .T. ) ;
#2536 =( GEOMETRIC_REPRESENTATION_CONTEXT ( 3 ) GLOBAL_UNCERTAINTY_ASSIGNED_CONTEXT ( ( #2225 ) ) GLOBAL_UNIT_ASSIGNED_CONTEXT ( ( #2319, #1111, #2775 ) ) REPRESENTATION_CONTEXT ( 'NONE', 'WORKASPACE' ) );
#2537 = PRESENTATION_LAYER_ASSIGNMENT (  '', '', ( #476 ) ) ;
#2538 = EDGE_CURVE ( 'NONE', #615, #2070, #2825, .T. ) ;
#2539 = DIRECTION ( 'NONE',  ( 0.000000000000000000, -0.000000000000000000, 1.000000000000000000 ) ) ;
#2540 = COLOUR_RGB ( '',0.2941176470588235392, 0.2941176470588235392, 0.2941176470588235392 ) ;
#2541 = FILL_AREA_STYLE ('',( #883 ) ) ;
#2542 = ORIENTED_EDGE ( 'NONE', *, *, #863, .F. ) ;
#2543 = FILL_AREA_STYLE_COLOUR ( '', #244 ) ;
#2544 =( NAMED_UNIT ( * ) SI_UNIT ( $, .STERADIAN. ) SOLID_ANGLE_UNIT ( ) );
#2545 = CARTESIAN_POINT ( 'NONE',  ( -0.8999999999999980238, -0.1600000000000000033, -0.1499999999999999667 ) ) ;
#2546 =( NAMED_UNIT ( * ) PLANE_ANGLE_UNIT ( ) SI_UNIT ( $, .RADIAN. ) );
#2547 = SURFACE_STYLE_USAGE ( .BOTH. , #684 ) ;
#2548 = CARTESIAN_POINT ( 'NONE',  ( 0.000000000000000000, -0.1600000000000000033, 0.000000000000000000 ) ) ;
#2549 = PRESENTATION_STYLE_ASSIGNMENT (( #641 ) ) ;
#2550 = CARTESIAN_POINT ( 'NONE',  ( 0.000000000000000000, -0.1600000000000000033, 0.000000000000000000 ) ) ;
#2551 = SURFACE_STYLE_FILL_AREA ( #416 ) ;
#2552 = PLANE ( 'NONE',  #1395 ) ;
#2553 = ADVANCED_FACE ( 'NONE', ( #720 ), #1465, .T. ) ;
#2554 = CYLINDRICAL_SURFACE ( 'NONE', #115, 0.09999999999999982514 ) ;
#2555 = ORIENTED_EDGE ( 'NONE', *, *, #802, .T. ) ;
#2556 = SURFACE_SIDE_STYLE ('',( #1123 ) ) ;
#2557 = AXIS2_PLACEMENT_3D ( 'NONE', #847, #150, #642 ) ;
#2558 = DIRECTION ( 'NONE',  ( 0.000000000000000000, 0.000000000000000000, 1.000000000000000000 ) ) ;
#2559 = SURFACE_SIDE_STYLE ('',( #1149 ) ) ;
#2560 = VECTOR ( 'NONE', #2877, 1000.000000000000000 ) ;
#2561 = SURFACE_SIDE_STYLE ('',( #929 ) ) ;
#2562 = VERTEX_POINT ( 'NONE', #2840 ) ;
#2563 = UNCERTAINTY_MEASURE_WITH_UNIT (LENGTH_MEASURE( 1.000000000000000082E-05 ), #1468, 'distance_accuracy_value', 'NONE');
#2564 = PLANE ( 'NONE',  #707 ) ;
#2565 =( LENGTH_UNIT ( ) NAMED_UNIT ( * ) SI_UNIT ( .MILLI., .METRE. ) );
#2566 =( NAMED_UNIT ( * ) PLANE_ANGLE_UNIT ( ) SI_UNIT ( $, .RADIAN. ) );
#2567 =( GEOMETRIC_REPRESENTATION_CONTEXT ( 3 ) GLOBAL_UNCERTAINTY_ASSIGNED_CONTEXT ( ( #1034 ) ) GLOBAL_UNIT_ASSIGNED_CONTEXT ( ( #2531, #425, #1327 ) ) REPRESENTATION_CONTEXT ( 'NONE', 'WORKASPACE' ) );
#2568 = MECHANICAL_DESIGN_GEOMETRIC_PRESENTATION_REPRESENTATION (  '', ( #1288 ), #1336 ) ;
#2569 = SURFACE_STYLE_FILL_AREA ( #1369 ) ;
#2570 = FILL_AREA_STYLE_COLOUR ( '', #3043 ) ;
#2571 = PRESENTATION_LAYER_ASSIGNMENT (  '', '', ( #512 ) ) ;
#2572 =( NAMED_UNIT ( * ) PLANE_ANGLE_UNIT ( ) SI_UNIT ( $, .RADIAN. ) );
#2573 = ORIENTED_EDGE ( 'NONE', *, *, #2393, .F. ) ;
#2574 =( NAMED_UNIT ( * ) SI_UNIT ( $, .STERADIAN. ) SOLID_ANGLE_UNIT ( ) );
#2575 = EDGE_CURVE ( 'NONE', #2862, #1844, #1670, .T. ) ;
#2576 = LINE ( 'NONE', #2545, #317 ) ;
#2577 = STYLED_ITEM ( 'NONE', ( #937 ), #134 ) ;
#2578 =( NAMED_UNIT ( * ) PLANE_ANGLE_UNIT ( ) SI_UNIT ( $, .RADIAN. ) );
#2579 = EDGE_LOOP ( 'NONE', ( #2486, #2995, #2922 ) ) ;
#2580 =( NAMED_UNIT ( * ) SI_UNIT ( $, .STERADIAN. ) SOLID_ANGLE_UNIT ( ) );
#2581 = APPLICATION_CONTEXT ( 'automotive_design' ) ;
#2582 = AXIS2_PLACEMENT_3D ( 'NONE', #1612, #1626, #921 ) ;
#2583 = SURFACE_SIDE_STYLE ('',( #2388 ) ) ;
#2584 = CARTESIAN_POINT ( 'NONE',  ( -0.06000000000000015737, -0.1600000000000000033, 0.1499999999999999667 ) ) ;
#2585 = VECTOR ( 'NONE', #1200, 1000.000000000000000 ) ;
#2586 = VECTOR ( 'NONE', #364, 1000.000000000000000 ) ;
#2587 = DIRECTION ( 'NONE',  ( 0.000000000000000000, -1.000000000000000000, 0.000000000000000000 ) ) ;
#2588 =( GEOMETRIC_REPRESENTATION_CONTEXT ( 3 ) GLOBAL_UNCERTAINTY_ASSIGNED_CONTEXT ( ( #1390 ) ) GLOBAL_UNIT_ASSIGNED_CONTEXT ( ( #2026, #668, #1784 ) ) REPRESENTATION_CONTEXT ( 'NONE', 'WORKASPACE' ) );
#2589 = FILL_AREA_STYLE ('',( #207 ) ) ;
#2590 = VECTOR ( 'NONE', #1329, 1000.000000000000000 ) ;
#2591 = ORIENTED_EDGE ( 'NONE', *, *, #437, .T. ) ;
#2592 = CYLINDRICAL_SURFACE ( 'NONE', #916, 0.09999999999999982514 ) ;
#2593 = COLOUR_RGB ( '',0.7921568627450980005, 0.8196078431372548767, 0.9333333333333333481 ) ;
#2594 = ADVANCED_FACE ( 'NONE', ( #1481 ), #2618, .T. ) ;
#2595 = SURFACE_STYLE_USAGE ( .BOTH. , #21 ) ;
#2596 = SURFACE_SIDE_STYLE ('',( #534 ) ) ;
#2597 = EDGE_CURVE ( 'NONE', #1311, #2081, #799, .T. ) ;
#2598 = DIRECTION ( 'NONE',  ( -0.000000000000000000, -1.000000000000000000, 0.000000000000000000 ) ) ;
#2599 = ORIENTED_EDGE ( 'NONE', *, *, #2025, .F. ) ;
#2600 = DIRECTION ( 'NONE',  ( -1.000000000000000000, 0.000000000000000000, 0.000000000000000000 ) ) ;
#2601 = LINE ( 'NONE', #1716, #1401 ) ;
#2602 = SURFACE_STYLE_USAGE ( .BOTH. , #2197 ) ;
#2603 =( NAMED_UNIT ( * ) SI_UNIT ( $, .STERADIAN. ) SOLID_ANGLE_UNIT ( ) );
#2604 =( LENGTH_UNIT ( ) NAMED_UNIT ( * ) SI_UNIT ( .MILLI., .METRE. ) );
#2605 = DIRECTION ( 'NONE',  ( 0.000000000000000000, 1.000000000000000000, 0.000000000000000000 ) ) ;
#2606 = CARTESIAN_POINT ( 'NONE',  ( 3.900000000000000355, 0.8000000000000000444, -2.649999999999999911 ) ) ;
#2607 = LINE ( 'NONE', #1692, #1852 ) ;
#2608 = LINE ( 'NONE', #2384, #508 ) ;
#2609 = ORIENTED_EDGE ( 'NONE', *, *, #1004, .F. ) ;
#2610 = AXIS2_PLACEMENT_3D ( 'NONE', #798, #509, #1730 ) ;
#2611 = VERTEX_POINT ( 'NONE', #2013 ) ;
#2612 =( LENGTH_UNIT ( ) NAMED_UNIT ( * ) SI_UNIT ( .MILLI., .METRE. ) );
#2613 = EDGE_CURVE ( 'NONE', #1500, #2671, #2453, .T. ) ;
#2614 = FILL_AREA_STYLE_COLOUR ( '', #1609 ) ;
#2615 = COLOUR_RGB ( '',1.000000000000000000, 1.000000000000000000, 1.000000000000000000 ) ;
#2616 = DIRECTION ( 'NONE',  ( 1.000000000000000000, 0.000000000000000000, -0.000000000000000000 ) ) ;
#2617 = DIRECTION ( 'NONE',  ( -1.000000000000000000, 0.000000000000000000, -0.000000000000000000 ) ) ;
#2618 = CYLINDRICAL_SURFACE ( 'NONE', #2839, 0.09999999999999982514 ) ;
#2619 = SURFACE_SIDE_STYLE ('',( #1935 ) ) ;
#2620 = COLOUR_RGB ( '',1.000000000000000000, 1.000000000000000000, 1.000000000000000000 ) ;
#2621 = PLANE ( 'NONE',  #2352 ) ;
#2622 = SURFACE_STYLE_USAGE ( .BOTH. , #754 ) ;
#2623 = AXIS2_PLACEMENT_3D ( 'NONE', #1309, #2049, #878 ) ;
#2624 = AXIS2_PLACEMENT_3D ( 'NONE', #1204, #468, #745 ) ;
#2625 = PRESENTATION_STYLE_ASSIGNMENT (( #1689 ) ) ;
#2626 = SURFACE_STYLE_FILL_AREA ( #1923 ) ;
#2627 = DIRECTION ( 'NONE',  ( -1.000000000000000000, 0.000000000000000000, -0.000000000000000000 ) ) ;
#2628 = SURFACE_STYLE_USAGE ( .BOTH. , #1926 ) ;
#2629 = ORIENTED_EDGE ( 'NONE', *, *, #2751, .F. ) ;
#2630 = FILL_AREA_STYLE_COLOUR ( '', #2330 ) ;
#2631 = PRESENTATION_STYLE_ASSIGNMENT (( #1668 ) ) ;
#2632 = PRESENTATION_LAYER_ASSIGNMENT (  '', '', ( #914 ) ) ;
#2633 = CARTESIAN_POINT ( 'NONE',  ( -3.539999999999998259, -0.1600000000000000033, 2.350000000000000089 ) ) ;
#2634 = LINE ( 'NONE', #700, #86 ) ;
#2635 = ADVANCED_FACE ( 'NONE', ( #2436 ), #121, .T. ) ;
#2636 = LINE ( 'NONE', #1215, #1733 ) ;
#2637 = PRESENTATION_LAYER_ASSIGNMENT (  '', '', ( #1398 ) ) ;
#2638 = CIRCLE ( 'NONE', #2582, 0.1999999999999996503 ) ;
#2639 = LINE ( 'NONE', #1229, #82 ) ;
#2640 = CARTESIAN_POINT ( 'NONE',  ( 3.539999999999999591, -0.1600000000000000033, 0.7999999999999999334 ) ) ;
#2641 = PRESENTATION_STYLE_ASSIGNMENT (( #514 ) ) ;
#2642 = ADVANCED_FACE ( 'NONE', ( #2228 ), #2214, .T. ) ;
#2643 = SURFACE_STYLE_USAGE ( .BOTH. , #994 ) ;
#2644 = VECTOR ( 'NONE', #252, 1000.000000000000000 ) ;
#2645 = COLOUR_RGB ( '',1.000000000000000000, 1.000000000000000000, 1.000000000000000000 ) ;
#2646 = ORIENTED_EDGE ( 'NONE', *, *, #1425, .F. ) ;
#2647 = CARTESIAN_POINT ( 'NONE',  ( -0.4600000000000003531, -0.1600000000000000033, -2.449999999999999734 ) ) ;
#2648 = ORIENTED_EDGE ( 'NONE', *, *, #2233, .T. ) ;
#2649 = ORIENTED_EDGE ( 'NONE', *, *, #308, .F. ) ;
#2650 = DIRECTION ( 'NONE',  ( -0.000000000000000000, -1.000000000000000000, -0.000000000000000000 ) ) ;
#2651 = CARTESIAN_POINT ( 'NONE',  ( -3.999999999999998224, 0.01999999999999999695, -2.649999999999999911 ) ) ;
#2652 = CARTESIAN_POINT ( 'NONE',  ( 3.539999999999999591, -0.1600000000000000033, -0.8000000000000001554 ) ) ;
#2653 = FACE_OUTER_BOUND ( 'NONE', #2493, .T. ) ;
#2654 = DIRECTION ( 'NONE',  ( -1.000000000000000000, 0.000000000000000000, -0.000000000000000000 ) ) ;
#2655 = UNCERTAINTY_MEASURE_WITH_UNIT (LENGTH_MEASURE( 1.000000000000000082E-05 ), #1255, 'distance_accuracy_value', 'NONE');
#2656 = PRESENTATION_STYLE_ASSIGNMENT (( #1483 ) ) ;
#2657 = CARTESIAN_POINT ( 'NONE',  ( -0.8999999999999980238, -0.08000000000000000167, -0.1499999999999999667 ) ) ;
#2658 = CARTESIAN_POINT ( 'NONE',  ( 0.000000000000000000, -0.1600000000000000033, 0.000000000000000000 ) ) ;
#2659 = CARTESIAN_POINT ( 'NONE',  ( 0.000000000000000000, 0.8000000000000000444, 2.749999999999999556 ) ) ;
#2660 = DIRECTION ( 'NONE',  ( -1.000000000000000000, -0.000000000000000000, 0.000000000000000000 ) ) ;
#2661 = ORIENTED_EDGE ( 'NONE', *, *, #1128, .T. ) ;
#2662 = ORIENTED_EDGE ( 'NONE', *, *, #645, .T. ) ;
#2663 = PLANE ( 'NONE',  #456 ) ;
#2664 = UNCERTAINTY_MEASURE_WITH_UNIT (LENGTH_MEASURE( 1.000000000000000082E-05 ), #679, 'distance_accuracy_value', 'NONE');
#2665 =( NAMED_UNIT ( * ) PLANE_ANGLE_UNIT ( ) SI_UNIT ( $, .RADIAN. ) );
#2666 = COLOUR_RGB ( '',1.000000000000000000, 1.000000000000000000, 1.000000000000000000 ) ;
#2667 = CARTESIAN_POINT ( 'NONE',  ( -3.899999999999998579, 0.8000000000000000444, -2.649999999999999911 ) ) ;
#2668 = FILL_AREA_STYLE_COLOUR ( '', #2202 ) ;
#2669 = CARTESIAN_POINT ( 'NONE',  ( 3.900000000000000355, -0.08000000000000000167, 2.749999999999999556 ) ) ;
#2670 = MECHANICAL_DESIGN_GEOMETRIC_PRESENTATION_REPRESENTATION (  '', ( #1050 ), #1100 ) ;
#2671 = VERTEX_POINT ( 'NONE', #1981 ) ;
#2672 = EDGE_CURVE ( 'NONE', #1240, #182, #2464, .T. ) ;
#2673 = CIRCLE ( 'NONE', #68, 0.09999999999999982514 ) ;
#2674 = VERTEX_POINT ( 'NONE', #1038 ) ;
#2675 = EDGE_CURVE ( 'NONE', #2530, #2095, #1907, .T. ) ;
#2676 = ORIENTED_EDGE ( 'NONE', *, *, #1790, .T. ) ;
#2677 = LINE ( 'NONE', #572, #2469 ) ;
#2678 = SURFACE_STYLE_USAGE ( .BOTH. , #1771 ) ;
#2679 = UNCERTAINTY_MEASURE_WITH_UNIT (LENGTH_MEASURE( 1.000000000000000082E-05 ), #2747, 'distance_accuracy_value', 'NONE');
#2680 = UNCERTAINTY_MEASURE_WITH_UNIT (LENGTH_MEASURE( 1.000000000000000082E-05 ), #55, 'distance_accuracy_value', 'NONE');
#2681 = PRESENTATION_STYLE_ASSIGNMENT (( #2701 ) ) ;
#2682 =( NAMED_UNIT ( * ) PLANE_ANGLE_UNIT ( ) SI_UNIT ( $, .RADIAN. ) );
#2683 = DIRECTION ( 'NONE',  ( 0.000000000000000000, -0.000000000000000000, -1.000000000000000000 ) ) ;
#2684 = MECHANICAL_DESIGN_GEOMETRIC_PRESENTATION_REPRESENTATION (  '', ( #2294 ), #772 ) ;
#2685 = COLOUR_RGB ( '',1.000000000000000000, 1.000000000000000000, 1.000000000000000000 ) ;
#2686 = CYLINDRICAL_SURFACE ( 'NONE', #2557, 0.1999999999999996503 ) ;
#2687 = VECTOR ( 'NONE', #771, 1000.000000000000000 ) ;
#2688 = ORIENTED_EDGE ( 'NONE', *, *, #1043, .T. ) ;
#2689 = COLOUR_RGB ( '',1.000000000000000000, 1.000000000000000000, 1.000000000000000000 ) ;
#2690 =( GEOMETRIC_REPRESENTATION_CONTEXT ( 3 ) GLOBAL_UNCERTAINTY_ASSIGNED_CONTEXT ( ( #810 ) ) GLOBAL_UNIT_ASSIGNED_CONTEXT ( ( #699, #2566, #875 ) ) REPRESENTATION_CONTEXT ( 'NONE', 'WORKASPACE' ) );
#2691 = ADVANCED_FACE ( 'NONE', ( #833 ), #1762, .T. ) ;
#2692 = DIRECTION ( 'NONE',  ( 1.000000000000000000, -0.000000000000000000, 0.000000000000000000 ) ) ;
#2693 = DIRECTION ( 'NONE',  ( -0.000000000000000000, -1.000000000000000000, 0.000000000000000000 ) ) ;
#2694 = ORIENTED_EDGE ( 'NONE', *, *, #2461, .F. ) ;
#2695 = MECHANICAL_DESIGN_GEOMETRIC_PRESENTATION_REPRESENTATION (  '', ( #1358 ), #739 ) ;
#2696 = VERTEX_POINT ( 'NONE', #669 ) ;
#2697 = CARTESIAN_POINT ( 'NONE',  ( 2.139999999999999680, -0.1600000000000000033, 0.000000000000000000 ) ) ;
#2698 = DIRECTION ( 'NONE',  ( -0.000000000000000000, 0.000000000000000000, -1.000000000000000000 ) ) ;
#2699 = ADVANCED_FACE ( 'NONE', ( #1635 ), #178, .T. ) ;
#2700 = SPHERICAL_SURFACE ( 'NONE', #129, 0.1000000000000000056 ) ;
#2701 = SURFACE_STYLE_USAGE ( .BOTH. , #603 ) ;
#2702 = FILL_AREA_STYLE ('',( #1775 ) ) ;
#2703 = CARTESIAN_POINT ( 'NONE',  ( 3.539999999999999591, -0.1600000000000000033, 1.449999999999999956 ) ) ;
#2704 =( NAMED_UNIT ( * ) PLANE_ANGLE_UNIT ( ) SI_UNIT ( $, .RADIAN. ) );
#2705 = ORIENTED_EDGE ( 'NONE', *, *, #1869, .T. ) ;
#2706 = DIRECTION ( 'NONE',  ( 0.000000000000000000, 0.000000000000000000, -1.000000000000000000 ) ) ;
#2707 = SURFACE_STYLE_USAGE ( .BOTH. , #357 ) ;
#2708 = ORIENTED_EDGE ( 'NONE', *, *, #1582, .T. ) ;
#2709 = VERTEX_POINT ( 'NONE', #2074 ) ;
#2710 = FILL_AREA_STYLE_COLOUR ( '', #2764 ) ;
#2711 = CARTESIAN_POINT ( 'NONE',  ( -0.8999999999999980238, -0.1600000000000000033, -0.1499999999999999667 ) ) ;
#2712 = FILL_AREA_STYLE ('',( #394 ) ) ;
#2713 = DIRECTION ( 'NONE',  ( 0.000000000000000000, -0.000000000000000000, 1.000000000000000000 ) ) ;
#2714 = ADVANCED_FACE ( 'NONE', ( #204 ), #913, .F. ) ;
#2715 = FILL_AREA_STYLE ('',( #139 ) ) ;
#2716 =( NAMED_UNIT ( * ) PLANE_ANGLE_UNIT ( ) SI_UNIT ( $, .RADIAN. ) );
#2717 = PLANE ( 'NONE',  #1207 ) ;
#2718 = CARTESIAN_POINT ( 'NONE',  ( -3.999999999999998224, 0.01999999999999999695, 2.649999999999999467 ) ) ;
#2719 = DIRECTION ( 'NONE',  ( -1.000000000000000000, 0.000000000000000000, -0.000000000000000000 ) ) ;
#2720 = VECTOR ( 'NONE', #1785, 1000.000000000000000 ) ;
#2721 = ORIENTED_EDGE ( 'NONE', *, *, #2096, .F. ) ;
#2722 =( NAMED_UNIT ( * ) PLANE_ANGLE_UNIT ( ) SI_UNIT ( $, .RADIAN. ) );
#2723 = VECTOR ( 'NONE', #25, 1000.000000000000000 ) ;
#2724 = DIRECTION ( 'NONE',  ( -0.000000000000000000, 1.000000000000000000, -0.000000000000000000 ) ) ;
#2725 = VERTEX_POINT ( 'NONE', #490 ) ;
#2726 = VERTEX_POINT ( 'NONE', #2651 ) ;
#2727 = CARTESIAN_POINT ( 'NONE',  ( 3.539999999999999591, -0.1600000000000000033, 0.000000000000000000 ) ) ;
#2728 =( LENGTH_UNIT ( ) NAMED_UNIT ( * ) SI_UNIT ( .MILLI., .METRE. ) );
#2729 = VECTOR ( 'NONE', #1506, 1000.000000000000000 ) ;
#2730 = LINE ( 'NONE', #1745, #1832 ) ;
#2731 =( NAMED_UNIT ( * ) SI_UNIT ( $, .STERADIAN. ) SOLID_ANGLE_UNIT ( ) );
#2732 = EDGE_CURVE ( 'NONE', #1741, #1508, #2601, .T. ) ;
#2733 = CARTESIAN_POINT ( 'NONE',  ( -0.4600000000000003531, -0.1600000000000000033, 2.449999999999999734 ) ) ;
#2734 = FILL_AREA_STYLE_COLOUR ( '', #2349 ) ;
#2735 = ADVANCED_FACE ( 'NONE', ( #1679 ), #1174, .F. ) ;
#2736 = PRESENTATION_LAYER_ASSIGNMENT (  '', '', ( #1999 ) ) ;
#2737 = VERTEX_POINT ( 'NONE', #1442 ) ;
#2738 = VECTOR ( 'NONE', #2401, 1000.000000000000000 ) ;
#2739 =( GEOMETRIC_REPRESENTATION_CONTEXT ( 3 ) GLOBAL_UNCERTAINTY_ASSIGNED_CONTEXT ( ( #1021 ) ) GLOBAL_UNIT_ASSIGNED_CONTEXT ( ( #1429, #14, #1198 ) ) REPRESENTATION_CONTEXT ( 'NONE', 'WORKASPACE' ) );
#2740 = ORIENTED_EDGE ( 'NONE', *, *, #2410, .F. ) ;
#2741 = ORIENTED_EDGE ( 'NONE', *, *, #1469, .T. ) ;
#2742 = PRESENTATION_LAYER_ASSIGNMENT (  '', '', ( #130 ) ) ;
#2743 = PRESENTATION_LAYER_ASSIGNMENT (  '', '', ( #2998 ) ) ;
#2744 = CARTESIAN_POINT ( 'NONE',  ( 3.539999999999999591, -0.1600000000000000033, 1.449999999999999956 ) ) ;
#2745 = DIRECTION ( 'NONE',  ( -0.000000000000000000, -1.000000000000000000, 0.000000000000000000 ) ) ;
#2746 = AXIS2_PLACEMENT_3D ( 'NONE', #190, #1320, #2087 ) ;
#2747 =( LENGTH_UNIT ( ) NAMED_UNIT ( * ) SI_UNIT ( .MILLI., .METRE. ) );
#2748 = SURFACE_SIDE_STYLE ('',( #2075 ) ) ;
#2749 = CARTESIAN_POINT ( 'NONE',  ( -3.539999999999998259, -0.1600000000000000033, -0.1499999999999999667 ) ) ;
#2750 = VERTEX_POINT ( 'NONE', #221 ) ;
#2751 = EDGE_CURVE ( 'NONE', #521, #1451, #3059, .T. ) ;
#2752 = DIRECTION ( 'NONE',  ( 0.000000000000000000, 0.000000000000000000, -1.000000000000000000 ) ) ;
#2753 = EDGE_LOOP ( 'NONE', ( #1089, #1117, #440, #571, #2609, #157 ) ) ;
#2754 = VERTEX_POINT ( 'NONE', #1460 ) ;
#2755 = FILL_AREA_STYLE_COLOUR ( '', #2796 ) ;
#2756 = SURFACE_STYLE_USAGE ( .BOTH. , #2040 ) ;
#2757 = LINE ( 'NONE', #1125, #737 ) ;
#2758 = PRESENTATION_STYLE_ASSIGNMENT (( #1868 ) ) ;
#2759 = FACE_BOUND ( 'NONE', #2430, .T. ) ;
#2760 = FACE_OUTER_BOUND ( 'NONE', #2579, .T. ) ;
#2761 = ORIENTED_EDGE ( 'NONE', *, *, #1680, .T. ) ;
#2762 = EDGE_CURVE ( 'NONE', #647, #1741, #2179, .T. ) ;
#2763 = ORIENTED_EDGE ( 'NONE', *, *, #2153, .T. ) ;
#2764 = COLOUR_RGB ( '',1.000000000000000000, 1.000000000000000000, 1.000000000000000000 ) ;
#2765 = EDGE_LOOP ( 'NONE', ( #2591, #2050, #1219, #552 ) ) ;
#2766 = PRESENTATION_STYLE_ASSIGNMENT (( #2785 ) ) ;
#2767 = COLOUR_RGB ( '',0.2941176470588235392, 0.2941176470588235392, 0.2941176470588235392 ) ;
#2768 = EDGE_CURVE ( 'NONE', #1889, #1725, #2119, .T. ) ;
#2769 = DIRECTION ( 'NONE',  ( 0.000000000000000000, 0.000000000000000000, 1.000000000000000000 ) ) ;
#2770 = PLANE ( 'NONE',  #2938 ) ;
#2771 = SURFACE_STYLE_FILL_AREA ( #3012 ) ;
#2772 = CIRCLE ( 'NONE', #2623, 0.09999999999999982514 ) ;
#2773 = DIRECTION ( 'NONE',  ( 0.000000000000000000, 0.000000000000000000, 1.000000000000000000 ) ) ;
#2774 =( NAMED_UNIT ( * ) SI_UNIT ( $, .STERADIAN. ) SOLID_ANGLE_UNIT ( ) );
#2775 =( NAMED_UNIT ( * ) SI_UNIT ( $, .STERADIAN. ) SOLID_ANGLE_UNIT ( ) );
#2776 = DIRECTION ( 'NONE',  ( 0.000000000000000000, 0.000000000000000000, -1.000000000000000000 ) ) ;
#2777 = DIRECTION ( 'NONE',  ( 0.000000000000000000, 0.000000000000000000, -1.000000000000000000 ) ) ;
#2778 = STYLED_ITEM ( 'NONE', ( #2339 ), #128 ) ;
#2779 = EDGE_LOOP ( 'NONE', ( #1708, #649, #2599, #2705 ) ) ;
#2780 =( GEOMETRIC_REPRESENTATION_CONTEXT ( 3 ) GLOBAL_UNCERTAINTY_ASSIGNED_CONTEXT ( ( #703 ) ) GLOBAL_UNIT_ASSIGNED_CONTEXT ( ( #1873, #35, #513 ) ) REPRESENTATION_CONTEXT ( 'NONE', 'WORKASPACE' ) );
#2781 = PLANE ( 'NONE',  #773 ) ;
#2782 = LINE ( 'NONE', #1435, #1697 ) ;
#2783 = AXIS2_PLACEMENT_3D ( 'NONE', #819, #1778, #2064 ) ;
#2784 = EDGE_LOOP ( 'NONE', ( #1151, #930, #594, #827 ) ) ;
#2785 = SURFACE_STYLE_USAGE ( .BOTH. , #2055 ) ;
#2786 = PRESENTATION_STYLE_ASSIGNMENT (( #2802 ) ) ;
#2787 = CARTESIAN_POINT ( 'NONE',  ( -1.339999999999998304, -0.08000000000000000167, -2.449999999999999734 ) ) ;
#2788 = VECTOR ( 'NONE', #2077, 1000.000000000000000 ) ;
#2789 =( LENGTH_UNIT ( ) NAMED_UNIT ( * ) SI_UNIT ( .MILLI., .METRE. ) );
#2790 = PRESENTATION_LAYER_ASSIGNMENT (  '', '', ( #922 ) ) ;
#2791 = EDGE_CURVE ( 'NONE', #262, #644, #506, .T. ) ;
#2792 = DIRECTION ( 'NONE',  ( 0.000000000000000000, -0.000000000000000000, -1.000000000000000000 ) ) ;
#2793 = MECHANICAL_DESIGN_GEOMETRIC_PRESENTATION_REPRESENTATION (  '', ( #268 ), #2950 ) ;
#2794 = CARTESIAN_POINT ( 'NONE',  ( -3.539999999999998259, -0.08000000000000000167, 0.000000000000000000 ) ) ;
#2795 = CARTESIAN_POINT ( 'NONE',  ( 3.900000000000000355, 0.9000000000000001332, -2.649999999999999911 ) ) ;
#2796 = COLOUR_RGB ( '',0.2941176470588235392, 0.2941176470588235392, 0.2941176470588235392 ) ;
#2797 = LINE ( 'NONE', #889, #2489 ) ;
#2798 = VERTEX_POINT ( 'NONE', #1652 ) ;
#2799 = DIRECTION ( 'NONE',  ( -1.000000000000000000, -0.000000000000000000, 0.000000000000000000 ) ) ;
#2800 = ORIENTED_EDGE ( 'NONE', *, *, #2229, .T. ) ;
#2801 = CARTESIAN_POINT ( 'NONE',  ( 3.539999999999999591, -0.08000000000000000167, 0.000000000000000000 ) ) ;
#2802 = SURFACE_STYLE_USAGE ( .BOTH. , #680 ) ;
#2803 = DIRECTION ( 'NONE',  ( 0.000000000000000000, 1.000000000000000000, 0.000000000000000000 ) ) ;
#2804 = ORIENTED_EDGE ( 'NONE', *, *, #1261, .T. ) ;
#2805 = PRESENTATION_STYLE_ASSIGNMENT (( #433 ) ) ;
#2806 = LINE ( 'NONE', #1932, #1959 ) ;
#2807 = ADVANCED_FACE ( 'NONE', ( #62 ), #779, .F. ) ;
#2808 =( NAMED_UNIT ( * ) PLANE_ANGLE_UNIT ( ) SI_UNIT ( $, .RADIAN. ) );
#2809 = CARTESIAN_POINT ( 'NONE',  ( 2.139999999999999680, -0.1600000000000000033, -1.150000000000000355 ) ) ;
#2810 = EDGE_CURVE ( 'NONE', #1577, #2725, #2460, .T. ) ;
#2811 =( NAMED_UNIT ( * ) PLANE_ANGLE_UNIT ( ) SI_UNIT ( $, .RADIAN. ) );
#2812 = DIRECTION ( 'NONE',  ( 1.000000000000000000, 0.000000000000000000, 0.000000000000000000 ) ) ;
#2813 = STYLED_ITEM ( 'NONE', ( #527 ), #1278 ) ;
#2814 = SURFACE_STYLE_USAGE ( .BOTH. , #1372 ) ;
#2815 = VERTEX_POINT ( 'NONE', #1976 ) ;
#2816 = AXIS2_PLACEMENT_3D ( 'NONE', #1279, #1998, #2940 ) ;
#2817 = ORIENTED_EDGE ( 'NONE', *, *, #2393, .T. ) ;
#2818 = UNCERTAINTY_MEASURE_WITH_UNIT (LENGTH_MEASURE( 1.000000000000000082E-05 ), #1337, 'distance_accuracy_value', 'NONE');
#2819 = FACE_OUTER_BOUND ( 'NONE', #2976, .T. ) ;
#2820 = DIRECTION ( 'NONE',  ( 1.000000000000000000, 0.000000000000000000, 0.000000000000000000 ) ) ;
#2821 = SURFACE_STYLE_USAGE ( .BOTH. , #945 ) ;
#2822 =( GEOMETRIC_REPRESENTATION_CONTEXT ( 3 ) GLOBAL_UNCERTAINTY_ASSIGNED_CONTEXT ( ( #78 ) ) GLOBAL_UNIT_ASSIGNED_CONTEXT ( ( #40, #1205, #953 ) ) REPRESENTATION_CONTEXT ( 'NONE', 'WORKASPACE' ) );
#2823 =( NAMED_UNIT ( * ) PLANE_ANGLE_UNIT ( ) SI_UNIT ( $, .RADIAN. ) );
#2824 = UNCERTAINTY_MEASURE_WITH_UNIT (LENGTH_MEASURE( 1.000000000000000082E-05 ), #2182, 'distance_accuracy_value', 'NONE');
#2825 = LINE ( 'NONE', #493, #1955 ) ;
#2826 = ADVANCED_FACE ( 'NONE', ( #2257, #1066 ), #79, .T. ) ;
#2827 = CIRCLE ( 'NONE', #1143, 0.1999999999999996503 ) ;
#2828 = FILL_AREA_STYLE ('',( #2842 ) ) ;
#2829 = COLOUR_RGB ( '',0.2941176470588235392, 0.2941176470588235392, 0.2941176470588235392 ) ;
#2830 = ADVANCED_FACE ( 'NONE', ( #331 ), #1272, .F. ) ;
#2831 = FILL_AREA_STYLE_COLOUR ( '', #2685 ) ;
#2832 = STYLED_ITEM ( 'NONE', ( #2549 ), #763 ) ;
#2833 = MECHANICAL_DESIGN_GEOMETRIC_PRESENTATION_REPRESENTATION (  '', ( #1157 ), #962 ) ;
#2834 = ORIENTED_EDGE ( 'NONE', *, *, #1330, .T. ) ;
#2835 = LINE ( 'NONE', #1440, #2975 ) ;
#2836 = COLOUR_RGB ( '',0.2941176470588235392, 0.2941176470588235392, 0.2941176470588235392 ) ;
#2837 =( NAMED_UNIT ( * ) SI_UNIT ( $, .STERADIAN. ) SOLID_ANGLE_UNIT ( ) );
#2838 = PRESENTATION_LAYER_ASSIGNMENT (  '', '', ( #371 ) ) ;
#2839 = AXIS2_PLACEMENT_3D ( 'NONE', #1787, #1517, #560 ) ;
#2840 = CARTESIAN_POINT ( 'NONE',  ( -3.539999999999998259, -0.08000000000000000167, -2.449999999999999734 ) ) ;
#2841 = CIRCLE ( 'NONE', #173, 0.09999999999999982514 ) ;
#2842 = FILL_AREA_STYLE_COLOUR ( '', #2829 ) ;
#2843 = DIRECTION ( 'NONE',  ( -1.000000000000000000, 0.000000000000000000, 0.000000000000000000 ) ) ;
#2844 = CARTESIAN_POINT ( 'NONE',  ( -3.499999999999998224, 0.9000000000000001332, 2.250000000000000000 ) ) ;
#2845 = EDGE_CURVE ( 'NONE', #1508, #1360, #1310, .T. ) ;
#2846 = LINE ( 'NONE', #1890, #155 ) ;
#2847 = CARTESIAN_POINT ( 'NONE',  ( 3.900000000000000355, 0.01999999999999999695, 2.749999999999999556 ) ) ;
#2848 = EDGE_LOOP ( 'NONE', ( #1017, #2960, #2248, #2237 ) ) ;
#2849 = ORIENTED_EDGE ( 'NONE', *, *, #744, .T. ) ;
#2850 = SURFACE_SIDE_STYLE ('',( #1214 ) ) ;
#2851 = LINE ( 'NONE', #2584, #2154 ) ;
#2852 = PRESENTATION_STYLE_ASSIGNMENT (( #1897 ) ) ;
#2853 =( NAMED_UNIT ( * ) PLANE_ANGLE_UNIT ( ) SI_UNIT ( $, .RADIAN. ) );
#2854 = SURFACE_STYLE_FILL_AREA ( #1042 ) ;
#2855 = FACE_OUTER_BOUND ( 'NONE', #2397, .T. ) ;
#2856 = SURFACE_STYLE_USAGE ( .BOTH. , #1418 ) ;
#2857 = EDGE_CURVE ( 'NONE', #2725, #1539, #1994, .T. ) ;
#2858 = CARTESIAN_POINT ( 'NONE',  ( 3.539999999999999591, -0.1600000000000000033, 2.449999999999999734 ) ) ;
#2859 = LINE ( 'NONE', #245, #2137 ) ;
#2860 = VERTEX_POINT ( 'NONE', #344 ) ;
#2861 =( GEOMETRIC_REPRESENTATION_CONTEXT ( 3 ) GLOBAL_UNCERTAINTY_ASSIGNED_CONTEXT ( ( #1651 ) ) GLOBAL_UNIT_ASSIGNED_CONTEXT ( ( #1394, #2808, #1823 ) ) REPRESENTATION_CONTEXT ( 'NONE', 'WORKASPACE' ) );
#2862 = VERTEX_POINT ( 'NONE', #2711 ) ;
#2863 = CARTESIAN_POINT ( 'NONE',  ( 0.000000000000000000, -0.08000000000000000167, -0.8000000000000001554 ) ) ;
#2864 =( NAMED_UNIT ( * ) PLANE_ANGLE_UNIT ( ) SI_UNIT ( $, .RADIAN. ) );
#2865 = EDGE_CURVE ( 'NONE', #90, #775, #1083, .T. ) ;
#2866 = CARTESIAN_POINT ( 'NONE',  ( 3.900000000000000355, 0.01999999999999999695, -2.750000000000000000 ) ) ;
#2867 = SURFACE_SIDE_STYLE ('',( #2165 ) ) ;
#2868 = AXIS2_PLACEMENT_3D ( 'NONE', #2912, #1300, #599 ) ;
#2869 = FILL_AREA_STYLE ('',( #2887 ) ) ;
#2870 = PRESENTATION_STYLE_ASSIGNMENT (( #2622 ) ) ;
#2871 = MECHANICAL_DESIGN_GEOMETRIC_PRESENTATION_REPRESENTATION (  '', ( #956 ), #1940 ) ;
#2872 = AXIS2_PLACEMENT_3D ( 'NONE', #1233, #1957, #2188 ) ;
#2873 = CARTESIAN_POINT ( 'NONE',  ( 3.900000000000000355, 0.01999999999999999695, 2.749999999999999556 ) ) ;
#2874 = CARTESIAN_POINT ( 'NONE',  ( -3.499999999999998224, 0.9000000000000001332, 2.449999999999999289 ) ) ;
#2875 = ORIENTED_EDGE ( 'NONE', *, *, #2062, .T. ) ;
#2876 = VERTEX_POINT ( 'NONE', #1093 ) ;
#2877 = DIRECTION ( 'NONE',  ( 0.000000000000000000, -0.000000000000000000, 1.000000000000000000 ) ) ;
#2878 = VECTOR ( 'NONE', #927, 1000.000000000000000 ) ;
#2879 = DIRECTION ( 'NONE',  ( -0.000000000000000000, -1.000000000000000000, -0.000000000000000000 ) ) ;
#2880 = DIRECTION ( 'NONE',  ( 0.000000000000000000, 0.000000000000000000, -1.000000000000000000 ) ) ;
#2881 = ADVANCED_FACE ( 'NONE', ( #2084 ), #2038, .F. ) ;
#2882 = AXIS2_PLACEMENT_3D ( 'NONE', #22, #42, #1960 ) ;
#2883 = MANIFOLD_SOLID_BREP ( 'Boss-Extrude2', #1292 ) ;
#2884 = SURFACE_SIDE_STYLE ('',( #67 ) ) ;
#2885 = DIRECTION ( 'NONE',  ( 1.000000000000000000, 0.000000000000000000, -0.000000000000000000 ) ) ;
#2886 = AXIS2_PLACEMENT_3D ( 'NONE', #2439, #2971, #2265 ) ;
#2887 = FILL_AREA_STYLE_COLOUR ( '', #2491 ) ;
#2888 = LINE ( 'NONE', #1705, #1898 ) ;
#2889 = STYLED_ITEM ( 'NONE', ( #2631 ), #2735 ) ;
#2890 = COLOUR_RGB ( '',0.7921568627450980005, 0.8196078431372548767, 0.9333333333333333481 ) ;
#2891 = SURFACE_STYLE_FILL_AREA ( #1922 ) ;
#2892 = COLOUR_RGB ( '',1.000000000000000000, 1.000000000000000000, 1.000000000000000000 ) ;
#2893 = LINE ( 'NONE', #1014, #575 ) ;
#2894 = CARTESIAN_POINT ( 'NONE',  ( 3.900000000000000355, -0.08000000000000000167, -2.750000000000000000 ) ) ;
#2895 = ORIENTED_EDGE ( 'NONE', *, *, #2287, .F. ) ;
#2896 = ORIENTED_EDGE ( 'NONE', *, *, #2613, .F. ) ;
#2897 = UNCERTAINTY_MEASURE_WITH_UNIT (LENGTH_MEASURE( 1.000000000000000082E-05 ), #774, 'distance_accuracy_value', 'NONE');
#2898 = LINE ( 'NONE', #1257, #1069 ) ;
#2899 = PRESENTATION_STYLE_ASSIGNMENT (( #361 ) ) ;
#2900 = CARTESIAN_POINT ( 'NONE',  ( 0.000000000000000000, -0.1600000000000000033, 2.449999999999999734 ) ) ;
#2901 = DIRECTION ( 'NONE',  ( 0.000000000000000000, 1.000000000000000000, 0.000000000000000000 ) ) ;
#2902 = UNCERTAINTY_MEASURE_WITH_UNIT (LENGTH_MEASURE( 1.000000000000000082E-05 ), #989, 'distance_accuracy_value', 'NONE');
#2903 = CARTESIAN_POINT ( 'NONE',  ( -3.539999999999998259, -0.1600000000000000033, -0.1499999999999999667 ) ) ;
#2904 = DIRECTION ( 'NONE',  ( 0.000000000000000000, -1.000000000000000000, 0.000000000000000000 ) ) ;
#2905 = ORIENTED_EDGE ( 'NONE', *, *, #2467, .F. ) ;
#2906 =( LENGTH_UNIT ( ) NAMED_UNIT ( * ) SI_UNIT ( .MILLI., .METRE. ) );
#2907 = EDGE_LOOP ( 'NONE', ( #59, #156, #2326, #2206 ) ) ;
#2908 = DIRECTION ( 'NONE',  ( 0.000000000000000000, -1.000000000000000000, 0.000000000000000000 ) ) ;
#2909 = DIRECTION ( 'NONE',  ( 1.000000000000000000, 0.000000000000000000, -0.000000000000000000 ) ) ;
#2910 = ORIENTED_EDGE ( 'NONE', *, *, #1079, .T. ) ;
#2911 = ORIENTED_EDGE ( 'NONE', *, *, #2675, .T. ) ;
#2912 = CARTESIAN_POINT ( 'NONE',  ( -3.499999999999998224, 0.8900000000000000133, 2.250000000000000000 ) ) ;
#2913 = UNCERTAINTY_MEASURE_WITH_UNIT (LENGTH_MEASURE( 1.000000000000000082E-05 ), #2475, 'distance_accuracy_value', 'NONE');
#2914 = DIRECTION ( 'NONE',  ( 1.000000000000000000, 0.000000000000000000, 0.000000000000000000 ) ) ;
#2915 = SURFACE_STYLE_FILL_AREA ( #1760 ) ;
#2916 =( NAMED_UNIT ( * ) SI_UNIT ( $, .STERADIAN. ) SOLID_ANGLE_UNIT ( ) );
#2917 = AXIS2_PLACEMENT_3D ( 'NONE', #1965, #2650, #232 ) ;
#2918 = DIRECTION ( 'NONE',  ( 0.000000000000000000, -0.000000000000000000, 1.000000000000000000 ) ) ;
#2919 =( GEOMETRIC_REPRESENTATION_CONTEXT ( 3 ) GLOBAL_UNCERTAINTY_ASSIGNED_CONTEXT ( ( #2664 ) ) GLOBAL_UNIT_ASSIGNED_CONTEXT ( ( #679, #692, #1815 ) ) REPRESENTATION_CONTEXT ( 'NONE', 'WORKASPACE' ) );
#2920 = PRODUCT_DEFINITION ( 'UNKNOWN', '', #2066, #1982 ) ;
#2921 = AXIS2_PLACEMENT_3D ( 'NONE', #3011, #1150, #1817 ) ;
#2922 = ORIENTED_EDGE ( 'NONE', *, *, #879, .F. ) ;
#2923 = STYLED_ITEM ( 'NONE', ( #1754 ), #2307 ) ;
#2924 = ADVANCED_FACE ( 'NONE', ( #407 ), #1629, .T. ) ;
#2925 = PRESENTATION_LAYER_ASSIGNMENT (  '', '', ( #612 ) ) ;
#2926 = DIRECTION ( 'NONE',  ( 0.000000000000000000, 0.000000000000000000, -1.000000000000000000 ) ) ;
#2927 = SURFACE_SIDE_STYLE ('',( #569 ) ) ;
#2928 = ORIENTED_EDGE ( 'NONE', *, *, #1752, .T. ) ;
#2929 = EDGE_LOOP ( 'NONE', ( #1915, #1010, #905 ) ) ;
#2930 = DIRECTION ( 'NONE',  ( -1.000000000000000000, 0.000000000000000000, 0.000000000000000000 ) ) ;
#2931 = SURFACE_STYLE_USAGE ( .BOTH. , #600 ) ;
#2932 = UNCERTAINTY_MEASURE_WITH_UNIT (LENGTH_MEASURE( 1.000000000000000082E-05 ), #1295, 'distance_accuracy_value', 'NONE');
#2933 = FACE_OUTER_BOUND ( 'NONE', #404, .T. ) ;
#2934 = VECTOR ( 'NONE', #1532, 1000.000000000000000 ) ;
#2935 =( NAMED_UNIT ( * ) SI_UNIT ( $, .STERADIAN. ) SOLID_ANGLE_UNIT ( ) );
#2936 = PRESENTATION_STYLE_ASSIGNMENT (( #1518 ) ) ;
#2937 = CARTESIAN_POINT ( 'NONE',  ( 3.539999999999999591, -0.1600000000000000033, -2.449999999999999734 ) ) ;
#2938 = AXIS2_PLACEMENT_3D ( 'NONE', #2041, #2986, #1802 ) ;
#2939 = MECHANICAL_DESIGN_GEOMETRIC_PRESENTATION_REPRESENTATION (  '', ( #1502 ), #2199 ) ;
#2940 = DIRECTION ( 'NONE',  ( 0.000000000000000000, 0.000000000000000000, 1.000000000000000000 ) ) ;
#2941 = CIRCLE ( 'NONE', #917, 0.09999999999999982514 ) ;
#2942 = STYLED_ITEM ( 'NONE', ( #1719 ), #2594 ) ;
#2943 = EDGE_LOOP ( 'NONE', ( #185, #1241, #999, #2139 ) ) ;
#2944 = VECTOR ( 'NONE', #654, 1000.000000000000000 ) ;
#2945 = VECTOR ( 'NONE', #248, 1000.000000000000000 ) ;
#2946 = MECHANICAL_DESIGN_GEOMETRIC_PRESENTATION_REPRESENTATION (  '', ( #34 ), #1301 ) ;
#2947 = SURFACE_SIDE_STYLE ('',( #1088 ) ) ;
#2948 = EDGE_CURVE ( 'NONE', #1889, #2068, #635, .T. ) ;
#2949 = ORIENTED_EDGE ( 'NONE', *, *, #2672, .T. ) ;
#2950 =( GEOMETRIC_REPRESENTATION_CONTEXT ( 3 ) GLOBAL_UNCERTAINTY_ASSIGNED_CONTEXT ( ( #2902 ) ) GLOBAL_UNIT_ASSIGNED_CONTEXT ( ( #989, #1931, #1185 ) ) REPRESENTATION_CONTEXT ( 'NONE', 'WORKASPACE' ) );
#2951 = ORIENTED_EDGE ( 'NONE', *, *, #648, .T. ) ;
#2952 = SURFACE_STYLE_FILL_AREA ( #2476 ) ;
#2953 = AXIS2_PLACEMENT_3D ( 'NONE', #2667, #2955, #1516 ) ;
#2954 = CARTESIAN_POINT ( 'NONE',  ( -0.4600000000000003531, -0.1600000000000000033, -2.449999999999999734 ) ) ;
#2955 = DIRECTION ( 'NONE',  ( 0.000000000000000000, 0.000000000000000000, -1.000000000000000000 ) ) ;
#2956 = CARTESIAN_POINT ( 'NONE',  ( 0.000000000000000000, -0.1600000000000000033, 0.000000000000000000 ) ) ;
#2957 = SURFACE_STYLE_USAGE ( .BOTH. , #1776 ) ;
#2958 = SURFACE_STYLE_FILL_AREA ( #1763 ) ;
#2959 = CARTESIAN_POINT ( 'NONE',  ( 4.000000000000000000, -0.08000000000000000167, -2.750000000000000000 ) ) ;
#2960 = ORIENTED_EDGE ( 'NONE', *, *, #2212, .T. ) ;
#2961 = SURFACE_SIDE_STYLE ('',( #2204 ) ) ;
#2962 = CARTESIAN_POINT ( 'NONE',  ( -3.499999999999998224, 0.8900000000000000133, 2.250000000000000000 ) ) ;
#2963 = ORIENTED_EDGE ( 'NONE', *, *, #2845, .T. ) ;
#2964 = ORIENTED_EDGE ( 'NONE', *, *, #933, .T. ) ;
#2965 = LINE ( 'NONE', #330, #758 ) ;
#2966 = ADVANCED_FACE ( 'NONE', ( #459 ), #3055, .T. ) ;
#2967 = CARTESIAN_POINT ( 'NONE',  ( -0.8999999999999980238, -0.08000000000000000167, 0.000000000000000000 ) ) ;
#2968 = FACE_OUTER_BOUND ( 'NONE', #1595, .T. ) ;
#2969 = LINE ( 'NONE', #856, #2234 ) ;
#2970 = DIRECTION ( 'NONE',  ( -1.000000000000000000, 0.000000000000000000, 0.000000000000000000 ) ) ;
#2971 = DIRECTION ( 'NONE',  ( 0.000000000000000000, 1.000000000000000000, 0.000000000000000000 ) ) ;
#2972 = LINE ( 'NONE', #113, #623 ) ;
#2973 = COLOUR_RGB ( '',0.2941176470588235392, 0.2941176470588235392, 0.2941176470588235392 ) ;
#2974 = PLANE ( 'NONE',  #304 ) ;
#2975 = VECTOR ( 'NONE', #1667, 1000.000000000000000 ) ;
#2976 = EDGE_LOOP ( 'NONE', ( #2964, #2646, #2896, #631 ) ) ;
#2977 = VECTOR ( 'NONE', #2431, 1000.000000000000000 ) ;
#2978 = PRESENTATION_STYLE_ASSIGNMENT (( #2033 ) ) ;
#2979 =( GEOMETRIC_REPRESENTATION_CONTEXT ( 3 ) GLOBAL_UNCERTAINTY_ASSIGNED_CONTEXT ( ( #1493 ) ) GLOBAL_UNIT_ASSIGNED_CONTEXT ( ( #872, #1124, #1801 ) ) REPRESENTATION_CONTEXT ( 'NONE', 'WORKASPACE' ) );
#2980 = SURFACE_SIDE_STYLE ('',( #2034 ) ) ;
#2981 = ORIENTED_EDGE ( 'NONE', *, *, #375, .T. ) ;
#2982 = EDGE_LOOP ( 'NONE', ( #2520, #1146, #1944, #1782 ) ) ;
#2983 = LINE ( 'NONE', #828, #2284 ) ;
#2984 = PRESENTATION_LAYER_ASSIGNMENT (  '', '', ( #2923 ) ) ;
#2985 = FILL_AREA_STYLE ('',( #667 ) ) ;
#2986 = DIRECTION ( 'NONE',  ( 1.000000000000000000, -0.000000000000000000, 0.000000000000000000 ) ) ;
#2987 = CARTESIAN_POINT ( 'NONE',  ( -3.499999999999998224, 0.8900000000000000133, 2.250000000000000000 ) ) ;
#2988 = FACE_BOUND ( 'NONE', #2293, .T. ) ;
#2989 = EDGE_CURVE ( 'NONE', #36, #647, #1464, .T. ) ;
#2990 = FILL_AREA_STYLE ('',( #339 ) ) ;
#2991 = ORIENTED_EDGE ( 'NONE', *, *, #2094, .T. ) ;
#2992 = VECTOR ( 'NONE', #2777, 1000.000000000000000 ) ;
#2993 = SURFACE_STYLE_FILL_AREA ( #676 ) ;
#2994 = ORIENTED_EDGE ( 'NONE', *, *, #2597, .T. ) ;
#2995 = ORIENTED_EDGE ( 'NONE', *, *, #294, .T. ) ;
#2996 = MECHANICAL_DESIGN_GEOMETRIC_PRESENTATION_REPRESENTATION (  '', ( #528 ), #2690 ) ;
#2997 = PRESENTATION_STYLE_ASSIGNMENT (( #1134 ) ) ;
#2998 = STYLED_ITEM ( 'NONE', ( #2786 ), #2881 ) ;
#2999 = PRESENTATION_STYLE_ASSIGNMENT (( #2756 ) ) ;
#3000 = FILL_AREA_STYLE_COLOUR ( '', #453 ) ;
#3001 = MECHANICAL_DESIGN_GEOMETRIC_PRESENTATION_REPRESENTATION (  '', ( #632 ), #1664 ) ;
#3002 = SURFACE_SIDE_STYLE ('',( #2482 ) ) ;
#3003 = FILL_AREA_STYLE ('',( #1396 ) ) ;
#3004 = EDGE_CURVE ( 'NONE', #2521, #1973, #559, .T. ) ;
#3005 = VERTEX_POINT ( 'NONE', #541 ) ;
#3006 = ADVANCED_FACE ( 'NONE', ( #97 ), #2274, .T. ) ;
#3007 = PRESENTATION_STYLE_ASSIGNMENT (( #950 ) ) ;
#3008 = ORIENTED_EDGE ( 'NONE', *, *, #1674, .T. ) ;
#3009 = ORIENTED_EDGE ( 'NONE', *, *, #1040, .F. ) ;
#3010 = SURFACE_SIDE_STYLE ('',( #1596 ) ) ;
#3011 = CARTESIAN_POINT ( 'NONE',  ( 3.900000000000000355, 0.01999999999999999695, -2.649999999999999911 ) ) ;
#3012 = FILL_AREA_STYLE ('',( #2072 ) ) ;
#3013 = SURFACE_SIDE_STYLE ('',( #177 ) ) ;
#3014 = FILL_AREA_STYLE_COLOUR ( '', #2645 ) ;
#3015 = STYLED_ITEM ( 'NONE', ( #465 ), #1237 ) ;
#3016 = ORIENTED_EDGE ( 'NONE', *, *, #1752, .F. ) ;
#3017 = ADVANCED_FACE ( 'NONE', ( #1530 ), #873, .T. ) ;
#3018 = PRODUCT_DEFINITION_SHAPE ( 'NONE', 'NONE',  #2920 ) ;
#3019 = AXIS2_PLACEMENT_3D ( 'NONE', #971, #523, #2600 ) ;
#3020 = ORIENTED_EDGE ( 'NONE', *, *, #2000, .F. ) ;
#3021 = EDGE_CURVE ( 'NONE', #231, #1438, #619, .T. ) ;
#3022 =( GEOMETRIC_REPRESENTATION_CONTEXT ( 3 ) GLOBAL_UNCERTAINTY_ASSIGNED_CONTEXT ( ( #2913 ) ) GLOBAL_UNIT_ASSIGNED_CONTEXT ( ( #2475, #1251, #1509 ) ) REPRESENTATION_CONTEXT ( 'NONE', 'WORKASPACE' ) );
#3023 = ORIENTED_EDGE ( 'NONE', *, *, #2507, .F. ) ;
#3024 = LINE ( 'NONE', #1830, #2281 ) ;
#3025 = SURFACE_STYLE_FILL_AREA ( #442 ) ;
#3026 = CARTESIAN_POINT ( 'NONE',  ( 3.900000000000000355, -0.08000000000000000167, -2.649999999999999911 ) ) ;
#3027 = DIRECTION ( 'NONE',  ( -0.000000000000000000, -1.000000000000000000, 0.000000000000000000 ) ) ;
#3028 =( NAMED_UNIT ( * ) PLANE_ANGLE_UNIT ( ) SI_UNIT ( $, .RADIAN. ) );
#3029 = AXIS2_PLACEMENT_3D ( 'NONE', #1474, #1222, #1879 ) ;
#3030 = FILL_AREA_STYLE ('',( #3046 ) ) ;
#3031 = LINE ( 'NONE', #2794, #2256 ) ;
#3032 = DIRECTION ( 'NONE',  ( -1.000000000000000000, 0.000000000000000000, 0.000000000000000000 ) ) ;
#3033 =( NAMED_UNIT ( * ) SI_UNIT ( $, .STERADIAN. ) SOLID_ANGLE_UNIT ( ) );
#3034 = COLOUR_RGB ( '',0.2941176470588235392, 0.2941176470588235392, 0.2941176470588235392 ) ;
#3035 = PRESENTATION_LAYER_ASSIGNMENT (  '', '', ( #1015 ) ) ;
#3036 = VERTEX_POINT ( 'NONE', #1851 ) ;
#3037 = CARTESIAN_POINT ( 'NONE',  ( -0.4600000000000003531, -0.1600000000000000033, 2.449999999999999734 ) ) ;
#3038 = EDGE_CURVE ( 'NONE', #2222, #775, #1805, .T. ) ;
#3039 = AXIS2_PLACEMENT_3D ( 'NONE', #1533, #2230, #2455 ) ;
#3040 = DIRECTION ( 'NONE',  ( 1.000000000000000000, 0.000000000000000000, 0.000000000000000000 ) ) ;
#3041 = FACE_OUTER_BOUND ( 'NONE', #2278, .T. ) ;
#3042 = ORIENTED_EDGE ( 'NONE', *, *, #80, .T. ) ;
#3043 = COLOUR_RGB ( '',0.2941176470588235392, 0.2941176470588235392, 0.2941176470588235392 ) ;
#3044 =( LENGTH_UNIT ( ) NAMED_UNIT ( * ) SI_UNIT ( .MILLI., .METRE. ) );
#3045 = VECTOR ( 'NONE', #267, 1000.000000000000000 ) ;
#3046 = FILL_AREA_STYLE_COLOUR ( '', #2359 ) ;
#3047 = FACE_BOUND ( 'NONE', #2753, .T. ) ;
#3048 = AXIS2_PLACEMENT_3D ( 'NONE', #1728, #617, #315 ) ;
#3049 = UNCERTAINTY_MEASURE_WITH_UNIT (LENGTH_MEASURE( 1.000000000000000082E-05 ), #1431, 'distance_accuracy_value', 'NONE');
#3050 = DIRECTION ( 'NONE',  ( 0.000000000000000000, -1.000000000000000000, -0.000000000000000000 ) ) ;
#3051 =( GEOMETRIC_REPRESENTATION_CONTEXT ( 3 ) GLOBAL_UNCERTAINTY_ASSIGNED_CONTEXT ( ( #99 ) ) GLOBAL_UNIT_ASSIGNED_CONTEXT ( ( #2348, #61, #2580 ) ) REPRESENTATION_CONTEXT ( 'NONE', 'WORKASPACE' ) );
#3052 = EDGE_LOOP ( 'NONE', ( #1161, #2160, #661 ) ) ;
#3053 = ORIENTED_EDGE ( 'NONE', *, *, #2845, .F. ) ;
#3054 = DIRECTION ( 'NONE',  ( -1.084202172485504681E-16, 0.000000000000000000, 1.000000000000000000 ) ) ;
#3055 = CYLINDRICAL_SURFACE ( 'NONE', #582, 0.09999999999999982514 ) ;
#3056 = DIRECTION ( 'NONE',  ( -0.000000000000000000, -1.000000000000000000, -0.000000000000000000 ) ) ;
#3057 = ORIENTED_EDGE ( 'NONE', *, *, #2229, .F. ) ;
#3058 = ADVANCED_FACE ( 'NONE', ( #639 ), #2302, .F. ) ;
#3059 = LINE ( 'NONE', #973, #1658 ) ;
#3060 = SURFACE_STYLE_FILL_AREA ( #1227 ) ;
#3061 = CARTESIAN_POINT ( 'NONE',  ( 2.139999999999999680, -0.08000000000000000167, 0.1499999999999999667 ) ) ;
#3062 = EDGE_CURVE ( 'NONE', #1500, #2696, #698, .T. ) ;
ENDSEC;
END-ISO-10303-21;
