ISO-10303-21;
HEADER;
FILE_DESCRIPTION (( 'STEP AP214' ),
    '1' );
FILE_NAME ('TBU-DF.STEP',
    '2022-04-26T13:52:22',
    ( '' ),
    ( '' ),
    'SwSTEP 2.0',
    'SolidWorks 2021',
    '' );
FILE_SCHEMA (( 'AUTOMOTIVE_DESIGN' ));
ENDSEC;

DATA;
#1 = VERTEX_POINT ( 'NONE', #892 ) ;
#2 = DIRECTION ( 'NONE',  ( -1.000000000000000000, 0.0000000000000000000, 0.0000000000000000000 ) ) ;
#3 = DIRECTION ( 'NONE',  ( 1.000000000000000000, 0.0000000000000000000, 0.0000000000000000000 ) ) ;
#4 = CARTESIAN_POINT ( 'NONE',  ( 3.686190712932907676, 0.9064290159990536777, -3.735590873073721507 ) ) ;
#5 = CARTESIAN_POINT ( 'NONE',  ( 4.173295413787609043, 0.9064290159990536777, -2.884590605459340651 ) ) ;
#6 = VERTEX_POINT ( 'NONE', #4279 ) ;
#7 = VERTEX_POINT ( 'NONE', #3829 ) ;
#8 = PLANE ( 'NONE',  #4175 ) ;
#9 = ORIENTED_EDGE ( 'NONE', *, *, #1632, .F. ) ;
#10 = FACE_OUTER_BOUND ( 'NONE', #3006, .T. ) ;
#11 = VECTOR ( 'NONE', #6073, 1000.000000000000000 ) ;
#12 = CARTESIAN_POINT ( 'NONE',  ( 4.349999999999997868, -0.01000000000000000021, -2.350000000000000089 ) ) ;
#13 = CARTESIAN_POINT ( 'NONE',  ( 6.499999999999997335, 0.0000000000000000000, 0.0000000000000000000 ) ) ;
#14 = CARTESIAN_POINT ( 'NONE',  ( 5.506388362505557410, 0.9064290159990536777, -2.479871388044810665 ) ) ;
#15 = DIRECTION ( 'NONE',  ( 0.0000000000000000000, 0.0000000000000000000, -1.000000000000000000 ) ) ;
#16 = EDGE_CURVE ( 'NONE', #1949, #1749, #3205, .T. ) ;
#17 = CARTESIAN_POINT ( 'NONE',  ( 0.0000000000000000000, 0.8964290159990536688, 0.0000000000000000000 ) ) ;
#18 = CARTESIAN_POINT ( 'NONE',  ( 3.686190712932907676, 0.8964290159990536688, -3.735590873073721507 ) ) ;
#19 = DIRECTION ( 'NONE',  ( 0.0000000000000000000, 0.0000000000000000000, -1.000000000000000000 ) ) ;
#20 = ORIENTED_EDGE ( 'NONE', *, *, #2773, .T. ) ;
#21 = EDGE_CURVE ( 'NONE', #2296, #2878, #6251, .T. ) ;
#22 = CARTESIAN_POINT ( 'NONE',  ( 5.845597764214959469, 0.9064290159990536777, -2.534144892318314746 ) ) ;
#23 = EDGE_CURVE ( 'NONE', #407, #3128, #758, .T. ) ;
#24 = VECTOR ( 'NONE', #5274, 1000.000000000000000 ) ;
#25 = VECTOR ( 'NONE', #4115, 1000.000000000000000 ) ;
#26 = CARTESIAN_POINT ( 'NONE',  ( 2.565714146408184515, 0.8964290159990538909, -2.953693023528622952 ) ) ;
#27 = ORIENTED_EDGE ( 'NONE', *, *, #3439, .F. ) ;
#28 = ORIENTED_EDGE ( 'NONE', *, *, #6223, .F. ) ;
#29 = CARTESIAN_POINT ( 'NONE',  ( 2.932771595494963357, 0.9064290159990536777, -3.448310142469420025 ) ) ;
#30 = VERTEX_POINT ( 'NONE', #2237 ) ;
#31 = LINE ( 'NONE', #975, #1906 ) ;
#32 = DIRECTION ( 'NONE',  ( 1.000000000000000000, 0.0000000000000000000, 1.239088197126291063E-16 ) ) ;
#33 = CARTESIAN_POINT ( 'NONE',  ( 2.426439316854672956, 0.8964290159990536688, -3.633791457267427027 ) ) ;
#34 = ORIENTED_EDGE ( 'NONE', *, *, #421, .T. ) ;
#35 = EDGE_LOOP ( 'NONE', ( #4940, #3467, #4901, #4480 ) ) ;
#36 = CARTESIAN_POINT ( 'NONE',  ( 2.496755662849543977, 0.8964290159990534468, -3.406181957871490251 ) ) ;
#37 = ORIENTED_EDGE ( 'NONE', *, *, #4353, .T. ) ;
#38 = CARTESIAN_POINT ( 'NONE',  ( 5.255373405240600704, 0.8964290159990536688, -2.479871388044810665 ) ) ;
#39 = VECTOR ( 'NONE', #2658, 1000.000000000000000 ) ;
#40 = CARTESIAN_POINT ( 'NONE',  ( 0.7555727614320051355, 0.8964290159990536688, -0.8980407101499536804 ) ) ;
#41 = PLANE ( 'NONE',  #3276 ) ;
#42 = CARTESIAN_POINT ( 'NONE',  ( 4.918199259941454571, 0.9064290159990536777, -3.528355129216884212 ) ) ;
#43 = EDGE_CURVE ( 'NONE', #5764, #355, #3308, .T. ) ;
#44 = UNCERTAINTY_MEASURE_WITH_UNIT (LENGTH_MEASURE( 1.000000000000000082E-05 ), #3249, 'distance_accuracy_value', 'NONE');
#45 = CARTESIAN_POINT ( 'NONE',  ( 6.499999999999997335, 0.8964290159990536688, 0.0000000000000000000 ) ) ;
#46 = DIRECTION ( 'NONE',  ( 0.0000000000000000000, -0.0000000000000000000, -1.000000000000000000 ) ) ;
#47 = VECTOR ( 'NONE', #191, 1000.000000000000227 ) ;
#48 = DIRECTION ( 'NONE',  ( -1.000000000000000000, 0.0000000000000000000, 0.0000000000000000000 ) ) ;
#49 = ORIENTED_EDGE ( 'NONE', *, *, #4209, .F. ) ;
#50 = EDGE_CURVE ( 'NONE', #4222, #5228, #2831, .T. ) ;
#51 = CARTESIAN_POINT ( 'NONE',  ( 2.542993935492418700, 0.8964290159990536688, -3.562179970179638389 ) ) ;
#52 = AXIS2_PLACEMENT_3D ( 'NONE', #4592, #3520, #5976 ) ;
#53 = CARTESIAN_POINT ( 'NONE',  ( 0.6614583333333333703, 0.9064290159990536777, -0.9362179487179487225 ) ) ;
#54 = CARTESIAN_POINT ( 'NONE',  ( 2.561289030832182956, 0.8964290159990535578, -2.941641768898311859 ) ) ;
#55 = STYLED_ITEM ( 'NONE', ( #4787 ), #3112 ) ;
#56 = CARTESIAN_POINT ( 'NONE',  ( 4.349999999999997868, -0.01000000000000000021, -5.150000000000000355 ) ) ;
#57 = EDGE_LOOP ( 'NONE', ( #4849, #3526, #363, #3065 ) ) ;
#58 = FACE_OUTER_BOUND ( 'NONE', #4036, .T. ) ;
#59 = ORIENTED_EDGE ( 'NONE', *, *, #4189, .F. ) ;
#60 = FACE_OUTER_BOUND ( 'NONE', #1353, .T. ) ;
#61 = CARTESIAN_POINT ( 'NONE',  ( 0.2799999999999948641, -0.01000000000000000021, -0.6000000000000000888 ) ) ;
#62 = CARTESIAN_POINT ( 'NONE',  ( 0.6614583333333333703, 0.9064290159990536777, -0.9362179487179487225 ) ) ;
#63 = ORIENTED_EDGE ( 'NONE', *, *, #500, .F. ) ;
#64 = ORIENTED_EDGE ( 'NONE', *, *, #5053, .T. ) ;
#65 = CARTESIAN_POINT ( 'NONE',  ( 2.477333663520394857, 0.9064290159990540108, -3.396771188011250775 ) ) ;
#66 = ORIENTED_EDGE ( 'NONE', *, *, #1520, .T. ) ;
#67 = PLANE ( 'NONE',  #1477 ) ;
#68 = CARTESIAN_POINT ( 'NONE',  ( 2.568373648262243680, 0.9064290159990534557, -2.970311154452640157 ) ) ;
#69 = CARTESIAN_POINT ( 'NONE',  ( 4.851714217206412272, 0.9064290159990536777, -2.884590605459340651 ) ) ;
#70 = CARTESIAN_POINT ( 'NONE',  ( 6.499999999999997335, 0.0000000000000000000, 0.0000000000000000000 ) ) ;
#71 = LINE ( 'NONE', #4049, #618 ) ;
#72 = PRESENTATION_LAYER_ASSIGNMENT (  '', '', ( #6378 ) ) ;
#73 = DIRECTION ( 'NONE',  ( 0.3660897081358577276, 0.0000000000000000000, 0.9305795643559998664 ) ) ;
#74 = EDGE_CURVE ( 'NONE', #5682, #525, #6286, .T. ) ;
#75 = CARTESIAN_POINT ( 'NONE',  ( 0.0000000000000000000, 0.9064290159990536777, 0.0000000000000000000 ) ) ;
#76 = DIRECTION ( 'NONE',  ( 0.8770197613181063279, 0.0000000000000000000, -0.4804543040264409592 ) ) ;
#77 = ORIENTED_EDGE ( 'NONE', *, *, #4559, .F. ) ;
#78 = COLOUR_RGB ( '',0.7529411764705882248, 0.7529411764705882248, 0.7529411764705882248 ) ;
#79 = CARTESIAN_POINT ( 'NONE',  ( 4.379534730026925615, 0.9064290159990536777, -3.735590873073721507 ) ) ;
#80 = CARTESIAN_POINT ( 'NONE',  ( 3.649999999999996358, 0.0000000000000000000, -5.150000000000000355 ) ) ;
#81 = ADVANCED_FACE ( 'NONE', ( #6040, #1547, #4565, #1031, #124, #5036, #5556, #3523, #4503, #5487, #2584, #5979, #3948 ), #154, .F. ) ;
#82 = COLOUR_RGB ( '',0.1019607843137254888, 0.1019607843137254888, 0.1019607843137254888 ) ;
#83 = LINE ( 'NONE', #2605, #5030 ) ;
#84 = CARTESIAN_POINT ( 'NONE',  ( 2.896313440892465341, 0.8964290159990536688, -3.370640323503463875 ) ) ;
#85 = ORIENTED_EDGE ( 'NONE', *, *, #3096, .T. ) ;
#86 = AXIS2_PLACEMENT_3D ( 'NONE', #1012, #2436, #2954 ) ;
#87 = VECTOR ( 'NONE', #5381, 1000.000000000000000 ) ;
#88 = ADVANCED_FACE ( 'NONE', ( #60 ), #1063, .T. ) ;
#89 = DIRECTION ( 'NONE',  ( 0.9643213640348163862, -0.0000000000000000000, 0.2647344081641659908 ) ) ;
#90 = ORIENTED_EDGE ( 'NONE', *, *, #4265, .F. ) ;
#91 = CARTESIAN_POINT ( 'NONE',  ( 4.741810371052566531, 0.9064290159990536777, -3.206424206407054722 ) ) ;
#92 = ORIENTED_EDGE ( 'NONE', *, *, #693, .F. ) ;
#93 = VECTOR ( 'NONE', #4416, 1000.000000000000000 ) ;
#94 = VECTOR ( 'NONE', #4162, 1000.000000000000227 ) ;
#95 = PLANE ( 'NONE',  #3612 ) ;
#96 = LINE ( 'NONE', #2069, #5552 ) ;
#97 = EDGE_CURVE ( 'NONE', #287, #3224, #1130, .T. ) ;
#98 = CARTESIAN_POINT ( 'NONE',  ( 4.481975969343164223, 0.9064290159990536777, -3.009038054711477006 ) ) ;
#99 = EDGE_LOOP ( 'NONE', ( #997, #4237, #1695, #1406 ) ) ;
#100 = EDGE_CURVE ( 'NONE', #3562, #3917, #3979, .T. ) ;
#101 = VERTEX_POINT ( 'NONE', #2519 ) ;
#102 = CARTESIAN_POINT ( 'NONE',  ( 2.895254114154610647, 0.8964290159990537799, -3.727100596874360239 ) ) ;
#103 = ORIENTED_EDGE ( 'NONE', *, *, #5154, .F. ) ;
#104 = DIRECTION ( 'NONE',  ( 0.0000000000000000000, 0.0000000000000000000, 1.000000000000000000 ) ) ;
#105 = CARTESIAN_POINT ( 'NONE',  ( 4.450535497922224693, 0.8964290159990536688, -3.735590873073721507 ) ) ;
#106 = CARTESIAN_POINT ( 'NONE',  ( 0.0000000000000000000, 0.0000000000000000000, 0.0000000000000000000 ) ) ;
#107 = DIRECTION ( 'NONE',  ( 1.000000000000000000, 0.0000000000000000000, -0.0000000000000000000 ) ) ;
#108 = CARTESIAN_POINT ( 'NONE',  ( 1.081630899735123164, 0.9064290159990536777, -2.537619404509760201 ) ) ;
#109 = DIRECTION ( 'NONE',  ( 0.0000000000000000000, 0.0000000000000000000, -1.000000000000000000 ) ) ;
#110 = CARTESIAN_POINT ( 'NONE',  ( 3.674657593274788248, 0.8964290159990536688, -3.464223351706200216 ) ) ;
#111 = ORIENTED_EDGE ( 'NONE', *, *, #3054, .F. ) ;
#112 = EDGE_CURVE ( 'NONE', #3620, #3904, #3001, .T. ) ;
#113 = CARTESIAN_POINT ( 'NONE',  ( 3.742266267152993375, 0.8964290159990536688, -3.735590873073721507 ) ) ;
#114 = CARTESIAN_POINT ( 'NONE',  ( 5.302862721479915997, 0.9064290159990536777, -2.534144892318314746 ) ) ;
#115 = DIRECTION ( 'NONE',  ( 1.000000000000000000, 0.0000000000000000000, -0.0000000000000000000 ) ) ;
#116 = LINE ( 'NONE', #1571, #542 ) ;
#117 = ORIENTED_EDGE ( 'NONE', *, *, #488, .T. ) ;
#118 = SURFACE_STYLE_FILL_AREA ( #2913 ) ;
#119 = VECTOR ( 'NONE', #506, 1000.000000000000227 ) ;
#120 =( NAMED_UNIT ( * ) PLANE_ANGLE_UNIT ( ) SI_UNIT ( $, .RADIAN. ) );
#121 = ORIENTED_EDGE ( 'NONE', *, *, #1638, .T. ) ;
#122 = DIRECTION ( 'NONE',  ( -0.4804543040264409592, 0.0000000000000000000, 0.8770197613181063279 ) ) ;
#123 = ORIENTED_EDGE ( 'NONE', *, *, #3853, .F. ) ;
#124 = FACE_BOUND ( 'NONE', #3714, .T. ) ;
#125 = VECTOR ( 'NONE', #2696, 1000.000000000000227 ) ;
#126 = FACE_OUTER_BOUND ( 'NONE', #853, .T. ) ;
#127 = CARTESIAN_POINT ( 'NONE',  ( 0.7127804603152829710, 0.9064290159990538998, -0.9276690017408901756 ) ) ;
#128 = ORIENTED_EDGE ( 'NONE', *, *, #3454, .T. ) ;
#129 = ORIENTED_EDGE ( 'NONE', *, *, #4511, .T. ) ;
#130 = FACE_OUTER_BOUND ( 'NONE', #716, .T. ) ;
#131 = ORIENTED_EDGE ( 'NONE', *, *, #5603, .T. ) ;
#132 = LINE ( 'NONE', #2105, #5094 ) ;
#133 = LINE ( 'NONE', #1621, #5355 ) ;
#134 = ADVANCED_FACE ( 'NONE', ( #5947 ), #95, .T. ) ;
#135 = FACE_OUTER_BOUND ( 'NONE', #1904, .T. ) ;
#136 = CARTESIAN_POINT ( 'NONE',  ( 4.032184302676498078, 0.8964290159990536688, -3.206424206407054722 ) ) ;
#137 = VECTOR ( 'NONE', #344, 1000.000000000000000 ) ;
#138 = DIRECTION ( 'NONE',  ( -0.0000000000000000000, -1.000000000000000000, -0.0000000000000000000 ) ) ;
#139 = CARTESIAN_POINT ( 'NONE',  ( 0.2799999999999950862, -0.01000000000000000021, -3.150000000000000799 ) ) ;
#140 = CARTESIAN_POINT ( 'NONE',  ( 0.5296397098330489772, 0.8964290159990535578, -0.7950694847546795341 ) ) ;
#141 = ORIENTED_EDGE ( 'NONE', *, *, #2288, .T. ) ;
#142 = CARTESIAN_POINT ( 'NONE',  ( 0.5674162160477460581, 0.9064290159990534557, -0.7098841647656947140 ) ) ;
#143 = CARTESIAN_POINT ( 'NONE',  ( 2.903566579105354872, 0.9064290159990540108, -3.133625081704789483 ) ) ;
#144 = EDGE_CURVE ( 'NONE', #5325, #4222, #3503, .T. ) ;
#145 = DIRECTION ( 'NONE',  ( 0.0000000000000000000, -0.0000000000000000000, 1.000000000000000000 ) ) ;
#146 = CARTESIAN_POINT ( 'NONE',  ( 2.838117477159202373, 0.8964290159990536688, -3.304532734905997859 ) ) ;
#147 = ORIENTED_EDGE ( 'NONE', *, *, #1818, .T. ) ;
#148 = LINE ( 'NONE', #608, #5648 ) ;
#149 = CARTESIAN_POINT ( 'NONE',  ( 5.160394772761967452, 0.8964290159990536688, -3.009038054711477006 ) ) ;
#150 = VERTEX_POINT ( 'NONE', #1000 ) ;
#151 = CARTESIAN_POINT ( 'NONE',  ( 4.017259089001283812, 0.9064290159990536777, -2.620961298568314835 ) ) ;
#152 = ORIENTED_EDGE ( 'NONE', *, *, #3485, .T. ) ;
#153 = ADVANCED_FACE ( 'NONE', ( #6007 ), #4972, .F. ) ;
#154 = PLANE ( 'NONE',  #3915 ) ;
#155 = CARTESIAN_POINT ( 'NONE',  ( 2.552895625897455556, 0.8964290159990536688, -3.518035135400225055 ) ) ;
#156 = VECTOR ( 'NONE', #2956, 1000.000000000000000 ) ;
#157 = LINE ( 'NONE', #4536, #358 ) ;
#158 = VERTEX_POINT ( 'NONE', #682 ) ;
#159 = ORIENTED_EDGE ( 'NONE', *, *, #5675, .F. ) ;
#160 = CARTESIAN_POINT ( 'NONE',  ( 3.586463148830343783, 0.8964290159990536688, -2.731416359999938592 ) ) ;
#161 = VERTEX_POINT ( 'NONE', #3686 ) ;
#162 = LINE ( 'NONE', #4078, #2833 ) ;
#163 = CARTESIAN_POINT ( 'NONE',  ( 1.242939164116525719, 0.9064290159990536777, -3.108481402145693906 ) ) ;
#164 = CARTESIAN_POINT ( 'NONE',  ( 3.735482079118805476, 0.8964290159990536688, -3.206424206407054722 ) ) ;
#165 = CARTESIAN_POINT ( 'NONE',  ( 3.855795413787608705, 0.9064290159990536777, -3.425956291075858307 ) ) ;
#166 = DIRECTION ( 'NONE',  ( -0.8770411504904065403, 0.0000000000000000000, -0.4804152582365220359 ) ) ;
#167 = SURFACE_STYLE_USAGE ( .BOTH. , #695 ) ;
#168 = CARTESIAN_POINT ( 'NONE',  ( 4.740453533445728063, 0.8964290159990536688, -3.206424206407054722 ) ) ;
#169 = ORIENTED_EDGE ( 'NONE', *, *, #3342, .T. ) ;
#170 = CARTESIAN_POINT ( 'NONE',  ( 3.416858447975643198, 0.9064290159990536777, -3.009038054711477006 ) ) ;
#171 = CARTESIAN_POINT ( 'NONE',  ( 4.349999999999997868, -0.01000000000000000021, -5.150000000000000355 ) ) ;
#172 = ADVANCED_FACE ( 'NONE', ( #1741 ), #4715, .T. ) ;
#173 = CARTESIAN_POINT ( 'NONE',  ( 4.349999999999997868, 0.0000000000000000000, -2.350000000000000089 ) ) ;
#174 = VECTOR ( 'NONE', #2955, 1000.000000000000000 ) ;
#175 = LINE ( 'NONE', #3183, #1054 ) ;
#176 = ORIENTED_EDGE ( 'NONE', *, *, #2013, .T. ) ;
#177 = CARTESIAN_POINT ( 'NONE',  ( 0.2799999999999950862, 0.0000000000000000000, -3.150000000000000799 ) ) ;
#178 = VECTOR ( 'NONE', #4650, 1000.000000000000000 ) ;
#179 = DIRECTION ( 'NONE',  ( -0.0000000000000000000, -1.000000000000000000, -0.0000000000000000000 ) ) ;
#180 = EDGE_LOOP ( 'NONE', ( #3285, #4564, #623, #3983 ) ) ;
#181 = FACE_OUTER_BOUND ( 'NONE', #5887, .T. ) ;
#182 = ORIENTED_EDGE ( 'NONE', *, *, #4603, .T. ) ;
#183 = LINE ( 'NONE', #3685, #404 ) ;
#184 = CARTESIAN_POINT ( 'NONE',  ( 2.829999999999994742, -0.01000000000000000021, -0.3500000000000004774 ) ) ;
#185 = VECTOR ( 'NONE', #468, 1000.000000000000227 ) ;
#186 = EDGE_CURVE ( 'NONE', #1909, #3651, #4195, .T. ) ;
#187 = DIRECTION ( 'NONE',  ( -1.000000000000000000, 0.0000000000000000000, 0.0000000000000000000 ) ) ;
#188 = ORIENTED_EDGE ( 'NONE', *, *, #4718, .F. ) ;
#189 = PRODUCT_RELATED_PRODUCT_CATEGORY ( 'part', '', ( #5973 ) ) ;
#190 = VERTEX_POINT ( 'NONE', #6167 ) ;
#191 = DIRECTION ( 'NONE',  ( 0.4804543040264410148, 0.0000000000000000000, 0.8770197613181063279 ) ) ;
#192 = PRESENTATION_LAYER_ASSIGNMENT (  '', '', ( #2667 ) ) ;
#193 = ORIENTED_EDGE ( 'NONE', *, *, #2724, .T. ) ;
#194 = DIRECTION ( 'NONE',  ( 0.2570842515897350244, 0.0000000000000000000, 0.9663889939276759655 ) ) ;
#195 = CARTESIAN_POINT ( 'NONE',  ( 3.827704635208549089, 0.9064290159990536777, -3.477155710146370815 ) ) ;
#196 = DIRECTION ( 'NONE',  ( 1.000000000000000000, 0.0000000000000000000, 0.0000000000000000000 ) ) ;
#197 = CARTESIAN_POINT ( 'NONE',  ( 2.411165282937915766, 0.9064290159990538998, -2.861393957092697615 ) ) ;
#198 = CARTESIAN_POINT ( 'NONE',  ( 3.443995200112394794, 0.8964290159990536688, -3.206424206407054722 ) ) ;
#199 = PLANE ( 'NONE',  #5356 ) ;
#200 = CARTESIAN_POINT ( 'NONE',  ( 0.5505018879068303006, 0.8964290159990541129, -0.7300498225709709521 ) ) ;
#201 = EDGE_CURVE ( 'NONE', #1781, #4621, #2129, .T. ) ;
#202 = ORIENTED_EDGE ( 'NONE', *, *, #4766, .T. ) ;
#203 = CARTESIAN_POINT ( 'NONE',  ( 0.5383520624292656986, 0.9064290159990533446, -0.7529350656346994741 ) ) ;
#204 = DIRECTION ( 'NONE',  ( -1.000000000000000000, 0.0000000000000000000, 0.0000000000000000000 ) ) ;
#205 = FACE_OUTER_BOUND ( 'NONE', #3986, .T. ) ;
#206 = CARTESIAN_POINT ( 'NONE',  ( 2.939758879415200976, 0.8964290159990535578, -3.481252646813874474 ) ) ;
#207 = VERTEX_POINT ( 'NONE', #2676 ) ;
#208 = EDGE_CURVE ( 'NONE', #1021, #4432, #5680, .T. ) ;
#209 = CARTESIAN_POINT ( 'NONE',  ( 3.855795413787608705, 0.9064290159990536777, -3.528355129216884212 ) ) ;
#210 = EDGE_CURVE ( 'NONE', #5651, #3211, #6103, .T. ) ;
#211 = DIRECTION ( 'NONE',  ( 0.7071067811865474617, 0.0000000000000000000, 0.7071067811865474617 ) ) ;
#212 = CARTESIAN_POINT ( 'NONE',  ( 2.682839918043529615, 0.9064290159990534557, -3.900043046425300197 ) ) ;
#213 = ORIENTED_EDGE ( 'NONE', *, *, #2677, .F. ) ;
#214 = ORIENTED_EDGE ( 'NONE', *, *, #4008, .F. ) ;
#215 = CARTESIAN_POINT ( 'NONE',  ( 2.552895625897455556, 0.8964290159990536688, -3.518035135400225055 ) ) ;
#216 = LINE ( 'NONE', #5224, #1308 ) ;
#217 = EDGE_CURVE ( 'NONE', #3489, #5815, #1680, .T. ) ;
#218 = COLOUR_RGB ( '',0.1019607843137254888, 0.1019607843137254888, 0.1019607843137254888 ) ;
#219 = DIRECTION ( 'NONE',  ( -0.0000000000000000000, -1.000000000000000000, -0.0000000000000000000 ) ) ;
#220 = EDGE_LOOP ( 'NONE', ( #213, #477, #3854, #1460 ) ) ;
#221 = EDGE_LOOP ( 'NONE', ( #5983, #2950, #5158, #2884 ) ) ;
#222 = DIRECTION ( 'NONE',  ( 0.3698797865436017074, 0.0000000000000000000, -0.9290796217259635892 ) ) ;
#223 = ORIENTED_EDGE ( 'NONE', *, *, #6353, .T. ) ;
#224 =( NAMED_UNIT ( * ) PLANE_ANGLE_UNIT ( ) SI_UNIT ( $, .RADIAN. ) );
#225 = AXIS2_PLACEMENT_3D ( 'NONE', #3644, #5606, #1865 ) ;
#226 = CARTESIAN_POINT ( 'NONE',  ( 2.969828578843424438, 0.8964290159990536688, -2.882706120251762982 ) ) ;
#227 = DIRECTION ( 'NONE',  ( 0.0000000000000000000, 0.0000000000000000000, 1.000000000000000000 ) ) ;
#228 = CARTESIAN_POINT ( 'NONE',  ( 2.513841739353765981, 0.9064290159990534557, -2.887093106345713256 ) ) ;
#229 = PLANE ( 'NONE',  #3654 ) ;
#230 = LINE ( 'NONE', #331, #2054 ) ;
#231 = DIRECTION ( 'NONE',  ( 1.000000000000000000, 0.0000000000000000000, 0.0000000000000000000 ) ) ;
#232 = ORIENTED_EDGE ( 'NONE', *, *, #2677, .T. ) ;
#233 = DIRECTION ( 'NONE',  ( -4.336808689942017736E-16, 0.0000000000000000000, -1.000000000000000000 ) ) ;
#234 = EDGE_CURVE ( 'NONE', #1776, #980, #4232, .T. ) ;
#235 = DIRECTION ( 'NONE',  ( -0.0000000000000000000, -1.000000000000000000, -0.0000000000000000000 ) ) ;
#236 = PLANE ( 'NONE',  #610 ) ;
#237 = COLOUR_RGB ( '',0.7529411764705882248, 0.7529411764705882248, 0.7529411764705882248 ) ;
#238 = LINE ( 'NONE', #830, #1468 ) ;
#239 = ORIENTED_EDGE ( 'NONE', *, *, #6223, .T. ) ;
#240 = LINE ( 'NONE', #3742, #3802 ) ;
#241 = LINE ( 'NONE', #2217, #6163 ) ;
#242 = CARTESIAN_POINT ( 'NONE',  ( 3.491484516351711420, 0.9064290159990536777, -3.518496855979704296 ) ) ;
#243 = ORIENTED_EDGE ( 'NONE', *, *, #4116, .T. ) ;
#244 = EDGE_LOOP ( 'NONE', ( #3073, #6332, #3908, #4661, #6211 ) ) ;
#245 = AXIS2_PLACEMENT_3D ( 'NONE', #6338, #5396, #2425 ) ;
#246 = DIRECTION ( 'NONE',  ( 0.0000000000000000000, 0.0000000000000000000, 1.000000000000000000 ) ) ;
#247 = EDGE_CURVE ( 'NONE', #5944, #5445, #1772, .T. ) ;
#248 = VECTOR ( 'NONE', #4563, 1000.000000000000000 ) ;
#249 = CARTESIAN_POINT ( 'NONE',  ( 2.129999999999994120, -0.01000000000000000021, -5.150000000000001243 ) ) ;
#250 = VERTEX_POINT ( 'NONE', #5615 ) ;
#251 = ORIENTED_EDGE ( 'NONE', *, *, #2592, .T. ) ;
#252 = DIRECTION ( 'NONE',  ( 0.4802758347947843065, 0.0000000000000000000, 0.8771175078130485359 ) ) ;
#253 = VERTEX_POINT ( 'NONE', #5165 ) ;
#254 = CARTESIAN_POINT ( 'NONE',  ( 0.5679767555921065858, 0.9064290159990538998, -0.8974338500942097285 ) ) ;
#255 = CARTESIAN_POINT ( 'NONE',  ( 2.970719048524183670, 0.8964290159990534468, -2.907819957238368946 ) ) ;
#256 = VECTOR ( 'NONE', #6333, 1000.000000000000000 ) ;
#257 = CARTESIAN_POINT ( 'NONE',  ( 0.7555416719893786048, 0.8964290159990536688, -0.7098533506425565021 ) ) ;
#258 = DIRECTION ( 'NONE',  ( -0.0000000000000000000, -1.000000000000000000, -0.0000000000000000000 ) ) ;
#259 = FILL_AREA_STYLE ('',( #2205 ) ) ;
#260 = DIRECTION ( 'NONE',  ( 0.0000000000000000000, 0.0000000000000000000, -1.000000000000000000 ) ) ;
#261 = LINE ( 'NONE', #2236, #2084 ) ;
#262 = DIRECTION ( 'NONE',  ( 1.000000000000000000, 0.0000000000000000000, 0.0000000000000000000 ) ) ;
#263 = DIRECTION ( 'NONE',  ( 0.0000000000000000000, -0.0000000000000000000, 1.000000000000000000 ) ) ;
#264 = CARTESIAN_POINT ( 'NONE',  ( 2.962447236558689578, 0.9064290159990535667, -3.007433395663304143 ) ) ;
#265 = EDGE_CURVE ( 'NONE', #940, #4193, #5132, .T. ) ;
#266 = EDGE_CURVE ( 'NONE', #5135, #5946, #216, .T. ) ;
#267 = CARTESIAN_POINT ( 'NONE',  ( 3.633952465069659965, 0.8964290159990536688, -2.479871388044810665 ) ) ;
#268 = CARTESIAN_POINT ( 'NONE',  ( 3.674657593274788248, 0.9064290159990536777, -3.735590873073721507 ) ) ;
#269 = ORIENTED_EDGE ( 'NONE', *, *, #6116, .T. ) ;
#270 = CARTESIAN_POINT ( 'NONE',  ( 2.774470093982562169, 0.8964290159990536688, -3.252094483311966489 ) ) ;
#271 = CARTESIAN_POINT ( 'NONE',  ( 4.329331738573933386, 0.9064290159990536777, -2.623611372019169607 ) ) ;
#272 = EDGE_CURVE ( 'NONE', #6271, #1285, #2772, .T. ) ;
#273 = CARTESIAN_POINT ( 'NONE',  ( 0.6614583333333333703, 0.8964290159990536688, -0.9362179487179487225 ) ) ;
#274 = CARTESIAN_POINT ( 'NONE',  ( 6.199999999999998401, 0.0000000000000000000, -3.149999999999999911 ) ) ;
#275 = VECTOR ( 'NONE', #1786, 1000.000000000000000 ) ;
#276 = ORIENTED_EDGE ( 'NONE', *, *, #3390, .F. ) ;
#277 = EDGE_LOOP ( 'NONE', ( #3657, #6039, #1596, #2324 ) ) ;
#278 = CARTESIAN_POINT ( 'NONE',  ( 4.797885925272651342, 0.9064290159990536777, -3.206424206407054722 ) ) ;
#279 = EDGE_CURVE ( 'NONE', #765, #4755, #4163, .T. ) ;
#280 = VECTOR ( 'NONE', #4523, 1000.000000000000000 ) ;
#281 = ADVANCED_FACE ( 'NONE', ( #5194 ), #5404, .T. ) ;
#282 = LINE ( 'NONE', #1259, #1517 ) ;
#283 = VERTEX_POINT ( 'NONE', #1903 ) ;
#284 = VECTOR ( 'NONE', #3101, 1000.000000000000000 ) ;
#285 = VERTEX_POINT ( 'NONE', #4295 ) ;
#286 = CARTESIAN_POINT ( 'NONE',  ( 2.920502486843826073, 0.9064290159990535667, -3.419223111102317247 ) ) ;
#287 = VERTEX_POINT ( 'NONE', #4817 ) ;
#288 = CARTESIAN_POINT ( 'NONE',  ( 2.970941519456346658, 0.8964290159990533358, -2.930592874125301783 ) ) ;
#289 = CARTESIAN_POINT ( 'NONE',  ( 2.753407767466701461, 0.9064290159990536777, -2.601428461263374459 ) ) ;
#290 = EDGE_CURVE ( 'NONE', #3128, #3918, #314, .T. ) ;
#291 = CARTESIAN_POINT ( 'NONE',  ( 4.890108481362394954, 0.9064290159990536777, -3.477155710146370815 ) ) ;
#292 = CARTESIAN_POINT ( 'NONE',  ( 2.561289030832182956, 0.8964290159990532247, -2.941641768898311859 ) ) ;
#293 = EDGE_CURVE ( 'NONE', #407, #5023, #5877, .T. ) ;
#294 = ADVANCED_FACE ( 'NONE', ( #2879 ), #6361, .T. ) ;
#295 = VECTOR ( 'NONE', #2077, 1000.000000000000000 ) ;
#296 = VECTOR ( 'NONE', #4640, 1000.000000000000000 ) ;
#297 = ORIENTED_EDGE ( 'NONE', *, *, #3439, .T. ) ;
#298 = CARTESIAN_POINT ( 'NONE',  ( 2.568795645598007216, 0.9064290159990536777, -2.991539321767443305 ) ) ;
#299 = CARTESIAN_POINT ( 'NONE',  ( 4.481975969343164223, 0.9064290159990536777, -3.009038054711477006 ) ) ;
#300 = COLOUR_RGB ( '',1.000000000000000000, 1.000000000000000000, 1.000000000000000000 ) ;
#301 = ORIENTED_EDGE ( 'NONE', *, *, #1558, .T. ) ;
#302 = LINE ( 'NONE', #4703, #4212 ) ;
#303 = LINE ( 'NONE', #4315, #466 ) ;
#304 = CARTESIAN_POINT ( 'NONE',  ( 4.433426623723505600, 0.9064290159990536777, -3.009038054711477006 ) ) ;
#305 =( LENGTH_UNIT ( ) NAMED_UNIT ( * ) SI_UNIT ( .MILLI., .METRE. ) );
#306 = VERTEX_POINT ( 'NONE', #2386 ) ;
#307 = DIRECTION ( 'NONE',  ( 0.8771107020363836382, -0.0000000000000000000, 0.4802882638304235008 ) ) ;
#308 = DIRECTION ( 'NONE',  ( 0.8769390707362905157, -0.0000000000000000000, 0.4806015670138532592 ) ) ;
#309 = AXIS2_PLACEMENT_3D ( 'NONE', #4287, #5252, #4775 ) ;
#310 = CARTESIAN_POINT ( 'NONE',  ( 2.129999999999995008, -0.01000000000000000021, -2.350000000000000089 ) ) ;
#311 = VECTOR ( 'NONE', #1759, 1000.000000000000000 ) ;
#312 = ORIENTED_EDGE ( 'NONE', *, *, #97, .T. ) ;
#313 = ORIENTED_EDGE ( 'NONE', *, *, #895, .T. ) ;
#314 = LINE ( 'NONE', #4847, #3624 ) ;
#315 = CARTESIAN_POINT ( 'NONE',  ( 4.946290038520515076, 0.9064290159990536777, -3.477155710146370815 ) ) ;
#316 = ORIENTED_EDGE ( 'NONE', *, *, #2590, .F. ) ;
#317 = EDGE_LOOP ( 'NONE', ( #6359, #4274, #4293, #2908 ) ) ;
#318 = CARTESIAN_POINT ( 'NONE',  ( 2.799345931256005837, 0.8964290159990536688, -3.271584830041675218 ) ) ;
#319 = ORIENTED_EDGE ( 'NONE', *, *, #4368, .T. ) ;
#320 = CARTESIAN_POINT ( 'NONE',  ( 2.962447236558689578, 0.9064290159990535667, -3.007433395663304143 ) ) ;
#321 = ORIENTED_EDGE ( 'NONE', *, *, #1720, .T. ) ;
#322 = EDGE_CURVE ( 'NONE', #2230, #6062, #1934, .T. ) ;
#323 = DIRECTION ( 'NONE',  ( -1.000000000000000000, 0.0000000000000000000, -4.688441826964344298E-16 ) ) ;
#324 = CARTESIAN_POINT ( 'NONE',  ( 5.642072123189318056, 0.9064290159990536777, -2.534144892318314746 ) ) ;
#325 = CARTESIAN_POINT ( 'NONE',  ( 2.565714146408184515, 0.8964290159990535578, -2.953693023528622952 ) ) ;
#326 = AXIS2_PLACEMENT_3D ( 'NONE', #3493, #3981, #2520 ) ;
#327 = ORIENTED_EDGE ( 'NONE', *, *, #6210, .T. ) ;
#328 = UNCERTAINTY_MEASURE_WITH_UNIT (LENGTH_MEASURE( 1.000000000000000082E-05 ), #6250, 'distance_accuracy_value', 'NONE');
#329 = EDGE_LOOP ( 'NONE', ( #4853, #3550, #4149, #4569 ) ) ;
#330 = CARTESIAN_POINT ( 'NONE',  ( 2.493163451023924004, 0.9064290159990538998, -3.094845683599898756 ) ) ;
#331 = CARTESIAN_POINT ( 'NONE',  ( 4.033541140283334769, 0.9064290159990536777, -3.206424206407054722 ) ) ;
#332 = DIRECTION ( 'NONE',  ( 0.0000000000000000000, 0.0000000000000000000, -1.000000000000000000 ) ) ;
#333 = EDGE_LOOP ( 'NONE', ( #6372, #3771, #4533, #991 ) ) ;
#334 = LINE ( 'NONE', #1825, #6087 ) ;
#335 = PLANE ( 'NONE',  #1704 ) ;
#336 = CARTESIAN_POINT ( 'NONE',  ( 4.592155423135899639, 0.8964290159990536688, -3.477155710146370815 ) ) ;
#337 = EDGE_CURVE ( 'NONE', #681, #438, #4260, .T. ) ;
#338 = CARTESIAN_POINT ( 'NONE',  ( 0.6353838412118913981, 0.9064290159990535667, -0.9346979451612402734 ) ) ;
#339 = ORIENTED_EDGE ( 'NONE', *, *, #2665, .T. ) ;
#340 = CARTESIAN_POINT ( 'NONE',  ( 2.971168724794224669, 0.8964290159990535578, -2.920502136976269369 ) ) ;
#341 = CARTESIAN_POINT ( 'NONE',  ( 1.170363267741427293, 0.8964290159990536688, -2.858440769757987443 ) ) ;
#342 = PLANE ( 'NONE',  #5126 ) ;
#343 = VECTOR ( 'NONE', #4898, 1000.000000000000227 ) ;
#344 = DIRECTION ( 'NONE',  ( -0.0000000000000000000, 1.000000000000000000, -0.0000000000000000000 ) ) ;
#345 = EDGE_LOOP ( 'NONE', ( #5426, #2341, #4139, #728 ) ) ;
#346 = ORIENTED_EDGE ( 'NONE', *, *, #2375, .T. ) ;
#347 = VECTOR ( 'NONE', #713, 1000.000000000000000 ) ;
#348 = CARTESIAN_POINT ( 'NONE',  ( 0.6876887375851097328, 0.9064290159990538998, -0.6730892592106024752 ) ) ;
#349 = DIRECTION ( 'NONE',  ( -0.0000000000000000000, 0.0000000000000000000, 1.000000000000000000 ) ) ;
#350 = ORIENTED_EDGE ( 'NONE', *, *, #3175, .T. ) ;
#351 = EDGE_CURVE ( 'NONE', #3910, #6062, #5812, .T. ) ;
#352 = EDGE_CURVE ( 'NONE', #3099, #5919, #380, .T. ) ;
#353 = ORIENTED_EDGE ( 'NONE', *, *, #4879, .F. ) ;
#354 = CARTESIAN_POINT ( 'NONE',  ( 4.748594559086754430, 0.9064290159990536777, -3.735590873073721507 ) ) ;
#355 = VERTEX_POINT ( 'NONE', #3357 ) ;
#356 = AXIS2_PLACEMENT_3D ( 'NONE', #1382, #4880, #3784 ) ;
#357 = CARTESIAN_POINT ( 'NONE',  ( 3.686190712932907676, 0.9064290159990536777, -3.735590873073721507 ) ) ;
#358 = VECTOR ( 'NONE', #4102, 1000.000000000000000 ) ;
#359 = CARTESIAN_POINT ( 'NONE',  ( 5.642072123189318056, 0.9064290159990536777, -3.009038054711477006 ) ) ;
#360 = CARTESIAN_POINT ( 'NONE',  ( 0.7932171381971933055, 0.9064290159990537887, -0.8127623096318707940 ) ) ;
#361 = EDGE_LOOP ( 'NONE', ( #996, #1647, #1170, #512 ) ) ;
#362 = CARTESIAN_POINT ( 'NONE',  ( 2.567650366063694456, 0.8964290159990537799, -3.013529268605844358 ) ) ;
#363 = ORIENTED_EDGE ( 'NONE', *, *, #5031, .T. ) ;
#364 = CARTESIAN_POINT ( 'NONE',  ( 3.491484516351711420, 0.9064290159990536777, -3.206424206407054722 ) ) ;
#365 = CARTESIAN_POINT ( 'NONE',  ( 4.733669345411541052, 0.8964290159990536688, -3.735590873073721507 ) ) ;
#366 = CARTESIAN_POINT ( 'NONE',  ( 0.6171964533206235615, 0.9064290159990536777, -3.634977215778476101 ) ) ;
#367 = CARTESIAN_POINT ( 'NONE',  ( 2.400306727158290965, 0.8964290159990536688, -3.108481402145693906 ) ) ;
#368 = PLANE ( 'NONE',  #6195 ) ;
#369 = DIRECTION ( 'NONE',  ( 0.8770197613181063279, 0.0000000000000000000, -0.4804543040264409592 ) ) ;
#370 = ADVANCED_FACE ( 'NONE', ( #1447 ), #3323, .T. ) ;
#371 = CARTESIAN_POINT ( 'NONE',  ( 3.679406524898720221, 0.9064290159990536777, -3.206424206407054722 ) ) ;
#372 = DIRECTION ( 'NONE',  ( 0.0000000000000000000, 0.0000000000000000000, 1.000000000000000000 ) ) ;
#373 = ORIENTED_EDGE ( 'NONE', *, *, #671, .F. ) ;
#374 = PLANE ( 'NONE',  #309 ) ;
#375 = EDGE_CURVE ( 'NONE', #2731, #2432, #5361, .T. ) ;
#376 = CARTESIAN_POINT ( 'NONE',  ( 2.872215525787040313, 0.8964290159990535578, -3.759669839922769707 ) ) ;
#377 = EDGE_CURVE ( 'NONE', #4430, #4884, #1451, .T. ) ;
#378 = EDGE_LOOP ( 'NONE', ( #1128, #4918, #3321, #4401 ) ) ;
#379 = CARTESIAN_POINT ( 'NONE',  ( 4.564064644556840022, 0.9064290159990536777, -3.528355129216884212 ) ) ;
#380 = LINE ( 'NONE', #3903, #2277 ) ;
#381 = ORIENTED_EDGE ( 'NONE', *, *, #1981, .T. ) ;
#382 = VECTOR ( 'NONE', #219, 1000.000000000000000 ) ;
#383 = LINE ( 'NONE', #1452, #4183 ) ;
#384 = ORIENTED_EDGE ( 'NONE', *, *, #3451, .T. ) ;
#385 = DIRECTION ( 'NONE',  ( 0.0000000000000000000, -0.0000000000000000000, 1.000000000000000000 ) ) ;
#386 = EDGE_LOOP ( 'NONE', ( #4713, #3218, #804, #3190 ) ) ;
#387 = UNCERTAINTY_MEASURE_WITH_UNIT (LENGTH_MEASURE( 1.000000000000000082E-05 ), #3868, 'distance_accuracy_value', 'NONE');
#388 = AXIS2_PLACEMENT_3D ( 'NONE', #4405, #3, #1977 ) ;
#389 = EDGE_CURVE ( 'NONE', #5305, #3244, #2352, .T. ) ;
#390 = CARTESIAN_POINT ( 'NONE',  ( 3.969324560422224035, 0.8964290159990536688, -3.735590873073721507 ) ) ;
#391 = CARTESIAN_POINT ( 'NONE',  ( 3.749177658712822492, 0.9064290159990536777, -3.009038054711477006 ) ) ;
#392 = LINE ( 'NONE', #3366, #3015 ) ;
#393 = VECTOR ( 'NONE', #4812, 1000.000000000000227 ) ;
#394 = ORIENTED_EDGE ( 'NONE', *, *, #4829, .F. ) ;
#395 = CARTESIAN_POINT ( 'NONE',  ( 2.424129318307224334, 0.8964290159990536688, -3.954537207203235649 ) ) ;
#396 = VERTEX_POINT ( 'NONE', #4352 ) ;
#397 = CARTESIAN_POINT ( 'NONE',  ( 0.6082206357477315528, 0.8964290159990536688, -2.099855958883282359 ) ) ;
#398 = SURFACE_SIDE_STYLE ('',( #859 ) ) ;
#399 = PLANE ( 'NONE',  #4422 ) ;
#400 = LINE ( 'NONE', #1368, #5255 ) ;
#401 = VECTOR ( 'NONE', #3145, 1000.000000000000000 ) ;
#402 = EDGE_CURVE ( 'NONE', #3489, #5716, #1279, .T. ) ;
#403 = DIRECTION ( 'NONE',  ( 0.0000000000000000000, 0.0000000000000000000, -1.000000000000000000 ) ) ;
#404 = VECTOR ( 'NONE', #1222, 1000.000000000000000 ) ;
#405 = AXIS2_PLACEMENT_3D ( 'NONE', #1287, #6134, #5711 ) ;
#406 = LINE ( 'NONE', #469, #6104 ) ;
#407 = VERTEX_POINT ( 'NONE', #4708 ) ;
#408 = DIRECTION ( 'NONE',  ( 0.4804152582365220914, 0.0000000000000000000, 0.8770411504904065403 ) ) ;
#409 = PRESENTATION_STYLE_ASSIGNMENT (( #5773 ) ) ;
#410 = CARTESIAN_POINT ( 'NONE',  ( 2.682839918043529615, 0.9064290159990534557, -3.900043046425300197 ) ) ;
#411 = EDGE_CURVE ( 'NONE', #4653, #3586, #457, .T. ) ;
#412 = EDGE_LOOP ( 'NONE', ( #5998, #2644, #5881, #4795 ) ) ;
#413 = CARTESIAN_POINT ( 'NONE',  ( 2.552895625897455556, 0.9064290159990538998, -3.518035135400225055 ) ) ;
#414 = EDGE_CURVE ( 'NONE', #3596, #5287, #899, .T. ) ;
#415 = DIRECTION ( 'NONE',  ( -0.2607351442216253590, 0.0000000000000000000, 0.9654103710690744578 ) ) ;
#416 = ORIENTED_EDGE ( 'NONE', *, *, #3258, .F. ) ;
#417 = PLANE ( 'NONE',  #4608 ) ;
#418 = ORIENTED_EDGE ( 'NONE', *, *, #5575, .T. ) ;
#419 = CARTESIAN_POINT ( 'NONE',  ( 2.626028034965600444, 0.8964290159990537799, -2.553001150711806666 ) ) ;
#420 = ORIENTED_EDGE ( 'NONE', *, *, #4134, .T. ) ;
#421 = EDGE_CURVE ( 'NONE', #5747, #2364, #1831, .T. ) ;
#422 = CARTESIAN_POINT ( 'NONE',  ( 6.199999999999998401, -0.01000000000000000021, -3.149999999999999911 ) ) ;
#423 = CARTESIAN_POINT ( 'NONE',  ( 5.160394772761967452, 0.9064290159990536777, -3.009038054711477006 ) ) ;
#424 = DIRECTION ( 'NONE',  ( -1.000000000000000000, 0.0000000000000000000, 0.0000000000000000000 ) ) ;
#425 = ORIENTED_EDGE ( 'NONE', *, *, #1509, .F. ) ;
#426 = ADVANCED_FACE ( 'NONE', ( #4839 ), #374, .F. ) ;
#427 = CARTESIAN_POINT ( 'NONE',  ( 3.443995200112394794, 0.9064290159990536777, -3.735590873073721507 ) ) ;
#428 = VERTEX_POINT ( 'NONE', #2318 ) ;
#429 = CARTESIAN_POINT ( 'NONE',  ( 5.007750541992737503, 0.8964290159990536688, -2.623611372019169607 ) ) ;
#430 =( NAMED_UNIT ( * ) SI_UNIT ( $, .STERADIAN. ) SOLID_ANGLE_UNIT ( ) );
#431 = LINE ( 'NONE', #5862, #3911 ) ;
#432 = DIRECTION ( 'NONE',  ( -0.4804543040264409592, 0.0000000000000000000, 0.8770197613181063279 ) ) ;
#433 = VECTOR ( 'NONE', #3573, 1000.000000000000000 ) ;
#434 = EDGE_CURVE ( 'NONE', #5858, #1983, #6293, .T. ) ;
#435 = DIRECTION ( 'NONE',  ( -1.000000000000000000, 0.0000000000000000000, 0.0000000000000000000 ) ) ;
#436 = CARTESIAN_POINT ( 'NONE',  ( 4.849700161383762698, 0.8964290159990536688, -3.009038054711477006 ) ) ;
#437 = ORIENTED_EDGE ( 'NONE', *, *, #1207, .F. ) ;
#438 = VERTEX_POINT ( 'NONE', #3315 ) ;
#439 = AXIS2_PLACEMENT_3D ( 'NONE', #5576, #1151, #2150 ) ;
#440 = EDGE_CURVE ( 'NONE', #4553, #5496, #5288, .T. ) ;
#441 = MECHANICAL_DESIGN_GEOMETRIC_PRESENTATION_REPRESENTATION (  '', ( #750 ), #4051 ) ;
#442 = CARTESIAN_POINT ( 'NONE',  ( 2.872215525787040313, 0.9064290159990535667, -3.759669839922769707 ) ) ;
#443 = VERTEX_POINT ( 'NONE', #1867 ) ;
#444 = CARTESIAN_POINT ( 'NONE',  ( 2.376074846742460167, 0.8964290159990536688, -2.858746822197040682 ) ) ;
#445 = CARTESIAN_POINT ( 'NONE',  ( 4.535973865977779518, 0.9064290159990536777, -3.477155710146370815 ) ) ;
#446 = AXIS2_PLACEMENT_3D ( 'NONE', #1365, #1886, #1010 ) ;
#447 = ORIENTED_EDGE ( 'NONE', *, *, #775, .T. ) ;
#448 = CARTESIAN_POINT ( 'NONE',  ( 5.594582806950002762, 0.9064290159990536777, -2.479871388044810665 ) ) ;
#449 = ORIENTED_EDGE ( 'NONE', *, *, #337, .T. ) ;
#450 = CARTESIAN_POINT ( 'NONE',  ( 3.883886192366668766, 0.8964290159990536688, -3.477155710146370815 ) ) ;
#451 = ORIENTED_EDGE ( 'NONE', *, *, #322, .F. ) ;
#452 = EDGE_CURVE ( 'NONE', #396, #4192, #1373, .T. ) ;
#453 = AXIS2_PLACEMENT_3D ( 'NONE', #2819, #4911, #5268 ) ;
#454 = PLANE ( 'NONE',  #245 ) ;
#455 = PLANE ( 'NONE',  #703 ) ;
#456 = LINE ( 'NONE', #5304, #1990 ) ;
#457 = B_SPLINE_CURVE_WITH_KNOTS ( 'NONE', 3,
 ( #270, #5838, #5347, #6322, #3380, #5705, #5217, #2246, #3348, #6192, #868, #1765, #1310, #1799, #340 ),
 .UNSPECIFIED., .F., .F.,
 ( 4, 1, 1, 1, 1, 1, 1, 1, 1, 1, 1, 1, 4 ),
 ( 0.0000000000000000000, 0.1046034082679827976, 0.2145115315724320237, 0.3316919673939478508, 0.4557434077626733027, 0.5200308860970273006, 0.5842901427240489998, 0.6490772883699977847, 0.7151458860839163822, 0.7825911865829718872, 0.8523255075812795623, 0.9250395303005765069, 1.000000000000000000 ),
 .UNSPECIFIED. ) ;
#458 = VERTEX_POINT ( 'NONE', #4338 ) ;
#459 = FACE_OUTER_BOUND ( 'NONE', #1524, .T. ) ;
#460 = EDGE_LOOP ( 'NONE', ( #3754, #1779, #4129, #3785 ) ) ;
#461 = PLANE ( 'NONE',  #1691 ) ;
#462 = DIRECTION ( 'NONE',  ( -0.0000000000000000000, -1.000000000000000000, -0.0000000000000000000 ) ) ;
#463 = VECTOR ( 'NONE', #2487, 1000.000000000000114 ) ;
#464 = LINE ( 'NONE', #3012, #3561 ) ;
#465 = LINE ( 'NONE', #2437, #93 ) ;
#466 = VECTOR ( 'NONE', #6288, 1000.000000000000227 ) ;
#467 = LINE ( 'NONE', #2322, #343 ) ;
#468 = DIRECTION ( 'NONE',  ( -0.4806015670138532592, 0.0000000000000000000, 0.8769390707362905157 ) ) ;
#469 = CARTESIAN_POINT ( 'NONE',  ( 4.349999999999997868, -0.01000000000000000021, -2.350000000000000089 ) ) ;
#470 = VERTEX_POINT ( 'NONE', #1910 ) ;
#471 =( NAMED_UNIT ( * ) SI_UNIT ( $, .STERADIAN. ) SOLID_ANGLE_UNIT ( ) );
#472 = VECTOR ( 'NONE', #1835, 1000.000000000000000 ) ;
#473 = EDGE_CURVE ( 'NONE', #5583, #492, #4886, .T. ) ;
#474 = EDGE_CURVE ( 'NONE', #3920, #3910, #941, .T. ) ;
#475 = CARTESIAN_POINT ( 'NONE',  ( 2.895254114154610647, 0.9064290159990537887, -3.727100596874360239 ) ) ;
#476 = LINE ( 'NONE', #4427, #5179 ) ;
#477 = ORIENTED_EDGE ( 'NONE', *, *, #434, .F. ) ;
#478 = CARTESIAN_POINT ( 'NONE',  ( 2.552682326230383048, 0.8964290159990535578, -3.510667929827012035 ) ) ;
#479 = ORIENTED_EDGE ( 'NONE', *, *, #590, .T. ) ;
#480 = LINE ( 'NONE', #1059, #786 ) ;
#481 = B_SPLINE_CURVE_WITH_KNOTS ( 'NONE', 3,
 ( #4916, #5855, #2301, #3790, #1853, #5755, #1881, #2824, #4793, #360, #913 ),
 .UNSPECIFIED., .F., .F.,
 ( 4, 1, 1, 1, 1, 1, 1, 1, 4 ),
 ( 0.0000000000000000000, 0.1276191503607365108, 0.2501824245187928009, 0.3728221216143818295, 0.5000000000000000000, 0.6271778783856181150, 0.7498175754812065330, 0.8723808496392635448, 1.000000000000000000 ),
 .UNSPECIFIED. ) ;
#482 = ORIENTED_EDGE ( 'NONE', *, *, #4337, .T. ) ;
#483 = ORIENTED_EDGE ( 'NONE', *, *, #950, .F. ) ;
#484 = EDGE_CURVE ( 'NONE', #4193, #428, #2005, .T. ) ;
#485 = VECTOR ( 'NONE', #5584, 1000.000000000000114 ) ;
#486 = EDGE_LOOP ( 'NONE', ( #2880, #5334, #4889, #2612 ) ) ;
#487 = CARTESIAN_POINT ( 'NONE',  ( 4.005386759941455210, 0.8964290159990536688, -2.479871388044810665 ) ) ;
#488 = EDGE_CURVE ( 'NONE', #2093, #2876, #5915, .T. ) ;
#489 = CARTESIAN_POINT ( 'NONE',  ( 0.6614583333333333703, 0.8964290159990536688, -0.9362179487179487225 ) ) ;
#490 = DIRECTION ( 'NONE',  ( -0.0000000000000000000, -1.000000000000000000, -0.0000000000000000000 ) ) ;
#491 = CARTESIAN_POINT ( 'NONE',  ( 2.529052457026721878, 0.8964290159990535578, -3.582050033561048341 ) ) ;
#492 = VERTEX_POINT ( 'NONE', #3882 ) ;
#493 = VERTEX_POINT ( 'NONE', #2367 ) ;
#494 = CARTESIAN_POINT ( 'NONE',  ( 2.400306727158290965, 0.9064290159990536777, -3.108481402145693906 ) ) ;
#495 = VERTEX_POINT ( 'NONE', #911 ) ;
#496 = CARTESIAN_POINT ( 'NONE',  ( 4.209930029172224586, 0.8964290159990536688, -3.528355129216884212 ) ) ;
#497 = LINE ( 'NONE', #1366, #1854 ) ;
#498 = ADVANCED_FACE ( 'NONE', ( #3980 ), #454, .T. ) ;
#499 = DIRECTION ( 'NONE',  ( -0.4802882638304245555, 0.0000000000000000000, 0.8771107020363828610 ) ) ;
#500 = EDGE_CURVE ( 'NONE', #2275, #5395, #5853, .T. ) ;
#501 = CARTESIAN_POINT ( 'NONE',  ( 2.971168724794224669, 0.9064290159990536777, -2.920502136976269369 ) ) ;
#502 = PLANE ( 'NONE',  #1747 ) ;
#503 = EDGE_CURVE ( 'NONE', #250, #4562, #881, .T. ) ;
#504 = CARTESIAN_POINT ( 'NONE',  ( 3.674657593274788248, 0.9064290159990536777, -3.518496855979704296 ) ) ;
#505 = FACE_OUTER_BOUND ( 'NONE', #345, .T. ) ;
#506 = DIRECTION ( 'NONE',  ( 0.4804543040264410148, 0.0000000000000000000, 0.8770197613181063279 ) ) ;
#507 = ORIENTED_EDGE ( 'NONE', *, *, #3376, .F. ) ;
#508 = CARTESIAN_POINT ( 'NONE',  ( 2.568795645598007216, 0.9064290159990536777, -2.991539321767443305 ) ) ;
#509 = CARTESIAN_POINT ( 'NONE',  ( 4.443751309888036793, 0.9064290159990536777, -3.206424206407054722 ) ) ;
#510 = VECTOR ( 'NONE', #3050, 1000.000000000000114 ) ;
#511 = PLANE ( 'NONE',  #748 ) ;
#512 = ORIENTED_EDGE ( 'NONE', *, *, #4829, .T. ) ;
#513 = CARTESIAN_POINT ( 'NONE',  ( 4.481975969343164223, 0.8964290159990536688, -3.009038054711477006 ) ) ;
#514 = ORIENTED_EDGE ( 'NONE', *, *, #5523, .F. ) ;
#515 = DIRECTION ( 'NONE',  ( 0.4804152582365220914, 0.0000000000000000000, -0.8770411504904065403 ) ) ;
#516 = EDGE_LOOP ( 'NONE', ( #2393, #5643, #6032, #1162 ) ) ;
#517 = CARTESIAN_POINT ( 'NONE',  ( 2.441840610791274901, 0.8964290159990537799, -3.106431148302212009 ) ) ;
#518 = DIRECTION ( 'NONE',  ( -0.0000000000000000000, -1.000000000000000000, -0.0000000000000000000 ) ) ;
#519 = EDGE_CURVE ( 'NONE', #2876, #1983, #4403, .T. ) ;
#520 = DIRECTION ( 'NONE',  ( 0.0000000000000000000, 0.0000000000000000000, -1.000000000000000000 ) ) ;
#521 = CARTESIAN_POINT ( 'NONE',  ( 4.450535497922224693, 0.9064290159990536777, -3.735590873073721507 ) ) ;
#522 = ORIENTED_EDGE ( 'NONE', *, *, #5722, .T. ) ;
#523 = ORIENTED_EDGE ( 'NONE', *, *, #6303, .F. ) ;
#524 = CARTESIAN_POINT ( 'NONE',  ( 2.427883474714088052, 0.8964290159990536688, -3.382319173960587122 ) ) ;
#525 = VERTEX_POINT ( 'NONE', #3849 ) ;
#526 = CARTESIAN_POINT ( 'NONE',  ( 2.349016341027479360, 0.8964290159990536688, -3.955798581026702454 ) ) ;
#527 = EDGE_CURVE ( 'NONE', #2452, #4229, #3398, .T. ) ;
#528 = STYLED_ITEM ( 'NONE', ( #1402 ), #426 ) ;
#529 = CARTESIAN_POINT ( 'NONE',  ( 0.2799999999999948641, 0.0000000000000000000, -0.6000000000000000888 ) ) ;
#530 = PLANE ( 'NONE',  #86 ) ;
#531 = CARTESIAN_POINT ( 'NONE',  ( 2.890942930774717645, 0.9064290159990538998, -2.710732963850902344 ) ) ;
#532 = DIRECTION ( 'NONE',  ( -0.4804543040264439568, 0.0000000000000000000, 0.8770197613181046625 ) ) ;
#533 = CARTESIAN_POINT ( 'NONE',  ( 2.937222425317946861, 0.9064290159990535667, -3.623916297335770142 ) ) ;
#534 = DIRECTION ( 'NONE',  ( -0.0000000000000000000, -1.000000000000000000, -0.0000000000000000000 ) ) ;
#535 = DIRECTION ( 'NONE',  ( -1.000000000000000000, 0.0000000000000000000, -0.0000000000000000000 ) ) ;
#536 = ORIENTED_EDGE ( 'NONE', *, *, #1483, .F. ) ;
#537 = LINE ( 'NONE', #2055, #5257 ) ;
#538 = AXIS2_PLACEMENT_3D ( 'NONE', #4487, #5836, #5901 ) ;
#539 = CARTESIAN_POINT ( 'NONE',  ( 0.6614583333333333703, 0.9064290159990536777, -0.9362179487179487225 ) ) ;
#540 = VECTOR ( 'NONE', #3852, 1000.000000000000114 ) ;
#541 = EDGE_CURVE ( 'NONE', #5909, #4466, #2943, .T. ) ;
#542 = VECTOR ( 'NONE', #2668, 1000.000000000000000 ) ;
#543 = FACE_OUTER_BOUND ( 'NONE', #2858, .T. ) ;
#544 = ORIENTED_EDGE ( 'NONE', *, *, #5653, .T. ) ;
#545 = LINE ( 'NONE', #2517, #6035 ) ;
#546 = ORIENTED_EDGE ( 'NONE', *, *, #4936, .F. ) ;
#547 = FILL_AREA_STYLE_COLOUR ( '', #2780 ) ;
#548 = LINE ( 'NONE', #5430, #6385 ) ;
#549 = LINE ( 'NONE', #3004, #5616 ) ;
#550 = ORIENTED_EDGE ( 'NONE', *, *, #4999, .T. ) ;
#551 = EDGE_CURVE ( 'NONE', #4407, #443, #2455, .T. ) ;
#552 = ADVANCED_FACE ( 'NONE', ( #3364 ), #4437, .T. ) ;
#553 = ORIENTED_EDGE ( 'NONE', *, *, #970, .T. ) ;
#554 = CARTESIAN_POINT ( 'NONE',  ( 2.364883434906578596, 0.9064290159990540108, -3.374997970807228409 ) ) ;
#555 = B_SPLINE_SURFACE_WITH_KNOTS ( 'NONE', 3, 1, ( 
 ( #5565, #657 ),
 ( #6080, #1657 ),
 ( #6015, #1587 ),
 ( #557, #1554 ),
 ( #3565, #2136 ),
 ( #4602, #5529 ),
 ( #1103, #5045 ),
 ( #1137, #3108 ),
 ( #2622, #2166 ),
 ( #721, #1200 ),
 ( #320, #2715 ),
 ( #4722, #2297 ),
 ( #6206, #6174 ),
 ( #3692, #288 ),
 ( #6111, #814 ) ),
 .UNSPECIFIED., .F., .F., .F.,
 ( 4, 1, 1, 1, 1, 1, 1, 1, 1, 1, 1, 1, 4 ),
 ( 2, 2 ),
 ( 0.0000000000000000000, 0.1046034082679827976, 0.2145115315724320237, 0.3316919673939478508, 0.4557434077626733027, 0.5200308860970273006, 0.5842901427240489998, 0.6490772883699977847, 0.7151458860839163822, 0.7825911865829718872, 0.8523255075812795623, 0.9250395303005765069, 1.000000000000000000 ),
 ( 0.0000000000000000000, 1.000000000000000000 ),
 .UNSPECIFIED. ) ;
#556 = ORIENTED_EDGE ( 'NONE', *, *, #640, .T. ) ;
#557 = CARTESIAN_POINT ( 'NONE',  ( 2.844368322809796013, 0.9064290159990534557, -3.199312615216427957 ) ) ;
#558 = AXIS2_PLACEMENT_3D ( 'NONE', #3049, #5020, #5990 ) ;
#559 = SURFACE_STYLE_USAGE ( .BOTH. , #2556 ) ;
#560 = DIRECTION ( 'NONE',  ( -0.0000000000000000000, -1.000000000000000000, -0.0000000000000000000 ) ) ;
#561 = FACE_OUTER_BOUND ( 'NONE', #3266, .T. ) ;
#562 = PLANE ( 'NONE',  #6395 ) ;
#563 = EDGE_CURVE ( 'NONE', #2450, #2673, #5948, .T. ) ;
#564 = CARTESIAN_POINT ( 'NONE',  ( 2.403592399822878978, 0.9064290159990535667, -3.634568771655054764 ) ) ;
#565 = VECTOR ( 'NONE', #2, 1000.000000000000000 ) ;
#566 = CARTESIAN_POINT ( 'NONE',  ( 0.6171964533206235615, 0.9064290159990536777, -3.955798581026702454 ) ) ;
#567 = AXIS2_PLACEMENT_3D ( 'NONE', #3721, #4690, #2134 ) ;
#568 = CARTESIAN_POINT ( 'NONE',  ( 0.5291666666666666741, 0.8964290159990536688, -0.8039262820512820262 ) ) ;
#569 = VERTEX_POINT ( 'NONE', #3429 ) ;
#570 = CARTESIAN_POINT ( 'NONE',  ( 2.403592399822878978, 0.8964290159990535578, -3.634568771655054764 ) ) ;
#571 = VECTOR ( 'NONE', #4567, 1000.000000000000000 ) ;
#572 = EDGE_CURVE ( 'NONE', #4601, #1739, #31, .T. ) ;
#573 = FACE_OUTER_BOUND ( 'NONE', #3746, .T. ) ;
#574 =( NAMED_UNIT ( * ) PLANE_ANGLE_UNIT ( ) SI_UNIT ( $, .RADIAN. ) );
#575 = CARTESIAN_POINT ( 'NONE',  ( 0.7922299964432918395, 0.9064290159990537887, -0.7778517899298401650 ) ) ;
#576 = ORIENTED_EDGE ( 'NONE', *, *, #5941, .T. ) ;
#577 = EDGE_CURVE ( 'NONE', #982, #1455, #1942, .T. ) ;
#578 = EDGE_CURVE ( 'NONE', #3070, #190, #1976, .T. ) ;
#579 = CARTESIAN_POINT ( 'NONE',  ( 1.081630899735123164, 0.9064290159990536777, -2.537619404509760201 ) ) ;
#580 = ORIENTED_EDGE ( 'NONE', *, *, #1413, .T. ) ;
#581 = DIRECTION ( 'NONE',  ( -0.2621528324626076767, 0.0000000000000000000, 0.9650263687753987130 ) ) ;
#582 = ORIENTED_EDGE ( 'NONE', *, *, #3151, .T. ) ;
#583 = CARTESIAN_POINT ( 'NONE',  ( 4.684271976287607941, 0.9064290159990536777, -3.206424206407054722 ) ) ;
#584 = CARTESIAN_POINT ( 'NONE',  ( 3.633952465069659965, 0.9064290159990536777, -2.731416359999938592 ) ) ;
#585 = DIRECTION ( 'NONE',  ( 1.000000000000000000, 0.0000000000000000000, 0.0000000000000000000 ) ) ;
#586 = EDGE_LOOP ( 'NONE', ( #3946, #4010, #418, #4286 ) ) ;
#587 = ORIENTED_EDGE ( 'NONE', *, *, #1125, .F. ) ;
#588 = CARTESIAN_POINT ( 'NONE',  ( 2.454391015947646526, 0.8964290159990537799, -3.388553803004070719 ) ) ;
#589 = ORIENTED_EDGE ( 'NONE', *, *, #2514, .F. ) ;
#590 = EDGE_CURVE ( 'NONE', #938, #5227, #3949, .T. ) ;
#591 = DIRECTION ( 'NONE',  ( -0.0000000000000000000, -1.000000000000000000, -0.0000000000000000000 ) ) ;
#592 = DIRECTION ( 'NONE',  ( 0.0000000000000000000, 0.0000000000000000000, 1.000000000000000000 ) ) ;
#593 = CARTESIAN_POINT ( 'NONE',  ( 1.010593714943949006, 0.9064290159990536777, -2.278859406479815330 ) ) ;
#594 = CARTESIAN_POINT ( 'NONE',  ( 4.535973865977779518, 0.9064290159990536777, -3.477155710146370815 ) ) ;
#595 = DIRECTION ( 'NONE',  ( 0.0000000000000000000, 0.0000000000000000000, -1.000000000000000000 ) ) ;
#596 = VECTOR ( 'NONE', #1930, 1000.000000000000000 ) ;
#597 = CARTESIAN_POINT ( 'NONE',  ( 2.529052457026721878, 0.9064290159990535667, -3.582050033561048341 ) ) ;
#598 = CARTESIAN_POINT ( 'NONE',  ( 3.855795413787608705, 0.8964290159990536688, -3.425956291075858307 ) ) ;
#599 = CARTESIAN_POINT ( 'NONE',  ( 0.6614583333333333703, 0.8964290159990536688, -0.6716346153846154410 ) ) ;
#600 = ORIENTED_EDGE ( 'NONE', *, *, #4448, .T. ) ;
#601 = VECTOR ( 'NONE', #1202, 1000.000000000000000 ) ;
#602 = CARTESIAN_POINT ( 'NONE',  ( 4.733669345411541052, 0.8964290159990536688, -3.735590873073721507 ) ) ;
#603 = DIRECTION ( 'NONE',  ( 0.0000000000000000000, 0.0000000000000000000, -1.000000000000000000 ) ) ;
#604 = VECTOR ( 'NONE', #2663, 1000.000000000000114 ) ;
#605 = CARTESIAN_POINT ( 'NONE',  ( 5.506388362505557410, 0.9064290159990536777, -2.534144892318314746 ) ) ;
#606 = CARTESIAN_POINT ( 'NONE',  ( 2.944497724006202688, 0.8964290159990536688, -3.553425501830485000 ) ) ;
#607 = EDGE_LOOP ( 'NONE', ( #5526, #6304, #2165, #4247, #553, #3691, #4410, #808, #4762, #1866, #5632, #1617 ) ) ;
#608 = CARTESIAN_POINT ( 'NONE',  ( 4.890108481362394954, 0.9064290159990536777, -3.477155710146370815 ) ) ;
#609 = VECTOR ( 'NONE', #5083, 1000.000000000000000 ) ;
#610 = AXIS2_PLACEMENT_3D ( 'NONE', #304, #4250, #6224 ) ;
#611 = B_SPLINE_SURFACE_WITH_KNOTS ( 'NONE', 3, 1, ( 
 ( #2431, #3369 ),
 ( #3302, #1916 ),
 ( #1362, #362 ),
 ( #5373, #2949 ),
 ( #6374, #4920 ),
 ( #1948, #5403 ),
 ( #4858, #3919 ),
 ( #1856, #3886 ),
 ( #5825, #5857 ),
 ( #1424, #3406 ),
 ( #1393, #3336 ),
 ( #981, #4306 ),
 ( #5335, #6279 ),
 ( #4445, #945 ),
 ( #494, #5306 ) ),
 .UNSPECIFIED., .F., .F., .F.,
 ( 4, 1, 1, 1, 1, 1, 1, 1, 1, 1, 1, 1, 4 ),
 ( 2, 2 ),
 ( 0.0000000000000000000, 0.09544797463091118928, 0.1904704100286990776, 0.2912066475677038135, 0.4010332319514477439, 0.4598047309624353485, 0.5224282124666590477, 0.5878657621471011785, 0.6584905049094691432, 0.7351598356816941848, 0.8164933573836641312, 0.9050563342499579056, 1.000000000000000000 ),
 ( 0.0000000000000000000, 1.000000000000000000 ),
 .UNSPECIFIED. ) ;
#612 = LINE ( 'NONE', #1091, #2736 ) ;
#613 = EDGE_CURVE ( 'NONE', #1727, #5607, #2984, .T. ) ;
#614 = ORIENTED_EDGE ( 'NONE', *, *, #4476, .F. ) ;
#615 = CARTESIAN_POINT ( 'NONE',  ( 3.864614858232053418, 0.9064290159990536777, -3.009038054711477006 ) ) ;
#616 = VERTEX_POINT ( 'NONE', #3411 ) ;
#617 = VECTOR ( 'NONE', #3100, 1000.000000000000000 ) ;
#618 = VECTOR ( 'NONE', #1591, 1000.000000000000000 ) ;
#619 = AXIS2_PLACEMENT_3D ( 'NONE', #1039, #4624, #3652 ) ;
#620 = DIRECTION ( 'NONE',  ( 0.0000000000000000000, -1.000000000000000000, 0.0000000000000000000 ) ) ;
#621 = CARTESIAN_POINT ( 'NONE',  ( 3.649999999999995026, -0.01000000000000000021, -0.3499999999999996447 ) ) ;
#622 = FACE_OUTER_BOUND ( 'NONE', #386, .T. ) ;
#623 = ORIENTED_EDGE ( 'NONE', *, *, #1687, .T. ) ;
#624 = EDGE_LOOP ( 'NONE', ( #147, #5922, #4356, #4457, #4234, #649, #5850, #5197, #3707, #1791 ) ) ;
#625 = CARTESIAN_POINT ( 'NONE',  ( 2.777096957249418185, 0.8964290159990533358, -3.851526356579576760 ) ) ;
#626 = ORIENTED_EDGE ( 'NONE', *, *, #5790, .F. ) ;
#627 = FACE_OUTER_BOUND ( 'NONE', #3873, .T. ) ;
#628 = PLANE ( 'NONE',  #6178 ) ;
#629 = DIRECTION ( 'NONE',  ( 0.8770411504904054301, 0.0000000000000000000, -0.4804152582365242008 ) ) ;
#630 = DIRECTION ( 'NONE',  ( 0.4804543040264410148, 0.0000000000000000000, 0.8770197613181063279 ) ) ;
#631 = EDGE_CURVE ( 'NONE', #6075, #5057, #464, .T. ) ;
#632 = MECHANICAL_DESIGN_GEOMETRIC_PRESENTATION_REPRESENTATION (  '', ( #528 ), #1448 ) ;
#633 = STYLED_ITEM ( 'NONE', ( #5411 ), #1566 ) ;
#634 = DIRECTION ( 'NONE',  ( -0.4804152582365220359, 0.0000000000000000000, 0.8770411504904065403 ) ) ;
#635 = CARTESIAN_POINT ( 'NONE',  ( 5.017714818167950064, 0.8964290159990536688, -2.479871388044810665 ) ) ;
#636 = LINE ( 'NONE', #1595, #433 ) ;
#637 = ORIENTED_EDGE ( 'NONE', *, *, #6006, .T. ) ;
#638 = CARTESIAN_POINT ( 'NONE',  ( 0.5875818738530219631, 0.9064290159990537887, -0.6929698366247789565 ) ) ;
#639 = DIRECTION ( 'NONE',  ( -0.0000000000000000000, 1.000000000000000000, -0.0000000000000000000 ) ) ;
#640 = EDGE_CURVE ( 'NONE', #4562, #2452, #920, .T. ) ;
#641 = LINE ( 'NONE', #4582, #2553 ) ;
#642 = EDGE_CURVE ( 'NONE', #1882, #938, #3924, .T. ) ;
#643 = CARTESIAN_POINT ( 'NONE',  ( 0.2799999999999948641, -0.01000000000000000021, -0.6000000000000000888 ) ) ;
#644 = ORIENTED_EDGE ( 'NONE', *, *, #3862, .F. ) ;
#645 = CARTESIAN_POINT ( 'NONE',  ( 4.543033661650856203, 0.8964290159990536688, -3.009038054711477006 ) ) ;
#646 = CARTESIAN_POINT ( 'NONE',  ( 2.129999999999994120, 0.0000000000000000000, -3.150000000000000355 ) ) ;
#647 = ORIENTED_EDGE ( 'NONE', *, *, #1502, .F. ) ;
#648 = CARTESIAN_POINT ( 'NONE',  ( 2.827433045419931457, 0.9064290159990537887, -3.293744771378034120 ) ) ;
#649 = ORIENTED_EDGE ( 'NONE', *, *, #3340, .T. ) ;
#650 = DIRECTION ( 'NONE',  ( 0.0000000000000000000, -0.0000000000000000000, 1.000000000000000000 ) ) ;
#651 = CARTESIAN_POINT ( 'NONE',  ( 2.552425973238192203, 0.8964290159990536688, -3.525543680971481741 ) ) ;
#652 = LINE ( 'NONE', #1165, #1599 ) ;
#653 = ORIENTED_EDGE ( 'NONE', *, *, #3376, .T. ) ;
#654 = VERTEX_POINT ( 'NONE', #1527 ) ;
#655 = CARTESIAN_POINT ( 'NONE',  ( 0.0000000000000000000, 0.8964290159990536688, 0.0000000000000000000 ) ) ;
#656 = ORIENTED_EDGE ( 'NONE', *, *, #6253, .F. ) ;
#657 = CARTESIAN_POINT ( 'NONE',  ( 2.774470093982562169, 0.8964290159990535578, -3.252094483311966489 ) ) ;
#658 = CARTESIAN_POINT ( 'NONE',  ( 4.349999999999997868, -0.01000000000000000021, -0.3500000000000000333 ) ) ;
#659 = EDGE_CURVE ( 'NONE', #2827, #1133, #1889, .T. ) ;
#660 = CARTESIAN_POINT ( 'NONE',  ( 0.7922299964432918395, 0.8964290159990537799, -0.7778517899298401650 ) ) ;
#661 = LINE ( 'NONE', #5532, #3613 ) ;
#662 = CARTESIAN_POINT ( 'NONE',  ( 4.033541140283334769, 0.9064290159990536777, -3.206424206407054722 ) ) ;
#663 = LINE ( 'NONE', #4084, #2988 ) ;
#664 = VECTOR ( 'NONE', #246, 1000.000000000000000 ) ;
#665 = FACE_OUTER_BOUND ( 'NONE', #1717, .T. ) ;
#666 = VERTEX_POINT ( 'NONE', #4451 ) ;
#667 = CARTESIAN_POINT ( 'NONE',  ( 2.426439316854672956, 0.8964290159990536688, -3.633791457267427027 ) ) ;
#668 = CARTESIAN_POINT ( 'NONE',  ( 0.0000000000000000000, 0.0000000000000000000, 0.0000000000000000000 ) ) ;
#669 = DIRECTION ( 'NONE',  ( -0.0000000000000000000, -1.000000000000000000, -0.0000000000000000000 ) ) ;
#670 = PLANE ( 'NONE',  #2446 ) ;
#671 = EDGE_CURVE ( 'NONE', #673, #3689, #3441, .T. ) ;
#672 = CARTESIAN_POINT ( 'NONE',  ( 5.642072123189318056, 0.8964290159990536688, -2.534144892318314746 ) ) ;
#673 = VERTEX_POINT ( 'NONE', #1952 ) ;
#674 = VECTOR ( 'NONE', #2056, 1000.000000000000000 ) ;
#675 = EDGE_CURVE ( 'NONE', #5815, #4623, #5928, .T. ) ;
#676 = LINE ( 'NONE', #3951, #1212 ) ;
#677 = SURFACE_SIDE_STYLE ('',( #6159 ) ) ;
#678 = CARTESIAN_POINT ( 'NONE',  ( 5.302862721479915997, 0.8964290159990536688, -3.009038054711477006 ) ) ;
#679 = ORIENTED_EDGE ( 'NONE', *, *, #5523, .T. ) ;
#680 = CARTESIAN_POINT ( 'NONE',  ( 4.849700161383762698, 0.9064290159990536777, -3.009038054711477006 ) ) ;
#681 = VERTEX_POINT ( 'NONE', #3988 ) ;
#682 = CARTESIAN_POINT ( 'NONE',  ( 3.416858447975643198, 0.8964290159990536688, -3.009038054711477006 ) ) ;
#683 = DIRECTION ( 'NONE',  ( -0.2621528324626076767, 0.0000000000000000000, 0.9650263687753987130 ) ) ;
#684 = ORIENTED_EDGE ( 'NONE', *, *, #6317, .T. ) ;
#685 = ORIENTED_EDGE ( 'NONE', *, *, #5079, .F. ) ;
#686 = CARTESIAN_POINT ( 'NONE',  ( 2.844504228570164717, 0.9064290159990537887, -3.311225980058906337 ) ) ;
#687 = EDGE_CURVE ( 'NONE', #2104, #2422, #1610, .T. ) ;
#688 = ORIENTED_EDGE ( 'NONE', *, *, #1827, .F. ) ;
#689 = DIRECTION ( 'NONE',  ( 0.0000000000000000000, 0.0000000000000000000, -1.000000000000000000 ) ) ;
#690 = FACE_OUTER_BOUND ( 'NONE', #5267, .T. ) ;
#691 = DIRECTION ( 'NONE',  ( -0.4802882638304235008, 0.0000000000000000000, -0.8771107020363836382 ) ) ;
#692 = CARTESIAN_POINT ( 'NONE',  ( 2.493967587071278746, 0.9064290159990535667, -2.878354509348350021 ) ) ;
#693 = EDGE_CURVE ( 'NONE', #2460, #2847, #3960, .T. ) ;
#694 = CARTESIAN_POINT ( 'NONE',  ( 2.510380485614499779, 0.9064290159990537887, -3.600327330909563806 ) ) ;
#695 = SURFACE_SIDE_STYLE ('',( #5474 ) ) ;
#696 = EDGE_CURVE ( 'NONE', #5587, #1898, #4864, .T. ) ;
#697 = PLANE ( 'NONE',  #4472 ) ;
#698 = VERTEX_POINT ( 'NONE', #3890 ) ;
#699 = CARTESIAN_POINT ( 'NONE',  ( 0.5305632140068660130, 0.8964290159990536688, -0.7777786964052427754 ) ) ;
#700 = CARTESIAN_POINT ( 'NONE',  ( 2.971168724794224669, 0.9064290159990536777, -2.920502136976269369 ) ) ;
#701 = AXIS2_PLACEMENT_3D ( 'NONE', #3214, #4744, #1897 ) ;
#702 = CARTESIAN_POINT ( 'NONE',  ( 2.918503738756584642, 0.9064290159990538998, -3.112416572709987950 ) ) ;
#703 = AXIS2_PLACEMENT_3D ( 'NONE', #3617, #4438, #3463 ) ;
#704 = ADVANCED_FACE ( 'NONE', ( #3373 ), #530, .T. ) ;
#705 = DIRECTION ( 'NONE',  ( 1.000000000000000000, 0.0000000000000000000, 0.0000000000000000000 ) ) ;
#706 = ORIENTED_EDGE ( 'NONE', *, *, #5506, .T. ) ;
#707 = CARTESIAN_POINT ( 'NONE',  ( 2.349016341027479360, 0.9064290159990536777, -3.955798581026702454 ) ) ;
#708 = DIRECTION ( 'NONE',  ( 0.0000000000000000000, -0.0000000000000000000, 1.000000000000000000 ) ) ;
#709 = PLANE ( 'NONE',  #3252 ) ;
#710 = ORIENTED_EDGE ( 'NONE', *, *, #4587, .F. ) ;
#711 = ORIENTED_EDGE ( 'NONE', *, *, #6067, .T. ) ;
#712 = CARTESIAN_POINT ( 'NONE',  ( 2.541266195129868066, 0.9064290159990535667, -2.909313768300580083 ) ) ;
#713 = DIRECTION ( 'NONE',  ( -0.0000000000000000000, -1.000000000000000000, -0.0000000000000000000 ) ) ;
#714 = VECTOR ( 'NONE', #1789, 1000.000000000000000 ) ;
#715 = DIRECTION ( 'NONE',  ( 1.000000000000000000, 0.0000000000000000000, 0.0000000000000000000 ) ) ;
#716 = EDGE_LOOP ( 'NONE', ( #6247, #5222, #2697, #1878 ) ) ;
#717 = VERTEX_POINT ( 'NONE', #5439 ) ;
#718 = LINE ( 'NONE', #782, #5934 ) ;
#719 =( GEOMETRIC_REPRESENTATION_CONTEXT ( 3 ) GLOBAL_UNCERTAINTY_ASSIGNED_CONTEXT ( ( #1820 ) ) GLOBAL_UNIT_ASSIGNED_CONTEXT ( ( #3158, #2015, #4194 ) ) REPRESENTATION_CONTEXT ( 'NONE', 'WORKASPACE' ) );
#720 = ORIENTED_EDGE ( 'NONE', *, *, #3242, .T. ) ;
#721 = CARTESIAN_POINT ( 'NONE',  ( 2.956078531342083426, 0.9064290159990537887, -3.034080776607134933 ) ) ;
#722 = EDGE_CURVE ( 'NONE', #5239, #3153, #5469, .T. ) ;
#723 = LINE ( 'NONE', #6113, #3396 ) ;
#724 = CARTESIAN_POINT ( 'NONE',  ( 2.529970039508576463, 0.9064290159990538998, -2.897067692646408510 ) ) ;
#725 = CARTESIAN_POINT ( 'NONE',  ( 4.178171548937181790, 0.8964290159990536688, -3.009038054711477006 ) ) ;
#726 = LINE ( 'NONE', #4244, #819 ) ;
#727 = CARTESIAN_POINT ( 'NONE',  ( 5.038406591672224266, 0.8964290159990536688, -3.206424206407054722 ) ) ;
#728 = ORIENTED_EDGE ( 'NONE', *, *, #3938, .T. ) ;
#729 = CARTESIAN_POINT ( 'NONE',  ( 0.5296397098330489772, 0.9064290159990535667, -0.7950694847546795341 ) ) ;
#730 = LINE ( 'NONE', #2694, #2732 ) ;
#731 = CARTESIAN_POINT ( 'NONE',  ( 6.199999999999998401, -0.01000000000000000021, -5.150000000000000355 ) ) ;
#732 = CARTESIAN_POINT ( 'NONE',  ( 5.087803960796155600, 0.8964290159990536688, -3.735590873073721507 ) ) ;
#733 = ORIENTED_EDGE ( 'NONE', *, *, #1303, .T. ) ;
#734 = CARTESIAN_POINT ( 'NONE',  ( 6.199999999999998401, 0.0000000000000000000, -5.150000000000000355 ) ) ;
#735 = CARTESIAN_POINT ( 'NONE',  ( 4.386318918061113514, 0.9064290159990536777, -3.206424206407054722 ) ) ;
#736 = CARTESIAN_POINT ( 'NONE',  ( 3.742266267152993375, 0.9064290159990536777, -3.735590873073721507 ) ) ;
#737 = ORIENTED_EDGE ( 'NONE', *, *, #337, .F. ) ;
#738 = ORIENTED_EDGE ( 'NONE', *, *, #4745, .T. ) ;
#739 = LINE ( 'NONE', #1073, #4227 ) ;
#740 = DIRECTION ( 'NONE',  ( 0.7071067811865474617, 0.0000000000000000000, 0.7071067811865474617 ) ) ;
#741 = VECTOR ( 'NONE', #2690, 1000.000000000000000 ) ;
#742 = CARTESIAN_POINT ( 'NONE',  ( 2.774470093982562169, 0.9064290159990536777, -3.252094483311966489 ) ) ;
#743 = ORIENTED_EDGE ( 'NONE', *, *, #2961, .T. ) ;
#744 = ORIENTED_EDGE ( 'NONE', *, *, #1303, .F. ) ;
#745 = DIRECTION ( 'NONE',  ( 0.0000000000000000000, 0.0000000000000000000, 1.000000000000000000 ) ) ;
#746 = ORIENTED_EDGE ( 'NONE', *, *, #389, .T. ) ;
#747 = CARTESIAN_POINT ( 'NONE',  ( 4.748594559086754430, 0.8964290159990536688, -3.735590873073721507 ) ) ;
#748 = AXIS2_PLACEMENT_3D ( 'NONE', #4875, #3515, #1446 ) ;
#749 = LINE ( 'NONE', #2685, #5284 ) ;
#750 = STYLED_ITEM ( 'NONE', ( #4852 ), #4071 ) ;
#751 = CARTESIAN_POINT ( 'NONE',  ( 6.199999999999999289, 0.0000000000000000000, -0.3500000000000000333 ) ) ;
#752 = LINE ( 'NONE', #3170, #3916 ) ;
#753 = EDGE_CURVE ( 'NONE', #3099, #5417, #431, .T. ) ;
#754 =( NAMED_UNIT ( * ) PLANE_ANGLE_UNIT ( ) SI_UNIT ( $, .RADIAN. ) );
#755 = LINE ( 'NONE', #5726, #2567 ) ;
#756 = EDGE_CURVE ( 'NONE', #2293, #5856, #5340, .T. ) ;
#757 = DIRECTION ( 'NONE',  ( 0.0000000000000000000, 0.0000000000000000000, -1.000000000000000000 ) ) ;
#758 = LINE ( 'NONE', #1336, #1958 ) ;
#759 = PLANE ( 'NONE',  #1634 ) ;
#760 = AXIS2_PLACEMENT_3D ( 'NONE', #3080, #166, #634 ) ;
#761 = LINE ( 'NONE', #1761, #4698 ) ;
#762 = CARTESIAN_POINT ( 'NONE',  ( 4.748594559086754430, 0.9064290159990536777, -3.735590873073721507 ) ) ;
#763 = AXIS2_PLACEMENT_3D ( 'NONE', #5366, #6403, #1973 ) ;
#764 = DIRECTION ( 'NONE',  ( 1.000000000000000000, 0.0000000000000000000, 0.0000000000000000000 ) ) ;
#765 = VERTEX_POINT ( 'NONE', #6349 ) ;
#766 = EDGE_CURVE ( 'NONE', #5858, #3447, #1428, .T. ) ;
#767 = LINE ( 'NONE', #6158, #6066 ) ;
#768 = FACE_OUTER_BOUND ( 'NONE', #1837, .T. ) ;
#769 = CARTESIAN_POINT ( 'NONE',  ( 2.129999999999994120, -0.01000000000000000021, -3.150000000000000355 ) ) ;
#770 = EDGE_CURVE ( 'NONE', #666, #1021, #4895, .T. ) ;
#771 = ORIENTED_EDGE ( 'NONE', *, *, #473, .T. ) ;
#772 = ORIENTED_EDGE ( 'NONE', *, *, #1040, .F. ) ;
#773 = SURFACE_SIDE_STYLE ('',( #3322 ) ) ;
#774 = VECTOR ( 'NONE', #5831, 1000.000000000000000 ) ;
#775 = EDGE_CURVE ( 'NONE', #2198, #1882, #3534, .T. ) ;
#776 = ADVANCED_FACE ( 'NONE', ( #690 ), #5046, .T. ) ;
#777 = CARTESIAN_POINT ( 'NONE',  ( 0.7937499999999999556, 0.9064290159990536777, -0.8039262820512820262 ) ) ;
#778 = VECTOR ( 'NONE', #6154, 1000.000000000000114 ) ;
#779 = CARTESIAN_POINT ( 'NONE',  ( 4.349999999999997868, -0.01000000000000000021, -2.350000000000000089 ) ) ;
#780 = EDGE_LOOP ( 'NONE', ( #103, #214, #5544, #999 ) ) ;
#781 = EDGE_LOOP ( 'NONE', ( #1191, #2253, #2065, #3839 ) ) ;
#782 = CARTESIAN_POINT ( 'NONE',  ( 2.829999999999994742, -0.01000000000000000021, -0.3500000000000004774 ) ) ;
#783 = EDGE_LOOP ( 'NONE', ( #3593, #2190, #1416, #746 ) ) ;
#784 = DIRECTION ( 'NONE',  ( -1.000000000000000000, -2.199526209833291231E-13, 0.0000000000000000000 ) ) ;
#785 = LINE ( 'NONE', #2268, #2185 ) ;
#786 = VECTOR ( 'NONE', #3062, 1000.000000000000227 ) ;
#787 = CARTESIAN_POINT ( 'NONE',  ( 5.845597764214959469, 0.9064290159990536777, -2.534144892318314746 ) ) ;
#788 = LINE ( 'NONE', #2688, #4686 ) ;
#789 = DIRECTION ( 'NONE',  ( 1.000000000000000000, 0.0000000000000000000, -0.0000000000000000000 ) ) ;
#790 = PLANE ( 'NONE',  #4872 ) ;
#791 = VERTEX_POINT ( 'NONE', #3631 ) ;
#792 = LINE ( 'NONE', #2755, #1129 ) ;
#793 = CARTESIAN_POINT ( 'NONE',  ( 5.594582806950002762, 0.9064290159990536777, -2.479871388044810665 ) ) ;
#794 = LINE ( 'NONE', #4218, #5491 ) ;
#795 = DIRECTION ( 'NONE',  ( 1.000000000000000000, 0.0000000000000000000, 0.0000000000000000000 ) ) ;
#796 = VERTEX_POINT ( 'NONE', #105 ) ;
#797 = DIRECTION ( 'NONE',  ( -0.0000000000000000000, 1.000000000000000000, -0.0000000000000000000 ) ) ;
#798 = CARTESIAN_POINT ( 'NONE',  ( 0.0000000000000000000, -0.01000000000000000021, 0.0000000000000000000 ) ) ;
#799 = LINE ( 'NONE', #3647, #4724 ) ;
#800 = VECTOR ( 'NONE', #3568, 1000.000000000000227 ) ;
#801 = CARTESIAN_POINT ( 'NONE',  ( 2.845558335077569279, 0.9064290159990534557, -3.791684767714020854 ) ) ;
#802 = VECTOR ( 'NONE', #3937, 1000.000000000000227 ) ;
#803 = VERTEX_POINT ( 'NONE', #1658 ) ;
#804 = ORIENTED_EDGE ( 'NONE', *, *, #1125, .T. ) ;
#805 = CARTESIAN_POINT ( 'NONE',  ( 2.364883434906578596, 0.9064290159990537887, -3.374997970807228409 ) ) ;
#806 = VECTOR ( 'NONE', #2427, 1000.000000000000000 ) ;
#807 = FACE_OUTER_BOUND ( 'NONE', #2162, .T. ) ;
#808 = ORIENTED_EDGE ( 'NONE', *, *, #2561, .T. ) ;
#809 = EDGE_CURVE ( 'NONE', #2023, #5228, #2137, .T. ) ;
#810 = VECTOR ( 'NONE', #2083, 1000.000000000000227 ) ;
#811 = ORIENTED_EDGE ( 'NONE', *, *, #4936, .T. ) ;
#812 = DIRECTION ( 'NONE',  ( -0.0000000000000000000, -1.000000000000000000, -0.0000000000000000000 ) ) ;
#813 = EDGE_LOOP ( 'NONE', ( #49, #2706, #3954, #269 ) ) ;
#814 = CARTESIAN_POINT ( 'NONE',  ( 2.971168724794224669, 0.8964290159990535578, -2.920502136976269369 ) ) ;
#815 = ORIENTED_EDGE ( 'NONE', *, *, #3648, .F. ) ;
#816 = CARTESIAN_POINT ( 'NONE',  ( 2.951894953931713417, 0.9064290159990537887, -2.810046862571780935 ) ) ;
#817 = CARTESIAN_POINT ( 'NONE',  ( 3.610313809888036296, 0.9064290159990536777, -2.781661752628143969 ) ) ;
#818 = CARTESIAN_POINT ( 'NONE',  ( 2.442573182328521497, 0.9064290159990538998, -2.865246417173982429 ) ) ;
#819 = VECTOR ( 'NONE', #2795, 1000.000000000000000 ) ;
#820 = ORIENTED_EDGE ( 'NONE', *, *, #2927, .T. ) ;
#821 = DIRECTION ( 'NONE',  ( 0.0000000000000000000, -0.0000000000000000000, 1.000000000000000000 ) ) ;
#822 = PLANE ( 'NONE',  #3705 ) ;
#823 = VECTOR ( 'NONE', #3797, 1000.000000000000000 ) ;
#824 = VECTOR ( 'NONE', #630, 1000.000000000000227 ) ;
#825 = CARTESIAN_POINT ( 'NONE',  ( 2.829999999999995186, -0.01000000000000000021, -5.150000000000000355 ) ) ;
#826 = VERTEX_POINT ( 'NONE', #6049 ) ;
#827 = CARTESIAN_POINT ( 'NONE',  ( 3.735482079118805476, 0.9064290159990536777, -3.206424206407054722 ) ) ;
#828 = CARTESIAN_POINT ( 'NONE',  ( 4.433426623723505600, 0.9064290159990536777, -3.009038054711477006 ) ) ;
#829 = DIRECTION ( 'NONE',  ( 1.000000000000000000, 0.0000000000000000000, 0.0000000000000000000 ) ) ;
#830 = CARTESIAN_POINT ( 'NONE',  ( 5.506388362505557410, 0.8964290159990536688, -2.479871388044810665 ) ) ;
#831 = EDGE_LOOP ( 'NONE', ( #5993, #3957, #1401, #4938 ) ) ;
#832 = DIRECTION ( 'NONE',  ( 3.154042683594195121E-16, 0.0000000000000000000, -1.000000000000000000 ) ) ;
#833 = CARTESIAN_POINT ( 'NONE',  ( 4.033541140283334769, 0.8964290159990536688, -3.206424206407054722 ) ) ;
#834 = EDGE_CURVE ( 'NONE', #3347, #1199, #4110, .T. ) ;
#835 = CARTESIAN_POINT ( 'NONE',  ( 2.845558335077569279, 0.8964290159990534468, -3.791684767714020854 ) ) ;
#836 = EDGE_CURVE ( 'NONE', #6264, #2621, #6081, .T. ) ;
#837 = AXIS2_PLACEMENT_3D ( 'NONE', #1348, #5779, #415 ) ;
#838 = CARTESIAN_POINT ( 'NONE',  ( 5.506388362505557410, 0.8964290159990536688, -2.479871388044810665 ) ) ;
#839 = ORIENTED_EDGE ( 'NONE', *, *, #2776, .T. ) ;
#840 = ORIENTED_EDGE ( 'NONE', *, *, #1778, .F. ) ;
#841 = CARTESIAN_POINT ( 'NONE',  ( 3.855795413787608705, 0.9064290159990536777, -3.528355129216884212 ) ) ;
#842 = DIRECTION ( 'NONE',  ( -0.0000000000000000000, -1.000000000000000000, -0.0000000000000000000 ) ) ;
#843 = CARTESIAN_POINT ( 'NONE',  ( 4.856590352355985019, 0.9064290159990536777, -3.009038054711477006 ) ) ;
#844 = VERTEX_POINT ( 'NONE', #3663 ) ;
#845 = CARTESIAN_POINT ( 'NONE',  ( 2.810739720869677605, 0.9064290159990534557, -3.279881076897787295 ) ) ;
#846 = ORIENTED_EDGE ( 'NONE', *, *, #5829, .F. ) ;
#847 = SURFACE_SIDE_STYLE ('',( #972 ) ) ;
#848 = ORIENTED_EDGE ( 'NONE', *, *, #2579, .T. ) ;
#849 = LINE ( 'NONE', #2822, #4148 ) ;
#850 = CARTESIAN_POINT ( 'NONE',  ( 0.5291666666666666741, 0.8964290159990536688, -0.8039262820512820262 ) ) ;
#851 = DIRECTION ( 'NONE',  ( -1.000000000000000000, 0.0000000000000000000, 0.0000000000000000000 ) ) ;
#852 = VECTOR ( 'NONE', #3400, 1000.000000000000000 ) ;
#853 = EDGE_LOOP ( 'NONE', ( #350, #3932, #3393, #4167 ) ) ;
#854 = LINE ( 'NONE', #2371, #1182 ) ;
#855 = UNCERTAINTY_MEASURE_WITH_UNIT (LENGTH_MEASURE( 1.000000000000000082E-05 ), #3140, 'distance_accuracy_value', 'NONE');
#856 =( GEOMETRIC_REPRESENTATION_CONTEXT ( 3 ) GLOBAL_UNCERTAINTY_ASSIGNED_CONTEXT ( ( #2340 ) ) GLOBAL_UNIT_ASSIGNED_CONTEXT ( ( #5345, #3894, #2505 ) ) REPRESENTATION_CONTEXT ( 'NONE', 'WORKASPACE' ) );
#857 = EDGE_LOOP ( 'NONE', ( #1206, #1147, #384, #5169 ) ) ;
#858 = FACE_OUTER_BOUND ( 'NONE', #4752, .T. ) ;
#859 = SURFACE_STYLE_FILL_AREA ( #4861 ) ;
#860 = EDGE_CURVE ( 'NONE', #3070, #30, #133, .T. ) ;
#861 = DIRECTION ( 'NONE',  ( 0.0000000000000000000, 0.0000000000000000000, -1.000000000000000000 ) ) ;
#862 = DIRECTION ( 'NONE',  ( -0.2647344081641659352, 0.0000000000000000000, 0.9643213640348162752 ) ) ;
#863 = CARTESIAN_POINT ( 'NONE',  ( 4.856590352355985019, 0.9064290159990536777, -3.009038054711477006 ) ) ;
#864 = DIRECTION ( 'NONE',  ( -0.3698797865436000420, 0.0000000000000000000, 0.9290796217259642553 ) ) ;
#865 = DIRECTION ( 'NONE',  ( -1.000000000000000000, 0.0000000000000000000, -0.0000000000000000000 ) ) ;
#866 = FACE_OUTER_BOUND ( 'NONE', #378, .T. ) ;
#867 = ORIENTED_EDGE ( 'NONE', *, *, #5548, .T. ) ;
#868 = CARTESIAN_POINT ( 'NONE',  ( 2.962447236558689578, 0.8964290159990535578, -3.007433395663304143 ) ) ;
#869 = LINE ( 'NONE', #508, #5138 ) ;
#870 = CARTESIAN_POINT ( 'NONE',  ( 2.777096957249418185, 0.8964290159990533358, -3.851526356579576760 ) ) ;
#871 = EDGE_CURVE ( 'NONE', #3391, #2293, #2596, .T. ) ;
#872 = VECTOR ( 'NONE', #5380, 1000.000000000000000 ) ;
#873 = VERTEX_POINT ( 'NONE', #5987 ) ;
#874 = DIRECTION ( 'NONE',  ( -0.0000000000000000000, -1.000000000000000000, -0.0000000000000000000 ) ) ;
#875 = DIRECTION ( 'NONE',  ( -0.0000000000000000000, -1.000000000000000000, -0.0000000000000000000 ) ) ;
#876 = VERTEX_POINT ( 'NONE', #3598 ) ;
#877 = CARTESIAN_POINT ( 'NONE',  ( 4.349999999999997868, -0.01000000000000000021, -0.3500000000000000333 ) ) ;
#878 = ORIENTED_EDGE ( 'NONE', *, *, #4651, .T. ) ;
#879 = ORIENTED_EDGE ( 'NONE', *, *, #1827, .T. ) ;
#880 = AXIS2_PLACEMENT_3D ( 'NONE', #4076, #6046, #2620 ) ;
#881 = LINE ( 'NONE', #4854, #3351 ) ;
#882 = AXIS2_PLACEMENT_3D ( 'NONE', #3577, #603, #2569 ) ;
#883 = CARTESIAN_POINT ( 'NONE',  ( 0.5674162160477460581, 0.9064290159990534557, -0.7098841647656947140 ) ) ;
#884 = LINE ( 'NONE', #2397, #24 ) ;
#885 = ADVANCED_FACE ( 'NONE', ( #3167 ), #628, .T. ) ;
#886 = ORIENTED_EDGE ( 'NONE', *, *, #375, .F. ) ;
#887 = DIRECTION ( 'NONE',  ( 0.0000000000000000000, 0.0000000000000000000, 1.000000000000000000 ) ) ;
#888 = ORIENTED_EDGE ( 'NONE', *, *, #2814, .T. ) ;
#889 = LINE ( 'NONE', #397, #5819 ) ;
#890 = SURFACE_STYLE_USAGE ( .BOTH. , #398 ) ;
#891 = VECTOR ( 'NONE', #4909, 1000.000000000000000 ) ;
#892 = CARTESIAN_POINT ( 'NONE',  ( 5.594582806950002762, 0.9064290159990536777, -2.479871388044810665 ) ) ;
#893 = CARTESIAN_POINT ( 'NONE',  ( 2.129999999999995008, -0.01000000000000000021, -2.350000000000000089 ) ) ;
#894 = EDGE_CURVE ( 'NONE', #4782, #4601, #5112, .T. ) ;
#895 = EDGE_CURVE ( 'NONE', #6101, #4005, #5141, .T. ) ;
#896 = DIRECTION ( 'NONE',  ( -1.000000000000000000, 0.0000000000000000000, -3.154042683594195121E-16 ) ) ;
#897 = LINE ( 'NONE', #4675, #3950 ) ;
#898 = VERTEX_POINT ( 'NONE', #1104 ) ;
#899 = LINE ( 'NONE', #1343, #4458 ) ;
#900 = DIRECTION ( 'NONE',  ( -1.000000000000000000, 0.0000000000000000000, -0.0000000000000000000 ) ) ;
#901 = EDGE_CURVE ( 'NONE', #3904, #4430, #723, .T. ) ;
#902 = ORIENTED_EDGE ( 'NONE', *, *, #4549, .T. ) ;
#903 = CARTESIAN_POINT ( 'NONE',  ( 2.548837745200696947, 0.9064290159990536777, -3.479231786654694680 ) ) ;
#904 = CARTESIAN_POINT ( 'NONE',  ( 2.523480946168271011, 0.8964290159990533358, -3.430420835054681206 ) ) ;
#905 = EDGE_CURVE ( 'NONE', #765, #4579, #4046, .T. ) ;
#906 = ORIENTED_EDGE ( 'NONE', *, *, #5663, .T. ) ;
#907 = MECHANICAL_DESIGN_GEOMETRIC_PRESENTATION_REPRESENTATION (  '', ( #6378 ), #3590 ) ;
#908 = EDGE_LOOP ( 'NONE', ( #2398, #5171, #1314, #4748 ) ) ;
#909 = ORIENTED_EDGE ( 'NONE', *, *, #722, .F. ) ;
#910 = VECTOR ( 'NONE', #3365, 1000.000000000000000 ) ;
#911 = CARTESIAN_POINT ( 'NONE',  ( 4.173295413787609043, 0.8964290159990536688, -2.884590605459340651 ) ) ;
#912 = CARTESIAN_POINT ( 'NONE',  ( 1.375781264195327980, 0.9064290159990536777, -3.634977215778476101 ) ) ;
#913 = CARTESIAN_POINT ( 'NONE',  ( 0.7937499999999999556, 0.9064290159990536777, -0.8039262820512820262 ) ) ;
#914 = ORIENTED_EDGE ( 'NONE', *, *, #4101, .T. ) ;
#915 = CARTESIAN_POINT ( 'NONE',  ( 3.586463148830343783, 0.9064290159990536777, -2.731416359999938592 ) ) ;
#916 = ORIENTED_EDGE ( 'NONE', *, *, #5247, .T. ) ;
#917 = EDGE_CURVE ( 'NONE', #5287, #5518, #2653, .T. ) ;
#918 = DIRECTION ( 'NONE',  ( 1.000000000000000000, 0.0000000000000000000, 0.0000000000000000000 ) ) ;
#919 = DIRECTION ( 'NONE',  ( -1.000000000000000000, 0.0000000000000000000, 0.0000000000000000000 ) ) ;
#920 = LINE ( 'NONE', #1921, #5205 ) ;
#921 = FILL_AREA_STYLE_COLOUR ( '', #300 ) ;
#922 = VECTOR ( 'NONE', #560, 1000.000000000000000 ) ;
#923 = VECTOR ( 'NONE', #5147, 1000.000000000000000 ) ;
#924 = VECTOR ( 'NONE', #3111, 1000.000000000000000 ) ;
#925 = DIRECTION ( 'NONE',  ( -3.154042683594195121E-16, 0.0000000000000000000, 1.000000000000000000 ) ) ;
#926 =( GEOMETRIC_REPRESENTATION_CONTEXT ( 3 ) GLOBAL_UNCERTAINTY_ASSIGNED_CONTEXT ( ( #4797 ) ) GLOBAL_UNIT_ASSIGNED_CONTEXT ( ( #2344, #4831, #430 ) ) REPRESENTATION_CONTEXT ( 'NONE', 'WORKASPACE' ) );
#927 = ORIENTED_EDGE ( 'NONE', *, *, #5908, .T. ) ;
#928 = CARTESIAN_POINT ( 'NONE',  ( 2.424129318307224334, 0.8964290159990536688, -3.954537207203235649 ) ) ;
#929 = ORIENTED_EDGE ( 'NONE', *, *, #4011, .T. ) ;
#930 = EDGE_CURVE ( 'NONE', #6300, #4407, #4634, .T. ) ;
#931 = ORIENTED_EDGE ( 'NONE', *, *, #1669, .T. ) ;
#932 = DIRECTION ( 'NONE',  ( 1.000000000000000000, 0.0000000000000000000, 0.0000000000000000000 ) ) ;
#933 = ORIENTED_EDGE ( 'NONE', *, *, #1016, .T. ) ;
#934 = DIRECTION ( 'NONE',  ( -0.4802882638304235008, 0.0000000000000000000, 0.8771107020363836382 ) ) ;
#935 = ORIENTED_EDGE ( 'NONE', *, *, #6160, .T. ) ;
#936 = B_SPLINE_CURVE_WITH_KNOTS ( 'NONE', 3,
 ( #3010, #2159, #2528, #6166, #4981, #5957, #2045, #2495, #1526, #712, #5613, #1740, #1555, #4513, #68, #3502, #5438 ),
 .UNSPECIFIED., .F., .F.,
 ( 4, 1, 1, 1, 1, 1, 1, 1, 1, 1, 1, 1, 1, 1, 4 ),
 ( 0.0000000000000000000, 0.1277706293124491188, 0.2439804506356098301, 0.3480758004030605202, 0.4406650460066902641, 0.5230791416656173087, 0.5935156255361765387, 0.6552269717712226882, 0.7090791295509715209, 0.7569732727241827996, 0.7987624002830170378, 0.8347047937630660552, 0.8644111872596789148, 0.9254754689597471939, 1.000000000000000000 ),
 .UNSPECIFIED. ) ;
#937 = CARTESIAN_POINT ( 'NONE',  ( 4.592155423135899639, 0.9064290159990536777, -3.477155710146370815 ) ) ;
#938 = VERTEX_POINT ( 'NONE', #5015 ) ;
#939 = FACE_OUTER_BOUND ( 'NONE', #1298, .T. ) ;
#940 = VERTEX_POINT ( 'NONE', #593 ) ;
#941 = LINE ( 'NONE', #390, #4390 ) ;
#942 = DIRECTION ( 'NONE',  ( 1.000000000000000000, 0.0000000000000000000, 0.0000000000000000000 ) ) ;
#943 = LINE ( 'NONE', #4825, #2812 ) ;
#944 = ORIENTED_EDGE ( 'NONE', *, *, #4603, .F. ) ;
#945 = CARTESIAN_POINT ( 'NONE',  ( 2.407577142295724837, 0.8964290159990535578, -3.108412991622791832 ) ) ;
#946 = ORIENTED_EDGE ( 'NONE', *, *, #5457, .T. ) ;
#947 = LINE ( 'NONE', #1918, #3227 ) ;
#948 = CARTESIAN_POINT ( 'NONE',  ( 0.6082206357477315528, 0.9064290159990536777, -2.099855958883282359 ) ) ;
#949 = EDGE_CURVE ( 'NONE', #5718, #285, #2557, .T. ) ;
#950 = EDGE_CURVE ( 'NONE', #3223, #2898, #3567, .T. ) ;
#951 = CARTESIAN_POINT ( 'NONE',  ( 3.913694218541882375, 0.9064290159990536777, -3.009038054711477006 ) ) ;
#952 = FACE_OUTER_BOUND ( 'NONE', #1309, .T. ) ;
#953 = VECTOR ( 'NONE', #1302, 1000.000000000000000 ) ;
#954 = LINE ( 'NONE', #504, #4583 ) ;
#955 = LINE ( 'NONE', #4114, #401 ) ;
#956 = PLANE ( 'NONE',  #1356 ) ;
#957 = ORIENTED_EDGE ( 'NONE', *, *, #4638, .F. ) ;
#958 = VERTEX_POINT ( 'NONE', #6175 ) ;
#959 = VECTOR ( 'NONE', #372, 1000.000000000000000 ) ;
#960 = CARTESIAN_POINT ( 'NONE',  ( 2.814017018261813163, 0.9064290159990540108, -3.822377651116394492 ) ) ;
#961 = EDGE_CURVE ( 'NONE', #458, #6306, #749, .T. ) ;
#962 = ADVANCED_FACE ( 'NONE', ( #2200 ), #5452, .T. ) ;
#963 = CARTESIAN_POINT ( 'NONE',  ( 0.6614583333333333703, 0.9064290159990536777, -0.6716346153846154410 ) ) ;
#964 = ORIENTED_EDGE ( 'NONE', *, *, #1025, .F. ) ;
#965 = CARTESIAN_POINT ( 'NONE',  ( 0.7126254258773611072, 0.9064290159990535667, -0.6806645994021217616 ) ) ;
#966 = VECTOR ( 'NONE', #4729, 1000.000000000000000 ) ;
#967 = ORIENTED_EDGE ( 'NONE', *, *, #4666, .F. ) ;
#968 = ADVANCED_FACE ( 'NONE', ( #1326 ), #1751, .F. ) ;
#969 = LINE ( 'NONE', #2938, #1604 ) ;
#970 = EDGE_CURVE ( 'NONE', #3996, #3226, #1266, .T. ) ;
#971 = ORIENTED_EDGE ( 'NONE', *, *, #5019, .T. ) ;
#972 = SURFACE_STYLE_FILL_AREA ( #2784 ) ;
#973 = ORIENTED_EDGE ( 'NONE', *, *, #2773, .F. ) ;
#974 = EDGE_CURVE ( 'NONE', #5221, #2370, #785, .T. ) ;
#975 = CARTESIAN_POINT ( 'NONE',  ( 6.199999999999998401, -0.01000000000000000021, -2.350000000000000089 ) ) ;
#976 = CARTESIAN_POINT ( 'NONE',  ( 1.305000531334807867, 0.8964290159990536688, -3.374422054233952473 ) ) ;
#977 = DIRECTION ( 'NONE',  ( 0.0000000000000000000, 0.0000000000000000000, -1.000000000000000000 ) ) ;
#978 = LINE ( 'NONE', #5, #2016 ) ;
#979 = ORIENTED_EDGE ( 'NONE', *, *, #4189, .T. ) ;
#980 = VERTEX_POINT ( 'NONE', #1783 ) ;
#981 = CARTESIAN_POINT ( 'NONE',  ( 2.441840610791274901, 0.9064290159990537887, -3.106431148302212009 ) ) ;
#982 = VERTEX_POINT ( 'NONE', #3757 ) ;
#983 = DIRECTION ( 'NONE',  ( -0.4802882638304245555, 0.0000000000000000000, 0.8771107020363828610 ) ) ;
#984 = DIRECTION ( 'NONE',  ( -0.0000000000000000000, -1.000000000000000000, -0.0000000000000000000 ) ) ;
#985 = CARTESIAN_POINT ( 'NONE',  ( 4.804670113306839241, 0.9064290159990536777, -3.735590873073721507 ) ) ;
#986 = CARTESIAN_POINT ( 'NONE',  ( 2.828420388770279015, 0.9064290159990536777, -2.651366598914473016 ) ) ;
#987 = FILL_AREA_STYLE ('',( #921 ) ) ;
#988 = DIRECTION ( 'NONE',  ( -1.000000000000000000, 0.0000000000000000000, 0.0000000000000000000 ) ) ;
#989 = DIRECTION ( 'NONE',  ( -1.000000000000000000, 0.0000000000000000000, -0.0000000000000000000 ) ) ;
#990 = DIRECTION ( 'NONE',  ( 0.0000000000000000000, 0.0000000000000000000, -1.000000000000000000 ) ) ;
#991 = ORIENTED_EDGE ( 'NONE', *, *, #4957, .T. ) ;
#992 = CARTESIAN_POINT ( 'NONE',  ( 3.610313809888036296, 0.9064290159990536777, -2.781661752628143969 ) ) ;
#993 = CARTESIAN_POINT ( 'NONE',  ( 0.6353838412118913981, 0.8964290159990535578, -0.9346979451612402734 ) ) ;
#994 = CARTESIAN_POINT ( 'NONE',  ( 0.7555416719893786048, 0.9064290159990536777, -0.7098533506425565021 ) ) ;
#995 = EDGE_CURVE ( 'NONE', #5296, #3422, #5719, .T. ) ;
#996 = ORIENTED_EDGE ( 'NONE', *, *, #5300, .F. ) ;
#997 = ORIENTED_EDGE ( 'NONE', *, *, #2103, .F. ) ;
#998 = DIRECTION ( 'NONE',  ( -0.8770197613181063279, 0.0000000000000000000, -0.4804543040264409592 ) ) ;
#999 = ORIENTED_EDGE ( 'NONE', *, *, #3864, .T. ) ;
#1000 = CARTESIAN_POINT ( 'NONE',  ( 3.742266267152993375, 0.9064290159990536777, -3.735590873073721507 ) ) ;
#1001 = CARTESIAN_POINT ( 'NONE',  ( 4.592155423135899639, 0.9064290159990536777, -3.477155710146370815 ) ) ;
#1002 = CARTESIAN_POINT ( 'NONE',  ( 4.740453533445728063, 0.9064290159990536777, -3.206424206407054722 ) ) ;
#1003 = DIRECTION ( 'NONE',  ( -0.0000000000000000000, -1.000000000000000000, -0.0000000000000000000 ) ) ;
#1004 = CARTESIAN_POINT ( 'NONE',  ( 4.332511826714958936, 0.8964290159990536688, -2.479871388044810665 ) ) ;
#1005 = VERTEX_POINT ( 'NONE', #5753 ) ;
#1006 = ORIENTED_EDGE ( 'NONE', *, *, #1667, .F. ) ;
#1007 = CARTESIAN_POINT ( 'NONE',  ( 2.341670533363141793, 0.8964290159990538909, -3.374619869494393409 ) ) ;
#1008 = MECHANICAL_DESIGN_GEOMETRIC_PRESENTATION_REPRESENTATION (  '', ( #5133 ), #3385 ) ;
#1009 = ORIENTED_EDGE ( 'NONE', *, *, #2646, .F. ) ;
#1010 = DIRECTION ( 'NONE',  ( 0.2621528324626076767, 0.0000000000000000000, -0.9650263687753987130 ) ) ;
#1011 = SURFACE_STYLE_FILL_AREA ( #5130 ) ;
#1012 = CARTESIAN_POINT ( 'NONE',  ( 5.642072123189318056, 0.9064290159990536777, -3.009038054711477006 ) ) ;
#1013 = CARTESIAN_POINT ( 'NONE',  ( 1.081630899735123164, 0.8964290159990536688, -2.537619404509760201 ) ) ;
#1014 = DIRECTION ( 'NONE',  ( 0.0000000000000000000, 0.0000000000000000000, -1.000000000000000000 ) ) ;
#1015 = AXIS2_PLACEMENT_3D ( 'NONE', #3679, #4288, #2282 ) ;
#1016 = EDGE_CURVE ( 'NONE', #4407, #4169, #849, .T. ) ;
#1017 = UNCERTAINTY_MEASURE_WITH_UNIT (LENGTH_MEASURE( 1.000000000000000082E-05 ), #4348, 'distance_accuracy_value', 'NONE');
#1018 = CARTESIAN_POINT ( 'NONE',  ( 2.391587361516053001, 0.8964290159990536688, -3.634977215778476101 ) ) ;
#1019 = DIRECTION ( 'NONE',  ( -0.0000000000000000000, -1.000000000000000000, -0.0000000000000000000 ) ) ;
#1020 = PLANE ( 'NONE',  #538 ) ;
#1021 = VERTEX_POINT ( 'NONE', #357 ) ;
#1022 = VECTOR ( 'NONE', #2563, 1000.000000000000227 ) ;
#1023 = CARTESIAN_POINT ( 'NONE',  ( 3.883886192366668766, 0.9064290159990536777, -3.477155710146370815 ) ) ;
#1024 = PLANE ( 'NONE',  #3537 ) ;
#1025 = EDGE_CURVE ( 'NONE', #5260, #3562, #2428, .T. ) ;
#1026 = EDGE_CURVE ( 'NONE', #1332, #4015, #456, .T. ) ;
#1027 = DIRECTION ( 'NONE',  ( 0.0000000000000000000, -0.0000000000000000000, -1.000000000000000000 ) ) ;
#1028 = VERTEX_POINT ( 'NONE', #3431 ) ;
#1029 = CARTESIAN_POINT ( 'NONE',  ( 2.833000272686732934, 0.9064290159990536777, -3.298967478411602094 ) ) ;
#1030 = EDGE_LOOP ( 'NONE', ( #1121, #1947, #4077, #2089 ) ) ;
#1031 = FACE_BOUND ( 'NONE', #1665, .T. ) ;
#1032 = DIRECTION ( 'NONE',  ( -0.0000000000000000000, 1.000000000000000000, -0.0000000000000000000 ) ) ;
#1033 = CARTESIAN_POINT ( 'NONE',  ( 3.491484516351711420, 0.9064290159990536777, -3.518496855979704296 ) ) ;
#1034 = ORIENTED_EDGE ( 'NONE', *, *, #100, .F. ) ;
#1035 = ORIENTED_EDGE ( 'NONE', *, *, #6297, .F. ) ;
#1036 = CARTESIAN_POINT ( 'NONE',  ( 2.937222425317946861, 0.8964290159990535578, -3.623916297335770142 ) ) ;
#1037 = VERTEX_POINT ( 'NONE', #1817 ) ;
#1038 = CARTESIAN_POINT ( 'NONE',  ( 4.209930029172224586, 0.9064290159990536777, -3.528355129216884212 ) ) ;
#1039 = CARTESIAN_POINT ( 'NONE',  ( 0.0000000000000000000, 0.9064290159990534557, 0.0000000000000000000 ) ) ;
#1040 = EDGE_CURVE ( 'NONE', #2287, #2275, #943, .T. ) ;
#1041 = CARTESIAN_POINT ( 'NONE',  ( -1.734723475976807094E-15, 0.8964290159990536688, -5.500000000000000000 ) ) ;
#1042 = DIRECTION ( 'NONE',  ( 0.4804543040264410148, 0.0000000000000000000, 0.8770197613181063279 ) ) ;
#1043 = DIRECTION ( 'NONE',  ( -1.000000000000000000, 0.0000000000000000000, -0.0000000000000000000 ) ) ;
#1044 = EDGE_CURVE ( 'NONE', #2847, #3099, #5398, .T. ) ;
#1045 = CARTESIAN_POINT ( 'NONE',  ( 2.542993935492418700, 0.9064290159990536777, -3.562179970179638389 ) ) ;
#1046 = CARTESIAN_POINT ( 'NONE',  ( 4.394459943702138993, 0.9064290159990536777, -3.735590873073721507 ) ) ;
#1047 = EDGE_CURVE ( 'NONE', #6233, #3607, #884, .T. ) ;
#1048 = CARTESIAN_POINT ( 'NONE',  ( 0.6526015360367309892, 0.8964290159990536688, -0.6721076585509976331 ) ) ;
#1049 = ORIENTED_EDGE ( 'NONE', *, *, #2361, .F. ) ;
#1050 = CARTESIAN_POINT ( 'NONE',  ( 2.829999999999995186, -0.01000000000000000021, -3.150000000000000355 ) ) ;
#1051 = MECHANICAL_DESIGN_GEOMETRIC_PRESENTATION_REPRESENTATION (  '', ( #3532 ), #856 ) ;
#1052 = CARTESIAN_POINT ( 'NONE',  ( 3.749177658712822492, 0.9064290159990536777, -3.009038054711477006 ) ) ;
#1053 = DIRECTION ( 'NONE',  ( 1.000000000000000000, 0.0000000000000000000, -0.0000000000000000000 ) ) ;
#1054 = VECTOR ( 'NONE', #2088, 1000.000000000000000 ) ;
#1055 = CARTESIAN_POINT ( 'NONE',  ( 2.513841739353765981, 0.8964290159990534468, -2.887093106345713256 ) ) ;
#1056 = ORIENTED_EDGE ( 'NONE', *, *, #4448, .F. ) ;
#1057 = AXIS2_PLACEMENT_3D ( 'NONE', #254, #2231, #784 ) ;
#1058 = EDGE_CURVE ( 'NONE', #2031, #4653, #1914, .T. ) ;
#1059 = CARTESIAN_POINT ( 'NONE',  ( 4.918199259941454571, 0.8964290159990536688, -3.425956291075858307 ) ) ;
#1060 = VERTEX_POINT ( 'NONE', #6371 ) ;
#1061 = CARTESIAN_POINT ( 'NONE',  ( 2.906953818322663086, 0.9064290159990538998, -3.394178718741707179 ) ) ;
#1062 = ORIENTED_EDGE ( 'NONE', *, *, #4404, .T. ) ;
#1063 = PLANE ( 'NONE',  #4742 ) ;
#1064 = LINE ( 'NONE', #4072, #1156 ) ;
#1065 = CARTESIAN_POINT ( 'NONE',  ( 0.7921725249288645854, 0.9064290159990536777, -0.8300843086968849871 ) ) ;
#1066 = ORIENTED_EDGE ( 'NONE', *, *, #2514, .T. ) ;
#1067 = ORIENTED_EDGE ( 'NONE', *, *, #1578, .T. ) ;
#1068 = CARTESIAN_POINT ( 'NONE',  ( 2.329525994297770630, 0.8964290159990536688, -3.374422054233952473 ) ) ;
#1069 = PRODUCT_DEFINITION_SHAPE ( 'NONE', 'NONE',  #3795 ) ;
#1070 = ORIENTED_EDGE ( 'NONE', *, *, #1237, .F. ) ;
#1071 = FACE_OUTER_BOUND ( 'NONE', #6012, .T. ) ;
#1072 = AXIS2_PLACEMENT_3D ( 'NONE', #3603, #4517, #73 ) ;
#1073 = CARTESIAN_POINT ( 'NONE',  ( 5.845597764214959469, 0.8964290159990536688, -2.534144892318314746 ) ) ;
#1074 = CARTESIAN_POINT ( 'NONE',  ( 3.674657593274788248, 0.8964290159990536688, -3.518496855979704296 ) ) ;
#1075 = CARTESIAN_POINT ( 'NONE',  ( 3.742266267152993375, 0.9064290159990536777, -3.735590873073721507 ) ) ;
#1076 = FACE_OUTER_BOUND ( 'NONE', #460, .T. ) ;
#1077 = CARTESIAN_POINT ( 'NONE',  ( 1.305000531334807867, 0.9064290159990536777, -3.374422054233952473 ) ) ;
#1078 = VECTOR ( 'NONE', #518, 1000.000000000000000 ) ;
#1079 = CARTESIAN_POINT ( 'NONE',  ( 2.799345931256005837, 0.8964290159990536688, -3.271584830041675218 ) ) ;
#1080 = CARTESIAN_POINT ( 'NONE',  ( 2.829999999999994742, -0.01000000000000000021, -2.349999999999999645 ) ) ;
#1081 = ORIENTED_EDGE ( 'NONE', *, *, #6284, .F. ) ;
#1082 = CARTESIAN_POINT ( 'NONE',  ( 2.529052457026721878, 0.9064290159990537887, -3.582050033561048341 ) ) ;
#1083 = EDGE_CURVE ( 'NONE', #5044, #4707, #1328, .T. ) ;
#1084 = VECTOR ( 'NONE', #2968, 1000.000000000000000 ) ;
#1085 = LINE ( 'NONE', #114, #1624 ) ;
#1086 = ADVANCED_FACE ( 'NONE', ( #4304 ), #4340, .T. ) ;
#1087 = CARTESIAN_POINT ( 'NONE',  ( 4.684271976287607941, 0.9064290159990536777, -3.206424206407054722 ) ) ;
#1088 = CARTESIAN_POINT ( 'NONE',  ( 2.820195624063421835, 0.8964290159990538909, -3.287649084387898046 ) ) ;
#1089 = ORIENTED_EDGE ( 'NONE', *, *, #3522, .T. ) ;
#1090 = VECTOR ( 'NONE', #1769, 1000.000000000000000 ) ;
#1091 = CARTESIAN_POINT ( 'NONE',  ( 4.171281357964959469, 0.9064290159990536777, -3.009038054711477006 ) ) ;
#1092 = ORIENTED_EDGE ( 'NONE', *, *, #351, .T. ) ;
#1093 = PLANE ( 'NONE',  #6351 ) ;
#1094 = ORIENTED_EDGE ( 'NONE', *, *, #43, .F. ) ;
#1095 = EDGE_CURVE ( 'NONE', #2293, #7, #392, .T. ) ;
#1096 = SURFACE_SIDE_STYLE ('',( #5519 ) ) ;
#1097 = DIRECTION ( 'NONE',  ( -0.0000000000000000000, -1.000000000000000000, -0.0000000000000000000 ) ) ;
#1098 = DIRECTION ( 'NONE',  ( 1.000000000000000000, 0.0000000000000000000, 0.0000000000000000000 ) ) ;
#1099 = VERTEX_POINT ( 'NONE', #4272 ) ;
#1100 = VERTEX_POINT ( 'NONE', #6341 ) ;
#1101 = LINE ( 'NONE', #3594, #2842 ) ;
#1102 = VERTEX_POINT ( 'NONE', #3914 ) ;
#1103 = CARTESIAN_POINT ( 'NONE',  ( 2.923332099763088276, 0.9064290159990536777, -3.105910929068021353 ) ) ;
#1104 = CARTESIAN_POINT ( 'NONE',  ( 2.129999999999995008, -0.01000000000000000021, -0.3500000000000000333 ) ) ;
#1105 = DIRECTION ( 'NONE',  ( 1.000000000000000000, 0.0000000000000000000, 0.0000000000000000000 ) ) ;
#1106 = CARTESIAN_POINT ( 'NONE',  ( 4.690589751394446338, 0.8964290159990536688, -2.479871388044810665 ) ) ;
#1107 = EDGE_CURVE ( 'NONE', #6306, #796, #3884, .T. ) ;
#1108 = ADVANCED_FACE ( 'NONE', ( #3299 ), #5885, .F. ) ;
#1109 = VECTOR ( 'NONE', #5780, 1000.000000000000000 ) ;
#1110 = CARTESIAN_POINT ( 'NONE',  ( 4.181839250593164081, 0.8964290159990536688, -3.477155710146370815 ) ) ;
#1111 =( LENGTH_UNIT ( ) NAMED_UNIT ( * ) SI_UNIT ( .MILLI., .METRE. ) );
#1112 = PLANE ( 'NONE',  #5387 ) ;
#1113 = EDGE_LOOP ( 'NONE', ( #1126, #4262, #4774, #3479 ) ) ;
#1114 = VECTOR ( 'NONE', #3268, 1000.000000000000000 ) ;
#1115 = DIRECTION ( 'NONE',  ( -0.0000000000000000000, -1.000000000000000000, -0.0000000000000000000 ) ) ;
#1116 = DIRECTION ( 'NONE',  ( 0.0000000000000000000, 0.0000000000000000000, 1.000000000000000000 ) ) ;
#1117 = CARTESIAN_POINT ( 'NONE',  ( 4.804670113306839241, 0.9064290159990536777, -3.735590873073721507 ) ) ;
#1118 = VECTOR ( 'NONE', #1003, 1000.000000000000000 ) ;
#1119 = CARTESIAN_POINT ( 'NONE',  ( 4.443751309888036793, 0.9064290159990536777, -3.206424206407054722 ) ) ;
#1120 = CARTESIAN_POINT ( 'NONE',  ( 5.111845427142309717, 0.9064290159990536777, -3.009038054711477006 ) ) ;
#1121 = ORIENTED_EDGE ( 'NONE', *, *, #3340, .F. ) ;
#1122 = CARTESIAN_POINT ( 'NONE',  ( 6.199999999999999289, -0.01000000000000000021, -0.3500000000000000333 ) ) ;
#1123 = AXIS2_PLACEMENT_3D ( 'NONE', #4079, #2046, #2167 ) ;
#1124 = VECTOR ( 'NONE', #2349, 1000.000000000000000 ) ;
#1125 = EDGE_CURVE ( 'NONE', #4822, #3791, #481, .T. ) ;
#1126 = ORIENTED_EDGE ( 'NONE', *, *, #5352, .F. ) ;
#1127 = FACE_OUTER_BOUND ( 'NONE', #5673, .T. ) ;
#1128 = ORIENTED_EDGE ( 'NONE', *, *, #551, .T. ) ;
#1129 = VECTOR ( 'NONE', #4734, 1000.000000000000000 ) ;
#1130 = LINE ( 'NONE', #4070, #3401 ) ;
#1131 = CARTESIAN_POINT ( 'NONE',  ( 5.302862721479915997, 0.8964290159990536688, -2.534144892318314746 ) ) ;
#1132 = LINE ( 'NONE', #6010, #571 ) ;
#1133 = VERTEX_POINT ( 'NONE', #2915 ) ;
#1134 = VERTEX_POINT ( 'NONE', #2337 ) ;
#1135 = CARTESIAN_POINT ( 'NONE',  ( 2.496755662849543977, 0.9064290159990536777, -3.406181957871490251 ) ) ;
#1136 = ORIENTED_EDGE ( 'NONE', *, *, #5969, .T. ) ;
#1137 = CARTESIAN_POINT ( 'NONE',  ( 2.936183926796547716, 0.9064290159990536777, -3.083211326564903043 ) ) ;
#1138 = DIRECTION ( 'NONE',  ( 1.000000000000000000, 0.0000000000000000000, 0.0000000000000000000 ) ) ;
#1139 = CARTESIAN_POINT ( 'NONE',  ( 1.242939164116525719, 0.9064290159990536777, -3.108481402145693906 ) ) ;
#1140 = EDGE_CURVE ( 'NONE', #5716, #4623, #6276, .T. ) ;
#1141 = VECTOR ( 'NONE', #4395, 1000.000000000000000 ) ;
#1142 = PLANE ( 'NONE',  #1072 ) ;
#1143 = EDGE_CURVE ( 'NONE', #1028, #3910, #1358, .T. ) ;
#1144 = ADVANCED_FACE ( 'NONE', ( #1391 ), #5332, .T. ) ;
#1145 = DIRECTION ( 'NONE',  ( -1.000000000000000000, 0.0000000000000000000, -0.0000000000000000000 ) ) ;
#1146 = CARTESIAN_POINT ( 'NONE',  ( 0.5674162160477460581, 0.8964290159990534468, -0.7098841647656947140 ) ) ;
#1147 = ORIENTED_EDGE ( 'NONE', *, *, #1026, .F. ) ;
#1148 = CARTESIAN_POINT ( 'NONE',  ( 4.481975969343164223, 0.9064290159990536777, -3.009038054711477006 ) ) ;
#1149 = CARTESIAN_POINT ( 'NONE',  ( 2.967868340319057108, 0.9064290159990536777, -2.979676053679815695 ) ) ;
#1150 = PLANE ( 'NONE',  #2356 ) ;
#1151 = DIRECTION ( 'NONE',  ( 0.0000000000000000000, 0.0000000000000000000, -1.000000000000000000 ) ) ;
#1152 = ORIENTED_EDGE ( 'NONE', *, *, #1968, .T. ) ;
#1153 = DIRECTION ( 'NONE',  ( -0.0000000000000000000, -1.000000000000000000, -0.0000000000000000000 ) ) ;
#1154 = CARTESIAN_POINT ( 'NONE',  ( 3.649999999999996358, -0.01000000000000000021, -5.150000000000000355 ) ) ;
#1155 = EDGE_CURVE ( 'NONE', #2072, #438, #1487, .T. ) ;
#1156 = VECTOR ( 'NONE', #5980, 1000.000000000000000 ) ;
#1157 = PRESENTATION_LAYER_ASSIGNMENT (  '', '', ( #3532 ) ) ;
#1158 = EDGE_CURVE ( 'NONE', #1776, #4257, #4439, .T. ) ;
#1159 = DIRECTION ( 'NONE',  ( 0.4802758347947843065, 0.0000000000000000000, 0.8771175078130485359 ) ) ;
#1160 = VERTEX_POINT ( 'NONE', #3067 ) ;
#1161 = DIRECTION ( 'NONE',  ( -0.0000000000000000000, -1.000000000000000000, -0.0000000000000000000 ) ) ;
#1162 = ORIENTED_EDGE ( 'NONE', *, *, #756, .T. ) ;
#1163 = CARTESIAN_POINT ( 'NONE',  ( 0.7922299964432918395, 0.9064290159990537887, -0.7778517899298401650 ) ) ;
#1164 = EDGE_CURVE ( 'NONE', #4553, #1330, #1064, .T. ) ;
#1165 = CARTESIAN_POINT ( 'NONE',  ( 5.111845427142309717, 0.8964290159990536688, -3.009038054711477006 ) ) ;
#1166 = ORIENTED_EDGE ( 'NONE', *, *, #5155, .F. ) ;
#1167 = EDGE_CURVE ( 'NONE', #4531, #5064, #6041, .T. ) ;
#1168 = ORIENTED_EDGE ( 'NONE', *, *, #687, .T. ) ;
#1169 = CARTESIAN_POINT ( 'NONE',  ( 2.853153437658778824, 0.9064290159990535667, -3.319419770569024042 ) ) ;
#1170 = ORIENTED_EDGE ( 'NONE', *, *, #265, .T. ) ;
#1171 = FACE_OUTER_BOUND ( 'NONE', #5564, .T. ) ;
#1172 = DIRECTION ( 'NONE',  ( -0.3698797865436017629, 0.0000000000000000000, 0.9290796217259635892 ) ) ;
#1173 = CARTESIAN_POINT ( 'NONE',  ( 2.541266195129868066, 0.8964290159990532247, -2.909313768300580083 ) ) ;
#1174 = AXIS2_PLACEMENT_3D ( 'NONE', #6248, #5146, #1238 ) ;
#1175 = CARTESIAN_POINT ( 'NONE',  ( 6.199999999999998401, 0.0000000000000000000, -5.150000000000000355 ) ) ;
#1176 =( NAMED_UNIT ( * ) PLANE_ANGLE_UNIT ( ) SI_UNIT ( $, .RADIAN. ) );
#1177 = VECTOR ( 'NONE', #740, 1000.000000000000114 ) ;
#1178 = LINE ( 'NONE', #4578, #5692 ) ;
#1179 = ORIENTED_EDGE ( 'NONE', *, *, #5118, .F. ) ;
#1180 = DIRECTION ( 'NONE',  ( 0.0000000000000000000, 0.0000000000000000000, -1.000000000000000000 ) ) ;
#1181 = LINE ( 'NONE', #2240, #778 ) ;
#1182 = VECTOR ( 'NONE', #1331, 1000.000000000000000 ) ;
#1183 = FACE_OUTER_BOUND ( 'NONE', #1824, .T. ) ;
#1184 = CARTESIAN_POINT ( 'NONE',  ( 3.586463148830343783, 0.8964290159990536688, -2.731416359999938592 ) ) ;
#1185 = ORIENTED_EDGE ( 'NONE', *, *, #2665, .F. ) ;
#1186 = VECTOR ( 'NONE', #1633, 1000.000000000000000 ) ;
#1187 = CARTESIAN_POINT ( 'NONE',  ( -1.734723475976807094E-15, 0.8964290159990536688, -5.500000000000000000 ) ) ;
#1188 = EDGE_CURVE ( 'NONE', #980, #1409, #4974, .T. ) ;
#1189 = DIRECTION ( 'NONE',  ( 1.000000000000000000, 0.0000000000000000000, 0.0000000000000000000 ) ) ;
#1190 = ORIENTED_EDGE ( 'NONE', *, *, #3054, .T. ) ;
#1191 = ORIENTED_EDGE ( 'NONE', *, *, #1818, .F. ) ;
#1192 = LINE ( 'NONE', #2223, #94 ) ;
#1193 =( LENGTH_UNIT ( ) NAMED_UNIT ( * ) SI_UNIT ( .MILLI., .METRE. ) );
#1194 = ADVANCED_FACE ( 'NONE', ( #126 ), #2098, .F. ) ;
#1195 = CARTESIAN_POINT ( 'NONE',  ( 4.797885925272651342, 0.9064290159990536777, -3.206424206407054722 ) ) ;
#1196 = ORIENTED_EDGE ( 'NONE', *, *, #6135, .F. ) ;
#1197 = ORIENTED_EDGE ( 'NONE', *, *, #5888, .F. ) ;
#1198 = CARTESIAN_POINT ( 'NONE',  ( 2.838117477159202373, 0.8964290159990536688, -3.304532734905997859 ) ) ;
#1199 = VERTEX_POINT ( 'NONE', #1131 ) ;
#1200 = CARTESIAN_POINT ( 'NONE',  ( 2.956078531342083426, 0.8964290159990536688, -3.034080776607134933 ) ) ;
#1201 = DIRECTION ( 'NONE',  ( -0.0000000000000000000, -1.000000000000000000, -0.0000000000000000000 ) ) ;
#1202 = DIRECTION ( 'NONE',  ( -0.0000000000000000000, -1.000000000000000000, -0.0000000000000000000 ) ) ;
#1203 = DIRECTION ( 'NONE',  ( 0.3651136360950639759, 0.0000000000000000000, 0.9309629599170103909 ) ) ;
#1204 = PLANE ( 'NONE',  #1174 ) ;
#1205 = CARTESIAN_POINT ( 'NONE',  ( 0.6082206357477315528, 0.9064290159990536777, -2.099855958883282359 ) ) ;
#1206 = ORIENTED_EDGE ( 'NONE', *, *, #6072, .F. ) ;
#1207 = EDGE_CURVE ( 'NONE', #826, #673, #2547, .T. ) ;
#1208 = CARTESIAN_POINT ( 'NONE',  ( 2.829999999999995186, -0.01000000000000000021, -5.150000000000000355 ) ) ;
#1209 = CARTESIAN_POINT ( 'NONE',  ( 2.829999999999995186, -0.01000000000000000021, -3.150000000000000355 ) ) ;
#1210 = VECTOR ( 'NONE', #4716, 1000.000000000000000 ) ;
#1211 = CARTESIAN_POINT ( 'NONE',  ( 2.400306727158290965, 0.8964290159990536688, -3.108481402145693906 ) ) ;
#1212 = VECTOR ( 'NONE', #4618, 1000.000000000000000 ) ;
#1213 = DIRECTION ( 'NONE',  ( 1.000000000000000000, 0.0000000000000000000, -0.0000000000000000000 ) ) ;
#1214 = ORIENTED_EDGE ( 'NONE', *, *, #1491, .T. ) ;
#1215 = DIRECTION ( 'NONE',  ( -0.0000000000000000000, -1.000000000000000000, -0.0000000000000000000 ) ) ;
#1216 = FILL_AREA_STYLE_COLOUR ( '', #6270 ) ;
#1217 = AXIS2_PLACEMENT_3D ( 'NONE', #2183, #4157, #2765 ) ;
#1218 = DIRECTION ( 'NONE',  ( -0.2603341375417481118, 0.0000000000000000000, 0.9655185844044609222 ) ) ;
#1219 = EDGE_LOOP ( 'NONE', ( #4789, #5071, #4375, #4103 ) ) ;
#1220 = ORIENTED_EDGE ( 'NONE', *, *, #3199, .F. ) ;
#1221 = EDGE_CURVE ( 'NONE', #3592, #5764, #548, .T. ) ;
#1222 = DIRECTION ( 'NONE',  ( -0.0000000000000000000, -1.000000000000000000, -0.0000000000000000000 ) ) ;
#1223 = DIRECTION ( 'NONE',  ( 0.2607351442216253590, 0.0000000000000000000, -0.9654103710690744578 ) ) ;
#1224 = VECTOR ( 'NONE', #5662, 1000.000000000000000 ) ;
#1225 = DIRECTION ( 'NONE',  ( -1.000000000000000000, 0.0000000000000000000, -0.0000000000000000000 ) ) ;
#1226 = ORIENTED_EDGE ( 'NONE', *, *, #484, .F. ) ;
#1227 = ORIENTED_EDGE ( 'NONE', *, *, #930, .F. ) ;
#1228 = VECTOR ( 'NONE', #1954, 1000.000000000000000 ) ;
#1229 = CARTESIAN_POINT ( 'NONE',  ( 2.943872535427645154, 0.9064290159990538998, -3.516470411680838737 ) ) ;
#1230 = EDGE_CURVE ( 'NONE', #1776, #5622, #5917, .T. ) ;
#1231 = VECTOR ( 'NONE', #984, 1000.000000000000000 ) ;
#1232 =( GEOMETRIC_REPRESENTATION_CONTEXT ( 3 ) GLOBAL_UNCERTAINTY_ASSIGNED_CONTEXT ( ( #5931 ) ) GLOBAL_UNIT_ASSIGNED_CONTEXT ( ( #1193, #3717, #1711 ) ) REPRESENTATION_CONTEXT ( 'NONE', 'WORKASPACE' ) );
#1233 = ORIENTED_EDGE ( 'NONE', *, *, #3655, .T. ) ;
#1234 = CARTESIAN_POINT ( 'NONE',  ( 2.579681981460850260, 0.8964290159990535578, -2.544133529032138963 ) ) ;
#1235 = CARTESIAN_POINT ( 'NONE',  ( 3.686190712932907676, 0.8964290159990536688, -3.735590873073721507 ) ) ;
#1236 = CARTESIAN_POINT ( 'NONE',  ( 2.568645968509526423, 0.9064290159990535667, -2.984009960778205794 ) ) ;
#1237 = EDGE_CURVE ( 'NONE', #1021, #150, #2006, .T. ) ;
#1238 = DIRECTION ( 'NONE',  ( 0.0000000000000000000, 0.0000000000000000000, -1.000000000000000000 ) ) ;
#1239 = CARTESIAN_POINT ( 'NONE',  ( 2.400306727158290965, 0.9064290159990536777, -3.108481402145693906 ) ) ;
#1240 = FACE_BOUND ( 'NONE', #2357, .T. ) ;
#1241 = ORIENTED_EDGE ( 'NONE', *, *, #2251, .T. ) ;
#1242 = LINE ( 'NONE', #4671, #604 ) ;
#1243 = DIRECTION ( 'NONE',  ( 0.0000000000000000000, 0.0000000000000000000, 1.000000000000000000 ) ) ;
#1244 = EDGE_CURVE ( 'NONE', #428, #1478, #4038, .T. ) ;
#1245 = B_SPLINE_CURVE_WITH_KNOTS ( 'NONE', 3,
 ( #6244, #4824, #1816, #6308, #3758, #883, #1390, #5720, #5787, #5754, #2368 ),
 .UNSPECIFIED., .F., .F.,
 ( 4, 1, 1, 1, 1, 1, 1, 1, 4 ),
 ( 0.0000000000000000000, 0.1277281627147278109, 0.2493588318443296370, 0.3727134861951738598, 0.5000000000000002220, 0.6272865138048265843, 0.7506411681556701687, 0.8722718372852726887, 0.9999999999999998890 ),
 .UNSPECIFIED. ) ;
#1246 = ADVANCED_FACE ( 'NONE', ( #2975 ), #5520, .T. ) ;
#1247 = DIRECTION ( 'NONE',  ( -1.000000000000000000, 0.0000000000000000000, 0.0000000000000000000 ) ) ;
#1248 = EDGE_LOOP ( 'NONE', ( #3684, #152, #2196, #935, #2897 ) ) ;
#1249 = CARTESIAN_POINT ( 'NONE',  ( 3.674657593274788248, 0.9064290159990536777, -3.681317368800217427 ) ) ;
#1250 = PLANE ( 'NONE',  #701 ) ;
#1251 = CARTESIAN_POINT ( 'NONE',  ( 2.374505462134268274, 0.9064290159990537887, -3.955370541674361196 ) ) ;
#1252 = ORIENTED_EDGE ( 'NONE', *, *, #5939, .T. ) ;
#1253 = ORIENTED_EDGE ( 'NONE', *, *, #4126, .T. ) ;
#1254 = LINE ( 'NONE', #3220, #5667 ) ;
#1255 = B_SPLINE_CURVE_WITH_KNOTS ( 'NONE', 3,
 ( #3025, #3940, #575, #3874, #2417, #994, #6360, #3452, #3901, #4462, #963 ),
 .UNSPECIFIED., .F., .F.,
 ( 4, 1, 1, 1, 1, 1, 1, 1, 4 ),
 ( 0.0000000000000000000, 0.1276753205943260139, 0.2488210220607406931, 0.3728545096390351032, 0.5000883640370010763, 0.6273222184349671604, 0.7492780100383872322, 0.8723246794056734865, 1.000000000000000000 ),
 .UNSPECIFIED. ) ;
#1256 = DIRECTION ( 'NONE',  ( -0.5213313868808869822, 0.0000000000000000000, 0.8533543139006510847 ) ) ;
#1257 = ADVANCED_FACE ( 'NONE', ( #4007 ), #1515, .T. ) ;
#1258 = VECTOR ( 'NONE', #3730, 1000.000000000000000 ) ;
#1259 = CARTESIAN_POINT ( 'NONE',  ( 4.890108481362394954, 0.9064290159990536777, -3.477155710146370815 ) ) ;
#1260 = ORIENTED_EDGE ( 'NONE', *, *, #4047, .T. ) ;
#1261 = VERTEX_POINT ( 'NONE', #4473 ) ;
#1262 = LINE ( 'NONE', #5229, #3142 ) ;
#1263 = EDGE_LOOP ( 'NONE', ( #3627, #656, #5265, #679 ) ) ;
#1264 = FILL_AREA_STYLE ('',( #4632 ) ) ;
#1265 = AXIS2_PLACEMENT_3D ( 'NONE', #3057, #4560, #5027 ) ;
#1266 = LINE ( 'NONE', #3228, #4971 ) ;
#1267 = VECTOR ( 'NONE', #2199, 1000.000000000000000 ) ;
#1268 = FACE_OUTER_BOUND ( 'NONE', #6398, .T. ) ;
#1269 = LINE ( 'NONE', #3234, #966 ) ;
#1270 = DIRECTION ( 'NONE',  ( 0.0000000000000000000, -0.0000000000000000000, 1.000000000000000000 ) ) ;
#1271 = SURFACE_SIDE_STYLE ('',( #2660 ) ) ;
#1272 = ORIENTED_EDGE ( 'NONE', *, *, #860, .F. ) ;
#1273 = CARTESIAN_POINT ( 'NONE',  ( 4.329331738573933386, 0.8964290159990536688, -2.623611372019169607 ) ) ;
#1274 = AXIS2_PLACEMENT_3D ( 'NONE', #4926, #2807, #2285 ) ;
#1275 = CARTESIAN_POINT ( 'NONE',  ( 3.491484516351711420, 0.9064290159990536777, -3.681317368800217427 ) ) ;
#1276 = LINE ( 'NONE', #267, #2153 ) ;
#1277 = VECTOR ( 'NONE', #4400, 1000.000000000000114 ) ;
#1278 = ORIENTED_EDGE ( 'NONE', *, *, #1556, .F. ) ;
#1279 = LINE ( 'NONE', #4223, #5270 ) ;
#1280 = CARTESIAN_POINT ( 'NONE',  ( 0.2799999999999950862, -0.01000000000000000021, -2.350000000000000089 ) ) ;
#1281 = EDGE_CURVE ( 'NONE', #844, #4466, #1548, .T. ) ;
#1282 = CARTESIAN_POINT ( 'NONE',  ( 2.829999999999995186, 0.0000000000000000000, -3.150000000000000355 ) ) ;
#1283 = CARTESIAN_POINT ( 'NONE',  ( 2.552425973238192203, 0.9064290159990536777, -3.525543680971481741 ) ) ;
#1284 = ORIENTED_EDGE ( 'NONE', *, *, #2727, .T. ) ;
#1285 = VERTEX_POINT ( 'NONE', #584 ) ;
#1286 = CARTESIAN_POINT ( 'NONE',  ( 2.427883474714088052, 0.9064290159990536777, -3.382319173960587122 ) ) ;
#1287 = CARTESIAN_POINT ( 'NONE',  ( 0.0000000000000000000, -0.01000000000000000021, 0.0000000000000000000 ) ) ;
#1288 = DIRECTION ( 'NONE',  ( -0.3688942629807152040, 0.0000000000000000000, 0.9294713673588417269 ) ) ;
#1289 = ORIENTED_EDGE ( 'NONE', *, *, #4002, .F. ) ;
#1290 = ORIENTED_EDGE ( 'NONE', *, *, #1981, .F. ) ;
#1291 = CARTESIAN_POINT ( 'NONE',  ( 2.882374050253653675, 0.8964290159990537799, -3.348642622788310597 ) ) ;
#1292 = ORIENTED_EDGE ( 'NONE', *, *, #4255, .T. ) ;
#1293 = ORIENTED_EDGE ( 'NONE', *, *, #50, .T. ) ;
#1294 = CARTESIAN_POINT ( 'NONE',  ( 2.971168724794224669, 0.8964290159990535578, -2.920502136976269369 ) ) ;
#1295 = AXIS2_PLACEMENT_3D ( 'NONE', #1644, #5125, #1159 ) ;
#1296 = CARTESIAN_POINT ( 'NONE',  ( 4.683805563360258439, 0.9064290159990536777, -2.479871388044810665 ) ) ;
#1297 = CARTESIAN_POINT ( 'NONE',  ( 2.470178138422652658, 0.9064290159990536777, -2.871164058989656098 ) ) ;
#1298 = EDGE_LOOP ( 'NONE', ( #1962, #5920, #3616, #1352 ) ) ;
#1299 = UNCERTAINTY_MEASURE_WITH_UNIT (LENGTH_MEASURE( 1.000000000000000082E-05 ), #5743, 'distance_accuracy_value', 'NONE');
#1300 = CARTESIAN_POINT ( 'NONE',  ( 2.568413317570844789, 0.9064290159990536777, -2.998880213436461606 ) ) ;
#1301 = CARTESIAN_POINT ( 'NONE',  ( 3.491484516351711420, 0.9064290159990536777, -3.464223351706200216 ) ) ;
#1302 = DIRECTION ( 'NONE',  ( -0.0000000000000000000, 1.000000000000000000, -0.0000000000000000000 ) ) ;
#1303 = EDGE_CURVE ( 'NONE', #898, #1133, #96, .T. ) ;
#1304 = ORIENTED_EDGE ( 'NONE', *, *, #3850, .T. ) ;
#1305 = CARTESIAN_POINT ( 'NONE',  ( 5.010930630133762165, 0.9064290159990536777, -2.479871388044810665 ) ) ;
#1306 = DIRECTION ( 'NONE',  ( -0.4804543040264409592, 0.0000000000000000000, -0.8770197613181063279 ) ) ;
#1307 = DIRECTION ( 'NONE',  ( -1.000000000000000000, 0.0000000000000000000, 0.0000000000000000000 ) ) ;
#1308 = VECTOR ( 'NONE', #2708, 1000.000000000000000 ) ;
#1309 = EDGE_LOOP ( 'NONE', ( #3433, #1645, #1066, #2391 ) ) ;
#1310 = CARTESIAN_POINT ( 'NONE',  ( 2.970493917766010572, 0.8964290159990535578, -2.950471944955424863 ) ) ;
#1311 = CARTESIAN_POINT ( 'NONE',  ( 4.394459943702138993, 0.8964290159990536688, -3.735590873073721507 ) ) ;
#1312 = PLANE ( 'NONE',  #4205 ) ;
#1313 = LINE ( 'NONE', #6231, #6124 ) ;
#1314 = ORIENTED_EDGE ( 'NONE', *, *, #5118, .T. ) ;
#1315 = EDGE_LOOP ( 'NONE', ( #2583, #4627, #4341, #5751 ) ) ;
#1316 = PLANE ( 'NONE',  #2087 ) ;
#1317 = CARTESIAN_POINT ( 'NONE',  ( 4.209930029172224586, 0.9064290159990536777, -3.425956291075858307 ) ) ;
#1318 = VECTOR ( 'NONE', #5123, 1000.000000000000114 ) ;
#1319 = DIRECTION ( 'NONE',  ( -0.9294713673588417269, 0.0000000000000000000, -0.3688942629807152040 ) ) ;
#1320 = ORIENTED_EDGE ( 'NONE', *, *, #6399, .F. ) ;
#1321 = EDGE_CURVE ( 'NONE', #3165, #3607, #6008, .T. ) ;
#1322 = CARTESIAN_POINT ( 'NONE',  ( 2.803396534336680013, 0.9064290159990536777, -3.274534226529834946 ) ) ;
#1323 = ORIENTED_EDGE ( 'NONE', *, *, #4881, .T. ) ;
#1324 = FACE_OUTER_BOUND ( 'NONE', #1449, .T. ) ;
#1325 = EDGE_LOOP ( 'NONE', ( #3395, #1463, #2825, #6171 ) ) ;
#1326 = FACE_OUTER_BOUND ( 'NONE', #6096, .T. ) ;
#1327 = FACE_OUTER_BOUND ( 'NONE', #813, .T. ) ;
#1328 = LINE ( 'NONE', #6245, #540 ) ;
#1329 = AXIS2_PLACEMENT_3D ( 'NONE', #4412, #2952, #5860 ) ;
#1330 = VERTEX_POINT ( 'NONE', #621 ) ;
#1331 = DIRECTION ( 'NONE',  ( 1.000000000000000000, 0.0000000000000000000, 0.0000000000000000000 ) ) ;
#1332 = VERTEX_POINT ( 'NONE', #2585 ) ;
#1333 = CARTESIAN_POINT ( 'NONE',  ( 2.477634960984885559, 0.9064290159990536777, -3.099908214660000549 ) ) ;
#1334 = CARTESIAN_POINT ( 'NONE',  ( 4.683805563360258439, 0.8964290159990536688, -2.479871388044810665 ) ) ;
#1335 = CARTESIAN_POINT ( 'NONE',  ( 4.025400114642309291, 0.9064290159990536777, -3.735590873073721507 ) ) ;
#1336 = CARTESIAN_POINT ( 'NONE',  ( 4.040325328317523557, 0.9064290159990536777, -3.735590873073721507 ) ) ;
#1337 = DIRECTION ( 'NONE',  ( -1.000000000000000000, 0.0000000000000000000, 0.0000000000000000000 ) ) ;
#1338 = ADVANCED_FACE ( 'NONE', ( #4566 ), #4489, .T. ) ;
#1339 = CARTESIAN_POINT ( 'NONE',  ( 4.481975969343164223, 0.9064290159990536777, -3.009038054711477006 ) ) ;
#1340 = CARTESIAN_POINT ( 'NONE',  ( 3.491484516351711420, 0.8964290159990536688, -3.206424206407054722 ) ) ;
#1341 = FILL_AREA_STYLE_COLOUR ( '', #2702 ) ;
#1342 = ORIENTED_EDGE ( 'NONE', *, *, #3247, .F. ) ;
#1343 = CARTESIAN_POINT ( 'NONE',  ( 3.674657593274788248, 0.9064290159990536777, -3.518496855979704296 ) ) ;
#1344 = FACE_OUTER_BOUND ( 'NONE', #3778, .T. ) ;
#1345 = DIRECTION ( 'NONE',  ( -0.4806015670138532592, 0.0000000000000000000, 0.8769390707362905157 ) ) ;
#1346 = ORIENTED_EDGE ( 'NONE', *, *, #834, .T. ) ;
#1347 = FACE_OUTER_BOUND ( 'NONE', #4392, .T. ) ;
#1348 = CARTESIAN_POINT ( 'NONE',  ( 5.007750541992737503, 0.9064290159990536777, -2.623611372019169607 ) ) ;
#1349 = EDGE_CURVE ( 'NONE', #2380, #1005, #3575, .T. ) ;
#1350 = LINE ( 'NONE', #3814, #1109 ) ;
#1351 = EDGE_LOOP ( 'NONE', ( #2916, #4351, #1372, #3895 ) ) ;
#1352 = ORIENTED_EDGE ( 'NONE', *, *, #2787, .T. ) ;
#1353 = EDGE_LOOP ( 'NONE', ( #159, #3760, #5486, #2785 ) ) ;
#1354 = CARTESIAN_POINT ( 'NONE',  ( 2.861815330809401203, 0.8964290159990533358, -2.680150639749945718 ) ) ;
#1355 = EDGE_CURVE ( 'NONE', #4961, #2901, #3022, .T. ) ;
#1356 = AXIS2_PLACEMENT_3D ( 'NONE', #4900, #4929, #535 ) ;
#1357 = CARTESIAN_POINT ( 'NONE',  ( 5.642072123189318056, 0.8964290159990536688, -3.009038054711477006 ) ) ;
#1358 = LINE ( 'NONE', #3334, #3116 ) ;
#1359 = EDGE_CURVE ( 'NONE', #2226, #3458, #2538, .T. ) ;
#1360 = AXIS2_PLACEMENT_3D ( 'NONE', #1944, #2888, #1420 ) ;
#1361 = ORIENTED_EDGE ( 'NONE', *, *, #4681, .T. ) ;
#1362 = CARTESIAN_POINT ( 'NONE',  ( 2.567650366063694456, 0.9064290159990537887, -3.013529268605844358 ) ) ;
#1363 = AXIS2_PLACEMENT_3D ( 'NONE', #4294, #6265, #1839 ) ;
#1364 = VERTEX_POINT ( 'NONE', #1538 ) ;
#1365 = CARTESIAN_POINT ( 'NONE',  ( 1.375781264195327980, 0.9064290159990536777, -3.634977215778476101 ) ) ;
#1366 = CARTESIAN_POINT ( 'NONE',  ( 6.199999999999999289, -0.01000000000000000021, -0.3500000000000000333 ) ) ;
#1367 = VERTEX_POINT ( 'NONE', #602 ) ;
#1368 = CARTESIAN_POINT ( 'NONE',  ( 3.491484516351711420, 0.8964290159990536688, -3.464223351706200216 ) ) ;
#1369 = EDGE_CURVE ( 'NONE', #5445, #2827, #3545, .T. ) ;
#1370 = DIRECTION ( 'NONE',  ( -1.000000000000000000, 0.0000000000000000000, 0.0000000000000000000 ) ) ;
#1371 = CARTESIAN_POINT ( 'NONE',  ( 3.674657593274788248, 0.8964290159990536688, -3.518496855979704296 ) ) ;
#1372 = ORIENTED_EDGE ( 'NONE', *, *, #5353, .T. ) ;
#1373 = LINE ( 'NONE', #2869, #3870 ) ;
#1374 = FACE_OUTER_BOUND ( 'NONE', #317, .T. ) ;
#1375 = CARTESIAN_POINT ( 'NONE',  ( 2.944070577359199081, 0.9064290159990535667, -3.565158282828082115 ) ) ;
#1376 = VECTOR ( 'NONE', #1525, 1000.000000000000114 ) ;
#1377 = ORIENTED_EDGE ( 'NONE', *, *, #5129, .T. ) ;
#1378 = DIRECTION ( 'NONE',  ( -0.0000000000000000000, -1.000000000000000000, -0.0000000000000000000 ) ) ;
#1379 = DIRECTION ( 'NONE',  ( -0.4802758347947843065, 0.0000000000000000000, -0.8771175078130484248 ) ) ;
#1380 = ADVANCED_FACE ( 'NONE', ( #6028 ), #4119, .T. ) ;
#1381 = ORIENTED_EDGE ( 'NONE', *, *, #1164, .F. ) ;
#1382 = CARTESIAN_POINT ( 'NONE',  ( 3.686190712932907676, 0.9064290159990536777, -3.735590873073721507 ) ) ;
#1383 = VECTOR ( 'NONE', #1388, 1000.000000000000000 ) ;
#1384 = EDGE_LOOP ( 'NONE', ( #3384, #2383, #381, #878 ) ) ;
#1385 = CARTESIAN_POINT ( 'NONE',  ( 2.712930191797556123, 0.8964290159990538909, -2.581516162819270654 ) ) ;
#1386 = ORIENTED_EDGE ( 'NONE', *, *, #389, .F. ) ;
#1387 = VECTOR ( 'NONE', #2682, 1000.000000000000114 ) ;
#1388 = DIRECTION ( 'NONE',  ( -1.000000000000000000, 0.0000000000000000000, -4.688441826964343312E-16 ) ) ;
#1389 = VECTOR ( 'NONE', #6254, 1000.000000000000000 ) ;
#1390 = CARTESIAN_POINT ( 'NONE',  ( 0.5505018879068303006, 0.9064290159990541218, -0.7300498225709709521 ) ) ;
#1391 = FACE_OUTER_BOUND ( 'NONE', #2416, .T. ) ;
#1392 = VERTEX_POINT ( 'NONE', #5476 ) ;
#1393 = CARTESIAN_POINT ( 'NONE',  ( 2.460510475190040403, 0.9064290159990535667, -3.103601863744160028 ) ) ;
#1394 = VERTEX_POINT ( 'NONE', #5573 ) ;
#1395 = PLANE ( 'NONE',  #5407 ) ;
#1396 = FACE_OUTER_BOUND ( 'NONE', #5777, .T. ) ;
#1397 = VECTOR ( 'NONE', #179, 1000.000000000000000 ) ;
#1398 = DIRECTION ( 'NONE',  ( -0.0000000000000000000, -1.000000000000000000, -0.0000000000000000000 ) ) ;
#1399 = LINE ( 'NONE', #3893, #2258 ) ;
#1400 = SURFACE_STYLE_USAGE ( .BOTH. , #3966 ) ;
#1401 = ORIENTED_EDGE ( 'NONE', *, *, #1443, .T. ) ;
#1402 = PRESENTATION_STYLE_ASSIGNMENT (( #5735 ) ) ;
#1403 = DIRECTION ( 'NONE',  ( -0.0000000000000000000, -1.000000000000000000, -0.0000000000000000000 ) ) ;
#1404 = DIRECTION ( 'NONE',  ( -0.0000000000000000000, -1.000000000000000000, -0.0000000000000000000 ) ) ;
#1405 = ORIENTED_EDGE ( 'NONE', *, *, #6401, .F. ) ;
#1406 = ORIENTED_EDGE ( 'NONE', *, *, #5155, .T. ) ;
#1407 = CARTESIAN_POINT ( 'NONE',  ( 3.803557165924360994, 0.8964290159990536688, -3.009038054711477006 ) ) ;
#1408 = CARTESIAN_POINT ( 'NONE',  ( 4.025400114642309291, 0.8964290159990536688, -3.735590873073721507 ) ) ;
#1409 = VERTEX_POINT ( 'NONE', #1050 ) ;
#1410 = VECTOR ( 'NONE', #6030, 1000.000000000000227 ) ;
#1411 = ADVANCED_FACE ( 'NONE', ( #5600 ), #3118, .T. ) ;
#1412 = DIRECTION ( 'NONE',  ( -1.000000000000000000, 0.0000000000000000000, 0.0000000000000000000 ) ) ;
#1413 = EDGE_CURVE ( 'NONE', #2673, #1392, #4991, .T. ) ;
#1414 = ORIENTED_EDGE ( 'NONE', *, *, #217, .T. ) ;
#1415 = CARTESIAN_POINT ( 'NONE',  ( 2.481858441106281621, 0.8964290159990536688, -2.537619404509760201 ) ) ;
#1416 = ORIENTED_EDGE ( 'NONE', *, *, #3301, .F. ) ;
#1417 = VECTOR ( 'NONE', #5996, 1000.000000000000000 ) ;
#1418 = CARTESIAN_POINT ( 'NONE',  ( 4.443751309888036793, 0.9064290159990536777, -3.206424206407054722 ) ) ;
#1419 = DIRECTION ( 'NONE',  ( -1.000000000000000000, 0.0000000000000000000, 0.0000000000000000000 ) ) ;
#1420 = DIRECTION ( 'NONE',  ( 0.0000000000000000000, 0.0000000000000000000, -1.000000000000000000 ) ) ;
#1421 = AXIS2_PLACEMENT_3D ( 'NONE', #79, #6091, #1598 ) ;
#1422 = EDGE_CURVE ( 'NONE', #6185, #5516, #537, .T. ) ;
#1423 = ORIENTED_EDGE ( 'NONE', *, *, #1922, .T. ) ;
#1424 = CARTESIAN_POINT ( 'NONE',  ( 2.477634960984885559, 0.9064290159990536777, -3.099908214660000549 ) ) ;
#1425 = ORIENTED_EDGE ( 'NONE', *, *, #2188, .F. ) ;
#1426 = LINE ( 'NONE', #4447, #2411 ) ;
#1427 = FILL_AREA_STYLE_COLOUR ( '', #2671 ) ;
#1428 = LINE ( 'NONE', #951, #1742 ) ;
#1429 = DIRECTION ( 'NONE',  ( 1.000000000000000000, 0.0000000000000000000, 0.0000000000000000000 ) ) ;
#1430 = ADVANCED_FACE ( 'NONE', ( #4554 ), #3499, .T. ) ;
#1431 = VECTOR ( 'NONE', #2623, 1000.000000000000000 ) ;
#1432 = AXIS2_PLACEMENT_3D ( 'NONE', #762, #2695, #865 ) ;
#1433 = ADVANCED_FACE ( 'NONE', ( #2176 ), #759, .T. ) ;
#1434 = VECTOR ( 'NONE', #4313, 1000.000000000000000 ) ;
#1435 = CARTESIAN_POINT ( 'NONE',  ( 4.332511826714958936, 0.9064290159990536777, -2.479871388044810665 ) ) ;
#1436 = STYLED_ITEM ( 'NONE', ( #3192 ), #4865 ) ;
#1437 = CARTESIAN_POINT ( 'NONE',  ( 4.089616694503420469, 0.9064290159990536777, -3.206424206407054722 ) ) ;
#1438 = ORIENTED_EDGE ( 'NONE', *, *, #5053, .F. ) ;
#1439 = EDGE_LOOP ( 'NONE', ( #483, #5760, #580, #1764 ) ) ;
#1440 = DIRECTION ( 'NONE',  ( 0.4802882638304223351, 0.0000000000000000000, 0.8771107020363840823 ) ) ;
#1441 = EDGE_CURVE ( 'NONE', #3881, #2009, #1242, .T. ) ;
#1442 = CARTESIAN_POINT ( 'NONE',  ( 2.374505462134268274, 0.9064290159990537887, -3.955370541674361196 ) ) ;
#1443 = EDGE_CURVE ( 'NONE', #5622, #1409, #5244, .T. ) ;
#1444 = EDGE_CURVE ( 'NONE', #5856, #1739, #334, .T. ) ;
#1445 = MECHANICAL_DESIGN_GEOMETRIC_PRESENTATION_REPRESENTATION (  '', ( #2453 ), #2994 ) ;
#1446 = DIRECTION ( 'NONE',  ( -4.336808689942018229E-16, 0.0000000000000000000, -1.000000000000000000 ) ) ;
#1447 = FACE_OUTER_BOUND ( 'NONE', #3955, .T. ) ;
#1448 =( GEOMETRIC_REPRESENTATION_CONTEXT ( 3 ) GLOBAL_UNCERTAINTY_ASSIGNED_CONTEXT ( ( #3475 ) ) GLOBAL_UNIT_ASSIGNED_CONTEXT ( ( #3245, #2764, #2381 ) ) REPRESENTATION_CONTEXT ( 'NONE', 'WORKASPACE' ) );
#1449 = EDGE_LOOP ( 'NONE', ( #4502, #5611, #3521, #587 ) ) ;
#1450 = AXIS2_PLACEMENT_3D ( 'NONE', #42, #5501, #532 ) ;
#1451 = B_SPLINE_CURVE_WITH_KNOTS ( 'NONE', 3,
 ( #4784, #3813, #2905, #2846, #4876, #2359, #2418, #5324, #3423, #904, #2936, #4429, #6396, #1967, #4906, #478, #2444 ),
 .UNSPECIFIED., .F., .F.,
 ( 4, 1, 1, 1, 1, 1, 1, 1, 1, 1, 1, 1, 1, 1, 4 ),
 ( 0.0000000000000000000, 0.1206660733040193917, 0.2306394391884424022, 0.3303518480381316680, 0.4203827931102916970, 0.5007196380486821363, 0.5721369648296090737, 0.6339759756642188160, 0.6899155697071892579, 0.7408030946708966669, 0.7861101393510745439, 0.8256243424264403385, 0.8600233983262879356, 0.9268261652858483801, 1.000000000000000000 ),
 .UNSPECIFIED. ) ;
#1452 = CARTESIAN_POINT ( 'NONE',  ( -1.734723475976807094E-15, 0.0000000000000000000, -5.500000000000000000 ) ) ;
#1453 = ORIENTED_EDGE ( 'NONE', *, *, #4047, .F. ) ;
#1454 = CARTESIAN_POINT ( 'NONE',  ( 2.579681981460850260, 0.8964290159990536688, -2.544133529032138963 ) ) ;
#1455 = VERTEX_POINT ( 'NONE', #5697 ) ;
#1456 = CARTESIAN_POINT ( 'NONE',  ( 3.864614858232053418, 0.8964290159990536688, -3.009038054711477006 ) ) ;
#1457 = CARTESIAN_POINT ( 'NONE',  ( 0.5673854019246077351, 0.8964290159990537799, -0.8980096207073271497 ) ) ;
#1458 = DIRECTION ( 'NONE',  ( -0.0000000000000000000, -1.000000000000000000, -0.0000000000000000000 ) ) ;
#1459 = CARTESIAN_POINT ( 'NONE',  ( 1.010593714943949006, 0.9064290159990536777, -2.278859406479815330 ) ) ;
#1460 = ORIENTED_EDGE ( 'NONE', *, *, #2709, .T. ) ;
#1461 = ORIENTED_EDGE ( 'NONE', *, *, #970, .F. ) ;
#1462 = PLANE ( 'NONE',  #3352 ) ;
#1463 = ORIENTED_EDGE ( 'NONE', *, *, #1641, .F. ) ;
#1464 = DIRECTION ( 'NONE',  ( 0.4806015670138532592, 0.0000000000000000000, -0.8769390707362905157 ) ) ;
#1465 = DIRECTION ( 'NONE',  ( 0.0000000000000000000, 0.0000000000000000000, -1.000000000000000000 ) ) ;
#1466 = CARTESIAN_POINT ( 'NONE',  ( 0.7352672590914194339, 0.8964290159990536688, -0.9146714281521770573 ) ) ;
#1467 = LINE ( 'NONE', #3505, #2875 ) ;
#1468 = VECTOR ( 'NONE', #2213, 1000.000000000000000 ) ;
#1469 = DIRECTION ( 'NONE',  ( 0.0000000000000000000, -0.0000000000000000000, 1.000000000000000000 ) ) ;
#1470 = PLANE ( 'NONE',  #4637 ) ;
#1471 = LINE ( 'NONE', #4350, #2395 ) ;
#1472 = EDGE_LOOP ( 'NONE', ( #1197, #4688, #4327, #2931 ) ) ;
#1473 = ADVANCED_FACE ( 'NONE', ( #6121 ), #3206, .T. ) ;
#1474 = DIRECTION ( 'NONE',  ( -0.0000000000000000000, -1.000000000000000000, -0.0000000000000000000 ) ) ;
#1475 = CARTESIAN_POINT ( 'NONE',  ( 0.5296574791319047515, 0.9064290159990534557, -0.8127767024394290107 ) ) ;
#1476 = CARTESIAN_POINT ( 'NONE',  ( 2.470178138422652658, 0.8964290159990536688, -2.871164058989656098 ) ) ;
#1477 = AXIS2_PLACEMENT_3D ( 'NONE', #2527, #3987, #5986 ) ;
#1478 = VERTEX_POINT ( 'NONE', #5152 ) ;
#1479 = SURFACE_STYLE_FILL_AREA ( #5910 ) ;
#1480 = ORIENTED_EDGE ( 'NONE', *, *, #1244, .T. ) ;
#1481 = LINE ( 'NONE', #5034, #3872 ) ;
#1482 = ORIENTED_EDGE ( 'NONE', *, *, #4881, .F. ) ;
#1483 = EDGE_CURVE ( 'NONE', #2901, #3920, #302, .T. ) ;
#1484 = CARTESIAN_POINT ( 'NONE',  ( 2.532959185866572760, 0.8964290159990535578, -3.069717322832099082 ) ) ;
#1485 = CARTESIAN_POINT ( 'NONE',  ( 4.683805563360258439, 0.9064290159990536777, -2.479871388044810665 ) ) ;
#1486 = SURFACE_STYLE_USAGE ( .BOTH. , #5916 ) ;
#1487 = LINE ( 'NONE', #3589, #3947 ) ;
#1488 = CARTESIAN_POINT ( 'NONE',  ( 4.592113021960685160, 0.9064290159990536777, -3.009038054711477006 ) ) ;
#1489 = VERTEX_POINT ( 'NONE', #827 ) ;
#1490 = VERTEX_POINT ( 'NONE', #6219 ) ;
#1491 = EDGE_CURVE ( 'NONE', #5040, #3264, #4248, .T. ) ;
#1492 = CARTESIAN_POINT ( 'NONE',  ( 2.872215525787040313, 0.8964290159990535578, -3.759669839922769707 ) ) ;
#1493 = AXIS2_PLACEMENT_3D ( 'NONE', #915, #2826, #4796 ) ;
#1494 = ORIENTED_EDGE ( 'NONE', *, *, #6016, .F. ) ;
#1495 = DIRECTION ( 'NONE',  ( 0.2473315137773177408, 0.0000000000000000000, -0.9689309171930785558 ) ) ;
#1496 = AXIS2_PLACEMENT_3D ( 'NONE', #3674, #3179, #1243 ) ;
#1497 = DIRECTION ( 'NONE',  ( 0.4804152582365220914, 0.0000000000000000000, 0.8770411504904065403 ) ) ;
#1498 = CARTESIAN_POINT ( 'NONE',  ( 4.238020807751283314, 0.9064290159990536777, -3.477155710146370815 ) ) ;
#1499 = LINE ( 'NONE', #1560, #1760 ) ;
#1500 = LINE ( 'NONE', #1018, #3552 ) ;
#1501 = EDGE_CURVE ( 'NONE', #4970, #2198, #2239, .T. ) ;
#1502 = EDGE_CURVE ( 'NONE', #207, #1541, #5119, .T. ) ;
#1503 = CARTESIAN_POINT ( 'NONE',  ( 6.499999999999997335, 0.8964290159990536688, 0.0000000000000000000 ) ) ;
#1504 = CARTESIAN_POINT ( 'NONE',  ( 4.387675755667951094, 0.9064290159990536777, -3.206424206407054722 ) ) ;
#1505 = VERTEX_POINT ( 'NONE', #4181 ) ;
#1506 = CARTESIAN_POINT ( 'NONE',  ( 0.5876856367598308761, 0.9064290159990536777, -0.9147876630481820426 ) ) ;
#1507 = FACE_OUTER_BOUND ( 'NONE', #4040, .T. ) ;
#1508 = EDGE_LOOP ( 'NONE', ( #6003, #4658, #3810, #3967 ) ) ;
#1509 = EDGE_CURVE ( 'NONE', #5741, #5354, #2726, .T. ) ;
#1510 = DIRECTION ( 'NONE',  ( 0.0000000000000000000, 0.0000000000000000000, 1.000000000000000000 ) ) ;
#1511 = ORIENTED_EDGE ( 'NONE', *, *, #2284, .F. ) ;
#1512 = CARTESIAN_POINT ( 'NONE',  ( 2.810739720869677605, 0.9064290159990534557, -3.279881076897787295 ) ) ;
#1513 = ORIENTED_EDGE ( 'NONE', *, *, #2044, .F. ) ;
#1514 = CARTESIAN_POINT ( 'NONE',  ( 2.559414891375597634, 0.8964290159990531137, -3.034560569559087373 ) ) ;
#1515 = PLANE ( 'NONE',  #5866 ) ;
#1516 = ADVANCED_FACE ( 'NONE', ( #5765 ), #3673, .F. ) ;
#1517 = VECTOR ( 'NONE', #4261, 1000.000000000000227 ) ;
#1518 = CARTESIAN_POINT ( 'NONE',  ( 2.391587361516053001, 0.8964290159990536688, -3.634977215778476101 ) ) ;
#1519 = ORIENTED_EDGE ( 'NONE', *, *, #1083, .F. ) ;
#1520 = EDGE_CURVE ( 'NONE', #5023, #2473, #1728, .T. ) ;
#1521 = ORIENTED_EDGE ( 'NONE', *, *, #5811, .F. ) ;
#1522 = CARTESIAN_POINT ( 'NONE',  ( 2.543865849794452849, 0.8964290159990536688, -3.465952807700143801 ) ) ;
#1523 = AXIS2_PLACEMENT_3D ( 'NONE', #5093, #145, #1053 ) ;
#1524 = EDGE_LOOP ( 'NONE', ( #2008, #5869, #2003, #3650 ) ) ;
#1525 = DIRECTION ( 'NONE',  ( -0.7871623908499748579, 0.0000000000000000000, 0.6167457907690584440 ) ) ;
#1526 = CARTESIAN_POINT ( 'NONE',  ( 2.529970039508576463, 0.9064290159990538998, -2.897067692646408510 ) ) ;
#1527 = CARTESIAN_POINT ( 'NONE',  ( 0.2799999999999950862, -0.0000000000000000000, -2.350000000000000089 ) ) ;
#1528 = CARTESIAN_POINT ( 'NONE',  ( 4.564064644556840022, 0.9064290159990536777, -3.528355129216884212 ) ) ;
#1529 = DIRECTION ( 'NONE',  ( -0.0000000000000000000, -1.000000000000000000, -0.0000000000000000000 ) ) ;
#1530 = VECTOR ( 'NONE', #5186, 1000.000000000000000 ) ;
#1531 = UNCERTAINTY_MEASURE_WITH_UNIT (LENGTH_MEASURE( 1.000000000000000082E-05 ), #2881, 'distance_accuracy_value', 'NONE');
#1532 = FACE_OUTER_BOUND ( 'NONE', #1351, .T. ) ;
#1533 = DIRECTION ( 'NONE',  ( 1.000000000000000000, 0.0000000000000000000, 0.0000000000000000000 ) ) ;
#1534 = ORIENTED_EDGE ( 'NONE', *, *, #4417, .T. ) ;
#1535 = VECTOR ( 'NONE', #5963, 1000.000000000000000 ) ;
#1536 = B_SPLINE_SURFACE_WITH_KNOTS ( 'NONE', 3, 1, ( 
 ( #62, #6074 ),
 ( #2647, #4135 ),
 ( #2588, #2521 ),
 ( #127, #6105 ),
 ( #2037, #2131 ),
 ( #6043, #5981 ),
 ( #2549, #2099 ),
 ( #4073, #3525 ),
 ( #1065, #1549 ),
 ( #1613, #5492 ),
 ( #2617, #3035 ) ),
 .UNSPECIFIED., .F., .F., .F.,
 ( 4, 1, 1, 1, 1, 1, 1, 1, 4 ),
 ( 2, 2 ),
 ( 0.0000000000000000000, 0.1276191503607365108, 0.2501824245187928009, 0.3728221216143818295, 0.5000000000000000000, 0.6271778783856181150, 0.7498175754812065330, 0.8723808496392635448, 1.000000000000000000 ),
 ( 0.0000000000000000000, 1.000000000000000000 ),
 .UNSPECIFIED. ) ;
#1537 = EDGE_CURVE ( 'NONE', #1882, #1781, #4280, .T. ) ;
#1538 = CARTESIAN_POINT ( 'NONE',  ( 5.255373405240600704, 0.8964290159990536688, -3.009038054711477006 ) ) ;
#1539 = DIRECTION ( 'NONE',  ( -0.0000000000000000000, -1.000000000000000000, -0.0000000000000000000 ) ) ;
#1540 = CARTESIAN_POINT ( 'NONE',  ( 5.642072123189318056, 0.9064290159990536777, -3.009038054711477006 ) ) ;
#1541 = VERTEX_POINT ( 'NONE', #5210 ) ;
#1542 = CARTESIAN_POINT ( 'NONE',  ( 4.349999999999997868, -0.01000000000000000021, -0.3500000000000000333 ) ) ;
#1543 = EDGE_LOOP ( 'NONE', ( #6106, #85, #3030, #2906 ) ) ;
#1544 = CARTESIAN_POINT ( 'NONE',  ( 2.944284913034486806, 0.9064290159990536777, -3.540846179503896796 ) ) ;
#1545 = EDGE_LOOP ( 'NONE', ( #1734, #4075, #3132, #1179, #6354, #4642, #1226, #4421, #2868, #4032, #626, #5975 ) ) ;
#1546 = EDGE_CURVE ( 'NONE', #2309, #2072, #792, .T. ) ;
#1547 = FACE_BOUND ( 'NONE', #4097, .T. ) ;
#1548 = LINE ( 'NONE', #3034, #4731 ) ;
#1549 = CARTESIAN_POINT ( 'NONE',  ( 0.7921725249288645854, 0.8964290159990536688, -0.8300843086968849871 ) ) ;
#1550 = EDGE_LOOP ( 'NONE', ( #2012, #3984, #2779, #5209 ) ) ;
#1551 = ORIENTED_EDGE ( 'NONE', *, *, #2510, .T. ) ;
#1552 = CARTESIAN_POINT ( 'NONE',  ( 2.814017018261813163, 0.8964290159990540019, -3.822377651116394492 ) ) ;
#1553 = ORIENTED_EDGE ( 'NONE', *, *, #5477, .F. ) ;
#1554 = CARTESIAN_POINT ( 'NONE',  ( 2.844368322809796013, 0.8964290159990533358, -3.199312615216427957 ) ) ;
#1555 = CARTESIAN_POINT ( 'NONE',  ( 2.561289030832182956, 0.9064290159990535667, -2.941641768898311859 ) ) ;
#1556 = EDGE_CURVE ( 'NONE', #6011, #5135, #2276, .T. ) ;
#1557 = DIRECTION ( 'NONE',  ( -0.4802882638304222795, 0.0000000000000000000, -0.8771107020363840823 ) ) ;
#1558 = EDGE_CURVE ( 'NONE', #5971, #5651, #3374, .T. ) ;
#1559 = CARTESIAN_POINT ( 'NONE',  ( 2.792250596080291025, 0.9064290159990535667, -2.624554191292140182 ) ) ;
#1560 = CARTESIAN_POINT ( 'NONE',  ( 4.748594559086754430, 0.9064290159990536777, -3.735590873073721507 ) ) ;
#1561 = CARTESIAN_POINT ( 'NONE',  ( 3.443995200112394794, 0.9064290159990536777, -3.206424206407054722 ) ) ;
#1562 = CARTESIAN_POINT ( 'NONE',  ( 2.129999999999994120, -0.01000000000000000021, -5.150000000000001243 ) ) ;
#1563 = LINE ( 'NONE', #4085, #2181 ) ;
#1564 = ORIENTED_EDGE ( 'NONE', *, *, #2587, .T. ) ;
#1565 = CARTESIAN_POINT ( 'NONE',  ( 0.6353107476872941195, 0.8964290159990534468, -0.6730311627248146689 ) ) ;
#1566 = ADVANCED_FACE ( 'NONE', ( #5863 ), #502, .F. ) ;
#1567 = FACE_OUTER_BOUND ( 'NONE', #3661, .T. ) ;
#1568 = ADVANCED_FACE ( 'NONE', ( #4802 ), #368, .T. ) ;
#1569 = LINE ( 'NONE', #3024, #280 ) ;
#1570 = STYLED_ITEM ( 'NONE', ( #6156 ), #5275 ) ;
#1571 = CARTESIAN_POINT ( 'NONE',  ( 0.6171964533206235615, 0.9064290159990536777, -3.955798581026702454 ) ) ;
#1572 = ORIENTED_EDGE ( 'NONE', *, *, #4557, .T. ) ;
#1573 = AXIS2_PLACEMENT_3D ( 'NONE', #1750, #3265, #194 ) ;
#1574 = CARTESIAN_POINT ( 'NONE',  ( 3.649999999999995026, -0.01000000000000000021, -0.3499999999999996447 ) ) ;
#1575 = ORIENTED_EDGE ( 'NONE', *, *, #1922, .F. ) ;
#1576 = DIRECTION ( 'NONE',  ( -0.4804152582365220359, 0.0000000000000000000, 0.8770411504904065403 ) ) ;
#1577 = ORIENTED_EDGE ( 'NONE', *, *, #6210, .F. ) ;
#1578 = EDGE_CURVE ( 'NONE', #6300, #3866, #3926, .T. ) ;
#1579 = FILL_AREA_STYLE ('',( #547 ) ) ;
#1580 = EDGE_CURVE ( 'NONE', #1749, #5858, #3443, .T. ) ;
#1581 = CARTESIAN_POINT ( 'NONE',  ( 4.181839250593164081, 0.9064290159990536777, -3.477155710146370815 ) ) ;
#1582 = CARTESIAN_POINT ( 'NONE',  ( 3.913694218541882375, 0.8964290159990536688, -3.009038054711477006 ) ) ;
#1583 = VERTEX_POINT ( 'NONE', #3830 ) ;
#1584 = ORIENTED_EDGE ( 'NONE', *, *, #995, .F. ) ;
#1585 = CARTESIAN_POINT ( 'NONE',  ( 2.552895625897455556, 0.8964290159990536688, -3.518035135400225055 ) ) ;
#1586 = ORIENTED_EDGE ( 'NONE', *, *, #2482, .F. ) ;
#1587 = CARTESIAN_POINT ( 'NONE',  ( 2.810495932645452388, 0.8964290159990537799, -3.228603505007761054 ) ) ;
#1588 = VECTOR ( 'NONE', #4202, 1000.000000000000000 ) ;
#1589 = CARTESIAN_POINT ( 'NONE',  ( 5.302862721479915997, 0.8964290159990536688, -3.009038054711477006 ) ) ;
#1590 = CARTESIAN_POINT ( 'NONE',  ( 4.209930029172224586, 0.8964290159990536688, -3.528355129216884212 ) ) ;
#1591 = DIRECTION ( 'NONE',  ( 1.239088197126290817E-16, 0.0000000000000000000, -1.000000000000000000 ) ) ;
#1592 = LINE ( 'NONE', #6022, #4060 ) ;
#1593 = VECTOR ( 'NONE', #4914, 1000.000000000000000 ) ;
#1594 = DIRECTION ( 'NONE',  ( -0.4806015670138532592, 0.0000000000000000000, 0.8769390707362905157 ) ) ;
#1595 = CARTESIAN_POINT ( 'NONE',  ( 4.564064644556840022, 0.9064290159990536777, -3.528355129216884212 ) ) ;
#1596 = ORIENTED_EDGE ( 'NONE', *, *, #1632, .T. ) ;
#1597 = EDGE_CURVE ( 'NONE', #101, #681, #3412, .T. ) ;
#1598 = DIRECTION ( 'NONE',  ( 0.4802882638304245555, 0.0000000000000000000, -0.8771107020363828610 ) ) ;
#1599 = VECTOR ( 'NONE', #585, 1000.000000000000000 ) ;
#1600 = CARTESIAN_POINT ( 'NONE',  ( 0.5506186582222731829, 0.9064290159990538998, -0.8778400399451190550 ) ) ;
#1601 = LINE ( 'NONE', #6093, #1731 ) ;
#1602 = DIRECTION ( 'NONE',  ( -0.0000000000000000000, -1.000000000000000000, -0.0000000000000000000 ) ) ;
#1603 = VERTEX_POINT ( 'NONE', #5379 ) ;
#1604 = VECTOR ( 'NONE', #4499, 1000.000000000000000 ) ;
#1605 = CARTESIAN_POINT ( 'NONE',  ( 3.803557165924360994, 0.9064290159990536777, -3.009038054711477006 ) ) ;
#1606 = DIRECTION ( 'NONE',  ( 0.0000000000000000000, -1.000000000000000000, 0.0000000000000000000 ) ) ;
#1607 = VERTEX_POINT ( 'NONE', #893 ) ;
#1608 = CARTESIAN_POINT ( 'NONE',  ( 2.920502486843826073, 0.9064290159990535667, -3.419223111102317247 ) ) ;
#1609 = ORIENTED_EDGE ( 'NONE', *, *, #4496, .T. ) ;
#1610 = B_SPLINE_CURVE_WITH_KNOTS ( 'NONE', 3,
 ( #4414, #4483, #5958, #5378, #1466, #40, #2017, #3504, #6379, #5409, #6315 ),
 .UNSPECIFIED., .F., .F.,
 ( 4, 1, 1, 1, 1, 1, 1, 1, 4 ),
 ( 0.0000000000000000000, 0.1276191503607365108, 0.2501824245187928009, 0.3728221216143818295, 0.5000000000000000000, 0.6271778783856181150, 0.7498175754812065330, 0.8723808496392635448, 1.000000000000000000 ),
 .UNSPECIFIED. ) ;
#1611 = DIRECTION ( 'NONE',  ( -0.0000000000000000000, -1.000000000000000000, -0.0000000000000000000 ) ) ;
#1612 = DIRECTION ( 'NONE',  ( 1.000000000000000000, 0.0000000000000000000, 0.0000000000000000000 ) ) ;
#1613 = CARTESIAN_POINT ( 'NONE',  ( 0.7932171381971933055, 0.9064290159990537887, -0.8127623096318707940 ) ) ;
#1614 = EDGE_CURVE ( 'NONE', #1505, #4305, #400, .T. ) ;
#1615 = ORIENTED_EDGE ( 'NONE', *, *, #16, .T. ) ;
#1616 = EDGE_CURVE ( 'NONE', #3244, #6170, #2405, .T. ) ;
#1617 = ORIENTED_EDGE ( 'NONE', *, *, #5154, .T. ) ;
#1618 = CARTESIAN_POINT ( 'NONE',  ( 2.538709376369955972, 0.8964290159990536688, -3.455095426706072725 ) ) ;
#1619 = ORIENTED_EDGE ( 'NONE', *, *, #3578, .F. ) ;
#1620 = LINE ( 'NONE', #3042, #1376 ) ;
#1621 = CARTESIAN_POINT ( 'NONE',  ( 4.032184302676498078, 0.9064290159990536777, -3.206424206407054722 ) ) ;
#1622 = CARTESIAN_POINT ( 'NONE',  ( 4.695677892420087041, 0.9064290159990536777, -2.620961298568314835 ) ) ;
#1623 = VECTOR ( 'NONE', #3514, 1000.000000000000000 ) ;
#1624 = VECTOR ( 'NONE', #4493, 1000.000000000000000 ) ;
#1625 = DIRECTION ( 'NONE',  ( -0.0000000000000000000, -1.000000000000000000, -0.0000000000000000000 ) ) ;
#1626 = LINE ( 'NONE', #1046, #1743 ) ;
#1627 = CARTESIAN_POINT ( 'NONE',  ( 0.5299999999999949196, -0.01000000000000000021, -0.3500000000000000333 ) ) ;
#1628 = ADVANCED_FACE ( 'NONE', ( #952 ), #2865, .T. ) ;
#1629 = EDGE_LOOP ( 'NONE', ( #5985, #5494, #2493, #5678 ) ) ;
#1630 = AXIS2_PLACEMENT_3D ( 'NONE', #6324, #5903, #5385 ) ;
#1631 = CARTESIAN_POINT ( 'NONE',  ( 0.6614583333333333703, 0.9064290159990536777, -0.6716346153846154410 ) ) ;
#1632 = EDGE_CURVE ( 'NONE', #3327, #1028, #5833, .T. ) ;
#1633 = DIRECTION ( 'NONE',  ( -0.0000000000000000000, -1.000000000000000000, -0.0000000000000000000 ) ) ;
#1634 = AXIS2_PLACEMENT_3D ( 'NONE', #3178, #3798, #2693 ) ;
#1635 = CARTESIAN_POINT ( 'NONE',  ( 0.0000000000000000000, 0.0000000000000000000, 0.0000000000000000000 ) ) ;
#1636 = CARTESIAN_POINT ( 'NONE',  ( 2.827433045419931457, 0.8964290159990537799, -3.293744771378034120 ) ) ;
#1637 = ORIENTED_EDGE ( 'NONE', *, *, #5272, .F. ) ;
#1638 = EDGE_CURVE ( 'NONE', #5221, #1949, #2925, .T. ) ;
#1639 =( LENGTH_UNIT ( ) NAMED_UNIT ( * ) SI_UNIT ( .MILLI., .METRE. ) );
#1640 = EDGE_CURVE ( 'NONE', #1330, #2095, #465, .T. ) ;
#1641 = EDGE_CURVE ( 'NONE', #4026, #1199, #5017, .T. ) ;
#1642 = PLANE ( 'NONE',  #5961 ) ;
#1643 = VECTOR ( 'NONE', #4349, 1000.000000000000000 ) ;
#1644 = CARTESIAN_POINT ( 'NONE',  ( 5.038406591672224266, 0.9064290159990536777, -3.206424206407054722 ) ) ;
#1645 = ORIENTED_EDGE ( 'NONE', *, *, #3139, .F. ) ;
#1646 = CARTESIAN_POINT ( 'NONE',  ( 5.160394772761967452, 0.9064290159990536777, -3.009038054711477006 ) ) ;
#1647 = ORIENTED_EDGE ( 'NONE', *, *, #3074, .F. ) ;
#1648 = VECTOR ( 'NONE', #4312, 1000.000000000000000 ) ;
#1649 = AXIS2_PLACEMENT_3D ( 'NONE', #3047, #1014, #1043 ) ;
#1650 = CARTESIAN_POINT ( 'NONE',  ( 0.7932345449492584910, 0.9064290159990536777, -0.7950840470445286190 ) ) ;
#1651 = VECTOR ( 'NONE', #1097, 1000.000000000000000 ) ;
#1652 = CARTESIAN_POINT ( 'NONE',  ( 4.089616694503420469, 0.9064290159990536777, -3.206424206407054722 ) ) ;
#1653 = EDGE_LOOP ( 'NONE', ( #2117, #4593, #2591, #6345 ) ) ;
#1654 = ORIENTED_EDGE ( 'NONE', *, *, #3781, .T. ) ;
#1655 = LINE ( 'NONE', #2197, #2525 ) ;
#1656 = ORIENTED_EDGE ( 'NONE', *, *, #2445, .F. ) ;
#1657 = CARTESIAN_POINT ( 'NONE',  ( 2.786279085162151503, 0.8964290159990536688, -3.244394322374975825 ) ) ;
#1658 = CARTESIAN_POINT ( 'NONE',  ( 5.642072123189318056, 0.9064290159990536777, -2.534144892318314746 ) ) ;
#1659 = CARTESIAN_POINT ( 'NONE',  ( 0.7353720912271701771, 0.8964290159990537799, -0.6930866069402220608 ) ) ;
#1660 = CARTESIAN_POINT ( 'NONE',  ( 2.568795645598007216, 0.9064290159990536777, -2.991539321767443305 ) ) ;
#1661 = VECTOR ( 'NONE', #875, 1000.000000000000000 ) ;
#1662 = CARTESIAN_POINT ( 'NONE',  ( 4.733669345411541052, 0.9064290159990536777, -3.735590873073721507 ) ) ;
#1663 = FACE_OUTER_BOUND ( 'NONE', #4367, .T. ) ;
#1664 = DIRECTION ( 'NONE',  ( 1.000000000000000000, 0.0000000000000000000, -0.0000000000000000000 ) ) ;
#1665 = EDGE_LOOP ( 'NONE', ( #4826, #4117, #5704, #193, #5336, #3330, #6364, #3162, #1564, #5117, #2977, #1654, #3130 ) ) ;
#1666 = CARTESIAN_POINT ( 'NONE',  ( 5.255373405240600704, 0.9064290159990536777, -3.009038054711477006 ) ) ;
#1667 = EDGE_CURVE ( 'NONE', #4869, #306, #2079, .T. ) ;
#1668 = DIRECTION ( 'NONE',  ( -0.0000000000000000000, -1.000000000000000000, -0.0000000000000000000 ) ) ;
#1669 = EDGE_CURVE ( 'NONE', #898, #1607, #3990, .T. ) ;
#1670 = PLANE ( 'NONE',  #225 ) ;
#1671 = EDGE_LOOP ( 'NONE', ( #6327, #2419, #2158, #2692 ) ) ;
#1672 = PRESENTATION_LAYER_ASSIGNMENT (  '', '', ( #2912 ) ) ;
#1673 = CARTESIAN_POINT ( 'NONE',  ( 0.5381966506841733278, 0.8964290159990537799, -0.8550933745953100962 ) ) ;
#1674 = DIRECTION ( 'NONE',  ( 0.9661867393583452035, 0.0000000000000000000, -0.2578433336118838848 ) ) ;
#1675 = VECTOR ( 'NONE', #1032, 1000.000000000000000 ) ;
#1676 = VECTOR ( 'NONE', #2345, 1000.000000000000000 ) ;
#1677 = CARTESIAN_POINT ( 'NONE',  ( 2.563698236277014431, 0.9064290159990537887, -3.935855727962026762 ) ) ;
#1678 = ORIENTED_EDGE ( 'NONE', *, *, #4353, .F. ) ;
#1679 = ORIENTED_EDGE ( 'NONE', *, *, #5888, .T. ) ;
#1680 = LINE ( 'NONE', #4098, #347 ) ;
#1681 = FACE_OUTER_BOUND ( 'NONE', #4468, .T. ) ;
#1682 = ORIENTED_EDGE ( 'NONE', *, *, #2182, .T. ) ;
#1683 = ORIENTED_EDGE ( 'NONE', *, *, #2182, .F. ) ;
#1684 = CARTESIAN_POINT ( 'NONE',  ( 2.896313440892465341, 0.9064290159990536777, -3.370640323503463875 ) ) ;
#1685 = ORIENTED_EDGE ( 'NONE', *, *, #4342, .T. ) ;
#1686 = PLANE ( 'NONE',  #1057 ) ;
#1687 = EDGE_CURVE ( 'NONE', #4092, #5587, #1499, .T. ) ;
#1688 = CARTESIAN_POINT ( 'NONE',  ( 6.199999999999998401, -0.01000000000000000021, -5.150000000000000355 ) ) ;
#1689 = DIRECTION ( 'NONE',  ( 0.4804152582365220914, 0.0000000000000000000, -0.8770411504904065403 ) ) ;
#1690 = CARTESIAN_POINT ( 'NONE',  ( 2.556352020743573039, 0.9064290159990538998, -2.931948796149302705 ) ) ;
#1691 = AXIS2_PLACEMENT_3D ( 'NONE', #3470, #2981, #5375 ) ;
#1692 = FACE_OUTER_BOUND ( 'NONE', #5191, .T. ) ;
#1693 = CARTESIAN_POINT ( 'NONE',  ( 3.735482079118805476, 0.8964290159990536688, -3.206424206407054722 ) ) ;
#1694 = PLANE ( 'NONE',  #6001 ) ;
#1695 = ORIENTED_EDGE ( 'NONE', *, *, #6285, .T. ) ;
#1696 = DIRECTION ( 'NONE',  ( 0.4804543040264410148, 0.0000000000000000000, -0.8770197613181063279 ) ) ;
#1697 = PLANE ( 'NONE',  #1496 ) ;
#1698 = EDGE_CURVE ( 'NONE', #6300, #2372, #5441, .T. ) ;
#1699 = ADVANCED_FACE ( 'NONE', ( #4516 ), #3506, .T. ) ;
#1700 = VECTOR ( 'NONE', #5527, 1000.000000000000000 ) ;
#1701 = DIRECTION ( 'NONE',  ( 0.3651136360950639759, 0.0000000000000000000, 0.9309629599170103909 ) ) ;
#1702 = FACE_OUTER_BOUND ( 'NONE', #1508, .T. ) ;
#1703 = ORIENTED_EDGE ( 'NONE', *, *, #3408, .T. ) ;
#1704 = AXIS2_PLACEMENT_3D ( 'NONE', #2007, #3277, #5246 ) ;
#1705 = FACE_OUTER_BOUND ( 'NONE', #2329, .T. ) ;
#1706 = ADVANCED_FACE ( 'NONE', ( #5472 ), #5085, .T. ) ;
#1707 = LINE ( 'NONE', #736, #1397 ) ;
#1708 = EDGE_LOOP ( 'NONE', ( #4334, #5297, #544, #5292 ) ) ;
#1709 = ORIENTED_EDGE ( 'NONE', *, *, #1349, .F. ) ;
#1710 = CARTESIAN_POINT ( 'NONE',  ( 5.302862721479915997, 0.9064290159990536777, -3.009038054711477006 ) ) ;
#1711 =( NAMED_UNIT ( * ) SI_UNIT ( $, .STERADIAN. ) SOLID_ANGLE_UNIT ( ) );
#1712 = EDGE_CURVE ( 'NONE', #2023, #6076, #3014, .T. ) ;
#1713 = LINE ( 'NONE', #6169, #3898 ) ;
#1714 = ORIENTED_EDGE ( 'NONE', *, *, #6383, .F. ) ;
#1715 = ORIENTED_EDGE ( 'NONE', *, *, #5625, .F. ) ;
#1716 = CARTESIAN_POINT ( 'NONE',  ( 4.330137360902993393, 0.9064290159990536777, -3.206424206407054722 ) ) ;
#1717 = EDGE_LOOP ( 'NONE', ( #1519, #1810, #4873, #3556 ) ) ;
#1718 =( NAMED_UNIT ( * ) SI_UNIT ( $, .STERADIAN. ) SOLID_ANGLE_UNIT ( ) );
#1719 = CARTESIAN_POINT ( 'NONE',  ( 2.670316426897862527, 0.8964290159990534468, -2.565732710863281252 ) ) ;
#1720 = EDGE_CURVE ( 'NONE', #190, #5192, #4984, .T. ) ;
#1721 = LINE ( 'NONE', #5627, #601 ) ;
#1722 = CARTESIAN_POINT ( 'NONE',  ( 3.471237955187181257, 0.9064290159990536777, -3.009038054711477006 ) ) ;
#1723 = ADVANCED_FACE ( 'NONE', ( #3536 ), #2110, .T. ) ;
#1724 = SURFACE_SIDE_STYLE ('',( #2794 ) ) ;
#1725 = CARTESIAN_POINT ( 'NONE',  ( 4.677593791191455352, 0.9064290159990536777, -3.735590873073721507 ) ) ;
#1726 = LINE ( 'NONE', #3764, #4045 ) ;
#1727 = VERTEX_POINT ( 'NONE', #2987 ) ;
#1728 = LINE ( 'NONE', #6187, #311 ) ;
#1729 = CARTESIAN_POINT ( 'NONE',  ( 2.946895099595371992, 0.9064290159990536777, -3.059201079026849790 ) ) ;
#1730 = LINE ( 'NONE', #2802, #2106 ) ;
#1731 = VECTOR ( 'NONE', #2635, 1000.000000000000227 ) ;
#1732 = ADVANCED_FACE ( 'NONE', ( #1076 ), #4956, .T. ) ;
#1733 = FILL_AREA_STYLE ('',( #1341 ) ) ;
#1734 = ORIENTED_EDGE ( 'NONE', *, *, #3963, .F. ) ;
#1735 = DIRECTION ( 'NONE',  ( 0.0000000000000000000, 0.0000000000000000000, 1.000000000000000000 ) ) ;
#1736 = DIRECTION ( 'NONE',  ( 0.0000000000000000000, 0.0000000000000000000, 1.000000000000000000 ) ) ;
#1737 = LINE ( 'NONE', #5068, #2638 ) ;
#1738 = ORIENTED_EDGE ( 'NONE', *, *, #43, .T. ) ;
#1739 = VERTEX_POINT ( 'NONE', #2019 ) ;
#1740 = CARTESIAN_POINT ( 'NONE',  ( 2.556352020743573039, 0.9064290159990538998, -2.931948796149302705 ) ) ;
#1741 = FACE_OUTER_BOUND ( 'NONE', #2816, .T. ) ;
#1742 = VECTOR ( 'NONE', #2924, 1000.000000000000227 ) ;
#1743 = VECTOR ( 'NONE', #3019, 1000.000000000000000 ) ;
#1744 = CARTESIAN_POINT ( 'NONE',  ( 3.633952465069659965, 0.9064290159990536777, -2.731416359999938592 ) ) ;
#1745 = ORIENTED_EDGE ( 'NONE', *, *, #3533, .T. ) ;
#1746 = ORIENTED_EDGE ( 'NONE', *, *, #4794, .T. ) ;
#1747 = AXIS2_PLACEMENT_3D ( 'NONE', #4453, #5312, #15 ) ;
#1748 = LINE ( 'NONE', #2229, #1387 ) ;
#1749 = VERTEX_POINT ( 'NONE', #6019 ) ;
#1750 = CARTESIAN_POINT ( 'NONE',  ( 4.683805563360258439, 0.9064290159990536777, -2.479871388044810665 ) ) ;
#1751 = PLANE ( 'NONE',  #2501 ) ;
#1752 = DIRECTION ( 'NONE',  ( -1.000000000000000000, 0.0000000000000000000, 0.0000000000000000000 ) ) ;
#1753 = DIRECTION ( 'NONE',  ( -1.000000000000000000, 0.0000000000000000000, 0.0000000000000000000 ) ) ;
#1754 = LINE ( 'NONE', #4699, #4269 ) ;
#1755 = CARTESIAN_POINT ( 'NONE',  ( 3.443995200112394794, 0.9064290159990536777, -3.206424206407054722 ) ) ;
#1756 = ADVANCED_FACE ( 'NONE', ( #5960 ), #562, .T. ) ;
#1757 = LINE ( 'NONE', #6184, #953 ) ;
#1758 = ORIENTED_EDGE ( 'NONE', *, *, #279, .T. ) ;
#1759 = DIRECTION ( 'NONE',  ( 1.000000000000000000, 0.0000000000000000000, 0.0000000000000000000 ) ) ;
#1760 = VECTOR ( 'NONE', #4576, 1000.000000000000000 ) ;
#1761 = CARTESIAN_POINT ( 'NONE',  ( 0.2799999999999948641, -0.01000000000000000021, -0.6000000000000000888 ) ) ;
#1762 = DIRECTION ( 'NONE',  ( 0.9290796217259642553, -0.0000000000000000000, 0.3698797865436000420 ) ) ;
#1763 = CARTESIAN_POINT ( 'NONE',  ( 0.5299999999999949196, -0.01000000000000000021, -0.3500000000000000333 ) ) ;
#1764 = ORIENTED_EDGE ( 'NONE', *, *, #4387, .T. ) ;
#1765 = CARTESIAN_POINT ( 'NONE',  ( 2.967868340319057108, 0.8964290159990536688, -2.979676053679815695 ) ) ;
#1766 = DIRECTION ( 'NONE',  ( 0.0000000000000000000, 0.0000000000000000000, 1.000000000000000000 ) ) ;
#1767 = DIRECTION ( 'NONE',  ( -1.000000000000000000, 0.0000000000000000000, 0.0000000000000000000 ) ) ;
#1768 = EDGE_CURVE ( 'NONE', #5944, #6226, #71, .T. ) ;
#1769 = DIRECTION ( 'NONE',  ( -1.000000000000000000, 0.0000000000000000000, -2.344220913482172642E-16 ) ) ;
#1770 = ORIENTED_EDGE ( 'NONE', *, *, #3375, .T. ) ;
#1771 = ORIENTED_EDGE ( 'NONE', *, *, #5333, .F. ) ;
#1772 = LINE ( 'NONE', #3653, #1177 ) ;
#1773 = PRESENTATION_LAYER_ASSIGNMENT (  '', '', ( #4574 ) ) ;
#1774 = CARTESIAN_POINT ( 'NONE',  ( 5.094588148830343499, 0.9064290159990536777, -3.206424206407054722 ) ) ;
#1775 = ORIENTED_EDGE ( 'NONE', *, *, #1558, .F. ) ;
#1776 = VERTEX_POINT ( 'NONE', #3569 ) ;
#1777 = FACE_OUTER_BOUND ( 'NONE', #4446, .T. ) ;
#1778 = EDGE_CURVE ( 'NONE', #3211, #6071, #661, .T. ) ;
#1779 = ORIENTED_EDGE ( 'NONE', *, *, #2388, .F. ) ;
#1780 = FACE_OUTER_BOUND ( 'NONE', #1315, .T. ) ;
#1781 = VERTEX_POINT ( 'NONE', #1106 ) ;
#1782 = EDGE_CURVE ( 'NONE', #1898, #5747, #3079, .T. ) ;
#1783 = CARTESIAN_POINT ( 'NONE',  ( 3.649999999999996358, -0.01000000000000000021, -3.150000000000000355 ) ) ;
#1784 = LINE ( 'NONE', #3399, #1834 ) ;
#1785 = B_SPLINE_CURVE_WITH_KNOTS ( 'NONE', 3,
 ( #5810, #4714, #805, #5778, #1286, #4328, #3356, #3748, #2739, #6298, #2358, #3287, #5323, #903, #3255, #4359, #413 ),
 .UNSPECIFIED., .F., .F.,
 ( 4, 1, 1, 1, 1, 1, 1, 1, 1, 1, 1, 1, 1, 1, 4 ),
 ( 0.0000000000000000000, 0.1206660733040193917, 0.2306394391884424022, 0.3303518480381316680, 0.4203827931102916970, 0.5007196380486821363, 0.5721369648296090737, 0.6339759756642188160, 0.6899155697071892579, 0.7408030946708966669, 0.7861101393510745439, 0.8256243424264403385, 0.8600233983262879356, 0.9268261652858483801, 1.000000000000000000 ),
 .UNSPECIFIED. ) ;
#1786 = DIRECTION ( 'NONE',  ( 1.000000000000000000, 0.0000000000000000000, 0.0000000000000000000 ) ) ;
#1787 = EDGE_LOOP ( 'NONE', ( #971, #1081, #6027, #4815 ) ) ;
#1788 = CARTESIAN_POINT ( 'NONE',  ( 2.532959185866572760, 0.9064290159990535667, -3.069717322832099082 ) ) ;
#1789 = DIRECTION ( 'NONE',  ( -1.000000000000000000, 0.0000000000000000000, 0.0000000000000000000 ) ) ;
#1790 = CARTESIAN_POINT ( 'NONE',  ( 4.804670113306839241, 0.9064290159990536777, -3.735590873073721507 ) ) ;
#1791 = ORIENTED_EDGE ( 'NONE', *, *, #1614, .T. ) ;
#1792 = DIRECTION ( 'NONE',  ( 0.2578433336118838293, 0.0000000000000000000, 0.9661867393583450925 ) ) ;
#1793 = AXIS2_PLACEMENT_3D ( 'NONE', #5793, #4830, #1464 ) ;
#1794 = DIRECTION ( 'NONE',  ( -0.3660897081358594485, 0.0000000000000000000, -0.9305795643559992003 ) ) ;
#1795 = PLANE ( 'NONE',  #5873 ) ;
#1796 = ADVANCED_FACE ( 'NONE', ( #2598 ), #4606, .T. ) ;
#1797 = DIRECTION ( 'NONE',  ( 0.0000000000000000000, 0.0000000000000000000, 1.000000000000000000 ) ) ;
#1798 = ORIENTED_EDGE ( 'NONE', *, *, #1669, .F. ) ;
#1799 = CARTESIAN_POINT ( 'NONE',  ( 2.970941519456346658, 0.8964290159990534468, -2.930592874125301783 ) ) ;
#1800 = CARTESIAN_POINT ( 'NONE',  ( 3.649999999999996358, -0.01000000000000000021, -3.150000000000000355 ) ) ;
#1801 = CARTESIAN_POINT ( 'NONE',  ( 2.349016341027479360, 0.8964290159990536688, -3.955798581026702454 ) ) ;
#1802 = LINE ( 'NONE', #310, #137 ) ;
#1803 = ORIENTED_EDGE ( 'NONE', *, *, #473, .F. ) ;
#1804 = ORIENTED_EDGE ( 'NONE', *, *, #2645, .T. ) ;
#1805 = DIRECTION ( 'NONE',  ( -0.8770197613181063279, 0.0000000000000000000, -0.4804543040264409592 ) ) ;
#1806 = CARTESIAN_POINT ( 'NONE',  ( 0.7353720912271701771, 0.9064290159990537887, -0.6930866069402220608 ) ) ;
#1807 = CARTESIAN_POINT ( 'NONE',  ( 3.855795413787608705, 0.9064290159990536777, -3.528355129216884212 ) ) ;
#1808 = ORIENTED_EDGE ( 'NONE', *, *, #5185, .F. ) ;
#1809 = CARTESIAN_POINT ( 'NONE',  ( 2.820195624063421835, 0.8964290159990538909, -3.287649084387898046 ) ) ;
#1810 = ORIENTED_EDGE ( 'NONE', *, *, #6116, .F. ) ;
#1811 = CARTESIAN_POINT ( 'NONE',  ( 1.000079185787132730, 0.8964290159990536688, -3.634977215778476101 ) ) ;
#1812 = ORIENTED_EDGE ( 'NONE', *, *, #5832, .F. ) ;
#1813 = ADVANCED_FACE ( 'NONE', ( #3632 ), #3027, .T. ) ;
#1814 = DIRECTION ( 'NONE',  ( 0.0000000000000000000, 0.0000000000000000000, 1.000000000000000000 ) ) ;
#1815 = AXIS2_PLACEMENT_3D ( 'NONE', #4939, #1606, #1027 ) ;
#1816 = CARTESIAN_POINT ( 'NONE',  ( 0.6353107476872941195, 0.9064290159990534557, -0.6730311627248146689 ) ) ;
#1817 = CARTESIAN_POINT ( 'NONE',  ( 4.033541140283334769, 0.9064290159990536777, -3.206424206407054722 ) ) ;
#1818 = EDGE_CURVE ( 'NONE', #4305, #2132, #5628, .T. ) ;
#1819 = EDGE_LOOP ( 'NONE', ( #1278, #6312, #1304, #3286 ) ) ;
#1820 = UNCERTAINTY_MEASURE_WITH_UNIT (LENGTH_MEASURE( 1.000000000000000082E-05 ), #3158, 'distance_accuracy_value', 'NONE');
#1821 = ORIENTED_EDGE ( 'NONE', *, *, #4208, .T. ) ;
#1822 = LINE ( 'NONE', #5280, #3608 ) ;
#1823 = LINE ( 'NONE', #2207, #1258 ) ;
#1824 = EDGE_LOOP ( 'NONE', ( #2304, #5749, #4740, #4912 ) ) ;
#1825 = CARTESIAN_POINT ( 'NONE',  ( 6.199999999999999289, 0.0000000000000000000, -0.3500000000000000333 ) ) ;
#1826 = DIRECTION ( 'NONE',  ( 0.4064626212421030282, -0.0000000000000000000, 0.9136674107863314021 ) ) ;
#1827 = EDGE_CURVE ( 'NONE', #3689, #207, #2169, .T. ) ;
#1828 = CARTESIAN_POINT ( 'NONE',  ( 3.443995200112394794, 0.9064290159990536777, -3.206424206407054722 ) ) ;
#1829 = CARTESIAN_POINT ( 'NONE',  ( 0.5673854019246077351, 0.9064290159990537887, -0.8980096207073271497 ) ) ;
#1830 = ORIENTED_EDGE ( 'NONE', *, *, #3318, .T. ) ;
#1831 = LINE ( 'NONE', #3836, #3310 ) ;
#1832 = DIRECTION ( 'NONE',  ( -1.000000000000000000, 0.0000000000000000000, -0.0000000000000000000 ) ) ;
#1833 = LINE ( 'NONE', #1052, #2654 ) ;
#1834 = VECTOR ( 'NONE', #5822, 1000.000000000000000 ) ;
#1835 = DIRECTION ( 'NONE',  ( -0.4802758347947843065, 0.0000000000000000000, -0.8771175078130484248 ) ) ;
#1836 = ADVANCED_FACE ( 'NONE', ( #4726 ), #5204, .T. ) ;
#1837 = EDGE_LOOP ( 'NONE', ( #1289, #3021, #4719, #2683 ) ) ;
#1838 = ORIENTED_EDGE ( 'NONE', *, *, #6362, .F. ) ;
#1839 = DIRECTION ( 'NONE',  ( 0.0000000000000000000, 0.0000000000000000000, -1.000000000000000000 ) ) ;
#1840 = EDGE_CURVE ( 'NONE', #5516, #525, #752, .T. ) ;
#1841 = DIRECTION ( 'NONE',  ( -0.0000000000000000000, -1.000000000000000000, -0.0000000000000000000 ) ) ;
#1842 = VECTOR ( 'NONE', #3418, 1000.000000000000000 ) ;
#1843 = CARTESIAN_POINT ( 'NONE',  ( 4.173295413787609043, 0.9064290159990536777, -2.884590605459340651 ) ) ;
#1844 = ORIENTED_EDGE ( 'NONE', *, *, #2227, .F. ) ;
#1845 = DIRECTION ( 'NONE',  ( -0.0000000000000000000, -1.000000000000000000, -0.0000000000000000000 ) ) ;
#1846 = ORIENTED_EDGE ( 'NONE', *, *, #6058, .T. ) ;
#1847 = DIRECTION ( 'NONE',  ( -0.5213313868808859830, 0.0000000000000000000, -0.8533543139006516398 ) ) ;
#1848 = ORIENTED_EDGE ( 'NONE', *, *, #4925, .T. ) ;
#1849 = COLOUR_RGB ( '',1.000000000000000000, 1.000000000000000000, 1.000000000000000000 ) ;
#1850 = EDGE_CURVE ( 'NONE', #5232, #4305, #5143, .T. ) ;
#1851 = CARTESIAN_POINT ( 'NONE',  ( 2.890942930774717645, 0.9064290159990538998, -2.710732963850902344 ) ) ;
#1852 = CARTESIAN_POINT ( 'NONE',  ( 5.845597764214959469, 0.8964290159990536688, -2.534144892318314746 ) ) ;
#1853 = CARTESIAN_POINT ( 'NONE',  ( 0.7352672590914194339, 0.9064290159990536777, -0.9146714281521770573 ) ) ;
#1854 = VECTOR ( 'NONE', #6347, 1000.000000000000000 ) ;
#1855 = EDGE_LOOP ( 'NONE', ( #5655, #5196, #66, #5391, #3335, #312, #6090, #129, #6321, #4781, #223, #5879 ) ) ;
#1856 = CARTESIAN_POINT ( 'NONE',  ( 2.506889898591332599, 0.9064290159990536777, -3.088243786080615116 ) ) ;
#1857 = ORIENTED_EDGE ( 'NONE', *, *, #4885, .F. ) ;
#1858 = PLANE ( 'NONE',  #5507 ) ;
#1859 = PLANE ( 'NONE',  #4848 ) ;
#1860 = DIRECTION ( 'NONE',  ( 0.0000000000000000000, -1.000000000000000000, 0.0000000000000000000 ) ) ;
#1861 = DIRECTION ( 'NONE',  ( -0.2570842515897343583, 0.0000000000000000000, -0.9663889939276761876 ) ) ;
#1862 = SURFACE_STYLE_FILL_AREA ( #987 ) ;
#1863 = CARTESIAN_POINT ( 'NONE',  ( 4.332511826714958936, 0.9064290159990536777, -2.479871388044810665 ) ) ;
#1864 = CARTESIAN_POINT ( 'NONE',  ( 3.443995200112394794, 0.8964290159990536688, -3.735590873073721507 ) ) ;
#1865 = DIRECTION ( 'NONE',  ( -0.4804543040264409592, 0.0000000000000000000, -0.8770197613181063279 ) ) ;
#1866 = ORIENTED_EDGE ( 'NONE', *, *, #6135, .T. ) ;
#1867 = CARTESIAN_POINT ( 'NONE',  ( 4.349999999999997868, -0.01000000000000000021, -3.150000000000000799 ) ) ;
#1868 = EDGE_CURVE ( 'NONE', #5496, #1583, #2234, .T. ) ;
#1869 = SURFACE_SIDE_STYLE ('',( #4323 ) ) ;
#1870 = CARTESIAN_POINT ( 'NONE',  ( 2.626160753037814821, 0.8964290159990536688, -3.919891730742831815 ) ) ;
#1871 = ORIENTED_EDGE ( 'NONE', *, *, #5525, .F. ) ;
#1872 =( NAMED_UNIT ( * ) PLANE_ANGLE_UNIT ( ) SI_UNIT ( $, .RADIAN. ) );
#1873 = DIRECTION ( 'NONE',  ( 0.4804543040264410148, 0.0000000000000000000, 0.8770197613181063279 ) ) ;
#1874 = ORIENTED_EDGE ( 'NONE', *, *, #5074, .F. ) ;
#1875 = FACE_OUTER_BOUND ( 'NONE', #5475, .T. ) ;
#1876 = VERTEX_POINT ( 'NONE', #6177 ) ;
#1877 = CARTESIAN_POINT ( 'NONE',  ( 2.828420388770279015, 0.8964290159990536688, -2.651366598914473016 ) ) ;
#1878 = ORIENTED_EDGE ( 'NONE', *, *, #2932, .T. ) ;
#1879 = CARTESIAN_POINT ( 'NONE',  ( 0.6082206357477315528, 0.9064290159990536777, -2.099855958883282359 ) ) ;
#1880 = CARTESIAN_POINT ( 'NONE',  ( 1.170363267741427293, 0.9064290159990536777, -2.858440769757987443 ) ) ;
#1881 = CARTESIAN_POINT ( 'NONE',  ( 0.7722034794342281794, 0.9064290159990534557, -0.8777352078093680898 ) ) ;
#1882 = VERTEX_POINT ( 'NONE', #5237 ) ;
#1883 = CARTESIAN_POINT ( 'NONE',  ( 3.976002745518377957, 0.9064290159990536777, -3.206424206407054722 ) ) ;
#1884 = VECTOR ( 'NONE', #705, 1000.000000000000000 ) ;
#1885 = VERTEX_POINT ( 'NONE', #3726 ) ;
#1886 = DIRECTION ( 'NONE',  ( 0.9650263687753988240, -0.0000000000000000000, 0.2621528324626077322 ) ) ;
#1887 = CARTESIAN_POINT ( 'NONE',  ( 0.6614583333333333703, 0.9064290159990536777, -0.9362179487179487225 ) ) ;
#1888 = VECTOR ( 'NONE', #4772, 1000.000000000000000 ) ;
#1889 = LINE ( 'NONE', #2465, #774 ) ;
#1890 = DIRECTION ( 'NONE',  ( 0.0000000000000000000, 0.0000000000000000000, 1.000000000000000000 ) ) ;
#1891 = DIRECTION ( 'NONE',  ( -1.000000000000000000, 0.0000000000000000000, -0.0000000000000000000 ) ) ;
#1892 = CARTESIAN_POINT ( 'NONE',  ( 2.829999999999994742, 0.0000000000000000000, -2.349999999999999645 ) ) ;
#1893 = ORIENTED_EDGE ( 'NONE', *, *, #112, .F. ) ;
#1894 = CARTESIAN_POINT ( 'NONE',  ( 3.913694218541882375, 0.9064290159990536777, -3.009038054711477006 ) ) ;
#1895 = PLANE ( 'NONE',  #2971 ) ;
#1896 = ADVANCED_FACE ( 'NONE', ( #1268 ), #3230, .T. ) ;
#1897 = DIRECTION ( 'NONE',  ( 0.3660897081358594485, 0.0000000000000000000, 0.9305795643559992003 ) ) ;
#1898 = VERTEX_POINT ( 'NONE', #2225 ) ;
#1899 =( GEOMETRIC_REPRESENTATION_CONTEXT ( 3 ) GLOBAL_UNCERTAINTY_ASSIGNED_CONTEXT ( ( #6212 ) ) GLOBAL_UNIT_ASSIGNED_CONTEXT ( ( #5661, #754, #2721 ) ) REPRESENTATION_CONTEXT ( 'NONE', 'WORKASPACE' ) );
#1900 = ORIENTED_EDGE ( 'NONE', *, *, #4874, .T. ) ;
#1901 = CARTESIAN_POINT ( 'NONE',  ( 4.592113021960685160, 0.9064290159990536777, -3.009038054711477006 ) ) ;
#1902 = EDGE_CURVE ( 'NONE', #5954, #4092, #282, .T. ) ;
#1903 = CARTESIAN_POINT ( 'NONE',  ( 4.386318918061113514, 0.9064290159990536777, -3.206424206407054722 ) ) ;
#1904 = EDGE_LOOP ( 'NONE', ( #5434, #5384, #1290, #1494, #5317, #815, #4844, #3124, #1709 ) ) ;
#1905 = FACE_OUTER_BOUND ( 'NONE', #1915, .T. ) ;
#1906 = VECTOR ( 'NONE', #6369, 1000.000000000000000 ) ;
#1907 = ORIENTED_EDGE ( 'NONE', *, *, #5537, .F. ) ;
#1908 = CARTESIAN_POINT ( 'NONE',  ( 0.0000000000000000000, -0.01000000000000000021, 0.0000000000000000000 ) ) ;
#1909 = VERTEX_POINT ( 'NONE', #1195 ) ;
#1910 = CARTESIAN_POINT ( 'NONE',  ( 5.845597764214959469, 0.8964290159990536688, -2.479871388044810665 ) ) ;
#1911 = VECTOR ( 'NONE', #515, 1000.000000000000000 ) ;
#1912 = ADVANCED_FACE ( 'NONE', ( #4687 ), #3222, .T. ) ;
#1913 = LINE ( 'NONE', #1296, #1114 ) ;
#1914 = LINE ( 'NONE', #4371, #5798 ) ;
#1915 = EDGE_LOOP ( 'NONE', ( #4105, #5076, #4712, #5493 ) ) ;
#1916 = CARTESIAN_POINT ( 'NONE',  ( 2.568413317570844789, 0.8964290159990536688, -2.998880213436461606 ) ) ;
#1917 = ORIENTED_EDGE ( 'NONE', *, *, #1501, .F. ) ;
#1918 = CARTESIAN_POINT ( 'NONE',  ( 5.010930630133762165, 0.8964290159990536688, -2.479871388044810665 ) ) ;
#1919 = ADVANCED_FACE ( 'NONE', ( #1681 ), #3687, .T. ) ;
#1920 = MECHANICAL_DESIGN_GEOMETRIC_PRESENTATION_REPRESENTATION (  '', ( #55 ), #3776 ) ;
#1921 = CARTESIAN_POINT ( 'NONE',  ( 4.733669345411541052, 0.9064290159990536777, -3.735590873073721507 ) ) ;
#1922 = EDGE_CURVE ( 'NONE', #4659, #4222, #2710, .T. ) ;
#1923 = DIRECTION ( 'NONE',  ( 0.0000000000000000000, 0.0000000000000000000, 1.000000000000000000 ) ) ;
#1924 = EDGE_CURVE ( 'NONE', #1285, #4707, #3718, .T. ) ;
#1925 = DIRECTION ( 'NONE',  ( -0.0000000000000000000, -1.000000000000000000, -0.0000000000000000000 ) ) ;
#1926 = FACE_OUTER_BOUND ( 'NONE', #2980, .T. ) ;
#1927 = EDGE_LOOP ( 'NONE', ( #3783, #3176, #4757, #2860 ) ) ;
#1928 = ORIENTED_EDGE ( 'NONE', *, *, #2579, .F. ) ;
#1929 = CARTESIAN_POINT ( 'NONE',  ( 4.379534730026925615, 0.9064290159990536777, -3.735590873073721507 ) ) ;
#1930 = DIRECTION ( 'NONE',  ( -0.0000000000000000000, -1.000000000000000000, -0.0000000000000000000 ) ) ;
#1931 = EDGE_CURVE ( 'NONE', #6218, #3327, #5649, .T. ) ;
#1932 = ORIENTED_EDGE ( 'NONE', *, *, #6024, .F. ) ;
#1933 = CARTESIAN_POINT ( 'NONE',  ( 2.351415642037394615, 0.8964290159990536688, -2.858545959802750502 ) ) ;
#1934 = LINE ( 'NONE', #3841, #1661 ) ;
#1935 = ORIENTED_EDGE ( 'NONE', *, *, #3074, .T. ) ;
#1936 = VECTOR ( 'NONE', #5160, 1000.000000000000000 ) ;
#1937 = CARTESIAN_POINT ( 'NONE',  ( 2.799345931256005837, 0.9064290159990536777, -3.271584830041675218 ) ) ;
#1938 = ORIENTED_EDGE ( 'NONE', *, *, #2904, .T. ) ;
#1939 = LINE ( 'NONE', #3427, #4673 ) ;
#1940 = ORIENTED_EDGE ( 'NONE', *, *, #402, .F. ) ;
#1941 = VECTOR ( 'NONE', #3582, 1000.000000000000000 ) ;
#1942 = LINE ( 'NONE', #2855, #5830 ) ;
#1943 = FILL_AREA_STYLE_COLOUR ( '', #78 ) ;
#1944 = CARTESIAN_POINT ( 'NONE',  ( 3.633952465069659965, 0.9064290159990536777, -2.731416359999938592 ) ) ;
#1945 = AXIS2_PLACEMENT_3D ( 'NONE', #1666, #1180, #5539 ) ;
#1946 = ORIENTED_EDGE ( 'NONE', *, *, #3403, .T. ) ;
#1947 = ORIENTED_EDGE ( 'NONE', *, *, #2305, .F. ) ;
#1948 = CARTESIAN_POINT ( 'NONE',  ( 2.532959185866572760, 0.9064290159990535667, -3.069717322832099082 ) ) ;
#1949 = VERTEX_POINT ( 'NONE', #5681 ) ;
#1950 = CARTESIAN_POINT ( 'NONE',  ( 3.610313809888036296, 0.9064290159990536777, -2.781661752628143969 ) ) ;
#1951 = DIRECTION ( 'NONE',  ( 0.0000000000000000000, 0.0000000000000000000, -1.000000000000000000 ) ) ;
#1952 = CARTESIAN_POINT ( 'NONE',  ( 4.178171548937181790, 0.9064290159990536777, -3.009038054711477006 ) ) ;
#1953 = PLANE ( 'NONE',  #2964 ) ;
#1954 = DIRECTION ( 'NONE',  ( -1.000000000000000000, 0.0000000000000000000, -2.344220913482172642E-16 ) ) ;
#1955 = VECTOR ( 'NONE', #3076, 1000.000000000000114 ) ;
#1956 = AXIS2_PLACEMENT_3D ( 'NONE', #5933, #6352, #1891 ) ;
#1957 = ADVANCED_FACE ( 'NONE', ( #3656 ), #3782, .T. ) ;
#1958 = VECTOR ( 'NONE', #262, 1000.000000000000000 ) ;
#1959 = PLANE ( 'NONE',  #4377 ) ;
#1960 = FACE_OUTER_BOUND ( 'NONE', #2607, .T. ) ;
#1961 = CARTESIAN_POINT ( 'NONE',  ( 5.302862721479915997, 0.9064290159990536777, -3.009038054711477006 ) ) ;
#1962 = ORIENTED_EDGE ( 'NONE', *, *, #2288, .F. ) ;
#1963 = LINE ( 'NONE', #2475, #3177 ) ;
#1964 = CARTESIAN_POINT ( 'NONE',  ( 4.450535497922224693, 0.8964290159990536688, -3.735590873073721507 ) ) ;
#1965 = LINE ( 'NONE', #5845, #4361 ) ;
#1966 = ORIENTED_EDGE ( 'NONE', *, *, #5295, .F. ) ;
#1967 = CARTESIAN_POINT ( 'NONE',  ( 2.548837745200696947, 0.8964290159990536688, -3.479231786654694680 ) ) ;
#1968 = EDGE_CURVE ( 'NONE', #4531, #765, #5134, .T. ) ;
#1969 = VECTOR ( 'NONE', #1841, 1000.000000000000000 ) ;
#1970 = ORIENTED_EDGE ( 'NONE', *, *, #1244, .F. ) ;
#1971 = CARTESIAN_POINT ( 'NONE',  ( -1.734723475976807094E-15, 0.0000000000000000000, -5.500000000000000000 ) ) ;
#1972 = ORIENTED_EDGE ( 'NONE', *, *, #5941, .F. ) ;
#1973 = DIRECTION ( 'NONE',  ( 0.2570842515897343583, 0.0000000000000000000, 0.9663889939276761876 ) ) ;
#1974 = ORIENTED_EDGE ( 'NONE', *, *, #2759, .T. ) ;
#1975 = EDGE_LOOP ( 'NONE', ( #1196, #5039, #64, #4851 ) ) ;
#1976 = LINE ( 'NONE', #4823, #2729 ) ;
#1977 = DIRECTION ( 'NONE',  ( 0.0000000000000000000, 0.0000000000000000000, -1.000000000000000000 ) ) ;
#1978 = CARTESIAN_POINT ( 'NONE',  ( 5.031728406576070789, 0.9064290159990536777, -3.735590873073721507 ) ) ;
#1979 = CARTESIAN_POINT ( 'NONE',  ( 2.487000756873230412, 0.8964290159990536688, -3.616247193589069653 ) ) ;
#1980 = ORIENTED_EDGE ( 'NONE', *, *, #1188, .F. ) ;
#1981 = EDGE_CURVE ( 'NONE', #2351, #3008, #1713, .T. ) ;
#1982 = ADVANCED_FACE ( 'NONE', ( #2742 ), #4233, .T. ) ;
#1983 = VERTEX_POINT ( 'NONE', #3193 ) ;
#1984 = CARTESIAN_POINT ( 'NONE',  ( 3.864614858232053418, 0.8964290159990536688, -3.009038054711477006 ) ) ;
#1985 = ORIENTED_EDGE ( 'NONE', *, *, #6016, .T. ) ;
#1986 = CARTESIAN_POINT ( 'NONE',  ( 3.679406524898720221, 0.8964290159990536688, -3.206424206407054722 ) ) ;
#1987 = DIRECTION ( 'NONE',  ( 3.154042683594195121E-16, 0.0000000000000000000, -1.000000000000000000 ) ) ;
#1988 = CARTESIAN_POINT ( 'NONE',  ( 2.626028034965600444, 0.9064290159990537887, -2.553001150711806666 ) ) ;
#1989 = DIRECTION ( 'NONE',  ( 0.4802882638304223351, 0.0000000000000000000, -0.8771107020363840823 ) ) ;
#1990 = VECTOR ( 'NONE', #1458, 1000.000000000000000 ) ;
#1991 = VECTOR ( 'NONE', #6320, 1000.000000000000000 ) ;
#1992 = FACE_OUTER_BOUND ( 'NONE', #1975, .T. ) ;
#1993 = CARTESIAN_POINT ( 'NONE',  ( 4.349999999999997868, -0.01000000000000000021, -0.3500000000000000333 ) ) ;
#1994 = CARTESIAN_POINT ( 'NONE',  ( 4.740453533445728063, 0.9064290159990536777, -3.206424206407054722 ) ) ;
#1995 = ORIENTED_EDGE ( 'NONE', *, *, #5811, .T. ) ;
#1996 = CARTESIAN_POINT ( 'NONE',  ( 0.5291666666666666741, 0.9064290159990536777, -0.8039262820512820262 ) ) ;
#1997 = CARTESIAN_POINT ( 'NONE',  ( 3.649999999999996358, 0.0000000000000000000, -5.150000000000000355 ) ) ;
#1998 = ADVANCED_FACE ( 'NONE', ( #2777 ), #5167, .F. ) ;
#1999 = VECTOR ( 'NONE', #5596, 1000.000000000000000 ) ;
#2000 = DIRECTION ( 'NONE',  ( -0.0000000000000000000, -1.000000000000000000, -0.0000000000000000000 ) ) ;
#2001 = ORIENTED_EDGE ( 'NONE', *, *, #1167, .T. ) ;
#2002 = LINE ( 'NONE', #151, #248 ) ;
#2003 = ORIENTED_EDGE ( 'NONE', *, *, #4124, .T. ) ;
#2004 = CARTESIAN_POINT ( 'NONE',  ( 1.305000531334807867, 0.9064290159990536777, -3.374422054233952473 ) ) ;
#2005 = LINE ( 'NONE', #1879, #3241 ) ;
#2006 = LINE ( 'NONE', #4, #2248 ) ;
#2007 = CARTESIAN_POINT ( 'NONE',  ( 4.592155423135899639, 0.9064290159990536777, -3.477155710146370815 ) ) ;
#2008 = ORIENTED_EDGE ( 'NONE', *, *, #2960, .F. ) ;
#2009 = VERTEX_POINT ( 'NONE', #3260 ) ;
#2010 = CARTESIAN_POINT ( 'NONE',  ( 2.512075631358289485, 0.9064290159990538998, -3.417700758388064308 ) ) ;
#2011 = VECTOR ( 'NONE', #5137, 1000.000000000000000 ) ;
#2012 = ORIENTED_EDGE ( 'NONE', *, *, #3831, .F. ) ;
#2013 = EDGE_CURVE ( 'NONE', #666, #1394, #4751, .T. ) ;
#2014 = DIRECTION ( 'NONE',  ( -0.4804152582365230906, 0.0000000000000000000, -0.8770411504904058742 ) ) ;
#2015 =( NAMED_UNIT ( * ) PLANE_ANGLE_UNIT ( ) SI_UNIT ( $, .RADIAN. ) );
#2016 = VECTOR ( 'NONE', #864, 1000.000000000000114 ) ;
#2017 = CARTESIAN_POINT ( 'NONE',  ( 0.7722034794342281794, 0.8964290159990534468, -0.8777352078093680898 ) ) ;
#2018 = CARTESIAN_POINT ( 'NONE',  ( 2.829999999999994742, 0.0000000000000000000, -0.3500000000000004774 ) ) ;
#2019 = CARTESIAN_POINT ( 'NONE',  ( 6.199999999999998401, 0.0000000000000000000, -2.350000000000000089 ) ) ;
#2020 = LINE ( 'NONE', #5776, #4082 ) ;
#2021 = CARTESIAN_POINT ( 'NONE',  ( 1.170363267741427293, 0.9064290159990536777, -2.858440769757987443 ) ) ;
#2022 = CARTESIAN_POINT ( 'NONE',  ( 5.038406591672224266, 0.8964290159990536688, -3.206424206407054722 ) ) ;
#2023 = VERTEX_POINT ( 'NONE', #3290 ) ;
#2024 = CARTESIAN_POINT ( 'NONE',  ( 2.542993935492418700, 0.9064290159990538998, -3.562179970179638389 ) ) ;
#2025 = CARTESIAN_POINT ( 'NONE',  ( 4.856590352355985019, 0.8964290159990536688, -3.009038054711477006 ) ) ;
#2026 = EDGE_CURVE ( 'NONE', #6226, #1607, #5195, .T. ) ;
#2027 = CARTESIAN_POINT ( 'NONE',  ( 2.568373648262243680, 0.8964290159990534468, -2.970311154452640157 ) ) ;
#2028 = EDGE_CURVE ( 'NONE', #5354, #6278, #2194, .T. ) ;
#2029 = FILL_AREA_STYLE_COLOUR ( '', #4505 ) ;
#2030 = ADVANCED_FACE ( 'NONE', ( #807 ), #5264, .T. ) ;
#2031 = VERTEX_POINT ( 'NONE', #742 ) ;
#2032 = CARTESIAN_POINT ( 'NONE',  ( 2.803396534336680013, 0.9064290159990536777, -3.274534226529834946 ) ) ;
#2033 = VERTEX_POINT ( 'NONE', #6268 ) ;
#2034 = CARTESIAN_POINT ( 'NONE',  ( 2.519274565828783619, 0.8964290159990536688, -3.081001879259412934 ) ) ;
#2035 = CARTESIAN_POINT ( 'NONE',  ( 1.000079185787132730, 0.9064290159990536777, -3.634977215778476101 ) ) ;
#2036 = AXIS2_PLACEMENT_3D ( 'NONE', #1154, #1767, #5097 ) ;
#2037 = CARTESIAN_POINT ( 'NONE',  ( 0.7352672590914194339, 0.9064290159990536777, -0.9146714281521770573 ) ) ;
#2038 = ORIENTED_EDGE ( 'NONE', *, *, #3450, .F. ) ;
#2039 = VERTEX_POINT ( 'NONE', #1843 ) ;
#2040 = DIRECTION ( 'NONE',  ( -0.0000000000000000000, -1.000000000000000000, -0.0000000000000000000 ) ) ;
#2041 = AXIS2_PLACEMENT_3D ( 'NONE', #391, #3298, #5273 ) ;
#2042 = ORIENTED_EDGE ( 'NONE', *, *, #642, .T. ) ;
#2043 = LINE ( 'NONE', #5014, #5925 ) ;
#2044 = EDGE_CURVE ( 'NONE', #5919, #3835, #1350, .T. ) ;
#2045 = CARTESIAN_POINT ( 'NONE',  ( 2.493967587071278746, 0.9064290159990535667, -2.878354509348350021 ) ) ;
#2046 = DIRECTION ( 'NONE',  ( 0.0000000000000000000, -0.0000000000000000000, 1.000000000000000000 ) ) ;
#2047 = FACE_OUTER_BOUND ( 'NONE', #2214, .T. ) ;
#2048 = CARTESIAN_POINT ( 'NONE',  ( 5.302862721479915997, 0.9064290159990536777, -2.534144892318314746 ) ) ;
#2049 = ADVANCED_FACE ( 'NONE', ( #3326 ), #1642, .F. ) ;
#2050 = LINE ( 'NONE', #198, #4893 ) ;
#2051 = PRESENTATION_STYLE_ASSIGNMENT (( #167 ) ) ;
#2052 = CARTESIAN_POINT ( 'NONE',  ( 0.6104671169167511513, 0.8964290159990542239, -0.6808200111472147986 ) ) ;
#2053 = ORIENTED_EDGE ( 'NONE', *, *, #5477, .T. ) ;
#2054 = VECTOR ( 'NONE', #4178, 1000.000000000000000 ) ;
#2055 = CARTESIAN_POINT ( 'NONE',  ( 4.740453533445728063, 0.9064290159990536777, -3.206424206407054722 ) ) ;
#2056 = DIRECTION ( 'NONE',  ( -1.000000000000000000, 0.0000000000000000000, 0.0000000000000000000 ) ) ;
#2057 = VECTOR ( 'NONE', #1337, 1000.000000000000000 ) ;
#2058 = VECTOR ( 'NONE', #5408, 1000.000000000000000 ) ;
#2059 = VECTOR ( 'NONE', #4132, 1000.000000000000000 ) ;
#2060 = DIRECTION ( 'NONE',  ( -1.000000000000000000, 0.0000000000000000000, 0.0000000000000000000 ) ) ;
#2061 = ADVANCED_FACE ( 'NONE', ( #3125 ), #6098, .F. ) ;
#2062 = PLANE ( 'NONE',  #1265 ) ;
#2063 = ORIENTED_EDGE ( 'NONE', *, *, #2314, .T. ) ;
#2064 = FACE_OUTER_BOUND ( 'NONE', #5127, .T. ) ;
#2065 = ORIENTED_EDGE ( 'NONE', *, *, #6000, .T. ) ;
#2066 = DIRECTION ( 'NONE',  ( 0.2578433336118838293, 0.0000000000000000000, 0.9661867393583450925 ) ) ;
#2067 = ORIENTED_EDGE ( 'NONE', *, *, #6401, .T. ) ;
#2068 = CARTESIAN_POINT ( 'NONE',  ( 2.493163451023924004, 0.8964290159990538909, -3.094845683599898756 ) ) ;
#2069 = CARTESIAN_POINT ( 'NONE',  ( 2.129999999999995008, -0.01000000000000000021, -0.3500000000000000333 ) ) ;
#2070 = LINE ( 'NONE', #5106, #2843 ) ;
#2071 = VERTEX_POINT ( 'NONE', #4619 ) ;
#2072 = VERTEX_POINT ( 'NONE', #2152 ) ;
#2073 = CARTESIAN_POINT ( 'NONE',  ( 2.543865849794452849, 0.9064290159990538998, -3.465952807700143801 ) ) ;
#2074 = EDGE_LOOP ( 'NONE', ( #1361, #2333, #2526, #3355, #1293 ) ) ;
#2075 = LINE ( 'NONE', #4044, #2204 ) ;
#2076 = ADVANCED_FACE ( 'NONE', ( #3154 ), #5640, .T. ) ;
#2077 = DIRECTION ( 'NONE',  ( 0.0000000000000000000, 0.0000000000000000000, 1.000000000000000000 ) ) ;
#2078 = DIRECTION ( 'NONE',  ( -3.154042683594195121E-16, 0.0000000000000000000, -1.000000000000000000 ) ) ;
#2079 = LINE ( 'NONE', #2532, #4546 ) ;
#2080 = CARTESIAN_POINT ( 'NONE',  ( 3.491484516351711420, 0.9064290159990536777, -3.518496855979704296 ) ) ;
#2081 = DIRECTION ( 'NONE',  ( -0.0000000000000000000, -1.000000000000000000, -0.0000000000000000000 ) ) ;
#2082 = VERTEX_POINT ( 'NONE', #1282 ) ;
#2083 = DIRECTION ( 'NONE',  ( 0.4804543040264410148, 0.0000000000000000000, 0.8770197613181063279 ) ) ;
#2084 = VECTOR ( 'NONE', #4213, 1000.000000000000000 ) ;
#2085 = CARTESIAN_POINT ( 'NONE',  ( 0.5306213104926532642, 0.9064290159990534557, -0.8301566863030579446 ) ) ;
#2086 = LINE ( 'NONE', #5542, #1417 ) ;
#2087 = AXIS2_PLACEMENT_3D ( 'NONE', #4231, #2326, #2255 ) ;
#2088 = DIRECTION ( 'NONE',  ( -0.0000000000000000000, -1.000000000000000000, -0.0000000000000000000 ) ) ;
#2089 = ORIENTED_EDGE ( 'NONE', *, *, #3602, .T. ) ;
#2090 = EDGE_CURVE ( 'NONE', #4902, #2827, #3186, .T. ) ;
#2091 = ADVANCED_FACE ( 'NONE', ( #4158 ), #2184, .T. ) ;
#2092 = PRESENTATION_STYLE_ASSIGNMENT (( #1486 ) ) ;
#2093 = VERTEX_POINT ( 'NONE', #5219 ) ;
#2094 = LINE ( 'NONE', #3064, #5206 ) ;
#2095 = VERTEX_POINT ( 'NONE', #2283 ) ;
#2096 = CARTESIAN_POINT ( 'NONE',  ( 0.0000000000000000000, 0.8964290159990536688, 0.0000000000000000000 ) ) ;
#2097 = PRESENTATION_LAYER_ASSIGNMENT (  '', '', ( #4164 ) ) ;
#2098 = PLANE ( 'NONE',  #3077 ) ;
#2099 = CARTESIAN_POINT ( 'NONE',  ( 0.7722034794342281794, 0.8964290159990534468, -0.8777352078093680898 ) ) ;
#2100 = EDGE_LOOP ( 'NONE', ( #4910, #6191, #131, #4336 ) ) ;
#2101 = EDGE_LOOP ( 'NONE', ( #3700, #967, #1284, #3058 ) ) ;
#2102 = PLANE ( 'NONE',  #880 ) ;
#2103 = EDGE_CURVE ( 'NONE', #2878, #4478, #799, .T. ) ;
#2104 = VERTEX_POINT ( 'NONE', #273 ) ;
#2105 = CARTESIAN_POINT ( 'NONE',  ( 4.173295413787609043, 0.9064290159990536777, -2.884590605459340651 ) ) ;
#2106 = VECTOR ( 'NONE', #829, 1000.000000000000000 ) ;
#2107 = EDGE_CURVE ( 'NONE', #5518, #1505, #3680, .T. ) ;
#2108 = DIRECTION ( 'NONE',  ( 0.8771107020363828610, -0.0000000000000000000, 0.4802882638304245555 ) ) ;
#2109 = PRESENTATION_STYLE_ASSIGNMENT (( #3600 ) ) ;
#2110 = PLANE ( 'NONE',  #1450 ) ;
#2111 = ADVANCED_FACE ( 'NONE', ( #3710 ), #5124, .T. ) ;
#2112 = CARTESIAN_POINT ( 'NONE',  ( 3.633952465069659965, 0.8964290159990536688, -2.731416359999938592 ) ) ;
#2113 =( NAMED_UNIT ( * ) SI_UNIT ( $, .STERADIAN. ) SOLID_ANGLE_UNIT ( ) );
#2114 = EDGE_CURVE ( 'NONE', #2462, #2621, #241, .T. ) ;
#2115 = ADVANCED_FACE ( 'NONE', ( #768 ), #1250, .T. ) ;
#2116 = CARTESIAN_POINT ( 'NONE',  ( 0.6171964533206235615, 0.8964290159990536688, -3.955798581026702454 ) ) ;
#2117 = ORIENTED_EDGE ( 'NONE', *, *, #1441, .F. ) ;
#2118 = CARTESIAN_POINT ( 'NONE',  ( 0.5505018879068303006, 0.9064290159990541218, -0.7300498225709709521 ) ) ;
#2119 = DIRECTION ( 'NONE',  ( -1.000000000000000000, 0.0000000000000000000, 0.0000000000000000000 ) ) ;
#2120 = DIRECTION ( 'NONE',  ( -0.0000000000000000000, 1.000000000000000000, -0.0000000000000000000 ) ) ;
#2121 = CARTESIAN_POINT ( 'NONE',  ( 2.944284913034486806, 0.8964290159990536688, -3.540846179503896796 ) ) ;
#2122 = EDGE_LOOP ( 'NONE', ( #1932, #4372, #1136, #5638 ) ) ;
#2123 = VECTOR ( 'NONE', #4431, 1000.000000000000000 ) ;
#2124 = CARTESIAN_POINT ( 'NONE',  ( 0.2799999999999950862, 0.0000000000000000000, -5.150000000000001243 ) ) ;
#2125 = CARTESIAN_POINT ( 'NONE',  ( 4.695677892420087041, 0.8964290159990536688, -2.620961298568314835 ) ) ;
#2126 = ORIENTED_EDGE ( 'NONE', *, *, #1782, .T. ) ;
#2127 = CARTESIAN_POINT ( 'NONE',  ( 2.866429445620368721, 0.9064290159990536777, -3.332380475811075993 ) ) ;
#2128 = ORIENTED_EDGE ( 'NONE', *, *, #5489, .T. ) ;
#2129 = LINE ( 'NONE', #2160, #5151 ) ;
#2130 = CARTESIAN_POINT ( 'NONE',  ( 2.552425973238192203, 0.9064290159990538998, -3.525543680971481741 ) ) ;
#2131 = CARTESIAN_POINT ( 'NONE',  ( 0.7352672590914194339, 0.8964290159990536688, -0.9146714281521770573 ) ) ;
#2132 = VERTEX_POINT ( 'NONE', #5291 ) ;
#2133 = ORIENTED_EDGE ( 'NONE', *, *, #2028, .F. ) ;
#2134 = DIRECTION ( 'NONE',  ( -0.2607351442216253590, 0.0000000000000000000, 0.9654103710690744578 ) ) ;
#2135 = ORIENTED_EDGE ( 'NONE', *, *, #5031, .F. ) ;
#2136 = CARTESIAN_POINT ( 'NONE',  ( 2.877411625543240703, 0.8964290159990535578, -3.165446192983746965 ) ) ;
#2137 = LINE ( 'NONE', #163, #3083 ) ;
#2138 = CARTESIAN_POINT ( 'NONE',  ( 5.594582806950002762, 0.9064290159990536777, -3.009038054711477006 ) ) ;
#2139 = DIRECTION ( 'NONE',  ( 0.8769390707362905157, -0.0000000000000000000, 0.4806015670138532592 ) ) ;
#2140 = VECTOR ( 'NONE', #2269, 1000.000000000000000 ) ;
#2141 = ADVANCED_FACE ( 'NONE', ( #1344 ), #1312, .T. ) ;
#2142 = CARTESIAN_POINT ( 'NONE',  ( 2.391587361516053001, 0.9064290159990536777, -3.634977215778476101 ) ) ;
#2143 = FACE_OUTER_BOUND ( 'NONE', #908, .T. ) ;
#2144 = FACE_OUTER_BOUND ( 'NONE', #1384, .T. ) ;
#2145 = ORIENTED_EDGE ( 'NONE', *, *, #5731, .T. ) ;
#2146 = VECTOR ( 'NONE', #2733, 1000.000000000000000 ) ;
#2147 = DIRECTION ( 'NONE',  ( -0.0000000000000000000, 1.000000000000000000, -0.0000000000000000000 ) ) ;
#2148 = DIRECTION ( 'NONE',  ( 0.0000000000000000000, 0.0000000000000000000, 1.000000000000000000 ) ) ;
#2149 = PLANE ( 'NONE',  #5233 ) ;
#2150 = DIRECTION ( 'NONE',  ( -1.000000000000000000, 0.0000000000000000000, -0.0000000000000000000 ) ) ;
#2151 = VERTEX_POINT ( 'NONE', #5871 ) ;
#2152 = CARTESIAN_POINT ( 'NONE',  ( 4.330137360902993393, 0.8964290159990536688, -3.206424206407054722 ) ) ;
#2153 = VECTOR ( 'NONE', #1307, 1000.000000000000000 ) ;
#2154 = ADVANCED_FACE ( 'NONE', ( #4324 ), #2512, .T. ) ;
#2155 = CARTESIAN_POINT ( 'NONE',  ( 2.424129318307224334, 0.9064290159990536777, -3.954537207203235649 ) ) ;
#2156 = EDGE_LOOP ( 'NONE', ( #4519, #1619, #556, #6140 ) ) ;
#2157 = DIRECTION ( 'NONE',  ( 0.4804152582365220914, 0.0000000000000000000, -0.8770411504904065403 ) ) ;
#2158 = ORIENTED_EDGE ( 'NONE', *, *, #3715, .F. ) ;
#2159 = CARTESIAN_POINT ( 'NONE',  ( 2.351415642037394615, 0.9064290159990536777, -2.858545959802750502 ) ) ;
#2160 = CARTESIAN_POINT ( 'NONE',  ( 4.690589751394446338, 0.8964290159990536688, -2.479871388044810665 ) ) ;
#2161 = CARTESIAN_POINT ( 'NONE',  ( 2.338501811870663083, 0.8964290159990536688, -2.858440769757987443 ) ) ;
#2162 = EDGE_LOOP ( 'NONE', ( #5424, #3626, #301, #4820 ) ) ;
#2163 = ORIENTED_EDGE ( 'NONE', *, *, #3655, .F. ) ;
#2164 = PLANE ( 'NONE',  #2321 ) ;
#2165 = ORIENTED_EDGE ( 'NONE', *, *, #1107, .T. ) ;
#2166 = CARTESIAN_POINT ( 'NONE',  ( 2.946895099595371992, 0.8964290159990535578, -3.059201079026849790 ) ) ;
#2167 = DIRECTION ( 'NONE',  ( 1.000000000000000000, 0.0000000000000000000, -0.0000000000000000000 ) ) ;
#2168 = CARTESIAN_POINT ( 'NONE',  ( 0.6171964533206235615, 0.9064290159990536777, -3.634977215778476101 ) ) ;
#2169 = LINE ( 'NONE', #4143, #2278 ) ;
#2170 = ADVANCED_FACE ( 'NONE', ( #4254 ), #342, .T. ) ;
#2171 = ADVANCED_FACE ( 'NONE', ( #4389 ), #2382, .T. ) ;
#2172 = FACE_OUTER_BOUND ( 'NONE', #2581, .T. ) ;
#2173 = LINE ( 'NONE', #3174, #923 ) ;
#2174 = DIRECTION ( 'NONE',  ( 0.5213313868808869822, 0.0000000000000000000, -0.8533543139006510847 ) ) ;
#2175 = ORIENTED_EDGE ( 'NONE', *, *, #4101, .F. ) ;
#2176 = FACE_OUTER_BOUND ( 'NONE', #4362, .T. ) ;
#2177 = CARTESIAN_POINT ( 'NONE',  ( 5.255373405240600704, 0.9064290159990536777, -3.009038054711477006 ) ) ;
#2178 = DIRECTION ( 'NONE',  ( 0.0000000000000000000, 0.0000000000000000000, -1.000000000000000000 ) ) ;
#2179 = CARTESIAN_POINT ( 'NONE',  ( 2.920502486843826073, 0.8964290159990535578, -3.419223111102317247 ) ) ;
#2180 = ORIENTED_EDGE ( 'NONE', *, *, #74, .T. ) ;
#2181 = VECTOR ( 'NONE', #5504, 1000.000000000000000 ) ;
#2182 = EDGE_CURVE ( 'NONE', #5952, #1060, #6325, .T. ) ;
#2183 = CARTESIAN_POINT ( 'NONE',  ( 5.017714818167950064, 0.9064290159990536777, -2.479871388044810665 ) ) ;
#2184 = PLANE ( 'NONE',  #3168 ) ;
#2185 = VECTOR ( 'NONE', #6242, 1000.000000000000000 ) ;
#2186 = VECTOR ( 'NONE', #932, 1000.000000000000000 ) ;
#2187 = CARTESIAN_POINT ( 'NONE',  ( 1.305000531334807867, 0.9064290159990536777, -3.374422054233952473 ) ) ;
#2188 = EDGE_CURVE ( 'NONE', #2460, #396, #6358, .T. ) ;
#2189 = ORIENTED_EDGE ( 'NONE', *, *, #1026, .T. ) ;
#2190 = ORIENTED_EDGE ( 'NONE', *, *, #4814, .F. ) ;
#2191 = CARTESIAN_POINT ( 'NONE',  ( 4.592113021960685160, 0.8964290159990536688, -3.009038054711477006 ) ) ;
#2192 = EDGE_CURVE ( 'NONE', #1261, #492, #1833, .T. ) ;
#2193 = CARTESIAN_POINT ( 'NONE',  ( 3.649999999999996358, -0.01000000000000000021, -5.150000000000000355 ) ) ;
#2194 = LINE ( 'NONE', #5226, #5861 ) ;
#2195 = ORIENTED_EDGE ( 'NONE', *, *, #1720, .F. ) ;
#2196 = ORIENTED_EDGE ( 'NONE', *, *, #2691, .T. ) ;
#2197 = CARTESIAN_POINT ( 'NONE',  ( 2.129999999999994120, -0.01000000000000000021, -5.150000000000001243 ) ) ;
#2198 = VERTEX_POINT ( 'NONE', #3055 ) ;
#2199 = DIRECTION ( 'NONE',  ( -1.000000000000000000, 0.0000000000000000000, 0.0000000000000000000 ) ) ;
#2200 = FACE_OUTER_BOUND ( 'NONE', #6055, .T. ) ;
#2201 = CARTESIAN_POINT ( 'NONE',  ( 5.302862721479915997, 0.9064290159990536777, -3.009038054711477006 ) ) ;
#2202 = CARTESIAN_POINT ( 'NONE',  ( 2.549560763823576437, 0.8964290159990534468, -2.921212800252466657 ) ) ;
#2203 = EDGE_CURVE ( 'NONE', #5587, #6075, #3480, .T. ) ;
#2204 = VECTOR ( 'NONE', #5466, 1000.000000000000000 ) ;
#2205 = FILL_AREA_STYLE_COLOUR ( '', #237 ) ;
#2206 = CARTESIAN_POINT ( 'NONE',  ( 5.017714818167950064, 0.9064290159990536777, -2.479871388044810665 ) ) ;
#2207 = CARTESIAN_POINT ( 'NONE',  ( 3.649999999999996358, 0.0000000000000000000, -3.150000000000000355 ) ) ;
#2208 = ORIENTED_EDGE ( 'NONE', *, *, #4992, .T. ) ;
#2209 = DIRECTION ( 'NONE',  ( -0.3660897081358577276, 0.0000000000000000000, -0.9305795643559998664 ) ) ;
#2210 = PLANE ( 'NONE',  #3455 ) ;
#2211 = VECTOR ( 'NONE', #4954, 1000.000000000000000 ) ;
#2212 = FACE_OUTER_BOUND ( 'NONE', #1927, .T. ) ;
#2213 = DIRECTION ( 'NONE',  ( -1.000000000000000000, 0.0000000000000000000, 0.0000000000000000000 ) ) ;
#2214 = EDGE_LOOP ( 'NONE', ( #2978, #4475, #5230, #4436 ) ) ;
#2215 = AXIS2_PLACEMENT_3D ( 'NONE', #1459, #1826, #4474 ) ;
#2216 = PLANE ( 'NONE',  #1217 ) ;
#2217 = CARTESIAN_POINT ( 'NONE',  ( 2.338501811870663083, 0.9064290159990536777, -2.858440769757987443 ) ) ;
#2218 = EDGE_CURVE ( 'NONE', #4822, #2104, #4460, .T. ) ;
#2219 = CARTESIAN_POINT ( 'NONE',  ( 3.443995200112394794, 0.9064290159990536777, -3.735590873073721507 ) ) ;
#2220 = VECTOR ( 'NONE', #6068, 1000.000000000000000 ) ;
#2221 = ORIENTED_EDGE ( 'NONE', *, *, #3096, .F. ) ;
#2222 = ORIENTED_EDGE ( 'NONE', *, *, #770, .F. ) ;
#2223 = CARTESIAN_POINT ( 'NONE',  ( 4.181839250593164081, 0.9064290159990536777, -3.477155710146370815 ) ) ;
#2224 = EDGE_CURVE ( 'NONE', #5102, #3881, #4993, .T. ) ;
#2225 = CARTESIAN_POINT ( 'NONE',  ( 4.804670113306839241, 0.8964290159990536688, -3.735590873073721507 ) ) ;
#2226 = VERTEX_POINT ( 'NONE', #6390 ) ;
#2227 = EDGE_CURVE ( 'NONE', #796, #3996, #5904, .T. ) ;
#2228 = ORIENTED_EDGE ( 'NONE', *, *, #1281, .T. ) ;
#2229 = CARTESIAN_POINT ( 'NONE',  ( 1.081630899735123164, 0.9064290159990536777, -2.537619404509760201 ) ) ;
#2230 = VERTEX_POINT ( 'NONE', #1023 ) ;
#2231 = DIRECTION ( 'NONE',  ( -2.199526209833291231E-13, 1.000000000000000000, -3.669836102615840282E-14 ) ) ;
#2232 = CARTESIAN_POINT ( 'NONE',  ( 2.670316426897862527, 0.9064290159990535667, -2.565732710863281252 ) ) ;
#2233 = SURFACE_SIDE_STYLE ('',( #3169 ) ) ;
#2234 = LINE ( 'NONE', #4207, #275 ) ;
#2235 = LINE ( 'NONE', #1755, #6179 ) ;
#2236 = CARTESIAN_POINT ( 'NONE',  ( 3.443995200112394794, 0.9064290159990536777, -3.735590873073721507 ) ) ;
#2237 = CARTESIAN_POINT ( 'NONE',  ( 3.976002745518377957, 0.9064290159990536777, -3.206424206407054722 ) ) ;
#2238 = EDGE_CURVE ( 'NONE', #4026, #5696, #1085, .T. ) ;
#2239 = LINE ( 'NONE', #1305, #2781 ) ;
#2240 = CARTESIAN_POINT ( 'NONE',  ( 4.329331738573933386, 0.9064290159990536777, -2.623611372019169607 ) ) ;
#2241 = AXIS2_PLACEMENT_3D ( 'NONE', #315, #2292, #3750 ) ;
#2242 = LINE ( 'NONE', #6189, #4738 ) ;
#2243 = VECTOR ( 'NONE', #2078, 1000.000000000000000 ) ;
#2244 = CARTESIAN_POINT ( 'NONE',  ( 0.6526160983265799631, 0.9064290159990538998, -0.9357024936672075910 ) ) ;
#2245 = ORIENTED_EDGE ( 'NONE', *, *, #2691, .F. ) ;
#2246 = CARTESIAN_POINT ( 'NONE',  ( 2.936183926796547716, 0.8964290159990536688, -3.083211326564903043 ) ) ;
#2247 = CARTESIAN_POINT ( 'NONE',  ( 3.803557165924360994, 0.9064290159990536777, -3.009038054711477006 ) ) ;
#2248 = VECTOR ( 'NONE', #1612, 1000.000000000000000 ) ;
#2249 = PRESENTATION_STYLE_ASSIGNMENT (( #2767 ) ) ;
#2250 = EDGE_CURVE ( 'NONE', #4997, #6306, #4425, .T. ) ;
#2251 = EDGE_CURVE ( 'NONE', #3184, #1102, #2442, .T. ) ;
#2252 = FACE_OUTER_BOUND ( 'NONE', #5456, .T. ) ;
#2253 = ORIENTED_EDGE ( 'NONE', *, *, #1850, .F. ) ;
#2254 = ORIENTED_EDGE ( 'NONE', *, *, #2590, .T. ) ;
#2255 = DIRECTION ( 'NONE',  ( 0.0000000000000000000, 0.0000000000000000000, -1.000000000000000000 ) ) ;
#2256 = DIRECTION ( 'NONE',  ( -1.000000000000000000, 0.0000000000000000000, 0.0000000000000000000 ) ) ;
#2257 = VECTOR ( 'NONE', #1172, 999.9999999999998863 ) ;
#2258 = VECTOR ( 'NONE', #4455, 1000.000000000000000 ) ;
#2259 = DIRECTION ( 'NONE',  ( 0.4804543040264410148, 0.0000000000000000000, -0.8770197613181063279 ) ) ;
#2260 = ORIENTED_EDGE ( 'NONE', *, *, #100, .T. ) ;
#2261 = ORIENTED_EDGE ( 'NONE', *, *, #2791, .F. ) ;
#2262 = VECTOR ( 'NONE', #5072, 1000.000000000000000 ) ;
#2263 = AXIS2_PLACEMENT_3D ( 'NONE', #3891, #2376, #1989 ) ;
#2264 = CARTESIAN_POINT ( 'NONE',  ( 2.906953818322663086, 0.8964290159990538909, -3.394178718741707179 ) ) ;
#2265 = PRESENTATION_LAYER_ASSIGNMENT (  '', '', ( #4548 ) ) ;
#2266 = ORIENTED_EDGE ( 'NONE', *, *, #2114, .T. ) ;
#2267 = CARTESIAN_POINT ( 'NONE',  ( 3.649999999999995026, -0.01000000000000000021, -0.3499999999999996447 ) ) ;
#2268 = CARTESIAN_POINT ( 'NONE',  ( 4.012170947975643109, 0.9064290159990536777, -2.479871388044810665 ) ) ;
#2269 = DIRECTION ( 'NONE',  ( -1.000000000000000000, 0.0000000000000000000, 0.0000000000000000000 ) ) ;
#2270 = DIRECTION ( 'NONE',  ( 1.000000000000000000, 0.0000000000000000000, 0.0000000000000000000 ) ) ;
#2271 = ORIENTED_EDGE ( 'NONE', *, *, #452, .T. ) ;
#2272 = ADVANCED_FACE ( 'NONE', ( #573 ), #4322, .T. ) ;
#2273 = SURFACE_STYLE_USAGE ( .BOTH. , #1724 ) ;
#2274 = CARTESIAN_POINT ( 'NONE',  ( 3.471237955187181257, 0.9064290159990536777, -3.009038054711477006 ) ) ;
#2275 = VERTEX_POINT ( 'NONE', #509 ) ;
#2276 = LINE ( 'NONE', #3275, #4441 ) ;
#2277 = VECTOR ( 'NONE', #1379, 1000.000000000000000 ) ;
#2278 = VECTOR ( 'NONE', #1203, 1000.000000000000114 ) ;
#2279 = LINE ( 'NONE', #4282, #6136 ) ;
#2280 = FACE_OUTER_BOUND ( 'NONE', #3720, .T. ) ;
#2281 = ORIENTED_EDGE ( 'NONE', *, *, #5077, .T. ) ;
#2282 = DIRECTION ( 'NONE',  ( 1.000000000000000000, 0.0000000000000000000, -0.0000000000000000000 ) ) ;
#2283 = CARTESIAN_POINT ( 'NONE',  ( 3.649999999999995026, 0.0000000000000000000, -0.3499999999999996447 ) ) ;
#2284 = EDGE_CURVE ( 'NONE', #5824, #283, #5478, .T. ) ;
#2285 = DIRECTION ( 'NONE',  ( 0.4802758347947815865, 0.0000000000000000000, 0.8771175078130498681 ) ) ;
#2286 = ORIENTED_EDGE ( 'NONE', *, *, #5533, .F. ) ;
#2287 = VERTEX_POINT ( 'NONE', #2539 ) ;
#2288 = EDGE_CURVE ( 'NONE', #4257, #1100, #4521, .T. ) ;
#2289 = ADVANCED_FACE ( 'NONE', ( #1567 ), #5509, .T. ) ;
#2290 = CARTESIAN_POINT ( 'NONE',  ( 0.7723197143302331646, 0.9064290159990533446, -0.7301535854777794210 ) ) ;
#2291 = AXIS2_PLACEMENT_3D ( 'NONE', #3204, #4246, #757 ) ;
#2292 = DIRECTION ( 'NONE',  ( 0.8770411504904065403, 0.0000000000000000000, -0.4804152582365220359 ) ) ;
#2293 = VERTEX_POINT ( 'NONE', #4556 ) ;
#2294 = ORIENTED_EDGE ( 'NONE', *, *, #5166, .T. ) ;
#2295 = PLANE ( 'NONE',  #356 ) ;
#2296 = VERTEX_POINT ( 'NONE', #5541 ) ;
#2297 = CARTESIAN_POINT ( 'NONE',  ( 2.967868340319057108, 0.8964290159990535578, -2.979676053679815695 ) ) ;
#2298 = ORIENTED_EDGE ( 'NONE', *, *, #4992, .F. ) ;
#2299 = CARTESIAN_POINT ( 'NONE',  ( 5.506388362505557410, 0.8964290159990536688, -2.534144892318314746 ) ) ;
#2300 = CARTESIAN_POINT ( 'NONE',  ( 4.856590352355985019, 0.9064290159990536777, -3.009038054711477006 ) ) ;
#2301 = CARTESIAN_POINT ( 'NONE',  ( 0.6876163599789362202, 0.9064290159990535667, -0.9346404736468130192 ) ) ;
#2302 = ADVANCED_FACE ( 'NONE', ( #4645 ), #2210, .F. ) ;
#2303 = ORIENTED_EDGE ( 'NONE', *, *, #247, .F. ) ;
#2304 = ORIENTED_EDGE ( 'NONE', *, *, #5740, .T. ) ;
#2305 = EDGE_CURVE ( 'NONE', #3659, #5844, #6057, .T. ) ;
#2306 = CARTESIAN_POINT ( 'NONE',  ( 2.460510475190040403, 0.9064290159990535667, -3.103601863744160028 ) ) ;
#2307 = CARTESIAN_POINT ( 'NONE',  ( 6.199999999999998401, -0.01000000000000000021, -2.350000000000000089 ) ) ;
#2308 = LINE ( 'NONE', #727, #741 ) ;
#2309 = VERTEX_POINT ( 'NONE', #4120 ) ;
#2310 = CARTESIAN_POINT ( 'NONE',  ( 2.829999999999994742, 0.0000000000000000000, -0.3500000000000004774 ) ) ;
#2311 = VECTOR ( 'NONE', #5693, 1000.000000000000114 ) ;
#2312 = DIRECTION ( 'NONE',  ( 0.9655185844044613663, -0.0000000000000000000, 0.2603341375417465575 ) ) ;
#2313 = EDGE_CURVE ( 'NONE', #2031, #493, #4273, .T. ) ;
#2314 = EDGE_CURVE ( 'NONE', #6241, #2450, #1181, .T. ) ;
#2315 = CARTESIAN_POINT ( 'NONE',  ( 2.552895625897455556, 0.9064290159990538998, -3.518035135400225055 ) ) ;
#2316 = DIRECTION ( 'NONE',  ( 0.0000000000000000000, 0.0000000000000000000, -1.000000000000000000 ) ) ;
#2317 = ORIENTED_EDGE ( 'NONE', *, *, #1641, .T. ) ;
#2318 = CARTESIAN_POINT ( 'NONE',  ( 1.000079185787132730, 0.9064290159990536777, -3.634977215778476101 ) ) ;
#2319 = FACE_OUTER_BOUND ( 'NONE', #3105, .T. ) ;
#2320 = CARTESIAN_POINT ( 'NONE',  ( 3.969324560422224035, 0.9064290159990536777, -3.735590873073721507 ) ) ;
#2321 = AXIS2_PLACEMENT_3D ( 'NONE', #6141, #4660, #222 ) ;
#2322 = CARTESIAN_POINT ( 'NONE',  ( 4.181839250593164081, 0.8964290159990536688, -3.477155710146370815 ) ) ;
#2323 = VECTOR ( 'NONE', #4596, 1000.000000000000000 ) ;
#2324 = ORIENTED_EDGE ( 'NONE', *, *, #1143, .T. ) ;
#2325 = EDGE_LOOP ( 'NONE', ( #123, #5560, #2067, #1703 ) ) ;
#2326 = DIRECTION ( 'NONE',  ( 0.0000000000000000000, -1.000000000000000000, 0.0000000000000000000 ) ) ;
#2327 = CARTESIAN_POINT ( 'NONE',  ( 0.6876887375851097328, 0.8964290159990538909, -0.6730892592106024752 ) ) ;
#2328 = DIRECTION ( 'NONE',  ( -0.0000000000000000000, -1.000000000000000000, -0.0000000000000000000 ) ) ;
#2329 = EDGE_LOOP ( 'NONE', ( #2195, #3896, #5936, #2294 ) ) ;
#2330 = DIRECTION ( 'NONE',  ( 0.0000000000000000000, 0.0000000000000000000, -1.000000000000000000 ) ) ;
#2331 = VERTEX_POINT ( 'NONE', #3733 ) ;
#2332 = PLANE ( 'NONE',  #763 ) ;
#2333 = ORIENTED_EDGE ( 'NONE', *, *, #836, .T. ) ;
#2334 = APPLICATION_CONTEXT ( 'automotive_design' ) ;
#2335 = CARTESIAN_POINT ( 'NONE',  ( 2.915638068384414083, 0.8964290159990534468, -2.742599953010209202 ) ) ;
#2336 = DIRECTION ( 'NONE',  ( -0.0000000000000000000, -1.000000000000000000, -0.0000000000000000000 ) ) ;
#2337 = CARTESIAN_POINT ( 'NONE',  ( 4.387675755667951094, 0.8964290159990536688, -3.206424206407054722 ) ) ;
#2338 = ORIENTED_EDGE ( 'NONE', *, *, #5245, .T. ) ;
#2339 = CARTESIAN_POINT ( 'NONE',  ( 3.855795413787608705, 0.8964290159990536688, -3.528355129216884212 ) ) ;
#2340 = UNCERTAINTY_MEASURE_WITH_UNIT (LENGTH_MEASURE( 1.000000000000000082E-05 ), #5345, 'distance_accuracy_value', 'NONE');
#2341 = ORIENTED_EDGE ( 'NONE', *, *, #2821, .F. ) ;
#2342 = EDGE_CURVE ( 'NONE', #2287, #982, #3702, .T. ) ;
#2343 = FACE_OUTER_BOUND ( 'NONE', #5013, .T. ) ;
#2344 =( LENGTH_UNIT ( ) NAMED_UNIT ( * ) SI_UNIT ( .MILLI., .METRE. ) );
#2345 = DIRECTION ( 'NONE',  ( -1.000000000000000000, 0.0000000000000000000, 0.0000000000000000000 ) ) ;
#2346 = CARTESIAN_POINT ( 'NONE',  ( 1.081630899735123164, 0.8964290159990536688, -2.537619404509760201 ) ) ;
#2347 = EDGE_CURVE ( 'NONE', #5064, #4755, #2664, .T. ) ;
#2348 = DIRECTION ( 'NONE',  ( -0.0000000000000000000, -1.000000000000000000, -0.0000000000000000000 ) ) ;
#2349 = DIRECTION ( 'NONE',  ( 0.4804152582365220914, 0.0000000000000000000, -0.8770411504904065403 ) ) ;
#2350 =( NAMED_UNIT ( * ) PLANE_ANGLE_UNIT ( ) SI_UNIT ( $, .RADIAN. ) );
#2351 = VERTEX_POINT ( 'NONE', #6122 ) ;
#2352 = LINE ( 'NONE', #6227, #2479 ) ;
#2353 = APPLICATION_PROTOCOL_DEFINITION ( 'draft international standard', 'automotive_design', 1998, #4100 ) ;
#2354 = VECTOR ( 'NONE', #2259, 1000.000000000000227 ) ;
#2355 = CARTESIAN_POINT ( 'NONE',  ( 2.845558335077569279, 0.9064290159990534557, -3.791684767714020854 ) ) ;
#2356 = AXIS2_PLACEMENT_3D ( 'NONE', #5604, #4995, #2666 ) ;
#2357 = EDGE_LOOP ( 'NONE', ( #3792, #3358, #3819, #141 ) ) ;
#2358 = CARTESIAN_POINT ( 'NONE',  ( 2.531592667863820534, 0.9064290159990540108, -3.443431921140716501 ) ) ;
#2359 = CARTESIAN_POINT ( 'NONE',  ( 2.454391015947646526, 0.8964290159990537799, -3.388553803004070719 ) ) ;
#2360 = VECTOR ( 'NONE', #2840, 1000.000000000000000 ) ;
#2361 = EDGE_CURVE ( 'NONE', #5848, #3347, #5092, .T. ) ;
#2362 = ORIENTED_EDGE ( 'NONE', *, *, #1578, .F. ) ;
#2363 = CARTESIAN_POINT ( 'NONE',  ( 2.810739720869677605, 0.8964290159990534468, -3.279881076897787295 ) ) ;
#2364 = VERTEX_POINT ( 'NONE', #4614 ) ;
#2365 = ORIENTED_EDGE ( 'NONE', *, *, #2983, .T. ) ;
#2366 = VECTOR ( 'NONE', #1533, 1000.000000000000000 ) ;
#2367 = CARTESIAN_POINT ( 'NONE',  ( 2.971168724794224669, 0.9064290159990536777, -2.920502136976269369 ) ) ;
#2368 = CARTESIAN_POINT ( 'NONE',  ( 0.5291666666666666741, 0.9064290159990536777, -0.8039262820512820262 ) ) ;
#2369 = DIRECTION ( 'NONE',  ( -0.0000000000000000000, 0.0000000000000000000, 1.000000000000000000 ) ) ;
#2370 = VERTEX_POINT ( 'NONE', #5699 ) ;
#2371 = CARTESIAN_POINT ( 'NONE',  ( 0.5299999999999949196, -0.01000000000000000021, -0.3500000000000000333 ) ) ;
#2372 = VERTEX_POINT ( 'NONE', #171 ) ;
#2373 = DIRECTION ( 'NONE',  ( 0.0000000000000000000, 0.0000000000000000000, -1.000000000000000000 ) ) ;
#2374 = FACE_BOUND ( 'NONE', #5713, .T. ) ;
#2375 = EDGE_CURVE ( 'NONE', #161, #5848, #3642, .T. ) ;
#2376 = DIRECTION ( 'NONE',  ( 0.8771107020363841933, -0.0000000000000000000, 0.4802882638304223906 ) ) ;
#2377 = ADVANCED_FACE ( 'NONE', ( #4153 ), #1697, .T. ) ;
#2378 = CARTESIAN_POINT ( 'NONE',  ( 3.855795413787608705, 0.9064290159990536777, -3.425956291075858307 ) ) ;
#2379 = FACE_OUTER_BOUND ( 'NONE', #4055, .T. ) ;
#2380 = VERTEX_POINT ( 'NONE', #4672 ) ;
#2381 =( NAMED_UNIT ( * ) SI_UNIT ( $, .STERADIAN. ) SOLID_ANGLE_UNIT ( ) );
#2382 = PLANE ( 'NONE',  #5029 ) ;
#2383 = ORIENTED_EDGE ( 'NONE', *, *, #5821, .F. ) ;
#2384 = EDGE_CURVE ( 'NONE', #1409, #2082, #5634, .T. ) ;
#2385 = LINE ( 'NONE', #1997, #2919 ) ;
#2386 = CARTESIAN_POINT ( 'NONE',  ( 4.741810371052566531, 0.8964290159990536688, -3.206424206407054722 ) ) ;
#2387 = ORIENTED_EDGE ( 'NONE', *, *, #3992, .F. ) ;
#2388 = EDGE_CURVE ( 'NONE', #3264, #3300, #730, .T. ) ;
#2389 = DIRECTION ( 'NONE',  ( 0.0000000000000000000, -1.000000000000000000, 0.0000000000000000000 ) ) ;
#2390 = EDGE_CURVE ( 'NONE', #1541, #3223, #4182, .T. ) ;
#2391 = ORIENTED_EDGE ( 'NONE', *, *, #2188, .T. ) ;
#2392 =( NAMED_UNIT ( * ) SI_UNIT ( $, .STERADIAN. ) SOLID_ANGLE_UNIT ( ) );
#2393 = ORIENTED_EDGE ( 'NONE', *, *, #1444, .T. ) ;
#2394 = DIRECTION ( 'NONE',  ( -0.3651136360950639759, 0.0000000000000000000, -0.9309629599170103909 ) ) ;
#2395 = VECTOR ( 'NONE', #19, 1000.000000000000000 ) ;
#2396 = CARTESIAN_POINT ( 'NONE',  ( 2.481858441106281621, 0.8964290159990536688, -2.537619404509760201 ) ) ;
#2397 = CARTESIAN_POINT ( 'NONE',  ( 4.033541140283334769, 0.8964290159990536688, -3.206424206407054722 ) ) ;
#2398 = ORIENTED_EDGE ( 'NONE', *, *, #5506, .F. ) ;
#2399 = DIRECTION ( 'NONE',  ( 0.4802758347947843065, 0.0000000000000000000, 0.8771175078130485359 ) ) ;
#2400 = ORIENTED_EDGE ( 'NONE', *, *, #50, .F. ) ;
#2401 = DIRECTION ( 'NONE',  ( 0.0000000000000000000, -0.0000000000000000000, 1.000000000000000000 ) ) ;
#2402 = PLANE ( 'NONE',  #4643 ) ;
#2403 = COLOUR_RGB ( '',0.7529411764705882248, 0.7529411764705882248, 0.7529411764705882248 ) ;
#2404 = CARTESIAN_POINT ( 'NONE',  ( 4.349999999999997868, 0.0000000000000000000, -0.3500000000000000333 ) ) ;
#2405 = LINE ( 'NONE', #3860, #1228 ) ;
#2406 = EDGE_CURVE ( 'NONE', #5944, #4902, #761, .T. ) ;
#2407 = CARTESIAN_POINT ( 'NONE',  ( 4.096400882537609256, 0.9064290159990536777, -3.735590873073721507 ) ) ;
#2408 = SURFACE_STYLE_FILL_AREA ( #3478 ) ;
#2409 = EDGE_LOOP ( 'NONE', ( #4199, #6336, #479, #848 ) ) ;
#2410 = ORIENTED_EDGE ( 'NONE', *, *, #753, .F. ) ;
#2411 = VECTOR ( 'NONE', #5859, 1000.000000000000000 ) ;
#2412 =( LENGTH_UNIT ( ) NAMED_UNIT ( * ) SI_UNIT ( .MILLI., .METRE. ) );
#2413 = CARTESIAN_POINT ( 'NONE',  ( 2.937222425317946861, 0.8964290159990535578, -3.623916297335770142 ) ) ;
#2414 = B_SPLINE_CURVE_WITH_KNOTS ( 'NONE', 3,
 ( #4285, #3313, #5183, #4251, #5672, #1829, #5800, #5215, #338, #2244, #3803 ),
 .UNSPECIFIED., .F., .F.,
 ( 4, 1, 1, 1, 1, 1, 1, 1, 4 ),
 ( 0.0000000000000000000, 0.1276753205943264580, 0.2507219899616132119, 0.3726777815650326176, 0.4999116359629985351, 0.6271454903609644527, 0.7511789779392594735, 0.8723246794056734865, 1.000000000000000000 ),
 .UNSPECIFIED. ) ;
#2415 = VECTOR ( 'NONE', #1847, 1000.000000000000114 ) ;
#2416 = EDGE_LOOP ( 'NONE', ( #4921, #3104, #4654, #1089 ) ) ;
#2417 = CARTESIAN_POINT ( 'NONE',  ( 0.7723197143302331646, 0.9064290159990533446, -0.7301535854777794210 ) ) ;
#2418 = CARTESIAN_POINT ( 'NONE',  ( 2.477333663520394857, 0.8964290159990537799, -3.396771188011250775 ) ) ;
#2419 = ORIENTED_EDGE ( 'NONE', *, *, #1616, .F. ) ;
#2420 = CARTESIAN_POINT ( 'NONE',  ( 4.096400882537609256, 0.9064290159990536777, -3.735590873073721507 ) ) ;
#2421 = VECTOR ( 'NONE', #4945, 1000.000000000000000 ) ;
#2422 = VERTEX_POINT ( 'NONE', #2728 ) ;
#2423 = SURFACE_STYLE_USAGE ( .BOTH. , #847 ) ;
#2424 = ORIENTED_EDGE ( 'NONE', *, *, #3517, .F. ) ;
#2425 = DIRECTION ( 'NONE',  ( 0.4802882638304223351, 0.0000000000000000000, 0.8771107020363840823 ) ) ;
#2426 = VECTOR ( 'NONE', #2066, 1000.000000000000227 ) ;
#2427 = DIRECTION ( 'NONE',  ( 1.000000000000000000, 0.0000000000000000000, 0.0000000000000000000 ) ) ;
#2428 = LINE ( 'NONE', #2945, #3324 ) ;
#2429 = EDGE_CURVE ( 'NONE', #4466, #6011, #3240, .T. ) ;
#2430 = ORIENTED_EDGE ( 'NONE', *, *, #3139, .T. ) ;
#2431 = CARTESIAN_POINT ( 'NONE',  ( 2.568795645598007216, 0.9064290159990536777, -2.991539321767443305 ) ) ;
#2432 = VERTEX_POINT ( 'NONE', #5730 ) ;
#2433 = FACE_OUTER_BOUND ( 'NONE', #5870, .T. ) ;
#2434 = CARTESIAN_POINT ( 'NONE',  ( 1.305000531334807867, 0.9064290159990536777, -3.374422054233952473 ) ) ;
#2435 = VECTOR ( 'NONE', #6129, 1000.000000000000000 ) ;
#2436 = DIRECTION ( 'NONE',  ( 1.000000000000000000, 0.0000000000000000000, 0.0000000000000000000 ) ) ;
#2437 = CARTESIAN_POINT ( 'NONE',  ( 3.649999999999995026, -0.01000000000000000021, -0.3499999999999996447 ) ) ;
#2438 = LINE ( 'NONE', #17, #2953 ) ;
#2439 = CARTESIAN_POINT ( 'NONE',  ( 6.199999999999998401, -0.01000000000000000021, -3.149999999999999911 ) ) ;
#2440 = CARTESIAN_POINT ( 'NONE',  ( 2.129999999999994120, -0.01000000000000000021, -3.150000000000000355 ) ) ;
#2441 = ORIENTED_EDGE ( 'NONE', *, *, #5353, .F. ) ;
#2442 = LINE ( 'NONE', #22, #6063 ) ;
#2443 = DIRECTION ( 'NONE',  ( 0.0000000000000000000, 0.0000000000000000000, 1.000000000000000000 ) ) ;
#2444 = CARTESIAN_POINT ( 'NONE',  ( 2.552895625897455556, 0.8964290159990536688, -3.518035135400225055 ) ) ;
#2445 = EDGE_CURVE ( 'NONE', #1, #5909, #5282, .T. ) ;
#2446 = AXIS2_PLACEMENT_3D ( 'NONE', #3056, #4558, #5026 ) ;
#2447 = VERTEX_POINT ( 'NONE', #1004 ) ;
#2448 = VECTOR ( 'NONE', #3088, 1000.000000000000000 ) ;
#2449 = FACE_OUTER_BOUND ( 'NONE', #2459, .T. ) ;
#2450 = VERTEX_POINT ( 'NONE', #828 ) ;
#2451 = DIRECTION ( 'NONE',  ( -0.0000000000000000000, 1.000000000000000000, 0.0000000000000000000 ) ) ;
#2452 = VERTEX_POINT ( 'NONE', #4249 ) ;
#2453 = STYLED_ITEM ( 'NONE', ( #409 ), #5413 ) ;
#2454 = EDGE_LOOP ( 'NONE', ( #5951, #3554, #37, #1848 ) ) ;
#2455 = LINE ( 'NONE', #422, #1383 ) ;
#2456 = CARTESIAN_POINT ( 'NONE',  ( 0.6353838412118913981, 0.8964290159990535578, -0.9346979451612402734 ) ) ;
#2457 = CARTESIAN_POINT ( 'NONE',  ( 4.171281357964959469, 0.9064290159990536777, -3.009038054711477006 ) ) ;
#2458 = LINE ( 'NONE', #1863, #5834 ) ;
#2459 = EDGE_LOOP ( 'NONE', ( #6280, #2648, #1260, #3723 ) ) ;
#2460 = VERTEX_POINT ( 'NONE', #5212 ) ;
#2461 = CARTESIAN_POINT ( 'NONE',  ( 5.094588148830343499, 0.9064290159990536777, -3.206424206407054722 ) ) ;
#2462 = VERTEX_POINT ( 'NONE', #3465 ) ;
#2463 = CARTESIAN_POINT ( 'NONE',  ( 4.349999999999997868, 0.0000000000000000000, -5.150000000000000355 ) ) ;
#2464 = LINE ( 'NONE', #6377, #2058 ) ;
#2465 = CARTESIAN_POINT ( 'NONE',  ( 0.5299999999999949196, 0.0000000000000000000, -0.3500000000000000333 ) ) ;
#2466 = CARTESIAN_POINT ( 'NONE',  ( 2.531402579107142170, 0.9064290159990535667, -2.538609613256654018 ) ) ;
#2467 = VECTOR ( 'NONE', #919, 1000.000000000000000 ) ;
#2468 = EDGE_CURVE ( 'NONE', #2039, #5221, #978, .T. ) ;
#2469 = CARTESIAN_POINT ( 'NONE',  ( 2.913094266645425812, 0.9064290159990537887, -3.693062365001396063 ) ) ;
#2470 = VECTOR ( 'NONE', #1429, 1000.000000000000000 ) ;
#2471 = CARTESIAN_POINT ( 'NONE',  ( 4.339296014749147723, 0.9064290159990536777, -2.479871388044810665 ) ) ;
#2472 = DIRECTION ( 'NONE',  ( -0.9136674107863312910, 0.0000000000000000000, 0.4064626212421029727 ) ) ;
#2473 = VERTEX_POINT ( 'NONE', #6220 ) ;
#2474 = VECTOR ( 'NONE', #2799, 1000.000000000000000 ) ;
#2475 = CARTESIAN_POINT ( 'NONE',  ( 5.506388362505557410, 0.9064290159990536777, -2.534144892318314746 ) ) ;
#2476 = CARTESIAN_POINT ( 'NONE',  ( 4.394459943702138993, 0.9064290159990536777, -3.735590873073721507 ) ) ;
#2477 = CARTESIAN_POINT ( 'NONE',  ( 2.568795645598007216, 0.8964290159990536688, -2.991539321767443305 ) ) ;
#2478 = ADVANCED_FACE ( 'NONE', ( #2946 ), #335, .T. ) ;
#2479 = VECTOR ( 'NONE', #797, 1000.000000000000000 ) ;
#2480 = ORIENTED_EDGE ( 'NONE', *, *, #871, .F. ) ;
#2481 =( LENGTH_UNIT ( ) NAMED_UNIT ( * ) SI_UNIT ( .MILLI., .METRE. ) );
#2482 = EDGE_CURVE ( 'NONE', #5040, #4919, #5918, .T. ) ;
#2483 = ORIENTED_EDGE ( 'NONE', *, *, #5923, .T. ) ;
#2484 = CARTESIAN_POINT ( 'NONE',  ( 2.944497724006202688, 0.9064290159990536777, -3.553425501830485000 ) ) ;
#2485 = ORIENTED_EDGE ( 'NONE', *, *, #210, .F. ) ;
#2486 = PRESENTATION_STYLE_ASSIGNMENT (( #2972 ) ) ;
#2487 = DIRECTION ( 'NONE',  ( -0.2570842515897343583, 0.0000000000000000000, -0.9663889939276761876 ) ) ;
#2488 = DIRECTION ( 'NONE',  ( -1.000000000000000000, 0.0000000000000000000, -0.0000000000000000000 ) ) ;
#2489 = FACE_OUTER_BOUND ( 'NONE', #361, .T. ) ;
#2490 = VERTEX_POINT ( 'NONE', #3982 ) ;
#2491 = ORIENTED_EDGE ( 'NONE', *, *, #519, .T. ) ;
#2492 = CARTESIAN_POINT ( 'NONE',  ( 2.454391015947646526, 0.9064290159990540108, -3.388553803004070719 ) ) ;
#2493 = ORIENTED_EDGE ( 'NONE', *, *, #1230, .F. ) ;
#2494 = FACE_OUTER_BOUND ( 'NONE', #2712, .T. ) ;
#2495 = CARTESIAN_POINT ( 'NONE',  ( 2.513841739353765981, 0.9064290159990534557, -2.887093106345713256 ) ) ;
#2496 = MECHANICAL_DESIGN_GEOMETRIC_PRESENTATION_REPRESENTATION (  '', ( #1570 ), #5283 ) ;
#2497 = CARTESIAN_POINT ( 'NONE',  ( 4.178171548937181790, 0.9064290159990536777, -3.009038054711477006 ) ) ;
#2498 = CARTESIAN_POINT ( 'NONE',  ( 2.670316426897862527, 0.9064290159990535667, -2.565732710863281252 ) ) ;
#2499 = CARTESIAN_POINT ( 'NONE',  ( 6.199999999999998401, -0.01000000000000000021, -5.150000000000000355 ) ) ;
#2500 = ADVANCED_FACE ( 'NONE', ( #4948 ), #3832, .T. ) ;
#2501 = AXIS2_PLACEMENT_3D ( 'NONE', #3724, #5689, #323 ) ;
#2502 = MECHANICAL_DESIGN_GEOMETRIC_PRESENTATION_REPRESENTATION (  '', ( #5051 ), #6112 ) ;
#2503 = DIRECTION ( 'NONE',  ( -1.000000000000000000, 0.0000000000000000000, 0.0000000000000000000 ) ) ;
#2504 = LINE ( 'NONE', #1864, #87 ) ;
#2505 =( NAMED_UNIT ( * ) SI_UNIT ( $, .STERADIAN. ) SOLID_ANGLE_UNIT ( ) );
#2506 = ORIENTED_EDGE ( 'NONE', *, *, #5548, .F. ) ;
#2507 = CARTESIAN_POINT ( 'NONE',  ( 2.487000756873230412, 0.9064290159990538998, -3.616247193589069653 ) ) ;
#2508 = ADVANCED_FACE ( 'NONE', ( #4804 ), #4770, .T. ) ;
#2509 = CARTESIAN_POINT ( 'NONE',  ( 4.238020807751283314, 0.9064290159990536777, -3.477155710146370815 ) ) ;
#2510 = EDGE_CURVE ( 'NONE', #3918, #3777, #2279, .T. ) ;
#2511 = CARTESIAN_POINT ( 'NONE',  ( 5.031728406576070789, 0.9064290159990536777, -3.735590873073721507 ) ) ;
#2512 = B_SPLINE_SURFACE_WITH_KNOTS ( 'NONE', 3, 1, ( 
 ( #6229, #1801 ),
 ( #1442, #3419 ),
 ( #3350, #928 ),
 ( #3774, #5738 ),
 ( #5256, #5386 ),
 ( #3899, #1870 ),
 ( #410, #4870 ),
 ( #3869, #4904 ),
 ( #3317, #870 ),
 ( #960, #2841 ),
 ( #2355, #835 ),
 ( #442, #376 ),
 ( #475, #3383 ),
 ( #3837, #2873 ),
 ( #2934, #3807 ),
 ( #5807, #2413 ),
 ( #2806, #4842 ),
 ( #1375, #5351 ),
 ( #5774, #4778 ) ),
 .UNSPECIFIED., .F., .F., .F.,
 ( 4, 1, 1, 1, 1, 1, 1, 1, 1, 1, 1, 1, 1, 1, 1, 1, 4 ),
 ( 2, 2 ),
 ( 0.0000000000000000000, 0.09546510449170900192, 0.1858575897923433473, 0.2710349793365064985, 0.3517277028838308173, 0.4270736388201359923, 0.4957100026978945584, 0.5587525136388112879, 0.6169147795200192741, 0.6714863062766496249, 0.7233083748797398682, 0.7727831595727387981, 0.8206259410641821850, 0.8668866673586650418, 0.9115747216525504903, 0.9560569530428016938, 1.000000000000000000 ),
 ( 0.0000000000000000000, 1.000000000000000000 ),
 .UNSPECIFIED. ) ;
#2513 = VECTOR ( 'NONE', #5473, 1000.000000000000000 ) ;
#2514 = EDGE_CURVE ( 'NONE', #1885, #2460, #303, .T. ) ;
#2515 = DIRECTION ( 'NONE',  ( 1.000000000000000000, 0.0000000000000000000, 0.0000000000000000000 ) ) ;
#2516 = ORIENTED_EDGE ( 'NONE', *, *, #1422, .T. ) ;
#2517 = CARTESIAN_POINT ( 'NONE',  ( 2.829999999999995186, -0.01000000000000000021, -5.150000000000000355 ) ) ;
#2518 = ORIENTED_EDGE ( 'NONE', *, *, #4011, .F. ) ;
#2519 = CARTESIAN_POINT ( 'NONE',  ( 4.330137360902993393, 0.9064290159990536777, -3.206424206407054722 ) ) ;
#2520 = DIRECTION ( 'NONE',  ( 0.0000000000000000000, 0.0000000000000000000, -1.000000000000000000 ) ) ;
#2521 = CARTESIAN_POINT ( 'NONE',  ( 0.6876163599789362202, 0.8964290159990535578, -0.9346404736468130192 ) ) ;
#2522 = EDGE_LOOP ( 'NONE', ( #1637, #3219, #20, #4358 ) ) ;
#2523 = ORIENTED_EDGE ( 'NONE', *, *, #4638, .T. ) ;
#2524 = CARTESIAN_POINT ( 'NONE',  ( 2.913094266645425812, 0.8964290159990537799, -3.693062365001396063 ) ) ;
#2525 = VECTOR ( 'NONE', #745, 1000.000000000000000 ) ;
#2526 = ORIENTED_EDGE ( 'NONE', *, *, #5074, .T. ) ;
#2527 = CARTESIAN_POINT ( 'NONE',  ( 6.199999999999998401, -0.01000000000000000021, -5.150000000000000355 ) ) ;
#2528 = CARTESIAN_POINT ( 'NONE',  ( 2.376074846742460167, 0.9064290159990536777, -2.858746822197040682 ) ) ;
#2529 = AXIS2_PLACEMENT_3D ( 'NONE', #521, #369, #1306 ) ;
#2530 = DIRECTION ( 'NONE',  ( -0.0000000000000000000, -1.000000000000000000, -0.0000000000000000000 ) ) ;
#2531 = CARTESIAN_POINT ( 'NONE',  ( 2.969828578843424438, 0.9064290159990537887, -2.882706120251762982 ) ) ;
#2532 = CARTESIAN_POINT ( 'NONE',  ( 4.741810371052566531, 0.9064290159990536777, -3.206424206407054722 ) ) ;
#2533 = EDGE_CURVE ( 'NONE', #4443, #2039, #2458, .T. ) ;
#2534 = AXIS2_PLACEMENT_3D ( 'NONE', #2219, #6162, #2609 ) ;
#2535 = PLANE ( 'NONE',  #760 ) ;
#2536 = FACE_OUTER_BOUND ( 'NONE', #486, .T. ) ;
#2537 = ORIENTED_EDGE ( 'NONE', *, *, #290, .F. ) ;
#2538 = LINE ( 'NONE', #4520, #3902 ) ;
#2539 = CARTESIAN_POINT ( 'NONE',  ( 4.564064644556840022, 0.9064290159990536777, -3.425956291075858307 ) ) ;
#2540 = CARTESIAN_POINT ( 'NONE',  ( 2.541266195129868066, 0.8964290159990535578, -2.909313768300580083 ) ) ;
#2541 = ORIENTED_EDGE ( 'NONE', *, *, #440, .F. ) ;
#2542 = CARTESIAN_POINT ( 'NONE',  ( 0.6171964533206235615, 0.9064290159990536777, -3.955798581026702454 ) ) ;
#2543 = VERTEX_POINT ( 'NONE', #2801 ) ;
#2544 = CARTESIAN_POINT ( 'NONE',  ( 4.450535497922224693, 0.9064290159990536777, -3.735590873073721507 ) ) ;
#2545 = ORIENTED_EDGE ( 'NONE', *, *, #834, .F. ) ;
#2546 = CARTESIAN_POINT ( 'NONE',  ( 2.460510475190040403, 0.8964290159990535578, -3.103601863744160028 ) ) ;
#2547 = LINE ( 'NONE', #2457, #284 ) ;
#2548 = AXIS2_PLACEMENT_3D ( 'NONE', #735, #708, #2701 ) ;
#2549 = CARTESIAN_POINT ( 'NONE',  ( 0.7722034794342281794, 0.9064290159990534557, -0.8777352078093680898 ) ) ;
#2550 = ORIENTED_EDGE ( 'NONE', *, *, #5663, .F. ) ;
#2551 = ORIENTED_EDGE ( 'NONE', *, *, #1546, .F. ) ;
#2552 = CARTESIAN_POINT ( 'NONE',  ( 2.626160753037814821, 0.8964290159990536688, -3.919891730742831815 ) ) ;
#2553 = VECTOR ( 'NONE', #3614, 1000.000000000000000 ) ;
#2554 = VERTEX_POINT ( 'NONE', #3768 ) ;
#2555 = DIRECTION ( 'NONE',  ( 0.8770411504904059852, 0.0000000000000000000, -0.4804152582365231461 ) ) ;
#2556 = SURFACE_SIDE_STYLE ('',( #1011 ) ) ;
#2557 = LINE ( 'NONE', #4544, #5042 ) ;
#2558 = DIRECTION ( 'NONE',  ( -0.0000000000000000000, -1.000000000000000000, -0.0000000000000000000 ) ) ;
#2559 = DIRECTION ( 'NONE',  ( -0.3688942629807152040, 0.0000000000000000000, 0.9294713673588417269 ) ) ;
#2560 = LINE ( 'NONE', #1662, #2513 ) ;
#2561 = EDGE_CURVE ( 'NONE', #4229, #5516, #5886, .T. ) ;
#2562 = ADVANCED_FACE ( 'NONE', ( #2489 ), #4735, .T. ) ;
#2563 = DIRECTION ( 'NONE',  ( -0.4806015670138532592, 0.0000000000000000000, 0.8769390707362905157 ) ) ;
#2564 = LINE ( 'NONE', #2116, #3011 ) ;
#2565 = VECTOR ( 'NONE', #4141, 1000.000000000000000 ) ;
#2566 = ORIENTED_EDGE ( 'NONE', *, *, #3578, .T. ) ;
#2567 = VECTOR ( 'NONE', #2659, 1000.000000000000227 ) ;
#2568 = CARTESIAN_POINT ( 'NONE',  ( 0.6614583333333333703, 0.8964290159990536688, -0.6716346153846154410 ) ) ;
#2569 = DIRECTION ( 'NONE',  ( -1.000000000000000000, 0.0000000000000000000, -0.0000000000000000000 ) ) ;
#2570 = VECTOR ( 'NONE', #1611, 1000.000000000000000 ) ;
#2571 = AXIS2_PLACEMENT_3D ( 'NONE', #165, #2139, #2789 ) ;
#2572 = EDGE_CURVE ( 'NONE', #4884, #698, #2577, .T. ) ;
#2573 = AXIS2_PLACEMENT_3D ( 'NONE', #379, #1805, #5193 ) ;
#2574 = DIRECTION ( 'NONE',  ( 0.0000000000000000000, -0.0000000000000000000, 1.000000000000000000 ) ) ;
#2575 = CARTESIAN_POINT ( 'NONE',  ( 2.866429445620368721, 0.8964290159990536688, -3.332380475811075993 ) ) ;
#2576 = ORIENTED_EDGE ( 'NONE', *, *, #1537, .F. ) ;
#2577 = B_SPLINE_CURVE_WITH_KNOTS ( 'NONE', 3,
 ( #3432, #2976, #3800, #4917, #491, #5766, #1979, #3953, #33, #5950, #1518 ),
 .UNSPECIFIED., .F., .F.,
 ( 4, 1, 1, 1, 1, 1, 1, 1, 4 ),
 ( 0.0000000000000000000, 0.1015170763450491398, 0.2031399961452446112, 0.3098899409112731984, 0.4287492126762036393, 0.5557471139699673435, 0.6905023413649522546, 0.8373727517539387710, 1.000000000000000000 ),
 .UNSPECIFIED. ) ;
#2578 = EDGE_CURVE ( 'NONE', #6130, #4997, #3068, .T. ) ;
#2579 = EDGE_CURVE ( 'NONE', #5227, #717, #3494, .T. ) ;
#2580 = SURFACE_STYLE_USAGE ( .BOTH. , #3486 ) ;
#2581 = EDGE_LOOP ( 'NONE', ( #3386, #514, #5586, #1745 ) ) ;
#2582 = PLANE ( 'NONE',  #52 ) ;
#2583 = ORIENTED_EDGE ( 'NONE', *, *, #894, .T. ) ;
#2584 = FACE_BOUND ( 'NONE', #624, .T. ) ;
#2585 = CARTESIAN_POINT ( 'NONE',  ( 2.481858441106281621, 0.9064290159990536777, -2.537619404509760201 ) ) ;
#2586 = MECHANICAL_DESIGN_GEOMETRIC_PRESENTATION_REPRESENTATION (  '', ( #633 ), #3934 ) ;
#2587 = EDGE_CURVE ( 'NONE', #2009, #6334, #652, .T. ) ;
#2588 = CARTESIAN_POINT ( 'NONE',  ( 0.6876163599789362202, 0.9064290159990535667, -0.9346404736468130192 ) ) ;
#2589 = ORIENTED_EDGE ( 'NONE', *, *, #1221, .F. ) ;
#2590 = EDGE_CURVE ( 'NONE', #5057, #1885, #5075, .T. ) ;
#2591 = ORIENTED_EDGE ( 'NONE', *, *, #210, .T. ) ;
#2592 = EDGE_CURVE ( 'NONE', #654, #3041, #1132, .T. ) ;
#2593 = CARTESIAN_POINT ( 'NONE',  ( 2.427883474714088052, 0.9064290159990538998, -3.382319173960587122 ) ) ;
#2594 = ORIENTED_EDGE ( 'NONE', *, *, #4885, .T. ) ;
#2595 = LINE ( 'NONE', #3075, #5301 ) ;
#2596 = LINE ( 'NONE', #658, #2565 ) ;
#2597 = CARTESIAN_POINT ( 'NONE',  ( 2.951894953931713417, 0.9064290159990537887, -2.810046862571780935 ) ) ;
#2598 = FACE_OUTER_BOUND ( 'NONE', #2454, .T. ) ;
#2599 = LINE ( 'NONE', #3113, #4990 ) ;
#2600 = DIRECTION ( 'NONE',  ( -1.000000000000000000, 0.0000000000000000000, 0.0000000000000000000 ) ) ;
#2601 = CARTESIAN_POINT ( 'NONE',  ( 4.171281357964959469, 0.8964290159990536688, -3.009038054711477006 ) ) ;
#2602 = ORIENTED_EDGE ( 'NONE', *, *, #21, .T. ) ;
#2603 = CARTESIAN_POINT ( 'NONE',  ( 2.391587361516053001, 0.8964290159990536688, -3.634977215778476101 ) ) ;
#2604 = CARTESIAN_POINT ( 'NONE',  ( 2.970941519456346658, 0.9064290159990534557, -2.930592874125301783 ) ) ;
#2605 = CARTESIAN_POINT ( 'NONE',  ( 4.339296014749147723, 0.8964290159990536688, -2.479871388044810665 ) ) ;
#2606 = DIRECTION ( 'NONE',  ( -0.7071067811865475727, 0.0000000000000000000, 0.7071067811865475727 ) ) ;
#2607 = EDGE_LOOP ( 'NONE', ( #2286, #5011, #4230, #5528 ) ) ;
#2608 = DIRECTION ( 'NONE',  ( 0.0000000000000000000, 0.0000000000000000000, 1.000000000000000000 ) ) ;
#2609 = DIRECTION ( 'NONE',  ( -1.000000000000000000, 0.0000000000000000000, -0.0000000000000000000 ) ) ;
#2610 = ORIENTED_EDGE ( 'NONE', *, *, #1491, .F. ) ;
#2611 = CARTESIAN_POINT ( 'NONE',  ( 0.0000000000000000000, 0.8964290159990536688, 0.0000000000000000000 ) ) ;
#2612 = ORIENTED_EDGE ( 'NONE', *, *, #4461, .T. ) ;
#2613 = DIRECTION ( 'NONE',  ( 1.000000000000000000, 0.0000000000000000000, -0.0000000000000000000 ) ) ;
#2614 = ADVANCED_FACE ( 'NONE', ( #3591 ), #5038, .T. ) ;
#2615 = AXIS2_PLACEMENT_3D ( 'NONE', #1950, #5893, #3630 ) ;
#2616 = CARTESIAN_POINT ( 'NONE',  ( 2.551486178251701542, 0.9064290159990540108, -3.540568600653145825 ) ) ;
#2617 = CARTESIAN_POINT ( 'NONE',  ( 0.7937499999999999556, 0.9064290159990536777, -0.8039262820512820262 ) ) ;
#2618 = ORIENTED_EDGE ( 'NONE', *, *, #809, .T. ) ;
#2619 = ORIENTED_EDGE ( 'NONE', *, *, #411, .F. ) ;
#2620 = DIRECTION ( 'NONE',  ( -1.000000000000000000, 0.0000000000000000000, -2.344220913482173135E-16 ) ) ;
#2621 = VERTEX_POINT ( 'NONE', #2161 ) ;
#2622 = CARTESIAN_POINT ( 'NONE',  ( 2.946895099595371992, 0.9064290159990536777, -3.059201079026849790 ) ) ;
#2623 = DIRECTION ( 'NONE',  ( 0.0000000000000000000, 0.0000000000000000000, 1.000000000000000000 ) ) ;
#2624 = CARTESIAN_POINT ( 'NONE',  ( 0.7850464412155366833, 0.8964290159990537799, -0.7527806176124559601 ) ) ;
#2625 = CARTESIAN_POINT ( 'NONE',  ( 0.2799999999999950862, -0.01000000000000000021, -5.150000000000001243 ) ) ;
#2626 = VECTOR ( 'NONE', #5180, 1000.000000000000000 ) ;
#2627 = DIRECTION ( 'NONE',  ( 0.0000000000000000000, 0.0000000000000000000, -1.000000000000000000 ) ) ;
#2628 = FILL_AREA_STYLE ('',( #5087 ) ) ;
#2629 = DIRECTION ( 'NONE',  ( 0.8533543139006510847, -0.0000000000000000000, 0.5213313868808869822 ) ) ;
#2630 = ORIENTED_EDGE ( 'NONE', *, *, #722, .T. ) ;
#2631 = EDGE_CURVE ( 'NONE', #2450, #1541, #549, .T. ) ;
#2632 = CARTESIAN_POINT ( 'NONE',  ( 2.487000756873230412, 0.8964290159990536688, -3.616247193589069653 ) ) ;
#2633 = CARTESIAN_POINT ( 'NONE',  ( 2.956078531342083426, 0.9064290159990537887, -3.034080776607134933 ) ) ;
#2634 = ADVANCED_FACE ( 'NONE', ( #622 ), #1536, .T. ) ;
#2635 = DIRECTION ( 'NONE',  ( 0.4804543040264410148, 0.0000000000000000000, -0.8770197613181063279 ) ) ;
#2636 = CARTESIAN_POINT ( 'NONE',  ( 2.803396534336680013, 0.8964290159990536688, -3.274534226529834946 ) ) ;
#2637 = ORIENTED_EDGE ( 'NONE', *, *, #5054, .F. ) ;
#2638 = VECTOR ( 'NONE', #2672, 1000.000000000000000 ) ;
#2639 = CARTESIAN_POINT ( 'NONE',  ( 0.5506186582222731829, 0.8964290159990538909, -0.8778400399451190550 ) ) ;
#2640 = DIRECTION ( 'NONE',  ( 0.0000000000000000000, -1.000000000000000000, 0.0000000000000000000 ) ) ;
#2641 = CARTESIAN_POINT ( 'NONE',  ( 1.000079185787132730, 0.9064290159990536777, -3.634977215778476101 ) ) ;
#2642 = ORIENTED_EDGE ( 'NONE', *, *, #3121, .T. ) ;
#2643 = DIRECTION ( 'NONE',  ( -0.2603341375417481118, 0.0000000000000000000, 0.9655185844044609222 ) ) ;
#2644 = ORIENTED_EDGE ( 'NONE', *, *, #5187, .F. ) ;
#2645 = EDGE_CURVE ( 'NONE', #158, #1490, #5558, .T. ) ;
#2646 = EDGE_CURVE ( 'NONE', #2380, #158, #157, .T. ) ;
#2647 = CARTESIAN_POINT ( 'NONE',  ( 0.6702943609139221381, 0.9064290159990537887, -0.9356850869151420724 ) ) ;
#2648 = ORIENTED_EDGE ( 'NONE', *, *, #1640, .F. ) ;
#2649 = ORIENTED_EDGE ( 'NONE', *, *, #6342, .F. ) ;
#2650 = CARTESIAN_POINT ( 'NONE',  ( 3.855795413787608705, 0.9064290159990536777, -3.425956291075858307 ) ) ;
#2651 = EDGE_LOOP ( 'NONE', ( #6037, #964, #1838, #5162, #546, #5328 ) ) ;
#2652 = CARTESIAN_POINT ( 'NONE',  ( 4.564064644556840022, 0.8964290159990536688, -3.528355129216884212 ) ) ;
#2653 = LINE ( 'NONE', #1074, #2774 ) ;
#2654 = VECTOR ( 'NONE', #4057, 1000.000000000000000 ) ;
#2655 = CARTESIAN_POINT ( 'NONE',  ( 0.6703087537214805769, 0.8964290159990538909, -0.6721254278498536294 ) ) ;
#2656 = CARTESIAN_POINT ( 'NONE',  ( 2.493967587071278746, 0.8964290159990532247, -2.878354509348350021 ) ) ;
#2657 = VECTOR ( 'NONE', #1419, 1000.000000000000000 ) ;
#2658 = DIRECTION ( 'NONE',  ( 0.0000000000000000000, 0.0000000000000000000, 1.000000000000000000 ) ) ;
#2659 = DIRECTION ( 'NONE',  ( -0.2787515866171259016, 0.0000000000000000000, 0.9603632401120082429 ) ) ;
#2660 = SURFACE_STYLE_FILL_AREA ( #5116 ) ;
#2661 = EDGE_LOOP ( 'NONE', ( #3469, #927, #1679, #3719, #5454, #2890, #1092, #420, #321, #1770, #1572, #182 ) ) ;
#2662 = MECHANICAL_DESIGN_GEOMETRIC_PRESENTATION_REPRESENTATION (  '', ( #3696 ), #5756 ) ;
#2663 = DIRECTION ( 'NONE',  ( 0.2607351442216253590, 0.0000000000000000000, -0.9654103710690744578 ) ) ;
#2664 = LINE ( 'NONE', #3149, #4806 ) ;
#2665 = EDGE_CURVE ( 'NONE', #5383, #1037, #5009, .T. ) ;
#2666 = DIRECTION ( 'NONE',  ( 0.0000000000000000000, 0.0000000000000000000, -1.000000000000000000 ) ) ;
#2667 = STYLED_ITEM ( 'NONE', ( #2051 ), #4522 ) ;
#2668 = DIRECTION ( 'NONE',  ( 1.000000000000000000, 0.0000000000000000000, 0.0000000000000000000 ) ) ;
#2669 = ORIENTED_EDGE ( 'NONE', *, *, #2203, .F. ) ;
#2670 = DIRECTION ( 'NONE',  ( 0.0000000000000000000, 1.000000000000000000, -0.0000000000000000000 ) ) ;
#2671 = COLOUR_RGB ( '',1.000000000000000000, 1.000000000000000000, 1.000000000000000000 ) ;
#2672 = DIRECTION ( 'NONE',  ( 1.000000000000000000, 0.0000000000000000000, 0.0000000000000000000 ) ) ;
#2673 = VERTEX_POINT ( 'NONE', #98 ) ;
#2674 = ORIENTED_EDGE ( 'NONE', *, *, #2192, .T. ) ;
#2675 = LINE ( 'NONE', #5467, #5978 ) ;
#2676 = CARTESIAN_POINT ( 'NONE',  ( 4.329331738573933386, 0.8964290159990536688, -2.623611372019169607 ) ) ;
#2677 = EDGE_CURVE ( 'NONE', #1983, #5837, #3625, .T. ) ;
#2678 = AXIS2_PLACEMENT_3D ( 'NONE', #668, #1116, #5091 ) ;
#2679 = CARTESIAN_POINT ( 'NONE',  ( 4.017259089001283812, 0.9064290159990536777, -2.620961298568314835 ) ) ;
#2680 = ORIENTED_EDGE ( 'NONE', *, *, #3048, .T. ) ;
#2681 = ORIENTED_EDGE ( 'NONE', *, *, #5943, .F. ) ;
#2682 = DIRECTION ( 'NONE',  ( -0.2647344081641659352, 0.0000000000000000000, 0.9643213640348162752 ) ) ;
#2683 = ORIENTED_EDGE ( 'NONE', *, *, #3928, .T. ) ;
#2684 =( LENGTH_UNIT ( ) NAMED_UNIT ( * ) SI_UNIT ( .MILLI., .METRE. ) );
#2685 = CARTESIAN_POINT ( 'NONE',  ( 4.535973865977779518, 0.8964290159990536688, -3.477155710146370815 ) ) ;
#2686 = CARTESIAN_POINT ( 'NONE',  ( 0.7937499999999999556, 0.8964290159990536688, -0.8039262820512820262 ) ) ;
#2687 = CARTESIAN_POINT ( 'NONE',  ( 2.549560763823576437, 0.9064290159990537887, -2.921212800252466657 ) ) ;
#2688 = CARTESIAN_POINT ( 'NONE',  ( 2.129999999999994120, 0.0000000000000000000, -5.150000000000001243 ) ) ;
#2689 = LINE ( 'NONE', #1693, #1224 ) ;
#2690 = DIRECTION ( 'NONE',  ( -0.4802758347947843065, 0.0000000000000000000, -0.8771175078130484248 ) ) ;
#2691 = EDGE_CURVE ( 'NONE', #1060, #4320, #2070, .T. ) ;
#2692 = ORIENTED_EDGE ( 'NONE', *, *, #2347, .T. ) ;
#2693 = DIRECTION ( 'NONE',  ( 1.000000000000000000, 0.0000000000000000000, -0.0000000000000000000 ) ) ;
#2694 = CARTESIAN_POINT ( 'NONE',  ( 4.695677892420087041, 0.9064290159990536777, -2.620961298568314835 ) ) ;
#2695 = DIRECTION ( 'NONE',  ( 0.0000000000000000000, 0.0000000000000000000, -1.000000000000000000 ) ) ;
#2696 = DIRECTION ( 'NONE',  ( -0.4802882638304222795, 0.0000000000000000000, 0.8771107020363840823 ) ) ;
#2697 = ORIENTED_EDGE ( 'NONE', *, *, #4985, .T. ) ;
#2698 = ADVANCED_FACE ( 'NONE', ( #4626 ), #2582, .T. ) ;
#2699 = CARTESIAN_POINT ( 'NONE',  ( -1.734723475976807094E-15, 0.8964290159990536688, -5.500000000000000000 ) ) ;
#2700 = ADVANCED_FACE ( 'NONE', ( #1127 ), #1093, .T. ) ;
#2701 = DIRECTION ( 'NONE',  ( 1.000000000000000000, 0.0000000000000000000, -0.0000000000000000000 ) ) ;
#2702 = COLOUR_RGB ( '',0.7529411764705882248, 0.7529411764705882248, 0.7529411764705882248 ) ;
#2703 = DIRECTION ( 'NONE',  ( 0.4802882638304235008, 0.0000000000000000000, 0.8771107020363836382 ) ) ;
#2704 = AXIS2_PLACEMENT_3D ( 'NONE', #731, #1247, #5670 ) ;
#2705 = ORIENTED_EDGE ( 'NONE', *, *, #6339, .T. ) ;
#2706 = ORIENTED_EDGE ( 'NONE', *, *, #2192, .F. ) ;
#2707 = CARTESIAN_POINT ( 'NONE',  ( 4.379534730026925615, 0.9064290159990536777, -3.735590873073721507 ) ) ;
#2708 = DIRECTION ( 'NONE',  ( 1.000000000000000000, 0.0000000000000000000, 0.0000000000000000000 ) ) ;
#2709 = EDGE_CURVE ( 'NONE', #3447, #5837, #2002, .T. ) ;
#2710 = LINE ( 'NONE', #5618, #5235 ) ;
#2711 = VERTEX_POINT ( 'NONE', #5485 ) ;
#2712 = EDGE_LOOP ( 'NONE', ( #2619, #4242, #3629, #2594 ) ) ;
#2713 = FACE_OUTER_BOUND ( 'NONE', #4538, .T. ) ;
#2714 = ORIENTED_EDGE ( 'NONE', *, *, #5479, .F. ) ;
#2715 = CARTESIAN_POINT ( 'NONE',  ( 2.962447236558689578, 0.8964290159990534468, -3.007433395663304143 ) ) ;
#2716 = EDGE_CURVE ( 'NONE', #306, #6101, #2094, .T. ) ;
#2717 = CARTESIAN_POINT ( 'NONE',  ( 2.481858441106281621, 0.9064290159990536777, -2.537619404509760201 ) ) ;
#2718 = CARTESIAN_POINT ( 'NONE',  ( 0.6614583333333333703, 0.8964290159990536688, -0.6716346153846154410 ) ) ;
#2719 = CARTESIAN_POINT ( 'NONE',  ( 3.491484516351711420, 0.9064290159990536777, -3.206424206407054722 ) ) ;
#2720 = VECTOR ( 'NONE', #983, 1000.000000000000114 ) ;
#2721 =( NAMED_UNIT ( * ) SI_UNIT ( $, .STERADIAN. ) SOLID_ANGLE_UNIT ( ) );
#2722 = CARTESIAN_POINT ( 'NONE',  ( 3.586463148830343783, 0.9064290159990536777, -2.479871388044810665 ) ) ;
#2723 = FACE_BOUND ( 'NONE', #1671, .T. ) ;
#2724 = EDGE_CURVE ( 'NONE', #4919, #3300, #3555, .T. ) ;
#2725 = ORIENTED_EDGE ( 'NONE', *, *, #3048, .F. ) ;
#2726 = LINE ( 'NONE', #2310, #3709 ) ;
#2727 = EDGE_CURVE ( 'NONE', #873, #791, #3737, .T. ) ;
#2728 = CARTESIAN_POINT ( 'NONE',  ( 0.7937499999999999556, 0.8964290159990536688, -0.8039262820512820262 ) ) ;
#2729 = VECTOR ( 'NONE', #5884, 1000.000000000000000 ) ;
#2730 = LINE ( 'NONE', #371, #1124 ) ;
#2731 = VERTEX_POINT ( 'NONE', #2611 ) ;
#2732 = VECTOR ( 'NONE', #235, 1000.000000000000000 ) ;
#2733 = DIRECTION ( 'NONE',  ( 1.000000000000000000, 0.0000000000000000000, 0.0000000000000000000 ) ) ;
#2734 =( NAMED_UNIT ( * ) SI_UNIT ( $, .STERADIAN. ) SOLID_ANGLE_UNIT ( ) );
#2735 = CARTESIAN_POINT ( 'NONE',  ( 3.855795413787608705, 0.9064290159990536777, -3.425956291075858307 ) ) ;
#2736 = VECTOR ( 'NONE', #2000, 1000.000000000000000 ) ;
#2737 = ORIENTED_EDGE ( 'NONE', *, *, #6353, .F. ) ;
#2738 = ORIENTED_EDGE ( 'NONE', *, *, #5457, .F. ) ;
#2739 = CARTESIAN_POINT ( 'NONE',  ( 2.512075631358289485, 0.9064290159990536777, -3.417700758388064308 ) ) ;
#2740 = CARTESIAN_POINT ( 'NONE',  ( 0.7932345449492584910, 0.8964290159990536688, -0.7950840470445286190 ) ) ;
#2741 = EDGE_CURVE ( 'NONE', #5952, #3620, #1481, .T. ) ;
#2742 = FACE_OUTER_BOUND ( 'NONE', #1113, .T. ) ;
#2743 = ORIENTED_EDGE ( 'NONE', *, *, #3316, .F. ) ;
#2744 = ORIENTED_EDGE ( 'NONE', *, *, #4746, .F. ) ;
#2745 = CARTESIAN_POINT ( 'NONE',  ( 2.932771595494963357, 0.9064290159990536777, -3.448310142469420025 ) ) ;
#2746 = ORIENTED_EDGE ( 'NONE', *, *, #3542, .F. ) ;
#2747 = CARTESIAN_POINT ( 'NONE',  ( 4.332511826714958936, 0.8964290159990536688, -2.479871388044810665 ) ) ;
#2748 = CARTESIAN_POINT ( 'NONE',  ( 2.962887626870164048, 0.9064290159990536777, -2.845765417416978860 ) ) ;
#2749 = LINE ( 'NONE', #2396, #2657 ) ;
#2750 = CARTESIAN_POINT ( 'NONE',  ( 2.568795645598007216, 0.8964290159990533358, -2.991539321767443305 ) ) ;
#2751 = ORIENTED_EDGE ( 'NONE', *, *, #3457, .F. ) ;
#2752 = LINE ( 'NONE', #5762, #4541 ) ;
#2753 = PRESENTATION_STYLE_ASSIGNMENT (( #5695 ) ) ;
#2754 = ORIENTED_EDGE ( 'NONE', *, *, #4329, .T. ) ;
#2755 = CARTESIAN_POINT ( 'NONE',  ( 4.386318918061113514, 0.8964290159990536688, -3.206424206407054722 ) ) ;
#2756 = DIRECTION ( 'NONE',  ( 1.000000000000000000, 0.0000000000000000000, 0.0000000000000000000 ) ) ;
#2757 = VECTOR ( 'NONE', #2328, 1000.000000000000000 ) ;
#2758 = ADVANCED_FACE ( 'NONE', ( #3585 ), #4004, .T. ) ;
#2759 = EDGE_CURVE ( 'NONE', #5607, #616, #5425, .T. ) ;
#2760 = DIRECTION ( 'NONE',  ( -0.0000000000000000000, -1.000000000000000000, -0.0000000000000000000 ) ) ;
#2761 = VECTOR ( 'NONE', #1042, 1000.000000000000227 ) ;
#2762 = PLANE ( 'NONE',  #5289 ) ;
#2763 = ORIENTED_EDGE ( 'NONE', *, *, #1520, .F. ) ;
#2764 =( NAMED_UNIT ( * ) PLANE_ANGLE_UNIT ( ) SI_UNIT ( $, .RADIAN. ) );
#2765 = DIRECTION ( 'NONE',  ( 1.000000000000000000, 0.0000000000000000000, -0.0000000000000000000 ) ) ;
#2766 = VECTOR ( 'NONE', #4962, 1000.000000000000114 ) ;
#2767 = SURFACE_STYLE_USAGE ( .BOTH. , #677 ) ;
#2768 = LINE ( 'NONE', #6262, #472 ) ;
#2769 = ORIENTED_EDGE ( 'NONE', *, *, #2985, .F. ) ;
#2770 = EDGE_LOOP ( 'NONE', ( #3752, #2967, #3453, #5163 ) ) ;
#2771 = SURFACE_STYLE_USAGE ( .BOTH. , #773 ) ;
#2772 = LINE ( 'NONE', #4750, #5061 ) ;
#2773 = EDGE_CURVE ( 'NONE', #5395, #6130, #4941, .T. ) ;
#2774 = VECTOR ( 'NONE', #3045, 1000.000000000000000 ) ;
#2775 = VECTOR ( 'NONE', #1594, 1000.000000000000227 ) ;
#2776 = EDGE_CURVE ( 'NONE', #4198, #796, #3488, .T. ) ;
#2777 = FACE_OUTER_BOUND ( 'NONE', #6355, .T. ) ;
#2778 = ORIENTED_EDGE ( 'NONE', *, *, #3390, .T. ) ;
#2779 = ORIENTED_EDGE ( 'NONE', *, *, #5865, .T. ) ;
#2780 = COLOUR_RGB ( '',0.7529411764705882248, 0.7529411764705882248, 0.7529411764705882248 ) ;
#2781 = VECTOR ( 'NONE', #2209, 1000.000000000000000 ) ;
#2782 = CARTESIAN_POINT ( 'NONE',  ( 2.939758879415200976, 0.9064290159990535667, -3.481252646813874474 ) ) ;
#2783 = ORIENTED_EDGE ( 'NONE', *, *, #4209, .T. ) ;
#2784 = FILL_AREA_STYLE ('',( #5231 ) ) ;
#2785 = ORIENTED_EDGE ( 'NONE', *, *, #6025, .T. ) ;
#2786 = CARTESIAN_POINT ( 'NONE',  ( 2.951894953931713417, 0.8964290159990536688, -2.810046862571780935 ) ) ;
#2787 = EDGE_CURVE ( 'NONE', #5622, #1100, #545, .T. ) ;
#2788 = CARTESIAN_POINT ( 'NONE',  ( 3.633952465069659965, 0.9064290159990536777, -2.731416359999938592 ) ) ;
#2789 = DIRECTION ( 'NONE',  ( 0.4806015670138532592, 0.0000000000000000000, -0.8769390707362905157 ) ) ;
#2790 = ADVANCED_FACE ( 'NONE', ( #58 ), #4532, .T. ) ;
#2791 = EDGE_CURVE ( 'NONE', #3751, #1394, #3129, .T. ) ;
#2792 = ORIENTED_EDGE ( 'NONE', *, *, #3533, .F. ) ;
#2793 = UNCERTAINTY_MEASURE_WITH_UNIT (LENGTH_MEASURE( 1.000000000000000082E-05 ), #5795, 'distance_accuracy_value', 'NONE');
#2794 = SURFACE_STYLE_FILL_AREA ( #259 ) ;
#2795 = DIRECTION ( 'NONE',  ( -1.000000000000000000, 0.0000000000000000000, 0.0000000000000000000 ) ) ;
#2796 = B_SPLINE_CURVE_WITH_KNOTS ( 'NONE', 3,
 ( #850, #2823, #6275, #1673, #2639, #1457, #4915, #4063, #2456, #3646, #489 ),
 .UNSPECIFIED., .F., .F.,
 ( 4, 1, 1, 1, 1, 1, 1, 1, 4 ),
 ( 0.0000000000000000000, 0.1276753205943264580, 0.2507219899616132119, 0.3726777815650326176, 0.4999116359629985351, 0.6271454903609644527, 0.7511789779392594735, 0.8723246794056734865, 1.000000000000000000 ),
 .UNSPECIFIED. ) ;
#2797 = FACE_BOUND ( 'NONE', #4676, .T. ) ;
#2798 = EDGE_LOOP ( 'NONE', ( #2222, #5346, #3293, #1678, #3005, #1272, #1035, #5809, #9, #5433, #1521, #1070 ) ) ;
#2799 = DIRECTION ( 'NONE',  ( 0.0000000000000000000, 0.0000000000000000000, 1.000000000000000000 ) ) ;
#2800 = VECTOR ( 'NONE', #3805, 1000.000000000000000 ) ;
#2801 = CARTESIAN_POINT ( 'NONE',  ( 3.443995200112394794, 0.8964290159990536688, -3.735590873073721507 ) ) ;
#2802 = CARTESIAN_POINT ( 'NONE',  ( 5.031728406576070789, 0.8964290159990536688, -3.735590873073721507 ) ) ;
#2803 = CARTESIAN_POINT ( 'NONE',  ( 5.506388362505557410, 0.8964290159990536688, -2.534144892318314746 ) ) ;
#2804 = ORIENTED_EDGE ( 'NONE', *, *, #6301, .F. ) ;
#2805 = DIRECTION ( 'NONE',  ( 0.0000000000000000000, 0.0000000000000000000, 1.000000000000000000 ) ) ;
#2806 = CARTESIAN_POINT ( 'NONE',  ( 2.943211042944272382, 0.9064290159990538998, -3.588767806913038427 ) ) ;
#2807 = DIRECTION ( 'NONE',  ( -0.8771175078130498681, 0.0000000000000000000, 0.4802758347947815865 ) ) ;
#2808 = VERTEX_POINT ( 'NONE', #6070 ) ;
#2809 = ORIENTED_EDGE ( 'NONE', *, *, #293, .T. ) ;
#2810 = PRESENTATION_STYLE_ASSIGNMENT (( #2771 ) ) ;
#2811 = CARTESIAN_POINT ( 'NONE',  ( 0.0000000000000000000, 0.8964290159990536688, 0.0000000000000000000 ) ) ;
#2812 = VECTOR ( 'NONE', #4856, 1000.000000000000227 ) ;
#2813 = VECTOR ( 'NONE', #5992, 1000.000000000000000 ) ;
#2814 = EDGE_CURVE ( 'NONE', #6071, #2808, #5101, .T. ) ;
#2815 = DIRECTION ( 'NONE',  ( 0.9309629599170097247, 0.0000000000000000000, -0.3651136360950658633 ) ) ;
#2816 = EDGE_LOOP ( 'NONE', ( #28, #2769, #5650, #5081 ) ) ;
#2817 = FILL_AREA_STYLE ('',( #6365 ) ) ;
#2818 = EDGE_LOOP ( 'NONE', ( #1874, #4201, #1900, #2705 ) ) ;
#2819 = CARTESIAN_POINT ( 'NONE',  ( 3.649999999999996358, -0.01000000000000000021, -5.150000000000000355 ) ) ;
#2820 = ORIENTED_EDGE ( 'NONE', *, *, #1597, .F. ) ;
#2821 = EDGE_CURVE ( 'NONE', #2965, #5307, #5582, .T. ) ;
#2822 = CARTESIAN_POINT ( 'NONE',  ( 6.199999999999998401, -0.01000000000000000021, -3.149999999999999911 ) ) ;
#2823 = CARTESIAN_POINT ( 'NONE',  ( 0.5296574791319047515, 0.8964290159990534468, -0.8127767024394290107 ) ) ;
#2824 = CARTESIAN_POINT ( 'NONE',  ( 0.7852010530229414087, 0.9064290159990538998, -0.8552484090332316269 ) ) ;
#2825 = ORIENTED_EDGE ( 'NONE', *, *, #2238, .T. ) ;
#2826 = DIRECTION ( 'NONE',  ( -0.8533543139006517508, 0.0000000000000000000, 0.5213313868808859830 ) ) ;
#2827 = VERTEX_POINT ( 'NONE', #4622 ) ;
#2828 = FACE_OUTER_BOUND ( 'NONE', #781, .T. ) ;
#2829 = CARTESIAN_POINT ( 'NONE',  ( 0.2799999999999950862, -0.01000000000000000021, -3.150000000000000799 ) ) ;
#2830 = FACE_BOUND ( 'NONE', #516, .T. ) ;
#2831 = LINE ( 'NONE', #367, #1648 ) ;
#2832 = SURFACE_SIDE_STYLE ('',( #1862 ) ) ;
#2833 = VECTOR ( 'NONE', #5082, 1000.000000000000000 ) ;
#2834 = DIRECTION ( 'NONE',  ( -0.0000000000000000000, -1.000000000000000000, -0.0000000000000000000 ) ) ;
#2835 = LINE ( 'NONE', #5732, #4897 ) ;
#2836 = ADVANCED_FACE ( 'NONE', ( #181 ), #611, .T. ) ;
#2837 = SURFACE_STYLE_USAGE ( .BOTH. , #5733 ) ;
#2838 = ORIENTED_EDGE ( 'NONE', *, *, #4461, .F. ) ;
#2839 = CARTESIAN_POINT ( 'NONE',  ( 2.829999999999994742, -0.01000000000000000021, -0.3500000000000004774 ) ) ;
#2840 = DIRECTION ( 'NONE',  ( -0.0000000000000000000, -1.000000000000000000, -0.0000000000000000000 ) ) ;
#2841 = CARTESIAN_POINT ( 'NONE',  ( 2.814017018261813163, 0.8964290159990540019, -3.822377651116394492 ) ) ;
#2842 = VECTOR ( 'NONE', #2040, 1000.000000000000000 ) ;
#2843 = VECTOR ( 'NONE', #683, 1000.000000000000227 ) ;
#2844 = VERTEX_POINT ( 'NONE', #427 ) ;
#2845 = FACE_OUTER_BOUND ( 'NONE', #6269, .T. ) ;
#2846 = CARTESIAN_POINT ( 'NONE',  ( 2.398040699044323265, 0.8964290159990536688, -3.377802030631957830 ) ) ;
#2847 = VERTEX_POINT ( 'NONE', #2461 ) ;
#2848 = STYLED_ITEM ( 'NONE', ( #5942 ), #3209 ) ;
#2849 = CARTESIAN_POINT ( 'NONE',  ( 2.827433045419931457, 0.9064290159990537887, -3.293744771378034120 ) ) ;
#2850 = ADVANCED_FACE ( 'NONE', ( #5277 ), #8, .T. ) ;
#2851 = EDGE_CURVE ( 'NONE', #5445, #898, #854, .T. ) ;
#2852 = EDGE_LOOP ( 'NONE', ( #59, #2387, #2254, #2430 ) ) ;
#2853 = CARTESIAN_POINT ( 'NONE',  ( 2.915638068384414083, 0.8964290159990535578, -2.742599953010209202 ) ) ;
#2854 = ORIENTED_EDGE ( 'NONE', *, *, #5368, .T. ) ;
#2855 = CARTESIAN_POINT ( 'NONE',  ( 4.564064644556840022, 0.8964290159990536688, -3.425956291075858307 ) ) ;
#2856 = CARTESIAN_POINT ( 'NONE',  ( 4.918199259941454571, 0.9064290159990536777, -3.528355129216884212 ) ) ;
#2857 = DIRECTION ( 'NONE',  ( -0.0000000000000000000, -1.000000000000000000, -0.0000000000000000000 ) ) ;
#2858 = EDGE_LOOP ( 'NONE', ( #3678, #5078, #6126, #5278 ) ) ;
#2859 = LINE ( 'NONE', #2891, #6133 ) ;
#2860 = ORIENTED_EDGE ( 'NONE', *, *, #974, .T. ) ;
#2861 = DIRECTION ( 'NONE',  ( 1.000000000000000000, 0.0000000000000000000, 0.0000000000000000000 ) ) ;
#2862 = CARTESIAN_POINT ( 'NONE',  ( 3.649999999999995026, 0.0000000000000000000, -0.3499999999999996447 ) ) ;
#2863 = FILL_AREA_STYLE_COLOUR ( '', #3741 ) ;
#2864 = ORIENTED_EDGE ( 'NONE', *, *, #631, .T. ) ;
#2865 = PLANE ( 'NONE',  #2263 ) ;
#2866 = ADVANCED_FACE ( 'NONE', ( #459 ), #4409, .T. ) ;
#2867 = CARTESIAN_POINT ( 'NONE',  ( 4.171281357964959469, 0.9064290159990536777, -3.009038054711477006 ) ) ;
#2868 = ORIENTED_EDGE ( 'NONE', *, *, #2983, .F. ) ;
#2869 = CARTESIAN_POINT ( 'NONE',  ( 4.946290038520515076, 0.8964290159990536688, -3.477155710146370815 ) ) ;
#2870 = CARTESIAN_POINT ( 'NONE',  ( 5.845597764214959469, 0.9064290159990536777, -2.534144892318314746 ) ) ;
#2871 = EDGE_CURVE ( 'NONE', #1392, #4443, #2859, .T. ) ;
#2872 = VECTOR ( 'NONE', #4197, 1000.000000000000000 ) ;
#2873 = CARTESIAN_POINT ( 'NONE',  ( 2.913094266645425812, 0.8964290159990537799, -3.693062365001396063 ) ) ;
#2874 = ADVANCED_FACE ( 'NONE', ( #4373 ), #1462, .T. ) ;
#2875 = VECTOR ( 'NONE', #1105, 1000.000000000000000 ) ;
#2876 = VERTEX_POINT ( 'NONE', #1984 ) ;
#2877 = DIRECTION ( 'NONE',  ( -0.0000000000000000000, -1.000000000000000000, -0.0000000000000000000 ) ) ;
#2878 = VERTEX_POINT ( 'NONE', #6344 ) ;
#2879 = FACE_OUTER_BOUND ( 'NONE', #1653, .T. ) ;
#2880 = ORIENTED_EDGE ( 'NONE', *, *, #1782, .F. ) ;
#2881 =( LENGTH_UNIT ( ) NAMED_UNIT ( * ) SI_UNIT ( .MILLI., .METRE. ) );
#2882 = ORIENTED_EDGE ( 'NONE', *, *, #4208, .F. ) ;
#2883 = CARTESIAN_POINT ( 'NONE',  ( 2.670316426897862527, 0.8964290159990535578, -2.565732710863281252 ) ) ;
#2884 = ORIENTED_EDGE ( 'NONE', *, *, #434, .T. ) ;
#2885 = EDGE_CURVE ( 'NONE', #1100, #2082, #4890, .T. ) ;
#2886 = DIRECTION ( 'NONE',  ( 0.2473315137773177408, 0.0000000000000000000, -0.9689309171930785558 ) ) ;
#2887 = FACE_OUTER_BOUND ( 'NONE', #1219, .T. ) ;
#2888 = DIRECTION ( 'NONE',  ( 1.000000000000000000, 0.0000000000000000000, 0.0000000000000000000 ) ) ;
#2889 = VECTOR ( 'NONE', #595, 1000.000000000000000 ) ;
#2890 = ORIENTED_EDGE ( 'NONE', *, *, #474, .T. ) ;
#2891 = CARTESIAN_POINT ( 'NONE',  ( 4.339296014749147723, 0.9064290159990536777, -2.479871388044810665 ) ) ;
#2892 = EDGE_LOOP ( 'NONE', ( #1844, #4979, #2680, #3878 ) ) ;
#2893 = LINE ( 'NONE', #5827, #3448 ) ;
#2894 = CARTESIAN_POINT ( 'NONE',  ( 4.690589751394446338, 0.9064290159990536777, -2.479871388044810665 ) ) ;
#2895 =( NAMED_UNIT ( * ) SI_UNIT ( $, .STERADIAN. ) SOLID_ANGLE_UNIT ( ) );
#2896 = DIRECTION ( 'NONE',  ( -0.0000000000000000000, -1.000000000000000000, -0.0000000000000000000 ) ) ;
#2897 = ORIENTED_EDGE ( 'NONE', *, *, #377, .T. ) ;
#2898 = VERTEX_POINT ( 'NONE', #5758 ) ;
#2899 = LINE ( 'NONE', #3349, #1842 ) ;
#2900 = CARTESIAN_POINT ( 'NONE',  ( 4.543033661650856203, 0.9064290159990536777, -3.009038054711477006 ) ) ;
#2901 = VERTEX_POINT ( 'NONE', #2339 ) ;
#2902 = ORIENTED_EDGE ( 'NONE', *, *, #3522, .F. ) ;
#2903 = LINE ( 'NONE', #4524, #2186 ) ;
#2904 = EDGE_CURVE ( 'NONE', #3944, #1099, #2914, .T. ) ;
#2905 = CARTESIAN_POINT ( 'NONE',  ( 2.364883434906578596, 0.8964290159990537799, -3.374997970807228409 ) ) ;
#2906 = ORIENTED_EDGE ( 'NONE', *, *, #5740, .F. ) ;
#2907 = CARTESIAN_POINT ( 'NONE',  ( 0.0000000000000000000, 0.9064290159990536777, 0.0000000000000000000 ) ) ;
#2908 = ORIENTED_EDGE ( 'NONE', *, *, #3939, .T. ) ;
#2909 = CARTESIAN_POINT ( 'NONE',  ( 3.586463148830343783, 0.9064290159990536777, -2.731416359999938592 ) ) ;
#2910 = ORIENTED_EDGE ( 'NONE', *, *, #1868, .F. ) ;
#2911 = DIRECTION ( 'NONE',  ( 1.000000000000000000, 0.0000000000000000000, 0.0000000000000000000 ) ) ;
#2912 = STYLED_ITEM ( 'NONE', ( #2753 ), #5540 ) ;
#2913 = FILL_AREA_STYLE ('',( #1943 ) ) ;
#2914 = B_SPLINE_CURVE_WITH_KNOTS ( 'NONE', 3,
 ( #3824, #5791, #395, #4343, #4479, #2552, #2979, #4013, #625, #1552, #5435, #1492, #102, #2524, #5984, #1036, #3528, #4978, #5495 ),
 .UNSPECIFIED., .F., .F.,
 ( 4, 1, 1, 1, 1, 1, 1, 1, 1, 1, 1, 1, 1, 1, 1, 1, 4 ),
 ( 0.0000000000000000000, 0.09546510449170900192, 0.1858575897923433473, 0.2710349793365064985, 0.3517277028838308173, 0.4270736388201359923, 0.4957100026978945584, 0.5587525136388112879, 0.6169147795200192741, 0.6714863062766496249, 0.7233083748797398682, 0.7727831595727387981, 0.8206259410641821850, 0.8668866673586650418, 0.9115747216525504903, 0.9560569530428016938, 1.000000000000000000 ),
 .UNSPECIFIED. ) ;
#2915 = CARTESIAN_POINT ( 'NONE',  ( 2.129999999999995008, -0.0000000000000000000, -0.3500000000000000333 ) ) ;
#2916 = ORIENTED_EDGE ( 'NONE', *, *, #3551, .F. ) ;
#2917 = ADVANCED_FACE ( 'NONE', ( #130 ), #5348, .T. ) ;
#2918 = DIRECTION ( 'NONE',  ( -1.000000000000000000, 0.0000000000000000000, 0.0000000000000000000 ) ) ;
#2919 = VECTOR ( 'NONE', #2443, 1000.000000000000000 ) ;
#2920 = EDGE_LOOP ( 'NONE', ( #3622, #1970, #5100, #5599 ) ) ;
#2921 = CARTESIAN_POINT ( 'NONE',  ( 5.642072123189318056, 0.9064290159990536777, -3.009038054711477006 ) ) ;
#2922 = FACE_OUTER_BOUND ( 'NONE', #3424, .T. ) ;
#2923 = VECTOR ( 'NONE', #6305, 1000.000000000000000 ) ;
#2924 = DIRECTION ( 'NONE',  ( 0.2578433336118838293, 0.0000000000000000000, 0.9661867393583450925 ) ) ;
#2925 = LINE ( 'NONE', #4896, #2057 ) ;
#2926 = CARTESIAN_POINT ( 'NONE',  ( 2.895254114154610647, 0.9064290159990537887, -3.727100596874360239 ) ) ;
#2927 = EDGE_CURVE ( 'NONE', #2731, #5239, #3007, .T. ) ;
#2928 = CARTESIAN_POINT ( 'NONE',  ( 4.797885925272651342, 0.8964290159990536688, -3.206424206407054722 ) ) ;
#2929 = DIRECTION ( 'NONE',  ( -0.0000000000000000000, 1.000000000000000000, -0.0000000000000000000 ) ) ;
#2930 = ORIENTED_EDGE ( 'NONE', *, *, #905, .F. ) ;
#2931 = ORIENTED_EDGE ( 'NONE', *, *, #3258, .T. ) ;
#2932 = EDGE_CURVE ( 'NONE', #4166, #4884, #1101, .T. ) ;
#2933 = VECTOR ( 'NONE', #3009, 1000.000000000000000 ) ;
#2934 = CARTESIAN_POINT ( 'NONE',  ( 2.926955054159556369, 0.9064290159990536777, -3.658647635525225095 ) ) ;
#2935 = CARTESIAN_POINT ( 'NONE',  ( 2.568645968509526423, 0.8964290159990535578, -2.984009960778205794 ) ) ;
#2936 = CARTESIAN_POINT ( 'NONE',  ( 2.531592667863820534, 0.8964290159990540019, -3.443431921140716501 ) ) ;
#2937 = ORIENTED_EDGE ( 'NONE', *, *, #2347, .F. ) ;
#2938 = CARTESIAN_POINT ( 'NONE',  ( 5.087803960796155600, 0.9064290159990536777, -3.735590873073721507 ) ) ;
#2939 = ORIENTED_EDGE ( 'NONE', *, *, #5675, .T. ) ;
#2940 = PLANE ( 'NONE',  #453 ) ;
#2941 = EDGE_LOOP ( 'NONE', ( #5801, #2298, #5393, #4882 ) ) ;
#2942 = ADVANCED_FACE ( 'NONE', ( #5041 ), #2102, .F. ) ;
#2943 = LINE ( 'NONE', #4471, #1078 ) ;
#2944 = PLANE ( 'NONE',  #388 ) ;
#2945 = CARTESIAN_POINT ( 'NONE',  ( 5.506388362505557410, 0.9064290159990536777, -2.479871388044810665 ) ) ;
#2946 = FACE_OUTER_BOUND ( 'NONE', #4930, .T. ) ;
#2947 = ORIENTED_EDGE ( 'NONE', *, *, #5389, .T. ) ;
#2948 = ORIENTED_EDGE ( 'NONE', *, *, #2250, .T. ) ;
#2949 = CARTESIAN_POINT ( 'NONE',  ( 2.559414891375597634, 0.8964290159990531137, -3.034560569559087373 ) ) ;
#2950 = ORIENTED_EDGE ( 'NONE', *, *, #4329, .F. ) ;
#2951 = DIRECTION ( 'NONE',  ( -0.0000000000000000000, -1.000000000000000000, -0.0000000000000000000 ) ) ;
#2952 = DIRECTION ( 'NONE',  ( 0.0000000000000000000, -0.0000000000000000000, 1.000000000000000000 ) ) ;
#2953 = VECTOR ( 'NONE', #3476, 1000.000000000000000 ) ;
#2954 = DIRECTION ( 'NONE',  ( 0.0000000000000000000, 0.0000000000000000000, -1.000000000000000000 ) ) ;
#2955 = DIRECTION ( 'NONE',  ( -0.0000000000000000000, -1.000000000000000000, -0.0000000000000000000 ) ) ;
#2956 = DIRECTION ( 'NONE',  ( -0.0000000000000000000, -1.000000000000000000, -0.0000000000000000000 ) ) ;
#2957 = LINE ( 'NONE', #2928, #3808 ) ;
#2958 = PLANE ( 'NONE',  #4144 ) ;
#2959 = EDGE_LOOP ( 'NONE', ( #2441, #6138, #4976, #507, #2038, #4041, #3564, #2743, #4434, #1056 ) ) ;
#2960 = EDGE_CURVE ( 'NONE', #5107, #158, #4599, .T. ) ;
#2961 = EDGE_CURVE ( 'NONE', #4531, #5305, #1655, .T. ) ;
#2962 = DIRECTION ( 'NONE',  ( 0.0000000000000000000, 0.0000000000000000000, 1.000000000000000000 ) ) ;
#2963 = DIRECTION ( 'NONE',  ( -1.000000000000000000, 0.0000000000000000000, 3.154042683594195121E-16 ) ) ;
#2964 = AXIS2_PLACEMENT_3D ( 'NONE', #5959, #3078, #4983 ) ;
#2965 = VERTEX_POINT ( 'NONE', #3163 ) ;
#2966 = PLANE ( 'NONE',  #1815 ) ;
#2967 = ORIENTED_EDGE ( 'NONE', *, *, #2342, .F. ) ;
#2968 = DIRECTION ( 'NONE',  ( 0.0000000000000000000, 0.0000000000000000000, -1.000000000000000000 ) ) ;
#2969 = EDGE_LOOP ( 'NONE', ( #2937, #5096, #1152, #1758 ) ) ;
#2970 = EDGE_CURVE ( 'NONE', #3253, #876, #5652, .T. ) ;
#2971 = AXIS2_PLACEMENT_3D ( 'NONE', #6356, #4354, #1440 ) ;
#2972 = SURFACE_STYLE_USAGE ( .BOTH. , #1096 ) ;
#2973 = CARTESIAN_POINT ( 'NONE',  ( 4.178171548937181790, 0.9064290159990536777, -3.009038054711477006 ) ) ;
#2974 =( NAMED_UNIT ( * ) SI_UNIT ( $, .STERADIAN. ) SOLID_ANGLE_UNIT ( ) );
#2975 = FACE_OUTER_BOUND ( 'NONE', #1030, .T. ) ;
#2976 = CARTESIAN_POINT ( 'NONE',  ( 2.552425973238192203, 0.8964290159990536688, -3.525543680971481741 ) ) ;
#2977 = ORIENTED_EDGE ( 'NONE', *, *, #4573, .T. ) ;
#2978 = ORIENTED_EDGE ( 'NONE', *, *, #4511, .F. ) ;
#2979 = CARTESIAN_POINT ( 'NONE',  ( 2.682839918043529615, 0.8964290159990534468, -3.900043046425300197 ) ) ;
#2980 = EDGE_LOOP ( 'NONE', ( #2545, #1049, #811, #2317 ) ) ;
#2981 = DIRECTION ( 'NONE',  ( 0.0000000000000000000, -0.0000000000000000000, 1.000000000000000000 ) ) ;
#2982 = DIRECTION ( 'NONE',  ( -0.0000000000000000000, -1.000000000000000000, -0.0000000000000000000 ) ) ;
#2983 = EDGE_CURVE ( 'NONE', #3592, #940, #1748, .T. ) ;
#2984 = LINE ( 'NONE', #3859, #6348 ) ;
#2985 = EDGE_CURVE ( 'NONE', #4553, #5741, #718, .T. ) ;
#2986 = CARTESIAN_POINT ( 'NONE',  ( 4.564064644556840022, 0.9064290159990536777, -3.425956291075858307 ) ) ;
#2987 = CARTESIAN_POINT ( 'NONE',  ( 0.6171964533206235615, 0.9064290159990536777, -3.634977215778476101 ) ) ;
#2988 = VECTOR ( 'NONE', #3636, 1000.000000000000114 ) ;
#2989 = DIRECTION ( 'NONE',  ( -0.0000000000000000000, 1.000000000000000000, -0.0000000000000000000 ) ) ;
#2990 = PLANE ( 'NONE',  #1956 ) ;
#2991 = DIRECTION ( 'NONE',  ( 1.000000000000000000, 0.0000000000000000000, -0.0000000000000000000 ) ) ;
#2992 = ORIENTED_EDGE ( 'NONE', *, *, #3316, .T. ) ;
#2993 = ADVANCED_FACE ( 'NONE', ( #4168 ), #2164, .T. ) ;
#2994 =( GEOMETRIC_REPRESENTATION_CONTEXT ( 3 ) GLOBAL_UNCERTAINTY_ASSIGNED_CONTEXT ( ( #6273 ) ) GLOBAL_UNIT_ASSIGNED_CONTEXT ( ( #2412, #6029, #3576 ) ) REPRESENTATION_CONTEXT ( 'NONE', 'WORKASPACE' ) );
#2995 = CARTESIAN_POINT ( 'NONE',  ( 0.5381966506841733278, 0.9064290159990537887, -0.8550933745953100962 ) ) ;
#2996 = CARTESIAN_POINT ( 'NONE',  ( 2.442573182328521497, 0.8964290159990538909, -2.865246417173982429 ) ) ;
#2997 = EDGE_LOOP ( 'NONE', ( #644, #394, #3026, #1480 ) ) ;
#2998 = ORIENTED_EDGE ( 'NONE', *, *, #3301, .T. ) ;
#2999 = DIRECTION ( 'NONE',  ( -0.0000000000000000000, -1.000000000000000000, -0.0000000000000000000 ) ) ;
#3000 = ORIENTED_EDGE ( 'NONE', *, *, #1083, .T. ) ;
#3001 = LINE ( 'NONE', #2004, #2262 ) ;
#3002 = ADVANCED_FACE ( 'NONE', ( #2713 ), #4200, .T. ) ;
#3003 = CARTESIAN_POINT ( 'NONE',  ( 2.129999999999994120, -0.01000000000000000021, -5.150000000000001243 ) ) ;
#3004 = CARTESIAN_POINT ( 'NONE',  ( 4.433426623723505600, 0.9064290159990536777, -3.009038054711477006 ) ) ;
#3005 = ORIENTED_EDGE ( 'NONE', *, *, #5653, .F. ) ;
#3006 = EDGE_LOOP ( 'NONE', ( #2737, #737, #2778, #906 ) ) ;
#3007 = LINE ( 'NONE', #655, #1700 ) ;
#3008 = VERTEX_POINT ( 'NONE', #5715 ) ;
#3009 = DIRECTION ( 'NONE',  ( -0.0000000000000000000, -1.000000000000000000, -0.0000000000000000000 ) ) ;
#3010 = CARTESIAN_POINT ( 'NONE',  ( 2.338501811870663083, 0.9064290159990536777, -2.858440769757987443 ) ) ;
#3011 = VECTOR ( 'NONE', #3051, 1000.000000000000000 ) ;
#3012 = CARTESIAN_POINT ( 'NONE',  ( 4.918199259941454571, 0.9064290159990536777, -3.528355129216884212 ) ) ;
#3013 = PLANE ( 'NONE',  #5752 ) ;
#3014 = LINE ( 'NONE', #1139, #5360 ) ;
#3015 = VECTOR ( 'NONE', #977, 1000.000000000000000 ) ;
#3016 = VECTOR ( 'NONE', #1602, 1000.000000000000000 ) ;
#3017 = STYLED_ITEM ( 'NONE', ( #5140 ), #4069 ) ;
#3018 = CARTESIAN_POINT ( 'NONE',  ( 3.674657593274788248, 0.9064290159990536777, -3.518496855979704296 ) ) ;
#3019 = DIRECTION ( 'NONE',  ( 1.000000000000000000, 0.0000000000000000000, 0.0000000000000000000 ) ) ;
#3020 = CARTESIAN_POINT ( 'NONE',  ( 4.804670113306839241, 0.9064290159990536777, -3.735590873073721507 ) ) ;
#3021 = ORIENTED_EDGE ( 'NONE', *, *, #6025, .F. ) ;
#3022 = LINE ( 'NONE', #113, #810 ) ;
#3023 = DIRECTION ( 'NONE',  ( 0.4804152582365242008, 0.0000000000000000000, 0.8770411504904052080 ) ) ;
#3024 = CARTESIAN_POINT ( 'NONE',  ( 4.089616694503420469, 0.9064290159990536777, -3.206424206407054722 ) ) ;
#3025 = CARTESIAN_POINT ( 'NONE',  ( 0.7937499999999999556, 0.9064290159990536777, -0.8039262820512820262 ) ) ;
#3026 = ORIENTED_EDGE ( 'NONE', *, *, #484, .T. ) ;
#3027 = B_SPLINE_SURFACE_WITH_KNOTS ( 'NONE', 3, 1, ( 
 ( #5691, #5114 ),
 ( #4695, #3759 ),
 ( #4241, #3695 ),
 ( #197, #4761 ),
 ( #818, #5721 ),
 ( #1297, #4173 ),
 ( #692, #2656 ),
 ( #228, #5658 ),
 ( #724, #3665 ),
 ( #6146, #1173 ),
 ( #2687, #2202 ),
 ( #1690, #4112 ),
 ( #4636, #292 ),
 ( #3269, #325 ),
 ( #3202, #5595 ),
 ( #1236, #6084 ),
 ( #1660, #2750 ) ),
 .UNSPECIFIED., .F., .F., .F.,
 ( 4, 1, 1, 1, 1, 1, 1, 1, 1, 1, 1, 1, 1, 1, 4 ),
 ( 2, 2 ),
 ( 0.0000000000000000000, 0.1277706293124491188, 0.2439804506356098301, 0.3480758004030605202, 0.4406650460066902641, 0.5230791416656173087, 0.5935156255361765387, 0.6552269717712226882, 0.7090791295509715209, 0.7569732727241827996, 0.7987624002830170378, 0.8347047937630660552, 0.8644111872596789148, 0.9254754689597471939, 1.000000000000000000 ),
 ( 0.0000000000000000000, 1.000000000000000000 ),
 .UNSPECIFIED. ) ;
#3028 = AXIS2_PLACEMENT_3D ( 'NONE', #364, #2401, #5406 ) ;
#3029 = LINE ( 'NONE', #56, #3675 ) ;
#3030 = ORIENTED_EDGE ( 'NONE', *, *, #675, .F. ) ;
#3031 = CARTESIAN_POINT ( 'NONE',  ( 2.820195624063421835, 0.9064290159990538998, -3.287649084387898046 ) ) ;
#3032 = ORIENTED_EDGE ( 'NONE', *, *, #2013, .F. ) ;
#3033 = CARTESIAN_POINT ( 'NONE',  ( 5.255373405240600704, 0.9064290159990536777, -2.479871388044810665 ) ) ;
#3034 = CARTESIAN_POINT ( 'NONE',  ( 5.594582806950002762, 0.8964290159990536688, -2.479871388044810665 ) ) ;
#3035 = CARTESIAN_POINT ( 'NONE',  ( 0.7937499999999999556, 0.8964290159990536688, -0.8039262820512820262 ) ) ;
#3036 = ORIENTED_EDGE ( 'NONE', *, *, #578, .T. ) ;
#3037 = ADVANCED_FACE ( 'NONE', ( #1777 ), #3753, .T. ) ;
#3038 = VECTOR ( 'NONE', #5896, 1000.000000000000000 ) ;
#3039 = ORIENTED_EDGE ( 'NONE', *, *, #6297, .T. ) ;
#3040 = CARTESIAN_POINT ( 'NONE',  ( 2.341670533363141793, 0.9064290159990541218, -3.374619869494393409 ) ) ;
#3041 = VERTEX_POINT ( 'NONE', #6172 ) ;
#3042 = CARTESIAN_POINT ( 'NONE',  ( 2.799345931256005837, 0.9064290159990536777, -3.271584830041675218 ) ) ;
#3043 = CARTESIAN_POINT ( 'NONE',  ( 3.735482079118805476, 0.9064290159990536777, -3.206424206407054722 ) ) ;
#3044 = VECTOR ( 'NONE', #187, 1000.000000000000000 ) ;
#3045 = DIRECTION ( 'NONE',  ( 0.0000000000000000000, 0.0000000000000000000, 1.000000000000000000 ) ) ;
#3046 = FACE_OUTER_BOUND ( 'NONE', #2770, .T. ) ;
#3047 = CARTESIAN_POINT ( 'NONE',  ( 4.394459943702138993, 0.9064290159990536777, -3.735590873073721507 ) ) ;
#3048 = EDGE_CURVE ( 'NONE', #4198, #5792, #4629, .T. ) ;
#3049 = CARTESIAN_POINT ( 'NONE',  ( 1.242939164116525719, 0.9064290159990536777, -3.108481402145693906 ) ) ;
#3050 = DIRECTION ( 'NONE',  ( -0.7871623908499748579, 0.0000000000000000000, 0.6167457907690584440 ) ) ;
#3051 = DIRECTION ( 'NONE',  ( 1.000000000000000000, 0.0000000000000000000, 0.0000000000000000000 ) ) ;
#3052 = VERTEX_POINT ( 'NONE', #3263 ) ;
#3053 = CARTESIAN_POINT ( 'NONE',  ( 2.510380485614499779, 0.9064290159990540108, -3.600327330909563806 ) ) ;
#3054 = EDGE_CURVE ( 'NONE', #1005, #1490, #1262, .T. ) ;
#3055 = CARTESIAN_POINT ( 'NONE',  ( 4.851714217206412272, 0.9064290159990536777, -2.884590605459340651 ) ) ;
#3056 = CARTESIAN_POINT ( 'NONE',  ( 3.679406524898720221, 0.9064290159990536777, -3.206424206407054722 ) ) ;
#3057 = CARTESIAN_POINT ( 'NONE',  ( 3.491484516351711420, 0.9064290159990536777, -3.464223351706200216 ) ) ;
#3058 = ORIENTED_EDGE ( 'NONE', *, *, #4204, .T. ) ;
#3059 = ADVANCED_FACE ( 'NONE', ( #3690 ), #4374, .T. ) ;
#3060 = ADVANCED_FACE ( 'NONE', ( #3392 ), #2295, .T. ) ;
#3061 = ADVANCED_FACE ( 'NONE', ( #3292 ), #4819, .T. ) ;
#3062 = DIRECTION ( 'NONE',  ( -0.4806015670138532592, 0.0000000000000000000, 0.8769390707362905157 ) ) ;
#3063 = ORIENTED_EDGE ( 'NONE', *, *, #2904, .F. ) ;
#3064 = CARTESIAN_POINT ( 'NONE',  ( 4.741810371052566531, 0.8964290159990536688, -3.206424206407054722 ) ) ;
#3065 = ORIENTED_EDGE ( 'NONE', *, *, #5066, .T. ) ;
#3066 = CARTESIAN_POINT ( 'NONE',  ( 2.400306727158290965, 0.8964290159990536688, -3.108481402145693906 ) ) ;
#3067 = CARTESIAN_POINT ( 'NONE',  ( 5.087803960796155600, 0.8964290159990536688, -3.735590873073721507 ) ) ;
#3068 = LINE ( 'NONE', #4039, #5514 ) ;
#3069 = ORIENTED_EDGE ( 'NONE', *, *, #402, .T. ) ;
#3070 = VERTEX_POINT ( 'NONE', #3360 ) ;
#3071 = CARTESIAN_POINT ( 'NONE',  ( 2.477333663520394857, 0.8964290159990537799, -3.396771188011250775 ) ) ;
#3072 = VECTOR ( 'NONE', #3664, 1000.000000000000000 ) ;
#3073 = ORIENTED_EDGE ( 'NONE', *, *, #2090, .T. ) ;
#3074 = EDGE_CURVE ( 'NONE', #940, #355, #3425, .T. ) ;
#3075 = CARTESIAN_POINT ( 'NONE',  ( 4.695677892420087041, 0.9064290159990536777, -2.620961298568314835 ) ) ;
#3076 = DIRECTION ( 'NONE',  ( -0.2603341375417466130, 0.0000000000000000000, 0.9655185844044613663 ) ) ;
#3077 = AXIS2_PLACEMENT_3D ( 'NONE', #61, #32, #3524 ) ;
#3078 = DIRECTION ( 'NONE',  ( 0.9655185844044609222, -0.0000000000000000000, 0.2603341375417481118 ) ) ;
#3079 = LINE ( 'NONE', #5050, #824 ) ;
#3080 = CARTESIAN_POINT ( 'NONE',  ( 4.387675755667951094, 0.9064290159990536777, -3.206424206407054722 ) ) ;
#3081 = FACE_OUTER_BOUND ( 'NONE', #5033, .T. ) ;
#3082 = CARTESIAN_POINT ( 'NONE',  ( 3.803557165924360994, 0.9064290159990536777, -3.009038054711477006 ) ) ;
#3083 = VECTOR ( 'NONE', #1201, 1000.000000000000000 ) ;
#3084 = ORIENTED_EDGE ( 'NONE', *, *, #440, .T. ) ;
#3085 = MECHANICAL_DESIGN_GEOMETRIC_PRESENTATION_REPRESENTATION (  '', ( #2667 ), #3181 ) ;
#3086 = CARTESIAN_POINT ( 'NONE',  ( 0.6526015360367309892, 0.8964290159990536688, -0.6721076585509976331 ) ) ;
#3087 = APPLICATION_PROTOCOL_DEFINITION ( 'draft international standard', 'automotive_design', 1998, #2334 ) ;
#3088 = DIRECTION ( 'NONE',  ( -0.0000000000000000000, -1.000000000000000000, -0.0000000000000000000 ) ) ;
#3089 = VECTOR ( 'NONE', #6115, 1000.000000000000000 ) ;
#3090 = MECHANICAL_DESIGN_GEOMETRIC_PRESENTATION_REPRESENTATION (  '', ( #1436 ), #719 ) ;
#3091 = DIRECTION ( 'NONE',  ( -1.000000000000000000, 0.0000000000000000000, -0.0000000000000000000 ) ) ;
#3092 = PLANE ( 'NONE',  #3215 ) ;
#3093 = EDGE_LOOP ( 'NONE', ( #3107, #1928, #1830, #3672 ) ) ;
#3094 = LINE ( 'NONE', #645, #806 ) ;
#3095 = DIRECTION ( 'NONE',  ( -1.000000000000000000, 0.0000000000000000000, -4.688441826964343312E-16 ) ) ;
#3096 = EDGE_CURVE ( 'NONE', #3153, #4623, #383, .T. ) ;
#3097 = ORIENTED_EDGE ( 'NONE', *, *, #4528, .F. ) ;
#3098 = CARTESIAN_POINT ( 'NONE',  ( 2.939758879415200976, 0.9064290159990535667, -3.481252646813874474 ) ) ;
#3099 = VERTEX_POINT ( 'NONE', #6238 ) ;
#3100 = DIRECTION ( 'NONE',  ( -0.0000000000000000000, -1.000000000000000000, -0.0000000000000000000 ) ) ;
#3101 = DIRECTION ( 'NONE',  ( 1.000000000000000000, 0.0000000000000000000, 0.0000000000000000000 ) ) ;
#3102 = VECTOR ( 'NONE', #258, 1000.000000000000000 ) ;
#3103 = CARTESIAN_POINT ( 'NONE',  ( 3.416858447975643198, 0.8964290159990536688, -3.009038054711477006 ) ) ;
#3104 = ORIENTED_EDGE ( 'NONE', *, *, #414, .F. ) ;
#3105 = EDGE_LOOP ( 'NONE', ( #2221, #909, #3195, #5069 ) ) ;
#3106 = CARTESIAN_POINT ( 'NONE',  ( 2.523480946168271011, 0.8964290159990533358, -3.430420835054681206 ) ) ;
#3107 = ORIENTED_EDGE ( 'NONE', *, *, #6147, .F. ) ;
#3108 = CARTESIAN_POINT ( 'NONE',  ( 2.936183926796547716, 0.8964290159990535578, -3.083211326564903043 ) ) ;
#3109 = CARTESIAN_POINT ( 'NONE',  ( 4.890108481362394954, 0.8964290159990536688, -3.477155710146370815 ) ) ;
#3110 = CARTESIAN_POINT ( 'NONE',  ( 0.7932345449492584910, 0.8964290159990536688, -0.7950840470445286190 ) ) ;
#3111 = DIRECTION ( 'NONE',  ( -1.000000000000000000, 0.0000000000000000000, 0.0000000000000000000 ) ) ;
#3112 = ADVANCED_FACE ( 'NONE', ( #1875 ), #417, .F. ) ;
#3113 = CARTESIAN_POINT ( 'NONE',  ( 3.749177658712822492, 0.9064290159990536777, -3.009038054711477006 ) ) ;
#3114 = LINE ( 'NONE', #2021, #2366 ) ;
#3115 = CARTESIAN_POINT ( 'NONE',  ( 3.633952465069659965, 0.9064290159990536777, -2.479871388044810665 ) ) ;
#3116 = VECTOR ( 'NONE', #5823, 1000.000000000000000 ) ;
#3117 = ORIENTED_EDGE ( 'NONE', *, *, #753, .T. ) ;
#3118 = PLANE ( 'NONE',  #1945 ) ;
#3119 = VECTOR ( 'NONE', #990, 1000.000000000000000 ) ;
#3120 = CARTESIAN_POINT ( 'NONE',  ( 4.564064644556840022, 0.9064290159990536777, -3.425956291075858307 ) ) ;
#3121 = EDGE_CURVE ( 'NONE', #2452, #6185, #4364, .T. ) ;
#3122 = ADVANCED_FACE ( 'NONE', ( #1905 ), #3879, .T. ) ;
#3123 = FACE_OUTER_BOUND ( 'NONE', #2941, .T. ) ;
#3124 = ORIENTED_EDGE ( 'NONE', *, *, #4607, .F. ) ;
#3125 = FACE_OUTER_BOUND ( 'NONE', #1787, .T. ) ;
#3126 = LINE ( 'NONE', #2187, #6042 ) ;
#3127 = UNCERTAINTY_MEASURE_WITH_UNIT (LENGTH_MEASURE( 1.000000000000000082E-05 ), #2481, 'distance_accuracy_value', 'NONE');
#3128 = VERTEX_POINT ( 'NONE', #2420 ) ;
#3129 = LINE ( 'NONE', #3621, #3666 ) ;
#3130 = ORIENTED_EDGE ( 'NONE', *, *, #4265, .T. ) ;
#3131 = DIRECTION ( 'NONE',  ( 0.0000000000000000000, 0.0000000000000000000, -1.000000000000000000 ) ) ;
#3132 = ORIENTED_EDGE ( 'NONE', *, *, #3367, .F. ) ;
#3133 = ORIENTED_EDGE ( 'NONE', *, *, #4413, .F. ) ;
#3134 = VECTOR ( 'NONE', #5647, 1000.000000000000000 ) ;
#3135 = CARTESIAN_POINT ( 'NONE',  ( 2.920502486843826073, 0.8964290159990535578, -3.419223111102317247 ) ) ;
#3136 = ORIENTED_EDGE ( 'NONE', *, *, #112, .T. ) ;
#3137 = LINE ( 'NONE', #3597, #3345 ) ;
#3138 = CARTESIAN_POINT ( 'NONE',  ( 4.733669345411541052, 0.9064290159990536777, -3.735590873073721507 ) ) ;
#3139 = EDGE_CURVE ( 'NONE', #1885, #1160, #969, .T. ) ;
#3140 =( LENGTH_UNIT ( ) NAMED_UNIT ( * ) SI_UNIT ( .MILLI., .METRE. ) );
#3141 = CARTESIAN_POINT ( 'NONE',  ( 3.491484516351711420, 0.8964290159990536688, -3.206424206407054722 ) ) ;
#3142 = VECTOR ( 'NONE', #812, 1000.000000000000000 ) ;
#3143 = VECTOR ( 'NONE', #5601, 1000.000000000000000 ) ;
#3144 = FACE_OUTER_BOUND ( 'NONE', #220, .T. ) ;
#3145 = DIRECTION ( 'NONE',  ( 0.0000000000000000000, 0.0000000000000000000, 1.000000000000000000 ) ) ;
#3146 = CARTESIAN_POINT ( 'NONE',  ( 5.160394772761967452, 0.9064290159990536777, -3.009038054711477006 ) ) ;
#3147 = ORIENTED_EDGE ( 'NONE', *, *, #4394, .T. ) ;
#3148 = CARTESIAN_POINT ( 'NONE',  ( 0.5296397098330489772, 0.8964290159990535578, -0.7950694847546795341 ) ) ;
#3149 = CARTESIAN_POINT ( 'NONE',  ( 2.129999999999994120, 0.0000000000000000000, -5.150000000000001243 ) ) ;
#3150 = FACE_OUTER_BOUND ( 'NONE', #3811, .T. ) ;
#3151 = EDGE_CURVE ( 'NONE', #3835, #3651, #480, .T. ) ;
#3152 = CARTESIAN_POINT ( 'NONE',  ( 2.943872535427645154, 0.8964290159990538909, -3.516470411680838737 ) ) ;
#3153 = VERTEX_POINT ( 'NONE', #1971 ) ;
#3154 = FACE_OUTER_BOUND ( 'NONE', #5401, .T. ) ;
#3155 = CARTESIAN_POINT ( 'NONE',  ( 3.969324560422224035, 0.9064290159990536777, -3.735590873073721507 ) ) ;
#3156 = ORIENTED_EDGE ( 'NONE', *, *, #4402, .F. ) ;
#3157 = ORIENTED_EDGE ( 'NONE', *, *, #3715, .T. ) ;
#3158 =( LENGTH_UNIT ( ) NAMED_UNIT ( * ) SI_UNIT ( .MILLI., .METRE. ) );
#3159 = CARTESIAN_POINT ( 'NONE',  ( 3.686190712932907676, 0.9064290159990536777, -3.735590873073721507 ) ) ;
#3160 = DIRECTION ( 'NONE',  ( 0.0000000000000000000, 0.0000000000000000000, -1.000000000000000000 ) ) ;
#3161 = ORIENTED_EDGE ( 'NONE', *, *, #4002, .T. ) ;
#3162 = ORIENTED_EDGE ( 'NONE', *, *, #1441, .T. ) ;
#3163 = CARTESIAN_POINT ( 'NONE',  ( 4.849700161383762698, 0.9064290159990536777, -3.009038054711477006 ) ) ;
#3164 = EDGE_CURVE ( 'NONE', #2372, #443, #3029, .T. ) ;
#3165 = VERTEX_POINT ( 'NONE', #3553 ) ;
#3166 = CARTESIAN_POINT ( 'NONE',  ( 5.302862721479915997, 0.9064290159990536777, -2.534144892318314746 ) ) ;
#3167 = FACE_OUTER_BOUND ( 'NONE', #2156, .T. ) ;
#3168 = AXIS2_PLACEMENT_3D ( 'NONE', #5674, #308, #5188 ) ;
#3169 = SURFACE_STYLE_FILL_AREA ( #6050 ) ;
#3170 = CARTESIAN_POINT ( 'NONE',  ( 4.740453533445728063, 0.8964290159990536688, -3.206424206407054722 ) ) ;
#3171 = VECTOR ( 'NONE', #1752, 1000.000000000000000 ) ;
#3172 = ADVANCED_FACE ( 'NONE', ( #2449 ), #4967, .T. ) ;
#3173 = CARTESIAN_POINT ( 'NONE',  ( 0.0000000000000000000, -0.01000000000000000021, 0.0000000000000000000 ) ) ;
#3174 = CARTESIAN_POINT ( 'NONE',  ( 4.677593791191455352, 0.9064290159990536777, -3.735590873073721507 ) ) ;
#3175 = EDGE_CURVE ( 'NONE', #4902, #654, #5423, .T. ) ;
#3176 = ORIENTED_EDGE ( 'NONE', *, *, #3928, .F. ) ;
#3177 = VECTOR ( 'NONE', #4841, 1000.000000000000000 ) ;
#3178 = CARTESIAN_POINT ( 'NONE',  ( 2.400306727158290965, 0.9064290159990536777, -3.108481402145693906 ) ) ;
#3179 = DIRECTION ( 'NONE',  ( -1.000000000000000000, 0.0000000000000000000, 0.0000000000000000000 ) ) ;
#3180 = DIRECTION ( 'NONE',  ( -0.3698797865436017629, 0.0000000000000000000, 0.9290796217259635892 ) ) ;
#3181 =( GEOMETRIC_REPRESENTATION_CONTEXT ( 3 ) GLOBAL_UNCERTAINTY_ASSIGNED_CONTEXT ( ( #3303 ) ) GLOBAL_UNIT_ASSIGNED_CONTEXT ( ( #1111, #1176, #2113 ) ) REPRESENTATION_CONTEXT ( 'NONE', 'WORKASPACE' ) );
#3182 = EDGE_CURVE ( 'NONE', #826, #4300, #612, .T. ) ;
#3183 = CARTESIAN_POINT ( 'NONE',  ( 3.674657593274788248, 0.9064290159990536777, -3.681317368800217427 ) ) ;
#3184 = VERTEX_POINT ( 'NONE', #5453 ) ;
#3185 = DIRECTION ( 'NONE',  ( 0.0000000000000000000, 0.0000000000000000000, -1.000000000000000000 ) ) ;
#3186 = LINE ( 'NONE', #4127, #4526 ) ;
#3187 = VECTOR ( 'NONE', #6132, 1000.000000000000000 ) ;
#3188 = EDGE_CURVE ( 'NONE', #2490, #616, #3518, .T. ) ;
#3189 = PLANE ( 'NONE',  #3359 ) ;
#3190 = ORIENTED_EDGE ( 'NONE', *, *, #4402, .T. ) ;
#3191 = EDGE_LOOP ( 'NONE', ( #5505, #1946, #3069, #523 ) ) ;
#3192 = PRESENTATION_STYLE_ASSIGNMENT (( #559 ) ) ;
#3193 = CARTESIAN_POINT ( 'NONE',  ( 3.913694218541882375, 0.8964290159990536688, -3.009038054711477006 ) ) ;
#3194 = ORIENTED_EDGE ( 'NONE', *, *, #4805, .T. ) ;
#3195 = ORIENTED_EDGE ( 'NONE', *, *, #6303, .T. ) ;
#3196 = CARTESIAN_POINT ( 'NONE',  ( 2.944497724006202688, 0.8964290159990536688, -3.553425501830485000 ) ) ;
#3197 = EDGE_LOOP ( 'NONE', ( #3370, #313, #5149, #2126, #34, #979, #3844, #2271, #3416, #867, #582, #319 ) ) ;
#3198 = FACE_OUTER_BOUND ( 'NONE', #2409, .T. ) ;
#3199 = EDGE_CURVE ( 'NONE', #5496, #5354, #6036, .T. ) ;
#3200 = CARTESIAN_POINT ( 'NONE',  ( 2.498542922798510091, 0.9064290159990537887, -2.537952867162974968 ) ) ;
#3201 = LINE ( 'NONE', #6145, #3171 ) ;
#3202 = CARTESIAN_POINT ( 'NONE',  ( 2.568373648262243680, 0.9064290159990534557, -2.970311154452640157 ) ) ;
#3203 = DIRECTION ( 'NONE',  ( -1.000000000000000000, 0.0000000000000000000, -0.0000000000000000000 ) ) ;
#3204 = CARTESIAN_POINT ( 'NONE',  ( 0.0000000000000000000, 0.8964290159990536688, 0.0000000000000000000 ) ) ;
#3205 = LINE ( 'NONE', #5177, #5047 ) ;
#3206 = PLANE ( 'NONE',  #3388 ) ;
#3207 = CARTESIAN_POINT ( 'NONE',  ( 2.786279085162151503, 0.9064290159990537887, -3.244394322374975825 ) ) ;
#3208 = LINE ( 'NONE', #5767, #3845 ) ;
#3209 = ADVANCED_FACE ( 'NONE', ( #3943 ), #2966, .F. ) ;
#3210 = DIRECTION ( 'NONE',  ( 0.4804152582365220914, 0.0000000000000000000, -0.8770411504904065403 ) ) ;
#3211 = VERTEX_POINT ( 'NONE', #5001 ) ;
#3212 = VECTOR ( 'NONE', #4025, 1000.000000000000000 ) ;
#3213 = CARTESIAN_POINT ( 'NONE',  ( 4.329331738573933386, 0.9064290159990536777, -2.623611372019169607 ) ) ;
#3214 = CARTESIAN_POINT ( 'NONE',  ( 4.332511826714958936, 0.9064290159990536777, -2.479871388044810665 ) ) ;
#3215 = AXIS2_PLACEMENT_3D ( 'NONE', #643, #2606, #4584 ) ;
#3216 = CARTESIAN_POINT ( 'NONE',  ( 2.777096957249418185, 0.9064290159990533446, -3.851526356579576760 ) ) ;
#3217 =( GEOMETRIC_REPRESENTATION_CONTEXT ( 3 ) GLOBAL_UNCERTAINTY_ASSIGNED_CONTEXT ( ( #5759 ) ) GLOBAL_UNIT_ASSIGNED_CONTEXT ( ( #2684, #224, #1718 ) ) REPRESENTATION_CONTEXT ( 'NONE', 'WORKASPACE' ) );
#3218 = ORIENTED_EDGE ( 'NONE', *, *, #2218, .F. ) ;
#3219 = ORIENTED_EDGE ( 'NONE', *, *, #3864, .F. ) ;
#3220 = CARTESIAN_POINT ( 'NONE',  ( 3.491484516351711420, 0.9064290159990536777, -3.464223351706200216 ) ) ;
#3221 = CARTESIAN_POINT ( 'NONE',  ( 0.2799999999999950862, -0.01000000000000000021, -5.150000000000001243 ) ) ;
#3222 = PLANE ( 'NONE',  #5442 ) ;
#3223 = VERTEX_POINT ( 'NONE', #513 ) ;
#3224 = VERTEX_POINT ( 'NONE', #3583 ) ;
#3225 = CARTESIAN_POINT ( 'NONE',  ( 2.944284913034486806, 0.8964290159990536688, -3.540846179503896796 ) ) ;
#3226 = VERTEX_POINT ( 'NONE', #4465 ) ;
#3227 = VECTOR ( 'NONE', #4922, 1000.000000000000000 ) ;
#3228 = CARTESIAN_POINT ( 'NONE',  ( 4.564064644556840022, 0.8964290159990536688, -3.528355129216884212 ) ) ;
#3229 = CARTESIAN_POINT ( 'NONE',  ( 3.827704635208549089, 0.8964290159990536688, -3.477155710146370815 ) ) ;
#3230 = PLANE ( 'NONE',  #4310 ) ;
#3231 = EDGE_CURVE ( 'NONE', #3391, #4782, #5974, .T. ) ;
#3232 = ADVANCED_FACE ( 'NONE', ( #5551 ), #5483, .T. ) ;
#3233 = VECTOR ( 'NONE', #6240, 1000.000000000000000 ) ;
#3234 = CARTESIAN_POINT ( 'NONE',  ( 5.506388362505557410, 0.9064290159990536777, -2.534144892318314746 ) ) ;
#3235 = LINE ( 'NONE', #299, #5249 ) ;
#3236 = ADVANCED_FACE ( 'NONE', ( #2064 ), #4033, .T. ) ;
#3237 = LINE ( 'NONE', #1335, #6318 ) ;
#3238 = EDGE_LOOP ( 'NONE', ( #4500, #111, #4266, #3194 ) ) ;
#3239 = DIRECTION ( 'NONE',  ( -0.0000000000000000000, -1.000000000000000000, -0.0000000000000000000 ) ) ;
#3240 = LINE ( 'NONE', #5399, #4391 ) ;
#3241 = VECTOR ( 'NONE', #2886, 1000.000000000000114 ) ;
#3242 = EDGE_CURVE ( 'NONE', #4169, #4591, #4680, .T. ) ;
#3243 = CARTESIAN_POINT ( 'NONE',  ( 4.677593791191455352, 0.8964290159990536688, -3.735590873073721507 ) ) ;
#3244 = VERTEX_POINT ( 'NONE', #646 ) ;
#3245 =( LENGTH_UNIT ( ) NAMED_UNIT ( * ) SI_UNIT ( .MILLI., .METRE. ) );
#3246 = AXIS2_PLACEMENT_3D ( 'NONE', #615, #5455, #5554 ) ;
#3247 = EDGE_CURVE ( 'NONE', #1583, #6278, #5641, .T. ) ;
#3248 = PLANE ( 'NONE',  #4318 ) ;
#3249 =( LENGTH_UNIT ( ) NAMED_UNIT ( * ) SI_UNIT ( .MILLI., .METRE. ) );
#3250 = CARTESIAN_POINT ( 'NONE',  ( 2.944497724006202688, 0.9064290159990536777, -3.553425501830485000 ) ) ;
#3251 = ADVANCED_FACE ( 'NONE', ( #3618 ), #3189, .T. ) ;
#3252 = AXIS2_PLACEMENT_3D ( 'NONE', #2641, #6099, #4620 ) ;
#3253 = VERTEX_POINT ( 'NONE', #2735 ) ;
#3254 = ORIENTED_EDGE ( 'NONE', *, *, #3517, .T. ) ;
#3255 = CARTESIAN_POINT ( 'NONE',  ( 2.552274298379286321, 0.9064290159990538998, -3.496574963345232323 ) ) ;
#3256 = EDGE_CURVE ( 'NONE', #6334, #253, #4590, .T. ) ;
#3257 = B_SPLINE_CURVE_WITH_KNOTS ( 'NONE', 3,
 ( #501, #3961, #2531, #3473, #2597, #5440, #4924, #531, #3442, #986, #1559, #4515, #6380, #2498, #1988, #4484, #2466, #5048, #4019 ),
 .UNSPECIFIED., .F., .F.,
 ( 4, 1, 1, 1, 1, 1, 1, 1, 1, 1, 1, 1, 1, 1, 1, 1, 4 ),
 ( 0.0000000000000000000, 0.05532994753244366293, 0.1095669129065142411, 0.1635052341545483179, 0.2181068326408383828, 0.2745542418920283723, 0.3325493756472085449, 0.3937865580565335644, 0.4585889581839313056, 0.5247912453323904103, 0.5900678770463964051, 0.6556562814272627326, 0.7214312517726387819, 0.7881687928130070020, 0.8565958983758098499, 0.9271866057981060782, 1.000000000000000000 ),
 .UNSPECIFIED. ) ;
#3258 = EDGE_CURVE ( 'NONE', #150, #4961, #1707, .T. ) ;
#3259 = CARTESIAN_POINT ( 'NONE',  ( 5.007750541992737503, 0.9064290159990536777, -2.623611372019169607 ) ) ;
#3260 = CARTESIAN_POINT ( 'NONE',  ( 5.111845427142309717, 0.8964290159990536688, -3.009038054711477006 ) ) ;
#3261 = ORIENTED_EDGE ( 'NONE', *, *, #2578, .T. ) ;
#3262 = EDGE_LOOP ( 'NONE', ( #1461, #1871, #522, #2523 ) ) ;
#3263 = CARTESIAN_POINT ( 'NONE',  ( 3.674657593274788248, 0.9064290159990536777, -3.464223351706200216 ) ) ;
#3264 = VERTEX_POINT ( 'NONE', #4191 ) ;
#3265 = DIRECTION ( 'NONE',  ( -0.9663889939276759655, 0.0000000000000000000, 0.2570842515897350244 ) ) ;
#3266 = EDGE_LOOP ( 'NONE', ( #5512, #2714, #888, #3804 ) ) ;
#3267 = CARTESIAN_POINT ( 'NONE',  ( 2.915638068384414083, 0.9064290159990535667, -2.742599953010209202 ) ) ;
#3268 = DIRECTION ( 'NONE',  ( -0.0000000000000000000, -1.000000000000000000, -0.0000000000000000000 ) ) ;
#3269 = CARTESIAN_POINT ( 'NONE',  ( 2.565714146408184515, 0.9064290159990538998, -2.953693023528622952 ) ) ;
#3270 = ORIENTED_EDGE ( 'NONE', *, *, #894, .F. ) ;
#3271 = CARTESIAN_POINT ( 'NONE',  ( 2.506889898591332599, 0.9064290159990536777, -3.088243786080615116 ) ) ;
#3272 = FACE_OUTER_BOUND ( 'NONE', #4252, .T. ) ;
#3273 = FACE_OUTER_BOUND ( 'NONE', #1545, .T. ) ;
#3274 = ORIENTED_EDGE ( 'NONE', *, *, #6072, .T. ) ;
#3275 = CARTESIAN_POINT ( 'NONE',  ( 5.642072123189318056, 0.8964290159990536688, -3.009038054711477006 ) ) ;
#3276 = AXIS2_PLACEMENT_3D ( 'NONE', #2986, #4955, #3989 ) ;
#3277 = DIRECTION ( 'NONE',  ( 0.8770411504904065403, 0.0000000000000000000, -0.4804152582365220359 ) ) ;
#3278 = VECTOR ( 'NONE', #3023, 1000.000000000000114 ) ;
#3279 = DIRECTION ( 'NONE',  ( 0.0000000000000000000, -0.0000000000000000000, 1.000000000000000000 ) ) ;
#3280 = ORIENTED_EDGE ( 'NONE', *, *, #5722, .F. ) ;
#3281 = LINE ( 'NONE', #5253, #3491 ) ;
#3282 = DIRECTION ( 'NONE',  ( 0.8770197613181063279, 0.0000000000000000000, -0.4804543040264409592 ) ) ;
#3283 = EDGE_CURVE ( 'NONE', #4005, #1898, #1737, .T. ) ;
#3284 = LINE ( 'NONE', #5258, #872 ) ;
#3285 = ORIENTED_EDGE ( 'NONE', *, *, #3283, .F. ) ;
#3286 = ORIENTED_EDGE ( 'NONE', *, *, #5956, .T. ) ;
#3287 = CARTESIAN_POINT ( 'NONE',  ( 2.538709376369955972, 0.9064290159990536777, -3.455095426706072725 ) ) ;
#3288 = CARTESIAN_POINT ( 'NONE',  ( 0.6614583333333333703, 0.8964290159990536688, -0.6716346153846154410 ) ) ;
#3289 = VECTOR ( 'NONE', #462, 1000.000000000000000 ) ;
#3290 = CARTESIAN_POINT ( 'NONE',  ( 1.242939164116525497, 0.9064290159989079054, -3.108481402145693906 ) ) ;
#3291 = ORIENTED_EDGE ( 'NONE', *, *, #2388, .T. ) ;
#3292 = FACE_OUTER_BOUND ( 'NONE', #4298, .T. ) ;
#3293 = ORIENTED_EDGE ( 'NONE', *, *, #4745, .F. ) ;
#3294 =( NAMED_UNIT ( * ) PLANE_ANGLE_UNIT ( ) SI_UNIT ( $, .RADIAN. ) );
#3295 = ORIENTED_EDGE ( 'NONE', *, *, #4666, .T. ) ;
#3296 = PRESENTATION_LAYER_ASSIGNMENT (  '', '', ( #2453 ) ) ;
#3297 = CARTESIAN_POINT ( 'NONE',  ( 2.626028034965600444, 0.8964290159990536688, -2.553001150711806666 ) ) ;
#3298 = DIRECTION ( 'NONE',  ( 0.0000000000000000000, 0.0000000000000000000, -1.000000000000000000 ) ) ;
#3299 = FACE_OUTER_BOUND ( 'NONE', #4307, .T. ) ;
#3300 = VERTEX_POINT ( 'NONE', #2125 ) ;
#3301 = EDGE_CURVE ( 'NONE', #5305, #4579, #5708, .T. ) ;
#3302 = CARTESIAN_POINT ( 'NONE',  ( 2.568413317570844789, 0.9064290159990536777, -2.998880213436461606 ) ) ;
#3303 = UNCERTAINTY_MEASURE_WITH_UNIT (LENGTH_MEASURE( 1.000000000000000082E-05 ), #1111, 'distance_accuracy_value', 'NONE');
#3304 = ORIENTED_EDGE ( 'NONE', *, *, #1768, .T. ) ;
#3305 = CARTESIAN_POINT ( 'NONE',  ( 2.407577142295724837, 0.9064290159990535667, -3.108412991622791832 ) ) ;
#3306 = DIRECTION ( 'NONE',  ( -0.0000000000000000000, -1.000000000000000000, -0.0000000000000000000 ) ) ;
#3307 = LINE ( 'NONE', #366, #4464 ) ;
#3308 = LINE ( 'NONE', #2346, #4225 ) ;
#3309 = CARTESIAN_POINT ( 'NONE',  ( 4.330137360902993393, 0.9064290159990536777, -3.206424206407054722 ) ) ;
#3310 = VECTOR ( 'NONE', #5802, 1000.000000000000227 ) ;
#3311 = DIRECTION ( 'NONE',  ( 0.2603341375417465575, 0.0000000000000000000, -0.9655185844044613663 ) ) ;
#3312 = FACE_OUTER_BOUND ( 'NONE', #4977, .T. ) ;
#3313 = CARTESIAN_POINT ( 'NONE',  ( 0.5296574791319047515, 0.9064290159990534557, -0.8127767024394290107 ) ) ;
#3314 = ORIENTED_EDGE ( 'NONE', *, *, #6339, .F. ) ;
#3315 = CARTESIAN_POINT ( 'NONE',  ( 4.209930029172224586, 0.8964290159990536688, -3.425956291075858307 ) ) ;
#3316 = EDGE_CURVE ( 'NONE', #6263, #3659, #5580, .T. ) ;
#3317 = CARTESIAN_POINT ( 'NONE',  ( 2.777096957249418185, 0.9064290159990533446, -3.851526356579576760 ) ) ;
#3318 = EDGE_CURVE ( 'NONE', #5227, #5040, #4228, .T. ) ;
#3319 = CARTESIAN_POINT ( 'NONE',  ( 4.349999999999997868, -0.01000000000000000021, -0.3500000000000000333 ) ) ;
#3320 = VECTOR ( 'NONE', #48, 1000.000000000000000 ) ;
#3321 = ORIENTED_EDGE ( 'NONE', *, *, #1698, .F. ) ;
#3322 = SURFACE_STYLE_FILL_AREA ( #6328 ) ;
#3323 = PLANE ( 'NONE',  #4758 ) ;
#3324 = VECTOR ( 'NONE', #851, 1000.000000000000000 ) ;
#3325 = VECTOR ( 'NONE', #5970, 1000.000000000000000 ) ;
#3326 = FACE_OUTER_BOUND ( 'NONE', #2651, .T. ) ;
#3327 = VERTEX_POINT ( 'NONE', #3155 ) ;
#3328 = ORIENTED_EDGE ( 'NONE', *, *, #2251, .F. ) ;
#3329 = CARTESIAN_POINT ( 'NONE',  ( 2.969828578843424438, 0.8964290159990537799, -2.882706120251762982 ) ) ;
#3330 = ORIENTED_EDGE ( 'NONE', *, *, #5592, .T. ) ;
#3331 = CARTESIAN_POINT ( 'NONE',  ( 2.792250596080291025, 0.9064290159990535667, -2.624554191292140182 ) ) ;
#3332 = ADVANCED_FACE ( 'NONE', ( #2252 ), #4711, .T. ) ;
#3333 = CARTESIAN_POINT ( 'NONE',  ( 3.883886192366668766, 0.8964290159990536688, -3.477155710146370815 ) ) ;
#3334 = CARTESIAN_POINT ( 'NONE',  ( 4.025400114642309291, 0.9064290159990536777, -3.735590873073721507 ) ) ;
#3335 = ORIENTED_EDGE ( 'NONE', *, *, #5843, .T. ) ;
#3336 = CARTESIAN_POINT ( 'NONE',  ( 2.460510475190040403, 0.8964290159990535578, -3.103601863744160028 ) ) ;
#3337 = ORIENTED_EDGE ( 'NONE', *, *, #4126, .F. ) ;
#3338 = LINE ( 'NONE', #2921, #5707 ) ;
#3339 = LINE ( 'NONE', #365, #5150 ) ;
#3340 = EDGE_CURVE ( 'NONE', #5844, #2033, #6194, .T. ) ;
#3341 = ORIENTED_EDGE ( 'NONE', *, *, #5939, .F. ) ;
#3342 = EDGE_CURVE ( 'NONE', #3620, #4320, #3126, .T. ) ;
#3343 = B_SPLINE_CURVE_WITH_KNOTS ( 'NONE', 3,
 ( #5481, #1933, #444, #4494, #2996, #1476, #3999, #1055, #5388, #2540, #4996, #4393, #54, #26, #2027, #2935, #2477 ),
 .UNSPECIFIED., .F., .F.,
 ( 4, 1, 1, 1, 1, 1, 1, 1, 1, 1, 1, 1, 1, 1, 4 ),
 ( 0.0000000000000000000, 0.1277706293124491188, 0.2439804506356098301, 0.3480758004030605202, 0.4406650460066902641, 0.5230791416656173087, 0.5935156255361765387, 0.6552269717712226882, 0.7090791295509715209, 0.7569732727241827996, 0.7987624002830170378, 0.8347047937630660552, 0.8644111872596789148, 0.9254754689597471939, 1.000000000000000000 ),
 .UNSPECIFIED. ) ;
#3344 =( NAMED_UNIT ( * ) PLANE_ANGLE_UNIT ( ) SI_UNIT ( $, .RADIAN. ) );
#3345 = VECTOR ( 'NONE', #104, 1000.000000000000000 ) ;
#3346 = PLANE ( 'NONE',  #4219 ) ;
#3347 = VERTEX_POINT ( 'NONE', #678 ) ;
#3348 = CARTESIAN_POINT ( 'NONE',  ( 2.946895099595371992, 0.8964290159990536688, -3.059201079026849790 ) ) ;
#3349 = CARTESIAN_POINT ( 'NONE',  ( 5.255373405240600704, 0.8964290159990536688, -2.479871388044810665 ) ) ;
#3350 = CARTESIAN_POINT ( 'NONE',  ( 2.424129318307224334, 0.9064290159990536777, -3.954537207203235649 ) ) ;
#3351 = VECTOR ( 'NONE', #5428, 1000.000000000000000 ) ;
#3352 = AXIS2_PLACEMENT_3D ( 'NONE', #1883, #3855, #2399 ) ;
#3353 = ADVANCED_FACE ( 'NONE', ( #5161 ), #709, .T. ) ;
#3354 = VECTOR ( 'NONE', #4506, 1000.000000000000000 ) ;
#3355 = ORIENTED_EDGE ( 'NONE', *, *, #144, .T. ) ;
#3356 = CARTESIAN_POINT ( 'NONE',  ( 2.477333663520394857, 0.9064290159990537887, -3.396771188011250775 ) ) ;
#3357 = CARTESIAN_POINT ( 'NONE',  ( 1.010593714943949006, 0.8964290159990536688, -2.278859406479815330 ) ) ;
#3358 = ORIENTED_EDGE ( 'NONE', *, *, #5602, .F. ) ;
#3359 = AXIS2_PLACEMENT_3D ( 'NONE', #5610, #5190, #2703 ) ;
#3360 = CARTESIAN_POINT ( 'NONE',  ( 4.032184302676498078, 0.9064290159990536777, -3.206424206407054722 ) ) ;
#3361 = VERTEX_POINT ( 'NONE', #242 ) ;
#3362 = CARTESIAN_POINT ( 'NONE',  ( 2.531402579107142170, 0.8964290159990535578, -2.538609613256654018 ) ) ;
#3363 = ORIENTED_EDGE ( 'NONE', *, *, #3602, .F. ) ;
#3364 = FACE_OUTER_BOUND ( 'NONE', #6047, .T. ) ;
#3365 = DIRECTION ( 'NONE',  ( -1.000000000000000000, 0.0000000000000000000, 0.0000000000000000000 ) ) ;
#3366 = CARTESIAN_POINT ( 'NONE',  ( 4.349999999999997868, 0.0000000000000000000, -0.3500000000000000333 ) ) ;
#3367 = EDGE_CURVE ( 'NONE', #6272, #873, #3923, .T. ) ;
#3368 = ORIENTED_EDGE ( 'NONE', *, *, #2533, .F. ) ;
#3369 = CARTESIAN_POINT ( 'NONE',  ( 2.568795645598007216, 0.8964290159990536688, -2.991539321767443305 ) ) ;
#3370 = ORIENTED_EDGE ( 'NONE', *, *, #2716, .T. ) ;
#3371 = DIRECTION ( 'NONE',  ( 0.0000000000000000000, 0.0000000000000000000, -1.000000000000000000 ) ) ;
#3372 = PRESENTATION_STYLE_ASSIGNMENT (( #890 ) ) ;
#3373 = FACE_OUTER_BOUND ( 'NONE', #1819, .T. ) ;
#3374 = LINE ( 'NONE', #863, #4743 ) ;
#3375 = EDGE_CURVE ( 'NONE', #5192, #876, #2768, .T. ) ;
#3376 = EDGE_CURVE ( 'NONE', #3052, #4689, #2020, .T. ) ;
#3377 = LINE ( 'NONE', #5835, #4118 ) ;
#3378 = LINE ( 'NONE', #6388, #1991 ) ;
#3379 = ORIENTED_EDGE ( 'NONE', *, *, #4184, .F. ) ;
#3380 = CARTESIAN_POINT ( 'NONE',  ( 2.877411625543240703, 0.8964290159990536688, -3.165446192983746965 ) ) ;
#3381 = LINE ( 'NONE', #4903, #4934 ) ;
#3382 = VECTOR ( 'NONE', #1404, 1000.000000000000000 ) ;
#3383 = CARTESIAN_POINT ( 'NONE',  ( 2.895254114154610647, 0.8964290159990537799, -3.727100596874360239 ) ) ;
#3384 = ORIENTED_EDGE ( 'NONE', *, *, #4264, .F. ) ;
#3385 =( GEOMETRIC_REPRESENTATION_CONTEXT ( 3 ) GLOBAL_UNCERTAINTY_ASSIGNED_CONTEXT ( ( #855 ) ) GLOBAL_UNIT_ASSIGNED_CONTEXT ( ( #3140, #4111, #5567 ) ) REPRESENTATION_CONTEXT ( 'NONE', 'WORKASPACE' ) );
#3386 = ORIENTED_EDGE ( 'NONE', *, *, #3781, .F. ) ;
#3387 = CARTESIAN_POINT ( 'NONE',  ( 1.170363267741427293, 0.9064290159990536777, -2.858440769757987443 ) ) ;
#3388 = AXIS2_PLACEMENT_3D ( 'NONE', #5178, #263, #3701 ) ;
#3389 = DIRECTION ( 'NONE',  ( -0.8771107020363841933, 0.0000000000000000000, 0.4802882638304223906 ) ) ;
#3390 = EDGE_CURVE ( 'NONE', #681, #5383, #4486, .T. ) ;
#3391 = VERTEX_POINT ( 'NONE', #3319 ) ;
#3392 = FACE_OUTER_BOUND ( 'NONE', #1472, .T. ) ;
#3393 = ORIENTED_EDGE ( 'NONE', *, *, #1768, .F. ) ;
#3394 = CARTESIAN_POINT ( 'NONE',  ( 2.951894953931713417, 0.8964290159990537799, -2.810046862571780935 ) ) ;
#3395 = ORIENTED_EDGE ( 'NONE', *, *, #3905, .F. ) ;
#3396 = VECTOR ( 'NONE', #5593, 1000.000000000000000 ) ;
#3397 = AXIS2_PLACEMENT_3D ( 'NONE', #5207, #1270, #789 ) ;
#3398 = LINE ( 'NONE', #1001, #4174 ) ;
#3399 = CARTESIAN_POINT ( 'NONE',  ( 5.845597764214959469, 0.9064290159990536777, -2.479871388044810665 ) ) ;
#3400 = DIRECTION ( 'NONE',  ( 1.000000000000000000, 0.0000000000000000000, 0.0000000000000000000 ) ) ;
#3401 = VECTOR ( 'NONE', #3587, 1000.000000000000000 ) ;
#3402 = VECTOR ( 'NONE', #3239, 1000.000000000000000 ) ;
#3403 = EDGE_CURVE ( 'NONE', #2731, #3489, #2438, .T. ) ;
#3404 = COLOUR_RGB ( '',1.000000000000000000, 1.000000000000000000, 1.000000000000000000 ) ;
#3405 = EDGE_LOOP ( 'NONE', ( #4034, #684, #914, #1346, #4384, #5911 ) ) ;
#3406 = CARTESIAN_POINT ( 'NONE',  ( 2.477634960984885559, 0.8964290159990536688, -3.099908214660000549 ) ) ;
#3407 = ORIENTED_EDGE ( 'NONE', *, *, #974, .F. ) ;
#3408 = EDGE_CURVE ( 'NONE', #5824, #6296, #3444, .T. ) ;
#3409 = FACE_OUTER_BOUND ( 'NONE', #5559, .T. ) ;
#3410 = LINE ( 'NONE', #948, #1231 ) ;
#3411 = CARTESIAN_POINT ( 'NONE',  ( 0.6171964533206235615, 0.8964290159990536688, -3.955798581026702454 ) ) ;
#3412 = LINE ( 'NONE', #3309, #6183 ) ;
#3413 = CARTESIAN_POINT ( 'NONE',  ( 5.594582806950002762, 0.8964290159990536688, -3.009038054711477006 ) ) ;
#3414 = CARTESIAN_POINT ( 'NONE',  ( 4.012170947975643109, 0.9064290159990536777, -2.479871388044810665 ) ) ;
#3415 = ORIENTED_EDGE ( 'NONE', *, *, #3485, .F. ) ;
#3416 = ORIENTED_EDGE ( 'NONE', *, *, #6161, .T. ) ;
#3417 = AXIS2_PLACEMENT_3D ( 'NONE', #5633, #6153, #5668 ) ;
#3418 = DIRECTION ( 'NONE',  ( 0.0000000000000000000, 0.0000000000000000000, -1.000000000000000000 ) ) ;
#3419 = CARTESIAN_POINT ( 'NONE',  ( 2.374505462134268274, 0.8964290159990537799, -3.955370541674361196 ) ) ;
#3420 = EDGE_CURVE ( 'NONE', #428, #1727, #3284, .T. ) ;
#3421 = DIRECTION ( 'NONE',  ( -0.0000000000000000000, -1.000000000000000000, -0.0000000000000000000 ) ) ;
#3422 = VERTEX_POINT ( 'NONE', #838 ) ;
#3423 = CARTESIAN_POINT ( 'NONE',  ( 2.512075631358289485, 0.8964290159990536688, -3.417700758388064308 ) ) ;
#3424 = EDGE_LOOP ( 'NONE', ( #5216, #5789, #3136, #5724 ) ) ;
#3425 = LINE ( 'NONE', #4333, #3972 ) ;
#3426 = VERTEX_POINT ( 'NONE', #6386 ) ;
#3427 = CARTESIAN_POINT ( 'NONE',  ( 4.173295413787609043, 0.8964290159990536688, -2.884590605459340651 ) ) ;
#3428 = ORIENTED_EDGE ( 'NONE', *, *, #3727, .F. ) ;
#3429 = CARTESIAN_POINT ( 'NONE',  ( 2.568795645598007216, 0.9064290159990536777, -2.991539321767443305 ) ) ;
#3430 = FACE_OUTER_BOUND ( 'NONE', #4399, .T. ) ;
#3431 = CARTESIAN_POINT ( 'NONE',  ( 4.025400114642309291, 0.9064290159990536777, -3.735590873073721507 ) ) ;
#3432 = CARTESIAN_POINT ( 'NONE',  ( 2.552895625897455556, 0.8964290159990536688, -3.518035135400225055 ) ) ;
#3433 = ORIENTED_EDGE ( 'NONE', *, *, #5145, .F. ) ;
#3434 = ORIENTED_EDGE ( 'NONE', *, *, #5368, .F. ) ;
#3435 = CARTESIAN_POINT ( 'NONE',  ( 2.829999999999995186, 0.0000000000000000000, -5.150000000000000355 ) ) ;
#3436 = ORIENTED_EDGE ( 'NONE', *, *, #4337, .F. ) ;
#3437 = CARTESIAN_POINT ( 'NONE',  ( 3.586463148830343783, 0.9064290159990536777, -2.479871388044810665 ) ) ;
#3438 = FACE_OUTER_BOUND ( 'NONE', #5677, .T. ) ;
#3439 = EDGE_CURVE ( 'NONE', #1607, #3041, #1802, .T. ) ;
#3440 = ADVANCED_FACE ( 'NONE', ( #1992 ), #4780, .T. ) ;
#3441 = LINE ( 'NONE', #2497, #3038 ) ;
#3442 = CARTESIAN_POINT ( 'NONE',  ( 2.861815330809401203, 0.9064290159990534557, -2.680150639749945718 ) ) ;
#3443 = LINE ( 'NONE', #6287, #5049 ) ;
#3444 = LINE ( 'NONE', #4747, #156 ) ;
#3445 = LINE ( 'NONE', #2407, #1643 ) ;
#3446 = LINE ( 'NONE', #1994, #3320 ) ;
#3447 = VERTEX_POINT ( 'NONE', #4256 ) ;
#3448 = VECTOR ( 'NONE', #2951, 1000.000000000000000 ) ;
#3449 = CARTESIAN_POINT ( 'NONE',  ( 0.5506186582222731829, 0.8964290159990538909, -0.8778400399451190550 ) ) ;
#3450 = EDGE_CURVE ( 'NONE', #3596, #3052, #954, .T. ) ;
#3451 = EDGE_CURVE ( 'NONE', #1332, #3592, #5443, .T. ) ;
#3452 = CARTESIAN_POINT ( 'NONE',  ( 0.7126254258773611072, 0.9064290159990535667, -0.6806645994021217616 ) ) ;
#3453 = ORIENTED_EDGE ( 'NONE', *, *, #1040, .T. ) ;
#3454 = EDGE_CURVE ( 'NONE', #2372, #3787, #1313, .T. ) ;
#3455 = AXIS2_PLACEMENT_3D ( 'NONE', #4089, #2119, #2148 ) ;
#3456 =( NAMED_UNIT ( * ) SI_UNIT ( $, .STERADIAN. ) SOLID_ANGLE_UNIT ( ) );
#3457 = EDGE_CURVE ( 'NONE', #3607, #5023, #467, .T. ) ;
#3458 = VERTEX_POINT ( 'NONE', #4958 ) ;
#3459 = CARTESIAN_POINT ( 'NONE',  ( 4.209930029172224586, 0.9064290159990536777, -3.528355129216884212 ) ) ;
#3460 = EDGE_LOOP ( 'NONE', ( #536, #4003, #5281, #3147 ) ) ;
#3461 = DIRECTION ( 'NONE',  ( 1.000000000000000000, 0.0000000000000000000, -0.0000000000000000000 ) ) ;
#3462 = DIRECTION ( 'NONE',  ( -0.2570842515897350244, 0.0000000000000000000, -0.9663889939276759655 ) ) ;
#3463 = DIRECTION ( 'NONE',  ( -1.000000000000000000, 0.0000000000000000000, -0.0000000000000000000 ) ) ;
#3464 = DIRECTION ( 'NONE',  ( -1.000000000000000000, 0.0000000000000000000, 0.0000000000000000000 ) ) ;
#3465 = CARTESIAN_POINT ( 'NONE',  ( 2.338501811870663083, 0.9064290159990536777, -2.858440769757987443 ) ) ;
#3466 = ORIENTED_EDGE ( 'NONE', *, *, #411, .T. ) ;
#3467 = ORIENTED_EDGE ( 'NONE', *, *, #1143, .F. ) ;
#3468 = CARTESIAN_POINT ( 'NONE',  ( 2.538709376369955972, 0.9064290159990538998, -3.455095426706072725 ) ) ;
#3469 = ORIENTED_EDGE ( 'NONE', *, *, #2791, .T. ) ;
#3470 = CARTESIAN_POINT ( 'NONE',  ( 5.845597764214959469, 0.9064290159990536777, -2.479871388044810665 ) ) ;
#3471 =( GEOMETRIC_REPRESENTATION_CONTEXT ( 3 ) GLOBAL_UNCERTAINTY_ASSIGNED_CONTEXT ( ( #3127 ) ) GLOBAL_UNIT_ASSIGNED_CONTEXT ( ( #2481, #120, #3456 ) ) REPRESENTATION_CONTEXT ( 'NONE', 'WORKASPACE' ) );
#3472 = DIRECTION ( 'NONE',  ( -0.0000000000000000000, -1.000000000000000000, -0.0000000000000000000 ) ) ;
#3473 = CARTESIAN_POINT ( 'NONE',  ( 2.962887626870164048, 0.9064290159990536777, -2.845765417416978860 ) ) ;
#3474 = DIRECTION ( 'NONE',  ( -0.0000000000000000000, -1.000000000000000000, -0.0000000000000000000 ) ) ;
#3475 = UNCERTAINTY_MEASURE_WITH_UNIT (LENGTH_MEASURE( 1.000000000000000082E-05 ), #3245, 'distance_accuracy_value', 'NONE');
#3476 = DIRECTION ( 'NONE',  ( 1.000000000000000000, 0.0000000000000000000, 0.0000000000000000000 ) ) ;
#3477 = LINE ( 'NONE', #6319, #5768 ) ;
#3478 = FILL_AREA_STYLE ('',( #3510 ) ) ;
#3479 = ORIENTED_EDGE ( 'NONE', *, *, #3182, .T. ) ;
#3480 = LINE ( 'NONE', #1117, #1410 ) ;
#3481 = ADVANCED_FACE ( 'NONE', ( #4418 ), #1959, .T. ) ;
#3482 = DIRECTION ( 'NONE',  ( 3.154042683594195121E-16, 0.0000000000000000000, 1.000000000000000000 ) ) ;
#3483 = ORIENTED_EDGE ( 'NONE', *, *, #2218, .T. ) ;
#3484 = VECTOR ( 'NONE', #4370, 1000.000000000000000 ) ;
#3485 = EDGE_CURVE ( 'NONE', #698, #1060, #1500, .T. ) ;
#3486 = SURFACE_SIDE_STYLE ('',( #1479 ) ) ;
#3487 = ORIENTED_EDGE ( 'NONE', *, *, #5790, .T. ) ;
#3488 = LINE ( 'NONE', #2544, #3566 ) ;
#3489 = VERTEX_POINT ( 'NONE', #45 ) ;
#3490 = B_SPLINE_CURVE_WITH_KNOTS ( 'NONE', 3,
 ( #2686, #3110, #660, #2624, #6082, #257, #1659, #5594, #4206, #2655, #2718 ),
 .UNSPECIFIED., .F., .F.,
 ( 4, 1, 1, 1, 1, 1, 1, 1, 4 ),
 ( 0.0000000000000000000, 0.1276753205943260139, 0.2488210220607406931, 0.3728545096390351032, 0.5000883640370010763, 0.6273222184349671604, 0.7492780100383872322, 0.8723246794056734865, 1.000000000000000000 ),
 .UNSPECIFIED. ) ;
#3491 = VECTOR ( 'NONE', #4709, 1000.000000000000000 ) ;
#3492 = CARTESIAN_POINT ( 'NONE',  ( 2.567650366063694456, 0.8964290159990537799, -3.013529268605844358 ) ) ;
#3493 = CARTESIAN_POINT ( 'NONE',  ( 3.674657593274788248, 0.9064290159990536777, -3.518496855979704296 ) ) ;
#3494 = LINE ( 'NONE', #4009, #3354 ) ;
#3495 = EDGE_LOOP ( 'NONE', ( #1812, #886, #820, #2630 ) ) ;
#3496 = ORIENTED_EDGE ( 'NONE', *, *, #4027, .T. ) ;
#3497 = CARTESIAN_POINT ( 'NONE',  ( 2.552274298379286321, 0.9064290159990541218, -3.496574963345232323 ) ) ;
#3498 = VECTOR ( 'NONE', #2600, 1000.000000000000000 ) ;
#3499 = B_SPLINE_SURFACE_WITH_KNOTS ( 'NONE', 3, 1, ( 
 ( #1631, #2568 ),
 ( #4028, #3086 ),
 ( #5994, #1565 ),
 ( #5058, #5090 ),
 ( #638, #4580 ),
 ( #142, #6056 ),
 ( #2118, #4088 ),
 ( #203, #3766 ),
 ( #6252, #699 ),
 ( #729, #3148 ),
 ( #4150, #5729 ) ),
 .UNSPECIFIED., .F., .F., .F.,
 ( 4, 1, 1, 1, 1, 1, 1, 1, 4 ),
 ( 2, 2 ),
 ( 0.0000000000000000000, 0.1277281627147278109, 0.2493588318443296370, 0.3727134861951738598, 0.5000000000000002220, 0.6272865138048265843, 0.7506411681556701687, 0.8722718372852726887, 0.9999999999999998890 ),
 ( 0.0000000000000000000, 1.000000000000000000 ),
 .UNSPECIFIED. ) ;
#3500 = ORIENTED_EDGE ( 'NONE', *, *, #5533, .T. ) ;
#3501 = DIRECTION ( 'NONE',  ( 0.0000000000000000000, 0.0000000000000000000, -1.000000000000000000 ) ) ;
#3502 = CARTESIAN_POINT ( 'NONE',  ( 2.568645968509526423, 0.9064290159990535667, -2.984009960778205794 ) ) ;
#3503 = B_SPLINE_CURVE_WITH_KNOTS ( 'NONE', 3,
 ( #5006, #4037, #3492, #1514, #4006, #1484, #2034, #4470, #2068, #5459, #2546, #517, #4534, #5427, #3066 ),
 .UNSPECIFIED., .F., .F.,
 ( 4, 1, 1, 1, 1, 1, 1, 1, 1, 1, 1, 1, 4 ),
 ( 0.0000000000000000000, 0.09544797463091118928, 0.1904704100286990776, 0.2912066475677038135, 0.4010332319514477439, 0.4598047309624353485, 0.5224282124666590477, 0.5878657621471011785, 0.6584905049094691432, 0.7351598356816941848, 0.8164933573836641312, 0.9050563342499579056, 1.000000000000000000 ),
 .UNSPECIFIED. ) ;
#3504 = CARTESIAN_POINT ( 'NONE',  ( 0.7852010530229414087, 0.8964290159990538909, -0.8552484090332316269 ) ) ;
#3505 = CARTESIAN_POINT ( 'NONE',  ( 3.491484516351711420, 0.9064290159990536777, -3.518496855979704296 ) ) ;
#3506 = PLANE ( 'NONE',  #1649 ) ;
#3507 = EDGE_CURVE ( 'NONE', #4166, #2331, #6384, .T. ) ;
#3508 = LINE ( 'NONE', #2112, #39 ) ;
#3509 = PLANE ( 'NONE',  #4014 ) ;
#3510 = FILL_AREA_STYLE_COLOUR ( '', #218 ) ;
#3511 = EDGE_LOOP ( 'NONE', ( #3825, #4568, #1940, #1414 ) ) ;
#3512 = CARTESIAN_POINT ( 'NONE',  ( 0.5299999999999949196, -0.01000000000000000021, -0.3500000000000000333 ) ) ;
#3513 = CARTESIAN_POINT ( 'NONE',  ( 0.6103126688945070821, 0.9064290159990536777, -0.9275143899334856723 ) ) ;
#3514 = DIRECTION ( 'NONE',  ( 1.000000000000000000, 0.0000000000000000000, 0.0000000000000000000 ) ) ;
#3515 = DIRECTION ( 'NONE',  ( 1.000000000000000000, 0.0000000000000000000, -4.336808689942018229E-16 ) ) ;
#3516 = ORIENTED_EDGE ( 'NONE', *, *, #5956, .F. ) ;
#3517 = EDGE_CURVE ( 'NONE', #4707, #2554, #3508, .T. ) ;
#3518 = LINE ( 'NONE', #2542, #6255 ) ;
#3519 = EDGE_LOOP ( 'NONE', ( #946, #4068, #1168, #2483 ) ) ;
#3520 = DIRECTION ( 'NONE',  ( -0.0000000000000000000, 0.0000000000000000000, -1.000000000000000000 ) ) ;
#3521 = ORIENTED_EDGE ( 'NONE', *, *, #5077, .F. ) ;
#3522 = EDGE_CURVE ( 'NONE', #3052, #5518, #1592, .T. ) ;
#3523 = FACE_BOUND ( 'NONE', #607, .T. ) ;
#3524 = DIRECTION ( 'NONE',  ( 1.239088197126291063E-16, 0.0000000000000000000, -1.000000000000000000 ) ) ;
#3525 = CARTESIAN_POINT ( 'NONE',  ( 0.7852010530229414087, 0.8964290159990538909, -0.8552484090332316269 ) ) ;
#3526 = ORIENTED_EDGE ( 'NONE', *, *, #541, .F. ) ;
#3527 = ORIENTED_EDGE ( 'NONE', *, *, #2741, .F. ) ;
#3528 = CARTESIAN_POINT ( 'NONE',  ( 2.943211042944272382, 0.8964290159990538909, -3.588767806913038427 ) ) ;
#3529 = ORIENTED_EDGE ( 'NONE', *, *, #5843, .F. ) ;
#3530 = PLANE ( 'NONE',  #3861 ) ;
#3531 = LINE ( 'NONE', #1710, #3711 ) ;
#3532 = STYLED_ITEM ( 'NONE', ( #4420 ), #5321 ) ;
#3533 = EDGE_CURVE ( 'NONE', #2198, #4365, #4083, .T. ) ;
#3534 = LINE ( 'NONE', #69, #2257 ) ;
#3535 = CARTESIAN_POINT ( 'NONE',  ( 3.633952465069659965, 0.9064290159990536777, -2.479871388044810665 ) ) ;
#3536 = FACE_OUTER_BOUND ( 'NONE', #5889, .T. ) ;
#3537 = AXIS2_PLACEMENT_3D ( 'NONE', #4964, #3677, #1213 ) ;
#3538 = ADVANCED_FACE ( 'NONE', ( #1532 ), #4639, .T. ) ;
#3539 = PRESENTATION_LAYER_ASSIGNMENT (  '', '', ( #750 ) ) ;
#3540 = CARTESIAN_POINT ( 'NONE',  ( 2.487000756873230412, 0.9064290159990536777, -3.616247193589069653 ) ) ;
#3541 = LINE ( 'NONE', #1079, #510 ) ;
#3542 = EDGE_CURVE ( 'NONE', #3866, #3787, #4023, .T. ) ;
#3543 = DIRECTION ( 'NONE',  ( -0.4804543040264409592, 0.0000000000000000000, -0.8770197613181063279 ) ) ;
#3544 = EDGE_LOOP ( 'NONE', ( #916, #5686, #2804, #4136 ) ) ;
#3545 = LINE ( 'NONE', #3512, #4428 ) ;
#3546 = CARTESIAN_POINT ( 'NONE',  ( 0.5306213104926532642, 0.8964290159990534468, -0.8301566863030579446 ) ) ;
#3547 = LINE ( 'NONE', #173, #1623 ) ;
#3548 = VECTOR ( 'NONE', #3929, 1000.000000000000000 ) ;
#3549 = CARTESIAN_POINT ( 'NONE',  ( 2.932771595494963357, 0.8964290159990536688, -3.448310142469420025 ) ) ;
#3550 = ORIENTED_EDGE ( 'NONE', *, *, #809, .F. ) ;
#3551 = EDGE_CURVE ( 'NONE', #2132, #2543, #2050, .T. ) ;
#3552 = VECTOR ( 'NONE', #2503, 1000.000000000000000 ) ;
#3553 = CARTESIAN_POINT ( 'NONE',  ( 4.181839250593164081, 0.9064290159990536777, -3.477155710146370815 ) ) ;
#3554 = ORIENTED_EDGE ( 'NONE', *, *, #2970, .F. ) ;
#3555 = LINE ( 'NONE', #4067, #2426 ) ;
#3556 = ORIENTED_EDGE ( 'NONE', *, *, #1924, .T. ) ;
#3557 = DIRECTION ( 'NONE',  ( 0.0000000000000000000, -0.0000000000000000000, 1.000000000000000000 ) ) ;
#3558 = DIRECTION ( 'NONE',  ( 0.0000000000000000000, 0.0000000000000000000, -1.000000000000000000 ) ) ;
#3559 = DIRECTION ( 'NONE',  ( -0.4802882638304222795, 0.0000000000000000000, -0.8771107020363840823 ) ) ;
#3560 = ORIENTED_EDGE ( 'NONE', *, *, #23, .F. ) ;
#3561 = VECTOR ( 'NONE', #4923, 1000.000000000000227 ) ;
#3562 = VERTEX_POINT ( 'NONE', #3571 ) ;
#3563 = CARTESIAN_POINT ( 'NONE',  ( 2.398040699044323265, 0.9064290159990538998, -3.377802030631957830 ) ) ;
#3564 = ORIENTED_EDGE ( 'NONE', *, *, #3978, .F. ) ;
#3565 = CARTESIAN_POINT ( 'NONE',  ( 2.877411625543240703, 0.9064290159990536777, -3.165446192983746965 ) ) ;
#3566 = VECTOR ( 'NONE', #2999, 1000.000000000000000 ) ;
#3567 = LINE ( 'NONE', #5530, #1955 ) ;
#3568 = DIRECTION ( 'NONE',  ( 0.4804543040264410148, 0.0000000000000000000, -0.8770197613181063279 ) ) ;
#3569 = CARTESIAN_POINT ( 'NONE',  ( 3.649999999999996358, -0.01000000000000000021, -5.150000000000000355 ) ) ;
#3570 = AXIS2_PLACEMENT_3D ( 'NONE', #448, #1412, #5364 ) ;
#3571 = CARTESIAN_POINT ( 'NONE',  ( 5.255373405240600704, 0.9064290159990536777, -2.479871388044810665 ) ) ;
#3572 = CARTESIAN_POINT ( 'NONE',  ( 4.733669345411541052, 0.9064290159990536777, -3.735590873073721507 ) ) ;
#3573 = DIRECTION ( 'NONE',  ( -0.0000000000000000000, -1.000000000000000000, -0.0000000000000000000 ) ) ;
#3574 = ORIENTED_EDGE ( 'NONE', *, *, #503, .T. ) ;
#3575 = LINE ( 'NONE', #170, #4449 ) ;
#3576 =( NAMED_UNIT ( * ) SI_UNIT ( $, .STERADIAN. ) SOLID_ANGLE_UNIT ( ) );
#3577 = CARTESIAN_POINT ( 'NONE',  ( 5.642072123189318056, 0.9064290159990536777, -2.534144892318314746 ) ) ;
#3578 = EDGE_CURVE ( 'NONE', #4562, #1367, #2560, .T. ) ;
#3579 = PLANE ( 'NONE',  #5342 ) ;
#3580 = LINE ( 'NONE', #5543, #1884 ) ;
#3581 = ORIENTED_EDGE ( 'NONE', *, *, #1016, .F. ) ;
#3582 = DIRECTION ( 'NONE',  ( -0.0000000000000000000, -1.000000000000000000, -0.0000000000000000000 ) ) ;
#3583 = CARTESIAN_POINT ( 'NONE',  ( 4.379534730026925615, 0.8964290159990536688, -3.735590873073721507 ) ) ;
#3584 = EDGE_LOOP ( 'NONE', ( #6203, #5666, #6389, #839 ) ) ;
#3585 = FACE_OUTER_BOUND ( 'NONE', #221, .T. ) ;
#3586 = VERTEX_POINT ( 'NONE', #3634 ) ;
#3587 = DIRECTION ( 'NONE',  ( 1.000000000000000000, 0.0000000000000000000, 0.0000000000000000000 ) ) ;
#3588 = VECTOR ( 'NONE', #2608, 1000.000000000000000 ) ;
#3589 = CARTESIAN_POINT ( 'NONE',  ( 4.330137360902993393, 0.8964290159990536688, -3.206424206407054722 ) ) ;
#3590 =( GEOMETRIC_REPRESENTATION_CONTEXT ( 3 ) GLOBAL_UNCERTAINTY_ASSIGNED_CONTEXT ( ( #44 ) ) GLOBAL_UNIT_ASSIGNED_CONTEXT ( ( #3249, #5579, #2734 ) ) REPRESENTATION_CONTEXT ( 'NONE', 'WORKASPACE' ) );
#3591 = FACE_OUTER_BOUND ( 'NONE', #3871, .T. ) ;
#3592 = VERTEX_POINT ( 'NONE', #108 ) ;
#3593 = ORIENTED_EDGE ( 'NONE', *, *, #1616, .T. ) ;
#3594 = CARTESIAN_POINT ( 'NONE',  ( 2.552895625897455556, 0.9064290159990536777, -3.518035135400225055 ) ) ;
#3595 = VECTOR ( 'NONE', #3821, 1000.000000000000000 ) ;
#3596 = VERTEX_POINT ( 'NONE', #3018 ) ;
#3597 = CARTESIAN_POINT ( 'NONE',  ( 3.491484516351711420, 0.9064290159990536777, -3.681317368800217427 ) ) ;
#3598 = CARTESIAN_POINT ( 'NONE',  ( 3.855795413787608705, 0.8964290159990536688, -3.425956291075858307 ) ) ;
#3599 = AXIS2_PLACEMENT_3D ( 'NONE', #4947, #4504, #3558 ) ;
#3600 = SURFACE_STYLE_USAGE ( .BOTH. , #2233 ) ;
#3601 = DIRECTION ( 'NONE',  ( 1.000000000000000000, 0.0000000000000000000, 0.0000000000000000000 ) ) ;
#3602 = EDGE_CURVE ( 'NONE', #3361, #2033, #4609, .T. ) ;
#3603 = CARTESIAN_POINT ( 'NONE',  ( 5.010930630133762165, 0.9064290159990536777, -2.479871388044810665 ) ) ;
#3604 = DIRECTION ( 'NONE',  ( 0.0000000000000000000, -1.000000000000000000, 0.0000000000000000000 ) ) ;
#3605 = CARTESIAN_POINT ( 'NONE',  ( 0.6353107476872941195, 0.8964290159990534468, -0.6730311627248146689 ) ) ;
#3606 = VECTOR ( 'NONE', #1557, 1000.000000000000227 ) ;
#3607 = VERTEX_POINT ( 'NONE', #1110 ) ;
#3608 = VECTOR ( 'NONE', #5377, 1000.000000000000000 ) ;
#3609 = CARTESIAN_POINT ( 'NONE',  ( 2.458652322607120855, 0.8964290159990534468, -3.627046804950190051 ) ) ;
#3610 = PRODUCT_CONTEXT ( 'NONE', #4100, 'mechanical' ) ;
#3611 = CARTESIAN_POINT ( 'NONE',  ( 2.774470093982562169, 0.9064290159990536777, -3.252094483311966489 ) ) ;
#3612 = AXIS2_PLACEMENT_3D ( 'NONE', #5914, #650, #2613 ) ;
#3613 = VECTOR ( 'NONE', #3601, 1000.000000000000000 ) ;
#3614 = DIRECTION ( 'NONE',  ( -0.0000000000000000000, -1.000000000000000000, -0.0000000000000000000 ) ) ;
#3615 = PLANE ( 'NONE',  #439 ) ;
#3616 = ORIENTED_EDGE ( 'NONE', *, *, #1230, .T. ) ;
#3617 = CARTESIAN_POINT ( 'NONE',  ( 3.416858447975643198, 0.9064290159990536777, -3.009038054711477006 ) ) ;
#3618 = FACE_OUTER_BOUND ( 'NONE', #5891, .T. ) ;
#3619 = ADVANCED_FACE ( 'NONE', ( #4986 ), #2535, .T. ) ;
#3620 = VERTEX_POINT ( 'NONE', #1077 ) ;
#3621 = CARTESIAN_POINT ( 'NONE',  ( 3.679406524898720221, 0.8964290159990536688, -3.206424206407054722 ) ) ;
#3622 = ORIENTED_EDGE ( 'NONE', *, *, #4027, .F. ) ;
#3623 = CARTESIAN_POINT ( 'NONE',  ( 0.7937499999999999556, 0.8964290159990536688, -0.8039262820512820262 ) ) ;
#3624 = VECTOR ( 'NONE', #1873, 1000.000000000000227 ) ;
#3625 = LINE ( 'NONE', #1582, #4176 ) ;
#3626 = ORIENTED_EDGE ( 'NONE', *, *, #3938, .F. ) ;
#3627 = ORIENTED_EDGE ( 'NONE', *, *, #4573, .F. ) ;
#3628 = CARTESIAN_POINT ( 'NONE',  ( 2.882374050253653675, 0.9064290159990537887, -3.348642622788310597 ) ) ;
#3629 = ORIENTED_EDGE ( 'NONE', *, *, #2313, .T. ) ;
#3630 = DIRECTION ( 'NONE',  ( -0.5212085848325783699, 0.0000000000000000000, 0.8534293240197579067 ) ) ;
#3631 = CARTESIAN_POINT ( 'NONE',  ( 2.799345931256005837, 0.9064290159990536777, -3.271584830041675218 ) ) ;
#3632 = FACE_OUTER_BOUND ( 'NONE', #2818, .T. ) ;
#3633 = ADVANCED_FACE ( 'NONE', ( #2172 ), #1142, .T. ) ;
#3634 = CARTESIAN_POINT ( 'NONE',  ( 2.971168724794224669, 0.8964290159990535578, -2.920502136976269369 ) ) ;
#3635 = ADVANCED_FACE ( 'NONE', ( #5570 ), #4052, .T. ) ;
#3636 = DIRECTION ( 'NONE',  ( 0.4804152582365242008, 0.0000000000000000000, 0.8770411504904052080 ) ) ;
#3637 = CARTESIAN_POINT ( 'NONE',  ( 0.5875818738530219631, 0.8964290159990537799, -0.6929698366247789565 ) ) ;
#3638 = VECTOR ( 'NONE', #4535, 1000.000000000000000 ) ;
#3639 = ORIENTED_EDGE ( 'NONE', *, *, #2631, .T. ) ;
#3640 = DIRECTION ( 'NONE',  ( -0.0000000000000000000, -1.000000000000000000, -0.0000000000000000000 ) ) ;
#3641 = MECHANICAL_DESIGN_GEOMETRIC_PRESENTATION_REPRESENTATION (  '', ( #2912 ), #4357 ) ;
#3642 = LINE ( 'NONE', #2177, #3143 ) ;
#3643 = FACE_OUTER_BOUND ( 'NONE', #2074, .T. ) ;
#3644 = CARTESIAN_POINT ( 'NONE',  ( 4.096400882537609256, 0.9064290159990536777, -3.735590873073721507 ) ) ;
#3645 = ORIENTED_EDGE ( 'NONE', *, *, #770, .T. ) ;
#3646 = CARTESIAN_POINT ( 'NONE',  ( 0.6526160983265799631, 0.8964290159990538909, -0.9357024936672075910 ) ) ;
#3647 = CARTESIAN_POINT ( 'NONE',  ( 3.674657593274788248, 0.8964290159990536688, -3.735590873073721507 ) ) ;
#3648 = EDGE_CURVE ( 'NONE', #1261, #6271, #2599, .T. ) ;
#3649 = DIRECTION ( 'NONE',  ( -0.0000000000000000000, 1.000000000000000000, -0.0000000000000000000 ) ) ;
#3650 = ORIENTED_EDGE ( 'NONE', *, *, #2646, .T. ) ;
#3651 = VERTEX_POINT ( 'NONE', #5115 ) ;
#3652 = DIRECTION ( 'NONE',  ( 0.0000000000000000000, 0.0000000000000000000, -1.000000000000000000 ) ) ;
#3653 = CARTESIAN_POINT ( 'NONE',  ( 0.2799999999999948641, -0.01000000000000000021, -0.6000000000000000888 ) ) ;
#3654 = AXIS2_PLACEMENT_3D ( 'NONE', #4145, #5241, #6148 ) ;
#3655 = EDGE_CURVE ( 'NONE', #1037, #3165, #5086, .T. ) ;
#3656 = FACE_OUTER_BOUND ( 'NONE', #57, .T. ) ;
#3657 = ORIENTED_EDGE ( 'NONE', *, *, #474, .F. ) ;
#3658 = ADVANCED_FACE ( 'NONE', ( #3144 ), #229, .T. ) ;
#3659 = VERTEX_POINT ( 'NONE', #5630 ) ;
#3660 = CARTESIAN_POINT ( 'NONE',  ( 2.844504228570164717, 0.8964290159990537799, -3.311225980058906337 ) ) ;
#3661 = EDGE_LOOP ( 'NONE', ( #6205, #3516, #1821, #4258 ) ) ;
#3662 = SURFACE_SIDE_STYLE ('',( #4692 ) ) ;
#3663 = CARTESIAN_POINT ( 'NONE',  ( 5.594582806950002762, 0.8964290159990536688, -2.479871388044810665 ) ) ;
#3664 = DIRECTION ( 'NONE',  ( 0.0000000000000000000, 0.0000000000000000000, -1.000000000000000000 ) ) ;
#3665 = CARTESIAN_POINT ( 'NONE',  ( 2.529970039508576463, 0.8964290159990535578, -2.897067692646408510 ) ) ;
#3666 = VECTOR ( 'NONE', #2157, 1000.000000000000000 ) ;
#3667 = ADVANCED_FACE ( 'NONE', ( #1692 ), #1204, .T. ) ;
#3668 = VECTOR ( 'NONE', #669, 1000.000000000000000 ) ;
#3669 = DIRECTION ( 'NONE',  ( -0.0000000000000000000, 1.000000000000000000, 0.0000000000000000000 ) ) ;
#3670 = CARTESIAN_POINT ( 'NONE',  ( 4.349999999999997868, 0.0000000000000000000, -3.150000000000000799 ) ) ;
#3671 = FACE_OUTER_BOUND ( 'NONE', #5714, .T. ) ;
#3672 = ORIENTED_EDGE ( 'NONE', *, *, #2482, .T. ) ;
#3673 = PLANE ( 'NONE',  #3417 ) ;
#3674 = CARTESIAN_POINT ( 'NONE',  ( 4.349999999999997868, -0.01000000000000000021, -5.150000000000000355 ) ) ;
#3675 = VECTOR ( 'NONE', #1510, 1000.000000000000000 ) ;
#3676 = CARTESIAN_POINT ( 'NONE',  ( 6.199999999999998401, 0.0000000000000000000, -3.149999999999999911 ) ) ;
#3677 = DIRECTION ( 'NONE',  ( 0.0000000000000000000, -0.0000000000000000000, 1.000000000000000000 ) ) ;
#3678 = ORIENTED_EDGE ( 'NONE', *, *, #1444, .F. ) ;
#3679 = CARTESIAN_POINT ( 'NONE',  ( 4.032184302676498078, 0.9064290159990536777, -3.206424206407054722 ) ) ;
#3680 = LINE ( 'NONE', #5609, #1936 ) ;
#3681 = ADVANCED_FACE ( 'NONE', ( #858 ), #5725, .F. ) ;
#3682 = CARTESIAN_POINT ( 'NONE',  ( 3.649999999999995026, -0.01000000000000000021, -2.349999999999999645 ) ) ;
#3683 = ORIENTED_EDGE ( 'NONE', *, *, #836, .F. ) ;
#3684 = ORIENTED_EDGE ( 'NONE', *, *, #2572, .T. ) ;
#3685 = CARTESIAN_POINT ( 'NONE',  ( 4.005386759941455210, 0.9064290159990536777, -2.479871388044810665 ) ) ;
#3686 = CARTESIAN_POINT ( 'NONE',  ( 5.255373405240600704, 0.9064290159990536777, -3.009038054711477006 ) ) ;
#3687 = PLANE ( 'NONE',  #2241 ) ;
#3688 = ORIENTED_EDGE ( 'NONE', *, *, #2741, .T. ) ;
#3689 = VERTEX_POINT ( 'NONE', #725 ) ;
#3690 = FACE_OUTER_BOUND ( 'NONE', #2101, .T. ) ;
#3691 = ORIENTED_EDGE ( 'NONE', *, *, #4289, .T. ) ;
#3692 = CARTESIAN_POINT ( 'NONE',  ( 2.970941519456346658, 0.9064290159990534557, -2.930592874125301783 ) ) ;
#3693 = CARTESIAN_POINT ( 'NONE',  ( 2.935987170650024680, 0.8964290159990535578, -2.775639681362948696 ) ) ;
#3694 = AXIS2_PLACEMENT_3D ( 'NONE', #3743, #1674, #4710 ) ;
#3695 = CARTESIAN_POINT ( 'NONE',  ( 2.376074846742460167, 0.8964290159990533358, -2.858746822197040682 ) ) ;
#3696 = STYLED_ITEM ( 'NONE', ( #2092 ), #6198 ) ;
#3697 = PRESENTATION_STYLE_ASSIGNMENT (( #2273 ) ) ;
#3698 = DIRECTION ( 'NONE',  ( -0.9689309171930785558, 0.0000000000000000000, -0.2473315137773177408 ) ) ;
#3699 = DIRECTION ( 'NONE',  ( 0.0000000000000000000, -1.000000000000000000, 0.0000000000000000000 ) ) ;
#3700 = ORIENTED_EDGE ( 'NONE', *, *, #5129, .F. ) ;
#3701 = DIRECTION ( 'NONE',  ( 1.000000000000000000, 0.0000000000000000000, -0.0000000000000000000 ) ) ;
#3702 = LINE ( 'NONE', #3120, #5937 ) ;
#3703 = VECTOR ( 'NONE', #3472, 1000.000000000000000 ) ;
#3704 = CARTESIAN_POINT ( 'NONE',  ( 4.173295413787609043, 0.9064290159990536777, -2.884590605459340651 ) ) ;
#3705 = AXIS2_PLACEMENT_3D ( 'NONE', #1205, #3698, #3793 ) ;
#3706 = CARTESIAN_POINT ( 'NONE',  ( -1.734723475976807094E-15, 0.8964290159990536688, -5.500000000000000000 ) ) ;
#3707 = ORIENTED_EDGE ( 'NONE', *, *, #2107, .T. ) ;
#3708 = CARTESIAN_POINT ( 'NONE',  ( 4.238020807751283314, 0.8964290159990536688, -3.477155710146370815 ) ) ;
#3709 = VECTOR ( 'NONE', #4215, 1000.000000000000000 ) ;
#3710 = FACE_OUTER_BOUND ( 'NONE', #5374, .T. ) ;
#3711 = VECTOR ( 'NONE', #592, 1000.000000000000000 ) ;
#3712 = CARTESIAN_POINT ( 'NONE',  ( 4.543033661650856203, 0.9064290159990536777, -3.009038054711477006 ) ) ;
#3713 = ORIENTED_EDGE ( 'NONE', *, *, #1902, .F. ) ;
#3714 = EDGE_LOOP ( 'NONE', ( #4857, #117, #2491, #232, #5199, #3500, #879, #5555, #3942, #4838, #2939, #3161, #5817 ) ) ;
#3715 = EDGE_CURVE ( 'NONE', #5064, #3244, #788, .T. ) ;
#3716 = EDGE_CURVE ( 'NONE', #2151, #5107, #1754, .T. ) ;
#3717 =( NAMED_UNIT ( * ) PLANE_ANGLE_UNIT ( ) SI_UNIT ( $, .RADIAN. ) );
#3718 = LINE ( 'NONE', #1744, #2757 ) ;
#3719 = ORIENTED_EDGE ( 'NONE', *, *, #1355, .T. ) ;
#3720 = EDGE_LOOP ( 'NONE', ( #5357, #3581, #1227, #1067 ) ) ;
#3721 = CARTESIAN_POINT ( 'NONE',  ( 4.329331738573933386, 0.9064290159990536777, -2.623611372019169607 ) ) ;
#3722 = EDGE_CURVE ( 'NONE', #4621, #717, #6117, .T. ) ;
#3723 = ORIENTED_EDGE ( 'NONE', *, *, #3247, .T. ) ;
#3724 = CARTESIAN_POINT ( 'NONE',  ( 6.199999999999998401, -0.01000000000000000021, -3.149999999999999911 ) ) ;
#3725 = CARTESIAN_POINT ( 'NONE',  ( 0.2799999999999948641, -0.01000000000000000021, -0.6000000000000000888 ) ) ;
#3726 = CARTESIAN_POINT ( 'NONE',  ( 5.087803960796155600, 0.9064290159990536777, -3.735590873073721507 ) ) ;
#3727 = EDGE_CURVE ( 'NONE', #5696, #5296, #1269, .T. ) ;
#3728 = CARTESIAN_POINT ( 'NONE',  ( 4.683805563360258439, 0.8964290159990536688, -2.479871388044810665 ) ) ;
#3729 = PLANE ( 'NONE',  #3397 ) ;
#3730 = DIRECTION ( 'NONE',  ( -1.000000000000000000, 0.0000000000000000000, 0.0000000000000000000 ) ) ;
#3731 = ORIENTED_EDGE ( 'NONE', *, *, #4559, .T. ) ;
#3732 = CARTESIAN_POINT ( 'NONE',  ( 4.690589751394446338, 0.9064290159990536777, -2.479871388044810665 ) ) ;
#3733 = CARTESIAN_POINT ( 'NONE',  ( 2.391587361516053001, 0.9064290159990536777, -3.634977215778476101 ) ) ;
#3734 = EDGE_CURVE ( 'NONE', #569, #4659, #4840, .T. ) ;
#3735 = ADVANCED_FACE ( 'NONE', ( #2828 ), #4799, .T. ) ;
#3736 = ADVANCED_FACE ( 'NONE', ( #2343 ), #4411, .T. ) ;
#3737 = B_SPLINE_CURVE_WITH_KNOTS ( 'NONE', 3,
 ( #2484, #1544, #4035, #3098, #29, #1608, #1061, #3976, #5945, #2127, #5517, #4096, #5070, #1029, #648, #3031, #1512, #2032, #6038 ),
 .UNSPECIFIED., .F., .F.,
 ( 4, 1, 1, 1, 1, 1, 1, 1, 1, 1, 1, 1, 1, 1, 1, 1, 4 ),
 ( 0.0000000000000000000, 0.1140030800515474257, 0.2209111539002908964, 0.3211249107645967049, 0.4181342110000748624, 0.5058316848733231952, 0.5793175586488595874, 0.6522000865480223064, 0.7405221382852034129, 0.7849188993333421349, 0.8205474306993119082, 0.8485041895632599029, 0.8687900511545401105, 0.8890759127458204292, 0.9176595588659240965, 0.9545798757769611287, 1.000000000000000000 ),
 .UNSPECIFIED. ) ;
#3738 = LINE ( 'NONE', #3243, #5659 ) ;
#3739 = DIRECTION ( 'NONE',  ( -0.0000000000000000000, 0.0000000000000000000, 1.000000000000000000 ) ) ;
#3740 = ORIENTED_EDGE ( 'NONE', *, *, #551, .F. ) ;
#3741 = COLOUR_RGB ( '',1.000000000000000000, 1.000000000000000000, 1.000000000000000000 ) ;
#3742 = CARTESIAN_POINT ( 'NONE',  ( 5.017714818167950064, 0.9064290159990536777, -2.479871388044810665 ) ) ;
#3743 = CARTESIAN_POINT ( 'NONE',  ( 4.592113021960685160, 0.9064290159990536777, -3.009038054711477006 ) ) ;
#3744 = AXIS2_PLACEMENT_3D ( 'NONE', #3971, #2963, #3482 ) ;
#3745 = CARTESIAN_POINT ( 'NONE',  ( 2.349016341027479360, 0.9064290159990536777, -3.955798581026702454 ) ) ;
#3746 = EDGE_LOOP ( 'NONE', ( #4682, #4385, #2338, #3483 ) ) ;
#3747 = ORIENTED_EDGE ( 'NONE', *, *, #6180, .T. ) ;
#3748 = CARTESIAN_POINT ( 'NONE',  ( 2.496755662849543977, 0.9064290159990534557, -3.406181957871490251 ) ) ;
#3749 = DIRECTION ( 'NONE',  ( 1.000000000000000000, 0.0000000000000000000, 1.057758217059028706E-15 ) ) ;
#3750 = DIRECTION ( 'NONE',  ( -0.4804152582365220359, 0.0000000000000000000, -0.8770411504904065403 ) ) ;
#3751 = VERTEX_POINT ( 'NONE', #1986 ) ;
#3752 = ORIENTED_EDGE ( 'NONE', *, *, #577, .F. ) ;
#3753 = PLANE ( 'NONE',  #5103 ) ;
#3754 = ORIENTED_EDGE ( 'NONE', *, *, #4492, .F. ) ;
#3755 = ORIENTED_EDGE ( 'NONE', *, *, #3231, .F. ) ;
#3756 = AXIS2_PLACEMENT_3D ( 'NONE', #5955, #3501, #4980 ) ;
#3757 = CARTESIAN_POINT ( 'NONE',  ( 4.564064644556840022, 0.8964290159990536688, -3.425956291075858307 ) ) ;
#3758 = CARTESIAN_POINT ( 'NONE',  ( 0.5875818738530219631, 0.9064290159990537887, -0.6929698366247789565 ) ) ;
#3759 = CARTESIAN_POINT ( 'NONE',  ( 2.351415642037394615, 0.8964290159990533358, -2.858545959802750502 ) ) ;
#3760 = ORIENTED_EDGE ( 'NONE', *, *, #4387, .F. ) ;
#3761 = UNCERTAINTY_MEASURE_WITH_UNIT (LENGTH_MEASURE( 1.000000000000000082E-05 ), #1639, 'distance_accuracy_value', 'NONE');
#3762 = CARTESIAN_POINT ( 'NONE',  ( 2.519274565828783619, 0.9064290159990536777, -3.081001879259412934 ) ) ;
#3763 = CARTESIAN_POINT ( 'NONE',  ( 3.633952465069659965, 0.8964290159990536688, -2.731416359999938592 ) ) ;
#3764 = CARTESIAN_POINT ( 'NONE',  ( 4.849700161383762698, 0.8964290159990536688, -3.009038054711477006 ) ) ;
#3765 = ORIENTED_EDGE ( 'NONE', *, *, #1422, .F. ) ;
#3766 = CARTESIAN_POINT ( 'NONE',  ( 0.5383520624292656986, 0.8964290159990533358, -0.7529350656346994741 ) ) ;
#3767 = EDGE_CURVE ( 'NONE', #2033, #5287, #3958, .T. ) ;
#3768 = CARTESIAN_POINT ( 'NONE',  ( 3.633952465069659965, 0.8964290159990536688, -2.479871388044810665 ) ) ;
#3769 = CARTESIAN_POINT ( 'NONE',  ( 4.740453533445728063, 0.9064290159990536777, -3.206424206407054722 ) ) ;
#3770 = PLANE ( 'NONE',  #3843 ) ;
#3771 = ORIENTED_EDGE ( 'NONE', *, *, #4116, .F. ) ;
#3772 = FILL_AREA_STYLE ('',( #3867 ) ) ;
#3773 = LINE ( 'NONE', #734, #4107 ) ;
#3774 = CARTESIAN_POINT ( 'NONE',  ( 2.496248476574269848, 0.9064290159990537887, -3.947662242555172174 ) ) ;
#3775 = CARTESIAN_POINT ( 'NONE',  ( 2.814017018261813163, 0.9064290159990540108, -3.822377651116394492 ) ) ;
#3776 =( GEOMETRIC_REPRESENTATION_CONTEXT ( 3 ) GLOBAL_UNCERTAINTY_ASSIGNED_CONTEXT ( ( #1531 ) ) GLOBAL_UNIT_ASSIGNED_CONTEXT ( ( #2881, #5392, #4850 ) ) REPRESENTATION_CONTEXT ( 'NONE', 'WORKASPACE' ) );
#3777 = VERTEX_POINT ( 'NONE', #496 ) ;
#3778 = EDGE_LOOP ( 'NONE', ( #5243, #416, #1995, #550 ) ) ;
#3779 = FILL_AREA_STYLE_COLOUR ( '', #3404 ) ;
#3780 = CARTESIAN_POINT ( 'NONE',  ( 0.7555416719893786048, 0.9064290159990536777, -0.7098533506425565021 ) ) ;
#3781 = EDGE_CURVE ( 'NONE', #1876, #4365, #947, .T. ) ;
#3782 = PLANE ( 'NONE',  #5642 ) ;
#3783 = ORIENTED_EDGE ( 'NONE', *, *, #4152, .F. ) ;
#3784 = DIRECTION ( 'NONE',  ( -1.000000000000000000, 0.0000000000000000000, -0.0000000000000000000 ) ) ;
#3785 = ORIENTED_EDGE ( 'NONE', *, *, #2821, .T. ) ;
#3786 = LINE ( 'NONE', #2267, #6009 ) ;
#3787 = VERTEX_POINT ( 'NONE', #2463 ) ;
#3788 = CARTESIAN_POINT ( 'NONE',  ( 2.712930191797556123, 0.8964290159990537799, -2.581516162819270654 ) ) ;
#3789 = CARTESIAN_POINT ( 'NONE',  ( 5.845597764214959469, 0.8964290159990536688, -2.479871388044810665 ) ) ;
#3790 = CARTESIAN_POINT ( 'NONE',  ( 0.7127804603152829710, 0.9064290159990538998, -0.9276690017408901756 ) ) ;
#3791 = VERTEX_POINT ( 'NONE', #6281 ) ;
#3792 = ORIENTED_EDGE ( 'NONE', *, *, #2885, .T. ) ;
#3793 = DIRECTION ( 'NONE',  ( -0.2473315137773177408, 0.0000000000000000000, 0.9689309171930785558 ) ) ;
#3794 =( NAMED_UNIT ( * ) SI_UNIT ( $, .STERADIAN. ) SOLID_ANGLE_UNIT ( ) );
#3795 = PRODUCT_DEFINITION ( 'UNKNOWN', '', #4649, #5818 ) ;
#3796 = ADVANCED_FACE ( 'NONE', ( #4308 ), #1858, .T. ) ;
#3797 = DIRECTION ( 'NONE',  ( -0.0000000000000000000, -1.000000000000000000, -0.0000000000000000000 ) ) ;
#3798 = DIRECTION ( 'NONE',  ( 0.0000000000000000000, -0.0000000000000000000, 1.000000000000000000 ) ) ;
#3799 = COLOUR_RGB ( '',1.000000000000000000, 1.000000000000000000, 1.000000000000000000 ) ;
#3800 = CARTESIAN_POINT ( 'NONE',  ( 2.551486178251701542, 0.8964290159990537799, -3.540568600653145825 ) ) ;
#3801 = CARTESIAN_POINT ( 'NONE',  ( 4.450535497922224693, 0.9064290159990536777, -3.735590873073721507 ) ) ;
#3802 = VECTOR ( 'NONE', #5639, 1000.000000000000000 ) ;
#3803 = CARTESIAN_POINT ( 'NONE',  ( 0.6614583333333333703, 0.9064290159990536777, -0.9362179487179487225 ) ) ;
#3804 = ORIENTED_EDGE ( 'NONE', *, *, #6253, .T. ) ;
#3805 = DIRECTION ( 'NONE',  ( -0.0000000000000000000, -1.000000000000000000, -0.0000000000000000000 ) ) ;
#3806 = FILL_AREA_STYLE_COLOUR ( '', #82 ) ;
#3807 = CARTESIAN_POINT ( 'NONE',  ( 2.926955054159556369, 0.8964290159990536688, -3.658647635525225095 ) ) ;
#3808 = VECTOR ( 'NONE', #1370, 1000.000000000000000 ) ;
#3809 = CARTESIAN_POINT ( 'NONE',  ( 2.872215525787040313, 0.9064290159990535667, -3.759669839922769707 ) ) ;
#3810 = ORIENTED_EDGE ( 'NONE', *, *, #247, .T. ) ;
#3811 = EDGE_LOOP ( 'NONE', ( #2261, #5322, #1292, #176 ) ) ;
#3812 = LINE ( 'NONE', #3840, #4050 ) ;
#3813 = CARTESIAN_POINT ( 'NONE',  ( 2.341670533363141793, 0.8964290159990538909, -3.374619869494393409 ) ) ;
#3814 = CARTESIAN_POINT ( 'NONE',  ( 4.918199259941454571, 0.9064290159990536777, -3.425956291075858307 ) ) ;
#3815 = ORIENTED_EDGE ( 'NONE', *, *, #6199, .T. ) ;
#3816 = ADVANCED_FACE ( 'NONE', ( #10 ), #4953, .T. ) ;
#3817 = EDGE_LOOP ( 'NONE', ( #4062, #2902, #653, #2208 ) ) ;
#3818 = CARTESIAN_POINT ( 'NONE',  ( 2.971168724794224669, 0.8964290159990535578, -2.920502136976269369 ) ) ;
#3819 = ORIENTED_EDGE ( 'NONE', *, *, #5019, .F. ) ;
#3820 = CARTESIAN_POINT ( 'NONE',  ( 2.828420388770279015, 0.8964290159990535578, -2.651366598914473016 ) ) ;
#3821 = DIRECTION ( 'NONE',  ( -0.0000000000000000000, -1.000000000000000000, -0.0000000000000000000 ) ) ;
#3822 = CARTESIAN_POINT ( 'NONE',  ( 6.499999999999999112, 0.8964290159990536688, -5.500000000000000000 ) ) ;
#3823 = ORIENTED_EDGE ( 'NONE', *, *, #1095, .T. ) ;
#3824 = CARTESIAN_POINT ( 'NONE',  ( 2.349016341027479360, 0.8964290159990536688, -3.955798581026702454 ) ) ;
#3825 = ORIENTED_EDGE ( 'NONE', *, *, #675, .T. ) ;
#3826 = FACE_OUTER_BOUND ( 'NONE', #4949, .T. ) ;
#3827 = FILL_AREA_STYLE_COLOUR ( '', #5878 ) ;
#3828 = SURFACE_SIDE_STYLE ('',( #6314 ) ) ;
#3829 = CARTESIAN_POINT ( 'NONE',  ( 4.349999999999997868, 0.0000000000000000000, -2.350000000000000089 ) ) ;
#3830 = CARTESIAN_POINT ( 'NONE',  ( 3.649999999999995026, -0.01000000000000000021, -2.349999999999999645 ) ) ;
#3831 = EDGE_CURVE ( 'NONE', #958, #5107, #1426, .T. ) ;
#3832 = PLANE ( 'NONE',  #5314 ) ;
#3833 = LINE ( 'NONE', #5799, #4435 ) ;
#3834 =( NAMED_UNIT ( * ) SI_UNIT ( $, .STERADIAN. ) SOLID_ANGLE_UNIT ( ) );
#3835 = VERTEX_POINT ( 'NONE', #3921 ) ;
#3836 = CARTESIAN_POINT ( 'NONE',  ( 4.918199259941454571, 0.8964290159990536688, -3.528355129216884212 ) ) ;
#3837 = CARTESIAN_POINT ( 'NONE',  ( 2.913094266645425812, 0.9064290159990537887, -3.693062365001396063 ) ) ;
#3838 = VECTOR ( 'NONE', #2081, 1000.000000000000000 ) ;
#3839 = ORIENTED_EDGE ( 'NONE', *, *, #4684, .T. ) ;
#3840 = CARTESIAN_POINT ( 'NONE',  ( 5.007750541992737503, 0.9064290159990536777, -2.623611372019169607 ) ) ;
#3841 = CARTESIAN_POINT ( 'NONE',  ( 3.883886192366668766, 0.9064290159990536777, -3.477155710146370815 ) ) ;
#3842 = ADVANCED_FACE ( 'NONE', ( #3826 ), #5924, .T. ) ;
#3843 = AXIS2_PLACEMENT_3D ( 'NONE', #268, #795, #2316 ) ;
#3844 = ORIENTED_EDGE ( 'NONE', *, *, #5145, .T. ) ;
#3845 = VECTOR ( 'NONE', #2760, 1000.000000000000000 ) ;
#3846 = ORIENTED_EDGE ( 'NONE', *, *, #1924, .F. ) ;
#3847 = CARTESIAN_POINT ( 'NONE',  ( 2.792250596080291025, 0.8964290159990535578, -2.624554191292140182 ) ) ;
#3848 = ORIENTED_EDGE ( 'NONE', *, *, #16, .F. ) ;
#3849 = CARTESIAN_POINT ( 'NONE',  ( 4.684271976287607941, 0.8964290159990536688, -3.206424206407054722 ) ) ;
#3850 = EDGE_CURVE ( 'NONE', #6044, #803, #3338, .T. ) ;
#3851 = LINE ( 'NONE', #4855, #3900 ) ;
#3852 = DIRECTION ( 'NONE',  ( -0.5213313868808869822, 0.0000000000000000000, 0.8533543139006510847 ) ) ;
#3853 = EDGE_CURVE ( 'NONE', #3224, #6296, #5308, .T. ) ;
#3854 = ORIENTED_EDGE ( 'NONE', *, *, #766, .T. ) ;
#3855 = DIRECTION ( 'NONE',  ( -0.8771175078130485359, 0.0000000000000000000, 0.4802758347947843065 ) ) ;
#3856 = ORIENTED_EDGE ( 'NONE', *, *, #4937, .T. ) ;
#3857 = CARTESIAN_POINT ( 'NONE',  ( 4.379534730026925615, 0.8964290159990536688, -3.735590873073721507 ) ) ;
#3858 = CARTESIAN_POINT ( 'NONE',  ( 0.0000000000000000000, 0.9064290159990534557, 0.0000000000000000000 ) ) ;
#3859 = CARTESIAN_POINT ( 'NONE',  ( 0.6171964533206235615, 0.9064290159990536777, -3.634977215778476101 ) ) ;
#3860 = CARTESIAN_POINT ( 'NONE',  ( 2.129999999999994120, 0.0000000000000000000, -3.150000000000000355 ) ) ;
#3861 = AXIS2_PLACEMENT_3D ( 'NONE', #4016, #2555, #2014 ) ;
#3862 = EDGE_CURVE ( 'NONE', #6151, #1478, #889, .T. ) ;
#3863 = LINE ( 'NONE', #4927, #4325 ) ;
#3864 = EDGE_CURVE ( 'NONE', #5395, #1134, #2893, .T. ) ;
#3865 = PLANE ( 'NONE',  #5906 ) ;
#3866 = VERTEX_POINT ( 'NONE', #5337 ) ;
#3867 = FILL_AREA_STYLE_COLOUR ( '', #4133 ) ;
#3868 =( LENGTH_UNIT ( ) NAMED_UNIT ( * ) SI_UNIT ( .MILLI., .METRE. ) );
#3869 = CARTESIAN_POINT ( 'NONE',  ( 2.733315139860792886, 0.9064290159990540108, -3.877340515903129337 ) ) ;
#3870 = VECTOR ( 'NONE', #408, 1000.000000000000000 ) ;
#3871 = EDGE_LOOP ( 'NONE', ( #4510, #3363, #5577, #5421 ) ) ;
#3872 = VECTOR ( 'NONE', #581, 1000.000000000000227 ) ;
#3873 = EDGE_LOOP ( 'NONE', ( #2746, #2362, #4332, #128 ) ) ;
#3874 = CARTESIAN_POINT ( 'NONE',  ( 0.7850464412155366833, 0.9064290159990537887, -0.7527806176124559601 ) ) ;
#3875 = CARTESIAN_POINT ( 'NONE',  ( 4.040325328317523557, 0.9064290159990536777, -3.735590873073721507 ) ) ;
#3876 = ADVANCED_FACE ( 'NONE', ( #3409 ), #1395, .T. ) ;
#3877 = ADVANCED_FACE ( 'NONE', ( #4860 ), #461, .T. ) ;
#3878 = ORIENTED_EDGE ( 'NONE', *, *, #5525, .T. ) ;
#3879 = PLANE ( 'NONE',  #3570 ) ;
#3880 = ORIENTED_EDGE ( 'NONE', *, *, #5821, .T. ) ;
#3881 = VERTEX_POINT ( 'NONE', #429 ) ;
#3882 = CARTESIAN_POINT ( 'NONE',  ( 3.749177658712822492, 0.8964290159990536688, -3.009038054711477006 ) ) ;
#3883 = DIRECTION ( 'NONE',  ( 0.7871623908499749689, 0.0000000000000000000, -0.6167457907690584440 ) ) ;
#3884 = LINE ( 'NONE', #4406, #852 ) ;
#3885 = EDGE_LOOP ( 'NONE', ( #6005, #4598, #4074, #4123 ) ) ;
#3886 = CARTESIAN_POINT ( 'NONE',  ( 2.506889898591332599, 0.8964290159990536688, -3.088243786080615116 ) ) ;
#3887 = ORIENTED_EDGE ( 'NONE', *, *, #5343, .T. ) ;
#3888 = DIRECTION ( 'NONE',  ( 0.0000000000000000000, 0.0000000000000000000, 1.000000000000000000 ) ) ;
#3889 = LINE ( 'NONE', #2829, #5458 ) ;
#3890 = CARTESIAN_POINT ( 'NONE',  ( 2.391587361516053001, 0.8964290159990536688, -3.634977215778476101 ) ) ;
#3891 = CARTESIAN_POINT ( 'NONE',  ( 5.087803960796155600, 0.9064290159990536777, -3.735590873073721507 ) ) ;
#3892 = ADVANCED_FACE ( 'NONE', ( #2433 ), #6376, .T. ) ;
#3893 = CARTESIAN_POINT ( 'NONE',  ( 3.969324560422224035, 0.9064290159990536777, -3.735590873073721507 ) ) ;
#3894 =( NAMED_UNIT ( * ) PLANE_ANGLE_UNIT ( ) SI_UNIT ( $, .RADIAN. ) );
#3895 = ORIENTED_EDGE ( 'NONE', *, *, #5625, .T. ) ;
#3896 = ORIENTED_EDGE ( 'NONE', *, *, #578, .F. ) ;
#3897 = PLANE ( 'NONE',  #1630 ) ;
#3898 = VECTOR ( 'NONE', #5746, 1000.000000000000000 ) ;
#3899 = CARTESIAN_POINT ( 'NONE',  ( 2.626160753037814821, 0.9064290159990536777, -3.919891730742831815 ) ) ;
#3900 = VECTOR ( 'NONE', #4240, 1000.000000000000000 ) ;
#3901 = CARTESIAN_POINT ( 'NONE',  ( 0.6876887375851097328, 0.9064290159990538998, -0.6730892592106024752 ) ) ;
#3902 = VECTOR ( 'NONE', #3640, 1000.000000000000000 ) ;
#3903 = CARTESIAN_POINT ( 'NONE',  ( 5.038406591672224266, 0.9064290159990536777, -3.206424206407054722 ) ) ;
#3904 = VERTEX_POINT ( 'NONE', #4481 ) ;
#3905 = EDGE_CURVE ( 'NONE', #1199, #5296, #162, .T. ) ;
#3906 = CARTESIAN_POINT ( 'NONE',  ( 2.820195624063421835, 0.9064290159990538998, -3.287649084387898046 ) ) ;
#3907 = ADVANCED_FACE ( 'NONE', ( #1071 ), #3530, .T. ) ;
#3908 = ORIENTED_EDGE ( 'NONE', *, *, #4413, .T. ) ;
#3909 = FACE_OUTER_BOUND ( 'NONE', #3975, .T. ) ;
#3910 = VERTEX_POINT ( 'NONE', #4572 ) ;
#3911 = VECTOR ( 'NONE', #2530, 1000.000000000000000 ) ;
#3912 = VECTOR ( 'NONE', #6249, 1000.000000000000000 ) ;
#3913 = DIRECTION ( 'NONE',  ( -0.4806015670138532592, 0.0000000000000000000, 0.8769390707362905157 ) ) ;
#3914 = CARTESIAN_POINT ( 'NONE',  ( 5.845597764214959469, 0.9064290159990536777, -2.479871388044810665 ) ) ;
#3915 = AXIS2_PLACEMENT_3D ( 'NONE', #2096, #620, #4944 ) ;
#3916 = VECTOR ( 'NONE', #1753, 1000.000000000000000 ) ;
#3917 = VERTEX_POINT ( 'NONE', #38 ) ;
#3918 = VERTEX_POINT ( 'NONE', #1038 ) ;
#3919 = CARTESIAN_POINT ( 'NONE',  ( 2.519274565828783619, 0.8964290159990536688, -3.081001879259412934 ) ) ;
#3920 = VERTEX_POINT ( 'NONE', #5497 ) ;
#3921 = CARTESIAN_POINT ( 'NONE',  ( 4.918199259941454571, 0.8964290159990536688, -3.425956291075858307 ) ) ;
#3922 = DIRECTION ( 'NONE',  ( -1.000000000000000000, 0.0000000000000000000, -0.0000000000000000000 ) ) ;
#3923 = B_SPLINE_CURVE_WITH_KNOTS ( 'NONE', 3,
 ( #3745, #1251, #2155, #4128, #1677, #4652, #212, #4159, #3216, #3775, #801, #3809, #2926, #2469, #4291, #533, #5220, #4454, #3250 ),
 .UNSPECIFIED., .F., .F.,
 ( 4, 1, 1, 1, 1, 1, 1, 1, 1, 1, 1, 1, 1, 1, 1, 1, 4 ),
 ( 0.0000000000000000000, 0.09546510449170900192, 0.1858575897923433473, 0.2710349793365064985, 0.3517277028838308173, 0.4270736388201359923, 0.4957100026978945584, 0.5587525136388112879, 0.6169147795200192741, 0.6714863062766496249, 0.7233083748797398682, 0.7727831595727387981, 0.8206259410641821850, 0.8668866673586650418, 0.9115747216525504903, 0.9560569530428016938, 1.000000000000000000 ),
 .UNSPECIFIED. ) ;
#3924 = LINE ( 'NONE', #2894, #2211 ) ;
#3925 = DIRECTION ( 'NONE',  ( -0.0000000000000000000, -1.000000000000000000, -0.0000000000000000000 ) ) ;
#3926 = LINE ( 'NONE', #5898, #1434 ) ;
#3927 = ADVANCED_FACE ( 'NONE', ( #627 ), #67, .T. ) ;
#3928 = EDGE_CURVE ( 'NONE', #2039, #495, #132, .T. ) ;
#3929 = DIRECTION ( 'NONE',  ( -1.000000000000000000, 0.0000000000000000000, 0.0000000000000000000 ) ) ;
#3930 = LINE ( 'NONE', #2378, #185 ) ;
#3931 = CARTESIAN_POINT ( 'NONE',  ( 4.096400882537609256, 0.8964290159990536688, -3.735590873073721507 ) ) ;
#3932 = ORIENTED_EDGE ( 'NONE', *, *, #5731, .F. ) ;
#3933 = VECTOR ( 'NONE', #842, 1000.000000000000000 ) ;
#3934 =( GEOMETRIC_REPRESENTATION_CONTEXT ( 3 ) GLOBAL_UNCERTAINTY_ASSIGNED_CONTEXT ( ( #1017 ) ) GLOBAL_UNIT_ASSIGNED_CONTEXT ( ( #4348, #3344, #2895 ) ) REPRESENTATION_CONTEXT ( 'NONE', 'WORKASPACE' ) );
#3935 = CARTESIAN_POINT ( 'NONE',  ( 2.391587361516053001, 0.9064290159990536777, -3.634977215778476101 ) ) ;
#3936 = EDGE_CURVE ( 'NONE', #3264, #2965, #2595, .T. ) ;
#3937 = DIRECTION ( 'NONE',  ( 0.4804543040264410148, 0.0000000000000000000, 0.8770197613181063279 ) ) ;
#3938 = EDGE_CURVE ( 'NONE', #5971, #5102, #2043, .T. ) ;
#3939 = EDGE_CURVE ( 'NONE', #4092, #4005, #6048, .T. ) ;
#3940 = CARTESIAN_POINT ( 'NONE',  ( 0.7932345449492584910, 0.9064290159990536777, -0.7950840470445286190 ) ) ;
#3941 = ORIENTED_EDGE ( 'NONE', *, *, #2026, .F. ) ;
#3942 = ORIENTED_EDGE ( 'NONE', *, *, #2390, .T. ) ;
#3943 = FACE_OUTER_BOUND ( 'NONE', #2959, .T. ) ;
#3944 = VERTEX_POINT ( 'NONE', #526 ) ;
#3945 = LINE ( 'NONE', #5912, #2923 ) ;
#3946 = ORIENTED_EDGE ( 'NONE', *, *, #4368, .F. ) ;
#3947 = VECTOR ( 'NONE', #5949, 1000.000000000000000 ) ;
#3948 = FACE_OUTER_BOUND ( 'NONE', #3191, .T. ) ;
#3949 = LINE ( 'NONE', #1485, #5513 ) ;
#3950 = VECTOR ( 'NONE', #2472, 1000.000000000000114 ) ;
#3951 = CARTESIAN_POINT ( 'NONE',  ( 5.094588148830343499, 0.8964290159990536688, -3.206424206407054722 ) ) ;
#3952 = DIRECTION ( 'NONE',  ( -0.0000000000000000000, 1.000000000000000000, -0.0000000000000000000 ) ) ;
#3953 = CARTESIAN_POINT ( 'NONE',  ( 2.458652322607120855, 0.8964290159990534468, -3.627046804950190051 ) ) ;
#3954 = ORIENTED_EDGE ( 'NONE', *, *, #3648, .T. ) ;
#3955 = EDGE_LOOP ( 'NONE', ( #5902, #846, #3261, #2948 ) ) ;
#3956 = CARTESIAN_POINT ( 'NONE',  ( 2.531592667863820534, 0.8964290159990540019, -3.443431921140716501 ) ) ;
#3957 = ORIENTED_EDGE ( 'NONE', *, *, #2787, .F. ) ;
#3958 = LINE ( 'NONE', #4376, #4790 ) ;
#3959 = LINE ( 'NONE', #4894, #2467 ) ;
#3960 = LINE ( 'NONE', #4982, #5562 ) ;
#3961 = CARTESIAN_POINT ( 'NONE',  ( 2.970719048524183670, 0.9064290159990535667, -2.907819957238368946 ) ) ;
#3962 = DIRECTION ( 'NONE',  ( -0.4802758347947843065, 0.0000000000000000000, -0.8771175078130484248 ) ) ;
#3963 = EDGE_CURVE ( 'NONE', #791, #2031, #1620, .T. ) ;
#3964 = CARTESIAN_POINT ( 'NONE',  ( 2.481858441106281621, 0.9064290159990536777, -2.537619404509760201 ) ) ;
#3965 = DIRECTION ( 'NONE',  ( 1.000000000000000000, 0.0000000000000000000, 0.0000000000000000000 ) ) ;
#3966 = SURFACE_SIDE_STYLE ('',( #2408 ) ) ;
#3967 = ORIENTED_EDGE ( 'NONE', *, *, #1369, .T. ) ;
#3968 = ADVANCED_FACE ( 'NONE', ( #1171 ), #4543, .T. ) ;
#3969 = AXIS2_PLACEMENT_3D ( 'NONE', #1561, #5052, #6052 ) ;
#3970 = CARTESIAN_POINT ( 'NONE',  ( 0.5296574791319047515, 0.8964290159990534468, -0.8127767024394290107 ) ) ;
#3971 = CARTESIAN_POINT ( 'NONE',  ( 0.0000000000000000000, 0.8964290159990536688, 0.0000000000000000000 ) ) ;
#3972 = VECTOR ( 'NONE', #1845, 1000.000000000000000 ) ;
#3973 = VECTOR ( 'NONE', #1098, 1000.000000000000000 ) ;
#3974 = DIRECTION ( 'NONE',  ( -0.0000000000000000000, -1.000000000000000000, -0.0000000000000000000 ) ) ;
#3975 = EDGE_LOOP ( 'NONE', ( #4989, #5108, #1615, #2754 ) ) ;
#3976 = CARTESIAN_POINT ( 'NONE',  ( 2.896313440892465341, 0.9064290159990536777, -3.370640323503463875 ) ) ;
#3977 = ORIENTED_EDGE ( 'NONE', *, *, #6152, .F. ) ;
#3978 = EDGE_CURVE ( 'NONE', #3659, #3361, #3137, .T. ) ;
#3979 = LINE ( 'NONE', #3033, #617 ) ;
#3980 = FACE_OUTER_BOUND ( 'NONE', #5965, .T. ) ;
#3981 = DIRECTION ( 'NONE',  ( 1.000000000000000000, 0.0000000000000000000, 0.0000000000000000000 ) ) ;
#3982 = CARTESIAN_POINT ( 'NONE',  ( 0.6171964533206235615, 0.9064290159990536777, -3.955798581026702454 ) ) ;
#3983 = ORIENTED_EDGE ( 'NONE', *, *, #696, .T. ) ;
#3984 = ORIENTED_EDGE ( 'NONE', *, *, #4651, .F. ) ;
#3985 = CARTESIAN_POINT ( 'NONE',  ( 2.364883434906578596, 0.8964290159990537799, -3.374997970807228409 ) ) ;
#3986 = EDGE_LOOP ( 'NONE', ( #1966, #6343, #6292, #2260 ) ) ;
#3987 = DIRECTION ( 'NONE',  ( -0.0000000000000000000, 0.0000000000000000000, -1.000000000000000000 ) ) ;
#3988 = CARTESIAN_POINT ( 'NONE',  ( 4.209930029172224586, 0.9064290159990536777, -3.425956291075858307 ) ) ;
#3989 = DIRECTION ( 'NONE',  ( 0.4806015670138532592, 0.0000000000000000000, -0.8769390707362905157 ) ) ;
#3990 = LINE ( 'NONE', #5930, #2889 ) ;
#3991 = CARTESIAN_POINT ( 'NONE',  ( 2.552895625897455556, 0.9064290159990538998, -3.518035135400225055 ) ) ;
#3992 = EDGE_CURVE ( 'NONE', #5057, #2364, #2075, .T. ) ;
#3993 = ADVANCED_FACE ( 'NONE', ( #2494 ), #555, .T. ) ;
#3994 = CARTESIAN_POINT ( 'NONE',  ( 4.695677892420087041, 0.8964290159990536688, -2.620961298568314835 ) ) ;
#3995 = CARTESIAN_POINT ( 'NONE',  ( 2.568795645598007216, 0.8964290159990536688, -2.991539321767443305 ) ) ;
#3996 = VERTEX_POINT ( 'NONE', #2652 ) ;
#3997 = CARTESIAN_POINT ( 'NONE',  ( 2.426439316854672956, 0.9064290159990538998, -3.633791457267427027 ) ) ;
#3998 = CARTESIAN_POINT ( 'NONE',  ( 0.5381966506841733278, 0.8964290159990537799, -0.8550933745953100962 ) ) ;
#3999 = CARTESIAN_POINT ( 'NONE',  ( 2.493967587071278746, 0.8964290159990535578, -2.878354509348350021 ) ) ;
#4000 = AXIS2_PLACEMENT_3D ( 'NONE', #779, #349, #715 ) ;
#4001 = VECTOR ( 'NONE', #942, 1000.000000000000000 ) ;
#4002 = EDGE_CURVE ( 'NONE', #2447, #495, #5200, .T. ) ;
#4003 = ORIENTED_EDGE ( 'NONE', *, *, #4999, .F. ) ;
#4004 = PLANE ( 'NONE',  #3246 ) ;
#4005 = VERTEX_POINT ( 'NONE', #747 ) ;
#4006 = CARTESIAN_POINT ( 'NONE',  ( 2.547287854276985009, 0.8964290159990538909, -3.054682351045048261 ) ) ;
#4007 = FACE_OUTER_BOUND ( 'NONE', #2852, .T. ) ;
#4008 = EDGE_CURVE ( 'NONE', #2275, #1455, #4170, .T. ) ;
#4009 = CARTESIAN_POINT ( 'NONE',  ( 4.543033661650856203, 0.9064290159990536777, -3.009038054711477006 ) ) ;
#4010 = ORIENTED_EDGE ( 'NONE', *, *, #186, .F. ) ;
#4011 = EDGE_CURVE ( 'NONE', #6, #6196, #4756, .T. ) ;
#4012 = ORIENTED_EDGE ( 'NONE', *, *, #1687, .F. ) ;
#4013 = CARTESIAN_POINT ( 'NONE',  ( 2.733315139860792886, 0.8964290159990540019, -3.877340515903129337 ) ) ;
#4014 = AXIS2_PLACEMENT_3D ( 'NONE', #75, #3604, #46 ) ;
#4015 = VERTEX_POINT ( 'NONE', #5687 ) ;
#4016 = CARTESIAN_POINT ( 'NONE',  ( 3.883886192366668766, 0.9064290159990536777, -3.477155710146370815 ) ) ;
#4017 = LINE ( 'NONE', #4655, #3187 ) ;
#4018 = DIRECTION ( 'NONE',  ( 1.000000000000000000, 0.0000000000000000000, 0.0000000000000000000 ) ) ;
#4019 = CARTESIAN_POINT ( 'NONE',  ( 2.481858441106281621, 0.9064290159990536777, -2.537619404509760201 ) ) ;
#4020 = DIRECTION ( 'NONE',  ( -0.2787515866171259016, 0.0000000000000000000, 0.9603632401120082429 ) ) ;
#4021 = VECTOR ( 'NONE', #5498, 1000.000000000000000 ) ;
#4022 = AXIS2_PLACEMENT_3D ( 'NONE', #184, #4685, #3749 ) ;
#4023 = LINE ( 'NONE', #1175, #6331 ) ;
#4024 = PLANE ( 'NONE',  #5144 ) ;
#4025 = DIRECTION ( 'NONE',  ( -0.0000000000000000000, -1.000000000000000000, -0.0000000000000000000 ) ) ;
#4026 = VERTEX_POINT ( 'NONE', #3166 ) ;
#4027 = EDGE_CURVE ( 'NONE', #1478, #5607, #4267, .T. ) ;
#4028 = CARTESIAN_POINT ( 'NONE',  ( 0.6526015360367309892, 0.9064290159990536777, -0.6721076585509976331 ) ) ;
#4029 = CARTESIAN_POINT ( 'NONE',  ( 0.5291666666666666741, 0.8964290159990536688, -0.8039262820512820262 ) ) ;
#4030 = DIRECTION ( 'NONE',  ( 0.0000000000000000000, -1.191805567428177613E-13, 1.000000000000000000 ) ) ;
#4031 = CARTESIAN_POINT ( 'NONE',  ( 2.810739720869677605, 0.8964290159990534468, -3.279881076897787295 ) ) ;
#4032 = ORIENTED_EDGE ( 'NONE', *, *, #3451, .F. ) ;
#4033 = PLANE ( 'NONE',  #2534 ) ;
#4034 = ORIENTED_EDGE ( 'NONE', *, *, #5295, .T. ) ;
#4035 = CARTESIAN_POINT ( 'NONE',  ( 2.943872535427645154, 0.9064290159990538998, -3.516470411680838737 ) ) ;
#4036 = EDGE_LOOP ( 'NONE', ( #4691, #1006, #1252, #3747 ) ) ;
#4037 = CARTESIAN_POINT ( 'NONE',  ( 2.568413317570844789, 0.8964290159990536688, -2.998880213436461606 ) ) ;
#4038 = LINE ( 'NONE', #2035, #1118 ) ;
#4039 = CARTESIAN_POINT ( 'NONE',  ( 4.535973865977779518, 0.9064290159990536777, -3.477155710146370815 ) ) ;
#4040 = EDGE_LOOP ( 'NONE', ( #4612, #2576, #2042, #711 ) ) ;
#4041 = ORIENTED_EDGE ( 'NONE', *, *, #5806, .F. ) ;
#4042 = CARTESIAN_POINT ( 'NONE',  ( 2.548837745200696947, 0.9064290159990538998, -3.479231786654694680 ) ) ;
#4043 = ORIENTED_EDGE ( 'NONE', *, *, #2561, .F. ) ;
#4044 = CARTESIAN_POINT ( 'NONE',  ( 5.031728406576070789, 0.9064290159990536777, -3.735590873073721507 ) ) ;
#4045 = VECTOR ( 'NONE', #231, 1000.000000000000000 ) ;
#4046 = LINE ( 'NONE', #4514, #609 ) ;
#4047 = EDGE_CURVE ( 'NONE', #1330, #1583, #3786, .T. ) ;
#4048 = CARTESIAN_POINT ( 'NONE',  ( 4.017259089001283812, 0.8964290159990536688, -2.620961298568314835 ) ) ;
#4049 = CARTESIAN_POINT ( 'NONE',  ( 0.2799999999999948641, -0.01000000000000000021, -0.6000000000000000888 ) ) ;
#4050 = VECTOR ( 'NONE', #2877, 1000.000000000000000 ) ;
#4051 =( GEOMETRIC_REPRESENTATION_CONTEXT ( 3 ) GLOBAL_UNCERTAINTY_ASSIGNED_CONTEXT ( ( #4275 ) ) GLOBAL_UNIT_ASSIGNED_CONTEXT ( ( #4335, #3294, #2392 ) ) REPRESENTATION_CONTEXT ( 'NONE', 'WORKASPACE' ) );
#4052 = PLANE ( 'NONE',  #558 ) ;
#4053 = LINE ( 'NONE', #598, #1022 ) ;
#4054 = LINE ( 'NONE', #3146, #2813 ) ;
#4055 = EDGE_LOOP ( 'NONE', ( #4537, #1034, #2947, #576 ) ) ;
#4056 = CARTESIAN_POINT ( 'NONE',  ( 2.403592399822878978, 0.9064290159990537887, -3.634568771655054764 ) ) ;
#4057 = DIRECTION ( 'NONE',  ( -0.0000000000000000000, -1.000000000000000000, -0.0000000000000000000 ) ) ;
#4058 = ADVANCED_FACE ( 'NONE', ( #3198 ), #5750, .T. ) ;
#4059 = CARTESIAN_POINT ( 'NONE',  ( 6.499999999999999112, 0.8964290159990536688, -5.500000000000000000 ) ) ;
#4060 = VECTOR ( 'NONE', #138, 1000.000000000000000 ) ;
#4061 = LINE ( 'NONE', #6031, #3016 ) ;
#4062 = ORIENTED_EDGE ( 'NONE', *, *, #2107, .F. ) ;
#4063 = CARTESIAN_POINT ( 'NONE',  ( 0.6103126688945070821, 0.8964290159990536688, -0.9275143899334856723 ) ) ;
#4064 = VECTOR ( 'NONE', #6367, 1000.000000000000000 ) ;
#4065 = DIRECTION ( 'NONE',  ( 0.0000000000000000000, 0.0000000000000000000, -1.000000000000000000 ) ) ;
#4066 = ORIENTED_EDGE ( 'NONE', *, *, #4928, .T. ) ;
#4067 = CARTESIAN_POINT ( 'NONE',  ( 4.592113021960685160, 0.8964290159990536688, -3.009038054711477006 ) ) ;
#4068 = ORIENTED_EDGE ( 'NONE', *, *, #6100, .T. ) ;
#4069 = ADVANCED_FACE ( 'NONE', ( #1324 ), #1686, .T. ) ;
#4070 = CARTESIAN_POINT ( 'NONE',  ( 4.323459175806839916, 0.8964290159990536688, -3.735590873073721507 ) ) ;
#4071 = ADVANCED_FACE ( 'NONE', ( #1780 ), #5717, .F. ) ;
#4072 = CARTESIAN_POINT ( 'NONE',  ( 2.829999999999994742, -0.01000000000000000021, -0.3500000000000004774 ) ) ;
#4073 = CARTESIAN_POINT ( 'NONE',  ( 0.7852010530229414087, 0.9064290159990538998, -0.8552484090332316269 ) ) ;
#4074 = ORIENTED_EDGE ( 'NONE', *, *, #3164, .T. ) ;
#4075 = ORIENTED_EDGE ( 'NONE', *, *, #2727, .F. ) ;
#4076 = CARTESIAN_POINT ( 'NONE',  ( 2.129999999999994120, -0.01000000000000000021, -3.150000000000000355 ) ) ;
#4077 = ORIENTED_EDGE ( 'NONE', *, *, #3978, .T. ) ;
#4078 = CARTESIAN_POINT ( 'NONE',  ( 5.302862721479915997, 0.8964290159990536688, -2.534144892318314746 ) ) ;
#4079 = CARTESIAN_POINT ( 'NONE',  ( 3.674657593274788248, 0.9064290159990536777, -3.681317368800217427 ) ) ;
#4080 = CARTESIAN_POINT ( 'NONE',  ( 3.586463148830343783, 0.9064290159990536777, -2.479871388044810665 ) ) ;
#4081 = CARTESIAN_POINT ( 'NONE',  ( 3.674657593274788248, 0.9064290159990536777, -3.464223351706200216 ) ) ;
#4082 = VECTOR ( 'NONE', #988, 1000.000000000000000 ) ;
#4083 = LINE ( 'NONE', #5534, #6020 ) ;
#4084 = CARTESIAN_POINT ( 'NONE',  ( 4.238020807751283314, 0.8964290159990536688, -3.477155710146370815 ) ) ;
#4085 = CARTESIAN_POINT ( 'NONE',  ( 3.679406524898720221, 0.9064290159990536777, -3.206424206407054722 ) ) ;
#4086 = ORIENTED_EDGE ( 'NONE', *, *, #2851, .F. ) ;
#4087 = ADVANCED_FACE ( 'NONE', ( #939 ), #2940, .T. ) ;
#4088 = CARTESIAN_POINT ( 'NONE',  ( 0.5505018879068303006, 0.8964290159990541129, -0.7300498225709709521 ) ) ;
#4089 = CARTESIAN_POINT ( 'NONE',  ( 2.129999999999994120, -0.01000000000000000021, -5.150000000000001243 ) ) ;
#4090 = LINE ( 'NONE', #1635, #6060 ) ;
#4091 = CARTESIAN_POINT ( 'NONE',  ( 2.906953818322663086, 0.8964290159990538909, -3.394178718741707179 ) ) ;
#4092 = VERTEX_POINT ( 'NONE', #354 ) ;
#4093 = CARTESIAN_POINT ( 'NONE',  ( 0.6082206357477315528, 0.8964290159990536688, -2.099855958883282359 ) ) ;
#4094 = CARTESIAN_POINT ( 'NONE',  ( 3.674657593274788248, 0.9064290159990536777, -3.681317368800217427 ) ) ;
#4095 = ORIENTED_EDGE ( 'NONE', *, *, #1840, .F. ) ;
#4096 = CARTESIAN_POINT ( 'NONE',  ( 2.844504228570164717, 0.9064290159990537887, -3.311225980058906337 ) ) ;
#4097 = EDGE_LOOP ( 'NONE', ( #4292, #2228, #4561, #4130, #5363, #4525 ) ) ;
#4098 = CARTESIAN_POINT ( 'NONE',  ( 6.499999999999997335, 0.8964290159990536688, 0.0000000000000000000 ) ) ;
#4099 = AXIS2_PLACEMENT_3D ( 'NONE', #6208, #5303, #3883 ) ;
#4100 = APPLICATION_CONTEXT ( 'automotive_design' ) ;
#4101 = EDGE_CURVE ( 'NONE', #1364, #3347, #5784, .T. ) ;
#4102 = DIRECTION ( 'NONE',  ( -0.0000000000000000000, -1.000000000000000000, -0.0000000000000000000 ) ) ;
#4103 = ORIENTED_EDGE ( 'NONE', *, *, #1058, .T. ) ;
#4104 = ADVANCED_FACE ( 'NONE', ( #3909 ), #2332, .T. ) ;
#4105 = ORIENTED_EDGE ( 'NONE', *, *, #1281, .F. ) ;
#4106 = CARTESIAN_POINT ( 'NONE',  ( 2.906953818322663086, 0.9064290159990538998, -3.394178718741707179 ) ) ;
#4107 = VECTOR ( 'NONE', #1735, 1000.000000000000000 ) ;
#4108 = ORIENTED_EDGE ( 'NONE', *, *, #4610, .F. ) ;
#4109 = DIRECTION ( 'NONE',  ( -0.0000000000000000000, -1.000000000000000000, -0.0000000000000000000 ) ) ;
#4110 = LINE ( 'NONE', #1589, #295 ) ;
#4111 =( NAMED_UNIT ( * ) PLANE_ANGLE_UNIT ( ) SI_UNIT ( $, .RADIAN. ) );
#4112 = CARTESIAN_POINT ( 'NONE',  ( 2.556352020743573039, 0.8964290159990535578, -2.931948796149302705 ) ) ;
#4113 = CARTESIAN_POINT ( 'NONE',  ( 2.551486178251701542, 0.9064290159990537887, -3.540568600653145825 ) ) ;
#4114 = CARTESIAN_POINT ( 'NONE',  ( 3.491484516351711420, 0.9064290159990536777, -3.464223351706200216 ) ) ;
#4115 = DIRECTION ( 'NONE',  ( 1.000000000000000000, 0.0000000000000000000, 0.0000000000000000000 ) ) ;
#4116 = EDGE_CURVE ( 'NONE', #5718, #287, #3945, .T. ) ;
#4117 = ORIENTED_EDGE ( 'NONE', *, *, #3722, .T. ) ;
#4118 = VECTOR ( 'NONE', #1925, 1000.000000000000000 ) ;
#4119 = PLANE ( 'NONE',  #1421 ) ;
#4120 = CARTESIAN_POINT ( 'NONE',  ( 4.386318918061113514, 0.8964290159990536688, -3.206424206407054722 ) ) ;
#4121 = CARTESIAN_POINT ( 'NONE',  ( 4.323459175806839916, 0.9064290159990536777, -3.735590873073721507 ) ) ;
#4122 = FACE_OUTER_BOUND ( 'NONE', #5742, .T. ) ;
#4123 = ORIENTED_EDGE ( 'NONE', *, *, #5629, .T. ) ;
#4124 = EDGE_CURVE ( 'NONE', #2151, #2380, #4299, .T. ) ;
#4125 =( NAMED_UNIT ( * ) PLANE_ANGLE_UNIT ( ) SI_UNIT ( $, .RADIAN. ) );
#4126 = EDGE_CURVE ( 'NONE', #3586, #4015, #5999, .T. ) ;
#4127 = CARTESIAN_POINT ( 'NONE',  ( 0.2799999999999948641, 0.0000000000000000000, -0.6000000000000000888 ) ) ;
#4128 = CARTESIAN_POINT ( 'NONE',  ( 2.496248476574269848, 0.9064290159990537887, -3.947662242555172174 ) ) ;
#4129 = ORIENTED_EDGE ( 'NONE', *, *, #3936, .T. ) ;
#4130 = ORIENTED_EDGE ( 'NONE', *, *, #1556, .T. ) ;
#4131 = DIRECTION ( 'NONE',  ( 0.0000000000000000000, 0.0000000000000000000, 1.000000000000000000 ) ) ;
#4132 = DIRECTION ( 'NONE',  ( -0.0000000000000000000, -1.000000000000000000, -0.0000000000000000000 ) ) ;
#4133 = COLOUR_RGB ( '',0.7529411764705882248, 0.7529411764705882248, 0.7529411764705882248 ) ;
#4134 = EDGE_CURVE ( 'NONE', #6062, #190, #4883, .T. ) ;
#4135 = CARTESIAN_POINT ( 'NONE',  ( 0.6702943609139221381, 0.8964290159990537799, -0.9356850869151420724 ) ) ;
#4136 = ORIENTED_EDGE ( 'NONE', *, *, #3542, .T. ) ;
#4137 = ORIENTED_EDGE ( 'NONE', *, *, #1712, .F. ) ;
#4138 = DIRECTION ( 'NONE',  ( -0.8771175078130485359, 0.0000000000000000000, 0.4802758347947843065 ) ) ;
#4139 = ORIENTED_EDGE ( 'NONE', *, *, #5185, .T. ) ;
#4140 = CARTESIAN_POINT ( 'NONE',  ( 4.443751309888036793, 0.9064290159990536777, -3.206424206407054722 ) ) ;
#4141 = DIRECTION ( 'NONE',  ( -0.0000000000000000000, 1.000000000000000000, -0.0000000000000000000 ) ) ;
#4142 = DIRECTION ( 'NONE',  ( -1.000000000000000000, 0.0000000000000000000, 0.0000000000000000000 ) ) ;
#4143 = CARTESIAN_POINT ( 'NONE',  ( 4.178171548937181790, 0.8964290159990536688, -3.009038054711477006 ) ) ;
#4144 = AXIS2_PLACEMENT_3D ( 'NONE', #3414, #5382, #2991 ) ;
#4145 = CARTESIAN_POINT ( 'NONE',  ( 3.913694218541882375, 0.9064290159990536777, -3.009038054711477006 ) ) ;
#4146 = CARTESIAN_POINT ( 'NONE',  ( 4.386318918061113514, 0.9064290159990536777, -3.206424206407054722 ) ) ;
#4147 = CARTESIAN_POINT ( 'NONE',  ( 4.033541140283334769, 0.9064290159990536777, -3.206424206407054722 ) ) ;
#4148 = VECTOR ( 'NONE', #4791, 1000.000000000000000 ) ;
#4149 = ORIENTED_EDGE ( 'NONE', *, *, #1712, .T. ) ;
#4150 = CARTESIAN_POINT ( 'NONE',  ( 0.5291666666666666741, 0.9064290159990536777, -0.8039262820512820262 ) ) ;
#4151 = VECTOR ( 'NONE', #4155, 1000.000000000000000 ) ;
#4152 = EDGE_CURVE ( 'NONE', #495, #2370, #1939, .T. ) ;
#4153 = FACE_OUTER_BOUND ( 'NONE', #3885, .T. ) ;
#4154 = CARTESIAN_POINT ( 'NONE',  ( 0.0000000000000000000, 0.8964290159990536688, 0.0000000000000000000 ) ) ;
#4155 = DIRECTION ( 'NONE',  ( -0.0000000000000000000, -1.000000000000000000, -0.0000000000000000000 ) ) ;
#4156 = VERTEX_POINT ( 'NONE', #1828 ) ;
#4157 = DIRECTION ( 'NONE',  ( 0.0000000000000000000, -0.0000000000000000000, 1.000000000000000000 ) ) ;
#4158 = FACE_OUTER_BOUND ( 'NONE', #5553, .T. ) ;
#4159 = CARTESIAN_POINT ( 'NONE',  ( 2.733315139860792886, 0.9064290159990540108, -3.877340515903129337 ) ) ;
#4160 = ORIENTED_EDGE ( 'NONE', *, *, #659, .F. ) ;
#4161 = ORIENTED_EDGE ( 'NONE', *, *, #2985, .T. ) ;
#4162 = DIRECTION ( 'NONE',  ( -0.4802882638304222795, 0.0000000000000000000, -0.8771107020363840823 ) ) ;
#4163 = LINE ( 'NONE', #3221, #11 ) ;
#4164 = STYLED_ITEM ( 'NONE', ( #3697 ), #3681 ) ;
#4165 = DIRECTION ( 'NONE',  ( -0.3651136360950658633, 0.0000000000000000000, -0.9309629599170097247 ) ) ;
#4166 = VERTEX_POINT ( 'NONE', #2315 ) ;
#4167 = ORIENTED_EDGE ( 'NONE', *, *, #2406, .T. ) ;
#4168 = FACE_OUTER_BOUND ( 'NONE', #5620, .T. ) ;
#4169 = VERTEX_POINT ( 'NONE', #3676 ) ;
#4170 = LINE ( 'NONE', #4140, #3233 ) ;
#4171 = CARTESIAN_POINT ( 'NONE',  ( 2.890942930774717645, 0.8964290159990537799, -2.710732963850902344 ) ) ;
#4172 = CARTESIAN_POINT ( 'NONE',  ( 4.741810371052566531, 0.9064290159990536777, -3.206424206407054722 ) ) ;
#4173 = CARTESIAN_POINT ( 'NONE',  ( 2.470178138422652658, 0.8964290159990533358, -2.871164058989656098 ) ) ;
#4174 = VECTOR ( 'NONE', #5820, 1000.000000000000000 ) ;
#4175 = AXIS2_PLACEMENT_3D ( 'NONE', #6311, #2918, #887 ) ;
#4176 = VECTOR ( 'NONE', #5585, 1000.000000000000227 ) ;
#4177 = DIRECTION ( 'NONE',  ( 0.0000000000000000000, 0.0000000000000000000, 1.000000000000000000 ) ) ;
#4178 = DIRECTION ( 'NONE',  ( -0.0000000000000000000, -1.000000000000000000, -0.0000000000000000000 ) ) ;
#4179 = FACE_BOUND ( 'NONE', #244, .T. ) ;
#4180 = ORIENTED_EDGE ( 'NONE', *, *, #1359, .T. ) ;
#4181 = CARTESIAN_POINT ( 'NONE',  ( 3.491484516351711420, 0.8964290159990536688, -3.464223351706200216 ) ) ;
#4182 = LINE ( 'NONE', #6188, #2626 ) ;
#4183 = VECTOR ( 'NONE', #5782, 1000.000000000000000 ) ;
#4184 = EDGE_CURVE ( 'NONE', #673, #6241, #2835, .T. ) ;
#4185 = CARTESIAN_POINT ( 'NONE',  ( 5.642072123189318056, 0.9064290159990536777, -2.534144892318314746 ) ) ;
#4186 = CARTESIAN_POINT ( 'NONE',  ( 4.012170947975643109, 0.9064290159990536777, -2.479871388044810665 ) ) ;
#4187 = EDGE_LOOP ( 'NONE', ( #3713, #3341, #4913, #77, #5796, #4942, #92, #589, #316, #5484, #2669, #4012 ) ) ;
#4188 = PLANE ( 'NONE',  #4630 ) ;
#4189 = EDGE_CURVE ( 'NONE', #2364, #1160, #1730, .T. ) ;
#4190 = DIRECTION ( 'NONE',  ( -0.0000000000000000000, -1.000000000000000000, -0.0000000000000000000 ) ) ;
#4191 = CARTESIAN_POINT ( 'NONE',  ( 4.695677892420087041, 0.9064290159990536777, -2.620961298568314835 ) ) ;
#4192 = VERTEX_POINT ( 'NONE', #4737 ) ;
#4193 = VERTEX_POINT ( 'NONE', #4808 ) ;
#4194 =( NAMED_UNIT ( * ) SI_UNIT ( $, .STERADIAN. ) SOLID_ANGLE_UNIT ( ) );
#4195 = LINE ( 'NONE', #278, #2059 ) ;
#4196 = ADVANCED_FACE ( 'NONE', ( #2212 ), #5635, .T. ) ;
#4197 = DIRECTION ( 'NONE',  ( -1.000000000000000000, 0.0000000000000000000, 0.0000000000000000000 ) ) ;
#4198 = VERTEX_POINT ( 'NONE', #3801 ) ;
#4199 = ORIENTED_EDGE ( 'NONE', *, *, #3722, .F. ) ;
#4200 = PLANE ( 'NONE',  #567 ) ;
#4201 = ORIENTED_EDGE ( 'NONE', *, *, #2114, .F. ) ;
#4202 = DIRECTION ( 'NONE',  ( -0.0000000000000000000, -1.000000000000000000, -0.0000000000000000000 ) ) ;
#4203 = CARTESIAN_POINT ( 'NONE',  ( 2.531402579107142170, 0.9064290159990535667, -2.538609613256654018 ) ) ;
#4204 = EDGE_CURVE ( 'NONE', #791, #1603, #3208, .T. ) ;
#4205 = AXIS2_PLACEMENT_3D ( 'NONE', #6295, #3282, #4813 ) ;
#4206 = CARTESIAN_POINT ( 'NONE',  ( 0.6876887375851097328, 0.8964290159990538909, -0.6730892592106024752 ) ) ;
#4207 = CARTESIAN_POINT ( 'NONE',  ( 2.829999999999994742, -0.01000000000000000021, -2.349999999999999645 ) ) ;
#4208 = EDGE_CURVE ( 'NONE', #803, #3184, #5156, .T. ) ;
#4209 = EDGE_CURVE ( 'NONE', #492, #5044, #794, .T. ) ;
#4210 = VECTOR ( 'NONE', #1689, 1000.000000000000000 ) ;
#4211 = LINE ( 'NONE', #2274, #4843 ) ;
#4212 = VECTOR ( 'NONE', #1696, 1000.000000000000227 ) ;
#4213 = DIRECTION ( 'NONE',  ( -0.0000000000000000000, -1.000000000000000000, -0.0000000000000000000 ) ) ;
#4214 = EDGE_LOOP ( 'NONE', ( #4160, #5002, #5035, #733 ) ) ;
#4215 = DIRECTION ( 'NONE',  ( 0.0000000000000000000, 0.0000000000000000000, -1.000000000000000000 ) ) ;
#4216 = CARTESIAN_POINT ( 'NONE',  ( 2.936183926796547716, 0.9064290159990536777, -3.083211326564903043 ) ) ;
#4217 = VECTOR ( 'NONE', #4604, 999.9999999999998863 ) ;
#4218 = CARTESIAN_POINT ( 'NONE',  ( 3.749177658712822492, 0.8964290159990536688, -3.009038054711477006 ) ) ;
#4219 = AXIS2_PLACEMENT_3D ( 'NONE', #1503, #896, #925 ) ;
#4220 = ADVANCED_FACE ( 'NONE', ( #2280 ), #4284, .F. ) ;
#4221 = FACE_OUTER_BOUND ( 'NONE', #99, .T. ) ;
#4222 = VERTEX_POINT ( 'NONE', #1211 ) ;
#4223 = CARTESIAN_POINT ( 'NONE',  ( 6.499999999999997335, 0.8964290159990536688, 0.0000000000000000000 ) ) ;
#4224 = LINE ( 'NONE', #5159, #1318 ) ;
#4225 = VECTOR ( 'NONE', #862, 1000.000000000000114 ) ;
#4226 = DIRECTION ( 'NONE',  ( 0.0000000000000000000, -0.0000000000000000000, -1.000000000000000000 ) ) ;
#4227 = VECTOR ( 'NONE', #4131, 1000.000000000000000 ) ;
#4228 = LINE ( 'NONE', #3712, #5840 ) ;
#4229 = VERTEX_POINT ( 'NONE', #336 ) ;
#4230 = ORIENTED_EDGE ( 'NONE', *, *, #1207, .T. ) ;
#4231 = CARTESIAN_POINT ( 'NONE',  ( 0.0000000000000000000, 0.9064290159990536777, 0.0000000000000000000 ) ) ;
#4232 = LINE ( 'NONE', #2193, #664 ) ;
#4233 = PLANE ( 'NONE',  #5339 ) ;
#4234 = ORIENTED_EDGE ( 'NONE', *, *, #5943, .T. ) ;
#4235 = ORIENTED_EDGE ( 'NONE', *, *, #6284, .T. ) ;
#4236 = CARTESIAN_POINT ( 'NONE',  ( 2.944284913034486806, 0.9064290159990536777, -3.540846179503896796 ) ) ;
#4237 = ORIENTED_EDGE ( 'NONE', *, *, #21, .F. ) ;
#4238 = VECTOR ( 'NONE', #3474, 1000.000000000000000 ) ;
#4239 = CARTESIAN_POINT ( 'NONE',  ( 2.970719048524183670, 0.9064290159990535667, -2.907819957238368946 ) ) ;
#4240 = DIRECTION ( 'NONE',  ( -1.000000000000000000, 0.0000000000000000000, 0.0000000000000000000 ) ) ;
#4241 = CARTESIAN_POINT ( 'NONE',  ( 2.376074846742460167, 0.9064290159990536777, -2.858746822197040682 ) ) ;
#4242 = ORIENTED_EDGE ( 'NONE', *, *, #1058, .F. ) ;
#4243 = CARTESIAN_POINT ( 'NONE',  ( 2.567650366063694456, 0.9064290159990537887, -3.013529268605844358 ) ) ;
#4244 = CARTESIAN_POINT ( 'NONE',  ( 2.391587361516053001, 0.9064290159990536777, -3.634977215778476101 ) ) ;
#4245 = ADVANCED_FACE ( 'NONE', ( #5285 ), #5182, .T. ) ;
#4246 = DIRECTION ( 'NONE',  ( 0.0000000000000000000, -1.000000000000000000, 0.0000000000000000000 ) ) ;
#4247 = ORIENTED_EDGE ( 'NONE', *, *, #2227, .T. ) ;
#4248 = LINE ( 'NONE', #4769, #5876 ) ;
#4249 = CARTESIAN_POINT ( 'NONE',  ( 4.592155423135899639, 0.9064290159990536777, -3.477155710146370815 ) ) ;
#4250 = DIRECTION ( 'NONE',  ( 0.0000000000000000000, 0.0000000000000000000, -1.000000000000000000 ) ) ;
#4251 = CARTESIAN_POINT ( 'NONE',  ( 0.5381966506841733278, 0.9064290159990537887, -0.8550933745953100962 ) ) ;
#4252 = EDGE_LOOP ( 'NONE', ( #2744, #2550, #339, #5783 ) ) ;
#4253 = CARTESIAN_POINT ( 'NONE',  ( 3.649999999999995026, 0.0000000000000000000, -2.349999999999999645 ) ) ;
#4254 = FACE_OUTER_BOUND ( 'NONE', #3093, .T. ) ;
#4255 = EDGE_CURVE ( 'NONE', #2711, #666, #2730, .T. ) ;
#4256 = CARTESIAN_POINT ( 'NONE',  ( 4.017259089001283812, 0.9064290159990536777, -2.620961298568314835 ) ) ;
#4257 = VERTEX_POINT ( 'NONE', #4317 ) ;
#4258 = ORIENTED_EDGE ( 'NONE', *, *, #6342, .T. ) ;
#4259 = FACE_OUTER_BOUND ( 'NONE', #3262, .T. ) ;
#4260 = LINE ( 'NONE', #1317, #3933 ) ;
#4261 = DIRECTION ( 'NONE',  ( -0.4802882638304222795, 0.0000000000000000000, -0.8771107020363840823 ) ) ;
#4262 = ORIENTED_EDGE ( 'NONE', *, *, #2709, .F. ) ;
#4263 = DIRECTION ( 'NONE',  ( 1.000000000000000000, 0.0000000000000000000, 0.0000000000000000000 ) ) ;
#4264 = EDGE_CURVE ( 'NONE', #2554, #958, #1276, .T. ) ;
#4265 = EDGE_CURVE ( 'NONE', #4365, #1781, #2242, .T. ) ;
#4266 = ORIENTED_EDGE ( 'NONE', *, *, #4607, .T. ) ;
#4267 = LINE ( 'NONE', #1811, #1267 ) ;
#4268 = ORIENTED_EDGE ( 'NONE', *, *, #2932, .F. ) ;
#4269 = VECTOR ( 'NONE', #6181, 1000.000000000000000 ) ;
#4270 = CARTESIAN_POINT ( 'NONE',  ( 2.935987170650024680, 0.9064290159990536777, -2.775639681362948696 ) ) ;
#4271 = CARTESIAN_POINT ( 'NONE',  ( 4.332511826714958936, 0.9064290159990536777, -2.479871388044810665 ) ) ;
#4272 = CARTESIAN_POINT ( 'NONE',  ( 2.944497724006202688, 0.8964290159990536688, -3.553425501830485000 ) ) ;
#4273 = B_SPLINE_CURVE_WITH_KNOTS ( 'NONE', 3,
 ( #3611, #3207, #6092, #5574, #5120, #143, #4581, #4216, #1729, #2633, #264, #1149, #4704, #2604, #700 ),
 .UNSPECIFIED., .F., .F.,
 ( 4, 1, 1, 1, 1, 1, 1, 1, 1, 1, 1, 1, 4 ),
 ( 0.0000000000000000000, 0.1046034082679827976, 0.2145115315724320237, 0.3316919673939478508, 0.4557434077626733027, 0.5200308860970273006, 0.5842901427240489998, 0.6490772883699977847, 0.7151458860839163822, 0.7825911865829718872, 0.8523255075812795623, 0.9250395303005765069, 1.000000000000000000 ),
 .UNSPECIFIED. ) ;
#4274 = ORIENTED_EDGE ( 'NONE', *, *, #6180, .F. ) ;
#4275 = UNCERTAINTY_MEASURE_WITH_UNIT (LENGTH_MEASURE( 1.000000000000000082E-05 ), #4335, 'distance_accuracy_value', 'NONE');
#4276 = ORIENTED_EDGE ( 'NONE', *, *, #1597, .T. ) ;
#4277 = CARTESIAN_POINT ( 'NONE',  ( 2.441840610791274901, 0.9064290159990537887, -3.106431148302212009 ) ) ;
#4278 = CARTESIAN_POINT ( 'NONE',  ( 4.012170947975643109, 0.8964290159990536688, -2.479871388044810665 ) ) ;
#4279 = CARTESIAN_POINT ( 'NONE',  ( 0.6614583333333333703, 0.9064290159990536777, -0.6716346153846154410 ) ) ;
#4280 = LINE ( 'NONE', #3732, #3402 ) ;
#4281 = VECTOR ( 'NONE', #2643, 1000.000000000000114 ) ;
#4282 = CARTESIAN_POINT ( 'NONE',  ( 4.209930029172224586, 0.9064290159990536777, -3.528355129216884212 ) ) ;
#4283 = VECTOR ( 'NONE', #2834, 1000.000000000000000 ) ;
#4284 = PLANE ( 'NONE',  #2704 ) ;
#4285 = CARTESIAN_POINT ( 'NONE',  ( 0.5291666666666666741, 0.9064290159990536777, -0.8039262820512820262 ) ) ;
#4286 = ORIENTED_EDGE ( 'NONE', *, *, #1667, .T. ) ;
#4287 = CARTESIAN_POINT ( 'NONE',  ( 0.0000000000000000000, -0.01000000000000000021, 0.0000000000000000000 ) ) ;
#4288 = DIRECTION ( 'NONE',  ( 0.0000000000000000000, -0.0000000000000000000, 1.000000000000000000 ) ) ;
#4289 = EDGE_CURVE ( 'NONE', #3226, #1367, #3738, .T. ) ;
#4290 = DIRECTION ( 'NONE',  ( -1.000000000000000000, 0.0000000000000000000, -0.0000000000000000000 ) ) ;
#4291 = CARTESIAN_POINT ( 'NONE',  ( 2.926955054159556369, 0.9064290159990536777, -3.658647635525225095 ) ) ;
#4292 = ORIENTED_EDGE ( 'NONE', *, *, #6024, .T. ) ;
#4293 = ORIENTED_EDGE ( 'NONE', *, *, #1902, .T. ) ;
#4294 = CARTESIAN_POINT ( 'NONE',  ( 4.349999999999997868, -0.01000000000000000021, -0.3500000000000000333 ) ) ;
#4295 = CARTESIAN_POINT ( 'NONE',  ( 4.379534730026925615, 0.9064290159990536777, -3.735590873073721507 ) ) ;
#4296 = DIRECTION ( 'NONE',  ( 1.000000000000000000, 0.0000000000000000000, 0.0000000000000000000 ) ) ;
#4297 = ORIENTED_EDGE ( 'NONE', *, *, #1321, .T. ) ;
#4298 = EDGE_LOOP ( 'NONE', ( #6110, #2480, #1685, #3815 ) ) ;
#4299 = LINE ( 'NONE', #2909, #2415 ) ;
#4300 = VERTEX_POINT ( 'NONE', #5214 ) ;
#4301 = ADVANCED_FACE ( 'NONE', ( #4674 ), #236, .T. ) ;
#4302 = CARTESIAN_POINT ( 'NONE',  ( 2.969828578843424438, 0.9064290159990537887, -2.882706120251762982 ) ) ;
#4303 = LINE ( 'NONE', #817, #3484 ) ;
#4304 = FACE_OUTER_BOUND ( 'NONE', #6375, .T. ) ;
#4305 = VERTEX_POINT ( 'NONE', #1340 ) ;
#4306 = CARTESIAN_POINT ( 'NONE',  ( 2.441840610791274901, 0.8964290159990537799, -3.106431148302212009 ) ) ;
#4307 = EDGE_LOOP ( 'NONE', ( #251, #27, #3941, #2145 ) ) ;
#4308 = FACE_OUTER_BOUND ( 'NONE', #1550, .T. ) ;
#4309 = DIRECTION ( 'NONE',  ( -0.4802882638304245555, 0.0000000000000000000, 0.8771107020363828610 ) ) ;
#4310 = AXIS2_PLACEMENT_3D ( 'NONE', #787, #2270, #6209 ) ;
#4311 = LINE ( 'NONE', #6217, #1676 ) ;
#4312 = DIRECTION ( 'NONE',  ( -1.000000000000000000, 0.0000000000000000000, 0.0000000000000000000 ) ) ;
#4313 = DIRECTION ( 'NONE',  ( -0.0000000000000000000, 1.000000000000000000, -0.0000000000000000000 ) ) ;
#4314 = VECTOR ( 'NONE', #4887, 1000.000000000000000 ) ;
#4315 = CARTESIAN_POINT ( 'NONE',  ( 5.087803960796155600, 0.9064290159990536777, -3.735590873073721507 ) ) ;
#4316 = ADVANCED_FACE ( 'NONE', ( #3312 ), #1795, .T. ) ;
#4317 = CARTESIAN_POINT ( 'NONE',  ( 3.649999999999996358, 0.0000000000000000000, -5.150000000000000355 ) ) ;
#4318 = AXIS2_PLACEMENT_3D ( 'NONE', #6260, #307, #5218 ) ;
#4319 = CARTESIAN_POINT ( 'NONE',  ( 3.491484516351711420, 0.9064290159990536777, -3.206424206407054722 ) ) ;
#4320 = VERTEX_POINT ( 'NONE', #5248 ) ;
#4321 = SURFACE_SIDE_STYLE ('',( #5771 ) ) ;
#4322 = B_SPLINE_SURFACE_WITH_KNOTS ( 'NONE', 3, 1, ( 
 ( #1996, #4029 ),
 ( #1475, #3970 ),
 ( #2085, #3546 ),
 ( #2995, #3998 ),
 ( #1600, #3449 ),
 ( #5968, #5938 ),
 ( #1506, #5059 ),
 ( #3513, #5419 ),
 ( #5995, #993 ),
 ( #5025, #4963 ),
 ( #539, #4933 ) ),
 .UNSPECIFIED., .F., .F., .F.,
 ( 4, 1, 1, 1, 1, 1, 1, 1, 4 ),
 ( 2, 2 ),
 ( 0.0000000000000000000, 0.1276753205943264580, 0.2507219899616132119, 0.3726777815650326176, 0.4999116359629985351, 0.6271454903609644527, 0.7511789779392594735, 0.8723246794056734865, 1.000000000000000000 ),
 ( 0.0000000000000000000, 1.000000000000000000 ),
 .UNSPECIFIED. ) ;
#4323 = SURFACE_STYLE_FILL_AREA ( #5418 ) ;
#4324 = FACE_OUTER_BOUND ( 'NONE', #5710, .T. ) ;
#4325 = VECTOR ( 'NONE', #4899, 1000.000000000000000 ) ;
#4326 = ADVANCED_FACE ( 'NONE', ( #505 ), #2990, .T. ) ;
#4327 = ORIENTED_EDGE ( 'NONE', *, *, #1237, .T. ) ;
#4328 = CARTESIAN_POINT ( 'NONE',  ( 2.454391015947646526, 0.9064290159990537887, -3.388553803004070719 ) ) ;
#4329 = EDGE_CURVE ( 'NONE', #1749, #2876, #3377, .T. ) ;
#4330 = CARTESIAN_POINT ( 'NONE',  ( 0.7922299964432918395, 0.8964290159990537799, -0.7778517899298401650 ) ) ;
#4331 = VECTOR ( 'NONE', #1465, 1000.000000000000000 ) ;
#4332 = ORIENTED_EDGE ( 'NONE', *, *, #1698, .T. ) ;
#4333 = CARTESIAN_POINT ( 'NONE',  ( 1.010593714943949006, 0.9064290159990536777, -2.278859406479815330 ) ) ;
#4334 = ORIENTED_EDGE ( 'NONE', *, *, #3375, .F. ) ;
#4335 =( LENGTH_UNIT ( ) NAMED_UNIT ( * ) SI_UNIT ( .MILLI., .METRE. ) );
#4336 = ORIENTED_EDGE ( 'NONE', *, *, #3188, .T. ) ;
#4337 = EDGE_CURVE ( 'NONE', #4659, #2023, #3863, .T. ) ;
#4338 = CARTESIAN_POINT ( 'NONE',  ( 4.535973865977779518, 0.8964290159990536688, -3.477155710146370815 ) ) ;
#4339 = PLANE ( 'NONE',  #4099 ) ;
#4340 = PLANE ( 'NONE',  #1360 ) ;
#4341 = ORIENTED_EDGE ( 'NONE', *, *, #4342, .F. ) ;
#4342 = EDGE_CURVE ( 'NONE', #3391, #6131, #4836, .T. ) ;
#4343 = CARTESIAN_POINT ( 'NONE',  ( 2.496248476574269848, 0.8964290159990537799, -3.947662242555172174 ) ) ;
#4344 = ORIENTED_EDGE ( 'NONE', *, *, #4417, .F. ) ;
#4345 = DIRECTION ( 'NONE',  ( 0.0000000000000000000, 0.0000000000000000000, 1.000000000000000000 ) ) ;
#4346 = DIRECTION ( 'NONE',  ( -0.0000000000000000000, 1.000000000000000000, -0.0000000000000000000 ) ) ;
#4347 = FILL_AREA_STYLE ('',( #2863 ) ) ;
#4348 =( LENGTH_UNIT ( ) NAMED_UNIT ( * ) SI_UNIT ( .MILLI., .METRE. ) );
#4349 = DIRECTION ( 'NONE',  ( -0.0000000000000000000, -1.000000000000000000, -0.0000000000000000000 ) ) ;
#4350 = CARTESIAN_POINT ( 'NONE',  ( 3.443995200112394794, 0.9064290159990536777, -3.206424206407054722 ) ) ;
#4351 = ORIENTED_EDGE ( 'NONE', *, *, #4684, .F. ) ;
#4352 = CARTESIAN_POINT ( 'NONE',  ( 4.946290038520515076, 0.8964290159990536688, -3.477155710146370815 ) ) ;
#4353 = EDGE_CURVE ( 'NONE', #3253, #1489, #3930, .T. ) ;
#4354 = DIRECTION ( 'NONE',  ( -0.8771107020363841933, 0.0000000000000000000, 0.4802882638304223906 ) ) ;
#4355 = DIRECTION ( 'NONE',  ( 0.0000000000000000000, 0.0000000000000000000, -1.000000000000000000 ) ) ;
#4356 = ORIENTED_EDGE ( 'NONE', *, *, #4476, .T. ) ;
#4357 =( GEOMETRIC_REPRESENTATION_CONTEXT ( 3 ) GLOBAL_UNCERTAINTY_ASSIGNED_CONTEXT ( ( #328 ) ) GLOBAL_UNIT_ASSIGNED_CONTEXT ( ( #6250, #4732, #3794 ) ) REPRESENTATION_CONTEXT ( 'NONE', 'WORKASPACE' ) );
#4358 = ORIENTED_EDGE ( 'NONE', *, *, #5829, .T. ) ;
#4359 = CARTESIAN_POINT ( 'NONE',  ( 2.552682326230383048, 0.9064290159990535667, -3.510667929827012035 ) ) ;
#4360 = CARTESIAN_POINT ( 'NONE',  ( 0.7353720912271701771, 0.8964290159990537799, -0.6930866069402220608 ) ) ;
#4361 = VECTOR ( 'NONE', #4905, 1000.000000000000000 ) ;
#4362 = EDGE_LOOP ( 'NONE', ( #2400, #1575, #482, #2618 ) ) ;
#4363 = PRESENTATION_LAYER_ASSIGNMENT (  '', '', ( #3017 ) ) ;
#4364 = LINE ( 'NONE', #937, #256 ) ;
#4365 = VERTEX_POINT ( 'NONE', #5344 ) ;
#4366 = CARTESIAN_POINT ( 'NONE',  ( 2.861815330809401203, 0.8964290159990534468, -2.680150639749945718 ) ) ;
#4367 = EDGE_LOOP ( 'NONE', ( #1656, #6237, #3328, #2882, #5734, #2135 ) ) ;
#4368 = EDGE_CURVE ( 'NONE', #3651, #306, #2957, .T. ) ;
#4369 = DIRECTION ( 'NONE',  ( 1.000000000000000000, 0.0000000000000000000, 0.0000000000000000000 ) ) ;
#4370 = DIRECTION ( 'NONE',  ( 0.5212085848325783699, 0.0000000000000000000, -0.8534293240197579067 ) ) ;
#4371 = CARTESIAN_POINT ( 'NONE',  ( 2.774470093982562169, 0.9064290159990536777, -3.252094483311966489 ) ) ;
#4372 = ORIENTED_EDGE ( 'NONE', *, *, #6006, .F. ) ;
#4373 = FACE_OUTER_BOUND ( 'NONE', #1708, .T. ) ;
#4374 = B_SPLINE_SURFACE_WITH_KNOTS ( 'NONE', 3, 1, ( 
 ( #6108, #3196 ),
 ( #4236, #3225 ),
 ( #1229, #5198 ),
 ( #2782, #5170 ),
 ( #2745, #4720 ),
 ( #286, #3135 ),
 ( #4106, #2264 ),
 ( #1684, #6204 ),
 ( #3628, #1291 ),
 ( #6077, #5588 ),
 ( #1169, #5109 ),
 ( #686, #3660 ),
 ( #5621, #1198 ),
 ( #5748, #5814 ),
 ( #2849, #5849 ),
 ( #3906, #1809 ),
 ( #845, #2363 ),
 ( #1322, #5880 ),
 ( #1937, #318 ) ),
 .UNSPECIFIED., .F., .F., .F.,
 ( 4, 1, 1, 1, 1, 1, 1, 1, 1, 1, 1, 1, 1, 1, 1, 1, 4 ),
 ( 2, 2 ),
 ( 0.0000000000000000000, 0.1140030800515474257, 0.2209111539002908964, 0.3211249107645967049, 0.4181342110000748624, 0.5058316848733231952, 0.5793175586488595874, 0.6522000865480223064, 0.7405221382852034129, 0.7849188993333421349, 0.8205474306993119082, 0.8485041895632599029, 0.8687900511545401105, 0.8890759127458204292, 0.9176595588659240965, 0.9545798757769611287, 1.000000000000000000 ),
 ( 0.0000000000000000000, 1.000000000000000000 ),
 .UNSPECIFIED. ) ;
#4375 = ORIENTED_EDGE ( 'NONE', *, *, #3963, .T. ) ;
#4376 = CARTESIAN_POINT ( 'NONE',  ( 3.491484516351711420, 0.8964290159990536688, -3.518496855979704296 ) ) ;
#4377 = AXIS2_PLACEMENT_3D ( 'NONE', #5899, #1469, #5932 ) ;
#4378 = DIRECTION ( 'NONE',  ( 0.0000000000000000000, 0.0000000000000000000, -1.000000000000000000 ) ) ;
#4379 = DIRECTION ( 'NONE',  ( 1.000000000000000000, 0.0000000000000000000, 0.0000000000000000000 ) ) ;
#4380 = CARTESIAN_POINT ( 'NONE',  ( 3.969324560422224035, 0.9064290159990536777, -3.735590873073721507 ) ) ;
#4381 = COLOUR_RGB ( '',1.000000000000000000, 1.000000000000000000, 1.000000000000000000 ) ;
#4382 = DIRECTION ( 'NONE',  ( 1.000000000000000000, 0.0000000000000000000, 0.0000000000000000000 ) ) ;
#4383 = LINE ( 'NONE', #3931, #119 ) ;
#4384 = ORIENTED_EDGE ( 'NONE', *, *, #3905, .T. ) ;
#4385 = ORIENTED_EDGE ( 'NONE', *, *, #1359, .F. ) ;
#4386 = LINE ( 'NONE', #5839, #393 ) ;
#4387 = EDGE_CURVE ( 'NONE', #1392, #2898, #6289, .T. ) ;
#4388 = ADVANCED_FACE ( 'NONE', ( #5415 ), #3346, .F. ) ;
#4389 = FACE_OUTER_BOUND ( 'NONE', #277, .T. ) ;
#4390 = VECTOR ( 'NONE', #2911, 1000.000000000000000 ) ;
#4391 = VECTOR ( 'NONE', #2756, 1000.000000000000000 ) ;
#4392 = EDGE_LOOP ( 'NONE', ( #5259, #973, #63, #772, #1438, #3434, #5781, #4717, #5826, #3280, #2725, #3097 ) ) ;
#4393 = CARTESIAN_POINT ( 'NONE',  ( 2.556352020743573039, 0.8964290159990538909, -2.931948796149302705 ) ) ;
#4394 = EDGE_CURVE ( 'NONE', #3327, #3920, #1399, .T. ) ;
#4395 = DIRECTION ( 'NONE',  ( -0.0000000000000000000, -1.000000000000000000, -0.0000000000000000000 ) ) ;
#4396 = ORIENTED_EDGE ( 'NONE', *, *, #5671, .T. ) ;
#4397 = PRESENTATION_LAYER_ASSIGNMENT (  '', '', ( #2848 ) ) ;
#4398 = SURFACE_STYLE_USAGE ( .BOTH. , #5326 ) ;
#4399 = EDGE_LOOP ( 'NONE', ( #6069, #1220, #2541, #4161 ) ) ;
#4400 = DIRECTION ( 'NONE',  ( 0.4804152582365231461, 0.0000000000000000000, 0.8770411504904059852 ) ) ;
#4401 = ORIENTED_EDGE ( 'NONE', *, *, #930, .T. ) ;
#4402 = EDGE_CURVE ( 'NONE', #3791, #2422, #3833, .T. ) ;
#4403 = LINE ( 'NONE', #1456, #2421 ) ;
#4404 = EDGE_CURVE ( 'NONE', #283, #101, #5900, .T. ) ;
#4405 = CARTESIAN_POINT ( 'NONE',  ( 2.829999999999994742, -0.01000000000000000021, -0.3500000000000004774 ) ) ;
#4406 = CARTESIAN_POINT ( 'NONE',  ( 4.394459943702138993, 0.8964290159990536688, -3.735590873073721507 ) ) ;
#4407 = VERTEX_POINT ( 'NONE', #2439 ) ;
#4408 = EDGE_LOOP ( 'NONE', ( #2303, #3304, #4721, #1798, #4086 ) ) ;
#4409 = PLANE ( 'NONE',  #1493 ) ;
#4410 = ORIENTED_EDGE ( 'NONE', *, *, #4863, .T. ) ;
#4411 = PLANE ( 'NONE',  #5605 ) ;
#4412 = CARTESIAN_POINT ( 'NONE',  ( 3.735482079118805476, 0.9064290159990536777, -3.206424206407054722 ) ) ;
#4413 = EDGE_CURVE ( 'NONE', #1133, #3041, #5315, .T. ) ;
#4414 = CARTESIAN_POINT ( 'NONE',  ( 0.6614583333333333703, 0.8964290159990536688, -0.9362179487179487225 ) ) ;
#4415 = ADVANCED_FACE ( 'NONE', ( #1960 ), #1470, .T. ) ;
#4416 = DIRECTION ( 'NONE',  ( -0.0000000000000000000, 1.000000000000000000, -0.0000000000000000000 ) ) ;
#4417 = EDGE_CURVE ( 'NONE', #3128, #2473, #3445, .T. ) ;
#4418 = FACE_OUTER_BOUND ( 'NONE', #6164, .T. ) ;
#4419 = LINE ( 'NONE', #5444, #5563 ) ;
#4420 = PRESENTATION_STYLE_ASSIGNMENT (( #1400 ) ) ;
#4421 = ORIENTED_EDGE ( 'NONE', *, *, #265, .F. ) ;
#4422 = AXIS2_PLACEMENT_3D ( 'NONE', #702, #4646, #4030 ) ;
#4423 = FACE_OUTER_BOUND ( 'NONE', #412, .T. ) ;
#4424 = VECTOR ( 'NONE', #5448, 1000.000000000000000 ) ;
#4425 = LINE ( 'NONE', #2476, #2448 ) ;
#4426 = VECTOR ( 'NONE', #1215, 1000.000000000000000 ) ;
#4427 = CARTESIAN_POINT ( 'NONE',  ( 2.349016341027479360, 0.9064290159990536777, -3.955798581026702454 ) ) ;
#4428 = VECTOR ( 'NONE', #2147, 1000.000000000000000 ) ;
#4429 = CARTESIAN_POINT ( 'NONE',  ( 2.538709376369955972, 0.8964290159990536688, -3.455095426706072725 ) ) ;
#4430 = VERTEX_POINT ( 'NONE', #5867 ) ;
#4431 = DIRECTION ( 'NONE',  ( -0.0000000000000000000, 1.000000000000000000, -0.0000000000000000000 ) ) ;
#4432 = VERTEX_POINT ( 'NONE', #18 ) ;
#4433 = CARTESIAN_POINT ( 'NONE',  ( 5.255373405240600704, 0.8964290159990536688, -3.009038054711477006 ) ) ;
#4434 = ORIENTED_EDGE ( 'NONE', *, *, #6285, .F. ) ;
#4435 = VECTOR ( 'NONE', #2896, 1000.000000000000000 ) ;
#4436 = ORIENTED_EDGE ( 'NONE', *, *, #4587, .T. ) ;
#4437 = PLANE ( 'NONE',  #6033 ) ;
#4438 = DIRECTION ( 'NONE',  ( 0.0000000000000000000, 0.0000000000000000000, -1.000000000000000000 ) ) ;
#4439 = LINE ( 'NONE', #5460, #1675 ) ;
#4440 = CLOSED_SHELL ( 'NONE', ( #81, #5617, #5098, #5723, #4388, #6267, #968, #2377, #3927, #4220, #5275, #4530, #2850, #4087, #2061, #153, #2942, #1706, #2698, #2302, #6198, #5201, #1194, #1108, #3667, #5263, #426, #1516, #3172, #172, #6139, #3681, #1998, #5067, #3061, #5005, #4071, #5636, #6021, #3059, #2154, #4495, #5927, #3353, #4633, #2562, #3232, #1473, #962, #3993, #3481, #3842, #4862, #2917, #1338, #3968, #1813, #2836, #1433, #3635, #5549, #5660, #3538, #3735, #5131, #1756, #1144, #2614, #1246, #776, #5225, #3236, #3209, #3251, #5688, #4779, #1796, #2874, #6222, #3907, #6214, #2171, #1568, #2141, #3060, #1566, #498, #5447, #4697, #3816, #3037, #2111, #5772, #1380, #5414, #2700, #5211, #3736, #3112, #370, #3619, #5702, #5744, #3440, #4316, #2478, #885, #4677, #4965, #2508, #1699, #4994, #6363, #2790, #134, #2091, #3332, #1912, #1919, #1628, #1257, #1723, #5470, #4245, #4865, #2866, #3796, #5431, #1086, #5468, #6086, #3892, #1836, #6128, #5892, #4104, #5402, #4196, #2115, #88, #2500, #4301, #3002, #552, #4415, #1982, #3658, #2758, #4807, #4058, #5104, #2993, #3633, #6221, #5775, #6397, #294, #2030, #4326, #1732, #2076, #2170, #5540, #5350, #5685, #3876, #5208, #5327, #1411, #2049, #3122, #3877, #1896, #2289, #704, #1957, #4522, #2272, #1430, #281, #2634, #4069 ) ) ;
#4441 = VECTOR ( 'NONE', #1890, 1000.000000000000000 ) ;
#4442 = CARTESIAN_POINT ( 'NONE',  ( 4.592155423135899639, 0.8964290159990536688, -3.477155710146370815 ) ) ;
#4443 = VERTEX_POINT ( 'NONE', #1435 ) ;
#4444 = ORIENTED_EDGE ( 'NONE', *, *, #4289, .F. ) ;
#4445 = CARTESIAN_POINT ( 'NONE',  ( 2.407577142295724837, 0.9064290159990535667, -3.108412991622791832 ) ) ;
#4446 = EDGE_LOOP ( 'NONE', ( #4702, #4768, #4276, #449 ) ) ;
#4447 = CARTESIAN_POINT ( 'NONE',  ( 3.586463148830343783, 0.8964290159990536688, -2.479871388044810665 ) ) ;
#4448 = EDGE_CURVE ( 'NONE', #2844, #2296, #3477, .T. ) ;
#4449 = VECTOR ( 'NONE', #5024, 1000.000000000000000 ) ;
#4450 = PLANE ( 'NONE',  #1329 ) ;
#4451 = CARTESIAN_POINT ( 'NONE',  ( 3.827704635208549089, 0.9064290159990536777, -3.477155710146370815 ) ) ;
#4452 = CARTESIAN_POINT ( 'NONE',  ( 4.238020807751283314, 0.9064290159990536777, -3.477155710146370815 ) ) ;
#4453 = CARTESIAN_POINT ( 'NONE',  ( 0.0000000000000000000, 0.9064290159990536777, 0.0000000000000000000 ) ) ;
#4454 = CARTESIAN_POINT ( 'NONE',  ( 2.944070577359199081, 0.9064290159990535667, -3.565158282828082115 ) ) ;
#4455 = DIRECTION ( 'NONE',  ( -0.0000000000000000000, -1.000000000000000000, -0.0000000000000000000 ) ) ;
#4456 = DIRECTION ( 'NONE',  ( 0.0000000000000000000, 0.0000000000000000000, -1.000000000000000000 ) ) ;
#4457 = ORIENTED_EDGE ( 'NONE', *, *, #2103, .T. ) ;
#4458 = VECTOR ( 'NONE', #6259, 1000.000000000000000 ) ;
#4459 =( NAMED_UNIT ( * ) PLANE_ANGLE_UNIT ( ) SI_UNIT ( $, .RADIAN. ) );
#4460 = LINE ( 'NONE', #53, #5546 ) ;
#4461 = EDGE_CURVE ( 'NONE', #6075, #5747, #4419, .T. ) ;
#4462 = CARTESIAN_POINT ( 'NONE',  ( 0.6703087537214805769, 0.9064290159990538998, -0.6721254278498536294 ) ) ;
#4463 = ORIENTED_EDGE ( 'NONE', *, *, #4184, .T. ) ;
#4464 = VECTOR ( 'NONE', #861, 1000.000000000000000 ) ;
#4465 = CARTESIAN_POINT ( 'NONE',  ( 4.677593791191455352, 0.8964290159990536688, -3.735590873073721507 ) ) ;
#4466 = VERTEX_POINT ( 'NONE', #3413 ) ;
#4467 = CARTESIAN_POINT ( 'NONE',  ( 4.387675755667951094, 0.9064290159990536777, -3.206424206407054722 ) ) ;
#4468 = EDGE_LOOP ( 'NONE', ( #5977, #1425, #4733, #2053 ) ) ;
#4469 = VECTOR ( 'NONE', #5788, 1000.000000000000000 ) ;
#4470 = CARTESIAN_POINT ( 'NONE',  ( 2.506889898591332599, 0.8964290159990536688, -3.088243786080615116 ) ) ;
#4471 = CARTESIAN_POINT ( 'NONE',  ( 5.594582806950002762, 0.9064290159990536777, -3.009038054711477006 ) ) ;
#4472 = AXIS2_PLACEMENT_3D ( 'NONE', #5763, #3699, #332 ) ;
#4473 = CARTESIAN_POINT ( 'NONE',  ( 3.749177658712822492, 0.9064290159990536777, -3.009038054711477006 ) ) ;
#4474 = DIRECTION ( 'NONE',  ( 0.9136674107863312910, 0.0000000000000000000, -0.4064626212421029727 ) ) ;
#4475 = ORIENTED_EDGE ( 'NONE', *, *, #3408, .F. ) ;
#4476 = EDGE_CURVE ( 'NONE', #2543, #2878, #2504, .T. ) ;
#4477 = EDGE_CURVE ( 'NONE', #4689, #5232, #955, .T. ) ;
#4478 = VERTEX_POINT ( 'NONE', #4987 ) ;
#4479 = CARTESIAN_POINT ( 'NONE',  ( 2.563698236277014431, 0.8964290159990537799, -3.935855727962026762 ) ) ;
#4480 = ORIENTED_EDGE ( 'NONE', *, *, #322, .T. ) ;
#4481 = CARTESIAN_POINT ( 'NONE',  ( 2.329525994297770630, 0.9064290159990536777, -3.374422054233952473 ) ) ;
#4482 = LINE ( 'NONE', #3043, #4021 ) ;
#4483 = CARTESIAN_POINT ( 'NONE',  ( 0.6702943609139221381, 0.8964290159990537799, -0.9356850869151420724 ) ) ;
#4484 = CARTESIAN_POINT ( 'NONE',  ( 2.579681981460850260, 0.9064290159990536777, -2.544133529032138963 ) ) ;
#4485 = DIRECTION ( 'NONE',  ( -0.9294713673588417269, 0.0000000000000000000, -0.3688942629807152040 ) ) ;
#4486 = LINE ( 'NONE', #5412, #4908 ) ;
#4487 = CARTESIAN_POINT ( 'NONE',  ( 5.255373405240600704, 0.9064290159990536777, -2.479871388044810665 ) ) ;
#4488 = ORIENTED_EDGE ( 'NONE', *, *, #1321, .F. ) ;
#4489 = B_SPLINE_SURFACE_WITH_KNOTS ( 'NONE', 3, 1, ( 
 ( #5073, #155 ),
 ( #2130, #651 ),
 ( #2616, #4595 ),
 ( #2024, #51 ),
 ( #1082, #4613 ),
 ( #3053, #5508 ),
 ( #2507, #2632 ),
 ( #4491, #3609 ),
 ( #3997, #667 ),
 ( #4056, #570 ),
 ( #5967, #2603 ) ),
 .UNSPECIFIED., .F., .F., .F.,
 ( 4, 1, 1, 1, 1, 1, 1, 1, 4 ),
 ( 2, 2 ),
 ( 0.0000000000000000000, 0.1015170763450491398, 0.2031399961452446112, 0.3098899409112731984, 0.4287492126762036393, 0.5557471139699673435, 0.6905023413649522546, 0.8373727517539387710, 1.000000000000000000 ),
 ( 0.0000000000000000000, 1.000000000000000000 ),
 .UNSPECIFIED. ) ;
#4490 = MECHANICAL_DESIGN_GEOMETRIC_PRESENTATION_REPRESENTATION (  '', ( #4164 ), #1899 ) ;
#4491 = CARTESIAN_POINT ( 'NONE',  ( 2.458652322607120855, 0.9064290159990536777, -3.627046804950190051 ) ) ;
#4492 = EDGE_CURVE ( 'NONE', #3300, #5307, #6053, .T. ) ;
#4493 = DIRECTION ( 'NONE',  ( 1.000000000000000000, 0.0000000000000000000, 0.0000000000000000000 ) ) ;
#4494 = CARTESIAN_POINT ( 'NONE',  ( 2.411165282937915766, 0.8964290159990538909, -2.861393957092697615 ) ) ;
#4495 = ADVANCED_FACE ( 'NONE', ( #2143 ), #5597, .T. ) ;
#4496 = EDGE_CURVE ( 'NONE', #6076, #2462, #3114, .T. ) ;
#4497 = VECTOR ( 'NONE', #1161, 1000.000000000000000 ) ;
#4498 = VECTOR ( 'NONE', #5153, 1000.000000000000000 ) ;
#4499 = DIRECTION ( 'NONE',  ( -0.0000000000000000000, -1.000000000000000000, -0.0000000000000000000 ) ) ;
#4500 = ORIENTED_EDGE ( 'NONE', *, *, #4928, .F. ) ;
#4501 = DIRECTION ( 'NONE',  ( -0.0000000000000000000, 1.000000000000000000, -0.0000000000000000000 ) ) ;
#4502 = ORIENTED_EDGE ( 'NONE', *, *, #5245, .F. ) ;
#4503 = FACE_BOUND ( 'NONE', #1855, .T. ) ;
#4504 = DIRECTION ( 'NONE',  ( 1.000000000000000000, 0.0000000000000000000, 0.0000000000000000000 ) ) ;
#4505 = COLOUR_RGB ( '',1.000000000000000000, 1.000000000000000000, 1.000000000000000000 ) ;
#4506 = DIRECTION ( 'NONE',  ( -0.0000000000000000000, -1.000000000000000000, -0.0000000000000000000 ) ) ;
#4507 = EDGE_LOOP ( 'NONE', ( #188, #3407, #121, #3856 ) ) ;
#4508 = ORIENTED_EDGE ( 'NONE', *, *, #2645, .F. ) ;
#4509 = CARTESIAN_POINT ( 'NONE',  ( 2.548837745200696947, 0.8964290159990536688, -3.479231786654694680 ) ) ;
#4510 = ORIENTED_EDGE ( 'NONE', *, *, #3767, .F. ) ;
#4511 = EDGE_CURVE ( 'NONE', #6296, #2309, #663, .T. ) ;
#4512 = CARTESIAN_POINT ( 'NONE',  ( 4.748594559086754430, 0.9064290159990536777, -3.735590873073721507 ) ) ;
#4513 = CARTESIAN_POINT ( 'NONE',  ( 2.565714146408184515, 0.9064290159990538998, -2.953693023528622952 ) ) ;
#4514 = CARTESIAN_POINT ( 'NONE',  ( 0.2799999999999950862, -0.01000000000000000021, -5.150000000000001243 ) ) ;
#4515 = CARTESIAN_POINT ( 'NONE',  ( 2.753407767466701461, 0.9064290159990536777, -2.601428461263374459 ) ) ;
#4516 = FACE_OUTER_BOUND ( 'NONE', #3584, .T. ) ;
#4517 = DIRECTION ( 'NONE',  ( -0.9305795643559998664, 0.0000000000000000000, 0.3660897081358577276 ) ) ;
#4518 = CARTESIAN_POINT ( 'NONE',  ( 0.5305632140068660130, 0.8964290159990536688, -0.7777786964052427754 ) ) ;
#4519 = ORIENTED_EDGE ( 'NONE', *, *, #4863, .F. ) ;
#4520 = CARTESIAN_POINT ( 'NONE',  ( 0.5291666666666666741, 0.9064290159990536777, -0.8039262820512820262 ) ) ;
#4521 = LINE ( 'NONE', #80, #674 ) ;
#4522 = ADVANCED_FACE ( 'NONE', ( #1663 ), #3509, .F. ) ;
#4523 = DIRECTION ( 'NONE',  ( -0.0000000000000000000, -1.000000000000000000, -0.0000000000000000000 ) ) ;
#4524 = CARTESIAN_POINT ( 'NONE',  ( 5.594582806950002762, 0.9064290159990536777, -3.009038054711477006 ) ) ;
#4525 = ORIENTED_EDGE ( 'NONE', *, *, #4879, .T. ) ;
#4526 = VECTOR ( 'NONE', #211, 1000.000000000000114 ) ;
#4527 = VECTOR ( 'NONE', #5854, 1000.000000000000000 ) ;
#4528 = EDGE_CURVE ( 'NONE', #4997, #4198, #1626, .T. ) ;
#4529 = CARTESIAN_POINT ( 'NONE',  ( 2.829999999999994742, -0.01000000000000000021, -2.349999999999999645 ) ) ;
#4530 = ADVANCED_FACE ( 'NONE', ( #3081 ), #4024, .F. ) ;
#4531 = VERTEX_POINT ( 'NONE', #1562 ) ;
#4532 = PLANE ( 'NONE',  #6243 ) ;
#4533 = ORIENTED_EDGE ( 'NONE', *, *, #949, .T. ) ;
#4534 = CARTESIAN_POINT ( 'NONE',  ( 2.421629364334528134, 0.8964290159990535578, -3.108280768106052250 ) ) ;
#4535 = DIRECTION ( 'NONE',  ( -1.000000000000000000, 0.0000000000000000000, 0.0000000000000000000 ) ) ;
#4536 = CARTESIAN_POINT ( 'NONE',  ( 3.416858447975643198, 0.9064290159990536777, -3.009038054711477006 ) ) ;
#4537 = ORIENTED_EDGE ( 'NONE', *, *, #6317, .F. ) ;
#4538 = EDGE_LOOP ( 'NONE', ( #647, #1577, #2063, #3639 ) ) ;
#4539 = CARTESIAN_POINT ( 'NONE',  ( 2.512075631358289485, 0.8964290159990536688, -3.417700758388064308 ) ) ;
#4540 = VECTOR ( 'NONE', #4018, 1000.000000000000000 ) ;
#4541 = VECTOR ( 'NONE', #3306, 1000.000000000000000 ) ;
#4542 = ORIENTED_EDGE ( 'NONE', *, *, #279, .F. ) ;
#4543 = PLANE ( 'NONE',  #3756 ) ;
#4544 = CARTESIAN_POINT ( 'NONE',  ( 4.323459175806839916, 0.9064290159990536777, -3.735590873073721507 ) ) ;
#4545 = LINE ( 'NONE', #106, #2243 ) ;
#4546 = VECTOR ( 'NONE', #1529, 1000.000000000000000 ) ;
#4547 = DIRECTION ( 'NONE',  ( -1.000000000000000000, 0.0000000000000000000, 0.0000000000000000000 ) ) ;
#4548 = STYLED_ITEM ( 'NONE', ( #3372 ), #4807 ) ;
#4549 = EDGE_CURVE ( 'NONE', #1603, #4653, #3541, .T. ) ;
#4550 = DIRECTION ( 'NONE',  ( 1.000000000000000000, 0.0000000000000000000, 0.0000000000000000000 ) ) ;
#4551 = LINE ( 'NONE', #6023, #2775 ) ;
#4552 = PLANE ( 'NONE',  #5797 ) ;
#4553 = VERTEX_POINT ( 'NONE', #5021 ) ;
#4554 = FACE_OUTER_BOUND ( 'NONE', #4952, .T. ) ;
#4555 = SHAPE_DEFINITION_REPRESENTATION ( #1069, #5413 ) ;
#4556 = CARTESIAN_POINT ( 'NONE',  ( 4.349999999999997868, 0.0000000000000000000, -0.3500000000000000333 ) ) ;
#4557 = EDGE_CURVE ( 'NONE', #876, #5883, #4053, .T. ) ;
#4558 = DIRECTION ( 'NONE',  ( -0.8770411504904065403, 0.0000000000000000000, -0.4804152582365220359 ) ) ;
#4559 = EDGE_CURVE ( 'NONE', #5919, #1909, #4551, .T. ) ;
#4560 = DIRECTION ( 'NONE',  ( 1.000000000000000000, 0.0000000000000000000, 0.0000000000000000000 ) ) ;
#4561 = ORIENTED_EDGE ( 'NONE', *, *, #2429, .T. ) ;
#4562 = VERTEX_POINT ( 'NONE', #3572 ) ;
#4563 = DIRECTION ( 'NONE',  ( -0.0000000000000000000, -1.000000000000000000, -0.0000000000000000000 ) ) ;
#4564 = ORIENTED_EDGE ( 'NONE', *, *, #3939, .F. ) ;
#4565 = FACE_BOUND ( 'NONE', #3405, .T. ) ;
#4566 = FACE_OUTER_BOUND ( 'NONE', #5400, .T. ) ;
#4567 = DIRECTION ( 'NONE',  ( 1.000000000000000000, 0.0000000000000000000, 0.0000000000000000000 ) ) ;
#4568 = ORIENTED_EDGE ( 'NONE', *, *, #1140, .F. ) ;
#4569 = ORIENTED_EDGE ( 'NONE', *, *, #5054, .T. ) ;
#4570 = CARTESIAN_POINT ( 'NONE',  ( 2.552682326230383048, 0.8964290159990535578, -3.510667929827012035 ) ) ;
#4571 = ORIENTED_EDGE ( 'NONE', *, *, #2871, .F. ) ;
#4572 = CARTESIAN_POINT ( 'NONE',  ( 4.025400114642309291, 0.8964290159990536688, -3.735590873073721507 ) ) ;
#4573 = EDGE_CURVE ( 'NONE', #253, #1876, #5535, .T. ) ;
#4574 = STYLED_ITEM ( 'NONE', ( #5310 ), #5636 ) ;
#4575 = CARTESIAN_POINT ( 'NONE',  ( 1.170363267741427293, 0.8964290159990536688, -2.858440769757987443 ) ) ;
#4576 = DIRECTION ( 'NONE',  ( 1.000000000000000000, 0.0000000000000000000, 0.0000000000000000000 ) ) ;
#4577 = CARTESIAN_POINT ( 'NONE',  ( 2.426439316854672956, 0.9064290159990536777, -3.633791457267427027 ) ) ;
#4578 = CARTESIAN_POINT ( 'NONE',  ( 4.209930029172224586, 0.9064290159990536777, -3.528355129216884212 ) ) ;
#4579 = VERTEX_POINT ( 'NONE', #139 ) ;
#4580 = CARTESIAN_POINT ( 'NONE',  ( 0.5875818738530219631, 0.8964290159990537799, -0.6929698366247789565 ) ) ;
#4581 = CARTESIAN_POINT ( 'NONE',  ( 2.923332099763088276, 0.9064290159990536777, -3.105910929068021353 ) ) ;
#4582 = CARTESIAN_POINT ( 'NONE',  ( 5.594582806950002762, 0.9064290159990536777, -2.479871388044810665 ) ) ;
#4583 = VECTOR ( 'NONE', #5739, 1000.000000000000000 ) ;
#4584 = DIRECTION ( 'NONE',  ( 0.7071067811865474617, 0.0000000000000000000, 0.7071067811865474617 ) ) ;
#4585 = ORIENTED_EDGE ( 'NONE', *, *, #4805, .F. ) ;
#4586 = EDGE_CURVE ( 'NONE', #2808, #4970, #6118, .T. ) ;
#4587 = EDGE_CURVE ( 'NONE', #283, #2309, #5631, .T. ) ;
#4588 = LINE ( 'NONE', #976, #4001 ) ;
#4589 = VECTOR ( 'NONE', #1223, 1000.000000000000114 ) ;
#4590 = LINE ( 'NONE', #149, #5008 ) ;
#4591 = VERTEX_POINT ( 'NONE', #3670 ) ;
#4592 = CARTESIAN_POINT ( 'NONE',  ( 2.129999999999994120, -0.01000000000000000021, -5.150000000000001243 ) ) ;
#4593 = ORIENTED_EDGE ( 'NONE', *, *, #5018, .F. ) ;
#4594 = CARTESIAN_POINT ( 'NONE',  ( 4.339296014749147723, 0.9064290159990536777, -2.479871388044810665 ) ) ;
#4595 = CARTESIAN_POINT ( 'NONE',  ( 2.551486178251701542, 0.8964290159990537799, -3.540568600653145825 ) ) ;
#4596 = DIRECTION ( 'NONE',  ( 1.000000000000000000, 0.0000000000000000000, 0.0000000000000000000 ) ) ;
#4597 = ORIENTED_EDGE ( 'NONE', *, *, #4985, .F. ) ;
#4598 = ORIENTED_EDGE ( 'NONE', *, *, #3454, .F. ) ;
#4599 = LINE ( 'NONE', #160, #5313 ) ;
#4600 = EDGE_CURVE ( 'NONE', #2673, #3223, #3235, .T. ) ;
#4601 = VERTEX_POINT ( 'NONE', #2307 ) ;
#4602 = CARTESIAN_POINT ( 'NONE',  ( 2.903566579105354872, 0.9064290159990540108, -3.133625081704789483 ) ) ;
#4603 = EDGE_CURVE ( 'NONE', #5883, #3751, #2689, .T. ) ;
#4604 = DIRECTION ( 'NONE',  ( -0.4802882638304235008, 0.0000000000000000000, -0.8771107020363836382 ) ) ;
#4605 = PLANE ( 'NONE',  #5550 ) ;
#4606 = PLANE ( 'NONE',  #2571 ) ;
#4607 = EDGE_CURVE ( 'NONE', #1005, #6368, #4211, .T. ) ;
#4608 = AXIS2_PLACEMENT_3D ( 'NONE', #2907, #2389, #2330 ) ;
#4609 = LINE ( 'NONE', #2080, #6230 ) ;
#4610 = EDGE_CURVE ( 'NONE', #1037, #6233, #230, .T. ) ;
#4611 = LINE ( 'NONE', #4641, #3212 ) ;
#4612 = ORIENTED_EDGE ( 'NONE', *, *, #201, .F. ) ;
#4613 = CARTESIAN_POINT ( 'NONE',  ( 2.529052457026721878, 0.8964290159990535578, -3.582050033561048341 ) ) ;
#4614 = CARTESIAN_POINT ( 'NONE',  ( 5.031728406576070789, 0.8964290159990536688, -3.735590873073721507 ) ) ;
#4615 = FACE_OUTER_BOUND ( 'NONE', #780, .T. ) ;
#4616 = LINE ( 'NONE', #1120, #4151 ) ;
#4617 = ORIENTED_EDGE ( 'NONE', *, *, #1349, .T. ) ;
#4618 = DIRECTION ( 'NONE',  ( -1.000000000000000000, 0.0000000000000000000, 0.0000000000000000000 ) ) ;
#4619 = CARTESIAN_POINT ( 'NONE',  ( 3.649999999999996358, 0.0000000000000000000, -3.150000000000000355 ) ) ;
#4620 = DIRECTION ( 'NONE',  ( 1.000000000000000000, 0.0000000000000000000, -0.0000000000000000000 ) ) ;
#4621 = VERTEX_POINT ( 'NONE', #1334 ) ;
#4622 = CARTESIAN_POINT ( 'NONE',  ( 0.5299999999999949196, 0.0000000000000000000, -0.3500000000000000333 ) ) ;
#4623 = VERTEX_POINT ( 'NONE', #6149 ) ;
#4624 = DIRECTION ( 'NONE',  ( 0.0000000000000000000, -1.000000000000000000, 0.0000000000000000000 ) ) ;
#4625 = AXIS2_PLACEMENT_3D ( 'NONE', #2168, #4142, #227 ) ;
#4626 = FACE_OUTER_BOUND ( 'NONE', #2969, .T. ) ;
#4627 = ORIENTED_EDGE ( 'NONE', *, *, #4783, .F. ) ;
#4628 = ORIENTED_EDGE ( 'NONE', *, *, #2468, .F. ) ;
#4629 = LINE ( 'NONE', #5684, #47 ) ;
#4630 = AXIS2_PLACEMENT_3D ( 'NONE', #1187, #3185, #1832 ) ;
#4631 = ORIENTED_EDGE ( 'NONE', *, *, #4496, .F. ) ;
#4632 = FILL_AREA_STYLE_COLOUR ( '', #4381 ) ;
#4633 = ADVANCED_FACE ( 'NONE', ( #6182 ), #822, .T. ) ;
#4634 = LINE ( 'NONE', #1688, #1431 ) ;
#4635 = PLANE ( 'NONE',  #4625 ) ;
#4636 = CARTESIAN_POINT ( 'NONE',  ( 2.561289030832182956, 0.9064290159990535667, -2.941641768898311859 ) ) ;
#4637 = AXIS2_PLACEMENT_3D ( 'NONE', #2867, #403, #989 ) ;
#4638 = EDGE_CURVE ( 'NONE', #250, #3226, #2173, .T. ) ;
#4639 = PLANE ( 'NONE',  #3969 ) ;
#4640 = DIRECTION ( 'NONE',  ( -0.0000000000000000000, -1.000000000000000000, -0.0000000000000000000 ) ) ;
#4641 = CARTESIAN_POINT ( 'NONE',  ( 5.094588148830343499, 0.9064290159990536777, -3.206424206407054722 ) ) ;
#4642 = ORIENTED_EDGE ( 'NONE', *, *, #3420, .F. ) ;
#4643 = AXIS2_PLACEMENT_3D ( 'NONE', #3858, #5828, #4378 ) ;
#4644 = DIRECTION ( 'NONE',  ( 0.2607351442216253590, 0.0000000000000000000, -0.9654103710690744578 ) ) ;
#4645 = FACE_OUTER_BOUND ( 'NONE', #4810, .T. ) ;
#4646 = DIRECTION ( 'NONE',  ( -8.689393269273621749E-14, 1.000000000000000000, 1.191805567428177613E-13 ) ) ;
#4647 = CARTESIAN_POINT ( 'NONE',  ( 3.976002745518377957, 0.8964290159990536688, -3.206424206407054722 ) ) ;
#4648 = ORIENTED_EDGE ( 'NONE', *, *, #949, .F. ) ;
#4649 = PRODUCT_DEFINITION_FORMATION_WITH_SPECIFIED_SOURCE ( 'ANY', '', #5973, .NOT_KNOWN. ) ;
#4650 = DIRECTION ( 'NONE',  ( -0.0000000000000000000, 1.000000000000000000, -0.0000000000000000000 ) ) ;
#4651 = EDGE_CURVE ( 'NONE', #3008, #958, #4700, .T. ) ;
#4652 = CARTESIAN_POINT ( 'NONE',  ( 2.626160753037814821, 0.9064290159990536777, -3.919891730742831815 ) ) ;
#4653 = VERTEX_POINT ( 'NONE', #6216 ) ;
#4654 = ORIENTED_EDGE ( 'NONE', *, *, #3450, .T. ) ;
#4655 = CARTESIAN_POINT ( 'NONE',  ( 3.471237955187181257, 0.8964290159990536688, -3.009038054711477006 ) ) ;
#4656 = CARTESIAN_POINT ( 'NONE',  ( 1.010593714943949006, 0.9064290159990536777, -2.278859406479815330 ) ) ;
#4657 = CARTESIAN_POINT ( 'NONE',  ( 3.827704635208549089, 0.9064290159990536777, -3.477155710146370815 ) ) ;
#4658 = ORIENTED_EDGE ( 'NONE', *, *, #2406, .F. ) ;
#4659 = VERTEX_POINT ( 'NONE', #1239 ) ;
#4660 = DIRECTION ( 'NONE',  ( 0.9290796217259635892, -0.0000000000000000000, 0.3698797865436017074 ) ) ;
#4661 = ORIENTED_EDGE ( 'NONE', *, *, #2592, .F. ) ;
#4662 = SURFACE_STYLE_USAGE ( .BOTH. , #3662 ) ;
#4663 = CARTESIAN_POINT ( 'NONE',  ( 2.531402579107142170, 0.8964290159990534468, -2.538609613256654018 ) ) ;
#4664 = FACE_OUTER_BOUND ( 'NONE', #2100, .T. ) ;
#4665 = DIRECTION ( 'NONE',  ( 0.8530753181264624230, 0.0000000000000000000, -0.5217877936512456127 ) ) ;
#4666 = EDGE_CURVE ( 'NONE', #873, #1099, #2752, .T. ) ;
#4667 = FACE_OUTER_BOUND ( 'NONE', #5842, .T. ) ;
#4668 = EDGE_CURVE ( 'NONE', #2331, #5952, #726, .T. ) ;
#4669 = CARTESIAN_POINT ( 'NONE',  ( 3.610313809888036296, 0.8964290159990536688, -2.781661752628143969 ) ) ;
#4670 = ORIENTED_EDGE ( 'NONE', *, *, #1537, .T. ) ;
#4671 = CARTESIAN_POINT ( 'NONE',  ( 5.007750541992737503, 0.8964290159990536688, -2.623611372019169607 ) ) ;
#4672 = CARTESIAN_POINT ( 'NONE',  ( 3.416858447975643198, 0.9064290159990536777, -3.009038054711477006 ) ) ;
#4673 = VECTOR ( 'NONE', #5394, 1000.000000000000114 ) ;
#4674 = FACE_OUTER_BOUND ( 'NONE', #5128, .T. ) ;
#4675 = CARTESIAN_POINT ( 'NONE',  ( 1.010593714943949006, 0.8964290159990536688, -2.278859406479815330 ) ) ;
#4676 = EDGE_LOOP ( 'NONE', ( #3527, #5329, #6045, #4597, #1893 ) ) ;
#4677 = ADVANCED_FACE ( 'NONE', ( #4667 ), #199, .T. ) ;
#4678 = LINE ( 'NONE', #6193, #178 ) ;
#4679 = CARTESIAN_POINT ( 'NONE',  ( 0.0000000000000000000, 0.9064290159990536777, 0.0000000000000000000 ) ) ;
#4680 = LINE ( 'NONE', #274, #5213 ) ;
#4681 = EDGE_CURVE ( 'NONE', #5228, #6264, #755, .T. ) ;
#4682 = ORIENTED_EDGE ( 'NONE', *, *, #6100, .F. ) ;
#4683 = ORIENTED_EDGE ( 'NONE', *, *, #3734, .T. ) ;
#4684 = EDGE_CURVE ( 'NONE', #4156, #2132, #2235, .T. ) ;
#4685 = DIRECTION ( 'NONE',  ( -1.057758217059028706E-15, 0.0000000000000000000, 1.000000000000000000 ) ) ;
#4686 = VECTOR ( 'NONE', #4177, 1000.000000000000000 ) ;
#4687 = FACE_OUTER_BOUND ( 'NONE', #4749, .T. ) ;
#4688 = ORIENTED_EDGE ( 'NONE', *, *, #208, .F. ) ;
#4689 = VERTEX_POINT ( 'NONE', #1301 ) ;
#4690 = DIRECTION ( 'NONE',  ( -0.9654103710690745688, 0.0000000000000000000, -0.2607351442216254145 ) ) ;
#4691 = ORIENTED_EDGE ( 'NONE', *, *, #2716, .F. ) ;
#4692 = SURFACE_STYLE_FILL_AREA ( #1264 ) ;
#4693 = CARTESIAN_POINT ( 'NONE',  ( 2.481858441106281621, 0.8964290159990535578, -2.537619404509760201 ) ) ;
#4694 = CARTESIAN_POINT ( 'NONE',  ( 0.0000000000000000000, 0.9064290159990536777, 0.0000000000000000000 ) ) ;
#4695 = CARTESIAN_POINT ( 'NONE',  ( 2.351415642037394615, 0.9064290159990536777, -2.858545959802750502 ) ) ;
#4696 = VECTOR ( 'NONE', #4811, 1000.000000000000000 ) ;
#4697 = ADVANCED_FACE ( 'NONE', ( #3272 ), #3729, .T. ) ;
#4698 = VECTOR ( 'NONE', #639, 1000.000000000000000 ) ;
#4699 = CARTESIAN_POINT ( 'NONE',  ( 3.586463148830343783, 0.9064290159990536777, -2.731416359999938592 ) ) ;
#4700 = LINE ( 'NONE', #2722, #296 ) ;
#4701 = FACE_BOUND ( 'NONE', #3544, .T. ) ;
#4702 = ORIENTED_EDGE ( 'NONE', *, *, #1155, .F. ) ;
#4703 = CARTESIAN_POINT ( 'NONE',  ( 3.855795413787608705, 0.8964290159990536688, -3.528355129216884212 ) ) ;
#4704 = CARTESIAN_POINT ( 'NONE',  ( 2.970493917766010572, 0.9064290159990535667, -2.950471944955424863 ) ) ;
#4705 = PRESENTATION_LAYER_ASSIGNMENT (  '', '', ( #55 ) ) ;
#4706 = DIRECTION ( 'NONE',  ( 0.3698797865436000420, 0.0000000000000000000, -0.9290796217259642553 ) ) ;
#4707 = VERTEX_POINT ( 'NONE', #3763 ) ;
#4708 = CARTESIAN_POINT ( 'NONE',  ( 4.040325328317523557, 0.9064290159990536777, -3.735590873073721507 ) ) ;
#4709 = DIRECTION ( 'NONE',  ( 1.000000000000000000, 0.0000000000000000000, 1.057758217059028706E-15 ) ) ;
#4710 = DIRECTION ( 'NONE',  ( -0.2578433336118838293, 0.0000000000000000000, -0.9661867393583450925 ) ) ;
#4711 = PLANE ( 'NONE',  #1295 ) ;
#4712 = ORIENTED_EDGE ( 'NONE', *, *, #2445, .T. ) ;
#4713 = ORIENTED_EDGE ( 'NONE', *, *, #687, .F. ) ;
#4714 = CARTESIAN_POINT ( 'NONE',  ( 2.341670533363141793, 0.9064290159990538998, -3.374619869494393409 ) ) ;
#4715 = PLANE ( 'NONE',  #4022 ) ;
#4716 = DIRECTION ( 'NONE',  ( 1.000000000000000000, 0.0000000000000000000, 0.0000000000000000000 ) ) ;
#4717 = ORIENTED_EDGE ( 'NONE', *, *, #640, .F. ) ;
#4718 = EDGE_CURVE ( 'NONE', #2370, #2093, #4765, .T. ) ;
#4719 = ORIENTED_EDGE ( 'NONE', *, *, #2533, .T. ) ;
#4720 = CARTESIAN_POINT ( 'NONE',  ( 2.932771595494963357, 0.8964290159990536688, -3.448310142469420025 ) ) ;
#4721 = ORIENTED_EDGE ( 'NONE', *, *, #2026, .T. ) ;
#4722 = CARTESIAN_POINT ( 'NONE',  ( 2.967868340319057108, 0.9064290159990536777, -2.979676053679815695 ) ) ;
#4723 = CARTESIAN_POINT ( 'NONE',  ( 2.792250596080291025, 0.8964290159990534468, -2.624554191292140182 ) ) ;
#4724 = VECTOR ( 'NONE', #1736, 1000.000000000000000 ) ;
#4725 = LINE ( 'NONE', #2788, #4527 ) ;
#4726 = FACE_OUTER_BOUND ( 'NONE', #3238, .T. ) ;
#4727 = VECTOR ( 'NONE', #2558, 1000.000000000000000 ) ;
#4728 = ORIENTED_EDGE ( 'NONE', *, *, #3318, .F. ) ;
#4729 = DIRECTION ( 'NONE',  ( -0.0000000000000000000, -1.000000000000000000, -0.0000000000000000000 ) ) ;
#4730 = DIRECTION ( 'NONE',  ( -0.0000000000000000000, -1.000000000000000000, -0.0000000000000000000 ) ) ;
#4731 = VECTOR ( 'NONE', #5007, 1000.000000000000000 ) ;
#4732 =( NAMED_UNIT ( * ) PLANE_ANGLE_UNIT ( ) SI_UNIT ( $, .RADIAN. ) );
#4733 = ORIENTED_EDGE ( 'NONE', *, *, #693, .T. ) ;
#4734 = DIRECTION ( 'NONE',  ( -1.000000000000000000, 0.0000000000000000000, 0.0000000000000000000 ) ) ;
#4735 = PLANE ( 'NONE',  #2215 ) ;
#4736 = VECTOR ( 'NONE', #1138, 1000.000000000000000 ) ;
#4737 = CARTESIAN_POINT ( 'NONE',  ( 5.094588148830343499, 0.8964290159990536688, -3.206424206407054722 ) ) ;
#4738 = VECTOR ( 'NONE', #3180, 999.9999999999998863 ) ;
#4739 = CARTESIAN_POINT ( 'NONE',  ( 0.0000000000000000000, -0.01000000000000000021, 0.0000000000000000000 ) ) ;
#4740 = ORIENTED_EDGE ( 'NONE', *, *, #3403, .F. ) ;
#4741 = PLANE ( 'NONE',  #1015 ) ;
#4742 = AXIS2_PLACEMENT_3D ( 'NONE', #4594, #3557, #3461 ) ;
#4743 = VECTOR ( 'NONE', #5341, 1000.000000000000000 ) ;
#4744 = DIRECTION ( 'NONE',  ( -0.9305795643559992003, 0.0000000000000000000, 0.3660897081358594485 ) ) ;
#4745 = EDGE_CURVE ( 'NONE', #1489, #2711, #1822, .T. ) ;
#4746 = EDGE_CURVE ( 'NONE', #3426, #6233, #3959, .T. ) ;
#4747 = CARTESIAN_POINT ( 'NONE',  ( 4.238020807751283314, 0.9064290159990536777, -3.477155710146370815 ) ) ;
#4748 = ORIENTED_EDGE ( 'NONE', *, *, #5079, .T. ) ;
#4749 = EDGE_LOOP ( 'NONE', ( #6366, #1553, #6373, #3117 ) ) ;
#4750 = CARTESIAN_POINT ( 'NONE',  ( 3.803557165924360994, 0.9064290159990536777, -3.009038054711477006 ) ) ;
#4751 = LINE ( 'NONE', #4657, #382 ) ;
#4752 = EDGE_LOOP ( 'NONE', ( #5852, #1453, #1381, #3084 ) ) ;
#4753 = ORIENTED_EDGE ( 'NONE', *, *, #2044, .T. ) ;
#4754 = DIRECTION ( 'NONE',  ( -0.0000000000000000000, 1.000000000000000000, -0.0000000000000000000 ) ) ;
#4755 = VERTEX_POINT ( 'NONE', #5338 ) ;
#4756 = LINE ( 'NONE', #5623, #1588 ) ;
#4757 = ORIENTED_EDGE ( 'NONE', *, *, #2468, .T. ) ;
#4758 = AXIS2_PLACEMENT_3D ( 'NONE', #445, #3389, #5390 ) ;
#4759 = CARTESIAN_POINT ( 'NONE',  ( 2.971168724794224669, 0.9064290159990536777, -2.920502136976269369 ) ) ;
#4760 = LINE ( 'NONE', #4792, #2140 ) ;
#4761 = CARTESIAN_POINT ( 'NONE',  ( 2.411165282937915766, 0.8964290159990535578, -2.861393957092697615 ) ) ;
#4762 = ORIENTED_EDGE ( 'NONE', *, *, #1840, .T. ) ;
#4763 = ORIENTED_EDGE ( 'NONE', *, *, #3831, .T. ) ;
#4764 = CARTESIAN_POINT ( 'NONE',  ( 2.547287854276985009, 0.9064290159990538998, -3.054682351045048261 ) ) ;
#4765 = LINE ( 'NONE', #4278, #3912 ) ;
#4766 = EDGE_CURVE ( 'NONE', #101, #2072, #5926, .T. ) ;
#4767 = DIRECTION ( 'NONE',  ( 0.0000000000000000000, 0.0000000000000000000, -1.000000000000000000 ) ) ;
#4768 = ORIENTED_EDGE ( 'NONE', *, *, #4766, .F. ) ;
#4769 = CARTESIAN_POINT ( 'NONE',  ( 4.592113021960685160, 0.9064290159990536777, -3.009038054711477006 ) ) ;
#4770 = PLANE ( 'NONE',  #2529 ) ;
#4771 = VECTOR ( 'NONE', #3952, 1000.000000000000000 ) ;
#4772 = DIRECTION ( 'NONE',  ( 1.000000000000000000, 0.0000000000000000000, 0.0000000000000000000 ) ) ;
#4773 = LINE ( 'NONE', #5316, #959 ) ;
#4774 = ORIENTED_EDGE ( 'NONE', *, *, #6383, .T. ) ;
#4775 = DIRECTION ( 'NONE',  ( 0.0000000000000000000, -0.0000000000000000000, 1.000000000000000000 ) ) ;
#4776 = AXIS2_PLACEMENT_3D ( 'NONE', #4739, #5250, #1797 ) ;
#4777 = CARTESIAN_POINT ( 'NONE',  ( 6.199999999999998401, -0.01000000000000000021, -5.150000000000000355 ) ) ;
#4778 = CARTESIAN_POINT ( 'NONE',  ( 2.944497724006202688, 0.8964290159990536688, -3.553425501830485000 ) ) ;
#4779 = ADVANCED_FACE ( 'NONE', ( #3438 ), #4450, .T. ) ;
#4780 = PLANE ( 'NONE',  #1274 ) ;
#4781 = ORIENTED_EDGE ( 'NONE', *, *, #1155, .T. ) ;
#4782 = VERTEX_POINT ( 'NONE', #12 ) ;
#4783 = EDGE_CURVE ( 'NONE', #6131, #4601, #497, .T. ) ;
#4784 = CARTESIAN_POINT ( 'NONE',  ( 2.329525994297770630, 0.8964290159990536688, -3.374422054233952473 ) ) ;
#4785 = DIRECTION ( 'NONE',  ( 0.0000000000000000000, -0.0000000000000000000, 1.000000000000000000 ) ) ;
#4786 = ORIENTED_EDGE ( 'NONE', *, *, #3936, .F. ) ;
#4787 = PRESENTATION_STYLE_ASSIGNMENT (( #4398 ) ) ;
#4788 = ORIENTED_EDGE ( 'NONE', *, *, #2390, .F. ) ;
#4789 = ORIENTED_EDGE ( 'NONE', *, *, #4549, .F. ) ;
#4790 = VECTOR ( 'NONE', #2861, 1000.000000000000000 ) ;
#4791 = DIRECTION ( 'NONE',  ( -0.0000000000000000000, 1.000000000000000000, -0.0000000000000000000 ) ) ;
#4792 = CARTESIAN_POINT ( 'NONE',  ( 5.845597764214959469, 0.9064290159990536777, -2.479871388044810665 ) ) ;
#4793 = CARTESIAN_POINT ( 'NONE',  ( 0.7921725249288645854, 0.9064290159990536777, -0.8300843086968849871 ) ) ;
#4794 = EDGE_CURVE ( 'NONE', #2095, #6278, #5895, .T. ) ;
#4795 = ORIENTED_EDGE ( 'NONE', *, *, #5479, .T. ) ;
#4796 = DIRECTION ( 'NONE',  ( 0.5213313868808859830, 0.0000000000000000000, 0.8533543139006517508 ) ) ;
#4797 = UNCERTAINTY_MEASURE_WITH_UNIT (LENGTH_MEASURE( 1.000000000000000082E-05 ), #2344, 'distance_accuracy_value', 'NONE');
#4798 = ORIENTED_EDGE ( 'NONE', *, *, #5923, .F. ) ;
#4799 = PLANE ( 'NONE',  #3028 ) ;
#4800 = CARTESIAN_POINT ( 'NONE',  ( 0.0000000000000000000, 0.0000000000000000000, 0.0000000000000000000 ) ) ;
#4801 = CARTESIAN_POINT ( 'NONE',  ( 3.674657593274788248, 0.9064290159990536777, -3.735590873073721507 ) ) ;
#4802 = FACE_OUTER_BOUND ( 'NONE', #3460, .T. ) ;
#4803 = AXIS2_PLACEMENT_3D ( 'NONE', #877, #6302, #4263 ) ;
#4804 = FACE_OUTER_BOUND ( 'NONE', #2892, .T. ) ;
#4805 = EDGE_CURVE ( 'NONE', #6368, #5583, #2464, .T. ) ;
#4806 = VECTOR ( 'NONE', #204, 1000.000000000000000 ) ;
#4807 = ADVANCED_FACE ( 'NONE', ( #1396 ), #2402, .F. ) ;
#4808 = CARTESIAN_POINT ( 'NONE',  ( 0.6082206357477315528, 0.9064290159990536777, -2.099855958883282359 ) ) ;
#4809 = CARTESIAN_POINT ( 'NONE',  ( 1.242939164116525719, 0.8964290159990536688, -3.108481402145693906 ) ) ;
#4810 = EDGE_LOOP ( 'NONE', ( #3157, #1386, #4950, #2001 ) ) ;
#4811 = DIRECTION ( 'NONE',  ( 0.0000000000000000000, 0.0000000000000000000, -1.000000000000000000 ) ) ;
#4812 = DIRECTION ( 'NONE',  ( -0.4806015670138532592, 0.0000000000000000000, 0.8769390707362905157 ) ) ;
#4813 = DIRECTION ( 'NONE',  ( -0.4804543040264409592, 0.0000000000000000000, -0.8770197613181063279 ) ) ;
#4814 = EDGE_CURVE ( 'NONE', #4579, #6170, #3889, .T. ) ;
#4815 = ORIENTED_EDGE ( 'NONE', *, *, #1158, .T. ) ;
#4816 = PLANE ( 'NONE',  #2573 ) ;
#4817 = CARTESIAN_POINT ( 'NONE',  ( 4.323459175806839916, 0.8964290159990536688, -3.735590873073721507 ) ) ;
#4818 = ORIENTED_EDGE ( 'NONE', *, *, #6085, .T. ) ;
#4819 = PLANE ( 'NONE',  #4803 ) ;
#4820 = ORIENTED_EDGE ( 'NONE', *, *, #5018, .T. ) ;
#4821 = CARTESIAN_POINT ( 'NONE',  ( 2.890942930774717645, 0.8964290159990538909, -2.710732963850902344 ) ) ;
#4822 = VERTEX_POINT ( 'NONE', #1887 ) ;
#4823 = CARTESIAN_POINT ( 'NONE',  ( 4.032184302676498078, 0.9064290159990536777, -3.206424206407054722 ) ) ;
#4824 = CARTESIAN_POINT ( 'NONE',  ( 0.6526015360367309892, 0.9064290159990536777, -0.6721076585509976331 ) ) ;
#4825 = CARTESIAN_POINT ( 'NONE',  ( 4.564064644556840022, 0.9064290159990536777, -3.425956291075858307 ) ) ;
#4826 = ORIENTED_EDGE ( 'NONE', *, *, #201, .T. ) ;
#4827 = DIRECTION ( 'NONE',  ( 0.0000000000000000000, 0.0000000000000000000, 1.000000000000000000 ) ) ;
#4828 = ORIENTED_EDGE ( 'NONE', *, *, #590, .F. ) ;
#4829 = EDGE_CURVE ( 'NONE', #4193, #6151, #3410, .T. ) ;
#4830 = DIRECTION ( 'NONE',  ( 0.8769390707362905157, -0.0000000000000000000, 0.4806015670138532592 ) ) ;
#4831 =( NAMED_UNIT ( * ) PLANE_ANGLE_UNIT ( ) SI_UNIT ( $, .RADIAN. ) );
#4832 = AXIS2_PLACEMENT_3D ( 'NONE', #843, #2815, #4165 ) ;
#4833 = SURFACE_STYLE_USAGE ( .BOTH. , #3828 ) ;
#4834 = DIRECTION ( 'NONE',  ( -0.8770197613181063279, 0.0000000000000000000, -0.4804543040264409592 ) ) ;
#4835 = VECTOR ( 'NONE', #2120, 1000.000000000000000 ) ;
#4836 = LINE ( 'NONE', #1993, #5043 ) ;
#4837 = VECTOR ( 'NONE', #6294, 1000.000000000000114 ) ;
#4838 = ORIENTED_EDGE ( 'NONE', *, *, #950, .T. ) ;
#4839 = FACE_OUTER_BOUND ( 'NONE', #4408, .T. ) ;
#4840 = B_SPLINE_CURVE_WITH_KNOTS ( 'NONE', 3,
 ( #298, #1300, #4243, #6215, #4764, #1788, #3762, #3271, #330, #1333, #2306, #4277, #5761, #3305, #5279 ),
 .UNSPECIFIED., .F., .F.,
 ( 4, 1, 1, 1, 1, 1, 1, 1, 1, 1, 1, 1, 4 ),
 ( 0.0000000000000000000, 0.09544797463091118928, 0.1904704100286990776, 0.2912066475677038135, 0.4010332319514477439, 0.4598047309624353485, 0.5224282124666590477, 0.5878657621471011785, 0.6584905049094691432, 0.7351598356816941848, 0.8164933573836641312, 0.9050563342499579056, 1.000000000000000000 ),
 .UNSPECIFIED. ) ;
#4841 = DIRECTION ( 'NONE',  ( 0.0000000000000000000, 0.0000000000000000000, 1.000000000000000000 ) ) ;
#4842 = CARTESIAN_POINT ( 'NONE',  ( 2.943211042944272382, 0.8964290159990538909, -3.588767806913038427 ) ) ;
#4843 = VECTOR ( 'NONE', #5175, 1000.000000000000000 ) ;
#4844 = ORIENTED_EDGE ( 'NONE', *, *, #6085, .F. ) ;
#4845 = CARTESIAN_POINT ( 'NONE',  ( 3.742266267152993375, 0.8964290159990536688, -3.735590873073721507 ) ) ;
#4846 = VECTOR ( 'NONE', #4644, 1000.000000000000114 ) ;
#4847 = CARTESIAN_POINT ( 'NONE',  ( 4.096400882537609256, 0.9064290159990536777, -3.735590873073721507 ) ) ;
#4848 = AXIS2_PLACEMENT_3D ( 'NONE', #2434, #1951, #3922 ) ;
#4849 = ORIENTED_EDGE ( 'NONE', *, *, #2429, .F. ) ;
#4850 =( NAMED_UNIT ( * ) SI_UNIT ( $, .STERADIAN. ) SOLID_ANGLE_UNIT ( ) );
#4851 = ORIENTED_EDGE ( 'NONE', *, *, #2342, .T. ) ;
#4852 = PRESENTATION_STYLE_ASSIGNMENT (( #2423 ) ) ;
#4853 = ORIENTED_EDGE ( 'NONE', *, *, #4681, .F. ) ;
#4854 = CARTESIAN_POINT ( 'NONE',  ( 4.677593791191455352, 0.9064290159990536777, -3.735590873073721507 ) ) ;
#4855 = CARTESIAN_POINT ( 'NONE',  ( 3.491484516351711420, 0.9064290159990536777, -3.206424206407054722 ) ) ;
#4856 = DIRECTION ( 'NONE',  ( -0.4806015670138532592, 0.0000000000000000000, 0.8769390707362905157 ) ) ;
#4857 = ORIENTED_EDGE ( 'NONE', *, *, #4718, .T. ) ;
#4858 = CARTESIAN_POINT ( 'NONE',  ( 2.519274565828783619, 0.9064290159990536777, -3.081001879259412934 ) ) ;
#4859 = ORIENTED_EDGE ( 'NONE', *, *, #5537, .T. ) ;
#4860 = FACE_OUTER_BOUND ( 'NONE', #2122, .T. ) ;
#4861 = FILL_AREA_STYLE ('',( #1427 ) ) ;
#4862 = ADVANCED_FACE ( 'NONE', ( #2922 ), #1859, .T. ) ;
#4863 = EDGE_CURVE ( 'NONE', #1367, #4229, #3339, .T. ) ;
#4864 = LINE ( 'NONE', #985, #3703 ) ;
#4865 = ADVANCED_FACE ( 'NONE', ( #6282 ), #5309, .F. ) ;
#4866 = DIRECTION ( 'NONE',  ( 0.0000000000000000000, 0.0000000000000000000, -1.000000000000000000 ) ) ;
#4867 = DIRECTION ( 'NONE',  ( 1.000000000000000000, 0.0000000000000000000, 0.0000000000000000000 ) ) ;
#4868 = ORIENTED_EDGE ( 'NONE', *, *, #2384, .F. ) ;
#4869 = VERTEX_POINT ( 'NONE', #5645 ) ;
#4870 = CARTESIAN_POINT ( 'NONE',  ( 2.682839918043529615, 0.8964290159990534468, -3.900043046425300197 ) ) ;
#4871 = ORIENTED_EDGE ( 'NONE', *, *, #2510, .F. ) ;
#4872 = AXIS2_PLACEMENT_3D ( 'NONE', #4800, #1860, #4767 ) ;
#4873 = ORIENTED_EDGE ( 'NONE', *, *, #272, .T. ) ;
#4874 = EDGE_CURVE ( 'NONE', #2462, #569, #936, .T. ) ;
#4875 = CARTESIAN_POINT ( 'NONE',  ( 6.199999999999999289, -0.01000000000000000021, -0.3500000000000000333 ) ) ;
#4876 = CARTESIAN_POINT ( 'NONE',  ( 2.427883474714088052, 0.8964290159990536688, -3.382319173960587122 ) ) ;
#4877 = VECTOR ( 'NONE', #874, 1000.000000000000000 ) ;
#4878 = ORIENTED_EDGE ( 'NONE', *, *, #6399, .T. ) ;
#4879 = EDGE_CURVE ( 'NONE', #5946, #470, #739, .T. ) ;
#4880 = DIRECTION ( 'NONE',  ( 0.0000000000000000000, 0.0000000000000000000, -1.000000000000000000 ) ) ;
#4881 = EDGE_CURVE ( 'NONE', #3165, #407, #1192, .T. ) ;
#4882 = ORIENTED_EDGE ( 'NONE', *, *, #1850, .T. ) ;
#4883 = LINE ( 'NONE', #450, #1277 ) ;
#4884 = VERTEX_POINT ( 'NONE', #215 ) ;
#4885 = EDGE_CURVE ( 'NONE', #493, #3586, #2675, .T. ) ;
#4886 = LINE ( 'NONE', #6307, #1593 ) ;
#4887 = DIRECTION ( 'NONE',  ( -0.4802758347947816420, 0.0000000000000000000, -0.8771175078130498681 ) ) ;
#4888 = CARTESIAN_POINT ( 'NONE',  ( 5.094588148830343499, 0.9064290159990536777, -3.206424206407054722 ) ) ;
#4889 = ORIENTED_EDGE ( 'NONE', *, *, #2203, .T. ) ;
#4890 = LINE ( 'NONE', #3435, #5614 ) ;
#4891 = ORIENTED_EDGE ( 'NONE', *, *, #4586, .F. ) ;
#4892 = CARTESIAN_POINT ( 'NONE',  ( 5.506388362505557410, 0.9064290159990536777, -2.534144892318314746 ) ) ;
#4893 = VECTOR ( 'NONE', #2627, 1000.000000000000000 ) ;
#4894 = CARTESIAN_POINT ( 'NONE',  ( 4.089616694503420469, 0.8964290159990536688, -3.206424206407054722 ) ) ;
#4895 = LINE ( 'NONE', #195, #4217 ) ;
#4896 = CARTESIAN_POINT ( 'NONE',  ( 4.012170947975643109, 0.9064290159990536777, -2.479871388044810665 ) ) ;
#4897 = VECTOR ( 'NONE', #1701, 1000.000000000000114 ) ;
#4898 = DIRECTION ( 'NONE',  ( -0.4802882638304222795, 0.0000000000000000000, -0.8771107020363840823 ) ) ;
#4899 = DIRECTION ( 'NONE',  ( -1.000000000000000000, 0.0000000000000000000, 0.0000000000000000000 ) ) ;
#4900 = CARTESIAN_POINT ( 'NONE',  ( 4.323459175806839916, 0.9064290159990536777, -3.735590873073721507 ) ) ;
#4901 = ORIENTED_EDGE ( 'NONE', *, *, #5545, .T. ) ;
#4902 = VERTEX_POINT ( 'NONE', #529 ) ;
#4903 = CARTESIAN_POINT ( 'NONE',  ( 4.017259089001283812, 0.9064290159990536777, -2.620961298568314835 ) ) ;
#4904 = CARTESIAN_POINT ( 'NONE',  ( 2.733315139860792886, 0.8964290159990540019, -3.877340515903129337 ) ) ;
#4905 = DIRECTION ( 'NONE',  ( -0.4802758347947816420, 0.0000000000000000000, -0.8771175078130498681 ) ) ;
#4906 = CARTESIAN_POINT ( 'NONE',  ( 2.552274298379286321, 0.8964290159990538909, -3.496574963345232323 ) ) ;
#4907 = ORIENTED_EDGE ( 'NONE', *, *, #1638, .F. ) ;
#4908 = VECTOR ( 'NONE', #1345, 1000.000000000000227 ) ;
#4909 = DIRECTION ( 'NONE',  ( 1.239088197126290817E-16, 0.0000000000000000000, -1.000000000000000000 ) ) ;
#4910 = ORIENTED_EDGE ( 'NONE', *, *, #2759, .F. ) ;
#4911 = DIRECTION ( 'NONE',  ( -0.0000000000000000000, 0.0000000000000000000, -1.000000000000000000 ) ) ;
#4912 = ORIENTED_EDGE ( 'NONE', *, *, #375, .T. ) ;
#4913 = ORIENTED_EDGE ( 'NONE', *, *, #5575, .F. ) ;
#4914 = DIRECTION ( 'NONE',  ( 0.5212085848325783699, 0.0000000000000000000, -0.8534293240197579067 ) ) ;
#4915 = CARTESIAN_POINT ( 'NONE',  ( 0.5876856367598308761, 0.8964290159990536688, -0.9147876630481820426 ) ) ;
#4916 = CARTESIAN_POINT ( 'NONE',  ( 0.6614583333333333703, 0.9064290159990536777, -0.9362179487179487225 ) ) ;
#4917 = CARTESIAN_POINT ( 'NONE',  ( 2.542993935492418700, 0.8964290159990536688, -3.562179970179638389 ) ) ;
#4918 = ORIENTED_EDGE ( 'NONE', *, *, #3164, .F. ) ;
#4919 = VERTEX_POINT ( 'NONE', #2191 ) ;
#4920 = CARTESIAN_POINT ( 'NONE',  ( 2.547287854276985009, 0.8964290159990538909, -3.054682351045048261 ) ) ;
#4921 = ORIENTED_EDGE ( 'NONE', *, *, #917, .F. ) ;
#4922 = DIRECTION ( 'NONE',  ( -0.3660897081358577276, 0.0000000000000000000, -0.9305795643559998664 ) ) ;
#4923 = DIRECTION ( 'NONE',  ( 0.4804543040264439013, 0.0000000000000000000, -0.8770197613181046625 ) ) ;
#4924 = CARTESIAN_POINT ( 'NONE',  ( 2.915638068384414083, 0.9064290159990535667, -2.742599953010209202 ) ) ;
#4925 = EDGE_CURVE ( 'NONE', #1489, #5883, #4482, .T. ) ;
#4926 = CARTESIAN_POINT ( 'NONE',  ( 4.684271976287607941, 0.9064290159990536777, -3.206424206407054722 ) ) ;
#4927 = CARTESIAN_POINT ( 'NONE',  ( 2.400306727158290965, 0.9064290159990536777, -3.108481402145693906 ) ) ;
#4928 = EDGE_CURVE ( 'NONE', #1490, #5583, #4017, .T. ) ;
#4929 = DIRECTION ( 'NONE',  ( 0.0000000000000000000, 0.0000000000000000000, -1.000000000000000000 ) ) ;
#4930 = EDGE_LOOP ( 'NONE', ( #4043, #5644, #2642, #2516 ) ) ;
#4931 = VECTOR ( 'NONE', #691, 999.9999999999998863 ) ;
#4932 = LINE ( 'NONE', #3935, #5238 ) ;
#4933 = CARTESIAN_POINT ( 'NONE',  ( 0.6614583333333333703, 0.8964290159990536688, -0.9362179487179487225 ) ) ;
#4934 = VECTOR ( 'NONE', #5349, 1000.000000000000000 ) ;
#4935 = LINE ( 'NONE', #3387, #3325 ) ;
#4936 = EDGE_CURVE ( 'NONE', #5848, #4026, #3531, .T. ) ;
#4937 = EDGE_CURVE ( 'NONE', #1949, #2093, #183, .T. ) ;
#4938 = ORIENTED_EDGE ( 'NONE', *, *, #2384, .T. ) ;
#4939 = CARTESIAN_POINT ( 'NONE',  ( 0.0000000000000000000, 0.9064290159990536777, 0.0000000000000000000 ) ) ;
#4940 = ORIENTED_EDGE ( 'NONE', *, *, #351, .F. ) ;
#4941 = LINE ( 'NONE', #4467, #1911 ) ;
#4942 = ORIENTED_EDGE ( 'NONE', *, *, #1044, .F. ) ;
#4943 = VECTOR ( 'NONE', #435, 1000.000000000000000 ) ;
#4944 = DIRECTION ( 'NONE',  ( 0.0000000000000000000, 0.0000000000000000000, -1.000000000000000000 ) ) ;
#4945 = DIRECTION ( 'NONE',  ( 1.000000000000000000, 0.0000000000000000000, 0.0000000000000000000 ) ) ;
#4946 = LINE ( 'NONE', #5578, #4314 ) ;
#4947 = CARTESIAN_POINT ( 'NONE',  ( 3.491484516351711420, 0.9064290159990536777, -3.681317368800217427 ) ) ;
#4948 = FACE_OUTER_BOUND ( 'NONE', #1439, .T. ) ;
#4949 = EDGE_LOOP ( 'NONE', ( #2245, #1683, #3688, #169 ) ) ;
#4950 = ORIENTED_EDGE ( 'NONE', *, *, #2961, .F. ) ;
#4951 = CARTESIAN_POINT ( 'NONE',  ( 2.329525994297770630, 0.9064290159990538998, -3.374422054233952473 ) ) ;
#4952 = EDGE_LOOP ( 'NONE', ( #2738, #2518, #1846, #4180 ) ) ;
#4953 = PLANE ( 'NONE',  #1793 ) ;
#4954 = DIRECTION ( 'NONE',  ( -1.000000000000000000, 0.0000000000000000000, 0.0000000000000000000 ) ) ;
#4955 = DIRECTION ( 'NONE',  ( 0.8769390707362905157, -0.0000000000000000000, 0.4806015670138532592 ) ) ;
#4956 = PLANE ( 'NONE',  #5062 ) ;
#4957 = EDGE_CURVE ( 'NONE', #285, #3224, #5164, .T. ) ;
#4958 = CARTESIAN_POINT ( 'NONE',  ( 0.5291666666666666741, 0.8964290159990536688, -0.8039262820512820262 ) ) ;
#4959 = CARTESIAN_POINT ( 'NONE',  ( 2.129999999999995008, 0.0000000000000000000, -0.3500000000000000333 ) ) ;
#4960 = FACE_OUTER_BOUND ( 'NONE', #333, .T. ) ;
#4961 = VERTEX_POINT ( 'NONE', #4845 ) ;
#4962 = DIRECTION ( 'NONE',  ( -0.2603341375417466130, 0.0000000000000000000, 0.9655185844044613663 ) ) ;
#4963 = CARTESIAN_POINT ( 'NONE',  ( 0.6526160983265799631, 0.8964290159990538909, -0.9357024936672075910 ) ) ;
#4964 = CARTESIAN_POINT ( 'NONE',  ( 4.690589751394446338, 0.9064290159990536777, -2.479871388044810665 ) ) ;
#4965 = ADVANCED_FACE ( 'NONE', ( #4259 ), #4816, .T. ) ;
#4966 = AXIS2_PLACEMENT_3D ( 'NONE', #3020, #76, #3543 ) ;
#4967 = PLANE ( 'NONE',  #5521 ) ;
#4968 = EDGE_LOOP ( 'NONE', ( #2175, #1972, #346, #5619 ) ) ;
#4969 = CARTESIAN_POINT ( 'NONE',  ( 0.6171964533206235615, 0.8964290159990536688, -3.634977215778476101 ) ) ;
#4970 = VERTEX_POINT ( 'NONE', #6234 ) ;
#4971 = VECTOR ( 'NONE', #5202, 1000.000000000000227 ) ;
#4972 = PLANE ( 'NONE',  #405 ) ;
#4973 = VECTOR ( 'NONE', #3421, 1000.000000000000000 ) ;
#4974 = LINE ( 'NONE', #5557, #3638 ) ;
#4975 = DIRECTION ( 'NONE',  ( -0.0000000000000000000, -1.000000000000000000, -0.0000000000000000000 ) ) ;
#4976 = ORIENTED_EDGE ( 'NONE', *, *, #4477, .F. ) ;
#4977 = EDGE_LOOP ( 'NONE', ( #4095, #3765, #2854, #2180 ) ) ;
#4978 = CARTESIAN_POINT ( 'NONE',  ( 2.944070577359199081, 0.8964290159990535578, -3.565158282828082115 ) ) ;
#4979 = ORIENTED_EDGE ( 'NONE', *, *, #2776, .F. ) ;
#4980 = DIRECTION ( 'NONE',  ( -1.000000000000000000, 0.0000000000000000000, -0.0000000000000000000 ) ) ;
#4981 = CARTESIAN_POINT ( 'NONE',  ( 2.442573182328521497, 0.9064290159990538998, -2.865246417173982429 ) ) ;
#4982 = CARTESIAN_POINT ( 'NONE',  ( 4.946290038520515076, 0.9064290159990536777, -3.477155710146370815 ) ) ;
#4983 = DIRECTION ( 'NONE',  ( 0.2603341375417481118, 0.0000000000000000000, -0.9655185844044609222 ) ) ;
#4984 = LINE ( 'NONE', #136, #5664 ) ;
#4985 = EDGE_CURVE ( 'NONE', #3904, #4166, #1785, .T. ) ;
#4986 = FACE_OUTER_BOUND ( 'NONE', #2522, .T. ) ;
#4987 = CARTESIAN_POINT ( 'NONE',  ( 3.674657593274788248, 0.8964290159990536688, -3.681317368800217427 ) ) ;
#4988 = DIRECTION ( 'NONE',  ( -0.4804152582365220359, 0.0000000000000000000, 0.8770411504904065403 ) ) ;
#4989 = ORIENTED_EDGE ( 'NONE', *, *, #488, .F. ) ;
#4990 = VECTOR ( 'NONE', #4550, 1000.000000000000000 ) ;
#4991 = LINE ( 'NONE', #1148, #2766 ) ;
#4992 = EDGE_CURVE ( 'NONE', #4689, #1505, #1254, .T. ) ;
#4993 = LINE ( 'NONE', #2025, #4424 ) ;
#4994 = ADVANCED_FACE ( 'NONE', ( #1347 ), #1316, .F. ) ;
#4995 = DIRECTION ( 'NONE',  ( 0.0000000000000000000, -1.000000000000000000, 0.0000000000000000000 ) ) ;
#4996 = CARTESIAN_POINT ( 'NONE',  ( 2.549560763823576437, 0.8964290159990537799, -2.921212800252466657 ) ) ;
#4997 = VERTEX_POINT ( 'NONE', #5261 ) ;
#4998 = VECTOR ( 'NONE', #4369, 1000.000000000000000 ) ;
#4999 = EDGE_CURVE ( 'NONE', #6218, #2901, #5679, .T. ) ;
#5000 = VECTOR ( 'NONE', #5432, 1000.000000000000000 ) ;
#5001 = CARTESIAN_POINT ( 'NONE',  ( 5.111845427142309717, 0.9064290159990536777, -3.009038054711477006 ) ) ;
#5002 = ORIENTED_EDGE ( 'NONE', *, *, #1369, .F. ) ;
#5003 = DIRECTION ( 'NONE',  ( 0.4804152582365220914, 0.0000000000000000000, -0.8770411504904065403 ) ) ;
#5004 = EDGE_LOOP ( 'NONE', ( #1094, #2589, #2365, #1935 ) ) ;
#5005 = ADVANCED_FACE ( 'NONE', ( #2845 ), #6200, .F. ) ;
#5006 = CARTESIAN_POINT ( 'NONE',  ( 2.568795645598007216, 0.8964290159990536688, -2.991539321767443305 ) ) ;
#5007 = DIRECTION ( 'NONE',  ( 0.0000000000000000000, 0.0000000000000000000, -1.000000000000000000 ) ) ;
#5008 = VECTOR ( 'NONE', #1218, 1000.000000000000114 ) ;
#5009 = LINE ( 'NONE', #1652, #3044 ) ;
#5010 = ORIENTED_EDGE ( 'NONE', *, *, #3992, .T. ) ;
#5011 = ORIENTED_EDGE ( 'NONE', *, *, #3182, .F. ) ;
#5012 = CARTESIAN_POINT ( 'NONE',  ( 2.398040699044323265, 0.8964290159990536688, -3.377802030631957830 ) ) ;
#5013 = EDGE_LOOP ( 'NONE', ( #2763, #6197, #5311, #1534 ) ) ;
#5014 = CARTESIAN_POINT ( 'NONE',  ( 4.856590352355985019, 0.9064290159990536777, -3.009038054711477006 ) ) ;
#5015 = CARTESIAN_POINT ( 'NONE',  ( 4.683805563360258439, 0.9064290159990536777, -2.479871388044810665 ) ) ;
#5016 = LINE ( 'NONE', #594, #4727 ) ;
#5017 = LINE ( 'NONE', #2048, #4238 ) ;
#5018 = EDGE_CURVE ( 'NONE', #5651, #3881, #3812, .T. ) ;
#5019 = EDGE_CURVE ( 'NONE', #4257, #2071, #2385, .T. ) ;
#5020 = DIRECTION ( 'NONE',  ( 0.9603632401120083539, -0.0000000000000000000, 0.2787515866171259571 ) ) ;
#5021 = CARTESIAN_POINT ( 'NONE',  ( 2.829999999999994742, -0.01000000000000000021, -0.3500000000000004774 ) ) ;
#5022 = DIRECTION ( 'NONE',  ( 0.0000000000000000000, -0.0000000000000000000, 1.000000000000000000 ) ) ;
#5023 = VERTEX_POINT ( 'NONE', #5450 ) ;
#5024 = DIRECTION ( 'NONE',  ( 1.000000000000000000, 0.0000000000000000000, 0.0000000000000000000 ) ) ;
#5025 = CARTESIAN_POINT ( 'NONE',  ( 0.6526160983265799631, 0.9064290159990538998, -0.9357024936672075910 ) ) ;
#5026 = DIRECTION ( 'NONE',  ( -0.4804152582365220359, 0.0000000000000000000, 0.8770411504904065403 ) ) ;
#5027 = DIRECTION ( 'NONE',  ( 0.0000000000000000000, 0.0000000000000000000, -1.000000000000000000 ) ) ;
#5028 = ORIENTED_EDGE ( 'NONE', *, *, #2572, .F. ) ;
#5029 = AXIS2_PLACEMENT_3D ( 'NONE', #2320, #4355, #4290 ) ;
#5030 = VECTOR ( 'NONE', #2060, 1000.000000000000000 ) ;
#5031 = EDGE_CURVE ( 'NONE', #5909, #6044, #2903, .T. ) ;
#5032 = VECTOR ( 'NONE', #3464, 1000.000000000000000 ) ;
#5033 = EDGE_LOOP ( 'NONE', ( #6107, #4868, #1980, #4235 ) ) ;
#5034 = CARTESIAN_POINT ( 'NONE',  ( 1.375781264195327980, 0.9064290159990536777, -3.634977215778476101 ) ) ;
#5035 = ORIENTED_EDGE ( 'NONE', *, *, #2851, .T. ) ;
#5036 = FACE_BOUND ( 'NONE', #5110, .T. ) ;
#5037 = DIRECTION ( 'NONE',  ( -0.0000000000000000000, 1.000000000000000000, -0.0000000000000000000 ) ) ;
#5038 = PLANE ( 'NONE',  #5105 ) ;
#5039 = ORIENTED_EDGE ( 'NONE', *, *, #74, .F. ) ;
#5040 = VERTEX_POINT ( 'NONE', #1901 ) ;
#5041 = FACE_OUTER_BOUND ( 'NONE', #783, .T. ) ;
#5042 = VECTOR ( 'NONE', #6017, 1000.000000000000000 ) ;
#5043 = VECTOR ( 'NONE', #3965, 1000.000000000000000 ) ;
#5044 = VERTEX_POINT ( 'NONE', #1407 ) ;
#5045 = CARTESIAN_POINT ( 'NONE',  ( 2.923332099763088276, 0.8964290159990535578, -3.105910929068021353 ) ) ;
#5046 = PLANE ( 'NONE',  #1123 ) ;
#5047 = VECTOR ( 'NONE', #1861, 1000.000000000000114 ) ;
#5048 = CARTESIAN_POINT ( 'NONE',  ( 2.498542922798510091, 0.9064290159990537887, -2.537952867162974968 ) ) ;
#5049 = VECTOR ( 'NONE', #6381, 1000.000000000000000 ) ;
#5050 = CARTESIAN_POINT ( 'NONE',  ( 4.804670113306839241, 0.8964290159990536688, -3.735590873073721507 ) ) ;
#5051 = STYLED_ITEM ( 'NONE', ( #2810 ), #4994 ) ;
#5052 = DIRECTION ( 'NONE',  ( -1.000000000000000000, 0.0000000000000000000, 0.0000000000000000000 ) ) ;
#5053 = EDGE_CURVE ( 'NONE', #5682, #2287, #1965, .T. ) ;
#5054 = EDGE_CURVE ( 'NONE', #6076, #6264, #4935, .T. ) ;
#5055 = DIRECTION ( 'NONE',  ( -0.0000000000000000000, 0.0000000000000000000, -1.000000000000000000 ) ) ;
#5056 = LINE ( 'NONE', #5598, #3838 ) ;
#5057 = VERTEX_POINT ( 'NONE', #2511 ) ;
#5058 = CARTESIAN_POINT ( 'NONE',  ( 0.6104671169167511513, 0.9064290159990542328, -0.6808200111472147986 ) ) ;
#5059 = CARTESIAN_POINT ( 'NONE',  ( 0.5876856367598308761, 0.8964290159990536688, -0.9147876630481820426 ) ) ;
#5060 = LINE ( 'NONE', #6123, #4835 ) ;
#5061 = VECTOR ( 'NONE', #1256, 1000.000000000000114 ) ;
#5062 = AXIS2_PLACEMENT_3D ( 'NONE', #1622, #4485, #2559 ) ;
#5063 = CARTESIAN_POINT ( 'NONE',  ( 2.799345931256005837, 0.8964290159990536688, -3.271584830041675218 ) ) ;
#5064 = VERTEX_POINT ( 'NONE', #5358 ) ;
#5065 = FACE_OUTER_BOUND ( 'NONE', #6202, .T. ) ;
#5066 = EDGE_CURVE ( 'NONE', #6044, #6011, #5874, .T. ) ;
#5067 = ADVANCED_FACE ( 'NONE', ( #543 ), #511, .T. ) ;
#5068 = CARTESIAN_POINT ( 'NONE',  ( 4.748594559086754430, 0.8964290159990536688, -3.735590873073721507 ) ) ;
#5069 = ORIENTED_EDGE ( 'NONE', *, *, #1140, .T. ) ;
#5070 = CARTESIAN_POINT ( 'NONE',  ( 2.838117477159202373, 0.9064290159990536777, -3.304532734905997859 ) ) ;
#5071 = ORIENTED_EDGE ( 'NONE', *, *, #4204, .F. ) ;
#5072 = DIRECTION ( 'NONE',  ( 1.000000000000000000, 0.0000000000000000000, 0.0000000000000000000 ) ) ;
#5073 = CARTESIAN_POINT ( 'NONE',  ( 2.552895625897455556, 0.9064290159990538998, -3.518035135400225055 ) ) ;
#5074 = EDGE_CURVE ( 'NONE', #2621, #5325, #3343, .T. ) ;
#5075 = LINE ( 'NONE', #5522, #3973 ) ;
#5076 = ORIENTED_EDGE ( 'NONE', *, *, #5736, .F. ) ;
#5077 = EDGE_CURVE ( 'NONE', #3791, #6, #1255, .T. ) ;
#5078 = ORIENTED_EDGE ( 'NONE', *, *, #6199, .F. ) ;
#5079 = EDGE_CURVE ( 'NONE', #6272, #3944, #476, .T. ) ;
#5080 = CARTESIAN_POINT ( 'NONE',  ( 2.552274298379286321, 0.8964290159990538909, -3.496574963345232323 ) ) ;
#5081 = ORIENTED_EDGE ( 'NONE', *, *, #1640, .T. ) ;
#5082 = DIRECTION ( 'NONE',  ( 1.000000000000000000, 0.0000000000000000000, 0.0000000000000000000 ) ) ;
#5083 = DIRECTION ( 'NONE',  ( 0.0000000000000000000, 0.0000000000000000000, 1.000000000000000000 ) ) ;
#5084 = FILL_AREA_STYLE_COLOUR ( '', #3799 ) ;
#5085 = PLANE ( 'NONE',  #5568 ) ;
#5086 = LINE ( 'NONE', #662, #1999 ) ;
#5087 = FILL_AREA_STYLE_COLOUR ( '', #1849 ) ;
#5088 = FACE_OUTER_BOUND ( 'NONE', #5612, .T. ) ;
#5089 = ORIENTED_EDGE ( 'NONE', *, *, #2028, .T. ) ;
#5090 = CARTESIAN_POINT ( 'NONE',  ( 0.6104671169167511513, 0.8964290159990542239, -0.6808200111472147986 ) ) ;
#5091 = DIRECTION ( 'NONE',  ( 1.000000000000000000, 0.0000000000000000000, 0.0000000000000000000 ) ) ;
#5092 = LINE ( 'NONE', #5669, #3668 ) ;
#5093 = CARTESIAN_POINT ( 'NONE',  ( 5.506388362505557410, 0.9064290159990536777, -2.479871388044810665 ) ) ;
#5094 = VECTOR ( 'NONE', #4109, 1000.000000000000000 ) ;
#5095 = CARTESIAN_POINT ( 'NONE',  ( 2.853153437658778824, 0.8964290159990535578, -3.319419770569024042 ) ) ;
#5096 = ORIENTED_EDGE ( 'NONE', *, *, #1167, .F. ) ;
#5097 = DIRECTION ( 'NONE',  ( 0.0000000000000000000, 0.0000000000000000000, 1.000000000000000000 ) ) ;
#5098 = ADVANCED_FACE ( 'NONE', ( #5907 ), #5420, .T. ) ;
#5099 = DIRECTION ( 'NONE',  ( -0.0000000000000000000, -1.000000000000000000, -0.0000000000000000000 ) ) ;
#5100 = ORIENTED_EDGE ( 'NONE', *, *, #3420, .T. ) ;
#5101 = LINE ( 'NONE', #1646, #4281 ) ;
#5102 = VERTEX_POINT ( 'NONE', #5940 ) ;
#5103 = AXIS2_PLACEMENT_3D ( 'NONE', #1716, #4138, #252 ) ;
#5104 = ADVANCED_FACE ( 'NONE', ( #1507 ), #1024, .T. ) ;
#5105 = AXIS2_PLACEMENT_3D ( 'NONE', #1033, #3131, #5461 ) ;
#5106 = CARTESIAN_POINT ( 'NONE',  ( 1.375781264195327980, 0.8964290159990536688, -3.634977215778476101 ) ) ;
#5107 = VERTEX_POINT ( 'NONE', #1184 ) ;
#5108 = ORIENTED_EDGE ( 'NONE', *, *, #4937, .F. ) ;
#5109 = CARTESIAN_POINT ( 'NONE',  ( 2.853153437658778824, 0.8964290159990535578, -3.319419770569024042 ) ) ;
#5110 = EDGE_LOOP ( 'NONE', ( #4763, #5184, #1804, #4066, #771, #2783, #3000, #3254, #5846 ) ) ;
#5111 = DIRECTION ( 'NONE',  ( -0.3660897081358594485, 0.0000000000000000000, -0.9305795643559992003 ) ) ;
#5112 = LINE ( 'NONE', #5566, #4736 ) ;
#5113 = CARTESIAN_POINT ( 'NONE',  ( 3.913694218541882375, 0.9064290159990536777, -3.009038054711477006 ) ) ;
#5114 = CARTESIAN_POINT ( 'NONE',  ( 2.338501811870663083, 0.8964290159990533358, -2.858440769757987443 ) ) ;
#5115 = CARTESIAN_POINT ( 'NONE',  ( 4.797885925272651342, 0.8964290159990536688, -3.206424206407054722 ) ) ;
#5116 = FILL_AREA_STYLE ('',( #6089 ) ) ;
#5117 = ORIENTED_EDGE ( 'NONE', *, *, #3256, .T. ) ;
#5118 = EDGE_CURVE ( 'NONE', #2490, #6272, #116, .T. ) ;
#5119 = LINE ( 'NONE', #1273, #4846 ) ;
#5120 = CARTESIAN_POINT ( 'NONE',  ( 2.877411625543240703, 0.9064290159990536777, -3.165446192983746965 ) ) ;
#5121 = CARTESIAN_POINT ( 'NONE',  ( 2.833000272686732934, 0.8964290159990536688, -3.298967478411602094 ) ) ;
#5122 = ORIENTED_EDGE ( 'NONE', *, *, #208, .T. ) ;
#5123 = DIRECTION ( 'NONE',  ( 0.4804152582365231461, 0.0000000000000000000, 0.8770411504904059852 ) ) ;
#5124 = PLANE ( 'NONE',  #2548 ) ;
#5125 = DIRECTION ( 'NONE',  ( -0.8771175078130485359, 0.0000000000000000000, 0.4802758347947843065 ) ) ;
#5126 = AXIS2_PLACEMENT_3D ( 'NONE', #2900, #5320, #900 ) ;
#5127 = EDGE_LOOP ( 'NONE', ( #614, #1715, #600, #2602 ) ) ;
#5128 = EDGE_LOOP ( 'NONE', ( #4788, #6157, #5462, #5299 ) ) ;
#5129 = EDGE_CURVE ( 'NONE', #1099, #1603, #5964, .T. ) ;
#5130 = FILL_AREA_STYLE ('',( #3827 ) ) ;
#5131 = ADVANCED_FACE ( 'NONE', ( #3123 ), #2062, .T. ) ;
#5132 = LINE ( 'NONE', #4656, #485 ) ;
#5133 = STYLED_ITEM ( 'NONE', ( #2109 ), #5892 ) ;
#5134 = LINE ( 'NONE', #249, #2872 ) ;
#5135 = VERTEX_POINT ( 'NONE', #672 ) ;
#5136 = ORIENTED_EDGE ( 'NONE', *, *, #775, .F. ) ;
#5137 = DIRECTION ( 'NONE',  ( -0.0000000000000000000, -1.000000000000000000, -0.0000000000000000000 ) ) ;
#5138 = VECTOR ( 'NONE', #1403, 1000.000000000000000 ) ;
#5139 = ORIENTED_EDGE ( 'NONE', *, *, #186, .T. ) ;
#5140 = PRESENTATION_STYLE_ASSIGNMENT (( #4662 ) ) ;
#5141 = LINE ( 'NONE', #3109, #3606 ) ;
#5142 = LINE ( 'NONE', #3229, #4931 ) ;
#5143 = LINE ( 'NONE', #2719, #3102 ) ;
#5144 = AXIS2_PLACEMENT_3D ( 'NONE', #5503, #5055, #5991 ) ;
#5145 = EDGE_CURVE ( 'NONE', #1160, #396, #6095, .T. ) ;
#5146 = DIRECTION ( 'NONE',  ( 1.000000000000000000, 0.0000000000000000000, 0.0000000000000000000 ) ) ;
#5147 = DIRECTION ( 'NONE',  ( -0.0000000000000000000, -1.000000000000000000, -0.0000000000000000000 ) ) ;
#5148 = DIRECTION ( 'NONE',  ( -0.4802882638304235008, 0.0000000000000000000, 0.8771107020363836382 ) ) ;
#5149 = ORIENTED_EDGE ( 'NONE', *, *, #3283, .T. ) ;
#5150 = VECTOR ( 'NONE', #4309, 1000.000000000000114 ) ;
#5151 = VECTOR ( 'NONE', #2256, 1000.000000000000000 ) ;
#5152 = CARTESIAN_POINT ( 'NONE',  ( 1.000079185787132730, 0.8964290159990536688, -3.634977215778476101 ) ) ;
#5153 = DIRECTION ( 'NONE',  ( -0.0000000000000000000, 1.000000000000000000, -0.0000000000000000000 ) ) ;
#5154 = EDGE_CURVE ( 'NONE', #1455, #1134, #5997, .T. ) ;
#5155 = EDGE_CURVE ( 'NONE', #6263, #4478, #175, .T. ) ;
#5156 = LINE ( 'NONE', #4185, #1888 ) ;
#5157 = DIRECTION ( 'NONE',  ( -1.000000000000000000, 0.0000000000000000000, 0.0000000000000000000 ) ) ;
#5158 = ORIENTED_EDGE ( 'NONE', *, *, #1580, .T. ) ;
#5159 = CARTESIAN_POINT ( 'NONE',  ( 3.883886192366668766, 0.9064290159990536777, -3.477155710146370815 ) ) ;
#5160 = DIRECTION ( 'NONE',  ( -1.000000000000000000, 0.0000000000000000000, 0.0000000000000000000 ) ) ;
#5161 = FACE_OUTER_BOUND ( 'NONE', #2920, .T. ) ;
#5162 = ORIENTED_EDGE ( 'NONE', *, *, #2238, .F. ) ;
#5163 = ORIENTED_EDGE ( 'NONE', *, *, #4008, .T. ) ;
#5164 = LINE ( 'NONE', #2707, #6186 ) ;
#5165 = CARTESIAN_POINT ( 'NONE',  ( 5.017714818167950064, 0.8964290159990536688, -2.479871388044810665 ) ) ;
#5166 = EDGE_CURVE ( 'NONE', #30, #5192, #4061, .T. ) ;
#5167 = PLANE ( 'NONE',  #4000 ) ;
#5168 = ORIENTED_EDGE ( 'NONE', *, *, #4404, .F. ) ;
#5169 = ORIENTED_EDGE ( 'NONE', *, *, #1221, .T. ) ;
#5170 = CARTESIAN_POINT ( 'NONE',  ( 2.939758879415200976, 0.8964290159990535578, -3.481252646813874474 ) ) ;
#5171 = ORIENTED_EDGE ( 'NONE', *, *, #3188, .F. ) ;
#5172 = CARTESIAN_POINT ( 'NONE',  ( 2.861815330809401203, 0.9064290159990534557, -2.680150639749945718 ) ) ;
#5173 = CARTESIAN_POINT ( 'NONE',  ( 4.918199259941454571, 0.9064290159990536777, -3.425956291075858307 ) ) ;
#5174 = DIRECTION ( 'NONE',  ( -0.5217877936512456127, 0.0000000000000000000, -0.8530753181264624230 ) ) ;
#5175 = DIRECTION ( 'NONE',  ( 0.5217877936512456127, 0.0000000000000000000, 0.8530753181264624230 ) ) ;
#5176 = FACE_OUTER_BOUND ( 'NONE', #1248, .T. ) ;
#5177 = CARTESIAN_POINT ( 'NONE',  ( 4.005386759941455210, 0.9064290159990536777, -2.479871388044810665 ) ) ;
#5178 = CARTESIAN_POINT ( 'NONE',  ( 2.481858441106281621, 0.9064290159990536777, -2.537619404509760201 ) ) ;
#5179 = VECTOR ( 'NONE', #6393, 1000.000000000000000 ) ;
#5180 = DIRECTION ( 'NONE',  ( 1.000000000000000000, 0.0000000000000000000, 0.0000000000000000000 ) ) ;
#5181 = MECHANICAL_DESIGN_GEOMETRIC_PRESENTATION_REPRESENTATION (  '', ( #3017 ), #3217 ) ;
#5182 = PLANE ( 'NONE',  #1432 ) ;
#5183 = CARTESIAN_POINT ( 'NONE',  ( 0.5306213104926532642, 0.9064290159990534557, -0.8301566863030579446 ) ) ;
#5184 = ORIENTED_EDGE ( 'NONE', *, *, #2960, .T. ) ;
#5185 = EDGE_CURVE ( 'NONE', #2965, #5971, #3580, .T. ) ;
#5186 = DIRECTION ( 'NONE',  ( -0.0000000000000000000, 1.000000000000000000, -0.0000000000000000000 ) ) ;
#5187 = EDGE_CURVE ( 'NONE', #3211, #2009, #4616, .T. ) ;
#5188 = DIRECTION ( 'NONE',  ( 0.4806015670138532592, 0.0000000000000000000, -0.8769390707362905157 ) ) ;
#5189 = AXIS2_PLACEMENT_3D ( 'NONE', #3173, #3669, #821 ) ;
#5190 = DIRECTION ( 'NONE',  ( -0.8771107020363836382, 0.0000000000000000000, 0.4802882638304235008 ) ) ;
#5191 = EDGE_LOOP ( 'NONE', ( #3133, #744, #931, #297 ) ) ;
#5192 = VERTEX_POINT ( 'NONE', #4647 ) ;
#5193 = DIRECTION ( 'NONE',  ( -0.4804543040264409592, 0.0000000000000000000, 0.8770197613181063279 ) ) ;
#5194 = FACE_OUTER_BOUND ( 'NONE', #6120, .T. ) ;
#5195 = LINE ( 'NONE', #6137, #1210 ) ;
#5196 = ORIENTED_EDGE ( 'NONE', *, *, #3457, .T. ) ;
#5197 = ORIENTED_EDGE ( 'NONE', *, *, #917, .T. ) ;
#5198 = CARTESIAN_POINT ( 'NONE',  ( 2.943872535427645154, 0.8964290159990538909, -3.516470411680838737 ) ) ;
#5199 = ORIENTED_EDGE ( 'NONE', *, *, #5352, .T. ) ;
#5200 = LINE ( 'NONE', #2747, #6337 ) ;
#5201 = ADVANCED_FACE ( 'NONE', ( #1702 ), #3092, .T. ) ;
#5202 = DIRECTION ( 'NONE',  ( 0.4804543040264410148, 0.0000000000000000000, -0.8770197613181063279 ) ) ;
#5203 = DIRECTION ( 'NONE',  ( 0.0000000000000000000, 1.000000000000000000, 0.0000000000000000000 ) ) ;
#5204 = PLANE ( 'NONE',  #6083 ) ;
#5205 = VECTOR ( 'NONE', #499, 1000.000000000000114 ) ;
#5206 = VECTOR ( 'NONE', #5003, 1000.000000000000000 ) ;
#5207 = CARTESIAN_POINT ( 'NONE',  ( 4.089616694503420469, 0.9064290159990536777, -3.206424206407054722 ) ) ;
#5208 = ADVANCED_FACE ( 'NONE', ( #5637 ), #3615, .T. ) ;
#5209 = ORIENTED_EDGE ( 'NONE', *, *, #3716, .T. ) ;
#5210 = CARTESIAN_POINT ( 'NONE',  ( 4.433426623723505600, 0.8964290159990536688, -3.009038054711477006 ) ) ;
#5211 = ADVANCED_FACE ( 'NONE', ( #4122 ), #1670, .T. ) ;
#5212 = CARTESIAN_POINT ( 'NONE',  ( 4.946290038520515076, 0.9064290159990536777, -3.477155710146370815 ) ) ;
#5213 = VECTOR ( 'NONE', #3095, 1000.000000000000000 ) ;
#5214 = CARTESIAN_POINT ( 'NONE',  ( 4.171281357964959469, 0.8964290159990536688, -3.009038054711477006 ) ) ;
#5215 = CARTESIAN_POINT ( 'NONE',  ( 0.6103126688945070821, 0.9064290159990536777, -0.9275143899334856723 ) ) ;
#5216 = ORIENTED_EDGE ( 'NONE', *, *, #6160, .F. ) ;
#5217 = CARTESIAN_POINT ( 'NONE',  ( 2.923332099763088276, 0.8964290159990536688, -3.105910929068021353 ) ) ;
#5218 = DIRECTION ( 'NONE',  ( 0.4802882638304235008, 0.0000000000000000000, -0.8771107020363836382 ) ) ;
#5219 = CARTESIAN_POINT ( 'NONE',  ( 4.005386759941455210, 0.8964290159990536688, -2.479871388044810665 ) ) ;
#5220 = CARTESIAN_POINT ( 'NONE',  ( 2.943211042944272382, 0.9064290159990538998, -3.588767806913038427 ) ) ;
#5221 = VERTEX_POINT ( 'NONE', #4186 ) ;
#5222 = ORIENTED_EDGE ( 'NONE', *, *, #901, .F. ) ;
#5223 = DIRECTION ( 'NONE',  ( -0.0000000000000000000, -1.000000000000000000, -0.0000000000000000000 ) ) ;
#5224 = CARTESIAN_POINT ( 'NONE',  ( 5.642072123189318056, 0.8964290159990536688, -2.534144892318314746 ) ) ;
#5225 = ADVANCED_FACE ( 'NONE', ( #4221 ), #3770, .T. ) ;
#5226 = CARTESIAN_POINT ( 'NONE',  ( 2.829999999999994742, 0.0000000000000000000, -2.349999999999999645 ) ) ;
#5227 = VERTEX_POINT ( 'NONE', #6257 ) ;
#5228 = VERTEX_POINT ( 'NONE', #4809 ) ;
#5229 = CARTESIAN_POINT ( 'NONE',  ( 3.471237955187181257, 0.9064290159990536777, -3.009038054711477006 ) ) ;
#5230 = ORIENTED_EDGE ( 'NONE', *, *, #2284, .T. ) ;
#5231 = FILL_AREA_STYLE_COLOUR ( '', #2403 ) ;
#5232 = VERTEX_POINT ( 'NONE', #4319 ) ;
#5233 = AXIS2_PLACEMENT_3D ( 'NONE', #1119, #2574, #115 ) ;
#5234 = CARTESIAN_POINT ( 'NONE',  ( 2.962887626870164048, 0.8964290159990535578, -2.845765417416978860 ) ) ;
#5235 = VECTOR ( 'NONE', #5712, 1000.000000000000000 ) ;
#5236 = LINE ( 'NONE', #324, #3595 ) ;
#5237 = CARTESIAN_POINT ( 'NONE',  ( 4.690589751394446338, 0.9064290159990536777, -2.479871388044810665 ) ) ;
#5238 = VECTOR ( 'NONE', #1474, 1000.000000000000000 ) ;
#5239 = VERTEX_POINT ( 'NONE', #3706 ) ;
#5240 = UNCERTAINTY_MEASURE_WITH_UNIT (LENGTH_MEASURE( 1.000000000000000082E-05 ), #305, 'distance_accuracy_value', 'NONE');
#5241 = DIRECTION ( 'NONE',  ( 0.9661867393583452035, 0.0000000000000000000, -0.2578433336118838848 ) ) ;
#5242 = DIRECTION ( 'NONE',  ( -0.0000000000000000000, -1.000000000000000000, -0.0000000000000000000 ) ) ;
#5243 = ORIENTED_EDGE ( 'NONE', *, *, #1355, .F. ) ;
#5244 = LINE ( 'NONE', #1208, #2474 ) ;
#5245 = EDGE_CURVE ( 'NONE', #2226, #4822, #2414, .T. ) ;
#5246 = DIRECTION ( 'NONE',  ( -0.4804152582365220359, 0.0000000000000000000, -0.8770411504904065403 ) ) ;
#5247 = EDGE_CURVE ( 'NONE', #3787, #4591, #4773, .T. ) ;
#5248 = CARTESIAN_POINT ( 'NONE',  ( 1.305000531334807867, 0.8964290159990536688, -3.374422054233952473 ) ) ;
#5249 = VECTOR ( 'NONE', #5694, 1000.000000000000000 ) ;
#5250 = DIRECTION ( 'NONE',  ( 0.0000000000000000000, 1.000000000000000000, -0.0000000000000000000 ) ) ;
#5251 = ORIENTED_EDGE ( 'NONE', *, *, #5343, .F. ) ;
#5252 = DIRECTION ( 'NONE',  ( 0.0000000000000000000, 1.000000000000000000, 0.0000000000000000000 ) ) ;
#5253 = CARTESIAN_POINT ( 'NONE',  ( 2.829999999999994742, 0.0000000000000000000, -0.3500000000000004774 ) ) ;
#5254 = MECHANICAL_DESIGN_GEOMETRIC_PRESENTATION_REPRESENTATION (  '', ( #5875 ), #1232 ) ;
#5255 = VECTOR ( 'NONE', #1923, 1000.000000000000000 ) ;
#5256 = CARTESIAN_POINT ( 'NONE',  ( 2.563698236277014431, 0.9064290159990537887, -3.935855727962026762 ) ) ;
#5257 = VECTOR ( 'NONE', #1115, 1000.000000000000000 ) ;
#5258 = CARTESIAN_POINT ( 'NONE',  ( 1.000079185787132730, 0.9064290159990536777, -3.634977215778476101 ) ) ;
#5259 = ORIENTED_EDGE ( 'NONE', *, *, #2578, .F. ) ;
#5260 = VERTEX_POINT ( 'NONE', #5769 ) ;
#5261 = CARTESIAN_POINT ( 'NONE',  ( 4.394459943702138993, 0.9064290159990536777, -3.735590873073721507 ) ) ;
#5262 = CARTESIAN_POINT ( 'NONE',  ( 0.7723197143302331646, 0.8964290159990533358, -0.7301535854777794210 ) ) ;
#5263 = ADVANCED_FACE ( 'NONE', ( #6190 ), #2762, .T. ) ;
#5264 = PLANE ( 'NONE',  #4832 ) ;
#5265 = ORIENTED_EDGE ( 'NONE', *, *, #4586, .T. ) ;
#5266 = SURFACE_STYLE_FILL_AREA ( #2817 ) ;
#5267 = EDGE_LOOP ( 'NONE', ( #2681, #1166, #2992, #5785 ) ) ;
#5268 = DIRECTION ( 'NONE',  ( -1.000000000000000000, 0.0000000000000000000, 0.0000000000000000000 ) ) ;
#5269 = ORIENTED_EDGE ( 'NONE', *, *, #2724, .F. ) ;
#5270 = VECTOR ( 'NONE', #832, 1000.000000000000000 ) ;
#5271 = CARTESIAN_POINT ( 'NONE',  ( 2.498542922798510091, 0.8964290159990536688, -2.537952867162974968 ) ) ;
#5272 = EDGE_CURVE ( 'NONE', #1134, #458, #6291, .T. ) ;
#5273 = DIRECTION ( 'NONE',  ( -1.000000000000000000, 0.0000000000000000000, -0.0000000000000000000 ) ) ;
#5274 = DIRECTION ( 'NONE',  ( 0.4804152582365220914, 0.0000000000000000000, -0.8770411504904065403 ) ) ;
#5275 = ADVANCED_FACE ( 'NONE', ( #866 ), #6225, .F. ) ;
#5276 = ORIENTED_EDGE ( 'NONE', *, *, #1413, .F. ) ;
#5277 = FACE_OUTER_BOUND ( 'NONE', #831, .T. ) ;
#5278 = ORIENTED_EDGE ( 'NONE', *, *, #572, .T. ) ;
#5279 = CARTESIAN_POINT ( 'NONE',  ( 2.400306727158290965, 0.9064290159990536777, -3.108481402145693906 ) ) ;
#5280 = CARTESIAN_POINT ( 'NONE',  ( 3.735482079118805476, 0.9064290159990536777, -3.206424206407054722 ) ) ;
#5281 = ORIENTED_EDGE ( 'NONE', *, *, #1931, .T. ) ;
#5282 = LINE ( 'NONE', #793, #1389 ) ;
#5283 =( GEOMETRIC_REPRESENTATION_CONTEXT ( 3 ) GLOBAL_UNCERTAINTY_ASSIGNED_CONTEXT ( ( #5240 ) ) GLOBAL_UNIT_ASSIGNED_CONTEXT ( ( #305, #2350, #3834 ) ) REPRESENTATION_CONTEXT ( 'NONE', 'WORKASPACE' ) );
#5284 = VECTOR ( 'NONE', #6274, 1000.000000000000227 ) ;
#5285 = FACE_OUTER_BOUND ( 'NONE', #180, .T. ) ;
#5286 = CARTESIAN_POINT ( 'NONE',  ( 4.387675755667951094, 0.8964290159990536688, -3.206424206407054722 ) ) ;
#5287 = VERTEX_POINT ( 'NONE', #1371 ) ;
#5288 = LINE ( 'NONE', #2839, #4696 ) ;
#5289 = AXIS2_PLACEMENT_3D ( 'NONE', #1763, #3739, #764 ) ;
#5290 = CARTESIAN_POINT ( 'NONE',  ( 5.160394772761967452, 0.8964290159990536688, -3.009038054711477006 ) ) ;
#5291 = CARTESIAN_POINT ( 'NONE',  ( 3.443995200112394794, 0.8964290159990536688, -3.206424206407054722 ) ) ;
#5292 = ORIENTED_EDGE ( 'NONE', *, *, #2970, .T. ) ;
#5293 =( NAMED_UNIT ( * ) SI_UNIT ( $, .STERADIAN. ) SOLID_ANGLE_UNIT ( ) );
#5294 = CARTESIAN_POINT ( 'NONE',  ( 0.6703087537214805769, 0.9064290159990538998, -0.6721254278498536294 ) ) ;
#5295 = EDGE_CURVE ( 'NONE', #3422, #3917, #238, .T. ) ;
#5296 = VERTEX_POINT ( 'NONE', #2803 ) ;
#5297 = ORIENTED_EDGE ( 'NONE', *, *, #5166, .F. ) ;
#5298 = CARTESIAN_POINT ( 'NONE',  ( 2.935987170650024680, 0.8964290159990536688, -2.775639681362948696 ) ) ;
#5299 = ORIENTED_EDGE ( 'NONE', *, *, #4600, .T. ) ;
#5300 = EDGE_CURVE ( 'NONE', #355, #6151, #897, .T. ) ;
#5301 = VECTOR ( 'NONE', #5591, 1000.000000000000000 ) ;
#5302 = CARTESIAN_POINT ( 'NONE',  ( 2.579681981460850260, 0.9064290159990536777, -2.544133529032138963 ) ) ;
#5303 = DIRECTION ( 'NONE',  ( 0.6167457907690584440, -0.0000000000000000000, 0.7871623908499749689 ) ) ;
#5304 = CARTESIAN_POINT ( 'NONE',  ( 2.481858441106281621, 0.9064290159990536777, -2.537619404509760201 ) ) ;
#5305 = VERTEX_POINT ( 'NONE', #2440 ) ;
#5306 = CARTESIAN_POINT ( 'NONE',  ( 2.400306727158290965, 0.8964290159990536688, -3.108481402145693906 ) ) ;
#5307 = VERTEX_POINT ( 'NONE', #436 ) ;
#5308 = LINE ( 'NONE', #3857, #2720 ) ;
#5309 = PLANE ( 'NONE',  #619 ) ;
#5310 = PRESENTATION_STYLE_ASSIGNMENT (( #4833 ) ) ;
#5311 = ORIENTED_EDGE ( 'NONE', *, *, #23, .T. ) ;
#5312 = DIRECTION ( 'NONE',  ( 0.0000000000000000000, -1.000000000000000000, 0.0000000000000000000 ) ) ;
#5313 = VECTOR ( 'NONE', #5921, 1000.000000000000114 ) ;
#5314 = AXIS2_PLACEMENT_3D ( 'NONE', #1339, #2312, #3311 ) ;
#5315 = LINE ( 'NONE', #4959, #5972 ) ;
#5316 = CARTESIAN_POINT ( 'NONE',  ( 4.349999999999997868, 0.0000000000000000000, -5.150000000000000355 ) ) ;
#5317 = ORIENTED_EDGE ( 'NONE', *, *, #272, .F. ) ;
#5318 = LINE ( 'NONE', #2870, #2360 ) ;
#5319 = AXIS2_PLACEMENT_3D ( 'NONE', #579, #89, #6002 ) ;
#5320 = DIRECTION ( 'NONE',  ( 0.0000000000000000000, 0.0000000000000000000, -1.000000000000000000 ) ) ;
#5321 = MANIFOLD_SOLID_BREP ( 'Boss-Extrude4', #4440 ) ;
#5322 = ORIENTED_EDGE ( 'NONE', *, *, #5489, .F. ) ;
#5323 = CARTESIAN_POINT ( 'NONE',  ( 2.543865849794452849, 0.9064290159990536777, -3.465952807700143801 ) ) ;
#5324 = CARTESIAN_POINT ( 'NONE',  ( 2.496755662849543977, 0.8964290159990534468, -3.406181957871490251 ) ) ;
#5325 = VERTEX_POINT ( 'NONE', #3995 ) ;
#5326 = SURFACE_SIDE_STYLE ('',( #5266 ) ) ;
#5327 = ADVANCED_FACE ( 'NONE', ( #1926 ), #3865, .T. ) ;
#5328 = ORIENTED_EDGE ( 'NONE', *, *, #2375, .F. ) ;
#5329 = ORIENTED_EDGE ( 'NONE', *, *, #4668, .F. ) ;
#5330 = CARTESIAN_POINT ( 'NONE',  ( 4.433426623723505600, 0.9064290159990536777, -3.009038054711477006 ) ) ;
#5331 = LINE ( 'NONE', #4271, #5446 ) ;
#5332 = PLANE ( 'NONE',  #326 ) ;
#5333 = EDGE_CURVE ( 'NONE', #2473, #3777, #4383, .T. ) ;
#5334 = ORIENTED_EDGE ( 'NONE', *, *, #696, .F. ) ;
#5335 = CARTESIAN_POINT ( 'NONE',  ( 2.421629364334528134, 0.9064290159990535667, -3.108280768106052250 ) ) ;
#5336 = ORIENTED_EDGE ( 'NONE', *, *, #4492, .T. ) ;
#5337 = CARTESIAN_POINT ( 'NONE',  ( 6.199999999999998401, 0.0000000000000000000, -5.150000000000000355 ) ) ;
#5338 = CARTESIAN_POINT ( 'NONE',  ( 0.2799999999999950862, 0.0000000000000000000, -5.150000000000001243 ) ) ;
#5339 = AXIS2_PLACEMENT_3D ( 'NONE', #2679, #1319, #1288 ) ;
#5340 = LINE ( 'NONE', #2404, #5872 ) ;
#5341 = DIRECTION ( 'NONE',  ( 0.3651136360950658633, 0.0000000000000000000, 0.9309629599170097247 ) ) ;
#5342 = AXIS2_PLACEMENT_3D ( 'NONE', #4154, #2178, #3091 ) ;
#5343 = EDGE_CURVE ( 'NONE', #4782, #7, #406, .T. ) ;
#5344 = CARTESIAN_POINT ( 'NONE',  ( 4.851714217206412272, 0.8964290159990536688, -2.884590605459340651 ) ) ;
#5345 =( LENGTH_UNIT ( ) NAMED_UNIT ( * ) SI_UNIT ( .MILLI., .METRE. ) );
#5346 = ORIENTED_EDGE ( 'NONE', *, *, #4255, .F. ) ;
#5347 = CARTESIAN_POINT ( 'NONE',  ( 2.810495932645452388, 0.8964290159990538909, -3.228603505007761054 ) ) ;
#5348 = B_SPLINE_SURFACE_WITH_KNOTS ( 'NONE', 3, 1, ( 
 ( #4951, #1068 ),
 ( #3040, #1007 ),
 ( #554, #3985 ),
 ( #3563, #5012 ),
 ( #2593, #524 ),
 ( #2492, #588 ),
 ( #65, #3071 ),
 ( #1135, #36 ),
 ( #2010, #4539 ),
 ( #5953, #3106 ),
 ( #5561, #3956 ),
 ( #3468, #1618 ),
 ( #2073, #1522 ),
 ( #4042, #4509 ),
 ( #3497, #5080 ),
 ( #6013, #4570 ),
 ( #5464, #1585 ) ),
 .UNSPECIFIED., .F., .F., .F.,
 ( 4, 1, 1, 1, 1, 1, 1, 1, 1, 1, 1, 1, 1, 1, 4 ),
 ( 2, 2 ),
 ( 0.0000000000000000000, 0.1206660733040193917, 0.2306394391884424022, 0.3303518480381316680, 0.4203827931102916970, 0.5007196380486821363, 0.5721369648296090737, 0.6339759756642188160, 0.6899155697071892579, 0.7408030946708966669, 0.7861101393510745439, 0.8256243424264403385, 0.8600233983262879356, 0.9268261652858483801, 1.000000000000000000 ),
 ( 0.0000000000000000000, 1.000000000000000000 ),
 .UNSPECIFIED. ) ;
#5349 = DIRECTION ( 'NONE',  ( 0.3688942629807152596, 0.0000000000000000000, -0.9294713673588417269 ) ) ;
#5350 = ADVANCED_FACE ( 'NONE', ( #2379 ), #1020, .T. ) ;
#5351 = CARTESIAN_POINT ( 'NONE',  ( 2.944070577359199081, 0.8964290159990535578, -3.565158282828082115 ) ) ;
#5352 = EDGE_CURVE ( 'NONE', #5837, #4300, #3378, .T. ) ;
#5353 = EDGE_CURVE ( 'NONE', #4156, #2844, #1471, .T. ) ;
#5354 = VERTEX_POINT ( 'NONE', #1892 ) ;
#5355 = VECTOR ( 'NONE', #5499, 1000.000000000000000 ) ;
#5356 = AXIS2_PLACEMENT_3D ( 'NONE', #1725, #260, #3203 ) ;
#5357 = ORIENTED_EDGE ( 'NONE', *, *, #6301, .T. ) ;
#5358 = CARTESIAN_POINT ( 'NONE',  ( 2.129999999999994120, 0.0000000000000000000, -5.150000000000001243 ) ) ;
#5359 = ORIENTED_EDGE ( 'NONE', *, *, #144, .F. ) ;
#5360 = VECTOR ( 'NONE', #4020, 1000.000000000000227 ) ;
#5361 = LINE ( 'NONE', #2811, #1969 ) ;
#5362 = PRESENTATION_LAYER_ASSIGNMENT (  '', '', ( #1436 ) ) ;
#5363 = ORIENTED_EDGE ( 'NONE', *, *, #266, .T. ) ;
#5364 = DIRECTION ( 'NONE',  ( 0.0000000000000000000, 0.0000000000000000000, 1.000000000000000000 ) ) ;
#5365 = EDGE_LOOP ( 'NONE', ( #1746, #2133, #425, #239 ) ) ;
#5366 = CARTESIAN_POINT ( 'NONE',  ( 4.005386759941455210, 0.9064290159990536777, -2.479871388044810665 ) ) ;
#5367 = ORIENTED_EDGE ( 'NONE', *, *, #871, .T. ) ;
#5368 = EDGE_CURVE ( 'NONE', #6185, #5682, #3446, .T. ) ;
#5369 = DIRECTION ( 'NONE',  ( 0.9309629599170105019, 0.0000000000000000000, -0.3651136360950640314 ) ) ;
#5370 = PLANE ( 'NONE',  #2041 ) ;
#5371 = CARTESIAN_POINT ( 'NONE',  ( 0.2799999999999950862, -0.01000000000000000021, -2.350000000000000089 ) ) ;
#5372 = ORIENTED_EDGE ( 'NONE', *, *, #5808, .T. ) ;
#5373 = CARTESIAN_POINT ( 'NONE',  ( 2.559414891375597634, 0.9064290159990531226, -3.034560569559087373 ) ) ;
#5374 = EDGE_LOOP ( 'NONE', ( #2551, #710, #1062, #202 ) ) ;
#5375 = DIRECTION ( 'NONE',  ( 1.000000000000000000, 0.0000000000000000000, -0.0000000000000000000 ) ) ;
#5376 = PRESENTATION_LAYER_ASSIGNMENT (  '', '', ( #633 ) ) ;
#5377 = DIRECTION ( 'NONE',  ( -1.000000000000000000, 0.0000000000000000000, 0.0000000000000000000 ) ) ;
#5378 = CARTESIAN_POINT ( 'NONE',  ( 0.7127804603152829710, 0.8964290159990538909, -0.9276690017408901756 ) ) ;
#5379 = CARTESIAN_POINT ( 'NONE',  ( 2.799345931256005837, 0.8964290159990536688, -3.271584830041675218 ) ) ;
#5380 = DIRECTION ( 'NONE',  ( -1.000000000000000000, 0.0000000000000000000, 0.0000000000000000000 ) ) ;
#5381 = DIRECTION ( 'NONE',  ( 1.000000000000000000, 0.0000000000000000000, 0.0000000000000000000 ) ) ;
#5382 = DIRECTION ( 'NONE',  ( 0.0000000000000000000, -0.0000000000000000000, 1.000000000000000000 ) ) ;
#5383 = VERTEX_POINT ( 'NONE', #1437 ) ;
#5384 = ORIENTED_EDGE ( 'NONE', *, *, #5865, .F. ) ;
#5385 = DIRECTION ( 'NONE',  ( -1.000000000000000000, 0.0000000000000000000, -0.0000000000000000000 ) ) ;
#5386 = CARTESIAN_POINT ( 'NONE',  ( 2.563698236277014431, 0.8964290159990537799, -3.935855727962026762 ) ) ;
#5387 = AXIS2_PLACEMENT_3D ( 'NONE', #4147, #6054, #4988 ) ;
#5388 = CARTESIAN_POINT ( 'NONE',  ( 2.529970039508576463, 0.8964290159990538909, -2.897067692646408510 ) ) ;
#5389 = EDGE_CURVE ( 'NONE', #3562, #161, #5416, .T. ) ;
#5390 = DIRECTION ( 'NONE',  ( 0.4802882638304223351, 0.0000000000000000000, 0.8771107020363840823 ) ) ;
#5391 = ORIENTED_EDGE ( 'NONE', *, *, #5333, .T. ) ;
#5392 =( NAMED_UNIT ( * ) PLANE_ANGLE_UNIT ( ) SI_UNIT ( $, .RADIAN. ) );
#5393 = ORIENTED_EDGE ( 'NONE', *, *, #4477, .T. ) ;
#5394 = DIRECTION ( 'NONE',  ( -0.3698797865436000420, 0.0000000000000000000, 0.9290796217259642553 ) ) ;
#5395 = VERTEX_POINT ( 'NONE', #1504 ) ;
#5396 = DIRECTION ( 'NONE',  ( -0.8771107020363841933, 0.0000000000000000000, 0.4802882638304223906 ) ) ;
#5397 = PLANE ( 'NONE',  #5449 ) ;
#5398 = LINE ( 'NONE', #4888, #5589 ) ;
#5399 = CARTESIAN_POINT ( 'NONE',  ( 5.594582806950002762, 0.8964290159990536688, -3.009038054711477006 ) ) ;
#5400 = EDGE_LOOP ( 'NONE', ( #5028, #4268, #5913, #4878 ) ) ;
#5401 = EDGE_LOOP ( 'NONE', ( #5269, #1586, #1214, #3291 ) ) ;
#5402 = ADVANCED_FACE ( 'NONE', ( #5868 ), #2958, .T. ) ;
#5403 = CARTESIAN_POINT ( 'NONE',  ( 2.532959185866572760, 0.8964290159990535578, -3.069717322832099082 ) ) ;
#5404 = B_SPLINE_SURFACE_WITH_KNOTS ( 'NONE', 3, 1, ( 
 ( #777, #3623 ),
 ( #1650, #2740 ),
 ( #1163, #4330 ),
 ( #6330, #6235 ),
 ( #2290, #5262 ),
 ( #3780, #6266 ),
 ( #1806, #4360 ),
 ( #965, #6299 ),
 ( #348, #2327 ),
 ( #5294, #5847 ),
 ( #5745, #3288 ) ),
 .UNSPECIFIED., .F., .F., .F.,
 ( 4, 1, 1, 1, 1, 1, 1, 1, 4 ),
 ( 2, 2 ),
 ( 0.0000000000000000000, 0.1276753205943260139, 0.2488210220607406931, 0.3728545096390351032, 0.5000883640370010763, 0.6273222184349671604, 0.7492780100383872322, 0.8723246794056734865, 1.000000000000000000 ),
 ( 0.0000000000000000000, 1.000000000000000000 ),
 .UNSPECIFIED. ) ;
#5405 = ORIENTED_EDGE ( 'NONE', *, *, #352, .T. ) ;
#5406 = DIRECTION ( 'NONE',  ( 1.000000000000000000, 0.0000000000000000000, -0.0000000000000000000 ) ) ;
#5407 = AXIS2_PLACEMENT_3D ( 'NONE', #4892, #918, #3371 ) ;
#5408 = DIRECTION ( 'NONE',  ( -0.0000000000000000000, -1.000000000000000000, -0.0000000000000000000 ) ) ;
#5409 = CARTESIAN_POINT ( 'NONE',  ( 0.7932171381971933055, 0.8964290159990537799, -0.8127623096318707940 ) ) ;
#5410 = LINE ( 'NONE', #3535, #174 ) ;
#5411 = PRESENTATION_STYLE_ASSIGNMENT (( #6350 ) ) ;
#5412 = CARTESIAN_POINT ( 'NONE',  ( 4.209930029172224586, 0.9064290159990536777, -3.425956291075858307 ) ) ;
#5413 = ADVANCED_BREP_SHAPE_REPRESENTATION ( 'TBU-DF', ( #5321, #2678 ), #5654 ) ;
#5414 = ADVANCED_FACE ( 'NONE', ( #4960 ), #956, .T. ) ;
#5415 = FACE_OUTER_BOUND ( 'NONE', #3511, .T. ) ;
#5416 = LINE ( 'NONE', #5935, #3119 ) ;
#5417 = VERTEX_POINT ( 'NONE', #2022 ) ;
#5418 = FILL_AREA_STYLE ('',( #3806 ) ) ;
#5419 = CARTESIAN_POINT ( 'NONE',  ( 0.6103126688945070821, 0.8964290159990536688, -0.9275143899334856723 ) ) ;
#5420 = PLANE ( 'NONE',  #3744 ) ;
#5421 = ORIENTED_EDGE ( 'NONE', *, *, #414, .T. ) ;
#5422 = VECTOR ( 'NONE', #4065, 1000.000000000000000 ) ;
#5423 = LINE ( 'NONE', #5515, #891 ) ;
#5424 = ORIENTED_EDGE ( 'NONE', *, *, #2224, .F. ) ;
#5425 = LINE ( 'NONE', #4969, #1084 ) ;
#5426 = ORIENTED_EDGE ( 'NONE', *, *, #5592, .F. ) ;
#5427 = CARTESIAN_POINT ( 'NONE',  ( 2.407577142295724837, 0.8964290159990535578, -3.108412991622791832 ) ) ;
#5428 = DIRECTION ( 'NONE',  ( 1.000000000000000000, 0.0000000000000000000, 0.0000000000000000000 ) ) ;
#5429 = LINE ( 'NONE', #2124, #3588 ) ;
#5430 = CARTESIAN_POINT ( 'NONE',  ( 1.081630899735123164, 0.9064290159990536777, -2.537619404509760201 ) ) ;
#5431 = ADVANCED_FACE ( 'NONE', ( #2144 ), #4552, .T. ) ;
#5432 = DIRECTION ( 'NONE',  ( 0.4804152582365220914, 0.0000000000000000000, 0.8770411504904065403 ) ) ;
#5433 = ORIENTED_EDGE ( 'NONE', *, *, #1931, .F. ) ;
#5434 = ORIENTED_EDGE ( 'NONE', *, *, #4124, .F. ) ;
#5435 = CARTESIAN_POINT ( 'NONE',  ( 2.845558335077569279, 0.8964290159990534468, -3.791684767714020854 ) ) ;
#5436 = ORIENTED_EDGE ( 'NONE', *, *, #3734, .F. ) ;
#5437 = DIRECTION ( 'NONE',  ( -1.000000000000000000, 0.0000000000000000000, 0.0000000000000000000 ) ) ;
#5438 = CARTESIAN_POINT ( 'NONE',  ( 2.568795645598007216, 0.9064290159990536777, -2.991539321767443305 ) ) ;
#5439 = CARTESIAN_POINT ( 'NONE',  ( 4.543033661650856203, 0.8964290159990536688, -3.009038054711477006 ) ) ;
#5440 = CARTESIAN_POINT ( 'NONE',  ( 2.935987170650024680, 0.9064290159990536777, -2.775639681362948696 ) ) ;
#5441 = LINE ( 'NONE', #2499, #924 ) ;
#5442 = AXIS2_PLACEMENT_3D ( 'NONE', #1774, #4785, #6236 ) ;
#5443 = LINE ( 'NONE', #3964, #3548 ) ;
#5444 = CARTESIAN_POINT ( 'NONE',  ( 4.918199259941454571, 0.9064290159990536777, -3.528355129216884212 ) ) ;
#5445 = VERTEX_POINT ( 'NONE', #1627 ) ;
#5446 = VECTOR ( 'NONE', #2336, 1000.000000000000000 ) ;
#5447 = ADVANCED_FACE ( 'NONE', ( #3671 ), #1112, .T. ) ;
#5448 = DIRECTION ( 'NONE',  ( 0.3651136360950658633, 0.0000000000000000000, 0.9309629599170097247 ) ) ;
#5449 = AXIS2_PLACEMENT_3D ( 'NONE', #798, #2670, #1766 ) ;
#5450 = CARTESIAN_POINT ( 'NONE',  ( 4.040325328317523557, 0.8964290159990536688, -3.735590873073721507 ) ) ;
#5451 = VECTOR ( 'NONE', #1019, 1000.000000000000000 ) ;
#5452 = B_SPLINE_SURFACE_WITH_KNOTS ( 'NONE', 3, 1, ( 
 ( #4759, #1294 ),
 ( #4239, #255 ),
 ( #4302, #226 ),
 ( #2748, #5234 ),
 ( #816, #2786 ),
 ( #4270, #3693 ),
 ( #3267, #2335 ),
 ( #1851, #4171 ),
 ( #5172, #1354 ),
 ( #5786, #3820 ),
 ( #3331, #4723 ),
 ( #289, #6143 ),
 ( #6207, #3788 ),
 ( #2232, #1719 ),
 ( #5656, #3297 ),
 ( #5302, #1234 ),
 ( #4203, #4663 ),
 ( #3200, #5271 ),
 ( #2717, #4693 ) ),
 .UNSPECIFIED., .F., .F., .F.,
 ( 4, 1, 1, 1, 1, 1, 1, 1, 1, 1, 1, 1, 1, 1, 1, 1, 4 ),
 ( 2, 2 ),
 ( 0.0000000000000000000, 0.05532994753244366293, 0.1095669129065142411, 0.1635052341545483179, 0.2181068326408383828, 0.2745542418920283723, 0.3325493756472085449, 0.3937865580565335644, 0.4585889581839313056, 0.5247912453323904103, 0.5900678770463964051, 0.6556562814272627326, 0.7214312517726387819, 0.7881687928130070020, 0.8565958983758098499, 0.9271866057981060782, 1.000000000000000000 ),
 ( 0.0000000000000000000, 1.000000000000000000 ),
 .UNSPECIFIED. ) ;
#5453 = CARTESIAN_POINT ( 'NONE',  ( 5.845597764214959469, 0.9064290159990536777, -2.534144892318314746 ) ) ;
#5454 = ORIENTED_EDGE ( 'NONE', *, *, #1483, .T. ) ;
#5455 = DIRECTION ( 'NONE',  ( 0.0000000000000000000, 0.0000000000000000000, -1.000000000000000000 ) ) ;
#5456 = EDGE_LOOP ( 'NONE', ( #2506, #2410, #5405, #4753 ) ) ;
#5457 = EDGE_CURVE ( 'NONE', #6196, #3458, #5646, .T. ) ;
#5458 = VECTOR ( 'NONE', #4346, 1000.000000000000000 ) ;
#5459 = CARTESIAN_POINT ( 'NONE',  ( 2.477634960984885559, 0.8964290159990536688, -3.099908214660000549 ) ) ;
#5460 = CARTESIAN_POINT ( 'NONE',  ( 3.649999999999996358, -0.01000000000000000021, -5.150000000000000355 ) ) ;
#5461 = DIRECTION ( 'NONE',  ( -1.000000000000000000, 0.0000000000000000000, -0.0000000000000000000 ) ) ;
#5462 = ORIENTED_EDGE ( 'NONE', *, *, #563, .T. ) ;
#5463 = ORIENTED_EDGE ( 'NONE', *, *, #642, .F. ) ;
#5464 = CARTESIAN_POINT ( 'NONE',  ( 2.552895625897455556, 0.9064290159990538998, -3.518035135400225055 ) ) ;
#5465 = ORIENTED_EDGE ( 'NONE', *, *, #421, .F. ) ;
#5466 = DIRECTION ( 'NONE',  ( -0.0000000000000000000, -1.000000000000000000, -0.0000000000000000000 ) ) ;
#5467 = CARTESIAN_POINT ( 'NONE',  ( 2.971168724794224669, 0.9064290159990536777, -2.920502136976269369 ) ) ;
#5468 = ADVANCED_FACE ( 'NONE', ( #665 ), #1694, .T. ) ;
#5469 = LINE ( 'NONE', #1041, #922 ) ;
#5470 = ADVANCED_FACE ( 'NONE', ( #2536 ), #6026, .T. ) ;
#5471 = LINE ( 'NONE', #14, #6168 ) ;
#5472 = FACE_OUTER_BOUND ( 'NONE', #5770, .T. ) ;
#5473 = DIRECTION ( 'NONE',  ( -0.0000000000000000000, -1.000000000000000000, -0.0000000000000000000 ) ) ;
#5474 = SURFACE_STYLE_FILL_AREA ( #2628 ) ;
#5475 = EDGE_LOOP ( 'NONE', ( #1482, #2163, #1185, #276, #2820, #5168, #1511, #1405, #4648, #1907, #2537, #3560 ) ) ;
#5476 = CARTESIAN_POINT ( 'NONE',  ( 4.339296014749147723, 0.9064290159990536777, -2.479871388044810665 ) ) ;
#5477 = EDGE_CURVE ( 'NONE', #2847, #4192, #4611, .T. ) ;
#5478 = LINE ( 'NONE', #2509, #3278 ) ;
#5479 = EDGE_CURVE ( 'NONE', #6071, #6334, #4054, .T. ) ;
#5480 = CARTESIAN_POINT ( 'NONE',  ( 5.007750541992737503, 0.9064290159990536777, -2.623611372019169607 ) ) ;
#5481 = CARTESIAN_POINT ( 'NONE',  ( 2.338501811870663083, 0.8964290159990536688, -2.858440769757987443 ) ) ;
#5482 = COLOUR_RGB ( '',1.000000000000000000, 1.000000000000000000, 1.000000000000000000 ) ;
#5483 = PLANE ( 'NONE',  #5319 ) ;
#5484 = ORIENTED_EDGE ( 'NONE', *, *, #631, .F. ) ;
#5485 = CARTESIAN_POINT ( 'NONE',  ( 3.679406524898720221, 0.9064290159990536777, -3.206424206407054722 ) ) ;
#5486 = ORIENTED_EDGE ( 'NONE', *, *, #2871, .T. ) ;
#5487 = FACE_BOUND ( 'NONE', #2661, .T. ) ;
#5488 = VECTOR ( 'NONE', #3210, 1000.000000000000000 ) ;
#5489 = EDGE_CURVE ( 'NONE', #2711, #3751, #1563, .T. ) ;
#5490 = CARTESIAN_POINT ( 'NONE',  ( 3.649999999999996358, -0.01000000000000000021, -5.150000000000000355 ) ) ;
#5491 = VECTOR ( 'NONE', #5701, 1000.000000000000000 ) ;
#5492 = CARTESIAN_POINT ( 'NONE',  ( 0.7932171381971933055, 0.8964290159990537799, -0.8127623096318707940 ) ) ;
#5493 = ORIENTED_EDGE ( 'NONE', *, *, #541, .T. ) ;
#5494 = ORIENTED_EDGE ( 'NONE', *, *, #1443, .F. ) ;
#5495 = CARTESIAN_POINT ( 'NONE',  ( 2.944497724006202688, 0.8964290159990536688, -3.553425501830485000 ) ) ;
#5496 = VERTEX_POINT ( 'NONE', #1080 ) ;
#5497 = CARTESIAN_POINT ( 'NONE',  ( 3.969324560422224035, 0.8964290159990536688, -3.735590873073721507 ) ) ;
#5498 = DIRECTION ( 'NONE',  ( -0.0000000000000000000, -1.000000000000000000, -0.0000000000000000000 ) ) ;
#5499 = DIRECTION ( 'NONE',  ( -1.000000000000000000, 0.0000000000000000000, 0.0000000000000000000 ) ) ;
#5500 = CARTESIAN_POINT ( 'NONE',  ( 4.918199259941454571, 0.8964290159990536688, -3.528355129216884212 ) ) ;
#5501 = DIRECTION ( 'NONE',  ( -0.8770197613181046625, 0.0000000000000000000, -0.4804543040264439568 ) ) ;
#5502 = DIRECTION ( 'NONE',  ( -1.000000000000000000, 0.0000000000000000000, 0.0000000000000000000 ) ) ;
#5503 = CARTESIAN_POINT ( 'NONE',  ( 3.649999999999996358, -0.01000000000000000021, -3.150000000000000355 ) ) ;
#5504 = DIRECTION ( 'NONE',  ( -0.0000000000000000000, -1.000000000000000000, -0.0000000000000000000 ) ) ;
#5505 = ORIENTED_EDGE ( 'NONE', *, *, #2927, .F. ) ;
#5506 = EDGE_CURVE ( 'NONE', #616, #3944, #2564, .T. ) ;
#5507 = AXIS2_PLACEMENT_3D ( 'NONE', #3437, #5437, #3888 ) ;
#5508 = CARTESIAN_POINT ( 'NONE',  ( 2.510380485614499779, 0.8964290159990537799, -3.600327330909563806 ) ) ;
#5509 = PLANE ( 'NONE',  #882 ) ;
#5510 = PLANE ( 'NONE',  #1523 ) ;
#5511 = CARTESIAN_POINT ( 'NONE',  ( 2.844504228570164717, 0.8964290159990537799, -3.311225980058906337 ) ) ;
#5512 = ORIENTED_EDGE ( 'NONE', *, *, #3256, .F. ) ;
#5513 = VECTOR ( 'NONE', #3462, 1000.000000000000114 ) ;
#5514 = VECTOR ( 'NONE', #3559, 1000.000000000000227 ) ;
#5515 = CARTESIAN_POINT ( 'NONE',  ( 0.2799999999999948641, 0.0000000000000000000, -0.6000000000000000888 ) ) ;
#5516 = VERTEX_POINT ( 'NONE', #168 ) ;
#5517 = CARTESIAN_POINT ( 'NONE',  ( 2.853153437658778824, 0.9064290159990535667, -3.319419770569024042 ) ) ;
#5518 = VERTEX_POINT ( 'NONE', #110 ) ;
#5519 = SURFACE_STYLE_FILL_AREA ( #1579 ) ;
#5520 = PLANE ( 'NONE',  #3599 ) ;
#5521 = AXIS2_PLACEMENT_3D ( 'NONE', #1574, #2515, #6400 ) ;
#5522 = CARTESIAN_POINT ( 'NONE',  ( 5.031728406576070789, 0.9064290159990536777, -3.735590873073721507 ) ) ;
#5523 = EDGE_CURVE ( 'NONE', #4970, #1876, #5056, .T. ) ;
#5524 = ORIENTED_EDGE ( 'NONE', *, *, #4814, .T. ) ;
#5525 = EDGE_CURVE ( 'NONE', #5792, #3996, #636, .T. ) ;
#5526 = ORIENTED_EDGE ( 'NONE', *, *, #5272, .T. ) ;
#5527 = DIRECTION ( 'NONE',  ( -3.154042683594195121E-16, 0.0000000000000000000, -1.000000000000000000 ) ) ;
#5528 = ORIENTED_EDGE ( 'NONE', *, *, #671, .T. ) ;
#5529 = CARTESIAN_POINT ( 'NONE',  ( 2.903566579105354872, 0.8964290159990538909, -3.133625081704789483 ) ) ;
#5530 = CARTESIAN_POINT ( 'NONE',  ( 4.481975969343164223, 0.8964290159990536688, -3.009038054711477006 ) ) ;
#5531 = CARTESIAN_POINT ( 'NONE',  ( 3.491484516351711420, 0.8964290159990536688, -3.681317368800217427 ) ) ;
#5532 = CARTESIAN_POINT ( 'NONE',  ( 5.111845427142309717, 0.9064290159990536777, -3.009038054711477006 ) ) ;
#5533 = EDGE_CURVE ( 'NONE', #4300, #3689, #5536, .T. ) ;
#5534 = CARTESIAN_POINT ( 'NONE',  ( 4.851714217206412272, 0.9064290159990536777, -2.884590605459340651 ) ) ;
#5535 = LINE ( 'NONE', #635, #3498 ) ;
#5536 = LINE ( 'NONE', #2601, #25 ) ;
#5537 = EDGE_CURVE ( 'NONE', #3918, #5718, #1178, .T. ) ;
#5538 = ORIENTED_EDGE ( 'NONE', *, *, #2314, .F. ) ;
#5539 = DIRECTION ( 'NONE',  ( -1.000000000000000000, 0.0000000000000000000, -0.0000000000000000000 ) ) ;
#5540 = ADVANCED_FACE ( 'NONE', ( #5088 ), #697, .F. ) ;
#5541 = CARTESIAN_POINT ( 'NONE',  ( 3.674657593274788248, 0.9064290159990536777, -3.735590873073721507 ) ) ;
#5542 = CARTESIAN_POINT ( 'NONE',  ( 3.976002745518377957, 0.9064290159990536777, -3.206424206407054722 ) ) ;
#5543 = CARTESIAN_POINT ( 'NONE',  ( 4.849700161383762698, 0.9064290159990536777, -3.009038054711477006 ) ) ;
#5544 = ORIENTED_EDGE ( 'NONE', *, *, #500, .T. ) ;
#5545 = EDGE_CURVE ( 'NONE', #1028, #2230, #3237, .T. ) ;
#5546 = VECTOR ( 'NONE', #1539, 1000.000000000000000 ) ;
#5547 = CARTESIAN_POINT ( 'NONE',  ( 4.535973865977779518, 0.9064290159990536777, -3.477155710146370815 ) ) ;
#5548 = EDGE_CURVE ( 'NONE', #5417, #3835, #2308, .T. ) ;
#5549 = ADVANCED_FACE ( 'NONE', ( #5176 ), #6150, .F. ) ;
#5550 = AXIS2_PLACEMENT_3D ( 'NONE', #4694, #5203, #6176 ) ;
#5551 = FACE_OUTER_BOUND ( 'NONE', #5004, .T. ) ;
#5552 = VECTOR ( 'NONE', #5037, 1000.000000000000000 ) ;
#5553 = EDGE_LOOP ( 'NONE', ( #6326, #1513, #3731, #5139 ) ) ;
#5554 = DIRECTION ( 'NONE',  ( -1.000000000000000000, 0.0000000000000000000, -0.0000000000000000000 ) ) ;
#5555 = ORIENTED_EDGE ( 'NONE', *, *, #1502, .T. ) ;
#5556 = FACE_BOUND ( 'NONE', #3197, .T. ) ;
#5557 = CARTESIAN_POINT ( 'NONE',  ( 3.649999999999996358, -0.01000000000000000021, -3.150000000000000355 ) ) ;
#5558 = LINE ( 'NONE', #3103, #2323 ) ;
#5559 = EDGE_LOOP ( 'NONE', ( #1584, #3428, #6258, #5372 ) ) ;
#5560 = ORIENTED_EDGE ( 'NONE', *, *, #4957, .F. ) ;
#5561 = CARTESIAN_POINT ( 'NONE',  ( 2.531592667863820534, 0.9064290159990542328, -3.443431921140716501 ) ) ;
#5562 = VECTOR ( 'NONE', #1497, 1000.000000000000000 ) ;
#5563 = VECTOR ( 'NONE', #534, 1000.000000000000000 ) ;
#5564 = EDGE_LOOP ( 'NONE', ( #3683, #2637, #1609, #2266 ) ) ;
#5565 = CARTESIAN_POINT ( 'NONE',  ( 2.774470093982562169, 0.9064290159990536777, -3.252094483311966489 ) ) ;
#5566 = CARTESIAN_POINT ( 'NONE',  ( 4.349999999999997868, -0.01000000000000000021, -2.350000000000000089 ) ) ;
#5567 =( NAMED_UNIT ( * ) SI_UNIT ( $, .STERADIAN. ) SOLID_ANGLE_UNIT ( ) );
#5568 = AXIS2_PLACEMENT_3D ( 'NONE', #2625, #5569, #5989 ) ;
#5569 = DIRECTION ( 'NONE',  ( -1.000000000000000000, 0.0000000000000000000, 0.0000000000000000000 ) ) ;
#5570 = FACE_OUTER_BOUND ( 'NONE', #329, .T. ) ;
#5571 = DIRECTION ( 'NONE',  ( 0.4804543040264410148, 0.0000000000000000000, -0.8770197613181063279 ) ) ;
#5572 = ORIENTED_EDGE ( 'NONE', *, *, #5629, .F. ) ;
#5573 = CARTESIAN_POINT ( 'NONE',  ( 3.827704635208549089, 0.8964290159990536688, -3.477155710146370815 ) ) ;
#5574 = CARTESIAN_POINT ( 'NONE',  ( 2.844368322809796013, 0.9064290159990534557, -3.199312615216427957 ) ) ;
#5575 = EDGE_CURVE ( 'NONE', #1909, #4869, #4311, .T. ) ;
#5576 = CARTESIAN_POINT ( 'NONE',  ( 5.302862721479915997, 0.9064290159990536777, -2.534144892318314746 ) ) ;
#5577 = ORIENTED_EDGE ( 'NONE', *, *, #5806, .T. ) ;
#5578 = CARTESIAN_POINT ( 'NONE',  ( 4.684271976287607941, 0.8964290159990536688, -3.206424206407054722 ) ) ;
#5579 =( NAMED_UNIT ( * ) PLANE_ANGLE_UNIT ( ) SI_UNIT ( $, .RADIAN. ) );
#5580 = LINE ( 'NONE', #4094, #2220 ) ;
#5581 = ORIENTED_EDGE ( 'NONE', *, *, #3862, .T. ) ;
#5582 = LINE ( 'NONE', #680, #4497 ) ;
#5583 = VERTEX_POINT ( 'NONE', #4669 ) ;
#5584 = DIRECTION ( 'NONE',  ( -0.9136674107863312910, 0.0000000000000000000, 0.4064626212421029727 ) ) ;
#5585 = DIRECTION ( 'NONE',  ( 0.2578433336118838293, 0.0000000000000000000, 0.9661867393583450925 ) ) ;
#5586 = ORIENTED_EDGE ( 'NONE', *, *, #1501, .T. ) ;
#5587 = VERTEX_POINT ( 'NONE', #1790 ) ;
#5588 = CARTESIAN_POINT ( 'NONE',  ( 2.866429445620368721, 0.8964290159990536688, -3.332380475811075993 ) ) ;
#5589 = VECTOR ( 'NONE', #424, 1000.000000000000000 ) ;
#5590 = EDGE_LOOP ( 'NONE', ( #1377, #902, #3466, #1253, #3274, #1738, #6404, #5581, #3496, #1974, #706, #1938 ) ) ;
#5591 = DIRECTION ( 'NONE',  ( 0.3688942629807152596, 0.0000000000000000000, -0.9294713673588417269 ) ) ;
#5592 = EDGE_CURVE ( 'NONE', #5307, #5102, #1726, .T. ) ;
#5593 = DIRECTION ( 'NONE',  ( -0.0000000000000000000, -1.000000000000000000, -0.0000000000000000000 ) ) ;
#5594 = CARTESIAN_POINT ( 'NONE',  ( 0.7126254258773611072, 0.8964290159990535578, -0.6806645994021217616 ) ) ;
#5595 = CARTESIAN_POINT ( 'NONE',  ( 2.568373648262243680, 0.8964290159990531137, -2.970311154452640157 ) ) ;
#5596 = DIRECTION ( 'NONE',  ( 0.4804152582365220914, 0.0000000000000000000, -0.8770411504904065403 ) ) ;
#5597 = PLANE ( 'NONE',  #6392 ) ;
#5598 = CARTESIAN_POINT ( 'NONE',  ( 5.010930630133762165, 0.9064290159990536777, -2.479871388044810665 ) ) ;
#5599 = ORIENTED_EDGE ( 'NONE', *, *, #613, .T. ) ;
#5600 = FACE_OUTER_BOUND ( 'NONE', #4968, .T. ) ;
#5601 = DIRECTION ( 'NONE',  ( 1.000000000000000000, 0.0000000000000000000, 0.0000000000000000000 ) ) ;
#5602 = EDGE_CURVE ( 'NONE', #2071, #2082, #1823, .T. ) ;
#5603 = EDGE_CURVE ( 'NONE', #1727, #2490, #3307, .T. ) ;
#5604 = CARTESIAN_POINT ( 'NONE',  ( 0.0000000000000000000, 0.8964290159990536688, 0.0000000000000000000 ) ) ;
#5605 = AXIS2_PLACEMENT_3D ( 'NONE', #6313, #2373, #6346 ) ;
#5606 = DIRECTION ( 'NONE',  ( 0.8770197613181063279, 0.0000000000000000000, -0.4804543040264409592 ) ) ;
#5607 = VERTEX_POINT ( 'NONE', #5727 ) ;
#5608 = FACE_OUTER_BOUND ( 'NONE', #35, .T. ) ;
#5609 = CARTESIAN_POINT ( 'NONE',  ( 3.674657593274788248, 0.8964290159990536688, -3.464223351706200216 ) ) ;
#5610 = CARTESIAN_POINT ( 'NONE',  ( 3.827704635208549089, 0.9064290159990536777, -3.477155710146370815 ) ) ;
#5611 = ORIENTED_EDGE ( 'NONE', *, *, #6058, .F. ) ;
#5612 = EDGE_LOOP ( 'NONE', ( #4828, #5463, #5136, #1917, #4891, #6329, #840, #2485, #1775, #1808, #4786, #2610, #4728 ) ) ;
#5613 = CARTESIAN_POINT ( 'NONE',  ( 2.549560763823576437, 0.9064290159990537887, -2.921212800252466657 ) ) ;
#5614 = VECTOR ( 'NONE', #4827, 1000.000000000000000 ) ;
#5615 = CARTESIAN_POINT ( 'NONE',  ( 4.677593791191455352, 0.9064290159990536777, -3.735590873073721507 ) ) ;
#5616 = VECTOR ( 'NONE', #4975, 1000.000000000000000 ) ;
#5617 = ADVANCED_FACE ( 'NONE', ( #4179, #5665, #4701, #1240, #2723, #6283, #2830 ), #790, .T. ) ;
#5618 = CARTESIAN_POINT ( 'NONE',  ( 2.400306727158290965, 0.9064290159990536777, -3.108481402145693906 ) ) ;
#5619 = ORIENTED_EDGE ( 'NONE', *, *, #2361, .T. ) ;
#5620 = EDGE_LOOP ( 'NONE', ( #90, #2792, #447, #4670 ) ) ;
#5621 = CARTESIAN_POINT ( 'NONE',  ( 2.838117477159202373, 0.9064290159990536777, -3.304532734905997859 ) ) ;
#5622 = VERTEX_POINT ( 'NONE', #825 ) ;
#5623 = CARTESIAN_POINT ( 'NONE',  ( 0.6614583333333333703, 0.9064290159990536777, -0.6716346153846154410 ) ) ;
#5624 = DIRECTION ( 'NONE',  ( 0.4802882638304245555, 0.0000000000000000000, -0.8771107020363828610 ) ) ;
#5625 = EDGE_CURVE ( 'NONE', #2844, #2543, #261, .T. ) ;
#5626 = COLOUR_RGB ( '',1.000000000000000000, 1.000000000000000000, 1.000000000000000000 ) ;
#5627 = CARTESIAN_POINT ( 'NONE',  ( 5.255373405240600704, 0.9064290159990536777, -3.009038054711477006 ) ) ;
#5628 = LINE ( 'NONE', #3141, #3089 ) ;
#5629 = EDGE_CURVE ( 'NONE', #443, #4591, #1757, .T. ) ;
#5630 = CARTESIAN_POINT ( 'NONE',  ( 3.491484516351711420, 0.9064290159990536777, -3.681317368800217427 ) ) ;
#5631 = LINE ( 'NONE', #4146, #6078 ) ;
#5632 = ORIENTED_EDGE ( 'NONE', *, *, #577, .T. ) ;
#5633 = CARTESIAN_POINT ( 'NONE',  ( 2.829999999999994742, -0.01000000000000000021, -2.349999999999999645 ) ) ;
#5634 = LINE ( 'NONE', #1209, #4498 ) ;
#5635 = PLANE ( 'NONE',  #5805 ) ;
#5636 = ADVANCED_FACE ( 'NONE', ( #3273, #2797, #2374 ), #399, .T. ) ;
#5637 = FACE_OUTER_BOUND ( 'NONE', #1325, .T. ) ;
#5638 = ORIENTED_EDGE ( 'NONE', *, *, #5736, .T. ) ;
#5639 = DIRECTION ( 'NONE',  ( -0.0000000000000000000, -1.000000000000000000, -0.0000000000000000000 ) ) ;
#5640 = PLANE ( 'NONE',  #3694 ) ;
#5641 = LINE ( 'NONE', #3682, #6144 ) ;
#5642 = AXIS2_PLACEMENT_3D ( 'NONE', #6201, #3160, #1225 ) ;
#5643 = ORIENTED_EDGE ( 'NONE', *, *, #5671, .F. ) ;
#5644 = ORIENTED_EDGE ( 'NONE', *, *, #527, .F. ) ;
#5645 = CARTESIAN_POINT ( 'NONE',  ( 4.741810371052566531, 0.9064290159990536777, -3.206424206407054722 ) ) ;
#5646 = B_SPLINE_CURVE_WITH_KNOTS ( 'NONE', 3,
 ( #599, #1048, #3605, #2052, #3637, #1146, #200, #6119, #4518, #140, #568 ),
 .UNSPECIFIED., .F., .F.,
 ( 4, 1, 1, 1, 1, 1, 1, 1, 4 ),
 ( 0.0000000000000000000, 0.1277281627147278109, 0.2493588318443296370, 0.3727134861951738598, 0.5000000000000002220, 0.6272865138048265843, 0.7506411681556701687, 0.8722718372852726887, 0.9999999999999998890 ),
 .UNSPECIFIED. ) ;
#5647 = DIRECTION ( 'NONE',  ( -0.0000000000000000000, -1.000000000000000000, -0.0000000000000000000 ) ) ;
#5648 = VECTOR ( 'NONE', #1153, 1000.000000000000000 ) ;
#5649 = LINE ( 'NONE', #1807, #2354 ) ;
#5650 = ORIENTED_EDGE ( 'NONE', *, *, #1164, .T. ) ;
#5651 = VERTEX_POINT ( 'NONE', #5480 ) ;
#5652 = LINE ( 'NONE', #2650, #2011 ) ;
#5653 = EDGE_CURVE ( 'NONE', #30, #3253, #2086, .T. ) ;
#5654 =( GEOMETRIC_REPRESENTATION_CONTEXT ( 3 ) GLOBAL_UNCERTAINTY_ASSIGNED_CONTEXT ( ( #387 ) ) GLOBAL_UNIT_ASSIGNED_CONTEXT ( ( #3868, #4459, #471 ) ) REPRESENTATION_CONTEXT ( 'NONE', 'WORKASPACE' ) );
#5655 = ORIENTED_EDGE ( 'NONE', *, *, #1047, .T. ) ;
#5656 = CARTESIAN_POINT ( 'NONE',  ( 2.626028034965600444, 0.9064290159990537887, -2.553001150711806666 ) ) ;
#5657 = LINE ( 'NONE', #4080, #3072 ) ;
#5658 = CARTESIAN_POINT ( 'NONE',  ( 2.513841739353765981, 0.8964290159990531137, -2.887093106345713256 ) ) ;
#5659 = VECTOR ( 'NONE', #6256, 1000.000000000000000 ) ;
#5660 = ADVANCED_FACE ( 'NONE', ( #3643 ), #1150, .F. ) ;
#5661 =( LENGTH_UNIT ( ) NAMED_UNIT ( * ) SI_UNIT ( .MILLI., .METRE. ) );
#5662 = DIRECTION ( 'NONE',  ( -1.000000000000000000, 0.0000000000000000000, 0.0000000000000000000 ) ) ;
#5663 = EDGE_CURVE ( 'NONE', #5383, #3426, #1569, .T. ) ;
#5664 = VECTOR ( 'NONE', #4547, 1000.000000000000000 ) ;
#5665 = FACE_OUTER_BOUND ( 'NONE', #1543, .T. ) ;
#5666 = ORIENTED_EDGE ( 'NONE', *, *, #2250, .F. ) ;
#5667 = VECTOR ( 'NONE', #5223, 1000.000000000000000 ) ;
#5668 = DIRECTION ( 'NONE',  ( 1.000000000000000000, 0.0000000000000000000, 0.0000000000000000000 ) ) ;
#5669 = CARTESIAN_POINT ( 'NONE',  ( 5.302862721479915997, 0.9064290159990536777, -3.009038054711477006 ) ) ;
#5670 = DIRECTION ( 'NONE',  ( 0.0000000000000000000, 0.0000000000000000000, 1.000000000000000000 ) ) ;
#5671 = EDGE_CURVE ( 'NONE', #7, #1739, #3547, .T. ) ;
#5672 = CARTESIAN_POINT ( 'NONE',  ( 0.5506186582222731829, 0.9064290159990538998, -0.8778400399451190550 ) ) ;
#5673 = EDGE_LOOP ( 'NONE', ( #3529, #4871, #4859, #243 ) ) ;
#5674 = CARTESIAN_POINT ( 'NONE',  ( 4.918199259941454571, 0.9064290159990536777, -3.425956291075858307 ) ) ;
#5675 = EDGE_CURVE ( 'NONE', #2898, #2447, #83, .T. ) ;
#5676 = CARTESIAN_POINT ( 'NONE',  ( 3.491484516351711420, 0.8964290159990536688, -3.681317368800217427 ) ) ;
#5677 = EDGE_LOOP ( 'NONE', ( #944, #5813, #738, #2128 ) ) ;
#5678 = ORIENTED_EDGE ( 'NONE', *, *, #234, .T. ) ;
#5679 = LINE ( 'NONE', #841, #4877 ) ;
#5680 = LINE ( 'NONE', #3159, #3134 ) ;
#5681 = CARTESIAN_POINT ( 'NONE',  ( 4.005386759941455210, 0.9064290159990536777, -2.479871388044810665 ) ) ;
#5682 = VERTEX_POINT ( 'NONE', #1087 ) ;
#5683 = ORIENTED_EDGE ( 'NONE', *, *, #5908, .F. ) ;
#5684 = CARTESIAN_POINT ( 'NONE',  ( 4.450535497922224693, 0.9064290159990536777, -3.735590873073721507 ) ) ;
#5685 = ADVANCED_FACE ( 'NONE', ( #205 ), #5510, .T. ) ;
#5686 = ORIENTED_EDGE ( 'NONE', *, *, #3242, .F. ) ;
#5687 = CARTESIAN_POINT ( 'NONE',  ( 2.481858441106281621, 0.8964290159990536688, -2.537619404509760201 ) ) ;
#5688 = ADVANCED_FACE ( 'NONE', ( #3150 ), #670, .T. ) ;
#5689 = DIRECTION ( 'NONE',  ( 4.688441826964344298E-16, 0.0000000000000000000, -1.000000000000000000 ) ) ;
#5690 = LINE ( 'NONE', #1235, #6382 ) ;
#5691 = CARTESIAN_POINT ( 'NONE',  ( 2.338501811870663083, 0.9064290159990536777, -2.858440769757987443 ) ) ;
#5692 = VECTOR ( 'NONE', #5571, 1000.000000000000227 ) ;
#5693 = DIRECTION ( 'NONE',  ( -0.2570842515897350244, 0.0000000000000000000, -0.9663889939276759655 ) ) ;
#5694 = DIRECTION ( 'NONE',  ( -0.0000000000000000000, -1.000000000000000000, -0.0000000000000000000 ) ) ;
#5695 = SURFACE_STYLE_USAGE ( .BOTH. , #1271 ) ;
#5696 = VERTEX_POINT ( 'NONE', #605 ) ;
#5697 = CARTESIAN_POINT ( 'NONE',  ( 4.443751309888036793, 0.8964290159990536688, -3.206424206407054722 ) ) ;
#5698 = PRESENTATION_LAYER_ASSIGNMENT (  '', '', ( #5051 ) ) ;
#5699 = CARTESIAN_POINT ( 'NONE',  ( 4.012170947975643109, 0.8964290159990536688, -2.479871388044810665 ) ) ;
#5700 = AXIS2_PLACEMENT_3D ( 'NONE', #1908, #2451, #385 ) ;
#5701 = DIRECTION ( 'NONE',  ( 1.000000000000000000, 0.0000000000000000000, 0.0000000000000000000 ) ) ;
#5702 = ADVANCED_FACE ( 'NONE', ( #4615 ), #2149, .T. ) ;
#5703 = SURFACE_STYLE_FILL_AREA ( #1733 ) ;
#5704 = ORIENTED_EDGE ( 'NONE', *, *, #6147, .T. ) ;
#5705 = CARTESIAN_POINT ( 'NONE',  ( 2.903566579105354872, 0.8964290159990540019, -3.133625081704789483 ) ) ;
#5706 = LINE ( 'NONE', #3213, #4426 ) ;
#5707 = VECTOR ( 'NONE', #4345, 1000.000000000000000 ) ;
#5708 = LINE ( 'NONE', #769, #1090 ) ;
#5709 = ORIENTED_EDGE ( 'NONE', *, *, #4874, .F. ) ;
#5710 = EDGE_LOOP ( 'NONE', ( #3063, #685, #6102, #3295 ) ) ;
#5711 = DIRECTION ( 'NONE',  ( 0.0000000000000000000, 0.0000000000000000000, 1.000000000000000000 ) ) ;
#5712 = DIRECTION ( 'NONE',  ( -0.0000000000000000000, -1.000000000000000000, -0.0000000000000000000 ) ) ;
#5713 = EDGE_LOOP ( 'NONE', ( #5709, #4631, #4137, #3436, #5436 ) ) ;
#5714 = EDGE_LOOP ( 'NONE', ( #6014, #4108, #1233, #4297 ) ) ;
#5715 = CARTESIAN_POINT ( 'NONE',  ( 3.586463148830343783, 0.9064290159990536777, -2.479871388044810665 ) ) ;
#5716 = VERTEX_POINT ( 'NONE', #4059 ) ;
#5717 = PLANE ( 'NONE',  #5700 ) ;
#5718 = VERTEX_POINT ( 'NONE', #4121 ) ;
#5719 = LINE ( 'NONE', #2299, #6109 ) ;
#5720 = CARTESIAN_POINT ( 'NONE',  ( 0.5383520624292656986, 0.9064290159990533446, -0.7529350656346994741 ) ) ;
#5721 = CARTESIAN_POINT ( 'NONE',  ( 2.442573182328521497, 0.8964290159990535578, -2.865246417173982429 ) ) ;
#5722 = EDGE_CURVE ( 'NONE', #5792, #250, #1601, .T. ) ;
#5723 = ADVANCED_FACE ( 'NONE', ( #1183 ), #3579, .F. ) ;
#5724 = ORIENTED_EDGE ( 'NONE', *, *, #901, .T. ) ;
#5725 = PLANE ( 'NONE',  #5189 ) ;
#5726 = CARTESIAN_POINT ( 'NONE',  ( 1.242939164116525719, 0.8964290159990536688, -3.108481402145693906 ) ) ;
#5727 = CARTESIAN_POINT ( 'NONE',  ( 0.6171964533206235615, 0.8964290159990536688, -3.634977215778476101 ) ) ;
#5728 = ORIENTED_EDGE ( 'NONE', *, *, #1968, .F. ) ;
#5729 = CARTESIAN_POINT ( 'NONE',  ( 0.5291666666666666741, 0.8964290159990536688, -0.8039262820512820262 ) ) ;
#5730 = CARTESIAN_POINT ( 'NONE',  ( 0.0000000000000000000, 0.0000000000000000000, 0.0000000000000000000 ) ) ;
#5731 = EDGE_CURVE ( 'NONE', #6226, #654, #5060, .T. ) ;
#5732 = CARTESIAN_POINT ( 'NONE',  ( 4.178171548937181790, 0.9064290159990536777, -3.009038054711477006 ) ) ;
#5733 = SURFACE_SIDE_STYLE ('',( #5703 ) ) ;
#5734 = ORIENTED_EDGE ( 'NONE', *, *, #3850, .F. ) ;
#5735 = SURFACE_STYLE_USAGE ( .BOTH. , #4321 ) ;
#5736 = EDGE_CURVE ( 'NONE', #1, #844, #641, .T. ) ;
#5737 = LINE ( 'NONE', #2699, #2146 ) ;
#5738 = CARTESIAN_POINT ( 'NONE',  ( 2.496248476574269848, 0.8964290159990537799, -3.947662242555172174 ) ) ;
#5739 = DIRECTION ( 'NONE',  ( 0.0000000000000000000, 0.0000000000000000000, 1.000000000000000000 ) ) ;
#5740 = EDGE_CURVE ( 'NONE', #2432, #5815, #4090, .T. ) ;
#5741 = VERTEX_POINT ( 'NONE', #2018 ) ;
#5742 = EDGE_LOOP ( 'NONE', ( #1771, #4344, #5982, #1551 ) ) ;
#5743 =( LENGTH_UNIT ( ) NAMED_UNIT ( * ) SI_UNIT ( .MILLI., .METRE. ) );
#5744 = ADVANCED_FACE ( 'NONE', ( #3046 ), #41, .T. ) ;
#5745 = CARTESIAN_POINT ( 'NONE',  ( 0.6614583333333333703, 0.9064290159990536777, -0.6716346153846154410 ) ) ;
#5746 = DIRECTION ( 'NONE',  ( -1.000000000000000000, 0.0000000000000000000, 0.0000000000000000000 ) ) ;
#5747 = VERTEX_POINT ( 'NONE', #5500 ) ;
#5748 = CARTESIAN_POINT ( 'NONE',  ( 2.833000272686732934, 0.9064290159990536777, -3.298967478411602094 ) ) ;
#5749 = ORIENTED_EDGE ( 'NONE', *, *, #217, .F. ) ;
#5750 = PLANE ( 'NONE',  #1573 ) ;
#5751 = ORIENTED_EDGE ( 'NONE', *, *, #3231, .T. ) ;
#5752 = AXIS2_PLACEMENT_3D ( 'NONE', #1498, #629, #5929 ) ;
#5753 = CARTESIAN_POINT ( 'NONE',  ( 3.471237955187181257, 0.9064290159990536777, -3.009038054711477006 ) ) ;
#5754 = CARTESIAN_POINT ( 'NONE',  ( 0.5296397098330489772, 0.9064290159990535667, -0.7950694847546795341 ) ) ;
#5755 = CARTESIAN_POINT ( 'NONE',  ( 0.7555727614320051355, 0.9064290159990536777, -0.8980407101499536804 ) ) ;
#5756 =( GEOMETRIC_REPRESENTATION_CONTEXT ( 3 ) GLOBAL_UNCERTAINTY_ASSIGNED_CONTEXT ( ( #3761 ) ) GLOBAL_UNIT_ASSIGNED_CONTEXT ( ( #1639, #4125, #2974 ) ) REPRESENTATION_CONTEXT ( 'NONE', 'WORKASPACE' ) );
#5757 = ORIENTED_EDGE ( 'NONE', *, *, #4668, .T. ) ;
#5758 = CARTESIAN_POINT ( 'NONE',  ( 4.339296014749147723, 0.8964290159990536688, -2.479871388044810665 ) ) ;
#5759 = UNCERTAINTY_MEASURE_WITH_UNIT (LENGTH_MEASURE( 1.000000000000000082E-05 ), #2684, 'distance_accuracy_value', 'NONE');
#5760 = ORIENTED_EDGE ( 'NONE', *, *, #4600, .F. ) ;
#5761 = CARTESIAN_POINT ( 'NONE',  ( 2.421629364334528134, 0.9064290159990535667, -3.108280768106052250 ) ) ;
#5762 = CARTESIAN_POINT ( 'NONE',  ( 2.944497724006202688, 0.9064290159990536777, -3.553425501830485000 ) ) ;
#5763 = CARTESIAN_POINT ( 'NONE',  ( 0.0000000000000000000, 0.9064290159990536777, 0.0000000000000000000 ) ) ;
#5764 = VERTEX_POINT ( 'NONE', #1013 ) ;
#5765 = FACE_OUTER_BOUND ( 'NONE', #6079, .T. ) ;
#5766 = CARTESIAN_POINT ( 'NONE',  ( 2.510380485614499779, 0.8964290159990537799, -3.600327330909563806 ) ) ;
#5767 = CARTESIAN_POINT ( 'NONE',  ( 2.799345931256005837, 0.9064290159990536777, -3.271584830041675218 ) ) ;
#5768 = VECTOR ( 'NONE', #4382, 1000.000000000000000 ) ;
#5769 = CARTESIAN_POINT ( 'NONE',  ( 5.506388362505557410, 0.9064290159990536777, -2.479871388044810665 ) ) ;
#5770 = EDGE_LOOP ( 'NONE', ( #3977, #4542, #6310, #5524 ) ) ;
#5771 = SURFACE_STYLE_FILL_AREA ( #3772 ) ;
#5772 = ADVANCED_FACE ( 'NONE', ( #2047 ), #3013, .T. ) ;
#5773 = SURFACE_STYLE_USAGE ( .BOTH. , #1869 ) ;
#5774 = CARTESIAN_POINT ( 'NONE',  ( 2.944497724006202688, 0.9064290159990536777, -3.553425501830485000 ) ) ;
#5775 = ADVANCED_FACE ( 'NONE', ( #561 ), #1953, .T. ) ;
#5776 = CARTESIAN_POINT ( 'NONE',  ( 3.674657593274788248, 0.9064290159990536777, -3.464223351706200216 ) ) ;
#5777 = EDGE_LOOP ( 'NONE', ( #3848, #4907, #4628, #3368, #4571, #5276, #6232, #5538, #3379, #437, #1714, #6142, #6173 ) ) ;
#5778 = CARTESIAN_POINT ( 'NONE',  ( 2.398040699044323265, 0.9064290159990536777, -3.377802030631957830 ) ) ;
#5779 = DIRECTION ( 'NONE',  ( -0.9654103710690745688, 0.0000000000000000000, -0.2607351442216254145 ) ) ;
#5780 = DIRECTION ( 'NONE',  ( -0.0000000000000000000, -1.000000000000000000, -0.0000000000000000000 ) ) ;
#5781 = ORIENTED_EDGE ( 'NONE', *, *, #3121, .F. ) ;
#5782 = DIRECTION ( 'NONE',  ( 1.000000000000000000, 0.0000000000000000000, 0.0000000000000000000 ) ) ;
#5783 = ORIENTED_EDGE ( 'NONE', *, *, #4610, .T. ) ;
#5784 = LINE ( 'NONE', #4433, #4064 ) ;
#5785 = ORIENTED_EDGE ( 'NONE', *, *, #2305, .T. ) ;
#5786 = CARTESIAN_POINT ( 'NONE',  ( 2.828420388770279015, 0.9064290159990536777, -2.651366598914473016 ) ) ;
#5787 = CARTESIAN_POINT ( 'NONE',  ( 0.5305632140068660130, 0.9064290159990536777, -0.7777786964052427754 ) ) ;
#5788 = DIRECTION ( 'NONE',  ( -0.0000000000000000000, -1.000000000000000000, -0.0000000000000000000 ) ) ;
#5789 = ORIENTED_EDGE ( 'NONE', *, *, #3342, .F. ) ;
#5790 = EDGE_CURVE ( 'NONE', #493, #1332, #3257, .T. ) ;
#5791 = CARTESIAN_POINT ( 'NONE',  ( 2.374505462134268274, 0.8964290159990537799, -3.955370541674361196 ) ) ;
#5792 = VERTEX_POINT ( 'NONE', #1528 ) ;
#5793 = CARTESIAN_POINT ( 'NONE',  ( 4.209930029172224586, 0.9064290159990536777, -3.425956291075858307 ) ) ;
#5794 = CARTESIAN_POINT ( 'NONE',  ( 4.330137360902993393, 0.9064290159990536777, -3.206424206407054722 ) ) ;
#5795 =( LENGTH_UNIT ( ) NAMED_UNIT ( * ) SI_UNIT ( .MILLI., .METRE. ) );
#5796 = ORIENTED_EDGE ( 'NONE', *, *, #352, .F. ) ;
#5797 = AXIS2_PLACEMENT_3D ( 'NONE', #3115, #5022, #1664 ) ;
#5798 = VECTOR ( 'NONE', #2857, 1000.000000000000000 ) ;
#5799 = CARTESIAN_POINT ( 'NONE',  ( 0.7937499999999999556, 0.9064290159990536777, -0.8039262820512820262 ) ) ;
#5800 = CARTESIAN_POINT ( 'NONE',  ( 0.5876856367598308761, 0.9064290159990536777, -0.9147876630481820426 ) ) ;
#5801 = ORIENTED_EDGE ( 'NONE', *, *, #1614, .F. ) ;
#5802 = DIRECTION ( 'NONE',  ( 0.4804543040264439013, 0.0000000000000000000, -0.8770197613181046625 ) ) ;
#5803 = VECTOR ( 'NONE', #5157, 1000.000000000000000 ) ;
#5804 = LINE ( 'NONE', #1929, #4837 ) ;
#5805 = AXIS2_PLACEMENT_3D ( 'NONE', #3704, #1762, #4706 ) ;
#5806 = EDGE_CURVE ( 'NONE', #3361, #3596, #1467, .T. ) ;
#5807 = CARTESIAN_POINT ( 'NONE',  ( 2.937222425317946861, 0.9064290159990535667, -3.623916297335770142 ) ) ;
#5808 = EDGE_CURVE ( 'NONE', #5260, #3422, #5471, .T. ) ;
#5809 = ORIENTED_EDGE ( 'NONE', *, *, #5545, .F. ) ;
#5810 = CARTESIAN_POINT ( 'NONE',  ( 2.329525994297770630, 0.9064290159990536777, -3.374422054233952473 ) ) ;
#5811 = EDGE_CURVE ( 'NONE', #150, #6218, #5897, .T. ) ;
#5812 = LINE ( 'NONE', #1408, #6094 ) ;
#5813 = ORIENTED_EDGE ( 'NONE', *, *, #4925, .F. ) ;
#5814 = CARTESIAN_POINT ( 'NONE',  ( 2.833000272686732934, 0.8964290159990536688, -3.298967478411602094 ) ) ;
#5815 = VERTEX_POINT ( 'NONE', #70 ) ;
#5816 = CARTESIAN_POINT ( 'NONE',  ( 2.753407767466701461, 0.8964290159990536688, -2.601428461263374459 ) ) ;
#5817 = ORIENTED_EDGE ( 'NONE', *, *, #4152, .T. ) ;
#5818 = PRODUCT_DEFINITION_CONTEXT ( 'detailed design', #2334, 'design' ) ;
#5819 = VECTOR ( 'NONE', #1495, 1000.000000000000114 ) ;
#5820 = DIRECTION ( 'NONE',  ( -0.0000000000000000000, -1.000000000000000000, -0.0000000000000000000 ) ) ;
#5821 = EDGE_CURVE ( 'NONE', #2351, #2554, #5410, .T. ) ;
#5822 = DIRECTION ( 'NONE',  ( -0.0000000000000000000, -1.000000000000000000, -0.0000000000000000000 ) ) ;
#5823 = DIRECTION ( 'NONE',  ( -0.0000000000000000000, -1.000000000000000000, -0.0000000000000000000 ) ) ;
#5824 = VERTEX_POINT ( 'NONE', #4452 ) ;
#5825 = CARTESIAN_POINT ( 'NONE',  ( 2.493163451023924004, 0.9064290159990538998, -3.094845683599898756 ) ) ;
#5826 = ORIENTED_EDGE ( 'NONE', *, *, #503, .F. ) ;
#5827 = CARTESIAN_POINT ( 'NONE',  ( 4.387675755667951094, 0.9064290159990536777, -3.206424206407054722 ) ) ;
#5828 = DIRECTION ( 'NONE',  ( 0.0000000000000000000, -1.000000000000000000, 0.0000000000000000000 ) ) ;
#5829 = EDGE_CURVE ( 'NONE', #6130, #458, #5016, .T. ) ;
#5830 = VECTOR ( 'NONE', #3913, 1000.000000000000227 ) ;
#5831 = DIRECTION ( 'NONE',  ( 1.000000000000000000, 0.0000000000000000000, 0.0000000000000000000 ) ) ;
#5832 = EDGE_CURVE ( 'NONE', #2432, #3153, #4545, .T. ) ;
#5833 = LINE ( 'NONE', #4380, #2470 ) ;
#5834 = VECTOR ( 'NONE', #1794, 1000.000000000000114 ) ;
#5835 = CARTESIAN_POINT ( 'NONE',  ( 3.864614858232053418, 0.9064290159990536777, -3.009038054711477006 ) ) ;
#5836 = DIRECTION ( 'NONE',  ( -1.000000000000000000, 0.0000000000000000000, 0.0000000000000000000 ) ) ;
#5837 = VERTEX_POINT ( 'NONE', #4048 ) ;
#5838 = CARTESIAN_POINT ( 'NONE',  ( 2.786279085162151503, 0.8964290159990537799, -3.244394322374975825 ) ) ;
#5839 = CARTESIAN_POINT ( 'NONE',  ( 4.209930029172224586, 0.8964290159990536688, -3.425956291075858307 ) ) ;
#5840 = VECTOR ( 'NONE', #1189, 1000.000000000000000 ) ;
#5841 = CARTESIAN_POINT ( 'NONE',  ( 1.375781264195327980, 0.9064290159990536777, -3.634977215778476101 ) ) ;
#5842 = EDGE_LOOP ( 'NONE', ( #4444, #957, #3574, #2566 ) ) ;
#5843 = EDGE_CURVE ( 'NONE', #3777, #287, #6018, .T. ) ;
#5844 = VERTEX_POINT ( 'NONE', #5531 ) ;
#5845 = CARTESIAN_POINT ( 'NONE',  ( 4.684271976287607941, 0.9064290159990536777, -3.206424206407054722 ) ) ;
#5846 = ORIENTED_EDGE ( 'NONE', *, *, #4264, .T. ) ;
#5847 = CARTESIAN_POINT ( 'NONE',  ( 0.6703087537214805769, 0.8964290159990538909, -0.6721254278498536294 ) ) ;
#5848 = VERTEX_POINT ( 'NONE', #2201 ) ;
#5849 = CARTESIAN_POINT ( 'NONE',  ( 2.827433045419931457, 0.8964290159990537799, -3.293744771378034120 ) ) ;
#5850 = ORIENTED_EDGE ( 'NONE', *, *, #3767, .T. ) ;
#5851 = CARTESIAN_POINT ( 'NONE',  ( 2.970719048524183670, 0.8964290159990535578, -2.907819957238368946 ) ) ;
#5852 = ORIENTED_EDGE ( 'NONE', *, *, #1868, .T. ) ;
#5853 = LINE ( 'NONE', #1418, #565 ) ;
#5854 = DIRECTION ( 'NONE',  ( 0.0000000000000000000, 0.0000000000000000000, 1.000000000000000000 ) ) ;
#5855 = CARTESIAN_POINT ( 'NONE',  ( 0.6702943609139221381, 0.9064290159990537887, -0.9356850869151420724 ) ) ;
#5856 = VERTEX_POINT ( 'NONE', #751 ) ;
#5857 = CARTESIAN_POINT ( 'NONE',  ( 2.493163451023924004, 0.8964290159990538909, -3.094845683599898756 ) ) ;
#5858 = VERTEX_POINT ( 'NONE', #5113 ) ;
#5859 = DIRECTION ( 'NONE',  ( 0.0000000000000000000, 0.0000000000000000000, -1.000000000000000000 ) ) ;
#5860 = DIRECTION ( 'NONE',  ( 1.000000000000000000, 0.0000000000000000000, -0.0000000000000000000 ) ) ;
#5861 = VECTOR ( 'NONE', #4296, 1000.000000000000000 ) ;
#5862 = CARTESIAN_POINT ( 'NONE',  ( 5.038406591672224266, 0.9064290159990536777, -3.206424206407054722 ) ) ;
#5863 = FACE_OUTER_BOUND ( 'NONE', #2798, .T. ) ;
#5864 =( GEOMETRIC_REPRESENTATION_CONTEXT ( 3 ) GLOBAL_UNCERTAINTY_ASSIGNED_CONTEXT ( ( #2793 ) ) GLOBAL_UNIT_ASSIGNED_CONTEXT ( ( #5795, #574, #6059 ) ) REPRESENTATION_CONTEXT ( 'NONE', 'WORKASPACE' ) );
#5865 = EDGE_CURVE ( 'NONE', #3008, #2151, #5657, .T. ) ;
#5866 = AXIS2_PLACEMENT_3D ( 'NONE', #1978, #520, #2488 ) ;
#5867 = CARTESIAN_POINT ( 'NONE',  ( 2.329525994297770630, 0.8964290159990536688, -3.374422054233952473 ) ) ;
#5868 = FACE_OUTER_BOUND ( 'NONE', #4507, .T. ) ;
#5869 = ORIENTED_EDGE ( 'NONE', *, *, #3716, .F. ) ;
#5870 = EDGE_LOOP ( 'NONE', ( #1803, #4585, #4818, #2674 ) ) ;
#5871 = CARTESIAN_POINT ( 'NONE',  ( 3.586463148830343783, 0.9064290159990536777, -2.731416359999938592 ) ) ;
#5872 = VECTOR ( 'NONE', #4379, 1000.000000000000000 ) ;
#5873 = AXIS2_PLACEMENT_3D ( 'NONE', #3769, #3279, #6155 ) ;
#5874 = LINE ( 'NONE', #1540, #4973 ) ;
#5875 = STYLED_ITEM ( 'NONE', ( #2486 ), #153 ) ;
#5876 = VECTOR ( 'NONE', #1792, 1000.000000000000227 ) ;
#5877 = LINE ( 'NONE', #3875, #1141 ) ;
#5878 = COLOUR_RGB ( '',1.000000000000000000, 1.000000000000000000, 1.000000000000000000 ) ;
#5879 = ORIENTED_EDGE ( 'NONE', *, *, #4746, .T. ) ;
#5880 = CARTESIAN_POINT ( 'NONE',  ( 2.803396534336680013, 0.8964290159990536688, -3.274534226529834946 ) ) ;
#5881 = ORIENTED_EDGE ( 'NONE', *, *, #1778, .T. ) ;
#5882 = CARTESIAN_POINT ( 'NONE',  ( 2.962887626870164048, 0.8964290159990536688, -2.845765417416978860 ) ) ;
#5883 = VERTEX_POINT ( 'NONE', #164 ) ;
#5884 = DIRECTION ( 'NONE',  ( -0.0000000000000000000, -1.000000000000000000, -0.0000000000000000000 ) ) ;
#5885 = PLANE ( 'NONE',  #5905 ) ;
#5886 = LINE ( 'NONE', #4442, #5000 ) ;
#5887 = EDGE_LOOP ( 'NONE', ( #5359, #3314, #4683, #1423 ) ) ;
#5888 = EDGE_CURVE ( 'NONE', #4432, #4961, #5690, .T. ) ;
#5889 = EDGE_LOOP ( 'NONE', ( #5465, #2838, #2864, #5010 ) ) ;
#5890 = DIRECTION ( 'NONE',  ( -1.000000000000000000, 0.0000000000000000000, 0.0000000000000000000 ) ) ;
#5891 = EDGE_LOOP ( 'NONE', ( #5683, #3032, #3645, #5122 ) ) ;
#5892 = ADVANCED_FACE ( 'NONE', ( #135 ), #4605, .T. ) ;
#5893 = DIRECTION ( 'NONE',  ( -0.8534293240197579067, 0.0000000000000000000, -0.5212085848325783699 ) ) ;
#5894 = PRESENTATION_LAYER_ASSIGNMENT (  '', '', ( #528 ) ) ;
#5895 = LINE ( 'NONE', #2862, #4331 ) ;
#5896 = DIRECTION ( 'NONE',  ( -0.0000000000000000000, -1.000000000000000000, -0.0000000000000000000 ) ) ;
#5897 = LINE ( 'NONE', #1075, #2761 ) ;
#5898 = CARTESIAN_POINT ( 'NONE',  ( 6.199999999999998401, -0.01000000000000000021, -5.150000000000000355 ) ) ;
#5899 = CARTESIAN_POINT ( 'NONE',  ( 2.391587361516053001, 0.9064290159990536777, -3.634977215778476101 ) ) ;
#5900 = LINE ( 'NONE', #6387, #4943 ) ;
#5901 = DIRECTION ( 'NONE',  ( 0.0000000000000000000, 0.0000000000000000000, 1.000000000000000000 ) ) ;
#5902 = ORIENTED_EDGE ( 'NONE', *, *, #961, .F. ) ;
#5903 = DIRECTION ( 'NONE',  ( 0.0000000000000000000, 0.0000000000000000000, -1.000000000000000000 ) ) ;
#5904 = LINE ( 'NONE', #1964, #802 ) ;
#5905 = AXIS2_PLACEMENT_3D ( 'NONE', #5371, #2369, #6309 ) ;
#5906 = AXIS2_PLACEMENT_3D ( 'NONE', #1961, #4867, #4456 ) ;
#5907 = FACE_OUTER_BOUND ( 'NONE', #3495, .T. ) ;
#5908 = EDGE_CURVE ( 'NONE', #1394, #4432, #5142, .T. ) ;
#5909 = VERTEX_POINT ( 'NONE', #2138 ) ;
#5910 = FILL_AREA_STYLE ('',( #2029 ) ) ;
#5911 = ORIENTED_EDGE ( 'NONE', *, *, #995, .T. ) ;
#5912 = CARTESIAN_POINT ( 'NONE',  ( 4.323459175806839916, 0.9064290159990536777, -3.735590873073721507 ) ) ;
#5913 = ORIENTED_EDGE ( 'NONE', *, *, #3507, .T. ) ;
#5914 = CARTESIAN_POINT ( 'NONE',  ( 4.797885925272651342, 0.9064290159990536777, -3.206424206407054722 ) ) ;
#5915 = LINE ( 'NONE', #487, #463 ) ;
#5916 = SURFACE_SIDE_STYLE ('',( #118 ) ) ;
#5917 = LINE ( 'NONE', #5490, #5032 ) ;
#5918 = LINE ( 'NONE', #1488, #4283 ) ;
#5919 = VERTEX_POINT ( 'NONE', #5173 ) ;
#5920 = ORIENTED_EDGE ( 'NONE', *, *, #1158, .F. ) ;
#5921 = DIRECTION ( 'NONE',  ( -0.5213313868808859830, 0.0000000000000000000, -0.8533543139006516398 ) ) ;
#5922 = ORIENTED_EDGE ( 'NONE', *, *, #3551, .T. ) ;
#5923 = EDGE_CURVE ( 'NONE', #2422, #6196, #3490, .T. ) ;
#5924 = PLANE ( 'NONE',  #446 ) ;
#5925 = VECTOR ( 'NONE', #591, 1000.000000000000000 ) ;
#5926 = LINE ( 'NONE', #5794, #3289 ) ;
#5927 = ADVANCED_FACE ( 'NONE', ( #4664 ), #4635, .T. ) ;
#5928 = LINE ( 'NONE', #13, #6391 ) ;
#5929 = DIRECTION ( 'NONE',  ( -0.4804152582365241453, 0.0000000000000000000, -0.8770411504904053190 ) ) ;
#5930 = CARTESIAN_POINT ( 'NONE',  ( 2.129999999999995008, -0.01000000000000000021, -0.3500000000000000333 ) ) ;
#5931 = UNCERTAINTY_MEASURE_WITH_UNIT (LENGTH_MEASURE( 1.000000000000000082E-05 ), #1193, 'distance_accuracy_value', 'NONE');
#5932 = DIRECTION ( 'NONE',  ( 1.000000000000000000, 0.0000000000000000000, -0.0000000000000000000 ) ) ;
#5933 = CARTESIAN_POINT ( 'NONE',  ( 4.849700161383762698, 0.9064290159990536777, -3.009038054711477006 ) ) ;
#5934 = VECTOR ( 'NONE', #4754, 1000.000000000000000 ) ;
#5935 = CARTESIAN_POINT ( 'NONE',  ( 5.255373405240600704, 0.9064290159990536777, -2.479871388044810665 ) ) ;
#5936 = ORIENTED_EDGE ( 'NONE', *, *, #860, .T. ) ;
#5937 = VECTOR ( 'NONE', #1668, 1000.000000000000000 ) ;
#5938 = CARTESIAN_POINT ( 'NONE',  ( 0.5673854019246077351, 0.8964290159990537799, -0.8980096207073271497 ) ) ;
#5939 = EDGE_CURVE ( 'NONE', #4869, #5954, #6114, .T. ) ;
#5940 = CARTESIAN_POINT ( 'NONE',  ( 4.856590352355985019, 0.8964290159990536688, -3.009038054711477006 ) ) ;
#5941 = EDGE_CURVE ( 'NONE', #161, #1364, #1721, .T. ) ;
#5942 = PRESENTATION_STYLE_ASSIGNMENT (( #2580 ) ) ;
#5943 = EDGE_CURVE ( 'NONE', #4478, #5844, #3201, .T. ) ;
#5944 = VERTEX_POINT ( 'NONE', #3725 ) ;
#5945 = CARTESIAN_POINT ( 'NONE',  ( 2.882374050253653675, 0.9064290159990537887, -3.348642622788310597 ) ) ;
#5946 = VERTEX_POINT ( 'NONE', #1852 ) ;
#5947 = FACE_OUTER_BOUND ( 'NONE', #586, .T. ) ;
#5948 = LINE ( 'NONE', #5330, #4998 ) ;
#5949 = DIRECTION ( 'NONE',  ( -0.4802758347947843065, 0.0000000000000000000, -0.8771175078130484248 ) ) ;
#5950 = CARTESIAN_POINT ( 'NONE',  ( 2.403592399822878978, 0.8964290159990535578, -3.634568771655054764 ) ) ;
#5951 = ORIENTED_EDGE ( 'NONE', *, *, #4557, .F. ) ;
#5952 = VERTEX_POINT ( 'NONE', #912 ) ;
#5953 = CARTESIAN_POINT ( 'NONE',  ( 2.523480946168271011, 0.9064290159990535667, -3.430420835054681206 ) ) ;
#5954 = VERTEX_POINT ( 'NONE', #291 ) ;
#5955 = CARTESIAN_POINT ( 'NONE',  ( 1.170363267741427293, 0.9064290159990536777, -2.858440769757987443 ) ) ;
#5956 = EDGE_CURVE ( 'NONE', #803, #5135, #5236, .T. ) ;
#5957 = CARTESIAN_POINT ( 'NONE',  ( 2.470178138422652658, 0.9064290159990536777, -2.871164058989656098 ) ) ;
#5958 = CARTESIAN_POINT ( 'NONE',  ( 0.6876163599789362202, 0.8964290159990535578, -0.9346404736468130192 ) ) ;
#5959 = CARTESIAN_POINT ( 'NONE',  ( 5.160394772761967452, 0.9064290159990536777, -3.009038054711477006 ) ) ;
#5960 = FACE_OUTER_BOUND ( 'NONE', #3817, .T. ) ;
#5961 = AXIS2_PLACEMENT_3D ( 'NONE', #4679, #2640, #4226 ) ;
#5962 = CARTESIAN_POINT ( 'NONE',  ( 2.458652322607120855, 0.9064290159990534557, -3.627046804950190051 ) ) ;
#5963 = DIRECTION ( 'NONE',  ( 0.3688942629807152596, 0.0000000000000000000, -0.9294713673588417269 ) ) ;
#5964 = B_SPLINE_CURVE_WITH_KNOTS ( 'NONE', 3,
 ( #606, #2121, #3152, #206, #3549, #2179, #4091, #84, #6061, #2575, #5095, #5511, #146, #5121, #1636, #1088, #4031, #2636, #5063 ),
 .UNSPECIFIED., .F., .F.,
 ( 4, 1, 1, 1, 1, 1, 1, 1, 1, 1, 1, 1, 1, 1, 1, 1, 4 ),
 ( 0.0000000000000000000, 0.1140030800515474257, 0.2209111539002908964, 0.3211249107645967049, 0.4181342110000748624, 0.5058316848733231952, 0.5793175586488595874, 0.6522000865480223064, 0.7405221382852034129, 0.7849188993333421349, 0.8205474306993119082, 0.8485041895632599029, 0.8687900511545401105, 0.8890759127458204292, 0.9176595588659240965, 0.9545798757769611287, 1.000000000000000000 ),
 .UNSPECIFIED. ) ;
#5965 = EDGE_LOOP ( 'NONE', ( #2751, #4488, #1323, #2809 ) ) ;
#5966 = PRESENTATION_LAYER_ASSIGNMENT (  '', '', ( #5133 ) ) ;
#5967 = CARTESIAN_POINT ( 'NONE',  ( 2.391587361516053001, 0.9064290159990538998, -3.634977215778476101 ) ) ;
#5968 = CARTESIAN_POINT ( 'NONE',  ( 0.5673854019246077351, 0.9064290159990537887, -0.8980096207073271497 ) ) ;
#5969 = EDGE_CURVE ( 'NONE', #1102, #1, #4760, .T. ) ;
#5970 = DIRECTION ( 'NONE',  ( -0.0000000000000000000, -1.000000000000000000, -0.0000000000000000000 ) ) ;
#5971 = VERTEX_POINT ( 'NONE', #2300 ) ;
#5972 = VECTOR ( 'NONE', #4866, 1000.000000000000000 ) ;
#5973 = PRODUCT ( 'TBU-DF', 'TBU-DF', '', ( #3610 ) ) ;
#5974 = LINE ( 'NONE', #1542, #5422 ) ;
#5975 = ORIENTED_EDGE ( 'NONE', *, *, #2313, .F. ) ;
#5976 = DIRECTION ( 'NONE',  ( -1.000000000000000000, 0.0000000000000000000, 0.0000000000000000000 ) ) ;
#5977 = ORIENTED_EDGE ( 'NONE', *, *, #452, .F. ) ;
#5978 = VECTOR ( 'NONE', #2982, 1000.000000000000000 ) ;
#5979 = FACE_BOUND ( 'NONE', #5590, .T. ) ;
#5980 = DIRECTION ( 'NONE',  ( 1.000000000000000000, 0.0000000000000000000, 1.057758217059028706E-15 ) ) ;
#5981 = CARTESIAN_POINT ( 'NONE',  ( 0.7555727614320051355, 0.8964290159990536688, -0.8980407101499536804 ) ) ;
#5982 = ORIENTED_EDGE ( 'NONE', *, *, #290, .T. ) ;
#5983 = ORIENTED_EDGE ( 'NONE', *, *, #519, .F. ) ;
#5984 = CARTESIAN_POINT ( 'NONE',  ( 2.926955054159556369, 0.8964290159990536688, -3.658647635525225095 ) ) ;
#5985 = ORIENTED_EDGE ( 'NONE', *, *, #1188, .T. ) ;
#5986 = DIRECTION ( 'NONE',  ( -1.000000000000000000, 0.0000000000000000000, 0.0000000000000000000 ) ) ;
#5987 = CARTESIAN_POINT ( 'NONE',  ( 2.944497724006202688, 0.9064290159990536777, -3.553425501830485000 ) ) ;
#5988 = DIRECTION ( 'NONE',  ( 1.000000000000000000, 0.0000000000000000000, 0.0000000000000000000 ) ) ;
#5989 = DIRECTION ( 'NONE',  ( 0.0000000000000000000, 0.0000000000000000000, 1.000000000000000000 ) ) ;
#5990 = DIRECTION ( 'NONE',  ( 0.2787515866171259016, 0.0000000000000000000, -0.9603632401120082429 ) ) ;
#5991 = DIRECTION ( 'NONE',  ( -1.000000000000000000, 0.0000000000000000000, 0.0000000000000000000 ) ) ;
#5992 = DIRECTION ( 'NONE',  ( -0.0000000000000000000, -1.000000000000000000, -0.0000000000000000000 ) ) ;
#5993 = ORIENTED_EDGE ( 'NONE', *, *, #2885, .F. ) ;
#5994 = CARTESIAN_POINT ( 'NONE',  ( 0.6353107476872941195, 0.9064290159990534557, -0.6730311627248146689 ) ) ;
#5995 = CARTESIAN_POINT ( 'NONE',  ( 0.6353838412118913981, 0.9064290159990535667, -0.9346979451612402734 ) ) ;
#5996 = DIRECTION ( 'NONE',  ( -0.4802758347947843065, 0.0000000000000000000, -0.8771175078130484248 ) ) ;
#5997 = LINE ( 'NONE', #6125, #5803 ) ;
#5998 = ORIENTED_EDGE ( 'NONE', *, *, #2587, .F. ) ;
#5999 = B_SPLINE_CURVE_WITH_KNOTS ( 'NONE', 3,
 ( #3818, #5851, #3329, #5882, #3394, #5298, #2853, #4821, #4366, #1877, #3847, #5816, #1385, #2883, #419, #1454, #3362, #6335, #1415 ),
 .UNSPECIFIED., .F., .F.,
 ( 4, 1, 1, 1, 1, 1, 1, 1, 1, 1, 1, 1, 1, 1, 1, 1, 4 ),
 ( 0.0000000000000000000, 0.05532994753244366293, 0.1095669129065142411, 0.1635052341545483179, 0.2181068326408383828, 0.2745542418920283723, 0.3325493756472085449, 0.3937865580565335644, 0.4585889581839313056, 0.5247912453323904103, 0.5900678770463964051, 0.6556562814272627326, 0.7214312517726387819, 0.7881687928130070020, 0.8565958983758098499, 0.9271866057981060782, 1.000000000000000000 ),
 .UNSPECIFIED. ) ;
#6000 = EDGE_CURVE ( 'NONE', #5232, #4156, #3851, .T. ) ;
#6001 = AXIS2_PLACEMENT_3D ( 'NONE', #3082, #2629, #2174 ) ;
#6002 = DIRECTION ( 'NONE',  ( 0.2647344081641659352, 0.0000000000000000000, -0.9643213640348162752 ) ) ;
#6003 = ORIENTED_EDGE ( 'NONE', *, *, #2090, .F. ) ;
#6004 = DIRECTION ( 'NONE',  ( -0.8770411504904065403, 0.0000000000000000000, -0.4804152582365220359 ) ) ;
#6005 = ORIENTED_EDGE ( 'NONE', *, *, #5247, .F. ) ;
#6006 = EDGE_CURVE ( 'NONE', #1102, #470, #1784, .T. ) ;
#6007 = FACE_OUTER_BOUND ( 'NONE', #1629, .T. ) ;
#6008 = LINE ( 'NONE', #1581, #1651 ) ;
#6009 = VECTOR ( 'NONE', #689, 1000.000000000000000 ) ;
#6010 = CARTESIAN_POINT ( 'NONE',  ( 0.2799999999999950862, 0.0000000000000000000, -2.350000000000000089 ) ) ;
#6011 = VERTEX_POINT ( 'NONE', #1357 ) ;
#6012 = EDGE_LOOP ( 'NONE', ( #6165, #451, #3039, #3036 ) ) ;
#6013 = CARTESIAN_POINT ( 'NONE',  ( 2.552682326230383048, 0.9064290159990537887, -3.510667929827012035 ) ) ;
#6014 = ORIENTED_EDGE ( 'NONE', *, *, #1047, .F. ) ;
#6015 = CARTESIAN_POINT ( 'NONE',  ( 2.810495932645452388, 0.9064290159990538998, -3.228603505007761054 ) ) ;
#6016 = EDGE_CURVE ( 'NONE', #1285, #2351, #4725, .T. ) ;
#6017 = DIRECTION ( 'NONE',  ( 1.000000000000000000, 0.0000000000000000000, 0.0000000000000000000 ) ) ;
#6018 = LINE ( 'NONE', #1590, #800 ) ;
#6019 = CARTESIAN_POINT ( 'NONE',  ( 3.864614858232053418, 0.9064290159990536777, -3.009038054711477006 ) ) ;
#6020 = VECTOR ( 'NONE', #6088, 1000.000000000000000 ) ;
#6021 = ADVANCED_FACE ( 'NONE', ( #2887 ), #4339, .T. ) ;
#6022 = CARTESIAN_POINT ( 'NONE',  ( 3.674657593274788248, 0.9064290159990536777, -3.464223351706200216 ) ) ;
#6023 = CARTESIAN_POINT ( 'NONE',  ( 4.918199259941454571, 0.9064290159990536777, -3.425956291075858307 ) ) ;
#6024 = EDGE_CURVE ( 'NONE', #470, #844, #6340, .T. ) ;
#6025 = EDGE_CURVE ( 'NONE', #4443, #2447, #5331, .T. ) ;
#6026 = PLANE ( 'NONE',  #4966 ) ;
#6027 = ORIENTED_EDGE ( 'NONE', *, *, #234, .F. ) ;
#6028 = FACE_OUTER_BOUND ( 'NONE', #2325, .T. ) ;
#6029 =( NAMED_UNIT ( * ) PLANE_ANGLE_UNIT ( ) SI_UNIT ( $, .RADIAN. ) );
#6030 = DIRECTION ( 'NONE',  ( 0.4804543040264410148, 0.0000000000000000000, 0.8770197613181063279 ) ) ;
#6031 = CARTESIAN_POINT ( 'NONE',  ( 3.976002745518377957, 0.9064290159990536777, -3.206424206407054722 ) ) ;
#6032 = ORIENTED_EDGE ( 'NONE', *, *, #1095, .F. ) ;
#6033 = AXIS2_PLACEMENT_3D ( 'NONE', #2973, #5369, #2394 ) ;
#6034 = LINE ( 'NONE', #1605, #1941 ) ;
#6035 = VECTOR ( 'NONE', #4501, 1000.000000000000000 ) ;
#6036 = LINE ( 'NONE', #4529, #2123 ) ;
#6037 = ORIENTED_EDGE ( 'NONE', *, *, #5389, .F. ) ;
#6038 = CARTESIAN_POINT ( 'NONE',  ( 2.799345931256005837, 0.9064290159990536777, -3.271584830041675218 ) ) ;
#6039 = ORIENTED_EDGE ( 'NONE', *, *, #4394, .F. ) ;
#6040 = FACE_BOUND ( 'NONE', #3519, .T. ) ;
#6041 = LINE ( 'NONE', #3003, #4771 ) ;
#6042 = VECTOR ( 'NONE', #5099, 1000.000000000000000 ) ;
#6043 = CARTESIAN_POINT ( 'NONE',  ( 0.7555727614320051355, 0.9064290159990536777, -0.8980407101499536804 ) ) ;
#6044 = VERTEX_POINT ( 'NONE', #359 ) ;
#6045 = ORIENTED_EDGE ( 'NONE', *, *, #3507, .F. ) ;
#6046 = DIRECTION ( 'NONE',  ( 2.344220913482173135E-16, 0.0000000000000000000, -1.000000000000000000 ) ) ;
#6047 = EDGE_LOOP ( 'NONE', ( #688, #373, #4463, #327 ) ) ;
#6048 = LINE ( 'NONE', #4512, #2933 ) ;
#6049 = CARTESIAN_POINT ( 'NONE',  ( 4.171281357964959469, 0.9064290159990536777, -3.009038054711477006 ) ) ;
#6050 = FILL_AREA_STYLE ('',( #5084 ) ) ;
#6051 = DIRECTION ( 'NONE',  ( 0.0000000000000000000, -0.0000000000000000000, 1.000000000000000000 ) ) ;
#6052 = DIRECTION ( 'NONE',  ( 0.0000000000000000000, 0.0000000000000000000, 1.000000000000000000 ) ) ;
#6053 = LINE ( 'NONE', #3994, #1535 ) ;
#6054 = DIRECTION ( 'NONE',  ( -0.8770411504904065403, 0.0000000000000000000, -0.4804152582365220359 ) ) ;
#6055 = EDGE_LOOP ( 'NONE', ( #3337, #1857, #3487, #2189 ) ) ;
#6056 = CARTESIAN_POINT ( 'NONE',  ( 0.5674162160477460581, 0.8964290159990534468, -0.7098841647656947140 ) ) ;
#6057 = LINE ( 'NONE', #1275, #1186 ) ;
#6058 = EDGE_CURVE ( 'NONE', #6, #2226, #1245, .T. ) ;
#6059 =( NAMED_UNIT ( * ) SI_UNIT ( $, .STERADIAN. ) SOLID_ANGLE_UNIT ( ) );
#6060 = VECTOR ( 'NONE', #5988, 1000.000000000000000 ) ;
#6061 = CARTESIAN_POINT ( 'NONE',  ( 2.882374050253653675, 0.8964290159990537799, -3.348642622788310597 ) ) ;
#6062 = VERTEX_POINT ( 'NONE', #3333 ) ;
#6063 = VECTOR ( 'NONE', #2962, 1000.000000000000000 ) ;
#6064 = CARTESIAN_POINT ( 'NONE',  ( 0.6614583333333333703, 0.8964290159990536688, -0.6716346153846154410 ) ) ;
#6065 = FILL_AREA_STYLE ('',( #1216 ) ) ;
#6066 = VECTOR ( 'NONE', #2805, 1000.000000000000000 ) ;
#6067 = EDGE_CURVE ( 'NONE', #938, #4621, #1913, .T. ) ;
#6068 = DIRECTION ( 'NONE',  ( -1.000000000000000000, 0.0000000000000000000, 0.0000000000000000000 ) ) ;
#6069 = ORIENTED_EDGE ( 'NONE', *, *, #1509, .T. ) ;
#6070 = CARTESIAN_POINT ( 'NONE',  ( 5.017714818167950064, 0.9064290159990536777, -2.479871388044810665 ) ) ;
#6071 = VERTEX_POINT ( 'NONE', #423 ) ;
#6072 = EDGE_CURVE ( 'NONE', #4015, #5764, #2749, .T. ) ;
#6073 = DIRECTION ( 'NONE',  ( -0.0000000000000000000, 1.000000000000000000, -0.0000000000000000000 ) ) ;
#6074 = CARTESIAN_POINT ( 'NONE',  ( 0.6614583333333333703, 0.8964290159990536688, -0.9362179487179487225 ) ) ;
#6075 = VERTEX_POINT ( 'NONE', #2856 ) ;
#6076 = VERTEX_POINT ( 'NONE', #1880 ) ;
#6077 = CARTESIAN_POINT ( 'NONE',  ( 2.866429445620368721, 0.9064290159990536777, -3.332380475811075993 ) ) ;
#6078 = VECTOR ( 'NONE', #5242, 1000.000000000000000 ) ;
#6079 = EDGE_LOOP ( 'NONE', ( #5089, #1342, #2910, #6402 ) ) ;
#6080 = CARTESIAN_POINT ( 'NONE',  ( 2.786279085162151503, 0.9064290159990537887, -3.244394322374975825 ) ) ;
#6081 = LINE ( 'NONE', #4575, #4540 ) ;
#6082 = CARTESIAN_POINT ( 'NONE',  ( 0.7723197143302331646, 0.8964290159990533358, -0.7301535854777794210 ) ) ;
#6083 = AXIS2_PLACEMENT_3D ( 'NONE', #1722, #4665, #5174 ) ;
#6084 = CARTESIAN_POINT ( 'NONE',  ( 2.568645968509526423, 0.8964290159990532247, -2.984009960778205794 ) ) ;
#6085 = EDGE_CURVE ( 'NONE', #6368, #1261, #4303, .T. ) ;
#6086 = ADVANCED_FACE ( 'NONE', ( #1327 ), #5370, .T. ) ;
#6087 = VECTOR ( 'NONE', #233, 1000.000000000000000 ) ;
#6088 = DIRECTION ( 'NONE',  ( -0.0000000000000000000, -1.000000000000000000, -0.0000000000000000000 ) ) ;
#6089 = FILL_AREA_STYLE_COLOUR ( '', #5482 ) ;
#6090 = ORIENTED_EDGE ( 'NONE', *, *, #3853, .T. ) ;
#6091 = DIRECTION ( 'NONE',  ( 0.8771107020363828610, -0.0000000000000000000, 0.4802882638304245555 ) ) ;
#6092 = CARTESIAN_POINT ( 'NONE',  ( 2.810495932645452388, 0.9064290159990538998, -3.228603505007761054 ) ) ;
#6093 = CARTESIAN_POINT ( 'NONE',  ( 4.564064644556840022, 0.9064290159990536777, -3.528355129216884212 ) ) ;
#6094 = VECTOR ( 'NONE', #934, 999.9999999999998863 ) ;
#6095 = LINE ( 'NONE', #732, #125 ) ;
#6096 = EDGE_LOOP ( 'NONE', ( #720, #5572, #3740, #933 ) ) ;
#6097 = CARTESIAN_POINT ( 'NONE',  ( 4.890108481362394954, 0.8964290159990536688, -3.477155710146370815 ) ) ;
#6098 = PLANE ( 'NONE',  #2036 ) ;
#6099 = DIRECTION ( 'NONE',  ( 0.0000000000000000000, -0.0000000000000000000, 1.000000000000000000 ) ) ;
#6100 = EDGE_CURVE ( 'NONE', #3458, #2104, #2796, .T. ) ;
#6101 = VERTEX_POINT ( 'NONE', #6097 ) ;
#6102 = ORIENTED_EDGE ( 'NONE', *, *, #3367, .T. ) ;
#6103 = LINE ( 'NONE', #3259, #4589 ) ;
#6104 = VECTOR ( 'NONE', #2929, 1000.000000000000000 ) ;
#6105 = CARTESIAN_POINT ( 'NONE',  ( 0.7127804603152829710, 0.8964290159990538909, -0.9276690017408901756 ) ) ;
#6106 = ORIENTED_EDGE ( 'NONE', *, *, #5832, .T. ) ;
#6107 = ORIENTED_EDGE ( 'NONE', *, *, #5602, .T. ) ;
#6108 = CARTESIAN_POINT ( 'NONE',  ( 2.944497724006202688, 0.9064290159990536777, -3.553425501830485000 ) ) ;
#6109 = VECTOR ( 'NONE', #1814, 1000.000000000000000 ) ;
#6110 = ORIENTED_EDGE ( 'NONE', *, *, #756, .F. ) ;
#6111 = CARTESIAN_POINT ( 'NONE',  ( 2.971168724794224669, 0.9064290159990536777, -2.920502136976269369 ) ) ;
#6112 =( GEOMETRIC_REPRESENTATION_CONTEXT ( 3 ) GLOBAL_UNCERTAINTY_ASSIGNED_CONTEXT ( ( #1299 ) ) GLOBAL_UNIT_ASSIGNED_CONTEXT ( ( #5743, #1872, #5293 ) ) REPRESENTATION_CONTEXT ( 'NONE', 'WORKASPACE' ) );
#6113 = CARTESIAN_POINT ( 'NONE',  ( 2.329525994297770630, 0.9064290159990536777, -3.374422054233952473 ) ) ;
#6114 = LINE ( 'NONE', #4172, #4210 ) ;
#6115 = DIRECTION ( 'NONE',  ( -1.000000000000000000, 0.0000000000000000000, 0.0000000000000000000 ) ) ;
#6116 = EDGE_CURVE ( 'NONE', #6271, #5044, #6034, .T. ) ;
#6117 = LINE ( 'NONE', #3728, #2311 ) ;
#6118 = LINE ( 'NONE', #2206, #714 ) ;
#6119 = CARTESIAN_POINT ( 'NONE',  ( 0.5383520624292656986, 0.8964290159990533358, -0.7529350656346994741 ) ) ;
#6120 = EDGE_LOOP ( 'NONE', ( #4798, #3156, #2281, #929 ) ) ;
#6121 = FACE_OUTER_BOUND ( 'NONE', #857, .T. ) ;
#6122 = CARTESIAN_POINT ( 'NONE',  ( 3.633952465069659965, 0.9064290159990536777, -2.479871388044810665 ) ) ;
#6123 = CARTESIAN_POINT ( 'NONE',  ( 0.2799999999999950862, -0.01000000000000000021, -2.350000000000000089 ) ) ;
#6124 = VECTOR ( 'NONE', #2989, 1000.000000000000000 ) ;
#6125 = CARTESIAN_POINT ( 'NONE',  ( 4.443751309888036793, 0.8964290159990536688, -3.206424206407054722 ) ) ;
#6126 = ORIENTED_EDGE ( 'NONE', *, *, #4783, .T. ) ;
#6127 = FACE_OUTER_BOUND ( 'NONE', #1263, .T. ) ;
#6128 = ADVANCED_FACE ( 'NONE', ( #5065 ), #455, .T. ) ;
#6129 = DIRECTION ( 'NONE',  ( 0.0000000000000000000, 0.0000000000000000000, 1.000000000000000000 ) ) ;
#6130 = VERTEX_POINT ( 'NONE', #5547 ) ;
#6131 = VERTEX_POINT ( 'NONE', #1122 ) ;
#6132 = DIRECTION ( 'NONE',  ( 0.5217877936512456127, 0.0000000000000000000, 0.8530753181264624230 ) ) ;
#6133 = VECTOR ( 'NONE', #5890, 1000.000000000000000 ) ;
#6134 = DIRECTION ( 'NONE',  ( 0.0000000000000000000, 1.000000000000000000, -0.0000000000000000000 ) ) ;
#6135 = EDGE_CURVE ( 'NONE', #525, #982, #4946, .T. ) ;
#6136 = VECTOR ( 'NONE', #2348, 1000.000000000000000 ) ;
#6137 = CARTESIAN_POINT ( 'NONE',  ( 0.2799999999999950862, -0.01000000000000000021, -2.350000000000000089 ) ) ;
#6138 = ORIENTED_EDGE ( 'NONE', *, *, #6000, .F. ) ;
#6139 = ADVANCED_FACE ( 'NONE', ( #3430 ), #2944, .F. ) ;
#6140 = ORIENTED_EDGE ( 'NONE', *, *, #527, .T. ) ;
#6141 = CARTESIAN_POINT ( 'NONE',  ( 4.851714217206412272, 0.9064290159990536777, -2.884590605459340651 ) ) ;
#6142 = ORIENTED_EDGE ( 'NONE', *, *, #766, .F. ) ;
#6143 = CARTESIAN_POINT ( 'NONE',  ( 2.753407767466701461, 0.8964290159990535578, -2.601428461263374459 ) ) ;
#6144 = VECTOR ( 'NONE', #3649, 1000.000000000000000 ) ;
#6145 = CARTESIAN_POINT ( 'NONE',  ( 3.674657593274788248, 0.8964290159990536688, -3.681317368800217427 ) ) ;
#6146 = CARTESIAN_POINT ( 'NONE',  ( 2.541266195129868066, 0.9064290159990535667, -2.909313768300580083 ) ) ;
#6147 = EDGE_CURVE ( 'NONE', #717, #4919, #3094, .T. ) ;
#6148 = DIRECTION ( 'NONE',  ( -0.2578433336118838293, 0.0000000000000000000, -0.9661867393583450925 ) ) ;
#6149 = CARTESIAN_POINT ( 'NONE',  ( 6.499999999999999112, 0.0000000000000000000, -5.500000000000000000 ) ) ;
#6150 = PLANE ( 'NONE',  #2291 ) ;
#6151 = VERTEX_POINT ( 'NONE', #4093 ) ;
#6152 = EDGE_CURVE ( 'NONE', #4755, #6170, #5429, .T. ) ;
#6153 = DIRECTION ( 'NONE',  ( -0.0000000000000000000, 0.0000000000000000000, 1.000000000000000000 ) ) ;
#6154 = DIRECTION ( 'NONE',  ( 0.2607351442216253590, 0.0000000000000000000, -0.9654103710690744578 ) ) ;
#6155 = DIRECTION ( 'NONE',  ( 1.000000000000000000, 0.0000000000000000000, -0.0000000000000000000 ) ) ;
#6156 = PRESENTATION_STYLE_ASSIGNMENT (( #2837 ) ) ;
#6157 = ORIENTED_EDGE ( 'NONE', *, *, #2631, .F. ) ;
#6158 = CARTESIAN_POINT ( 'NONE',  ( 3.674657593274788248, 0.9064290159990536777, -3.735590873073721507 ) ) ;
#6159 = SURFACE_STYLE_FILL_AREA ( #6065 ) ;
#6160 = EDGE_CURVE ( 'NONE', #4320, #4430, #4588, .T. ) ;
#6161 = EDGE_CURVE ( 'NONE', #4192, #5417, #676, .T. ) ;
#6162 = DIRECTION ( 'NONE',  ( 0.0000000000000000000, 0.0000000000000000000, -1.000000000000000000 ) ) ;
#6163 = VECTOR ( 'NONE', #4190, 1000.000000000000000 ) ;
#6164 = EDGE_LOOP ( 'NONE', ( #3415, #1320, #5757, #1682 ) ) ;
#6165 = ORIENTED_EDGE ( 'NONE', *, *, #4134, .F. ) ;
#6166 = CARTESIAN_POINT ( 'NONE',  ( 2.411165282937915766, 0.9064290159990538998, -2.861393957092697615 ) ) ;
#6167 = CARTESIAN_POINT ( 'NONE',  ( 4.032184302676498078, 0.8964290159990536688, -3.206424206407054722 ) ) ;
#6168 = VECTOR ( 'NONE', #3925, 1000.000000000000000 ) ;
#6169 = CARTESIAN_POINT ( 'NONE',  ( 3.633952465069659965, 0.9064290159990536777, -2.479871388044810665 ) ) ;
#6170 = VERTEX_POINT ( 'NONE', #177 ) ;
#6171 = ORIENTED_EDGE ( 'NONE', *, *, #3727, .T. ) ;
#6172 = CARTESIAN_POINT ( 'NONE',  ( 2.129999999999995008, 0.0000000000000000000, -2.350000000000000089 ) ) ;
#6173 = ORIENTED_EDGE ( 'NONE', *, *, #1580, .F. ) ;
#6174 = CARTESIAN_POINT ( 'NONE',  ( 2.970493917766010572, 0.8964290159990534468, -2.950471944955424863 ) ) ;
#6175 = CARTESIAN_POINT ( 'NONE',  ( 3.586463148830343783, 0.8964290159990536688, -2.479871388044810665 ) ) ;
#6176 = DIRECTION ( 'NONE',  ( 0.0000000000000000000, -0.0000000000000000000, 1.000000000000000000 ) ) ;
#6177 = CARTESIAN_POINT ( 'NONE',  ( 5.010930630133762165, 0.8964290159990536688, -2.479871388044810665 ) ) ;
#6178 = AXIS2_PLACEMENT_3D ( 'NONE', #3138, #2108, #5624 ) ;
#6179 = VECTOR ( 'NONE', #4730, 1000.000000000000000 ) ;
#6180 = EDGE_CURVE ( 'NONE', #5954, #6101, #148, .T. ) ;
#6181 = DIRECTION ( 'NONE',  ( -0.0000000000000000000, -1.000000000000000000, -0.0000000000000000000 ) ) ;
#6182 = FACE_OUTER_BOUND ( 'NONE', #2997, .T. ) ;
#6183 = VECTOR ( 'NONE', #3962, 1000.000000000000000 ) ;
#6184 = CARTESIAN_POINT ( 'NONE',  ( 4.349999999999997868, -0.01000000000000000021, -3.150000000000000799 ) ) ;
#6185 = VERTEX_POINT ( 'NONE', #1002 ) ;
#6186 = VECTOR ( 'NONE', #1378, 1000.000000000000000 ) ;
#6187 = CARTESIAN_POINT ( 'NONE',  ( 4.040325328317523557, 0.8964290159990536688, -3.735590873073721507 ) ) ;
#6188 = CARTESIAN_POINT ( 'NONE',  ( 4.433426623723505600, 0.8964290159990536688, -3.009038054711477006 ) ) ;
#6189 = CARTESIAN_POINT ( 'NONE',  ( 4.851714217206412272, 0.8964290159990536688, -2.884590605459340651 ) ) ;
#6190 = FACE_OUTER_BOUND ( 'NONE', #4214, .T. ) ;
#6191 = ORIENTED_EDGE ( 'NONE', *, *, #613, .F. ) ;
#6192 = CARTESIAN_POINT ( 'NONE',  ( 2.956078531342083426, 0.8964290159990537799, -3.034080776607134933 ) ) ;
#6193 = CARTESIAN_POINT ( 'NONE',  ( 6.199999999999999289, -0.01000000000000000021, -0.3500000000000000333 ) ) ;
#6194 = LINE ( 'NONE', #5676, #2435 ) ;
#6195 = AXIS2_PLACEMENT_3D ( 'NONE', #6316, #4834, #432 ) ;
#6196 = VERTEX_POINT ( 'NONE', #6064 ) ;
#6197 = ORIENTED_EDGE ( 'NONE', *, *, #293, .F. ) ;
#6198 = ADVANCED_FACE ( 'NONE', ( #6370 ), #5397, .F. ) ;
#6199 = EDGE_CURVE ( 'NONE', #6131, #5856, #4678, .T. ) ;
#6200 = PLANE ( 'NONE',  #1363 ) ;
#6201 = CARTESIAN_POINT ( 'NONE',  ( 5.594582806950002762, 0.9064290159990536777, -3.009038054711477006 ) ) ;
#6202 = EDGE_LOOP ( 'NONE', ( #4508, #1009, #4617, #1190 ) ) ;
#6203 = ORIENTED_EDGE ( 'NONE', *, *, #1107, .F. ) ;
#6204 = CARTESIAN_POINT ( 'NONE',  ( 2.896313440892465341, 0.8964290159990536688, -3.370640323503463875 ) ) ;
#6205 = ORIENTED_EDGE ( 'NONE', *, *, #266, .F. ) ;
#6206 = CARTESIAN_POINT ( 'NONE',  ( 2.970493917766010572, 0.9064290159990535667, -2.950471944955424863 ) ) ;
#6207 = CARTESIAN_POINT ( 'NONE',  ( 2.712930191797556123, 0.9064290159990538998, -2.581516162819270654 ) ) ;
#6208 = CARTESIAN_POINT ( 'NONE',  ( 2.799345931256005837, 0.9064290159990536777, -3.271584830041675218 ) ) ;
#6209 = DIRECTION ( 'NONE',  ( 0.0000000000000000000, 0.0000000000000000000, -1.000000000000000000 ) ) ;
#6210 = EDGE_CURVE ( 'NONE', #6241, #207, #5706, .T. ) ;
#6211 = ORIENTED_EDGE ( 'NONE', *, *, #3175, .F. ) ;
#6212 = UNCERTAINTY_MEASURE_WITH_UNIT (LENGTH_MEASURE( 1.000000000000000082E-05 ), #5661, 'distance_accuracy_value', 'NONE');
#6213 = MECHANICAL_DESIGN_GEOMETRIC_PRESENTATION_REPRESENTATION (  '', ( #4574 ), #5864 ) ;
#6214 = ADVANCED_FACE ( 'NONE', ( #5608 ), #3248, .T. ) ;
#6215 = CARTESIAN_POINT ( 'NONE',  ( 2.559414891375597634, 0.9064290159990531226, -3.034560569559087373 ) ) ;
#6216 = CARTESIAN_POINT ( 'NONE',  ( 2.774470093982562169, 0.8964290159990536688, -3.252094483311966489 ) ) ;
#6217 = CARTESIAN_POINT ( 'NONE',  ( 4.797885925272651342, 0.9064290159990536777, -3.206424206407054722 ) ) ;
#6218 = VERTEX_POINT ( 'NONE', #209 ) ;
#6219 = CARTESIAN_POINT ( 'NONE',  ( 3.471237955187181257, 0.8964290159990536688, -3.009038054711477006 ) ) ;
#6220 = CARTESIAN_POINT ( 'NONE',  ( 4.096400882537609256, 0.8964290159990536688, -3.735590873073721507 ) ) ;
#6221 = ADVANCED_FACE ( 'NONE', ( #6127 ), #2216, .T. ) ;
#6222 = ADVANCED_FACE ( 'NONE', ( #1705 ), #4741, .T. ) ;
#6223 = EDGE_CURVE ( 'NONE', #5741, #2095, #3281, .T. ) ;
#6224 = DIRECTION ( 'NONE',  ( -1.000000000000000000, 0.0000000000000000000, -0.0000000000000000000 ) ) ;
#6225 = PLANE ( 'NONE',  #4776 ) ;
#6226 = VERTEX_POINT ( 'NONE', #1280 ) ;
#6227 = CARTESIAN_POINT ( 'NONE',  ( 2.129999999999994120, -0.01000000000000000021, -3.150000000000000355 ) ) ;
#6228 = LINE ( 'NONE', #1800, #1530 ) ;
#6229 = CARTESIAN_POINT ( 'NONE',  ( 2.349016341027479360, 0.9064290159990536777, -3.955798581026702454 ) ) ;
#6230 = VECTOR ( 'NONE', #1625, 1000.000000000000000 ) ;
#6231 = CARTESIAN_POINT ( 'NONE',  ( 4.349999999999997868, -0.01000000000000000021, -5.150000000000000355 ) ) ;
#6232 = ORIENTED_EDGE ( 'NONE', *, *, #563, .F. ) ;
#6233 = VERTEX_POINT ( 'NONE', #833 ) ;
#6234 = CARTESIAN_POINT ( 'NONE',  ( 5.010930630133762165, 0.9064290159990536777, -2.479871388044810665 ) ) ;
#6235 = CARTESIAN_POINT ( 'NONE',  ( 0.7850464412155366833, 0.8964290159990537799, -0.7527806176124559601 ) ) ;
#6236 = DIRECTION ( 'NONE',  ( 1.000000000000000000, 0.0000000000000000000, -0.0000000000000000000 ) ) ;
#6237 = ORIENTED_EDGE ( 'NONE', *, *, #5969, .F. ) ;
#6238 = CARTESIAN_POINT ( 'NONE',  ( 5.038406591672224266, 0.9064290159990536777, -3.206424206407054722 ) ) ;
#6239 = EDGE_LOOP ( 'NONE', ( #2998, #2930, #5728, #743 ) ) ;
#6240 = DIRECTION ( 'NONE',  ( -0.0000000000000000000, -1.000000000000000000, -0.0000000000000000000 ) ) ;
#6241 = VERTEX_POINT ( 'NONE', #271 ) ;
#6242 = DIRECTION ( 'NONE',  ( -0.0000000000000000000, -1.000000000000000000, -0.0000000000000000000 ) ) ;
#6243 = AXIS2_PLACEMENT_3D ( 'NONE', #91, #6004, #1576 ) ;
#6244 = CARTESIAN_POINT ( 'NONE',  ( 0.6614583333333333703, 0.9064290159990536777, -0.6716346153846154410 ) ) ;
#6245 = CARTESIAN_POINT ( 'NONE',  ( 3.803557165924360994, 0.8964290159990536688, -3.009038054711477006 ) ) ;
#6246 = ORIENTED_EDGE ( 'NONE', *, *, #572, .F. ) ;
#6247 = ORIENTED_EDGE ( 'NONE', *, *, #377, .F. ) ;
#6248 = CARTESIAN_POINT ( 'NONE',  ( 2.129999999999995008, -0.01000000000000000021, -0.3500000000000000333 ) ) ;
#6249 = DIRECTION ( 'NONE',  ( -1.000000000000000000, 0.0000000000000000000, 0.0000000000000000000 ) ) ;
#6250 =( LENGTH_UNIT ( ) NAMED_UNIT ( * ) SI_UNIT ( .MILLI., .METRE. ) );
#6251 = LINE ( 'NONE', #4801, #823 ) ;
#6252 = CARTESIAN_POINT ( 'NONE',  ( 0.5305632140068660130, 0.9064290159990536777, -0.7777786964052427754 ) ) ;
#6253 = EDGE_CURVE ( 'NONE', #2808, #253, #240, .T. ) ;
#6254 = DIRECTION ( 'NONE',  ( 0.0000000000000000000, 0.0000000000000000000, -1.000000000000000000 ) ) ;
#6255 = VECTOR ( 'NONE', #3974, 1000.000000000000000 ) ;
#6256 = DIRECTION ( 'NONE',  ( 1.000000000000000000, 0.0000000000000000000, 0.0000000000000000000 ) ) ;
#6257 = CARTESIAN_POINT ( 'NONE',  ( 4.543033661650856203, 0.9064290159990536777, -3.009038054711477006 ) ) ;
#6258 = ORIENTED_EDGE ( 'NONE', *, *, #6362, .T. ) ;
#6259 = DIRECTION ( 'NONE',  ( -0.0000000000000000000, -1.000000000000000000, -0.0000000000000000000 ) ) ;
#6260 = CARTESIAN_POINT ( 'NONE',  ( 4.025400114642309291, 0.9064290159990536777, -3.735590873073721507 ) ) ;
#6261 = CARTESIAN_POINT ( 'NONE',  ( 4.946290038520515076, 0.9064290159990536777, -3.477155710146370815 ) ) ;
#6262 = CARTESIAN_POINT ( 'NONE',  ( 3.976002745518377957, 0.8964290159990536688, -3.206424206407054722 ) ) ;
#6263 = VERTEX_POINT ( 'NONE', #1249 ) ;
#6264 = VERTEX_POINT ( 'NONE', #341 ) ;
#6265 = DIRECTION ( 'NONE',  ( 1.000000000000000000, 0.0000000000000000000, 0.0000000000000000000 ) ) ;
#6266 = CARTESIAN_POINT ( 'NONE',  ( 0.7555416719893786048, 0.8964290159990536688, -0.7098533506425565021 ) ) ;
#6267 = ADVANCED_FACE ( 'NONE', ( #2319 ), #4188, .T. ) ;
#6268 = CARTESIAN_POINT ( 'NONE',  ( 3.491484516351711420, 0.8964290159990536688, -3.518496855979704296 ) ) ;
#6269 = EDGE_LOOP ( 'NONE', ( #3823, #5251, #3755, #5367 ) ) ;
#6270 = COLOUR_RGB ( '',1.000000000000000000, 1.000000000000000000, 1.000000000000000000 ) ;
#6271 = VERTEX_POINT ( 'NONE', #2247 ) ;
#6272 = VERTEX_POINT ( 'NONE', #707 ) ;
#6273 = UNCERTAINTY_MEASURE_WITH_UNIT (LENGTH_MEASURE( 1.000000000000000082E-05 ), #2412, 'distance_accuracy_value', 'NONE');
#6274 = DIRECTION ( 'NONE',  ( -0.4802882638304222795, 0.0000000000000000000, -0.8771107020363840823 ) ) ;
#6275 = CARTESIAN_POINT ( 'NONE',  ( 0.5306213104926532642, 0.8964290159990534468, -0.8301566863030579446 ) ) ;
#6276 = LINE ( 'NONE', #3822, #4469 ) ;
#6277 = PRESENTATION_LAYER_ASSIGNMENT (  '', '', ( #3696 ) ) ;
#6278 = VERTEX_POINT ( 'NONE', #4253 ) ;
#6279 = CARTESIAN_POINT ( 'NONE',  ( 2.421629364334528134, 0.8964290159990535578, -3.108280768106052250 ) ) ;
#6280 = ORIENTED_EDGE ( 'NONE', *, *, #4794, .F. ) ;
#6281 = CARTESIAN_POINT ( 'NONE',  ( 0.7937499999999999556, 0.9064290159990536777, -0.8039262820512820262 ) ) ;
#6282 = FACE_OUTER_BOUND ( 'NONE', #4187, .T. ) ;
#6283 = FACE_BOUND ( 'NONE', #5365, .T. ) ;
#6284 = EDGE_CURVE ( 'NONE', #980, #2071, #6228, .T. ) ;
#6285 = EDGE_CURVE ( 'NONE', #2296, #6263, #767, .T. ) ;
#6286 = LINE ( 'NONE', #583, #2570 ) ;
#6287 = CARTESIAN_POINT ( 'NONE',  ( 3.864614858232053418, 0.9064290159990536777, -3.009038054711477006 ) ) ;
#6288 = DIRECTION ( 'NONE',  ( -0.4802882638304222795, 0.0000000000000000000, 0.8771107020363840823 ) ) ;
#6289 = LINE ( 'NONE', #2471, #5451 ) ;
#6290 = MECHANICAL_DESIGN_GEOMETRIC_PRESENTATION_REPRESENTATION (  '', ( #4548 ), #926 ) ;
#6291 = LINE ( 'NONE', #5286, #5488 ) ;
#6292 = ORIENTED_EDGE ( 'NONE', *, *, #1025, .T. ) ;
#6293 = LINE ( 'NONE', #1894, #2800 ) ;
#6294 = DIRECTION ( 'NONE',  ( -0.4802882638304245555, 0.0000000000000000000, 0.8771107020363828610 ) ) ;
#6295 = CARTESIAN_POINT ( 'NONE',  ( 3.742266267152993375, 0.9064290159990536777, -3.735590873073721507 ) ) ;
#6296 = VERTEX_POINT ( 'NONE', #3708 ) ;
#6297 = EDGE_CURVE ( 'NONE', #2230, #3070, #4224, .T. ) ;
#6298 = CARTESIAN_POINT ( 'NONE',  ( 2.523480946168271011, 0.9064290159990533446, -3.430420835054681206 ) ) ;
#6299 = CARTESIAN_POINT ( 'NONE',  ( 0.7126254258773611072, 0.8964290159990535578, -0.6806645994021217616 ) ) ;
#6300 = VERTEX_POINT ( 'NONE', #4777 ) ;
#6301 = EDGE_CURVE ( 'NONE', #3866, #4169, #3773, .T. ) ;
#6302 = DIRECTION ( 'NONE',  ( -0.0000000000000000000, 0.0000000000000000000, 1.000000000000000000 ) ) ;
#6303 = EDGE_CURVE ( 'NONE', #5239, #5716, #5737, .T. ) ;
#6304 = ORIENTED_EDGE ( 'NONE', *, *, #961, .T. ) ;
#6305 = DIRECTION ( 'NONE',  ( -0.0000000000000000000, -1.000000000000000000, -0.0000000000000000000 ) ) ;
#6306 = VERTEX_POINT ( 'NONE', #1311 ) ;
#6307 = CARTESIAN_POINT ( 'NONE',  ( 3.610313809888036296, 0.8964290159990536688, -2.781661752628143969 ) ) ;
#6308 = CARTESIAN_POINT ( 'NONE',  ( 0.6104671169167511513, 0.9064290159990542328, -0.6808200111472147986 ) ) ;
#6309 = DIRECTION ( 'NONE',  ( 1.000000000000000000, 0.0000000000000000000, 0.0000000000000000000 ) ) ;
#6310 = ORIENTED_EDGE ( 'NONE', *, *, #905, .T. ) ;
#6311 = CARTESIAN_POINT ( 'NONE',  ( 2.829999999999995186, -0.01000000000000000021, -5.150000000000000355 ) ) ;
#6312 = ORIENTED_EDGE ( 'NONE', *, *, #5066, .F. ) ;
#6313 = CARTESIAN_POINT ( 'NONE',  ( 4.040325328317523557, 0.9064290159990536777, -3.735590873073721507 ) ) ;
#6314 = SURFACE_STYLE_FILL_AREA ( #4347 ) ;
#6315 = CARTESIAN_POINT ( 'NONE',  ( 0.7937499999999999556, 0.8964290159990536688, -0.8039262820512820262 ) ) ;
#6316 = CARTESIAN_POINT ( 'NONE',  ( 3.855795413787608705, 0.9064290159990536777, -3.528355129216884212 ) ) ;
#6317 = EDGE_CURVE ( 'NONE', #3917, #1364, #2899, .T. ) ;
#6318 = VECTOR ( 'NONE', #5148, 999.9999999999998863 ) ;
#6319 = CARTESIAN_POINT ( 'NONE',  ( 3.443995200112394794, 0.9064290159990536777, -3.735590873073721507 ) ) ;
#6320 = DIRECTION ( 'NONE',  ( 0.3688942629807152596, 0.0000000000000000000, -0.9294713673588417269 ) ) ;
#6321 = ORIENTED_EDGE ( 'NONE', *, *, #1546, .T. ) ;
#6322 = CARTESIAN_POINT ( 'NONE',  ( 2.844368322809796013, 0.8964290159990534468, -3.199312615216427957 ) ) ;
#6323 = PRESENTATION_LAYER_ASSIGNMENT (  '', '', ( #1570 ) ) ;
#6324 = CARTESIAN_POINT ( 'NONE',  ( 5.111845427142309717, 0.9064290159990536777, -3.009038054711477006 ) ) ;
#6325 = LINE ( 'NONE', #5841, #3382 ) ;
#6326 = ORIENTED_EDGE ( 'NONE', *, *, #3151, .F. ) ;
#6327 = ORIENTED_EDGE ( 'NONE', *, *, #6152, .T. ) ;
#6328 = FILL_AREA_STYLE ('',( #3779 ) ) ;
#6329 = ORIENTED_EDGE ( 'NONE', *, *, #2814, .F. ) ;
#6330 = CARTESIAN_POINT ( 'NONE',  ( 0.7850464412155366833, 0.9064290159990537887, -0.7527806176124559601 ) ) ;
#6331 = VECTOR ( 'NONE', #5502, 1000.000000000000000 ) ;
#6332 = ORIENTED_EDGE ( 'NONE', *, *, #659, .T. ) ;
#6333 = DIRECTION ( 'NONE',  ( 0.4804152582365220914, 0.0000000000000000000, 0.8770411504904065403 ) ) ;
#6334 = VERTEX_POINT ( 'NONE', #5290 ) ;
#6335 = CARTESIAN_POINT ( 'NONE',  ( 2.498542922798510091, 0.8964290159990537799, -2.537952867162974968 ) ) ;
#6336 = ORIENTED_EDGE ( 'NONE', *, *, #6067, .F. ) ;
#6337 = VECTOR ( 'NONE', #5111, 1000.000000000000114 ) ;
#6338 = CARTESIAN_POINT ( 'NONE',  ( 4.181839250593164081, 0.9064290159990536777, -3.477155710146370815 ) ) ;
#6339 = EDGE_CURVE ( 'NONE', #569, #5325, #869, .T. ) ;
#6340 = LINE ( 'NONE', #3789, #910 ) ;
#6341 = CARTESIAN_POINT ( 'NONE',  ( 2.829999999999995186, 0.0000000000000000000, -5.150000000000000355 ) ) ;
#6342 = EDGE_CURVE ( 'NONE', #3184, #5946, #5318, .T. ) ;
#6343 = ORIENTED_EDGE ( 'NONE', *, *, #5808, .F. ) ;
#6344 = CARTESIAN_POINT ( 'NONE',  ( 3.674657593274788248, 0.8964290159990536688, -3.735590873073721507 ) ) ;
#6345 = ORIENTED_EDGE ( 'NONE', *, *, #5187, .T. ) ;
#6346 = DIRECTION ( 'NONE',  ( -1.000000000000000000, 0.0000000000000000000, -0.0000000000000000000 ) ) ;
#6347 = DIRECTION ( 'NONE',  ( -4.336808689942017736E-16, 0.0000000000000000000, -1.000000000000000000 ) ) ;
#6348 = VECTOR ( 'NONE', #1398, 1000.000000000000000 ) ;
#6349 = CARTESIAN_POINT ( 'NONE',  ( 0.2799999999999950862, -0.01000000000000000021, -5.150000000000001243 ) ) ;
#6350 = SURFACE_STYLE_USAGE ( .BOTH. , #2832 ) ;
#6351 = AXIS2_PLACEMENT_3D ( 'NONE', #3459, #998, #122 ) ;
#6352 = DIRECTION ( 'NONE',  ( 0.0000000000000000000, 0.0000000000000000000, -1.000000000000000000 ) ) ;
#6353 = EDGE_CURVE ( 'NONE', #438, #3426, #4386, .T. ) ;
#6354 = ORIENTED_EDGE ( 'NONE', *, *, #5603, .F. ) ;
#6355 = EDGE_LOOP ( 'NONE', ( #4396, #6246, #3270, #3887 ) ) ;
#6356 = CARTESIAN_POINT ( 'NONE',  ( 4.890108481362394954, 0.9064290159990536777, -3.477155710146370815 ) ) ;
#6357 = MECHANICAL_DESIGN_GEOMETRIC_PRESENTATION_REPRESENTATION (  '', ( #2848 ), #3471 ) ;
#6358 = LINE ( 'NONE', #6261, #596 ) ;
#6359 = ORIENTED_EDGE ( 'NONE', *, *, #895, .F. ) ;
#6360 = CARTESIAN_POINT ( 'NONE',  ( 0.7353720912271701771, 0.9064290159990537887, -0.6930866069402220608 ) ) ;
#6361 = PLANE ( 'NONE',  #837 ) ;
#6362 = EDGE_CURVE ( 'NONE', #5696, #5260, #1963, .T. ) ;
#6363 = ADVANCED_FACE ( 'NONE', ( #1374 ), #1895, .T. ) ;
#6364 = ORIENTED_EDGE ( 'NONE', *, *, #2224, .T. ) ;
#6365 = FILL_AREA_STYLE_COLOUR ( '', #5626 ) ;
#6366 = ORIENTED_EDGE ( 'NONE', *, *, #6161, .F. ) ;
#6367 = DIRECTION ( 'NONE',  ( 1.000000000000000000, 0.0000000000000000000, 0.0000000000000000000 ) ) ;
#6368 = VERTEX_POINT ( 'NONE', #992 ) ;
#6369 = DIRECTION ( 'NONE',  ( -0.0000000000000000000, 1.000000000000000000, -0.0000000000000000000 ) ) ;
#6370 = FACE_OUTER_BOUND ( 'NONE', #6239, .T. ) ;
#6371 = CARTESIAN_POINT ( 'NONE',  ( 1.375781264195327980, 0.8964290159990536688, -3.634977215778476101 ) ) ;
#6372 = ORIENTED_EDGE ( 'NONE', *, *, #97, .F. ) ;
#6373 = ORIENTED_EDGE ( 'NONE', *, *, #1044, .T. ) ;
#6374 = CARTESIAN_POINT ( 'NONE',  ( 2.547287854276985009, 0.9064290159990538998, -3.054682351045048261 ) ) ;
#6375 = EDGE_LOOP ( 'NONE', ( #2424, #3846, #1985, #3880 ) ) ;
#6376 = PLANE ( 'NONE',  #2615 ) ;
#6377 = CARTESIAN_POINT ( 'NONE',  ( 3.610313809888036296, 0.9064290159990536777, -2.781661752628143969 ) ) ;
#6378 = STYLED_ITEM ( 'NONE', ( #2249 ), #2049 ) ;
#6379 = CARTESIAN_POINT ( 'NONE',  ( 0.7921725249288645854, 0.8964290159990536688, -0.8300843086968849871 ) ) ;
#6380 = CARTESIAN_POINT ( 'NONE',  ( 2.712930191797556123, 0.9064290159990538998, -2.581516162819270654 ) ) ;
#6381 = DIRECTION ( 'NONE',  ( 1.000000000000000000, 0.0000000000000000000, 0.0000000000000000000 ) ) ;
#6382 = VECTOR ( 'NONE', #196, 1000.000000000000000 ) ;
#6383 = EDGE_CURVE ( 'NONE', #3447, #826, #3381, .T. ) ;
#6384 = B_SPLINE_CURVE_WITH_KNOTS ( 'NONE', 3,
 ( #3991, #1283, #4113, #1045, #597, #694, #3540, #5962, #4577, #564, #2142 ),
 .UNSPECIFIED., .F., .F.,
 ( 4, 1, 1, 1, 1, 1, 1, 1, 4 ),
 ( 0.0000000000000000000, 0.1015170763450491398, 0.2031399961452446112, 0.3098899409112731984, 0.4287492126762036393, 0.5557471139699673435, 0.6905023413649522546, 0.8373727517539387710, 1.000000000000000000 ),
 .UNSPECIFIED. ) ;
#6385 = VECTOR ( 'NONE', #490, 1000.000000000000000 ) ;
#6386 = CARTESIAN_POINT ( 'NONE',  ( 4.089616694503420469, 0.8964290159990536688, -3.206424206407054722 ) ) ;
#6387 = CARTESIAN_POINT ( 'NONE',  ( 4.386318918061113514, 0.9064290159990536777, -3.206424206407054722 ) ) ;
#6388 = CARTESIAN_POINT ( 'NONE',  ( 4.017259089001283812, 0.8964290159990536688, -2.620961298568314835 ) ) ;
#6389 = ORIENTED_EDGE ( 'NONE', *, *, #4528, .T. ) ;
#6390 = CARTESIAN_POINT ( 'NONE',  ( 0.5291666666666666741, 0.9064290159990536777, -0.8039262820512820262 ) ) ;
#6391 = VECTOR ( 'NONE', #1987, 1000.000000000000000 ) ;
#6392 = AXIS2_PLACEMENT_3D ( 'NONE', #566, #109, #1145 ) ;
#6393 = DIRECTION ( 'NONE',  ( -0.0000000000000000000, -1.000000000000000000, -0.0000000000000000000 ) ) ;
#6394 = PRESENTATION_LAYER_ASSIGNMENT (  '', '', ( #5875 ) ) ;
#6395 = AXIS2_PLACEMENT_3D ( 'NONE', #4081, #6051, #107 ) ;
#6396 = CARTESIAN_POINT ( 'NONE',  ( 2.543865849794452849, 0.8964290159990536688, -3.465952807700143801 ) ) ;
#6397 = ADVANCED_FACE ( 'NONE', ( #4423 ), #3897, .T. ) ;
#6398 = EDGE_LOOP ( 'NONE', ( #353, #2649, #1241, #637 ) ) ;
#6399 = EDGE_CURVE ( 'NONE', #2331, #698, #4932, .T. ) ;
#6400 = DIRECTION ( 'NONE',  ( 0.0000000000000000000, 0.0000000000000000000, -1.000000000000000000 ) ) ;
#6401 = EDGE_CURVE ( 'NONE', #285, #5824, #5804, .T. ) ;
#6402 = ORIENTED_EDGE ( 'NONE', *, *, #3199, .T. ) ;
#6403 = DIRECTION ( 'NONE',  ( -0.9663889939276761876, 0.0000000000000000000, 0.2570842515897343583 ) ) ;
#6404 = ORIENTED_EDGE ( 'NONE', *, *, #5300, .T. ) ;
ENDSEC;
END-ISO-10303-21;
