ISO-10303-21;
HEADER;
FILE_DESCRIPTION (( 'STEP AP214' ),
    '1' );
FILE_NAME ('TBU-DT.STEP',
    '2022-04-26T13:53:17',
    ( '' ),
    ( '' ),
    'SwSTEP 2.0',
    'SolidWorks 2021',
    '' );
FILE_SCHEMA (( 'AUTOMOTIVE_DESIGN' ));
ENDSEC;

DATA;
#1 = VECTOR ( 'NONE', #4455, 1000.000000000000000 ) ;
#2 = DIRECTION ( 'NONE',  ( -0.4804152582365220359, 0.0000000000000000000, -0.8770411504904065403 ) ) ;
#3 = CARTESIAN_POINT ( 'NONE',  ( 0.0000000000000000000, 0.9064290159990536777, 0.0000000000000000000 ) ) ;
#4 = ORIENTED_EDGE ( 'NONE', *, *, #397, .F. ) ;
#5 = MECHANICAL_DESIGN_GEOMETRIC_PRESENTATION_REPRESENTATION (  '', ( #5377 ), #3910 ) ;
#6 = VERTEX_POINT ( 'NONE', #951 ) ;
#7 = PLANE ( 'NONE',  #3033 ) ;
#8 = ADVANCED_FACE ( 'NONE', ( #3816 ), #7, .T. ) ;
#9 = ADVANCED_FACE ( 'NONE', ( #2846 ), #4342, .T. ) ;
#10 =( NAMED_UNIT ( * ) SI_UNIT ( $, .STERADIAN. ) SOLID_ANGLE_UNIT ( ) );
#11 = LINE ( 'NONE', #5739, #1698 ) ;
#12 = ORIENTED_EDGE ( 'NONE', *, *, #1470, .F. ) ;
#13 = CARTESIAN_POINT ( 'NONE',  ( 1.909037947684709025, 0.8964290159990536688, -3.614335826910774152 ) ) ;
#14 = VECTOR ( 'NONE', #1541, 1000.000000000000000 ) ;
#15 = ORIENTED_EDGE ( 'NONE', *, *, #410, .T. ) ;
#16 = EDGE_CURVE ( 'NONE', #2623, #4088, #5270, .T. ) ;
#17 = CARTESIAN_POINT ( 'NONE',  ( 1.666177969355316035, 0.8964290159990536688, -4.140831640543555459 ) ) ;
#18 = ORIENTED_EDGE ( 'NONE', *, *, #5178, .T. ) ;
#19 = CARTESIAN_POINT ( 'NONE',  ( 4.755932850279749324, 0.0000000000000000000, -4.729309389599568370 ) ) ;
#20 = VERTEX_POINT ( 'NONE', #5707 ) ;
#21 = CARTESIAN_POINT ( 'NONE',  ( 1.766447759821214714, 0.8964290159990536688, -1.827994025134671574 ) ) ;
#22 = DIRECTION ( 'NONE',  ( 0.9661867393583452035, 0.0000000000000000000, -0.2578433336118838848 ) ) ;
#23 = CARTESIAN_POINT ( 'NONE',  ( 2.418641436370359887, 0.9064290159990536777, -1.827994025134671574 ) ) ;
#24 = PLANE ( 'NONE',  #430 ) ;
#25 = DIRECTION ( 'NONE',  ( -0.9663889939276761876, 0.0000000000000000000, 0.2570842515897343583 ) ) ;
#26 = CARTESIAN_POINT ( 'NONE',  ( 1.420793379479334595, 0.9064290159990536777, -1.354627515198300491 ) ) ;
#27 = EDGE_CURVE ( 'NONE', #2574, #1041, #6106, .T. ) ;
#28 = STYLED_ITEM ( 'NONE', ( #1824 ), #4700 ) ;
#29 = CARTESIAN_POINT ( 'NONE',  ( 1.886761094490018165, 0.9064290159990536777, -2.047526109803475158 ) ) ;
#30 = VECTOR ( 'NONE', #111, 999.9999999999998863 ) ;
#31 = AXIS2_PLACEMENT_3D ( 'NONE', #300, #1808, #1303 ) ;
#32 = PLANE ( 'NONE',  #2968 ) ;
#33 = DIRECTION ( 'NONE',  ( -0.0000000000000000000, -1.000000000000000000, -0.0000000000000000000 ) ) ;
#34 = FACE_OUTER_BOUND ( 'NONE', #210, .T. ) ;
#35 = ORIENTED_EDGE ( 'NONE', *, *, #2766, .T. ) ;
#36 = VECTOR ( 'NONE', #5535, 1000.000000000000000 ) ;
#37 = AXIS2_PLACEMENT_3D ( 'NONE', #2810, #6042, #355 ) ;
#38 = VERTEX_POINT ( 'NONE', #476 ) ;
#39 = AXIS2_PLACEMENT_3D ( 'NONE', #4755, #487, #5249 ) ;
#40 = CARTESIAN_POINT ( 'NONE',  ( 1.886761094490018165, 0.8964290159990536688, -2.047526109803475158 ) ) ;
#41 =( LENGTH_UNIT ( ) NAMED_UNIT ( * ) SI_UNIT ( .MILLI., .METRE. ) );
#42 = CARTESIAN_POINT ( 'NONE',  ( 3.795153188507112141, 0.9064290159990536777, -0.8254608485316339284 ) ) ;
#43 = VECTOR ( 'NONE', #4678, 1000.000000000000000 ) ;
#44 = VERTEX_POINT ( 'NONE', #3759 ) ;
#45 = CARTESIAN_POINT ( 'NONE',  ( 3.217584961819885958, 0.9064290159990537887, -4.046423025418225627 ) ) ;
#46 = EDGE_LOOP ( 'NONE', ( #3160, #3106, #1311, #4742 ) ) ;
#47 = CARTESIAN_POINT ( 'NONE',  ( 0.5305632140068660130, 0.9064290159990536777, -0.7777786964052427754 ) ) ;
#48 = ADVANCED_FACE ( 'NONE', ( #1417 ), #4802, .T. ) ;
#49 = VERTEX_POINT ( 'NONE', #503 ) ;
#50 = CARTESIAN_POINT ( 'NONE',  ( 3.204928829532752932, 0.9064290159990536777, -0.8254608485316339284 ) ) ;
#51 = ORIENTED_EDGE ( 'NONE', *, *, #2099, .T. ) ;
#52 = SURFACE_STYLE_USAGE ( .BOTH. , #3360 ) ;
#53 = DIRECTION ( 'NONE',  ( 1.000000000000000000, 0.0000000000000000000, 0.0000000000000000000 ) ) ;
#54 =( LENGTH_UNIT ( ) NAMED_UNIT ( * ) SI_UNIT ( .MILLI., .METRE. ) );
#55 = CARTESIAN_POINT ( 'NONE',  ( 2.960486054425915281, 0.8964290159990536688, -0.8254608485316339284 ) ) ;
#56 = CARTESIAN_POINT ( 'NONE',  ( 3.004600595438846167, 0.9064290159990536777, -3.364295194523067245 ) ) ;
#57 = FACE_OUTER_BOUND ( 'NONE', #5027, .T. ) ;
#58 = EDGE_CURVE ( 'NONE', #4666, #1415, #2932, .T. ) ;
#59 = DIRECTION ( 'NONE',  ( -0.0000000000000000000, -1.000000000000000000, -0.0000000000000000000 ) ) ;
#60 = EDGE_CURVE ( 'NONE', #5871, #4830, #2873, .T. ) ;
#61 = CARTESIAN_POINT ( 'NONE',  ( 2.122850838079761715, 0.9064290159990536777, -1.230180065946163914 ) ) ;
#62 = CARTESIAN_POINT ( 'NONE',  ( 2.354424856509248709, 0.9064290159990536777, -2.357160691801337915 ) ) ;
#63 = CARTESIAN_POINT ( 'NONE',  ( 3.543510409111423787, 0.9064290159990536777, -3.671300617748826323 ) ) ;
#64 = ORIENTED_EDGE ( 'NONE', *, *, #2767, .F. ) ;
#65 = LINE ( 'NONE', #1506, #444 ) ;
#66 = EDGE_CURVE ( 'NONE', #5292, #2935, #5181, .T. ) ;
#67 = ORIENTED_EDGE ( 'NONE', *, *, #3682, .F. ) ;
#68 = DIRECTION ( 'NONE',  ( 0.0000000000000000000, -0.0000000000000000000, 1.000000000000000000 ) ) ;
#69 = ORIENTED_EDGE ( 'NONE', *, *, #548, .F. ) ;
#70 = LINE ( 'NONE', #4771, #4909 ) ;
#71 = DIRECTION ( 'NONE',  ( -1.000000000000000000, 0.0000000000000000000, 0.0000000000000000000 ) ) ;
#72 = ORIENTED_EDGE ( 'NONE', *, *, #1575, .T. ) ;
#73 = CARTESIAN_POINT ( 'NONE',  ( 2.474716990590445587, 0.8964290159990536688, -1.827994025134671574 ) ) ;
#74 = ORIENTED_EDGE ( 'NONE', *, *, #5801, .T. ) ;
#75 = CARTESIAN_POINT ( 'NONE',  ( 3.093982258282270692, 0.8964290159990535578, -3.888173598725666924 ) ) ;
#76 = VERTEX_POINT ( 'NONE', #1477 ) ;
#77 = LINE ( 'NONE', #3799, #2795 ) ;
#78 = ORIENTED_EDGE ( 'NONE', *, *, #3808, .T. ) ;
#79 = DIRECTION ( 'NONE',  ( 0.7071067811865474617, 0.0000000000000000000, 0.7071067811865474617 ) ) ;
#80 = DIRECTION ( 'NONE',  ( 1.000000000000000000, 0.0000000000000000000, -0.0000000000000000000 ) ) ;
#81 = VECTOR ( 'NONE', #5360, 1000.000000000000000 ) ;
#82 = CARTESIAN_POINT ( 'NONE',  ( 3.405932850279748791, -0.01000000000000000021, -4.729309389599568370 ) ) ;
#83 = CARTESIAN_POINT ( 'NONE',  ( 0.6614583333333333703, 0.8964290159990536688, -0.6716346153846154410 ) ) ;
#84 = PLANE ( 'NONE',  #3139 ) ;
#85 = VECTOR ( 'NONE', #5090, 1000.000000000000000 ) ;
#86 = EDGE_CURVE ( 'NONE', #2579, #1834, #1005, .T. ) ;
#87 = CARTESIAN_POINT ( 'NONE',  ( 2.431531393635317340, 0.9064290159990536777, -1.354627515198300491 ) ) ;
#88 = DIRECTION ( 'NONE',  ( -0.0000000000000000000, -1.000000000000000000, -0.0000000000000000000 ) ) ;
#89 = EDGE_CURVE ( 'NONE', #6, #203, #5648, .T. ) ;
#90 = CARTESIAN_POINT ( 'NONE',  ( 3.591627547481470728, 0.9064290159990536777, -1.354627515198300491 ) ) ;
#91 = DIRECTION ( 'NONE',  ( -0.8770411504904059852, 0.0000000000000000000, -0.4804152582365231461 ) ) ;
#92 = ORIENTED_EDGE ( 'NONE', *, *, #839, .F. ) ;
#93 = ADVANCED_FACE ( 'NONE', ( #3846 ), #916, .T. ) ;
#94 = EDGE_LOOP ( 'NONE', ( #2426, #1552, #1771, #5883, #5523 ) ) ;
#95 = DIRECTION ( 'NONE',  ( 0.4804543040264410148, 0.0000000000000000000, 0.8770197613181063279 ) ) ;
#96 = LINE ( 'NONE', #1167, #4800 ) ;
#97 = FACE_BOUND ( 'NONE', #4974, .T. ) ;
#98 = VECTOR ( 'NONE', #4753, 1000.000000000000000 ) ;
#99 = ORIENTED_EDGE ( 'NONE', *, *, #1119, .T. ) ;
#100 = DIRECTION ( 'NONE',  ( -1.000000000000000000, 0.0000000000000000000, -0.0000000000000000000 ) ) ;
#101 = VERTEX_POINT ( 'NONE', #448 ) ;
#102 = CARTESIAN_POINT ( 'NONE',  ( 2.431531393635317340, 0.9064290159990536777, -1.354627515198300491 ) ) ;
#103 = ORIENTED_EDGE ( 'NONE', *, *, #1227, .T. ) ;
#104 = CARTESIAN_POINT ( 'NONE',  ( 1.283295236888807089, 0.9064290159990536777, -4.461653005791782256 ) ) ;
#105 = EDGE_LOOP ( 'NONE', ( #5735, #5742, #1566, #5452, #5543, #5569, #3583, #2117, #4429, #1360, #569, #6028 ) ) ;
#106 = CARTESIAN_POINT ( 'NONE',  ( 1.858670315910958104, 0.8964290159990536688, -2.098725528873987667 ) ) ;
#107 = CARTESIAN_POINT ( 'NONE',  ( 2.000290241124633273, 0.8964290159990536688, -2.357160691801337915 ) ) ;
#108 = FILL_AREA_STYLE ('',( #2484 ) ) ;
#109 = EDGE_CURVE ( 'NONE', #1013, #3488, #2359, .T. ) ;
#110 = PLANE ( 'NONE',  #123 ) ;
#111 = DIRECTION ( 'NONE',  ( -0.4802882638304235008, 0.0000000000000000000, 0.8771107020363836382 ) ) ;
#112 = DIRECTION ( 'NONE',  ( 1.421904488505579901E-16, 0.0000000000000000000, -1.000000000000000000 ) ) ;
#113 = DIRECTION ( 'NONE',  ( -0.0000000000000000000, -1.000000000000000000, -0.0000000000000000000 ) ) ;
#114 = CARTESIAN_POINT ( 'NONE',  ( 1.536018573122496900, 0.9064290159990536777, -0.8254608485316339284 ) ) ;
#115 = EDGE_CURVE ( 'NONE', #5859, #2498, #3786, .T. ) ;
#116 = VECTOR ( 'NONE', #3585, 1000.000000000000000 ) ;
#117 = LINE ( 'NONE', #3958, #4179 ) ;
#118 = CARTESIAN_POINT ( 'NONE',  ( 3.405932850279749236, -0.01000000000000000021, -2.879309389599567837 ) ) ;
#119 = VECTOR ( 'NONE', #2077, 1000.000000000000000 ) ;
#120 = PLANE ( 'NONE',  #5789 ) ;
#121 = ORIENTED_EDGE ( 'NONE', *, *, #2191, .F. ) ;
#122 = CARTESIAN_POINT ( 'NONE',  ( 0.5291666666666666741, 0.9064290159990536777, -0.8039262820512820262 ) ) ;
#123 = AXIS2_PLACEMENT_3D ( 'NONE', #4387, #4068, #4789 ) ;
#124 = ORIENTED_EDGE ( 'NONE', *, *, #89, .F. ) ;
#125 = AXIS2_PLACEMENT_3D ( 'NONE', #4962, #1263, #4156 ) ;
#126 = CARTESIAN_POINT ( 'NONE',  ( 2.120582375205830150, 0.9064290159990536777, -1.827994025134671574 ) ) ;
#127 = CARTESIAN_POINT ( 'NONE',  ( 3.057686145084236529, 0.8964290159990536688, -4.140831640543555459 ) ) ;
#128 = CARTESIAN_POINT ( 'NONE',  ( 3.476838504437862021, 0.9064290159990534557, -3.785735501662867097 ) ) ;
#129 = PRESENTATION_STYLE_ASSIGNMENT (( #597 ) ) ;
#130 = ORIENTED_EDGE ( 'NONE', *, *, #1691, .T. ) ;
#131 = VECTOR ( 'NONE', #455, 1000.000000000000227 ) ;
#132 = DIRECTION ( 'NONE',  ( 0.4802882638304235008, 0.0000000000000000000, -0.8771107020363836382 ) ) ;
#133 = VERTEX_POINT ( 'NONE', #3535 ) ;
#134 = EDGE_CURVE ( 'NONE', #529, #802, #2994, .T. ) ;
#135 = VERTEX_POINT ( 'NONE', #3434 ) ;
#136 = VECTOR ( 'NONE', #1219, 1000.000000000000000 ) ;
#137 = DIRECTION ( 'NONE',  ( -0.4802758347947843065, 0.0000000000000000000, -0.8771175078130484248 ) ) ;
#138 = ORIENTED_EDGE ( 'NONE', *, *, #5583, .T. ) ;
#139 = DIRECTION ( 'NONE',  ( 1.000000000000000000, 0.0000000000000000000, 0.0000000000000000000 ) ) ;
#140 = VERTEX_POINT ( 'NONE', #4965 ) ;
#141 = LINE ( 'NONE', #4009, #4131 ) ;
#142 = EDGE_CURVE ( 'NONE', #49, #5955, #1671, .T. ) ;
#143 = CARTESIAN_POINT ( 'NONE',  ( 2.541668446252838276, 0.9064290159990536777, -1.354627515198300491 ) ) ;
#144 = PRESENTATION_LAYER_ASSIGNMENT (  '', '', ( #2256 ) ) ;
#145 = CARTESIAN_POINT ( 'NONE',  ( 2.361103041605403074, 0.9064290159990536777, -1.827994025134671574 ) ) ;
#146 = VERTEX_POINT ( 'NONE', #1132 ) ;
#147 = EDGE_CURVE ( 'NONE', #6080, #2507, #1636, .T. ) ;
#148 = B_SPLINE_CURVE_WITH_KNOTS ( 'NONE', 3,
 ( #285, #5947, #3591, #2200, #4090, #4300, #941, #3304, #5198, #5670, #5229 ),
 .UNSPECIFIED., .F., .F.,
 ( 4, 1, 1, 1, 1, 1, 1, 1, 4 ),
 ( 0.0000000000000000000, 0.1276753205943260139, 0.2488210220607406931, 0.3728545096390351032, 0.5000883640370010763, 0.6273222184349671604, 0.7492780100383872322, 0.8723246794056734865, 1.000000000000000000 ),
 .UNSPECIFIED. ) ;
#149 = VECTOR ( 'NONE', #1919, 1000.000000000000227 ) ;
#150 = DIRECTION ( 'NONE',  ( -0.3660897081358586158, 0.0000000000000000000, -0.9305795643559994224 ) ) ;
#151 = CARTESIAN_POINT ( 'NONE',  ( 3.207364978698050262, 0.9064290159990536777, -3.415168193065658997 ) ) ;
#152 = ORIENTED_EDGE ( 'NONE', *, *, #398, .T. ) ;
#153 = CARTESIAN_POINT ( 'NONE',  ( 1.710372205601129458, 0.9064290159990536777, -1.827994025134671574 ) ) ;
#154 = DIRECTION ( 'NONE',  ( 0.0000000000000000000, -0.0000000000000000000, 1.000000000000000000 ) ) ;
#155 = CARTESIAN_POINT ( 'NONE',  ( 3.348938701611714031, 0.8964290159990537799, -4.405897471190380443 ) ) ;
#156 = DIRECTION ( 'NONE',  ( 1.000000000000000000, 0.0000000000000000000, 0.0000000000000000000 ) ) ;
#157 = CARTESIAN_POINT ( 'NONE',  ( 2.595030325259248816, 0.9064290159990536777, -2.149924947944500619 ) ) ;
#158 = CARTESIAN_POINT ( 'NONE',  ( 2.960486054425915281, 0.8964290159990536688, -0.8254608485316339284 ) ) ;
#159 = ORIENTED_EDGE ( 'NONE', *, *, #1601, .T. ) ;
#160 = CARTESIAN_POINT ( 'NONE',  ( 0.7353720912271701771, 0.8964290159990537799, -0.6930866069402220608 ) ) ;
#161 = AXIS2_PLACEMENT_3D ( 'NONE', #4952, #5906, #5379 ) ;
#162 = EDGE_LOOP ( 'NONE', ( #3931, #5078, #1202, #4912 ) ) ;
#163 = CARTESIAN_POINT ( 'NONE',  ( 3.204808159938138168, 0.9064290159990532336, -3.960949851471150751 ) ) ;
#164 = CARTESIAN_POINT ( 'NONE',  ( 3.125553829532752736, 0.9064290159990536777, -1.827994025134671574 ) ) ;
#165 = CARTESIAN_POINT ( 'NONE',  ( 2.418641436370359887, 0.8964290159990536688, -1.827994025134671574 ) ) ;
#166 = PRESENTATION_STYLE_ASSIGNMENT (( #1607 ) ) ;
#167 = ORIENTED_EDGE ( 'NONE', *, *, #488, .T. ) ;
#168 = CARTESIAN_POINT ( 'NONE',  ( 2.967270242460103180, 0.9064290159990536777, -0.8254608485316339284 ) ) ;
#169 = ORIENTED_EDGE ( 'NONE', *, *, #5129, .T. ) ;
#170 = VERTEX_POINT ( 'NONE', #3964 ) ;
#171 = ORIENTED_EDGE ( 'NONE', *, *, #3711, .T. ) ;
#172 = CARTESIAN_POINT ( 'NONE',  ( 0.6103126688945070821, 0.9064290159990536777, -0.9275143899334856723 ) ) ;
#173 = EDGE_LOOP ( 'NONE', ( #3290, #5930, #4506, #3942 ) ) ;
#174 = CARTESIAN_POINT ( 'NONE',  ( 3.066405510726474493, 0.9064290159990536777, -3.614335826910774152 ) ) ;
#175 = CARTESIAN_POINT ( 'NONE',  ( 3.233749149631877096, 0.8964290159990534468, -3.519383693370923716 ) ) ;
#176 = LINE ( 'NONE', #3075, #1434 ) ;
#177 = ORIENTED_EDGE ( 'NONE', *, *, #5119, .F. ) ;
#178 = LINE ( 'NONE', #2647, #4737 ) ;
#179 = VERTEX_POINT ( 'NONE', #3565 ) ;
#180 = CARTESIAN_POINT ( 'NONE',  ( 0.3559328502797494131, -0.01000000000000000021, -2.879309389599568281 ) ) ;
#181 = EDGE_CURVE ( 'NONE', #1550, #170, #1605, .T. ) ;
#182 = CARTESIAN_POINT ( 'NONE',  ( 2.410500410729334408, 0.9064290159990536777, -2.357160691801337915 ) ) ;
#183 = PLANE ( 'NONE',  #439 ) ;
#184 = VECTOR ( 'NONE', #2195, 1000.000000000000000 ) ;
#185 = DIRECTION ( 'NONE',  ( -0.0000000000000000000, -1.000000000000000000, -0.0000000000000000000 ) ) ;
#186 = FACE_OUTER_BOUND ( 'NONE', #3108, .T. ) ;
#187 = LINE ( 'NONE', #5851, #6087 ) ;
#188 = EDGE_LOOP ( 'NONE', ( #2852, #1790, #103, #2015 ) ) ;
#189 = VERTEX_POINT ( 'NONE', #2108 ) ;
#190 = EDGE_CURVE ( 'NONE', #4910, #5746, #3902, .T. ) ;
#191 = VECTOR ( 'NONE', #3286, 1000.000000000000000 ) ;
#192 = CARTESIAN_POINT ( 'NONE',  ( 2.623121103838308432, 0.9064290159990536777, -2.098725528873987667 ) ) ;
#193 = CARTESIAN_POINT ( 'NONE',  ( 1.698733083004975386, 0.9064290159990536777, -1.354627515198300491 ) ) ;
#194 = CARTESIAN_POINT ( 'NONE',  ( 3.455943786797710082, 0.8964290159990536688, -0.8797343528051381201 ) ) ;
#195 =( NAMED_UNIT ( * ) SI_UNIT ( $, .STERADIAN. ) SOLID_ANGLE_UNIT ( ) );
#196 = ORIENTED_EDGE ( 'NONE', *, *, #147, .T. ) ;
#197 = PLANE ( 'NONE',  #3485 ) ;
#198 = UNCERTAINTY_MEASURE_WITH_UNIT (LENGTH_MEASURE( 1.000000000000000082E-05 ), #2014, 'distance_accuracy_value', 'NONE');
#199 = EDGE_CURVE ( 'NONE', #4566, #6083, #694, .T. ) ;
#200 = EDGE_CURVE ( 'NONE', #5714, #1621, #96, .T. ) ;
#201 = ORIENTED_EDGE ( 'NONE', *, *, #2290, .T. ) ;
#202 = CARTESIAN_POINT ( 'NONE',  ( 1.836462051309610821, 0.9064290159990536777, -3.364295194523067245 ) ) ;
#203 = VERTEX_POINT ( 'NONE', #5857 ) ;
#204 = VECTOR ( 'NONE', #205, 1000.000000000000000 ) ;
#205 = DIRECTION ( 'NONE',  ( 1.000000000000000000, 0.0000000000000000000, 0.0000000000000000000 ) ) ;
#206 = EDGE_LOOP ( 'NONE', ( #5442, #1116, #4642, #4438 ) ) ;
#207 = CARTESIAN_POINT ( 'NONE',  ( 0.3559328502797489691, -0.01000000000000000021, -0.5793093895995677922 ) ) ;
#208 = DIRECTION ( 'NONE',  ( -0.8771107020363836382, 0.0000000000000000000, 0.4802882638304235008 ) ) ;
#209 = LINE ( 'NONE', #4011, #2821 ) ;
#210 = EDGE_LOOP ( 'NONE', ( #4280, #330, #2977, #914 ) ) ;
#211 = ADVANCED_FACE ( 'NONE', ( #5461 ), #5428, .T. ) ;
#212 = VECTOR ( 'NONE', #1714, 1000.000000000000114 ) ;
#213 = CARTESIAN_POINT ( 'NONE',  ( 3.419506551034885433, 0.9064290159990538998, -3.107282886028454705 ) ) ;
#214 = VERTEX_POINT ( 'NONE', #1096 ) ;
#215 = CARTESIAN_POINT ( 'NONE',  ( 0.7921725249288645854, 0.9064290159990536777, -0.8300843086968849871 ) ) ;
#216 = DIRECTION ( 'NONE',  ( 0.5212085848325790360, 0.0000000000000000000, -0.8534293240197575736 ) ) ;
#217 = CARTESIAN_POINT ( 'NONE',  ( 0.6614583333333333703, 0.9064290159990536777, -0.6716346153846154410 ) ) ;
#218 = EDGE_CURVE ( 'NONE', #4412, #5510, #3726, .T. ) ;
#219 = CARTESIAN_POINT ( 'NONE',  ( 2.772776051754975324, 0.9064290159990536777, -1.827994025134671574 ) ) ;
#220 = CARTESIAN_POINT ( 'NONE',  ( 3.292126818533783972, 0.8964290159990536688, -3.058855575476886912 ) ) ;
#221 = CARTESIAN_POINT ( 'NONE',  ( 2.000290241124633273, 0.9064290159990536777, -2.357160691801337915 ) ) ;
#222 = ORIENTED_EDGE ( 'NONE', *, *, #3476, .F. ) ;
#223 = CARTESIAN_POINT ( 'NONE',  ( 3.092538100422856928, 0.9064290159990537887, -4.139645882032507274 ) ) ;
#224 = EDGE_LOOP ( 'NONE', ( #2468, #705, #2971, #5135 ) ) ;
#225 = FACE_OUTER_BOUND ( 'NONE', #3295, .T. ) ;
#226 = CARTESIAN_POINT ( 'NONE',  ( 1.836462051309610821, 0.9064290159990536777, -3.364295194523067245 ) ) ;
#227 = CARTESIAN_POINT ( 'NONE',  ( 3.519252221226962796, 0.9064290159990535667, -3.825274195334102956 ) ) ;
#228 = FILL_AREA_STYLE ('',( #1232 ) ) ;
#229 = VECTOR ( 'NONE', #1133, 1000.000000000000000 ) ;
#230 = EDGE_LOOP ( 'NONE', ( #3568, #67, #159, #2281 ) ) ;
#231 = CARTESIAN_POINT ( 'NONE',  ( 1.886761094490018165, 0.9064290159990536777, -2.149924947944500619 ) ) ;
#232 = ORIENTED_EDGE ( 'NONE', *, *, #5343, .T. ) ;
#233 = ADVANCED_FACE ( 'NONE', ( #3936 ), #2076, .T. ) ;
#234 = ORIENTED_EDGE ( 'NONE', *, *, #4787, .F. ) ;
#235 = CARTESIAN_POINT ( 'NONE',  ( 1.747729683303306469, 0.9064290159990536777, -3.043473829274840448 ) ) ;
#236 = VECTOR ( 'NONE', #2768, 1000.000000000000227 ) ;
#237 = ORIENTED_EDGE ( 'NONE', *, *, #2500, .T. ) ;
#238 = LINE ( 'NONE', #3979, #5121 ) ;
#239 = DIRECTION ( 'NONE',  ( 0.4802882638304235008, 0.0000000000000000000, 0.8771107020363836382 ) ) ;
#240 = CARTESIAN_POINT ( 'NONE',  ( 2.382982048015658716, 0.9064290159990536777, -1.354627515198300491 ) ) ;
#241 = ORIENTED_EDGE ( 'NONE', *, *, #1183, .F. ) ;
#242 = AXIS2_PLACEMENT_3D ( 'NONE', #3547, #208, #239 ) ;
#243 = AXIS2_PLACEMENT_3D ( 'NONE', #379, #2378, #5172 ) ;
#244 = VECTOR ( 'NONE', #1143, 1000.000000000000000 ) ;
#245 = EDGE_CURVE ( 'NONE', #2298, #5376, #5922, .T. ) ;
#246 = VECTOR ( 'NONE', #4661, 1000.000000000000000 ) ;
#247 = FACE_OUTER_BOUND ( 'NONE', #6031, .T. ) ;
#248 = ORIENTED_EDGE ( 'NONE', *, *, #2361, .F. ) ;
#249 = DIRECTION ( 'NONE',  ( 0.9655185844044609222, -0.0000000000000000000, 0.2603341375417481118 ) ) ;
#250 = LINE ( 'NONE', #4050, #116 ) ;
#251 = LINE ( 'NONE', #5483, #136 ) ;
#252 = PLANE ( 'NONE',  #4271 ) ;
#253 = CARTESIAN_POINT ( 'NONE',  ( 3.379028975365738319, 0.8964290159990533358, -3.087370587584349124 ) ) ;
#254 = DIRECTION ( 'NONE',  ( 1.000000000000000000, 0.0000000000000000000, 0.0000000000000000000 ) ) ;
#255 = ORIENTED_EDGE ( 'NONE', *, *, #4299, .T. ) ;
#256 = PLANE ( 'NONE',  #3634 ) ;
#257 = ADVANCED_FACE ( 'NONE', ( #2595 ), #2564, .T. ) ;
#258 = ORIENTED_EDGE ( 'NONE', *, *, #2898, .F. ) ;
#259 = CARTESIAN_POINT ( 'NONE',  ( 3.252418145772069114, 0.9064290159990536777, -1.354627515198300491 ) ) ;
#260 = CARTESIAN_POINT ( 'NONE',  ( 3.057686145084236529, 0.9064290159990536777, -4.140831640543555459 ) ) ;
#261 = CARTESIAN_POINT ( 'NONE',  ( 3.107939394359457097, 0.9064290159990536777, -3.612285573067290922 ) ) ;
#262 = CARTESIAN_POINT ( 'NONE',  ( 1.814170282524206312, 0.9064290159990536777, -1.354627515198300491 ) ) ;
#263 = EDGE_CURVE ( 'NONE', #1554, #1868, #3466, .T. ) ;
#264 = ORIENTED_EDGE ( 'NONE', *, *, #2865, .F. ) ;
#265 = VERTEX_POINT ( 'NONE', #4734 ) ;
#266 = CARTESIAN_POINT ( 'NONE',  ( 3.196068823076759546, 0.8964290159990536688, -3.402922117411486980 ) ) ;
#267 = VERTEX_POINT ( 'NONE', #3241 ) ;
#268 = DIRECTION ( 'NONE',  ( -0.0000000000000000000, 1.000000000000000000, -0.0000000000000000000 ) ) ;
#269 = ORIENTED_EDGE ( 'NONE', *, *, #4369, .T. ) ;
#270 = CARTESIAN_POINT ( 'NONE',  ( 3.209964633362638153, 0.8964290159990542239, -3.971807232465226711 ) ) ;
#271 = DIRECTION ( 'NONE',  ( 0.0000000000000000000, 0.0000000000000000000, -1.000000000000000000 ) ) ;
#272 = DIRECTION ( 'NONE',  ( 0.0000000000000000000, 0.0000000000000000000, 1.000000000000000000 ) ) ;
#273 = ORIENTED_EDGE ( 'NONE', *, *, #6035, .T. ) ;
#274 = CARTESIAN_POINT ( 'NONE',  ( 1.909037947684709025, 0.9064290159990536777, -3.614335826910774152 ) ) ;
#275 = ORIENTED_EDGE ( 'NONE', *, *, #1578, .F. ) ;
#276 = DIRECTION ( 'NONE',  ( 1.000000000000000000, 0.0000000000000000000, -0.0000000000000000000 ) ) ;
#277 = CARTESIAN_POINT ( 'NONE',  ( 0.7937499999999999556, 0.8964290159990536688, -0.8039262820512820262 ) ) ;
#278 = LINE ( 'NONE', #2311, #922 ) ;
#279 = CARTESIAN_POINT ( 'NONE',  ( 0.5296574791319047515, 0.9064290159990534557, -0.8127767024394290107 ) ) ;
#280 = ADVANCED_FACE ( 'NONE', ( #3774 ), #5692, .T. ) ;
#281 = CARTESIAN_POINT ( 'NONE',  ( 2.240895709874633379, 0.9064290159990536777, -2.149924947944500619 ) ) ;
#282 = PLANE ( 'NONE',  #4405 ) ;
#283 = ORIENTED_EDGE ( 'NONE', *, *, #2964, .F. ) ;
#284 = EDGE_CURVE ( 'NONE', #4415, #332, #4617, .T. ) ;
#285 = CARTESIAN_POINT ( 'NONE',  ( 0.7937499999999999556, 0.9064290159990536777, -0.8039262820512820262 ) ) ;
#286 = EDGE_CURVE ( 'NONE', #2224, #1216, #5637, .T. ) ;
#287 = AXIS2_PLACEMENT_3D ( 'NONE', #2925, #584, #5757 ) ;
#288 = ORIENTED_EDGE ( 'NONE', *, *, #575, .T. ) ;
#289 = EDGE_CURVE ( 'NONE', #3507, #170, #4244, .T. ) ;
#290 = CARTESIAN_POINT ( 'NONE',  ( 2.361103041605403074, 0.8964290159990536688, -1.827994025134671574 ) ) ;
#291 = DIRECTION ( 'NONE',  ( -0.0000000000000000000, -1.000000000000000000, -0.0000000000000000000 ) ) ;
#292 = CARTESIAN_POINT ( 'NONE',  ( 3.569665362673538844, 0.8964290159990538909, -3.639479506469868841 ) ) ;
#293 = EDGE_CURVE ( 'NONE', #3511, #2298, #5112, .T. ) ;
#294 = VECTOR ( 'NONE', #5524, 1000.000000000000000 ) ;
#295 = PLANE ( 'NONE',  #353 ) ;
#296 = ORIENTED_EDGE ( 'NONE', *, *, #2414, .F. ) ;
#297 = B_SPLINE_CURVE_WITH_KNOTS ( 'NONE', 3,
 ( #2609, #3980, #1653, #2088, #572, #5440, #3418, #2548, #4847, #3482, #2119 ),
 .UNSPECIFIED., .F., .F.,
 ( 4, 1, 1, 1, 1, 1, 1, 1, 4 ),
 ( 0.0000000000000000000, 0.1276191503607365108, 0.2501824245187928009, 0.3728221216143818295, 0.5000000000000000000, 0.6271778783856181150, 0.7498175754812065330, 0.8723808496392635448, 1.000000000000000000 ),
 .UNSPECIFIED. ) ;
#298 = ORIENTED_EDGE ( 'NONE', *, *, #859, .T. ) ;
#299 = VECTOR ( 'NONE', #3540, 1000.000000000000000 ) ;
#300 = CARTESIAN_POINT ( 'NONE',  ( 2.212804931295573763, 0.9064290159990536777, -2.098725528873987667 ) ) ;
#301 = VERTEX_POINT ( 'NONE', #2287 ) ;
#302 = PLANE ( 'NONE',  #6067 ) ;
#303 = ORIENTED_EDGE ( 'NONE', *, *, #5557, .T. ) ;
#304 = CARTESIAN_POINT ( 'NONE',  ( 2.056365795344718972, 0.8964290159990536688, -2.357160691801337915 ) ) ;
#305 = DIRECTION ( 'NONE',  ( -1.000000000000000000, 0.0000000000000000000, -0.0000000000000000000 ) ) ;
#306 = CARTESIAN_POINT ( 'NONE',  ( 3.118769641498564837, 0.9064290159990536777, -2.357160691801337915 ) ) ;
#307 = ORIENTED_EDGE ( 'NONE', *, *, #663, .T. ) ;
#308 = VECTOR ( 'NONE', #3109, 1000.000000000000227 ) ;
#309 = CARTESIAN_POINT ( 'NONE',  ( 3.617993737499895612, 0.9064290159990535667, -3.315901287336859848 ) ) ;
#310 = VERTEX_POINT ( 'NONE', #1374 ) ;
#311 = LINE ( 'NONE', #5049, #308 ) ;
#312 = ORIENTED_EDGE ( 'NONE', *, *, #932, .F. ) ;
#313 = DIRECTION ( 'NONE',  ( 0.8770197613181063279, 0.0000000000000000000, -0.4804543040264409592 ) ) ;
#314 = DIRECTION ( 'NONE',  ( 0.0000000000000000000, 1.000000000000000000, 0.0000000000000000000 ) ) ;
#315 = VECTOR ( 'NONE', #5226, 1000.000000000000000 ) ;
#316 = CARTESIAN_POINT ( 'NONE',  ( 2.960486054425915281, 0.9064290159990536777, -0.8254608485316339284 ) ) ;
#317 = CARTESIAN_POINT ( 'NONE',  ( 3.591627547481470728, 0.9064290159990536777, -0.8797343528051381201 ) ) ;
#318 = FACE_OUTER_BOUND ( 'NONE', #3472, .T. ) ;
#319 = ORIENTED_EDGE ( 'NONE', *, *, #2847, .F. ) ;
#320 = CARTESIAN_POINT ( 'NONE',  ( 2.417284598763522308, 0.9064290159990536777, -1.827994025134671574 ) ) ;
#321 = ORIENTED_EDGE ( 'NONE', *, *, #4091, .F. ) ;
#322 = CARTESIAN_POINT ( 'NONE',  ( 3.610596507574385772, 0.9064290159990536777, -4.059279926595564802 ) ) ;
#323 = DIRECTION ( 'NONE',  ( 1.000000000000000000, 0.0000000000000000000, -0.0000000000000000000 ) ) ;
#324 = DIRECTION ( 'NONE',  ( -1.000000000000000000, 0.0000000000000000000, -0.0000000000000000000 ) ) ;
#325 = CARTESIAN_POINT ( 'NONE',  ( 3.589430883331271360, 0.8964290159990536688, -3.611765353833101155 ) ) ;
#326 = ORIENTED_EDGE ( 'NONE', *, *, #3571, .F. ) ;
#327 = ORIENTED_EDGE ( 'NONE', *, *, #4645, .T. ) ;
#328 = DIRECTION ( 'NONE',  ( -0.0000000000000000000, -1.000000000000000000, -0.0000000000000000000 ) ) ;
#329 = VECTOR ( 'NONE', #2629, 1000.000000000000000 ) ;
#330 = ORIENTED_EDGE ( 'NONE', *, *, #199, .F. ) ;
#331 = CARTESIAN_POINT ( 'NONE',  ( 1.532626479105402728, 0.9064290159990536777, -2.149924947944500619 ) ) ;
#332 = VERTEX_POINT ( 'NONE', #5195 ) ;
#333 = FACE_OUTER_BOUND ( 'NONE', #5358, .T. ) ;
#334 = CARTESIAN_POINT ( 'NONE',  ( 3.073675925863909253, 0.9064290159990538998, -3.614267416387872078 ) ) ;
#335 = ORIENTED_EDGE ( 'NONE', *, *, #284, .T. ) ;
#336 = VECTOR ( 'NONE', #435, 1000.000000000000000 ) ;
#337 =( GEOMETRIC_REPRESENTATION_CONTEXT ( 3 ) GLOBAL_UNCERTAINTY_ASSIGNED_CONTEXT ( ( #1835 ) ) GLOBAL_UNIT_ASSIGNED_CONTEXT ( ( #41, #2933, #10 ) ) REPRESENTATION_CONTEXT ( 'NONE', 'WORKASPACE' ) );
#338 = EDGE_LOOP ( 'NONE', ( #4933, #1398, #2757, #1130 ) ) ;
#339 = CARTESIAN_POINT ( 'NONE',  ( 1.583507889361813081, 0.8964290159990536688, -1.077005820486762078 ) ) ;
#340 = EDGE_CURVE ( 'NONE', #5425, #3543, #406, .T. ) ;
#341 = ORIENTED_EDGE ( 'NONE', *, *, #2786, .T. ) ;
#342 = DIRECTION ( 'NONE',  ( -0.0000000000000000000, -1.000000000000000000, -0.0000000000000000000 ) ) ;
#343 = CARTESIAN_POINT ( 'NONE',  ( 3.090228101875408306, 0.9064290159990536777, -4.460391631968316339 ) ) ;
#344 = EDGE_CURVE ( 'NONE', #2210, #2202, #5608, .T. ) ;
#345 = DIRECTION ( 'NONE',  ( 0.0000000000000000000, 0.0000000000000000000, -1.000000000000000000 ) ) ;
#346 = VECTOR ( 'NONE', #2023, 1000.000000000000000 ) ;
#347 = CARTESIAN_POINT ( 'NONE',  ( 0.6353838412118913981, 0.8964290159990535578, -0.9346979451612402734 ) ) ;
#348 = DIRECTION ( 'NONE',  ( 0.4804543040264410148, 0.0000000000000000000, 0.8770197613181063279 ) ) ;
#349 = EDGE_CURVE ( 'NONE', #2150, #2785, #4648, .T. ) ;
#350 = DIRECTION ( 'NONE',  ( 0.0000000000000000000, 0.0000000000000000000, -1.000000000000000000 ) ) ;
#351 = AXIS2_PLACEMENT_3D ( 'NONE', #4732, #405, #4182 ) ;
#352 = CARTESIAN_POINT ( 'NONE',  ( 2.949164940643863808, 0.9064290159990536777, -2.047526109803475158 ) ) ;
#353 = AXIS2_PLACEMENT_3D ( 'NONE', #2662, #3567, #2175 ) ;
#354 = FACE_OUTER_BOUND ( 'NONE', #5977, .T. ) ;
#355 = DIRECTION ( 'NONE',  ( 0.4802882638304228347, 0.0000000000000000000, 0.8771107020363839712 ) ) ;
#356 = CARTESIAN_POINT ( 'NONE',  ( 3.452377868730335475, 0.9064290159990537887, -3.750248747140056071 ) ) ;
#357 = CARTESIAN_POINT ( 'NONE',  ( 1.702231179960103757, 0.9064290159990536777, -2.357160691801337915 ) ) ;
#358 = ORIENTED_EDGE ( 'NONE', *, *, #928, .F. ) ;
#359 = ORIENTED_EDGE ( 'NONE', *, *, #1264, .F. ) ;
#360 = CARTESIAN_POINT ( 'NONE',  ( 3.234744752077709951, 0.8964290159990535578, -3.489864385543285596 ) ) ;
#361 = ORIENTED_EDGE ( 'NONE', *, *, #2618, .T. ) ;
#362 = DIRECTION ( 'NONE',  ( 0.0000000000000000000, 0.0000000000000000000, -1.000000000000000000 ) ) ;
#363 = CARTESIAN_POINT ( 'NONE',  ( 3.120489799515830054, 0.8964290159990537799, -3.894408227769150521 ) ) ;
#364 = CARTESIAN_POINT ( 'NONE',  ( 3.066405510726474493, 0.8964290159990536688, -3.614335826910774152 ) ) ;
#365 = ORIENTED_EDGE ( 'NONE', *, *, #626, .F. ) ;
#366 = EDGE_CURVE ( 'NONE', #2942, #310, #5169, .T. ) ;
#367 = EDGE_CURVE ( 'NONE', #788, #2424, #6150, .T. ) ;
#368 = CARTESIAN_POINT ( 'NONE',  ( 3.147957224674464705, 0.8964290159990533358, -3.043473829274840448 ) ) ;
#369 = ORIENTED_EDGE ( 'NONE', *, *, #3527, .F. ) ;
#370 = SURFACE_STYLE_USAGE ( .BOTH. , #1725 ) ;
#371 = VERTEX_POINT ( 'NONE', #850 ) ;
#372 =( NAMED_UNIT ( * ) SI_UNIT ( $, .STERADIAN. ) SOLID_ANGLE_UNIT ( ) );
#373 = APPLICATION_CONTEXT ( 'automotive_design' ) ;
#374 = DIRECTION ( 'NONE',  ( 1.355252715606880789E-16, 0.0000000000000000000, -1.000000000000000000 ) ) ;
#375 = SURFACE_STYLE_FILL_AREA ( #3833 ) ;
#376 = ADVANCED_FACE ( 'NONE', ( #2805 ), #4212, .T. ) ;
#377 = PLANE ( 'NONE',  #4018 ) ;
#378 = PLANE ( 'NONE',  #4274 ) ;
#379 = CARTESIAN_POINT ( 'NONE',  ( 2.801269641498564944, 0.9064290159990536777, -1.230180065946163914 ) ) ;
#380 = CARTESIAN_POINT ( 'NONE',  ( 3.548472833821836758, 0.8964290159990537799, -3.854497047553390399 ) ) ;
#381 = CARTESIAN_POINT ( 'NONE',  ( 3.040604245702451358, 0.9064290159990536777, -4.461224966439440998 ) ) ;
#382 = DIRECTION ( 'NONE',  ( 1.000000000000000000, 0.0000000000000000000, 0.0000000000000000000 ) ) ;
#383 = CARTESIAN_POINT ( 'NONE',  ( 1.283295236888807089, 0.9064290159990536777, -4.140831640543555459 ) ) ;
#384 = VECTOR ( 'NONE', #185, 1000.000000000000000 ) ;
#385 = ORIENTED_EDGE ( 'NONE', *, *, #2040, .F. ) ;
#386 = EDGE_CURVE ( 'NONE', #5790, #4076, #4154, .T. ) ;
#387 = UNCERTAINTY_MEASURE_WITH_UNIT (LENGTH_MEASURE( 1.000000000000000082E-05 ), #909, 'distance_accuracy_value', 'NONE');
#388 = VECTOR ( 'NONE', #2315, 1000.000000000000000 ) ;
#389 = ORIENTED_EDGE ( 'NONE', *, *, #2238, .F. ) ;
#390 = CARTESIAN_POINT ( 'NONE',  ( 3.234894429166190744, 0.9064290159990536777, -3.497393746532523551 ) ) ;
#391 = ORIENTED_EDGE ( 'NONE', *, *, #2880, .F. ) ;
#392 = CARTESIAN_POINT ( 'NONE',  ( 2.417284598763522308, 0.9064290159990536777, -1.827994025134671574 ) ) ;
#393 = CARTESIAN_POINT ( 'NONE',  ( 3.162854446417726173, 0.8964290159990534468, -3.912036382636569165 ) ) ;
#394 = CARTESIAN_POINT ( 'NONE',  ( 3.017514425605577699, 0.8964290159990534468, -3.364400384567829416 ) ) ;
#395 = ORIENTED_EDGE ( 'NONE', *, *, #4749, .F. ) ;
#396 = ADVANCED_FACE ( 'NONE', ( #1321 ), #377, .T. ) ;
#397 = EDGE_CURVE ( 'NONE', #1041, #2625, #4184, .T. ) ;
#398 = EDGE_CURVE ( 'NONE', #1981, #5094, #2314, .T. ) ;
#399 = CARTESIAN_POINT ( 'NONE',  ( 3.494519172338462987, 0.8964290159990534468, -3.157221023679552374 ) ) ;
#400 = ORIENTED_EDGE ( 'NONE', *, *, #4108, .T. ) ;
#401 = EDGE_LOOP ( 'NONE', ( #5057, #3293, #4504, #3373, #2442, #481, #949, #4656, #4547, #3869, #3076, #4597 ) ) ;
#402 = LINE ( 'NONE', #5972, #5715 ) ;
#403 = FACE_OUTER_BOUND ( 'NONE', #5222, .T. ) ;
#404 = EDGE_CURVE ( 'NONE', #1368, #2202, #3747, .T. ) ;
#405 = DIRECTION ( 'NONE',  ( -1.000000000000000000, 0.0000000000000000000, 0.0000000000000000000 ) ) ;
#406 = LINE ( 'NONE', #2717, #5893 ) ;
#407 = DIRECTION ( 'NONE',  ( -0.0000000000000000000, -1.000000000000000000, -0.0000000000000000000 ) ) ;
#408 = VECTOR ( 'NONE', #139, 1000.000000000000000 ) ;
#409 = LINE ( 'NONE', #1884, #1757 ) ;
#410 = EDGE_CURVE ( 'NONE', #4314, #3511, #5667, .T. ) ;
#411 = DIRECTION ( 'NONE',  ( 1.000000000000000000, 0.0000000000000000000, 0.0000000000000000000 ) ) ;
#412 = CARTESIAN_POINT ( 'NONE',  ( 3.628546020126873106, 0.9064290159990535667, -3.513287820428384833 ) ) ;
#413 = LINE ( 'NONE', #2322, #1543 ) ;
#414 = ORIENTED_EDGE ( 'NONE', *, *, #289, .T. ) ;
#415 = VERTEX_POINT ( 'NONE', #3805 ) ;
#416 = CARTESIAN_POINT ( 'NONE',  ( 2.212804931295573763, 0.9064290159990536777, -2.098725528873987667 ) ) ;
#417 = LINE ( 'NONE', #392, #2480 ) ;
#418 = FACE_OUTER_BOUND ( 'NONE', #5335, .T. ) ;
#419 = FACE_OUTER_BOUND ( 'NONE', #2981, .T. ) ;
#420 = ORIENTED_EDGE ( 'NONE', *, *, #5083, .T. ) ;
#421 = EDGE_CURVE ( 'NONE', #76, #2501, #518, .T. ) ;
#422 = PRESENTATION_LAYER_ASSIGNMENT (  '', '', ( #4704 ) ) ;
#423 = PRESENTATION_LAYER_ASSIGNMENT (  '', '', ( #28 ) ) ;
#424 = CARTESIAN_POINT ( 'NONE',  ( 0.6104671169167511513, 0.8964290159990542239, -0.6808200111472147986 ) ) ;
#425 = ORIENTED_EDGE ( 'NONE', *, *, #200, .T. ) ;
#426 = LINE ( 'NONE', #2339, #1503 ) ;
#427 = ORIENTED_EDGE ( 'NONE', *, *, #4112, .F. ) ;
#428 = DIRECTION ( 'NONE',  ( 1.000000000000000000, 0.0000000000000000000, 0.0000000000000000000 ) ) ;
#429 = CARTESIAN_POINT ( 'NONE',  ( 3.066405510726474493, 0.9064290159990536777, -3.614335826910774152 ) ) ;
#430 = AXIS2_PLACEMENT_3D ( 'NONE', #1373, #3269, #1406 ) ;
#431 = PLANE ( 'NONE',  #3921 ) ;
#432 = EDGE_CURVE ( 'NONE', #1928, #265, #2949, .T. ) ;
#433 = VECTOR ( 'NONE', #4590, 1000.000000000000000 ) ;
#434 = CARTESIAN_POINT ( 'NONE',  ( 4.755932850279748436, 0.0000000000000000000, -0.3293093895995677367 ) ) ;
#435 = DIRECTION ( 'NONE',  ( -0.0000000000000000000, -1.000000000000000000, -0.0000000000000000000 ) ) ;
#436 = CARTESIAN_POINT ( 'NONE',  ( 1.420793379479334595, 0.8964290159990536688, -1.354627515198300491 ) ) ;
#437 = AXIS2_PLACEMENT_3D ( 'NONE', #3564, #5460, #3092 ) ;
#438 = CARTESIAN_POINT ( 'NONE',  ( 2.127726973229334462, 0.9064290159990536777, -1.354627515198300491 ) ) ;
#439 = AXIS2_PLACEMENT_3D ( 'NONE', #316, #2128, #3154 ) ;
#440 =( NAMED_UNIT ( * ) PLANE_ANGLE_UNIT ( ) SI_UNIT ( $, .RADIAN. ) );
#441 = CARTESIAN_POINT ( 'NONE',  ( 3.610169360927382165, 0.9064290159990534557, -4.071012707593162361 ) ) ;
#442 = CARTESIAN_POINT ( 'NONE',  ( 1.583507889361813081, 0.8964290159990536688, -0.8254608485316339284 ) ) ;
#443 =( NAMED_UNIT ( * ) SI_UNIT ( $, .STERADIAN. ) SOLID_ANGLE_UNIT ( ) );
#444 = VECTOR ( 'NONE', #4895, 1000.000000000000227 ) ;
#445 = EDGE_LOOP ( 'NONE', ( #4175, #1779, #2042, #74 ) ) ;
#446 = ORIENTED_EDGE ( 'NONE', *, *, #2366, .T. ) ;
#447 = VECTOR ( 'NONE', #2791, 1000.000000000000000 ) ;
#448 = CARTESIAN_POINT ( 'NONE',  ( 1.961726372267796004, 0.9064290159990536777, -0.8254608485316339284 ) ) ;
#449 = CARTESIAN_POINT ( 'NONE',  ( 1.559869234180189190, 0.9064290159990536777, -1.127251213114967232 ) ) ;
#450 = ADVANCED_FACE ( 'NONE', ( #2889 ), #5781, .T. ) ;
#451 = SURFACE_STYLE_FILL_AREA ( #2819 ) ;
#452 = ORIENTED_EDGE ( 'NONE', *, *, #991, .T. ) ;
#453 = DIRECTION ( 'NONE',  ( 0.4804152582365220914, 0.0000000000000000000, -0.8770411504904065403 ) ) ;
#454 = EDGE_LOOP ( 'NONE', ( #5529, #506, #51, #4692 ) ) ;
#455 = DIRECTION ( 'NONE',  ( 0.4804543040264410148, 0.0000000000000000000, 0.8770197613181063279 ) ) ;
#456 = ORIENTED_EDGE ( 'NONE', *, *, #626, .T. ) ;
#457 = CARTESIAN_POINT ( 'NONE',  ( 1.710372205601129458, 0.8964290159990536688, -1.827994025134671574 ) ) ;
#458 = EDGE_LOOP ( 'NONE', ( #5137, #4914, #2254, #6023, #2465, #1545, #5550, #1369, #2572, #3040, #4222, #3504 ) ) ;
#459 = SURFACE_STYLE_FILL_AREA ( #4730 ) ;
#460 = CARTESIAN_POINT ( 'NONE',  ( 3.609309826512455466, 0.8964290159990535578, -4.094622231678117785 ) ) ;
#461 = CARTESIAN_POINT ( 'NONE',  ( 1.971099314902991395, 0.8964290159990536688, -3.880276478999032275 ) ) ;
#462 = DIRECTION ( 'NONE',  ( -0.0000000000000000000, 1.000000000000000000, -0.0000000000000000000 ) ) ;
#463 = CARTESIAN_POINT ( 'NONE',  ( 3.109950197054120569, 0.8964290159990536688, -1.354627515198300491 ) ) ;
#464 = CARTESIAN_POINT ( 'NONE',  ( 3.159262234592108420, 0.8964290159990538909, -3.600700108364979446 ) ) ;
#465 = DIRECTION ( 'NONE',  ( -0.4802882638304222795, 0.0000000000000000000, -0.8771107020363840823 ) ) ;
#466 = EDGE_CURVE ( 'NONE', #1554, #5528, #934, .T. ) ;
#467 = CARTESIAN_POINT ( 'NONE',  ( 2.633360987652411112, 0.9064290159990536777, -0.8254608485316339284 ) ) ;
#468 = CARTESIAN_POINT ( 'NONE',  ( 1.504535700526342890, 0.8964290159990536688, -2.098725528873987667 ) ) ;
#469 = B_SPLINE_CURVE_WITH_KNOTS ( 'NONE', 3,
 ( #2692, #1197, #3661, #2627, #4651, #761, #725, #4623, #380, #5980, #2294, #2659, #4530, #5582, #1737, #3629, #6041, #3161, #5553 ),
 .UNSPECIFIED., .F., .F.,
 ( 4, 1, 1, 1, 1, 1, 1, 1, 1, 1, 1, 1, 1, 1, 1, 1, 4 ),
 ( 0.0000000000000000000, 0.1140030800515474257, 0.2209111539002908964, 0.3211249107645967049, 0.4181342110000748624, 0.5058316848733231952, 0.5793175586488595874, 0.6522000865480223064, 0.7405221382852034129, 0.7849188993333421349, 0.8205474306993119082, 0.8485041895632599029, 0.8687900511545401105, 0.8890759127458204292, 0.9176595588659240965, 0.9545798757769611287, 1.000000000000000000 ),
 .UNSPECIFIED. ) ;
#470 = LINE ( 'NONE', #5264, #4798 ) ;
#471 = FACE_OUTER_BOUND ( 'NONE', #4264, .T. ) ;
#472 = EDGE_CURVE ( 'NONE', #3148, #860, #1525, .T. ) ;
#473 = ORIENTED_EDGE ( 'NONE', *, *, #859, .F. ) ;
#474 = EDGE_CURVE ( 'NONE', #49, #4741, #2458, .T. ) ;
#475 = ORIENTED_EDGE ( 'NONE', *, *, #404, .F. ) ;
#476 = CARTESIAN_POINT ( 'NONE',  ( 2.361103041605403074, 0.9064290159990536777, -1.827994025134671574 ) ) ;
#477 = FACE_OUTER_BOUND ( 'NONE', #5945, .T. ) ;
#478 = PLANE ( 'NONE',  #992 ) ;
#479 = ORIENTED_EDGE ( 'NONE', *, *, #4660, .T. ) ;
#480 = CARTESIAN_POINT ( 'NONE',  ( 3.218994409465639084, 0.9064290159990536777, -4.023889560165304857 ) ) ;
#481 = ORIENTED_EDGE ( 'NONE', *, *, #2414, .T. ) ;
#482 = AXIS2_PLACEMENT_3D ( 'NONE', #5232, #526, #5699 ) ;
#483 = LINE ( 'NONE', #5188, #2247 ) ;
#484 = ORIENTED_EDGE ( 'NONE', *, *, #5639, .F. ) ;
#485 = CARTESIAN_POINT ( 'NONE',  ( 1.766447759821214714, 0.9064290159990536777, -1.827994025134671574 ) ) ;
#486 = EDGE_LOOP ( 'NONE', ( #5562, #741, #5048, #4906 ) ) ;
#487 = DIRECTION ( 'NONE',  ( 0.0000000000000000000, -1.000000000000000000, 0.0000000000000000000 ) ) ;
#488 = EDGE_CURVE ( 'NONE', #4599, #3541, #4882, .T. ) ;
#489 = CARTESIAN_POINT ( 'NONE',  ( 1.863249642834035047, 0.9064290159990536777, -1.354627515198300491 ) ) ;
#490 = DIRECTION ( 'NONE',  ( -0.0000000000000000000, -1.000000000000000000, -0.0000000000000000000 ) ) ;
#491 = VECTOR ( 'NONE', #3406, 1000.000000000000114 ) ;
#492 = DIRECTION ( 'NONE',  ( -1.000000000000000000, 0.0000000000000000000, 0.0000000000000000000 ) ) ;
#493 = CARTESIAN_POINT ( 'NONE',  ( 1.698733083004975386, 0.9064290159990536777, -1.354627515198300491 ) ) ;
#494 = DIRECTION ( 'NONE',  ( -0.0000000000000000000, -1.000000000000000000, -0.0000000000000000000 ) ) ;
#495 = LINE ( 'NONE', #3777, #4925 ) ;
#496 = DIRECTION ( 'NONE',  ( -0.0000000000000000000, -1.000000000000000000, -0.0000000000000000000 ) ) ;
#497 = CARTESIAN_POINT ( 'NONE',  ( 2.056365795344718972, 0.9064290159990536777, -2.357160691801337915 ) ) ;
#498 = DIRECTION ( 'NONE',  ( -0.9654103710690745688, 0.0000000000000000000, -0.2607351442216254145 ) ) ;
#499 = ORIENTED_EDGE ( 'NONE', *, *, #1394, .F. ) ;
#500 = CARTESIAN_POINT ( 'NONE',  ( 3.548472833821836758, 0.8964290159990537799, -3.854497047553390399 ) ) ;
#501 = ORIENTED_EDGE ( 'NONE', *, *, #199, .T. ) ;
#502 = EDGE_CURVE ( 'NONE', #2307, #3283, #3421, .T. ) ;
#503 = CARTESIAN_POINT ( 'NONE',  ( 1.698733083004975386, 0.9064290159990536777, -1.354627515198300491 ) ) ;
#504 = DIRECTION ( 'NONE',  ( -0.4802882638304235008, 0.0000000000000000000, -0.8771107020363836382 ) ) ;
#505 = LINE ( 'NONE', #5272, #4371 ) ;
#506 = ORIENTED_EDGE ( 'NONE', *, *, #3197, .F. ) ;
#507 = LINE ( 'NONE', #1364, #1899 ) ;
#508 = ORIENTED_EDGE ( 'NONE', *, *, #2101, .F. ) ;
#509 = DIRECTION ( 'NONE',  ( 0.0000000000000000000, -0.0000000000000000000, 1.000000000000000000 ) ) ;
#510 = EDGE_CURVE ( 'NONE', #2709, #6085, #612, .T. ) ;
#511 = ORIENTED_EDGE ( 'NONE', *, *, #1561, .T. ) ;
#512 = CARTESIAN_POINT ( 'NONE',  ( 2.995624777865954602, 0.9064290159990536777, -3.880276478999032275 ) ) ;
#513 = ORIENTED_EDGE ( 'NONE', *, *, #5878, .T. ) ;
#514 = LINE ( 'NONE', #2427, #1348 ) ;
#515 = CARTESIAN_POINT ( 'NONE',  ( 1.814170282524206312, 0.9064290159990536777, -1.354627515198300491 ) ) ;
#516 = EDGE_CURVE ( 'NONE', #5276, #5714, #5841, .T. ) ;
#517 = DIRECTION ( 'NONE',  ( -0.0000000000000000000, -1.000000000000000000, -0.0000000000000000000 ) ) ;
#518 = LINE ( 'NONE', #2980, #2239 ) ;
#519 = LINE ( 'NONE', #26, #3473 ) ;
#520 = ADVANCED_FACE ( 'NONE', ( #4850 ), #84, .F. ) ;
#521 = VECTOR ( 'NONE', #4805, 1000.000000000000000 ) ;
#522 = AXIS2_PLACEMENT_3D ( 'NONE', #4032, #5825, #3060 ) ;
#523 = LINE ( 'NONE', #4457, #1852 ) ;
#524 = VECTOR ( 'NONE', #2776, 1000.000000000000000 ) ;
#525 = ADVANCED_FACE ( 'NONE', ( #577 ), #5254, .T. ) ;
#526 = DIRECTION ( 'NONE',  ( 0.0000000000000000000, 1.000000000000000000, 0.0000000000000000000 ) ) ;
#527 = FACE_OUTER_BOUND ( 'NONE', #700, .T. ) ;
#528 = LINE ( 'NONE', #2321, #1627 ) ;
#529 = VERTEX_POINT ( 'NONE', #2028 ) ;
#530 = CARTESIAN_POINT ( 'NONE',  ( 0.7126254258773611072, 0.8964290159990535578, -0.6806645994021217616 ) ) ;
#531 = AXIS2_PLACEMENT_3D ( 'NONE', #1403, #3802, #5250 ) ;
#532 = AXIS2_PLACEMENT_3D ( 'NONE', #90, #2926, #5353 ) ;
#533 = STYLED_ITEM ( 'NONE', ( #6143 ), #2945 ) ;
#534 = DIRECTION ( 'NONE',  ( 1.000000000000000000, 0.0000000000000000000, -0.0000000000000000000 ) ) ;
#535 = DIRECTION ( 'NONE',  ( 1.000000000000000000, 0.0000000000000000000, 0.0000000000000000000 ) ) ;
#536 = CARTESIAN_POINT ( 'NONE',  ( 1.646155625740018280, 0.9064290159990536777, -2.357160691801337915 ) ) ;
#537 = DIRECTION ( 'NONE',  ( -0.4806015670138532592, 0.0000000000000000000, 0.8769390707362905157 ) ) ;
#538 = EDGE_LOOP ( 'NONE', ( #4684, #2797, #4399, #1572, #4377, #3815, #1067, #1178, #3264, #1649, #3579, #3656, #232 ) ) ;
#539 = CARTESIAN_POINT ( 'NONE',  ( 1.863249642834035047, 0.9064290159990536777, -1.354627515198300491 ) ) ;
#540 = ORIENTED_EDGE ( 'NONE', *, *, #5267, .T. ) ;
#541 = CARTESIAN_POINT ( 'NONE',  ( 1.773231947855402835, 0.9064290159990536777, -2.357160691801337915 ) ) ;
#542 = ORIENTED_EDGE ( 'NONE', *, *, #16, .F. ) ;
#543 = SURFACE_SIDE_STYLE ('',( #1399 ) ) ;
#544 = ORIENTED_EDGE ( 'NONE', *, *, #3718, .F. ) ;
#545 = CARTESIAN_POINT ( 'NONE',  ( 3.579193050213608007, 0.8964290159990535578, -4.198916789766474089 ) ) ;
#546 = EDGE_CURVE ( 'NONE', #2638, #5714, #5726, .T. ) ;
#547 = SURFACE_SIDE_STYLE ('',( #4821 ) ) ;
#548 = EDGE_CURVE ( 'NONE', #1947, #2150, #4331, .T. ) ;
#549 = CARTESIAN_POINT ( 'NONE',  ( 3.405932850279748791, -0.01000000000000000021, -4.729309389599568370 ) ) ;
#550 = CARTESIAN_POINT ( 'NONE',  ( 3.227387814400367816, 0.9064290159990535667, -3.447496193663392550 ) ) ;
#551 = PLANE ( 'NONE',  #4670 ) ;
#552 = CARTESIAN_POINT ( 'NONE',  ( 2.492589085943009763, 0.9064290159990536777, -1.354627515198300491 ) ) ;
#553 = LINE ( 'NONE', #4890, #5749 ) ;
#554 = DIRECTION ( 'NONE',  ( 1.000000000000000000, 0.0000000000000000000, 0.0000000000000000000 ) ) ;
#555 = DIRECTION ( 'NONE',  ( -1.000000000000000000, 0.0000000000000000000, -0.0000000000000000000 ) ) ;
#556 = ORIENTED_EDGE ( 'NONE', *, *, #1105, .T. ) ;
#557 = DIRECTION ( 'NONE',  ( -0.0000000000000000000, -1.000000000000000000, -0.0000000000000000000 ) ) ;
#558 = ORIENTED_EDGE ( 'NONE', *, *, #16, .T. ) ;
#559 = CARTESIAN_POINT ( 'NONE',  ( 1.356237590216513800, 0.8964290159990536688, -1.827994025134671574 ) ) ;
#560 = CARTESIAN_POINT ( 'NONE',  ( 2.949164940643863808, 0.9064290159990536777, -2.047526109803475158 ) ) ;
#561 = DIRECTION ( 'NONE',  ( 1.000000000000000000, 0.0000000000000000000, 0.0000000000000000000 ) ) ;
#562 = ADVANCED_FACE ( 'NONE', ( #3919 ), #3487, .T. ) ;
#563 = VERTEX_POINT ( 'NONE', #2580 ) ;
#564 = DIRECTION ( 'NONE',  ( -0.0000000000000000000, -1.000000000000000000, -0.0000000000000000000 ) ) ;
#565 = ORIENTED_EDGE ( 'NONE', *, *, #2859, .T. ) ;
#566 = CARTESIAN_POINT ( 'NONE',  ( 3.069372272374633059, 0.8964290159990536688, -1.827994025134671574 ) ) ;
#567 = ORIENTED_EDGE ( 'NONE', *, *, #5317, .F. ) ;
#568 =( LENGTH_UNIT ( ) NAMED_UNIT ( * ) SI_UNIT ( .MILLI., .METRE. ) );
#569 = ORIENTED_EDGE ( 'NONE', *, *, #510, .T. ) ;
#570 = DIRECTION ( 'NONE',  ( 1.000000000000000000, 0.0000000000000000000, 0.0000000000000000000 ) ) ;
#571 = EDGE_CURVE ( 'NONE', #1416, #3288, #178, .T. ) ;
#572 = CARTESIAN_POINT ( 'NONE',  ( 0.7352672590914194339, 0.8964290159990536688, -0.9146714281521770573 ) ) ;
#573 = VECTOR ( 'NONE', #2469, 1000.000000000000000 ) ;
#574 = PLANE ( 'NONE',  #5467 ) ;
#575 = EDGE_CURVE ( 'NONE', #3260, #1762, #4578, .T. ) ;
#576 = CARTESIAN_POINT ( 'NONE',  ( 3.222450804311755235, 0.8964290159990535578, -3.437803220914381175 ) ) ;
#577 = FACE_OUTER_BOUND ( 'NONE', #2543, .T. ) ;
#578 = VECTOR ( 'NONE', #4129, 1000.000000000000114 ) ;
#579 = FACE_OUTER_BOUND ( 'NONE', #5835, .T. ) ;
#580 = EDGE_CURVE ( 'NONE', #2707, #1957, #1250, .T. ) ;
#581 = CARTESIAN_POINT ( 'NONE',  ( 3.399413923428975082, 0.8964290159990536688, -4.383194940668207806 ) ) ;
#582 = VECTOR ( 'NONE', #1997, 1000.000000000000000 ) ;
#583 = AXIS2_PLACEMENT_3D ( 'NONE', #3878, #4407, #3032 ) ;
#584 = DIRECTION ( 'NONE',  ( -1.000000000000000000, 0.0000000000000000000, -8.790828425558146791E-17 ) ) ;
#585 = LINE ( 'NONE', #3894, #3322 ) ;
#586 = LINE ( 'NONE', #5820, #5786 ) ;
#587 = ORIENTED_EDGE ( 'NONE', *, *, #1454, .T. ) ;
#588 = DIRECTION ( 'NONE',  ( -0.0000000000000000000, -1.000000000000000000, -0.0000000000000000000 ) ) ;
#589 = PRODUCT ( 'TBU-DT', 'TBU-DT', '', ( #3604 ) ) ;
#590 = ADVANCED_FACE ( 'NONE', ( #247 ), #4046, .T. ) ;
#591 = B_SPLINE_SURFACE_WITH_KNOTS ( 'NONE', 3, 1, ( 
 ( #4552, #2163 ),
 ( #279, #2097 ),
 ( #717, #1157 ),
 ( #782, #1289 ),
 ( #2679, #752 ),
 ( #3989, #5879 ),
 ( #4020, #5448 ),
 ( #2193, #5052 ),
 ( #5941, #6007 ),
 ( #3524, #2617 ),
 ( #4957, #5081 ) ),
 .UNSPECIFIED., .F., .F., .F.,
 ( 4, 1, 1, 1, 1, 1, 1, 1, 4 ),
 ( 2, 2 ),
 ( 0.0000000000000000000, 0.1276753205943264580, 0.2507219899616132119, 0.3726777815650326176, 0.4999116359629985351, 0.6271454903609644527, 0.7511789779392594735, 0.8723246794056734865, 1.000000000000000000 ),
 ( 0.0000000000000000000, 1.000000000000000000 ),
 .UNSPECIFIED. ) ;
#592 = VERTEX_POINT ( 'NONE', #1115 ) ;
#593 = CARTESIAN_POINT ( 'NONE',  ( 3.214936528768877810, 0.9064290159990533446, -3.985086211419773594 ) ) ;
#594 = CARTESIAN_POINT ( 'NONE',  ( 3.217584961819885958, 0.8964290159990537799, -4.046423025418225627 ) ) ;
#595 = FACE_BOUND ( 'NONE', #538, .T. ) ;
#596 = EDGE_CURVE ( 'NONE', #1173, #5839, #1657, .T. ) ;
#597 = SURFACE_STYLE_USAGE ( .BOTH. , #4259 ) ;
#598 = AXIS2_PLACEMENT_3D ( 'NONE', #4265, #4695, #4291 ) ;
#599 = ORIENTED_EDGE ( 'NONE', *, *, #5763, .F. ) ;
#600 = LINE ( 'NONE', #1514, #4583 ) ;
#601 = ORIENTED_EDGE ( 'NONE', *, *, #3049, .T. ) ;
#602 = EDGE_LOOP ( 'NONE', ( #4918, #1247, #5281, #452 ) ) ;
#603 = FACE_OUTER_BOUND ( 'NONE', #2561, .T. ) ;
#604 = EDGE_LOOP ( 'NONE', ( #2082, #2170, #4601, #2208, #3944, #4969 ) ) ;
#605 = CARTESIAN_POINT ( 'NONE',  ( 4.755932850279749324, 0.0000000000000000000, -4.729309389599568370 ) ) ;
#606 = ORIENTED_EDGE ( 'NONE', *, *, #3971, .F. ) ;
#607 = LINE ( 'NONE', #5439, #3325 ) ;
#608 = CARTESIAN_POINT ( 'NONE',  ( 3.234512101139027873, 0.9064290159990535667, -3.504734638201540964 ) ) ;
#609 = DIRECTION ( 'NONE',  ( 0.0000000000000000000, -0.0000000000000000000, 1.000000000000000000 ) ) ;
#610 = VERTEX_POINT ( 'NONE', #3614 ) ;
#611 = CARTESIAN_POINT ( 'NONE',  ( 3.231812929976366267, 0.8964290159990535578, -3.459547448293701422 ) ) ;
#612 = LINE ( 'NONE', #2519, #1271 ) ;
#613 = ORIENTED_EDGE ( 'NONE', *, *, #3520, .T. ) ;
#614 = CARTESIAN_POINT ( 'NONE',  ( 0.7932171381971933055, 0.8964290159990537799, -0.8127623096318707940 ) ) ;
#615 = PLANE ( 'NONE',  #1225 ) ;
#616 = ADVANCED_FACE ( 'NONE', ( #5935 ), #5015, .T. ) ;
#617 = CARTESIAN_POINT ( 'NONE',  ( 3.593053837727739896, 0.8964290159990536688, -4.164502060290304897 ) ) ;
#618 = VECTOR ( 'NONE', #3553, 1000.000000000000000 ) ;
#619 = CARTESIAN_POINT ( 'NONE',  ( 3.465444714824189365, 0.8964290159990536688, -3.777439254806755020 ) ) ;
#620 = DIRECTION ( 'NONE',  ( -1.000000000000000000, 0.0000000000000000000, -1.421904488505579654E-16 ) ) ;
#621 = VECTOR ( 'NONE', #784, 1000.000000000000000 ) ;
#622 = LINE ( 'NONE', #4492, #832 ) ;
#623 = ORIENTED_EDGE ( 'NONE', *, *, #4549, .F. ) ;
#624 = FILL_AREA_STYLE ('',( #5822 ) ) ;
#625 = VECTOR ( 'NONE', #1855, 1000.000000000000000 ) ;
#626 = EDGE_CURVE ( 'NONE', #1759, #4946, #5873, .T. ) ;
#627 = VECTOR ( 'NONE', #561, 1000.000000000000000 ) ;
#628 = ORIENTED_EDGE ( 'NONE', *, *, #3305, .T. ) ;
#629 = VECTOR ( 'NONE', #2090, 1000.000000000000000 ) ;
#630 = CARTESIAN_POINT ( 'NONE',  ( 3.125553829532752736, 0.9064290159990536777, -1.827994025134671574 ) ) ;
#631 = CARTESIAN_POINT ( 'NONE',  ( 3.218994409465639084, 0.8964290159990536688, -4.023889560165304857 ) ) ;
#632 = DIRECTION ( 'NONE',  ( -0.0000000000000000000, -1.000000000000000000, -0.0000000000000000000 ) ) ;
#633 = LINE ( 'NONE', #4344, #491 ) ;
#634 = VERTEX_POINT ( 'NONE', #746 ) ;
#635 = VECTOR ( 'NONE', #4005, 1000.000000000000000 ) ;
#636 = CARTESIAN_POINT ( 'NONE',  ( 0.7723197143302331646, 0.8964290159990533358, -0.7301535854777794210 ) ) ;
#637 = COLOUR_RGB ( '',1.000000000000000000, 1.000000000000000000, 1.000000000000000000 ) ;
#638 = ORIENTED_EDGE ( 'NONE', *, *, #2708, .F. ) ;
#639 = EDGE_CURVE ( 'NONE', #2177, #724, #4546, .T. ) ;
#640 = VERTEX_POINT ( 'NONE', #5968 ) ;
#641 = AXIS2_PLACEMENT_3D ( 'NONE', #5640, #6153, #3244 ) ;
#642 = VERTEX_POINT ( 'NONE', #1215 ) ;
#643 = CARTESIAN_POINT ( 'NONE',  ( 2.541668446252838276, 0.8964290159990536688, -1.354627515198300491 ) ) ;
#644 = ORIENTED_EDGE ( 'NONE', *, *, #4793, .F. ) ;
#645 = LINE ( 'NONE', #1652, #4625 ) ;
#646 = CARTESIAN_POINT ( 'NONE',  ( 3.172988682159515239, 0.8964290159990535578, -3.594098210845694918 ) ) ;
#647 = VECTOR ( 'NONE', #2651, 1000.000000000000000 ) ;
#648 = FACE_OUTER_BOUND ( 'NONE', #4610, .T. ) ;
#649 = EDGE_LOOP ( 'NONE', ( #919, #4161, #3649, #4563 ) ) ;
#650 = VECTOR ( 'NONE', #535, 1000.000000000000000 ) ;
#651 = CARTESIAN_POINT ( 'NONE',  ( 3.602085954218208208, 0.9064290159990534557, -3.281494106128027610 ) ) ;
#652 = PRODUCT_DEFINITION_SHAPE ( 'NONE', 'NONE',  #5689 ) ;
#653 = ORIENTED_EDGE ( 'NONE', *, *, #4860, .F. ) ;
#654 = DIRECTION ( 'NONE',  ( -0.0000000000000000000, -1.000000000000000000, -0.0000000000000000000 ) ) ;
#655 = CARTESIAN_POINT ( 'NONE',  ( 3.109950197054120569, 0.9064290159990536777, -1.354627515198300491 ) ) ;
#656 = ADVANCED_FACE ( 'NONE', ( #3582, #3147, #4922, #4015, #712 ), #5412, .T. ) ;
#657 = CARTESIAN_POINT ( 'NONE',  ( 3.610169360927382165, 0.8964290159990534468, -4.071012707593162361 ) ) ;
#658 = CARTESIAN_POINT ( 'NONE',  ( 0.5505018879068303006, 0.9064290159990541218, -0.7300498225709709521 ) ) ;
#659 = CARTESIAN_POINT ( 'NONE',  ( 1.863249642834035047, 0.9064290159990536777, -1.354627515198300491 ) ) ;
#660 = CARTESIAN_POINT ( 'NONE',  ( 4.755932850279748436, -0.01000000000000000021, -0.3293093895995677367 ) ) ;
#661 = ORIENTED_EDGE ( 'NONE', *, *, #4860, .T. ) ;
#662 = EDGE_CURVE ( 'NONE', #3852, #4445, #1722, .T. ) ;
#663 = EDGE_CURVE ( 'NONE', #2928, #985, #1977, .T. ) ;
#664 = ORIENTED_EDGE ( 'NONE', *, *, #3508, .T. ) ;
#665 = DIRECTION ( 'NONE',  ( 0.2570842515897343583, 0.0000000000000000000, 0.9663889939276761876 ) ) ;
#666 = CARTESIAN_POINT ( 'NONE',  ( 3.176479269182681975, 0.8964290159990535578, -4.106181755674643163 ) ) ;
#667 = LINE ( 'NONE', #1571, #4118 ) ;
#668 = DIRECTION ( 'NONE',  ( 0.0000000000000000000, -1.000000000000000000, 0.0000000000000000000 ) ) ;
#669 = EDGE_CURVE ( 'NONE', #5468, #5625, #1306, .T. ) ;
#670 = EDGE_LOOP ( 'NONE', ( #1581, #821, #6137, #237 ) ) ;
#671 = CARTESIAN_POINT ( 'NONE',  ( 0.0000000000000000000, 0.8964290159990536688, 0.0000000000000000000 ) ) ;
#672 = ORIENTED_EDGE ( 'NONE', *, *, #5878, .F. ) ;
#673 = CARTESIAN_POINT ( 'NONE',  ( 2.474716990590445587, 0.8964290159990536688, -1.827994025134671574 ) ) ;
#674 = ORIENTED_EDGE ( 'NONE', *, *, #3752, .F. ) ;
#675 = LINE ( 'NONE', #5775, #5768 ) ;
#676 = ORIENTED_EDGE ( 'NONE', *, *, #1575, .F. ) ;
#677 = LINE ( 'NONE', #2087, #2633 ) ;
#678 = CARTESIAN_POINT ( 'NONE',  ( 3.107939394359457097, 0.9064290159990536777, -3.612285573067290922 ) ) ;
#679 = LINE ( 'NONE', #4979, #4125 ) ;
#680 = ORIENTED_EDGE ( 'NONE', *, *, #1227, .F. ) ;
#681 = EDGE_CURVE ( 'NONE', #4722, #2224, #2878, .T. ) ;
#682 = DIRECTION ( 'NONE',  ( -1.000000000000000000, 0.0000000000000000000, -0.0000000000000000000 ) ) ;
#683 = VERTEX_POINT ( 'NONE', #895 ) ;
#684 = DIRECTION ( 'NONE',  ( -0.0000000000000000000, -1.000000000000000000, -0.0000000000000000000 ) ) ;
#685 = LINE ( 'NONE', #1562, #3280 ) ;
#686 = CARTESIAN_POINT ( 'NONE',  ( 0.3559328502797495797, 0.0000000000000000000, -4.729309389599568370 ) ) ;
#687 = VECTOR ( 'NONE', #4216, 1000.000000000000000 ) ;
#688 = DIRECTION ( 'NONE',  ( 0.3698797865436000420, 0.0000000000000000000, -0.9290796217259642553 ) ) ;
#689 = CARTESIAN_POINT ( 'NONE',  ( 3.628986410438348909, 0.8964290159990535578, -3.351619842182059994 ) ) ;
#690 = CARTESIAN_POINT ( 'NONE',  ( 3.440568877550745253, 0.9064290159990536777, -3.757948908077046291 ) ) ;
#691 = VERTEX_POINT ( 'NONE', #4777 ) ;
#692 = LINE ( 'NONE', #1733, #433 ) ;
#693 = ORIENTED_EDGE ( 'NONE', *, *, #1502, .F. ) ;
#694 = LINE ( 'NONE', #2960, #2908 ) ;
#695 = CARTESIAN_POINT ( 'NONE',  ( 3.562412224460648869, 0.9064290159990536777, -3.876494748268543233 ) ) ;
#696 = SURFACE_SIDE_STYLE ('',( #4034 ) ) ;
#697 = ORIENTED_EDGE ( 'NONE', *, *, #1640, .F. ) ;
#698 = DIRECTION ( 'NONE',  ( -0.8534293240197575736, 0.0000000000000000000, -0.5212085848325790360 ) ) ;
#699 = EDGE_CURVE ( 'NONE', #44, #1489, #5741, .T. ) ;
#700 = EDGE_LOOP ( 'NONE', ( #766, #747, #5589, #1726, #599, #2770, #2481, #3444, #365, #5309, #2897, #1137, #680 ) ) ;
#701 = CARTESIAN_POINT ( 'NONE',  ( 1.560717257684462567, 0.9064290159990536777, -2.098725528873987667 ) ) ;
#702 = ORIENTED_EDGE ( 'NONE', *, *, #4749, .T. ) ;
#703 = VECTOR ( 'NONE', #3294, 1000.000000000000000 ) ;
#704 = DIRECTION ( 'NONE',  ( -0.4804152582365220359, 0.0000000000000000000, 0.8770411504904065403 ) ) ;
#705 = ORIENTED_EDGE ( 'NONE', *, *, #3730, .F. ) ;
#706 = CARTESIAN_POINT ( 'NONE',  ( 0.3559328502797495797, -0.01000000000000000021, -4.729309389599568370 ) ) ;
#707 = PLANE ( 'NONE',  #5116 ) ;
#708 = CARTESIAN_POINT ( 'NONE',  ( 3.118769641498564837, 0.9064290159990536777, -2.357160691801337915 ) ) ;
#709 = ORIENTED_EDGE ( 'NONE', *, *, #5767, .F. ) ;
#710 = VECTOR ( 'NONE', #2214, 1000.000000000000000 ) ;
#711 = EDGE_CURVE ( 'NONE', #5468, #4412, #1958, .T. ) ;
#712 = FACE_BOUND ( 'NONE', #3667, .T. ) ;
#713 = ORIENTED_EDGE ( 'NONE', *, *, #5909, .F. ) ;
#714 = CARTESIAN_POINT ( 'NONE',  ( 0.7722034794342281794, 0.9064290159990534557, -0.8777352078093680898 ) ) ;
#715 = EDGE_CURVE ( 'NONE', #1928, #5325, #3382, .T. ) ;
#716 = CARTESIAN_POINT ( 'NONE',  ( 4.755932850279748436, 0.0000000000000000000, -0.3293093895995677367 ) ) ;
#717 = CARTESIAN_POINT ( 'NONE',  ( 0.5306213104926532642, 0.9064290159990534557, -0.8301566863030579446 ) ) ;
#718 = FACE_OUTER_BOUND ( 'NONE', #4348, .T. ) ;
#719 = ADVANCED_FACE ( 'NONE', ( #3821 ), #1843, .T. ) ;
#720 = CARTESIAN_POINT ( 'NONE',  ( 3.494519172338462987, 0.9064290159990534557, -3.157221023679552374 ) ) ;
#721 = FACE_OUTER_BOUND ( 'NONE', #3792, .T. ) ;
#722 = EDGE_LOOP ( 'NONE', ( #2454, #4796, #4192, #4008 ) ) ;
#723 = LINE ( 'NONE', #320, #6097 ) ;
#724 = VERTEX_POINT ( 'NONE', #13 ) ;
#725 = CARTESIAN_POINT ( 'NONE',  ( 3.573052601890846613, 0.8964290159990538909, -3.900033143506786981 ) ) ;
#726 =( NAMED_UNIT ( * ) PLANE_ANGLE_UNIT ( ) SI_UNIT ( $, .RADIAN. ) );
#727 = CARTESIAN_POINT ( 'NONE',  ( 1.858670315910958104, 0.8964290159990536688, -2.098725528873987667 ) ) ;
#728 = CARTESIAN_POINT ( 'NONE',  ( 1.753112590216513889, 0.9064290159990536777, -1.354627515198300491 ) ) ;
#729 = AXIS2_PLACEMENT_3D ( 'NONE', #5882, #2071, #555 ) ;
#730 = EDGE_LOOP ( 'NONE', ( #2712, #258, #2611, #3798 ) ) ;
#731 = EDGE_LOOP ( 'NONE', ( #6013, #499, #6114, #4408, #4875, #3408 ) ) ;
#732 = CARTESIAN_POINT ( 'NONE',  ( 1.886761094490018165, 0.9064290159990536777, -2.047526109803475158 ) ) ;
#733 = APPLICATION_PROTOCOL_DEFINITION ( 'draft international standard', 'automotive_design', 1998, #3557 ) ;
#734 = ORIENTED_EDGE ( 'NONE', *, *, #3863, .T. ) ;
#735 = DIRECTION ( 'NONE',  ( 0.0000000000000000000, -0.0000000000000000000, 1.000000000000000000 ) ) ;
#736 = VECTOR ( 'NONE', #2853, 1000.000000000000227 ) ;
#737 = EDGE_LOOP ( 'NONE', ( #3058, #2340, #1046, #3539 ) ) ;
#738 = CARTESIAN_POINT ( 'NONE',  ( 2.382982048015658716, 0.9064290159990536777, -1.354627515198300491 ) ) ;
#739 = CARTESIAN_POINT ( 'NONE',  ( 3.108671965896702805, 0.8964290159990534468, -3.371100841939061787 ) ) ;
#740 = CARTESIAN_POINT ( 'NONE',  ( 2.633360987652411112, 0.9064290159990536777, -0.8254608485316339284 ) ) ;
#741 = ORIENTED_EDGE ( 'NONE', *, *, #3250, .F. ) ;
#742 = AXIS2_PLACEMENT_3D ( 'NONE', #4518, #3082, #4119 ) ;
#743 = PRESENTATION_LAYER_ASSIGNMENT (  '', '', ( #5026 ) ) ;
#744 = EDGE_CURVE ( 'NONE', #2242, #3950, #3736, .T. ) ;
#745 = AXIS2_PLACEMENT_3D ( 'NONE', #174, #4477, #3575 ) ;
#746 = CARTESIAN_POINT ( 'NONE',  ( 1.652833810836171979, 0.9064290159990536777, -1.827994025134671574 ) ) ;
#747 = ORIENTED_EDGE ( 'NONE', *, *, #754, .F. ) ;
#748 = CARTESIAN_POINT ( 'NONE',  ( 1.532626479105402728, 0.9064290159990536777, -2.149924947944500619 ) ) ;
#749 = CARTESIAN_POINT ( 'NONE',  ( 2.006968426220787638, 0.8964290159990536688, -1.827994025134671574 ) ) ;
#750 = LINE ( 'NONE', #3651, #1734 ) ;
#751 = ADVANCED_FACE ( 'NONE', ( #419 ), #3851, .F. ) ;
#752 = CARTESIAN_POINT ( 'NONE',  ( 0.5506186582222731829, 0.8964290159990538909, -0.8778400399451190550 ) ) ;
#753 = AXIS2_PLACEMENT_3D ( 'NONE', #1871, #3763, #6111 ) ;
#754 = EDGE_CURVE ( 'NONE', #101, #3742, #2418, .T. ) ;
#755 = LINE ( 'NONE', #5576, #1585 ) ;
#756 = CARTESIAN_POINT ( 'NONE',  ( 1.420793379479334595, 0.9064290159990536777, -1.354627515198300491 ) ) ;
#757 = LINE ( 'NONE', #5518, #1081 ) ;
#758 = ORIENTED_EDGE ( 'NONE', *, *, #5343, .F. ) ;
#759 = FACE_OUTER_BOUND ( 'NONE', #2094, .T. ) ;
#760 = VERTEX_POINT ( 'NONE', #1010 ) ;
#761 = CARTESIAN_POINT ( 'NONE',  ( 3.586601270412009601, 0.8964290159990535578, -3.925077535867397049 ) ) ;
#762 = DIRECTION ( 'NONE',  ( 0.0000000000000000000, -0.0000000000000000000, 1.000000000000000000 ) ) ;
#763 = CARTESIAN_POINT ( 'NONE',  ( 3.543510409111423787, 0.9064290159990536777, -3.671300617748826323 ) ) ;
#764 = FACE_OUTER_BOUND ( 'NONE', #188, .T. ) ;
#765 = ORIENTED_EDGE ( 'NONE', *, *, #1324, .F. ) ;
#766 = ORIENTED_EDGE ( 'NONE', *, *, #3808, .F. ) ;
#767 = DIRECTION ( 'NONE',  ( -0.4802882638304235008, 0.0000000000000000000, 0.8771107020363836382 ) ) ;
#768 = EDGE_CURVE ( 'NONE', #2061, #5588, #507, .T. ) ;
#769 = ORIENTED_EDGE ( 'NONE', *, *, #421, .F. ) ;
#770 = LINE ( 'NONE', #2762, #710 ) ;
#771 = ORIENTED_EDGE ( 'NONE', *, *, #5022, .T. ) ;
#772 = DIRECTION ( 'NONE',  ( 1.000000000000000000, 0.0000000000000000000, 0.0000000000000000000 ) ) ;
#773 = CARTESIAN_POINT ( 'NONE',  ( 2.595030325259248816, 0.9064290159990536777, -2.149924947944500619 ) ) ;
#774 = DIRECTION ( 'NONE',  ( 0.8771107020363841933, -0.0000000000000000000, 0.4802882638304223906 ) ) ;
#775 = ORIENTED_EDGE ( 'NONE', *, *, #6035, .F. ) ;
#776 = CARTESIAN_POINT ( 'NONE',  ( 3.628986410438348909, 0.9064290159990538998, -3.351619842182059994 ) ) ;
#777 = ORIENTED_EDGE ( 'NONE', *, *, #5711, .F. ) ;
#778 = CARTESIAN_POINT ( 'NONE',  ( 2.708559471893864590, 0.8964290159990536688, -2.357160691801337915 ) ) ;
#779 = ORIENTED_EDGE ( 'NONE', *, *, #2198, .F. ) ;
#780 = DIRECTION ( 'NONE',  ( -0.0000000000000000000, -1.000000000000000000, -0.0000000000000000000 ) ) ;
#781 = SURFACE_STYLE_USAGE ( .BOTH. , #6006 ) ;
#782 = CARTESIAN_POINT ( 'NONE',  ( 0.5381966506841733278, 0.9064290159990537887, -0.8550933745953100962 ) ) ;
#783 = CARTESIAN_POINT ( 'NONE',  ( 0.5306213104926532642, 0.8964290159990534468, -0.8301566863030579446 ) ) ;
#784 = DIRECTION ( 'NONE',  ( -0.0000000000000000000, -1.000000000000000000, -0.0000000000000000000 ) ) ;
#785 = VERTEX_POINT ( 'NONE', #3259 ) ;
#786 = CARTESIAN_POINT ( 'NONE',  ( 1.666177969355316035, 0.9064290159990536777, -4.140831640543555459 ) ) ;
#787 = AXIS2_PLACEMENT_3D ( 'NONE', #4801, #3901, #665 ) ;
#788 = VERTEX_POINT ( 'NONE', #1923 ) ;
#789 = LINE ( 'NONE', #2809, #4074 ) ;
#790 = CARTESIAN_POINT ( 'NONE',  ( 2.708559471893864590, 0.8964290159990536688, -2.357160691801337915 ) ) ;
#791 = CARTESIAN_POINT ( 'NONE',  ( 3.612993883163555520, 0.9064290159990536777, -3.565055503791929592 ) ) ;
#792 = VECTOR ( 'NONE', #494, 1000.000000000000000 ) ;
#793 = FACE_OUTER_BOUND ( 'NONE', #3997, .T. ) ;
#794 = EDGE_LOOP ( 'NONE', ( #484, #1300, #4285, #4323 ) ) ;
#795 = STYLED_ITEM ( 'NONE', ( #129 ), #2461 ) ;
#796 = EDGE_CURVE ( 'NONE', #1082, #4769, #4315, .T. ) ;
#797 = ORIENTED_EDGE ( 'NONE', *, *, #3660, .F. ) ;
#798 = VECTOR ( 'NONE', #4439, 1000.000000000000000 ) ;
#799 = DIRECTION ( 'NONE',  ( 0.4806015670138532592, 0.0000000000000000000, -0.8769390707362905157 ) ) ;
#800 = SURFACE_STYLE_FILL_AREA ( #1747 ) ;
#801 = EDGE_CURVE ( 'NONE', #2742, #2638, #5713, .T. ) ;
#802 = VERTEX_POINT ( 'NONE', #1456 ) ;
#803 = CARTESIAN_POINT ( 'NONE',  ( 3.405932850279748791, -0.0000000000000000000, -0.3293093895995677367 ) ) ;
#804 = ORIENTED_EDGE ( 'NONE', *, *, #3454, .F. ) ;
#805 = CARTESIAN_POINT ( 'NONE',  ( 3.178174414926473013, 0.9064290159990537887, -3.923555183153145887 ) ) ;
#806 = PLANE ( 'NONE',  #5409 ) ;
#807 = CARTESIAN_POINT ( 'NONE',  ( 3.218994409465639084, 0.9064290159990538998, -4.023889560165304857 ) ) ;
#808 = ORIENTED_EDGE ( 'NONE', *, *, #3435, .F. ) ;
#809 = EDGE_CURVE ( 'NONE', #1216, #3198, #3354, .T. ) ;
#810 = COLOUR_RGB ( '',1.000000000000000000, 1.000000000000000000, 1.000000000000000000 ) ;
#811 = B_SPLINE_SURFACE_WITH_KNOTS ( 'NONE', 3, 1, ( 
 ( #3163, #3190 ),
 ( #356, #5585 ),
 ( #5555, #5952 ),
 ( #1739, #3129 ),
 ( #763, #2661 ),
 ( #4560, #292 ),
 ( #4096, #5092 ),
 ( #3631, #5060 ),
 ( #791, #2694 ),
 ( #2235, #825 ),
 ( #5759, #6127 ),
 ( #6100, #2381 ),
 ( #1379, #3278 ),
 ( #1887, #5175 ),
 ( #4218, #1861 ) ),
 .UNSPECIFIED., .F., .F., .F.,
 ( 4, 1, 1, 1, 1, 1, 1, 1, 1, 1, 1, 1, 4 ),
 ( 2, 2 ),
 ( 0.0000000000000000000, 0.1046034082679827976, 0.2145115315724320237, 0.3316919673939478508, 0.4557434077626733027, 0.5200308860970273006, 0.5842901427240489998, 0.6490772883699977847, 0.7151458860839163822, 0.7825911865829718872, 0.8523255075812795623, 0.9250395303005765069, 1.000000000000000000 ),
 ( 0.0000000000000000000, 1.000000000000000000 ),
 .UNSPECIFIED. ) ;
#812 = ORIENTED_EDGE ( 'NONE', *, *, #5912, .T. ) ;
#813 = CARTESIAN_POINT ( 'NONE',  ( 3.610596507574385772, 0.8964290159990536688, -4.059279926595564802 ) ) ;
#814 = ORIENTED_EDGE ( 'NONE', *, *, #2065, .F. ) ;
#815 = DIRECTION ( 'NONE',  ( -1.000000000000000000, 0.0000000000000000000, 0.0000000000000000000 ) ) ;
#816 = CARTESIAN_POINT ( 'NONE',  ( 3.040604245702451358, 0.9064290159990536777, -4.461224966439440998 ) ) ;
#817 =( GEOMETRIC_REPRESENTATION_CONTEXT ( 3 ) GLOBAL_UNCERTAINTY_ASSIGNED_CONTEXT ( ( #5180 ) ) GLOBAL_UNIT_ASSIGNED_CONTEXT ( ( #568, #2972, #3670 ) ) REPRESENTATION_CONTEXT ( 'NONE', 'WORKASPACE' ) );
#818 = DIRECTION ( 'NONE',  ( -0.0000000000000000000, -1.000000000000000000, -0.0000000000000000000 ) ) ;
#819 = CARTESIAN_POINT ( 'NONE',  ( 3.795153188507112141, 0.9064290159990536777, -0.8797343528051381201 ) ) ;
#820 = DIRECTION ( 'NONE',  ( -0.3651136360950658633, 0.0000000000000000000, -0.9309629599170097247 ) ) ;
#821 = ORIENTED_EDGE ( 'NONE', *, *, #4812, .F. ) ;
#822 = CARTESIAN_POINT ( 'NONE',  ( 3.092538100422856928, 0.8964290159990535578, -4.139645882032507274 ) ) ;
#823 = CARTESIAN_POINT ( 'NONE',  ( 3.591627547481470728, 0.9064290159990536777, -0.8797343528051381201 ) ) ;
#824 = FILL_AREA_STYLE_COLOUR ( '', #1381 ) ;
#825 = CARTESIAN_POINT ( 'NONE',  ( 3.622177314910266066, 0.8964290159990536688, -3.539935201372215179 ) ) ;
#826 = CARTESIAN_POINT ( 'NONE',  ( 1.283295236888807089, 0.8964290159990536688, -4.461653005791782256 ) ) ;
#827 = ADVANCED_FACE ( 'NONE', ( #5243 ), #980, .T. ) ;
#828 = ORIENTED_EDGE ( 'NONE', *, *, #1787, .F. ) ;
#829 = EDGE_CURVE ( 'NONE', #1745, #788, #3320, .T. ) ;
#830 = ORIENTED_EDGE ( 'NONE', *, *, #2415, .F. ) ;
#831 = FACE_OUTER_BOUND ( 'NONE', #2241, .T. ) ;
#832 = VECTOR ( 'NONE', #1058, 1000.000000000000000 ) ;
#833 = EDGE_LOOP ( 'NONE', ( #5633, #5833, #3140, #2052 ) ) ;
#834 = CARTESIAN_POINT ( 'NONE',  ( 2.967270242460103180, 0.9064290159990536777, -0.8254608485316339284 ) ) ;
#835 = CARTESIAN_POINT ( 'NONE',  ( 3.189579729736453650, 0.9064290159990536777, -3.936275259819760564 ) ) ;
#836 = CARTESIAN_POINT ( 'NONE',  ( 3.087728147902711662, 0.8964290159990535578, -3.614135192871132940 ) ) ;
#837 = ORIENTED_EDGE ( 'NONE', *, *, #4804, .T. ) ;
#838 = VECTOR ( 'NONE', #937, 1000.000000000000227 ) ;
#839 = EDGE_CURVE ( 'NONE', #332, #4655, #4347, .T. ) ;
#840 = AXIS2_PLACEMENT_3D ( 'NONE', #4719, #3847, #3760 ) ;
#841 = ORIENTED_EDGE ( 'NONE', *, *, #4803, .T. ) ;
#842 = CARTESIAN_POINT ( 'NONE',  ( 1.283295236888807089, 0.9064290159990536777, -4.461653005791782256 ) ) ;
#843 = ORIENTED_EDGE ( 'NONE', *, *, #4629, .T. ) ;
#844 = AXIS2_PLACEMENT_3D ( 'NONE', #3202, #271, #305 ) ;
#845 = FACE_OUTER_BOUND ( 'NONE', #1009, .T. ) ;
#846 = LINE ( 'NONE', #2803, #3832 ) ;
#847 = STYLED_ITEM ( 'NONE', ( #3427 ), #5849 ) ;
#848 = VECTOR ( 'NONE', #4448, 1000.000000000000000 ) ;
#849 = CARTESIAN_POINT ( 'NONE',  ( 2.949164940643863808, 0.8964290159990536688, -2.149924947944500619 ) ) ;
#850 = CARTESIAN_POINT ( 'NONE',  ( 3.405932850279748791, 0.0000000000000000000, -4.729309389599568370 ) ) ;
#851 = CARTESIAN_POINT ( 'NONE',  ( 2.779560239789163223, 0.9064290159990536777, -2.357160691801337915 ) ) ;
#852 = ADVANCED_FACE ( 'NONE', ( #1546 ), #5332, .F. ) ;
#853 = DIRECTION ( 'NONE',  ( 0.4804152582365220914, 0.0000000000000000000, 0.8770411504904065403 ) ) ;
#854 = VECTOR ( 'NONE', #2531, 1000.000000000000000 ) ;
#855 = PLANE ( 'NONE',  #3274 ) ;
#856 = CARTESIAN_POINT ( 'NONE',  ( 3.015115124595662444, 0.9064290159990536777, -4.461653005791782256 ) ) ;
#857 = CARTESIAN_POINT ( 'NONE',  ( 3.143733744553068643, 0.9064290159990535667, -3.605762639425079019 ) ) ;
#858 = ADVANCED_FACE ( 'NONE', ( #4839 ), #3471, .T. ) ;
#859 = EDGE_CURVE ( 'NONE', #724, #2507, #4376, .T. ) ;
#860 = VERTEX_POINT ( 'NONE', #1988 ) ;
#861 = EDGE_CURVE ( 'NONE', #6085, #5063, #3940, .T. ) ;
#862 = ORIENTED_EDGE ( 'NONE', *, *, #1972, .T. ) ;
#863 = DIRECTION ( 'NONE',  ( -0.0000000000000000000, -1.000000000000000000, -0.0000000000000000000 ) ) ;
#864 = ADVANCED_FACE ( 'NONE', ( #3505 ), #4469, .T. ) ;
#865 = ORIENTED_EDGE ( 'NONE', *, *, #4887, .F. ) ;
#866 = DIRECTION ( 'NONE',  ( -1.000000000000000000, 0.0000000000000000000, 0.0000000000000000000 ) ) ;
#867 = CARTESIAN_POINT ( 'NONE',  ( 3.218994409465639084, 0.9064290159990538998, -4.023889560165304857 ) ) ;
#868 = CARTESIAN_POINT ( 'NONE',  ( 3.004600595438846167, 0.8964290159990536688, -3.364295194523067245 ) ) ;
#869 = ORIENTED_EDGE ( 'NONE', *, *, #5230, .T. ) ;
#870 = CARTESIAN_POINT ( 'NONE',  ( 3.635927362411607078, 0.9064290159990536777, -3.388560545016841452 ) ) ;
#871 = ORIENTED_EDGE ( 'NONE', *, *, #4837, .T. ) ;
#872 =( LENGTH_UNIT ( ) NAMED_UNIT ( * ) SI_UNIT ( .MILLI., .METRE. ) );
#873 = VERTEX_POINT ( 'NONE', #671 ) ;
#874 = CARTESIAN_POINT ( 'NONE',  ( 2.474716990590445587, 0.9064290159990536777, -1.827994025134671574 ) ) ;
#875 = EDGE_CURVE ( 'NONE', #3941, #2969, #600, .T. ) ;
#876 = PLANE ( 'NONE',  #4228 ) ;
#877 = CARTESIAN_POINT ( 'NONE',  ( 3.405932850279748791, -0.01000000000000000021, -4.729309389599568370 ) ) ;
#878 = DIRECTION ( 'NONE',  ( -0.0000000000000000000, -1.000000000000000000, -0.0000000000000000000 ) ) ;
#879 = LINE ( 'NONE', #4763, #3733 ) ;
#880 = CARTESIAN_POINT ( 'NONE',  ( 1.652833810836171979, 0.9064290159990536777, -1.827994025134671574 ) ) ;
#881 = CARTESIAN_POINT ( 'NONE',  ( 3.593053837727739896, 0.9064290159990536777, -4.164502060290304897 ) ) ;
#882 = CARTESIAN_POINT ( 'NONE',  ( 3.234512101139027873, 0.9064290159990535667, -3.504734638201540964 ) ) ;
#883 = CARTESIAN_POINT ( 'NONE',  ( 3.605857662983384060, 0.9064290159990535667, -3.987107071578954720 ) ) ;
#884 = VECTOR ( 'NONE', #4497, 1000.000000000000000 ) ;
#885 = ADVANCED_FACE ( 'NONE', ( #2475 ), #1068, .T. ) ;
#886 = EDGE_LOOP ( 'NONE', ( #124, #2279, #1204, #3474 ) ) ;
#887 = UNCERTAINTY_MEASURE_WITH_UNIT (LENGTH_MEASURE( 1.000000000000000082E-05 ), #2463, 'distance_accuracy_value', 'NONE');
#888 = VECTOR ( 'NONE', #5287, 1000.000000000000227 ) ;
#889 = ORIENTED_EDGE ( 'NONE', *, *, #3338, .F. ) ;
#890 = LINE ( 'NONE', #4688, #3622 ) ;
#891 = CARTESIAN_POINT ( 'NONE',  ( 2.127366563240018493, 0.9064290159990536777, -2.357160691801337915 ) ) ;
#892 = ADVANCED_FACE ( 'NONE', ( #4905 ), #2568, .T. ) ;
#893 = CARTESIAN_POINT ( 'NONE',  ( 0.6614583333333333703, 0.9064290159990536777, -0.9362179487179487225 ) ) ;
#894 = COLOUR_RGB ( '',1.000000000000000000, 1.000000000000000000, 1.000000000000000000 ) ;
#895 = CARTESIAN_POINT ( 'NONE',  ( 4.155932850279749680, 0.0000000000000000000, -4.729309389599568370 ) ) ;
#896 = ORIENTED_EDGE ( 'NONE', *, *, #6040, .T. ) ;
#897 = CARTESIAN_POINT ( 'NONE',  ( 3.214936528768877810, 0.8964290159990533358, -3.985086211419773594 ) ) ;
#898 = ORIENTED_EDGE ( 'NONE', *, *, #4334, .T. ) ;
#899 = CARTESIAN_POINT ( 'NONE',  ( 3.795153188507112141, 0.9064290159990536777, -0.8254608485316339284 ) ) ;
#900 = EDGE_LOOP ( 'NONE', ( #3897, #6057, #511, #1950 ) ) ;
#901 = DIRECTION ( 'NONE',  ( 0.0000000000000000000, 0.0000000000000000000, 1.000000000000000000 ) ) ;
#902 = CARTESIAN_POINT ( 'NONE',  ( 3.795153188507112141, 0.9064290159990536777, -0.8254608485316339284 ) ) ;
#903 = DIRECTION ( 'NONE',  ( -1.000000000000000000, 0.0000000000000000000, 0.0000000000000000000 ) ) ;
#904 = CARTESIAN_POINT ( 'NONE',  ( 1.971099314902991395, 0.9064290159990536777, -3.880276478999032275 ) ) ;
#905 = LINE ( 'NONE', #5609, #1385 ) ;
#906 = VECTOR ( 'NONE', #5017, 1000.000000000000000 ) ;
#907 = DIRECTION ( 'NONE',  ( -0.2578433336118827746, 0.0000000000000000000, -0.9661867393583453145 ) ) ;
#908 = ADVANCED_FACE ( 'NONE', ( #1609 ), #197, .T. ) ;
#909 =( LENGTH_UNIT ( ) NAMED_UNIT ( * ) SI_UNIT ( .MILLI., .METRE. ) );
#910 = CARTESIAN_POINT ( 'NONE',  ( 3.579193050213608007, 0.9064290159990535667, -4.198916789766474089 ) ) ;
#911 = CARTESIAN_POINT ( 'NONE',  ( 3.476594716213635472, 0.9064290159990538998, -3.734457929772840856 ) ) ;
#912 = VECTOR ( 'NONE', #2470, 1000.000000000000000 ) ;
#913 = CARTESIAN_POINT ( 'NONE',  ( 1.559869234180189190, 0.8964290159990536688, -1.127251213114967232 ) ) ;
#914 = ORIENTED_EDGE ( 'NONE', *, *, #3346, .T. ) ;
#915 = ORIENTED_EDGE ( 'NONE', *, *, #3088, .T. ) ;
#916 = PLANE ( 'NONE',  #3300 ) ;
#917 = CARTESIAN_POINT ( 'NONE',  ( 2.282067251007112052, 0.9064290159990536777, -0.8254608485316339284 ) ) ;
#918 = FILL_AREA_STYLE_COLOUR ( '', #2973 ) ;
#919 = ORIENTED_EDGE ( 'NONE', *, *, #3892, .F. ) ;
#920 = DIRECTION ( 'NONE',  ( -0.0000000000000000000, 0.0000000000000000000, -1.000000000000000000 ) ) ;
#921 = ORIENTED_EDGE ( 'NONE', *, *, #3329, .F. ) ;
#922 = VECTOR ( 'NONE', #4083, 1000.000000000000000 ) ;
#923 =( GEOMETRIC_REPRESENTATION_CONTEXT ( 3 ) GLOBAL_UNCERTAINTY_ASSIGNED_CONTEXT ( ( #5622 ) ) GLOBAL_UNIT_ASSIGNED_CONTEXT ( ( #2622, #1193, #2167 ) ) REPRESENTATION_CONTEXT ( 'NONE', 'WORKASPACE' ) );
#924 = CARTESIAN_POINT ( 'NONE',  ( 3.204808159938138168, 0.8964290159990532247, -3.960949851471150751 ) ) ;
#925 = ORIENTED_EDGE ( 'NONE', *, *, #386, .F. ) ;
#926 = ORIENTED_EDGE ( 'NONE', *, *, #6064, .T. ) ;
#927 = FACE_OUTER_BOUND ( 'NONE', #2828, .T. ) ;
#928 = EDGE_CURVE ( 'NONE', #189, #3911, #5304, .T. ) ;
#929 = CARTESIAN_POINT ( 'NONE',  ( 1.420793379479334595, 0.9064290159990536777, -1.354627515198300491 ) ) ;
#930 = AXIS2_PLACEMENT_3D ( 'NONE', #5590, #3729, #4634 ) ;
#931 = PLANE ( 'NONE',  #2344 ) ;
#932 = EDGE_CURVE ( 'NONE', #3288, #4845, #5891, .T. ) ;
#933 = AXIS2_PLACEMENT_3D ( 'NONE', #3578, #3008, #2610 ) ;
#934 = B_SPLINE_CURVE_WITH_KNOTS ( 'NONE', 3,
 ( #56, #4790, #994, #1970, #1465, #3336, #4421, #5227, #3952, #151, #5319, #5752, #550, #3393, #5814, #2432, #1080 ),
 .UNSPECIFIED., .F., .F.,
 ( 4, 1, 1, 1, 1, 1, 1, 1, 1, 1, 1, 1, 1, 1, 4 ),
 ( 0.0000000000000000000, 0.1277706293124476200, 0.2439804506356082481, 0.3480758004030589103, 0.4406650460066899311, 0.5230791416656183079, 0.5935156255361748734, 0.6552269717712234653, 0.7090791295509711878, 0.7569732727241815784, 0.7987624002830164827, 0.8347047937630662773, 0.8644111872596792479, 0.9254754689597471939, 1.000000000000000000 ),
 .UNSPECIFIED. ) ;
#935 = FACE_OUTER_BOUND ( 'NONE', #5148, .T. ) ;
#936 = EDGE_CURVE ( 'NONE', #2625, #1745, #5829, .T. ) ;
#937 = DIRECTION ( 'NONE',  ( 0.2578433336118838293, 0.0000000000000000000, 0.9661867393583450925 ) ) ;
#938 = CARTESIAN_POINT ( 'NONE',  ( 3.073675925863909253, 0.8964290159990538909, -3.614267416387872078 ) ) ;
#939 = EDGE_CURVE ( 'NONE', #4292, #310, #3969, .T. ) ;
#940 = AXIS2_PLACEMENT_3D ( 'NONE', #102, #3443, #3068 ) ;
#941 = CARTESIAN_POINT ( 'NONE',  ( 0.7353720912271701771, 0.9064290159990537887, -0.6930866069402220608 ) ) ;
#942 = EDGE_CURVE ( 'NONE', #2424, #5098, #4037, .T. ) ;
#943 = VECTOR ( 'NONE', #5547, 1000.000000000000000 ) ;
#944 = CARTESIAN_POINT ( 'NONE',  ( 0.6059328502797489691, 0.0000000000000000000, -0.3293093895995677367 ) ) ;
#945 = LINE ( 'NONE', #3810, #2142 ) ;
#946 = FACE_OUTER_BOUND ( 'NONE', #5733, .T. ) ;
#947 = CARTESIAN_POINT ( 'NONE',  ( 3.573052601890846613, 0.8964290159990538909, -3.900033143506786981 ) ) ;
#948 = AXIS2_PLACEMENT_3D ( 'NONE', #4669, #4114, #3265 ) ;
#949 = ORIENTED_EDGE ( 'NONE', *, *, #472, .T. ) ;
#950 = EDGE_LOOP ( 'NONE', ( #3961, #5927, #3822, #6076 ) ) ;
#951 = CARTESIAN_POINT ( 'NONE',  ( 2.977255719222924313, 0.8964290159990536688, -2.098725528873987667 ) ) ;
#952 = EDGE_CURVE ( 'NONE', #4177, #3122, #2599, .T. ) ;
#953 = CARTESIAN_POINT ( 'NONE',  ( 1.283295236888807089, 0.9064290159990536777, -4.140831640543555459 ) ) ;
#954 = CARTESIAN_POINT ( 'NONE',  ( 1.914851873069078003, 0.9064290159990536777, -2.098725528873987667 ) ) ;
#955 = ORIENTED_EDGE ( 'NONE', *, *, #681, .F. ) ;
#956 = CARTESIAN_POINT ( 'NONE',  ( 3.124751106175305271, 0.9064290159990538998, -4.132901229715272073 ) ) ;
#957 = ORIENTED_EDGE ( 'NONE', *, *, #5986, .T. ) ;
#958 = CARTESIAN_POINT ( 'NONE',  ( 0.5291666666666666741, 0.8964290159990536688, -0.8039262820512820262 ) ) ;
#959 = ORIENTED_EDGE ( 'NONE', *, *, #6121, .F. ) ;
#960 = LINE ( 'NONE', #2855, #98 ) ;
#961 = ORIENTED_EDGE ( 'NONE', *, *, #4153, .F. ) ;
#962 =( LENGTH_UNIT ( ) NAMED_UNIT ( * ) SI_UNIT ( .MILLI., .METRE. ) );
#963 = CARTESIAN_POINT ( 'NONE',  ( 3.609309826512455466, 0.9064290159990535667, -4.094622231678117785 ) ) ;
#964 = VECTOR ( 'NONE', #2674, 1000.000000000000000 ) ;
#965 = FACE_OUTER_BOUND ( 'NONE', #5828, .T. ) ;
#966 = CARTESIAN_POINT ( 'NONE',  ( 1.954942184233607883, 0.9064290159990536777, -0.8254608485316339284 ) ) ;
#967 = CARTESIAN_POINT ( 'NONE',  ( 1.532626479105402728, 0.9064290159990536777, -2.149924947944500619 ) ) ;
#968 = CARTESIAN_POINT ( 'NONE',  ( 2.828851605975060135, 0.9064290159990536777, -1.827994025134671574 ) ) ;
#969 = DIRECTION ( 'NONE',  ( -0.0000000000000000000, -1.000000000000000000, -0.0000000000000000000 ) ) ;
#970 = CARTESIAN_POINT ( 'NONE',  ( 1.363021778250701921, 0.8964290159990536688, -2.357160691801337915 ) ) ;
#971 = CARTESIAN_POINT ( 'NONE',  ( 2.640145175686599011, 0.8964290159990536688, -0.8254608485316339284 ) ) ;
#972 = CARTESIAN_POINT ( 'NONE',  ( 1.909037947684709025, 0.9064290159990536777, -3.614335826910774152 ) ) ;
#973 = VERTEX_POINT ( 'NONE', #2161 ) ;
#974 = CARTESIAN_POINT ( 'NONE',  ( 3.610383696602669890, 0.9064290159990536777, -4.046700604268977486 ) ) ;
#975 = ADVANCED_FACE ( 'NONE', ( #2616 ), #5382, .T. ) ;
#976 = DIRECTION ( 'NONE',  ( -0.0000000000000000000, -1.000000000000000000, -0.0000000000000000000 ) ) ;
#977 = CARTESIAN_POINT ( 'NONE',  ( 2.431531393635317340, 0.9064290159990536777, -1.354627515198300491 ) ) ;
#978 = DIRECTION ( 'NONE',  ( 1.000000000000000000, 0.0000000000000000000, 0.0000000000000000000 ) ) ;
#979 = ORIENTED_EDGE ( 'NONE', *, *, #5262, .T. ) ;
#980 = PLANE ( 'NONE',  #5363 ) ;
#981 = ORIENTED_EDGE ( 'NONE', *, *, #5083, .F. ) ;
#982 = VECTOR ( 'NONE', #3526, 1000.000000000000000 ) ;
#983 = EDGE_CURVE ( 'NONE', #5425, #5376, #685, .T. ) ;
#984 = FACE_OUTER_BOUND ( 'NONE', #1748, .T. ) ;
#985 = VERTEX_POINT ( 'NONE', #4956 ) ;
#986 = LINE ( 'NONE', #3741, #4386 ) ;
#987 = ORIENTED_EDGE ( 'NONE', *, *, #5884, .F. ) ;
#988 = FACE_OUTER_BOUND ( 'NONE', #1127, .T. ) ;
#989 = LINE ( 'NONE', #2399, #2140 ) ;
#990 = DIRECTION ( 'NONE',  ( 0.0000000000000000000, 0.0000000000000000000, -1.000000000000000000 ) ) ;
#991 = EDGE_CURVE ( 'NONE', #4103, #1082, #3455, .T. ) ;
#992 = AXIS2_PLACEMENT_3D ( 'NONE', #42, #5213, #2875 ) ;
#993 = CARTESIAN_POINT ( 'NONE',  ( 3.136276921990836630, 0.8964290159990537799, -3.377018483754735900 ) ) ;
#994 = CARTESIAN_POINT ( 'NONE',  ( 3.042173630310643251, 0.9064290159990536777, -3.364601246962120040 ) ) ;
#995 = CARTESIAN_POINT ( 'NONE',  ( 3.591627547481470728, 0.8964290159990536688, -0.8797343528051381201 ) ) ;
#996 = CARTESIAN_POINT ( 'NONE',  ( 3.610596507574385772, 0.8964290159990536688, -4.059279926595564802 ) ) ;
#997 = CARTESIAN_POINT ( 'NONE',  ( 3.204928829532752932, 0.8964290159990536688, -1.354627515198300491 ) ) ;
#998 = CARTESIAN_POINT ( 'NONE',  ( 3.557041714342901173, 0.8964290159990535578, -3.216587388615981258 ) ) ;
#999 = FACE_OUTER_BOUND ( 'NONE', #1243, .T. ) ;
#1000 = EDGE_LOOP ( 'NONE', ( #2156, #4938, #1679, #5337 ) ) ;
#1001 = CARTESIAN_POINT ( 'NONE',  ( 2.410500410729334408, 0.9064290159990536777, -2.357160691801337915 ) ) ;
#1002 = VECTOR ( 'NONE', #1435, 1000.000000000000000 ) ;
#1003 = ORIENTED_EDGE ( 'NONE', *, *, #2745, .T. ) ;
#1004 = CARTESIAN_POINT ( 'NONE',  ( 3.218994409465639084, 0.9064290159990538998, -4.023889560165304857 ) ) ;
#1005 = LINE ( 'NONE', #1892, #2710 ) ;
#1006 = PRODUCT_RELATED_PRODUCT_CATEGORY ( 'part', '', ( #589 ) ) ;
#1007 = DIRECTION ( 'NONE',  ( -0.0000000000000000000, -1.000000000000000000, -0.0000000000000000000 ) ) ;
#1008 = ADVANCED_FACE ( 'NONE', ( #5482 ), #2584, .T. ) ;
#1009 = EDGE_LOOP ( 'NONE', ( #4287, #2635, #3615, #5675 ) ) ;
#1010 = CARTESIAN_POINT ( 'NONE',  ( 3.795153188507112141, 0.8964290159990536688, -0.8254608485316339284 ) ) ;
#1011 = VERTEX_POINT ( 'NONE', #716 ) ;
#1012 = DIRECTION ( 'NONE',  ( 1.000000000000000000, 0.0000000000000000000, 0.0000000000000000000 ) ) ;
#1013 = VERTEX_POINT ( 'NONE', #4486 ) ;
#1014 = DIRECTION ( 'NONE',  ( -0.0000000000000000000, -1.000000000000000000, -0.0000000000000000000 ) ) ;
#1015 = ORIENTED_EDGE ( 'NONE', *, *, #2049, .T. ) ;
#1016 = FILL_AREA_STYLE_COLOUR ( '', #1438 ) ;
#1017 = CARTESIAN_POINT ( 'NONE',  ( 3.593053837727739896, 0.8964290159990536688, -4.164502060290304897 ) ) ;
#1018 = ADVANCED_FACE ( 'NONE', ( #2983 ), #615, .T. ) ;
#1019 = CARTESIAN_POINT ( 'NONE',  ( 2.481501178624633486, 0.9064290159990536777, -2.357160691801337915 ) ) ;
#1020 = CARTESIAN_POINT ( 'NONE',  ( 3.108671965896702805, 0.9064290159990534557, -3.371100841939061787 ) ) ;
#1021 = DIRECTION ( 'NONE',  ( -0.0000000000000000000, 1.000000000000000000, -0.0000000000000000000 ) ) ;
#1022 = DIRECTION ( 'NONE',  ( 0.0000000000000000000, 0.0000000000000000000, -1.000000000000000000 ) ) ;
#1023 = VECTOR ( 'NONE', #5795, 1000.000000000000114 ) ;
#1024 = CARTESIAN_POINT ( 'NONE',  ( 4.999999999999999112, 0.8964290159990536688, -5.000000000000000000 ) ) ;
#1025 = CARTESIAN_POINT ( 'NONE',  ( 0.6353107476872941195, 0.9064290159990534557, -0.6730311627248146689 ) ) ;
#1026 = EDGE_CURVE ( 'NONE', #640, #5979, #1084, .T. ) ;
#1027 = CARTESIAN_POINT ( 'NONE',  ( -1.084202172485504434E-15, 0.0000000000000000000, -5.000000000000000000 ) ) ;
#1028 = LINE ( 'NONE', #2497, #1125 ) ;
#1029 = ORIENTED_EDGE ( 'NONE', *, *, #2618, .F. ) ;
#1030 = CARTESIAN_POINT ( 'NONE',  ( 3.465444714824189365, 0.9064290159990536777, -3.777439254806755020 ) ) ;
#1031 = VECTOR ( 'NONE', #2024, 1000.000000000000114 ) ;
#1032 = VECTOR ( 'NONE', #1353, 1000.000000000000000 ) ;
#1033 = CARTESIAN_POINT ( 'NONE',  ( 3.093982258282270692, 0.9064290159990535667, -3.888173598725666924 ) ) ;
#1034 = DIRECTION ( 'NONE',  ( 0.0000000000000000000, 0.0000000000000000000, -1.000000000000000000 ) ) ;
#1035 = EDGE_CURVE ( 'NONE', #2665, #5955, #4886, .T. ) ;
#1036 = ADVANCED_FACE ( 'NONE', ( #4926 ), #2031, .T. ) ;
#1037 = FACE_BOUND ( 'NONE', #3102, .T. ) ;
#1038 = VECTOR ( 'NONE', #3110, 1000.000000000000000 ) ;
#1039 = DIRECTION ( 'NONE',  ( 0.0000000000000000000, -1.000000000000000000, 0.0000000000000000000 ) ) ;
#1040 = ADVANCED_FACE ( 'NONE', ( #4019 ), #1218, .T. ) ;
#1041 = VERTEX_POINT ( 'NONE', #655 ) ;
#1042 = DIRECTION ( 'NONE',  ( -0.2787515866171259016, 0.0000000000000000000, 0.9603632401120082429 ) ) ;
#1043 = ORIENTED_EDGE ( 'NONE', *, *, #4226, .F. ) ;
#1044 = EDGE_CURVE ( 'NONE', #973, #4799, #2068, .T. ) ;
#1045 = CARTESIAN_POINT ( 'NONE',  ( 4.755932850279749324, -0.01000000000000000021, -2.879309389599567837 ) ) ;
#1046 = ORIENTED_EDGE ( 'NONE', *, *, #1136, .T. ) ;
#1047 = DIRECTION ( 'NONE',  ( -0.4806015670138532592, 0.0000000000000000000, 0.8769390707362905157 ) ) ;
#1048 = ORIENTED_EDGE ( 'NONE', *, *, #2964, .T. ) ;
#1049 = PLANE ( 'NONE',  #2250 ) ;
#1050 = PLANE ( 'NONE',  #3224 ) ;
#1051 = CARTESIAN_POINT ( 'NONE',  ( 3.215659547391759077, 0.8964290159990535578, -3.427067225017546903 ) ) ;
#1052 = DIRECTION ( 'NONE',  ( 0.0000000000000000000, 0.0000000000000000000, -1.000000000000000000 ) ) ;
#1053 = CARTESIAN_POINT ( 'NONE',  ( 0.7852010530229414087, 0.8964290159990538909, -0.8552484090332316269 ) ) ;
#1054 = EDGE_CURVE ( 'NONE', #3283, #973, #3016, .T. ) ;
#1055 = LINE ( 'NONE', #1121, #1142 ) ;
#1056 = CARTESIAN_POINT ( 'NONE',  ( 0.6104671169167511513, 0.9064290159990542328, -0.6808200111472147986 ) ) ;
#1057 = SURFACE_SIDE_STYLE ('',( #3398 ) ) ;
#1058 = DIRECTION ( 'NONE',  ( -0.0000000000000000000, 1.000000000000000000, -0.0000000000000000000 ) ) ;
#1059 = ORIENTED_EDGE ( 'NONE', *, *, #2318, .F. ) ;
#1060 = PRESENTATION_STYLE_ASSIGNMENT (( #3932 ) ) ;
#1061 = VERTEX_POINT ( 'NONE', #1188 ) ;
#1062 = CARTESIAN_POINT ( 'NONE',  ( 2.481501178624633486, 0.9064290159990536777, -2.357160691801337915 ) ) ;
#1063 = DIRECTION ( 'NONE',  ( -0.0000000000000000000, -1.000000000000000000, -0.0000000000000000000 ) ) ;
#1064 = CARTESIAN_POINT ( 'NONE',  ( 3.605857662983384060, 0.9064290159990535667, -3.987107071578954720 ) ) ;
#1065 = CARTESIAN_POINT ( 'NONE',  ( 0.0000000000000000000, 0.8964290159990536688, 0.0000000000000000000 ) ) ;
#1066 = EDGE_CURVE ( 'NONE', #4316, #6, #250, .T. ) ;
#1067 = ORIENTED_EDGE ( 'NONE', *, *, #1538, .T. ) ;
#1068 = PLANE ( 'NONE',  #2978 ) ;
#1069 = ORIENTED_EDGE ( 'NONE', *, *, #4708, .F. ) ;
#1070 = VERTEX_POINT ( 'NONE', #2556 ) ;
#1071 = EDGE_CURVE ( 'NONE', #2742, #5276, #3956, .T. ) ;
#1072 = ORIENTED_EDGE ( 'NONE', *, *, #5458, .T. ) ;
#1073 = CARTESIAN_POINT ( 'NONE',  ( 0.5673854019246077351, 0.9064290159990537887, -0.8980096207073271497 ) ) ;
#1074 = ORIENTED_EDGE ( 'NONE', *, *, #516, .T. ) ;
#1075 = CARTESIAN_POINT ( 'NONE',  ( 1.710372205601129458, 0.9064290159990536777, -1.827994025134671574 ) ) ;
#1076 = CARTESIAN_POINT ( 'NONE',  ( 3.405932850279748791, 0.0000000000000000000, -4.729309389599568370 ) ) ;
#1077 = PRESENTATION_STYLE_ASSIGNMENT (( #5342 ) ) ;
#1078 = VERTEX_POINT ( 'NONE', #3923 ) ;
#1079 = PLANE ( 'NONE',  #4618 ) ;
#1080 = CARTESIAN_POINT ( 'NONE',  ( 3.234894429166190744, 0.9064290159990536777, -3.497393746532523551 ) ) ;
#1081 = VECTOR ( 'NONE', #1260, 1000.000000000000000 ) ;
#1082 = VERTEX_POINT ( 'NONE', #5816 ) ;
#1083 = PLANE ( 'NONE',  #2593 ) ;
#1084 = LINE ( 'NONE', #1593, #3905 ) ;
#1085 = DIRECTION ( 'NONE',  ( 0.0000000000000000000, 0.0000000000000000000, -1.000000000000000000 ) ) ;
#1086 = VECTOR ( 'NONE', #2416, 1000.000000000000114 ) ;
#1087 = AXIS2_PLACEMENT_3D ( 'NONE', #2966, #698, #2999 ) ;
#1088 = CARTESIAN_POINT ( 'NONE',  ( 0.6526015360367309892, 0.9064290159990536777, -0.6721076585509976331 ) ) ;
#1089 = LINE ( 'NONE', #3496, #2421 ) ;
#1090 = ORIENTED_EDGE ( 'NONE', *, *, #5156, .F. ) ;
#1091 = PLANE ( 'NONE',  #4725 ) ;
#1092 = ADVANCED_FACE ( 'NONE', ( #5877 ), #1623, .T. ) ;
#1093 = ORIENTED_EDGE ( 'NONE', *, *, #6009, .F. ) ;
#1094 = VECTOR ( 'NONE', #1789, 1000.000000000000227 ) ;
#1095 = CARTESIAN_POINT ( 'NONE',  ( 3.218373081947470293, 0.9064290159990538998, -4.002429388110312125 ) ) ;
#1096 = CARTESIAN_POINT ( 'NONE',  ( 2.041880047763511286, 0.9064290159990536777, -4.140831640543555459 ) ) ;
#1097 = CARTESIAN_POINT ( 'NONE',  ( 3.532528229188551361, 0.9064290159990536777, -3.838234900576156683 ) ) ;
#1098 = FILL_AREA_STYLE_COLOUR ( '', #3925 ) ;
#1099 = VECTOR ( 'NONE', #6061, 1000.000000000000114 ) ;
#1100 = VERTEX_POINT ( 'NONE', #2283 ) ;
#1101 = CARTESIAN_POINT ( 'NONE',  ( 1.717156393635317357, 0.9064290159990536777, -2.357160691801337915 ) ) ;
#1102 = EDGE_LOOP ( 'NONE', ( #2245, #3647, #1487, #664 ) ) ;
#1103 = EDGE_LOOP ( 'NONE', ( #5823, #2903, #5220, #661 ) ) ;
#1104 = LINE ( 'NONE', #5308, #5798 ) ;
#1105 = EDGE_CURVE ( 'NONE', #203, #1061, #4180, .T. ) ;
#1106 = ORIENTED_EDGE ( 'NONE', *, *, #4369, .F. ) ;
#1107 = FACE_OUTER_BOUND ( 'NONE', #486, .T. ) ;
#1108 = VERTEX_POINT ( 'NONE', #3267 ) ;
#1109 = CARTESIAN_POINT ( 'NONE',  ( 4.755932850279749324, -0.01000000000000000021, -2.879309389599567837 ) ) ;
#1110 = VECTOR ( 'NONE', #4309, 1000.000000000000227 ) ;
#1111 = CARTESIAN_POINT ( 'NONE',  ( 1.419097332470787398, 0.9064290159990536777, -2.357160691801337915 ) ) ;
#1112 = DIRECTION ( 'NONE',  ( -0.0000000000000000000, -1.000000000000000000, -0.0000000000000000000 ) ) ;
#1113 = ORIENTED_EDGE ( 'NONE', *, *, #5661, .F. ) ;
#1114 = CARTESIAN_POINT ( 'NONE',  ( 3.042173630310643251, 0.8964290159990536688, -3.364601246962120040 ) ) ;
#1115 = CARTESIAN_POINT ( 'NONE',  ( 1.676692498512132534, 0.8964290159990536688, -2.784713831244895132 ) ) ;
#1116 = ORIENTED_EDGE ( 'NONE', *, *, #5597, .F. ) ;
#1117 = CARTESIAN_POINT ( 'NONE',  ( 4.755932850279749324, -0.01000000000000000021, -2.879309389599567837 ) ) ;
#1118 = EDGE_CURVE ( 'NONE', #5325, #4232, #750, .T. ) ;
#1119 = EDGE_CURVE ( 'NONE', #1918, #4510, #278, .T. ) ;
#1120 = DIRECTION ( 'NONE',  ( -1.000000000000000000, 0.0000000000000000000, -0.0000000000000000000 ) ) ;
#1121 = CARTESIAN_POINT ( 'NONE',  ( 1.536018573122496900, 0.9064290159990536777, -1.077005820486762078 ) ) ;
#1122 = PLANE ( 'NONE',  #5948 ) ;
#1123 = EDGE_CURVE ( 'NONE', #1745, #4655, #1255, .T. ) ;
#1124 = FACE_OUTER_BOUND ( 'NONE', #5971, .T. ) ;
#1125 = VECTOR ( 'NONE', #3053, 1000.000000000000000 ) ;
#1126 = CARTESIAN_POINT ( 'NONE',  ( 3.147957224674464705, 0.8964290159990536688, -3.043473829274840448 ) ) ;
#1127 = EDGE_LOOP ( 'NONE', ( #713, #674, #1265, #152 ) ) ;
#1128 = AXIS2_PLACEMENT_3D ( 'NONE', #6037, #2376, #5142 ) ;
#1129 = VECTOR ( 'NONE', #767, 999.9999999999998863 ) ;
#1130 = ORIENTED_EDGE ( 'NONE', *, *, #5721, .T. ) ;
#1131 = CARTESIAN_POINT ( 'NONE',  ( 3.209964633362638153, 0.9064290159990542328, -3.971807232465226711 ) ) ;
#1132 = CARTESIAN_POINT ( 'NONE',  ( 4.755932850279749324, 0.0000000000000000000, -2.879309389599567837 ) ) ;
#1133 = DIRECTION ( 'NONE',  ( -0.4802882638304228902, 0.0000000000000000000, -0.8771107020363838602 ) ) ;
#1134 =( LENGTH_UNIT ( ) NAMED_UNIT ( * ) SI_UNIT ( .MILLI., .METRE. ) );
#1135 = VECTOR ( 'NONE', #5595, 1000.000000000000000 ) ;
#1136 = EDGE_CURVE ( 'NONE', #4964, #5558, #3152, .T. ) ;
#1137 = ORIENTED_EDGE ( 'NONE', *, *, #5946, .F. ) ;
#1138 = CARTESIAN_POINT ( 'NONE',  ( 2.282067251007112052, 0.9064290159990536777, -0.8254608485316339284 ) ) ;
#1139 = VECTOR ( 'NONE', #5634, 1000.000000000000114 ) ;
#1140 = EDGE_LOOP ( 'NONE', ( #4961, #5207, #4555, #5683 ) ) ;
#1141 = ORIENTED_EDGE ( 'NONE', *, *, #3983, .T. ) ;
#1142 = VECTOR ( 'NONE', #1467, 1000.000000000000114 ) ;
#1143 = DIRECTION ( 'NONE',  ( -1.000000000000000000, 0.0000000000000000000, 0.0000000000000000000 ) ) ;
#1144 = VERTEX_POINT ( 'NONE', #3744 ) ;
#1145 = DIRECTION ( 'NONE',  ( -0.8770411504904065403, 0.0000000000000000000, -0.4804152582365220359 ) ) ;
#1146 = ORIENTED_EDGE ( 'NONE', *, *, #4091, .T. ) ;
#1147 = DIRECTION ( 'NONE',  ( -0.0000000000000000000, -1.000000000000000000, -0.0000000000000000000 ) ) ;
#1148 = CARTESIAN_POINT ( 'NONE',  ( 3.126609258758224819, 0.8964290159990537799, -3.609456288509241606 ) ) ;
#1149 =( GEOMETRIC_REPRESENTATION_CONTEXT ( 3 ) GLOBAL_UNCERTAINTY_ASSIGNED_CONTEXT ( ( #4003 ) ) GLOBAL_UNIT_ASSIGNED_CONTEXT ( ( #4097, #2870, #443 ) ) REPRESENTATION_CONTEXT ( 'NONE', 'WORKASPACE' ) );
#1150 = DIRECTION ( 'NONE',  ( -0.4806015670138518714, 0.0000000000000000000, 0.8769390707362911819 ) ) ;
#1151 = ORIENTED_EDGE ( 'NONE', *, *, #3498, .T. ) ;
#1152 = CLOSED_SHELL ( 'NONE', ( #4221, #656, #4973, #4470, #5575, #1633, #2135, #2159, #827, #3716, #4162, #3266, #5199, #396, #520, #5140, #2909, #2105, #3077, #1956, #2794, #2775, #852, #3145, #5346, #2600, #3866, #2555, #4842, #2663, #1174, #3194, #1203, #5477, #2092, #2451, #5447, #2165, #5924, #4409, #5645, #1468, #1702, #3153, #1619, #4360, #3955, #1355, #3024, #1018, #2551, #751, #2127, #3703, #4750, #3990, #5088, #280, #5734, #2601, #3056, #3748, #1529, #2316, #3611, #5755, #3097, #3601, #3887, #3146, #2220, #48, #908, #4705, #6081, #1743, #885, #4700, #4029, #4564, #3685, #562, #3379, #858, #1319, #4356, #5082, #5424, #2400, #4035, #2939, #450, #3605, #233, #6093, #3188, #5728, #5621, #211, #1092, #4490, #2864, #9, #2237, #1351, #5465, #3790, #257, #719, #5496, #4454, #1584, #1040, #3580, #3926, #2176, #2945, #4891, #2407, #1036, #1008, #2604, #2158, #892, #5939, #616, #1172, #525, #1248, #5208, #864, #8, #6155, #1516, #3111, #1499, #1447, #1669, #1212, #2583, #5849, #5538, #6045, #1767, #2018, #3665, #3249, #590, #4495, #376, #1299, #3962, #1786, #1968, #2461, #975, #3287, #1366, #1371, #1236, #93, #3457, #3692, #2353, #4951, #4562, #5846, #2147, #2636, #2043, #5967, #2733, #3204, #5680 ) ) ;
#1153 = CARTESIAN_POINT ( 'NONE',  ( 3.557041714342901173, 0.9064290159990535667, -3.216587388615981258 ) ) ;
#1154 = VERTEX_POINT ( 'NONE', #3709 ) ;
#1155 = DIRECTION ( 'NONE',  ( -0.0000000000000000000, -1.000000000000000000, -0.0000000000000000000 ) ) ;
#1156 = DIRECTION ( 'NONE',  ( -1.000000000000000000, 0.0000000000000000000, -0.0000000000000000000 ) ) ;
#1157 = CARTESIAN_POINT ( 'NONE',  ( 0.5306213104926532642, 0.8964290159990534468, -0.8301566863030579446 ) ) ;
#1158 = LINE ( 'NONE', #4363, #4664 ) ;
#1159 = CARTESIAN_POINT ( 'NONE',  ( 0.6353107476872941195, 0.9064290159990534557, -0.6730311627248146689 ) ) ;
#1160 = DIRECTION ( 'NONE',  ( -0.0000000000000000000, 1.000000000000000000, -0.0000000000000000000 ) ) ;
#1161 = ORIENTED_EDGE ( 'NONE', *, *, #3459, .F. ) ;
#1162 = EDGE_CURVE ( 'NONE', #310, #5871, #4612, .T. ) ;
#1163 = B_SPLINE_CURVE_WITH_KNOTS ( 'NONE', 3,
 ( #5743, #1873, #6139, #1486, #75, #1991, #5630, #1367, #3261, #5655, #5159, #924, #2825, #897, #4726, #4472, #5804 ),
 .UNSPECIFIED., .F., .F.,
 ( 4, 1, 1, 1, 1, 1, 1, 1, 1, 1, 1, 1, 1, 1, 4 ),
 ( 0.0000000000000000000, 0.1206660733040195999, 0.2306394391884428186, 0.3303518480381322786, 0.4203827931102910864, 0.5007196380486803600, 0.5721369648296099619, 0.6339759756642175947, 0.6899155697071901461, 0.7408030946708973330, 0.7861101393510732116, 0.8256243424264397834, 0.8600233983262874915, 0.9268261652858496014, 1.000000000000000000 ),
 .UNSPECIFIED. ) ;
#1164 = DIRECTION ( 'NONE',  ( 1.000000000000000000, 0.0000000000000000000, 0.0000000000000000000 ) ) ;
#1165 = ORIENTED_EDGE ( 'NONE', *, *, #942, .T. ) ;
#1166 = PRESENTATION_STYLE_ASSIGNMENT (( #5981 ) ) ;
#1167 = CARTESIAN_POINT ( 'NONE',  ( 2.268986488453693440, 0.8964290159990536688, -2.098725528873987667 ) ) ;
#1168 = FACE_BOUND ( 'NONE', #3462, .T. ) ;
#1169 = CARTESIAN_POINT ( 'NONE',  ( 3.637267508362408197, 0.8964290159990535578, -3.426356561741349172 ) ) ;
#1170 = ORIENTED_EDGE ( 'NONE', *, *, #5240, .F. ) ;
#1171 = DIRECTION ( 'NONE',  ( -0.9305795643559992003, 0.0000000000000000000, 0.3660897081358594485 ) ) ;
#1172 = ADVANCED_FACE ( 'NONE', ( #403 ), #5107, .T. ) ;
#1173 = VERTEX_POINT ( 'NONE', #1850 ) ;
#1174 = ADVANCED_FACE ( 'NONE', ( #845 ), #2489, .T. ) ;
#1175 = DIRECTION ( 'NONE',  ( 0.4806015670138519269, 0.0000000000000000000, -0.8769390707362911819 ) ) ;
#1176 = VERTEX_POINT ( 'NONE', #902 ) ;
#1177 = FACE_OUTER_BOUND ( 'NONE', #3205, .T. ) ;
#1178 = ORIENTED_EDGE ( 'NONE', *, *, #190, .T. ) ;
#1179 = LINE ( 'NONE', #1210, #1940 ) ;
#1180 = FACE_OUTER_BOUND ( 'NONE', #833, .T. ) ;
#1181 = DIRECTION ( 'NONE',  ( 1.000000000000000000, 0.0000000000000000000, 0.0000000000000000000 ) ) ;
#1182 = VERTEX_POINT ( 'NONE', #2342 ) ;
#1183 = EDGE_CURVE ( 'NONE', #3079, #2369, #989, .T. ) ;
#1184 = CARTESIAN_POINT ( 'NONE',  ( 3.527914114377584731, 0.9064290159990537887, -3.186005064515025964 ) ) ;
#1185 = VERTEX_POINT ( 'NONE', #4267 ) ;
#1186 = CARTESIAN_POINT ( 'NONE',  ( 2.949164940643863808, 0.9064290159990536777, -2.149924947944500619 ) ) ;
#1187 = VECTOR ( 'NONE', #1500, 1000.000000000000114 ) ;
#1188 = CARTESIAN_POINT ( 'NONE',  ( 3.069372272374633059, 0.8964290159990536688, -1.827994025134671574 ) ) ;
#1189 = PLANE ( 'NONE',  #742 ) ;
#1190 = VECTOR ( 'NONE', #2806, 1000.000000000000227 ) ;
#1191 = CARTESIAN_POINT ( 'NONE',  ( 0.6614583333333333703, 0.8964290159990536688, -0.9362179487179487225 ) ) ;
#1192 = CARTESIAN_POINT ( 'NONE',  ( 3.245780765029032455, 0.8964290159990532247, -3.049987953797218765 ) ) ;
#1193 =( NAMED_UNIT ( * ) PLANE_ANGLE_UNIT ( ) SI_UNIT ( $, .RADIAN. ) );
#1194 = ORIENTED_EDGE ( 'NONE', *, *, #4250, .F. ) ;
#1195 = CARTESIAN_POINT ( 'NONE',  ( 3.069691183391062506, 0.8964290159990536688, -4.140423196420134566 ) ) ;
#1196 = VERTEX_POINT ( 'NONE', #929 ) ;
#1197 = CARTESIAN_POINT ( 'NONE',  ( 3.610383696602669890, 0.8964290159990536688, -4.046700604268977486 ) ) ;
#1198 = SURFACE_STYLE_FILL_AREA ( #3128 ) ;
#1199 = DIRECTION ( 'NONE',  ( 0.3688942629807152596, 0.0000000000000000000, -0.9294713673588417269 ) ) ;
#1200 = DIRECTION ( 'NONE',  ( -1.000000000000000000, 0.0000000000000000000, 0.0000000000000000000 ) ) ;
#1201 = CARTESIAN_POINT ( 'NONE',  ( 3.510467106377979984, 0.8964290159990534468, -3.705167039981508204 ) ) ;
#1202 = ORIENTED_EDGE ( 'NONE', *, *, #2335, .T. ) ;
#1203 = ADVANCED_FACE ( 'NONE', ( #1931 ), #2857, .T. ) ;
#1204 = ORIENTED_EDGE ( 'NONE', *, *, #1838, .T. ) ;
#1205 = EDGE_CURVE ( 'NONE', #5305, #6129, #4820, .T. ) ;
#1206 = ORIENTED_EDGE ( 'NONE', *, *, #2950, .F. ) ;
#1207 = VECTOR ( 'NONE', #5570, 1000.000000000000000 ) ;
#1208 = PLANE ( 'NONE',  #2891 ) ;
#1209 = ORIENTED_EDGE ( 'NONE', *, *, #4117, .T. ) ;
#1210 = CARTESIAN_POINT ( 'NONE',  ( 2.828851605975060135, 0.9064290159990536777, -1.827994025134671574 ) ) ;
#1211 = FACE_OUTER_BOUND ( 'NONE', #4832, .T. ) ;
#1212 = ADVANCED_FACE ( 'NONE', ( #2830 ), #5688, .T. ) ;
#1213 = CARTESIAN_POINT ( 'NONE',  ( 3.004600595438846167, 0.9064290159990536777, -3.364295194523067245 ) ) ;
#1214 = ORIENTED_EDGE ( 'NONE', *, *, #1942, .T. ) ;
#1215 = CARTESIAN_POINT ( 'NONE',  ( 1.559869234180189190, 0.9064290159990536777, -1.127251213114967232 ) ) ;
#1216 = VERTEX_POINT ( 'NONE', #2885 ) ;
#1217 = SURFACE_STYLE_FILL_AREA ( #624 ) ;
#1218 = PLANE ( 'NONE',  #5783 ) ;
#1219 = DIRECTION ( 'NONE',  ( 0.0000000000000000000, 0.0000000000000000000, -1.000000000000000000 ) ) ;
#1220 = CARTESIAN_POINT ( 'NONE',  ( 0.5291666666666666741, 0.8964290159990536688, -0.8039262820512820262 ) ) ;
#1221 = CARTESIAN_POINT ( 'NONE',  ( 3.245780765029032455, 0.9064290159990532336, -3.049987953797218765 ) ) ;
#1222 = LINE ( 'NONE', #1768, #3778 ) ;
#1223 = ORIENTED_EDGE ( 'NONE', *, *, #60, .F. ) ;
#1224 = LINE ( 'NONE', #2264, #5204 ) ;
#1225 = AXIS2_PLACEMENT_3D ( 'NONE', #5940, #1690, #2490 ) ;
#1226 = ORIENTED_EDGE ( 'NONE', *, *, #3155, .F. ) ;
#1227 = EDGE_CURVE ( 'NONE', #3624, #4722, #4786, .T. ) ;
#1228 = VECTOR ( 'NONE', #632, 1000.000000000000000 ) ;
#1229 = DIRECTION ( 'NONE',  ( -1.000000000000000000, 0.0000000000000000000, -0.0000000000000000000 ) ) ;
#1230 = FACE_OUTER_BOUND ( 'NONE', #4715, .T. ) ;
#1231 = DIRECTION ( 'NONE',  ( -0.2647344081641659352, 0.0000000000000000000, 0.9643213640348162752 ) ) ;
#1232 = FILL_AREA_STYLE_COLOUR ( '', #2835 ) ;
#1233 = VECTOR ( 'NONE', #517, 1000.000000000000000 ) ;
#1234 = EDGE_LOOP ( 'NONE', ( #1340, #3158, #4770, #4201 ) ) ;
#1235 = VECTOR ( 'NONE', #1682, 1000.000000000000000 ) ;
#1236 = ADVANCED_FACE ( 'NONE', ( #4325 ), #4698, .T. ) ;
#1237 = ORIENTED_EDGE ( 'NONE', *, *, #1778, .F. ) ;
#1238 = CARTESIAN_POINT ( 'NONE',  ( 3.591627547481470728, 0.9064290159990536777, -1.354627515198300491 ) ) ;
#1239 = DIRECTION ( 'NONE',  ( 1.000000000000000000, 0.0000000000000000000, 0.0000000000000000000 ) ) ;
#1240 = ORIENTED_EDGE ( 'NONE', *, *, #571, .T. ) ;
#1241 = DIRECTION ( 'NONE',  ( 1.000000000000000000, 0.0000000000000000000, -0.0000000000000000000 ) ) ;
#1242 = VECTOR ( 'NONE', #411, 1000.000000000000000 ) ;
#1243 = EDGE_LOOP ( 'NONE', ( #4040, #5070, #1240, #3829 ) ) ;
#1244 = DIRECTION ( 'NONE',  ( -0.4802882638304222795, 0.0000000000000000000, -0.8771107020363840823 ) ) ;
#1245 = DIRECTION ( 'NONE',  ( -1.000000000000000000, 0.0000000000000000000, -0.0000000000000000000 ) ) ;
#1246 = CARTESIAN_POINT ( 'NONE',  ( 2.240895709874633379, 0.9064290159990536777, -2.149924947944500619 ) ) ;
#1247 = ORIENTED_EDGE ( 'NONE', *, *, #3876, .F. ) ;
#1248 = ADVANCED_FACE ( 'NONE', ( #3388 ), #5283, .T. ) ;
#1249 = AXIS2_PLACEMENT_3D ( 'NONE', #3772, #6034, #374 ) ;
#1250 = LINE ( 'NONE', #1590, #6105 ) ;
#1251 = ORIENTED_EDGE ( 'NONE', *, *, #4885, .T. ) ;
#1252 = PRESENTATION_LAYER_ASSIGNMENT (  '', '', ( #1448 ) ) ;
#1253 = ORIENTED_EDGE ( 'NONE', *, *, #3538, .T. ) ;
#1254 = CARTESIAN_POINT ( 'NONE',  ( 3.455943786797710082, 0.9064290159990536777, -0.8797343528051381201 ) ) ;
#1255 = LINE ( 'NONE', #1315, #2814 ) ;
#1256 = CARTESIAN_POINT ( 'NONE',  ( 3.544138231242154990, 0.9064290159990536777, -0.8254608485316339284 ) ) ;
#1257 = VECTOR ( 'NONE', #3289, 1000.000000000000000 ) ;
#1258 = EDGE_CURVE ( 'NONE', #3231, #2910, #1996, .T. ) ;
#1259 = LINE ( 'NONE', #5975, #1985 ) ;
#1260 = DIRECTION ( 'NONE',  ( -1.000000000000000000, 0.0000000000000000000, 0.0000000000000000000 ) ) ;
#1261 = ORIENTED_EDGE ( 'NONE', *, *, #3909, .F. ) ;
#1262 = B_SPLINE_SURFACE_WITH_KNOTS ( 'NONE', 3, 1, ( 
 ( #3019, #4930 ),
 ( #1626, #3528 ),
 ( #1159, #1425 ),
 ( #3824, #424 ),
 ( #5716, #2422 ),
 ( #3323, #5279 ),
 ( #2796, #1900 ),
 ( #2337, #5219 ),
 ( #47, #1397 ),
 ( #3385, #4263 ),
 ( #3292, #958 ) ),
 .UNSPECIFIED., .F., .F., .F.,
 ( 4, 1, 1, 1, 1, 1, 1, 1, 4 ),
 ( 2, 2 ),
 ( 0.0000000000000000000, 0.1277281627147278109, 0.2493588318443296370, 0.3727134861951738598, 0.5000000000000002220, 0.6272865138048265843, 0.7506411681556701687, 0.8722718372852726887, 0.9999999999999998890 ),
 ( 0.0000000000000000000, 1.000000000000000000 ),
 .UNSPECIFIED. ) ;
#1263 = DIRECTION ( 'NONE',  ( -0.9294713673588420599, 0.0000000000000000000, -0.3688942629807143159 ) ) ;
#1264 = EDGE_CURVE ( 'NONE', #3381, #20, #3885, .T. ) ;
#1265 = ORIENTED_EDGE ( 'NONE', *, *, #5258, .T. ) ;
#1266 = EDGE_CURVE ( 'NONE', #2501, #5588, #1878, .T. ) ;
#1267 = FACE_OUTER_BOUND ( 'NONE', #5985, .T. ) ;
#1268 = DIRECTION ( 'NONE',  ( 0.2578433336118827746, 0.0000000000000000000, 0.9661867393583453145 ) ) ;
#1269 = CARTESIAN_POINT ( 'NONE',  ( 1.814170282524206312, 0.9064290159990536777, -1.354627515198300491 ) ) ;
#1270 = CARTESIAN_POINT ( 'NONE',  ( 3.622177314910266066, 0.8964290159990537799, -3.539935201372215179 ) ) ;
#1271 = VECTOR ( 'NONE', #2917, 1000.000000000000341 ) ;
#1272 = VERTEX_POINT ( 'NONE', #143 ) ;
#1273 = EDGE_LOOP ( 'NONE', ( #1093, #5248, #2553, #4894 ) ) ;
#1274 = CARTESIAN_POINT ( 'NONE',  ( 2.645233316712240157, 0.9064290159990536777, -0.9665507590551382089 ) ) ;
#1275 = SHAPE_DEFINITION_REPRESENTATION ( #652, #4210 ) ;
#1276 = ORIENTED_EDGE ( 'NONE', *, *, #3049, .F. ) ;
#1277 = FACE_OUTER_BOUND ( 'NONE', #3192, .T. ) ;
#1278 = ORIENTED_EDGE ( 'NONE', *, *, #4772, .T. ) ;
#1279 = CARTESIAN_POINT ( 'NONE',  ( 3.214936528768877810, 0.8964290159990533358, -3.985086211419773594 ) ) ;
#1280 = DIRECTION ( 'NONE',  ( -0.0000000000000000000, 1.000000000000000000, -0.0000000000000000000 ) ) ;
#1281 = CARTESIAN_POINT ( 'NONE',  ( 2.921074162064804192, 0.9064290159990536777, -2.098725528873987667 ) ) ;
#1282 = VERTEX_POINT ( 'NONE', #1111 ) ;
#1283 = CARTESIAN_POINT ( 'NONE',  ( 3.218994409465639084, 0.9064290159990538998, -4.023889560165304857 ) ) ;
#1284 = ORIENTED_EDGE ( 'NONE', *, *, #1867, .F. ) ;
#1285 = CARTESIAN_POINT ( 'NONE',  ( 0.6702943609139221381, 0.9064290159990537887, -0.9356850869151420724 ) ) ;
#1286 = ORIENTED_EDGE ( 'NONE', *, *, #4837, .F. ) ;
#1287 = CARTESIAN_POINT ( 'NONE',  ( 0.6104671169167511513, 0.8964290159990542239, -0.6808200111472147986 ) ) ;
#1288 =( LENGTH_UNIT ( ) NAMED_UNIT ( * ) SI_UNIT ( .MILLI., .METRE. ) );
#1289 = CARTESIAN_POINT ( 'NONE',  ( 0.5381966506841733278, 0.8964290159990537799, -0.8550933745953100962 ) ) ;
#1290 = CARTESIAN_POINT ( 'NONE',  ( 0.5381966506841733278, 0.8964290159990537799, -0.8550933745953100962 ) ) ;
#1291 = DIRECTION ( 'NONE',  ( 1.000000000000000000, 0.0000000000000000000, -0.0000000000000000000 ) ) ;
#1292 = VERTEX_POINT ( 'NONE', #107 ) ;
#1293 = DIRECTION ( 'NONE',  ( 0.0000000000000000000, 0.0000000000000000000, -1.000000000000000000 ) ) ;
#1294 = VECTOR ( 'NONE', #3458, 1000.000000000000000 ) ;
#1295 = LINE ( 'NONE', #1772, #5463 ) ;
#1296 = PLANE ( 'NONE',  #2383 ) ;
#1297 = CARTESIAN_POINT ( 'NONE',  ( 3.455943786797710082, 0.9064290159990536777, -0.8254608485316339284 ) ) ;
#1298 = DIRECTION ( 'NONE',  ( -0.0000000000000000000, -1.000000000000000000, -0.0000000000000000000 ) ) ;
#1299 = ADVANCED_FACE ( 'NONE', ( #2944 ), #707, .T. ) ;
#1300 = ORIENTED_EDGE ( 'NONE', *, *, #5619, .F. ) ;
#1301 = AXIS2_PLACEMENT_3D ( 'NONE', #2902, #668, #1512 ) ;
#1302 = ORIENTED_EDGE ( 'NONE', *, *, #3035, .T. ) ;
#1303 = DIRECTION ( 'NONE',  ( 0.4802882638304235008, 0.0000000000000000000, 0.8771107020363836382 ) ) ;
#1304 = ORIENTED_EDGE ( 'NONE', *, *, #2708, .T. ) ;
#1305 = LINE ( 'NONE', #235, #212 ) ;
#1306 = B_SPLINE_CURVE_WITH_KNOTS ( 'NONE', 3,
 ( #1283, #5628, #45, #1483, #2448, #5275, #4809, #956, #2822, #5154, #3793 ),
 .UNSPECIFIED., .F., .F.,
 ( 4, 1, 1, 1, 1, 1, 1, 1, 4 ),
 ( 0.0000000000000000000, 0.1015170763450493202, 0.2031399961452475256, 0.3098899409112724768, 0.4287492126762059708, 0.5557471139699682317, 0.6905023413649522546, 0.8373727517539386600, 1.000000000000000000 ),
 .UNSPECIFIED. ) ;
#1307 = CARTESIAN_POINT ( 'NONE',  ( 2.278887162866086502, 0.9064290159990536777, -0.9692008325059928708 ) ) ;
#1308 = CARTESIAN_POINT ( 'NONE',  ( 3.227387814400367816, 0.8964290159990535578, -3.447496193663392550 ) ) ;
#1309 = EDGE_LOOP ( 'NONE', ( #6029, #4724, #1194, #1576 ) ) ;
#1310 = EDGE_CURVE ( 'NONE', #4513, #189, #297, .T. ) ;
#1311 = ORIENTED_EDGE ( 'NONE', *, *, #5711, .T. ) ;
#1312 = DIRECTION ( 'NONE',  ( 0.4802758347947843065, 0.0000000000000000000, 0.8771175078130485359 ) ) ;
#1313 = VERTEX_POINT ( 'NONE', #3042 ) ;
#1314 = DIRECTION ( 'NONE',  ( 0.2473315137773176853, 0.0000000000000000000, -0.9689309171930785558 ) ) ;
#1315 = CARTESIAN_POINT ( 'NONE',  ( 2.960486054425915281, 0.9064290159990536777, -0.8254608485316339284 ) ) ;
#1316 = MECHANICAL_DESIGN_GEOMETRIC_PRESENTATION_REPRESENTATION (  '', ( #2209 ), #817 ) ;
#1317 = DIRECTION ( 'NONE',  ( 0.0000000000000000000, 0.0000000000000000000, -1.000000000000000000 ) ) ;
#1318 = EDGE_CURVE ( 'NONE', #3198, #563, #5837, .T. ) ;
#1319 = ADVANCED_FACE ( 'NONE', ( #1180 ), #1050, .T. ) ;
#1320 = DIRECTION ( 'NONE',  ( 1.000000000000000000, 0.0000000000000000000, 0.0000000000000000000 ) ) ;
#1321 = FACE_OUTER_BOUND ( 'NONE', #1927, .T. ) ;
#1322 = CARTESIAN_POINT ( 'NONE',  ( 4.155932850279749680, -0.01000000000000000021, -4.729309389599568370 ) ) ;
#1323 = CARTESIAN_POINT ( 'NONE',  ( 2.806145776648137691, 0.8964290159990536688, -1.354627515198300491 ) ) ;
#1324 = EDGE_CURVE ( 'NONE', #592, #5897, #4417, .T. ) ;
#1325 = DIRECTION ( 'NONE',  ( -0.4802758347947843065, 0.0000000000000000000, -0.8771175078130484248 ) ) ;
#1326 = FACE_OUTER_BOUND ( 'NONE', #4784, .T. ) ;
#1327 = CARTESIAN_POINT ( 'NONE',  ( 3.126609258758224819, 0.9064290159990537887, -3.609456288509241606 ) ) ;
#1328 = CARTESIAN_POINT ( 'NONE',  ( 3.465444714824189365, 0.8964290159990536688, -3.777439254806755020 ) ) ;
#1329 = ORIENTED_EDGE ( 'NONE', *, *, #510, .F. ) ;
#1330 = VERTEX_POINT ( 'NONE', #4508 ) ;
#1331 = CARTESIAN_POINT ( 'NONE',  ( 2.949164940643863808, 0.9064290159990536777, -2.149924947944500619 ) ) ;
#1332 = EDGE_CURVE ( 'NONE', #371, #4071, #3915, .T. ) ;
#1333 = MECHANICAL_DESIGN_GEOMETRIC_PRESENTATION_REPRESENTATION (  '', ( #28 ), #923 ) ;
#1334 = ORIENTED_EDGE ( 'NONE', *, *, #2367, .T. ) ;
#1335 = DIRECTION ( 'NONE',  ( 0.0000000000000000000, -1.000000000000000000, 0.0000000000000000000 ) ) ;
#1336 = LINE ( 'NONE', #738, #246 ) ;
#1337 = CARTESIAN_POINT ( 'NONE',  ( 2.595030325259248816, 0.9064290159990536777, -2.047526109803475158 ) ) ;
#1338 = ORIENTED_EDGE ( 'NONE', *, *, #4326, .T. ) ;
#1339 = CARTESIAN_POINT ( 'NONE',  ( 3.458349379648474109, 0.8964290159990532247, -3.130408616057220428 ) ) ;
#1340 = ORIENTED_EDGE ( 'NONE', *, *, #5012, .F. ) ;
#1341 = CARTESIAN_POINT ( 'NONE',  ( 0.6614583333333333703, 0.9064290159990536777, -0.9362179487179487225 ) ) ;
#1342 = ORIENTED_EDGE ( 'NONE', *, *, #1934, .F. ) ;
#1343 = CARTESIAN_POINT ( 'NONE',  ( 0.5305632140068660130, 0.8964290159990536688, -0.7777786964052427754 ) ) ;
#1344 = VECTOR ( 'NONE', #5009, 1000.000000000000000 ) ;
#1345 = CARTESIAN_POINT ( 'NONE',  ( 3.229797019845197514, 0.9064290159990535667, -4.441710152727106120 ) ) ;
#1346 = CARTESIAN_POINT ( 'NONE',  ( 2.949164940643863808, 0.8964290159990536688, -2.149924947944500619 ) ) ;
#1347 = AXIS2_PLACEMENT_3D ( 'NONE', #2881, #509, #4349 ) ;
#1348 = VECTOR ( 'NONE', #5809, 1000.000000000000000 ) ;
#1349 = CARTESIAN_POINT ( 'NONE',  ( 3.109950197054120569, 0.9064290159990536777, -1.354627515198300491 ) ) ;
#1350 = DIRECTION ( 'NONE',  ( -0.0000000000000000000, 0.0000000000000000000, -1.000000000000000000 ) ) ;
#1351 = ADVANCED_FACE ( 'NONE', ( #2060 ), #3073, .T. ) ;
#1352 = FACE_OUTER_BOUND ( 'NONE', #1723, .T. ) ;
#1353 = DIRECTION ( 'NONE',  ( 1.000000000000000000, 0.0000000000000000000, 0.0000000000000000000 ) ) ;
#1354 = CARTESIAN_POINT ( 'NONE',  ( 1.560717257684462567, 0.9064290159990536777, -2.098725528873987667 ) ) ;
#1355 = ADVANCED_FACE ( 'NONE', ( #3007 ), #1549, .T. ) ;
#1356 = PLANE ( 'NONE',  #1533 ) ;
#1357 = CARTESIAN_POINT ( 'NONE',  ( 3.233749149631877096, 0.9064290159990534557, -3.519383693370923716 ) ) ;
#1358 = DIRECTION ( 'NONE',  ( 0.0000000000000000000, -0.0000000000000000000, -1.000000000000000000 ) ) ;
#1359 = ORIENTED_EDGE ( 'NONE', *, *, #1258, .F. ) ;
#1360 = ORIENTED_EDGE ( 'NONE', *, *, #5884, .T. ) ;
#1361 = DIRECTION ( 'NONE',  ( 0.0000000000000000000, 0.0000000000000000000, -1.000000000000000000 ) ) ;
#1362 = FACE_OUTER_BOUND ( 'NONE', #5928, .T. ) ;
#1363 = FACE_OUTER_BOUND ( 'NONE', #3195, .T. ) ;
#1364 = CARTESIAN_POINT ( 'NONE',  ( 4.155932850279748791, 0.0000000000000000000, -0.3293093895995677367 ) ) ;
#1365 = EDGE_LOOP ( 'NONE', ( #4366, #264, #3973, #1630 ) ) ;
#1366 = ADVANCED_FACE ( 'NONE', ( #1211 ), #806, .T. ) ;
#1367 = CARTESIAN_POINT ( 'NONE',  ( 3.162854446417726173, 0.8964290159990534468, -3.912036382636569165 ) ) ;
#1368 = VERTEX_POINT ( 'NONE', #2736 ) ;
#1369 = ORIENTED_EDGE ( 'NONE', *, *, #6072, .F. ) ;
#1370 = DIRECTION ( 'NONE',  ( -1.000000000000000000, 0.0000000000000000000, 0.0000000000000000000 ) ) ;
#1371 = ADVANCED_FACE ( 'NONE', ( #5565 ), #1681, .T. ) ;
#1372 = CARTESIAN_POINT ( 'NONE',  ( 1.909037947684709247, 0.9064290159989079054, -3.614335826910774152 ) ) ;
#1373 = CARTESIAN_POINT ( 'NONE',  ( 0.0000000000000000000, -0.01000000000000000021, 0.0000000000000000000 ) ) ;
#1374 = CARTESIAN_POINT ( 'NONE',  ( 1.709015367994291656, 0.8964290159990536688, -1.827994025134671574 ) ) ;
#1375 = LINE ( 'NONE', #3806, #5753 ) ;
#1376 = CARTESIAN_POINT ( 'NONE',  ( 2.127726973229334462, 0.9064290159990536777, -1.354627515198300491 ) ) ;
#1377 = SURFACE_STYLE_USAGE ( .BOTH. , #4275 ) ;
#1378 = CARTESIAN_POINT ( 'NONE',  ( 2.481501178624633486, 0.8964290159990536688, -2.357160691801337915 ) ) ;
#1379 = CARTESIAN_POINT ( 'NONE',  ( 3.636592701334194544, 0.9064290159990535667, -3.456326369720504665 ) ) ;
#1380 = CARTESIAN_POINT ( 'NONE',  ( 3.504216260727386789, 0.9064290159990536777, -3.810387159671077661 ) ) ;
#1381 = COLOUR_RGB ( '',1.000000000000000000, 1.000000000000000000, 1.000000000000000000 ) ;
#1382 = ORIENTED_EDGE ( 'NONE', *, *, #3328, .T. ) ;
#1383 = UNCERTAINTY_MEASURE_WITH_UNIT (LENGTH_MEASURE( 1.000000000000000082E-05 ), #2396, 'distance_accuracy_value', 'NONE');
#1384 = ORIENTED_EDGE ( 'NONE', *, *, #3711, .F. ) ;
#1385 = VECTOR ( 'NONE', #6092, 1000.000000000000000 ) ;
#1386 = CARTESIAN_POINT ( 'NONE',  ( 2.977255719222924313, 0.8964290159990536688, -2.098725528873987667 ) ) ;
#1387 = EDGE_CURVE ( 'NONE', #4644, #5897, #3576, .T. ) ;
#1388 = FACE_OUTER_BOUND ( 'NONE', #3464, .T. ) ;
#1389 = EDGE_CURVE ( 'NONE', #2591, #3038, #5101, .T. ) ;
#1390 = STYLED_ITEM ( 'NONE', ( #1077 ), #2237 ) ;
#1391 = EDGE_LOOP ( 'NONE', ( #4694, #2956, #177, #167 ) ) ;
#1392 = DIRECTION ( 'NONE',  ( -0.8771175078130485359, 0.0000000000000000000, 0.4802758347947843065 ) ) ;
#1393 = ORIENTED_EDGE ( 'NONE', *, *, #3063, .F. ) ;
#1394 = EDGE_CURVE ( 'NONE', #1176, #1992, #3610, .T. ) ;
#1395 = VECTOR ( 'NONE', #3490, 1000.000000000000000 ) ;
#1396 = EDGE_CURVE ( 'NONE', #2605, #4857, #5504, .T. ) ;
#1397 = CARTESIAN_POINT ( 'NONE',  ( 0.5305632140068660130, 0.8964290159990536688, -0.7777786964052427754 ) ) ;
#1398 = ORIENTED_EDGE ( 'NONE', *, *, #4995, .F. ) ;
#1399 = SURFACE_STYLE_FILL_AREA ( #6115 ) ;
#1400 = B_SPLINE_CURVE_WITH_KNOTS ( 'NONE', 3,
 ( #4975, #1650, #1580, #2573, #5807, #1073, #2941, #172, #4474, #2057, #3478 ),
 .UNSPECIFIED., .F., .F.,
 ( 4, 1, 1, 1, 1, 1, 1, 1, 4 ),
 ( 0.0000000000000000000, 0.1276753205943264580, 0.2507219899616132119, 0.3726777815650326176, 0.4999116359629985351, 0.6271454903609644527, 0.7511789779392594735, 0.8723246794056734865, 1.000000000000000000 ),
 .UNSPECIFIED. ) ;
#1401 = EDGE_CURVE ( 'NONE', #1108, #2709, #6052, .T. ) ;
#1402 = ORIENTED_EDGE ( 'NONE', *, *, #6125, .T. ) ;
#1403 = CARTESIAN_POINT ( 'NONE',  ( 1.283295236888807089, 0.9064290159990536777, -4.140831640543555459 ) ) ;
#1404 = FACE_OUTER_BOUND ( 'NONE', #2410, .T. ) ;
#1405 = AXIS2_PLACEMENT_3D ( 'NONE', #2488, #112, #3986 ) ;
#1406 = DIRECTION ( 'NONE',  ( 0.0000000000000000000, -0.0000000000000000000, 1.000000000000000000 ) ) ;
#1407 = DIRECTION ( 'NONE',  ( 1.000000000000000000, 0.0000000000000000000, 0.0000000000000000000 ) ) ;
#1408 = CARTESIAN_POINT ( 'NONE',  ( 1.559869234180189190, 0.9064290159990536777, -1.127251213114967232 ) ) ;
#1409 = MECHANICAL_DESIGN_GEOMETRIC_PRESENTATION_REPRESENTATION (  '', ( #5672 ), #3888 ) ;
#1410 = FACE_OUTER_BOUND ( 'NONE', #3606, .T. ) ;
#1411 = DIRECTION ( 'NONE',  ( -0.0000000000000000000, -1.000000000000000000, -0.0000000000000000000 ) ) ;
#1412 = CARTESIAN_POINT ( 'NONE',  ( 3.061400851434462389, 0.8964290159990536688, -1.354627515198300491 ) ) ;
#1413 = CARTESIAN_POINT ( 'NONE',  ( 1.419097332470787398, 0.8964290159990536688, -2.357160691801337915 ) ) ;
#1414 = CARTESIAN_POINT ( 'NONE',  ( 2.268986488453693440, 0.9064290159990536777, -2.098725528873987667 ) ) ;
#1415 = VERTEX_POINT ( 'NONE', #5474 ) ;
#1416 = VERTEX_POINT ( 'NONE', #773 ) ;
#1417 = FACE_OUTER_BOUND ( 'NONE', #5246, .T. ) ;
#1418 = CARTESIAN_POINT ( 'NONE',  ( 2.425425624404548230, 0.8964290159990536688, -2.357160691801337915 ) ) ;
#1419 = CARTESIAN_POINT ( 'NONE',  ( 3.455943786797710082, 0.8964290159990536688, -0.8254608485316339284 ) ) ;
#1420 = ORIENTED_EDGE ( 'NONE', *, *, #3825, .T. ) ;
#1421 = DIRECTION ( 'NONE',  ( -1.000000000000000000, 0.0000000000000000000, 0.0000000000000000000 ) ) ;
#1422 = ORIENTED_EDGE ( 'NONE', *, *, #4172, .F. ) ;
#1423 = VECTOR ( 'NONE', #6059, 1000.000000000000000 ) ;
#1424 = VECTOR ( 'NONE', #2722, 1000.000000000000000 ) ;
#1425 = CARTESIAN_POINT ( 'NONE',  ( 0.6353107476872941195, 0.8964290159990534468, -0.6730311627248146689 ) ) ;
#1426 = ORIENTED_EDGE ( 'NONE', *, *, #2415, .T. ) ;
#1427 = DIRECTION ( 'NONE',  ( 0.0000000000000000000, 0.0000000000000000000, 1.000000000000000000 ) ) ;
#1428 = ORIENTED_EDGE ( 'NONE', *, *, #1387, .T. ) ;
#1429 = LINE ( 'NONE', #5747, #2345 ) ;
#1430 = VECTOR ( 'NONE', #1407, 1000.000000000000000 ) ;
#1431 = CARTESIAN_POINT ( 'NONE',  ( 1.961726372267796004, 0.8964290159990536688, -0.8254608485316339284 ) ) ;
#1432 = MECHANICAL_DESIGN_GEOMETRIC_PRESENTATION_REPRESENTATION (  '', ( #4122 ), #337 ) ;
#1433 = CARTESIAN_POINT ( 'NONE',  ( 2.806145776648137691, 0.9064290159990536777, -1.354627515198300491 ) ) ;
#1434 = VECTOR ( 'NONE', #3981, 1000.000000000000000 ) ;
#1435 = DIRECTION ( 'NONE',  ( 0.0000000000000000000, 0.0000000000000000000, -1.000000000000000000 ) ) ;
#1436 = CARTESIAN_POINT ( 'NONE',  ( 0.0000000000000000000, 0.0000000000000000000, 0.0000000000000000000 ) ) ;
#1437 = DIRECTION ( 'NONE',  ( -0.0000000000000000000, -1.000000000000000000, -0.0000000000000000000 ) ) ;
#1438 = COLOUR_RGB ( '',1.000000000000000000, 1.000000000000000000, 1.000000000000000000 ) ;
#1439 = DIRECTION ( 'NONE',  ( 0.3651136360950658633, 0.0000000000000000000, 0.9309629599170097247 ) ) ;
#1440 = VECTOR ( 'NONE', #3331, 1000.000000000000114 ) ;
#1441 = PRODUCT_DEFINITION_FORMATION_WITH_SPECIFIED_SOURCE ( 'ANY', '', #589, .NOT_KNOWN. ) ;
#1442 = DIRECTION ( 'NONE',  ( 0.0000000000000000000, 0.0000000000000000000, 1.000000000000000000 ) ) ;
#1443 = CARTESIAN_POINT ( 'NONE',  ( 3.591627547481470728, 0.9064290159990536777, -0.8797343528051381201 ) ) ;
#1444 = PLANE ( 'NONE',  #4307 ) ;
#1445 = EDGE_LOOP ( 'NONE', ( #4950, #1677, #446, #5502 ) ) ;
#1446 = CARTESIAN_POINT ( 'NONE',  ( 3.532528229188551361, 0.9064290159990536777, -3.838234900576156683 ) ) ;
#1447 = ADVANCED_FACE ( 'NONE', ( #4573 ), #2183, .T. ) ;
#1448 = STYLED_ITEM ( 'NONE', ( #166 ), #2555 ) ;
#1449 = ORIENTED_EDGE ( 'NONE', *, *, #4708, .T. ) ;
#1450 = EDGE_CURVE ( 'NONE', #3497, #3177, #5964, .T. ) ;
#1451 = ORIENTED_EDGE ( 'NONE', *, *, #1450, .T. ) ;
#1452 = DIRECTION ( 'NONE',  ( 0.0000000000000000000, 0.0000000000000000000, -1.000000000000000000 ) ) ;
#1453 = DIRECTION ( 'NONE',  ( 0.4064626212421030282, -0.0000000000000000000, 0.9136674107863312910 ) ) ;
#1454 = EDGE_CURVE ( 'NONE', #1868, #3813, #2680, .T. ) ;
#1455 = ORIENTED_EDGE ( 'NONE', *, *, #4825, .F. ) ;
#1456 = CARTESIAN_POINT ( 'NONE',  ( 2.949164940643863808, 0.8964290159990536688, -2.047526109803475158 ) ) ;
#1457 = ORIENTED_EDGE ( 'NONE', *, *, #596, .F. ) ;
#1458 = DIRECTION ( 'NONE',  ( -0.4806015670138532592, 0.0000000000000000000, 0.8769390707362905157 ) ) ;
#1459 = EDGE_LOOP ( 'NONE', ( #638, #3705, #959, #1807, #4752, #693, #2197, #828, #5404, #2726, #4808, #5774 ) ) ;
#1460 = CARTESIAN_POINT ( 'NONE',  ( 2.006968426220787638, 0.9064290159990536777, -1.827994025134671574 ) ) ;
#1461 = ORIENTED_EDGE ( 'NONE', *, *, #4554, .T. ) ;
#1462 = CARTESIAN_POINT ( 'NONE',  ( 3.603321208886131721, 0.9064290159990540108, -4.129770722100850833 ) ) ;
#1463 = LINE ( 'NONE', #3858, #5263 ) ;
#1464 = SURFACE_SIDE_STYLE ('',( #375 ) ) ;
#1465 = CARTESIAN_POINT ( 'NONE',  ( 3.108671965896702805, 0.9064290159990534557, -3.371100841939061787 ) ) ;
#1466 = CARTESIAN_POINT ( 'NONE',  ( 3.225513674943782050, 0.8964290159990535578, -3.540414994324168063 ) ) ;
#1467 = DIRECTION ( 'NONE',  ( -0.5213313868808869822, 0.0000000000000000000, -0.8533543139006510847 ) ) ;
#1468 = ADVANCED_FACE ( 'NONE', ( #2764 ), #3142, .T. ) ;
#1469 = LINE ( 'NONE', #997, #4565 ) ;
#1470 = EDGE_CURVE ( 'NONE', #2202, #5312, #3143, .T. ) ;
#1471 = CARTESIAN_POINT ( 'NONE',  ( 3.628986410438348909, 0.8964290159990538909, -3.351619842182059994 ) ) ;
#1472 = CARTESIAN_POINT ( 'NONE',  ( 2.120836782257112141, 0.9064290159990536777, -1.354627515198300491 ) ) ;
#1473 = ORIENTED_EDGE ( 'NONE', *, *, #1561, .F. ) ;
#1474 = DIRECTION ( 'NONE',  ( -0.0000000000000000000, -1.000000000000000000, -0.0000000000000000000 ) ) ;
#1475 = VERTEX_POINT ( 'NONE', #1246 ) ;
#1476 = CARTESIAN_POINT ( 'NONE',  ( 3.197691451432004506, 0.9064290159990540108, -3.949286345905796747 ) ) ;
#1477 = CARTESIAN_POINT ( 'NONE',  ( 4.155932850279748791, -0.01000000000000000021, -0.3293093895995677367 ) ) ;
#1478 = LINE ( 'NONE', #977, #2621 ) ;
#1479 = EDGE_CURVE ( 'NONE', #3978, #5431, #679, .T. ) ;
#1480 = AXIS2_PLACEMENT_3D ( 'NONE', #630, #68, #3433 ) ;
#1481 = LINE ( 'NONE', #5709, #5168 ) ;
#1482 = ORIENTED_EDGE ( 'NONE', *, *, #4247, .F. ) ;
#1483 = CARTESIAN_POINT ( 'NONE',  ( 3.209092719060600452, 0.9064290159990535667, -4.068034394944716858 ) ) ;
#1484 = ORIENTED_EDGE ( 'NONE', *, *, #1601, .F. ) ;
#1485 = VECTOR ( 'NONE', #3587, 1000.000000000000000 ) ;
#1486 = CARTESIAN_POINT ( 'NONE',  ( 3.064139482612508125, 0.8964290159990538909, -3.883656455397038521 ) ) ;
#1487 = ORIENTED_EDGE ( 'NONE', *, *, #474, .T. ) ;
#1488 = FILL_AREA_STYLE_COLOUR ( '', #810 ) ;
#1489 = VERTEX_POINT ( 'NONE', #708 ) ;
#1490 = FILL_AREA_STYLE_COLOUR ( '', #637 ) ;
#1491 = CARTESIAN_POINT ( 'NONE',  ( 3.252418145772069114, 0.9064290159990536777, -1.354627515198300491 ) ) ;
#1492 = LINE ( 'NONE', #145, #1895 ) ;
#1493 = EDGE_CURVE ( 'NONE', #5490, #5623, #176, .T. ) ;
#1494 = CARTESIAN_POINT ( 'NONE',  ( 3.017514425605577699, 0.8964290159990534468, -3.364400384567829416 ) ) ;
#1495 = DIRECTION ( 'NONE',  ( 1.000000000000000000, 0.0000000000000000000, 0.0000000000000000000 ) ) ;
#1496 = DIRECTION ( 'NONE',  ( 1.000000000000000000, 0.0000000000000000000, 0.0000000000000000000 ) ) ;
#1497 = LINE ( 'NONE', #87, #6012 ) ;
#1498 = EDGE_CURVE ( 'NONE', #76, #2061, #2120, .T. ) ;
#1499 = ADVANCED_FACE ( 'NONE', ( #648 ), #5441, .T. ) ;
#1500 = DIRECTION ( 'NONE',  ( -0.2570842515897343583, 0.0000000000000000000, -0.9663889939276761876 ) ) ;
#1501 = PLANE ( 'NONE',  #532 ) ;
#1502 = EDGE_CURVE ( 'NONE', #4292, #634, #4106, .T. ) ;
#1503 = VECTOR ( 'NONE', #4237, 1000.000000000000000 ) ;
#1504 = CARTESIAN_POINT ( 'NONE',  ( 3.602282710364730800, 0.9064290159990536777, -3.589065751329983289 ) ) ;
#1505 = EDGE_LOOP ( 'NONE', ( #1029, #1898, #2607, #5821 ) ) ;
#1506 = CARTESIAN_POINT ( 'NONE',  ( 3.118769641498564837, 0.9064290159990536777, -2.357160691801337915 ) ) ;
#1507 = EDGE_CURVE ( 'NONE', #1489, #5065, #5475, .T. ) ;
#1508 = ORIENTED_EDGE ( 'NONE', *, *, #4607, .T. ) ;
#1509 = PLANE ( 'NONE',  #787 ) ;
#1510 = CARTESIAN_POINT ( 'NONE',  ( 2.835635794009248478, 0.9064290159990536777, -2.357160691801337915 ) ) ;
#1511 = SURFACE_STYLE_FILL_AREA ( #5708 ) ;
#1512 = DIRECTION ( 'NONE',  ( 0.0000000000000000000, 0.0000000000000000000, -1.000000000000000000 ) ) ;
#1513 = VERTEX_POINT ( 'NONE', #4450 ) ;
#1514 = CARTESIAN_POINT ( 'NONE',  ( 1.858670315910958104, 0.9064290159990536777, -2.098725528873987667 ) ) ;
#1515 = ORIENTED_EDGE ( 'NONE', *, *, #5119, .T. ) ;
#1516 = ADVANCED_FACE ( 'NONE', ( #5998 ), #4509, .T. ) ;
#1517 = LINE ( 'NONE', #3413, #2922 ) ;
#1518 = ORIENTED_EDGE ( 'NONE', *, *, #2366, .F. ) ;
#1519 = DIRECTION ( 'NONE',  ( 1.000000000000000000, 0.0000000000000000000, 0.0000000000000000000 ) ) ;
#1520 = EDGE_LOOP ( 'NONE', ( #1751, #5389, #2145, #5132 ) ) ;
#1521 =( NAMED_UNIT ( * ) PLANE_ANGLE_UNIT ( ) SI_UNIT ( $, .RADIAN. ) );
#1522 = DIRECTION ( 'NONE',  ( 0.0000000000000000000, -0.0000000000000000000, 1.000000000000000000 ) ) ;
#1523 = FACE_OUTER_BOUND ( 'NONE', #4861, .T. ) ;
#1524 = CARTESIAN_POINT ( 'NONE',  ( 3.179940522921949508, 0.9064290159990540108, -3.392947531110795278 ) ) ;
#1525 = LINE ( 'NONE', #2063, #30 ) ;
#1526 = VECTOR ( 'NONE', #3405, 1000.000000000000000 ) ;
#1527 = CARTESIAN_POINT ( 'NONE',  ( 2.064506820985744451, 0.9064290159990536777, -1.827994025134671574 ) ) ;
#1528 = AXIS2_PLACEMENT_3D ( 'NONE', #240, #3612, #5505 ) ;
#1529 = ADVANCED_FACE ( 'NONE', ( #5870 ), #4075, .T. ) ;
#1530 = CARTESIAN_POINT ( 'NONE',  ( 3.405932850279748791, -0.01000000000000000021, -0.3293093895995677367 ) ) ;
#1531 = CARTESIAN_POINT ( 'NONE',  ( 1.274319419315915081, 0.8964290159990536688, -2.605710383648362605 ) ) ;
#1532 = DIRECTION ( 'NONE',  ( -0.0000000000000000000, -1.000000000000000000, -0.0000000000000000000 ) ) ;
#1533 = AXIS2_PLACEMENT_3D ( 'NONE', #5120, #3341, #3689 ) ;
#1534 = ORIENTED_EDGE ( 'NONE', *, *, #488, .F. ) ;
#1535 = CARTESIAN_POINT ( 'NONE',  ( 0.7922299964432918395, 0.8964290159990537799, -0.7778517899298401650 ) ) ;
#1536 = VECTOR ( 'NONE', #853, 1000.000000000000000 ) ;
#1537 = ORIENTED_EDGE ( 'NONE', *, *, #801, .F. ) ;
#1538 = EDGE_CURVE ( 'NONE', #563, #4910, #5933, .T. ) ;
#1539 = VECTOR ( 'NONE', #3180, 1000.000000000000000 ) ;
#1540 = CARTESIAN_POINT ( 'NONE',  ( 1.666177969355316035, 0.9064290159990536777, -4.140831640543555459 ) ) ;
#1541 = DIRECTION ( 'NONE',  ( -0.0000000000000000000, -1.000000000000000000, -0.0000000000000000000 ) ) ;
#1542 = CARTESIAN_POINT ( 'NONE',  ( 3.609971318995828682, 0.9064290159990538998, -4.022324836445918095 ) ) ;
#1543 = VECTOR ( 'NONE', #6101, 1000.000000000000000 ) ;
#1544 = FACE_BOUND ( 'NONE', #94, .T. ) ;
#1545 = ORIENTED_EDGE ( 'NONE', *, *, #1691, .F. ) ;
#1546 = FACE_OUTER_BOUND ( 'NONE', #1309, .T. ) ;
#1547 = VECTOR ( 'NONE', #4286, 1000.000000000000000 ) ;
#1548 = ORIENTED_EDGE ( 'NONE', *, *, #3350, .F. ) ;
#1549 = B_SPLINE_SURFACE_WITH_KNOTS ( 'NONE', 3, 1, ( 
 ( #2152, #4478 ),
 ( #608, #1583 ),
 ( #5901, #175 ),
 ( #3513, #1556 ),
 ( #2976, #4010 ),
 ( #4043, #4916 ),
 ( #3448, #4877 ),
 ( #3948, #646 ),
 ( #5932, #2514 ),
 ( #5374, #5406 ),
 ( #4449, #1148 ),
 ( #678, #2303 ),
 ( #4662, #836 ),
 ( #334, #2705 ),
 ( #3173, #364 ) ),
 .UNSPECIFIED., .F., .F., .F.,
 ( 4, 1, 1, 1, 1, 1, 1, 1, 1, 1, 1, 1, 4 ),
 ( 2, 2 ),
 ( 0.0000000000000000000, 0.09544797463091091172, 0.1904704100286987167, 0.2912066475677053679, 0.4010332319514465782, 0.4598047309624356260, 0.5224282124666591587, 0.5878657621470996242, 0.6584905049094711416, 0.7351598356816925195, 0.8164933573836661296, 0.9050563342499580166, 1.000000000000000000 ),
 ( 0.0000000000000000000, 1.000000000000000000 ),
 .UNSPECIFIED. ) ;
#1550 = VERTEX_POINT ( 'NONE', #2218 ) ;
#1551 = LINE ( 'NONE', #2083, #635 ) ;
#1552 = ORIENTED_EDGE ( 'NONE', *, *, #3825, .F. ) ;
#1553 = FACE_OUTER_BOUND ( 'NONE', #1459, .T. ) ;
#1554 = VERTEX_POINT ( 'NONE', #1213 ) ;
#1555 = DIRECTION ( 'NONE',  ( -0.0000000000000000000, -1.000000000000000000, -0.0000000000000000000 ) ) ;
#1556 = CARTESIAN_POINT ( 'NONE',  ( 3.225513674943782050, 0.8964290159990535578, -3.540414994324168063 ) ) ;
#1557 =( NAMED_UNIT ( * ) PLANE_ANGLE_UNIT ( ) SI_UNIT ( $, .RADIAN. ) );
#1558 = DIRECTION ( 'NONE',  ( -2.168404344971008868E-16, 0.0000000000000000000, -1.000000000000000000 ) ) ;
#1559 = DIRECTION ( 'NONE',  ( -1.000000000000000000, 0.0000000000000000000, 2.344220913482172149E-16 ) ) ;
#1560 = CARTESIAN_POINT ( 'NONE',  ( 0.6702943609139221381, 0.9064290159990537887, -0.9356850869151420724 ) ) ;
#1561 = EDGE_CURVE ( 'NONE', #5098, #4480, #3105, .T. ) ;
#1562 = CARTESIAN_POINT ( 'NONE',  ( 2.799255585675915370, 0.9064290159990536777, -1.354627515198300491 ) ) ;
#1563 = CARTESIAN_POINT ( 'NONE',  ( 3.090228101875408306, 0.8964290159990536688, -4.460391631968316339 ) ) ;
#1564 = CARTESIAN_POINT ( 'NONE',  ( 3.147957224674464705, 0.9064290159990536777, -3.043473829274840448 ) ) ;
#1565 = CARTESIAN_POINT ( 'NONE',  ( 2.240895709874633379, 0.8964290159990536688, -2.149924947944500619 ) ) ;
#1566 = ORIENTED_EDGE ( 'NONE', *, *, #4172, .T. ) ;
#1567 = CARTESIAN_POINT ( 'NONE',  ( 0.7932345449492584910, 0.8964290159990536688, -0.7950840470445286190 ) ) ;
#1568 = EDGE_LOOP ( 'NONE', ( #2974, #2010, #5041, #5301 ) ) ;
#1569 = LINE ( 'NONE', #3465, #81 ) ;
#1570 = DIRECTION ( 'NONE',  ( 0.8769390707362905157, -0.0000000000000000000, 0.4806015670138532592 ) ) ;
#1571 = CARTESIAN_POINT ( 'NONE',  ( 1.954942184233607883, 0.8964290159990536688, -0.8254608485316339284 ) ) ;
#1572 = ORIENTED_EDGE ( 'NONE', *, *, #286, .T. ) ;
#1573 = CARTESIAN_POINT ( 'NONE',  ( 0.7937499999999999556, 0.8964290159990536688, -0.8039262820512820262 ) ) ;
#1574 = ORIENTED_EDGE ( 'NONE', *, *, #5557, .F. ) ;
#1575 = EDGE_CURVE ( 'NONE', #1108, #6021, #3514, .T. ) ;
#1576 = ORIENTED_EDGE ( 'NONE', *, *, #1266, .T. ) ;
#1577 = FACE_OUTER_BOUND ( 'NONE', #1866, .T. ) ;
#1578 = EDGE_CURVE ( 'NONE', #1614, #2385, #2672, .T. ) ;
#1579 = EDGE_LOOP ( 'NONE', ( #4004, #3438, #400, #2412 ) ) ;
#1580 = CARTESIAN_POINT ( 'NONE',  ( 0.5306213104926532642, 0.9064290159990534557, -0.8301566863030579446 ) ) ;
#1581 = ORIENTED_EDGE ( 'NONE', *, *, #410, .F. ) ;
#1582 = PLANE ( 'NONE',  #745 ) ;
#1583 = CARTESIAN_POINT ( 'NONE',  ( 3.234512101139027873, 0.8964290159990535578, -3.504734638201540964 ) ) ;
#1584 = ADVANCED_FACE ( 'NONE', ( #5965 ), #1718, .T. ) ;
#1585 = VECTOR ( 'NONE', #4022, 1000.000000000000000 ) ;
#1586 = CARTESIAN_POINT ( 'NONE',  ( 1.747729683303306469, 0.8964290159990536688, -3.043473829274840448 ) ) ;
#1587 = VERTEX_POINT ( 'NONE', #4917 ) ;
#1588 = EDGE_CURVE ( 'NONE', #3122, #1292, #5407, .T. ) ;
#1589 = CARTESIAN_POINT ( 'NONE',  ( 3.042173630310643251, 0.9064290159990536777, -3.364601246962120040 ) ) ;
#1590 = CARTESIAN_POINT ( 'NONE',  ( 0.5291666666666666741, 0.9064290159990536777, -0.8039262820512820262 ) ) ;
#1591 = ORIENTED_EDGE ( 'NONE', *, *, #3281, .F. ) ;
#1592 = DIRECTION ( 'NONE',  ( -0.4802882638304235008, 0.0000000000000000000, 0.8771107020363836382 ) ) ;
#1593 = CARTESIAN_POINT ( 'NONE',  ( 1.666177969355316035, 0.9064290159990536777, -4.140831640543555459 ) ) ;
#1594 = FACE_OUTER_BOUND ( 'NONE', #670, .T. ) ;
#1595 = VECTOR ( 'NONE', #978, 1000.000000000000000 ) ;
#1596 = VECTOR ( 'NONE', #5926, 1000.000000000000000 ) ;
#1597 = CARTESIAN_POINT ( 'NONE',  ( 1.886761094490018165, 0.8964290159990536688, -2.047526109803475158 ) ) ;
#1598 = CARTESIAN_POINT ( 'NONE',  ( 0.3559328502797489691, 0.0000000000000000000, -0.5793093895995677922 ) ) ;
#1599 = LINE ( 'NONE', #660, #1925 ) ;
#1600 = VERTEX_POINT ( 'NONE', #2578 ) ;
#1601 = EDGE_CURVE ( 'NONE', #2338, #5425, #209, .T. ) ;
#1602 = ORIENTED_EDGE ( 'NONE', *, *, #5277, .F. ) ;
#1603 = STYLED_ITEM ( 'NONE', ( #4783 ), #3457 ) ;
#1604 = FACE_OUTER_BOUND ( 'NONE', #4818, .T. ) ;
#1605 = LINE ( 'NONE', #4373, #1724 ) ;
#1606 = FACE_OUTER_BOUND ( 'NONE', #649, .T. ) ;
#1607 = SURFACE_STYLE_USAGE ( .BOTH. , #3503 ) ;
#1608 = ORIENTED_EDGE ( 'NONE', *, *, #3338, .T. ) ;
#1609 = FACE_OUTER_BOUND ( 'NONE', #4453, .T. ) ;
#1610 = EDGE_LOOP ( 'NONE', ( #391, #2020, #5885, #5434 ) ) ;
#1611 = ORIENTED_EDGE ( 'NONE', *, *, #2238, .T. ) ;
#1612 =( NAMED_UNIT ( * ) SI_UNIT ( $, .STERADIAN. ) SOLID_ANGLE_UNIT ( ) );
#1613 = VERTEX_POINT ( 'NONE', #2706 ) ;
#1614 = VERTEX_POINT ( 'NONE', #3174 ) ;
#1615 = DIRECTION ( 'NONE',  ( -0.0000000000000000000, -1.000000000000000000, -0.0000000000000000000 ) ) ;
#1616 = DIRECTION ( 'NONE',  ( 0.8770411504904065403, 0.0000000000000000000, -0.4804152582365220359 ) ) ;
#1617 = CARTESIAN_POINT ( 'NONE',  ( 2.127726973229334462, 0.8964290159990536688, -1.354627515198300491 ) ) ;
#1618 = VERTEX_POINT ( 'NONE', #1281 ) ;
#1619 = ADVANCED_FACE ( 'NONE', ( #5073 ), #2160, .T. ) ;
#1620 = CARTESIAN_POINT ( 'NONE',  ( 3.581736851952597611, 0.9064290159990538998, -3.248454377775290336 ) ) ;
#1621 = VERTEX_POINT ( 'NONE', #3087 ) ;
#1622 = DIRECTION ( 'NONE',  ( -0.5213313868808869822, 0.0000000000000000000, -0.8533543139006510847 ) ) ;
#1623 = PLANE ( 'NONE',  #3618 ) ;
#1624 = LINE ( 'NONE', #686, #5306 ) ;
#1625 = LINE ( 'NONE', #2558, #5559 ) ;
#1626 = CARTESIAN_POINT ( 'NONE',  ( 0.6526015360367309892, 0.9064290159990536777, -0.6721076585509976331 ) ) ;
#1627 = VECTOR ( 'NONE', #2355, 999.9999999999998863 ) ;
#1628 = DIRECTION ( 'NONE',  ( -0.0000000000000000000, -1.000000000000000000, -0.0000000000000000000 ) ) ;
#1629 = EDGE_CURVE ( 'NONE', #2673, #4529, #692, .T. ) ;
#1630 = ORIENTED_EDGE ( 'NONE', *, *, #181, .T. ) ;
#1631 = VECTOR ( 'NONE', #4998, 999.9999999999998863 ) ;
#1632 = VECTOR ( 'NONE', #3889, 1000.000000000000000 ) ;
#1633 = ADVANCED_FACE ( 'NONE', ( #759 ), #2134, .T. ) ;
#1634 = EDGE_LOOP ( 'NONE', ( #6103, #955, #3046, #420 ) ) ;
#1635 =( NAMED_UNIT ( * ) SI_UNIT ( $, .STERADIAN. ) SOLID_ANGLE_UNIT ( ) );
#1636 = LINE ( 'NONE', #226, #4393 ) ;
#1637 = CARTESIAN_POINT ( 'NONE',  ( 3.610596507574385772, 0.9064290159990536777, -4.059279926595564802 ) ) ;
#1638 = FACE_OUTER_BOUND ( 'NONE', #4255, .T. ) ;
#1639 = AXIS2_PLACEMENT_3D ( 'NONE', #3643, #4169, #1245 ) ;
#1640 = EDGE_CURVE ( 'NONE', #3543, #4566, #4028, .T. ) ;
#1641 = ORIENTED_EDGE ( 'NONE', *, *, #3118, .T. ) ;
#1642 = VECTOR ( 'NONE', #4681, 1000.000000000000000 ) ;
#1643 = DIRECTION ( 'NONE',  ( -0.3660897081358586158, 0.0000000000000000000, -0.9305795643559994224 ) ) ;
#1644 = VECTOR ( 'NONE', #1555, 1000.000000000000000 ) ;
#1645 = UNCERTAINTY_MEASURE_WITH_UNIT (LENGTH_MEASURE( 1.000000000000000082E-05 ), #54, 'distance_accuracy_value', 'NONE');
#1646 = ORIENTED_EDGE ( 'NONE', *, *, #5591, .F. ) ;
#1647 = EDGE_CURVE ( 'NONE', #1475, #5531, #1224, .T. ) ;
#1648 = PLANE ( 'NONE',  #5515 ) ;
#1649 = ORIENTED_EDGE ( 'NONE', *, *, #662, .T. ) ;
#1650 = CARTESIAN_POINT ( 'NONE',  ( 0.5296574791319047515, 0.9064290159990534557, -0.8127767024394290107 ) ) ;
#1651 = ORIENTED_EDGE ( 'NONE', *, *, #2125, .T. ) ;
#1652 = CARTESIAN_POINT ( 'NONE',  ( 2.921074162064804192, 0.9064290159990536777, -2.098725528873987667 ) ) ;
#1653 = CARTESIAN_POINT ( 'NONE',  ( 0.6876163599789362202, 0.8964290159990535578, -0.9346404736468130192 ) ) ;
#1654 = VECTOR ( 'NONE', #1474, 1000.000000000000000 ) ;
#1655 = DIRECTION ( 'NONE',  ( 0.3688942629807152596, 0.0000000000000000000, -0.9294713673588417269 ) ) ;
#1656 = EDGE_LOOP ( 'NONE', ( #758, #4006, #4501, #871 ) ) ;
#1657 = LINE ( 'NONE', #2552, #5539 ) ;
#1658 = ORIENTED_EDGE ( 'NONE', *, *, #829, .F. ) ;
#1659 = DIRECTION ( 'NONE',  ( -1.000000000000000000, 0.0000000000000000000, 0.0000000000000000000 ) ) ;
#1660 = DIRECTION ( 'NONE',  ( -0.0000000000000000000, -1.000000000000000000, -0.0000000000000000000 ) ) ;
#1661 = CARTESIAN_POINT ( 'NONE',  ( 0.3559328502797489691, -0.01000000000000000021, -0.5793093895995677922 ) ) ;
#1662 = CARTESIAN_POINT ( 'NONE',  ( 4.155932850279748791, -0.01000000000000000021, -0.3293093895995677367 ) ) ;
#1663 = CARTESIAN_POINT ( 'NONE',  ( 3.636817832092367642, 0.8964290159990534468, -3.413674382003449637 ) ) ;
#1664 = CARTESIAN_POINT ( 'NONE',  ( 2.425425624404548230, 0.8964290159990536688, -2.357160691801337915 ) ) ;
#1665 = ORIENTED_EDGE ( 'NONE', *, *, #4940, .T. ) ;
#1666 = CARTESIAN_POINT ( 'NONE',  ( 1.971099314902991395, 0.9064290159990536777, -3.880276478999032275 ) ) ;
#1667 = EDGE_CURVE ( 'NONE', #529, #2940, #3055, .T. ) ;
#1668 = ORIENTED_EDGE ( 'NONE', *, *, #2991, .T. ) ;
#1669 = ADVANCED_FACE ( 'NONE', ( #4993 ), #5488, .T. ) ;
#1670 = LINE ( 'NONE', #3127, #2194 ) ;
#1671 = LINE ( 'NONE', #193, #912 ) ;
#1672 = CARTESIAN_POINT ( 'NONE',  ( 3.486294407631605363, 0.9064290159990538998, -3.793503509152977848 ) ) ;
#1673 = ORIENTED_EDGE ( 'NONE', *, *, #6072, .T. ) ;
#1674 = B_SPLINE_CURVE_WITH_KNOTS ( 'NONE', 3,
 ( #2070, #1088, #1025, #1056, #2953, #3397, #658, #1974, #2526, #4427, #2462 ),
 .UNSPECIFIED., .F., .F.,
 ( 4, 1, 1, 1, 1, 1, 1, 1, 4 ),
 ( 0.0000000000000000000, 0.1277281627147278109, 0.2493588318443296370, 0.3727134861951738598, 0.5000000000000002220, 0.6272865138048265843, 0.7506411681556701687, 0.8722718372852726887, 0.9999999999999998890 ),
 .UNSPECIFIED. ) ;
#1675 = ORIENTED_EDGE ( 'NONE', *, *, #1980, .T. ) ;
#1676 = SURFACE_SIDE_STYLE ('',( #800 ) ) ;
#1677 = ORIENTED_EDGE ( 'NONE', *, *, #4353, .F. ) ;
#1678 = FACE_OUTER_BOUND ( 'NONE', #4606, .T. ) ;
#1679 = ORIENTED_EDGE ( 'NONE', *, *, #5546, .T. ) ;
#1680 = FACE_OUTER_BOUND ( 'NONE', #4320, .T. ) ;
#1681 = PLANE ( 'NONE',  #1639 ) ;
#1682 = DIRECTION ( 'NONE',  ( -0.0000000000000000000, -1.000000000000000000, -0.0000000000000000000 ) ) ;
#1683 = EDGE_LOOP ( 'NONE', ( #4728, #248, #5396, #3282 ) ) ;
#1684 = DIRECTION ( 'NONE',  ( -0.0000000000000000000, -1.000000000000000000, -0.0000000000000000000 ) ) ;
#1685 = B_SPLINE_CURVE_WITH_KNOTS ( 'NONE', 3,
 ( #1975, #5819, #3460, #1471, #2867, #3368, #5261, #998, #2893, #399, #5943, #4641, #253, #2278, #4459, #1192, #4665, #4203, #4491 ),
 .UNSPECIFIED., .F., .F.,
 ( 4, 1, 1, 1, 1, 1, 1, 1, 1, 1, 1, 1, 1, 1, 1, 1, 4 ),
 ( 0.0000000000000000000, 0.05532994753244363517, 0.1095669129065141856, 0.1635052341545482624, 0.2181068326408382996, 0.2745542418920282612, 0.3325493756472083784, 0.3937865580565333423, 0.4585889581839310836, 0.5247912453323901882, 0.5900678770463961831, 0.6556562814272623996, 0.7214312517726384488, 0.7881687928130066689, 0.8565958983758099610, 0.9271866057981048570, 1.000000000000000000 ),
 .UNSPECIFIED. ) ;
#1686 = ORIENTED_EDGE ( 'NONE', *, *, #744, .F. ) ;
#1687 = CARTESIAN_POINT ( 'NONE',  ( 0.7555727614320051355, 0.9064290159990536777, -0.8980407101499536804 ) ) ;
#1688 = LINE ( 'NONE', #4858, #647 ) ;
#1689 = VECTOR ( 'NONE', #4594, 1000.000000000000000 ) ;
#1690 = DIRECTION ( 'NONE',  ( 0.9603632401120083539, -0.0000000000000000000, 0.2787515866171259571 ) ) ;
#1691 = EDGE_CURVE ( 'NONE', #640, #2390, #2657, .T. ) ;
#1692 = CARTESIAN_POINT ( 'NONE',  ( 4.155932850279748791, 0.0000000000000000000, -0.3293093895995677367 ) ) ;
#1693 = VECTOR ( 'NONE', #5950, 1000.000000000000000 ) ;
#1694 = DIRECTION ( 'NONE',  ( -0.4806015670138532592, 0.0000000000000000000, 0.8769390707362905157 ) ) ;
#1695 = CARTESIAN_POINT ( 'NONE',  ( 3.557041714342901173, 0.9064290159990535667, -3.216587388615981258 ) ) ;
#1696 = CARTESIAN_POINT ( 'NONE',  ( 2.000290241124633273, 0.9064290159990536777, -2.357160691801337915 ) ) ;
#1697 = ORIENTED_EDGE ( 'NONE', *, *, #3057, .T. ) ;
#1698 = VECTOR ( 'NONE', #2789, 1000.000000000000000 ) ;
#1699 = CARTESIAN_POINT ( 'NONE',  ( 3.124751106175305271, 0.8964290159990538909, -4.132901229715272073 ) ) ;
#1700 = EDGE_CURVE ( 'NONE', #5955, #3913, #5423, .T. ) ;
#1701 = ORIENTED_EDGE ( 'NONE', *, *, #1123, .T. ) ;
#1702 = ADVANCED_FACE ( 'NONE', ( #4494 ), #256, .T. ) ;
#1703 = CARTESIAN_POINT ( 'NONE',  ( 2.418641436370359887, 0.8964290159990536688, -1.827994025134671574 ) ) ;
#1704 = CARTESIAN_POINT ( 'NONE',  ( 2.278887162866086502, 0.9064290159990536777, -0.9692008325059928708 ) ) ;
#1705 = CARTESIAN_POINT ( 'NONE',  ( 3.172988682159515239, 0.9064290159990535667, -3.594098210845694918 ) ) ;
#1706 = CARTESIAN_POINT ( 'NONE',  ( 3.476594716213635472, 0.8964290159990538909, -3.734457929772840856 ) ) ;
#1707 = EDGE_CURVE ( 'NONE', #135, #38, #723, .T. ) ;
#1708 = VERTEX_POINT ( 'NONE', #2169 ) ;
#1709 = B_SPLINE_SURFACE_WITH_KNOTS ( 'NONE', 3, 1, ( 
 ( #2062, #5751 ),
 ( #2916, #1494 ),
 ( #1589, #1114 ),
 ( #4921, #5285 ),
 ( #1020, #5780 ),
 ( #4881, #993 ),
 ( #2637, #4822 ),
 ( #1524, #2948 ),
 ( #1711, #266 ),
 ( #2888, #5318 ),
 ( #3918, #1051 ),
 ( #4849, #576 ),
 ( #2486, #2027 ),
 ( #2979, #611 ),
 ( #2518, #3951 ),
 ( #1780, #360 ),
 ( #390, #5498 ) ),
 .UNSPECIFIED., .F., .F., .F.,
 ( 4, 1, 1, 1, 1, 1, 1, 1, 1, 1, 1, 1, 1, 1, 4 ),
 ( 2, 2 ),
 ( 0.0000000000000000000, 0.1277706293124476200, 0.2439804506356082481, 0.3480758004030589103, 0.4406650460066899311, 0.5230791416656183079, 0.5935156255361748734, 0.6552269717712234653, 0.7090791295509711878, 0.7569732727241815784, 0.7987624002830164827, 0.8347047937630662773, 0.8644111872596792479, 0.9254754689597471939, 1.000000000000000000 ),
 ( 0.0000000000000000000, 1.000000000000000000 ),
 .UNSPECIFIED. ) ;
#1710 = VERTEX_POINT ( 'NONE', #4057 ) ;
#1711 = CARTESIAN_POINT ( 'NONE',  ( 3.196068823076759546, 0.9064290159990536777, -3.402922117411486980 ) ) ;
#1712 = ORIENTED_EDGE ( 'NONE', *, *, #4955, .F. ) ;
#1713 = MECHANICAL_DESIGN_GEOMETRIC_PRESENTATION_REPRESENTATION (  '', ( #1603 ), #4193 ) ;
#1714 = DIRECTION ( 'NONE',  ( -0.2647344081641659352, 0.0000000000000000000, 0.9643213640348162752 ) ) ;
#1715 = ORIENTED_EDGE ( 'NONE', *, *, #5650, .F. ) ;
#1716 = CARTESIAN_POINT ( 'NONE',  ( 3.093982258282270692, 0.9064290159990537887, -3.888173598725666924 ) ) ;
#1717 = CARTESIAN_POINT ( 'NONE',  ( 3.234472431830427652, 0.8964290159990534468, -3.476165579217720847 ) ) ;
#1718 = PLANE ( 'NONE',  #5792 ) ;
#1719 = ORIENTED_EDGE ( 'NONE', *, *, #5296, .T. ) ;
#1720 = EDGE_CURVE ( 'NONE', #3223, #1708, #148, .T. ) ;
#1721 = B_SPLINE_CURVE_WITH_KNOTS ( 'NONE', 3,
 ( #3754, #5673, #911, #4277, #63, #5643, #4304, #1504, #3399, #4712, #412, #5291, #3369, #4766, #2811 ),
 .UNSPECIFIED., .F., .F.,
 ( 4, 1, 1, 1, 1, 1, 1, 1, 1, 1, 1, 1, 4 ),
 ( 0.0000000000000000000, 0.1046034082679827976, 0.2145115315724320237, 0.3316919673939478508, 0.4557434077626733027, 0.5200308860970273006, 0.5842901427240489998, 0.6490772883699977847, 0.7151458860839163822, 0.7825911865829718872, 0.8523255075812795623, 0.9250395303005765069, 1.000000000000000000 ),
 .UNSPECIFIED. ) ;
#1722 = LINE ( 'NONE', #3984, #2351 ) ;
#1723 = EDGE_LOOP ( 'NONE', ( #1591, #4195, #5035, #1697 ) ) ;
#1724 = VECTOR ( 'NONE', #1063, 1000.000000000000000 ) ;
#1725 = SURFACE_SIDE_STYLE ('',( #4111 ) ) ;
#1726 = ORIENTED_EDGE ( 'NONE', *, *, #1980, .F. ) ;
#1727 = CARTESIAN_POINT ( 'NONE',  ( 1.536018573122496900, 0.8964290159990536688, -1.077005820486762078 ) ) ;
#1728 = SURFACE_STYLE_FILL_AREA ( #4116 ) ;
#1729 = FACE_OUTER_BOUND ( 'NONE', #1777, .T. ) ;
#1730 = LINE ( 'NONE', #4121, #5064 ) ;
#1731 = DIRECTION ( 'NONE',  ( 0.0000000000000000000, 0.0000000000000000000, 1.000000000000000000 ) ) ;
#1732 = ORIENTED_EDGE ( 'NONE', *, *, #5317, .T. ) ;
#1733 = CARTESIAN_POINT ( 'NONE',  ( 1.412313144436599277, 0.8964290159990536688, -1.827994025134671574 ) ) ;
#1734 = VECTOR ( 'NONE', #2226, 1000.000000000000000 ) ;
#1735 = ORIENTED_EDGE ( 'NONE', *, *, #3899, .F. ) ;
#1736 = VECTOR ( 'NONE', #3663, 1000.000000000000000 ) ;
#1737 = CARTESIAN_POINT ( 'NONE',  ( 3.493531828988115429, 0.8964290159990537799, -3.799599196143114810 ) ) ;
#1738 =( LENGTH_UNIT ( ) NAMED_UNIT ( * ) SI_UNIT ( .MILLI., .METRE. ) );
#1739 = CARTESIAN_POINT ( 'NONE',  ( 3.510467106377979984, 0.9064290159990534557, -3.705167039981508204 ) ) ;
#1740 = PLANE ( 'NONE',  #4928 ) ;
#1741 = COLOUR_RGB ( '',0.7529411764705882248, 0.7529411764705882248, 0.7529411764705882248 ) ;
#1742 = ORIENTED_EDGE ( 'NONE', *, *, #4758, .F. ) ;
#1743 = ADVANCED_FACE ( 'NONE', ( #1410 ), #2838, .T. ) ;
#1744 = VECTOR ( 'NONE', #1181, 1000.000000000000000 ) ;
#1745 = VERTEX_POINT ( 'NONE', #3214 ) ;
#1746 = DIRECTION ( 'NONE',  ( 0.8769390707362905157, -0.0000000000000000000, 0.4806015670138532592 ) ) ;
#1747 = FILL_AREA_STYLE ('',( #5469 ) ) ;
#1748 = EDGE_LOOP ( 'NONE', ( #5899, #2510, #1165, #2449 ) ) ;
#1749 = CARTESIAN_POINT ( 'NONE',  ( 2.633360987652411112, 0.8964290159990536688, -0.8254608485316339284 ) ) ;
#1750 = VECTOR ( 'NONE', #6156, 1000.000000000000000 ) ;
#1751 = ORIENTED_EDGE ( 'NONE', *, *, #861, .F. ) ;
#1752 = CARTESIAN_POINT ( 'NONE',  ( 3.189579729736453650, 0.8964290159990534468, -3.936275259819760564 ) ) ;
#1753 = DIRECTION ( 'NONE',  ( 1.000000000000000000, 0.0000000000000000000, 0.0000000000000000000 ) ) ;
#1754 = CARTESIAN_POINT ( 'NONE',  ( 1.971099314902991395, 0.8964290159990536688, -3.880276478999032275 ) ) ;
#1755 = ORIENTED_EDGE ( 'NONE', *, *, #4517, .F. ) ;
#1756 = EDGE_CURVE ( 'NONE', #1144, #4534, #879, .T. ) ;
#1757 = VECTOR ( 'NONE', #1913, 1000.000000000000000 ) ;
#1758 = CARTESIAN_POINT ( 'NONE',  ( 3.292126818533783972, 0.9064290159990540108, -3.058855575476886912 ) ) ;
#1759 = VERTEX_POINT ( 'NONE', #438 ) ;
#1760 = CARTESIAN_POINT ( 'NONE',  ( 0.7921725249288645854, 0.9064290159990536777, -0.8300843086968849871 ) ) ;
#1761 =( GEOMETRIC_REPRESENTATION_CONTEXT ( 3 ) GLOBAL_UNCERTAINTY_ASSIGNED_CONTEXT ( ( #198 ) ) GLOBAL_UNIT_ASSIGNED_CONTEXT ( ( #2014, #2963, #4901 ) ) REPRESENTATION_CONTEXT ( 'NONE', 'WORKASPACE' ) );
#1762 = VERTEX_POINT ( 'NONE', #4246 ) ;
#1763 = DIRECTION ( 'NONE',  ( 0.0000000000000000000, 1.000000000000000000, 0.0000000000000000000 ) ) ;
#1764 = CARTESIAN_POINT ( 'NONE',  ( 0.0000000000000000000, 0.9064290159990536777, 0.0000000000000000000 ) ) ;
#1765 = LINE ( 'NONE', #3586, #943 ) ;
#1766 = CARTESIAN_POINT ( 'NONE',  ( 0.5296574791319047515, 0.8964290159990534468, -0.8127767024394290107 ) ) ;
#1767 = ADVANCED_FACE ( 'NONE', ( #3807 ), #4736, .T. ) ;
#1768 = CARTESIAN_POINT ( 'NONE',  ( 2.063149983378907315, 0.9064290159990536777, -1.827994025134671574 ) ) ;
#1769 = EDGE_LOOP ( 'NONE', ( #5771, #4868, #2007, #1146 ) ) ;
#1770 = CARTESIAN_POINT ( 'NONE',  ( 3.057686145084236529, 0.9064290159990538998, -4.140831640543555459 ) ) ;
#1771 = ORIENTED_EDGE ( 'NONE', *, *, #669, .F. ) ;
#1772 = CARTESIAN_POINT ( 'NONE',  ( 2.640145175686599011, 0.9064290159990536777, -0.8254608485316339284 ) ) ;
#1773 = DIRECTION ( 'NONE',  ( 0.8770411504904065403, 0.0000000000000000000, -0.4804152582365220359 ) ) ;
#1774 = CARTESIAN_POINT ( 'NONE',  ( 3.159262234592108420, 0.9064290159990538998, -3.600700108364979446 ) ) ;
#1775 = FACE_OUTER_BOUND ( 'NONE', #731, .T. ) ;
#1776 = AXIS2_PLACEMENT_3D ( 'NONE', #2093, #2122, #3550 ) ;
#1777 = EDGE_LOOP ( 'NONE', ( #1735, #5372, #3616, #2111 ) ) ;
#1778 = EDGE_CURVE ( 'NONE', #1759, #563, #2352, .T. ) ;
#1779 = ORIENTED_EDGE ( 'NONE', *, *, #5587, .F. ) ;
#1780 = CARTESIAN_POINT ( 'NONE',  ( 3.234744752077709951, 0.9064290159990535667, -3.489864385543285596 ) ) ;
#1781 = ORIENTED_EDGE ( 'NONE', *, *, #5583, .F. ) ;
#1782 = DIRECTION ( 'NONE',  ( -0.4804543040264417919, 0.0000000000000000000, 0.8770197613181058838 ) ) ;
#1783 = CARTESIAN_POINT ( 'NONE',  ( 3.030982218474762568, 0.8964290159990535578, -3.880852395572308211 ) ) ;
#1784 = CARTESIAN_POINT ( 'NONE',  ( 3.234894429166190744, 0.8964290159990536688, -3.497393746532523551 ) ) ;
#1785 = ORIENTED_EDGE ( 'NONE', *, *, #3863, .F. ) ;
#1786 = ADVANCED_FACE ( 'NONE', ( #4273 ), #4214, .T. ) ;
#1787 = EDGE_CURVE ( 'NONE', #691, #5102, #1857, .T. ) ;
#1788 = ORIENTED_EDGE ( 'NONE', *, *, #5022, .F. ) ;
#1789 = DIRECTION ( 'NONE',  ( 0.4804543040264424580, 0.0000000000000000000, -0.8770197613181054397 ) ) ;
#1790 = ORIENTED_EDGE ( 'NONE', *, *, #4345, .F. ) ;
#1791 = LINE ( 'NONE', #5572, #2144 ) ;
#1792 = DIRECTION ( 'NONE',  ( 0.0000000000000000000, -0.0000000000000000000, 1.000000000000000000 ) ) ;
#1793 = EDGE_CURVE ( 'NONE', #170, #1513, #409, .T. ) ;
#1794 = CARTESIAN_POINT ( 'NONE',  ( 2.764635026113949845, 0.8964290159990536688, -2.357160691801337915 ) ) ;
#1795 = LINE ( 'NONE', #3681, #3468 ) ;
#1796 = CARTESIAN_POINT ( 'NONE',  ( 2.481501178624633486, 0.8964290159990536688, -2.357160691801337915 ) ) ;
#1797 = FACE_OUTER_BOUND ( 'NONE', #2397, .T. ) ;
#1798 = DIRECTION ( 'NONE',  ( -1.000000000000000000, 0.0000000000000000000, 0.0000000000000000000 ) ) ;
#1799 = AXIS2_PLACEMENT_3D ( 'NONE', #219, #5269, #3873 ) ;
#1800 = EDGE_CURVE ( 'NONE', #5765, #6083, #5696, .T. ) ;
#1801 = CARTESIAN_POINT ( 'NONE',  ( 3.125553829532752736, 0.9064290159990536777, -1.827994025134671574 ) ) ;
#1802 = DIRECTION ( 'NONE',  ( -0.0000000000000000000, -1.000000000000000000, -0.0000000000000000000 ) ) ;
#1803 = CARTESIAN_POINT ( 'NONE',  ( 3.185373349396967591, 0.9064290159990537887, -3.586856304024492736 ) ) ;
#1804 = CARTESIAN_POINT ( 'NONE',  ( 3.628546020126873106, 0.8964290159990535578, -3.513287820428384833 ) ) ;
#1805 = VERTEX_POINT ( 'NONE', #4707 ) ;
#1806 = VECTOR ( 'NONE', #4866, 1000.000000000000000 ) ;
#1807 = ORIENTED_EDGE ( 'NONE', *, *, #6040, .F. ) ;
#1808 = DIRECTION ( 'NONE',  ( -0.8771107020363836382, 0.0000000000000000000, 0.4802882638304235008 ) ) ;
#1809 = ORIENTED_EDGE ( 'NONE', *, *, #1865, .T. ) ;
#1810 = CARTESIAN_POINT ( 'NONE',  ( 4.755932850279748436, -0.01000000000000000021, -0.3293093895995677367 ) ) ;
#1811 = CARTESIAN_POINT ( 'NONE',  ( 1.583507889361813081, 0.9064290159990536777, -1.077005820486762078 ) ) ;
#1812 = VERTEX_POINT ( 'NONE', #5144 ) ;
#1813 = VECTOR ( 'NONE', #654, 1000.000000000000000 ) ;
#1814 = CARTESIAN_POINT ( 'NONE',  ( 3.292126818533783972, 0.9064290159990540108, -3.058855575476886912 ) ) ;
#1815 = EDGE_LOOP ( 'NONE', ( #623, #2541, #5808, #2180 ) ) ;
#1816 = LINE ( 'NONE', #1847, #1094 ) ;
#1817 = ORIENTED_EDGE ( 'NONE', *, *, #2612, .F. ) ;
#1818 = CARTESIAN_POINT ( 'NONE',  ( 0.5505018879068303006, 0.8964290159990541129, -0.7300498225709709521 ) ) ;
#1819 = VECTOR ( 'NONE', #5929, 1000.000000000000000 ) ;
#1820 = FACE_OUTER_BOUND ( 'NONE', #2185, .T. ) ;
#1821 = EDGE_CURVE ( 'NONE', #3742, #6129, #495, .T. ) ;
#1822 = CARTESIAN_POINT ( 'NONE',  ( 3.057686145084236529, 0.9064290159990536777, -4.140831640543555459 ) ) ;
#1823 = DIRECTION ( 'NONE',  ( -0.0000000000000000000, -1.000000000000000000, -0.0000000000000000000 ) ) ;
#1824 = PRESENTATION_STYLE_ASSIGNMENT (( #2684 ) ) ;
#1825 = B_SPLINE_CURVE_WITH_KNOTS ( 'NONE', 3,
 ( #856, #381, #4217, #4652, #5174, #4189, #6069, #6099, #4711, #1830, #3721, #3246, #5145, #910, #881, #2782, #5642, #441, #1886 ),
 .UNSPECIFIED., .F., .F.,
 ( 4, 1, 1, 1, 1, 1, 1, 1, 1, 1, 1, 1, 1, 1, 1, 1, 4 ),
 ( 0.0000000000000000000, 0.09546510449171005663, 0.1858575897923443465, 0.2710349793365074977, 0.3517277028838312614, 0.4270736388201363809, 0.4957100026978949470, 0.5587525136388116209, 0.6169147795200194961, 0.6714863062766501800, 0.7233083748797395351, 0.7727831595727385761, 0.8206259410641828511, 0.8668866673586645977, 0.9115747216525511565, 0.9560569530428016938, 1.000000000000000000 ),
 .UNSPECIFIED. ) ;
#1826 = DIRECTION ( 'NONE',  ( -0.4802758347947843065, 0.0000000000000000000, -0.8771175078130484248 ) ) ;
#1827 = PRODUCT_DEFINITION_CONTEXT ( 'detailed design', #373, 'design' ) ;
#1828 = CARTESIAN_POINT ( 'NONE',  ( 2.640145175686599011, 0.8964290159990536688, -0.8254608485316339284 ) ) ;
#1829 = EDGE_CURVE ( 'NONE', #5376, #5765, #2751, .T. ) ;
#1830 = CARTESIAN_POINT ( 'NONE',  ( 3.480115801829996691, 0.9064290159990537887, -4.328232075881475183 ) ) ;
#1831 = CARTESIAN_POINT ( 'NONE',  ( 1.836462051309610821, 0.9064290159990536777, -3.364295194523067245 ) ) ;
#1832 = CARTESIAN_POINT ( 'NONE',  ( 3.476838504437862021, 0.8964290159990534468, -3.785735501662867097 ) ) ;
#1833 = EDGE_CURVE ( 'NONE', #1013, #5292, #2406, .T. ) ;
#1834 = VERTEX_POINT ( 'NONE', #3687 ) ;
#1835 = UNCERTAINTY_MEASURE_WITH_UNIT (LENGTH_MEASURE( 1.000000000000000082E-05 ), #41, 'distance_accuracy_value', 'NONE');
#1836 = ORIENTED_EDGE ( 'NONE', *, *, #4549, .T. ) ;
#1837 = FACE_OUTER_BOUND ( 'NONE', #5677, .T. ) ;
#1838 = EDGE_CURVE ( 'NONE', #4316, #5859, #5580, .T. ) ;
#1839 = VECTOR ( 'NONE', #4258, 1000.000000000000000 ) ;
#1840 = VERTEX_POINT ( 'NONE', #4650 ) ;
#1841 = FACE_OUTER_BOUND ( 'NONE', #4658, .T. ) ;
#1842 = DIRECTION ( 'NONE',  ( -0.9654103710690745688, 0.0000000000000000000, -0.2607351442216254145 ) ) ;
#1843 = PLANE ( 'NONE',  #5031 ) ;
#1844 = ORIENTED_EDGE ( 'NONE', *, *, #5289, .F. ) ;
#1845 = CARTESIAN_POINT ( 'NONE',  ( 3.164641706366693175, 0.9064290159990536777, -3.043807291928056102 ) ) ;
#1846 = ORIENTED_EDGE ( 'NONE', *, *, #2467, .T. ) ;
#1847 = CARTESIAN_POINT ( 'NONE',  ( 2.595030325259248816, 0.8964290159990536688, -2.149924947944500619 ) ) ;
#1848 = ORIENTED_EDGE ( 'NONE', *, *, #2745, .F. ) ;
#1849 = CARTESIAN_POINT ( 'NONE',  ( 1.836462051309610821, 0.9064290159990536777, -3.364295194523067245 ) ) ;
#1850 = CARTESIAN_POINT ( 'NONE',  ( 2.801269641498564944, 0.8964290159990536688, -1.230180065946163914 ) ) ;
#1851 = DIRECTION ( 'NONE',  ( -1.000000000000000000, 0.0000000000000000000, -0.0000000000000000000 ) ) ;
#1852 = VECTOR ( 'NONE', #2437, 1000.000000000000000 ) ;
#1853 = COLOUR_RGB ( '',0.1019607843137254888, 0.1019607843137254888, 0.1019607843137254888 ) ;
#1854 = VECTOR ( 'NONE', #901, 1000.000000000000000 ) ;
#1855 = DIRECTION ( 'NONE',  ( -0.0000000000000000000, 1.000000000000000000, -0.0000000000000000000 ) ) ;
#1856 = DIRECTION ( 'NONE',  ( 0.7871623908499749689, 0.0000000000000000000, -0.6167457907690584440 ) ) ;
#1857 = LINE ( 'NONE', #2863, #5612 ) ;
#1858 = LINE ( 'NONE', #4738, #5654 ) ;
#1859 = CARTESIAN_POINT ( 'NONE',  ( 1.356237590216513800, 0.9064290159990536777, -1.827994025134671574 ) ) ;
#1860 = EDGE_CURVE ( 'NONE', #3933, #1108, #4186, .T. ) ;
#1861 = CARTESIAN_POINT ( 'NONE',  ( 3.637267508362408197, 0.8964290159990535578, -3.426356561741349172 ) ) ;
#1862 = CARTESIAN_POINT ( 'NONE',  ( 4.155932850279749680, -0.01000000000000000021, -2.879309389599567837 ) ) ;
#1863 = EDGE_CURVE ( 'NONE', #1368, #3310, #3717, .T. ) ;
#1864 = ORIENTED_EDGE ( 'NONE', *, *, #571, .F. ) ;
#1865 = EDGE_CURVE ( 'NONE', #2384, #4148, #2779, .T. ) ;
#1866 = EDGE_LOOP ( 'NONE', ( #5457, #2269, #3985, #3636 ) ) ;
#1867 = EDGE_CURVE ( 'NONE', #2150, #4576, #1055, .T. ) ;
#1868 = VERTEX_POINT ( 'NONE', #5288 ) ;
#1869 = PLANE ( 'NONE',  #2687 ) ;
#1870 = DIRECTION ( 'NONE',  ( 0.0000000000000000000, 0.0000000000000000000, -1.000000000000000000 ) ) ;
#1871 = CARTESIAN_POINT ( 'NONE',  ( 0.0000000000000000000, 0.8964290159990536688, 0.0000000000000000000 ) ) ;
#1872 = EDGE_LOOP ( 'NONE', ( #2614, #6074, #5403, #5177 ) ) ;
#1873 = CARTESIAN_POINT ( 'NONE',  ( 3.007769316931325321, 0.8964290159990535578, -3.880474294259473211 ) ) ;
#1874 = EDGE_LOOP ( 'NONE', ( #1223, #5265, #1665, #3881 ) ) ;
#1875 = CARTESIAN_POINT ( 'NONE',  ( 3.405932850279748791, -0.01000000000000000021, -4.729309389599568370 ) ) ;
#1876 = ORIENTED_EDGE ( 'NONE', *, *, #1066, .T. ) ;
#1877 = DIRECTION ( 'NONE',  ( 0.0000000000000000000, -1.000000000000000000, 0.0000000000000000000 ) ) ;
#1878 = LINE ( 'NONE', #3770, #4621 ) ;
#1879 = PLANE ( 'NONE',  #2253 ) ;
#1880 = CARTESIAN_POINT ( 'NONE',  ( 1.419097332470787398, 0.8964290159990536688, -2.357160691801337915 ) ) ;
#1881 = CARTESIAN_POINT ( 'NONE',  ( 2.492589085943009763, 0.8964290159990536688, -1.354627515198300491 ) ) ;
#1882 = CARTESIAN_POINT ( 'NONE',  ( 3.172988682159515239, 0.8964290159990535578, -3.594098210845694918 ) ) ;
#1883 = EDGE_CURVE ( 'NONE', #1834, #3355, #5567, .T. ) ;
#1884 = CARTESIAN_POINT ( 'NONE',  ( 5.000000000000000000, 0.0000000000000000000, 0.0000000000000000000 ) ) ;
#1885 = CARTESIAN_POINT ( 'NONE',  ( 4.755932850279749324, -0.01000000000000000021, -4.729309389599568370 ) ) ;
#1886 = CARTESIAN_POINT ( 'NONE',  ( 3.610596507574385772, 0.9064290159990536777, -4.059279926595564802 ) ) ;
#1887 = CARTESIAN_POINT ( 'NONE',  ( 3.637040303024530186, 0.9064290159990534557, -3.436447298890381585 ) ) ;
#1888 = CARTESIAN_POINT ( 'NONE',  ( 3.610383696602669890, 0.8964290159990536688, -4.046700604268977486 ) ) ;
#1889 = COLOUR_RGB ( '',0.7529411764705882248, 0.7529411764705882248, 0.7529411764705882248 ) ;
#1890 = ORIENTED_EDGE ( 'NONE', *, *, #398, .F. ) ;
#1891 = VECTOR ( 'NONE', #4248, 1000.000000000000000 ) ;
#1892 = CARTESIAN_POINT ( 'NONE',  ( 1.283295236888807089, 0.8964290159990536688, -4.461653005791782256 ) ) ;
#1893 = CARTESIAN_POINT ( 'NONE',  ( 2.240895709874633379, 0.9064290159990536777, -2.149924947944500619 ) ) ;
#1894 = FACE_OUTER_BOUND ( 'NONE', #3432, .T. ) ;
#1895 = VECTOR ( 'NONE', #3916, 1000.000000000000000 ) ;
#1896 = VERTEX_POINT ( 'NONE', #1024 ) ;
#1897 = CARTESIAN_POINT ( 'NONE',  ( 2.410500410729334408, 0.9064290159990536777, -2.357160691801337915 ) ) ;
#1898 = ORIENTED_EDGE ( 'NONE', *, *, #58, .F. ) ;
#1899 = VECTOR ( 'NONE', #2904, 1000.000000000000000 ) ;
#1900 = CARTESIAN_POINT ( 'NONE',  ( 0.5505018879068303006, 0.8964290159990541129, -0.7300498225709709521 ) ) ;
#1901 = ORIENTED_EDGE ( 'NONE', *, *, #5698, .T. ) ;
#1902 =( NAMED_UNIT ( * ) PLANE_ANGLE_UNIT ( ) SI_UNIT ( $, .RADIAN. ) );
#1903 = ORIENTED_EDGE ( 'NONE', *, *, #4256, .F. ) ;
#1904 = CARTESIAN_POINT ( 'NONE',  ( 3.610596507574385772, 0.9064290159990536777, -4.059279926595564802 ) ) ;
#1905 = DIRECTION ( 'NONE',  ( 0.4804543040264424580, 0.0000000000000000000, -0.8770197613181054397 ) ) ;
#1906 = VECTOR ( 'NONE', #1244, 1000.000000000000227 ) ;
#1907 = EDGE_CURVE ( 'NONE', #5163, #4038, #1497, .T. ) ;
#1908 = LINE ( 'NONE', #1349, #4592 ) ;
#1909 = DIRECTION ( 'NONE',  ( -0.2603341375417481118, 0.0000000000000000000, 0.9655185844044609222 ) ) ;
#1910 = DIRECTION ( 'NONE',  ( -0.0000000000000000000, -1.000000000000000000, -0.0000000000000000000 ) ) ;
#1911 = EDGE_CURVE ( 'NONE', #4778, #1154, #5756, .T. ) ;
#1912 = VECTOR ( 'NONE', #492, 1000.000000000000000 ) ;
#1913 = DIRECTION ( 'NONE',  ( -1.734723475976807094E-16, 0.0000000000000000000, -1.000000000000000000 ) ) ;
#1914 = EDGE_CURVE ( 'NONE', #5102, #2942, #2924, .T. ) ;
#1915 = CARTESIAN_POINT ( 'NONE',  ( 0.6059328502797489691, -0.01000000000000000021, -0.3293093895995677367 ) ) ;
#1916 = DIRECTION ( 'NONE',  ( -0.0000000000000000000, -1.000000000000000000, -0.0000000000000000000 ) ) ;
#1917 = CARTESIAN_POINT ( 'NONE',  ( 3.598870379063146885, 0.8964290159990536688, -3.954164567234501160 ) ) ;
#1918 = VERTEX_POINT ( 'NONE', #5729 ) ;
#1919 = DIRECTION ( 'NONE',  ( 0.4804543040264410148, 0.0000000000000000000, 0.8770197613181063279 ) ) ;
#1920 = DIRECTION ( 'NONE',  ( 0.0000000000000000000, 0.0000000000000000000, -1.000000000000000000 ) ) ;
#1921 = CARTESIAN_POINT ( 'NONE',  ( 4.755932850279748436, -0.01000000000000000021, -0.3293093895995677367 ) ) ;
#1922 = ORIENTED_EDGE ( 'NONE', *, *, #5876, .F. ) ;
#1923 = CARTESIAN_POINT ( 'NONE',  ( 2.801269641498564944, 0.9064290159990536777, -1.230180065946163914 ) ) ;
#1924 = ORIENTED_EDGE ( 'NONE', *, *, #58, .T. ) ;
#1925 = VECTOR ( 'NONE', #4460, 1000.000000000000000 ) ;
#1926 = CARTESIAN_POINT ( 'NONE',  ( 1.532626479105402728, 0.9064290159990536777, -2.047526109803475158 ) ) ;
#1927 = EDGE_LOOP ( 'NONE', ( #4305, #427, #2505, #3574 ) ) ;
#1928 = VERTEX_POINT ( 'NONE', #2524 ) ;
#1929 = CARTESIAN_POINT ( 'NONE',  ( 2.828851605975060135, 0.9064290159990536777, -1.827994025134671574 ) ) ;
#1930 = VECTOR ( 'NONE', #4702, 1000.000000000000227 ) ;
#1931 = FACE_OUTER_BOUND ( 'NONE', #1579, .T. ) ;
#1932 = VECTOR ( 'NONE', #4657, 1000.000000000000114 ) ;
#1933 = LINE ( 'NONE', #5284, #5359 ) ;
#1934 = EDGE_CURVE ( 'NONE', #3038, #4443, #3456, .T. ) ;
#1935 = LINE ( 'NONE', #1822, #2213 ) ;
#1936 = CARTESIAN_POINT ( 'NONE',  ( 3.405932850279748791, -0.01000000000000000021, -4.729309389599568370 ) ) ;
#1937 = LINE ( 'NONE', #3365, #5953 ) ;
#1938 = VECTOR ( 'NONE', #4948, 1000.000000000000000 ) ;
#1939 = PRESENTATION_LAYER_ASSIGNMENT (  '', '', ( #847 ) ) ;
#1940 = VECTOR ( 'NONE', #3481, 1000.000000000000000 ) ;
#1941 = CARTESIAN_POINT ( 'NONE',  ( 3.511657118645752362, 0.8964290159990536688, -4.297539192479100656 ) ) ;
#1942 = EDGE_CURVE ( 'NONE', #4946, #3226, #3891, .T. ) ;
#1943 = AXIS2_PLACEMENT_3D ( 'NONE', #5817, #5350, #1085 ) ;
#1944 = CARTESIAN_POINT ( 'NONE',  ( 2.268986488453693440, 0.9064290159990536777, -2.098725528873987667 ) ) ;
#1945 = LINE ( 'NONE', #62, #3419 ) ;
#1946 = DIRECTION ( 'NONE',  ( -0.2607351442216253590, 0.0000000000000000000, 0.9654103710690744578 ) ) ;
#1947 = VERTEX_POINT ( 'NONE', #114 ) ;
#1948 = CARTESIAN_POINT ( 'NONE',  ( 3.486294407631605363, 0.8964290159990538909, -3.793503509152977848 ) ) ;
#1949 = B_SPLINE_SURFACE_WITH_KNOTS ( 'NONE', 3, 1, ( 
 ( #5995, #4604 ),
 ( #5627, #6051 ),
 ( #4104, #1783 ),
 ( #3671, #3103 ),
 ( #1716, #5130 ),
 ( #5100, #363 ),
 ( #2670, #4199 ),
 ( #3700, #393 ),
 ( #805, #5503 ),
 ( #835, #1752 ),
 ( #6078, #5594 ),
 ( #2302, #2734 ),
 ( #4638, #270 ),
 ( #3642, #1279 ),
 ( #3609, #3229 ),
 ( #2249, #5008 ),
 ( #867, #2704 ) ),
 .UNSPECIFIED., .F., .F., .F.,
 ( 4, 1, 1, 1, 1, 1, 1, 1, 1, 1, 1, 1, 1, 1, 4 ),
 ( 2, 2 ),
 ( 0.0000000000000000000, 0.1206660733040195999, 0.2306394391884428186, 0.3303518480381322786, 0.4203827931102910864, 0.5007196380486803600, 0.5721369648296099619, 0.6339759756642175947, 0.6899155697071901461, 0.7408030946708973330, 0.7861101393510732116, 0.8256243424264397834, 0.8600233983262874915, 0.9268261652858496014, 1.000000000000000000 ),
 ( 0.0000000000000000000, 1.000000000000000000 ),
 .UNSPECIFIED. ) ;
#1950 = ORIENTED_EDGE ( 'NONE', *, *, #4812, .T. ) ;
#1951 = AXIS2_PLACEMENT_3D ( 'NONE', #3314, #1034, #2900 ) ;
#1952 = CARTESIAN_POINT ( 'NONE',  ( 5.000000000000000000, 0.8964290159990536688, 0.0000000000000000000 ) ) ;
#1953 = DIRECTION ( 'NONE',  ( 1.000000000000000000, 0.0000000000000000000, 0.0000000000000000000 ) ) ;
#1954 = PLANE ( 'NONE',  #840 ) ;
#1955 = CARTESIAN_POINT ( 'NONE',  ( 0.3559328502797495797, 0.0000000000000000000, -4.729309389599568370 ) ) ;
#1956 = ADVANCED_FACE ( 'NONE', ( #2557 ), #2032, .T. ) ;
#1957 = VERTEX_POINT ( 'NONE', #2892 ) ;
#1958 = LINE ( 'NONE', #480, #2848 ) ;
#1959 = ORIENTED_EDGE ( 'NONE', *, *, #4568, .T. ) ;
#1960 = CARTESIAN_POINT ( 'NONE',  ( 3.455943786797710082, 0.8964290159990536688, -0.8254608485316339284 ) ) ;
#1961 = ORIENTED_EDGE ( 'NONE', *, *, #2686, .T. ) ;
#1962 = CARTESIAN_POINT ( 'NONE',  ( 3.057686145084236529, 0.9064290159990536777, -4.140831640543555459 ) ) ;
#1963 = ORIENTED_EDGE ( 'NONE', *, *, #3329, .T. ) ;
#1964 = EDGE_CURVE ( 'NONE', #5280, #2224, #1973, .T. ) ;
#1965 = EDGE_CURVE ( 'NONE', #371, #2369, #3862, .T. ) ;
#1966 = DIRECTION ( 'NONE',  ( 0.0000000000000000000, 0.0000000000000000000, -1.000000000000000000 ) ) ;
#1967 = DIRECTION ( 'NONE',  ( 0.0000000000000000000, 0.0000000000000000000, -1.000000000000000000 ) ) ;
#1968 = ADVANCED_FACE ( 'NONE', ( #1594 ), #5383, .T. ) ;
#1969 = CARTESIAN_POINT ( 'NONE',  ( 1.858670315910958104, 0.9064290159990536777, -2.098725528873987667 ) ) ;
#1970 = CARTESIAN_POINT ( 'NONE',  ( 3.077264066506099294, 0.9064290159990541218, -3.367248381857778305 ) ) ;
#1971 = FACE_OUTER_BOUND ( 'NONE', #3515, .T. ) ;
#1972 = EDGE_CURVE ( 'NONE', #5558, #4778, #523, .T. ) ;
#1973 = LINE ( 'NONE', #4888, #2738 ) ;
#1974 = CARTESIAN_POINT ( 'NONE',  ( 0.5383520624292656986, 0.9064290159990533446, -0.7529350656346994741 ) ) ;
#1975 = CARTESIAN_POINT ( 'NONE',  ( 3.637267508362408197, 0.8964290159990535578, -3.426356561741349172 ) ) ;
#1976 = LINE ( 'NONE', #1413, #5013 ) ;
#1977 = B_SPLINE_CURVE_WITH_KNOTS ( 'NONE', 3,
 ( #5047, #5443, #3012, #776, #309, #651, #1620, #1153, #1184, #3045, #4482, #213, #3078, #4981, #1758, #3176, #5540, #6002, #3646 ),
 .UNSPECIFIED., .F., .F.,
 ( 4, 1, 1, 1, 1, 1, 1, 1, 1, 1, 1, 1, 1, 1, 1, 1, 4 ),
 ( 0.0000000000000000000, 0.05532994753244363517, 0.1095669129065141856, 0.1635052341545482624, 0.2181068326408382996, 0.2745542418920282612, 0.3325493756472083784, 0.3937865580565333423, 0.4585889581839310836, 0.5247912453323901882, 0.5900678770463961831, 0.6556562814272623996, 0.7214312517726384488, 0.7881687928130066689, 0.8565958983758099610, 0.9271866057981048570, 1.000000000000000000 ),
 .UNSPECIFIED. ) ;
#1978 = ORIENTED_EDGE ( 'NONE', *, *, #715, .T. ) ;
#1979 = CARTESIAN_POINT ( 'NONE',  ( 0.7850464412155366833, 0.9064290159990537887, -0.7527806176124559601 ) ) ;
#1980 = EDGE_CURVE ( 'NONE', #4103, #3551, #4333, .T. ) ;
#1981 = VERTEX_POINT ( 'NONE', #3182 ) ;
#1982 = CARTESIAN_POINT ( 'NONE',  ( 3.178174414926473013, 0.9064290159990535667, -3.923555183153145887 ) ) ;
#1983 = DIRECTION ( 'NONE',  ( -0.4806015670138532592, 0.0000000000000000000, 0.8769390707362905157 ) ) ;
#1984 = CARTESIAN_POINT ( 'NONE',  ( 4.155932850279749680, -0.01000000000000000021, -4.729309389599568370 ) ) ;
#1985 = VECTOR ( 'NONE', #4616, 1000.000000000000114 ) ;
#1986 = LINE ( 'NONE', #2110, #5568 ) ;
#1987 = ORIENTED_EDGE ( 'NONE', *, *, #6062, .T. ) ;
#1988 = CARTESIAN_POINT ( 'NONE',  ( 1.914851873069078003, 0.8964290159990536688, -2.098725528873987667 ) ) ;
#1989 = ORIENTED_EDGE ( 'NONE', *, *, #2285, .F. ) ;
#1990 = VECTOR ( 'NONE', #2753, 1000.000000000000000 ) ;
#1991 = CARTESIAN_POINT ( 'NONE',  ( 3.120489799515830054, 0.8964290159990537799, -3.894408227769150521 ) ) ;
#1992 = VERTEX_POINT ( 'NONE', #1256 ) ;
#1993 = PLANE ( 'NONE',  #5273 ) ;
#1994 = VERTEX_POINT ( 'NONE', #4488 ) ;
#1995 =( LENGTH_UNIT ( ) NAMED_UNIT ( * ) SI_UNIT ( .MILLI., .METRE. ) );
#1996 = LINE ( 'NONE', #6117, #4811 ) ;
#1997 = DIRECTION ( 'NONE',  ( 0.0000000000000000000, 0.0000000000000000000, 1.000000000000000000 ) ) ;
#1998 = EDGE_CURVE ( 'NONE', #2703, #6140, #1765, .T. ) ;
#1999 = DIRECTION ( 'NONE',  ( -1.000000000000000000, 0.0000000000000000000, 0.0000000000000000000 ) ) ;
#2000 = CARTESIAN_POINT ( 'NONE',  ( 1.536018573122496900, 0.9064290159990536777, -0.8254608485316339284 ) ) ;
#2001 = EDGE_CURVE ( 'NONE', #267, #4897, #3620, .T. ) ;
#2002 = CARTESIAN_POINT ( 'NONE',  ( 3.579193050213608007, 0.8964290159990535578, -4.198916789766474089 ) ) ;
#2003 = LINE ( 'NONE', #3893, #3066 ) ;
#2004 = DIRECTION ( 'NONE',  ( -0.0000000000000000000, -1.000000000000000000, -0.0000000000000000000 ) ) ;
#2005 = VECTOR ( 'NONE', #1592, 999.9999999999998863 ) ;
#2006 = DIRECTION ( 'NONE',  ( -0.4804152582365230906, 0.0000000000000000000, 0.8770411504904058742 ) ) ;
#2007 = ORIENTED_EDGE ( 'NONE', *, *, #3059, .T. ) ;
#2008 = CARTESIAN_POINT ( 'NONE',  ( 2.595030325259248816, 0.8964290159990536688, -2.047526109803475158 ) ) ;
#2009 = B_SPLINE_CURVE_WITH_KNOTS ( 'NONE', 3,
 ( #5617, #882, #1357, #4132, #4159, #5146, #1803, #1705, #1774, #857, #1327, #261, #2755, #2174, #3690 ),
 .UNSPECIFIED., .F., .F.,
 ( 4, 1, 1, 1, 1, 1, 1, 1, 1, 1, 1, 1, 4 ),
 ( 0.0000000000000000000, 0.09544797463091091172, 0.1904704100286987167, 0.2912066475677053679, 0.4010332319514465782, 0.4598047309624356260, 0.5224282124666591587, 0.5878657621470996242, 0.6584905049094711416, 0.7351598356816925195, 0.8164933573836661296, 0.9050563342499580166, 1.000000000000000000 ),
 .UNSPECIFIED. ) ;
#2010 = ORIENTED_EDGE ( 'NONE', *, *, #5129, .F. ) ;
#2011 = LINE ( 'NONE', #1062, #4963 ) ;
#2012 = DIRECTION ( 'NONE',  ( 0.4802882638304235008, 0.0000000000000000000, -0.8771107020363836382 ) ) ;
#2013 = CARTESIAN_POINT ( 'NONE',  ( 4.155932850279748791, -0.01000000000000000021, -2.179309389599567659 ) ) ;
#2014 =( LENGTH_UNIT ( ) NAMED_UNIT ( * ) SI_UNIT ( .MILLI., .METRE. ) );
#2015 = ORIENTED_EDGE ( 'NONE', *, *, #681, .T. ) ;
#2016 = DIRECTION ( 'NONE',  ( 0.8771107020363836382, -0.0000000000000000000, 0.4802882638304235008 ) ) ;
#2017 = EDGE_LOOP ( 'NONE', ( #6005, #4729, #4944, #4496 ) ) ;
#2018 = ADVANCED_FACE ( 'NONE', ( #1729 ), #183, .T. ) ;
#2019 = CARTESIAN_POINT ( 'NONE',  ( 1.676692498512132534, 0.9064290159990536777, -2.784713831244895132 ) ) ;
#2020 = ORIENTED_EDGE ( 'NONE', *, *, #1387, .F. ) ;
#2021 = DIRECTION ( 'NONE',  ( 0.0000000000000000000, 0.0000000000000000000, 1.000000000000000000 ) ) ;
#2022 = VERTEX_POINT ( 'NONE', #3652 ) ;
#2023 = DIRECTION ( 'NONE',  ( 1.000000000000000000, 0.0000000000000000000, 0.0000000000000000000 ) ) ;
#2024 = DIRECTION ( 'NONE',  ( -0.9136674107863312910, 0.0000000000000000000, 0.4064626212421030838 ) ) ;
#2025 = MECHANICAL_DESIGN_GEOMETRIC_PRESENTATION_REPRESENTATION (  '', ( #4704 ), #3112 ) ;
#2026 = AXIS2_PLACEMENT_3D ( 'NONE', #3782, #5203, #2 ) ;
#2027 = CARTESIAN_POINT ( 'NONE',  ( 3.227387814400367816, 0.8964290159990535578, -3.447496193663392550 ) ) ;
#2028 = CARTESIAN_POINT ( 'NONE',  ( 2.949164940643863808, 0.9064290159990536777, -2.047526109803475158 ) ) ;
#2029 = LINE ( 'NONE', #3453, #3193 ) ;
#2030 = VECTOR ( 'NONE', #6048, 999.9999999999998863 ) ;
#2031 = PLANE ( 'NONE',  #5989 ) ;
#2032 = PLANE ( 'NONE',  #1943 ) ;
#2033 = AXIS2_PLACEMENT_3D ( 'NONE', #2718, #1293, #3186 ) ;
#2034 = CARTESIAN_POINT ( 'NONE',  ( 2.410500410729334408, 0.8964290159990536688, -2.357160691801337915 ) ) ;
#2035 = LINE ( 'NONE', #1598, #3228 ) ;
#2036 = CARTESIAN_POINT ( 'NONE',  ( 2.064506820985744451, 0.9064290159990536777, -1.827994025134671574 ) ) ;
#2037 = VECTOR ( 'NONE', #2004, 1000.000000000000000 ) ;
#2038 = ORIENTED_EDGE ( 'NONE', *, *, #3220, .F. ) ;
#2039 = CARTESIAN_POINT ( 'NONE',  ( 0.6703087537214805769, 0.9064290159990538998, -0.6721254278498536294 ) ) ;
#2040 = EDGE_CURVE ( 'NONE', #1330, #2605, #4051, .T. ) ;
#2041 = AXIS2_PLACEMENT_3D ( 'NONE', #5574, #3803, #5193 ) ;
#2042 = ORIENTED_EDGE ( 'NONE', *, *, #1479, .T. ) ;
#2043 = ADVANCED_FACE ( 'NONE', ( #4988 ), #591, .T. ) ;
#2044 = FACE_OUTER_BOUND ( 'NONE', #1365, .T. ) ;
#2045 = CARTESIAN_POINT ( 'NONE',  ( 3.124751106175305271, 0.8964290159990538909, -4.132901229715272073 ) ) ;
#2046 = CARTESIAN_POINT ( 'NONE',  ( 3.469495317904863541, 0.9064290159990536777, -3.780388651294914748 ) ) ;
#2047 = VECTOR ( 'NONE', #3650, 1000.000000000000000 ) ;
#2048 = FACE_OUTER_BOUND ( 'NONE', #458, .T. ) ;
#2049 = EDGE_CURVE ( 'NONE', #1708, #3911, #5913, .T. ) ;
#2050 = ORIENTED_EDGE ( 'NONE', *, *, #1310, .F. ) ;
#2051 = CARTESIAN_POINT ( 'NONE',  ( 0.7932345449492584910, 0.8964290159990536688, -0.7950840470445286190 ) ) ;
#2052 = ORIENTED_EDGE ( 'NONE', *, *, #2420, .T. ) ;
#2053 = EDGE_CURVE ( 'NONE', #2507, #1868, #2227, .T. ) ;
#2054 = ORIENTED_EDGE ( 'NONE', *, *, #5454, .T. ) ;
#2055 = DIRECTION ( 'NONE',  ( 1.000000000000000000, 0.0000000000000000000, 0.0000000000000000000 ) ) ;
#2056 = EDGE_LOOP ( 'NONE', ( #3641, #544, #2479, #628 ) ) ;
#2057 = CARTESIAN_POINT ( 'NONE',  ( 0.6526160983265799631, 0.9064290159990538998, -0.9357024936672075910 ) ) ;
#2058 = VERTEX_POINT ( 'NONE', #4085 ) ;
#2059 = DIRECTION ( 'NONE',  ( 1.355252715606880543E-16, 0.0000000000000000000, -1.000000000000000000 ) ) ;
#2060 = FACE_OUTER_BOUND ( 'NONE', #1769, .T. ) ;
#2061 = VERTEX_POINT ( 'NONE', #1692 ) ;
#2062 = CARTESIAN_POINT ( 'NONE',  ( 3.004600595438846167, 0.9064290159990536777, -3.364295194523067245 ) ) ;
#2063 = CARTESIAN_POINT ( 'NONE',  ( 2.056365795344718972, 0.8964290159990536688, -2.357160691801337915 ) ) ;
#2064 = ORIENTED_EDGE ( 'NONE', *, *, #5262, .F. ) ;
#2065 = EDGE_CURVE ( 'NONE', #2369, #1762, #1624, .T. ) ;
#2066 = CARTESIAN_POINT ( 'NONE',  ( 2.288851439041299951, 0.8964290159990536688, -0.8254608485316339284 ) ) ;
#2067 = VECTOR ( 'NONE', #3517, 1000.000000000000000 ) ;
#2068 = LINE ( 'NONE', #5019, #618 ) ;
#2069 = CARTESIAN_POINT ( 'NONE',  ( 3.405932850279748791, 0.0000000000000000000, -4.729309389599568370 ) ) ;
#2070 = CARTESIAN_POINT ( 'NONE',  ( 0.6614583333333333703, 0.9064290159990536777, -0.6716346153846154410 ) ) ;
#2071 = DIRECTION ( 'NONE',  ( 0.0000000000000000000, 0.0000000000000000000, -1.000000000000000000 ) ) ;
#2072 = ORIENTED_EDGE ( 'NONE', *, *, #5394, .F. ) ;
#2073 = CARTESIAN_POINT ( 'NONE',  ( 0.6876887375851097328, 0.8964290159990538909, -0.6730892592106024752 ) ) ;
#2074 = ORIENTED_EDGE ( 'NONE', *, *, #4254, .F. ) ;
#2075 = CARTESIAN_POINT ( 'NONE',  ( 2.779560239789163223, 0.8964290159990536688, -2.357160691801337915 ) ) ;
#2076 = PLANE ( 'NONE',  #522 ) ;
#2077 = DIRECTION ( 'NONE',  ( 0.4804152582365220914, 0.0000000000000000000, -0.8770411504904065403 ) ) ;
#2078 = CARTESIAN_POINT ( 'NONE',  ( 3.147957224674464705, 0.8964290159990536688, -3.043473829274840448 ) ) ;
#2079 = ORIENTED_EDGE ( 'NONE', *, *, #4295, .F. ) ;
#2080 = DIRECTION ( 'NONE',  ( -1.000000000000000000, 0.0000000000000000000, 0.0000000000000000000 ) ) ;
#2081 = VERTEX_POINT ( 'NONE', #1661 ) ;
#2082 = ORIENTED_EDGE ( 'NONE', *, *, #2435, .T. ) ;
#2083 = CARTESIAN_POINT ( 'NONE',  ( 2.006968426220787638, 0.9064290159990536777, -1.827994025134671574 ) ) ;
#2084 = ORIENTED_EDGE ( 'NONE', *, *, #2001, .T. ) ;
#2085 = LINE ( 'NONE', #2116, #2107 ) ;
#2086 = ORIENTED_EDGE ( 'NONE', *, *, #5258, .F. ) ;
#2087 = CARTESIAN_POINT ( 'NONE',  ( 1.283295236888807089, 0.8964290159990536688, -4.140831640543555459 ) ) ;
#2088 = CARTESIAN_POINT ( 'NONE',  ( 0.7127804603152829710, 0.8964290159990538909, -0.9276690017408901756 ) ) ;
#2089 = AXIS2_PLACEMENT_3D ( 'NONE', #2619, #3116, #2129 ) ;
#2090 = DIRECTION ( 'NONE',  ( -0.0000000000000000000, 1.000000000000000000, -0.0000000000000000000 ) ) ;
#2091 = ORIENTED_EDGE ( 'NONE', *, *, #5517, .T. ) ;
#2092 = ADVANCED_FACE ( 'NONE', ( #3554 ), #1189, .T. ) ;
#2093 = CARTESIAN_POINT ( 'NONE',  ( 0.0000000000000000000, 0.0000000000000000000, 0.0000000000000000000 ) ) ;
#2094 = EDGE_LOOP ( 'NONE', ( #1922, #5776, #5854, #5656 ) ) ;
#2095 = PLANE ( 'NONE',  #1405 ) ;
#2096 = CARTESIAN_POINT ( 'NONE',  ( 1.583507889361813081, 0.9064290159990536777, -1.077005820486762078 ) ) ;
#2097 = CARTESIAN_POINT ( 'NONE',  ( 0.5296574791319047515, 0.8964290159990534468, -0.8127767024394290107 ) ) ;
#2098 = VECTOR ( 'NONE', #71, 1000.000000000000000 ) ;
#2099 = EDGE_CURVE ( 'NONE', #1992, #5103, #251, .T. ) ;
#2100 = LINE ( 'NONE', #3865, #2577 ) ;
#2101 = EDGE_CURVE ( 'NONE', #860, #2304, #3115, .T. ) ;
#2102 = CARTESIAN_POINT ( 'NONE',  ( 3.637267508362408197, 0.9064290159990536777, -3.426356561741349172 ) ) ;
#2103 = PLANE ( 'NONE',  #729 ) ;
#2104 = ORIENTED_EDGE ( 'NONE', *, *, #3972, .T. ) ;
#2105 = ADVANCED_FACE ( 'NONE', ( #2773 ), #3239, .F. ) ;
#2106 = ORIENTED_EDGE ( 'NONE', *, *, #3197, .T. ) ;
#2107 = VECTOR ( 'NONE', #1047, 1000.000000000000227 ) ;
#2108 = CARTESIAN_POINT ( 'NONE',  ( 0.7937499999999999556, 0.8964290159990536688, -0.8039262820512820262 ) ) ;
#2109 = DIRECTION ( 'NONE',  ( 0.4804152582365231461, 0.0000000000000000000, -0.8770411504904059852 ) ) ;
#2110 = CARTESIAN_POINT ( 'NONE',  ( 2.541668446252838276, 0.9064290159990536777, -1.354627515198300491 ) ) ;
#2111 = ORIENTED_EDGE ( 'NONE', *, *, #5320, .T. ) ;
#2112 = CARTESIAN_POINT ( 'NONE',  ( 0.7922299964432918395, 0.8964290159990537799, -0.7778517899298401650 ) ) ;
#2113 = ORIENTED_EDGE ( 'NONE', *, *, #466, .F. ) ;
#2114 = CARTESIAN_POINT ( 'NONE',  ( 2.595030325259248816, 0.9064290159990536777, -2.047526109803475158 ) ) ;
#2115 = ORIENTED_EDGE ( 'NONE', *, *, #5698, .F. ) ;
#2116 = CARTESIAN_POINT ( 'NONE',  ( 2.949164940643863808, 0.8964290159990536688, -2.047526109803475158 ) ) ;
#2117 = ORIENTED_EDGE ( 'NONE', *, *, #3527, .T. ) ;
#2118 = CARTESIAN_POINT ( 'NONE',  ( 2.771419214148137300, 0.9064290159990536777, -1.827994025134671574 ) ) ;
#2119 = CARTESIAN_POINT ( 'NONE',  ( 0.7937499999999999556, 0.8964290159990536688, -0.8039262820512820262 ) ) ;
#2120 = LINE ( 'NONE', #2184, #629 ) ;
#2121 = ORIENTED_EDGE ( 'NONE', *, *, #768, .T. ) ;
#2122 = DIRECTION ( 'NONE',  ( 0.0000000000000000000, -1.000000000000000000, 0.0000000000000000000 ) ) ;
#2123 = ORIENTED_EDGE ( 'NONE', *, *, #4538, .F. ) ;
#2124 = CARTESIAN_POINT ( 'NONE',  ( 0.7937499999999999556, 0.9064290159990536777, -0.8039262820512820262 ) ) ;
#2125 = EDGE_CURVE ( 'NONE', #1587, #2300, #4614, .T. ) ;
#2126 = DIRECTION ( 'NONE',  ( 1.000000000000000000, 0.0000000000000000000, -0.0000000000000000000 ) ) ;
#2127 = ADVANCED_FACE ( 'NONE', ( #3745 ), #2284, .T. ) ;
#2128 = DIRECTION ( 'NONE',  ( -0.9305795643559995334, 0.0000000000000000000, 0.3660897081358586713 ) ) ;
#2129 = DIRECTION ( 'NONE',  ( 0.2647344081641659352, 0.0000000000000000000, -0.9643213640348162752 ) ) ;
#2130 = CARTESIAN_POINT ( 'NONE',  ( 1.698733083004975386, 0.8964290159990536688, -1.354627515198300491 ) ) ;
#2131 = DIRECTION ( 'NONE',  ( 0.0000000000000000000, 0.0000000000000000000, 1.000000000000000000 ) ) ;
#2132 = VECTOR ( 'NONE', #1199, 1000.000000000000000 ) ;
#2133 = VERTEX_POINT ( 'NONE', #1794 ) ;
#2134 = PLANE ( 'NONE',  #2033 ) ;
#2135 = ADVANCED_FACE ( 'NONE', ( #5225 ), #931, .F. ) ;
#2136 = ORIENTED_EDGE ( 'NONE', *, *, #4774, .F. ) ;
#2137 = DIRECTION ( 'NONE',  ( 0.4804152582365220914, 0.0000000000000000000, 0.8770411504904065403 ) ) ;
#2138 = CARTESIAN_POINT ( 'NONE',  ( 3.504216260727386789, 0.9064290159990536777, -3.810387159671077661 ) ) ;
#2139 = FACE_OUTER_BOUND ( 'NONE', #3137, .T. ) ;
#2140 = VECTOR ( 'NONE', #3297, 1000.000000000000000 ) ;
#2141 = ORIENTED_EDGE ( 'NONE', *, *, #4758, .T. ) ;
#2142 = VECTOR ( 'NONE', #4249, 1000.000000000000000 ) ;
#2143 = DIRECTION ( 'NONE',  ( -0.0000000000000000000, -1.000000000000000000, -0.0000000000000000000 ) ) ;
#2144 = VECTOR ( 'NONE', #1314, 1000.000000000000114 ) ;
#2145 = ORIENTED_EDGE ( 'NONE', *, *, #2793, .T. ) ;
#2146 =( LENGTH_UNIT ( ) NAMED_UNIT ( * ) SI_UNIT ( .MILLI., .METRE. ) );
#2147 = ADVANCED_FACE ( 'NONE', ( #1820 ), #876, .T. ) ;
#2148 = ORIENTED_EDGE ( 'NONE', *, *, #1800, .F. ) ;
#2149 = LINE ( 'NONE', #4540, #3199 ) ;
#2150 = VERTEX_POINT ( 'NONE', #5690 ) ;
#2151 = FACE_OUTER_BOUND ( 'NONE', #3906, .T. ) ;
#2152 = CARTESIAN_POINT ( 'NONE',  ( 3.234894429166190744, 0.9064290159990536777, -3.497393746532523551 ) ) ;
#2153 = DIRECTION ( 'NONE',  ( 0.8770197613181063279, 0.0000000000000000000, -0.4804543040264409592 ) ) ;
#2154 = ORIENTED_EDGE ( 'NONE', *, *, #3059, .F. ) ;
#2155 = DIRECTION ( 'NONE',  ( 0.0000000000000000000, 0.0000000000000000000, -1.000000000000000000 ) ) ;
#2156 = ORIENTED_EDGE ( 'NONE', *, *, #6062, .F. ) ;
#2157 = CARTESIAN_POINT ( 'NONE',  ( 0.7921725249288645854, 0.8964290159990536688, -0.8300843086968849871 ) ) ;
#2158 = ADVANCED_FACE ( 'NONE', ( #3210 ), #1879, .T. ) ;
#2159 = ADVANCED_FACE ( 'NONE', ( #5109 ), #4208, .T. ) ;
#2160 = B_SPLINE_SURFACE_WITH_KNOTS ( 'NONE', 3, 1, ( 
 ( #807, #5536 ),
 ( #5551, #2230 ),
 ( #4556, #3124 ),
 ( #2624, #5978 ),
 ( #6039, #2688 ),
 ( #3626, #4126 ),
 ( #5028, #5087 ),
 ( #2590, #1699 ),
 ( #223, #822 ),
 ( #6014, #1195 ),
 ( #1770, #3657 ) ),
 .UNSPECIFIED., .F., .F., .F.,
 ( 4, 1, 1, 1, 1, 1, 1, 1, 4 ),
 ( 2, 2 ),
 ( 0.0000000000000000000, 0.1015170763450493202, 0.2031399961452475256, 0.3098899409112724768, 0.4287492126762059708, 0.5557471139699682317, 0.6905023413649522546, 0.8373727517539386600, 1.000000000000000000 ),
 ( 0.0000000000000000000, 1.000000000000000000 ),
 .UNSPECIFIED. ) ;
#2161 = CARTESIAN_POINT ( 'NONE',  ( 1.646155625740018280, 0.8964290159990536688, -2.357160691801337915 ) ) ;
#2162 = EDGE_CURVE ( 'NONE', #1078, #4830, #846, .T. ) ;
#2163 = CARTESIAN_POINT ( 'NONE',  ( 0.5291666666666666741, 0.8964290159990536688, -0.8039262820512820262 ) ) ;
#2164 = FACE_OUTER_BOUND ( 'NONE', #162, .T. ) ;
#2165 = ADVANCED_FACE ( 'NONE', ( #1404 ), #6088, .T. ) ;
#2166 = CARTESIAN_POINT ( 'NONE',  ( 3.581736851952597611, 0.9064290159990538998, -3.248454377775290336 ) ) ;
#2167 =( NAMED_UNIT ( * ) SI_UNIT ( $, .STERADIAN. ) SOLID_ANGLE_UNIT ( ) );
#2168 = ORIENTED_EDGE ( 'NONE', *, *, #5230, .F. ) ;
#2169 = CARTESIAN_POINT ( 'NONE',  ( 0.6614583333333333703, 0.9064290159990536777, -0.6716346153846154410 ) ) ;
#2170 = ORIENTED_EDGE ( 'NONE', *, *, #4026, .T. ) ;
#2171 = B_SPLINE_CURVE_WITH_KNOTS ( 'NONE', 3,
 ( #5954, #5527, #1706, #1201, #4160, #2236, #325, #3164, #6044, #1270, #1804, #5983, #4500, #3691, #1169 ),
 .UNSPECIFIED., .F., .F.,
 ( 4, 1, 1, 1, 1, 1, 1, 1, 1, 1, 1, 1, 4 ),
 ( 0.0000000000000000000, 0.1046034082679827976, 0.2145115315724320237, 0.3316919673939478508, 0.4557434077626733027, 0.5200308860970273006, 0.5842901427240489998, 0.6490772883699977847, 0.7151458860839163822, 0.7825911865829718872, 0.8523255075812795623, 0.9250395303005765069, 1.000000000000000000 ),
 .UNSPECIFIED. ) ;
#2172 = DIRECTION ( 'NONE',  ( 2.168404344971008868E-16, 0.0000000000000000000, 1.000000000000000000 ) ) ;
#2173 = CARTESIAN_POINT ( 'NONE',  ( 1.532626479105402728, 0.8964290159990536688, -2.149924947944500619 ) ) ;
#2174 = CARTESIAN_POINT ( 'NONE',  ( 3.073675925863909253, 0.9064290159990538998, -3.614267416387872078 ) ) ;
#2175 = DIRECTION ( 'NONE',  ( 0.0000000000000000000, 0.0000000000000000000, -1.000000000000000000 ) ) ;
#2176 = ADVANCED_FACE ( 'NONE', ( #4699 ), #431, .T. ) ;
#2177 = VERTEX_POINT ( 'NONE', #1372 ) ;
#2178 = EDGE_LOOP ( 'NONE', ( #5074, #4462, #1251, #4170 ) ) ;
#2179 = LINE ( 'NONE', #3011, #2240 ) ;
#2180 = ORIENTED_EDGE ( 'NONE', *, *, #5158, .T. ) ;
#2181 = EDGE_LOOP ( 'NONE', ( #5805, #4668, #4166, #4406 ) ) ;
#2182 = DIRECTION ( 'NONE',  ( -0.2607351442216253590, 0.0000000000000000000, 0.9654103710690744578 ) ) ;
#2183 = PLANE ( 'NONE',  #844 ) ;
#2184 = CARTESIAN_POINT ( 'NONE',  ( 4.155932850279748791, -0.01000000000000000021, -0.3293093895995677367 ) ) ;
#2185 = EDGE_LOOP ( 'NONE', ( #385, #797, #5016, #5155 ) ) ;
#2186 = CARTESIAN_POINT ( 'NONE',  ( 2.240895709874633379, 0.9064290159990536777, -2.047526109803475158 ) ) ;
#2187 = ORIENTED_EDGE ( 'NONE', *, *, #1162, .F. ) ;
#2188 = LINE ( 'NONE', #2308, #4093 ) ;
#2189 = CARTESIAN_POINT ( 'NONE',  ( 0.5296397098330489772, 0.8964290159990535578, -0.7950694847546795341 ) ) ;
#2190 = VECTOR ( 'NONE', #4827, 1000.000000000000000 ) ;
#2191 = EDGE_CURVE ( 'NONE', #4599, #4197, #2343, .T. ) ;
#2192 = CARTESIAN_POINT ( 'NONE',  ( 2.240895709874633379, 0.9064290159990536777, -2.047526109803475158 ) ) ;
#2193 = CARTESIAN_POINT ( 'NONE',  ( 0.6103126688945070821, 0.9064290159990536777, -0.9275143899334856723 ) ) ;
#2194 = VECTOR ( 'NONE', #3688, 1000.000000000000000 ) ;
#2195 = DIRECTION ( 'NONE',  ( 1.000000000000000000, 0.0000000000000000000, 0.0000000000000000000 ) ) ;
#2196 = DIRECTION ( 'NONE',  ( 0.4804543040264417919, 0.0000000000000000000, -0.8770197613181058838 ) ) ;
#2197 = ORIENTED_EDGE ( 'NONE', *, *, #6108, .F. ) ;
#2198 = EDGE_CURVE ( 'NONE', #3543, #5765, #6118, .T. ) ;
#2199 = AXIS2_PLACEMENT_3D ( 'NONE', #3351, #1453, #3848 ) ;
#2200 = CARTESIAN_POINT ( 'NONE',  ( 0.7850464412155366833, 0.9064290159990537887, -0.7527806176124559601 ) ) ;
#2201 = AXIS2_PLACEMENT_3D ( 'NONE', #3048, #5349, #4516 ) ;
#2202 = VERTEX_POINT ( 'NONE', #461 ) ;
#2203 = CARTESIAN_POINT ( 'NONE',  ( 0.6059328502797489691, 0.0000000000000000000, -0.3293093895995677367 ) ) ;
#2204 = PLANE ( 'NONE',  #5255 ) ;
#2205 = DIRECTION ( 'NONE',  ( 0.4802882638304235008, 0.0000000000000000000, -0.8771107020363836382 ) ) ;
#2206 = PLANE ( 'NONE',  #3335 ) ;
#2207 = EDGE_CURVE ( 'NONE', #3785, #4870, #6147, .T. ) ;
#2208 = ORIENTED_EDGE ( 'NONE', *, *, #1396, .T. ) ;
#2209 = STYLED_ITEM ( 'NONE', ( #3882 ), #3611 ) ;
#2210 = VERTEX_POINT ( 'NONE', #5605 ) ;
#2211 = DIRECTION ( 'NONE',  ( -0.0000000000000000000, -1.000000000000000000, -0.0000000000000000000 ) ) ;
#2212 = ORIENTED_EDGE ( 'NONE', *, *, #6133, .T. ) ;
#2213 = VECTOR ( 'NONE', #4183, 1000.000000000000000 ) ;
#2214 = DIRECTION ( 'NONE',  ( -0.0000000000000000000, -1.000000000000000000, -0.0000000000000000000 ) ) ;
#2215 = ORIENTED_EDGE ( 'NONE', *, *, #502, .T. ) ;
#2216 = DIRECTION ( 'NONE',  ( 0.0000000000000000000, 0.0000000000000000000, -1.000000000000000000 ) ) ;
#2217 = CARTESIAN_POINT ( 'NONE',  ( 3.077264066506099294, 0.8964290159990541129, -3.367248381857778305 ) ) ;
#2218 = CARTESIAN_POINT ( 'NONE',  ( 5.000000000000000000, 0.8964290159990536688, 0.0000000000000000000 ) ) ;
#2219 = ORIENTED_EDGE ( 'NONE', *, *, #1629, .T. ) ;
#2220 = ADVANCED_FACE ( 'NONE', ( #965 ), #2261, .T. ) ;
#2221 = DIRECTION ( 'NONE',  ( 0.8769390707362905157, -0.0000000000000000000, 0.4806015670138532592 ) ) ;
#2222 = ORIENTED_EDGE ( 'NONE', *, *, #4673, .F. ) ;
#2223 = VECTOR ( 'NONE', #5361, 1000.000000000000000 ) ;
#2224 = VERTEX_POINT ( 'NONE', #2946 ) ;
#2225 = DIRECTION ( 'NONE',  ( -0.4804543040264409592, 0.0000000000000000000, -0.8770197613181063279 ) ) ;
#2226 = DIRECTION ( 'NONE',  ( -0.0000000000000000000, -1.000000000000000000, -0.0000000000000000000 ) ) ;
#2227 = LINE ( 'NONE', #4584, #4721 ) ;
#2228 = DIRECTION ( 'NONE',  ( 1.000000000000000000, 0.0000000000000000000, 0.0000000000000000000 ) ) ;
#2229 = ORIENTED_EDGE ( 'NONE', *, *, #6108, .T. ) ;
#2230 = CARTESIAN_POINT ( 'NONE',  ( 3.218524756806376175, 0.8964290159990535578, -4.031398105736561099 ) ) ;
#2231 = ORIENTED_EDGE ( 'NONE', *, *, #2950, .T. ) ;
#2232 = VECTOR ( 'NONE', #5324, 1000.000000000000000 ) ;
#2233 = CARTESIAN_POINT ( 'NONE',  ( 1.420793379479334595, 0.8964290159990536688, -1.354627515198300491 ) ) ;
#2234 = DIRECTION ( 'NONE',  ( -0.0000000000000000000, -1.000000000000000000, -0.0000000000000000000 ) ) ;
#2235 = CARTESIAN_POINT ( 'NONE',  ( 3.622177314910266066, 0.9064290159990537887, -3.539935201372215179 ) ) ;
#2236 = CARTESIAN_POINT ( 'NONE',  ( 3.569665362673538844, 0.8964290159990540019, -3.639479506469868841 ) ) ;
#2237 = ADVANCED_FACE ( 'NONE', ( #1523 ), #574, .F. ) ;
#2238 = EDGE_CURVE ( 'NONE', #6047, #3497, #2456, .T. ) ;
#2239 = VECTOR ( 'NONE', #1052, 1000.000000000000000 ) ;
#2240 = VECTOR ( 'NONE', #1558, 1000.000000000000000 ) ;
#2241 = EDGE_LOOP ( 'NONE', ( #4134, #4630, #896, #5184 ) ) ;
#2242 = VERTEX_POINT ( 'NONE', #23 ) ;
#2243 = CARTESIAN_POINT ( 'NONE',  ( 2.771419214148137300, 0.9064290159990536777, -1.827994025134671574 ) ) ;
#2244 = EDGE_CURVE ( 'NONE', #4983, #1928, #3449, .T. ) ;
#2245 = ORIENTED_EDGE ( 'NONE', *, *, #1700, .F. ) ;
#2246 = DIRECTION ( 'NONE',  ( -0.8770197613181058838, 0.0000000000000000000, -0.4804543040264417919 ) ) ;
#2247 = VECTOR ( 'NONE', #1012, 1000.000000000000000 ) ;
#2248 = ORIENTED_EDGE ( 'NONE', *, *, #2646, .T. ) ;
#2249 = CARTESIAN_POINT ( 'NONE',  ( 3.218781109798566131, 0.9064290159990540108, -4.016522354592092725 ) ) ;
#2250 = AXIS2_PLACEMENT_3D ( 'NONE', #3884, #3417, #79 ) ;
#2251 = DIRECTION ( 'NONE',  ( 0.0000000000000000000, 0.0000000000000000000, 1.000000000000000000 ) ) ;
#2252 = VERTEX_POINT ( 'NONE', #4384 ) ;
#2253 = AXIS2_PLACEMENT_3D ( 'NONE', #2312, #2831, #4672 ) ;
#2254 = ORIENTED_EDGE ( 'NONE', *, *, #5791, .F. ) ;
#2255 = CARTESIAN_POINT ( 'NONE',  ( 2.361103041605403074, 0.9064290159990536777, -1.827994025134671574 ) ) ;
#2256 = STYLED_ITEM ( 'NONE', ( #2597 ), #2636 ) ;
#2257 = ORIENTED_EDGE ( 'NONE', *, *, #5153, .F. ) ;
#2258 = CARTESIAN_POINT ( 'NONE',  ( 1.419097332470787398, 0.9064290159990536777, -2.357160691801337915 ) ) ;
#2259 = EDGE_CURVE ( 'NONE', #3470, #301, #4355, .T. ) ;
#2260 = CARTESIAN_POINT ( 'NONE',  ( 3.162347260142453376, 0.9064290159990538998, -4.453516667320252864 ) ) ;
#2261 = PLANE ( 'NONE',  #6148 ) ;
#2262 = CARTESIAN_POINT ( 'NONE',  ( 0.6526160983265799631, 0.8964290159990538909, -0.9357024936672075910 ) ) ;
#2263 = DIRECTION ( 'NONE',  ( -0.2603341375417481118, 0.0000000000000000000, 0.9655185844044609222 ) ) ;
#2264 = CARTESIAN_POINT ( 'NONE',  ( 2.240895709874633379, 0.9064290159990536777, -2.149924947944500619 ) ) ;
#2265 = DIRECTION ( 'NONE',  ( -0.0000000000000000000, 1.000000000000000000, -0.0000000000000000000 ) ) ;
#2266 = LINE ( 'NONE', #3753, #4419 ) ;
#2267 = LINE ( 'NONE', #1297, #3719 ) ;
#2268 = CARTESIAN_POINT ( 'NONE',  ( 3.455943786797710082, 0.8964290159990536688, -0.8797343528051381201 ) ) ;
#2269 = ORIENTED_EDGE ( 'NONE', *, *, #4173, .F. ) ;
#2270 = ORIENTED_EDGE ( 'NONE', *, *, #1998, .F. ) ;
#2271 = CARTESIAN_POINT ( 'NONE',  ( 2.288851439041299951, 0.9064290159990536777, -0.8254608485316339284 ) ) ;
#2272 = ORIENTED_EDGE ( 'NONE', *, *, #2839, .F. ) ;
#2273 = CARTESIAN_POINT ( 'NONE',  ( 1.504535700526342890, 0.9064290159990536777, -2.098725528873987667 ) ) ;
#2274 = EDGE_CURVE ( 'NONE', #38, #4964, #1492, .T. ) ;
#2275 = PLANE ( 'NONE',  #2923 ) ;
#2276 = DIRECTION ( 'NONE',  ( 0.0000000000000000000, 0.0000000000000000000, -1.000000000000000000 ) ) ;
#2277 = ORIENTED_EDGE ( 'NONE', *, *, #3983, .F. ) ;
#2278 = CARTESIAN_POINT ( 'NONE',  ( 3.336415210466046055, 0.8964290159990536688, -3.071587135628361942 ) ) ;
#2279 = ORIENTED_EDGE ( 'NONE', *, *, #1066, .F. ) ;
#2280 = CARTESIAN_POINT ( 'NONE',  ( 0.7852010530229414087, 0.9064290159990538998, -0.8552484090332316269 ) ) ;
#2281 = ORIENTED_EDGE ( 'NONE', *, *, #983, .T. ) ;
#2282 = CARTESIAN_POINT ( 'NONE',  ( 1.710372205601129458, 0.9064290159990536777, -1.827994025134671574 ) ) ;
#2283 = CARTESIAN_POINT ( 'NONE',  ( 2.006968426220787638, 0.8964290159990536688, -1.827994025134671574 ) ) ;
#2284 = PLANE ( 'NONE',  #2041 ) ;
#2285 = EDGE_CURVE ( 'NONE', #1947, #4569, #3483, .T. ) ;
#2286 =( LENGTH_UNIT ( ) NAMED_UNIT ( * ) SI_UNIT ( .MILLI., .METRE. ) );
#2287 = CARTESIAN_POINT ( 'NONE',  ( 3.405932850279749236, -0.01000000000000000021, -2.879309389599567837 ) ) ;
#2288 = VECTOR ( 'NONE', #95, 1000.000000000000227 ) ;
#2289 = CARTESIAN_POINT ( 'NONE',  ( 3.118769641498564837, 0.8964290159990536688, -2.357160691801337915 ) ) ;
#2290 = EDGE_CURVE ( 'NONE', #3234, #3941, #1463, .T. ) ;
#2291 = DIRECTION ( 'NONE',  ( 1.000000000000000000, 0.0000000000000000000, 0.0000000000000000000 ) ) ;
#2292 = VECTOR ( 'NONE', #407, 1000.000000000000000 ) ;
#2293 = EDGE_CURVE ( 'NONE', #5510, #2210, #3362, .T. ) ;
#2294 = CARTESIAN_POINT ( 'NONE',  ( 3.519252221226962796, 0.8964290159990535578, -3.825274195334102956 ) ) ;
#2295 = CARTESIAN_POINT ( 'NONE',  ( 2.288851439041299951, 0.9064290159990536777, -0.8254608485316339284 ) ) ;
#2296 = CARTESIAN_POINT ( 'NONE',  ( 1.766447759821214714, 0.9064290159990536777, -1.827994025134671574 ) ) ;
#2297 = EDGE_LOOP ( 'NONE', ( #1742, #3731, #2641, #1876 ) ) ;
#2298 = VERTEX_POINT ( 'NONE', #3949 ) ;
#2299 = PLANE ( 'NONE',  #5507 ) ;
#2300 = VERTEX_POINT ( 'NONE', #1586 ) ;
#2301 = CARTESIAN_POINT ( 'NONE',  ( 2.212804931295573763, 0.8964290159990536688, -2.098725528873987667 ) ) ;
#2302 = CARTESIAN_POINT ( 'NONE',  ( 3.204808159938138168, 0.9064290159990534557, -3.960949851471150751 ) ) ;
#2303 = CARTESIAN_POINT ( 'NONE',  ( 3.107939394359457097, 0.8964290159990536688, -3.612285573067290922 ) ) ;
#2304 = VERTEX_POINT ( 'NONE', #4327 ) ;
#2305 = PRESENTATION_LAYER_ASSIGNMENT (  '', '', ( #1603 ) ) ;
#2306 = CARTESIAN_POINT ( 'NONE',  ( 3.602085954218208208, 0.8964290159990531137, -3.281494106128027610 ) ) ;
#2307 = VERTEX_POINT ( 'NONE', #3389 ) ;
#2308 = CARTESIAN_POINT ( 'NONE',  ( 3.066405510726474493, 0.9064290159990536777, -3.614335826910774152 ) ) ;
#2309 = ORIENTED_EDGE ( 'NONE', *, *, #4247, .T. ) ;
#2310 = PLANE ( 'NONE',  #948 ) ;
#2311 = CARTESIAN_POINT ( 'NONE',  ( 1.966814513293437150, 0.9064290159990536777, -0.9665507590551382089 ) ) ;
#2312 = CARTESIAN_POINT ( 'NONE',  ( 1.698733083004975386, 0.9064290159990536777, -1.354627515198300491 ) ) ;
#2313 = EDGE_CURVE ( 'NONE', #634, #5871, #1933, .T. ) ;
#2314 = LINE ( 'NONE', #6091, #625 ) ;
#2315 = DIRECTION ( 'NONE',  ( 1.000000000000000000, 0.0000000000000000000, 0.0000000000000000000 ) ) ;
#2316 = ADVANCED_FACE ( 'NONE', ( #4294 ), #3831, .T. ) ;
#2317 = DIRECTION ( 'NONE',  ( -0.0000000000000000000, -1.000000000000000000, -0.0000000000000000000 ) ) ;
#2318 = EDGE_CURVE ( 'NONE', #4058, #1416, #4788, .T. ) ;
#2319 = DIRECTION ( 'NONE',  ( 1.000000000000000000, 0.0000000000000000000, 0.0000000000000000000 ) ) ;
#2320 = PLANE ( 'NONE',  #37 ) ;
#2321 = CARTESIAN_POINT ( 'NONE',  ( 2.764635026113949845, 0.9064290159990536777, -2.357160691801337915 ) ) ;
#2322 = CARTESIAN_POINT ( 'NONE',  ( 2.382982048015658716, 0.9064290159990536777, -1.354627515198300491 ) ) ;
#2323 = ORIENTED_EDGE ( 'NONE', *, *, #1700, .T. ) ;
#2324 = VECTOR ( 'NONE', #216, 1000.000000000000000 ) ;
#2325 = VECTOR ( 'NONE', #1628, 1000.000000000000000 ) ;
#2326 = UNCERTAINTY_MEASURE_WITH_UNIT (LENGTH_MEASURE( 1.000000000000000082E-05 ), #962, 'distance_accuracy_value', 'NONE');
#2327 = ORIENTED_EDGE ( 'NONE', *, *, #2274, .F. ) ;
#2328 = LINE ( 'NONE', #2243, #3818 ) ;
#2329 = AXIS2_PLACEMENT_3D ( 'NONE', #5234, #4682, #2439 ) ;
#2330 = CARTESIAN_POINT ( 'NONE',  ( 2.640145175686599011, 0.9064290159990536777, -0.8254608485316339284 ) ) ;
#2331 = CARTESIAN_POINT ( 'NONE',  ( 1.283295236888807089, 0.9064290159990536777, -4.461653005791782256 ) ) ;
#2332 = VECTOR ( 'NONE', #3548, 1000.000000000000000 ) ;
#2333 = DIRECTION ( 'NONE',  ( -0.3660897081358594485, 0.0000000000000000000, -0.9305795643559992003 ) ) ;
#2334 = ORIENTED_EDGE ( 'NONE', *, *, #4256, .T. ) ;
#2335 = EDGE_CURVE ( 'NONE', #76, #2365, #505, .T. ) ;
#2336 = VECTOR ( 'NONE', #3943, 1000.000000000000000 ) ;
#2337 = CARTESIAN_POINT ( 'NONE',  ( 0.5383520624292656986, 0.9064290159990533446, -0.7529350656346994741 ) ) ;
#2338 = VERTEX_POINT ( 'NONE', #6134 ) ;
#2339 = CARTESIAN_POINT ( 'NONE',  ( 2.967270242460103180, 0.9064290159990536777, -0.8254608485316339284 ) ) ;
#2340 = ORIENTED_EDGE ( 'NONE', *, *, #4084, .F. ) ;
#2341 = CARTESIAN_POINT ( 'NONE',  ( 0.0000000000000000000, 0.9064290159990536777, 0.0000000000000000000 ) ) ;
#2342 = CARTESIAN_POINT ( 'NONE',  ( 3.204928829532752932, 0.8964290159990536688, -1.354627515198300491 ) ) ;
#2343 = LINE ( 'NONE', #2374, #3132 ) ;
#2344 = AXIS2_PLACEMENT_3D ( 'NONE', #5636, #4151, #903 ) ;
#2345 = VECTOR ( 'NONE', #2398, 1000.000000000000000 ) ;
#2346 = EDGE_CURVE ( 'NONE', #5999, #133, #4659, .T. ) ;
#2347 = LINE ( 'NONE', #3713, #1002 ) ;
#2348 = VECTOR ( 'NONE', #5494, 1000.000000000000000 ) ;
#2349 = CARTESIAN_POINT ( 'NONE',  ( 1.863249642834035047, 0.8964290159990536688, -1.354627515198300491 ) ) ;
#2350 = LINE ( 'NONE', #6122, #4859 ) ;
#2351 = VECTOR ( 'NONE', #4109, 1000.000000000000114 ) ;
#2352 = LINE ( 'NONE', #1376, #5025 ) ;
#2353 = ADVANCED_FACE ( 'NONE', ( #1362 ), #478, .T. ) ;
#2354 = PLANE ( 'NONE',  #4128 ) ;
#2355 = DIRECTION ( 'NONE',  ( -0.4802882638304235008, 0.0000000000000000000, 0.8771107020363836382 ) ) ;
#2356 = CARTESIAN_POINT ( 'NONE',  ( 3.476838504437862021, 0.9064290159990534557, -3.785735501662867097 ) ) ;
#2357 = ORIENTED_EDGE ( 'NONE', *, *, #3752, .T. ) ;
#2358 = VERTEX_POINT ( 'NONE', #5241 ) ;
#2359 = LINE ( 'NONE', #4257, #4889 ) ;
#2360 = LINE ( 'NONE', #1893, #521 ) ;
#2361 = EDGE_CURVE ( 'NONE', #44, #4870, #11, .T. ) ;
#2362 = CARTESIAN_POINT ( 'NONE',  ( 2.772776051754975324, 0.9064290159990536777, -1.827994025134671574 ) ) ;
#2363 = ORIENTED_EDGE ( 'NONE', *, *, #1720, .T. ) ;
#2364 = CARTESIAN_POINT ( 'NONE',  ( 2.282067251007112052, 0.8964290159990536688, -0.8254608485316339284 ) ) ;
#2365 = VERTEX_POINT ( 'NONE', #1921 ) ;
#2366 = EDGE_CURVE ( 'NONE', #2998, #1618, #5679, .T. ) ;
#2367 = EDGE_CURVE ( 'NONE', #4124, #4983, #4227, .T. ) ;
#2368 = DIRECTION ( 'NONE',  ( -1.000000000000000000, 0.0000000000000000000, 0.0000000000000000000 ) ) ;
#2369 = VERTEX_POINT ( 'NONE', #1955 ) ;
#2370 = LINE ( 'NONE', #899, #3491 ) ;
#2371 = ORIENTED_EDGE ( 'NONE', *, *, #2859, .F. ) ;
#2372 = PLANE ( 'NONE',  #39 ) ;
#2373 = CARTESIAN_POINT ( 'NONE',  ( 3.511657118645752362, 0.9064290159990536777, -4.297539192479100656 ) ) ;
#2374 = CARTESIAN_POINT ( 'NONE',  ( 4.755932850279749324, -0.01000000000000000021, -4.729309389599568370 ) ) ;
#2375 = DIRECTION ( 'NONE',  ( -0.0000000000000000000, -1.000000000000000000, -0.0000000000000000000 ) ) ;
#2376 = DIRECTION ( 'NONE',  ( 0.0000000000000000000, -0.0000000000000000000, 1.000000000000000000 ) ) ;
#2377 = CARTESIAN_POINT ( 'NONE',  ( 3.066405510726474493, 0.8964290159990536688, -3.614335826910774152 ) ) ;
#2378 = DIRECTION ( 'NONE',  ( 0.9290796217259640333, -0.0000000000000000000, 0.3698797865436009302 ) ) ;
#2379 = SURFACE_STYLE_FILL_AREA ( #5614 ) ;
#2380 = LINE ( 'NONE', #5615, #3917 ) ;
#2381 = CARTESIAN_POINT ( 'NONE',  ( 3.633967123887240191, 0.8964290159990535578, -3.485530478444895497 ) ) ;
#2382 = CARTESIAN_POINT ( 'NONE',  ( 3.610596507574385772, 0.9064290159990536777, -4.059279926595564802 ) ) ;
#2383 = AXIS2_PLACEMENT_3D ( 'NONE', #192, #1773, #5059 ) ;
#2384 = VERTEX_POINT ( 'NONE', #954 ) ;
#2385 = VERTEX_POINT ( 'NONE', #2301 ) ;
#2386 = CARTESIAN_POINT ( 'NONE',  ( 1.914851873069078003, 0.9064290159990536777, -2.098725528873987667 ) ) ;
#2387 = FACE_BOUND ( 'NONE', #4340, .T. ) ;
#2388 = CARTESIAN_POINT ( 'NONE',  ( 3.795153188507112141, 0.8964290159990536688, -0.8254608485316339284 ) ) ;
#2389 =( GEOMETRIC_REPRESENTATION_CONTEXT ( 3 ) GLOBAL_UNCERTAINTY_ASSIGNED_CONTEXT ( ( #4941 ) ) GLOBAL_UNIT_ASSIGNED_CONTEXT ( ( #1134, #3938, #195 ) ) REPRESENTATION_CONTEXT ( 'NONE', 'WORKASPACE' ) );
#2390 = VERTEX_POINT ( 'NONE', #3257 ) ;
#2391 = CARTESIAN_POINT ( 'NONE',  ( 3.252418145772069114, 0.9064290159990536777, -0.8797343528051381201 ) ) ;
#2392 = ORIENTED_EDGE ( 'NONE', *, *, #404, .T. ) ;
#2393 = VECTOR ( 'NONE', #3081, 1000.000000000000227 ) ;
#2394 = CARTESIAN_POINT ( 'NONE',  ( 2.715237656990018067, 0.8964290159990536688, -1.827994025134671574 ) ) ;
#2395 = EDGE_LOOP ( 'NONE', ( #5011, #3348, #4473, #5949 ) ) ;
#2396 =( LENGTH_UNIT ( ) NAMED_UNIT ( * ) SI_UNIT ( .MILLI., .METRE. ) );
#2397 = EDGE_LOOP ( 'NONE', ( #2533, #2700, #2869, #5830 ) ) ;
#2398 = DIRECTION ( 'NONE',  ( -1.000000000000000000, 0.0000000000000000000, 0.0000000000000000000 ) ) ;
#2399 = CARTESIAN_POINT ( 'NONE',  ( 0.3559328502797495797, -0.01000000000000000021, -4.729309389599568370 ) ) ;
#2400 = ADVANCED_FACE ( 'NONE', ( #1894 ), #1869, .T. ) ;
#2401 = DIRECTION ( 'NONE',  ( -1.000000000000000000, 0.0000000000000000000, 0.0000000000000000000 ) ) ;
#2402 = VECTOR ( 'NONE', #3767, 1000.000000000000000 ) ;
#2403 = FACE_OUTER_BOUND ( 'NONE', #1140, .T. ) ;
#2404 = DIRECTION ( 'NONE',  ( 2.344220913482172149E-16, 0.0000000000000000000, 1.000000000000000000 ) ) ;
#2405 = DIRECTION ( 'NONE',  ( 0.5213313868808869822, 0.0000000000000000000, 0.8533543139006510847 ) ) ;
#2406 = LINE ( 'NONE', #29, #43 ) ;
#2407 = ADVANCED_FACE ( 'NONE', ( #1841 ), #4313, .T. ) ;
#2408 = DIRECTION ( 'NONE',  ( 0.0000000000000000000, -1.000000000000000000, 0.0000000000000000000 ) ) ;
#2409 = LINE ( 'NONE', #972, #5604 ) ;
#2410 = EDGE_LOOP ( 'NONE', ( #5925, #1170, #540, #1651 ) ) ;
#2411 = CARTESIAN_POINT ( 'NONE',  ( 3.486294407631605363, 0.9064290159990538998, -3.793503509152977848 ) ) ;
#2412 = ORIENTED_EDGE ( 'NONE', *, *, #3384, .T. ) ;
#2413 = CARTESIAN_POINT ( 'NONE',  ( 1.652833810836171979, 0.8964290159990536688, -1.827994025134671574 ) ) ;
#2414 = EDGE_CURVE ( 'NONE', #1292, #3148, #4283, .T. ) ;
#2415 = EDGE_CURVE ( 'NONE', #4741, #2591, #1481, .T. ) ;
#2416 = DIRECTION ( 'NONE',  ( 0.4804152582365231461, 0.0000000000000000000, -0.8770411504904059852 ) ) ;
#2417 = ORIENTED_EDGE ( 'NONE', *, *, #801, .T. ) ;
#2418 = LINE ( 'NONE', #2851, #1257 ) ;
#2419 = ORIENTED_EDGE ( 'NONE', *, *, #3384, .F. ) ;
#2420 = EDGE_CURVE ( 'NONE', #135, #1621, #417, .T. ) ;
#2421 = VECTOR ( 'NONE', #2131, 1000.000000000000000 ) ;
#2422 = CARTESIAN_POINT ( 'NONE',  ( 0.5875818738530219631, 0.8964290159990537799, -0.6929698366247789565 ) ) ;
#2423 = VECTOR ( 'NONE', #5329, 1000.000000000000114 ) ;
#2424 = VERTEX_POINT ( 'NONE', #2330 ) ;
#2425 = DIRECTION ( 'NONE',  ( -0.0000000000000000000, -1.000000000000000000, -0.0000000000000000000 ) ) ;
#2426 = ORIENTED_EDGE ( 'NONE', *, *, #5990, .F. ) ;
#2427 = CARTESIAN_POINT ( 'NONE',  ( 4.755932850279749324, 0.0000000000000000000, -2.879309389599567837 ) ) ;
#2428 = VECTOR ( 'NONE', #1021, 1000.000000000000000 ) ;
#2429 = DIRECTION ( 'NONE',  ( 1.000000000000000000, 0.0000000000000000000, 0.0000000000000000000 ) ) ;
#2430 = DIRECTION ( 'NONE',  ( 2.344220913482171656E-16, 0.0000000000000000000, 1.000000000000000000 ) ) ;
#2431 = CARTESIAN_POINT ( 'NONE',  ( 0.3559328502797491911, 0.0000000000000000000, -2.179309389599567659 ) ) ;
#2432 = CARTESIAN_POINT ( 'NONE',  ( 3.234744752077709951, 0.9064290159990535667, -3.489864385543285596 ) ) ;
#2433 = LINE ( 'NONE', #1408, #2780 ) ;
#2434 = VECTOR ( 'NONE', #1280, 1000.000000000000000 ) ;
#2435 = EDGE_CURVE ( 'NONE', #760, #1840, #3317, .T. ) ;
#2436 =( GEOMETRIC_REPRESENTATION_CONTEXT ( 3 ) GLOBAL_UNCERTAINTY_ASSIGNED_CONTEXT ( ( #2326 ) ) GLOBAL_UNIT_ASSIGNED_CONTEXT ( ( #962, #1521, #2829 ) ) REPRESENTATION_CONTEXT ( 'NONE', 'WORKASPACE' ) );
#2437 = DIRECTION ( 'NONE',  ( -1.000000000000000000, 0.0000000000000000000, 0.0000000000000000000 ) ) ;
#2438 = LINE ( 'NONE', #1828, #5351 ) ;
#2439 = DIRECTION ( 'NONE',  ( -1.000000000000000000, 0.0000000000000000000, -0.0000000000000000000 ) ) ;
#2440 = EDGE_LOOP ( 'NONE', ( #2740, #5086, #4381, #2813 ) ) ;
#2441 = LINE ( 'NONE', #1030, #5315 ) ;
#2442 = ORIENTED_EDGE ( 'NONE', *, *, #4896, .T. ) ;
#2443 = CARTESIAN_POINT ( 'NONE',  ( 2.995624777865954602, 0.9064290159990536777, -3.880276478999032275 ) ) ;
#2444 = CARTESIAN_POINT ( 'NONE',  ( 2.288851439041299951, 0.9064290159990536777, -0.8254608485316339284 ) ) ;
#2445 = DIRECTION ( 'NONE',  ( 0.5212085848325790360, 0.0000000000000000000, -0.8534293240197575736 ) ) ;
#2446 = EDGE_CURVE ( 'NONE', #3674, #5802, #3761, .T. ) ;
#2447 = ORIENTED_EDGE ( 'NONE', *, *, #1865, .F. ) ;
#2448 = CARTESIAN_POINT ( 'NONE',  ( 3.195151240594907627, 0.9064290159990541218, -4.087904458326130808 ) ) ;
#2449 = ORIENTED_EDGE ( 'NONE', *, *, #5896, .T. ) ;
#2450 = LINE ( 'NONE', #4780, #4813 ) ;
#2451 = ADVANCED_FACE ( 'NONE', ( #5651 ), #4720, .T. ) ;
#2452 = ORIENTED_EDGE ( 'NONE', *, *, #1454, .F. ) ;
#2453 = DIRECTION ( 'NONE',  ( -0.0000000000000000000, -1.000000000000000000, -0.0000000000000000000 ) ) ;
#2454 = ORIENTED_EDGE ( 'NONE', *, *, #5402, .F. ) ;
#2455 = CARTESIAN_POINT ( 'NONE',  ( 3.610596507574385772, 0.8964290159990536688, -4.059279926595564802 ) ) ;
#2456 = LINE ( 'NONE', #4848, #4862 ) ;
#2457 = LINE ( 'NONE', #2431, #1632 ) ;
#2458 = LINE ( 'NONE', #493, #3522 ) ;
#2459 = DIRECTION ( 'NONE',  ( 1.000000000000000000, 0.0000000000000000000, 0.0000000000000000000 ) ) ;
#2460 = DIRECTION ( 'NONE',  ( -1.000000000000000000, 0.0000000000000000000, -0.0000000000000000000 ) ) ;
#2461 = ADVANCED_FACE ( 'NONE', ( #1388 ), #5183, .F. ) ;
#2462 = CARTESIAN_POINT ( 'NONE',  ( 0.5291666666666666741, 0.9064290159990536777, -0.8039262820512820262 ) ) ;
#2463 =( LENGTH_UNIT ( ) NAMED_UNIT ( * ) SI_UNIT ( .MILLI., .METRE. ) );
#2464 = CARTESIAN_POINT ( 'NONE',  ( 2.063149983378907315, 0.9064290159990536777, -1.827994025134671574 ) ) ;
#2465 = ORIENTED_EDGE ( 'NONE', *, *, #4108, .F. ) ;
#2466 = CARTESIAN_POINT ( 'NONE',  ( 0.7850464412155366833, 0.8964290159990537799, -0.7527806176124559601 ) ) ;
#2467 = EDGE_CURVE ( 'NONE', #4830, #2673, #5430, .T. ) ;
#2468 = ORIENTED_EDGE ( 'NONE', *, *, #1332, .T. ) ;
#2469 = DIRECTION ( 'NONE',  ( 0.4804152582365225910, 0.0000000000000000000, -0.8770411504904062072 ) ) ;
#2470 = DIRECTION ( 'NONE',  ( -0.0000000000000000000, -1.000000000000000000, -0.0000000000000000000 ) ) ;
#2471 = CARTESIAN_POINT ( 'NONE',  ( 2.063149983378907315, 0.9064290159990536777, -1.827994025134671574 ) ) ;
#2472 =( GEOMETRIC_REPRESENTATION_CONTEXT ( 3 ) GLOBAL_UNCERTAINTY_ASSIGNED_CONTEXT ( ( #387 ) ) GLOBAL_UNIT_ASSIGNED_CONTEXT ( ( #909, #440, #4680 ) ) REPRESENTATION_CONTEXT ( 'NONE', 'WORKASPACE' ) );
#2473 = FILL_AREA_STYLE ('',( #1098 ) ) ;
#2474 = ORIENTED_EDGE ( 'NONE', *, *, #2207, .T. ) ;
#2475 = FACE_OUTER_BOUND ( 'NONE', #2178, .T. ) ;
#2476 = VERTEX_POINT ( 'NONE', #5827 ) ;
#2477 = AXIS2_PLACEMENT_3D ( 'NONE', #4703, #3303, #1856 ) ;
#2478 = DIRECTION ( 'NONE',  ( -0.8770197613181063279, 0.0000000000000000000, -0.4804543040264409592 ) ) ;
#2479 = ORIENTED_EDGE ( 'NONE', *, *, #2872, .T. ) ;
#2480 = VECTOR ( 'NONE', #3789, 1000.000000000000000 ) ;
#2481 = ORIENTED_EDGE ( 'NONE', *, *, #2682, .F. ) ;
#2482 = DIRECTION ( 'NONE',  ( 1.000000000000000000, 0.0000000000000000000, 0.0000000000000000000 ) ) ;
#2483 = DIRECTION ( 'NONE',  ( -1.000000000000000000, 0.0000000000000000000, -0.0000000000000000000 ) ) ;
#2484 = FILL_AREA_STYLE_COLOUR ( '', #894 ) ;
#2485 = VECTOR ( 'NONE', #1643, 1000.000000000000114 ) ;
#2486 = CARTESIAN_POINT ( 'NONE',  ( 3.227387814400367816, 0.9064290159990535667, -3.447496193663392550 ) ) ;
#2487 = CARTESIAN_POINT ( 'NONE',  ( 2.268986488453693440, 0.9064290159990536777, -2.098725528873987667 ) ) ;
#2488 = CARTESIAN_POINT ( 'NONE',  ( 3.405932850279749236, -0.01000000000000000021, -2.879309389599567837 ) ) ;
#2489 = B_SPLINE_SURFACE_WITH_KNOTS ( 'NONE', 3, 1, ( 
 ( #5603, #2652 ),
 ( #816, #2714 ),
 ( #343, #3679 ),
 ( #2260, #4551 ),
 ( #1345, #4150 ),
 ( #2744, #5573 ),
 ( #5635, #6033 ),
 ( #4671, #3238 ),
 ( #5139, #5748 ),
 ( #4731, #6145 ),
 ( #2373, #3330 ),
 ( #2912, #3857 ),
 ( #2801, #5723 ),
 ( #5166, #545 ),
 ( #5224, #1017 ),
 ( #1462, #4756 ),
 ( #963, #460 ),
 ( #3361, #4240 ),
 ( #1904, #2455 ) ),
 .UNSPECIFIED., .F., .F., .F.,
 ( 4, 1, 1, 1, 1, 1, 1, 1, 1, 1, 1, 1, 1, 1, 1, 1, 4 ),
 ( 2, 2 ),
 ( 0.0000000000000000000, 0.09546510449171005663, 0.1858575897923443465, 0.2710349793365074977, 0.3517277028838312614, 0.4270736388201363809, 0.4957100026978949470, 0.5587525136388116209, 0.6169147795200194961, 0.6714863062766501800, 0.7233083748797395351, 0.7727831595727385761, 0.8206259410641828511, 0.8668866673586645977, 0.9115747216525511565, 0.9560569530428016938, 1.000000000000000000 ),
 ( 0.0000000000000000000, 1.000000000000000000 ),
 .UNSPECIFIED. ) ;
#2490 = DIRECTION ( 'NONE',  ( 0.2787515866171259016, 0.0000000000000000000, -0.9603632401120082429 ) ) ;
#2491 = EDGE_CURVE ( 'NONE', #3551, #101, #633, .T. ) ;
#2492 = CARTESIAN_POINT ( 'NONE',  ( 3.292259536605998349, 0.8964290159990536688, -4.425746155507911617 ) ) ;
#2493 = LINE ( 'NONE', #4854, #2190 ) ;
#2494 = EDGE_CURVE ( 'NONE', #3038, #1947, #4937, .T. ) ;
#2495 = LINE ( 'NONE', #118, #4919 ) ;
#2496 = AXIS2_PLACEMENT_3D ( 'NONE', #3976, #3039, #5866 ) ;
#2497 = CARTESIAN_POINT ( 'NONE',  ( 1.504535700526342890, 0.8964290159990536688, -2.098725528873987667 ) ) ;
#2498 = VERTEX_POINT ( 'NONE', #4403 ) ;
#2499 = LINE ( 'NONE', #3463, #2634 ) ;
#2500 = EDGE_CURVE ( 'NONE', #1272, #3511, #1986, .T. ) ;
#2501 = VERTEX_POINT ( 'NONE', #4467 ) ;
#2502 = FACE_OUTER_BOUND ( 'NONE', #2826, .T. ) ;
#2503 = CARTESIAN_POINT ( 'NONE',  ( 3.092538100422856928, 0.8964290159990535578, -4.139645882032507274 ) ) ;
#2504 = CARTESIAN_POINT ( 'NONE',  ( 3.510603012138348245, 0.9064290159990537887, -3.817080404823987028 ) ) ;
#2505 = ORIENTED_EDGE ( 'NONE', *, *, #3934, .T. ) ;
#2506 = CARTESIAN_POINT ( 'NONE',  ( 2.708559471893864590, 0.9064290159990536777, -2.357160691801337915 ) ) ;
#2507 = VERTEX_POINT ( 'NONE', #4000 ) ;
#2508 = ORIENTED_EDGE ( 'NONE', *, *, #936, .T. ) ;
#2509 = PLANE ( 'NONE',  #940 ) ;
#2510 = ORIENTED_EDGE ( 'NONE', *, *, #5004, .F. ) ;
#2511 = CARTESIAN_POINT ( 'NONE',  ( -1.084202172485504434E-15, 0.8964290159990536688, -5.000000000000000000 ) ) ;
#2512 = ORIENTED_EDGE ( 'NONE', *, *, #466, .T. ) ;
#2513 = CARTESIAN_POINT ( 'NONE',  ( 1.363021778250701921, 0.9064290159990536777, -2.357160691801337915 ) ) ;
#2514 = CARTESIAN_POINT ( 'NONE',  ( 3.159262234592108420, 0.8964290159990538909, -3.600700108364979446 ) ) ;
#2515 = ORIENTED_EDGE ( 'NONE', *, *, #2293, .T. ) ;
#2516 = VECTOR ( 'NONE', #3987, 1000.000000000000000 ) ;
#2517 = VECTOR ( 'NONE', #2196, 1000.000000000000114 ) ;
#2518 = CARTESIAN_POINT ( 'NONE',  ( 3.234472431830427652, 0.9064290159990534557, -3.476165579217720847 ) ) ;
#2519 = CARTESIAN_POINT ( 'NONE',  ( 2.595030325259248816, 0.8964290159990536688, -2.047526109803475158 ) ) ;
#2520 = ORIENTED_EDGE ( 'NONE', *, *, #2571, .F. ) ;
#2521 = CARTESIAN_POINT ( 'NONE',  ( 1.773231947855402835, 0.8964290159990536688, -2.357160691801337915 ) ) ;
#2522 = VECTOR ( 'NONE', #1361, 1000.000000000000000 ) ;
#2523 = CARTESIAN_POINT ( 'NONE',  ( 1.583507889361813081, 0.9064290159990536777, -0.8254608485316339284 ) ) ;
#2524 = CARTESIAN_POINT ( 'NONE',  ( 3.252418145772069114, 0.9064290159990536777, -0.8797343528051381201 ) ) ;
#2525 = VECTOR ( 'NONE', #1798, 1000.000000000000000 ) ;
#2526 = CARTESIAN_POINT ( 'NONE',  ( 0.5305632140068660130, 0.9064290159990536777, -0.7777786964052427754 ) ) ;
#2527 = LINE ( 'NONE', #4395, #5410 ) ;
#2528 = DIRECTION ( 'NONE',  ( 1.000000000000000000, 0.0000000000000000000, 0.0000000000000000000 ) ) ;
#2529 = ORIENTED_EDGE ( 'NONE', *, *, #340, .F. ) ;
#2530 = AXIS2_PLACEMENT_3D ( 'NONE', #4582, #313, #2225 ) ;
#2531 = DIRECTION ( 'NONE',  ( -0.4802758347947843065, 0.0000000000000000000, -0.8771175078130484248 ) ) ;
#2532 = VECTOR ( 'NONE', #1439, 1000.000000000000000 ) ;
#2533 = ORIENTED_EDGE ( 'NONE', *, *, #1629, .F. ) ;
#2534 = CARTESIAN_POINT ( 'NONE',  ( 2.240895709874633379, 0.8964290159990536688, -2.047526109803475158 ) ) ;
#2535 = CARTESIAN_POINT ( 'NONE',  ( 3.218524756806376175, 0.8964290159990535578, -4.031398105736561099 ) ) ;
#2536 = LINE ( 'NONE', #165, #119 ) ;
#2537 = VECTOR ( 'NONE', #4064, 1000.000000000000000 ) ;
#2538 = ORIENTED_EDGE ( 'NONE', *, *, #3035, .F. ) ;
#2539 = CARTESIAN_POINT ( 'NONE',  ( 0.7353720912271701771, 0.8964290159990537799, -0.6930866069402220608 ) ) ;
#2540 = ORIENTED_EDGE ( 'NONE', *, *, #4679, .T. ) ;
#2541 = ORIENTED_EDGE ( 'NONE', *, *, #4202, .F. ) ;
#2542 =( NAMED_UNIT ( * ) PLANE_ANGLE_UNIT ( ) SI_UNIT ( $, .RADIAN. ) );
#2543 = EDGE_LOOP ( 'NONE', ( #2074, #5800, #78, #4146 ) ) ;
#2544 = SURFACE_STYLE_FILL_AREA ( #4913 ) ;
#2545 = VERTEX_POINT ( 'NONE', #5888 ) ;
#2546 = PLANE ( 'NONE',  #3133 ) ;
#2547 = EDGE_CURVE ( 'NONE', #4541, #2300, #3904, .T. ) ;
#2548 = CARTESIAN_POINT ( 'NONE',  ( 0.7852010530229414087, 0.8964290159990538909, -0.8552484090332316269 ) ) ;
#2549 = DIRECTION ( 'NONE',  ( -1.000000000000000000, 0.0000000000000000000, 0.0000000000000000000 ) ) ;
#2550 = ORIENTED_EDGE ( 'NONE', *, *, #86, .F. ) ;
#2551 = ADVANCED_FACE ( 'NONE', ( #1638 ), #5300, .F. ) ;
#2552 = CARTESIAN_POINT ( 'NONE',  ( 2.801269641498564944, 0.8964290159990536688, -1.230180065946163914 ) ) ;
#2553 = ORIENTED_EDGE ( 'NONE', *, *, #1707, .T. ) ;
#2554 = CARTESIAN_POINT ( 'NONE',  ( 3.109950197054120569, 0.9064290159990536777, -1.354627515198300491 ) ) ;
#2555 = ADVANCED_FACE ( 'NONE', ( #2048, #1544, #3437 ), #4836, .T. ) ;
#2556 = CARTESIAN_POINT ( 'NONE',  ( 1.363021778250701921, 0.9064290159990536777, -2.357160691801337915 ) ) ;
#2557 = FACE_OUTER_BOUND ( 'NONE', #2667, .T. ) ;
#2558 = CARTESIAN_POINT ( 'NONE',  ( 1.858670315910958104, 0.9064290159990536777, -2.098725528873987667 ) ) ;
#2559 = CARTESIAN_POINT ( 'NONE',  ( 3.197501362675326142, 0.8964290159990533358, -3.044464038021732932 ) ) ;
#2560 = DIRECTION ( 'NONE',  ( -0.7871623908499748579, 0.0000000000000000000, 0.6167457907690584440 ) ) ;
#2561 = EDGE_LOOP ( 'NONE', ( #1329, #2877, #72, #3171 ) ) ;
#2562 = ORIENTED_EDGE ( 'NONE', *, *, #4084, .T. ) ;
#2563 = CARTESIAN_POINT ( 'NONE',  ( 3.218781109798566131, 0.9064290159990537887, -4.016522354592092725 ) ) ;
#2564 = PLANE ( 'NONE',  #5606 ) ;
#2565 = LINE ( 'NONE', #2013, #329 ) ;
#2566 = CARTESIAN_POINT ( 'NONE',  ( 1.583507889361813081, 0.9064290159990536777, -0.8254608485316339284 ) ) ;
#2567 = ORIENTED_EDGE ( 'NONE', *, *, #1720, .F. ) ;
#2568 = PLANE ( 'NONE',  #1087 ) ;
#2569 = UNCERTAINTY_MEASURE_WITH_UNIT (LENGTH_MEASURE( 1.000000000000000082E-05 ), #1288, 'distance_accuracy_value', 'NONE');
#2570 = ORIENTED_EDGE ( 'NONE', *, *, #6089, .F. ) ;
#2571 = EDGE_CURVE ( 'NONE', #214, #2210, #5034, .T. ) ;
#2572 = ORIENTED_EDGE ( 'NONE', *, *, #3712, .F. ) ;
#2573 = CARTESIAN_POINT ( 'NONE',  ( 0.5381966506841733278, 0.9064290159990537887, -0.8550933745953100962 ) ) ;
#2574 = VERTEX_POINT ( 'NONE', #4533 ) ;
#2575 = DIRECTION ( 'NONE',  ( 0.0000000000000000000, 0.0000000000000000000, -1.000000000000000000 ) ) ;
#2576 = CARTESIAN_POINT ( 'NONE',  ( 1.676692498512132534, 0.8964290159990536688, -2.784713831244895132 ) ) ;
#2577 = VECTOR ( 'NONE', #5290, 1000.000000000000114 ) ;
#2578 = CARTESIAN_POINT ( 'NONE',  ( 2.425425624404548230, 0.9064290159990536777, -2.357160691801337915 ) ) ;
#2579 = VERTEX_POINT ( 'NONE', #826 ) ;
#2580 = CARTESIAN_POINT ( 'NONE',  ( 2.127726973229334462, 0.8964290159990536688, -1.354627515198300491 ) ) ;
#2581 = ORIENTED_EDGE ( 'NONE', *, *, #349, .T. ) ;
#2582 = LINE ( 'NONE', #2066, #5865 ) ;
#2583 = ADVANCED_FACE ( 'NONE', ( #764 ), #1740, .T. ) ;
#2584 = PLANE ( 'NONE',  #4867 ) ;
#2585 = DIRECTION ( 'NONE',  ( 1.000000000000000000, 0.0000000000000000000, 0.0000000000000000000 ) ) ;
#2586 = FACE_OUTER_BOUND ( 'NONE', #1445, .T. ) ;
#2587 = CARTESIAN_POINT ( 'NONE',  ( 3.336415210466046055, 0.9064290159990536777, -3.071587135628361942 ) ) ;
#2588 = LINE ( 'NONE', #1565, #4613 ) ;
#2589 = ORIENTED_EDGE ( 'NONE', *, *, #2833, .F. ) ;
#2590 = CARTESIAN_POINT ( 'NONE',  ( 3.124751106175305271, 0.9064290159990541218, -4.132901229715272073 ) ) ;
#2591 = VERTEX_POINT ( 'NONE', #4596 ) ;
#2592 = EDGE_CURVE ( 'NONE', #4124, #1182, #2630, .T. ) ;
#2593 = AXIS2_PLACEMENT_3D ( 'NONE', #2982, #5600, #276 ) ;
#2594 = PLANE ( 'NONE',  #437 ) ;
#2595 = FACE_OUTER_BOUND ( 'NONE', #1103, .T. ) ;
#2596 = LINE ( 'NONE', #5858, #3215 ) ;
#2597 = PRESENTATION_STYLE_ASSIGNMENT (( #3130 ) ) ;
#2598 = ORIENTED_EDGE ( 'NONE', *, *, #4059, .F. ) ;
#2599 = LINE ( 'NONE', #231, #2393 ) ;
#2600 = ADVANCED_FACE ( 'NONE', ( #793 ), #295, .F. ) ;
#2601 = ADVANCED_FACE ( 'NONE', ( #2695 ), #5000, .T. ) ;
#2602 = ORIENTED_EDGE ( 'NONE', *, *, #3252, .F. ) ;
#2603 = DIRECTION ( 'NONE',  ( -0.9136674107863312910, 0.0000000000000000000, 0.4064626212421030838 ) ) ;
#2604 = ADVANCED_FACE ( 'NONE', ( #2139 ), #3191, .T. ) ;
#2605 = VERTEX_POINT ( 'NONE', #6019 ) ;
#2606 = PLANE ( 'NONE',  #3993 ) ;
#2607 = ORIENTED_EDGE ( 'NONE', *, *, #4431, .T. ) ;
#2608 = LINE ( 'NONE', #4382, #1644 ) ;
#2609 = CARTESIAN_POINT ( 'NONE',  ( 0.6614583333333333703, 0.8964290159990536688, -0.9362179487179487225 ) ) ;
#2610 = DIRECTION ( 'NONE',  ( -0.3651136360950649196, 0.0000000000000000000, -0.9309629599170100578 ) ) ;
#2611 = ORIENTED_EDGE ( 'NONE', *, *, #4385, .T. ) ;
#2612 = EDGE_CURVE ( 'NONE', #4232, #5999, #4133, .T. ) ;
#2613 = DIRECTION ( 'NONE',  ( -0.0000000000000000000, -1.000000000000000000, -0.0000000000000000000 ) ) ;
#2614 = ORIENTED_EDGE ( 'NONE', *, *, #218, .F. ) ;
#2615 = CARTESIAN_POINT ( 'NONE',  ( 1.773231947855402835, 0.9064290159990536777, -2.357160691801337915 ) ) ;
#2616 = FACE_OUTER_BOUND ( 'NONE', #3262, .T. ) ;
#2617 = CARTESIAN_POINT ( 'NONE',  ( 0.6526160983265799631, 0.8964290159990538909, -0.9357024936672075910 ) ) ;
#2618 = EDGE_CURVE ( 'NONE', #1415, #2545, #2171, .T. ) ;
#2619 = CARTESIAN_POINT ( 'NONE',  ( 1.747729683303306469, 0.9064290159990536777, -3.043473829274840448 ) ) ;
#2620 = CARTESIAN_POINT ( 'NONE',  ( 3.494519172338462987, 0.8964290159990531137, -3.157221023679552374 ) ) ;
#2621 = VECTOR ( 'NONE', #5271, 1000.000000000000000 ) ;
#2622 =( LENGTH_UNIT ( ) NAMED_UNIT ( * ) SI_UNIT ( .MILLI., .METRE. ) );
#2623 = VERTEX_POINT ( 'NONE', #4968 ) ;
#2624 = CARTESIAN_POINT ( 'NONE',  ( 3.209092719060600452, 0.9064290159990537887, -4.068034394944716858 ) ) ;
#2625 = VERTEX_POINT ( 'NONE', #3598 ) ;
#2626 = VECTOR ( 'NONE', #1268, 1000.000000000000114 ) ;
#2627 = CARTESIAN_POINT ( 'NONE',  ( 3.605857662983384060, 0.8964290159990535578, -3.987107071578954720 ) ) ;
#2628 = FACE_OUTER_BOUND ( 'NONE', #5629, .T. ) ;
#2629 = DIRECTION ( 'NONE',  ( 1.000000000000000000, 0.0000000000000000000, 0.0000000000000000000 ) ) ;
#2630 = LINE ( 'NONE', #2723, #4632 ) ;
#2631 = ORIENTED_EDGE ( 'NONE', *, *, #4014, .T. ) ;
#2632 = VECTOR ( 'NONE', #818, 1000.000000000000000 ) ;
#2633 = VECTOR ( 'NONE', #3041, 1000.000000000000000 ) ;
#2634 = VECTOR ( 'NONE', #557, 1000.000000000000000 ) ;
#2635 = ORIENTED_EDGE ( 'NONE', *, *, #2766, .F. ) ;
#2636 = ADVANCED_FACE ( 'NONE', ( #1775 ), #2206, .F. ) ;
#2637 = CARTESIAN_POINT ( 'NONE',  ( 3.160066370639462718, 0.9064290159990536777, -3.384208934113429823 ) ) ;
#2638 = VERTEX_POINT ( 'NONE', #1414 ) ;
#2639 = DIRECTION ( 'NONE',  ( -0.8770411504904063182, 0.0000000000000000000, -0.4804152582365225910 ) ) ;
#2640 = VECTOR ( 'NONE', #4760, 999.9999999999998863 ) ;
#2641 = ORIENTED_EDGE ( 'NONE', *, *, #2691, .T. ) ;
#2642 = PLANE ( 'NONE',  #3735 ) ;
#2643 = CARTESIAN_POINT ( 'NONE',  ( 1.274319419315915081, 0.9064290159990536777, -2.605710383648362605 ) ) ;
#2644 = CARTESIAN_POINT ( 'NONE',  ( 2.595030325259248816, 0.9064290159990536777, -2.047526109803475158 ) ) ;
#2645 = ORIENTED_EDGE ( 'NONE', *, *, #4391, .T. ) ;
#2646 = EDGE_CURVE ( 'NONE', #2390, #2476, #4714, .T. ) ;
#2647 = CARTESIAN_POINT ( 'NONE',  ( 2.595030325259248816, 0.9064290159990536777, -2.149924947944500619 ) ) ;
#2648 = ORIENTED_EDGE ( 'NONE', *, *, #4173, .T. ) ;
#2649 = FACE_OUTER_BOUND ( 'NONE', #4137, .T. ) ;
#2650 = B_SPLINE_SURFACE_WITH_KNOTS ( 'NONE', 3, 1, ( 
 ( #893, #2790 ),
 ( #1560, #4423 ),
 ( #5843, #4484 ),
 ( #3552, #5381 ),
 ( #4884, #4924 ),
 ( #1687, #4514 ),
 ( #714, #4851 ),
 ( #5875, #1053 ),
 ( #215, #2157 ),
 ( #5815, #614 ),
 ( #3519, #3014 ) ),
 .UNSPECIFIED., .F., .F., .F.,
 ( 4, 1, 1, 1, 1, 1, 1, 1, 4 ),
 ( 2, 2 ),
 ( 0.0000000000000000000, 0.1276191503607365108, 0.2501824245187928009, 0.3728221216143818295, 0.5000000000000000000, 0.6271778783856181150, 0.7498175754812065330, 0.8723808496392635448, 1.000000000000000000 ),
 ( 0.0000000000000000000, 1.000000000000000000 ),
 .UNSPECIFIED. ) ;
#2651 = DIRECTION ( 'NONE',  ( -0.0000000000000000000, -1.000000000000000000, -0.0000000000000000000 ) ) ;
#2652 = CARTESIAN_POINT ( 'NONE',  ( 3.015115124595662444, 0.8964290159990536688, -4.461653005791782256 ) ) ;
#2653 = DIRECTION ( 'NONE',  ( -0.3660897081358594485, 0.0000000000000000000, -0.9305795643559992003 ) ) ;
#2654 = CARTESIAN_POINT ( 'NONE',  ( 2.120836782257112141, 0.9064290159990536777, -1.354627515198300491 ) ) ;
#2655 = CARTESIAN_POINT ( 'NONE',  ( 2.418641436370359887, 0.9064290159990536777, -1.827994025134671574 ) ) ;
#2656 = VERTEX_POINT ( 'NONE', #5123 ) ;
#2657 = LINE ( 'NONE', #786, #2525 ) ;
#2658 = ORIENTED_EDGE ( 'NONE', *, *, #3426, .F. ) ;
#2659 = CARTESIAN_POINT ( 'NONE',  ( 3.510603012138348245, 0.8964290159990537799, -3.817080404823987028 ) ) ;
#2660 = LINE ( 'NONE', #5921, #884 ) ;
#2661 = CARTESIAN_POINT ( 'NONE',  ( 3.543510409111423787, 0.8964290159990535578, -3.671300617748826323 ) ) ;
#2662 = CARTESIAN_POINT ( 'NONE',  ( 4.155932850279748791, -0.01000000000000000021, -0.3293093895995677367 ) ) ;
#2663 = ADVANCED_FACE ( 'NONE', ( #471 ), #4535, .T. ) ;
#2664 = ORIENTED_EDGE ( 'NONE', *, *, #3795, .F. ) ;
#2665 = VERTEX_POINT ( 'NONE', #913 ) ;
#2666 = DIRECTION ( 'NONE',  ( -0.3688942629807152040, 0.0000000000000000000, 0.9294713673588417269 ) ) ;
#2667 = EDGE_LOOP ( 'NONE', ( #4591, #3345, #1611, #1451 ) ) ;
#2668 = FACE_OUTER_BOUND ( 'NONE', #3506, .T. ) ;
#2669 = ORIENTED_EDGE ( 'NONE', *, *, #4181, .T. ) ;
#2670 = CARTESIAN_POINT ( 'NONE',  ( 3.143432447088579273, 0.9064290159990541218, -3.902625612776332353 ) ) ;
#2671 = CARTESIAN_POINT ( 'NONE',  ( 3.160066370639462718, 0.8964290159990536688, -3.384208934113429823 ) ) ;
#2672 = LINE ( 'NONE', #4544, #4414 ) ;
#2673 = VERTEX_POINT ( 'NONE', #4252 ) ;
#2674 = DIRECTION ( 'NONE',  ( 0.3651136360950649751, 0.0000000000000000000, 0.9309629599170100578 ) ) ;
#2675 = ORIENTED_EDGE ( 'NONE', *, *, #1640, .T. ) ;
#2676 = FILL_AREA_STYLE ('',( #5970 ) ) ;
#2677 = ORIENTED_EDGE ( 'NONE', *, *, #3374, .T. ) ;
#2678 = PLANE ( 'NONE',  #2530 ) ;
#2679 = CARTESIAN_POINT ( 'NONE',  ( 0.5506186582222731829, 0.9064290159990538998, -0.8778400399451190550 ) ) ;
#2680 = B_SPLINE_CURVE_WITH_KNOTS ( 'NONE', 3,
 ( #868, #394, #4144, #2217, #739, #6027, #2671, #4073, #4105, #4543, #3701, #4200, #1308, #5996, #1717, #3230, #1784 ),
 .UNSPECIFIED., .F., .F.,
 ( 4, 1, 1, 1, 1, 1, 1, 1, 1, 1, 1, 1, 1, 1, 4 ),
 ( 0.0000000000000000000, 0.1277706293124476200, 0.2439804506356082481, 0.3480758004030589103, 0.4406650460066899311, 0.5230791416656183079, 0.5935156255361748734, 0.6552269717712234653, 0.7090791295509711878, 0.7569732727241815784, 0.7987624002830164827, 0.8347047937630662773, 0.8644111872596792479, 0.9254754689597471939, 1.000000000000000000 ),
 .UNSPECIFIED. ) ;
#2681 = VECTOR ( 'NONE', #6068, 1000.000000000000000 ) ;
#2682 = EDGE_CURVE ( 'NONE', #3226, #5163, #413, .T. ) ;
#2683 = CARTESIAN_POINT ( 'NONE',  ( 0.5673854019246077351, 0.8964290159990537799, -0.8980096207073271497 ) ) ;
#2684 = SURFACE_STYLE_USAGE ( .BOTH. , #2750 ) ;
#2685 = VERTEX_POINT ( 'NONE', #1862 ) ;
#2686 = EDGE_CURVE ( 'NONE', #4079, #415, #3755, .T. ) ;
#2687 = AXIS2_PLACEMENT_3D ( 'NONE', #891, #3732, #4745 ) ;
#2688 = CARTESIAN_POINT ( 'NONE',  ( 3.195151240594907627, 0.8964290159990541129, -4.087904458326130808 ) ) ;
#2689 = AXIS2_PLACEMENT_3D ( 'NONE', #3065, #4939, #5432 ) ;
#2690 = ORIENTED_EDGE ( 'NONE', *, *, #1538, .F. ) ;
#2691 = EDGE_CURVE ( 'NONE', #1489, #4316, #65, .T. ) ;
#2692 = CARTESIAN_POINT ( 'NONE',  ( 3.610596507574385772, 0.8964290159990536688, -4.059279926595564802 ) ) ;
#2693 = CARTESIAN_POINT ( 'NONE',  ( 1.702231179960103757, 0.8964290159990536688, -2.357160691801337915 ) ) ;
#2694 = CARTESIAN_POINT ( 'NONE',  ( 3.612993883163555520, 0.8964290159990535578, -3.565055503791929592 ) ) ;
#2695 = FACE_OUTER_BOUND ( 'NONE', #2787, .T. ) ;
#2696 = ORIENTED_EDGE ( 'NONE', *, *, #4515, .T. ) ;
#2697 = AXIS2_PLACEMENT_3D ( 'NONE', #2554, #249, #2951 ) ;
#2698 = ORIENTED_EDGE ( 'NONE', *, *, #5259, .T. ) ;
#2699 = DIRECTION ( 'NONE',  ( -0.9294713673588417269, 0.0000000000000000000, -0.3688942629807152040 ) ) ;
#2700 = ORIENTED_EDGE ( 'NONE', *, *, #5336, .F. ) ;
#2701 = VECTOR ( 'NONE', #5607, 999.9999999999998863 ) ;
#2702 = DIRECTION ( 'NONE',  ( -0.4804152582365225355, 0.0000000000000000000, 0.8770411504904062072 ) ) ;
#2703 = VERTEX_POINT ( 'NONE', #2957 ) ;
#2704 = CARTESIAN_POINT ( 'NONE',  ( 3.218994409465639084, 0.8964290159990536688, -4.023889560165304857 ) ) ;
#2705 = CARTESIAN_POINT ( 'NONE',  ( 3.073675925863909253, 0.8964290159990538909, -3.614267416387872078 ) ) ;
#2706 = CARTESIAN_POINT ( 'NONE',  ( 2.828851605975060135, 0.8964290159990536688, -1.827994025134671574 ) ) ;
#2707 = VERTEX_POINT ( 'NONE', #122 ) ;
#2708 = EDGE_CURVE ( 'NONE', #3674, #1070, #5761, .T. ) ;
#2709 = VERTEX_POINT ( 'NONE', #2008 ) ;
#2710 = VECTOR ( 'NONE', #1953, 1000.000000000000000 ) ;
#2711 = LINE ( 'NONE', #339, #1207 ) ;
#2712 = ORIENTED_EDGE ( 'NONE', *, *, #2346, .F. ) ;
#2713 = CARTESIAN_POINT ( 'NONE',  ( 0.5291666666666666741, 0.8964290159990536688, -0.8039262820512820262 ) ) ;
#2714 = CARTESIAN_POINT ( 'NONE',  ( 3.040604245702451358, 0.8964290159990536688, -4.461224966439440998 ) ) ;
#2715 = DIRECTION ( 'NONE',  ( 1.000000000000000000, 0.0000000000000000000, 0.0000000000000000000 ) ) ;
#2716 = CARTESIAN_POINT ( 'NONE',  ( 0.5876856367598308761, 0.8964290159990536688, -0.9147876630481820426 ) ) ;
#2717 = CARTESIAN_POINT ( 'NONE',  ( 2.799255585675915370, 0.9064290159990536777, -1.354627515198300491 ) ) ;
#2718 = CARTESIAN_POINT ( 'NONE',  ( -1.084202172485504434E-15, 0.8964290159990536688, -5.000000000000000000 ) ) ;
#2719 = VECTOR ( 'NONE', #1731, 1000.000000000000000 ) ;
#2720 = CARTESIAN_POINT ( 'NONE',  ( 3.118769641498564837, 0.8964290159990536688, -2.357160691801337915 ) ) ;
#2721 = EDGE_CURVE ( 'NONE', #1100, #5292, #3371, .T. ) ;
#2722 = DIRECTION ( 'NONE',  ( -0.0000000000000000000, -1.000000000000000000, -0.0000000000000000000 ) ) ;
#2723 = CARTESIAN_POINT ( 'NONE',  ( 3.204928829532752932, 0.9064290159990536777, -1.354627515198300491 ) ) ;
#2724 = VECTOR ( 'NONE', #348, 1000.000000000000227 ) ;
#2725 = VECTOR ( 'NONE', #328, 1000.000000000000000 ) ;
#2726 = ORIENTED_EDGE ( 'NONE', *, *, #502, .F. ) ;
#2727 = ORIENTED_EDGE ( 'NONE', *, *, #2290, .F. ) ;
#2728 = VECTOR ( 'NONE', #2251, 1000.000000000000000 ) ;
#2729 = DIRECTION ( 'NONE',  ( 0.0000000000000000000, 0.0000000000000000000, -1.000000000000000000 ) ) ;
#2730 = ORIENTED_EDGE ( 'NONE', *, *, #4432, .T. ) ;
#2731 = PLANE ( 'NONE',  #4880 ) ;
#2732 =( GEOMETRIC_REPRESENTATION_CONTEXT ( 3 ) GLOBAL_UNCERTAINTY_ASSIGNED_CONTEXT ( ( #2758 ) ) GLOBAL_UNIT_ASSIGNED_CONTEXT ( ( #1738, #726, #1635 ) ) REPRESENTATION_CONTEXT ( 'NONE', 'WORKASPACE' ) );
#2733 = ADVANCED_FACE ( 'NONE', ( #3401 ), #3592, .T. ) ;
#2734 = CARTESIAN_POINT ( 'NONE',  ( 3.204808159938138168, 0.8964290159990532247, -3.960949851471150751 ) ) ;
#2735 = PRESENTATION_LAYER_ASSIGNMENT (  '', '', ( #533 ) ) ;
#2736 = CARTESIAN_POINT ( 'NONE',  ( 1.971099314902991395, 0.9064290159990536777, -3.880276478999032275 ) ) ;
#2737 = ORIENTED_EDGE ( 'NONE', *, *, #1332, .F. ) ;
#2738 = VECTOR ( 'NONE', #4426, 1000.000000000000000 ) ;
#2739 = DIRECTION ( 'NONE',  ( 0.8530753181264633112, 0.0000000000000000000, -0.5217877936512442805 ) ) ;
#2740 = ORIENTED_EDGE ( 'NONE', *, *, #5997, .T. ) ;
#2741 = AXIS2_PLACEMENT_3D ( 'NONE', #1065, #1039, #2934 ) ;
#2742 = VERTEX_POINT ( 'NONE', #1001 ) ;
#2743 = LINE ( 'NONE', #3151, #4136 ) ;
#2744 = CARTESIAN_POINT ( 'NONE',  ( 3.292259536605998349, 0.9064290159990536777, -4.425746155507911617 ) ) ;
#2745 = EDGE_CURVE ( 'NONE', #179, #592, #1688, .T. ) ;
#2746 = DIRECTION ( 'NONE',  ( -0.0000000000000000000, -1.000000000000000000, -0.0000000000000000000 ) ) ;
#2747 = PRESENTATION_STYLE_ASSIGNMENT (( #3363 ) ) ;
#2748 = DIRECTION ( 'NONE',  ( -1.000000000000000000, 0.0000000000000000000, 0.0000000000000000000 ) ) ;
#2749 = EDGE_CURVE ( 'NONE', #4045, #4666, #2441, .T. ) ;
#2750 = SURFACE_SIDE_STYLE ('',( #4087 ) ) ;
#2751 = LINE ( 'NONE', #2807, #3532 ) ;
#2752 = UNCERTAINTY_MEASURE_WITH_UNIT (LENGTH_MEASURE( 1.000000000000000082E-05 ), #2146, 'distance_accuracy_value', 'NONE');
#2753 = DIRECTION ( 'NONE',  ( -0.0000000000000000000, -1.000000000000000000, -0.0000000000000000000 ) ) ;
#2754 = CARTESIAN_POINT ( 'NONE',  ( 2.382982048015658716, 0.8964290159990536688, -1.354627515198300491 ) ) ;
#2755 = CARTESIAN_POINT ( 'NONE',  ( 3.087728147902711662, 0.9064290159990535667, -3.614135192871132940 ) ) ;
#2756 = CARTESIAN_POINT ( 'NONE',  ( 3.609971318995828682, 0.8964290159990538909, -4.022324836445918095 ) ) ;
#2757 = ORIENTED_EDGE ( 'NONE', *, *, #1998, .T. ) ;
#2758 = UNCERTAINTY_MEASURE_WITH_UNIT (LENGTH_MEASURE( 1.000000000000000082E-05 ), #1738, 'distance_accuracy_value', 'NONE');
#2759 = ORIENTED_EDGE ( 'NONE', *, *, #2847, .T. ) ;
#2760 = DIRECTION ( 'NONE',  ( -0.0000000000000000000, -1.000000000000000000, -0.0000000000000000000 ) ) ;
#2761 = ORIENTED_EDGE ( 'NONE', *, *, #2914, .T. ) ;
#2762 = CARTESIAN_POINT ( 'NONE',  ( 2.835635794009248478, 0.9064290159990536777, -2.357160691801337915 ) ) ;
#2763 = CARTESIAN_POINT ( 'NONE',  ( 3.405932850279748791, 0.0000000000000000000, -2.179309389599567659 ) ) ;
#2764 = FACE_OUTER_BOUND ( 'NONE', #5497, .T. ) ;
#2765 = ORIENTED_EDGE ( 'NONE', *, *, #3027, .T. ) ;
#2766 = EDGE_CURVE ( 'NONE', #4640, #1834, #2929, .T. ) ;
#2767 = EDGE_CURVE ( 'NONE', #5740, #4529, #2499, .T. ) ;
#2768 = DIRECTION ( 'NONE',  ( 0.2578433336118838293, 0.0000000000000000000, 0.9661867393583450925 ) ) ;
#2769 = EDGE_LOOP ( 'NONE', ( #3005, #4637, #1978, #5957 ) ) ;
#2770 = ORIENTED_EDGE ( 'NONE', *, *, #1907, .F. ) ;
#2771 = LINE ( 'NONE', #874, #5522 ) ;
#2772 = CARTESIAN_POINT ( 'NONE',  ( 1.709015367994291656, 0.8964290159990536688, -1.827994025134671574 ) ) ;
#2773 = FACE_OUTER_BOUND ( 'NONE', #5124, .T. ) ;
#2774 = CARTESIAN_POINT ( 'NONE',  ( 2.921074162064804192, 0.8964290159990536688, -2.098725528873987667 ) ) ;
#2775 = ADVANCED_FACE ( 'NONE', ( #4831 ), #1091, .F. ) ;
#2776 = DIRECTION ( 'NONE',  ( 1.000000000000000000, 0.0000000000000000000, 0.0000000000000000000 ) ) ;
#2777 = VECTOR ( 'NONE', #4898, 1000.000000000000000 ) ;
#2778 = LINE ( 'NONE', #5143, #3074 ) ;
#2779 = LINE ( 'NONE', #6095, #5519 ) ;
#2780 = VECTOR ( 'NONE', #1910, 1000.000000000000000 ) ;
#2781 = DIRECTION ( 'NONE',  ( 0.4804152582365220914, 0.0000000000000000000, 0.8770411504904065403 ) ) ;
#2782 = CARTESIAN_POINT ( 'NONE',  ( 3.603321208886131721, 0.9064290159990540108, -4.129770722100850833 ) ) ;
#2783 = VECTOR ( 'NONE', #2401, 1000.000000000000000 ) ;
#2784 = CARTESIAN_POINT ( 'NONE',  ( 2.288851439041299951, 0.8964290159990536688, -0.8254608485316339284 ) ) ;
#2785 = VERTEX_POINT ( 'NONE', #1727 ) ;
#2786 = EDGE_CURVE ( 'NONE', #6080, #1554, #5138, .T. ) ;
#2787 = EDGE_LOOP ( 'NONE', ( #1646, #5125, #3165, #5658 ) ) ;
#2788 = LINE ( 'NONE', #416, #2030 ) ;
#2789 = DIRECTION ( 'NONE',  ( -0.0000000000000000000, -1.000000000000000000, -0.0000000000000000000 ) ) ;
#2790 = CARTESIAN_POINT ( 'NONE',  ( 0.6614583333333333703, 0.8964290159990536688, -0.9362179487179487225 ) ) ;
#2791 = DIRECTION ( 'NONE',  ( 1.000000000000000000, 0.0000000000000000000, 0.0000000000000000000 ) ) ;
#2792 = EDGE_LOOP ( 'NONE', ( #4471, #3908, #3318, #2856 ) ) ;
#2793 = EDGE_CURVE ( 'NONE', #6021, #2242, #2771, .T. ) ;
#2794 = ADVANCED_FACE ( 'NONE', ( #5164 ), #2310, .T. ) ;
#2795 = VECTOR ( 'NONE', #3326, 1000.000000000000000 ) ;
#2796 = CARTESIAN_POINT ( 'NONE',  ( 0.5505018879068303006, 0.9064290159990541218, -0.7300498225709709521 ) ) ;
#2797 = ORIENTED_EDGE ( 'NONE', *, *, #4254, .T. ) ;
#2798 = PLANE ( 'NONE',  #598 ) ;
#2799 = ORIENTED_EDGE ( 'NONE', *, *, #2207, .F. ) ;
#2800 = CARTESIAN_POINT ( 'NONE',  ( 0.6526015360367309892, 0.8964290159990536688, -0.6721076585509976331 ) ) ;
#2801 = CARTESIAN_POINT ( 'NONE',  ( 3.561352897722794175, 0.9064290159990535667, -4.232955021639440041 ) ) ;
#2802 = EDGE_CURVE ( 'NONE', #3064, #3480, #2743, .T. ) ;
#2803 = CARTESIAN_POINT ( 'NONE',  ( 1.532626479105402728, 0.9064290159990536777, -2.047526109803475158 ) ) ;
#2804 = PLANE ( 'NONE',  #3495 ) ;
#2805 = FACE_OUTER_BOUND ( 'NONE', #6015, .T. ) ;
#2806 = DIRECTION ( 'NONE',  ( 0.4804543040264410148, 0.0000000000000000000, -0.8770197613181063279 ) ) ;
#2807 = CARTESIAN_POINT ( 'NONE',  ( 2.799255585675915370, 0.8964290159990536688, -1.354627515198300491 ) ) ;
#2808 = EDGE_CURVE ( 'NONE', #4644, #640, #402, .T. ) ;
#2809 = CARTESIAN_POINT ( 'NONE',  ( 1.966814513293437150, 0.9064290159990536777, -0.9665507590551382089 ) ) ;
#2810 = CARTESIAN_POINT ( 'NONE',  ( 1.858670315910958104, 0.9064290159990536777, -2.098725528873987667 ) ) ;
#2811 = CARTESIAN_POINT ( 'NONE',  ( 3.637267508362408197, 0.9064290159990536777, -3.426356561741349172 ) ) ;
#2812 = CARTESIAN_POINT ( 'NONE',  ( 3.609971318995828682, 0.9064290159990538998, -4.022324836445918095 ) ) ;
#2813 = ORIENTED_EDGE ( 'NONE', *, *, #3730, .T. ) ;
#2814 = VECTOR ( 'NONE', #5513, 1000.000000000000000 ) ;
#2815 = VECTOR ( 'NONE', #4185, 1000.000000000000000 ) ;
#2816 = CARTESIAN_POINT ( 'NONE',  ( 3.204928829532752932, 0.9064290159990536777, -1.354627515198300491 ) ) ;
#2817 = CARTESIAN_POINT ( 'NONE',  ( 3.252418145772069114, 0.9064290159990536777, -1.354627515198300491 ) ) ;
#2818 = AXIS2_PLACEMENT_3D ( 'NONE', #4225, #1746, #799 ) ;
#2819 = FILL_AREA_STYLE ('',( #918 ) ) ;
#2820 = ORIENTED_EDGE ( 'NONE', *, *, #1054, .T. ) ;
#2821 = VECTOR ( 'NONE', #1655, 1000.000000000000000 ) ;
#2822 = CARTESIAN_POINT ( 'NONE',  ( 3.092538100422856928, 0.9064290159990535667, -4.139645882032507274 ) ) ;
#2823 = ORIENTED_EDGE ( 'NONE', *, *, #4517, .T. ) ;
#2824 = AXIS2_PLACEMENT_3D ( 'NONE', #2114, #5773, #1175 ) ;
#2825 = CARTESIAN_POINT ( 'NONE',  ( 3.209964633362638153, 0.8964290159990542239, -3.971807232465226711 ) ) ;
#2826 = EDGE_LOOP ( 'NONE', ( #4843, #1712, #3995, #6046 ) ) ;
#2827 = SURFACE_STYLE_USAGE ( .BOTH. , #543 ) ;
#2828 = EDGE_LOOP ( 'NONE', ( #2154, #1518, #1393, #3031, #2064, #4633, #4205, #4375, #3477, #644, #542, #6135 ) ) ;
#2829 =( NAMED_UNIT ( * ) SI_UNIT ( $, .STERADIAN. ) SOLID_ANGLE_UNIT ( ) );
#2830 = FACE_OUTER_BOUND ( 'NONE', #1634, .T. ) ;
#2831 = DIRECTION ( 'NONE',  ( 0.0000000000000000000, 0.0000000000000000000, -1.000000000000000000 ) ) ;
#2832 = VECTOR ( 'NONE', #2585, 1000.000000000000000 ) ;
#2833 = EDGE_CURVE ( 'NONE', #3234, #3484, #3743, .T. ) ;
#2834 = LINE ( 'NONE', #966, #1099 ) ;
#2835 = COLOUR_RGB ( '',1.000000000000000000, 1.000000000000000000, 1.000000000000000000 ) ;
#2836 = DIRECTION ( 'NONE',  ( 0.4804152582365225910, 0.0000000000000000000, 0.8770411504904062072 ) ) ;
#2837 = CARTESIAN_POINT ( 'NONE',  ( 3.062694087278479582, 0.8964290159990536688, -2.357160691801337915 ) ) ;
#2838 = PLANE ( 'NONE',  #641 ) ;
#2839 = EDGE_CURVE ( 'NONE', #1196, #642, #4206, .T. ) ;
#2840 = LINE ( 'NONE', #3306, #6138 ) ;
#2841 = FACE_OUTER_BOUND ( 'NONE', #445, .T. ) ;
#2842 = CARTESIAN_POINT ( 'NONE',  ( 3.109950197054120569, 0.8964290159990536688, -1.354627515198300491 ) ) ;
#2843 = CARTESIAN_POINT ( 'NONE',  ( 3.532528229188551361, 0.8964290159990536688, -3.838234900576156683 ) ) ;
#2844 = ORIENTED_EDGE ( 'NONE', *, *, #397, .T. ) ;
#2845 = ORIENTED_EDGE ( 'NONE', *, *, #5722, .T. ) ;
#2846 = FACE_OUTER_BOUND ( 'NONE', #3175, .T. ) ;
#2847 = EDGE_CURVE ( 'NONE', #5325, #3131, #4178, .T. ) ;
#2848 = VECTOR ( 'NONE', #6079, 1000.000000000000000 ) ;
#2849 = DIRECTION ( 'NONE',  ( 1.000000000000000000, 0.0000000000000000000, 0.0000000000000000000 ) ) ;
#2850 = EDGE_LOOP ( 'NONE', ( #2602, #5760, #3737, #926 ) ) ;
#2851 = CARTESIAN_POINT ( 'NONE',  ( 1.961726372267796004, 0.9064290159990536777, -0.8254608485316339284 ) ) ;
#2852 = ORIENTED_EDGE ( 'NONE', *, *, #1964, .F. ) ;
#2853 = DIRECTION ( 'NONE',  ( -0.2621528324626076767, 0.0000000000000000000, 0.9650263687753987130 ) ) ;
#2854 = ORIENTED_EDGE ( 'NONE', *, *, #875, .T. ) ;
#2855 = CARTESIAN_POINT ( 'NONE',  ( 3.252418145772069114, 0.8964290159990536688, -1.354627515198300491 ) ) ;
#2856 = ORIENTED_EDGE ( 'NONE', *, *, #3256, .T. ) ;
#2857 = PLANE ( 'NONE',  #531 ) ;
#2858 =( NAMED_UNIT ( * ) SI_UNIT ( $, .STERADIAN. ) SOLID_ANGLE_UNIT ( ) );
#2859 = EDGE_CURVE ( 'NONE', #3911, #1957, #3353, .T. ) ;
#2860 = CARTESIAN_POINT ( 'NONE',  ( 1.583507889361813081, 0.8964290159990536688, -0.8254608485316339284 ) ) ;
#2861 = DIRECTION ( 'NONE',  ( 0.4804543040264417919, 0.0000000000000000000, -0.8770197613181058838 ) ) ;
#2862 = CARTESIAN_POINT ( 'NONE',  ( 1.717156393635317357, 0.9064290159990536777, -2.357160691801337915 ) ) ;
#2863 = CARTESIAN_POINT ( 'NONE',  ( 1.702231179960103757, 0.9064290159990536777, -2.357160691801337915 ) ) ;
#2864 = ADVANCED_FACE ( 'NONE', ( #4081 ), #2678, .T. ) ;
#2865 = EDGE_CURVE ( 'NONE', #1896, #1513, #3237, .T. ) ;
#2866 = LINE ( 'NONE', #3245, #1891 ) ;
#2867 = CARTESIAN_POINT ( 'NONE',  ( 3.617993737499895612, 0.8964290159990535578, -3.315901287336859848 ) ) ;
#2868 = CARTESIAN_POINT ( 'NONE',  ( 2.595030325259248816, 0.9064290159990536777, -2.149924947944500619 ) ) ;
#2869 = ORIENTED_EDGE ( 'NONE', *, *, #6121, .T. ) ;
#2870 =( NAMED_UNIT ( * ) PLANE_ANGLE_UNIT ( ) SI_UNIT ( $, .RADIAN. ) );
#2871 = MECHANICAL_DESIGN_GEOMETRIC_PRESENTATION_REPRESENTATION (  '', ( #3181 ), #2472 ) ;
#2872 = EDGE_CURVE ( 'NONE', #1282, #2307, #6058, .T. ) ;
#2873 = LINE ( 'NONE', #2413, #1110 ) ;
#2874 = FILL_AREA_STYLE_COLOUR ( '', #1741 ) ;
#2875 = DIRECTION ( 'NONE',  ( 1.000000000000000000, 0.0000000000000000000, -0.0000000000000000000 ) ) ;
#2876 = VECTOR ( 'NONE', #2430, 1000.000000000000000 ) ;
#2877 = ORIENTED_EDGE ( 'NONE', *, *, #1401, .F. ) ;
#2878 = LINE ( 'NONE', #539, #5812 ) ;
#2879 = EDGE_LOOP ( 'NONE', ( #3758, #5992, #1675, #4127 ) ) ;
#2880 = EDGE_CURVE ( 'NONE', #5897, #5979, #1791, .T. ) ;
#2881 = CARTESIAN_POINT ( 'NONE',  ( 2.640145175686599011, 0.9064290159990536777, -0.8254608485316339284 ) ) ;
#2882 = VERTEX_POINT ( 'NONE', #3208 ) ;
#2883 = LINE ( 'NONE', #50, #3694 ) ;
#2884 = ORIENTED_EDGE ( 'NONE', *, *, #2920, .F. ) ;
#2885 = CARTESIAN_POINT ( 'NONE',  ( 1.966814513293437150, 0.8964290159990536688, -0.9665507590551382089 ) ) ;
#2886 = DIRECTION ( 'NONE',  ( -1.000000000000000000, 0.0000000000000000000, -0.0000000000000000000 ) ) ;
#2887 = VECTOR ( 'NONE', #4413, 1000.000000000000000 ) ;
#2888 = CARTESIAN_POINT ( 'NONE',  ( 3.207364978698050262, 0.9064290159990536777, -3.415168193065658997 ) ) ;
#2889 = FACE_OUTER_BOUND ( 'NONE', #5533, .T. ) ;
#2890 = CARTESIAN_POINT ( 'NONE',  ( 3.087728147902711662, 0.8964290159990535578, -3.614135192871132940 ) ) ;
#2891 = AXIS2_PLACEMENT_3D ( 'NONE', #4167, #735, #1241 ) ;
#2892 = CARTESIAN_POINT ( 'NONE',  ( 0.5291666666666666741, 0.8964290159990536688, -0.8039262820512820262 ) ) ;
#2893 = CARTESIAN_POINT ( 'NONE',  ( 3.527914114377584731, 0.8964290159990537799, -3.186005064515025964 ) ) ;
#2894 = CARTESIAN_POINT ( 'NONE',  ( 3.218994409465639084, 0.8964290159990536688, -4.023889560165304857 ) ) ;
#2895 = ORIENTED_EDGE ( 'NONE', *, *, #190, .F. ) ;
#2896 = CARTESIAN_POINT ( 'NONE',  ( 0.7555416719893786048, 0.9064290159990536777, -0.7098533506425565021 ) ) ;
#2897 = ORIENTED_EDGE ( 'NONE', *, *, #1119, .F. ) ;
#2898 = EDGE_CURVE ( 'NONE', #3131, #5999, #5106, .T. ) ;
#2899 = PLANE ( 'NONE',  #4967 ) ;
#2900 = DIRECTION ( 'NONE',  ( -1.000000000000000000, 0.0000000000000000000, -0.0000000000000000000 ) ) ;
#2901 = LINE ( 'NONE', #449, #2906 ) ;
#2902 = CARTESIAN_POINT ( 'NONE',  ( 0.0000000000000000000, 0.9064290159990534557, 0.0000000000000000000 ) ) ;
#2903 = ORIENTED_EDGE ( 'NONE', *, *, #134, .F. ) ;
#2904 = DIRECTION ( 'NONE',  ( 0.0000000000000000000, 0.0000000000000000000, -1.000000000000000000 ) ) ;
#2905 = ORIENTED_EDGE ( 'NONE', *, *, #3118, .F. ) ;
#2906 = VECTOR ( 'NONE', #2445, 1000.000000000000000 ) ;
#2907 = LINE ( 'NONE', #3765, #5209 ) ;
#2908 = VECTOR ( 'NONE', #4935, 1000.000000000000000 ) ;
#2909 = ADVANCED_FACE ( 'NONE', ( #988 ), #1049, .T. ) ;
#2910 = VERTEX_POINT ( 'NONE', #5659 ) ;
#2911 = ORIENTED_EDGE ( 'NONE', *, *, #5997, .F. ) ;
#2912 = CARTESIAN_POINT ( 'NONE',  ( 3.538314309355225173, 0.9064290159990538998, -4.265524264687850398 ) ) ;
#2913 = DIRECTION ( 'NONE',  ( 0.4804543040264410148, 0.0000000000000000000, 0.8770197613181063279 ) ) ;
#2914 = EDGE_CURVE ( 'NONE', #5979, #2476, #1429, .T. ) ;
#2915 = MECHANICAL_DESIGN_GEOMETRIC_PRESENTATION_REPRESENTATION (  '', ( #4853 ), #2732 ) ;
#2916 = CARTESIAN_POINT ( 'NONE',  ( 3.017514425605577699, 0.9064290159990534557, -3.364400384567829416 ) ) ;
#2917 = DIRECTION ( 'NONE',  ( -0.4806015670138518714, 0.0000000000000000000, 0.8769390707362911819 ) ) ;
#2918 = CARTESIAN_POINT ( 'NONE',  ( 1.652833810836171979, 0.9064290159990536777, -1.827994025134671574 ) ) ;
#2919 = VECTOR ( 'NONE', #5810, 1000.000000000000000 ) ;
#2920 = EDGE_CURVE ( 'NONE', #5186, #3850, #3296, .T. ) ;
#2921 = VECTOR ( 'NONE', #5845, 1000.000000000000000 ) ;
#2922 = VECTOR ( 'NONE', #2055, 1000.000000000000000 ) ;
#2923 = AXIS2_PLACEMENT_3D ( 'NONE', #1307, #1842, #2182 ) ;
#2924 = LINE ( 'NONE', #3838, #4524 ) ;
#2925 = CARTESIAN_POINT ( 'NONE',  ( 0.3559328502797495797, -0.01000000000000000021, -4.729309389599568370 ) ) ;
#2926 = DIRECTION ( 'NONE',  ( 1.000000000000000000, 0.0000000000000000000, 0.0000000000000000000 ) ) ;
#2927 = LINE ( 'NONE', #3896, #3312 ) ;
#2928 = VERTEX_POINT ( 'NONE', #5223 ) ;
#2929 = LINE ( 'NONE', #5326, #1654 ) ;
#2930 = ORIENTED_EDGE ( 'NONE', *, *, #2547, .T. ) ;
#2931 = CARTESIAN_POINT ( 'NONE',  ( 3.143432447088579273, 0.9064290159990538998, -3.902625612776332353 ) ) ;
#2932 = LINE ( 'NONE', #3404, #4141 ) ;
#2933 =( NAMED_UNIT ( * ) PLANE_ANGLE_UNIT ( ) SI_UNIT ( $, .RADIAN. ) );
#2934 = DIRECTION ( 'NONE',  ( 0.0000000000000000000, 0.0000000000000000000, -1.000000000000000000 ) ) ;
#2935 = VERTEX_POINT ( 'NONE', #21 ) ;
#2936 = CARTESIAN_POINT ( 'NONE',  ( 2.967270242460103180, 0.8964290159990536688, -0.8254608485316339284 ) ) ;
#2937 = ORIENTED_EDGE ( 'NONE', *, *, #5062, .T. ) ;
#2938 = CARTESIAN_POINT ( 'NONE',  ( 1.583507889361813081, 0.8964290159990536688, -1.077005820486762078 ) ) ;
#2939 = ADVANCED_FACE ( 'NONE', ( #2943 ), #5720, .F. ) ;
#2940 = VERTEX_POINT ( 'NONE', #1929 ) ;
#2941 = CARTESIAN_POINT ( 'NONE',  ( 0.5876856367598308761, 0.9064290159990536777, -0.9147876630481820426 ) ) ;
#2942 = VERTEX_POINT ( 'NONE', #3769 ) ;
#2943 = FACE_OUTER_BOUND ( 'NONE', #5055, .T. ) ;
#2944 = FACE_OUTER_BOUND ( 'NONE', #173, .T. ) ;
#2945 = ADVANCED_FACE ( 'NONE', ( #927 ), #2372, .F. ) ;
#2946 = CARTESIAN_POINT ( 'NONE',  ( 1.863249642834035047, 0.8964290159990536688, -1.354627515198300491 ) ) ;
#2947 = EDGE_CURVE ( 'NONE', #146, #785, #514, .T. ) ;
#2948 = CARTESIAN_POINT ( 'NONE',  ( 3.179940522921949508, 0.8964290159990540019, -3.392947531110795278 ) ) ;
#2949 = LINE ( 'NONE', #3860, #4908 ) ;
#2950 = EDGE_CURVE ( 'NONE', #2081, #5490, #4947, .T. ) ;
#2951 = DIRECTION ( 'NONE',  ( 0.2603341375417481118, 0.0000000000000000000, -0.9655185844044609222 ) ) ;
#2952 = CARTESIAN_POINT ( 'NONE',  ( 3.538314309355225173, 0.8964290159990538909, -4.265524264687850398 ) ) ;
#2953 = CARTESIAN_POINT ( 'NONE',  ( 0.5875818738530219631, 0.9064290159990537887, -0.6929698366247789565 ) ) ;
#2954 =( NAMED_UNIT ( * ) PLANE_ANGLE_UNIT ( ) SI_UNIT ( $, .RADIAN. ) );
#2955 = LINE ( 'NONE', #4856, #5695 ) ;
#2956 = ORIENTED_EDGE ( 'NONE', *, *, #3256, .F. ) ;
#2957 = CARTESIAN_POINT ( 'NONE',  ( 2.071291009019932794, 0.9064290159990536777, -2.357160691801337915 ) ) ;
#2958 = ORIENTED_EDGE ( 'NONE', *, *, #4171, .F. ) ;
#2959 = CARTESIAN_POINT ( 'NONE',  ( 3.162854446417726173, 0.9064290159990534557, -3.912036382636569165 ) ) ;
#2960 = CARTESIAN_POINT ( 'NONE',  ( 2.957305966284890175, 0.9064290159990536777, -0.9692008325059928708 ) ) ;
#2961 = LINE ( 'NONE', #727, #229 ) ;
#2962 = VECTOR ( 'NONE', #2781, 1000.000000000000000 ) ;
#2963 =( NAMED_UNIT ( * ) PLANE_ANGLE_UNIT ( ) SI_UNIT ( $, .RADIAN. ) );
#2964 = EDGE_CURVE ( 'NONE', #2384, #860, #5868, .T. ) ;
#2965 = ORIENTED_EDGE ( 'NONE', *, *, #4153, .T. ) ;
#2966 = CARTESIAN_POINT ( 'NONE',  ( 1.559869234180189190, 0.9064290159990536777, -1.127251213114967232 ) ) ;
#2967 = ORIENTED_EDGE ( 'NONE', *, *, #4885, .F. ) ;
#2968 = AXIS2_PLACEMENT_3D ( 'NONE', #880, #3839, #3751 ) ;
#2969 = VERTEX_POINT ( 'NONE', #106 ) ;
#2970 = CARTESIAN_POINT ( 'NONE',  ( 3.061400851434462389, 0.8964290159990536688, -1.354627515198300491 ) ) ;
#2971 = ORIENTED_EDGE ( 'NONE', *, *, #2259, .F. ) ;
#2972 =( NAMED_UNIT ( * ) PLANE_ANGLE_UNIT ( ) SI_UNIT ( $, .RADIAN. ) );
#2973 = COLOUR_RGB ( '',1.000000000000000000, 1.000000000000000000, 1.000000000000000000 ) ;
#2974 = ORIENTED_EDGE ( 'NONE', *, *, #3374, .F. ) ;
#2975 = DIRECTION ( 'NONE',  ( -0.8770411504904065403, 0.0000000000000000000, -0.4804152582365220359 ) ) ;
#2976 = CARTESIAN_POINT ( 'NONE',  ( 3.213386637845167648, 0.9064290159990537887, -3.560536775810127175 ) ) ;
#2977 = ORIENTED_EDGE ( 'NONE', *, *, #4059, .T. ) ;
#2978 = AXIS2_PLACEMENT_3D ( 'NONE', #1101, #4970, #100 ) ;
#2979 = CARTESIAN_POINT ( 'NONE',  ( 3.231812929976366267, 0.9064290159990535667, -3.459547448293701422 ) ) ;
#2980 = CARTESIAN_POINT ( 'NONE',  ( 4.155932850279748791, -0.01000000000000000021, -0.3293093895995677367 ) ) ;
#2981 = EDGE_LOOP ( 'NONE', ( #298, #5295, #587, #6003, #3414 ) ) ;
#2982 = CARTESIAN_POINT ( 'NONE',  ( 3.455943786797710082, 0.9064290159990536777, -0.8254608485316339284 ) ) ;
#2983 = FACE_OUTER_BOUND ( 'NONE', #3702, .T. ) ;
#2984 = PRESENTATION_LAYER_ASSIGNMENT (  '', '', ( #2209 ) ) ;
#2985 = CARTESIAN_POINT ( 'NONE',  ( 3.040604245702451358, 0.8964290159990536688, -4.461224966439440998 ) ) ;
#2986 = LINE ( 'NONE', #1564, #384 ) ;
#2987 = CARTESIAN_POINT ( 'NONE',  ( 3.125553829532752736, 0.9064290159990536777, -1.827994025134671574 ) ) ;
#2988 = VECTOR ( 'NONE', #2375, 1000.000000000000000 ) ;
#2989 = CARTESIAN_POINT ( 'NONE',  ( 1.274319419315915081, 0.9064290159990536777, -2.605710383648362605 ) ) ;
#2990 = ORIENTED_EDGE ( 'NONE', *, *, #5162, .T. ) ;
#2991 = EDGE_CURVE ( 'NONE', #610, #3933, #3546, .T. ) ;
#2992 = ORIENTED_EDGE ( 'NONE', *, *, #1647, .F. ) ;
#2993 = CARTESIAN_POINT ( 'NONE',  ( 4.155932850279748791, 0.0000000000000000000, -2.179309389599567659 ) ) ;
#2994 = LINE ( 'NONE', #560, #14 ) ;
#2995 = FACE_BOUND ( 'NONE', #4581, .T. ) ;
#2996 = EDGE_CURVE ( 'NONE', #5487, #2058, #4507, .T. ) ;
#2997 = EDGE_CURVE ( 'NONE', #1070, #1282, #5836, .T. ) ;
#2998 = VERTEX_POINT ( 'NONE', #4416 ) ;
#2999 = DIRECTION ( 'NONE',  ( -0.5212085848325790360, 0.0000000000000000000, 0.8534293240197575736 ) ) ;
#3000 = ORIENTED_EDGE ( 'NONE', *, *, #3057, .F. ) ;
#3001 = ORIENTED_EDGE ( 'NONE', *, *, #5772, .F. ) ;
#3002 = CARTESIAN_POINT ( 'NONE',  ( 1.954942184233607883, 0.8964290159990536688, -0.8254608485316339284 ) ) ;
#3003 = ORIENTED_EDGE ( 'NONE', *, *, #2191, .T. ) ;
#3004 = CARTESIAN_POINT ( 'NONE',  ( 2.418641436370359887, 0.9064290159990536777, -1.827994025134671574 ) ) ;
#3005 = ORIENTED_EDGE ( 'NONE', *, *, #6125, .F. ) ;
#3006 = CARTESIAN_POINT ( 'NONE',  ( 0.3559328502797491911, -0.01000000000000000021, -2.179309389599567659 ) ) ;
#3007 = FACE_OUTER_BOUND ( 'NONE', #3707, .T. ) ;
#3008 = DIRECTION ( 'NONE',  ( 0.9309629599170100578, 0.0000000000000000000, -0.3651136360950649196 ) ) ;
#3009 = ORIENTED_EDGE ( 'NONE', *, *, #942, .F. ) ;
#3010 = VECTOR ( 'NONE', #382, 1000.000000000000000 ) ;
#3011 = CARTESIAN_POINT ( 'NONE',  ( 0.0000000000000000000, 0.8964290159990536688, 0.0000000000000000000 ) ) ;
#3012 = CARTESIAN_POINT ( 'NONE',  ( 3.635927362411607078, 0.9064290159990536777, -3.388560545016841452 ) ) ;
#3013 = ORIENTED_EDGE ( 'NONE', *, *, #367, .T. ) ;
#3014 = CARTESIAN_POINT ( 'NONE',  ( 0.7937499999999999556, 0.8964290159990536688, -0.8039262820512820262 ) ) ;
#3015 = VECTOR ( 'NONE', #4498, 1000.000000000000000 ) ;
#3016 = LINE ( 'NONE', #4390, #4115 ) ;
#3017 = CARTESIAN_POINT ( 'NONE',  ( 1.583507889361813081, 0.9064290159990536777, -0.8254608485316339284 ) ) ;
#3018 = LINE ( 'NONE', #3991, #1294 ) ;
#3019 = CARTESIAN_POINT ( 'NONE',  ( 0.6614583333333333703, 0.9064290159990536777, -0.6716346153846154410 ) ) ;
#3020 = LINE ( 'NONE', #5917, #2325 ) ;
#3021 = VECTOR ( 'NONE', #1458, 1000.000000000000227 ) ;
#3022 = EDGE_LOOP ( 'NONE', ( #4036, #3645, #3349, #5894 ) ) ;
#3023 = VECTOR ( 'NONE', #2059, 1000.000000000000000 ) ;
#3024 = ADVANCED_FACE ( 'NONE', ( #2151 ), #1582, .T. ) ;
#3025 = VECTOR ( 'NONE', #3396, 1000.000000000000114 ) ;
#3026 = ORIENTED_EDGE ( 'NONE', *, *, #5426, .F. ) ;
#3027 = EDGE_CURVE ( 'NONE', #2476, #2579, #677, .T. ) ;
#3028 = CARTESIAN_POINT ( 'NONE',  ( 4.155932850279748791, 0.0000000000000000000, -2.179309389599567659 ) ) ;
#3029 = DIRECTION ( 'NONE',  ( 0.8771107020363836382, -0.0000000000000000000, 0.4802882638304235008 ) ) ;
#3030 = FACE_BOUND ( 'NONE', #5380, .T. ) ;
#3031 = ORIENTED_EDGE ( 'NONE', *, *, #1667, .F. ) ;
#3032 = DIRECTION ( 'NONE',  ( 1.000000000000000000, 0.0000000000000000000, -0.0000000000000000000 ) ) ;
#3033 = AXIS2_PLACEMENT_3D ( 'NONE', #2444, #3874, #4834 ) ;
#3034 = ORIENTED_EDGE ( 'NONE', *, *, #4385, .F. ) ;
#3035 = EDGE_CURVE ( 'NONE', #1600, #4534, #238, .T. ) ;
#3036 = ORIENTED_EDGE ( 'NONE', *, *, #5591, .T. ) ;
#3037 = CARTESIAN_POINT ( 'NONE',  ( 2.957305966284890175, 0.8964290159990536688, -0.9692008325059928708 ) ) ;
#3038 = VERTEX_POINT ( 'NONE', #5931 ) ;
#3039 = DIRECTION ( 'NONE',  ( -0.8770197613181055507, 0.0000000000000000000, -0.4804543040264425691 ) ) ;
#3040 = ORIENTED_EDGE ( 'NONE', *, *, #5267, .F. ) ;
#3041 = DIRECTION ( 'NONE',  ( 0.0000000000000000000, 0.0000000000000000000, -1.000000000000000000 ) ) ;
#3042 = CARTESIAN_POINT ( 'NONE',  ( 2.772776051754975324, 0.8964290159990536688, -1.827994025134671574 ) ) ;
#3043 = CARTESIAN_POINT ( 'NONE',  ( 2.000290241124633273, 0.9064290159990536777, -2.357160691801337915 ) ) ;
#3044 = ORIENTED_EDGE ( 'NONE', *, *, #1829, .T. ) ;
#3045 = CARTESIAN_POINT ( 'NONE',  ( 3.494519172338462987, 0.9064290159990534557, -3.157221023679552374 ) ) ;
#3046 = ORIENTED_EDGE ( 'NONE', *, *, #5946, .T. ) ;
#3047 = CARTESIAN_POINT ( 'NONE',  ( 1.646155625740018280, 0.9064290159990536777, -2.357160691801337915 ) ) ;
#3048 = CARTESIAN_POINT ( 'NONE',  ( 3.204928829532752932, 0.9064290159990536777, -0.8254608485316339284 ) ) ;
#3049 = EDGE_CURVE ( 'NONE', #3933, #5994, #607, .T. ) ;
#3050 = CARTESIAN_POINT ( 'NONE',  ( 3.544138231242154990, 0.8964290159990536688, -1.354627515198300491 ) ) ;
#3051 = DIRECTION ( 'NONE',  ( -0.0000000000000000000, 1.000000000000000000, -0.0000000000000000000 ) ) ;
#3052 = CARTESIAN_POINT ( 'NONE',  ( 3.602085954218208208, 0.9064290159990534557, -3.281494106128027610 ) ) ;
#3053 = DIRECTION ( 'NONE',  ( -0.4802882638304228902, 0.0000000000000000000, -0.8771107020363838602 ) ) ;
#3054 = ORIENTED_EDGE ( 'NONE', *, *, #3521, .T. ) ;
#3055 = LINE ( 'NONE', #352, #5508 ) ;
#3056 = ADVANCED_FACE ( 'NONE', ( #1680 ), #2546, .T. ) ;
#3057 = EDGE_CURVE ( 'NONE', #4576, #267, #141, .T. ) ;
#3058 = ORIENTED_EDGE ( 'NONE', *, *, #5454, .F. ) ;
#3059 = EDGE_CURVE ( 'NONE', #1618, #4748, #645, .T. ) ;
#3060 = DIRECTION ( 'NONE',  ( 1.000000000000000000, 0.0000000000000000000, -0.0000000000000000000 ) ) ;
#3061 = DIRECTION ( 'NONE',  ( 0.0000000000000000000, 0.0000000000000000000, -1.000000000000000000 ) ) ;
#3062 = DIRECTION ( 'NONE',  ( 0.0000000000000000000, 0.0000000000000000000, -1.000000000000000000 ) ) ;
#3063 = EDGE_CURVE ( 'NONE', #2940, #2998, #1179, .T. ) ;
#3064 = VERTEX_POINT ( 'NONE', #3072 ) ;
#3065 = CARTESIAN_POINT ( 'NONE',  ( 4.155932850279748791, -0.01000000000000000021, -2.179309389599567659 ) ) ;
#3066 = VECTOR ( 'NONE', #5516, 1000.000000000000000 ) ;
#3067 = ORIENTED_EDGE ( 'NONE', *, *, #5910, .F. ) ;
#3068 = DIRECTION ( 'NONE',  ( 0.2603341375417481118, 0.0000000000000000000, -0.9655185844044609222 ) ) ;
#3069 = ORIENTED_EDGE ( 'NONE', *, *, #5320, .F. ) ;
#3070 = CARTESIAN_POINT ( 'NONE',  ( 4.755932850279748436, -0.01000000000000000021, -2.179309389599567659 ) ) ;
#3071 = ORIENTED_EDGE ( 'NONE', *, *, #344, .T. ) ;
#3072 = CARTESIAN_POINT ( 'NONE',  ( 1.717156393635317357, 0.9064290159990536777, -2.357160691801337915 ) ) ;
#3073 = PLANE ( 'NONE',  #242 ) ;
#3074 = VECTOR ( 'NONE', #4791, 1000.000000000000227 ) ;
#3075 = CARTESIAN_POINT ( 'NONE',  ( 0.3559328502797491911, -0.01000000000000000021, -2.179309389599567659 ) ) ;
#3076 = ORIENTED_EDGE ( 'NONE', *, *, #66, .T. ) ;
#3077 = ADVANCED_FACE ( 'NONE', ( #4846 ), #5373, .F. ) ;
#3078 = CARTESIAN_POINT ( 'NONE',  ( 3.379028975365738319, 0.9064290159990533446, -3.087370587584349124 ) ) ;
#3079 = VERTEX_POINT ( 'NONE', #706 ) ;
#3080 = CARTESIAN_POINT ( 'NONE',  ( 2.382982048015658716, 0.9064290159990536777, -1.354627515198300491 ) ) ;
#3081 = DIRECTION ( 'NONE',  ( 0.4804543040264410148, 0.0000000000000000000, -0.8770197613181063279 ) ) ;
#3082 = DIRECTION ( 'NONE',  ( -0.9689309171930785558, 0.0000000000000000000, -0.2473315137773177130 ) ) ;
#3083 = FACE_OUTER_BOUND ( 'NONE', #1815, .T. ) ;
#3084 = CARTESIAN_POINT ( 'NONE',  ( 3.617993737499895612, 0.9064290159990535667, -3.315901287336859848 ) ) ;
#3085 = CARTESIAN_POINT ( 'NONE',  ( 1.753112590216513889, 0.9064290159990536777, -1.354627515198300491 ) ) ;
#3086 = ORIENTED_EDGE ( 'NONE', *, *, #1162, .T. ) ;
#3087 = CARTESIAN_POINT ( 'NONE',  ( 2.417284598763522308, 0.8964290159990536688, -1.827994025134671574 ) ) ;
#3088 = EDGE_CURVE ( 'NONE', #4045, #5212, #2608, .T. ) ;
#3089 = ORIENTED_EDGE ( 'NONE', *, *, #5489, .F. ) ;
#3090 = VECTOR ( 'NONE', #5152, 1000.000000000000000 ) ;
#3091 = CARTESIAN_POINT ( 'NONE',  ( 2.240895709874633379, 0.9064290159990536777, -2.047526109803475158 ) ) ;
#3092 = DIRECTION ( 'NONE',  ( -1.000000000000000000, -2.199526209833291231E-13, 0.0000000000000000000 ) ) ;
#3093 = DIRECTION ( 'NONE',  ( 0.4806015670138532592, 0.0000000000000000000, -0.8769390707362905157 ) ) ;
#3094 = FACE_BOUND ( 'NONE', #105, .T. ) ;
#3095 = DIRECTION ( 'NONE',  ( 0.0000000000000000000, -1.191805567427567982E-13, 1.000000000000000000 ) ) ;
#3096 = ORIENTED_EDGE ( 'NONE', *, *, #147, .F. ) ;
#3097 = ADVANCED_FACE ( 'NONE', ( #3447 ), #5340, .T. ) ;
#3098 = EDGE_LOOP ( 'NONE', ( #925, #4696, #5864, #812 ) ) ;
#3099 = APPLICATION_PROTOCOL_DEFINITION ( 'draft international standard', 'automotive_design', 1998, #373 ) ;
#3100 = VERTEX_POINT ( 'NONE', #1109 ) ;
#3101 = DIRECTION ( 'NONE',  ( 0.0000000000000000000, 0.0000000000000000000, 1.000000000000000000 ) ) ;
#3102 = EDGE_LOOP ( 'NONE', ( #565, #5076, #5210, #4871 ) ) ;
#3103 = CARTESIAN_POINT ( 'NONE',  ( 3.064139482612508125, 0.8964290159990538909, -3.883656455397038521 ) ) ;
#3104 = CARTESIAN_POINT ( 'NONE',  ( 3.455943786797710082, 0.9064290159990536777, -0.8797343528051381201 ) ) ;
#3105 = LINE ( 'NONE', #740, #6001 ) ;
#3106 = ORIENTED_EDGE ( 'NONE', *, *, #2500, .F. ) ;
#3107 = CARTESIAN_POINT ( 'NONE',  ( 1.366413872267795870, 0.9064290159990536777, -1.354627515198300491 ) ) ;
#3108 = EDGE_LOOP ( 'NONE', ( #5601, #2072, #307, #4815 ) ) ;
#3109 = DIRECTION ( 'NONE',  ( 0.4804543040264410148, 0.0000000000000000000, 0.8770197613181063279 ) ) ;
#3110 = DIRECTION ( 'NONE',  ( -0.4802882638304228902, 0.0000000000000000000, -0.8771107020363838602 ) ) ;
#3111 = ADVANCED_FACE ( 'NONE', ( #4915 ), #2275, .T. ) ;
#3112 =( GEOMETRIC_REPRESENTATION_CONTEXT ( 3 ) GLOBAL_UNCERTAINTY_ASSIGNED_CONTEXT ( ( #2569 ) ) GLOBAL_UNIT_ASSIGNED_CONTEXT ( ( #1288, #5973, #3209 ) ) REPRESENTATION_CONTEXT ( 'NONE', 'WORKASPACE' ) );
#3113 = CARTESIAN_POINT ( 'NONE',  ( 3.062694087278479582, 0.9064290159990536777, -2.357160691801337915 ) ) ;
#3114 = VECTOR ( 'NONE', #254, 1000.000000000000000 ) ;
#3115 = LINE ( 'NONE', #5020, #1440 ) ;
#3116 = DIRECTION ( 'NONE',  ( 0.9643213640348163862, -0.0000000000000000000, 0.2647344081641659908 ) ) ;
#3117 = B_SPLINE_CURVE_WITH_KNOTS ( 'NONE', 3,
 ( #1637, #3536, #1542, #1064, #5429, #3965, #4865, #695, #4499, #1097, #227, #2504, #2138, #4033, #5923, #1672, #128, #2046, #3467 ),
 .UNSPECIFIED., .F., .F.,
 ( 4, 1, 1, 1, 1, 1, 1, 1, 1, 1, 1, 1, 1, 1, 1, 1, 4 ),
 ( 0.0000000000000000000, 0.1140030800515474257, 0.2209111539002908964, 0.3211249107645967049, 0.4181342110000748624, 0.5058316848733231952, 0.5793175586488595874, 0.6522000865480223064, 0.7405221382852034129, 0.7849188993333421349, 0.8205474306993119082, 0.8485041895632599029, 0.8687900511545401105, 0.8890759127458204292, 0.9176595588659240965, 0.9545798757769611287, 1.000000000000000000 ),
 .UNSPECIFIED. ) ;
#3118 = EDGE_CURVE ( 'NONE', #3226, #5746, #1336, .T. ) ;
#3119 = CARTESIAN_POINT ( 'NONE',  ( 3.164641706366693175, 0.8964290159990533358, -3.043807291928056102 ) ) ;
#3120 = VECTOR ( 'NONE', #2760, 1000.000000000000000 ) ;
#3121 = DIRECTION ( 'NONE',  ( -1.000000000000000000, 0.0000000000000000000, 0.0000000000000000000 ) ) ;
#3122 = VERTEX_POINT ( 'NONE', #4168 ) ;
#3123 = VECTOR ( 'NONE', #4949, 1000.000000000000000 ) ;
#3124 = CARTESIAN_POINT ( 'NONE',  ( 3.217584961819885958, 0.8964290159990537799, -4.046423025418225627 ) ) ;
#3125 = ORIENTED_EDGE ( 'NONE', *, *, #6146, .T. ) ;
#3126 = MECHANICAL_DESIGN_GEOMETRIC_PRESENTATION_REPRESENTATION (  '', ( #847 ), #4716 ) ;
#3127 = CARTESIAN_POINT ( 'NONE',  ( 2.071291009019932794, 0.9064290159990536777, -2.357160691801337915 ) ) ;
#3128 = FILL_AREA_STYLE ('',( #824 ) ) ;
#3129 = CARTESIAN_POINT ( 'NONE',  ( 3.510467106377979984, 0.8964290159990533358, -3.705167039981508204 ) ) ;
#3130 = SURFACE_STYLE_USAGE ( .BOTH. , #696 ) ;
#3131 = VERTEX_POINT ( 'NONE', #3734 ) ;
#3132 = VECTOR ( 'NONE', #4242, 1000.000000000000000 ) ;
#3133 = AXIS2_PLACEMENT_3D ( 'NONE', #5473, #2575, #3914 ) ;
#3134 = ORIENTED_EDGE ( 'NONE', *, *, #3063, .T. ) ;
#3135 = PLANE ( 'NONE',  #2818 ) ;
#3136 =( NAMED_UNIT ( * ) PLANE_ANGLE_UNIT ( ) SI_UNIT ( $, .RADIAN. ) );
#3137 = EDGE_LOOP ( 'NONE', ( #1903, #4942, #1426, #169 ) ) ;
#3138 = FACE_OUTER_BOUND ( 'NONE', #1391, .T. ) ;
#3139 = AXIS2_PLACEMENT_3D ( 'NONE', #1936, #1559, #2404 ) ;
#3140 = ORIENTED_EDGE ( 'NONE', *, *, #5133, .T. ) ;
#3141 = CARTESIAN_POINT ( 'NONE',  ( 2.715237656990018067, 0.9064290159990536777, -1.827994025134671574 ) ) ;
#3142 = PLANE ( 'NONE',  #3625 ) ;
#3143 = LINE ( 'NONE', #1754, #1744 ) ;
#3144 = ORIENTED_EDGE ( 'NONE', *, *, #5801, .F. ) ;
#3145 = ADVANCED_FACE ( 'NONE', ( #3201 ), #2642, .T. ) ;
#3146 = ADVANCED_FACE ( 'NONE', ( #5071 ), #4072, .T. ) ;
#3147 = FACE_OUTER_BOUND ( 'NONE', #4099, .T. ) ;
#3148 = VERTEX_POINT ( 'NONE', #304 ) ;
#3149 = CARTESIAN_POINT ( 'NONE',  ( 0.7127804603152829710, 0.9064290159990538998, -0.9276690017408901756 ) ) ;
#3150 = ORIENTED_EDGE ( 'NONE', *, *, #5767, .T. ) ;
#3151 = CARTESIAN_POINT ( 'NONE',  ( 1.717156393635317357, 0.9064290159990536777, -2.357160691801337915 ) ) ;
#3152 = LINE ( 'NONE', #2192, #4902 ) ;
#3153 = ADVANCED_FACE ( 'NONE', ( #4572 ), #1949, .T. ) ;
#3154 = DIRECTION ( 'NONE',  ( 0.3660897081358586158, 0.0000000000000000000, 0.9305795643559994224 ) ) ;
#3155 = EDGE_CURVE ( 'NONE', #3950, #1600, #5534, .T. ) ;
#3156 = CARTESIAN_POINT ( 'NONE',  ( 3.637267508362408197, 0.9064290159990536777, -3.426356561741349172 ) ) ;
#3157 = CARTESIAN_POINT ( 'NONE',  ( 2.064506820985744451, 0.9064290159990536777, -1.827994025134671574 ) ) ;
#3158 = ORIENTED_EDGE ( 'NONE', *, *, #4804, .F. ) ;
#3159 = CARTESIAN_POINT ( 'NONE',  ( 1.698733083004975386, 0.8964290159990536688, -1.354627515198300491 ) ) ;
#3160 = ORIENTED_EDGE ( 'NONE', *, *, #293, .F. ) ;
#3161 = CARTESIAN_POINT ( 'NONE',  ( 3.469495317904863541, 0.8964290159990536688, -3.780388651294914748 ) ) ;
#3162 = LINE ( 'NONE', #5427, #4066 ) ;
#3163 = CARTESIAN_POINT ( 'NONE',  ( 3.440568877550745253, 0.9064290159990536777, -3.757948908077046291 ) ) ;
#3164 = CARTESIAN_POINT ( 'NONE',  ( 3.602282710364730800, 0.8964290159990536688, -3.589065751329983289 ) ) ;
#3165 = ORIENTED_EDGE ( 'NONE', *, *, #1787, .T. ) ;
#3166 = ORIENTED_EDGE ( 'NONE', *, *, #289, .F. ) ;
#3167 = CARTESIAN_POINT ( 'NONE',  ( 0.6614583333333333703, 0.9064290159990536777, -0.9362179487179487225 ) ) ;
#3168 =( NAMED_UNIT ( * ) SI_UNIT ( $, .STERADIAN. ) SOLID_ANGLE_UNIT ( ) );
#3169 = ORIENTED_EDGE ( 'NONE', *, *, #1588, .F. ) ;
#3170 = CARTESIAN_POINT ( 'NONE',  ( 1.356237590216513800, 0.9064290159990536777, -1.827994025134671574 ) ) ;
#3171 = ORIENTED_EDGE ( 'NONE', *, *, #3837, .T. ) ;
#3172 = CARTESIAN_POINT ( 'NONE',  ( 2.566939546680188755, 0.9064290159990536777, -2.098725528873987667 ) ) ;
#3173 = CARTESIAN_POINT ( 'NONE',  ( 3.066405510726474493, 0.9064290159990536777, -3.614335826910774152 ) ) ;
#3174 = CARTESIAN_POINT ( 'NONE',  ( 2.212804931295573763, 0.9064290159990536777, -2.098725528873987667 ) ) ;
#3175 = EDGE_LOOP ( 'NONE', ( #1422, #2538, #3593, #2091 ) ) ;
#3176 = CARTESIAN_POINT ( 'NONE',  ( 3.245780765029032455, 0.9064290159990532336, -3.049987953797218765 ) ) ;
#3177 = VERTEX_POINT ( 'NONE', #2763 ) ;
#3178 = CARTESIAN_POINT ( 'NONE',  ( 0.7932171381971933055, 0.9064290159990537887, -0.8127623096318707940 ) ) ;
#3179 = ORIENTED_EDGE ( 'NONE', *, *, #4485, .T. ) ;
#3180 = DIRECTION ( 'NONE',  ( -0.0000000000000000000, -1.000000000000000000, -0.0000000000000000000 ) ) ;
#3181 = STYLED_ITEM ( 'NONE', ( #3779 ), #5140 ) ;
#3182 = CARTESIAN_POINT ( 'NONE',  ( 0.6059328502797489691, -0.01000000000000000021, -0.3293093895995677367 ) ) ;
#3183 = LINE ( 'NONE', #6010, #3775 ) ;
#3184 = EDGE_LOOP ( 'NONE', ( #1457, #3069, #3013, #3613 ) ) ;
#3185 = VECTOR ( 'NONE', #537, 1000.000000000000227 ) ;
#3186 = DIRECTION ( 'NONE',  ( -1.000000000000000000, 0.0000000000000000000, -0.0000000000000000000 ) ) ;
#3187 = LINE ( 'NONE', #4060, #85 ) ;
#3188 = ADVANCED_FACE ( 'NONE', ( #333 ), #4542, .T. ) ;
#3189 = CARTESIAN_POINT ( 'NONE',  ( 3.057686145084236529, 0.9064290159990536777, -4.140831640543555459 ) ) ;
#3190 = CARTESIAN_POINT ( 'NONE',  ( 3.440568877550745253, 0.8964290159990535578, -3.757948908077046291 ) ) ;
#3191 = PLANE ( 'NONE',  #3834 ) ;
#3192 = EDGE_LOOP ( 'NONE', ( #1069, #5500, #2215, #2820 ) ) ;
#3193 = VECTOR ( 'NONE', #1622, 1000.000000000000114 ) ;
#3194 = ADVANCED_FACE ( 'NONE', ( #1363 ), #3762, .T. ) ;
#3195 = EDGE_LOOP ( 'NONE', ( #2550, #2419, #1253, #35 ) ) ;
#3196 = LINE ( 'NONE', #5096, #3120 ) ;
#3197 = EDGE_CURVE ( 'NONE', #1992, #1840, #3258, .T. ) ;
#3198 = VERTEX_POINT ( 'NONE', #4690 ) ;
#3199 = VECTOR ( 'NONE', #6050, 1000.000000000000000 ) ;
#3200 = PLANE ( 'NONE',  #4779 ) ;
#3201 = FACE_OUTER_BOUND ( 'NONE', #5936, .T. ) ;
#3202 = CARTESIAN_POINT ( 'NONE',  ( 2.120836782257112141, 0.9064290159990536777, -1.354627515198300491 ) ) ;
#3203 = EDGE_LOOP ( 'NONE', ( #1844, #2589, #201, #2854 ) ) ;
#3204 = ADVANCED_FACE ( 'NONE', ( #418 ), #2650, .T. ) ;
#3205 = EDGE_LOOP ( 'NONE', ( #5127, #2222, #5095, #1732 ) ) ;
#3206 = CARTESIAN_POINT ( 'NONE',  ( 3.066405510726474493, 0.9064290159990536777, -3.614335826910774152 ) ) ;
#3207 = VERTEX_POINT ( 'NONE', #4389 ) ;
#3208 = CARTESIAN_POINT ( 'NONE',  ( 0.3559328502797489691, 0.0000000000000000000, -0.5793093895995677922 ) ) ;
#3209 =( NAMED_UNIT ( * ) SI_UNIT ( $, .STERADIAN. ) SOLID_ANGLE_UNIT ( ) );
#3210 = FACE_OUTER_BOUND ( 'NONE', #1102, .T. ) ;
#3211 = CARTESIAN_POINT ( 'NONE',  ( 2.425425624404548230, 0.9064290159990536777, -2.357160691801337915 ) ) ;
#3212 = DIRECTION ( 'NONE',  ( 1.000000000000000000, 0.0000000000000000000, 0.0000000000000000000 ) ) ;
#3213 = FILL_AREA_STYLE_COLOUR ( '', #5991 ) ;
#3214 = CARTESIAN_POINT ( 'NONE',  ( 2.960486054425915281, 0.9064290159990536777, -0.8254608485316339284 ) ) ;
#3215 = VECTOR ( 'NONE', #2109, 1000.000000000000114 ) ;
#3216 = DIRECTION ( 'NONE',  ( -0.0000000000000000000, -1.000000000000000000, -0.0000000000000000000 ) ) ;
#3217 = LINE ( 'NONE', #1915, #1242 ) ;
#3218 = LINE ( 'NONE', #5122, #1736 ) ;
#3219 = VECTOR ( 'NONE', #2861, 1000.000000000000114 ) ;
#3220 = EDGE_CURVE ( 'NONE', #4088, #3785, #4984, .T. ) ;
#3221 = ORIENTED_EDGE ( 'NONE', *, *, #1965, .T. ) ;
#3222 = EDGE_CURVE ( 'NONE', #4845, #2133, #4017, .T. ) ;
#3223 = VERTEX_POINT ( 'NONE', #2124 ) ;
#3224 = AXIS2_PLACEMENT_3D ( 'NONE', #5869, #1616, #4383 ) ;
#3225 = LINE ( 'NONE', #5126, #6000 ) ;
#3226 = VERTEX_POINT ( 'NONE', #3080 ) ;
#3227 = CARTESIAN_POINT ( 'NONE',  ( 2.645233316712240157, 0.9064290159990536777, -0.9665507590551382089 ) ) ;
#3228 = VECTOR ( 'NONE', #3928, 1000.000000000000114 ) ;
#3229 = CARTESIAN_POINT ( 'NONE',  ( 3.218373081947470293, 0.8964290159990538909, -4.002429388110312125 ) ) ;
#3230 = CARTESIAN_POINT ( 'NONE',  ( 3.234744752077709951, 0.8964290159990535578, -3.489864385543285596 ) ) ;
#3231 = VERTEX_POINT ( 'NONE', #2521 ) ;
#3232 = EDGE_CURVE ( 'NONE', #6020, #3231, #5908, .T. ) ;
#3233 = CARTESIAN_POINT ( 'NONE',  ( 3.379028975365738319, 0.8964290159990530027, -3.087370587584349124 ) ) ;
#3234 = VERTEX_POINT ( 'NONE', #153 ) ;
#3235 = CARTESIAN_POINT ( 'NONE',  ( 3.061400851434462389, 0.9064290159990536777, -1.354627515198300491 ) ) ;
#3236 = ORIENTED_EDGE ( 'NONE', *, *, #3411, .T. ) ;
#3237 = LINE ( 'NONE', #4611, #5211 ) ;
#3238 = CARTESIAN_POINT ( 'NONE',  ( 3.399413923428975082, 0.8964290159990536688, -4.383194940668207806 ) ) ;
#3239 = PLANE ( 'NONE',  #1249 ) ;
#3240 = FILL_AREA_STYLE_COLOUR ( '', #5872 ) ;
#3241 = CARTESIAN_POINT ( 'NONE',  ( 1.366413872267795870, 0.8964290159990536688, -1.354627515198300491 ) ) ;
#3242 = CARTESIAN_POINT ( 'NONE',  ( 3.233749149631877096, 0.8964290159990534468, -3.519383693370923716 ) ) ;
#3243 = EDGE_CURVE ( 'NONE', #4445, #1082, #2582, .T. ) ;
#3244 = DIRECTION ( 'NONE',  ( -0.4804543040264409592, 0.0000000000000000000, -0.8770197613181063279 ) ) ;
#3245 = CARTESIAN_POINT ( 'NONE',  ( 1.717156393635317357, 0.8964290159990536688, -2.357160691801337915 ) ) ;
#3246 = CARTESIAN_POINT ( 'NONE',  ( 3.538314309355225173, 0.9064290159990538998, -4.265524264687850398 ) ) ;
#3247 = FACE_OUTER_BOUND ( 'NONE', #1505, .T. ) ;
#3248 = CARTESIAN_POINT ( 'NONE',  ( 3.465444714824189365, 0.9064290159990536777, -3.777439254806755020 ) ) ;
#3249 = ADVANCED_FACE ( 'NONE', ( #579 ), #5445, .T. ) ;
#3250 = EDGE_CURVE ( 'NONE', #3488, #2935, #3920, .T. ) ;
#3251 = EDGE_LOOP ( 'NONE', ( #3327, #1890, #3150, #3402 ) ) ;
#3252 = EDGE_CURVE ( 'NONE', #2133, #3854, #5937, .T. ) ;
#3253 = UNCERTAINTY_MEASURE_WITH_UNIT (LENGTH_MEASURE( 1.000000000000000082E-05 ), #2286, 'distance_accuracy_value', 'NONE');
#3254 = ORIENTED_EDGE ( 'NONE', *, *, #1778, .T. ) ;
#3255 = LINE ( 'NONE', #5066, #1932 ) ;
#3256 = EDGE_CURVE ( 'NONE', #3100, #146, #3489, .T. ) ;
#3257 = CARTESIAN_POINT ( 'NONE',  ( 1.283295236888807089, 0.9064290159990536777, -4.140831640543555459 ) ) ;
#3258 = LINE ( 'NONE', #4229, #3090 ) ;
#3259 = CARTESIAN_POINT ( 'NONE',  ( 4.155932850279749680, 0.0000000000000000000, -2.879309389599567837 ) ) ;
#3260 = VERTEX_POINT ( 'NONE', #180 ) ;
#3261 = CARTESIAN_POINT ( 'NONE',  ( 3.178174414926473013, 0.8964290159990535578, -3.923555183153145887 ) ) ;
#3262 = EDGE_LOOP ( 'NONE', ( #5436, #2658, #5511, #4873 ) ) ;
#3263 = LINE ( 'NONE', #19, #4284 ) ;
#3264 = ORIENTED_EDGE ( 'NONE', *, *, #5661, .T. ) ;
#3265 = DIRECTION ( 'NONE',  ( 1.000000000000000000, 0.0000000000000000000, 0.0000000000000000000 ) ) ;
#3266 = ADVANCED_FACE ( 'NONE', ( #4954 ), #2095, .F. ) ;
#3267 = CARTESIAN_POINT ( 'NONE',  ( 2.595030325259248816, 0.9064290159990536777, -2.047526109803475158 ) ) ;
#3268 = CARTESIAN_POINT ( 'NONE',  ( 2.779560239789163223, 0.9064290159990536777, -2.357160691801337915 ) ) ;
#3269 = DIRECTION ( 'NONE',  ( -0.0000000000000000000, 1.000000000000000000, 0.0000000000000000000 ) ) ;
#3270 = CARTESIAN_POINT ( 'NONE',  ( 1.536018573122496900, 0.9064290159990536777, -1.077005820486762078 ) ) ;
#3271 = VECTOR ( 'NONE', #4061, 1000.000000000000000 ) ;
#3272 = CARTESIAN_POINT ( 'NONE',  ( 1.886761094490018165, 0.8964290159990536688, -2.149924947944500619 ) ) ;
#3273 = CARTESIAN_POINT ( 'NONE',  ( 2.541668446252838276, 0.9064290159990536777, -1.354627515198300491 ) ) ;
#3274 = AXIS2_PLACEMENT_3D ( 'NONE', #5058, #4593, #2172 ) ;
#3275 = CARTESIAN_POINT ( 'NONE',  ( 1.583507889361813081, 0.9064290159990536777, -1.077005820486762078 ) ) ;
#3276 = CARTESIAN_POINT ( 'NONE',  ( 2.268986488453693440, 0.8964290159990536688, -2.098725528873987667 ) ) ;
#3277 = VECTOR ( 'NONE', #1007, 1000.000000000000000 ) ;
#3278 = CARTESIAN_POINT ( 'NONE',  ( 3.636592701334194544, 0.8964290159990534468, -3.456326369720504665 ) ) ;
#3279 = CARTESIAN_POINT ( 'NONE',  ( 3.499099056254916018, 0.9064290159990536777, -3.804821903176682785 ) ) ;
#3280 = VECTOR ( 'NONE', #113, 1000.000000000000000 ) ;
#3281 = EDGE_CURVE ( 'NONE', #2785, #267, #2029, .T. ) ;
#3282 = ORIENTED_EDGE ( 'NONE', *, *, #1507, .T. ) ;
#3283 = VERTEX_POINT ( 'NONE', #3047 ) ;
#3284 = DIRECTION ( 'NONE',  ( 0.4804152582365220914, 0.0000000000000000000, 0.8770411504904065403 ) ) ;
#3285 = CARTESIAN_POINT ( 'NONE',  ( 1.886761094490018165, 0.9064290159990536777, -2.149924947944500619 ) ) ;
#3286 = DIRECTION ( 'NONE',  ( -1.000000000000000000, 0.0000000000000000000, 0.0000000000000000000 ) ) ;
#3287 = ADVANCED_FACE ( 'NONE', ( #5348 ), #1083, .T. ) ;
#3288 = VERTEX_POINT ( 'NONE', #4643 ) ;
#3289 = DIRECTION ( 'NONE',  ( -1.000000000000000000, 0.0000000000000000000, 0.0000000000000000000 ) ) ;
#3290 = ORIENTED_EDGE ( 'NONE', *, *, #1829, .F. ) ;
#3291 = VECTOR ( 'NONE', #1014, 1000.000000000000000 ) ;
#3292 = CARTESIAN_POINT ( 'NONE',  ( 0.5291666666666666741, 0.9064290159990536777, -0.8039262820512820262 ) ) ;
#3293 = ORIENTED_EDGE ( 'NONE', *, *, #4226, .T. ) ;
#3294 = DIRECTION ( 'NONE',  ( -0.0000000000000000000, -1.000000000000000000, -0.0000000000000000000 ) ) ;
#3295 = EDGE_LOOP ( 'NONE', ( #4840, #5444, #1420, #5712 ) ) ;
#3296 = LINE ( 'NONE', #5313, #6008 ) ;
#3297 = DIRECTION ( 'NONE',  ( -0.0000000000000000000, 1.000000000000000000, -0.0000000000000000000 ) ) ;
#3298 = DIRECTION ( 'NONE',  ( -0.0000000000000000000, -1.000000000000000000, -0.0000000000000000000 ) ) ;
#3299 = B_SPLINE_CURVE_WITH_KNOTS ( 'NONE', 3,
 ( #1220, #1766, #783, #1290, #5449, #2683, #2716, #4585, #347, #2262, #1191 ),
 .UNSPECIFIED., .F., .F.,
 ( 4, 1, 1, 1, 1, 1, 1, 1, 4 ),
 ( 0.0000000000000000000, 0.1276753205943264580, 0.2507219899616132119, 0.3726777815650326176, 0.4999116359629985351, 0.6271454903609644527, 0.7511789779392594735, 0.8723246794056734865, 1.000000000000000000 ),
 .UNSPECIFIED. ) ;
#3300 = AXIS2_PLACEMENT_3D ( 'NONE', #2816, #1452, #4718 ) ;
#3301 = LINE ( 'NONE', #4420, #1233 ) ;
#3302 = DIRECTION ( 'NONE',  ( 0.9309629599170097247, 0.0000000000000000000, -0.3651136360950658633 ) ) ;
#3303 = DIRECTION ( 'NONE',  ( 0.6167457907690584440, -0.0000000000000000000, 0.7871623908499749689 ) ) ;
#3304 = CARTESIAN_POINT ( 'NONE',  ( 0.7126254258773611072, 0.9064290159990535667, -0.6806645994021217616 ) ) ;
#3305 = EDGE_CURVE ( 'NONE', #2307, #5687, #4548, .T. ) ;
#3306 = CARTESIAN_POINT ( 'NONE',  ( 2.354424856509248709, 0.9064290159990536777, -2.357160691801337915 ) ) ;
#3307 = LINE ( 'NONE', #1443, #4519 ) ;
#3308 = DIRECTION ( 'NONE',  ( 0.4804543040264410148, 0.0000000000000000000, 0.8770197613181063279 ) ) ;
#3309 = CARTESIAN_POINT ( 'NONE',  ( 3.562412224460648869, 0.8964290159990536688, -3.876494748268543233 ) ) ;
#3310 = VERTEX_POINT ( 'NONE', #6004 ) ;
#3311 = VECTOR ( 'NONE', #1370, 1000.000000000000000 ) ;
#3312 = VECTOR ( 'NONE', #1160, 1000.000000000000000 ) ;
#3313 = ORIENTED_EDGE ( 'NONE', *, *, #4301, .T. ) ;
#3314 = CARTESIAN_POINT ( 'NONE',  ( 2.425425624404548230, 0.9064290159990536777, -2.357160691801337915 ) ) ;
#3315 = SURFACE_SIDE_STYLE ('',( #1511 ) ) ;
#3316 = VECTOR ( 'NONE', #1920, 1000.000000000000000 ) ;
#3317 = LINE ( 'NONE', #2388, #3479 ) ;
#3318 = ORIENTED_EDGE ( 'NONE', *, *, #6133, .F. ) ;
#3319 = VECTOR ( 'NONE', #1164, 1000.000000000000000 ) ;
#3320 = LINE ( 'NONE', #5216, #2485 ) ;
#3321 = ORIENTED_EDGE ( 'NONE', *, *, #4588, .T. ) ;
#3322 = VECTOR ( 'NONE', #33, 1000.000000000000000 ) ;
#3323 = CARTESIAN_POINT ( 'NONE',  ( 0.5674162160477460581, 0.9064290159990534557, -0.7098841647656947140 ) ) ;
#3324 = ORIENTED_EDGE ( 'NONE', *, *, #548, .T. ) ;
#3325 = VECTOR ( 'NONE', #1615, 1000.000000000000000 ) ;
#3326 = DIRECTION ( 'NONE',  ( -0.0000000000000000000, -1.000000000000000000, -0.0000000000000000000 ) ) ;
#3327 = ORIENTED_EDGE ( 'NONE', *, *, #5075, .F. ) ;
#3328 = EDGE_CURVE ( 'NONE', #3381, #2177, #2188, .T. ) ;
#3329 = EDGE_CURVE ( 'NONE', #3970, #3223, #4441, .T. ) ;
#3330 = CARTESIAN_POINT ( 'NONE',  ( 3.511657118645752362, 0.8964290159990536688, -4.297539192479100656 ) ) ;
#3331 = DIRECTION ( 'NONE',  ( 0.4804152582365231461, 0.0000000000000000000, 0.8770411504904059852 ) ) ;
#3332 = VECTOR ( 'NONE', #3298, 1000.000000000000000 ) ;
#3333 = AXIS2_PLACEMENT_3D ( 'NONE', #4165, #4039, #1239 ) ;
#3334 = LINE ( 'NONE', #434, #3698 ) ;
#3335 = AXIS2_PLACEMENT_3D ( 'NONE', #3, #6128, #1358 ) ;
#3336 = CARTESIAN_POINT ( 'NONE',  ( 3.136276921990836630, 0.9064290159990537887, -3.377018483754735900 ) ) ;
#3337 = LINE ( 'NONE', #968, #792 ) ;
#3338 = EDGE_CURVE ( 'NONE', #2058, #3785, #311, .T. ) ;
#3339 = DIRECTION ( 'NONE',  ( 0.9661867393583454255, 0.0000000000000000000, -0.2578433336118828301 ) ) ;
#3340 = LINE ( 'NONE', #1530, #3864 ) ;
#3341 = DIRECTION ( 'NONE',  ( 0.0000000000000000000, -0.0000000000000000000, 1.000000000000000000 ) ) ;
#3342 = CARTESIAN_POINT ( 'NONE',  ( 2.957305966284890175, 0.9064290159990536777, -0.9692008325059928708 ) ) ;
#3343 = ORIENTED_EDGE ( 'NONE', *, *, #1972, .F. ) ;
#3344 = CARTESIAN_POINT ( 'NONE',  ( 3.586601270412009601, 0.8964290159990535578, -3.925077535867397049 ) ) ;
#3345 = ORIENTED_EDGE ( 'NONE', *, *, #5187, .F. ) ;
#3346 = EDGE_CURVE ( 'NONE', #2574, #5797, #5077, .T. ) ;
#3347 = MANIFOLD_SOLID_BREP ( 'Boss-Extrude4', #1152 ) ;
#3348 = ORIENTED_EDGE ( 'NONE', *, *, #1450, .F. ) ;
#3349 = ORIENTED_EDGE ( 'NONE', *, *, #952, .T. ) ;
#3350 = EDGE_CURVE ( 'NONE', #2498, #1061, #4609, .T. ) ;
#3351 = CARTESIAN_POINT ( 'NONE',  ( 1.676692498512132534, 0.9064290159990536777, -2.784713831244895132 ) ) ;
#3352 = ORIENTED_EDGE ( 'NONE', *, *, #1324, .T. ) ;
#3353 = B_SPLINE_CURVE_WITH_KNOTS ( 'NONE', 3,
 ( #5051, #2800, #5544, #1287, #5079, #3677, #1818, #4697, #1343, #2189, #2713 ),
 .UNSPECIFIED., .F., .F.,
 ( 4, 1, 1, 1, 1, 1, 1, 1, 4 ),
 ( 0.0000000000000000000, 0.1277281627147278109, 0.2493588318443296370, 0.3727134861951738598, 0.5000000000000002220, 0.6272865138048265843, 0.7506411681556701687, 0.8722718372852726887, 0.9999999999999998890 ),
 .UNSPECIFIED. ) ;
#3354 = LINE ( 'NONE', #5682, #5170 ) ;
#3355 = VERTEX_POINT ( 'NONE', #813 ) ;
#3356 = CARTESIAN_POINT ( 'NONE',  ( 2.417284598763522308, 0.8964290159990536688, -1.827994025134671574 ) ) ;
#3357 = ORIENTED_EDGE ( 'NONE', *, *, #3787, .T. ) ;
#3358 = CARTESIAN_POINT ( 'NONE',  ( 1.753112590216513889, 0.9064290159990536777, -1.354627515198300491 ) ) ;
#3359 = VERTEX_POINT ( 'NONE', #778 ) ;
#3360 = SURFACE_SIDE_STYLE ('',( #4239 ) ) ;
#3361 = CARTESIAN_POINT ( 'NONE',  ( 3.610169360927382165, 0.9064290159990534557, -4.071012707593162361 ) ) ;
#3362 = LINE ( 'NONE', #5838, #2783 ) ;
#3363 = SURFACE_STYLE_USAGE ( .BOTH. , #1464 ) ;
#3364 = DIRECTION ( 'NONE',  ( -0.0000000000000000000, -1.000000000000000000, -0.0000000000000000000 ) ) ;
#3365 = CARTESIAN_POINT ( 'NONE',  ( 2.492589085943009763, 0.9064290159990536777, -1.354627515198300491 ) ) ;
#3366 = EDGE_CURVE ( 'NONE', #4076, #3359, #1816, .T. ) ;
#3367 = CARTESIAN_POINT ( 'NONE',  ( 3.561352897722794175, 0.8964290159990535578, -4.232955021639440041 ) ) ;
#3368 = CARTESIAN_POINT ( 'NONE',  ( 3.602085954218208208, 0.8964290159990534468, -3.281494106128027610 ) ) ;
#3369 = CARTESIAN_POINT ( 'NONE',  ( 3.636592701334194544, 0.9064290159990535667, -3.456326369720504665 ) ) ;
#3370 = ORIENTED_EDGE ( 'NONE', *, *, #2361, .T. ) ;
#3371 = LINE ( 'NONE', #749, #854 ) ;
#3372 = PRESENTATION_LAYER_ASSIGNMENT (  '', '', ( #3181 ) ) ;
#3373 = ORIENTED_EDGE ( 'NONE', *, *, #1258, .T. ) ;
#3374 = EDGE_CURVE ( 'NONE', #6073, #4443, #2711, .T. ) ;
#3375 = CARTESIAN_POINT ( 'NONE',  ( 3.218994409465639084, 0.9064290159990538998, -4.023889560165304857 ) ) ;
#3376 = ORIENTED_EDGE ( 'NONE', *, *, #4588, .F. ) ;
#3377 = CARTESIAN_POINT ( 'NONE',  ( 2.779560239789163223, 0.9064290159990536777, -2.357160691801337915 ) ) ;
#3378 = CARTESIAN_POINT ( 'NONE',  ( 3.204928829532752932, 0.9064290159990536777, -1.354627515198300491 ) ) ;
#3379 = ADVANCED_FACE ( 'NONE', ( #2649 ), #3706, .T. ) ;
#3380 =( GEOMETRIC_REPRESENTATION_CONTEXT ( 3 ) GLOBAL_UNCERTAINTY_ASSIGNED_CONTEXT ( ( #1645 ) ) GLOBAL_UNIT_ASSIGNED_CONTEXT ( ( #54, #1557, #2858 ) ) REPRESENTATION_CONTEXT ( 'NONE', 'WORKASPACE' ) );
#3381 = VERTEX_POINT ( 'NONE', #3206 ) ;
#3382 = LINE ( 'NONE', #2391, #1547 ) ;
#3383 = EDGE_LOOP ( 'NONE', ( #2895, #2115, #1214, #1641 ) ) ;
#3384 = EDGE_CURVE ( 'NONE', #2022, #2579, #5104, .T. ) ;
#3385 = CARTESIAN_POINT ( 'NONE',  ( 0.5296397098330489772, 0.9064290159990535667, -0.7950694847546795341 ) ) ;
#3386 = ORIENTED_EDGE ( 'NONE', *, *, #5012, .T. ) ;
#3387 = ORIENTED_EDGE ( 'NONE', *, *, #839, .T. ) ;
#3388 = FACE_OUTER_BOUND ( 'NONE', #4279, .T. ) ;
#3389 = CARTESIAN_POINT ( 'NONE',  ( 1.532626479105402728, 0.9064290159990536777, -2.149924947944500619 ) ) ;
#3390 = EDGE_CURVE ( 'NONE', #3541, #146, #3263, .T. ) ;
#3391 = AXIS2_PLACEMENT_3D ( 'NONE', #3141, #5042, #4143 ) ;
#3392 = FACE_OUTER_BOUND ( 'NONE', #2181, .T. ) ;
#3393 = CARTESIAN_POINT ( 'NONE',  ( 3.231812929976366267, 0.9064290159990535667, -3.459547448293701422 ) ) ;
#3394 = CARTESIAN_POINT ( 'NONE',  ( 2.278887162866086502, 0.8964290159990536688, -0.9692008325059928708 ) ) ;
#3395 = VECTOR ( 'NONE', #5040, 1000.000000000000000 ) ;
#3396 = DIRECTION ( 'NONE',  ( 0.2607351442216253590, 0.0000000000000000000, -0.9654103710690744578 ) ) ;
#3397 = CARTESIAN_POINT ( 'NONE',  ( 0.5674162160477460581, 0.9064290159990534557, -0.7098841647656947140 ) ) ;
#3398 = SURFACE_STYLE_FILL_AREA ( #4892 ) ;
#3399 = CARTESIAN_POINT ( 'NONE',  ( 3.612993883163555520, 0.9064290159990536777, -3.565055503791929592 ) ) ;
#3400 = ORIENTED_EDGE ( 'NONE', *, *, #3407, .F. ) ;
#3401 = FACE_OUTER_BOUND ( 'NONE', #4493, .T. ) ;
#3402 = ORIENTED_EDGE ( 'NONE', *, *, #5187, .T. ) ;
#3403 = CARTESIAN_POINT ( 'NONE',  ( 3.030982218474762568, 0.9064290159990535667, -3.880852395572308211 ) ) ;
#3404 = CARTESIAN_POINT ( 'NONE',  ( 3.440568877550745253, 0.9064290159990536777, -3.757948908077046291 ) ) ;
#3405 = DIRECTION ( 'NONE',  ( 1.000000000000000000, 0.0000000000000000000, 0.0000000000000000000 ) ) ;
#3406 = DIRECTION ( 'NONE',  ( -0.3698797865436000420, 0.0000000000000000000, 0.9290796217259642553 ) ) ;
#3407 = EDGE_CURVE ( 'NONE', #4510, #3198, #986, .T. ) ;
#3408 = ORIENTED_EDGE ( 'NONE', *, *, #5046, .F. ) ;
#3409 = CARTESIAN_POINT ( 'NONE',  ( 2.056365795344718972, 0.9064290159990536777, -2.357160691801337915 ) ) ;
#3410 = ORIENTED_EDGE ( 'NONE', *, *, #1863, .T. ) ;
#3411 = EDGE_CURVE ( 'NONE', #3310, #5312, #5161, .T. ) ;
#3412 = VECTOR ( 'NONE', #1231, 1000.000000000000114 ) ;
#3413 = CARTESIAN_POINT ( 'NONE',  ( 3.252418145772069114, 0.8964290159990536688, -0.8797343528051381201 ) ) ;
#3414 = ORIENTED_EDGE ( 'NONE', *, *, #4171, .T. ) ;
#3415 = CARTESIAN_POINT ( 'NONE',  ( 2.806145776648137691, 0.9064290159990536777, -1.354627515198300491 ) ) ;
#3416 = ORIENTED_EDGE ( 'NONE', *, *, #5721, .F. ) ;
#3417 = DIRECTION ( 'NONE',  ( -0.7071067811865475727, 0.0000000000000000000, 0.7071067811865475727 ) ) ;
#3418 = CARTESIAN_POINT ( 'NONE',  ( 0.7722034794342281794, 0.8964290159990534468, -0.8777352078093680898 ) ) ;
#3419 = VECTOR ( 'NONE', #3494, 1000.000000000000000 ) ;
#3420 = DIRECTION ( 'NONE',  ( 0.4804152582365231461, 0.0000000000000000000, -0.8770411504904059852 ) ) ;
#3421 = LINE ( 'NONE', #967, #3219 ) ;
#3422 = AXIS2_PLACEMENT_3D ( 'NONE', #552, #4792, #2460 ) ;
#3423 = DIRECTION ( 'NONE',  ( -0.0000000000000000000, -1.000000000000000000, -0.0000000000000000000 ) ) ;
#3424 = COLOUR_RGB ( '',0.7529411764705882248, 0.7529411764705882248, 0.7529411764705882248 ) ;
#3425 = PLANE ( 'NONE',  #287 ) ;
#3426 = EDGE_CURVE ( 'NONE', #3953, #133, #2883, .T. ) ;
#3427 = PRESENTATION_STYLE_ASSIGNMENT (( #4303 ) ) ;
#3428 = CARTESIAN_POINT ( 'NONE',  ( 0.3559328502797489691, 0.0000000000000000000, -0.5793093895995677922 ) ) ;
#3429 = AXIS2_PLACEMENT_3D ( 'NONE', #4297, #25, #3835 ) ;
#3430 = EDGE_LOOP ( 'NONE', ( #2187, #3518, #5719, #3900 ) ) ;
#3431 = CARTESIAN_POINT ( 'NONE',  ( 0.7932345449492584910, 0.9064290159990536777, -0.7950840470445286190 ) ) ;
#3432 = EDGE_LOOP ( 'NONE', ( #775, #3416, #2309, #5717 ) ) ;
#3433 = DIRECTION ( 'NONE',  ( 1.000000000000000000, 0.0000000000000000000, -0.0000000000000000000 ) ) ;
#3434 = CARTESIAN_POINT ( 'NONE',  ( 2.417284598763522308, 0.9064290159990536777, -1.827994025134671574 ) ) ;
#3435 = EDGE_CURVE ( 'NONE', #3970, #4513, #77, .T. ) ;
#3436 = LINE ( 'NONE', #5330, #4903 ) ;
#3437 = FACE_BOUND ( 'NONE', #6116, .T. ) ;
#3438 = ORIENTED_EDGE ( 'NONE', *, *, #2646, .F. ) ;
#3439 = CARTESIAN_POINT ( 'NONE',  ( 0.6614583333333333703, 0.8964290159990536688, -0.6716346153846154410 ) ) ;
#3440 = ORIENTED_EDGE ( 'NONE', *, *, #5455, .F. ) ;
#3441 = EDGE_CURVE ( 'NONE', #5625, #5510, #3855, .T. ) ;
#3442 = ORIENTED_EDGE ( 'NONE', *, *, #3498, .F. ) ;
#3443 = DIRECTION ( 'NONE',  ( 0.9655185844044609222, -0.0000000000000000000, 0.2603341375417481118 ) ) ;
#3444 = ORIENTED_EDGE ( 'NONE', *, *, #1942, .F. ) ;
#3445 = SURFACE_STYLE_USAGE ( .BOTH. , #4446 ) ;
#3446 = ORIENTED_EDGE ( 'NONE', *, *, #1266, .F. ) ;
#3447 = FACE_OUTER_BOUND ( 'NONE', #3203, .T. ) ;
#3448 = CARTESIAN_POINT ( 'NONE',  ( 3.185373349396967591, 0.9064290159990537887, -3.586856304024492736 ) ) ;
#3449 = LINE ( 'NONE', #4878, #582 ) ;
#3450 = LINE ( 'NONE', #5840, #5113 ) ;
#3451 = CARTESIAN_POINT ( 'NONE',  ( 2.566939546680188755, 0.9064290159990536777, -2.098725528873987667 ) ) ;
#3452 = VERTEX_POINT ( 'NONE', #1460 ) ;
#3453 = CARTESIAN_POINT ( 'NONE',  ( 1.536018573122496900, 0.8964290159990536688, -1.077005820486762078 ) ) ;
#3454 = EDGE_CURVE ( 'NONE', #1176, #760, #2370, .T. ) ;
#3455 = LINE ( 'NONE', #5844, #1395 ) ;
#3456 = LINE ( 'NONE', #3017, #4631 ) ;
#3457 = ADVANCED_FACE ( 'NONE', ( #4817 ), #2798, .F. ) ;
#3458 = DIRECTION ( 'NONE',  ( -1.000000000000000000, 0.0000000000000000000, 0.0000000000000000000 ) ) ;
#3459 = EDGE_CURVE ( 'NONE', #2625, #332, #426, .T. ) ;
#3460 = CARTESIAN_POINT ( 'NONE',  ( 3.635927362411607078, 0.8964290159990536688, -3.388560545016841452 ) ) ;
#3461 = CARTESIAN_POINT ( 'NONE',  ( 3.015115124595662444, 0.9064290159990536777, -4.461653005791782256 ) ) ;
#3462 = EDGE_LOOP ( 'NONE', ( #303, #2823, #5479, #2730, #1449, #5907, #3036, #4397, #3086, #3602, #1846, #2219 ) ) ;
#3463 = CARTESIAN_POINT ( 'NONE',  ( 1.356237590216513800, 0.9064290159990536777, -1.827994025134671574 ) ) ;
#3464 = EDGE_LOOP ( 'NONE', ( #1473, #3009, #5705, #1658, #3570, #4, #5703, #2598, #697, #2529, #1484, #777, #4098 ) ) ;
#3465 = CARTESIAN_POINT ( 'NONE',  ( 3.591627547481470728, 0.9064290159990536777, -1.354627515198300491 ) ) ;
#3466 = LINE ( 'NONE', #4464, #3015 ) ;
#3467 = CARTESIAN_POINT ( 'NONE',  ( 3.465444714824189365, 0.9064290159990536777, -3.777439254806755020 ) ) ;
#3468 = VECTOR ( 'NONE', #1694, 1000.000000000000227 ) ;
#3469 = SURFACE_STYLE_FILL_AREA ( #2473 ) ;
#3470 = VERTEX_POINT ( 'NONE', #1875 ) ;
#3471 = PLANE ( 'NONE',  #583 ) ;
#3472 = EDGE_LOOP ( 'NONE', ( #296, #3169, #327, #513 ) ) ;
#3473 = VECTOR ( 'NONE', #1437, 1000.000000000000000 ) ;
#3474 = ORIENTED_EDGE ( 'NONE', *, *, #4955, .T. ) ;
#3475 = CARTESIAN_POINT ( 'NONE',  ( 2.127366563240018493, 0.9064290159990536777, -2.357160691801337915 ) ) ;
#3476 = EDGE_CURVE ( 'NONE', #3507, #415, #6141, .T. ) ;
#3477 = ORIENTED_EDGE ( 'NONE', *, *, #699, .F. ) ;
#3478 = CARTESIAN_POINT ( 'NONE',  ( 0.6614583333333333703, 0.9064290159990536777, -0.9362179487179487225 ) ) ;
#3479 = VECTOR ( 'NONE', #6109, 1000.000000000000000 ) ;
#3480 = VERTEX_POINT ( 'NONE', #5657 ) ;
#3481 = DIRECTION ( 'NONE',  ( -1.000000000000000000, 0.0000000000000000000, 0.0000000000000000000 ) ) ;
#3482 = CARTESIAN_POINT ( 'NONE',  ( 0.7932171381971933055, 0.8964290159990537799, -0.8127623096318707940 ) ) ;
#3483 = LINE ( 'NONE', #4757, #3686 ) ;
#3484 = VERTEX_POINT ( 'NONE', #457 ) ;
#3485 = AXIS2_PLACEMENT_3D ( 'NONE', #3409, #2016, #132 ) ;
#3486 = DIRECTION ( 'NONE',  ( 0.4806015670138532592, 0.0000000000000000000, -0.8769390707362905157 ) ) ;
#3487 = PLANE ( 'NONE',  #3654 ) ;
#3488 = VERTEX_POINT ( 'NONE', #485 ) ;
#3489 = LINE ( 'NONE', #1117, #1 ) ;
#3490 = DIRECTION ( 'NONE',  ( -0.0000000000000000000, -1.000000000000000000, -0.0000000000000000000 ) ) ;
#3491 = VECTOR ( 'NONE', #5745, 1000.000000000000000 ) ;
#3492 = CARTESIAN_POINT ( 'NONE',  ( 3.229797019845197514, 0.8964290159990535578, -4.441710152727106120 ) ) ;
#3493 = CARTESIAN_POINT ( 'NONE',  ( 2.995624777865954602, 0.8964290159990536688, -3.880276478999032275 ) ) ;
#3494 = DIRECTION ( 'NONE',  ( 1.000000000000000000, 0.0000000000000000000, 0.0000000000000000000 ) ) ;
#3495 = AXIS2_PLACEMENT_3D ( 'NONE', #5691, #4674, #6090 ) ;
#3496 = CARTESIAN_POINT ( 'NONE',  ( 4.155932850279749680, 0.0000000000000000000, -4.729309389599568370 ) ) ;
#3497 = VERTEX_POINT ( 'NONE', #5221 ) ;
#3498 = EDGE_CURVE ( 'NONE', #1994, #265, #960, .T. ) ;
#3499 = EDGE_LOOP ( 'NONE', ( #3879, #4065, #2417, #3820 ) ) ;
#3500 = CARTESIAN_POINT ( 'NONE',  ( 3.007769316931325321, 0.9064290159990535667, -3.880474294259473211 ) ) ;
#3501 = CARTESIAN_POINT ( 'NONE',  ( 2.645233316712240157, 0.8964290159990536688, -0.9665507590551382089 ) ) ;
#3502 = PLANE ( 'NONE',  #4013 ) ;
#3503 = SURFACE_SIDE_STYLE ('',( #3469 ) ) ;
#3504 = ORIENTED_EDGE ( 'NONE', *, *, #4431, .F. ) ;
#3505 = FACE_OUTER_BOUND ( 'NONE', #2879, .T. ) ;
#3506 = EDGE_LOOP ( 'NONE', ( #1574, #64, #1461, #5036 ) ) ;
#3507 = VERTEX_POINT ( 'NONE', #3828 ) ;
#3508 = EDGE_CURVE ( 'NONE', #4741, #3913, #5718, .T. ) ;
#3509 = ORIENTED_EDGE ( 'NONE', *, *, #639, .F. ) ;
#3510 = PLANE ( 'NONE',  #4487 ) ;
#3511 = VERTEX_POINT ( 'NONE', #643 ) ;
#3512 = CARTESIAN_POINT ( 'NONE',  ( 2.779560239789163223, 0.8964290159990536688, -2.357160691801337915 ) ) ;
#3513 = CARTESIAN_POINT ( 'NONE',  ( 3.225513674943782050, 0.9064290159990535667, -3.540414994324168063 ) ) ;
#3514 = LINE ( 'NONE', #2644, #4713 ) ;
#3515 = EDGE_LOOP ( 'NONE', ( #326, #3026, #18, #5242 ) ) ;
#3516 = VECTOR ( 'NONE', #5649, 1000.000000000000000 ) ;
#3517 = DIRECTION ( 'NONE',  ( -0.0000000000000000000, 1.000000000000000000, -0.0000000000000000000 ) ) ;
#3518 = ORIENTED_EDGE ( 'NONE', *, *, #939, .F. ) ;
#3519 = CARTESIAN_POINT ( 'NONE',  ( 0.7937499999999999556, 0.9064290159990536777, -0.8039262820512820262 ) ) ;
#3520 = EDGE_CURVE ( 'NONE', #802, #1613, #2085, .T. ) ;
#3521 = EDGE_CURVE ( 'NONE', #4576, #1196, #675, .T. ) ;
#3522 = VECTOR ( 'NONE', #1495, 1000.000000000000000 ) ;
#3523 = CARTESIAN_POINT ( 'NONE',  ( 2.708559471893864590, 0.9064290159990536777, -2.357160691801337915 ) ) ;
#3524 = CARTESIAN_POINT ( 'NONE',  ( 0.6526160983265799631, 0.9064290159990538998, -0.9357024936672075910 ) ) ;
#3525 = VECTOR ( 'NONE', #4293, 1000.000000000000000 ) ;
#3526 = DIRECTION ( 'NONE',  ( -1.000000000000000000, 0.0000000000000000000, 0.0000000000000000000 ) ) ;
#3527 = EDGE_CURVE ( 'NONE', #3854, #5852, #4007, .T. ) ;
#3528 = CARTESIAN_POINT ( 'NONE',  ( 0.6526015360367309892, 0.8964290159990536688, -0.6721076585509976331 ) ) ;
#3529 = LINE ( 'NONE', #3994, #5889 ) ;
#3530 = ORIENTED_EDGE ( 'NONE', *, *, #472, .F. ) ;
#3531 = PRESENTATION_LAYER_ASSIGNMENT (  '', '', ( #4920 ) ) ;
#3532 = VECTOR ( 'NONE', #2291, 1000.000000000000000 ) ;
#3533 = ORIENTED_EDGE ( 'NONE', *, *, #1793, .F. ) ;
#3534 = CARTESIAN_POINT ( 'NONE',  ( 2.382982048015658716, 0.8964290159990536688, -1.354627515198300491 ) ) ;
#3535 = CARTESIAN_POINT ( 'NONE',  ( 3.204928829532752932, 0.8964290159990536688, -0.8254608485316339284 ) ) ;
#3536 = CARTESIAN_POINT ( 'NONE',  ( 3.610383696602669890, 0.9064290159990536777, -4.046700604268977486 ) ) ;
#3537 = VECTOR ( 'NONE', #5644, 1000.000000000000000 ) ;
#3538 = EDGE_CURVE ( 'NONE', #2022, #4640, #4945, .T. ) ;
#3539 = ORIENTED_EDGE ( 'NONE', *, *, #5252, .T. ) ;
#3540 = DIRECTION ( 'NONE',  ( -1.000000000000000000, 0.0000000000000000000, 0.0000000000000000000 ) ) ;
#3541 = VERTEX_POINT ( 'NONE', #605 ) ;
#3542 = DIRECTION ( 'NONE',  ( -0.4804543040264409592, 0.0000000000000000000, 0.8770197613181063279 ) ) ;
#3543 = VERTEX_POINT ( 'NONE', #3415 ) ;
#3544 = CARTESIAN_POINT ( 'NONE',  ( 1.766447759821214714, 0.9064290159990536777, -1.827994025134671574 ) ) ;
#3545 = ORIENTED_EDGE ( 'NONE', *, *, #4056, .T. ) ;
#3546 = LINE ( 'NONE', #2118, #848 ) ;
#3547 = CARTESIAN_POINT ( 'NONE',  ( 2.921074162064804192, 0.9064290159990536777, -2.098725528873987667 ) ) ;
#3548 = DIRECTION ( 'NONE',  ( 0.3651136360950649751, 0.0000000000000000000, 0.9309629599170100578 ) ) ;
#3549 = ORIENTED_EDGE ( 'NONE', *, *, #4485, .F. ) ;
#3550 = DIRECTION ( 'NONE',  ( 0.0000000000000000000, 0.0000000000000000000, -1.000000000000000000 ) ) ;
#3551 = VERTEX_POINT ( 'NONE', #5371 ) ;
#3552 = CARTESIAN_POINT ( 'NONE',  ( 0.7127804603152829710, 0.9064290159990538998, -0.9276690017408901756 ) ) ;
#3553 = DIRECTION ( 'NONE',  ( 1.000000000000000000, 0.0000000000000000000, 0.0000000000000000000 ) ) ;
#3554 = FACE_OUTER_BOUND ( 'NONE', #1610, .T. ) ;
#3555 = LINE ( 'NONE', #4553, #4761 ) ;
#3556 = CARTESIAN_POINT ( 'NONE',  ( 3.628986410438348909, 0.9064290159990538998, -3.351619842182059994 ) ) ;
#3557 = APPLICATION_CONTEXT ( 'automotive_design' ) ;
#3558 = CARTESIAN_POINT ( 'NONE',  ( 1.366413872267795870, 0.9064290159990536777, -1.354627515198300491 ) ) ;
#3559 = ORIENTED_EDGE ( 'NONE', *, *, #2065, .T. ) ;
#3560 = EDGE_CURVE ( 'NONE', #4079, #1896, #5338, .T. ) ;
#3561 = DIRECTION ( 'NONE',  ( 0.0000000000000000000, 0.0000000000000000000, -1.000000000000000000 ) ) ;
#3562 = VERTEX_POINT ( 'NONE', #3070 ) ;
#3563 = LINE ( 'NONE', #290, #5660 ) ;
#3564 = CARTESIAN_POINT ( 'NONE',  ( 0.5679767555921065858, 0.9064290159990538998, -0.8974338500942097285 ) ) ;
#3565 = CARTESIAN_POINT ( 'NONE',  ( 1.676692498512132534, 0.9064290159990536777, -2.784713831244895132 ) ) ;
#3566 = FACE_BOUND ( 'NONE', #4262, .T. ) ;
#3567 = DIRECTION ( 'NONE',  ( 1.000000000000000000, 0.0000000000000000000, 0.0000000000000000000 ) ) ;
#3568 = ORIENTED_EDGE ( 'NONE', *, *, #245, .F. ) ;
#3569 = VECTOR ( 'NONE', #4095, 999.9999999999998863 ) ;
#3570 = ORIENTED_EDGE ( 'NONE', *, *, #936, .F. ) ;
#3571 = EDGE_CURVE ( 'NONE', #5466, #760, #4380, .T. ) ;
#3572 = ORIENTED_EDGE ( 'NONE', *, *, #4391, .F. ) ;
#3573 = CARTESIAN_POINT ( 'NONE',  ( 3.544138231242154990, 0.9064290159990536777, -1.354627515198300491 ) ) ;
#3574 = ORIENTED_EDGE ( 'NONE', *, *, #1183, .T. ) ;
#3575 = DIRECTION ( 'NONE',  ( 1.000000000000000000, 0.0000000000000000000, -0.0000000000000000000 ) ) ;
#3576 = LINE ( 'NONE', #2643, #4520 ) ;
#3577 = VECTOR ( 'NONE', #496, 1000.000000000000000 ) ;
#3578 = CARTESIAN_POINT ( 'NONE',  ( 2.127726973229334462, 0.9064290159990536777, -1.354627515198300491 ) ) ;
#3579 = ORIENTED_EDGE ( 'NONE', *, *, #3243, .T. ) ;
#3580 = ADVANCED_FACE ( 'NONE', ( #5834 ), #5311, .T. ) ;
#3581 = VECTOR ( 'NONE', #1905, 1000.000000000000227 ) ;
#3582 = FACE_BOUND ( 'NONE', #5646, .T. ) ;
#3583 = ORIENTED_EDGE ( 'NONE', *, *, #3252, .T. ) ;
#3584 = CARTESIAN_POINT ( 'NONE',  ( 2.764635026113949845, 0.8964290159990536688, -2.357160691801337915 ) ) ;
#3585 = DIRECTION ( 'NONE',  ( -0.0000000000000000000, -1.000000000000000000, -0.0000000000000000000 ) ) ;
#3586 = CARTESIAN_POINT ( 'NONE',  ( 2.071291009019932794, 0.9064290159990536777, -2.357160691801337915 ) ) ;
#3587 = DIRECTION ( 'NONE',  ( -0.0000000000000000000, -1.000000000000000000, -0.0000000000000000000 ) ) ;
#3588 = CARTESIAN_POINT ( 'NONE',  ( 3.527914114377584731, 0.9064290159990537887, -3.186005064515025964 ) ) ;
#3589 = DIRECTION ( 'NONE',  ( -0.4802882638304222795, 0.0000000000000000000, 0.8771107020363840823 ) ) ;
#3590 = ORIENTED_EDGE ( 'NONE', *, *, #952, .F. ) ;
#3591 = CARTESIAN_POINT ( 'NONE',  ( 0.7922299964432918395, 0.9064290159990537887, -0.7778517899298401650 ) ) ;
#3592 = B_SPLINE_SURFACE_WITH_KNOTS ( 'NONE', 3, 1, ( 
 ( #5481, #277 ),
 ( #3431, #1567 ),
 ( #5356, #1535 ),
 ( #1979, #2466 ),
 ( #4430, #4550 ),
 ( #2896, #5938 ),
 ( #4398, #160 ),
 ( #4797, #530 ),
 ( #5018, #2073 ),
 ( #2039, #5293 ),
 ( #5266, #4049 ) ),
 .UNSPECIFIED., .F., .F., .F.,
 ( 4, 1, 1, 1, 1, 1, 1, 1, 4 ),
 ( 2, 2 ),
 ( 0.0000000000000000000, 0.1276753205943260139, 0.2488210220607406931, 0.3728545096390351032, 0.5000883640370010763, 0.6273222184349671604, 0.7492780100383872322, 0.8723246794056734865, 1.000000000000000000 ),
 ( 0.0000000000000000000, 1.000000000000000000 ),
 .UNSPECIFIED. ) ;
#3593 = ORIENTED_EDGE ( 'NONE', *, *, #5433, .T. ) ;
#3594 = VECTOR ( 'NONE', #6084, 1000.000000000000000 ) ;
#3595 = LINE ( 'NONE', #2203, #5165 ) ;
#3596 = CARTESIAN_POINT ( 'NONE',  ( 2.708559471893864590, 0.9064290159990536777, -2.357160691801337915 ) ) ;
#3597 = LINE ( 'NONE', #1269, #1424 ) ;
#3598 = CARTESIAN_POINT ( 'NONE',  ( 2.967270242460103180, 0.9064290159990536777, -0.8254608485316339284 ) ) ;
#3599 = ORIENTED_EDGE ( 'NONE', *, *, #5037, .F. ) ;
#3600 = EDGE_CURVE ( 'NONE', #2707, #3970, #1400, .T. ) ;
#3601 = ADVANCED_FACE ( 'NONE', ( #1107 ), #3510, .T. ) ;
#3602 = ORIENTED_EDGE ( 'NONE', *, *, #60, .T. ) ;
#3603 = DIRECTION ( 'NONE',  ( -0.0000000000000000000, -1.000000000000000000, -0.0000000000000000000 ) ) ;
#3604 = PRODUCT_CONTEXT ( 'NONE', #3557, 'mechanical' ) ;
#3605 = ADVANCED_FACE ( 'NONE', ( #1177 ), #1993, .T. ) ;
#3606 = EDGE_LOOP ( 'NONE', ( #1359, #4980, #138, #6025 ) ) ;
#3607 = LINE ( 'NONE', #3573, #3395 ) ;
#3608 = ORIENTED_EDGE ( 'NONE', *, *, #4209, .T. ) ;
#3609 = CARTESIAN_POINT ( 'NONE',  ( 3.218373081947470293, 0.9064290159990541218, -4.002429388110312125 ) ) ;
#3610 = LINE ( 'NONE', #5043, #1344 ) ;
#3611 = ADVANCED_FACE ( 'NONE', ( #1553 ), #2606, .F. ) ;
#3612 = DIRECTION ( 'NONE',  ( 0.0000000000000000000, 0.0000000000000000000, -1.000000000000000000 ) ) ;
#3613 = ORIENTED_EDGE ( 'NONE', *, *, #5004, .T. ) ;
#3614 = CARTESIAN_POINT ( 'NONE',  ( 2.771419214148137300, 0.9064290159990536777, -1.827994025134671574 ) ) ;
#3615 = ORIENTED_EDGE ( 'NONE', *, *, #5791, .T. ) ;
#3616 = ORIENTED_EDGE ( 'NONE', *, *, #829, .T. ) ;
#3617 = DIRECTION ( 'NONE',  ( 0.2473315137773176853, 0.0000000000000000000, -0.9689309171930785558 ) ) ;
#3618 = AXIS2_PLACEMENT_3D ( 'NONE', #3523, #5416, #1156 ) ;
#3619 = CARTESIAN_POINT ( 'NONE',  ( 3.125553829532752736, 0.8964290159990536688, -1.827994025134671574 ) ) ;
#3620 = LINE ( 'NONE', #5974, #5214 ) ;
#3621 = CARTESIAN_POINT ( 'NONE',  ( 2.799255585675915370, 0.8964290159990536688, -1.354627515198300491 ) ) ;
#3622 = VECTOR ( 'NONE', #2211, 1000.000000000000000 ) ;
#3623 = LINE ( 'NONE', #6011, #2517 ) ;
#3624 = VERTEX_POINT ( 'NONE', #5501 ) ;
#3625 = AXIS2_PLACEMENT_3D ( 'NONE', #3672, #5131, #5902 ) ;
#3626 = CARTESIAN_POINT ( 'NONE',  ( 3.176479269182681975, 0.9064290159990537887, -4.106181755674643163 ) ) ;
#3627 = EDGE_LOOP ( 'NONE', ( #92, #1161, #2508, #1701 ) ) ;
#3628 = VECTOR ( 'NONE', #4972, 1000.000000000000000 ) ;
#3629 = CARTESIAN_POINT ( 'NONE',  ( 3.486294407631605363, 0.8964290159990538909, -3.793503509152977848 ) ) ;
#3630 = LINE ( 'NONE', #5525, #2626 ) ;
#3631 = CARTESIAN_POINT ( 'NONE',  ( 3.602282710364730800, 0.9064290159990536777, -3.589065751329983289 ) ) ;
#3632 = DIRECTION ( 'NONE',  ( 0.4802882638304235008, 0.0000000000000000000, -0.8771107020363836382 ) ) ;
#3633 = ORIENTED_EDGE ( 'NONE', *, *, #2285, .T. ) ;
#3634 = AXIS2_PLACEMENT_3D ( 'NONE', #1666, #3561, #5453 ) ;
#3635 =( GEOMETRIC_REPRESENTATION_CONTEXT ( 3 ) GLOBAL_UNCERTAINTY_ASSIGNED_CONTEXT ( ( #4686 ) ) GLOBAL_UNIT_ASSIGNED_CONTEXT ( ( #4339, #3898, #372 ) ) REPRESENTATION_CONTEXT ( 'NONE', 'WORKASPACE' ) );
#3636 = ORIENTED_EDGE ( 'NONE', *, *, #3876, .T. ) ;
#3637 = CARTESIAN_POINT ( 'NONE',  ( 1.536018573122496900, 0.8964290159990536688, -0.8254608485316339284 ) ) ;
#3638 = VERTEX_POINT ( 'NONE', #803 ) ;
#3639 = CARTESIAN_POINT ( 'NONE',  ( 1.954942184233607883, 0.9064290159990536777, -0.8254608485316339284 ) ) ;
#3640 = AXIS2_PLACEMENT_3D ( 'NONE', #2386, #5298, #5238 ) ;
#3641 = ORIENTED_EDGE ( 'NONE', *, *, #4432, .F. ) ;
#3642 = CARTESIAN_POINT ( 'NONE',  ( 3.214936528768877810, 0.9064290159990535667, -3.985086211419773594 ) ) ;
#3643 = CARTESIAN_POINT ( 'NONE',  ( 3.252418145772069114, 0.9064290159990536777, -0.8797343528051381201 ) ) ;
#3644 = CARTESIAN_POINT ( 'NONE',  ( 1.709015367994291656, 0.9064290159990536777, -1.827994025134671574 ) ) ;
#3645 = ORIENTED_EDGE ( 'NONE', *, *, #4063, .F. ) ;
#3646 = CARTESIAN_POINT ( 'NONE',  ( 3.147957224674464705, 0.9064290159990536777, -3.043473829274840448 ) ) ;
#3647 = ORIENTED_EDGE ( 'NONE', *, *, #142, .F. ) ;
#3648 = PRESENTATION_STYLE_ASSIGNMENT (( #370 ) ) ;
#3649 = ORIENTED_EDGE ( 'NONE', *, *, #4628, .T. ) ;
#3650 = DIRECTION ( 'NONE',  ( 1.000000000000000000, 0.0000000000000000000, 0.0000000000000000000 ) ) ;
#3651 = CARTESIAN_POINT ( 'NONE',  ( 3.455943786797710082, 0.9064290159990536777, -0.8797343528051381201 ) ) ;
#3652 = CARTESIAN_POINT ( 'NONE',  ( 1.283295236888807089, 0.9064290159990536777, -4.461653005791782256 ) ) ;
#3653 = CARTESIAN_POINT ( 'NONE',  ( 2.799255585675915370, 0.9064290159990536777, -1.354627515198300491 ) ) ;
#3654 = AXIS2_PLACEMENT_3D ( 'NONE', #2186, #2221, #5478 ) ;
#3655 = CARTESIAN_POINT ( 'NONE',  ( 3.234894429166190744, 0.8964290159990536688, -3.497393746532523551 ) ) ;
#3656 = ORIENTED_EDGE ( 'NONE', *, *, #796, .T. ) ;
#3657 = CARTESIAN_POINT ( 'NONE',  ( 3.057686145084236529, 0.8964290159990536688, -4.140831640543555459 ) ) ;
#3658 = EDGE_CURVE ( 'NONE', #3551, #4769, #5532, .T. ) ;
#3659 = ORIENTED_EDGE ( 'NONE', *, *, #3712, .T. ) ;
#3660 = EDGE_CURVE ( 'NONE', #5103, #1330, #3607, .T. ) ;
#3661 = CARTESIAN_POINT ( 'NONE',  ( 3.609971318995828682, 0.8964290159990538909, -4.022324836445918095 ) ) ;
#3662 = CARTESIAN_POINT ( 'NONE',  ( 0.3559328502797491911, -0.0000000000000000000, -2.179309389599567659 ) ) ;
#3663 = DIRECTION ( 'NONE',  ( -0.0000000000000000000, -1.000000000000000000, -0.0000000000000000000 ) ) ;
#3664 = CARTESIAN_POINT ( 'NONE',  ( 2.041880047763511286, 0.9064290159990536777, -4.140831640543555459 ) ) ;
#3665 = ADVANCED_FACE ( 'NONE', ( #3699 ), #3200, .T. ) ;
#3666 = ORIENTED_EDGE ( 'NONE', *, *, #1205, .F. ) ;
#3667 = EDGE_LOOP ( 'NONE', ( #3357, #3089, #5366, #1072 ) ) ;
#3668 = LINE ( 'NONE', #3637, #2522 ) ;
#3669 = EDGE_LOOP ( 'NONE', ( #12, #475, #3410, #3236 ) ) ;
#3670 =( NAMED_UNIT ( * ) SI_UNIT ( $, .STERADIAN. ) SOLID_ANGLE_UNIT ( ) );
#3671 = CARTESIAN_POINT ( 'NONE',  ( 3.064139482612508125, 0.9064290159990541218, -3.883656455397038521 ) ) ;
#3672 = CARTESIAN_POINT ( 'NONE',  ( 2.041880047763511286, 0.9064290159990536777, -4.140831640543555459 ) ) ;
#3673 = ORIENTED_EDGE ( 'NONE', *, *, #6096, .F. ) ;
#3674 = VERTEX_POINT ( 'NONE', #2273 ) ;
#3675 = CARTESIAN_POINT ( 'NONE',  ( 0.7722034794342281794, 0.9064290159990534557, -0.8777352078093680898 ) ) ;
#3676 = ORIENTED_EDGE ( 'NONE', *, *, #5990, .T. ) ;
#3677 = CARTESIAN_POINT ( 'NONE',  ( 0.5674162160477460581, 0.8964290159990534468, -0.7098841647656947140 ) ) ;
#3678 = VECTOR ( 'NONE', #5484, 1000.000000000000000 ) ;
#3679 = CARTESIAN_POINT ( 'NONE',  ( 3.090228101875408306, 0.8964290159990536688, -4.460391631968316339 ) ) ;
#3680 = CARTESIAN_POINT ( 'NONE',  ( 2.063149983378907315, 0.9064290159990536777, -1.827994025134671574 ) ) ;
#3681 = CARTESIAN_POINT ( 'NONE',  ( 2.240895709874633379, 0.8964290159990536688, -2.047526109803475158 ) ) ;
#3682 = EDGE_CURVE ( 'NONE', #2338, #2298, #5099, .T. ) ;
#3683 = CARTESIAN_POINT ( 'NONE',  ( 2.806145776648137691, 0.9064290159990536777, -1.354627515198300491 ) ) ;
#3684 = CARTESIAN_POINT ( 'NONE',  ( 1.412313144436599277, 0.9064290159990536777, -1.827994025134671574 ) ) ;
#3685 = ADVANCED_FACE ( 'NONE', ( #1678 ), #1208, .T. ) ;
#3686 = VECTOR ( 'NONE', #490, 1000.000000000000000 ) ;
#3687 = CARTESIAN_POINT ( 'NONE',  ( 3.015115124595662444, 0.8964290159990536688, -4.461653005791782256 ) ) ;
#3688 = DIRECTION ( 'NONE',  ( -0.0000000000000000000, -1.000000000000000000, -0.0000000000000000000 ) ) ;
#3689 = DIRECTION ( 'NONE',  ( 1.000000000000000000, 0.0000000000000000000, -0.0000000000000000000 ) ) ;
#3690 = CARTESIAN_POINT ( 'NONE',  ( 3.066405510726474493, 0.9064290159990536777, -3.614335826910774152 ) ) ;
#3691 = CARTESIAN_POINT ( 'NONE',  ( 3.637040303024530186, 0.8964290159990534468, -3.436447298890381585 ) ) ;
#3692 = ADVANCED_FACE ( 'NONE', ( #5471 ), #302, .T. ) ;
#3693 = ORIENTED_EDGE ( 'NONE', *, *, #1756, .F. ) ;
#3694 = VECTOR ( 'NONE', #2453, 1000.000000000000000 ) ;
#3695 = ORIENTED_EDGE ( 'NONE', *, *, #1035, .F. ) ;
#3696 = FACE_OUTER_BOUND ( 'NONE', #338, .T. ) ;
#3697 = ORIENTED_EDGE ( 'NONE', *, *, #2997, .T. ) ;
#3698 = VECTOR ( 'NONE', #3773, 1000.000000000000000 ) ;
#3699 = FACE_OUTER_BOUND ( 'NONE', #3627, .T. ) ;
#3700 = CARTESIAN_POINT ( 'NONE',  ( 3.162854446417726173, 0.9064290159990536777, -3.912036382636569165 ) ) ;
#3701 = CARTESIAN_POINT ( 'NONE',  ( 3.215659547391759077, 0.8964290159990535578, -3.427067225017546903 ) ) ;
#3702 = EDGE_LOOP ( 'NONE', ( #473, #3509, #3179, #196 ) ) ;
#3703 = ADVANCED_FACE ( 'NONE', ( #2668 ), #5006, .T. ) ;
#3704 = CARTESIAN_POINT ( 'NONE',  ( 3.557041714342901173, 0.8964290159990532247, -3.216587388615981258 ) ) ;
#3705 = ORIENTED_EDGE ( 'NONE', *, *, #4554, .F. ) ;
#3706 = PLANE ( 'NONE',  #4685 ) ;
#3707 = EDGE_LOOP ( 'NONE', ( #234, #395, #2645, #5355 ) ) ;
#3708 = CARTESIAN_POINT ( 'NONE',  ( 3.455943786797710082, 0.9064290159990536777, -0.8254608485316339284 ) ) ;
#3709 = CARTESIAN_POINT ( 'NONE',  ( 2.064506820985744451, 0.8964290159990536688, -1.827994025134671574 ) ) ;
#3710 = CARTESIAN_POINT ( 'NONE',  ( 3.147957224674464705, 0.9064290159990536777, -3.043473829274840448 ) ) ;
#3711 = EDGE_CURVE ( 'NONE', #2623, #2058, #770, .T. ) ;
#3712 = EDGE_CURVE ( 'NONE', #1587, #179, #1305, .T. ) ;
#3713 = CARTESIAN_POINT ( 'NONE',  ( 3.204928829532752932, 0.9064290159990536777, -0.8254608485316339284 ) ) ;
#3714 = DIRECTION ( 'NONE',  ( 0.2578433336118827746, 0.0000000000000000000, 0.9661867393583453145 ) ) ;
#3715 = LINE ( 'NONE', #2862, #388 ) ;
#3716 = ADVANCED_FACE ( 'NONE', ( #3138 ), #2731, .F. ) ;
#3717 = LINE ( 'NONE', #5610, #1032 ) ;
#3718 = EDGE_CURVE ( 'NONE', #1282, #3850, #2149, .T. ) ;
#3719 = VECTOR ( 'NONE', #6043, 1000.000000000000000 ) ;
#3720 = CARTESIAN_POINT ( 'NONE',  ( 2.431531393635317340, 0.9064290159990536777, -1.354627515198300491 ) ) ;
#3721 = CARTESIAN_POINT ( 'NONE',  ( 3.511657118645752362, 0.9064290159990536777, -4.297539192479100656 ) ) ;
#3722 = FACE_OUTER_BOUND ( 'NONE', #3499, .T. ) ;
#3723 = CARTESIAN_POINT ( 'NONE',  ( 3.562412224460648869, 0.9064290159990536777, -3.876494748268543233 ) ) ;
#3724 = EDGE_LOOP ( 'NONE', ( #2079, #1534, #3003, #1508 ) ) ;
#3725 = VECTOR ( 'NONE', #137, 1000.000000000000000 ) ;
#3726 = B_SPLINE_CURVE_WITH_KNOTS ( 'NONE', 3,
 ( #631, #2535, #594, #3998, #4435, #666, #5794, #2045, #2503, #5886, #127 ),
 .UNSPECIFIED., .F., .F.,
 ( 4, 1, 1, 1, 1, 1, 1, 1, 4 ),
 ( 0.0000000000000000000, 0.1015170763450493202, 0.2031399961452475256, 0.3098899409112724768, 0.4287492126762059708, 0.5557471139699682317, 0.6905023413649522546, 0.8373727517539386600, 1.000000000000000000 ),
 .UNSPECIFIED. ) ;
#3727 = ORIENTED_EDGE ( 'NONE', *, *, #3971, .T. ) ;
#3728 = AXIS2_PLACEMENT_3D ( 'NONE', #1491, #53, #1966 ) ;
#3729 = DIRECTION ( 'NONE',  ( 0.0000000000000000000, 0.0000000000000000000, -1.000000000000000000 ) ) ;
#3730 = EDGE_CURVE ( 'NONE', #301, #4071, #4570, .T. ) ;
#3731 = ORIENTED_EDGE ( 'NONE', *, *, #1507, .F. ) ;
#3732 = DIRECTION ( 'NONE',  ( 0.8770197613181063279, 0.0000000000000000000, -0.4804543040264409592 ) ) ;
#3733 = VECTOR ( 'NONE', #465, 1000.000000000000227 ) ;
#3734 = CARTESIAN_POINT ( 'NONE',  ( 3.455943786797710082, 0.9064290159990536777, -0.8254608485316339284 ) ) ;
#3735 = AXIS2_PLACEMENT_3D ( 'NONE', #1810, #772, #2216 ) ;
#3736 = LINE ( 'NONE', #6136, #4442 ) ;
#3737 = ORIENTED_EDGE ( 'NONE', *, *, #4437, .T. ) ;
#3738 = STYLED_ITEM ( 'NONE', ( #1060 ), #2775 ) ;
#3739 = DIRECTION ( 'NONE',  ( -0.5217877936512442805, 0.0000000000000000000, -0.8530753181264633112 ) ) ;
#3740 = VERTEX_POINT ( 'NONE', #1749 ) ;
#3741 = CARTESIAN_POINT ( 'NONE',  ( 2.120836782257112141, 0.9064290159990536777, -1.354627515198300491 ) ) ;
#3742 = VERTEX_POINT ( 'NONE', #3639 ) ;
#3743 = LINE ( 'NONE', #2282, #1539 ) ;
#3744 = CARTESIAN_POINT ( 'NONE',  ( 2.566939546680188755, 0.8964290159990536688, -2.098725528873987667 ) ) ;
#3745 = FACE_OUTER_BOUND ( 'NONE', #4603, .T. ) ;
#3746 = LINE ( 'NONE', #4269, #315 ) ;
#3747 = LINE ( 'NONE', #904, #336 ) ;
#3748 = ADVANCED_FACE ( 'NONE', ( #1277 ), #4602, .T. ) ;
#3749 = DIRECTION ( 'NONE',  ( -0.8533543139006510847, 0.0000000000000000000, 0.5213313868808869822 ) ) ;
#3750 = DIRECTION ( 'NONE',  ( 0.4804152582365231461, 0.0000000000000000000, 0.8770411504904059852 ) ) ;
#3751 = DIRECTION ( 'NONE',  ( 0.4802758347947835849, 0.0000000000000000000, 0.8771175078130487579 ) ) ;
#3752 = EDGE_CURVE ( 'NONE', #2081, #2882, #4701, .T. ) ;
#3753 = CARTESIAN_POINT ( 'NONE',  ( 2.623121103838308432, 0.9064290159990536777, -2.098725528873987667 ) ) ;
#3754 = CARTESIAN_POINT ( 'NONE',  ( 3.440568877550745253, 0.9064290159990536777, -3.757948908077046291 ) ) ;
#3755 = LINE ( 'NONE', #5674, #4330 ) ;
#3756 = ORIENTED_EDGE ( 'NONE', *, *, #4437, .F. ) ;
#3757 = UNCERTAINTY_MEASURE_WITH_UNIT (LENGTH_MEASURE( 1.000000000000000082E-05 ), #872, 'distance_accuracy_value', 'NONE');
#3758 = ORIENTED_EDGE ( 'NONE', *, *, #796, .F. ) ;
#3759 = CARTESIAN_POINT ( 'NONE',  ( 3.062694087278479582, 0.9064290159990536777, -2.357160691801337915 ) ) ;
#3760 = DIRECTION ( 'NONE',  ( 0.0000000000000000000, 0.0000000000000000000, 1.000000000000000000 ) ) ;
#3761 = LINE ( 'NONE', #4773, #3277 ) ;
#3762 = PLANE ( 'NONE',  #4987 ) ;
#3763 = DIRECTION ( 'NONE',  ( 0.0000000000000000000, -1.000000000000000000, 0.0000000000000000000 ) ) ;
#3764 = ORIENTED_EDGE ( 'NONE', *, *, #2914, .F. ) ;
#3765 = CARTESIAN_POINT ( 'NONE',  ( 3.405932850279749236, 0.0000000000000000000, -2.879309389599567837 ) ) ;
#3766 = ORIENTED_EDGE ( 'NONE', *, *, #2049, .F. ) ;
#3767 = DIRECTION ( 'NONE',  ( -2.168404344971008868E-16, 0.0000000000000000000, -1.000000000000000000 ) ) ;
#3768 = EDGE_LOOP ( 'NONE', ( #2884, #2277, #3697, #5215 ) ) ;
#3769 = CARTESIAN_POINT ( 'NONE',  ( 1.560717257684462567, 0.8964290159990536688, -2.098725528873987667 ) ) ;
#3770 = CARTESIAN_POINT ( 'NONE',  ( 4.155932850279748791, -0.01000000000000000021, -2.179309389599567659 ) ) ;
#3771 = EDGE_CURVE ( 'NONE', #1812, #5487, #5725, .T. ) ;
#3772 = CARTESIAN_POINT ( 'NONE',  ( 0.3559328502797489691, -0.01000000000000000021, -0.5793093895995677922 ) ) ;
#3773 = DIRECTION ( 'NONE',  ( 0.0000000000000000000, 0.0000000000000000000, -1.000000000000000000 ) ) ;
#3774 = FACE_OUTER_BOUND ( 'NONE', #3430, .T. ) ;
#3775 = VECTOR ( 'NONE', #5053, 1000.000000000000000 ) ;
#3776 = CARTESIAN_POINT ( 'NONE',  ( 3.213386637845167648, 0.8964290159990537799, -3.560536775810127175 ) ) ;
#3777 = CARTESIAN_POINT ( 'NONE',  ( 1.954942184233607883, 0.9064290159990536777, -0.8254608485316339284 ) ) ;
#3778 = VECTOR ( 'NONE', #3121, 1000.000000000000000 ) ;
#3779 = PRESENTATION_STYLE_ASSIGNMENT (( #1377 ) ) ;
#3780 = DIRECTION ( 'NONE',  ( -0.4804152582365225355, 0.0000000000000000000, -0.8770411504904062072 ) ) ;
#3781 = PRESENTATION_LAYER_ASSIGNMENT (  '', '', ( #1390 ) ) ;
#3782 = CARTESIAN_POINT ( 'NONE',  ( 2.977255719222924313, 0.9064290159990536777, -2.098725528873987667 ) ) ;
#3783 = CARTESIAN_POINT ( 'NONE',  ( 3.519252221226962796, 0.8964290159990535578, -3.825274195334102956 ) ) ;
#3784 = VECTOR ( 'NONE', #2143, 1000.000000000000000 ) ;
#3785 = VERTEX_POINT ( 'NONE', #849 ) ;
#3786 = LINE ( 'NONE', #164, #2223 ) ;
#3787 = EDGE_CURVE ( 'NONE', #1011, #4447, #3334, .T. ) ;
#3788 = DIRECTION ( 'NONE',  ( -0.0000000000000000000, 1.000000000000000000, -0.0000000000000000000 ) ) ;
#3789 = DIRECTION ( 'NONE',  ( -0.0000000000000000000, -1.000000000000000000, -0.0000000000000000000 ) ) ;
#3790 = ADVANCED_FACE ( 'NONE', ( #935 ), #2804, .T. ) ;
#3791 = VECTOR ( 'NONE', #1155, 1000.000000000000000 ) ;
#3792 = EDGE_LOOP ( 'NONE', ( #4440, #2727, #5769, #4350, #3673, #5438, #2447, #6112, #4663, #3590, #1781, #2967 ) ) ;
#3793 = CARTESIAN_POINT ( 'NONE',  ( 3.057686145084236529, 0.9064290159990536777, -4.140831640543555459 ) ) ;
#3794 = ORIENTED_EDGE ( 'NONE', *, *, #4907, .T. ) ;
#3795 = EDGE_CURVE ( 'NONE', #3953, #4124, #2347, .T. ) ;
#3796 = VECTOR ( 'NONE', #268, 1000.000000000000000 ) ;
#3797 = CARTESIAN_POINT ( 'NONE',  ( 2.041880047763511286, 0.9064290159990536777, -4.140831640543555459 ) ) ;
#3798 = ORIENTED_EDGE ( 'NONE', *, *, #3426, .T. ) ;
#3799 = CARTESIAN_POINT ( 'NONE',  ( 0.6614583333333333703, 0.9064290159990536777, -0.9362179487179487225 ) ) ;
#3800 = ORIENTED_EDGE ( 'NONE', *, *, #2592, .F. ) ;
#3801 =( NAMED_UNIT ( * ) SI_UNIT ( $, .STERADIAN. ) SOLID_ANGLE_UNIT ( ) );
#3802 = DIRECTION ( 'NONE',  ( -1.000000000000000000, 0.0000000000000000000, 0.0000000000000000000 ) ) ;
#3803 = DIRECTION ( 'NONE',  ( -0.8771107020363839712, 0.0000000000000000000, 0.4802882638304228347 ) ) ;
#3804 = LINE ( 'NONE', #2860, #1912 ) ;
#3805 = CARTESIAN_POINT ( 'NONE',  ( -1.084202172485504434E-15, 0.0000000000000000000, -5.000000000000000000 ) ) ;
#3806 = CARTESIAN_POINT ( 'NONE',  ( 2.361103041605403074, 0.9064290159990536777, -1.827994025134671574 ) ) ;
#3807 = FACE_OUTER_BOUND ( 'NONE', #3184, .T. ) ;
#3808 = EDGE_CURVE ( 'NONE', #3742, #3624, #2834, .T. ) ;
#3809 = LINE ( 'NONE', #6124, #687 ) ;
#3810 = CARTESIAN_POINT ( 'NONE',  ( 2.771419214148137300, 0.8964290159990536688, -1.827994025134671574 ) ) ;
#3811 = DIRECTION ( 'NONE',  ( -0.2787515866171259016, 0.0000000000000000000, 0.9603632401120082429 ) ) ;
#3812 = CARTESIAN_POINT ( 'NONE',  ( 3.504216260727386789, 0.8964290159990536688, -3.810387159671077661 ) ) ;
#3813 = VERTEX_POINT ( 'NONE', #4296 ) ;
#3814 = VECTOR ( 'NONE', #5526, 1000.000000000000000 ) ;
#3815 = ORIENTED_EDGE ( 'NONE', *, *, #1318, .T. ) ;
#3816 = FACE_OUTER_BOUND ( 'NONE', #602, .T. ) ;
#3817 = AXIS2_PLACEMENT_3D ( 'NONE', #3451, #5345, #4823 ) ;
#3818 = VECTOR ( 'NONE', #3603, 1000.000000000000000 ) ;
#3819 = CARTESIAN_POINT ( 'NONE',  ( 2.000290241124633273, 0.8964290159990536688, -2.357160691801337915 ) ) ;
#3820 = ORIENTED_EDGE ( 'NONE', *, *, #546, .T. ) ;
#3821 = FACE_OUTER_BOUND ( 'NONE', #4971, .T. ) ;
#3822 = ORIENTED_EDGE ( 'NONE', *, *, #3390, .F. ) ;
#3823 = COLOUR_RGB ( '',1.000000000000000000, 1.000000000000000000, 1.000000000000000000 ) ;
#3824 = CARTESIAN_POINT ( 'NONE',  ( 0.6104671169167511513, 0.9064290159990542328, -0.6808200111472147986 ) ) ;
#3825 = EDGE_CURVE ( 'NONE', #5625, #214, #1935, .T. ) ;
#3826 = ORIENTED_EDGE ( 'NONE', *, *, #1911, .F. ) ;
#3827 = VECTOR ( 'NONE', #2482, 1000.000000000000000 ) ;
#3828 = CARTESIAN_POINT ( 'NONE',  ( 0.0000000000000000000, 0.0000000000000000000, 0.0000000000000000000 ) ) ;
#3829 = ORIENTED_EDGE ( 'NONE', *, *, #5619, .T. ) ;
#3830 = DIRECTION ( 'NONE',  ( -0.2578433336118838293, 0.0000000000000000000, -0.9661867393583450925 ) ) ;
#3831 = PLANE ( 'NONE',  #5956 ) ;
#3832 = VECTOR ( 'NONE', #2746, 1000.000000000000000 ) ;
#3833 = FILL_AREA_STYLE ('',( #3240 ) ) ;
#3834 = AXIS2_PLACEMENT_3D ( 'NONE', #728, #4561, #4627 ) ;
#3835 = DIRECTION ( 'NONE',  ( 0.2570842515897343583, 0.0000000000000000000, 0.9663889939276761876 ) ) ;
#3836 = CARTESIAN_POINT ( 'NONE',  ( 3.143733744553068643, 0.8964290159990535578, -3.605762639425079019 ) ) ;
#3837 = EDGE_CURVE ( 'NONE', #6021, #6085, #4733, .T. ) ;
#3838 = CARTESIAN_POINT ( 'NONE',  ( 1.560717257684462567, 0.9064290159990536777, -2.098725528873987667 ) ) ;
#3839 = DIRECTION ( 'NONE',  ( -0.8771175078130488689, 0.0000000000000000000, 0.4802758347947836404 ) ) ;
#3840 = PLANE ( 'NONE',  #4511 ) ;
#3841 = ORIENTED_EDGE ( 'NONE', *, *, #4995, .T. ) ;
#3842 = DIRECTION ( 'NONE',  ( -0.7871623908499748579, 0.0000000000000000000, 0.6167457907690584440 ) ) ;
#3843 = EDGE_CURVE ( 'NONE', #2935, #3484, #3746, .T. ) ;
#3844 = EDGE_LOOP ( 'NONE', ( #1113, #2905, #5966, #2648 ) ) ;
#3845 = CARTESIAN_POINT ( 'NONE',  ( 2.354424856509248709, 0.9064290159990536777, -2.357160691801337915 ) ) ;
#3846 = FACE_OUTER_BOUND ( 'NONE', #4379, .T. ) ;
#3847 = DIRECTION ( 'NONE',  ( 0.0000000000000000000, 1.000000000000000000, -0.0000000000000000000 ) ) ;
#3848 = DIRECTION ( 'NONE',  ( 0.9136674107863312910, 0.0000000000000000000, -0.4064626212421030282 ) ) ;
#3849 = EDGE_CURVE ( 'NONE', #1041, #4415, #1908, .T. ) ;
#3850 = VERTEX_POINT ( 'NONE', #1880 ) ;
#3851 = PLANE ( 'NONE',  #753 ) ;
#3852 = VERTEX_POINT ( 'NONE', #4759 ) ;
#3853 = PLANE ( 'NONE',  #1347 ) ;
#3854 = VERTEX_POINT ( 'NONE', #6119 ) ;
#3855 = LINE ( 'NONE', #1962, #3291 ) ;
#3856 = ORIENTED_EDGE ( 'NONE', *, *, #3895, .F. ) ;
#3857 = CARTESIAN_POINT ( 'NONE',  ( 3.538314309355225173, 0.8964290159990538909, -4.265524264687850398 ) ) ;
#3858 = CARTESIAN_POINT ( 'NONE',  ( 1.710372205601129458, 0.9064290159990536777, -1.827994025134671574 ) ) ;
#3859 = CARTESIAN_POINT ( 'NONE',  ( 3.204928829532752932, 0.9064290159990536777, -0.8254608485316339284 ) ) ;
#3860 = CARTESIAN_POINT ( 'NONE',  ( 3.252418145772069114, 0.9064290159990536777, -0.8797343528051381201 ) ) ;
#3861 = CARTESIAN_POINT ( 'NONE',  ( 2.278887162866086502, 0.9064290159990536777, -0.9692008325059928708 ) ) ;
#3862 = LINE ( 'NONE', #2069, #2921 ) ;
#3863 = EDGE_CURVE ( 'NONE', #4443, #4569, #3804, .T. ) ;
#3864 = VECTOR ( 'NONE', #3051, 1000.000000000000000 ) ;
#3865 = CARTESIAN_POINT ( 'NONE',  ( 0.3559328502797489691, -0.01000000000000000021, -0.5793093895995677922 ) ) ;
#3866 = ADVANCED_FACE ( 'NONE', ( #2403 ), #24, .F. ) ;
#3867 = LINE ( 'NONE', #497, #2037 ) ;
#3868 = PLANE ( 'NONE',  #2026 ) ;
#3869 = ORIENTED_EDGE ( 'NONE', *, *, #2721, .T. ) ;
#3870 = CARTESIAN_POINT ( 'NONE',  ( 1.504535700526342890, 0.9064290159990536777, -2.098725528873987667 ) ) ;
#3871 = AXIS2_PLACEMENT_3D ( 'NONE', #4762, #3749, #2405 ) ;
#3872 = ORIENTED_EDGE ( 'NONE', *, *, #344, .F. ) ;
#3873 = DIRECTION ( 'NONE',  ( -0.4804152582365230906, 0.0000000000000000000, 0.8770411504904058742 ) ) ;
#3874 = DIRECTION ( 'NONE',  ( 0.0000000000000000000, -0.0000000000000000000, 1.000000000000000000 ) ) ;
#3875 = SURFACE_STYLE_USAGE ( .BOTH. , #3315 ) ;
#3876 = EDGE_CURVE ( 'NONE', #4038, #4445, #3301, .T. ) ;
#3877 = ORIENTED_EDGE ( 'NONE', *, *, #6009, .T. ) ;
#3878 = CARTESIAN_POINT ( 'NONE',  ( 2.417284598763522308, 0.9064290159990536777, -1.827994025134671574 ) ) ;
#3879 = ORIENTED_EDGE ( 'NONE', *, *, #516, .F. ) ;
#3880 = PLANE ( 'NONE',  #2824 ) ;
#3881 = ORIENTED_EDGE ( 'NONE', *, *, #2162, .T. ) ;
#3882 = PRESENTATION_STYLE_ASSIGNMENT (( #3445 ) ) ;
#3883 = ORIENTED_EDGE ( 'NONE', *, *, #6146, .F. ) ;
#3884 = CARTESIAN_POINT ( 'NONE',  ( 0.3559328502797489691, -0.01000000000000000021, -0.5793093895995677922 ) ) ;
#3885 = LINE ( 'NONE', #429, #4021 ) ;
#3886 = DIRECTION ( 'NONE',  ( 0.4804152582365220914, 0.0000000000000000000, -0.8770411504904065403 ) ) ;
#3887 = ADVANCED_FACE ( 'NONE', ( #3392 ), #1079, .T. ) ;
#3888 =( GEOMETRIC_REPRESENTATION_CONTEXT ( 3 ) GLOBAL_UNCERTAINTY_ASSIGNED_CONTEXT ( ( #3757 ) ) GLOBAL_UNIT_ASSIGNED_CONTEXT ( ( #872, #5542, #6056 ) ) REPRESENTATION_CONTEXT ( 'NONE', 'WORKASPACE' ) );
#3889 = DIRECTION ( 'NONE',  ( 1.000000000000000000, 0.0000000000000000000, 0.0000000000000000000 ) ) ;
#3890 = DIRECTION ( 'NONE',  ( -0.0000000000000000000, -1.000000000000000000, -0.0000000000000000000 ) ) ;
#3891 = LINE ( 'NONE', #5321, #3025 ) ;
#3892 = EDGE_CURVE ( 'NONE', #873, #4079, #2179, .T. ) ;
#3893 = CARTESIAN_POINT ( 'NONE',  ( 2.801269641498564944, 0.9064290159990536777, -1.230180065946163914 ) ) ;
#3894 = CARTESIAN_POINT ( 'NONE',  ( 2.633360987652411112, 0.9064290159990536777, -0.8254608485316339284 ) ) ;
#3895 = EDGE_CURVE ( 'NONE', #5623, #3177, #2457, .T. ) ;
#3896 = CARTESIAN_POINT ( 'NONE',  ( 4.155932850279749680, -0.01000000000000000021, -2.879309389599567837 ) ) ;
#3897 = ORIENTED_EDGE ( 'NONE', *, *, #5206, .F. ) ;
#3898 =( NAMED_UNIT ( * ) PLANE_ANGLE_UNIT ( ) SI_UNIT ( $, .RADIAN. ) );
#3899 = EDGE_CURVE ( 'NONE', #4655, #1173, #5253, .T. ) ;
#3900 = ORIENTED_EDGE ( 'NONE', *, *, #2313, .T. ) ;
#3901 = DIRECTION ( 'NONE',  ( -0.9663889939276761876, 0.0000000000000000000, 0.2570842515897343583 ) ) ;
#3902 = LINE ( 'NONE', #4864, #2423 ) ;
#3903 = FACE_BOUND ( 'NONE', #401, .T. ) ;
#3904 = LINE ( 'NONE', #2078, #1806 ) ;
#3905 = VECTOR ( 'NONE', #1660, 1000.000000000000000 ) ;
#3906 = EDGE_LOOP ( 'NONE', ( #2958, #359, #1382, #4290 ) ) ;
#3907 = CARTESIAN_POINT ( 'NONE',  ( 0.7126254258773611072, 0.8964290159990535578, -0.6806645994021217616 ) ) ;
#3908 = ORIENTED_EDGE ( 'NONE', *, *, #4568, .F. ) ;
#3909 = EDGE_CURVE ( 'NONE', #1154, #2385, #3450, .T. ) ;
#3910 =( GEOMETRIC_REPRESENTATION_CONTEXT ( 3 ) GLOBAL_UNCERTAINTY_ASSIGNED_CONTEXT ( ( #3253 ) ) GLOBAL_UNIT_ASSIGNED_CONTEXT ( ( #2286, #5666, #4211 ) ) REPRESENTATION_CONTEXT ( 'NONE', 'WORKASPACE' ) );
#3911 = VERTEX_POINT ( 'NONE', #83 ) ;
#3912 = VECTOR ( 'NONE', #5919, 1000.000000000000000 ) ;
#3913 = VERTEX_POINT ( 'NONE', #4357 ) ;
#3914 = DIRECTION ( 'NONE',  ( -1.000000000000000000, 0.0000000000000000000, -0.0000000000000000000 ) ) ;
#3915 = LINE ( 'NONE', #1076, #2919 ) ;
#3916 = DIRECTION ( 'NONE',  ( -0.4802758347947843065, 0.0000000000000000000, -0.8771175078130484248 ) ) ;
#3917 = VECTOR ( 'NONE', #1802, 1000.000000000000000 ) ;
#3918 = CARTESIAN_POINT ( 'NONE',  ( 3.215659547391759077, 0.9064290159990535667, -3.427067225017546903 ) ) ;
#3919 = FACE_OUTER_BOUND ( 'NONE', #737, .T. ) ;
#3920 = LINE ( 'NONE', #3954, #5370 ) ;
#3921 = AXIS2_PLACEMENT_3D ( 'NONE', #3268, #345, #1851 ) ;
#3922 = MECHANICAL_DESIGN_GEOMETRIC_PRESENTATION_REPRESENTATION (  '', ( #5026 ), #5307 ) ;
#3923 = CARTESIAN_POINT ( 'NONE',  ( 1.532626479105402728, 0.9064290159990536777, -2.047526109803475158 ) ) ;
#3924 = CARTESIAN_POINT ( 'NONE',  ( 3.162347260142453376, 0.8964290159990538909, -4.453516667320252864 ) ) ;
#3925 = COLOUR_RGB ( '',1.000000000000000000, 1.000000000000000000, 1.000000000000000000 ) ;
#3926 = ADVANCED_FACE ( 'NONE', ( #4329 ), #110, .T. ) ;
#3927 = DIRECTION ( 'NONE',  ( -0.0000000000000000000, -1.000000000000000000, -0.0000000000000000000 ) ) ;
#3928 = DIRECTION ( 'NONE',  ( 0.7071067811865474617, 0.0000000000000000000, 0.7071067811865474617 ) ) ;
#3929 = DIRECTION ( 'NONE',  ( -1.734723475976807094E-16, 0.0000000000000000000, -1.000000000000000000 ) ) ;
#3930 = VECTOR ( 'NONE', #3364, 1000.000000000000000 ) ;
#3931 = ORIENTED_EDGE ( 'NONE', *, *, #5458, .F. ) ;
#3932 = SURFACE_STYLE_USAGE ( .BOTH. , #4367 ) ;
#3933 = VERTEX_POINT ( 'NONE', #4537 ) ;
#3934 = EDGE_CURVE ( 'NONE', #3470, #3079, #5378, .T. ) ;
#3935 = DIRECTION ( 'NONE',  ( 1.734723475976807341E-16, 0.0000000000000000000, 1.000000000000000000 ) ) ;
#3936 = FACE_OUTER_BOUND ( 'NONE', #1520, .T. ) ;
#3937 = CARTESIAN_POINT ( 'NONE',  ( 2.492589085943009763, 0.8964290159990536688, -1.354627515198300491 ) ) ;
#3938 =( NAMED_UNIT ( * ) PLANE_ANGLE_UNIT ( ) SI_UNIT ( $, .RADIAN. ) );
#3939 = EDGE_LOOP ( 'NONE', ( #3695, #5537, #4904, #4461 ) ) ;
#3940 = LINE ( 'NONE', #73, #4082 ) ;
#3941 = VERTEX_POINT ( 'NONE', #1969 ) ;
#3942 = ORIENTED_EDGE ( 'NONE', *, *, #2198, .T. ) ;
#3943 = DIRECTION ( 'NONE',  ( 1.000000000000000000, 0.0000000000000000000, 0.0000000000000000000 ) ) ;
#3944 = ORIENTED_EDGE ( 'NONE', *, *, #5455, .T. ) ;
#3945 = CARTESIAN_POINT ( 'NONE',  ( 3.795153188507112141, 0.8964290159990536688, -0.8797343528051381201 ) ) ;
#3946 = EDGE_LOOP ( 'NONE', ( #3559, #2911, #2737, #3221 ) ) ;
#3947 = DIRECTION ( 'NONE',  ( -0.4802882638304235008, 0.0000000000000000000, -0.8771107020363836382 ) ) ;
#3948 = CARTESIAN_POINT ( 'NONE',  ( 3.172988682159515239, 0.9064290159990535667, -3.594098210845694918 ) ) ;
#3949 = CARTESIAN_POINT ( 'NONE',  ( 2.645233316712240157, 0.8964290159990536688, -0.9665507590551382089 ) ) ;
#3950 = VERTEX_POINT ( 'NONE', #5344 ) ;
#3951 = CARTESIAN_POINT ( 'NONE',  ( 3.234472431830427652, 0.8964290159990534468, -3.476165579217720847 ) ) ;
#3952 = CARTESIAN_POINT ( 'NONE',  ( 3.196068823076759546, 0.9064290159990536777, -3.402922117411486980 ) ) ;
#3953 = VERTEX_POINT ( 'NONE', #3859 ) ;
#3954 = CARTESIAN_POINT ( 'NONE',  ( 1.766447759821214714, 0.9064290159990536777, -1.827994025134671574 ) ) ;
#3955 = ADVANCED_FACE ( 'NONE', ( #5959 ), #1709, .T. ) ;
#3956 = LINE ( 'NONE', #182, #2516 ) ;
#3957 = CARTESIAN_POINT ( 'NONE',  ( 3.480115801829996691, 0.8964290159990537799, -4.328232075881475183 ) ) ;
#3958 = CARTESIAN_POINT ( 'NONE',  ( 1.710372205601129458, 0.8964290159990536688, -1.827994025134671574 ) ) ;
#3959 = DIRECTION ( 'NONE',  ( 0.4804152582365225910, 0.0000000000000000000, -0.8770411504904062072 ) ) ;
#3960 = EDGE_LOOP ( 'NONE', ( #3440, #3144, #2937, #5189 ) ) ;
#3961 = ORIENTED_EDGE ( 'NONE', *, *, #4538, .T. ) ;
#3962 = ADVANCED_FACE ( 'NONE', ( #4164 ), #2299, .T. ) ;
#3963 = CARTESIAN_POINT ( 'NONE',  ( 0.3559328502797491911, -0.01000000000000000021, -2.179309389599567659 ) ) ;
#3964 = CARTESIAN_POINT ( 'NONE',  ( 5.000000000000000000, 0.0000000000000000000, 0.0000000000000000000 ) ) ;
#3965 = CARTESIAN_POINT ( 'NONE',  ( 3.586601270412009601, 0.9064290159990535667, -3.925077535867397049 ) ) ;
#3966 = VECTOR ( 'NONE', #3927, 1000.000000000000000 ) ;
#3967 = DIRECTION ( 'NONE',  ( -0.0000000000000000000, -1.000000000000000000, -0.0000000000000000000 ) ) ;
#3968 = VERTEX_POINT ( 'NONE', #5624 ) ;
#3969 = LINE ( 'NONE', #5860, #3784 ) ;
#3970 = VERTEX_POINT ( 'NONE', #3167 ) ;
#3971 = EDGE_CURVE ( 'NONE', #1614, #2703, #2788, .T. ) ;
#3972 = EDGE_CURVE ( 'NONE', #610, #5852, #2328, .T. ) ;
#3973 = ORIENTED_EDGE ( 'NONE', *, *, #4628, .F. ) ;
#3974 = DIRECTION ( 'NONE',  ( -0.0000000000000000000, -1.000000000000000000, -0.0000000000000000000 ) ) ;
#3975 = EDGE_LOOP ( 'NONE', ( #5367, #3000, #3054, #837 ) ) ;
#3976 = CARTESIAN_POINT ( 'NONE',  ( 2.949164940643863808, 0.9064290159990536777, -2.149924947944500619 ) ) ;
#3977 = MECHANICAL_DESIGN_GEOMETRIC_PRESENTATION_REPRESENTATION (  '', ( #795 ), #2389 ) ;
#3978 = VERTEX_POINT ( 'NONE', #1238 ) ;
#3979 = CARTESIAN_POINT ( 'NONE',  ( 2.425425624404548230, 0.9064290159990536777, -2.357160691801337915 ) ) ;
#3980 = CARTESIAN_POINT ( 'NONE',  ( 0.6702943609139221381, 0.8964290159990537799, -0.9356850869151420724 ) ) ;
#3981 = DIRECTION ( 'NONE',  ( -0.0000000000000000000, 1.000000000000000000, -0.0000000000000000000 ) ) ;
#3982 = ORIENTED_EDGE ( 'NONE', *, *, #754, .T. ) ;
#3983 = EDGE_CURVE ( 'NONE', #1070, #5186, #890, .T. ) ;
#3984 = CARTESIAN_POINT ( 'NONE',  ( 2.431531393635317340, 0.8964290159990536688, -1.354627515198300491 ) ) ;
#3985 = ORIENTED_EDGE ( 'NONE', *, *, #1907, .T. ) ;
#3986 = DIRECTION ( 'NONE',  ( -1.000000000000000000, 0.0000000000000000000, -1.421904488505579901E-16 ) ) ;
#3987 = DIRECTION ( 'NONE',  ( -0.0000000000000000000, -1.000000000000000000, -0.0000000000000000000 ) ) ;
#3988 = VECTOR ( 'NONE', #2425, 1000.000000000000000 ) ;
#3989 = CARTESIAN_POINT ( 'NONE',  ( 0.5673854019246077351, 0.9064290159990537887, -0.8980096207073271497 ) ) ;
#3990 = ADVANCED_FACE ( 'NONE', ( #831 ), #3135, .T. ) ;
#3991 = CARTESIAN_POINT ( 'NONE',  ( 3.147957224674464705, 0.9064290159990536777, -3.043473829274840448 ) ) ;
#3992 = CARTESIAN_POINT ( 'NONE',  ( 3.245780765029032455, 0.8964290159990528917, -3.049987953797218765 ) ) ;
#3993 = AXIS2_PLACEMENT_3D ( 'NONE', #5961, #1335, #362 ) ;
#3994 = CARTESIAN_POINT ( 'NONE',  ( 3.465444714824189365, 0.8964290159990536688, -3.777439254806755020 ) ) ;
#3995 = ORIENTED_EDGE ( 'NONE', *, *, #115, .T. ) ;
#3996 = ORIENTED_EDGE ( 'NONE', *, *, #3771, .T. ) ;
#3997 = EDGE_LOOP ( 'NONE', ( #2121, #3446, #769, #5903 ) ) ;
#3998 = CARTESIAN_POINT ( 'NONE',  ( 3.209092719060600452, 0.8964290159990535578, -4.068034394944716858 ) ) ;
#3999 = CARTESIAN_POINT ( 'NONE',  ( 1.709015367994291656, 0.9064290159990536777, -1.827994025134671574 ) ) ;
#4000 = CARTESIAN_POINT ( 'NONE',  ( 1.836462051309610821, 0.8964290159990536688, -3.364295194523066801 ) ) ;
#4001 = ORIENTED_EDGE ( 'NONE', *, *, #5037, .T. ) ;
#4002 = CARTESIAN_POINT ( 'NONE',  ( 0.7850464412155366833, 0.8964290159990537799, -0.7527806176124559601 ) ) ;
#4003 = UNCERTAINTY_MEASURE_WITH_UNIT (LENGTH_MEASURE( 1.000000000000000082E-05 ), #4097, 'distance_accuracy_value', 'NONE');
#4004 = ORIENTED_EDGE ( 'NONE', *, *, #3027, .F. ) ;
#4005 = DIRECTION ( 'NONE',  ( -0.4802758347947843065, 0.0000000000000000000, -0.8771175078130484248 ) ) ;
#4006 = ORIENTED_EDGE ( 'NONE', *, *, #3658, .F. ) ;
#4007 = LINE ( 'NONE', #5898, #2887 ) ;
#4008 = ORIENTED_EDGE ( 'NONE', *, *, #3435, .T. ) ;
#4009 = CARTESIAN_POINT ( 'NONE',  ( 1.366413872267795870, 0.9064290159990536777, -1.354627515198300491 ) ) ;
#4010 = CARTESIAN_POINT ( 'NONE',  ( 3.213386637845167648, 0.8964290159990537799, -3.560536775810127175 ) ) ;
#4011 = CARTESIAN_POINT ( 'NONE',  ( 2.645233316712240157, 0.9064290159990536777, -0.9665507590551382089 ) ) ;
#4012 = ORIENTED_EDGE ( 'NONE', *, *, #2749, .T. ) ;
#4013 = AXIS2_PLACEMENT_3D ( 'NONE', #4966, #4999, #3061 ) ;
#4014 = EDGE_CURVE ( 'NONE', #1710, #2384, #6107, .T. ) ;
#4015 = FACE_BOUND ( 'NONE', #3946, .T. ) ;
#4016 = ORIENTED_EDGE ( 'NONE', *, *, #5722, .F. ) ;
#4017 = LINE ( 'NONE', #5414, #5579 ) ;
#4018 = AXIS2_PLACEMENT_3D ( 'NONE', #877, #1350, #2748 ) ;
#4019 = FACE_OUTER_BOUND ( 'NONE', #1683, .T. ) ;
#4020 = CARTESIAN_POINT ( 'NONE',  ( 0.5876856367598308761, 0.9064290159990536777, -0.9147876630481820426 ) ) ;
#4021 = VECTOR ( 'NONE', #5778, 1000.000000000000000 ) ;
#4022 = DIRECTION ( 'NONE',  ( 1.000000000000000000, 0.0000000000000000000, 0.0000000000000000000 ) ) ;
#4023 = CARTESIAN_POINT ( 'NONE',  ( 3.197501362675326142, 0.9064290159990536777, -3.044464038021732932 ) ) ;
#4024 = FACE_OUTER_BOUND ( 'NONE', #5962, .T. ) ;
#4025 = VECTOR ( 'NONE', #291, 1000.000000000000000 ) ;
#4026 = EDGE_CURVE ( 'NONE', #1840, #1330, #4196, .T. ) ;
#4027 = EDGE_LOOP ( 'NONE', ( #2664, #3034, #319, #5413, #5681, #5347 ) ) ;
#4028 = LINE ( 'NONE', #5056, #3912 ) ;
#4029 = ADVANCED_FACE ( 'NONE', ( #1837 ), #4567, .T. ) ;
#4030 = ORIENTED_EDGE ( 'NONE', *, *, #1118, .F. ) ;
#4031 = SURFACE_SIDE_STYLE ('',( #1198 ) ) ;
#4032 = CARTESIAN_POINT ( 'NONE',  ( 2.474716990590445587, 0.9064290159990536777, -1.827994025134671574 ) ) ;
#4033 = CARTESIAN_POINT ( 'NONE',  ( 3.499099056254916018, 0.9064290159990536777, -3.804821903176682785 ) ) ;
#4034 = SURFACE_STYLE_FILL_AREA ( #228 ) ;
#4035 = ADVANCED_FACE ( 'NONE', ( #3696 ), #4100, .T. ) ;
#4036 = ORIENTED_EDGE ( 'NONE', *, *, #4896, .F. ) ;
#4037 = LINE ( 'NONE', #4502, #1596 ) ;
#4038 = VERTEX_POINT ( 'NONE', #2271 ) ;
#4039 = DIRECTION ( 'NONE',  ( 0.0000000000000000000, 0.0000000000000000000, 1.000000000000000000 ) ) ;
#4040 = ORIENTED_EDGE ( 'NONE', *, *, #3366, .F. ) ;
#4041 = ORIENTED_EDGE ( 'NONE', *, *, #3220, .T. ) ;
#4042 = DIRECTION ( 'NONE',  ( -0.0000000000000000000, -1.000000000000000000, -0.0000000000000000000 ) ) ;
#4043 = CARTESIAN_POINT ( 'NONE',  ( 3.199057969434755400, 0.9064290159990534557, -3.575571747597179773 ) ) ;
#4044 = DIRECTION ( 'NONE',  ( -0.4804543040264409592, 0.0000000000000000000, -0.8770197613181063279 ) ) ;
#4045 = VERTEX_POINT ( 'NONE', #5988 ) ;
#4046 = PLANE ( 'NONE',  #161 ) ;
#4047 = ORIENTED_EDGE ( 'NONE', *, *, #2244, .T. ) ;
#4048 = DIRECTION ( 'NONE',  ( -0.0000000000000000000, -1.000000000000000000, -0.0000000000000000000 ) ) ;
#4049 = CARTESIAN_POINT ( 'NONE',  ( 0.6614583333333333703, 0.8964290159990536688, -0.6716346153846154410 ) ) ;
#4050 = CARTESIAN_POINT ( 'NONE',  ( 2.977255719222924313, 0.9064290159990536777, -2.098725528873987667 ) ) ;
#4051 = LINE ( 'NONE', #3050, #2832 ) ;
#4052 = PLANE ( 'NONE',  #5456 ) ;
#4053 = CARTESIAN_POINT ( 'NONE',  ( 3.419506551034885433, 0.9064290159990538998, -3.107282886028454705 ) ) ;
#4054 = CARTESIAN_POINT ( 'NONE',  ( 0.0000000000000000000, 0.9064290159990536777, 0.0000000000000000000 ) ) ;
#4055 = ORIENTED_EDGE ( 'NONE', *, *, #6064, .F. ) ;
#4056 = EDGE_CURVE ( 'NONE', #4569, #2785, #3668, .T. ) ;
#4057 = CARTESIAN_POINT ( 'NONE',  ( 2.056365795344718972, 0.9064290159990536777, -2.357160691801337915 ) ) ;
#4058 = VERTEX_POINT ( 'NONE', #5530 ) ;
#4059 = EDGE_CURVE ( 'NONE', #4566, #2574, #3255, .T. ) ;
#4060 = CARTESIAN_POINT ( 'NONE',  ( 3.544138231242154990, 0.9064290159990536777, -1.354627515198300491 ) ) ;
#4061 = DIRECTION ( 'NONE',  ( 1.000000000000000000, 0.0000000000000000000, 0.0000000000000000000 ) ) ;
#4062 = PLANE ( 'NONE',  #5294 ) ;
#4063 = EDGE_CURVE ( 'NONE', #4177, #2910, #4600, .T. ) ;
#4064 = DIRECTION ( 'NONE',  ( 0.0000000000000000000, 0.0000000000000000000, 1.000000000000000000 ) ) ;
#4065 = ORIENTED_EDGE ( 'NONE', *, *, #1071, .F. ) ;
#4066 = VECTOR ( 'NONE', #4531, 1000.000000000000114 ) ;
#4067 = ORIENTED_EDGE ( 'NONE', *, *, #366, .F. ) ;
#4068 = DIRECTION ( 'NONE',  ( 0.8770197613181063279, 0.0000000000000000000, -0.4804543040264409592 ) ) ;
#4069 = ORIENTED_EDGE ( 'NONE', *, *, #2494, .F. ) ;
#4070 = CARTESIAN_POINT ( 'NONE',  ( 4.755932850279749324, -0.01000000000000000021, -4.729309389599568370 ) ) ;
#4071 = VERTEX_POINT ( 'NONE', #4138 ) ;
#4072 = PLANE ( 'NONE',  #4526 ) ;
#4073 = CARTESIAN_POINT ( 'NONE',  ( 3.179940522921949508, 0.8964290159990540019, -3.392947531110795278 ) ) ;
#4074 = VECTOR ( 'NONE', #1411, 1000.000000000000000 ) ;
#4075 = PLANE ( 'NONE',  #5014 ) ;
#4076 = VERTEX_POINT ( 'NONE', #5561 ) ;
#4077 = VECTOR ( 'NONE', #5663, 1000.000000000000000 ) ;
#4078 = DIRECTION ( 'NONE',  ( 0.4804543040264424580, 0.0000000000000000000, -0.8770197613181054397 ) ) ;
#4079 = VERTEX_POINT ( 'NONE', #6022 ) ;
#4080 = CARTESIAN_POINT ( 'NONE',  ( 0.7555727614320051355, 0.9064290159990536777, -0.8980407101499536804 ) ) ;
#4081 = FACE_OUTER_BOUND ( 'NONE', #3098, .T. ) ;
#4082 = VECTOR ( 'NONE', #5770, 1000.000000000000000 ) ;
#4083 = DIRECTION ( 'NONE',  ( 0.3688942629807143714, 0.0000000000000000000, -0.9294713673588420599 ) ) ;
#4084 = EDGE_CURVE ( 'NONE', #4964, #5571, #3196, .T. ) ;
#4085 = CARTESIAN_POINT ( 'NONE',  ( 2.835635794009248478, 0.8964290159990536688, -2.357160691801337915 ) ) ;
#4086 = PLANE ( 'NONE',  #2089 ) ;
#4087 = SURFACE_STYLE_FILL_AREA ( #5114 ) ;
#4088 = VERTEX_POINT ( 'NONE', #1331 ) ;
#4089 = COLOUR_RGB ( '',1.000000000000000000, 1.000000000000000000, 1.000000000000000000 ) ;
#4090 = CARTESIAN_POINT ( 'NONE',  ( 0.7723197143302331646, 0.9064290159990533446, -0.7301535854777794210 ) ) ;
#4091 = EDGE_CURVE ( 'NONE', #4748, #5487, #3225, .T. ) ;
#4092 = ORIENTED_EDGE ( 'NONE', *, *, #2786, .F. ) ;
#4093 = VECTOR ( 'NONE', #5480, 1000.000000000000000 ) ;
#4094 = DIRECTION ( 'NONE',  ( 0.0000000000000000000, 0.0000000000000000000, -1.000000000000000000 ) ) ;
#4095 = DIRECTION ( 'NONE',  ( -0.4802882638304235008, 0.0000000000000000000, 0.8771107020363836382 ) ) ;
#4096 = CARTESIAN_POINT ( 'NONE',  ( 3.589430883331271360, 0.9064290159990536777, -3.611765353833101155 ) ) ;
#4097 =( LENGTH_UNIT ( ) NAMED_UNIT ( * ) SI_UNIT ( .MILLI., .METRE. ) );
#4098 = ORIENTED_EDGE ( 'NONE', *, *, #5984, .F. ) ;
#4099 = EDGE_LOOP ( 'NONE', ( #5861, #4351, #3533, #3166 ) ) ;
#4100 = PLANE ( 'NONE',  #930 ) ;
#4101 = ORIENTED_EDGE ( 'NONE', *, *, #1394, .T. ) ;
#4102 = DIRECTION ( 'NONE',  ( -0.0000000000000000000, -1.000000000000000000, -0.0000000000000000000 ) ) ;
#4103 = VERTEX_POINT ( 'NONE', #917 ) ;
#4104 = CARTESIAN_POINT ( 'NONE',  ( 3.030982218474762568, 0.9064290159990537887, -3.880852395572308211 ) ) ;
#4105 = CARTESIAN_POINT ( 'NONE',  ( 3.196068823076759546, 0.8964290159990536688, -3.402922117411486980 ) ) ;
#4106 = LINE ( 'NONE', #3644, #4219 ) ;
#4107 = ORIENTED_EDGE ( 'NONE', *, *, #134, .T. ) ;
#4108 = EDGE_CURVE ( 'NONE', #2390, #2022, #5766, .T. ) ;
#4109 = DIRECTION ( 'NONE',  ( -0.2603341375417481118, 0.0000000000000000000, 0.9655185844044609222 ) ) ;
#4110 = ORIENTED_EDGE ( 'NONE', *, *, #284, .F. ) ;
#4111 = SURFACE_STYLE_FILL_AREA ( #2676 ) ;
#4112 = EDGE_CURVE ( 'NONE', #3470, #371, #4835, .T. ) ;
#4113 = ORIENTED_EDGE ( 'NONE', *, *, #3281, .T. ) ;
#4114 = DIRECTION ( 'NONE',  ( -0.0000000000000000000, 0.0000000000000000000, 1.000000000000000000 ) ) ;
#4115 = VECTOR ( 'NONE', #5446, 1000.000000000000000 ) ;
#4116 = FILL_AREA_STYLE ('',( #4646 ) ) ;
#4117 = EDGE_CURVE ( 'NONE', #4748, #2623, #4343, .T. ) ;
#4118 = VECTOR ( 'NONE', #5392, 1000.000000000000114 ) ;
#4119 = DIRECTION ( 'NONE',  ( -0.2473315137773177130, 0.0000000000000000000, 0.9689309171930785558 ) ) ;
#4120 = VECTOR ( 'NONE', #1909, 1000.000000000000114 ) ;
#4121 = CARTESIAN_POINT ( 'NONE',  ( 4.155932850279748791, 0.0000000000000000000, -0.3293093895995677367 ) ) ;
#4122 = STYLED_ITEM ( 'NONE', ( #4374 ), #4162 ) ;
#4123 = CARTESIAN_POINT ( 'NONE',  ( 3.062694087278479582, 0.8964290159990536688, -2.357160691801337915 ) ) ;
#4124 = VERTEX_POINT ( 'NONE', #4282 ) ;
#4125 = VECTOR ( 'NONE', #272, 1000.000000000000000 ) ;
#4126 = CARTESIAN_POINT ( 'NONE',  ( 3.176479269182681975, 0.8964290159990535578, -4.106181755674643163 ) ) ;
#4127 = ORIENTED_EDGE ( 'NONE', *, *, #3658, .T. ) ;
#4128 = AXIS2_PLACEMENT_3D ( 'NONE', #5233, #6126, #3780 ) ;
#4129 = DIRECTION ( 'NONE',  ( 0.5217877936512443915, 0.0000000000000000000, 0.8530753181264630891 ) ) ;
#4130 = CARTESIAN_POINT ( 'NONE',  ( 2.623121103838308432, 0.9064290159990536777, -2.098725528873987667 ) ) ;
#4131 = VECTOR ( 'NONE', #5900, 1000.000000000000000 ) ;
#4132 = CARTESIAN_POINT ( 'NONE',  ( 3.225513674943782050, 0.9064290159990535667, -3.540414994324168063 ) ) ;
#4133 = LINE ( 'NONE', #2268, #2537 ) ;
#4134 = ORIENTED_EDGE ( 'NONE', *, *, #2467, .F. ) ;
#4135 = VECTOR ( 'NONE', #2653, 1000.000000000000114 ) ;
#4136 = VECTOR ( 'NONE', #780, 1000.000000000000000 ) ;
#4137 = EDGE_LOOP ( 'NONE', ( #3599, #1455, #5495, #2562 ) ) ;
#4138 = CARTESIAN_POINT ( 'NONE',  ( 3.405932850279749236, 0.0000000000000000000, -2.879309389599567837 ) ) ;
#4139 = EDGE_LOOP ( 'NONE', ( #3442, #6142, #4047, #5369 ) ) ;
#4140 = DIRECTION ( 'NONE',  ( -1.000000000000000000, 0.0000000000000000000, 0.0000000000000000000 ) ) ;
#4141 = VECTOR ( 'NONE', #976, 1000.000000000000000 ) ;
#4142 = ORIENTED_EDGE ( 'NONE', *, *, #5133, .F. ) ;
#4143 = DIRECTION ( 'NONE',  ( 0.4802758347947843065, 0.0000000000000000000, 0.8771175078130485359 ) ) ;
#4144 = CARTESIAN_POINT ( 'NONE',  ( 3.042173630310643251, 0.8964290159990536688, -3.364601246962120040 ) ) ;
#4145 = ORIENTED_EDGE ( 'NONE', *, *, #5796, .F. ) ;
#4146 = ORIENTED_EDGE ( 'NONE', *, *, #4345, .T. ) ;
#4147 = DIRECTION ( 'NONE',  ( -0.0000000000000000000, -1.000000000000000000, -0.0000000000000000000 ) ) ;
#4148 = VERTEX_POINT ( 'NONE', #2471 ) ;
#4149 = DIRECTION ( 'NONE',  ( 0.4804543040264410148, 0.0000000000000000000, 0.8770197613181063279 ) ) ;
#4150 = CARTESIAN_POINT ( 'NONE',  ( 3.229797019845197514, 0.8964290159990535578, -4.441710152727106120 ) ) ;
#4151 = DIRECTION ( 'NONE',  ( -0.0000000000000000000, 0.0000000000000000000, -1.000000000000000000 ) ) ;
#4152 = CARTESIAN_POINT ( 'NONE',  ( 3.455943786797710082, 0.9064290159990536777, -0.8797343528051381201 ) ) ;
#4153 = EDGE_CURVE ( 'NONE', #2385, #2656, #70, .T. ) ;
#4154 = LINE ( 'NONE', #1796, #2724 ) ;
#4155 = LINE ( 'NONE', #6038, #621 ) ;
#4156 = DIRECTION ( 'NONE',  ( -0.3688942629807143159, 0.0000000000000000000, 0.9294713673588420599 ) ) ;
#4157 = LINE ( 'NONE', #2233, #578 ) ;
#4158 = CARTESIAN_POINT ( 'NONE',  ( 2.120582375205830150, 0.8964290159990536688, -1.827994025134671574 ) ) ;
#4159 = CARTESIAN_POINT ( 'NONE',  ( 3.213386637845167648, 0.9064290159990537887, -3.560536775810127175 ) ) ;
#4160 = CARTESIAN_POINT ( 'NONE',  ( 3.543510409111423787, 0.8964290159990536688, -3.671300617748826323 ) ) ;
#4161 = ORIENTED_EDGE ( 'NONE', *, *, #5277, .T. ) ;
#4162 = ADVANCED_FACE ( 'NONE', ( #477 ), #1954, .F. ) ;
#4163 = ORIENTED_EDGE ( 'NONE', *, *, #5075, .T. ) ;
#4164 = FACE_OUTER_BOUND ( 'NONE', #230, .T. ) ;
#4165 = CARTESIAN_POINT ( 'NONE',  ( 0.0000000000000000000, 0.0000000000000000000, 0.0000000000000000000 ) ) ;
#4166 = ORIENTED_EDGE ( 'NONE', *, *, #109, .T. ) ;
#4167 = CARTESIAN_POINT ( 'NONE',  ( 2.120582375205830150, 0.9064290159990536777, -1.827994025134671574 ) ) ;
#4168 = CARTESIAN_POINT ( 'NONE',  ( 2.000290241124633273, 0.9064290159990536777, -2.357160691801337915 ) ) ;
#4169 = DIRECTION ( 'NONE',  ( 0.0000000000000000000, 0.0000000000000000000, -1.000000000000000000 ) ) ;
#4170 = ORIENTED_EDGE ( 'NONE', *, *, #3232, .T. ) ;
#4171 = EDGE_CURVE ( 'NONE', #20, #724, #5239, .T. ) ;
#4172 = EDGE_CURVE ( 'NONE', #4534, #5790, #5738, .T. ) ;
#4173 = EDGE_CURVE ( 'NONE', #5163, #3852, #1478, .T. ) ;
#4174 = CARTESIAN_POINT ( 'NONE',  ( 3.636817832092367642, 0.9064290159990537887, -3.413674382003449637 ) ) ;
#4175 = ORIENTED_EDGE ( 'NONE', *, *, #1396, .F. ) ;
#4176 = CARTESIAN_POINT ( 'NONE',  ( 0.6876163599789362202, 0.9064290159990535667, -0.9346404736468130192 ) ) ;
#4177 = VERTEX_POINT ( 'NONE', #3285 ) ;
#4178 = LINE ( 'NONE', #1254, #1854 ) ;
#4179 = VECTOR ( 'NONE', #5848, 1000.000000000000000 ) ;
#4180 = LINE ( 'NONE', #3619, #3311 ) ;
#4181 = EDGE_CURVE ( 'NONE', #4983, #1994, #5182, .T. ) ;
#4182 = DIRECTION ( 'NONE',  ( 0.0000000000000000000, 0.0000000000000000000, 1.000000000000000000 ) ) ;
#4183 = DIRECTION ( 'NONE',  ( -1.000000000000000000, 0.0000000000000000000, 0.0000000000000000000 ) ) ;
#4184 = LINE ( 'NONE', #6063, #4120 ) ;
#4185 = DIRECTION ( 'NONE',  ( -0.0000000000000000000, -1.000000000000000000, -0.0000000000000000000 ) ) ;
#4186 = LINE ( 'NONE', #6066, #5415 ) ;
#4187 = EDGE_CURVE ( 'NONE', #642, #49, #2901, .T. ) ;
#4188 = DIRECTION ( 'NONE',  ( 1.000000000000000000, 0.0000000000000000000, 0.0000000000000000000 ) ) ;
#4189 = CARTESIAN_POINT ( 'NONE',  ( 3.292259536605998349, 0.9064290159990536777, -4.425746155507911617 ) ) ;
#4190 = DIRECTION ( 'NONE',  ( 0.8771107020363836382, -0.0000000000000000000, 0.4802882638304235008 ) ) ;
#4191 = CARTESIAN_POINT ( 'NONE',  ( 3.605857662983384060, 0.8964290159990535578, -3.987107071578954720 ) ) ;
#4192 = ORIENTED_EDGE ( 'NONE', *, *, #3600, .T. ) ;
#4193 =( GEOMETRIC_REPRESENTATION_CONTEXT ( 3 ) GLOBAL_UNCERTAINTY_ASSIGNED_CONTEXT ( ( #1383 ) ) GLOBAL_UNIT_ASSIGNED_CONTEXT ( ( #2396, #1902, #5632 ) ) REPRESENTATION_CONTEXT ( 'NONE', 'WORKASPACE' ) );
#4194 = UNCERTAINTY_MEASURE_WITH_UNIT (LENGTH_MEASURE( 1.000000000000000082E-05 ), #4943, 'distance_accuracy_value', 'NONE');
#4195 = ORIENTED_EDGE ( 'NONE', *, *, #349, .F. ) ;
#4196 = LINE ( 'NONE', #5038, #5400 ) ;
#4197 = VERTEX_POINT ( 'NONE', #1984 ) ;
#4198 = DIRECTION ( 'NONE',  ( 1.000000000000000000, 0.0000000000000000000, 0.0000000000000000000 ) ) ;
#4199 = CARTESIAN_POINT ( 'NONE',  ( 3.143432447088579273, 0.8964290159990538909, -3.902625612776332353 ) ) ;
#4200 = CARTESIAN_POINT ( 'NONE',  ( 3.222450804311755235, 0.8964290159990535578, -3.437803220914381175 ) ) ;
#4201 = ORIENTED_EDGE ( 'NONE', *, *, #4807, .T. ) ;
#4202 = EDGE_CURVE ( 'NONE', #1475, #2358, #2360, .T. ) ;
#4203 = CARTESIAN_POINT ( 'NONE',  ( 3.164641706366693175, 0.8964290159990536688, -3.043807291928056102 ) ) ;
#4204 = ORIENTED_EDGE ( 'NONE', *, *, #5665, .T. ) ;
#4205 = ORIENTED_EDGE ( 'NONE', *, *, #1838, .F. ) ;
#4206 = LINE ( 'NONE', #5512, #1139 ) ;
#4207 = PRESENTATION_STYLE_ASSIGNMENT (( #781 ) ) ;
#4208 = PLANE ( 'NONE',  #351 ) ;
#4209 = EDGE_CURVE ( 'NONE', #3283, #691, #5678, .T. ) ;
#4210 = ADVANCED_BREP_SHAPE_REPRESENTATION ( 'TBU-DT', ( #3347, #3333 ), #4622 ) ;
#4211 =( NAMED_UNIT ( * ) SI_UNIT ( $, .STERADIAN. ) SOLID_ANGLE_UNIT ( ) );
#4212 = PLANE ( 'NONE',  #5110 ) ;
#4213 = LINE ( 'NONE', #5196, #6144 ) ;
#4214 = PLANE ( 'NONE',  #4424 ) ;
#4215 = VECTOR ( 'NONE', #6132, 1000.000000000000000 ) ;
#4216 = DIRECTION ( 'NONE',  ( -0.0000000000000000000, 1.000000000000000000, -0.0000000000000000000 ) ) ;
#4217 = CARTESIAN_POINT ( 'NONE',  ( 3.090228101875408306, 0.9064290159990536777, -4.460391631968316339 ) ) ;
#4218 = CARTESIAN_POINT ( 'NONE',  ( 3.637267508362408197, 0.9064290159990536777, -3.426356561741349172 ) ) ;
#4219 = VECTOR ( 'NONE', #2549, 1000.000000000000000 ) ;
#4220 = CARTESIAN_POINT ( 'NONE',  ( 3.519252221226962796, 0.9064290159990535667, -3.825274195334102956 ) ) ;
#4221 = ADVANCED_FACE ( 'NONE', ( #1037, #4744, #2387, #2995, #595, #3566, #3030, #3094, #97, #3903, #1168, #5462, #1606 ), #3502, .F. ) ;
#4222 = ORIENTED_EDGE ( 'NONE', *, *, #663, .F. ) ;
#4223 = VECTOR ( 'NONE', #2368, 1000.000000000000000 ) ;
#4224 = EDGE_LOOP ( 'NONE', ( #1785, #1342, #5788, #3633 ) ) ;
#4225 = CARTESIAN_POINT ( 'NONE',  ( 1.532626479105402728, 0.9064290159990536777, -2.047526109803475158 ) ) ;
#4226 = EDGE_CURVE ( 'NONE', #2969, #3480, #2961, .T. ) ;
#4227 = LINE ( 'NONE', #3378, #4475 ) ;
#4228 = AXIS2_PLACEMENT_3D ( 'NONE', #6060, #1317, #4268 ) ;
#4229 = CARTESIAN_POINT ( 'NONE',  ( 3.544138231242154990, 0.9064290159990536777, -0.8254608485316339284 ) ) ;
#4230 = VECTOR ( 'NONE', #5602, 1000.000000000000000 ) ;
#4231 = CARTESIAN_POINT ( 'NONE',  ( 3.062694087278479582, 0.9064290159990536777, -2.357160691801337915 ) ) ;
#4232 = VERTEX_POINT ( 'NONE', #194 ) ;
#4233 = MECHANICAL_DESIGN_GEOMETRIC_PRESENTATION_REPRESENTATION (  '', ( #3738 ), #3635 ) ;
#4234 = LINE ( 'NONE', #6113, #131 ) ;
#4235 = VECTOR ( 'NONE', #1684, 1000.000000000000000 ) ;
#4236 = ORIENTED_EDGE ( 'NONE', *, *, #5393, .T. ) ;
#4237 = DIRECTION ( 'NONE',  ( -0.0000000000000000000, -1.000000000000000000, -0.0000000000000000000 ) ) ;
#4238 = ORIENTED_EDGE ( 'NONE', *, *, #4056, .F. ) ;
#4239 = SURFACE_STYLE_FILL_AREA ( #4324 ) ;
#4240 = CARTESIAN_POINT ( 'NONE',  ( 3.610169360927382165, 0.8964290159990534468, -4.071012707593162361 ) ) ;
#4241 = B_SPLINE_CURVE_WITH_KNOTS ( 'NONE', 3,
 ( #3655, #5549, #3242, #1466, #3776, #5669, #4298, #1882, #464, #3836, #4245, #4272, #2890, #938, #2377 ),
 .UNSPECIFIED., .F., .F.,
 ( 4, 1, 1, 1, 1, 1, 1, 1, 1, 1, 1, 1, 4 ),
 ( 0.0000000000000000000, 0.09544797463091091172, 0.1904704100286987167, 0.2912066475677053679, 0.4010332319514465782, 0.4598047309624356260, 0.5224282124666591587, 0.5878657621470996242, 0.6584905049094711416, 0.7351598356816925195, 0.8164933573836661296, 0.9050563342499580166, 1.000000000000000000 ),
 .UNSPECIFIED. ) ;
#4242 = DIRECTION ( 'NONE',  ( -1.000000000000000000, 0.0000000000000000000, 0.0000000000000000000 ) ) ;
#4243 = CARTESIAN_POINT ( 'NONE',  ( 2.474716990590445587, 0.9064290159990536777, -1.827994025134671574 ) ) ;
#4244 = LINE ( 'NONE', #1436, #524 ) ;
#4245 = CARTESIAN_POINT ( 'NONE',  ( 3.126609258758224819, 0.8964290159990537799, -3.609456288509241606 ) ) ;
#4246 = CARTESIAN_POINT ( 'NONE',  ( 0.3559328502797494131, 0.0000000000000000000, -2.879309389599568281 ) ) ;
#4247 = EDGE_CURVE ( 'NONE', #6140, #1475, #3436, .T. ) ;
#4248 = DIRECTION ( 'NONE',  ( 1.000000000000000000, 0.0000000000000000000, 0.0000000000000000000 ) ) ;
#4249 = DIRECTION ( 'NONE',  ( -1.000000000000000000, 0.0000000000000000000, 0.0000000000000000000 ) ) ;
#4250 = EDGE_CURVE ( 'NONE', #2501, #3562, #2565, .T. ) ;
#4251 = CARTESIAN_POINT ( 'NONE',  ( 4.755932850279748436, 0.0000000000000000000, -2.179309389599567659 ) ) ;
#4252 = CARTESIAN_POINT ( 'NONE',  ( 1.412313144436599277, 0.8964290159990536688, -1.827994025134671574 ) ) ;
#4253 = ORIENTED_EDGE ( 'NONE', *, *, #3787, .F. ) ;
#4254 = EDGE_CURVE ( 'NONE', #6129, #5280, #667, .T. ) ;
#4255 = EDGE_LOOP ( 'NONE', ( #5934, #2515, #3071, #5842, #1987 ) ) ;
#4256 = EDGE_CURVE ( 'NONE', #3913, #6073, #4402, .T. ) ;
#4257 = CARTESIAN_POINT ( 'NONE',  ( 1.886761094490018165, 0.9064290159990536777, -2.047526109803475158 ) ) ;
#4258 = DIRECTION ( 'NONE',  ( -0.0000000000000000000, -1.000000000000000000, -0.0000000000000000000 ) ) ;
#4259 = SURFACE_SIDE_STYLE ('',( #451 ) ) ;
#4260 = EDGE_LOOP ( 'NONE', ( #765, #1848, #1673, #1428 ) ) ;
#4261 = DIRECTION ( 'NONE',  ( 0.4802758347947843065, 0.0000000000000000000, 0.8771175078130485359 ) ) ;
#4262 = EDGE_LOOP ( 'NONE', ( #3545, #4113, #2084, #3386, #4976, #2323, #2334, #2677, #734 ) ) ;
#4263 = CARTESIAN_POINT ( 'NONE',  ( 0.5296397098330489772, 0.8964290159990535578, -0.7950694847546795341 ) ) ;
#4264 = EDGE_LOOP ( 'NONE', ( #1788, #5831, #3313, #915 ) ) ;
#4265 = CARTESIAN_POINT ( 'NONE',  ( 0.0000000000000000000, 0.9064290159990536777, 0.0000000000000000000 ) ) ;
#4266 = ORIENTED_EDGE ( 'NONE', *, *, #2053, .F. ) ;
#4267 = CARTESIAN_POINT ( 'NONE',  ( 1.412313144436599277, 0.9064290159990536777, -1.827994025134671574 ) ) ;
#4268 = DIRECTION ( 'NONE',  ( -1.000000000000000000, 0.0000000000000000000, -0.0000000000000000000 ) ) ;
#4269 = CARTESIAN_POINT ( 'NONE',  ( 1.766447759821214714, 0.8964290159990536688, -1.827994025134671574 ) ) ;
#4270 = CARTESIAN_POINT ( 'NONE',  ( 2.041880047763511286, 0.8964290159990536688, -4.140831640543555459 ) ) ;
#4271 = AXIS2_PLACEMENT_3D ( 'NONE', #281, #5084, #4521 ) ;
#4272 = CARTESIAN_POINT ( 'NONE',  ( 3.107939394359457097, 0.8964290159990536688, -3.612285573067290922 ) ) ;
#4273 = FACE_OUTER_BOUND ( 'NONE', #46, .T. ) ;
#4274 = AXIS2_PLACEMENT_3D ( 'NONE', #3684, #5085, #1291 ) ;
#4275 = SURFACE_SIDE_STYLE ('',( #2379 ) ) ;
#4276 = FACE_OUTER_BOUND ( 'NONE', #4746, .T. ) ;
#4277 = CARTESIAN_POINT ( 'NONE',  ( 3.510467106377979984, 0.9064290159990534557, -3.705167039981508204 ) ) ;
#4278 = AXIS2_PLACEMENT_3D ( 'NONE', #1138, #1171, #5365 ) ;
#4279 = EDGE_LOOP ( 'NONE', ( #3666, #1286, #3982, #6055 ) ) ;
#4280 = ORIENTED_EDGE ( 'NONE', *, *, #5665, .F. ) ;
#4281 = ORIENTED_EDGE ( 'NONE', *, *, #6089, .T. ) ;
#4282 = CARTESIAN_POINT ( 'NONE',  ( 3.204928829532752932, 0.9064290159990536777, -1.354627515198300491 ) ) ;
#4283 = LINE ( 'NONE', #3819, #1595 ) ;
#4284 = VECTOR ( 'NONE', #1427, 1000.000000000000000 ) ;
#4285 = ORIENTED_EDGE ( 'NONE', *, *, #932, .T. ) ;
#4286 = DIRECTION ( 'NONE',  ( 1.000000000000000000, 0.0000000000000000000, 0.0000000000000000000 ) ) ;
#4287 = ORIENTED_EDGE ( 'NONE', *, *, #1883, .F. ) ;
#4288 = PRESENTATION_LAYER_ASSIGNMENT (  '', '', ( #5377 ) ) ;
#4289 = LINE ( 'NONE', #3356, #4223 ) ;
#4290 = ORIENTED_EDGE ( 'NONE', *, *, #639, .T. ) ;
#4291 = DIRECTION ( 'NONE',  ( 0.0000000000000000000, -0.0000000000000000000, -1.000000000000000000 ) ) ;
#4292 = VERTEX_POINT ( 'NONE', #3999 ) ;
#4293 = DIRECTION ( 'NONE',  ( -1.000000000000000000, 0.0000000000000000000, 0.0000000000000000000 ) ) ;
#4294 = FACE_OUTER_BOUND ( 'NONE', #3768, .T. ) ;
#4295 = EDGE_CURVE ( 'NONE', #3541, #683, #4436, .T. ) ;
#4296 = CARTESIAN_POINT ( 'NONE',  ( 3.234894429166190744, 0.8964290159990536688, -3.497393746532523551 ) ) ;
#4297 = CARTESIAN_POINT ( 'NONE',  ( 1.954942184233607883, 0.9064290159990536777, -0.8254608485316339284 ) ) ;
#4298 = CARTESIAN_POINT ( 'NONE',  ( 3.185373349396967591, 0.8964290159990537799, -3.586856304024492736 ) ) ;
#4299 = EDGE_CURVE ( 'NONE', #4778, #1614, #2596, .T. ) ;
#4300 = CARTESIAN_POINT ( 'NONE',  ( 0.7555416719893786048, 0.9064290159990536777, -0.7098533506425565021 ) ) ;
#4301 = EDGE_CURVE ( 'NONE', #1805, #4045, #3117, .T. ) ;
#4302 = PLANE ( 'NONE',  #482 ) ;
#4303 = SURFACE_STYLE_USAGE ( .BOTH. , #1057 ) ;
#4304 = CARTESIAN_POINT ( 'NONE',  ( 3.589430883331271360, 0.9064290159990536777, -3.611765353833101155 ) ) ;
#4305 = ORIENTED_EDGE ( 'NONE', *, *, #1965, .F. ) ;
#4306 = CARTESIAN_POINT ( 'NONE',  ( 3.510603012138348245, 0.8964290159990537799, -3.817080404823987028 ) ) ;
#4307 = AXIS2_PLACEMENT_3D ( 'NONE', #3342, #498, #1946 ) ;
#4308 = ORIENTED_EDGE ( 'NONE', *, *, #2991, .F. ) ;
#4309 = DIRECTION ( 'NONE',  ( -0.4802758347947836404, 0.0000000000000000000, -0.8771175078130487579 ) ) ;
#4310 = CARTESIAN_POINT ( 'NONE',  ( 3.405932850279748791, -0.01000000000000000021, -4.729309389599568370 ) ) ;
#4311 = VECTOR ( 'NONE', #2836, 1000.000000000000000 ) ;
#4312 = VECTOR ( 'NONE', #150, 1000.000000000000114 ) ;
#4313 = PLANE ( 'NONE',  #5664 ) ;
#4314 = VERTEX_POINT ( 'NONE', #3937 ) ;
#4315 = LINE ( 'NONE', #2364, #5668 ) ;
#4316 = VERTEX_POINT ( 'NONE', #5826 ) ;
#4317 = AXIS2_PLACEMENT_3D ( 'NONE', #4354, #1522, #80 ) ;
#4318 = VECTOR ( 'NONE', #5386, 1000.000000000000000 ) ;
#4319 = CARTESIAN_POINT ( 'NONE',  ( 3.405932850279748791, -0.01000000000000000021, -0.3293093895995677367 ) ) ;
#4320 = EDGE_LOOP ( 'NONE', ( #5520, #4838, #3608, #1338 ) ) ;
#4321 = AXIS2_PLACEMENT_3D ( 'NONE', #3006, #4977, #570 ) ;
#4322 = DIRECTION ( 'NONE',  ( -0.0000000000000000000, -1.000000000000000000, -0.0000000000000000000 ) ) ;
#4323 = ORIENTED_EDGE ( 'NONE', *, *, #3222, .T. ) ;
#4324 = FILL_AREA_STYLE ('',( #1016 ) ) ;
#4325 = FACE_OUTER_BOUND ( 'NONE', #4139, .T. ) ;
#4326 = EDGE_CURVE ( 'NONE', #691, #4799, #5362, .T. ) ;
#4327 = CARTESIAN_POINT ( 'NONE',  ( 2.063149983378907315, 0.8964290159990536688, -1.827994025134671574 ) ) ;
#4328 = EDGE_CURVE ( 'NONE', #5063, #1144, #2536, .T. ) ;
#4329 = FACE_OUTER_BOUND ( 'NONE', #4346, .T. ) ;
#4330 = VECTOR ( 'NONE', #588, 1000.000000000000000 ) ;
#4331 = LINE ( 'NONE', #2000, #5231 ) ;
#4332 = DIRECTION ( 'NONE',  ( -0.0000000000000000000, -1.000000000000000000, -0.0000000000000000000 ) ) ;
#4333 = LINE ( 'NONE', #4361, #4135 ) ;
#4334 = EDGE_CURVE ( 'NONE', #2656, #3968, #4532, .T. ) ;
#4335 = FACE_OUTER_BOUND ( 'NONE', #1656, .T. ) ;
#4336 = DIRECTION ( 'NONE',  ( -0.4802758347947843065, 0.0000000000000000000, -0.8771175078130484248 ) ) ;
#4337 = CARTESIAN_POINT ( 'NONE',  ( 2.492589085943009763, 0.9064290159990536777, -1.354627515198300491 ) ) ;
#4338 = ORIENTED_EDGE ( 'NONE', *, *, #5252, .F. ) ;
#4339 =( LENGTH_UNIT ( ) NAMED_UNIT ( * ) SI_UNIT ( .MILLI., .METRE. ) );
#4340 = EDGE_LOOP ( 'NONE', ( #4370, #4767, #5050, #1151, #1402, #5327 ) ) ;
#4341 = FACE_OUTER_BOUND ( 'NONE', #900, .T. ) ;
#4342 = PLANE ( 'NONE',  #1951 ) ;
#4343 = LINE ( 'NONE', #3377, #627 ) ;
#4344 = CARTESIAN_POINT ( 'NONE',  ( 2.122850838079761715, 0.9064290159990536777, -1.230180065946163914 ) ) ;
#4345 = EDGE_CURVE ( 'NONE', #3624, #5280, #3597, .T. ) ;
#4346 = EDGE_LOOP ( 'NONE', ( #889, #1384, #558, #4041 ) ) ;
#4347 = LINE ( 'NONE', #2936, #299 ) ;
#4348 = EDGE_LOOP ( 'NONE', ( #1106, #5029, #3659, #1003 ) ) ;
#4349 = DIRECTION ( 'NONE',  ( 1.000000000000000000, 0.0000000000000000000, -0.0000000000000000000 ) ) ;
#4350 = ORIENTED_EDGE ( 'NONE', *, *, #109, .F. ) ;
#4351 = ORIENTED_EDGE ( 'NONE', *, *, #5876, .T. ) ;
#4352 = EDGE_CURVE ( 'NONE', #3488, #3234, #4626, .T. ) ;
#4353 = EDGE_CURVE ( 'NONE', #2998, #1313, #3218, .T. ) ;
#4354 = CARTESIAN_POINT ( 'NONE',  ( 1.961726372267796004, 0.9064290159990536777, -0.8254608485316339284 ) ) ;
#4355 = LINE ( 'NONE', #82, #2876 ) ;
#4356 = ADVANCED_FACE ( 'NONE', ( #3722 ), #4653, .T. ) ;
#4357 = CARTESIAN_POINT ( 'NONE',  ( 1.753112590216513889, 0.8964290159990536688, -1.354627515198300491 ) ) ;
#4358 = CARTESIAN_POINT ( 'NONE',  ( 2.410500410729334408, 0.8964290159990536688, -2.357160691801337915 ) ) ;
#4359 = LINE ( 'NONE', #2918, #888 ) ;
#4360 = ADVANCED_FACE ( 'NONE', ( #6070 ), #4062, .T. ) ;
#4361 = CARTESIAN_POINT ( 'NONE',  ( 2.282067251007112052, 0.9064290159990536777, -0.8254608485316339284 ) ) ;
#4362 = VECTOR ( 'NONE', #2234, 1000.000000000000000 ) ;
#4363 = CARTESIAN_POINT ( 'NONE',  ( 2.566939546680188755, 0.9064290159990536777, -2.098725528873987667 ) ) ;
#4364 = CARTESIAN_POINT ( 'NONE',  ( 0.0000000000000000000, 0.9064290159990534557, 0.0000000000000000000 ) ) ;
#4365 = FACE_OUTER_BOUND ( 'NONE', #3960, .T. ) ;
#4366 = ORIENTED_EDGE ( 'NONE', *, *, #1793, .T. ) ;
#4367 = SURFACE_SIDE_STYLE ('',( #1217 ) ) ;
#4368 = AXIS2_PLACEMENT_3D ( 'NONE', #5459, #4094, #1229 ) ;
#4369 = EDGE_CURVE ( 'NONE', #2300, #592, #5033, .T. ) ;
#4370 = ORIENTED_EDGE ( 'NONE', *, *, #2346, .T. ) ;
#4371 = VECTOR ( 'NONE', #4198, 1000.000000000000000 ) ;
#4372 = LINE ( 'NONE', #5824, #2288 ) ;
#4373 = CARTESIAN_POINT ( 'NONE',  ( 5.000000000000000000, 0.8964290159990536688, 0.0000000000000000000 ) ) ;
#4374 = PRESENTATION_STYLE_ASSIGNMENT (( #3875 ) ) ;
#4375 = ORIENTED_EDGE ( 'NONE', *, *, #2691, .F. ) ;
#4376 = LINE ( 'NONE', #5303, #6151 ) ;
#4377 = ORIENTED_EDGE ( 'NONE', *, *, #809, .T. ) ;
#4378 = DIRECTION ( 'NONE',  ( -1.000000000000000000, 0.0000000000000000000, 0.0000000000000000000 ) ) ;
#4379 = EDGE_LOOP ( 'NONE', ( #1090, #3800, #1334, #2669 ) ) ;
#4380 = LINE ( 'NONE', #3945, #5179 ) ;
#4381 = ORIENTED_EDGE ( 'NONE', *, *, #5853, .F. ) ;
#4382 = CARTESIAN_POINT ( 'NONE',  ( 3.465444714824189365, 0.9064290159990536777, -3.777439254806755020 ) ) ;
#4383 = DIRECTION ( 'NONE',  ( -0.4804152582365220359, 0.0000000000000000000, -0.8770411504904065403 ) ) ;
#4384 = CARTESIAN_POINT ( 'NONE',  ( 3.795153188507112141, 0.9064290159990536777, -0.8797343528051381201 ) ) ;
#4385 = EDGE_CURVE ( 'NONE', #3131, #3953, #2267, .T. ) ;
#4386 = VECTOR ( 'NONE', #4322, 1000.000000000000000 ) ;
#4387 = CARTESIAN_POINT ( 'NONE',  ( 2.835635794009248478, 0.9064290159990536777, -2.357160691801337915 ) ) ;
#4388 = DIRECTION ( 'NONE',  ( 0.0000000000000000000, 0.0000000000000000000, -1.000000000000000000 ) ) ;
#4389 = CARTESIAN_POINT ( 'NONE',  ( 2.354424856509248709, 0.8964290159990536688, -2.357160691801337915 ) ) ;
#4390 = CARTESIAN_POINT ( 'NONE',  ( 1.646155625740018280, 0.9064290159990536777, -2.357160691801337915 ) ) ;
#4391 = EDGE_CURVE ( 'NONE', #5528, #3381, #2009, .T. ) ;
#4392 = CARTESIAN_POINT ( 'NONE',  ( 3.609309826512455466, 0.8964290159990535578, -4.094622231678117785 ) ) ;
#4393 = VECTOR ( 'NONE', #4401, 1000.000000000000000 ) ;
#4394 = CARTESIAN_POINT ( 'NONE',  ( 1.814170282524206312, 0.8964290159990536688, -1.354627515198300491 ) ) ;
#4395 = CARTESIAN_POINT ( 'NONE',  ( 2.715237656990018067, 0.8964290159990536688, -1.827994025134671574 ) ) ;
#4396 = CARTESIAN_POINT ( 'NONE',  ( 1.356237590216513800, 0.8964290159990536688, -1.827994025134671574 ) ) ;
#4397 = ORIENTED_EDGE ( 'NONE', *, *, #366, .T. ) ;
#4398 = CARTESIAN_POINT ( 'NONE',  ( 0.7353720912271701771, 0.9064290159990537887, -0.6930866069402220608 ) ) ;
#4399 = ORIENTED_EDGE ( 'NONE', *, *, #1964, .T. ) ;
#4400 = LINE ( 'NONE', #559, #573 ) ;
#4401 = DIRECTION ( 'NONE',  ( -0.0000000000000000000, -1.000000000000000000, -0.0000000000000000000 ) ) ;
#4402 = LINE ( 'NONE', #4936, #1023 ) ;
#4403 = CARTESIAN_POINT ( 'NONE',  ( 3.069372272374633059, 0.9064290159990536777, -1.827994025134671574 ) ) ;
#4404 = COLOUR_RGB ( '',1.000000000000000000, 1.000000000000000000, 1.000000000000000000 ) ;
#4405 = AXIS2_PLACEMENT_3D ( 'NONE', #4054, #5976, #350 ) ;
#4406 = ORIENTED_EDGE ( 'NONE', *, *, #3250, .T. ) ;
#4407 = DIRECTION ( 'NONE',  ( 0.0000000000000000000, -0.0000000000000000000, 1.000000000000000000 ) ) ;
#4408 = ORIENTED_EDGE ( 'NONE', *, *, #5062, .F. ) ;
#4409 = ADVANCED_FACE ( 'NONE', ( #3247 ), #811, .T. ) ;
#4410 = VECTOR ( 'NONE', #3788, 1000.000000000000000 ) ;
#4411 = EDGE_LOOP ( 'NONE', ( #2799, #2038, #5566, #3370 ) ) ;
#4412 = VERTEX_POINT ( 'NONE', #2894 ) ;
#4413 = DIRECTION ( 'NONE',  ( 0.4804152582365220914, 0.0000000000000000000, 0.8770411504904065403 ) ) ;
#4414 = VECTOR ( 'NONE', #1112, 1000.000000000000000 ) ;
#4415 = VERTEX_POINT ( 'NONE', #2842 ) ;
#4416 = CARTESIAN_POINT ( 'NONE',  ( 2.772776051754975324, 0.9064290159990536777, -1.827994025134671574 ) ) ;
#4417 = LINE ( 'NONE', #2576, #1031 ) ;
#4418 = ORIENTED_EDGE ( 'NONE', *, *, #5915, .T. ) ;
#4419 = VECTOR ( 'NONE', #5700, 1000.000000000000000 ) ;
#4420 = CARTESIAN_POINT ( 'NONE',  ( 2.288851439041299951, 0.9064290159990536777, -0.8254608485316339284 ) ) ;
#4421 = CARTESIAN_POINT ( 'NONE',  ( 3.160066370639462718, 0.9064290159990536777, -3.384208934113429823 ) ) ;
#4422 = ORIENTED_EDGE ( 'NONE', *, *, #86, .T. ) ;
#4423 = CARTESIAN_POINT ( 'NONE',  ( 0.6702943609139221381, 0.8964290159990537799, -0.9356850869151420724 ) ) ;
#4424 = AXIS2_PLACEMENT_3D ( 'NONE', #3273, #3339, #907 ) ;
#4425 = CARTESIAN_POINT ( 'NONE',  ( 1.559869234180189190, 0.8964290159990536688, -1.127251213114967232 ) ) ;
#4426 = DIRECTION ( 'NONE',  ( 1.000000000000000000, 0.0000000000000000000, 0.0000000000000000000 ) ) ;
#4427 = CARTESIAN_POINT ( 'NONE',  ( 0.5296397098330489772, 0.9064290159990535667, -0.7950694847546795341 ) ) ;
#4428 = LINE ( 'NONE', #2464, #5499 ) ;
#4429 = ORIENTED_EDGE ( 'NONE', *, *, #5796, .T. ) ;
#4430 = CARTESIAN_POINT ( 'NONE',  ( 0.7723197143302331646, 0.9064290159990533446, -0.7301535854777794210 ) ) ;
#4431 = EDGE_CURVE ( 'NONE', #4666, #2928, #1721, .T. ) ;
#4432 = EDGE_CURVE ( 'NONE', #3850, #5687, #1976, .T. ) ;
#4433 = ORIENTED_EDGE ( 'NONE', *, *, #2446, .F. ) ;
#4434 = CARTESIAN_POINT ( 'NONE',  ( 3.057686145084236529, 0.8964290159990536688, -4.140831640543555459 ) ) ;
#4435 = CARTESIAN_POINT ( 'NONE',  ( 3.195151240594907627, 0.8964290159990541129, -4.087904458326130808 ) ) ;
#4436 = LINE ( 'NONE', #4465, #5108 ) ;
#4437 = EDGE_CURVE ( 'NONE', #4845, #5653, #528, .T. ) ;
#4438 = ORIENTED_EDGE ( 'NONE', *, *, #2259, .T. ) ;
#4439 = DIRECTION ( 'NONE',  ( 1.000000000000000000, 0.0000000000000000000, 0.0000000000000000000 ) ) ;
#4440 = ORIENTED_EDGE ( 'NONE', *, *, #5259, .F. ) ;
#4441 = B_SPLINE_CURVE_WITH_KNOTS ( 'NONE', 3,
 ( #1341, #1285, #4176, #3149, #4580, #4080, #3675, #2280, #1760, #3178, #5136 ),
 .UNSPECIFIED., .F., .F.,
 ( 4, 1, 1, 1, 1, 1, 1, 1, 4 ),
 ( 0.0000000000000000000, 0.1276191503607365108, 0.2501824245187928009, 0.3728221216143818295, 0.5000000000000000000, 0.6271778783856181150, 0.7498175754812065330, 0.8723808496392635448, 1.000000000000000000 ),
 .UNSPECIFIED. ) ;
#4442 = VECTOR ( 'NONE', #453, 1000.000000000000000 ) ;
#4443 = VERTEX_POINT ( 'NONE', #442 ) ;
#4444 = FACE_OUTER_BOUND ( 'NONE', #3022, .T. ) ;
#4445 = VERTEX_POINT ( 'NONE', #2784 ) ;
#4446 = SURFACE_SIDE_STYLE ('',( #2544 ) ) ;
#4447 = VERTEX_POINT ( 'NONE', #4251 ) ;
#4448 = DIRECTION ( 'NONE',  ( -1.000000000000000000, 0.0000000000000000000, 0.0000000000000000000 ) ) ;
#4449 = CARTESIAN_POINT ( 'NONE',  ( 3.126609258758224819, 0.9064290159990537887, -3.609456288509241606 ) ) ;
#4450 = CARTESIAN_POINT ( 'NONE',  ( 4.999999999999999112, 0.0000000000000000000, -5.000000000000000000 ) ) ;
#4451 = ORIENTED_EDGE ( 'NONE', *, *, #4677, .T. ) ;
#4452 = DIRECTION ( 'NONE',  ( -0.3698797865436008747, 0.0000000000000000000, 0.9290796217259640333 ) ) ;
#4453 = EDGE_LOOP ( 'NONE', ( #3530, #672, #2631, #1048 ) ) ;
#4454 = ADVANCED_FACE ( 'NONE', ( #4795 ), #3868, .T. ) ;
#4455 = DIRECTION ( 'NONE',  ( -0.0000000000000000000, 1.000000000000000000, -0.0000000000000000000 ) ) ;
#4456 = DIRECTION ( 'NONE',  ( 0.0000000000000000000, 0.0000000000000000000, -1.000000000000000000 ) ) ;
#4457 = CARTESIAN_POINT ( 'NONE',  ( 2.120582375205830150, 0.9064290159990536777, -1.827994025134671574 ) ) ;
#4458 = CARTESIAN_POINT ( 'NONE',  ( 2.120582375205830150, 0.9064290159990536777, -1.827994025134671574 ) ) ;
#4459 = CARTESIAN_POINT ( 'NONE',  ( 3.292126818533783972, 0.8964290159990540019, -3.058855575476886912 ) ) ;
#4460 = DIRECTION ( 'NONE',  ( 0.0000000000000000000, 0.0000000000000000000, -1.000000000000000000 ) ) ;
#4461 = ORIENTED_EDGE ( 'NONE', *, *, #142, .T. ) ;
#4462 = ORIENTED_EDGE ( 'NONE', *, *, #2802, .F. ) ;
#4463 = PLANE ( 'NONE',  #5157 ) ;
#4464 = CARTESIAN_POINT ( 'NONE',  ( 3.004600595438846167, 0.9064290159990536777, -3.364295194523067245 ) ) ;
#4465 = CARTESIAN_POINT ( 'NONE',  ( 4.755932850279749324, 0.0000000000000000000, -4.729309389599568370 ) ) ;
#4466 = VECTOR ( 'NONE', #2228, 1000.000000000000000 ) ;
#4467 = CARTESIAN_POINT ( 'NONE',  ( 4.155932850279748791, -0.01000000000000000021, -2.179309389599567659 ) ) ;
#4468 = ORIENTED_EDGE ( 'NONE', *, *, #1800, .T. ) ;
#4469 = PLANE ( 'NONE',  #4278 ) ;
#4470 = ADVANCED_FACE ( 'NONE', ( #946 ), #4740, .F. ) ;
#4471 = ORIENTED_EDGE ( 'NONE', *, *, #2947, .T. ) ;
#4472 = CARTESIAN_POINT ( 'NONE',  ( 3.218781109798566131, 0.8964290159990537799, -4.016522354592092725 ) ) ;
#4473 = ORIENTED_EDGE ( 'NONE', *, *, #4907, .F. ) ;
#4474 = CARTESIAN_POINT ( 'NONE',  ( 0.6353838412118913981, 0.9064290159990535667, -0.9346979451612402734 ) ) ;
#4475 = VECTOR ( 'NONE', #2849, 1000.000000000000000 ) ;
#4476 = EDGE_LOOP ( 'NONE', ( #4067, #5506, #2229, #4539 ) ) ;
#4477 = DIRECTION ( 'NONE',  ( 0.0000000000000000000, -0.0000000000000000000, 1.000000000000000000 ) ) ;
#4478 = CARTESIAN_POINT ( 'NONE',  ( 3.234894429166190744, 0.8964290159990536688, -3.497393746532523551 ) ) ;
#4479 = DIRECTION ( 'NONE',  ( 0.4802882638304223351, 0.0000000000000000000, -0.8771107020363840823 ) ) ;
#4480 = VERTEX_POINT ( 'NONE', #4337 ) ;
#4481 = EDGE_CURVE ( 'NONE', #1618, #1812, #470, .T. ) ;
#4482 = CARTESIAN_POINT ( 'NONE',  ( 3.458349379648474109, 0.9064290159990535667, -3.130408616057220428 ) ) ;
#4483 = ORIENTED_EDGE ( 'NONE', *, *, #3407, .T. ) ;
#4484 = CARTESIAN_POINT ( 'NONE',  ( 0.6876163599789362202, 0.8964290159990535578, -0.9346404736468130192 ) ) ;
#4485 = EDGE_CURVE ( 'NONE', #2177, #6080, #2409, .T. ) ;
#4486 = CARTESIAN_POINT ( 'NONE',  ( 1.886761094490018165, 0.9064290159990536777, -2.047526109803475158 ) ) ;
#4487 = AXIS2_PLACEMENT_3D ( 'NONE', #3544, #4844, #5437 ) ;
#4488 = CARTESIAN_POINT ( 'NONE',  ( 3.252418145772069114, 0.8964290159990536688, -1.354627515198300491 ) ) ;
#4489 = PLANE ( 'NONE',  #1799 ) ;
#4490 = ADVANCED_FACE ( 'NONE', ( #999 ), #3840, .T. ) ;
#4491 = CARTESIAN_POINT ( 'NONE',  ( 3.147957224674464705, 0.8964290159990536688, -3.043473829274840448 ) ) ;
#4492 = CARTESIAN_POINT ( 'NONE',  ( 4.155932850279749680, -0.01000000000000000021, -4.729309389599568370 ) ) ;
#4493 = EDGE_LOOP ( 'NONE', ( #358, #865, #2363, #1015 ) ) ;
#4494 = FACE_OUTER_BOUND ( 'NONE', #3669, .T. ) ;
#4495 = ADVANCED_FACE ( 'NONE', ( #34 ), #1444, .T. ) ;
#4496 = ORIENTED_EDGE ( 'NONE', *, *, #1833, .T. ) ;
#4497 = DIRECTION ( 'NONE',  ( -8.790828425558145559E-17, 0.0000000000000000000, 1.000000000000000000 ) ) ;
#4498 = DIRECTION ( 'NONE',  ( -0.0000000000000000000, -1.000000000000000000, -0.0000000000000000000 ) ) ;
#4499 = CARTESIAN_POINT ( 'NONE',  ( 3.548472833821836758, 0.9064290159990537887, -3.854497047553390399 ) ) ;
#4500 = CARTESIAN_POINT ( 'NONE',  ( 3.636592701334194544, 0.8964290159990535578, -3.456326369720504665 ) ) ;
#4501 = ORIENTED_EDGE ( 'NONE', *, *, #2491, .T. ) ;
#4502 = CARTESIAN_POINT ( 'NONE',  ( 2.640145175686599011, 0.9064290159990536777, -0.8254608485316339284 ) ) ;
#4503 = ORIENTED_EDGE ( 'NONE', *, *, #4679, .F. ) ;
#4504 = ORIENTED_EDGE ( 'NONE', *, *, #5097, .T. ) ;
#4505 = FILL_AREA_STYLE_COLOUR ( '', #4089 ) ;
#4506 = ORIENTED_EDGE ( 'NONE', *, *, #340, .T. ) ;
#4507 = LINE ( 'NONE', #3512, #346 ) ;
#4508 = CARTESIAN_POINT ( 'NONE',  ( 3.544138231242154990, 0.8964290159990536688, -1.354627515198300491 ) ) ;
#4509 = PLANE ( 'NONE',  #1528 ) ;
#4510 = VERTEX_POINT ( 'NONE', #1472 ) ;
#4511 = AXIS2_PLACEMENT_3D ( 'NONE', #2868, #5701, #5732 ) ;
#4512 = CARTESIAN_POINT ( 'NONE',  ( 2.127726973229334462, 0.9064290159990536777, -1.354627515198300491 ) ) ;
#4513 = VERTEX_POINT ( 'NONE', #5354 ) ;
#4514 = CARTESIAN_POINT ( 'NONE',  ( 0.7555727614320051355, 0.8964290159990536688, -0.8980407101499536804 ) ) ;
#4515 = EDGE_CURVE ( 'NONE', #4148, #2304, #4428, .T. ) ;
#4516 = DIRECTION ( 'NONE',  ( 0.0000000000000000000, 0.0000000000000000000, 1.000000000000000000 ) ) ;
#4517 = EDGE_CURVE ( 'NONE', #5802, #5186, #1028, .T. ) ;
#4518 = CARTESIAN_POINT ( 'NONE',  ( 1.274319419315915081, 0.9064290159990536777, -2.605710383648362605 ) ) ;
#4519 = VECTOR ( 'NONE', #5202, 1000.000000000000000 ) ;
#4520 = VECTOR ( 'NONE', #4639, 1000.000000000000000 ) ;
#4521 = DIRECTION ( 'NONE',  ( -0.4804543040264409592, 0.0000000000000000000, 0.8770197613181063279 ) ) ;
#4522 = CARTESIAN_POINT ( 'NONE',  ( 3.635927362411607078, 0.8964290159990533358, -3.388560545016841452 ) ) ;
#4523 = LINE ( 'NONE', #2655, #2815 ) ;
#4524 = VECTOR ( 'NONE', #4826, 1000.000000000000000 ) ;
#4525 = EDGE_LOOP ( 'NONE', ( #4266, #3096, #341, #4687 ) ) ;
#4526 = AXIS2_PLACEMENT_3D ( 'NONE', #6026, #5963, #5564 ) ;
#4527 = DIRECTION ( 'NONE',  ( -1.000000000000000000, 0.0000000000000000000, 0.0000000000000000000 ) ) ;
#4528 = PRESENTATION_LAYER_ASSIGNMENT (  '', '', ( #3738 ) ) ;
#4529 = VERTEX_POINT ( 'NONE', #4396 ) ;
#4530 = CARTESIAN_POINT ( 'NONE',  ( 3.504216260727386789, 0.8964290159990536688, -3.810387159671077661 ) ) ;
#4531 = DIRECTION ( 'NONE',  ( 0.2607351442216253590, 0.0000000000000000000, -0.9654103710690744578 ) ) ;
#4532 = LINE ( 'NONE', #5982, #3010 ) ;
#4533 = CARTESIAN_POINT ( 'NONE',  ( 3.061400851434462389, 0.9064290159990536777, -1.354627515198300491 ) ) ;
#4534 = VERTEX_POINT ( 'NONE', #1664 ) ;
#4535 = B_SPLINE_SURFACE_WITH_KNOTS ( 'NONE', 3, 1, ( 
 ( #2382, #5205 ),
 ( #974, #1888 ),
 ( #2812, #2756 ),
 ( #883, #4191 ),
 ( #5702, #1917 ),
 ( #4768, #3344 ),
 ( #5147, #947 ),
 ( #3723, #3309 ),
 ( #6071, #500 ),
 ( #1446, #2843 ),
 ( #4220, #3783 ),
 ( #4654, #4306 ),
 ( #1380, #3812 ),
 ( #3279, #5236 ),
 ( #5176, #4683 ),
 ( #2411, #1948 ),
 ( #2356, #1832 ),
 ( #5618, #5586 ),
 ( #3248, #1328 ) ),
 .UNSPECIFIED., .F., .F., .F.,
 ( 4, 1, 1, 1, 1, 1, 1, 1, 1, 1, 1, 1, 1, 1, 1, 1, 4 ),
 ( 2, 2 ),
 ( 0.0000000000000000000, 0.1140030800515474257, 0.2209111539002908964, 0.3211249107645967049, 0.4181342110000748624, 0.5058316848733231952, 0.5793175586488595874, 0.6522000865480223064, 0.7405221382852034129, 0.7849188993333421349, 0.8205474306993119082, 0.8485041895632599029, 0.8687900511545401105, 0.8890759127458204292, 0.9176595588659240965, 0.9545798757769611287, 1.000000000000000000 ),
 ( 0.0000000000000000000, 1.000000000000000000 ),
 .UNSPECIFIED. ) ;
#4536 = ORIENTED_EDGE ( 'NONE', *, *, #1493, .F. ) ;
#4537 = CARTESIAN_POINT ( 'NONE',  ( 2.715237656990018067, 0.9064290159990536777, -1.827994025134671574 ) ) ;
#4538 = EDGE_CURVE ( 'NONE', #683, #785, #1089, .T. ) ;
#4539 = ORIENTED_EDGE ( 'NONE', *, *, #939, .T. ) ;
#4540 = CARTESIAN_POINT ( 'NONE',  ( 1.419097332470787398, 0.9064290159990536777, -2.357160691801337915 ) ) ;
#4541 = VERTEX_POINT ( 'NONE', #1126 ) ;
#4542 = PLANE ( 'NONE',  #3391 ) ;
#4543 = CARTESIAN_POINT ( 'NONE',  ( 3.207364978698050262, 0.8964290159990536688, -3.415168193065658997 ) ) ;
#4544 = CARTESIAN_POINT ( 'NONE',  ( 2.212804931295573763, 0.9064290159990536777, -2.098725528873987667 ) ) ;
#4545 = ORIENTED_EDGE ( 'NONE', *, *, #293, .T. ) ;
#4546 = LINE ( 'NONE', #274, #4235 ) ;
#4547 = ORIENTED_EDGE ( 'NONE', *, *, #4774, .T. ) ;
#4548 = LINE ( 'NONE', #748, #4589 ) ;
#4549 = EDGE_CURVE ( 'NONE', #2358, #3207, #2588, .T. ) ;
#4550 = CARTESIAN_POINT ( 'NONE',  ( 0.7723197143302331646, 0.8964290159990533358, -0.7301535854777794210 ) ) ;
#4551 = CARTESIAN_POINT ( 'NONE',  ( 3.162347260142453376, 0.8964290159990538909, -4.453516667320252864 ) ) ;
#4552 = CARTESIAN_POINT ( 'NONE',  ( 0.5291666666666666741, 0.9064290159990536777, -0.8039262820512820262 ) ) ;
#4553 = CARTESIAN_POINT ( 'NONE',  ( 0.0000000000000000000, 0.8964290159990536688, 0.0000000000000000000 ) ) ;
#4554 = EDGE_CURVE ( 'NONE', #5740, #3674, #187, .T. ) ;
#4555 = ORIENTED_EDGE ( 'NONE', *, *, #2335, .F. ) ;
#4556 = CARTESIAN_POINT ( 'NONE',  ( 3.217584961819885958, 0.9064290159990540108, -4.046423025418225627 ) ) ;
#4557 = EDGE_LOOP ( 'NONE', ( #771, #843, #361, #4418, #2930, #269, #3352, #5003, #2761, #2765, #4422, #6053 ) ) ;
#4558 = LINE ( 'NONE', #6016, #4574 ) ;
#4559 = LINE ( 'NONE', #4997, #3271 ) ;
#4560 = CARTESIAN_POINT ( 'NONE',  ( 3.569665362673538844, 0.9064290159990540108, -3.639479506469868841 ) ) ;
#4561 = DIRECTION ( 'NONE',  ( 0.8533543139006510847, -0.0000000000000000000, 0.5213313868808869822 ) ) ;
#4562 = ADVANCED_FACE ( 'NONE', ( #4365 ), #2103, .T. ) ;
#4563 = ORIENTED_EDGE ( 'NONE', *, *, #3560, .F. ) ;
#4564 = ADVANCED_FACE ( 'NONE', ( #4024 ), #120, .T. ) ;
#4565 = VECTOR ( 'NONE', #2319, 1000.000000000000000 ) ;
#4566 = VERTEX_POINT ( 'NONE', #5387 ) ;
#4567 = PLANE ( 'NONE',  #31 ) ;
#4568 = EDGE_CURVE ( 'NONE', #2685, #785, #2927, .T. ) ;
#4569 = VERTEX_POINT ( 'NONE', #4931 ) ;
#4570 = LINE ( 'NONE', #5993, #3796 ) ;
#4571 = ORIENTED_EDGE ( 'NONE', *, *, #474, .F. ) ;
#4572 = FACE_OUTER_BOUND ( 'NONE', #1000, .T. ) ;
#4573 = FACE_OUTER_BOUND ( 'NONE', #5408, .T. ) ;
#4574 = VECTOR ( 'NONE', #2265, 1000.000000000000000 ) ;
#4575 = CARTESIAN_POINT ( 'NONE',  ( 1.419097332470787398, 0.9064290159990536777, -2.357160691801337915 ) ) ;
#4576 = VERTEX_POINT ( 'NONE', #3558 ) ;
#4577 = MECHANICAL_DESIGN_GEOMETRIC_PRESENTATION_REPRESENTATION (  '', ( #1390 ), #3380 ) ;
#4578 = LINE ( 'NONE', #5509, #2067 ) ;
#4579 = ORIENTED_EDGE ( 'NONE', *, *, #245, .T. ) ;
#4580 = CARTESIAN_POINT ( 'NONE',  ( 0.7352672590914194339, 0.9064290159990536777, -0.9146714281521770573 ) ) ;
#4581 = EDGE_LOOP ( 'NONE', ( #2990, #5068, #15, #4545, #4579, #3044, #4468, #4204, #4281, #335, #3387, #5470, #5105 ) ) ;
#4582 = CARTESIAN_POINT ( 'NONE',  ( 2.481501178624633486, 0.9064290159990536777, -2.357160691801337915 ) ) ;
#4583 = VECTOR ( 'NONE', #564, 1000.000000000000000 ) ;
#4584 = CARTESIAN_POINT ( 'NONE',  ( 1.836462051309610821, 0.8964290159990536688, -3.364295194523067245 ) ) ;
#4585 = CARTESIAN_POINT ( 'NONE',  ( 0.6103126688945070821, 0.8964290159990536688, -0.9275143899334856723 ) ) ;
#4586 = LINE ( 'NONE', #2289, #5357 ) ;
#4587 = ORIENTED_EDGE ( 'NONE', *, *, #1707, .F. ) ;
#4588 = EDGE_CURVE ( 'NONE', #2882, #5623, #5787, .T. ) ;
#4589 = VECTOR ( 'NONE', #4147, 1000.000000000000000 ) ;
#4590 = DIRECTION ( 'NONE',  ( -1.000000000000000000, 0.0000000000000000000, 0.0000000000000000000 ) ) ;
#4591 = ORIENTED_EDGE ( 'NONE', *, *, #4803, .F. ) ;
#4592 = VECTOR ( 'NONE', #6149, 1000.000000000000000 ) ;
#4593 = DIRECTION ( 'NONE',  ( -1.000000000000000000, 0.0000000000000000000, 2.168404344971008868E-16 ) ) ;
#4594 = DIRECTION ( 'NONE',  ( 1.000000000000000000, 0.0000000000000000000, 0.0000000000000000000 ) ) ;
#4595 = DIRECTION ( 'NONE',  ( 0.0000000000000000000, 0.0000000000000000000, -1.000000000000000000 ) ) ;
#4596 = CARTESIAN_POINT ( 'NONE',  ( 1.583507889361813081, 0.9064290159990536777, -1.077005820486762078 ) ) ;
#4597 = ORIENTED_EDGE ( 'NONE', *, *, #3843, .T. ) ;
#4598 = VECTOR ( 'NONE', #1983, 1000.000000000000227 ) ;
#4599 = VERTEX_POINT ( 'NONE', #4829 ) ;
#4600 = LINE ( 'NONE', #5150, #2725 ) ;
#4601 = ORIENTED_EDGE ( 'NONE', *, *, #2040, .T. ) ;
#4602 = PLANE ( 'NONE',  #5278 ) ;
#4603 = EDGE_LOOP ( 'NONE', ( #1755, #4433, #1304, #1141 ) ) ;
#4604 = CARTESIAN_POINT ( 'NONE',  ( 2.995624777865954602, 0.8964290159990536688, -3.880276478999032275 ) ) ;
#4605 = CARTESIAN_POINT ( 'NONE',  ( 3.591627547481470728, 0.8964290159990536688, -1.354627515198300491 ) ) ;
#4606 = EDGE_LOOP ( 'NONE', ( #4016, #4338, #862, #4810 ) ) ;
#4607 = EDGE_CURVE ( 'NONE', #4197, #683, #622, .T. ) ;
#4608 = ORIENTED_EDGE ( 'NONE', *, *, #4515, .F. ) ;
#4609 = LINE ( 'NONE', #4667, #906 ) ;
#4610 = EDGE_LOOP ( 'NONE', ( #2690, #1237, #456, #1901 ) ) ;
#4611 = CARTESIAN_POINT ( 'NONE',  ( 4.999999999999999112, 0.8964290159990536688, -5.000000000000000000 ) ) ;
#4612 = LINE ( 'NONE', #2772, #1423 ) ;
#4613 = VECTOR ( 'NONE', #5421, 1000.000000000000227 ) ;
#4614 = LINE ( 'NONE', #5167, #3332 ) ;
#4615 = VECTOR ( 'NONE', #2263, 1000.000000000000114 ) ;
#4616 = DIRECTION ( 'NONE',  ( -0.3698797865436000420, 0.0000000000000000000, 0.9290796217259642553 ) ) ;
#4617 = LINE ( 'NONE', #463, #4615 ) ;
#4618 = AXIS2_PLACEMENT_3D ( 'NONE', #732, #5813, #3486 ) ;
#4619 = EDGE_CURVE ( 'NONE', #3452, #1100, #3020, .T. ) ;
#4620 = DIRECTION ( 'NONE',  ( 0.4804543040264410148, 0.0000000000000000000, -0.8770197613181063279 ) ) ;
#4621 = VECTOR ( 'NONE', #5662, 1000.000000000000000 ) ;
#4622 =( GEOMETRIC_REPRESENTATION_CONTEXT ( 3 ) GLOBAL_UNCERTAINTY_ASSIGNED_CONTEXT ( ( #4194 ) ) GLOBAL_UNIT_ASSIGNED_CONTEXT ( ( #4943, #2542, #1612 ) ) REPRESENTATION_CONTEXT ( 'NONE', 'WORKASPACE' ) );
#4623 = CARTESIAN_POINT ( 'NONE',  ( 3.562412224460648869, 0.8964290159990536688, -3.876494748268543233 ) ) ;
#4624 = FACE_OUTER_BOUND ( 'NONE', #4476, .T. ) ;
#4625 = VECTOR ( 'NONE', #3947, 999.9999999999998863 ) ;
#4626 = LINE ( 'NONE', #2296, #3814 ) ;
#4627 = DIRECTION ( 'NONE',  ( 0.5213313868808869822, 0.0000000000000000000, -0.8533543139006510847 ) ) ;
#4628 = EDGE_CURVE ( 'NONE', #1550, #1896, #2955, .T. ) ;
#4629 = EDGE_CURVE ( 'NONE', #5212, #1415, #3529, .T. ) ;
#4630 = ORIENTED_EDGE ( 'NONE', *, *, #2162, .F. ) ;
#4631 = VECTOR ( 'NONE', #59, 1000.000000000000000 ) ;
#4632 = VECTOR ( 'NONE', #1298, 1000.000000000000000 ) ;
#4633 = ORIENTED_EDGE ( 'NONE', *, *, #115, .F. ) ;
#4634 = DIRECTION ( 'NONE',  ( -1.000000000000000000, 0.0000000000000000000, -0.0000000000000000000 ) ) ;
#4635 = SURFACE_STYLE_USAGE ( .BOTH. , #1676 ) ;
#4636 = EDGE_CURVE ( 'NONE', #133, #1182, #586, .T. ) ;
#4637 = ORIENTED_EDGE ( 'NONE', *, *, #432, .F. ) ;
#4638 = CARTESIAN_POINT ( 'NONE',  ( 3.209964633362638153, 0.9064290159990544549, -3.971807232465226711 ) ) ;
#4639 = DIRECTION ( 'NONE',  ( -0.0000000000000000000, -1.000000000000000000, -0.0000000000000000000 ) ) ;
#4640 = VERTEX_POINT ( 'NONE', #3461 ) ;
#4641 = CARTESIAN_POINT ( 'NONE',  ( 3.419506551034885433, 0.8964290159990538909, -3.107282886028454705 ) ) ;
#4642 = ORIENTED_EDGE ( 'NONE', *, *, #3934, .F. ) ;
#4643 = CARTESIAN_POINT ( 'NONE',  ( 2.708559471893864590, 0.9064290159990536777, -2.357160691801337915 ) ) ;
#4644 = VERTEX_POINT ( 'NONE', #2989 ) ;
#4645 = EDGE_CURVE ( 'NONE', #3122, #1710, #4893, .T. ) ;
#4646 = FILL_AREA_STYLE_COLOUR ( '', #4404 ) ;
#4647 = DIRECTION ( 'NONE',  ( 0.0000000000000000000, -0.0000000000000000000, 1.000000000000000000 ) ) ;
#4648 = LINE ( 'NONE', #3270, #5399 ) ;
#4649 = DIRECTION ( 'NONE',  ( -1.000000000000000000, 0.0000000000000000000, -0.0000000000000000000 ) ) ;
#4650 = CARTESIAN_POINT ( 'NONE',  ( 3.544138231242154990, 0.8964290159990536688, -0.8254608485316339284 ) ) ;
#4651 = CARTESIAN_POINT ( 'NONE',  ( 3.598870379063146885, 0.8964290159990536688, -3.954164567234501160 ) ) ;
#4652 = CARTESIAN_POINT ( 'NONE',  ( 3.162347260142453376, 0.9064290159990538998, -4.453516667320252864 ) ) ;
#4653 = PLANE ( 'NONE',  #4706 ) ;
#4654 = CARTESIAN_POINT ( 'NONE',  ( 3.510603012138348245, 0.9064290159990537887, -3.817080404823987028 ) ) ;
#4655 = VERTEX_POINT ( 'NONE', #158 ) ;
#4656 = ORIENTED_EDGE ( 'NONE', *, *, #2101, .T. ) ;
#4657 = DIRECTION ( 'NONE',  ( 0.2607351442216253590, 0.0000000000000000000, -0.9654103710690744578 ) ) ;
#4658 = EDGE_LOOP ( 'NONE', ( #4238, #1989, #3324, #2581 ) ) ;
#4659 = LINE ( 'NONE', #1419, #191 ) ;
#4660 = EDGE_CURVE ( 'NONE', #2365, #3562, #1599, .T. ) ;
#4661 = DIRECTION ( 'NONE',  ( -0.0000000000000000000, -1.000000000000000000, -0.0000000000000000000 ) ) ;
#4662 = CARTESIAN_POINT ( 'NONE',  ( 3.087728147902711662, 0.9064290159990535667, -3.614135192871132940 ) ) ;
#4663 = ORIENTED_EDGE ( 'NONE', *, *, #4645, .F. ) ;
#4664 = VECTOR ( 'NONE', #88, 1000.000000000000000 ) ;
#4665 = CARTESIAN_POINT ( 'NONE',  ( 3.197501362675326142, 0.8964290159990536688, -3.044464038021732932 ) ) ;
#4666 = VERTEX_POINT ( 'NONE', #690 ) ;
#4667 = CARTESIAN_POINT ( 'NONE',  ( 3.069372272374633059, 0.9064290159990536777, -1.827994025134671574 ) ) ;
#4668 = ORIENTED_EDGE ( 'NONE', *, *, #1833, .F. ) ;
#4669 = CARTESIAN_POINT ( 'NONE',  ( 0.6059328502797489691, -0.01000000000000000021, -0.3293093895995677367 ) ) ;
#4670 = AXIS2_PLACEMENT_3D ( 'NONE', #5754, #1496, #1022 ) ;
#4671 = CARTESIAN_POINT ( 'NONE',  ( 3.399413923428975082, 0.9064290159990536777, -4.383194940668207806 ) ) ;
#4672 = DIRECTION ( 'NONE',  ( -1.000000000000000000, 0.0000000000000000000, -0.0000000000000000000 ) ) ;
#4673 = EDGE_CURVE ( 'NONE', #2242, #5063, #4523, .T. ) ;
#4674 = DIRECTION ( 'NONE',  ( 0.0000000000000000000, -0.0000000000000000000, 1.000000000000000000 ) ) ;
#4675 = CARTESIAN_POINT ( 'NONE',  ( 2.541668446252838276, 0.8964290159990536688, -1.354627515198300491 ) ) ;
#4676 = DIRECTION ( 'NONE',  ( 0.0000000000000000000, 0.0000000000000000000, -1.000000000000000000 ) ) ;
#4677 = EDGE_CURVE ( 'NONE', #4870, #5065, #4991, .T. ) ;
#4678 = DIRECTION ( 'NONE',  ( -0.0000000000000000000, -1.000000000000000000, -0.0000000000000000000 ) ) ;
#4679 = EDGE_CURVE ( 'NONE', #4197, #2685, #5578, .T. ) ;
#4680 =( NAMED_UNIT ( * ) SI_UNIT ( $, .STERADIAN. ) SOLID_ANGLE_UNIT ( ) );
#4681 = DIRECTION ( 'NONE',  ( -1.000000000000000000, 0.0000000000000000000, 0.0000000000000000000 ) ) ;
#4682 = DIRECTION ( 'NONE',  ( 0.0000000000000000000, 0.0000000000000000000, -1.000000000000000000 ) ) ;
#4683 = CARTESIAN_POINT ( 'NONE',  ( 3.493531828988115429, 0.8964290159990537799, -3.799599196143114810 ) ) ;
#4684 = ORIENTED_EDGE ( 'NONE', *, *, #1205, .T. ) ;
#4685 = AXIS2_PLACEMENT_3D ( 'NONE', #2255, #6030, #1312 ) ;
#4686 = UNCERTAINTY_MEASURE_WITH_UNIT (LENGTH_MEASURE( 1.000000000000000082E-05 ), #4339, 'distance_accuracy_value', 'NONE');
#4687 = ORIENTED_EDGE ( 'NONE', *, *, #263, .T. ) ;
#4688 = CARTESIAN_POINT ( 'NONE',  ( 1.363021778250701921, 0.9064290159990536777, -2.357160691801337915 ) ) ;
#4689 = DIRECTION ( 'NONE',  ( 0.0000000000000000000, 0.0000000000000000000, 1.000000000000000000 ) ) ;
#4690 = CARTESIAN_POINT ( 'NONE',  ( 2.120836782257112141, 0.8964290159990536688, -1.354627515198300491 ) ) ;
#4691 = DIRECTION ( 'NONE',  ( -0.0000000000000000000, -1.000000000000000000, -0.0000000000000000000 ) ) ;
#4692 = ORIENTED_EDGE ( 'NONE', *, *, #3660, .T. ) ;
#4693 = DIRECTION ( 'NONE',  ( 0.4804152582365231461, 0.0000000000000000000, -0.8770411504904059852 ) ) ;
#4694 = ORIENTED_EDGE ( 'NONE', *, *, #3390, .T. ) ;
#4695 = DIRECTION ( 'NONE',  ( 0.0000000000000000000, -1.000000000000000000, 0.0000000000000000000 ) ) ;
#4696 = ORIENTED_EDGE ( 'NONE', *, *, #5517, .F. ) ;
#4697 = CARTESIAN_POINT ( 'NONE',  ( 0.5383520624292656986, 0.8964290159990533358, -0.7529350656346994741 ) ) ;
#4698 = PLANE ( 'NONE',  #3728 ) ;
#4699 = FACE_OUTER_BOUND ( 'NONE', #5596, .T. ) ;
#4700 = ADVANCED_FACE ( 'NONE', ( #721 ), #282, .F. ) ;
#4701 = LINE ( 'NONE', #5194, #5089 ) ;
#4702 = DIRECTION ( 'NONE',  ( -0.2621528324626076767, 0.0000000000000000000, 0.9650263687753987130 ) ) ;
#4703 = CARTESIAN_POINT ( 'NONE',  ( 3.465444714824189365, 0.9064290159990536777, -3.777439254806755020 ) ) ;
#4704 = STYLED_ITEM ( 'NONE', ( #4207 ), #1172 ) ;
#4705 = ADVANCED_FACE ( 'NONE', ( #318 ), #5944, .T. ) ;
#4706 = AXIS2_PLACEMENT_3D ( 'NONE', #5493, #4190, #2205 ) ;
#4707 = CARTESIAN_POINT ( 'NONE',  ( 3.610596507574385772, 0.9064290159990536777, -4.059279926595564802 ) ) ;
#4708 = EDGE_CURVE ( 'NONE', #5687, #973, #3623, .T. ) ;
#4709 = VECTOR ( 'NONE', #1999, 1000.000000000000000 ) ;
#4710 = CARTESIAN_POINT ( 'NONE',  ( 3.544138231242154990, 0.9064290159990536777, -1.354627515198300491 ) ) ;
#4711 = CARTESIAN_POINT ( 'NONE',  ( 3.443195740817603046, 0.9064290159990536777, -4.357380781344657450 ) ) ;
#4712 = CARTESIAN_POINT ( 'NONE',  ( 3.622177314910266066, 0.9064290159990537887, -3.539935201372215179 ) ) ;
#4713 = VECTOR ( 'NONE', #1150, 1000.000000000000341 ) ;
#4714 = LINE ( 'NONE', #383, #3537 ) ;
#4715 = EDGE_LOOP ( 'NONE', ( #5552, #2168, #2567, #921 ) ) ;
#4716 =( GEOMETRIC_REPRESENTATION_CONTEXT ( 3 ) GLOBAL_UNCERTAINTY_ASSIGNED_CONTEXT ( ( #887 ) ) GLOBAL_UNIT_ASSIGNED_CONTEXT ( ( #2463, #2954, #4855 ) ) REPRESENTATION_CONTEXT ( 'NONE', 'WORKASPACE' ) );
#4717 = ORIENTED_EDGE ( 'NONE', *, *, #1318, .F. ) ;
#4718 = DIRECTION ( 'NONE',  ( -1.000000000000000000, 0.0000000000000000000, -0.0000000000000000000 ) ) ;
#4719 = CARTESIAN_POINT ( 'NONE',  ( 0.0000000000000000000, -0.01000000000000000021, 0.0000000000000000000 ) ) ;
#4720 = PLANE ( 'NONE',  #2199 ) ;
#4721 = VECTOR ( 'NONE', #2715, 1000.000000000000000 ) ;
#4722 = VERTEX_POINT ( 'NONE', #5451 ) ;
#4723 = CARTESIAN_POINT ( 'NONE',  ( 3.069372272374633059, 0.9064290159990536777, -1.827994025134671574 ) ) ;
#4724 = ORIENTED_EDGE ( 'NONE', *, *, #5002, .F. ) ;
#4725 = AXIS2_PLACEMENT_3D ( 'NONE', #6086, #1763, #6032 ) ;
#4726 = CARTESIAN_POINT ( 'NONE',  ( 3.218373081947470293, 0.8964290159990538909, -4.002429388110312125 ) ) ;
#4727 = AXIS2_PLACEMENT_3D ( 'NONE', #3107, #2155, #682 ) ;
#4728 = ORIENTED_EDGE ( 'NONE', *, *, #4677, .F. ) ;
#4729 = ORIENTED_EDGE ( 'NONE', *, *, #4619, .F. ) ;
#4730 = FILL_AREA_STYLE ('',( #1490 ) ) ;
#4731 = CARTESIAN_POINT ( 'NONE',  ( 3.480115801829996691, 0.9064290159990537887, -4.328232075881475183 ) ) ;
#4732 = CARTESIAN_POINT ( 'NONE',  ( 4.155932850279749680, -0.01000000000000000021, -4.729309389599568370 ) ) ;
#4733 = LINE ( 'NONE', #4243, #2988 ) ;
#4734 = CARTESIAN_POINT ( 'NONE',  ( 3.252418145772069114, 0.8964290159990536688, -0.8797343528051381201 ) ) ;
#4735 = PLANE ( 'NONE',  #3871 ) ;
#4736 = PLANE ( 'NONE',  #243 ) ;
#4737 = VECTOR ( 'NONE', #4078, 1000.000000000000227 ) ;
#4738 = CARTESIAN_POINT ( 'NONE',  ( 3.795153188507112141, 0.9064290159990536777, -0.8797343528051381201 ) ) ;
#4739 = LINE ( 'NONE', #2295, #1750 ) ;
#4740 = PLANE ( 'NONE',  #2329 ) ;
#4741 = VERTEX_POINT ( 'NONE', #3085 ) ;
#4742 = ORIENTED_EDGE ( 'NONE', *, *, #3682, .T. ) ;
#4743 = CARTESIAN_POINT ( 'NONE',  ( 3.061400851434462389, 0.9064290159990536777, -1.354627515198300491 ) ) ;
#4744 = FACE_BOUND ( 'NONE', #604, .T. ) ;
#4745 = DIRECTION ( 'NONE',  ( -0.4804543040264409592, 0.0000000000000000000, -0.8770197613181063279 ) ) ;
#4746 = EDGE_LOOP ( 'NONE', ( #4145, #5685, #1668, #601 ) ) ;
#4747 = DIRECTION ( 'NONE',  ( -0.4802882638304235008, 0.0000000000000000000, 0.8771107020363836382 ) ) ;
#4748 = VERTEX_POINT ( 'NONE', #851 ) ;
#4749 = EDGE_CURVE ( 'NONE', #5528, #3813, #4155, .T. ) ;
#4750 = ADVANCED_FACE ( 'NONE', ( #1797 ), #378, .T. ) ;
#4751 = CARTESIAN_POINT ( 'NONE',  ( 2.474716990590445587, 0.9064290159990536777, -1.827994025134671574 ) ) ;
#4752 = ORIENTED_EDGE ( 'NONE', *, *, #4940, .F. ) ;
#4753 = DIRECTION ( 'NONE',  ( 0.0000000000000000000, 0.0000000000000000000, 1.000000000000000000 ) ) ;
#4754 = ORIENTED_EDGE ( 'NONE', *, *, #1071, .T. ) ;
#4755 = CARTESIAN_POINT ( 'NONE',  ( 0.0000000000000000000, 0.9064290159990536777, 0.0000000000000000000 ) ) ;
#4756 = CARTESIAN_POINT ( 'NONE',  ( 3.603321208886131721, 0.8964290159990540019, -4.129770722100850833 ) ) ;
#4757 = CARTESIAN_POINT ( 'NONE',  ( 1.536018573122496900, 0.9064290159990536777, -0.8254608485316339284 ) ) ;
#4758 = EDGE_CURVE ( 'NONE', #5065, #6, #4586, .T. ) ;
#4759 = CARTESIAN_POINT ( 'NONE',  ( 2.431531393635317340, 0.8964290159990536688, -1.354627515198300491 ) ) ;
#4760 = DIRECTION ( 'NONE',  ( -0.4802882638304235008, 0.0000000000000000000, 0.8771107020363836382 ) ) ;
#4761 = VECTOR ( 'NONE', #5942, 1000.000000000000000 ) ;
#4762 = CARTESIAN_POINT ( 'NONE',  ( 1.536018573122496900, 0.9064290159990536777, -1.077005820486762078 ) ) ;
#4763 = CARTESIAN_POINT ( 'NONE',  ( 2.566939546680188755, 0.8964290159990536688, -2.098725528873987667 ) ) ;
#4764 = LINE ( 'NONE', #3275, #3577 ) ;
#4765 = VECTOR ( 'NONE', #2913, 1000.000000000000227 ) ;
#4766 = CARTESIAN_POINT ( 'NONE',  ( 3.637040303024530186, 0.9064290159990534557, -3.436447298890381585 ) ) ;
#4767 = ORIENTED_EDGE ( 'NONE', *, *, #4636, .T. ) ;
#4768 = CARTESIAN_POINT ( 'NONE',  ( 3.586601270412009601, 0.9064290159990535667, -3.925077535867397049 ) ) ;
#4769 = VERTEX_POINT ( 'NONE', #5486 ) ;
#4770 = ORIENTED_EDGE ( 'NONE', *, *, #2839, .T. ) ;
#4771 = CARTESIAN_POINT ( 'NONE',  ( 2.212804931295573763, 0.8964290159990536688, -2.098725528873987667 ) ) ;
#4772 = EDGE_CURVE ( 'NONE', #4148, #3452, #1222, .T. ) ;
#4773 = CARTESIAN_POINT ( 'NONE',  ( 1.504535700526342890, 0.9064290159990536777, -2.098725528873987667 ) ) ;
#4774 = EDGE_CURVE ( 'NONE', #2304, #1100, #757, .T. ) ;
#4775 = VECTOR ( 'NONE', #5247, 1000.000000000000000 ) ;
#4776 = EDGE_LOOP ( 'NONE', ( #814, #241, #5331, #288 ) ) ;
#4777 = CARTESIAN_POINT ( 'NONE',  ( 1.702231179960103757, 0.9064290159990536777, -2.357160691801337915 ) ) ;
#4778 = VERTEX_POINT ( 'NONE', #3157 ) ;
#4779 = AXIS2_PLACEMENT_3D ( 'NONE', #834, #6024, #5128 ) ;
#4780 = CARTESIAN_POINT ( 'NONE',  ( 2.772776051754975324, 0.8964290159990536688, -1.827994025134671574 ) ) ;
#4781 = B_SPLINE_CURVE_WITH_KNOTS ( 'NONE', 3,
 ( #2443, #3500, #3403, #5328, #1033, #4863, #2931, #2959, #1982, #4833, #1476, #163, #1131, #593, #1095, #2563, #3375 ),
 .UNSPECIFIED., .F., .F.,
 ( 4, 1, 1, 1, 1, 1, 1, 1, 1, 1, 1, 1, 1, 1, 4 ),
 ( 0.0000000000000000000, 0.1206660733040195999, 0.2306394391884428186, 0.3303518480381322786, 0.4203827931102910864, 0.5007196380486803600, 0.5721369648296099619, 0.6339759756642175947, 0.6899155697071901461, 0.7408030946708973330, 0.7861101393510732116, 0.8256243424264397834, 0.8600233983262874915, 0.9268261652858496014, 1.000000000000000000 ),
 .UNSPECIFIED. ) ;
#4782 = ORIENTED_EDGE ( 'NONE', *, *, #4187, .F. ) ;
#4783 = PRESENTATION_STYLE_ASSIGNMENT (( #2827 ) ) ;
#4784 = EDGE_LOOP ( 'NONE', ( #1043, #5874, #2698, #5867 ) ) ;
#4785 = DIRECTION ( 'NONE',  ( 0.0000000000000000000, 0.0000000000000000000, -1.000000000000000000 ) ) ;
#4786 = LINE ( 'NONE', #515, #5611 ) ;
#4787 = EDGE_CURVE ( 'NONE', #3813, #20, #4241, .T. ) ;
#4788 = LINE ( 'NONE', #1019, #4765 ) ;
#4789 = DIRECTION ( 'NONE',  ( -0.4804543040264409592, 0.0000000000000000000, -0.8770197613181063279 ) ) ;
#4790 = CARTESIAN_POINT ( 'NONE',  ( 3.017514425605577699, 0.9064290159990534557, -3.364400384567829416 ) ) ;
#4791 = DIRECTION ( 'NONE',  ( 0.4804543040264424580, 0.0000000000000000000, -0.8770197613181054397 ) ) ;
#4792 = DIRECTION ( 'NONE',  ( 0.0000000000000000000, 0.0000000000000000000, -1.000000000000000000 ) ) ;
#4793 = EDGE_CURVE ( 'NONE', #4088, #44, #2778, .T. ) ;
#4794 = PLANE ( 'NONE',  #5302 ) ;
#4795 = FACE_OUTER_BOUND ( 'NONE', #886, .T. ) ;
#4796 = ORIENTED_EDGE ( 'NONE', *, *, #580, .F. ) ;
#4797 = CARTESIAN_POINT ( 'NONE',  ( 0.7126254258773611072, 0.9064290159990535667, -0.6806645994021217616 ) ) ;
#4798 = VECTOR ( 'NONE', #1916, 1000.000000000000000 ) ;
#4799 = VERTEX_POINT ( 'NONE', #6152 ) ;
#4800 = VECTOR ( 'NONE', #2137, 1000.000000000000000 ) ;
#4801 = CARTESIAN_POINT ( 'NONE',  ( 2.633360987652411112, 0.9064290159990536777, -0.8254608485316339284 ) ) ;
#4802 = PLANE ( 'NONE',  #3640 ) ;
#4803 = EDGE_CURVE ( 'NONE', #3638, #3177, #4213, .T. ) ;
#4804 = EDGE_CURVE ( 'NONE', #1196, #4897, #519, .T. ) ;
#4805 = DIRECTION ( 'NONE',  ( -0.0000000000000000000, -1.000000000000000000, -0.0000000000000000000 ) ) ;
#4806 = CARTESIAN_POINT ( 'NONE',  ( 1.532626479105402728, 0.8964290159990536688, -2.047526109803475158 ) ) ;
#4807 = EDGE_CURVE ( 'NONE', #642, #2665, #2433, .T. ) ;
#4808 = ORIENTED_EDGE ( 'NONE', *, *, #2872, .F. ) ;
#4809 = CARTESIAN_POINT ( 'NONE',  ( 3.153099540441414383, 0.9064290159990537887, -4.122101618354149011 ) ) ;
#4810 = ORIENTED_EDGE ( 'NONE', *, *, #1911, .T. ) ;
#4811 = VECTOR ( 'NONE', #5192, 1000.000000000000227 ) ;
#4812 = EDGE_CURVE ( 'NONE', #4480, #4314, #1937, .T. ) ;
#4813 = VECTOR ( 'NONE', #4693, 1000.000000000000114 ) ;
#4814 = DIRECTION ( 'NONE',  ( -1.000000000000000000, 0.0000000000000000000, -1.421904488505579654E-16 ) ) ;
#4815 = ORIENTED_EDGE ( 'NONE', *, *, #5240, .T. ) ;
#4816 = VECTOR ( 'NONE', #1147, 1000.000000000000000 ) ;
#4817 = FACE_OUTER_BOUND ( 'NONE', #4027, .T. ) ;
#4818 = EDGE_LOOP ( 'NONE', ( #3764, #5969, #130, #2248 ) ) ;
#4819 =( NAMED_UNIT ( * ) PLANE_ANGLE_UNIT ( ) SI_UNIT ( $, .RADIAN. ) );
#4820 = LINE ( 'NONE', #1431, #3525 ) ;
#4821 = SURFACE_STYLE_FILL_AREA ( #108 ) ;
#4822 = CARTESIAN_POINT ( 'NONE',  ( 3.160066370639462718, 0.8964290159990536688, -3.384208934113429823 ) ) ;
#4823 = DIRECTION ( 'NONE',  ( 0.4802882638304223351, 0.0000000000000000000, 0.8771107020363840823 ) ) ;
#4824 = LINE ( 'NONE', #1801, #294 ) ;
#4825 = EDGE_CURVE ( 'NONE', #38, #5001, #1375, .T. ) ;
#4826 = DIRECTION ( 'NONE',  ( -0.0000000000000000000, -1.000000000000000000, -0.0000000000000000000 ) ) ;
#4827 = DIRECTION ( 'NONE',  ( -0.4802758347947843065, 0.0000000000000000000, -0.8771175078130484248 ) ) ;
#4828 = LINE ( 'NONE', #1027, #6094 ) ;
#4829 = CARTESIAN_POINT ( 'NONE',  ( 4.755932850279749324, -0.01000000000000000021, -4.729309389599568370 ) ) ;
#4830 = VERTEX_POINT ( 'NONE', #5693 ) ;
#4831 = FACE_OUTER_BOUND ( 'NONE', #5960, .T. ) ;
#4832 = EDGE_LOOP ( 'NONE', ( #1817, #4030, #2759, #5920 ) ) ;
#4833 = CARTESIAN_POINT ( 'NONE',  ( 3.189579729736453650, 0.9064290159990534557, -3.936275259819760564 ) ) ;
#4834 = DIRECTION ( 'NONE',  ( 1.000000000000000000, 0.0000000000000000000, -0.0000000000000000000 ) ) ;
#4835 = LINE ( 'NONE', #4310, #4410 ) ;
#4836 = PLANE ( 'NONE',  #5418 ) ;
#4837 = EDGE_CURVE ( 'NONE', #101, #5305, #5256, .T. ) ;
#4838 = ORIENTED_EDGE ( 'NONE', *, *, #1054, .F. ) ;
#4839 = FACE_OUTER_BOUND ( 'NONE', #1273, .T. ) ;
#4840 = ORIENTED_EDGE ( 'NONE', *, *, #2293, .F. ) ;
#4841 = LINE ( 'NONE', #2019, #5021 ) ;
#4842 = ADVANCED_FACE ( 'NONE', ( #57 ), #5727, .T. ) ;
#4843 = ORIENTED_EDGE ( 'NONE', *, *, #1105, .F. ) ;
#4844 = DIRECTION ( 'NONE',  ( 0.0000000000000000000, -0.0000000000000000000, 1.000000000000000000 ) ) ;
#4845 = VERTEX_POINT ( 'NONE', #5228 ) ;
#4846 = FACE_OUTER_BOUND ( 'NONE', #2395, .T. ) ;
#4847 = CARTESIAN_POINT ( 'NONE',  ( 0.7921725249288645854, 0.8964290159990536688, -0.8300843086968849871 ) ) ;
#4848 = CARTESIAN_POINT ( 'NONE',  ( 3.405932850279748791, -0.01000000000000000021, -0.3293093895995677367 ) ) ;
#4849 = CARTESIAN_POINT ( 'NONE',  ( 3.222450804311755235, 0.9064290159990535667, -3.437803220914381175 ) ) ;
#4850 = FACE_OUTER_BOUND ( 'NONE', #224, .T. ) ;
#4851 = CARTESIAN_POINT ( 'NONE',  ( 0.7722034794342281794, 0.8964290159990534468, -0.8777352078093680898 ) ) ;
#4852 = CARTESIAN_POINT ( 'NONE',  ( 3.603321208886131721, 0.8964290159990540019, -4.129770722100850833 ) ) ;
#4853 = STYLED_ITEM ( 'NONE', ( #1166 ), #5680 ) ;
#4854 = CARTESIAN_POINT ( 'NONE',  ( 3.069372272374633059, 0.9064290159990536777, -1.827994025134671574 ) ) ;
#4855 =( NAMED_UNIT ( * ) SI_UNIT ( $, .STERADIAN. ) SOLID_ANGLE_UNIT ( ) );
#4856 = CARTESIAN_POINT ( 'NONE',  ( 5.000000000000000000, 0.8964290159990536688, 0.0000000000000000000 ) ) ;
#4857 = VERTEX_POINT ( 'NONE', #995 ) ;
#4858 = CARTESIAN_POINT ( 'NONE',  ( 1.676692498512132534, 0.9064290159990536777, -2.784713831244895132 ) ) ;
#4859 = VECTOR ( 'NONE', #2459, 1000.000000000000000 ) ;
#4860 = EDGE_CURVE ( 'NONE', #2940, #1613, #3337, .T. ) ;
#4861 = EDGE_LOOP ( 'NONE', ( #1226, #1686, #5862, #676, #5160, #4308, #3001, #3756, #312, #1864, #1059, #5268 ) ) ;
#4862 = VECTOR ( 'NONE', #1967, 1000.000000000000000 ) ;
#4863 = CARTESIAN_POINT ( 'NONE',  ( 3.120489799515830054, 0.9064290159990537887, -3.894408227769150521 ) ) ;
#4864 = CARTESIAN_POINT ( 'NONE',  ( 2.278887162866086502, 0.8964290159990536688, -0.9692008325059928708 ) ) ;
#4865 = CARTESIAN_POINT ( 'NONE',  ( 3.573052601890846613, 0.9064290159990538998, -3.900033143506786981 ) ) ;
#4866 = DIRECTION ( 'NONE',  ( -1.000000000000000000, 0.0000000000000000000, 0.0000000000000000000 ) ) ;
#4867 = AXIS2_PLACEMENT_3D ( 'NONE', #2096, #4986, #4456 ) ;
#4868 = ORIENTED_EDGE ( 'NONE', *, *, #4481, .F. ) ;
#4869 = CARTESIAN_POINT ( 'NONE',  ( 0.6876887375851097328, 0.8964290159990538909, -0.6730892592106024752 ) ) ;
#4870 = VERTEX_POINT ( 'NONE', #2837 ) ;
#4871 = ORIENTED_EDGE ( 'NONE', *, *, #928, .T. ) ;
#4872 = LINE ( 'NONE', #5368, #5613 ) ;
#4873 = ORIENTED_EDGE ( 'NONE', *, *, #2592, .T. ) ;
#4874 = PRESENTATION_LAYER_ASSIGNMENT (  '', '', ( #5672 ) ) ;
#4875 = ORIENTED_EDGE ( 'NONE', *, *, #1479, .F. ) ;
#4876 = DIRECTION ( 'NONE',  ( -0.4804152582365220359, 0.0000000000000000000, 0.8770411504904065403 ) ) ;
#4877 = CARTESIAN_POINT ( 'NONE',  ( 3.185373349396967591, 0.8964290159990537799, -3.586856304024492736 ) ) ;
#4878 = CARTESIAN_POINT ( 'NONE',  ( 3.252418145772069114, 0.9064290159990536777, -1.354627515198300491 ) ) ;
#4879 = ORIENTED_EDGE ( 'NONE', *, *, #263, .F. ) ;
#4880 = AXIS2_PLACEMENT_3D ( 'NONE', #4070, #4140, #5069 ) ;
#4881 = CARTESIAN_POINT ( 'NONE',  ( 3.136276921990836630, 0.9064290159990537887, -3.377018483754735900 ) ) ;
#4882 = LINE ( 'NONE', #5286, #2428 ) ;
#4883 = EDGE_LOOP ( 'NONE', ( #2452, #4879, #2512, #702 ) ) ;
#4884 = CARTESIAN_POINT ( 'NONE',  ( 0.7352672590914194339, 0.9064290159990536777, -0.9146714281521770573 ) ) ;
#4885 = EDGE_CURVE ( 'NONE', #3064, #6020, #3715, .T. ) ;
#4886 = LINE ( 'NONE', #4425, #2324 ) ;
#4887 = EDGE_CURVE ( 'NONE', #3223, #189, #905, .T. ) ;
#4888 = CARTESIAN_POINT ( 'NONE',  ( 1.814170282524206312, 0.8964290159990536688, -1.354627515198300491 ) ) ;
#4889 = VECTOR ( 'NONE', #6131, 1000.000000000000227 ) ;
#4890 = CARTESIAN_POINT ( 'NONE',  ( 0.0000000000000000000, 0.8964290159990536688, 0.0000000000000000000 ) ) ;
#4891 = ADVANCED_FACE ( 'NONE', ( #1352 ), #4735, .T. ) ;
#4892 = FILL_AREA_STYLE ('',( #5758 ) ) ;
#4893 = LINE ( 'NONE', #221, #5395 ) ;
#4894 = ORIENTED_EDGE ( 'NONE', *, *, #4825, .T. ) ;
#4895 = DIRECTION ( 'NONE',  ( -0.4802882638304222795, 0.0000000000000000000, 0.8771107020363840823 ) ) ;
#4896 = EDGE_CURVE ( 'NONE', #2910, #1292, #5638, .T. ) ;
#4897 = VERTEX_POINT ( 'NONE', #436 ) ;
#4898 = DIRECTION ( 'NONE',  ( 1.000000000000000000, 0.0000000000000000000, 0.0000000000000000000 ) ) ;
#4899 = CARTESIAN_POINT ( 'NONE',  ( 2.764635026113949845, 0.9064290159990536777, -2.357160691801337915 ) ) ;
#4900 = CARTESIAN_POINT ( 'NONE',  ( 1.702231179960103757, 0.9064290159990536777, -2.357160691801337915 ) ) ;
#4901 =( NAMED_UNIT ( * ) SI_UNIT ( $, .STERADIAN. ) SOLID_ANGLE_UNIT ( ) );
#4902 = VECTOR ( 'NONE', #5545, 1000.000000000000227 ) ;
#4903 = VECTOR ( 'NONE', #5887, 1000.000000000000227 ) ;
#4904 = ORIENTED_EDGE ( 'NONE', *, *, #4187, .T. ) ;
#4905 = FACE_OUTER_BOUND ( 'NONE', #3939, .T. ) ;
#4906 = ORIENTED_EDGE ( 'NONE', *, *, #2833, .T. ) ;
#4907 = EDGE_CURVE ( 'NONE', #5490, #3497, #2350, .T. ) ;
#4908 = VECTOR ( 'NONE', #3890, 1000.000000000000000 ) ;
#4909 = VECTOR ( 'NONE', #504, 999.9999999999998863 ) ;
#4910 = VERTEX_POINT ( 'NONE', #3394 ) ;
#4911 = LINE ( 'NONE', #566, #3725 ) ;
#4912 = ORIENTED_EDGE ( 'NONE', *, *, #5153, .T. ) ;
#4913 = FILL_AREA_STYLE ('',( #4505 ) ) ;
#4914 = ORIENTED_EDGE ( 'NONE', *, *, #4301, .F. ) ;
#4915 = FACE_OUTER_BOUND ( 'NONE', #3383, .T. ) ;
#4916 = CARTESIAN_POINT ( 'NONE',  ( 3.199057969434755400, 0.8964290159990534468, -3.575571747597179773 ) ) ;
#4917 = CARTESIAN_POINT ( 'NONE',  ( 1.747729683303306469, 0.9064290159990536777, -3.043473829274840448 ) ) ;
#4918 = ORIENTED_EDGE ( 'NONE', *, *, #3243, .F. ) ;
#4919 = VECTOR ( 'NONE', #620, 1000.000000000000000 ) ;
#4920 = STYLED_ITEM ( 'NONE', ( #5191 ), #2939 ) ;
#4921 = CARTESIAN_POINT ( 'NONE',  ( 3.077264066506099294, 0.9064290159990541218, -3.367248381857778305 ) ) ;
#4922 = FACE_BOUND ( 'NONE', #950, .T. ) ;
#4923 = ORIENTED_EDGE ( 'NONE', *, *, #5158, .F. ) ;
#4924 = CARTESIAN_POINT ( 'NONE',  ( 0.7352672590914194339, 0.8964290159990536688, -0.9146714281521770573 ) ) ;
#4925 = VECTOR ( 'NONE', #969, 1000.000000000000000 ) ;
#4926 = FACE_OUTER_BOUND ( 'NONE', #4224, .T. ) ;
#4927 = CARTESIAN_POINT ( 'NONE',  ( 3.015115124595662444, 0.8964290159990536688, -4.461653005791782256 ) ) ;
#4928 = AXIS2_PLACEMENT_3D ( 'NONE', #262, #3062, #5556 ) ;
#4929 = DIRECTION ( 'NONE',  ( 0.9290796217259642553, -0.0000000000000000000, 0.3698797865436000420 ) ) ;
#4930 = CARTESIAN_POINT ( 'NONE',  ( 0.6614583333333333703, 0.8964290159990536688, -0.6716346153846154410 ) ) ;
#4931 = CARTESIAN_POINT ( 'NONE',  ( 1.536018573122496900, 0.8964290159990536688, -0.8254608485316339284 ) ) ;
#4932 = ORIENTED_EDGE ( 'NONE', *, *, #580, .T. ) ;
#4933 = ORIENTED_EDGE ( 'NONE', *, *, #4334, .F. ) ;
#4934 = CARTESIAN_POINT ( 'NONE',  ( 3.234894429166190744, 0.9064290159990536777, -3.497393746532523551 ) ) ;
#4935 = DIRECTION ( 'NONE',  ( -0.0000000000000000000, -1.000000000000000000, -0.0000000000000000000 ) ) ;
#4936 = CARTESIAN_POINT ( 'NONE',  ( 1.753112590216513889, 0.8964290159990536688, -1.354627515198300491 ) ) ;
#4937 = LINE ( 'NONE', #2566, #2098 ) ;
#4938 = ORIENTED_EDGE ( 'NONE', *, *, #3411, .F. ) ;
#4939 = DIRECTION ( 'NONE',  ( -0.0000000000000000000, 0.0000000000000000000, 1.000000000000000000 ) ) ;
#4940 = EDGE_CURVE ( 'NONE', #634, #1078, #4359, .T. ) ;
#4941 = UNCERTAINTY_MEASURE_WITH_UNIT (LENGTH_MEASURE( 1.000000000000000082E-05 ), #1134, 'distance_accuracy_value', 'NONE');
#4942 = ORIENTED_EDGE ( 'NONE', *, *, #3508, .F. ) ;
#4943 =( LENGTH_UNIT ( ) NAMED_UNIT ( * ) SI_UNIT ( .MILLI., .METRE. ) );
#4944 = ORIENTED_EDGE ( 'NONE', *, *, #6096, .T. ) ;
#4945 = LINE ( 'NONE', #104, #204 ) ;
#4946 = VERTEX_POINT ( 'NONE', #3861 ) ;
#4947 = LINE ( 'NONE', #207, #3023 ) ;
#4948 = DIRECTION ( 'NONE',  ( 1.000000000000000000, 0.0000000000000000000, 0.0000000000000000000 ) ) ;
#4949 = DIRECTION ( 'NONE',  ( -0.0000000000000000000, -1.000000000000000000, -0.0000000000000000000 ) ) ;
#4950 = ORIENTED_EDGE ( 'NONE', *, *, #5986, .F. ) ;
#4951 = ADVANCED_FACE ( 'NONE', ( #1971 ), #551, .T. ) ;
#4952 = CARTESIAN_POINT ( 'NONE',  ( 3.061400851434462389, 0.9064290159990536777, -1.354627515198300491 ) ) ;
#4953 = ORIENTED_EDGE ( 'NONE', *, *, #3155, .T. ) ;
#4954 = FACE_OUTER_BOUND ( 'NONE', #2440, .T. ) ;
#4955 = EDGE_CURVE ( 'NONE', #5859, #203, #4824, .T. ) ;
#4956 = CARTESIAN_POINT ( 'NONE',  ( 3.147957224674464705, 0.9064290159990536777, -3.043473829274840448 ) ) ;
#4957 = CARTESIAN_POINT ( 'NONE',  ( 0.6614583333333333703, 0.9064290159990536777, -0.9362179487179487225 ) ) ;
#4958 = CARTESIAN_POINT ( 'NONE',  ( 2.633360987652411112, 0.8964290159990536688, -0.8254608485316339284 ) ) ;
#4959 = CARTESIAN_POINT ( 'NONE',  ( 3.336415210466046055, 0.8964290159990533358, -3.071587135628361942 ) ) ;
#4960 = DIRECTION ( 'NONE',  ( 0.0000000000000000000, 0.0000000000000000000, -1.000000000000000000 ) ) ;
#4961 = ORIENTED_EDGE ( 'NONE', *, *, #4250, .T. ) ;
#4962 = CARTESIAN_POINT ( 'NONE',  ( 1.966814513293437150, 0.9064290159990536777, -0.9665507590551382089 ) ) ;
#4963 = VECTOR ( 'NONE', #5764, 1000.000000000000000 ) ;
#4964 = VERTEX_POINT ( 'NONE', #3091 ) ;
#4965 = CARTESIAN_POINT ( 'NONE',  ( 2.120582375205830150, 0.8964290159990536688, -1.827994025134671574 ) ) ;
#4966 = CARTESIAN_POINT ( 'NONE',  ( 0.0000000000000000000, 0.8964290159990536688, 0.0000000000000000000 ) ) ;
#4967 = AXIS2_PLACEMENT_3D ( 'NONE', #1540, #5390, #534 ) ;
#4968 = CARTESIAN_POINT ( 'NONE',  ( 2.835635794009248478, 0.9064290159990536777, -2.357160691801337915 ) ) ;
#4969 = ORIENTED_EDGE ( 'NONE', *, *, #3571, .T. ) ;
#4970 = DIRECTION ( 'NONE',  ( 0.0000000000000000000, 0.0000000000000000000, -1.000000000000000000 ) ) ;
#4971 = EDGE_LOOP ( 'NONE', ( #3883, #1548, #979, #4107 ) ) ;
#4972 = DIRECTION ( 'NONE',  ( 0.4804152582365225910, 0.0000000000000000000, 0.8770411504904062072 ) ) ;
#4973 = ADVANCED_FACE ( 'NONE', ( #1267 ), #855, .T. ) ;
#4974 = EDGE_LOOP ( 'NONE', ( #5237, #2965, #898, #273, #1836, #5244, #1074, #425, #3877, #4001, #2054, #2845 ) ) ;
#4975 = CARTESIAN_POINT ( 'NONE',  ( 0.5291666666666666741, 0.9064290159990536777, -0.8039262820512820262 ) ) ;
#4976 = ORIENTED_EDGE ( 'NONE', *, *, #1035, .T. ) ;
#4977 = DIRECTION ( 'NONE',  ( -0.0000000000000000000, 0.0000000000000000000, 1.000000000000000000 ) ) ;
#4978 = DIRECTION ( 'NONE',  ( 0.0000000000000000000, 0.0000000000000000000, -1.000000000000000000 ) ) ;
#4979 = CARTESIAN_POINT ( 'NONE',  ( 3.591627547481470728, 0.9064290159990536777, -1.354627515198300491 ) ) ;
#4980 = ORIENTED_EDGE ( 'NONE', *, *, #3232, .F. ) ;
#4981 = CARTESIAN_POINT ( 'NONE',  ( 3.336415210466046055, 0.9064290159990536777, -3.071587135628361942 ) ) ;
#4982 = B_SPLINE_SURFACE_WITH_KNOTS ( 'NONE', 3, 1, ( 
 ( #2102, #5916 ),
 ( #4174, #1663 ),
 ( #870, #4522 ),
 ( #3556, #689 ),
 ( #3084, #6082 ),
 ( #3052, #2306 ),
 ( #2166, #4990 ),
 ( #1695, #3704 ),
 ( #3588, #5024 ),
 ( #720, #2620 ),
 ( #5450, #1339 ),
 ( #4053, #5598 ),
 ( #5485, #3233 ),
 ( #2587, #4959 ),
 ( #1814, #220 ),
 ( #1221, #3992 ),
 ( #4023, #2559 ),
 ( #1845, #3119 ),
 ( #5420, #368 ) ),
 .UNSPECIFIED., .F., .F., .F.,
 ( 4, 1, 1, 1, 1, 1, 1, 1, 1, 1, 1, 1, 1, 1, 1, 1, 4 ),
 ( 2, 2 ),
 ( 0.0000000000000000000, 0.05532994753244363517, 0.1095669129065141856, 0.1635052341545482624, 0.2181068326408382996, 0.2745542418920282612, 0.3325493756472083784, 0.3937865580565333423, 0.4585889581839310836, 0.5247912453323901882, 0.5900678770463961831, 0.6556562814272623996, 0.7214312517726384488, 0.7881687928130066689, 0.8565958983758099610, 0.9271866057981048570, 1.000000000000000000 ),
 ( 0.0000000000000000000, 1.000000000000000000 ),
 .UNSPECIFIED. ) ;
#4983 = VERTEX_POINT ( 'NONE', #259 ) ;
#4984 = LINE ( 'NONE', #1186, #1813 ) ;
#4985 = EDGE_CURVE ( 'NONE', #1805, #3355, #4996, .T. ) ;
#4986 = DIRECTION ( 'NONE',  ( 1.000000000000000000, 0.0000000000000000000, 0.0000000000000000000 ) ) ;
#4987 = AXIS2_PLACEMENT_3D ( 'NONE', #2331, #1870, #6110 ) ;
#4988 = FACE_OUTER_BOUND ( 'NONE', #722, .T. ) ;
#4989 = LINE ( 'NONE', #3211, #4466 ) ;
#4990 = CARTESIAN_POINT ( 'NONE',  ( 3.581736851952597611, 0.8964290159990535578, -3.248454377775290336 ) ) ;
#4991 = LINE ( 'NONE', #4123, #3114 ) ;
#4992 = ORIENTED_EDGE ( 'NONE', *, *, #1389, .F. ) ;
#4993 = FACE_OUTER_BOUND ( 'NONE', #5737, .T. ) ;
#4994 = ORIENTED_EDGE ( 'NONE', *, *, #1136, .F. ) ;
#4995 = EDGE_CURVE ( 'NONE', #2703, #2656, #1670, .T. ) ;
#4996 = LINE ( 'NONE', #322, #1990 ) ;
#4997 = CARTESIAN_POINT ( 'NONE',  ( 2.354424856509248709, 0.8964290159990536688, -2.357160691801337915 ) ) ;
#4998 = DIRECTION ( 'NONE',  ( -0.3698797865436008747, 0.0000000000000000000, 0.9290796217259640333 ) ) ;
#4999 = DIRECTION ( 'NONE',  ( 0.0000000000000000000, -1.000000000000000000, 0.0000000000000000000 ) ) ;
#5000 = PLANE ( 'NONE',  #5218 ) ;
#5001 = VERTEX_POINT ( 'NONE', #5030 ) ;
#5002 = EDGE_CURVE ( 'NONE', #3562, #4447, #4558, .T. ) ;
#5003 = ORIENTED_EDGE ( 'NONE', *, *, #2880, .T. ) ;
#5004 = EDGE_CURVE ( 'NONE', #2424, #5839, #1295, .T. ) ;
#5005 = ORIENTED_EDGE ( 'NONE', *, *, #89, .T. ) ;
#5006 = PLANE ( 'NONE',  #5676 ) ;
#5007 = ORIENTED_EDGE ( 'NONE', *, *, #5393, .F. ) ;
#5008 = CARTESIAN_POINT ( 'NONE',  ( 3.218781109798566131, 0.8964290159990537799, -4.016522354592092725 ) ) ;
#5009 = DIRECTION ( 'NONE',  ( -1.000000000000000000, 0.0000000000000000000, 0.0000000000000000000 ) ) ;
#5010 = DIRECTION ( 'NONE',  ( -0.2570842515897343583, 0.0000000000000000000, -0.9663889939276761876 ) ) ;
#5011 = ORIENTED_EDGE ( 'NONE', *, *, #3895, .T. ) ;
#5012 = EDGE_CURVE ( 'NONE', #4897, #2665, #4157, .T. ) ;
#5013 = VECTOR ( 'NONE', #3308, 1000.000000000000227 ) ;
#5014 = AXIS2_PLACEMENT_3D ( 'NONE', #4575, #2153, #4044 ) ;
#5015 = PLANE ( 'NONE',  #4727 ) ;
#5016 = ORIENTED_EDGE ( 'NONE', *, *, #5046, .T. ) ;
#5017 = DIRECTION ( 'NONE',  ( -0.0000000000000000000, -1.000000000000000000, -0.0000000000000000000 ) ) ;
#5018 = CARTESIAN_POINT ( 'NONE',  ( 0.6876887375851097328, 0.9064290159990538998, -0.6730892592106024752 ) ) ;
#5019 = CARTESIAN_POINT ( 'NONE',  ( 1.646155625740018280, 0.8964290159990536688, -2.357160691801337915 ) ) ;
#5020 = CARTESIAN_POINT ( 'NONE',  ( 1.914851873069078003, 0.8964290159990536688, -2.098725528873987667 ) ) ;
#5021 = VECTOR ( 'NONE', #2603, 1000.000000000000114 ) ;
#5022 = EDGE_CURVE ( 'NONE', #3355, #5212, #469, .T. ) ;
#5023 = LINE ( 'NONE', #3156, #1485 ) ;
#5024 = CARTESIAN_POINT ( 'NONE',  ( 3.527914114377584731, 0.8964290159990534468, -3.186005064515025964 ) ) ;
#5025 = VECTOR ( 'NONE', #2317, 1000.000000000000000 ) ;
#5026 = STYLED_ITEM ( 'NONE', ( #5067 ), #4210 ) ;
#5027 = EDGE_LOOP ( 'NONE', ( #6130, #5762, #4012, #1924 ) ) ;
#5028 = CARTESIAN_POINT ( 'NONE',  ( 3.153099540441414383, 0.9064290159990540108, -4.122101618354149011 ) ) ;
#5029 = ORIENTED_EDGE ( 'NONE', *, *, #2125, .F. ) ;
#5030 = CARTESIAN_POINT ( 'NONE',  ( 2.361103041605403074, 0.8964290159990536688, -1.827994025134671574 ) ) ;
#5031 = AXIS2_PLACEMENT_3D ( 'NONE', #4723, #1392, #4261 ) ;
#5032 = LINE ( 'NONE', #3596, #4362 ) ;
#5033 = LINE ( 'NONE', #6018, #3412 ) ;
#5034 = LINE ( 'NONE', #3664, #2348 ) ;
#5035 = ORIENTED_EDGE ( 'NONE', *, *, #1867, .T. ) ;
#5036 = ORIENTED_EDGE ( 'NONE', *, *, #2446, .T. ) ;
#5037 = EDGE_CURVE ( 'NONE', #5001, #5571, #3563, .T. ) ;
#5038 = CARTESIAN_POINT ( 'NONE',  ( 3.544138231242154990, 0.8964290159990536688, -0.8254608485316339284 ) ) ;
#5039 = ORIENTED_EDGE ( 'NONE', *, *, #5772, .T. ) ;
#5040 = DIRECTION ( 'NONE',  ( -0.0000000000000000000, -1.000000000000000000, -0.0000000000000000000 ) ) ;
#5041 = ORIENTED_EDGE ( 'NONE', *, *, #1389, .T. ) ;
#5042 = DIRECTION ( 'NONE',  ( -0.8771175078130485359, 0.0000000000000000000, 0.4802758347947843065 ) ) ;
#5043 = CARTESIAN_POINT ( 'NONE',  ( 3.795153188507112141, 0.9064290159990536777, -0.8254608485316339284 ) ) ;
#5044 = CARTESIAN_POINT ( 'NONE',  ( 3.118769641498564837, 0.9064290159990536777, -2.357160691801337915 ) ) ;
#5045 = ORIENTED_EDGE ( 'NONE', *, *, #809, .F. ) ;
#5046 = EDGE_CURVE ( 'NONE', #5103, #3978, #3187, .T. ) ;
#5047 = CARTESIAN_POINT ( 'NONE',  ( 3.637267508362408197, 0.9064290159990536777, -3.426356561741349172 ) ) ;
#5048 = ORIENTED_EDGE ( 'NONE', *, *, #4352, .T. ) ;
#5049 = CARTESIAN_POINT ( 'NONE',  ( 2.835635794009248478, 0.8964290159990536688, -2.357160691801337915 ) ) ;
#5050 = ORIENTED_EDGE ( 'NONE', *, *, #5156, .T. ) ;
#5051 = CARTESIAN_POINT ( 'NONE',  ( 0.6614583333333333703, 0.8964290159990536688, -0.6716346153846154410 ) ) ;
#5052 = CARTESIAN_POINT ( 'NONE',  ( 0.6103126688945070821, 0.8964290159990536688, -0.9275143899334856723 ) ) ;
#5053 = DIRECTION ( 'NONE',  ( -0.0000000000000000000, -1.000000000000000000, -0.0000000000000000000 ) ) ;
#5054 = DIRECTION ( 'NONE',  ( 0.0000000000000000000, 0.0000000000000000000, -1.000000000000000000 ) ) ;
#5055 = EDGE_LOOP ( 'NONE', ( #606, #5541, #3343, #4994, #2327, #4587, #4142, #1537, #3067, #2992, #1482, #2270 ) ) ;
#5056 = CARTESIAN_POINT ( 'NONE',  ( 2.806145776648137691, 0.9064290159990536777, -1.354627515198300491 ) ) ;
#5057 = ORIENTED_EDGE ( 'NONE', *, *, #5289, .T. ) ;
#5058 = CARTESIAN_POINT ( 'NONE',  ( 0.0000000000000000000, 0.8964290159990536688, 0.0000000000000000000 ) ) ;
#5059 = DIRECTION ( 'NONE',  ( -0.4804152582365220359, 0.0000000000000000000, -0.8770411504904065403 ) ) ;
#5060 = CARTESIAN_POINT ( 'NONE',  ( 3.602282710364730800, 0.8964290159990535578, -3.589065751329983289 ) ) ;
#5061 = DIRECTION ( 'NONE',  ( -8.689393269268891108E-14, 1.000000000000000000, 1.191805567427567982E-13 ) ) ;
#5062 = EDGE_CURVE ( 'NONE', #5431, #2252, #5118, .T. ) ;
#5063 = VERTEX_POINT ( 'NONE', #1703 ) ;
#5064 = VECTOR ( 'NONE', #5548, 1000.000000000000000 ) ;
#5065 = VERTEX_POINT ( 'NONE', #2720 ) ;
#5066 = CARTESIAN_POINT ( 'NONE',  ( 2.957305966284890175, 0.9064290159990536777, -0.9692008325059928708 ) ) ;
#5067 = PRESENTATION_STYLE_ASSIGNMENT (( #4635 ) ) ;
#5068 = ORIENTED_EDGE ( 'NONE', *, *, #5206, .T. ) ;
#5069 = DIRECTION ( 'NONE',  ( 0.0000000000000000000, 0.0000000000000000000, 1.000000000000000000 ) ) ;
#5070 = ORIENTED_EDGE ( 'NONE', *, *, #5912, .F. ) ;
#5071 = FACE_OUTER_BOUND ( 'NONE', #2017, .T. ) ;
#5072 = CARTESIAN_POINT ( 'NONE',  ( 3.405932850279748791, -0.01000000000000000021, -2.179309389599567659 ) ) ;
#5073 = FACE_OUTER_BOUND ( 'NONE', #1872, .T. ) ;
#5074 = ORIENTED_EDGE ( 'NONE', *, *, #5097, .F. ) ;
#5075 = EDGE_CURVE ( 'NONE', #5094, #3638, #3595, .T. ) ;
#5076 = ORIENTED_EDGE ( 'NONE', *, *, #5402, .T. ) ;
#5077 = LINE ( 'NONE', #3235, #3594 ) ;
#5078 = ORIENTED_EDGE ( 'NONE', *, *, #1498, .F. ) ;
#5079 = CARTESIAN_POINT ( 'NONE',  ( 0.5875818738530219631, 0.8964290159990537799, -0.6929698366247789565 ) ) ;
#5080 = VECTOR ( 'NONE', #4747, 999.9999999999998863 ) ;
#5081 = CARTESIAN_POINT ( 'NONE',  ( 0.6614583333333333703, 0.8964290159990536688, -0.9362179487179487225 ) ) ;
#5082 = ADVANCED_FACE ( 'NONE', ( #354 ), #5491, .T. ) ;
#5083 = EDGE_CURVE ( 'NONE', #1918, #1216, #789, .T. ) ;
#5084 = DIRECTION ( 'NONE',  ( -0.8770197613181063279, 0.0000000000000000000, -0.4804543040264409592 ) ) ;
#5085 = DIRECTION ( 'NONE',  ( 0.0000000000000000000, -0.0000000000000000000, 1.000000000000000000 ) ) ;
#5086 = ORIENTED_EDGE ( 'NONE', *, *, #575, .F. ) ;
#5087 = CARTESIAN_POINT ( 'NONE',  ( 3.153099540441414383, 0.8964290159990537799, -4.122101618354149011 ) ) ;
#5088 = ADVANCED_FACE ( 'NONE', ( #5260 ), #32, .T. ) ;
#5089 = VECTOR ( 'NONE', #462, 1000.000000000000000 ) ;
#5090 = DIRECTION ( 'NONE',  ( 1.000000000000000000, 0.0000000000000000000, 0.0000000000000000000 ) ) ;
#5091 = DIRECTION ( 'NONE',  ( 1.000000000000000000, 0.0000000000000000000, 0.0000000000000000000 ) ) ;
#5092 = CARTESIAN_POINT ( 'NONE',  ( 3.589430883331271360, 0.8964290159990535578, -3.611765353833101155 ) ) ;
#5093 = DIRECTION ( 'NONE',  ( 0.8771107020363836382, -0.0000000000000000000, 0.4802882638304235008 ) ) ;
#5094 = VERTEX_POINT ( 'NONE', #944 ) ;
#5095 = ORIENTED_EDGE ( 'NONE', *, *, #744, .T. ) ;
#5096 = CARTESIAN_POINT ( 'NONE',  ( 2.240895709874633379, 0.9064290159990536777, -2.047526109803475158 ) ) ;
#5097 = EDGE_CURVE ( 'NONE', #3480, #3231, #2866, .T. ) ;
#5098 = VERTEX_POINT ( 'NONE', #467 ) ;
#5099 = LINE ( 'NONE', #3227, #5581 ) ;
#5100 = CARTESIAN_POINT ( 'NONE',  ( 3.120489799515830054, 0.9064290159990540108, -3.894408227769150521 ) ) ;
#5101 = LINE ( 'NONE', #1811, #2728 ) ;
#5102 = VERTEX_POINT ( 'NONE', #1354 ) ;
#5103 = VERTEX_POINT ( 'NONE', #4710 ) ;
#5104 = LINE ( 'NONE', #842, #3988 ) ;
#5105 = ORIENTED_EDGE ( 'NONE', *, *, #596, .T. ) ;
#5106 = LINE ( 'NONE', #3708, #4230 ) ;
#5107 = PLANE ( 'NONE',  #5694 ) ;
#5108 = VECTOR ( 'NONE', #1200, 1000.000000000000000 ) ;
#5109 = FACE_OUTER_BOUND ( 'NONE', #5987, .T. ) ;
#5110 = AXIS2_PLACEMENT_3D ( 'NONE', #3683, #3302, #820 ) ;
#5111 = LINE ( 'NONE', #2654, #184 ) ;
#5112 = LINE ( 'NONE', #4675, #5697 ) ;
#5113 = VECTOR ( 'NONE', #3420, 1000.000000000000114 ) ;
#5114 = FILL_AREA_STYLE ('',( #3213 ) ) ;
#5115 = CARTESIAN_POINT ( 'NONE',  ( 2.977255719222924313, 0.9064290159990536777, -2.098725528873987667 ) ) ;
#5116 = AXIS2_PLACEMENT_3D ( 'NONE', #5341, #4978, #2483 ) ;
#5117 = AXIS2_PLACEMENT_3D ( 'NONE', #756, #2739, #3739 ) ;
#5118 = LINE ( 'NONE', #823, #1693 ) ;
#5119 = EDGE_CURVE ( 'NONE', #4599, #3100, #5173, .T. ) ;
#5120 = CARTESIAN_POINT ( 'NONE',  ( 2.771419214148137300, 0.9064290159990536777, -1.827994025134671574 ) ) ;
#5121 = VECTOR ( 'NONE', #4042, 1000.000000000000000 ) ;
#5122 = CARTESIAN_POINT ( 'NONE',  ( 2.772776051754975324, 0.9064290159990536777, -1.827994025134671574 ) ) ;
#5123 = CARTESIAN_POINT ( 'NONE',  ( 2.071291009019932794, 0.8964290159990536688, -2.357160691801337915 ) ) ;
#5124 = EDGE_LOOP ( 'NONE', ( #3321, #4536, #1206, #2357 ) ) ;
#5125 = ORIENTED_EDGE ( 'NONE', *, *, #4326, .F. ) ;
#5126 = CARTESIAN_POINT ( 'NONE',  ( 2.779560239789163223, 0.9064290159990536777, -2.357160691801337915 ) ) ;
#5127 = ORIENTED_EDGE ( 'NONE', *, *, #4328, .F. ) ;
#5128 = DIRECTION ( 'NONE',  ( 1.000000000000000000, 0.0000000000000000000, -0.0000000000000000000 ) ) ;
#5129 = EDGE_CURVE ( 'NONE', #2591, #6073, #4764, .T. ) ;
#5130 = CARTESIAN_POINT ( 'NONE',  ( 3.093982258282270692, 0.8964290159990535578, -3.888173598725666924 ) ) ;
#5131 = DIRECTION ( 'NONE',  ( 0.9650263687753988240, -0.0000000000000000000, 0.2621528324626077322 ) ) ;
#5132 = ORIENTED_EDGE ( 'NONE', *, *, #4673, .T. ) ;
#5133 = EDGE_CURVE ( 'NONE', #2638, #135, #6154, .T. ) ;
#5134 = LINE ( 'NONE', #659, #236 ) ;
#5135 = ORIENTED_EDGE ( 'NONE', *, *, #4112, .T. ) ;
#5136 = CARTESIAN_POINT ( 'NONE',  ( 0.7937499999999999556, 0.9064290159990536777, -0.8039262820512820262 ) ) ;
#5137 = ORIENTED_EDGE ( 'NONE', *, *, #2749, .F. ) ;
#5138 = LINE ( 'NONE', #1849, #2047 ) ;
#5139 = CARTESIAN_POINT ( 'NONE',  ( 3.443195740817603046, 0.9064290159990536777, -4.357380781344657450 ) ) ;
#5140 = ADVANCED_FACE ( 'NONE', ( #5641 ), #4302, .F. ) ;
#5141 = DIRECTION ( 'NONE',  ( 1.000000000000000000, 0.0000000000000000000, -0.0000000000000000000 ) ) ;
#5142 = DIRECTION ( 'NONE',  ( 1.000000000000000000, 0.0000000000000000000, -0.0000000000000000000 ) ) ;
#5143 = CARTESIAN_POINT ( 'NONE',  ( 2.949164940643863808, 0.9064290159990536777, -2.149924947944500619 ) ) ;
#5144 = CARTESIAN_POINT ( 'NONE',  ( 2.921074162064804192, 0.8964290159990536688, -2.098725528873987667 ) ) ;
#5145 = CARTESIAN_POINT ( 'NONE',  ( 3.561352897722794175, 0.9064290159990535667, -4.232955021639440041 ) ) ;
#5146 = CARTESIAN_POINT ( 'NONE',  ( 3.199057969434755400, 0.9064290159990534557, -3.575571747597179773 ) ) ;
#5147 = CARTESIAN_POINT ( 'NONE',  ( 3.573052601890846613, 0.9064290159990538998, -3.900033143506786981 ) ) ;
#5148 = EDGE_LOOP ( 'NONE', ( #5333, #653, #3134, #5560 ) ) ;
#5149 = ORIENTED_EDGE ( 'NONE', *, *, #5910, .T. ) ;
#5150 = CARTESIAN_POINT ( 'NONE',  ( 1.886761094490018165, 0.9064290159990536777, -2.149924947944500619 ) ) ;
#5151 = DIRECTION ( 'NONE',  ( -1.000000000000000000, 0.0000000000000000000, 0.0000000000000000000 ) ) ;
#5152 = DIRECTION ( 'NONE',  ( -0.0000000000000000000, -1.000000000000000000, -0.0000000000000000000 ) ) ;
#5153 = EDGE_CURVE ( 'NONE', #2365, #1011, #3809, .T. ) ;
#5154 = CARTESIAN_POINT ( 'NONE',  ( 3.069691183391062506, 0.9064290159990536777, -4.140423196420134566 ) ) ;
#5155 = ORIENTED_EDGE ( 'NONE', *, *, #5587, .T. ) ;
#5156 = EDGE_CURVE ( 'NONE', #1182, #1994, #1469, .T. ) ;
#5157 = AXIS2_PLACEMENT_3D ( 'NONE', #1952, #5736, #3935 ) ;
#5158 = EDGE_CURVE ( 'NONE', #5531, #3207, #2840, .T. ) ;
#5159 = CARTESIAN_POINT ( 'NONE',  ( 3.197691451432004506, 0.8964290159990540019, -3.949286345905796747 ) ) ;
#5160 = ORIENTED_EDGE ( 'NONE', *, *, #1860, .F. ) ;
#5161 = LINE ( 'NONE', #512, #703 ) ;
#5162 = EDGE_CURVE ( 'NONE', #5839, #3740, #2438, .T. ) ;
#5163 = VERTEX_POINT ( 'NONE', #3720 ) ;
#5164 = FACE_OUTER_BOUND ( 'NONE', #3251, .T. ) ;
#5165 = VECTOR ( 'NONE', #4188, 1000.000000000000000 ) ;
#5166 = CARTESIAN_POINT ( 'NONE',  ( 3.579193050213608007, 0.9064290159990535667, -4.198916789766474089 ) ) ;
#5167 = CARTESIAN_POINT ( 'NONE',  ( 1.747729683303306469, 0.9064290159990536777, -3.043473829274840448 ) ) ;
#5168 = VECTOR ( 'NONE', #5626, 1000.000000000000114 ) ;
#5169 = LINE ( 'NONE', #6120, #4311 ) ;
#5170 = VECTOR ( 'NONE', #5652, 1000.000000000000000 ) ;
#5171 = CARTESIAN_POINT ( 'NONE',  ( 1.961726372267796004, 0.9064290159990536777, -0.8254608485316339284 ) ) ;
#5172 = DIRECTION ( 'NONE',  ( 0.3698797865436009302, 0.0000000000000000000, -0.9290796217259640333 ) ) ;
#5173 = LINE ( 'NONE', #1885, #2681 ) ;
#5174 = CARTESIAN_POINT ( 'NONE',  ( 3.229797019845197514, 0.9064290159990535667, -4.441710152727106120 ) ) ;
#5175 = CARTESIAN_POINT ( 'NONE',  ( 3.637040303024530186, 0.8964290159990533358, -3.436447298890381585 ) ) ;
#5176 = CARTESIAN_POINT ( 'NONE',  ( 3.493531828988115429, 0.9064290159990537887, -3.799599196143114810 ) ) ;
#5177 = ORIENTED_EDGE ( 'NONE', *, *, #3441, .T. ) ;
#5178 = EDGE_CURVE ( 'NONE', #2252, #1176, #1858, .T. ) ;
#5179 = VECTOR ( 'NONE', #2021, 1000.000000000000000 ) ;
#5180 = UNCERTAINTY_MEASURE_WITH_UNIT (LENGTH_MEASURE( 1.000000000000000082E-05 ), #568, 'distance_accuracy_value', 'NONE');
#5181 = LINE ( 'NONE', #40, #4598 ) ;
#5182 = LINE ( 'NONE', #2817, #1839 ) ;
#5183 = PLANE ( 'NONE',  #1301 ) ;
#5184 = ORIENTED_EDGE ( 'NONE', *, *, #5336, .T. ) ;
#5185 = CARTESIAN_POINT ( 'NONE',  ( 4.755932850279749324, -0.01000000000000000021, -4.729309389599568370 ) ) ;
#5186 = VERTEX_POINT ( 'NONE', #970 ) ;
#5187 = EDGE_CURVE ( 'NONE', #6047, #3638, #3340, .T. ) ;
#5188 = CARTESIAN_POINT ( 'NONE',  ( 2.492589085943009763, 0.9064290159990536777, -1.354627515198300491 ) ) ;
#5189 = ORIENTED_EDGE ( 'NONE', *, *, #5426, .T. ) ;
#5190 = ORIENTED_EDGE ( 'NONE', *, *, #1860, .T. ) ;
#5191 = PRESENTATION_STYLE_ASSIGNMENT (( #52 ) ) ;
#5192 = DIRECTION ( 'NONE',  ( 0.4804543040264410148, 0.0000000000000000000, 0.8770197613181063279 ) ) ;
#5193 = DIRECTION ( 'NONE',  ( 0.4802882638304228347, 0.0000000000000000000, 0.8771107020363839712 ) ) ;
#5194 = CARTESIAN_POINT ( 'NONE',  ( 0.3559328502797489691, -0.01000000000000000021, -0.5793093895995677922 ) ) ;
#5195 = CARTESIAN_POINT ( 'NONE',  ( 2.967270242460103180, 0.8964290159990536688, -0.8254608485316339284 ) ) ;
#5196 = CARTESIAN_POINT ( 'NONE',  ( 3.405932850279748791, 0.0000000000000000000, -0.3293093895995677367 ) ) ;
#5197 = AXIS2_PLACEMENT_3D ( 'NONE', #1696, #5054, #4649 ) ;
#5198 = CARTESIAN_POINT ( 'NONE',  ( 0.6876887375851097328, 0.9064290159990538998, -0.6730892592106024752 ) ) ;
#5199 = ADVANCED_FACE ( 'NONE', ( #5352 ), #3425, .T. ) ;
#5200 = PRESENTATION_LAYER_ASSIGNMENT (  '', '', ( #4122 ) ) ;
#5201 = DIRECTION ( 'NONE',  ( -1.000000000000000000, 0.0000000000000000000, 0.0000000000000000000 ) ) ;
#5202 = DIRECTION ( 'NONE',  ( -0.0000000000000000000, -1.000000000000000000, -0.0000000000000000000 ) ) ;
#5203 = DIRECTION ( 'NONE',  ( 0.8770411504904065403, 0.0000000000000000000, -0.4804152582365220359 ) ) ;
#5204 = VECTOR ( 'NONE', #4620, 1000.000000000000227 ) ;
#5205 = CARTESIAN_POINT ( 'NONE',  ( 3.610596507574385772, 0.8964290159990536688, -4.059279926595564802 ) ) ;
#5206 = EDGE_CURVE ( 'NONE', #3740, #4314, #5818, .T. ) ;
#5207 = ORIENTED_EDGE ( 'NONE', *, *, #4660, .F. ) ;
#5208 = ADVANCED_FACE ( 'NONE', ( #4335 ), #1122, .T. ) ;
#5209 = VECTOR ( 'NONE', #4814, 1000.000000000000000 ) ;
#5210 = ORIENTED_EDGE ( 'NONE', *, *, #1310, .T. ) ;
#5211 = VECTOR ( 'NONE', #342, 1000.000000000000000 ) ;
#5212 = VERTEX_POINT ( 'NONE', #619 ) ;
#5213 = DIRECTION ( 'NONE',  ( 0.0000000000000000000, -0.0000000000000000000, 1.000000000000000000 ) ) ;
#5214 = VECTOR ( 'NONE', #5417, 1000.000000000000000 ) ;
#5215 = ORIENTED_EDGE ( 'NONE', *, *, #3718, .T. ) ;
#5216 = CARTESIAN_POINT ( 'NONE',  ( 2.960486054425915281, 0.9064290159990536777, -0.8254608485316339284 ) ) ;
#5217 = ORIENTED_EDGE ( 'NONE', *, *, #27, .T. ) ;
#5218 = AXIS2_PLACEMENT_3D ( 'NONE', #357, #5093, #3632 ) ;
#5219 = CARTESIAN_POINT ( 'NONE',  ( 0.5383520624292656986, 0.8964290159990533358, -0.7529350656346994741 ) ) ;
#5220 = ORIENTED_EDGE ( 'NONE', *, *, #1667, .T. ) ;
#5221 = CARTESIAN_POINT ( 'NONE',  ( 3.405932850279748791, -0.01000000000000000021, -2.179309389599567659 ) ) ;
#5222 = EDGE_LOOP ( 'NONE', ( #1284, #69, #4069, #4992, #830, #4571, #4782, #2272, #5274 ) ) ;
#5223 = CARTESIAN_POINT ( 'NONE',  ( 3.637267508362408197, 0.9064290159990536777, -3.426356561741349172 ) ) ;
#5224 = CARTESIAN_POINT ( 'NONE',  ( 3.593053837727739896, 0.9064290159990536777, -4.164502060290304897 ) ) ;
#5225 = FACE_OUTER_BOUND ( 'NONE', #2792, .T. ) ;
#5226 = DIRECTION ( 'NONE',  ( -1.000000000000000000, 0.0000000000000000000, 0.0000000000000000000 ) ) ;
#5227 = CARTESIAN_POINT ( 'NONE',  ( 3.179940522921949508, 0.9064290159990540108, -3.392947531110795278 ) ) ;
#5228 = CARTESIAN_POINT ( 'NONE',  ( 2.764635026113949845, 0.9064290159990536777, -2.357160691801337915 ) ) ;
#5229 = CARTESIAN_POINT ( 'NONE',  ( 0.6614583333333333703, 0.9064290159990536777, -0.6716346153846154410 ) ) ;
#5230 = EDGE_CURVE ( 'NONE', #1708, #2707, #1674, .T. ) ;
#5231 = VECTOR ( 'NONE', #4388, 1000.000000000000000 ) ;
#5232 = CARTESIAN_POINT ( 'NONE',  ( 0.0000000000000000000, -0.01000000000000000021, 0.0000000000000000000 ) ) ;
#5233 = CARTESIAN_POINT ( 'NONE',  ( 1.560717257684462567, 0.9064290159990536777, -2.098725528873987667 ) ) ;
#5234 = CARTESIAN_POINT ( 'NONE',  ( 0.0000000000000000000, 0.8964290159990536688, 0.0000000000000000000 ) ) ;
#5235 = ORIENTED_EDGE ( 'NONE', *, *, #181, .F. ) ;
#5236 = CARTESIAN_POINT ( 'NONE',  ( 3.499099056254916018, 0.8964290159990536688, -3.804821903176682785 ) ) ;
#5237 = ORIENTED_EDGE ( 'NONE', *, *, #3909, .T. ) ;
#5238 = DIRECTION ( 'NONE',  ( -0.4804152582365230906, 0.0000000000000000000, -0.8770411504904058742 ) ) ;
#5239 = LINE ( 'NONE', #5299, #3516 ) ;
#5240 = EDGE_CURVE ( 'NONE', #985, #4541, #2986, .T. ) ;
#5241 = CARTESIAN_POINT ( 'NONE',  ( 2.240895709874633379, 0.8964290159990536688, -2.149924947944500619 ) ) ;
#5242 = ORIENTED_EDGE ( 'NONE', *, *, #3454, .T. ) ;
#5243 = FACE_OUTER_BOUND ( 'NONE', #3724, .T. ) ;
#5244 = ORIENTED_EDGE ( 'NONE', *, *, #5650, .T. ) ;
#5245 = LINE ( 'NONE', #1926, #3021 ) ;
#5246 = EDGE_LOOP ( 'NONE', ( #508, #283, #1809, #2696 ) ) ;
#5247 = DIRECTION ( 'NONE',  ( -0.0000000000000000000, -1.000000000000000000, -0.0000000000000000000 ) ) ;
#5248 = ORIENTED_EDGE ( 'NONE', *, *, #2420, .F. ) ;
#5249 = DIRECTION ( 'NONE',  ( 0.0000000000000000000, 0.0000000000000000000, -1.000000000000000000 ) ) ;
#5250 = DIRECTION ( 'NONE',  ( 0.0000000000000000000, 0.0000000000000000000, 1.000000000000000000 ) ) ;
#5251 = CARTESIAN_POINT ( 'NONE',  ( 1.363021778250701921, 0.9064290159990536777, -2.357160691801337915 ) ) ;
#5252 = EDGE_CURVE ( 'NONE', #5558, #140, #5385, .T. ) ;
#5253 = LINE ( 'NONE', #55, #4312 ) ;
#5254 = PLANE ( 'NONE',  #3429 ) ;
#5255 = AXIS2_PLACEMENT_3D ( 'NONE', #3189, #762, #323 ) ;
#5256 = LINE ( 'NONE', #5171, #2292 ) ;
#5257 = CARTESIAN_POINT ( 'NONE',  ( 3.443195740817603046, 0.8964290159990536688, -4.357380781344657450 ) ) ;
#5258 = EDGE_CURVE ( 'NONE', #2081, #1981, #2100, .T. ) ;
#5259 = EDGE_CURVE ( 'NONE', #3941, #3064, #1625, .T. ) ;
#5260 = FACE_OUTER_BOUND ( 'NONE', #1874, .T. ) ;
#5261 = CARTESIAN_POINT ( 'NONE',  ( 3.581736851952597611, 0.8964290159990538909, -3.248454377775290336 ) ) ;
#5262 = EDGE_CURVE ( 'NONE', #2498, #529, #2493, .T. ) ;
#5263 = VECTOR ( 'NONE', #3886, 1000.000000000000000 ) ;
#5264 = CARTESIAN_POINT ( 'NONE',  ( 2.921074162064804192, 0.9064290159990536777, -2.098725528873987667 ) ) ;
#5265 = ORIENTED_EDGE ( 'NONE', *, *, #2313, .F. ) ;
#5266 = CARTESIAN_POINT ( 'NONE',  ( 0.6614583333333333703, 0.9064290159990536777, -0.6716346153846154410 ) ) ;
#5267 = EDGE_CURVE ( 'NONE', #985, #1587, #3018, .T. ) ;
#5268 = ORIENTED_EDGE ( 'NONE', *, *, #5433, .F. ) ;
#5269 = DIRECTION ( 'NONE',  ( -0.8770411504904059852, 0.0000000000000000000, -0.4804152582365231461 ) ) ;
#5270 = LINE ( 'NONE', #1510, #149 ) ;
#5271 = DIRECTION ( 'NONE',  ( -0.0000000000000000000, -1.000000000000000000, -0.0000000000000000000 ) ) ;
#5272 = CARTESIAN_POINT ( 'NONE',  ( 4.155932850279748791, -0.01000000000000000021, -0.3293093895995677367 ) ) ;
#5273 = AXIS2_PLACEMENT_3D ( 'NONE', #3004, #1145, #704 ) ;
#5274 = ORIENTED_EDGE ( 'NONE', *, *, #3521, .F. ) ;
#5275 = CARTESIAN_POINT ( 'NONE',  ( 3.176479269182681975, 0.9064290159990535667, -4.106181755674643163 ) ) ;
#5276 = VERTEX_POINT ( 'NONE', #2034 ) ;
#5277 = EDGE_CURVE ( 'NONE', #873, #1550, #553, .T. ) ;
#5278 = AXIS2_PLACEMENT_3D ( 'NONE', #331, #2246, #1782 ) ;
#5279 = CARTESIAN_POINT ( 'NONE',  ( 0.5674162160477460581, 0.8964290159990534468, -0.7098841647656947140 ) ) ;
#5280 = VERTEX_POINT ( 'NONE', #4394 ) ;
#5281 = ORIENTED_EDGE ( 'NONE', *, *, #5763, .T. ) ;
#5282 = SURFACE_STYLE_USAGE ( .BOTH. , #5777 ) ;
#5283 = PLANE ( 'NONE',  #4317 ) ;
#5284 = CARTESIAN_POINT ( 'NONE',  ( 1.652833810836171979, 0.9064290159990536777, -1.827994025134671574 ) ) ;
#5285 = CARTESIAN_POINT ( 'NONE',  ( 3.077264066506099294, 0.8964290159990541129, -3.367248381857778305 ) ) ;
#5286 = CARTESIAN_POINT ( 'NONE',  ( 4.755932850279749324, -0.01000000000000000021, -4.729309389599568370 ) ) ;
#5287 = DIRECTION ( 'NONE',  ( -0.4802758347947836404, 0.0000000000000000000, -0.8771175078130487579 ) ) ;
#5288 = CARTESIAN_POINT ( 'NONE',  ( 3.004600595438846167, 0.8964290159990536688, -3.364295194523067245 ) ) ;
#5289 = EDGE_CURVE ( 'NONE', #3484, #2969, #117, .T. ) ;
#5290 = DIRECTION ( 'NONE',  ( 0.7071067811865474617, 0.0000000000000000000, 0.7071067811865474617 ) ) ;
#5291 = CARTESIAN_POINT ( 'NONE',  ( 3.633967123887240191, 0.9064290159990536777, -3.485530478444895497 ) ) ;
#5292 = VERTEX_POINT ( 'NONE', #1597 ) ;
#5293 = CARTESIAN_POINT ( 'NONE',  ( 0.6703087537214805769, 0.8964290159990538909, -0.6721254278498536294 ) ) ;
#5294 = AXIS2_PLACEMENT_3D ( 'NONE', #1831, #4595, #324 ) ;
#5295 = ORIENTED_EDGE ( 'NONE', *, *, #2053, .T. ) ;
#5296 = EDGE_CURVE ( 'NONE', #1613, #1313, #5784, .T. ) ;
#5297 = LINE ( 'NONE', #3028, #2777 ) ;
#5298 = DIRECTION ( 'NONE',  ( 0.8770411504904059852, 0.0000000000000000000, -0.4804152582365231461 ) ) ;
#5299 = CARTESIAN_POINT ( 'NONE',  ( 3.066405510726474493, 0.8964290159990536688, -3.614335826910774152 ) ) ;
#5300 = PLANE ( 'NONE',  #2741 ) ;
#5301 = ORIENTED_EDGE ( 'NONE', *, *, #1934, .T. ) ;
#5302 = AXIS2_PLACEMENT_3D ( 'NONE', #4364, #2408, #5785 ) ;
#5303 = CARTESIAN_POINT ( 'NONE',  ( 1.909037947684709025, 0.8964290159990536688, -3.614335826910774152 ) ) ;
#5304 = B_SPLINE_CURVE_WITH_KNOTS ( 'NONE', 3,
 ( #1573, #2051, #2112, #4002, #636, #5799, #2539, #3907, #4869, #5397, #3439 ),
 .UNSPECIFIED., .F., .F.,
 ( 4, 1, 1, 1, 1, 1, 1, 1, 4 ),
 ( 0.0000000000000000000, 0.1276753205943260139, 0.2488210220607406931, 0.3728545096390351032, 0.5000883640370010763, 0.6273222184349671604, 0.7492780100383872322, 0.8723246794056734865, 1.000000000000000000 ),
 .UNSPECIFIED. ) ;
#5305 = VERTEX_POINT ( 'NONE', #5419 ) ;
#5306 = VECTOR ( 'NONE', #5514, 1000.000000000000000 ) ;
#5307 =( GEOMETRIC_REPRESENTATION_CONTEXT ( 3 ) GLOBAL_UNCERTAINTY_ASSIGNED_CONTEXT ( ( #2752 ) ) GLOBAL_UNIT_ASSIGNED_CONTEXT ( ( #2146, #3136, #3168 ) ) REPRESENTATION_CONTEXT ( 'NONE', 'WORKASPACE' ) );
#5308 = CARTESIAN_POINT ( 'NONE',  ( 1.412313144436599277, 0.9064290159990536777, -1.827994025134671574 ) ) ;
#5309 = ORIENTED_EDGE ( 'NONE', *, *, #5334, .F. ) ;
#5310 = VECTOR ( 'NONE', #4149, 1000.000000000000227 ) ;
#5311 = PLANE ( 'NONE',  #2496 ) ;
#5312 = VERTEX_POINT ( 'NONE', #3493 ) ;
#5313 = CARTESIAN_POINT ( 'NONE',  ( 1.363021778250701921, 0.8964290159990536688, -2.357160691801337915 ) ) ;
#5314 = CARTESIAN_POINT ( 'NONE',  ( 2.120836782257112141, 0.8964290159990536688, -1.354627515198300491 ) ) ;
#5315 = VECTOR ( 'NONE', #3842, 1000.000000000000114 ) ;
#5316 = DIRECTION ( 'NONE',  ( 1.000000000000000000, 0.0000000000000000000, -0.0000000000000000000 ) ) ;
#5317 = EDGE_CURVE ( 'NONE', #3950, #1144, #1158, .T. ) ;
#5318 = CARTESIAN_POINT ( 'NONE',  ( 3.207364978698050262, 0.8964290159990536688, -3.415168193065658997 ) ) ;
#5319 = CARTESIAN_POINT ( 'NONE',  ( 3.215659547391759077, 0.9064290159990535667, -3.427067225017546903 ) ) ;
#5320 = EDGE_CURVE ( 'NONE', #788, #1173, #2003, .T. ) ;
#5321 = CARTESIAN_POINT ( 'NONE',  ( 2.278887162866086502, 0.9064290159990536777, -0.9692008325059928708 ) ) ;
#5322 = DIRECTION ( 'NONE',  ( -0.4802882638304228902, 0.0000000000000000000, -0.8771107020363838602 ) ) ;
#5323 = CARTESIAN_POINT ( 'NONE',  ( 2.771419214148137300, 0.8964290159990536688, -1.827994025134671574 ) ) ;
#5324 = DIRECTION ( 'NONE',  ( 1.355252715606880543E-16, 0.0000000000000000000, -1.000000000000000000 ) ) ;
#5325 = VERTEX_POINT ( 'NONE', #4152 ) ;
#5326 = CARTESIAN_POINT ( 'NONE',  ( 3.015115124595662444, 0.9064290159990536777, -4.461653005791782256 ) ) ;
#5327 = ORIENTED_EDGE ( 'NONE', *, *, #2612, .T. ) ;
#5328 = CARTESIAN_POINT ( 'NONE',  ( 3.064139482612508125, 0.9064290159990538998, -3.883656455397038521 ) ) ;
#5329 = DIRECTION ( 'NONE',  ( 0.2607351442216253590, 0.0000000000000000000, -0.9654103710690744578 ) ) ;
#5330 = CARTESIAN_POINT ( 'NONE',  ( 2.127366563240018493, 0.9064290159990536777, -2.357160691801337915 ) ) ;
#5331 = ORIENTED_EDGE ( 'NONE', *, *, #5597, .T. ) ;
#5332 = PLANE ( 'NONE',  #2689 ) ;
#5333 = ORIENTED_EDGE ( 'NONE', *, *, #5296, .F. ) ;
#5334 = EDGE_CURVE ( 'NONE', #4510, #1759, #5111, .T. ) ;
#5335 = EDGE_LOOP ( 'NONE', ( #2050, #808, #1963, #6049 ) ) ;
#5336 = EDGE_CURVE ( 'NONE', #1185, #2673, #3183, .T. ) ;
#5337 = ORIENTED_EDGE ( 'NONE', *, *, #711, .T. ) ;
#5338 = LINE ( 'NONE', #2511, #408 ) ;
#5339 = ORIENTED_EDGE ( 'NONE', *, *, #5002, .T. ) ;
#5340 = PLANE ( 'NONE',  #5905 ) ;
#5341 = CARTESIAN_POINT ( 'NONE',  ( 2.799255585675915370, 0.9064290159990536777, -1.354627515198300491 ) ) ;
#5342 = SURFACE_STYLE_USAGE ( .BOTH. , #547 ) ;
#5343 = EDGE_CURVE ( 'NONE', #4769, #5305, #1259, .T. ) ;
#5344 = CARTESIAN_POINT ( 'NONE',  ( 2.566939546680188755, 0.9064290159990536777, -2.098725528873987667 ) ) ;
#5345 = DIRECTION ( 'NONE',  ( -0.8771107020363841933, 0.0000000000000000000, 0.4802882638304223906 ) ) ;
#5346 = ADVANCED_FACE ( 'NONE', ( #2164 ), #4052, .T. ) ;
#5347 = ORIENTED_EDGE ( 'NONE', *, *, #2367, .F. ) ;
#5348 = FACE_OUTER_BOUND ( 'NONE', #730, .T. ) ;
#5349 = DIRECTION ( 'NONE',  ( -1.000000000000000000, 0.0000000000000000000, 0.0000000000000000000 ) ) ;
#5350 = DIRECTION ( 'NONE',  ( 1.000000000000000000, 0.0000000000000000000, 0.0000000000000000000 ) ) ;
#5351 = VECTOR ( 'NONE', #5201, 1000.000000000000000 ) ;
#5352 = FACE_OUTER_BOUND ( 'NONE', #4776, .T. ) ;
#5353 = DIRECTION ( 'NONE',  ( 0.0000000000000000000, 0.0000000000000000000, -1.000000000000000000 ) ) ;
#5354 = CARTESIAN_POINT ( 'NONE',  ( 0.6614583333333333703, 0.8964290159990536688, -0.9362179487179487225 ) ) ;
#5355 = ORIENTED_EDGE ( 'NONE', *, *, #1264, .T. ) ;
#5356 = CARTESIAN_POINT ( 'NONE',  ( 0.7922299964432918395, 0.9064290159990537887, -0.7778517899298401650 ) ) ;
#5357 = VECTOR ( 'NONE', #3589, 1000.000000000000227 ) ;
#5358 = EDGE_LOOP ( 'NONE', ( #987, #1276, #5190, #5398 ) ) ;
#5359 = VECTOR ( 'NONE', #5375, 1000.000000000000000 ) ;
#5360 = DIRECTION ( 'NONE',  ( -0.0000000000000000000, -1.000000000000000000, -0.0000000000000000000 ) ) ;
#5361 = DIRECTION ( 'NONE',  ( -1.000000000000000000, 0.0000000000000000000, 0.0000000000000000000 ) ) ;
#5362 = LINE ( 'NONE', #4900, #1228 ) ;
#5363 = AXIS2_PLACEMENT_3D ( 'NONE', #5185, #920, #1421 ) ;
#5364 = ORIENTED_EDGE ( 'NONE', *, *, #2996, .F. ) ;
#5365 = DIRECTION ( 'NONE',  ( 0.3660897081358594485, 0.0000000000000000000, 0.9305795643559992003 ) ) ;
#5366 = ORIENTED_EDGE ( 'NONE', *, *, #768, .F. ) ;
#5367 = ORIENTED_EDGE ( 'NONE', *, *, #2001, .F. ) ;
#5368 = CARTESIAN_POINT ( 'NONE',  ( 2.623121103838308432, 0.9064290159990536777, -2.098725528873987667 ) ) ;
#5369 = ORIENTED_EDGE ( 'NONE', *, *, #432, .T. ) ;
#5370 = VECTOR ( 'NONE', #4048, 1000.000000000000000 ) ;
#5371 = CARTESIAN_POINT ( 'NONE',  ( 2.122850838079761715, 0.9064290159990536777, -1.230180065946163914 ) ) ;
#5372 = ORIENTED_EDGE ( 'NONE', *, *, #1123, .F. ) ;
#5373 = PLANE ( 'NONE',  #4321 ) ;
#5374 = CARTESIAN_POINT ( 'NONE',  ( 3.143733744553068643, 0.9064290159990535667, -3.605762639425079019 ) ) ;
#5375 = DIRECTION ( 'NONE',  ( -0.0000000000000000000, -1.000000000000000000, -0.0000000000000000000 ) ) ;
#5376 = VERTEX_POINT ( 'NONE', #3621 ) ;
#5377 = STYLED_ITEM ( 'NONE', ( #2747 ), #3866 ) ;
#5378 = LINE ( 'NONE', #549, #4709 ) ;
#5379 = DIRECTION ( 'NONE',  ( -1.000000000000000000, 0.0000000000000000000, -0.0000000000000000000 ) ) ;
#5380 = EDGE_LOOP ( 'NONE', ( #957, #3996, #5476, #1608, #2474, #4451, #2141, #5005, #556, #3125, #613, #1719 ) ) ;
#5381 = CARTESIAN_POINT ( 'NONE',  ( 0.7127804603152829710, 0.8964290159990538909, -0.9276690017408901756 ) ) ;
#5382 = PLANE ( 'NONE',  #2201 ) ;
#5383 = PLANE ( 'NONE',  #3422 ) ;
#5384 = VECTOR ( 'NONE', #3284, 1000.000000000000000 ) ;
#5385 = LINE ( 'NONE', #4458, #3966 ) ;
#5386 = DIRECTION ( 'NONE',  ( -0.0000000000000000000, -1.000000000000000000, -0.0000000000000000000 ) ) ;
#5387 = CARTESIAN_POINT ( 'NONE',  ( 2.957305966284890175, 0.9064290159990536777, -0.9692008325059928708 ) ) ;
#5388 = ORIENTED_EDGE ( 'NONE', *, *, #2435, .F. ) ;
#5389 = ORIENTED_EDGE ( 'NONE', *, *, #3837, .F. ) ;
#5390 = DIRECTION ( 'NONE',  ( 0.0000000000000000000, -0.0000000000000000000, 1.000000000000000000 ) ) ;
#5391 = CARTESIAN_POINT ( 'NONE',  ( 2.949164940643863808, 0.9064290159990536777, -2.047526109803475158 ) ) ;
#5392 = DIRECTION ( 'NONE',  ( -0.2570842515897343583, 0.0000000000000000000, -0.9663889939276761876 ) ) ;
#5393 = EDGE_CURVE ( 'NONE', #873, #3507, #3555, .T. ) ;
#5394 = EDGE_CURVE ( 'NONE', #2928, #2545, #5023, .T. ) ;
#5395 = VECTOR ( 'NONE', #2528, 1000.000000000000000 ) ;
#5396 = ORIENTED_EDGE ( 'NONE', *, *, #699, .T. ) ;
#5397 = CARTESIAN_POINT ( 'NONE',  ( 0.6703087537214805769, 0.8964290159990538909, -0.6721254278498536294 ) ) ;
#5398 = ORIENTED_EDGE ( 'NONE', *, *, #1401, .T. ) ;
#5399 = VECTOR ( 'NONE', #1823, 1000.000000000000000 ) ;
#5400 = VECTOR ( 'NONE', #2729, 1000.000000000000000 ) ;
#5401 = ORIENTED_EDGE ( 'NONE', *, *, #3849, .F. ) ;
#5402 = EDGE_CURVE ( 'NONE', #1957, #4513, #3299, .T. ) ;
#5403 = ORIENTED_EDGE ( 'NONE', *, *, #669, .T. ) ;
#5404 = ORIENTED_EDGE ( 'NONE', *, *, #4209, .F. ) ;
#5405 = CARTESIAN_POINT ( 'NONE',  ( 1.914851873069078003, 0.9064290159990536777, -2.098725528873987667 ) ) ;
#5406 = CARTESIAN_POINT ( 'NONE',  ( 3.143733744553068643, 0.8964290159990535578, -3.605762639425079019 ) ) ;
#5407 = LINE ( 'NONE', #3043, #3123 ) ;
#5408 = EDGE_LOOP ( 'NONE', ( #4717, #3400, #5472, #3254 ) ) ;
#5409 = AXIS2_PLACEMENT_3D ( 'NONE', #3104, #1753, #2276 ) ;
#5410 = VECTOR ( 'NONE', #4336, 1000.000000000000000 ) ;
#5411 = MECHANICAL_DESIGN_GEOMETRIC_PRESENTATION_REPRESENTATION (  '', ( #533 ), #5616 ) ;
#5412 = PLANE ( 'NONE',  #1776 ) ;
#5413 = ORIENTED_EDGE ( 'NONE', *, *, #715, .F. ) ;
#5414 = CARTESIAN_POINT ( 'NONE',  ( 2.764635026113949845, 0.9064290159990536777, -2.357160691801337915 ) ) ;
#5415 = VECTOR ( 'NONE', #1826, 1000.000000000000000 ) ;
#5416 = DIRECTION ( 'NONE',  ( 0.0000000000000000000, 0.0000000000000000000, -1.000000000000000000 ) ) ;
#5417 = DIRECTION ( 'NONE',  ( 1.000000000000000000, 0.0000000000000000000, 0.0000000000000000000 ) ) ;
#5418 = AXIS2_PLACEMENT_3D ( 'NONE', #5464, #5061, #3095 ) ;
#5419 = CARTESIAN_POINT ( 'NONE',  ( 1.961726372267796004, 0.8964290159990536688, -0.8254608485316339284 ) ) ;
#5420 = CARTESIAN_POINT ( 'NONE',  ( 3.147957224674464705, 0.9064290159990536777, -3.043473829274840448 ) ) ;
#5421 = DIRECTION ( 'NONE',  ( 0.4804543040264410148, 0.0000000000000000000, -0.8770197613181063279 ) ) ;
#5422 = ORIENTED_EDGE ( 'NONE', *, *, #3892, .T. ) ;
#5423 = LINE ( 'NONE', #3159, #3319 ) ;
#5424 = ADVANCED_FACE ( 'NONE', ( #3083 ), #252, .T. ) ;
#5425 = VERTEX_POINT ( 'NONE', #3653 ) ;
#5426 = EDGE_CURVE ( 'NONE', #2252, #5466, #6036, .T. ) ;
#5427 = CARTESIAN_POINT ( 'NONE',  ( 2.957305966284890175, 0.8964290159990536688, -0.9692008325059928708 ) ) ;
#5428 = PLANE ( 'NONE',  #5892 ) ;
#5429 = CARTESIAN_POINT ( 'NONE',  ( 3.598870379063146885, 0.9064290159990536777, -3.954164567234501160 ) ) ;
#5430 = LINE ( 'NONE', #4806, #3185 ) ;
#5431 = VERTEX_POINT ( 'NONE', #317 ) ;
#5432 = DIRECTION ( 'NONE',  ( 1.000000000000000000, 0.0000000000000000000, 0.0000000000000000000 ) ) ;
#5433 = EDGE_CURVE ( 'NONE', #1600, #4058, #4989, .T. ) ;
#5434 = ORIENTED_EDGE ( 'NONE', *, *, #1026, .T. ) ;
#5435 = LINE ( 'NONE', #2970, #2336 ) ;
#5436 = ORIENTED_EDGE ( 'NONE', *, *, #4636, .F. ) ;
#5437 = DIRECTION ( 'NONE',  ( 1.000000000000000000, 0.0000000000000000000, -0.0000000000000000000 ) ) ;
#5438 = ORIENTED_EDGE ( 'NONE', *, *, #4772, .F. ) ;
#5439 = CARTESIAN_POINT ( 'NONE',  ( 2.715237656990018067, 0.9064290159990536777, -1.827994025134671574 ) ) ;
#5440 = CARTESIAN_POINT ( 'NONE',  ( 0.7555727614320051355, 0.8964290159990536688, -0.8980407101499536804 ) ) ;
#5441 = PLANE ( 'NONE',  #933 ) ;
#5442 = ORIENTED_EDGE ( 'NONE', *, *, #5853, .T. ) ;
#5443 = CARTESIAN_POINT ( 'NONE',  ( 3.636817832092367642, 0.9064290159990537887, -3.413674382003449637 ) ) ;
#5444 = ORIENTED_EDGE ( 'NONE', *, *, #3441, .F. ) ;
#5445 = PLANE ( 'NONE',  #2697 ) ;
#5446 = DIRECTION ( 'NONE',  ( -0.0000000000000000000, -1.000000000000000000, -0.0000000000000000000 ) ) ;
#5447 = ADVANCED_FACE ( 'NONE', ( #718 ), #4086, .T. ) ;
#5448 = CARTESIAN_POINT ( 'NONE',  ( 0.5876856367598308761, 0.8964290159990536688, -0.9147876630481820426 ) ) ;
#5449 = CARTESIAN_POINT ( 'NONE',  ( 0.5506186582222731829, 0.8964290159990538909, -0.8778400399451190550 ) ) ;
#5450 = CARTESIAN_POINT ( 'NONE',  ( 3.458349379648474109, 0.9064290159990535667, -3.130408616057220428 ) ) ;
#5451 = CARTESIAN_POINT ( 'NONE',  ( 1.863249642834035047, 0.9064290159990536777, -1.354627515198300491 ) ) ;
#5452 = ORIENTED_EDGE ( 'NONE', *, *, #386, .T. ) ;
#5453 = DIRECTION ( 'NONE',  ( -1.000000000000000000, 0.0000000000000000000, -0.0000000000000000000 ) ) ;
#5454 = EDGE_CURVE ( 'NONE', #5571, #140, #1795, .T. ) ;
#5455 = EDGE_CURVE ( 'NONE', #4857, #5466, #755, .T. ) ;
#5456 = AXIS2_PLACEMENT_3D ( 'NONE', #1662, #5914, #1320 ) ;
#5457 = ORIENTED_EDGE ( 'NONE', *, *, #662, .F. ) ;
#5458 = EDGE_CURVE ( 'NONE', #2061, #1011, #1730, .T. ) ;
#5459 = CARTESIAN_POINT ( 'NONE',  ( 2.354424856509248709, 0.9064290159990536777, -2.357160691801337915 ) ) ;
#5460 = DIRECTION ( 'NONE',  ( -2.199526209833291231E-13, 1.000000000000000000, -3.669836102615840282E-14 ) ) ;
#5461 = FACE_OUTER_BOUND ( 'NONE', #2850, .T. ) ;
#5462 = FACE_BOUND ( 'NONE', #4557, .T. ) ;
#5463 = VECTOR ( 'NONE', #3216, 1000.000000000000000 ) ;
#5464 = CARTESIAN_POINT ( 'NONE',  ( 3.584602522324768170, 0.9064290159990538998, -3.618270997475067752 ) ) ;
#5465 = ADVANCED_FACE ( 'NONE', ( #2586 ), #4489, .T. ) ;
#5466 = VERTEX_POINT ( 'NONE', #5856 ) ;
#5467 = AXIS2_PLACEMENT_3D ( 'NONE', #5779, #5724, #5750 ) ;
#5468 = VERTEX_POINT ( 'NONE', #1004 ) ;
#5469 = FILL_AREA_STYLE_COLOUR ( '', #1853 ) ;
#5470 = ORIENTED_EDGE ( 'NONE', *, *, #3899, .T. ) ;
#5471 = FACE_OUTER_BOUND ( 'NONE', #454, .T. ) ;
#5472 = ORIENTED_EDGE ( 'NONE', *, *, #5334, .T. ) ;
#5473 = CARTESIAN_POINT ( 'NONE',  ( 1.646155625740018280, 0.9064290159990536777, -2.357160691801337915 ) ) ;
#5474 = CARTESIAN_POINT ( 'NONE',  ( 3.440568877550745253, 0.8964290159990536688, -3.757948908077046291 ) ) ;
#5475 = LINE ( 'NONE', #306, #1235 ) ;
#5476 = ORIENTED_EDGE ( 'NONE', *, *, #2996, .T. ) ;
#5477 = ADVANCED_FACE ( 'NONE', ( #1604 ), #2899, .T. ) ;
#5478 = DIRECTION ( 'NONE',  ( 0.4806015670138532592, 0.0000000000000000000, -0.8769390707362905157 ) ) ;
#5479 = ORIENTED_EDGE ( 'NONE', *, *, #2920, .T. ) ;
#5480 = DIRECTION ( 'NONE',  ( -1.000000000000000000, 0.0000000000000000000, 0.0000000000000000000 ) ) ;
#5481 = CARTESIAN_POINT ( 'NONE',  ( 0.7937499999999999556, 0.9064290159990536777, -0.8039262820512820262 ) ) ;
#5482 = FACE_OUTER_BOUND ( 'NONE', #1568, .T. ) ;
#5483 = CARTESIAN_POINT ( 'NONE',  ( 3.544138231242154990, 0.9064290159990536777, -0.8254608485316339284 ) ) ;
#5484 = DIRECTION ( 'NONE',  ( -0.0000000000000000000, -1.000000000000000000, -0.0000000000000000000 ) ) ;
#5485 = CARTESIAN_POINT ( 'NONE',  ( 3.379028975365738319, 0.9064290159990533446, -3.087370587584349124 ) ) ;
#5486 = CARTESIAN_POINT ( 'NONE',  ( 2.122850838079761715, 0.8964290159990536688, -1.230180065946163914 ) ) ;
#5487 = VERTEX_POINT ( 'NONE', #2075 ) ;
#5488 = PLANE ( 'NONE',  #125 ) ;
#5489 = EDGE_CURVE ( 'NONE', #5588, #4447, #5297, .T. ) ;
#5490 = VERTEX_POINT ( 'NONE', #3963 ) ;
#5491 = PLANE ( 'NONE',  #4368 ) ;
#5492 = LINE ( 'NONE', #790, #1689 ) ;
#5493 = CARTESIAN_POINT ( 'NONE',  ( 2.410500410729334408, 0.9064290159990536777, -2.357160691801337915 ) ) ;
#5494 = DIRECTION ( 'NONE',  ( -0.0000000000000000000, -1.000000000000000000, -0.0000000000000000000 ) ) ;
#5495 = ORIENTED_EDGE ( 'NONE', *, *, #2274, .T. ) ;
#5496 = ADVANCED_FACE ( 'NONE', ( #2502 ), #5793, .T. ) ;
#5497 = EDGE_LOOP ( 'NONE', ( #3872, #2520, #3676, #2392 ) ) ;
#5498 = CARTESIAN_POINT ( 'NONE',  ( 3.234894429166190744, 0.8964290159990536688, -3.497393746532523551 ) ) ;
#5499 = VECTOR ( 'NONE', #1532, 1000.000000000000000 ) ;
#5500 = ORIENTED_EDGE ( 'NONE', *, *, #3305, .F. ) ;
#5501 = CARTESIAN_POINT ( 'NONE',  ( 1.814170282524206312, 0.9064290159990536777, -1.354627515198300491 ) ) ;
#5502 = ORIENTED_EDGE ( 'NONE', *, *, #4481, .T. ) ;
#5503 = CARTESIAN_POINT ( 'NONE',  ( 3.178174414926473013, 0.8964290159990535578, -3.923555183153145887 ) ) ;
#5504 = LINE ( 'NONE', #4605, #1135 ) ;
#5505 = DIRECTION ( 'NONE',  ( -1.000000000000000000, 0.0000000000000000000, -0.0000000000000000000 ) ) ;
#5506 = ORIENTED_EDGE ( 'NONE', *, *, #1914, .F. ) ;
#5507 = AXIS2_PLACEMENT_3D ( 'NONE', #1274, #2699, #2666 ) ;
#5508 = VECTOR ( 'NONE', #5521, 1000.000000000000227 ) ;
#5509 = CARTESIAN_POINT ( 'NONE',  ( 0.3559328502797494131, -0.01000000000000000021, -2.879309389599568281 ) ) ;
#5510 = VERTEX_POINT ( 'NONE', #4434 ) ;
#5511 = ORIENTED_EDGE ( 'NONE', *, *, #3795, .T. ) ;
#5512 = CARTESIAN_POINT ( 'NONE',  ( 1.420793379479334595, 0.9064290159990536777, -1.354627515198300491 ) ) ;
#5513 = DIRECTION ( 'NONE',  ( -0.0000000000000000000, -1.000000000000000000, -0.0000000000000000000 ) ) ;
#5514 = DIRECTION ( 'NONE',  ( -8.790828425558145559E-17, 0.0000000000000000000, 1.000000000000000000 ) ) ;
#5515 = AXIS2_PLACEMENT_3D ( 'NONE', #5895, #2478, #3542 ) ;
#5516 = DIRECTION ( 'NONE',  ( -0.0000000000000000000, -1.000000000000000000, -0.0000000000000000000 ) ) ;
#5517 = EDGE_CURVE ( 'NONE', #4058, #5790, #2011, .T. ) ;
#5518 = CARTESIAN_POINT ( 'NONE',  ( 2.063149983378907315, 0.8964290159990536688, -1.827994025134671574 ) ) ;
#5519 = VECTOR ( 'NONE', #3750, 1000.000000000000114 ) ;
#5520 = ORIENTED_EDGE ( 'NONE', *, *, #1044, .F. ) ;
#5521 = DIRECTION ( 'NONE',  ( -0.4806015670138532592, 0.0000000000000000000, 0.8769390707362905157 ) ) ;
#5522 = VECTOR ( 'NONE', #815, 1000.000000000000000 ) ;
#5523 = ORIENTED_EDGE ( 'NONE', *, *, #1863, .F. ) ;
#5524 = DIRECTION ( 'NONE',  ( -0.0000000000000000000, -1.000000000000000000, -0.0000000000000000000 ) ) ;
#5525 = CARTESIAN_POINT ( 'NONE',  ( 2.541668446252838276, 0.9064290159990536777, -1.354627515198300491 ) ) ;
#5526 = DIRECTION ( 'NONE',  ( -1.000000000000000000, 0.0000000000000000000, 0.0000000000000000000 ) ) ;
#5527 = CARTESIAN_POINT ( 'NONE',  ( 3.452377868730335475, 0.8964290159990537799, -3.750248747140056071 ) ) ;
#5528 = VERTEX_POINT ( 'NONE', #4934 ) ;
#5529 = ORIENTED_EDGE ( 'NONE', *, *, #4026, .F. ) ;
#5530 = CARTESIAN_POINT ( 'NONE',  ( 2.481501178624633486, 0.9064290159990536777, -2.357160691801337915 ) ) ;
#5531 = VERTEX_POINT ( 'NONE', #3845 ) ;
#5532 = LINE ( 'NONE', #5593, #1819 ) ;
#5533 = EDGE_LOOP ( 'NONE', ( #3693, #567, #4953, #1302 ) ) ;
#5534 = LINE ( 'NONE', #3172, #1906 ) ;
#5535 = DIRECTION ( 'NONE',  ( -0.0000000000000000000, -1.000000000000000000, -0.0000000000000000000 ) ) ;
#5536 = CARTESIAN_POINT ( 'NONE',  ( 3.218994409465639084, 0.8964290159990536688, -4.023889560165304857 ) ) ;
#5537 = ORIENTED_EDGE ( 'NONE', *, *, #4807, .F. ) ;
#5538 = ADVANCED_FACE ( 'NONE', ( #4341 ), #1509, .T. ) ;
#5539 = VECTOR ( 'NONE', #4452, 999.9999999999998863 ) ;
#5540 = CARTESIAN_POINT ( 'NONE',  ( 3.197501362675326142, 0.9064290159990536777, -3.044464038021732932 ) ) ;
#5541 = ORIENTED_EDGE ( 'NONE', *, *, #4299, .F. ) ;
#5542 =( NAMED_UNIT ( * ) PLANE_ANGLE_UNIT ( ) SI_UNIT ( $, .RADIAN. ) );
#5543 = ORIENTED_EDGE ( 'NONE', *, *, #3366, .T. ) ;
#5544 = CARTESIAN_POINT ( 'NONE',  ( 0.6353107476872941195, 0.8964290159990534468, -0.6730311627248146689 ) ) ;
#5545 = DIRECTION ( 'NONE',  ( -0.4806015670138532592, 0.0000000000000000000, 0.8769390707362905157 ) ) ;
#5546 = EDGE_CURVE ( 'NONE', #3310, #5468, #4781, .T. ) ;
#5547 = DIRECTION ( 'NONE',  ( 1.000000000000000000, 0.0000000000000000000, 0.0000000000000000000 ) ) ;
#5548 = DIRECTION ( 'NONE',  ( 1.000000000000000000, 0.0000000000000000000, 0.0000000000000000000 ) ) ;
#5549 = CARTESIAN_POINT ( 'NONE',  ( 3.234512101139027873, 0.8964290159990535578, -3.504734638201540964 ) ) ;
#5550 = ORIENTED_EDGE ( 'NONE', *, *, #2808, .F. ) ;
#5551 = CARTESIAN_POINT ( 'NONE',  ( 3.218524756806376175, 0.9064290159990537887, -4.031398105736561099 ) ) ;
#5552 = ORIENTED_EDGE ( 'NONE', *, *, #3600, .F. ) ;
#5553 = CARTESIAN_POINT ( 'NONE',  ( 3.465444714824189365, 0.8964290159990536688, -3.777439254806755020 ) ) ;
#5554 = LINE ( 'NONE', #2693, #3569 ) ;
#5555 = CARTESIAN_POINT ( 'NONE',  ( 3.476594716213635472, 0.9064290159990538998, -3.734457929772840856 ) ) ;
#5556 = DIRECTION ( 'NONE',  ( -1.000000000000000000, 0.0000000000000000000, -0.0000000000000000000 ) ) ;
#5557 = EDGE_CURVE ( 'NONE', #4529, #5802, #4400, .T. ) ;
#5558 = VERTEX_POINT ( 'NONE', #126 ) ;
#5559 = VECTOR ( 'NONE', #5322, 1000.000000000000000 ) ;
#5560 = ORIENTED_EDGE ( 'NONE', *, *, #4353, .T. ) ;
#5561 = CARTESIAN_POINT ( 'NONE',  ( 2.595030325259248816, 0.8964290159990536688, -2.149924947944500619 ) ) ;
#5562 = ORIENTED_EDGE ( 'NONE', *, *, #3843, .F. ) ;
#5563 = CARTESIAN_POINT ( 'NONE',  ( 3.544138231242154990, 0.9064290159990536777, -0.8254608485316339284 ) ) ;
#5564 = DIRECTION ( 'NONE',  ( 0.4802758347947843065, 0.0000000000000000000, 0.8771175078130485359 ) ) ;
#5565 = FACE_OUTER_BOUND ( 'NONE', #2769, .T. ) ;
#5566 = ORIENTED_EDGE ( 'NONE', *, *, #4793, .T. ) ;
#5567 = B_SPLINE_CURVE_WITH_KNOTS ( 'NONE', 3,
 ( #4927, #2985, #1563, #3924, #3492, #2492, #155, #581, #5257, #3957, #1941, #2952, #3367, #2002, #617, #4852, #4392, #657, #996 ),
 .UNSPECIFIED., .F., .F.,
 ( 4, 1, 1, 1, 1, 1, 1, 1, 1, 1, 1, 1, 1, 1, 1, 1, 4 ),
 ( 0.0000000000000000000, 0.09546510449171005663, 0.1858575897923443465, 0.2710349793365074977, 0.3517277028838312614, 0.4270736388201363809, 0.4957100026978949470, 0.5587525136388116209, 0.6169147795200194961, 0.6714863062766501800, 0.7233083748797395351, 0.7727831595727385761, 0.8206259410641828511, 0.8668866673586645977, 0.9115747216525511565, 0.9560569530428016938, 1.000000000000000000 ),
 .UNSPECIFIED. ) ;
#5568 = VECTOR ( 'NONE', #3967, 1000.000000000000000 ) ;
#5569 = ORIENTED_EDGE ( 'NONE', *, *, #5639, .T. ) ;
#5570 = DIRECTION ( 'NONE',  ( 0.0000000000000000000, 0.0000000000000000000, 1.000000000000000000 ) ) ;
#5571 = VERTEX_POINT ( 'NONE', #2534 ) ;
#5572 = CARTESIAN_POINT ( 'NONE',  ( 1.274319419315915081, 0.8964290159990536688, -2.605710383648362605 ) ) ;
#5573 = CARTESIAN_POINT ( 'NONE',  ( 3.292259536605998349, 0.8964290159990536688, -4.425746155507911617 ) ) ;
#5574 = CARTESIAN_POINT ( 'NONE',  ( 1.504535700526342890, 0.9064290159990536777, -2.098725528873987667 ) ) ;
#5575 = ADVANCED_FACE ( 'NONE', ( #2044 ), #4463, .F. ) ;
#5576 = CARTESIAN_POINT ( 'NONE',  ( 3.591627547481470728, 0.8964290159990536688, -0.8797343528051381201 ) ) ;
#5577 = CARTESIAN_POINT ( 'NONE',  ( 2.801269641498564944, 0.9064290159990536777, -1.230180065946163914 ) ) ;
#5578 = LINE ( 'NONE', #1322, #2719 ) ;
#5579 = VECTOR ( 'NONE', #684, 1000.000000000000000 ) ;
#5580 = LINE ( 'NONE', #5115, #1536 ) ;
#5581 = VECTOR ( 'NONE', #4102, 1000.000000000000000 ) ;
#5582 = CARTESIAN_POINT ( 'NONE',  ( 3.499099056254916018, 0.8964290159990536688, -3.804821903176682785 ) ) ;
#5583 = EDGE_CURVE ( 'NONE', #6020, #4177, #4372, .T. ) ;
#5584 = CARTESIAN_POINT ( 'NONE',  ( 2.806145776648137691, 0.8964290159990536688, -1.354627515198300491 ) ) ;
#5585 = CARTESIAN_POINT ( 'NONE',  ( 3.452377868730335475, 0.8964290159990536688, -3.750248747140056071 ) ) ;
#5586 = CARTESIAN_POINT ( 'NONE',  ( 3.469495317904863541, 0.8964290159990536688, -3.780388651294914748 ) ) ;
#5587 = EDGE_CURVE ( 'NONE', #3978, #2605, #1569, .T. ) ;
#5588 = VERTEX_POINT ( 'NONE', #2993 ) ;
#5589 = ORIENTED_EDGE ( 'NONE', *, *, #2491, .F. ) ;
#5590 = CARTESIAN_POINT ( 'NONE',  ( 2.071291009019932794, 0.9064290159990536777, -2.357160691801337915 ) ) ;
#5591 = EDGE_CURVE ( 'NONE', #4799, #2942, #5554, .T. ) ;
#5592 = ORIENTED_EDGE ( 'NONE', *, *, #1578, .T. ) ;
#5593 = CARTESIAN_POINT ( 'NONE',  ( 2.122850838079761715, 0.9064290159990536777, -1.230180065946163914 ) ) ;
#5594 = CARTESIAN_POINT ( 'NONE',  ( 3.197691451432004506, 0.8964290159990540019, -3.949286345905796747 ) ) ;
#5595 = DIRECTION ( 'NONE',  ( 0.0000000000000000000, 0.0000000000000000000, 1.000000000000000000 ) ) ;
#5596 = EDGE_LOOP ( 'NONE', ( #5364, #321, #1209, #171 ) ) ;
#5597 = EDGE_CURVE ( 'NONE', #3079, #3260, #2660, .T. ) ;
#5598 = CARTESIAN_POINT ( 'NONE',  ( 3.419506551034885433, 0.8964290159990535578, -3.107282886028454705 ) ) ;
#5599 = ORIENTED_EDGE ( 'NONE', *, *, #3328, .F. ) ;
#5600 = DIRECTION ( 'NONE',  ( 0.0000000000000000000, -0.0000000000000000000, 1.000000000000000000 ) ) ;
#5601 = ORIENTED_EDGE ( 'NONE', *, *, #5915, .F. ) ;
#5602 = DIRECTION ( 'NONE',  ( -0.0000000000000000000, -1.000000000000000000, -0.0000000000000000000 ) ) ;
#5603 = CARTESIAN_POINT ( 'NONE',  ( 3.015115124595662444, 0.9064290159990536777, -4.461653005791782256 ) ) ;
#5604 = VECTOR ( 'NONE', #3811, 1000.000000000000227 ) ;
#5605 = CARTESIAN_POINT ( 'NONE',  ( 2.041880047763511286, 0.8964290159990536688, -4.140831640543555459 ) ) ;
#5606 = AXIS2_PLACEMENT_3D ( 'NONE', #5391, #1570, #3093 ) ;
#5607 = DIRECTION ( 'NONE',  ( -0.4802882638304235008, 0.0000000000000000000, -0.8771107020363836382 ) ) ;
#5608 = LINE ( 'NONE', #4270, #1930 ) ;
#5609 = CARTESIAN_POINT ( 'NONE',  ( 0.7937499999999999556, 0.9064290159990536777, -0.8039262820512820262 ) ) ;
#5610 = CARTESIAN_POINT ( 'NONE',  ( 1.971099314902991395, 0.9064290159990536777, -3.880276478999032275 ) ) ;
#5611 = VECTOR ( 'NONE', #2429, 1000.000000000000000 ) ;
#5612 = VECTOR ( 'NONE', #6123, 999.9999999999998863 ) ;
#5613 = VECTOR ( 'NONE', #3974, 1000.000000000000000 ) ;
#5614 = FILL_AREA_STYLE ('',( #5730 ) ) ;
#5615 = CARTESIAN_POINT ( 'NONE',  ( 2.127366563240018493, 0.9064290159990536777, -2.357160691801337915 ) ) ;
#5616 =( GEOMETRIC_REPRESENTATION_CONTEXT ( 3 ) GLOBAL_UNCERTAINTY_ASSIGNED_CONTEXT ( ( #6104 ) ) GLOBAL_UNIT_ASSIGNED_CONTEXT ( ( #1995, #4819, #3801 ) ) REPRESENTATION_CONTEXT ( 'NONE', 'WORKASPACE' ) );
#5617 = CARTESIAN_POINT ( 'NONE',  ( 3.234894429166190744, 0.9064290159990536777, -3.497393746532523551 ) ) ;
#5618 = CARTESIAN_POINT ( 'NONE',  ( 3.469495317904863541, 0.9064290159990536777, -3.780388651294914748 ) ) ;
#5619 = EDGE_CURVE ( 'NONE', #3288, #3359, #5032, .T. ) ;
#5620 = ORIENTED_EDGE ( 'NONE', *, *, #5909, .T. ) ;
#5621 = ADVANCED_FACE ( 'NONE', ( #2628 ), #1296, .T. ) ;
#5622 = UNCERTAINTY_MEASURE_WITH_UNIT (LENGTH_MEASURE( 1.000000000000000082E-05 ), #2622, 'distance_accuracy_value', 'NONE');
#5623 = VERTEX_POINT ( 'NONE', #3662 ) ;
#5624 = CARTESIAN_POINT ( 'NONE',  ( 2.127366563240018493, 0.8964290159990536688, -2.357160691801337915 ) ) ;
#5625 = VERTEX_POINT ( 'NONE', #260 ) ;
#5626 = DIRECTION ( 'NONE',  ( -0.5213313868808869822, 0.0000000000000000000, 0.8533543139006510847 ) ) ;
#5627 = CARTESIAN_POINT ( 'NONE',  ( 3.007769316931325321, 0.9064290159990537887, -3.880474294259473211 ) ) ;
#5628 = CARTESIAN_POINT ( 'NONE',  ( 3.218524756806376175, 0.9064290159990535667, -4.031398105736561099 ) ) ;
#5629 = EDGE_LOOP ( 'NONE', ( #369, #4055, #5039, #2104 ) ) ;
#5630 = CARTESIAN_POINT ( 'NONE',  ( 3.143432447088579273, 0.8964290159990538909, -3.902625612776332353 ) ) ;
#5631 = ORIENTED_EDGE ( 'NONE', *, *, #3849, .T. ) ;
#5632 =( NAMED_UNIT ( * ) SI_UNIT ( $, .STERADIAN. ) SOLID_ANGLE_UNIT ( ) );
#5633 = ORIENTED_EDGE ( 'NONE', *, *, #200, .F. ) ;
#5634 = DIRECTION ( 'NONE',  ( 0.5217877936512443915, 0.0000000000000000000, 0.8530753181264630891 ) ) ;
#5635 = CARTESIAN_POINT ( 'NONE',  ( 3.348938701611714031, 0.9064290159990537887, -4.405897471190380443 ) ) ;
#5636 = CARTESIAN_POINT ( 'NONE',  ( 4.755932850279749324, -0.01000000000000000021, -2.879309389599567837 ) ) ;
#5637 = LINE ( 'NONE', #2349, #838 ) ;
#5638 = LINE ( 'NONE', #3272, #1190 ) ;
#5639 = EDGE_CURVE ( 'NONE', #3359, #2133, #5492, .T. ) ;
#5640 = CARTESIAN_POINT ( 'NONE',  ( 1.773231947855402835, 0.9064290159990536777, -2.357160691801337915 ) ) ;
#5641 = FACE_OUTER_BOUND ( 'NONE', #206, .T. ) ;
#5642 = CARTESIAN_POINT ( 'NONE',  ( 3.609309826512455466, 0.9064290159990535667, -4.094622231678117785 ) ) ;
#5643 = CARTESIAN_POINT ( 'NONE',  ( 3.569665362673538844, 0.9064290159990540108, -3.639479506469868841 ) ) ;
#5644 = DIRECTION ( 'NONE',  ( -0.0000000000000000000, -1.000000000000000000, -0.0000000000000000000 ) ) ;
#5645 = ADVANCED_FACE ( 'NONE', ( #225 ), #2204, .T. ) ;
#5646 = EDGE_LOOP ( 'NONE', ( #5620, #4163, #841, #3856, #3376 ) ) ;
#5647 = ORIENTED_EDGE ( 'NONE', *, *, #4619, .T. ) ;
#5648 = LINE ( 'NONE', #1386, #5384 ) ;
#5649 = DIRECTION ( 'NONE',  ( -1.000000000000000000, 0.0000000000000000000, 0.0000000000000000000 ) ) ;
#5650 = EDGE_CURVE ( 'NONE', #3207, #5276, #4559, .T. ) ;
#5651 = FACE_OUTER_BOUND ( 'NONE', #4260, .T. ) ;
#5652 = DIRECTION ( 'NONE',  ( 0.3688942629807143714, 0.0000000000000000000, -0.9294713673588420599 ) ) ;
#5653 = VERTEX_POINT ( 'NONE', #4130 ) ;
#5654 = VECTOR ( 'NONE', #1442, 1000.000000000000000 ) ;
#5655 = CARTESIAN_POINT ( 'NONE',  ( 3.189579729736453650, 0.8964290159990534468, -3.936275259819760564 ) ) ;
#5656 = ORIENTED_EDGE ( 'NONE', *, *, #2865, .T. ) ;
#5657 = CARTESIAN_POINT ( 'NONE',  ( 1.717156393635317357, 0.8964290159990536688, -2.357160691801337915 ) ) ;
#5658 = ORIENTED_EDGE ( 'NONE', *, *, #1914, .T. ) ;
#5659 = CARTESIAN_POINT ( 'NONE',  ( 1.886761094490018165, 0.8964290159990536688, -2.149924947944500619 ) ) ;
#5660 = VECTOR ( 'NONE', #1325, 1000.000000000000000 ) ;
#5661 = EDGE_CURVE ( 'NONE', #5746, #3852, #6017, .T. ) ;
#5662 = DIRECTION ( 'NONE',  ( -0.0000000000000000000, 1.000000000000000000, -0.0000000000000000000 ) ) ;
#5663 = DIRECTION ( 'NONE',  ( -0.0000000000000000000, -1.000000000000000000, -0.0000000000000000000 ) ) ;
#5664 = AXIS2_PLACEMENT_3D ( 'NONE', #6077, #5151, #4689 ) ;
#5665 = EDGE_CURVE ( 'NONE', #6083, #5797, #3162, .T. ) ;
#5666 =( NAMED_UNIT ( * ) PLANE_ANGLE_UNIT ( ) SI_UNIT ( $, .RADIAN. ) );
#5667 = LINE ( 'NONE', #1881, #1430 ) ;
#5668 = VECTOR ( 'NONE', #2333, 1000.000000000000114 ) ;
#5669 = CARTESIAN_POINT ( 'NONE',  ( 3.199057969434755400, 0.8964290159990534468, -3.575571747597179773 ) ) ;
#5670 = CARTESIAN_POINT ( 'NONE',  ( 0.6703087537214805769, 0.9064290159990538998, -0.6721254278498536294 ) ) ;
#5671 = LINE ( 'NONE', #4158, #1642 ) ;
#5672 = STYLED_ITEM ( 'NONE', ( #3648 ), #3347 ) ;
#5673 = CARTESIAN_POINT ( 'NONE',  ( 3.452377868730335475, 0.9064290159990537887, -3.750248747140056071 ) ) ;
#5674 = CARTESIAN_POINT ( 'NONE',  ( -1.084202172485504434E-15, 0.8964290159990536688, -5.000000000000000000 ) ) ;
#5675 = ORIENTED_EDGE ( 'NONE', *, *, #4985, .T. ) ;
#5676 = AXIS2_PLACEMENT_3D ( 'NONE', #3170, #2639, #2702 ) ;
#5677 = EDGE_LOOP ( 'NONE', ( #961, #275, #3727, #3841 ) ) ;
#5678 = LINE ( 'NONE', #536, #1526 ) ;
#5679 = LINE ( 'NONE', #2362, #1086 ) ;
#5680 = ADVANCED_FACE ( 'NONE', ( #1230 ), #2594, .T. ) ;
#5681 = ORIENTED_EDGE ( 'NONE', *, *, #2244, .F. ) ;
#5682 = CARTESIAN_POINT ( 'NONE',  ( 1.966814513293437150, 0.8964290159990536688, -0.9665507590551382089 ) ) ;
#5683 = ORIENTED_EDGE ( 'NONE', *, *, #421, .T. ) ;
#5684 = LINE ( 'NONE', #3797, #736 ) ;
#5685 = ORIENTED_EDGE ( 'NONE', *, *, #3972, .F. ) ;
#5686 = CARTESIAN_POINT ( 'NONE',  ( 0.0000000000000000000, 0.0000000000000000000, 0.0000000000000000000 ) ) ;
#5687 = VERTEX_POINT ( 'NONE', #2173 ) ;
#5688 = PLANE ( 'NONE',  #5904 ) ;
#5689 = PRODUCT_DEFINITION ( 'UNKNOWN', '', #1441, #1827 ) ;
#5690 = CARTESIAN_POINT ( 'NONE',  ( 1.536018573122496900, 0.9064290159990536777, -1.077005820486762078 ) ) ;
#5691 = CARTESIAN_POINT ( 'NONE',  ( 2.828851605975060135, 0.9064290159990536777, -1.827994025134671574 ) ) ;
#5692 = PLANE ( 'NONE',  #1128 ) ;
#5693 = CARTESIAN_POINT ( 'NONE',  ( 1.532626479105402728, 0.8964290159990536688, -2.047526109803475158 ) ) ;
#5694 = AXIS2_PLACEMENT_3D ( 'NONE', #1764, #314, #1792 ) ;
#5695 = VECTOR ( 'NONE', #3929, 1000.000000000000000 ) ;
#5696 = LINE ( 'NONE', #1323, #2532 ) ;
#5697 = VECTOR ( 'NONE', #3714, 1000.000000000000114 ) ;
#5698 = EDGE_CURVE ( 'NONE', #4946, #4910, #5951, .T. ) ;
#5699 = DIRECTION ( 'NONE',  ( 0.0000000000000000000, -0.0000000000000000000, 1.000000000000000000 ) ) ;
#5700 = DIRECTION ( 'NONE',  ( 0.4804152582365220914, 0.0000000000000000000, 0.8770411504904065403 ) ) ;
#5701 = DIRECTION ( 'NONE',  ( -0.8770197613181055507, 0.0000000000000000000, -0.4804543040264425691 ) ) ;
#5702 = CARTESIAN_POINT ( 'NONE',  ( 3.598870379063146885, 0.9064290159990536777, -3.954164567234501160 ) ) ;
#5703 = ORIENTED_EDGE ( 'NONE', *, *, #27, .F. ) ;
#5704 = PRESENTATION_LAYER_ASSIGNMENT (  '', '', ( #4853 ) ) ;
#5705 = ORIENTED_EDGE ( 'NONE', *, *, #367, .F. ) ;
#5706 = MECHANICAL_DESIGN_GEOMETRIC_PRESENTATION_REPRESENTATION (  '', ( #4920 ), #2436 ) ;
#5707 = CARTESIAN_POINT ( 'NONE',  ( 3.066405510726474493, 0.8964290159990536688, -3.614335826910774152 ) ) ;
#5708 = FILL_AREA_STYLE ('',( #2874 ) ) ;
#5709 = CARTESIAN_POINT ( 'NONE',  ( 1.753112590216513889, 0.9064290159990536777, -1.354627515198300491 ) ) ;
#5710 = VECTOR ( 'NONE', #3423, 1000.000000000000000 ) ;
#5711 = EDGE_CURVE ( 'NONE', #1272, #2338, #3630, .T. ) ;
#5712 = ORIENTED_EDGE ( 'NONE', *, *, #2571, .T. ) ;
#5713 = LINE ( 'NONE', #1897, #5080 ) ;
#5714 = VERTEX_POINT ( 'NONE', #3276 ) ;
#5715 = VECTOR ( 'NONE', #3617, 1000.000000000000114 ) ;
#5716 = CARTESIAN_POINT ( 'NONE',  ( 0.5875818738530219631, 0.9064290159990537887, -0.6929698366247789565 ) ) ;
#5717 = ORIENTED_EDGE ( 'NONE', *, *, #4202, .T. ) ;
#5718 = LINE ( 'NONE', #3358, #4775 ) ;
#5719 = ORIENTED_EDGE ( 'NONE', *, *, #1502, .T. ) ;
#5720 = PLANE ( 'NONE',  #5806 ) ;
#5721 = EDGE_CURVE ( 'NONE', #6140, #3968, #2380, .T. ) ;
#5722 = EDGE_CURVE ( 'NONE', #140, #1154, #5671, .T. ) ;
#5723 = CARTESIAN_POINT ( 'NONE',  ( 3.561352897722794175, 0.8964290159990535578, -4.232955021639440041 ) ) ;
#5724 = DIRECTION ( 'NONE',  ( 0.0000000000000000000, -1.000000000000000000, 0.0000000000000000000 ) ) ;
#5725 = LINE ( 'NONE', #2774, #2701 ) ;
#5726 = LINE ( 'NONE', #2487, #3930 ) ;
#5727 = PLANE ( 'NONE',  #2477 ) ;
#5728 = ADVANCED_FACE ( 'NONE', ( #4276 ), #1356, .T. ) ;
#5729 = CARTESIAN_POINT ( 'NONE',  ( 1.966814513293437150, 0.9064290159990536777, -0.9665507590551382089 ) ) ;
#5730 = FILL_AREA_STYLE_COLOUR ( '', #1889 ) ;
#5731 = LINE ( 'NONE', #157, #4318 ) ;
#5732 = DIRECTION ( 'NONE',  ( -0.4804543040264425136, 0.0000000000000000000, 0.8770197613181054397 ) ) ;
#5733 = EDGE_LOOP ( 'NONE', ( #414, #5235, #1602, #4236 ) ) ;
#5734 = ADVANCED_FACE ( 'NONE', ( #4624 ), #2354, .T. ) ;
#5735 = ORIENTED_EDGE ( 'NONE', *, *, #4328, .T. ) ;
#5736 = DIRECTION ( 'NONE',  ( -1.000000000000000000, 0.0000000000000000000, 1.734723475976807341E-16 ) ) ;
#5737 = EDGE_LOOP ( 'NONE', ( #5045, #981, #99, #4483 ) ) ;
#5738 = LINE ( 'NONE', #1418, #4215 ) ;
#5739 = CARTESIAN_POINT ( 'NONE',  ( 3.062694087278479582, 0.9064290159990536777, -2.357160691801337915 ) ) ;
#5740 = VERTEX_POINT ( 'NONE', #1859 ) ;
#5741 = LINE ( 'NONE', #4231, #447 ) ;
#5742 = ORIENTED_EDGE ( 'NONE', *, *, #1756, .T. ) ;
#5743 = CARTESIAN_POINT ( 'NONE',  ( 2.995624777865954602, 0.8964290159990536688, -3.880276478999032275 ) ) ;
#5744 = ORIENTED_EDGE ( 'NONE', *, *, #4607, .F. ) ;
#5745 = DIRECTION ( 'NONE',  ( -0.0000000000000000000, -1.000000000000000000, -0.0000000000000000000 ) ) ;
#5746 = VERTEX_POINT ( 'NONE', #2754 ) ;
#5747 = CARTESIAN_POINT ( 'NONE',  ( 1.666177969355316035, 0.8964290159990536688, -4.140831640543555459 ) ) ;
#5748 = CARTESIAN_POINT ( 'NONE',  ( 3.443195740817603046, 0.8964290159990536688, -4.357380781344657450 ) ) ;
#5749 = VECTOR ( 'NONE', #156, 1000.000000000000000 ) ;
#5750 = DIRECTION ( 'NONE',  ( 0.0000000000000000000, 0.0000000000000000000, -1.000000000000000000 ) ) ;
#5751 = CARTESIAN_POINT ( 'NONE',  ( 3.004600595438846167, 0.8964290159990536688, -3.364295194523067245 ) ) ;
#5752 = CARTESIAN_POINT ( 'NONE',  ( 3.222450804311755235, 0.9064290159990535667, -3.437803220914381175 ) ) ;
#5753 = VECTOR ( 'NONE', #4332, 1000.000000000000000 ) ;
#5754 = CARTESIAN_POINT ( 'NONE',  ( 3.795153188507112141, 0.9064290159990536777, -0.8797343528051381201 ) ) ;
#5755 = ADVANCED_FACE ( 'NONE', ( #1326 ), #2320, .T. ) ;
#5756 = LINE ( 'NONE', #1527, #5710 ) ;
#5757 = DIRECTION ( 'NONE',  ( -8.790828425558146791E-17, 0.0000000000000000000, 1.000000000000000000 ) ) ;
#5758 = FILL_AREA_STYLE_COLOUR ( '', #3823 ) ;
#5759 = CARTESIAN_POINT ( 'NONE',  ( 3.628546020126873106, 0.9064290159990535667, -3.513287820428384833 ) ) ;
#5760 = ORIENTED_EDGE ( 'NONE', *, *, #3222, .F. ) ;
#5761 = LINE ( 'NONE', #3870, #1038 ) ;
#5762 = ORIENTED_EDGE ( 'NONE', *, *, #3088, .F. ) ;
#5763 = EDGE_CURVE ( 'NONE', #4038, #4103, #4739, .T. ) ;
#5764 = DIRECTION ( 'NONE',  ( -0.0000000000000000000, -1.000000000000000000, -0.0000000000000000000 ) ) ;
#5765 = VERTEX_POINT ( 'NONE', #5584 ) ;
#5766 = LINE ( 'NONE', #953, #3316 ) ;
#5767 = EDGE_CURVE ( 'NONE', #1981, #6047, #3217, .T. ) ;
#5768 = VECTOR ( 'NONE', #1519, 1000.000000000000000 ) ;
#5769 = ORIENTED_EDGE ( 'NONE', *, *, #4352, .F. ) ;
#5770 = DIRECTION ( 'NONE',  ( -1.000000000000000000, 0.0000000000000000000, 0.0000000000000000000 ) ) ;
#5771 = ORIENTED_EDGE ( 'NONE', *, *, #3771, .F. ) ;
#5772 = EDGE_CURVE ( 'NONE', #5653, #610, #2266, .T. ) ;
#5773 = DIRECTION ( 'NONE',  ( 0.8769390707362912929, -0.0000000000000000000, 0.4806015670138519824 ) ) ;
#5774 = ORIENTED_EDGE ( 'NONE', *, *, #2997, .F. ) ;
#5775 = CARTESIAN_POINT ( 'NONE',  ( 1.366413872267795870, 0.9064290159990536777, -1.354627515198300491 ) ) ;
#5776 = ORIENTED_EDGE ( 'NONE', *, *, #2686, .F. ) ;
#5777 = SURFACE_SIDE_STYLE ('',( #459 ) ) ;
#5778 = DIRECTION ( 'NONE',  ( -0.0000000000000000000, -1.000000000000000000, -0.0000000000000000000 ) ) ;
#5779 = CARTESIAN_POINT ( 'NONE',  ( 0.0000000000000000000, 0.9064290159990536777, 0.0000000000000000000 ) ) ;
#5780 = CARTESIAN_POINT ( 'NONE',  ( 3.108671965896702805, 0.8964290159990534468, -3.371100841939061787 ) ) ;
#5781 = PLANE ( 'NONE',  #3817 ) ;
#5782 = DIRECTION ( 'NONE',  ( -0.2603341375417481118, 0.0000000000000000000, 0.9655185844044609222 ) ) ;
#5783 = AXIS2_PLACEMENT_3D ( 'NONE', #3113, #5911, #1120 ) ;
#5784 = LINE ( 'NONE', #5880, #982 ) ;
#5785 = DIRECTION ( 'NONE',  ( 0.0000000000000000000, 0.0000000000000000000, -1.000000000000000000 ) ) ;
#5786 = VECTOR ( 'NONE', #4960, 1000.000000000000000 ) ;
#5787 = LINE ( 'NONE', #3428, #2232 ) ;
#5788 = ORIENTED_EDGE ( 'NONE', *, *, #2494, .T. ) ;
#5789 = AXIS2_PLACEMENT_3D ( 'NONE', #2036, #91, #2006 ) ;
#5790 = VERTEX_POINT ( 'NONE', #1378 ) ;
#5791 = EDGE_CURVE ( 'NONE', #4640, #1805, #1825, .T. ) ;
#5792 = AXIS2_PLACEMENT_3D ( 'NONE', #5044, #774, #4479 ) ;
#5793 = PLANE ( 'NONE',  #1480 ) ;
#5794 = CARTESIAN_POINT ( 'NONE',  ( 3.153099540441414383, 0.8964290159990537799, -4.122101618354149011 ) ) ;
#5795 = DIRECTION ( 'NONE',  ( -0.5213313868808869822, 0.0000000000000000000, 0.8533543139006510847 ) ) ;
#5796 = EDGE_CURVE ( 'NONE', #5852, #5994, #945, .T. ) ;
#5797 = VERTEX_POINT ( 'NONE', #1412 ) ;
#5798 = VECTOR ( 'NONE', #4378, 1000.000000000000000 ) ;
#5799 = CARTESIAN_POINT ( 'NONE',  ( 0.7555416719893786048, 0.8964290159990536688, -0.7098533506425565021 ) ) ;
#5800 = ORIENTED_EDGE ( 'NONE', *, *, #1821, .F. ) ;
#5801 = EDGE_CURVE ( 'NONE', #5431, #4857, #3307, .T. ) ;
#5802 = VERTEX_POINT ( 'NONE', #468 ) ;
#5803 = AXIS2_PLACEMENT_3D ( 'NONE', #3710, #4647, #5141 ) ;
#5804 = CARTESIAN_POINT ( 'NONE',  ( 3.218994409465639084, 0.8964290159990536688, -4.023889560165304857 ) ) ;
#5805 = ORIENTED_EDGE ( 'NONE', *, *, #66, .F. ) ;
#5806 = AXIS2_PLACEMENT_3D ( 'NONE', #2341, #1877, #4785 ) ;
#5807 = CARTESIAN_POINT ( 'NONE',  ( 0.5506186582222731829, 0.9064290159990538998, -0.8778400399451190550 ) ) ;
#5808 = ORIENTED_EDGE ( 'NONE', *, *, #1647, .T. ) ;
#5809 = DIRECTION ( 'NONE',  ( -1.000000000000000000, 0.0000000000000000000, 0.0000000000000000000 ) ) ;
#5810 = DIRECTION ( 'NONE',  ( 2.344220913482171656E-16, 0.0000000000000000000, 1.000000000000000000 ) ) ;
#5811 = MECHANICAL_DESIGN_GEOMETRIC_PRESENTATION_REPRESENTATION (  '', ( #2256 ), #1149 ) ;
#5812 = VECTOR ( 'NONE', #4691, 1000.000000000000000 ) ;
#5813 = DIRECTION ( 'NONE',  ( 0.8769390707362905157, -0.0000000000000000000, 0.4806015670138532592 ) ) ;
#5814 = CARTESIAN_POINT ( 'NONE',  ( 3.234472431830427652, 0.9064290159990534557, -3.476165579217720847 ) ) ;
#5815 = CARTESIAN_POINT ( 'NONE',  ( 0.7932171381971933055, 0.9064290159990537887, -0.8127623096318707940 ) ) ;
#5816 = CARTESIAN_POINT ( 'NONE',  ( 2.282067251007112052, 0.8964290159990536688, -0.8254608485316339284 ) ) ;
#5817 = CARTESIAN_POINT ( 'NONE',  ( 3.405932850279748791, -0.01000000000000000021, -0.3293093895995677367 ) ) ;
#5818 = LINE ( 'NONE', #4958, #1187 ) ;
#5819 = CARTESIAN_POINT ( 'NONE',  ( 3.636817832092367642, 0.8964290159990537799, -3.413674382003449637 ) ) ;
#5820 = CARTESIAN_POINT ( 'NONE',  ( 3.204928829532752932, 0.8964290159990536688, -0.8254608485316339284 ) ) ;
#5821 = ORIENTED_EDGE ( 'NONE', *, *, #5394, .T. ) ;
#5822 = FILL_AREA_STYLE_COLOUR ( '', #3424 ) ;
#5823 = ORIENTED_EDGE ( 'NONE', *, *, #3520, .F. ) ;
#5824 = CARTESIAN_POINT ( 'NONE',  ( 1.773231947855402835, 0.9064290159990536777, -2.357160691801337915 ) ) ;
#5825 = DIRECTION ( 'NONE',  ( 0.0000000000000000000, -0.0000000000000000000, 1.000000000000000000 ) ) ;
#5826 = CARTESIAN_POINT ( 'NONE',  ( 2.977255719222924313, 0.9064290159990536777, -2.098725528873987667 ) ) ;
#5827 = CARTESIAN_POINT ( 'NONE',  ( 1.283295236888807089, 0.8964290159990536688, -4.140831640543555459 ) ) ;
#5828 = EDGE_LOOP ( 'NONE', ( #2136, #4608, #1278, #5647 ) ) ;
#5829 = LINE ( 'NONE', #168, #5958 ) ;
#5830 = ORIENTED_EDGE ( 'NONE', *, *, #2767, .T. ) ;
#5831 = ORIENTED_EDGE ( 'NONE', *, *, #4985, .F. ) ;
#5832 = LINE ( 'NONE', #701, #3628 ) ;
#5833 = ORIENTED_EDGE ( 'NONE', *, *, #546, .F. ) ;
#5834 = FACE_OUTER_BOUND ( 'NONE', #4411, .T. ) ;
#5835 = EDGE_LOOP ( 'NONE', ( #4110, #5401, #2844, #5918 ) ) ;
#5836 = LINE ( 'NONE', #2513, #3827 ) ;
#5837 = LINE ( 'NONE', #5314, #1938 ) ;
#5838 = CARTESIAN_POINT ( 'NONE',  ( 3.057686145084236529, 0.8964290159990536688, -4.140831640543555459 ) ) ;
#5839 = VERTEX_POINT ( 'NONE', #971 ) ;
#5840 = CARTESIAN_POINT ( 'NONE',  ( 2.064506820985744451, 0.8964290159990536688, -1.827994025134671574 ) ) ;
#5841 = LINE ( 'NONE', #4358, #2640 ) ;
#5842 = ORIENTED_EDGE ( 'NONE', *, *, #1470, .T. ) ;
#5843 = CARTESIAN_POINT ( 'NONE',  ( 0.6876163599789362202, 0.9064290159990535667, -0.9346404736468130192 ) ) ;
#5844 = CARTESIAN_POINT ( 'NONE',  ( 2.282067251007112052, 0.9064290159990536777, -0.8254608485316339284 ) ) ;
#5845 = DIRECTION ( 'NONE',  ( -1.000000000000000000, 0.0000000000000000000, 0.0000000000000000000 ) ) ;
#5846 = ADVANCED_FACE ( 'NONE', ( #2841 ), #1501, .T. ) ;
#5847 = VECTOR ( 'NONE', #5091, 1000.000000000000000 ) ;
#5848 = DIRECTION ( 'NONE',  ( 0.4804152582365220914, 0.0000000000000000000, -0.8770411504904065403 ) ) ;
#5849 = ADVANCED_FACE ( 'NONE', ( #527 ), #4794, .F. ) ;
#5850 = CARTESIAN_POINT ( 'NONE',  ( 1.652833810836171979, 0.8964290159990536688, -1.827994025134671574 ) ) ;
#5851 = CARTESIAN_POINT ( 'NONE',  ( 1.356237590216513800, 0.9064290159990536777, -1.827994025134671574 ) ) ;
#5852 = VERTEX_POINT ( 'NONE', #5323 ) ;
#5853 = EDGE_CURVE ( 'NONE', #301, #3260, #2495, .T. ) ;
#5854 = ORIENTED_EDGE ( 'NONE', *, *, #3560, .T. ) ;
#5855 = PRESENTATION_LAYER_ASSIGNMENT (  '', '', ( #795 ) ) ;
#5856 = CARTESIAN_POINT ( 'NONE',  ( 3.795153188507112141, 0.8964290159990536688, -0.8797343528051381201 ) ) ;
#5857 = CARTESIAN_POINT ( 'NONE',  ( 3.125553829532752736, 0.8964290159990536688, -1.827994025134671574 ) ) ;
#5858 = CARTESIAN_POINT ( 'NONE',  ( 2.064506820985744451, 0.9064290159990536777, -1.827994025134671574 ) ) ;
#5859 = VERTEX_POINT ( 'NONE', #2987 ) ;
#5860 = CARTESIAN_POINT ( 'NONE',  ( 1.709015367994291656, 0.9064290159990536777, -1.827994025134671574 ) ) ;
#5861 = ORIENTED_EDGE ( 'NONE', *, *, #3476, .T. ) ;
#5862 = ORIENTED_EDGE ( 'NONE', *, *, #2793, .F. ) ;
#5863 = LINE ( 'NONE', #1045, #244 ) ;
#5864 = ORIENTED_EDGE ( 'NONE', *, *, #2318, .T. ) ;
#5865 = VECTOR ( 'NONE', #1659, 1000.000000000000000 ) ;
#5866 = DIRECTION ( 'NONE',  ( -0.4804543040264425136, 0.0000000000000000000, 0.8770197613181054397 ) ) ;
#5867 = ORIENTED_EDGE ( 'NONE', *, *, #2802, .T. ) ;
#5868 = LINE ( 'NONE', #5405, #4816 ) ;
#5869 = CARTESIAN_POINT ( 'NONE',  ( 2.268986488453693440, 0.9064290159990536777, -2.098725528873987667 ) ) ;
#5870 = FACE_OUTER_BOUND ( 'NONE', #2056, .T. ) ;
#5871 = VERTEX_POINT ( 'NONE', #5850 ) ;
#5872 = COLOUR_RGB ( '',0.7529411764705882248, 0.7529411764705882248, 0.7529411764705882248 ) ;
#5873 = LINE ( 'NONE', #4512, #964 ) ;
#5874 = ORIENTED_EDGE ( 'NONE', *, *, #875, .F. ) ;
#5875 = CARTESIAN_POINT ( 'NONE',  ( 0.7852010530229414087, 0.9064290159990538998, -0.8552484090332316269 ) ) ;
#5876 = EDGE_CURVE ( 'NONE', #415, #1513, #4828, .T. ) ;
#5877 = FACE_OUTER_BOUND ( 'NONE', #794, .T. ) ;
#5878 = EDGE_CURVE ( 'NONE', #1710, #3148, #3867, .T. ) ;
#5879 = CARTESIAN_POINT ( 'NONE',  ( 0.5673854019246077351, 0.8964290159990537799, -0.8980096207073271497 ) ) ;
#5880 = CARTESIAN_POINT ( 'NONE',  ( 2.828851605975060135, 0.8964290159990536688, -1.827994025134671574 ) ) ;
#5881 = FACE_OUTER_BOUND ( 'NONE', #1234, .T. ) ;
#5882 = CARTESIAN_POINT ( 'NONE',  ( 3.591627547481470728, 0.9064290159990536777, -0.8797343528051381201 ) ) ;
#5883 = ORIENTED_EDGE ( 'NONE', *, *, #5546, .F. ) ;
#5884 = EDGE_CURVE ( 'NONE', #5994, #2709, #2527, .T. ) ;
#5885 = ORIENTED_EDGE ( 'NONE', *, *, #2808, .T. ) ;
#5886 = CARTESIAN_POINT ( 'NONE',  ( 3.069691183391062506, 0.8964290159990536688, -4.140423196420134566 ) ) ;
#5887 = DIRECTION ( 'NONE',  ( 0.4804543040264410148, 0.0000000000000000000, 0.8770197613181063279 ) ) ;
#5888 = CARTESIAN_POINT ( 'NONE',  ( 3.637267508362408197, 0.8964290159990535578, -3.426356561741349172 ) ) ;
#5889 = VECTOR ( 'NONE', #2560, 1000.000000000000114 ) ;
#5890 = ORIENTED_EDGE ( 'NONE', *, *, #3346, .F. ) ;
#5891 = LINE ( 'NONE', #2506, #798 ) ;
#5892 = AXIS2_PLACEMENT_3D ( 'NONE', #4899, #3029, #2012 ) ;
#5893 = VECTOR ( 'NONE', #3212, 1000.000000000000000 ) ;
#5894 = ORIENTED_EDGE ( 'NONE', *, *, #1588, .T. ) ;
#5895 = CARTESIAN_POINT ( 'NONE',  ( 1.886761094490018165, 0.9064290159990536777, -2.149924947944500619 ) ) ;
#5896 = EDGE_CURVE ( 'NONE', #5098, #3740, #585, .T. ) ;
#5897 = VERTEX_POINT ( 'NONE', #1531 ) ;
#5898 = CARTESIAN_POINT ( 'NONE',  ( 2.623121103838308432, 0.8964290159990536688, -2.098725528873987667 ) ) ;
#5899 = ORIENTED_EDGE ( 'NONE', *, *, #5162, .F. ) ;
#5900 = DIRECTION ( 'NONE',  ( -0.0000000000000000000, -1.000000000000000000, -0.0000000000000000000 ) ) ;
#5901 = CARTESIAN_POINT ( 'NONE',  ( 3.233749149631877096, 0.9064290159990534557, -3.519383693370923716 ) ) ;
#5902 = DIRECTION ( 'NONE',  ( 0.2621528324626076767, 0.0000000000000000000, -0.9650263687753987130 ) ) ;
#5903 = ORIENTED_EDGE ( 'NONE', *, *, #1498, .T. ) ;
#5904 = AXIS2_PLACEMENT_3D ( 'NONE', #489, #22, #3830 ) ;
#5905 = AXIS2_PLACEMENT_3D ( 'NONE', #1075, #2975, #4876 ) ;
#5906 = DIRECTION ( 'NONE',  ( 0.0000000000000000000, 0.0000000000000000000, -1.000000000000000000 ) ) ;
#5907 = ORIENTED_EDGE ( 'NONE', *, *, #1044, .T. ) ;
#5908 = LINE ( 'NONE', #2615, #3791 ) ;
#5909 = EDGE_CURVE ( 'NONE', #2882, #5094, #2035, .T. ) ;
#5910 = EDGE_CURVE ( 'NONE', #5531, #2742, #1945, .T. ) ;
#5911 = DIRECTION ( 'NONE',  ( 0.0000000000000000000, 0.0000000000000000000, -1.000000000000000000 ) ) ;
#5912 = EDGE_CURVE ( 'NONE', #1416, #4076, #5731, .T. ) ;
#5913 = LINE ( 'NONE', #217, #2632 ) ;
#5914 = DIRECTION ( 'NONE',  ( -0.0000000000000000000, 0.0000000000000000000, 1.000000000000000000 ) ) ;
#5915 = EDGE_CURVE ( 'NONE', #2545, #4541, #1685, .T. ) ;
#5916 = CARTESIAN_POINT ( 'NONE',  ( 3.637267508362408197, 0.8964290159990533358, -3.426356561741349172 ) ) ;
#5917 = CARTESIAN_POINT ( 'NONE',  ( 2.006968426220787638, 0.9064290159990536777, -1.827994025134671574 ) ) ;
#5918 = ORIENTED_EDGE ( 'NONE', *, *, #3459, .T. ) ;
#5919 = DIRECTION ( 'NONE',  ( 0.3651136360950658633, 0.0000000000000000000, 0.9309629599170097247 ) ) ;
#5920 = ORIENTED_EDGE ( 'NONE', *, *, #2898, .T. ) ;
#5921 = CARTESIAN_POINT ( 'NONE',  ( 0.3559328502797495797, -0.01000000000000000021, -4.729309389599568370 ) ) ;
#5922 = LINE ( 'NONE', #3501, #2132 ) ;
#5923 = CARTESIAN_POINT ( 'NONE',  ( 3.493531828988115429, 0.9064290159990537887, -3.799599196143114810 ) ) ;
#5924 = ADVANCED_FACE ( 'NONE', ( #186 ), #4982, .T. ) ;
#5925 = ORIENTED_EDGE ( 'NONE', *, *, #2547, .F. ) ;
#5926 = DIRECTION ( 'NONE',  ( -1.000000000000000000, 0.0000000000000000000, 0.0000000000000000000 ) ) ;
#5927 = ORIENTED_EDGE ( 'NONE', *, *, #2947, .F. ) ;
#5928 = EDGE_LOOP ( 'NONE', ( #5388, #804, #4101, #2106 ) ) ;
#5929 = DIRECTION ( 'NONE',  ( -0.0000000000000000000, -1.000000000000000000, -0.0000000000000000000 ) ) ;
#5930 = ORIENTED_EDGE ( 'NONE', *, *, #983, .F. ) ;
#5931 = CARTESIAN_POINT ( 'NONE',  ( 1.583507889361813081, 0.9064290159990536777, -0.8254608485316339284 ) ) ;
#5932 = CARTESIAN_POINT ( 'NONE',  ( 3.159262234592108420, 0.9064290159990538998, -3.600700108364979446 ) ) ;
#5933 = LINE ( 'NONE', #1617, #2332 ) ;
#5934 = ORIENTED_EDGE ( 'NONE', *, *, #218, .T. ) ;
#5935 = FACE_OUTER_BOUND ( 'NONE', #3975, .T. ) ;
#5936 = EDGE_LOOP ( 'NONE', ( #4253, #2257, #479, #5339 ) ) ;
#5937 = LINE ( 'NONE', #3584, #2005 ) ;
#5938 = CARTESIAN_POINT ( 'NONE',  ( 0.7555416719893786048, 0.8964290159990536688, -0.7098533506425565021 ) ) ;
#5939 = ADVANCED_FACE ( 'NONE', ( #5881 ), #6054, .T. ) ;
#5940 = CARTESIAN_POINT ( 'NONE',  ( 1.909037947684709025, 0.9064290159990536777, -3.614335826910774152 ) ) ;
#5941 = CARTESIAN_POINT ( 'NONE',  ( 0.6353838412118913981, 0.9064290159990535667, -0.9346979451612402734 ) ) ;
#5942 = DIRECTION ( 'NONE',  ( -0.0000000000000000000, -1.000000000000000000, -0.0000000000000000000 ) ) ;
#5943 = CARTESIAN_POINT ( 'NONE',  ( 3.458349379648474109, 0.8964290159990535578, -3.130408616057220428 ) ) ;
#5944 = PLANE ( 'NONE',  #5197 ) ;
#5945 = EDGE_LOOP ( 'NONE', ( #2212, #4503, #121, #1515 ) ) ;
#5946 = EDGE_CURVE ( 'NONE', #4722, #1918, #5134, .T. ) ;
#5947 = CARTESIAN_POINT ( 'NONE',  ( 0.7932345449492584910, 0.9064290159990536777, -0.7950840470445286190 ) ) ;
#5948 = AXIS2_PLACEMENT_3D ( 'NONE', #61, #4929, #688 ) ;
#5949 = ORIENTED_EDGE ( 'NONE', *, *, #1493, .T. ) ;
#5950 = DIRECTION ( 'NONE',  ( 1.000000000000000000, 0.0000000000000000000, 0.0000000000000000000 ) ) ;
#5951 = LINE ( 'NONE', #1704, #4025 ) ;
#5952 = CARTESIAN_POINT ( 'NONE',  ( 3.476594716213635472, 0.8964290159990537799, -3.734457929772840856 ) ) ;
#5953 = VECTOR ( 'NONE', #878, 1000.000000000000000 ) ;
#5954 = CARTESIAN_POINT ( 'NONE',  ( 3.440568877550745253, 0.8964290159990536688, -3.757948908077046291 ) ) ;
#5955 = VERTEX_POINT ( 'NONE', #2130 ) ;
#5956 = AXIS2_PLACEMENT_3D ( 'NONE', #5251, #990, #2886 ) ;
#5957 = ORIENTED_EDGE ( 'NONE', *, *, #1118, .T. ) ;
#5958 = VECTOR ( 'NONE', #2080, 1000.000000000000000 ) ;
#5959 = FACE_OUTER_BOUND ( 'NONE', #4883, .T. ) ;
#5960 = EDGE_LOOP ( 'NONE', ( #2086, #2231, #3794, #389, #709 ) ) ;
#5961 = CARTESIAN_POINT ( 'NONE',  ( 0.0000000000000000000, 0.9064290159990536777, 0.0000000000000000000 ) ) ;
#5962 = EDGE_LOOP ( 'NONE', ( #1261, #3826, #255, #5592 ) ) ;
#5963 = DIRECTION ( 'NONE',  ( -0.8771175078130485359, 0.0000000000000000000, 0.4802758347947843065 ) ) ;
#5964 = LINE ( 'NONE', #5072, #2434 ) ;
#5965 = FACE_OUTER_BOUND ( 'NONE', #2297, .T. ) ;
#5966 = ORIENTED_EDGE ( 'NONE', *, *, #2682, .T. ) ;
#5967 = ADVANCED_FACE ( 'NONE', ( #1124 ), #1262, .T. ) ;
#5968 = CARTESIAN_POINT ( 'NONE',  ( 1.666177969355316035, 0.9064290159990536777, -4.140831640543555459 ) ) ;
#5969 = ORIENTED_EDGE ( 'NONE', *, *, #1026, .F. ) ;
#5970 = FILL_AREA_STYLE_COLOUR ( '', #6065 ) ;
#5971 = EDGE_LOOP ( 'NONE', ( #2371, #3766, #869, #4932 ) ) ;
#5972 = CARTESIAN_POINT ( 'NONE',  ( 1.274319419315915081, 0.9064290159990536777, -2.605710383648362605 ) ) ;
#5973 =( NAMED_UNIT ( * ) PLANE_ANGLE_UNIT ( ) SI_UNIT ( $, .RADIAN. ) );
#5974 = CARTESIAN_POINT ( 'NONE',  ( 1.366413872267795870, 0.8964290159990536688, -1.354627515198300491 ) ) ;
#5975 = CARTESIAN_POINT ( 'NONE',  ( 2.122850838079761715, 0.8964290159990536688, -1.230180065946163914 ) ) ;
#5976 = DIRECTION ( 'NONE',  ( 0.0000000000000000000, -1.000000000000000000, 0.0000000000000000000 ) ) ;
#5977 = EDGE_LOOP ( 'NONE', ( #1715, #4923, #5149, #4754 ) ) ;
#5978 = CARTESIAN_POINT ( 'NONE',  ( 3.209092719060600452, 0.8964290159990535578, -4.068034394944716858 ) ) ;
#5979 = VERTEX_POINT ( 'NONE', #17 ) ;
#5980 = CARTESIAN_POINT ( 'NONE',  ( 3.532528229188551361, 0.8964290159990536688, -3.838234900576156683 ) ) ;
#5981 = SURFACE_STYLE_USAGE ( .BOTH. , #4031 ) ;
#5982 = CARTESIAN_POINT ( 'NONE',  ( 2.071291009019932794, 0.8964290159990536688, -2.357160691801337915 ) ) ;
#5983 = CARTESIAN_POINT ( 'NONE',  ( 3.633967123887240191, 0.8964290159990536688, -3.485530478444895497 ) ) ;
#5984 = EDGE_CURVE ( 'NONE', #4480, #1272, #483, .T. ) ;
#5985 = EDGE_LOOP ( 'NONE', ( #222, #5007, #5422, #1961 ) ) ;
#5986 = EDGE_CURVE ( 'NONE', #1313, #1812, #2450, .T. ) ;
#5987 = EDGE_LOOP ( 'NONE', ( #2123, #5744, #2540, #1959 ) ) ;
#5989 = AXIS2_PLACEMENT_3D ( 'NONE', #2523, #154, #2126 ) ;
#5988 = CARTESIAN_POINT ( 'NONE',  ( 3.465444714824189365, 0.9064290159990536777, -3.777439254806755020 ) ) ;
#5990 = EDGE_CURVE ( 'NONE', #214, #1368, #5684, .T. ) ;
#5991 = COLOUR_RGB ( '',1.000000000000000000, 1.000000000000000000, 1.000000000000000000 ) ;
#5992 = ORIENTED_EDGE ( 'NONE', *, *, #991, .F. ) ;
#5993 = CARTESIAN_POINT ( 'NONE',  ( 3.405932850279749236, -0.01000000000000000021, -2.879309389599567837 ) ) ;
#5994 = VERTEX_POINT ( 'NONE', #2394 ) ;
#5995 = CARTESIAN_POINT ( 'NONE',  ( 2.995624777865954602, 0.9064290159990538998, -3.880276478999032275 ) ) ;
#5996 = CARTESIAN_POINT ( 'NONE',  ( 3.231812929976366267, 0.8964290159990535578, -3.459547448293701422 ) ) ;
#5997 = EDGE_CURVE ( 'NONE', #4071, #1762, #2907, .T. ) ;
#5998 = FACE_OUTER_BOUND ( 'NONE', #3844, .T. ) ;
#5999 = VERTEX_POINT ( 'NONE', #1960 ) ;
#6000 = VECTOR ( 'NONE', #863, 1000.000000000000000 ) ;
#6001 = VECTOR ( 'NONE', #5010, 1000.000000000000114 ) ;
#6002 = CARTESIAN_POINT ( 'NONE',  ( 3.164641706366693175, 0.9064290159990536777, -3.043807291928056102 ) ) ;
#6003 = ORIENTED_EDGE ( 'NONE', *, *, #4787, .T. ) ;
#6004 = CARTESIAN_POINT ( 'NONE',  ( 2.995624777865954602, 0.9064290159990536777, -3.880276478999032275 ) ) ;
#6005 = ORIENTED_EDGE ( 'NONE', *, *, #2721, .F. ) ;
#6006 = SURFACE_SIDE_STYLE ('',( #1728 ) ) ;
#6007 = CARTESIAN_POINT ( 'NONE',  ( 0.6353838412118913981, 0.8964290159990535578, -0.9346979451612402734 ) ) ;
#6008 = VECTOR ( 'NONE', #428, 1000.000000000000000 ) ;
#6009 = EDGE_CURVE ( 'NONE', #1621, #5001, #4289, .T. ) ;
#6010 = CARTESIAN_POINT ( 'NONE',  ( 1.412313144436599277, 0.9064290159990536777, -1.827994025134671574 ) ) ;
#6011 = CARTESIAN_POINT ( 'NONE',  ( 1.532626479105402728, 0.8964290159990536688, -2.149924947944500619 ) ) ;
#6012 = VECTOR ( 'NONE', #5782, 1000.000000000000114 ) ;
#6013 = ORIENTED_EDGE ( 'NONE', *, *, #2099, .F. ) ;
#6014 = CARTESIAN_POINT ( 'NONE',  ( 3.069691183391062506, 0.9064290159990538998, -4.140423196420134566 ) ) ;
#6015 = EDGE_LOOP ( 'NONE', ( #2148, #779, #2675, #501 ) ) ;
#6016 = CARTESIAN_POINT ( 'NONE',  ( 4.755932850279748436, -0.01000000000000000021, -2.179309389599567659 ) ) ;
#6017 = LINE ( 'NONE', #3534, #5847 ) ;
#6018 = CARTESIAN_POINT ( 'NONE',  ( 1.747729683303306469, 0.8964290159990536688, -3.043473829274840448 ) ) ;
#6019 = CARTESIAN_POINT ( 'NONE',  ( 3.591627547481470728, 0.8964290159990536688, -1.354627515198300491 ) ) ;
#6020 = VERTEX_POINT ( 'NONE', #541 ) ;
#6021 = VERTEX_POINT ( 'NONE', #4751 ) ;
#6022 = CARTESIAN_POINT ( 'NONE',  ( -1.084202172485504434E-15, 0.8964290159990536688, -5.000000000000000000 ) ) ;
#6023 = ORIENTED_EDGE ( 'NONE', *, *, #3538, .F. ) ;
#6024 = DIRECTION ( 'NONE',  ( 0.0000000000000000000, -0.0000000000000000000, 1.000000000000000000 ) ) ;
#6025 = ORIENTED_EDGE ( 'NONE', *, *, #4063, .T. ) ;
#6026 = CARTESIAN_POINT ( 'NONE',  ( 2.006968426220787638, 0.9064290159990536777, -1.827994025134671574 ) ) ;
#6027 = CARTESIAN_POINT ( 'NONE',  ( 3.136276921990836630, 0.8964290159990537799, -3.377018483754735900 ) ) ;
#6028 = ORIENTED_EDGE ( 'NONE', *, *, #861, .T. ) ;
#6029 = ORIENTED_EDGE ( 'NONE', *, *, #5489, .T. ) ;
#6030 = DIRECTION ( 'NONE',  ( -0.8771175078130485359, 0.0000000000000000000, 0.4802758347947843065 ) ) ;
#6031 = EDGE_LOOP ( 'NONE', ( #2570, #5890, #5217, #5631 ) ) ;
#6032 = DIRECTION ( 'NONE',  ( 0.0000000000000000000, -0.0000000000000000000, 1.000000000000000000 ) ) ;
#6033 = CARTESIAN_POINT ( 'NONE',  ( 3.348938701611714031, 0.8964290159990537799, -4.405897471190380443 ) ) ;
#6034 = DIRECTION ( 'NONE',  ( 1.000000000000000000, 0.0000000000000000000, 1.355252715606880789E-16 ) ) ;
#6035 = EDGE_CURVE ( 'NONE', #3968, #2358, #4234, .T. ) ;
#6036 = LINE ( 'NONE', #819, #3678 ) ;
#6037 = CARTESIAN_POINT ( 'NONE',  ( 1.709015367994291656, 0.9064290159990536777, -1.827994025134671574 ) ) ;
#6038 = CARTESIAN_POINT ( 'NONE',  ( 3.234894429166190744, 0.9064290159990536777, -3.497393746532523551 ) ) ;
#6039 = CARTESIAN_POINT ( 'NONE',  ( 3.195151240594907627, 0.9064290159990543438, -4.087904458326130808 ) ) ;
#6040 = EDGE_CURVE ( 'NONE', #1078, #1185, #5245, .T. ) ;
#6041 = CARTESIAN_POINT ( 'NONE',  ( 3.476838504437862021, 0.8964290159990534468, -3.785735501662867097 ) ) ;
#6042 = DIRECTION ( 'NONE',  ( -0.8771107020363839712, 0.0000000000000000000, 0.4802882638304228347 ) ) ;
#6043 = DIRECTION ( 'NONE',  ( -1.000000000000000000, 0.0000000000000000000, 0.0000000000000000000 ) ) ;
#6044 = CARTESIAN_POINT ( 'NONE',  ( 3.612993883163555520, 0.8964290159990536688, -3.565055503791929592 ) ) ;
#6045 = ADVANCED_FACE ( 'NONE', ( #984 ), #3853, .T. ) ;
#6046 = ORIENTED_EDGE ( 'NONE', *, *, #3350, .T. ) ;
#6047 = VERTEX_POINT ( 'NONE', #4319 ) ;
#6048 = DIRECTION ( 'NONE',  ( -0.4802882638304235008, 0.0000000000000000000, -0.8771107020363836382 ) ) ;
#6049 = ORIENTED_EDGE ( 'NONE', *, *, #4887, .T. ) ;
#6050 = DIRECTION ( 'NONE',  ( -0.0000000000000000000, -1.000000000000000000, -0.0000000000000000000 ) ) ;
#6051 = CARTESIAN_POINT ( 'NONE',  ( 3.007769316931325321, 0.8964290159990535578, -3.880474294259473211 ) ) ;
#6052 = LINE ( 'NONE', #1337, #36 ) ;
#6053 = ORIENTED_EDGE ( 'NONE', *, *, #1883, .T. ) ;
#6054 = PLANE ( 'NONE',  #5117 ) ;
#6055 = ORIENTED_EDGE ( 'NONE', *, *, #1821, .T. ) ;
#6056 =( NAMED_UNIT ( * ) SI_UNIT ( $, .STERADIAN. ) SOLID_ANGLE_UNIT ( ) );
#6057 = ORIENTED_EDGE ( 'NONE', *, *, #5896, .F. ) ;
#6058 = LINE ( 'NONE', #2258, #5310 ) ;
#6059 = DIRECTION ( 'NONE',  ( -1.000000000000000000, 0.0000000000000000000, 0.0000000000000000000 ) ) ;
#6060 = CARTESIAN_POINT ( 'NONE',  ( 3.544138231242154990, 0.9064290159990536777, -1.354627515198300491 ) ) ;
#6061 = DIRECTION ( 'NONE',  ( -0.2570842515897343583, 0.0000000000000000000, -0.9663889939276761876 ) ) ;
#6062 = EDGE_CURVE ( 'NONE', #5312, #4412, #1163, .T. ) ;
#6063 = CARTESIAN_POINT ( 'NONE',  ( 3.109950197054120569, 0.9064290159990536777, -1.354627515198300491 ) ) ;
#6064 = EDGE_CURVE ( 'NONE', #5653, #3854, #4872, .T. ) ;
#6065 = COLOUR_RGB ( '',0.1019607843137254888, 0.1019607843137254888, 0.1019607843137254888 ) ;
#6066 = CARTESIAN_POINT ( 'NONE',  ( 2.715237656990018067, 0.9064290159990536777, -1.827994025134671574 ) ) ;
#6067 = AXIS2_PLACEMENT_3D ( 'NONE', #5563, #866, #3101 ) ;
#6068 = DIRECTION ( 'NONE',  ( 0.0000000000000000000, 0.0000000000000000000, 1.000000000000000000 ) ) ;
#6069 = CARTESIAN_POINT ( 'NONE',  ( 3.348938701611714031, 0.9064290159990537887, -4.405897471190380443 ) ) ;
#6070 = FACE_OUTER_BOUND ( 'NONE', #4525, .T. ) ;
#6071 = CARTESIAN_POINT ( 'NONE',  ( 3.548472833821836758, 0.9064290159990537887, -3.854497047553390399 ) ) ;
#6072 = EDGE_CURVE ( 'NONE', #179, #4644, #4841, .T. ) ;
#6073 = VERTEX_POINT ( 'NONE', #2938 ) ;
#6074 = ORIENTED_EDGE ( 'NONE', *, *, #711, .F. ) ;
#6075 = CARTESIAN_POINT ( 'NONE',  ( 2.056365795344718972, 0.9064290159990536777, -2.357160691801337915 ) ) ;
#6076 = ORIENTED_EDGE ( 'NONE', *, *, #4295, .T. ) ;
#6077 = CARTESIAN_POINT ( 'NONE',  ( 1.536018573122496900, 0.9064290159990536777, -0.8254608485316339284 ) ) ;
#6078 = CARTESIAN_POINT ( 'NONE',  ( 3.197691451432004506, 0.9064290159990542328, -3.949286345905796747 ) ) ;
#6079 = DIRECTION ( 'NONE',  ( -0.0000000000000000000, -1.000000000000000000, -0.0000000000000000000 ) ) ;
#6080 = VERTEX_POINT ( 'NONE', #202 ) ;
#6081 = ADVANCED_FACE ( 'NONE', ( #4444 ), #1648, .T. ) ;
#6082 = CARTESIAN_POINT ( 'NONE',  ( 3.617993737499895612, 0.8964290159990532247, -3.315901287336859848 ) ) ;
#6083 = VERTEX_POINT ( 'NONE', #3037 ) ;
#6084 = DIRECTION ( 'NONE',  ( -0.0000000000000000000, -1.000000000000000000, -0.0000000000000000000 ) ) ;
#6085 = VERTEX_POINT ( 'NONE', #673 ) ;
#6086 = CARTESIAN_POINT ( 'NONE',  ( 0.0000000000000000000, -0.01000000000000000021, 0.0000000000000000000 ) ) ;
#6087 = VECTOR ( 'NONE', #3959, 1000.000000000000000 ) ;
#6088 = PLANE ( 'NONE',  #5803 ) ;
#6089 = EDGE_CURVE ( 'NONE', #5797, #4415, #5435, .T. ) ;
#6090 = DIRECTION ( 'NONE',  ( 1.000000000000000000, 0.0000000000000000000, -0.0000000000000000000 ) ) ;
#6091 = CARTESIAN_POINT ( 'NONE',  ( 0.6059328502797489691, -0.01000000000000000021, -0.3293093895995677367 ) ) ;
#6092 = DIRECTION ( 'NONE',  ( -0.0000000000000000000, -1.000000000000000000, -0.0000000000000000000 ) ) ;
#6093 = ADVANCED_FACE ( 'NONE', ( #603 ), #3880, .T. ) ;
#6094 = VECTOR ( 'NONE', #554, 1000.000000000000000 ) ;
#6095 = CARTESIAN_POINT ( 'NONE',  ( 1.914851873069078003, 0.9064290159990536777, -2.098725528873987667 ) ) ;
#6096 = EDGE_CURVE ( 'NONE', #3452, #1013, #1551, .T. ) ;
#6097 = VECTOR ( 'NONE', #4527, 1000.000000000000000 ) ;
#6098 = DIRECTION ( 'NONE',  ( -0.0000000000000000000, -1.000000000000000000, -0.0000000000000000000 ) ) ;
#6099 = CARTESIAN_POINT ( 'NONE',  ( 3.399413923428975082, 0.9064290159990536777, -4.383194940668207806 ) ) ;
#6100 = CARTESIAN_POINT ( 'NONE',  ( 3.633967123887240191, 0.9064290159990536777, -3.485530478444895497 ) ) ;
#6101 = DIRECTION ( 'NONE',  ( 1.000000000000000000, 0.0000000000000000000, 0.0000000000000000000 ) ) ;
#6102 = MECHANICAL_DESIGN_GEOMETRIC_PRESENTATION_REPRESENTATION (  '', ( #1448 ), #1761 ) ;
#6103 = ORIENTED_EDGE ( 'NONE', *, *, #286, .F. ) ;
#6104 = UNCERTAINTY_MEASURE_WITH_UNIT (LENGTH_MEASURE( 1.000000000000000082E-05 ), #1995, 'distance_accuracy_value', 'NONE');
#6105 = VECTOR ( 'NONE', #2613, 1000.000000000000000 ) ;
#6106 = LINE ( 'NONE', #4743, #650 ) ;
#6107 = LINE ( 'NONE', #6075, #1129 ) ;
#6108 = EDGE_CURVE ( 'NONE', #5102, #4292, #5832, .T. ) ;
#6109 = DIRECTION ( 'NONE',  ( -1.000000000000000000, 0.0000000000000000000, 0.0000000000000000000 ) ) ;
#6110 = DIRECTION ( 'NONE',  ( -1.000000000000000000, 0.0000000000000000000, -0.0000000000000000000 ) ) ;
#6111 = DIRECTION ( 'NONE',  ( 0.0000000000000000000, 0.0000000000000000000, -1.000000000000000000 ) ) ;
#6112 = ORIENTED_EDGE ( 'NONE', *, *, #4014, .F. ) ;
#6113 = CARTESIAN_POINT ( 'NONE',  ( 2.127366563240018493, 0.8964290159990536688, -2.357160691801337915 ) ) ;
#6114 = ORIENTED_EDGE ( 'NONE', *, *, #5178, .F. ) ;
#6115 = FILL_AREA_STYLE ('',( #1488 ) ) ;
#6116 = EDGE_LOOP ( 'NONE', ( #2113, #4092, #3549, #5599, #3572 ) ) ;
#6117 = CARTESIAN_POINT ( 'NONE',  ( 1.773231947855402835, 0.8964290159990536688, -2.357160691801337915 ) ) ;
#6118 = LINE ( 'NONE', #1433, #4077 ) ;
#6119 = CARTESIAN_POINT ( 'NONE',  ( 2.623121103838308432, 0.8964290159990536688, -2.098725528873987667 ) ) ;
#6120 = CARTESIAN_POINT ( 'NONE',  ( 1.560717257684462567, 0.8964290159990536688, -2.098725528873987667 ) ) ;
#6121 = EDGE_CURVE ( 'NONE', #1185, #5740, #1104, .T. ) ;
#6122 = CARTESIAN_POINT ( 'NONE',  ( 0.3559328502797491911, -0.01000000000000000021, -2.179309389599567659 ) ) ;
#6123 = DIRECTION ( 'NONE',  ( -0.4802882638304235008, 0.0000000000000000000, 0.8771107020363836382 ) ) ;
#6124 = CARTESIAN_POINT ( 'NONE',  ( 4.755932850279748436, -0.01000000000000000021, -0.3293093895995677367 ) ) ;
#6125 = EDGE_CURVE ( 'NONE', #265, #4232, #1517, .T. ) ;
#6126 = DIRECTION ( 'NONE',  ( 0.8770411504904063182, 0.0000000000000000000, -0.4804152582365225910 ) ) ;
#6127 = CARTESIAN_POINT ( 'NONE',  ( 3.628546020126873106, 0.8964290159990534468, -3.513287820428384833 ) ) ;
#6128 = DIRECTION ( 'NONE',  ( 0.0000000000000000000, -1.000000000000000000, 0.0000000000000000000 ) ) ;
#6129 = VERTEX_POINT ( 'NONE', #3002 ) ;
#6130 = ORIENTED_EDGE ( 'NONE', *, *, #4629, .F. ) ;
#6131 = DIRECTION ( 'NONE',  ( -0.4806015670138532592, 0.0000000000000000000, 0.8769390707362905157 ) ) ;
#6132 = DIRECTION ( 'NONE',  ( 1.000000000000000000, 0.0000000000000000000, 0.0000000000000000000 ) ) ;
#6133 = EDGE_CURVE ( 'NONE', #3100, #2685, #5863, .T. ) ;
#6134 = CARTESIAN_POINT ( 'NONE',  ( 2.645233316712240157, 0.9064290159990536777, -0.9665507590551382089 ) ) ;
#6135 = ORIENTED_EDGE ( 'NONE', *, *, #4117, .F. ) ;
#6136 = CARTESIAN_POINT ( 'NONE',  ( 2.418641436370359887, 0.9064290159990536777, -1.827994025134671574 ) ) ;
#6137 = ORIENTED_EDGE ( 'NONE', *, *, #5984, .T. ) ;
#6138 = VECTOR ( 'NONE', #6098, 1000.000000000000000 ) ;
#6139 = CARTESIAN_POINT ( 'NONE',  ( 3.030982218474762568, 0.8964290159990535578, -3.880852395572308211 ) ) ;
#6140 = VERTEX_POINT ( 'NONE', #3475 ) ;
#6141 = LINE ( 'NONE', #5686, #2402 ) ;
#6142 = ORIENTED_EDGE ( 'NONE', *, *, #4181, .F. ) ;
#6143 = PRESENTATION_STYLE_ASSIGNMENT (( #5282 ) ) ;
#6144 = VECTOR ( 'NONE', #4676, 1000.000000000000000 ) ;
#6145 = CARTESIAN_POINT ( 'NONE',  ( 3.480115801829996691, 0.8964290159990537799, -4.328232075881475183 ) ) ;
#6146 = EDGE_CURVE ( 'NONE', #1061, #802, #4911, .T. ) ;
#6147 = LINE ( 'NONE', #1346, #3581 ) ;
#6148 = AXIS2_PLACEMENT_3D ( 'NONE', #3680, #609, #5316 ) ;
#6149 = DIRECTION ( 'NONE',  ( -0.0000000000000000000, -1.000000000000000000, -0.0000000000000000000 ) ) ;
#6150 = LINE ( 'NONE', #5577, #1631 ) ;
#6151 = VECTOR ( 'NONE', #1042, 1000.000000000000227 ) ;
#6152 = CARTESIAN_POINT ( 'NONE',  ( 1.702231179960103757, 0.8964290159990536688, -2.357160691801337915 ) ) ;
#6153 = DIRECTION ( 'NONE',  ( 0.8770197613181063279, 0.0000000000000000000, -0.4804543040264409592 ) ) ;
#6154 = LINE ( 'NONE', #1944, #2962 ) ;
#6155 = ADVANCED_FACE ( 'NONE', ( #1577 ), #2509, .T. ) ;
#6156 = DIRECTION ( 'NONE',  ( -1.000000000000000000, 0.0000000000000000000, 0.0000000000000000000 ) ) ;
ENDSEC;
END-ISO-10303-21;
