ISO-10303-21;
HEADER;
FILE_DESCRIPTION (( 'STEP AP214' ),
    '1' );
FILE_NAME ('TBU-PL.STEP',
    '2022-04-26T13:54:13',
    ( '' ),
    ( '' ),
    'SwSTEP 2.0',
    'SolidWorks 2021',
    '' );
FILE_SCHEMA (( 'AUTOMOTIVE_DESIGN' ));
ENDSEC;

DATA;
#1 = EDGE_CURVE ( 'NONE', #6506, #2729, #2203, .T. ) ;
#2 = VECTOR ( 'NONE', #4215, 1000.000000000000000 ) ;
#3 = CARTESIAN_POINT ( 'NONE',  ( 0.9813928507553847380, 0.8964290159990536688, -1.773775728921663575 ) ) ;
#4 = AXIS2_PLACEMENT_3D ( 'NONE', #3730, #4289, #3769 ) ;
#5 = CARTESIAN_POINT ( 'NONE',  ( 0.2124046488319323855, 0.8964290159990536688, -0.3480185847706619429 ) ) ;
#6 = ORIENTED_EDGE ( 'NONE', *, *, #4390, .F. ) ;
#7 = DIRECTION ( 'NONE',  ( -0.0000000000000000000, -1.000000000000000000, -0.0000000000000000000 ) ) ;
#8 = ORIENTED_EDGE ( 'NONE', *, *, #3453, .T. ) ;
#9 = AXIS2_PLACEMENT_3D ( 'NONE', #5735, #6802, #2077 ) ;
#10 = DIRECTION ( 'NONE',  ( -0.0000000000000000000, -1.000000000000000000, -0.0000000000000000000 ) ) ;
#11 = DIRECTION ( 'NONE',  ( -0.4806015670138532592, 0.0000000000000000000, 0.8769390707362905157 ) ) ;
#12 = DIRECTION ( 'NONE',  ( 0.0000000000000000000, 0.0000000000000000000, 1.000000000000000000 ) ) ;
#13 = AXIS2_PLACEMENT_3D ( 'NONE', #2425, #5729, #4537 ) ;
#14 = ORIENTED_EDGE ( 'NONE', *, *, #4026, .T. ) ;
#15 = LINE ( 'NONE', #5796, #2890 ) ;
#16 = ORIENTED_EDGE ( 'NONE', *, *, #1413, .F. ) ;
#17 = FACE_OUTER_BOUND ( 'NONE', #1860, .T. ) ;
#18 = ORIENTED_EDGE ( 'NONE', *, *, #4847, .T. ) ;
#19 = LINE ( 'NONE', #2183, #6233 ) ;
#20 = CARTESIAN_POINT ( 'NONE',  ( 0.3525472326105589804, 0.9064290159990535667, -0.4801721209394653189 ) ) ;
#21 = CARTESIAN_POINT ( 'NONE',  ( 2.379442900584802789, 0.9064290159990537887, -1.914215172600138404 ) ) ;
#22 = EDGE_CURVE ( 'NONE', #1595, #5394, #6500, .T. ) ;
#23 = VERTEX_POINT ( 'NONE', #3662 ) ;
#24 = ORIENTED_EDGE ( 'NONE', *, *, #2242, .F. ) ;
#25 = CARTESIAN_POINT ( 'NONE',  ( 2.773476819572648022, 0.9064290159990538998, -1.922768354826981607 ) ) ;
#26 = PLANE ( 'NONE',  #5887 ) ;
#27 =( NAMED_UNIT ( * ) PLANE_ANGLE_UNIT ( ) SI_UNIT ( $, .RADIAN. ) );
#28 = CARTESIAN_POINT ( 'NONE',  ( 4.288119697496525440, 0.8964290159990536688, -2.328888210179513862 ) ) ;
#29 = FACE_OUTER_BOUND ( 'NONE', #2171, .T. ) ;
#30 = ORIENTED_EDGE ( 'NONE', *, *, #911, .T. ) ;
#31 = VECTOR ( 'NONE', #406, 1000.000000000000000 ) ;
#32 = ORIENTED_EDGE ( 'NONE', *, *, #337, .F. ) ;
#33 = DIRECTION ( 'NONE',  ( -0.0000000000000000000, 1.000000000000000000, -0.0000000000000000000 ) ) ;
#34 = CARTESIAN_POINT ( 'NONE',  ( 2.238913057728044720, 0.8964290159990533358, -2.297654133124263254 ) ) ;
#35 = EDGE_CURVE ( 'NONE', #878, #711, #3731, .T. ) ;
#36 = FACE_OUTER_BOUND ( 'NONE', #2906, .T. ) ;
#37 = VECTOR ( 'NONE', #3054, 1000.000000000000000 ) ;
#38 = EDGE_CURVE ( 'NONE', #1295, #501, #1075, .T. ) ;
#39 = EDGE_CURVE ( 'NONE', #123, #1585, #6391, .T. ) ;
#40 = ORIENTED_EDGE ( 'NONE', *, *, #6076, .F. ) ;
#41 = VECTOR ( 'NONE', #5571, 1000.000000000000000 ) ;
#42 = PLANE ( 'NONE',  #4 ) ;
#43 = ORIENTED_EDGE ( 'NONE', *, *, #3225, .T. ) ;
#44 = CARTESIAN_POINT ( 'NONE',  ( 0.2220612359968823224, 0.8964290159990536688, -0.2968568087494984908 ) ) ;
#45 = LINE ( 'NONE', #4331, #1821 ) ;
#46 = CARTESIAN_POINT ( 'NONE',  ( 3.825000000000000622, -0.01000000000000000021, -3.699999999999999734 ) ) ;
#47 = AXIS2_PLACEMENT_3D ( 'NONE', #1015, #5242, #5865 ) ;
#48 = ORIENTED_EDGE ( 'NONE', *, *, #6651, .F. ) ;
#49 = CARTESIAN_POINT ( 'NONE',  ( 3.693464415712337523, 0.9064290159990536777, -2.328888210179513862 ) ) ;
#50 = ORIENTED_EDGE ( 'NONE', *, *, #4266, .T. ) ;
#51 = EDGE_CURVE ( 'NONE', #4780, #216, #3207, .T. ) ;
#52 = ORIENTED_EDGE ( 'NONE', *, *, #4128, .T. ) ;
#53 = CARTESIAN_POINT ( 'NONE',  ( 2.755527307020159800, 0.9064290159990536777, -2.468760460994161576 ) ) ;
#54 = FACE_OUTER_BOUND ( 'NONE', #3270, .T. ) ;
#55 = LINE ( 'NONE', #5522, #559 ) ;
#56 = ORIENTED_EDGE ( 'NONE', *, *, #297, .T. ) ;
#57 = ORIENTED_EDGE ( 'NONE', *, *, #5054, .T. ) ;
#58 = CARTESIAN_POINT ( 'NONE',  ( 2.757924682609329547, 0.9064290159990536777, -1.974536038190526588 ) ) ;
#59 = CARTESIAN_POINT ( 'NONE',  ( 5.382960442688832892, 0.9064290159990536777, -1.504252497007030343 ) ) ;
#60 = DIRECTION ( 'NONE',  ( 0.0000000000000000000, 0.0000000000000000000, -1.000000000000000000 ) ) ;
#61 = EDGE_CURVE ( 'NONE', #4452, #3776, #1680, .T. ) ;
#62 = CARTESIAN_POINT ( 'NONE',  ( 2.292888024120238732, 0.9064290159990536777, -1.452954363673436777 ) ) ;
#63 = DIRECTION ( 'NONE',  ( -0.2570842515897343583, 0.0000000000000000000, -0.9663889939276761876 ) ) ;
#64 = ORIENTED_EDGE ( 'NONE', *, *, #851, .F. ) ;
#65 = VERTEX_POINT ( 'NONE', #2650 ) ;
#66 = CARTESIAN_POINT ( 'NONE',  ( 4.755868261866183389, 0.8964290159990536688, -2.328888210179513862 ) ) ;
#67 = DIRECTION ( 'NONE',  ( -0.0000000000000000000, -1.000000000000000000, -0.0000000000000000000 ) ) ;
#68 = DIRECTION ( 'NONE',  ( -0.0000000000000000000, -1.000000000000000000, -0.0000000000000000000 ) ) ;
#69 = CARTESIAN_POINT ( 'NONE',  ( 2.374727819290972430, 0.9064290159990535667, -2.851190687125702894 ) ) ;
#70 = DIRECTION ( 'NONE',  ( 1.000000000000000000, 0.0000000000000000000, 0.0000000000000000000 ) ) ;
#71 = ORIENTED_EDGE ( 'NONE', *, *, #1567, .F. ) ;
#72 = B_SPLINE_SURFACE_WITH_KNOTS ( 'NONE', 3, 1, ( 
 ( #6310, #2991 ),
 ( #2609, #897 ),
 ( #1514, #6737 ),
 ( #1487, #3650 ),
 ( #4721, #5739 ),
 ( #4075, #5151 ),
 ( #4588, #4146 ),
 ( #5709, #3029 ),
 ( #3510, #858 ),
 ( #4693, #5115 ),
 ( #931, #6769 ),
 ( #6867, #6204 ),
 ( #2083, #2475 ),
 ( #384, #6840 ),
 ( #2512, #4108 ),
 ( #6243, #1455 ),
 ( #3062, #2579 ),
 ( #5185, #415 ),
 ( #2543, #4656 ) ),
 .UNSPECIFIED., .F., .F., .F.,
 ( 4, 1, 1, 1, 1, 1, 1, 1, 1, 1, 1, 1, 1, 1, 1, 1, 4 ),
 ( 2, 2 ),
 ( 0.0000000000000000000, 0.06404325848980273184, 0.1265892651408556113, 0.1879186020567985560, 0.2482993986669899678, 0.3088983134882475334, 0.3699809930655280632, 0.4328486791541517054, 0.4977088112949666354, 0.5626315044651709618, 0.6252950446197155232, 0.6867173972161185747, 0.7480053485163655758, 0.8093367539800238042, 0.8714063135238938607, 0.9349504149715935908, 1.000000000000000000 ),
 ( 0.0000000000000000000, 1.000000000000000000 ),
 .UNSPECIFIED. ) ;
#73 = DIRECTION ( 'NONE',  ( 1.000000000000000000, 0.0000000000000000000, 0.0000000000000000000 ) ) ;
#74 = CARTESIAN_POINT ( 'NONE',  ( 0.0000000000000000000, 0.8964290159990536688, 0.0000000000000000000 ) ) ;
#75 = CARTESIAN_POINT ( 'NONE',  ( 3.825000000000000622, -0.01000000000000000021, -3.699999999999999734 ) ) ;
#76 = LINE ( 'NONE', #3210, #1259 ) ;
#77 = CARTESIAN_POINT ( 'NONE',  ( 0.2125343059820616332, 0.9064290159990535667, -0.3524830608923865682 ) ) ;
#78 = ORIENTED_EDGE ( 'NONE', *, *, #4474, .F. ) ;
#79 = LINE ( 'NONE', #4296, #4345 ) ;
#80 = VERTEX_POINT ( 'NONE', #567 ) ;
#81 = DIRECTION ( 'NONE',  ( 0.0000000000000000000, 0.0000000000000000000, 1.000000000000000000 ) ) ;
#82 = VECTOR ( 'NONE', #6287, 1000.000000000000000 ) ;
#83 = ORIENTED_EDGE ( 'NONE', *, *, #933, .T. ) ;
#84 = CARTESIAN_POINT ( 'NONE',  ( 2.754902118441602710, 0.9064290159990538998, -2.431805370844514869 ) ) ;
#85 = EDGE_CURVE ( 'NONE', #1406, #4574, #5931, .T. ) ;
#86 = CARTESIAN_POINT ( 'NONE',  ( 2.292888024120238732, 0.9064290159990536777, -1.452954363673436777 ) ) ;
#87 = EDGE_CURVE ( 'NONE', #924, #1865, #2687, .T. ) ;
#88 = CARTESIAN_POINT ( 'NONE',  ( 0.4736412675942175410, 0.8964290159990535578, -0.3988667319415062362 ) ) ;
#89 = AXIS2_PLACEMENT_3D ( 'NONE', #4427, #5476, #1783 ) ;
#90 = COLOUR_RGB ( '',0.7529411764705882248, 0.7529411764705882248, 0.7529411764705882248 ) ;
#91 = ORIENTED_EDGE ( 'NONE', *, *, #2990, .T. ) ;
#92 = ORIENTED_EDGE ( 'NONE', *, *, #5184, .F. ) ;
#93 = CARTESIAN_POINT ( 'NONE',  ( 2.437057617979557556, 0.8964290159990534468, -1.468336109875482576 ) ) ;
#94 = CARTESIAN_POINT ( 'NONE',  ( 2.363925208911413112, 0.8964290159990536688, -2.433370094563901631 ) ) ;
#95 = FACE_OUTER_BOUND ( 'NONE', #1037, .T. ) ;
#96 = CARTESIAN_POINT ( 'NONE',  ( 3.463035229013619265, 0.8964290159990536688, -1.755797468962158492 ) ) ;
#97 = DIRECTION ( 'NONE',  ( 0.9655185844044609222, -0.0000000000000000000, 0.2603341375417481118 ) ) ;
#98 = AXIS2_PLACEMENT_3D ( 'NONE', #3838, #3801, #3305 ) ;
#99 = FACE_OUTER_BOUND ( 'NONE', #2054, .T. ) ;
#100 = ADVANCED_FACE ( 'NONE', ( #3174 ), #2725, .T. ) ;
#101 = EDGE_CURVE ( 'NONE', #4461, #6681, #116, .T. ) ;
#102 = ORIENTED_EDGE ( 'NONE', *, *, #2944, .F. ) ;
#103 = AXIS2_PLACEMENT_3D ( 'NONE', #59, #135, #5950 ) ;
#104 = EDGE_LOOP ( 'NONE', ( #3747, #2603, #2146, #2094 ) ) ;
#105 = LINE ( 'NONE', #2714, #5096 ) ;
#106 = CARTESIAN_POINT ( 'NONE',  ( 4.876181596534986618, 0.9064290159990536777, -2.650819132989342908 ) ) ;
#107 = CARTESIAN_POINT ( 'NONE',  ( 4.401733646481568840, 0.9064290159990536777, -2.328888210179513862 ) ) ;
#108 = VECTOR ( 'NONE', #465, 1000.000000000000114 ) ;
#109 = EDGE_CURVE ( 'NONE', #4406, #1426, #3247, .T. ) ;
#110 = ADVANCED_FACE ( 'NONE', ( #1039 ), #3281, .F. ) ;
#111 = CARTESIAN_POINT ( 'NONE',  ( 2.160045924041436471, 0.8964290159990536688, -2.871133540190379030 ) ) ;
#112 = DIRECTION ( 'NONE',  ( -1.000000000000000000, 0.0000000000000000000, 0.0000000000000000000 ) ) ;
#113 = ORIENTED_EDGE ( 'NONE', *, *, #3741, .T. ) ;
#114 = AXIS2_PLACEMENT_3D ( 'NONE', #1097, #4357, #2264 ) ;
#115 = CARTESIAN_POINT ( 'NONE',  ( 4.522046981150371181, 0.9064290159990536777, -2.650819132989342908 ) ) ;
#116 = LINE ( 'NONE', #1116, #3038 ) ;
#117 = LINE ( 'NONE', #6503, #5153 ) ;
#118 = CARTESIAN_POINT ( 'NONE',  ( 0.4828319768705268689, 0.9064290159990540108, -0.3346271895049544587 ) ) ;
#119 = AXIS2_PLACEMENT_3D ( 'NONE', #4284, #2751, #5848 ) ;
#120 = ORIENTED_EDGE ( 'NONE', *, *, #3104, .F. ) ;
#121 = PLANE ( 'NONE',  #6343 ) ;
#122 = VECTOR ( 'NONE', #254, 1000.000000000000227 ) ;
#123 = VERTEX_POINT ( 'NONE', #2248 ) ;
#124 = UNCERTAINTY_MEASURE_WITH_UNIT (LENGTH_MEASURE( 1.000000000000000082E-05 ), #224, 'distance_accuracy_value', 'NONE');
#125 = EDGE_LOOP ( 'NONE', ( #590, #2015, #2695, #6304 ) ) ;
#126 = CARTESIAN_POINT ( 'NONE',  ( 2.363711909244340603, 0.9064290159990534557, -2.426002888990689055 ) ) ;
#127 = ADVANCED_FACE ( 'NONE', ( #5790 ), #1004, .T. ) ;
#128 = FACE_BOUND ( 'NONE', #6712, .T. ) ;
#129 = VECTOR ( 'NONE', #2470, 999.9999999999998863 ) ;
#130 = EDGE_LOOP ( 'NONE', ( #5803, #2443, #1019, #2658, #5099, #4436, #663, #6297, #6135, #6555, #1351, #1151 ) ) ;
#131 = EDGE_CURVE ( 'NONE', #4512, #5625, #2228, .T. ) ;
#132 = ORIENTED_EDGE ( 'NONE', *, *, #1480, .T. ) ;
#133 = EDGE_CURVE ( 'NONE', #80, #4188, #299, .T. ) ;
#134 = CARTESIAN_POINT ( 'NONE',  ( 2.621525515659409944, 0.9064290159990538998, -2.143938464171437630 ) ) ;
#135 = DIRECTION ( 'NONE',  ( 0.0000000000000000000, -0.0000000000000000000, 1.000000000000000000 ) ) ;
#136 = CARTESIAN_POINT ( 'NONE',  ( 2.342622250877778090, 0.9064290159990536777, -2.358766880304392188 ) ) ;
#137 =( NAMED_UNIT ( * ) PLANE_ANGLE_UNIT ( ) SI_UNIT ( $, .RADIAN. ) );
#138 = CARTESIAN_POINT ( 'NONE',  ( 2.614426117350637124, 0.8964290159990536688, -2.189869185693511966 ) ) ;
#139 = ORIENTED_EDGE ( 'NONE', *, *, #6595, .F. ) ;
#140 = CARTESIAN_POINT ( 'NONE',  ( 5.052570485423875546, 0.9064290159990536777, -2.328888210179513862 ) ) ;
#141 = ORIENTED_EDGE ( 'NONE', *, *, #486, .T. ) ;
#142 = PLANE ( 'NONE',  #3884 ) ;
#143 = EDGE_CURVE ( 'NONE', #1689, #1082, #2330, .T. ) ;
#144 = FACE_OUTER_BOUND ( 'NONE', #6849, .T. ) ;
#145 = DIRECTION ( 'NONE',  ( 0.8770197613181063279, 0.0000000000000000000, -0.4804543040264409592 ) ) ;
#146 = DIRECTION ( 'NONE',  ( -0.0000000000000000000, -1.000000000000000000, -0.0000000000000000000 ) ) ;
#147 = CARTESIAN_POINT ( 'NONE',  ( 2.281207721436609770, 0.8964290159990535578, -1.786499018153332674 ) ) ;
#148 = VERTEX_POINT ( 'NONE', #6028 ) ;
#149 = CARTESIAN_POINT ( 'NONE',  ( 2.755100160373156637, 0.9064290159990535667, -2.480493241991760023 ) ) ;
#150 = VECTOR ( 'NONE', #3019, 1000.000000000000000 ) ;
#151 = CARTESIAN_POINT ( 'NONE',  ( 4.699792707646097689, 0.9064290159990536777, -2.328888210179513862 ) ) ;
#152 = LINE ( 'NONE', #527, #3149 ) ;
#153 = CARTESIAN_POINT ( 'NONE',  ( 0.4335855181695676963, 0.9064290159990535667, -0.2448774935156212140 ) ) ;
#154 = VECTOR ( 'NONE', #3100, 1000.000000000000000 ) ;
#155 = VERTEX_POINT ( 'NONE', #4478 ) ;
#156 = CARTESIAN_POINT ( 'NONE',  ( 3.459643134996525760, 0.9064290159990536777, -2.548420294848317447 ) ) ;
#157 = VERTEX_POINT ( 'NONE', #1304 ) ;
#158 = ORIENTED_EDGE ( 'NONE', *, *, #2400, .T. ) ;
#159 = DIRECTION ( 'NONE',  ( 0.0000000000000000000, -1.000000000000000000, 0.0000000000000000000 ) ) ;
#160 =( NAMED_UNIT ( * ) SI_UNIT ( $, .STERADIAN. ) SOLID_ANGLE_UNIT ( ) );
#161 = ORIENTED_EDGE ( 'NONE', *, *, #4735, .T. ) ;
#162 = ORIENTED_EDGE ( 'NONE', *, *, #5926, .T. ) ;
#163 = CARTESIAN_POINT ( 'NONE',  ( 2.782198307808182225, 0.9064290159990536777, -1.835837096139945945 ) ) ;
#164 = DIRECTION ( 'NONE',  ( -0.0000000000000000000, 1.000000000000000000, -0.0000000000000000000 ) ) ;
#165 = CARTESIAN_POINT ( 'NONE',  ( 4.728286297389687753, 0.9064290159990536777, -1.908971714421560328 ) ) ;
#166 = CARTESIAN_POINT ( 'NONE',  ( 2.781971102470304658, 0.8964290159990535578, -1.845927833288978359 ) ) ;
#167 = VERTEX_POINT ( 'NONE', #3830 ) ;
#168 = LINE ( 'NONE', #4453, #5350 ) ;
#169 = VERTEX_POINT ( 'NONE', #1244 ) ;
#170 = CARTESIAN_POINT ( 'NONE',  ( 3.927306897015756082, 0.9064290159990536777, -2.858054876846180203 ) ) ;
#171 = DIRECTION ( 'NONE',  ( -0.4802758347947869710, 0.0000000000000000000, -0.8771175078130469815 ) ) ;
#172 = CARTESIAN_POINT ( 'NONE',  ( 2.782198307808182225, 0.9064290159990536777, -1.835837096139945945 ) ) ;
#173 = EDGE_CURVE ( 'NONE', #4018, #2524, #6624, .T. ) ;
#174 = EDGE_CURVE ( 'NONE', #1174, #4062, #1734, .T. ) ;
#175 = FACE_OUTER_BOUND ( 'NONE', #5993, .T. ) ;
#176 = ORIENTED_EDGE ( 'NONE', *, *, #6704, .F. ) ;
#177 = LINE ( 'NONE', #3914, #4457 ) ;
#178 = DIRECTION ( 'NONE',  ( -0.0000000000000000000, -1.000000000000000000, -0.0000000000000000000 ) ) ;
#179 = DIRECTION ( 'NONE',  ( -0.0000000000000000000, 1.000000000000000000, -0.0000000000000000000 ) ) ;
#180 = CARTESIAN_POINT ( 'NONE',  ( 4.209083906898235306, 0.9064290159990536777, -1.504252497007030343 ) ) ;
#181 = EDGE_LOOP ( 'NONE', ( #4027, #4299, #2388, #5755 ) ) ;
#182 = ADVANCED_FACE ( 'NONE', ( #95 ), #6545, .T. ) ;
#183 = LINE ( 'NONE', #1194, #6579 ) ;
#184 = ORIENTED_EDGE ( 'NONE', *, *, #1408, .F. ) ;
#185 = ORIENTED_EDGE ( 'NONE', *, *, #1914, .T. ) ;
#186 = FACE_BOUND ( 'NONE', #4951, .T. ) ;
#187 = EDGE_CURVE ( 'NONE', #2807, #1336, #6726, .T. ) ;
#188 = ORIENTED_EDGE ( 'NONE', *, *, #5684, .F. ) ;
#189 = VECTOR ( 'NONE', #5646, 1000.000000000000114 ) ;
#190 = B_SPLINE_CURVE_WITH_KNOTS ( 'NONE', 3,
 ( #53, #1163, #84, #647, #2107, #2217, #2767, #221, #680, #2907, #1800, #1297, #6543, #1198, #4471, #6614, #5450, #3924, #2289 ),
 .UNSPECIFIED., .F., .F.,
 ( 4, 1, 1, 1, 1, 1, 1, 1, 1, 1, 1, 1, 1, 1, 1, 1, 4 ),
 ( 0.0000000000000000000, 0.1140030800515474257, 0.2209111539002908964, 0.3211249107645967049, 0.4181342110000748624, 0.5058316848733231952, 0.5793175586488595874, 0.6522000865480223064, 0.7405221382852034129, 0.7849188993333421349, 0.8205474306993119082, 0.8485041895632599029, 0.8687900511545401105, 0.8890759127458204292, 0.9176595588659240965, 0.9545798757769611287, 1.000000000000000000 ),
 .UNSPECIFIED. ) ;
#191 = VERTEX_POINT ( 'NONE', #848 ) ;
#192 = PLANE ( 'NONE',  #4240 ) ;
#193 = LINE ( 'NONE', #3996, #2551 ) ;
#194 = CARTESIAN_POINT ( 'NONE',  ( 2.370444474389556966, 0.8964290159990537799, -1.949895528722765725 ) ) ;
#195 = CARTESIAN_POINT ( 'NONE',  ( 3.293430528158919124, 0.9064290159990536777, -2.033419163673696684 ) ) ;
#196 = CARTESIAN_POINT ( 'NONE',  ( 2.379675551523483978, 0.9064290159990536777, -1.899344919941882592 ) ) ;
#197 = ORIENTED_EDGE ( 'NONE', *, *, #133, .F. ) ;
#198 = CARTESIAN_POINT ( 'NONE',  ( 0.2345503835267592208, 0.8964290159990537799, -0.4212816971258815935 ) ) ;
#199 = VECTOR ( 'NONE', #4039, 1000.000000000000227 ) ;
#200 = DIRECTION ( 'NONE',  ( -1.000000000000000000, 0.0000000000000000000, 3.771137991253929066E-16 ) ) ;
#201 = DIRECTION ( 'NONE',  ( -1.000000000000000000, 0.0000000000000000000, -0.0000000000000000000 ) ) ;
#202 = EDGE_LOOP ( 'NONE', ( #5428, #6207, #1736, #793 ) ) ;
#203 = CARTESIAN_POINT ( 'NONE',  ( 0.4192502187616888865, 0.8964290159990536688, -1.015190918046959379 ) ) ;
#204 = EDGE_CURVE ( 'NONE', #1464, #2417, #1371, .T. ) ;
#205 = VECTOR ( 'NONE', #1345, 1000.000000000000000 ) ;
#206 = FILL_AREA_STYLE ('',( #760 ) ) ;
#207 = EDGE_CURVE ( 'NONE', #5179, #4964, #6195, .T. ) ;
#208 = VERTEX_POINT ( 'NONE', #4614 ) ;
#209 = LINE ( 'NONE', #2893, #5094 ) ;
#210 = EDGE_CURVE ( 'NONE', #2762, #5414, #5142, .T. ) ;
#211 = CARTESIAN_POINT ( 'NONE',  ( 4.699792707646097689, 0.9064290159990536777, -2.328888210179513862 ) ) ;
#212 = VECTOR ( 'NONE', #2920, 1000.000000000000000 ) ;
#213 = CARTESIAN_POINT ( 'NONE',  ( 6.174999999999998934, 0.0000000000000000000, -0.3000000000000000444 ) ) ;
#214 = MECHANICAL_DESIGN_GEOMETRIC_PRESENTATION_REPRESENTATION (  '', ( #2221 ), #2335 ) ;
#215 = CARTESIAN_POINT ( 'NONE',  ( 4.522046981150371181, 0.9064290159990536777, -2.650819132989342908 ) ) ;
#216 = VERTEX_POINT ( 'NONE', #6129 ) ;
#217 = DIRECTION ( 'NONE',  ( -1.000000000000000000, 0.0000000000000000000, 0.0000000000000000000 ) ) ;
#218 = ORIENTED_EDGE ( 'NONE', *, *, #2804, .T. ) ;
#219 = ORIENTED_EDGE ( 'NONE', *, *, #3186, .T. ) ;
#220 = VECTOR ( 'NONE', #5052, 1000.000000000000000 ) ;
#221 = CARTESIAN_POINT ( 'NONE',  ( 2.707343023906423340, 0.9064290159990536777, -2.285975282667140895 ) ) ;
#222 = CARTESIAN_POINT ( 'NONE',  ( 0.0000000000000000000, 0.8964290159990536688, 0.0000000000000000000 ) ) ;
#223 = AXIS2_PLACEMENT_3D ( 'NONE', #5265, #4187, #6323 ) ;
#224 =( LENGTH_UNIT ( ) NAMED_UNIT ( * ) SI_UNIT ( .MILLI., .METRE. ) );
#225 = VECTOR ( 'NONE', #772, 1000.000000000000000 ) ;
#226 = VERTEX_POINT ( 'NONE', #2503 ) ;
#227 = ORIENTED_EDGE ( 'NONE', *, *, #6010, .T. ) ;
#228 = VECTOR ( 'NONE', #6708, 1000.000000000000000 ) ;
#229 = DIRECTION ( 'NONE',  ( -1.000000000000000000, 0.0000000000000000000, 0.0000000000000000000 ) ) ;
#230 = CARTESIAN_POINT ( 'NONE',  ( 4.550137759729431686, 0.8964290159990536688, -2.599619713918829955 ) ) ;
#231 = CARTESIAN_POINT ( 'NONE',  ( 2.288664543998843559, 0.8964290159990535578, -2.015243173823677125 ) ) ;
#232 = VECTOR ( 'NONE', #5956, 1000.000000000000000 ) ;
#233 = SURFACE_STYLE_FILL_AREA ( #3371 ) ;
#234 = EDGE_CURVE ( 'NONE', #3414, #288, #3466, .T. ) ;
#235 = CARTESIAN_POINT ( 'NONE',  ( 2.352295778143825178, 0.9064290159990535667, -1.824648727464255771 ) ) ;
#236 = EDGE_LOOP ( 'NONE', ( #4238, #650, #5858, #2629, #5519, #737, #279, #2486, #1828, #2515, #2432, #6319 ) ) ;
#237 = CARTESIAN_POINT ( 'NONE',  ( 0.2518713552839033643, 0.8964290159990535578, -0.4416147922389940250 ) ) ;
#238 = CARTESIAN_POINT ( 'NONE',  ( 4.755868261866183389, 0.8964290159990536688, -2.328888210179513862 ) ) ;
#239 = FACE_OUTER_BOUND ( 'NONE', #1064, .T. ) ;
#240 = CARTESIAN_POINT ( 'NONE',  ( 3.629247835851226345, 0.9064290159990536777, -2.858054876846180203 ) ) ;
#241 =( NAMED_UNIT ( * ) SI_UNIT ( $, .STERADIAN. ) SOLID_ANGLE_UNIT ( ) );
#243 = EDGE_CURVE ( 'NONE', #226, #5590, #5595, .T. ) ;
#242 = DIRECTION ( 'NONE',  ( 0.2473315137773177408, 0.0000000000000000000, -0.9689309171930785558 ) ) ;
#244 = VERTEX_POINT ( 'NONE', #5103 ) ;
#245 = DIRECTION ( 'NONE',  ( 1.000000000000000000, 0.0000000000000000000, -0.0000000000000000000 ) ) ;
#246 = B_SPLINE_SURFACE_WITH_KNOTS ( 'NONE', 3, 1, ( 
 ( #6000, #111 ),
 ( #2307, #595 ),
 ( #6040, #2720 ),
 ( #1221, #700 ),
 ( #69, #2199 ),
 ( #3804, #3275 ),
 ( #1255, #6563 ),
 ( #5013, #277 ),
 ( #2477, #6665 ),
 ( #3412, #5081 ),
 ( #1881, #1349 ),
 ( #2993, #4590 ),
 ( #2958, #759 ),
 ( #4008, #1949 ),
 ( #6142, #3475 ),
 ( #4076, #2923 ),
 ( #1414, #1916 ),
 ( #2406, #5606 ),
 ( #314, #3550 ) ),
 .UNSPECIFIED., .F., .F., .F.,
 ( 4, 1, 1, 1, 1, 1, 1, 1, 1, 1, 1, 1, 1, 1, 1, 1, 4 ),
 ( 2, 2 ),
 ( 0.0000000000000000000, 0.09546510449171004276, 0.1858575897923443188, 0.2710349793365074422, 0.3517277028838312058, 0.4270736388201363254, 0.4957100026978948359, 0.5587525136388115099, 0.6169147795200193851, 0.6714863062766497359, 0.7233083748797399792, 0.7727831595727389091, 0.8206259410641822960, 0.8668866673586651528, 0.9115747216525506014, 0.9560569530428016938, 1.000000000000000000 ),
 ( 0.0000000000000000000, 1.000000000000000000 ),
 .UNSPECIFIED. ) ;
#247 = CARTESIAN_POINT ( 'NONE',  ( 2.724123849659382923, 0.9064290159990540108, -2.608397324165072639 ) ) ;
#248 = DIRECTION ( 'NONE',  ( 0.9650263687753988240, -0.0000000000000000000, 0.2621528324626077322 ) ) ;
#249 = CARTESIAN_POINT ( 'NONE',  ( 3.293430528158919124, 0.9064290159990536777, -2.033419163673696684 ) ) ;
#250 = ADVANCED_FACE ( 'NONE', ( #814 ), #6367, .T. ) ;
#251 = ADVANCED_FACE ( 'NONE', ( #2428 ), #4541, .T. ) ;
#252 = CARTESIAN_POINT ( 'NONE',  ( 5.131945485423875297, 0.9064290159990536777, -1.504252497007030343 ) ) ;
#253 = ORIENTED_EDGE ( 'NONE', *, *, #5870, .F. ) ;
#254 = DIRECTION ( 'NONE',  ( 0.2578433336118817198, 0.0000000000000000000, 0.9661867393583456476 ) ) ;
#255 = AXIS2_PLACEMENT_3D ( 'NONE', #2950, #1477, #2467 ) ;
#256 = ORIENTED_EDGE ( 'NONE', *, *, #2810, .T. ) ;
#257 = UNCERTAINTY_MEASURE_WITH_UNIT (LENGTH_MEASURE( 1.000000000000000082E-05 ), #3855, 'distance_accuracy_value', 'NONE');
#258 = EDGE_LOOP ( 'NONE', ( #2835, #2151, #2901, #2701 ) ) ;
#259 = DIRECTION ( 'NONE',  ( -1.000000000000000000, 0.0000000000000000000, 0.0000000000000000000 ) ) ;
#260 = FACE_OUTER_BOUND ( 'NONE', #2163, .T. ) ;
#261 = ORIENTED_EDGE ( 'NONE', *, *, #3225, .F. ) ;
#262 = EDGE_CURVE ( 'NONE', #5293, #2807, #5336, .T. ) ;
#263 = ORIENTED_EDGE ( 'NONE', *, *, #5125, .F. ) ;
#264 = PLANE ( 'NONE',  #898 ) ;
#265 = AXIS2_PLACEMENT_3D ( 'NONE', #621, #97, #585 ) ;
#266 = CARTESIAN_POINT ( 'NONE',  ( 2.755527307020159800, 0.8964290159990536688, -2.468760460994161576 ) ) ;
#267 = CARTESIAN_POINT ( 'NONE',  ( 2.271540058203998402, 0.8964290159990536688, -2.018936822907837492 ) ) ;
#268 = DIRECTION ( 'NONE',  ( 0.0000000000000000000, -0.0000000000000000000, -1.000000000000000000 ) ) ;
#269 = CARTESIAN_POINT ( 'NONE',  ( 2.778897923333012443, 0.8964290159990533358, -1.895011012843492271 ) ) ;
#270 = VECTOR ( 'NONE', #5699, 1000.000000000000000 ) ;
#271 = ORIENTED_EDGE ( 'NONE', *, *, #2449, .F. ) ;
#272 = CARTESIAN_POINT ( 'NONE',  ( 4.691651682005072210, 0.9064290159990536777, -2.858054876846180203 ) ) ;
#273 = EDGE_CURVE ( 'NONE', #2063, #2327, #3315, .T. ) ;
#274 = PLANE ( 'NONE',  #3429 ) ;
#275 = CARTESIAN_POINT ( 'NONE',  ( 3.339329800327722531, 0.8964290159990536688, -2.328888210179513862 ) ) ;
#276 = CARTESIAN_POINT ( 'NONE',  ( 0.2999999999999999334, 0.0000000000000000000, -3.700000000000000178 ) ) ;
#277 = CARTESIAN_POINT ( 'NONE',  ( 2.544344722874751330, 0.8964290159990541129, -2.792675475066805468 ) ) ;
#278 =( NAMED_UNIT ( * ) PLANE_ANGLE_UNIT ( ) SI_UNIT ( $, .RADIAN. ) );
#279 = ORIENTED_EDGE ( 'NONE', *, *, #344, .T. ) ;
#280 = CARTESIAN_POINT ( 'NONE',  ( 2.342432162121099282, 0.8964290159990533358, -1.453944572420329262 ) ) ;
#281 = CARTESIAN_POINT ( 'NONE',  ( 2.683245108800997425, 0.9064290159990537887, -2.675004799086445395 ) ) ;
#282 = LINE ( 'NONE', #1355, #775 ) ;
#283 = LINE ( 'NONE', #249, #2379 ) ;
#284 = CARTESIAN_POINT ( 'NONE',  ( 4.887502710317037646, 0.9064290159990536777, -1.504252497007030343 ) ) ;
#285 = ORIENTED_EDGE ( 'NONE', *, *, #2156, .T. ) ;
#286 = CARTESIAN_POINT ( 'NONE',  ( 5.179434801663192367, 0.8964290159990536688, -1.558526001280534645 ) ) ;
#287 = ORIENTED_EDGE ( 'NONE', *, *, #2304, .F. ) ;
#288 = VERTEX_POINT ( 'NONE', #5408 ) ;
#289 = DIRECTION ( 'NONE',  ( -0.0000000000000000000, 0.0000000000000000000, -1.000000000000000000 ) ) ;
#290 = DIRECTION ( 'NONE',  ( 0.0000000000000000000, 0.0000000000000000000, 1.000000000000000000 ) ) ;
#291 = ORIENTED_EDGE ( 'NONE', *, *, #2783, .T. ) ;
#292 = ORIENTED_EDGE ( 'NONE', *, *, #4732, .T. ) ;
#293 = CARTESIAN_POINT ( 'NONE',  ( 0.4777486174657314399, 0.9064290159990538998, -0.3867769908466572315 ) ) ;
#294 = EDGE_LOOP ( 'NONE', ( #1538, #3815, #2351, #5271 ) ) ;
#295 = EDGE_CURVE ( 'NONE', #685, #3807, #3848, .T. ) ;
#296 = DIRECTION ( 'NONE',  ( -1.000000000000000000, 0.0000000000000000000, -0.0000000000000000000 ) ) ;
#297 = EDGE_CURVE ( 'NONE', #3520, #3798, #5934, .T. ) ;
#298 = CARTESIAN_POINT ( 'NONE',  ( 2.211336310172248520, 0.8964290159990535578, -2.023816361309370926 ) ) ;
#299 = B_SPLINE_CURVE_WITH_KNOTS ( 'NONE', 3,
 ( #1698, #3968, #5951, #194, #6589, #2263, #5527, #2878, #2363, #231, #6066, #720, #3335, #1807, #2844 ),
 .UNSPECIFIED., .F., .F.,
 ( 4, 1, 1, 1, 1, 1, 1, 1, 1, 1, 1, 1, 4 ),
 ( 0.0000000000000000000, 0.09544797463091092560, 0.1904704100286978563, 0.2912066475677053123, 0.4010332319514465227, 0.4598047309624355705, 0.5224282124666591587, 0.5878657621470996242, 0.6584905049094711416, 0.7351598356816925195, 0.8164933573836662406, 0.9050563342499580166, 1.000000000000000000 ),
 .UNSPECIFIED. ) ;
#300 = DIRECTION ( 'NONE',  ( -0.4802882638304235008, 0.0000000000000000000, 0.8771107020363836382 ) ) ;
#301 = EDGE_CURVE ( 'NONE', #472, #2528, #5373, .T. ) ;
#302 = CARTESIAN_POINT ( 'NONE',  ( 2.781523500779968572, 0.8964290159990536688, -1.865806904119101217 ) ) ;
#303 = CARTESIAN_POINT ( 'NONE',  ( 4.894286898351226434, 0.9064290159990536777, -1.504252497007030343 ) ) ;
#304 = VERTEX_POINT ( 'NONE', #1718 ) ;
#305 = PLANE ( 'NONE',  #4678 ) ;
#306 = LINE ( 'NONE', #2849, #3209 ) ;
#307 = FACE_OUTER_BOUND ( 'NONE', #5901, .T. ) ;
#308 = MECHANICAL_DESIGN_GEOMETRIC_PRESENTATION_REPRESENTATION (  '', ( #3642 ), #4526 ) ;
#309 = CARTESIAN_POINT ( 'NONE',  ( 4.691651682005072210, 0.9064290159990536777, -2.858054876846180203 ) ) ;
#310 = ADVANCED_FACE ( 'NONE', ( #1750 ), #4404, .T. ) ;
#311 = CARTESIAN_POINT ( 'NONE',  ( 0.3342964178782228402, 0.8964290159990536688, -0.4799295305651871679 ) ) ;
#312 = EDGE_CURVE ( 'NONE', #3431, #4207, #1640, .T. ) ;
#313 = VECTOR ( 'NONE', #2442, 1000.000000000000000 ) ;
#314 = CARTESIAN_POINT ( 'NONE',  ( 2.755527307020159800, 0.9064290159990536777, -2.468760460994161576 ) ) ;
#315 = AXIS2_PLACEMENT_3D ( 'NONE', #1662, #6636, #245 ) ;
#316 = CARTESIAN_POINT ( 'NONE',  ( 0.0000000000000000000, -0.01000000000000000021, 0.0000000000000000000 ) ) ;
#317 = EDGE_LOOP ( 'NONE', ( #2455, #1827, #4798, #5263 ) ) ;
#318 = PLANE ( 'NONE',  #2644 ) ;
#319 = DIRECTION ( 'NONE',  ( 0.4802882638304245555, 0.0000000000000000000, 0.8771107020363828610 ) ) ;
#320 = LINE ( 'NONE', #2482, #2001 ) ;
#321 = PLANE ( 'NONE',  #6279 ) ;
#322 = EDGE_CURVE ( 'NONE', #6491, #2800, #152, .T. ) ;
#323 = VECTOR ( 'NONE', #1032, 1000.000000000000000 ) ;
#324 = DIRECTION ( 'NONE',  ( -0.0000000000000000000, 1.000000000000000000, -0.0000000000000000000 ) ) ;
#325 = VERTEX_POINT ( 'NONE', #2758 ) ;
#326 = PLANE ( 'NONE',  #1108 ) ;
#327 = EDGE_LOOP ( 'NONE', ( #2152, #1863, #1965, #4815 ) ) ;
#328 = UNCERTAINTY_MEASURE_WITH_UNIT (LENGTH_MEASURE( 1.000000000000000082E-05 ), #6602, 'distance_accuracy_value', 'NONE');
#329 = ORIENTED_EDGE ( 'NONE', *, *, #5274, .F. ) ;
#330 = LINE ( 'NONE', #6682, #4001 ) ;
#331 = DIRECTION ( 'NONE',  ( -0.8770197613181063279, 0.0000000000000000000, -0.4804543040264409592 ) ) ;
#332 = VECTOR ( 'NONE', #10, 1000.000000000000000 ) ;
#333 = ORIENTED_EDGE ( 'NONE', *, *, #1967, .T. ) ;
#334 = VECTOR ( 'NONE', #2998, 1000.000000000000000 ) ;
#335 = ORIENTED_EDGE ( 'NONE', *, *, #5282, .T. ) ;
#336 = PLANE ( 'NONE',  #5199 ) ;
#337 = EDGE_CURVE ( 'NONE', #2538, #1090, #1119, .T. ) ;
#338 = ORIENTED_EDGE ( 'NONE', *, *, #5753, .T. ) ;
#339 = VECTOR ( 'NONE', #1129, 1000.000000000000114 ) ;
#340 = CARTESIAN_POINT ( 'NONE',  ( 2.677459028634327165, 0.8964290159990536688, -2.247715434974753457 ) ) ;
#341 = CARTESIAN_POINT ( 'NONE',  ( 4.699792707646097689, 0.8964290159990536688, -2.328888210179513862 ) ) ;
#342 = LINE ( 'NONE', #3055, #2166 ) ;
#343 = DIRECTION ( 'NONE',  ( 1.000000000000000000, 0.0000000000000000000, 0.0000000000000000000 ) ) ;
#344 = EDGE_CURVE ( 'NONE', #1426, #1571, #45, .T. ) ;
#345 = AXIS2_PLACEMENT_3D ( 'NONE', #6637, #1820, #1851 ) ;
#346 = ADVANCED_FACE ( 'NONE', ( #3773 ), #2798, .T. ) ;
#347 = ORIENTED_EDGE ( 'NONE', *, *, #2682, .T. ) ;
#348 = DIRECTION ( 'NONE',  ( 0.0000000000000000000, 0.0000000000000000000, -1.000000000000000000 ) ) ;
#349 = DIRECTION ( 'NONE',  ( 0.3660897081358594485, 0.0000000000000000000, 0.9305795643559992003 ) ) ;
#350 = CARTESIAN_POINT ( 'NONE',  ( 5.036966852945243822, 0.9064290159990536777, -2.033419163673696684 ) ) ;
#351 = CARTESIAN_POINT ( 'NONE',  ( 4.493956202571311564, 0.9064290159990536777, -2.599619713918829955 ) ) ;
#352 = LINE ( 'NONE', #5639, #4119 ) ;
#353 = VECTOR ( 'NONE', #5559, 1000.000000000000114 ) ;
#354 = EDGE_CURVE ( 'NONE', #3072, #2764, #76, .T. ) ;
#355 = DIRECTION ( 'NONE',  ( 0.0000000000000000000, -1.000000000000000000, 0.0000000000000000000 ) ) ;
#356 = VERTEX_POINT ( 'NONE', #1682 ) ;
#357 = CARTESIAN_POINT ( 'NONE',  ( 2.437057617979557556, 0.8964290159990536688, -1.468336109875482576 ) ) ;
#358 = DIRECTION ( 'NONE',  ( -1.000000000000000000, 0.0000000000000000000, 0.0000000000000000000 ) ) ;
#359 = DIRECTION ( 'NONE',  ( 0.4804152582365220914, 0.0000000000000000000, 0.8770411504904065403 ) ) ;
#360 = DIRECTION ( 'NONE',  ( -1.000000000000000000, 0.0000000000000000000, 0.0000000000000000000 ) ) ;
#361 = DIRECTION ( 'NONE',  ( 0.0000000000000000000, 0.0000000000000000000, -1.000000000000000000 ) ) ;
#362 = ORIENTED_EDGE ( 'NONE', *, *, #517, .T. ) ;
#363 = LINE ( 'NONE', #2865, #122 ) ;
#364 = VERTEX_POINT ( 'NONE', #2727 ) ;
#365 = EDGE_CURVE ( 'NONE', #3073, #2259, #5298, .T. ) ;
#366 = VERTEX_POINT ( 'NONE', #4773 ) ;
#367 = DIRECTION ( 'NONE',  ( 0.0000000000000000000, 0.0000000000000000000, -1.000000000000000000 ) ) ;
#368 = FACE_OUTER_BOUND ( 'NONE', #181, .T. ) ;
#369 = ORIENTED_EDGE ( 'NONE', *, *, #4253, .T. ) ;
#370 = EDGE_LOOP ( 'NONE', ( #6863, #1746, #4682, #6824, #588, #2766, #6355, #2318, #809, #2453, #2255, #941 ) ) ;
#371 = CARTESIAN_POINT ( 'NONE',  ( 3.290038434141824730, 0.9064290159990536777, -2.858054876846180203 ) ) ;
#372 = ORIENTED_EDGE ( 'NONE', *, *, #87, .F. ) ;
#373 = CARTESIAN_POINT ( 'NONE',  ( 4.572249972603362522, 0.8964290159990536688, -1.645342407530534734 ) ) ;
#374 = CARTESIAN_POINT ( 'NONE',  ( 2.363711909244340603, 0.9064290159990536777, -2.426002888990689055 ) ) ;
#375 = LINE ( 'NONE', #6831, #1488 ) ;
#376 = CARTESIAN_POINT ( 'NONE',  ( 0.2124046488319323855, 0.8964290159990536688, -0.3480185847706619429 ) ) ;
#377 = ORIENTED_EDGE ( 'NONE', *, *, #3069, .F. ) ;
#378 = VECTOR ( 'NONE', #4040, 1000.000000000000000 ) ;
#379 = FACE_OUTER_BOUND ( 'NONE', #1011, .T. ) ;
#380 = CARTESIAN_POINT ( 'NONE',  ( 4.209083906898235306, 0.9064290159990536777, -1.504252497007030343 ) ) ;
#381 = DIRECTION ( 'NONE',  ( 0.0000000000000000000, 0.0000000000000000000, -1.000000000000000000 ) ) ;
#382 = EDGE_CURVE ( 'NONE', #404, #3268, #2139, .T. ) ;
#383 = CARTESIAN_POINT ( 'NONE',  ( 2.299999999999999822, -0.01000000000000000021, -3.700000000000000178 ) ) ;
#384 = CARTESIAN_POINT ( 'NONE',  ( 0.3999819281260835191, 0.9064290159990537887, -0.2247490116503495783 ) ) ;
#385 = VECTOR ( 'NONE', #4167, 1000.000000000000000 ) ;
#386 = CARTESIAN_POINT ( 'NONE',  ( 0.3615837489163099550, 0.8964290159990536688, -0.2156911365066539743 ) ) ;
#387 = ORIENTED_EDGE ( 'NONE', *, *, #2314, .T. ) ;
#388 = CARTESIAN_POINT ( 'NONE',  ( 4.047853438148234950, 0.8964290159990536688, -2.033419163673696684 ) ) ;
#389 = ADVANCED_FACE ( 'NONE', ( #5895 ), #1607, .T. ) ;
#390 = CARTESIAN_POINT ( 'NONE',  ( 5.471154887133277356, 0.9064290159990536777, -1.504252497007030343 ) ) ;
#391 = CARTESIAN_POINT ( 'NONE',  ( 2.149531394884620195, 0.9064290159990536777, -1.773775728921664019 ) ) ;
#392 = EDGE_CURVE ( 'NONE', #2863, #4917, #117, .T. ) ;
#393 = CARTESIAN_POINT ( 'NONE',  ( 5.045786297389687647, 0.8964290159990536688, -2.858054876846180203 ) ) ;
#394 = ORIENTED_EDGE ( 'NONE', *, *, #2804, .F. ) ;
#395 = LINE ( 'NONE', #3597, #6246 ) ;
#396 = ORIENTED_EDGE ( 'NONE', *, *, #5744, .T. ) ;
#397 = ORIENTED_EDGE ( 'NONE', *, *, #1867, .T. ) ;
#398 = LINE ( 'NONE', #4606, #665 ) ;
#399 = DIRECTION ( 'NONE',  ( -0.4804543040264409592, 0.0000000000000000000, 0.8770197613181063279 ) ) ;
#400 = EDGE_CURVE ( 'NONE', #1991, #988, #604, .T. ) ;
#401 = ORIENTED_EDGE ( 'NONE', *, *, #4484, .F. ) ;
#402 = EDGE_LOOP ( 'NONE', ( #6397, #32, #3364, #6565 ) ) ;
#403 = PLANE ( 'NONE',  #5130 ) ;
#404 = VERTEX_POINT ( 'NONE', #1888 ) ;
#405 = CARTESIAN_POINT ( 'NONE',  ( 4.567161831577721820, 0.8964290159990536688, -1.504252497007030343 ) ) ;
#406 = DIRECTION ( 'NONE',  ( -0.0000000000000000000, -1.000000000000000000, -0.0000000000000000000 ) ) ;
#407 = CARTESIAN_POINT ( 'NONE',  ( 3.990166639270030124, 0.9064290159990536777, -2.328888210179513862 ) ) ;
#408 = EDGE_CURVE ( 'NONE', #701, #2974, #767, .T. ) ;
#409 = CARTESIAN_POINT ( 'NONE',  ( 3.991523476876867260, 0.9064290159990536777, -2.328888210179513862 ) ) ;
#410 = ORIENTED_EDGE ( 'NONE', *, *, #3741, .F. ) ;
#411 = FACE_OUTER_BOUND ( 'NONE', #4029, .T. ) ;
#412 = DIRECTION ( 'NONE',  ( 0.0000000000000000000, 0.0000000000000000000, 1.000000000000000000 ) ) ;
#413 = DIRECTION ( 'NONE',  ( -0.4802882638304245555, 0.0000000000000000000, 0.8771107020363828610 ) ) ;
#414 = PLANE ( 'NONE',  #3707 ) ;
#415 = CARTESIAN_POINT ( 'NONE',  ( 0.3525472037499060574, 0.8964290159990536688, -0.2154404413339367774 ) ) ;
#416 = DIRECTION ( 'NONE',  ( 0.4804543040264410148, 0.0000000000000000000, 0.8770197613181063279 ) ) ;
#417 = ORIENTED_EDGE ( 'NONE', *, *, #891, .F. ) ;
#418 = LINE ( 'NONE', #4114, #758 ) ;
#419 = DIRECTION ( 'NONE',  ( 0.4804152582365242008, 0.0000000000000000000, -0.8770411504904052080 ) ) ;
#420 = EDGE_CURVE ( 'NONE', #4257, #924, #6672, .T. ) ;
#421 = DIRECTION ( 'NONE',  ( 1.000000000000000000, 0.0000000000000000000, 0.0000000000000000000 ) ) ;
#422 = CARTESIAN_POINT ( 'NONE',  ( 3.644173049526439723, 0.9064290159990536777, -2.858054876846180203 ) ) ;
#423 = AXIS2_PLACEMENT_3D ( 'NONE', #823, #4106, #3027 ) ;
#424 = ADVANCED_FACE ( 'NONE', ( #1290 ), #2448, .T. ) ;
#425 = CARTESIAN_POINT ( 'NONE',  ( 3.000000000000000000, -0.01000000000000000021, -2.425000000000001155 ) ) ;
#426 = EDGE_CURVE ( 'NONE', #5982, #1361, #6115, .T. ) ;
#427 = LINE ( 'NONE', #462, #4902 ) ;
#428 = ORIENTED_EDGE ( 'NONE', *, *, #1049, .T. ) ;
#429 = ORIENTED_EDGE ( 'NONE', *, *, #5535, .F. ) ;
#430 = CARTESIAN_POINT ( 'NONE',  ( 2.755527307020159800, 0.8964290159990536688, -2.468760460994161576 ) ) ;
#431 = CARTESIAN_POINT ( 'NONE',  ( 0.2124046488319323855, 0.9064290159990536777, -0.3480185847706619429 ) ) ;
#432 = VECTOR ( 'NONE', #259, 1000.000000000000000 ) ;
#433 = EDGE_LOOP ( 'NONE', ( #1894, #4923, #2694, #1794 ) ) ;
#434 = DIRECTION ( 'NONE',  ( -0.4802882638304245555, 0.0000000000000000000, -0.8771107020363828610 ) ) ;
#435 = ORIENTED_EDGE ( 'NONE', *, *, #3445, .T. ) ;
#436 = EDGE_CURVE ( 'NONE', #3108, #6479, #4465, .T. ) ;
#437 = CARTESIAN_POINT ( 'NONE',  ( 1.116030114348765423, 0.8964290159990536688, -2.289757013397629049 ) ) ;
#438 = ORIENTED_EDGE ( 'NONE', *, *, #5385, .T. ) ;
#439 = CARTESIAN_POINT ( 'NONE',  ( 0.4282260363345810061, 0.9064290159990536777, -2.871133540190379030 ) ) ;
#440 = VECTOR ( 'NONE', #1778, 1000.000000000000227 ) ;
#441 = DIRECTION ( 'NONE',  ( -1.000000000000000000, 0.0000000000000000000, 0.0000000000000000000 ) ) ;
#442 = VECTOR ( 'NONE', #2590, 1000.000000000000000 ) ;
#443 = CARTESIAN_POINT ( 'NONE',  ( 4.550137759729431686, 0.9064290159990536777, -2.599619713918829955 ) ) ;
#444 = ORIENTED_EDGE ( 'NONE', *, *, #4904, .T. ) ;
#445 = CARTESIAN_POINT ( 'NONE',  ( 2.726667651398372527, 0.9064290159990540108, -1.657934912173886666 ) ) ;
#446 = CARTESIAN_POINT ( 'NONE',  ( 3.841868528960200813, 0.9064290159990536777, -2.599619713918829955 ) ) ;
#447 = PLANE ( 'NONE',  #6778 ) ;
#448 = EDGE_CURVE ( 'NONE', #1336, #4061, #6639, .T. ) ;
#449 = VECTOR ( 'NONE', #6361, 1000.000000000000000 ) ;
#450 = LINE ( 'NONE', #1486, #378 ) ;
#451 = CARTESIAN_POINT ( 'NONE',  ( 4.522046981150371181, 0.9064290159990536777, -2.548420294848317447 ) ) ;
#452 = VECTOR ( 'NONE', #830, 1000.000000000000000 ) ;
#453 =( GEOMETRIC_REPRESENTATION_CONTEXT ( 3 ) GLOBAL_UNCERTAINTY_ASSIGNED_CONTEXT ( ( #328 ) ) GLOBAL_UNIT_ASSIGNED_CONTEXT ( ( #6602, #6078, #3413 ) ) REPRESENTATION_CONTEXT ( 'NONE', 'WORKASPACE' ) );
#454 = PRESENTATION_STYLE_ASSIGNMENT (( #5220 ) ) ;
#455 = EDGE_LOOP ( 'NONE', ( #1627, #1003, #4170, #1966, #6050 ) ) ;
#456 =( NAMED_UNIT ( * ) PLANE_ANGLE_UNIT ( ) SI_UNIT ( $, .RADIAN. ) );
#457 = LINE ( 'NONE', #3626, #996 ) ;
#458 = CARTESIAN_POINT ( 'NONE',  ( 2.187104429756416835, 0.8964290159990537799, -1.774081781360716814 ) ) ;
#459 = VECTOR ( 'NONE', #3758, 1000.000000000000000 ) ;
#460 = EDGE_CURVE ( 'NONE', #5869, #2538, #4433, .T. ) ;
#461 = CARTESIAN_POINT ( 'NONE',  ( 0.0000000000000000000, -0.01000000000000000021, 0.0000000000000000000 ) ) ;
#462 = CARTESIAN_POINT ( 'NONE',  ( 3.933985082111910447, 0.9064290159990536777, -2.328888210179513862 ) ) ;
#463 = ORIENTED_EDGE ( 'NONE', *, *, #5272, .F. ) ;
#464 = ORIENTED_EDGE ( 'NONE', *, *, #4293, .T. ) ;
#465 = DIRECTION ( 'NONE',  ( -0.2603341375417481118, 0.0000000000000000000, 0.9655185844044609222 ) ) ;
#466 = EDGE_CURVE ( 'NONE', #3785, #5529, #3451, .T. ) ;
#467 = DIRECTION ( 'NONE',  ( -1.000000000000000000, 0.0000000000000000000, -0.0000000000000000000 ) ) ;
#468 = ADVANCED_FACE ( 'NONE', ( #2412 ), #5514, .T. ) ;
#469 = VERTEX_POINT ( 'NONE', #832 ) ;
#470 = DIRECTION ( 'NONE',  ( 1.000000000000000000, 0.0000000000000000000, -0.0000000000000000000 ) ) ;
#471 = ORIENTED_EDGE ( 'NONE', *, *, #552, .F. ) ;
#472 = VERTEX_POINT ( 'NONE', #5019 ) ;
#473 = CARTESIAN_POINT ( 'NONE',  ( 2.664183020672736379, 0.9064290159990535667, -2.234754729732700174 ) ) ;
#474 = DIRECTION ( 'NONE',  ( 0.8769390707362905157, -0.0000000000000000000, 0.4806015670138532592 ) ) ;
#475 = EDGE_CURVE ( 'NONE', #5322, #4925, #1789, .T. ) ;
#476 = CARTESIAN_POINT ( 'NONE',  ( 3.637388861492252268, 0.9064290159990536777, -2.328888210179513862 ) ) ;
#477 = EDGE_CURVE ( 'NONE', #3922, #1400, #6148, .T. ) ;
#478 = VERTEX_POINT ( 'NONE', #5482 ) ;
#479 = CARTESIAN_POINT ( 'NONE',  ( 2.701972513788675201, 0.9064290159990535667, -1.626067923014578920 ) ) ;
#480 = VECTOR ( 'NONE', #5561, 1000.000000000000227 ) ;
#481 = CARTESIAN_POINT ( 'NONE',  ( 4.352442280295671040, 0.8964290159990536688, -2.858054876846180203 ) ) ;
#482 = DIRECTION ( 'NONE',  ( 0.0000000000000000000, 0.0000000000000000000, -1.000000000000000000 ) ) ;
#483 = CARTESIAN_POINT ( 'NONE',  ( 2.737984637173513924, 0.8964290159990534468, -2.573982594688900782 ) ) ;
#484 = CARTESIAN_POINT ( 'NONE',  ( 3.813777750381140752, 0.9064290159990536777, -2.548420294848317447 ) ) ;
#485 = VECTOR ( 'NONE', #6007, 1000.000000000000000 ) ;
#486 = EDGE_CURVE ( 'NONE', #169, #6111, #5581, .T. ) ;
#487 = CARTESIAN_POINT ( 'NONE',  ( 0.4436524758126774715, 0.8964290159990534468, -0.2539241810764936158 ) ) ;
#488 = ORIENTED_EDGE ( 'NONE', *, *, #1967, .F. ) ;
#489 = VECTOR ( 'NONE', #6411, 1000.000000000000000 ) ;
#490 = LINE ( 'NONE', #1987, #4483 ) ;
#491 = CARTESIAN_POINT ( 'NONE',  ( 3.637388861492252268, 0.9064290159990536777, -2.328888210179513862 ) ) ;
#492 = LINE ( 'NONE', #5228, #1899 ) ;
#493 = EDGE_LOOP ( 'NONE', ( #6344, #5511, #942, #3670 ) ) ;
#494 = DIRECTION ( 'NONE',  ( 0.4804543040264410148, 0.0000000000000000000, 0.8770197613181063279 ) ) ;
#495 = CARTESIAN_POINT ( 'NONE',  ( 0.2125339656445195402, 0.9064290159990534557, -0.3435186283409524255 ) ) ;
#496 = LINE ( 'NONE', #3774, #4479 ) ;
#497 = ORIENTED_EDGE ( 'NONE', *, *, #3594, .T. ) ;
#498 = CARTESIAN_POINT ( 'NONE',  ( 5.722169844398234950, 0.9064290159990536777, -1.504252497007030343 ) ) ;
#499 = ORIENTED_EDGE ( 'NONE', *, *, #2808, .T. ) ;
#500 = CARTESIAN_POINT ( 'NONE',  ( 4.924999999999998934, 0.0000000000000000000, -0.3000000000000002109 ) ) ;
#501 = VERTEX_POINT ( 'NONE', #2964 ) ;
#502 = LINE ( 'NONE', #1690, #2884 ) ;
#503 = FACE_OUTER_BOUND ( 'NONE', #2546, .T. ) ;
#504 = CARTESIAN_POINT ( 'NONE',  ( 2.330304148842740730, 0.9064290159990535667, -1.996336838423088844 ) ) ;
#505 = ORIENTED_EDGE ( 'NONE', *, *, #3381, .F. ) ;
#506 = EDGE_CURVE ( 'NONE', #5277, #4512, #797, .T. ) ;
#507 = ORIENTED_EDGE ( 'NONE', *, *, #4820, .F. ) ;
#508 = ADVANCED_FACE ( 'NONE', ( #5087 ), #321, .T. ) ;
#509 = CARTESIAN_POINT ( 'NONE',  ( 2.597308668176109059, 0.8964290159990533358, -2.159729281538652401 ) ) ;
#510 = CARTESIAN_POINT ( 'NONE',  ( 0.4282260363345810061, 0.8964290159990536688, -2.871133540190379030 ) ) ;
#511 = DIRECTION ( 'NONE',  ( 0.0000000000000000000, 0.0000000000000000000, -1.000000000000000000 ) ) ;
#512 = CARTESIAN_POINT ( 'NONE',  ( 2.160045924041436471, 0.8964290159990536688, -2.871133540190379030 ) ) ;
#513 = LINE ( 'NONE', #4865, #4893 ) ;
#514 = ORIENTED_EDGE ( 'NONE', *, *, #243, .T. ) ;
#515 = ORIENTED_EDGE ( 'NONE', *, *, #517, .F. ) ;
#516 = CARTESIAN_POINT ( 'NONE',  ( 1.574999999999999289, 0.0000000000000000000, -1.574999999999999956 ) ) ;
#517 = EDGE_CURVE ( 'NONE', #1499, #3729, #3418, .T. ) ;
#518 = LINE ( 'NONE', #1144, #4109 ) ;
#519 = CARTESIAN_POINT ( 'NONE',  ( 2.304997170085237190, 0.8964290159990533358, -1.793689468512026375 ) ) ;
#520 = AXIS2_PLACEMENT_3D ( 'NONE', #4191, #6329, #4740 ) ;
#521 = CARTESIAN_POINT ( 'NONE',  ( 3.881958840124730692, 0.9064290159990536777, -1.504252497007030343 ) ) ;
#522 = LINE ( 'NONE', #4154, #2349 ) ;
#523 = ORIENTED_EDGE ( 'NONE', *, *, #6869, .F. ) ;
#524 = DIRECTION ( 'NONE',  ( -0.4802882638304222795, 0.0000000000000000000, 0.8771107020363840823 ) ) ;
#525 = DIRECTION ( 'NONE',  ( 0.0000000000000000000, -1.000000000000000000, 0.0000000000000000000 ) ) ;
#526 = FACE_OUTER_BOUND ( 'NONE', #2995, .T. ) ;
#527 = CARTESIAN_POINT ( 'NONE',  ( 3.893831169184560181, 0.8964290159990536688, -1.645342407530534734 ) ) ;
#528 = EDGE_CURVE ( 'NONE', #1535, #6479, #5053, .T. ) ;
#529 = VECTOR ( 'NONE', #4365, 1000.000000000000000 ) ;
#530 = CARTESIAN_POINT ( 'NONE',  ( 0.2345882039806324593, 0.9064290159990537887, -0.2743234123207751729 ) ) ;
#531 = VERTEX_POINT ( 'NONE', #1356 ) ;
#532 = CARTESIAN_POINT ( 'NONE',  ( 4.224999999999999645, -0.01000000000000000021, -3.699999999999999734 ) ) ;
#533 = ORIENTED_EDGE ( 'NONE', *, *, #3211, .F. ) ;
#534 = VECTOR ( 'NONE', #6104, 1000.000000000000000 ) ;
#535 = LINE ( 'NONE', #1357, #4424 ) ;
#536 = VERTEX_POINT ( 'NONE', #4015 ) ;
#537 = CARTESIAN_POINT ( 'NONE',  ( 2.238913057728044720, 0.9064290159990533446, -2.297654133124263254 ) ) ;
#538 = DIRECTION ( 'NONE',  ( -0.0000000000000000000, -1.000000000000000000, -0.0000000000000000000 ) ) ;
#539 = CARTESIAN_POINT ( 'NONE',  ( 0.4832289281461383257, 0.8964290159990536688, -0.3480185847706619429 ) ) ;
#540 = VECTOR ( 'NONE', #3090, 1000.000000000000000 ) ;
#541 = VERTEX_POINT ( 'NONE', #2312 ) ;
#542 = EDGE_CURVE ( 'NONE', #1197, #616, #283, .T. ) ;
#543 = ORIENTED_EDGE ( 'NONE', *, *, #4006, .T. ) ;
#544 = CARTESIAN_POINT ( 'NONE',  ( 2.714596162119312872, 0.8964290159990537799, -2.048960040868465615 ) ) ;
#545 = VECTOR ( 'NONE', #6498, 1000.000000000000000 ) ;
#546 = AXIS2_PLACEMENT_3D ( 'NONE', #5208, #2568, #1401 ) ;
#547 = CARTESIAN_POINT ( 'NONE',  ( 4.344301254654644673, 0.9064290159990536777, -2.328888210179513862 ) ) ;
#548 = SURFACE_STYLE_USAGE ( .BOTH. , #2742 ) ;
#549 = CARTESIAN_POINT ( 'NONE',  ( 2.588126540263376185, 0.8964290159990534468, -2.766861315743254224 ) ) ;
#550 = EDGE_CURVE ( 'NONE', #157, #3448, #938, .T. ) ;
#551 = CARTESIAN_POINT ( 'NONE',  ( 2.649147060173160817, 0.8964290159990536688, -2.219867694069673991 ) ) ;
#552 = EDGE_CURVE ( 'NONE', #3964, #4804, #4117, .T. ) ;
#553 = EDGE_LOOP ( 'NONE', ( #5964, #6759, #5827, #5128 ) ) ;
#554 = CARTESIAN_POINT ( 'NONE',  ( 4.904272375114047122, 0.9064290159990536777, -2.599619713918829955 ) ) ;
#555 = VECTOR ( 'NONE', #831, 1000.000000000000114 ) ;
#556 = ORIENTED_EDGE ( 'NONE', *, *, #3664, .T. ) ;
#557 = DIRECTION ( 'NONE',  ( -1.000000000000000000, 0.0000000000000000000, 0.0000000000000000000 ) ) ;
#558 = PLANE ( 'NONE',  #119 ) ;
#559 = VECTOR ( 'NONE', #4380, 1000.000000000000000 ) ;
#560 = CARTESIAN_POINT ( 'NONE',  ( 2.610375514269963393, 0.9064290159990536777, -2.186919789205351794 ) ) ;
#561 = VECTOR ( 'NONE', #3874, 1000.000000000000000 ) ;
#562 = EDGE_CURVE ( 'NONE', #2173, #6506, #5967, .T. ) ;
#563 = VECTOR ( 'NONE', #2410, 1000.000000000000000 ) ;
#564 = DIRECTION ( 'NONE',  ( 0.0000000000000000000, 0.0000000000000000000, -1.000000000000000000 ) ) ;
#565 = ORIENTED_EDGE ( 'NONE', *, *, #2979, .F. ) ;
#566 = LINE ( 'NONE', #2136, #3235 ) ;
#567 = CARTESIAN_POINT ( 'NONE',  ( 2.379825228611964771, 0.8964290159990536688, -1.906874280931120103 ) ) ;
#568 = AXIS2_PLACEMENT_3D ( 'NONE', #4419, #4513, #3408 ) ;
#569 = FACE_OUTER_BOUND ( 'NONE', #1996, .T. ) ;
#570 = CARTESIAN_POINT ( 'NONE',  ( 4.876181596534986618, 0.8964290159990536688, -2.548420294848317447 ) ) ;
#571 = CARTESIAN_POINT ( 'NONE',  ( 0.2619544727551008645, 0.9064290159990537887, -0.2448439053940880683 ) ) ;
#572 = ORIENTED_EDGE ( 'NONE', *, *, #6538, .T. ) ;
#573 = EDGE_CURVE ( 'NONE', #1951, #1233, #5224, .T. ) ;
#574 = LINE ( 'NONE', #6508, #1782 ) ;
#575 = ORIENTED_EDGE ( 'NONE', *, *, #5054, .F. ) ;
#576 = EDGE_LOOP ( 'NONE', ( #6262, #2675, #1085, #428 ) ) ;
#577 = CARTESIAN_POINT ( 'NONE',  ( 2.140555577311728630, 0.9064290159990536777, -2.289757013397629049 ) ) ;
#578 = CARTESIAN_POINT ( 'NONE',  ( 0.4228913916715143495, 0.9064290159990535667, -0.4585680033953340451 ) ) ;
#579 = PLANE ( 'NONE',  #3561 ) ;
#580 = ORIENTED_EDGE ( 'NONE', *, *, #3252, .F. ) ;
#581 = ORIENTED_EDGE ( 'NONE', *, *, #5635, .F. ) ;
#582 = CARTESIAN_POINT ( 'NONE',  ( 2.585499676996519280, 0.9064290159990536777, -2.167429442475643064 ) ) ;
#583 = DIRECTION ( 'NONE',  ( -0.0000000000000000000, -1.000000000000000000, -0.0000000000000000000 ) ) ;
#584 = CARTESIAN_POINT ( 'NONE',  ( 0.0000000000000000000, -0.01000000000000000021, 0.0000000000000000000 ) ) ;
#585 = DIRECTION ( 'NONE',  ( 0.2603341375417481118, 0.0000000000000000000, -0.9655185844044609222 ) ) ;
#586 = CARTESIAN_POINT ( 'NONE',  ( 2.597308668176109059, 0.8964290159990535578, -2.159729281538652401 ) ) ;
#587 = AXIS2_PLACEMENT_3D ( 'NONE', #1006, #5896, #2654 ) ;
#588 = ORIENTED_EDGE ( 'NONE', *, *, #2484, .F. ) ;
#589 =( NAMED_UNIT ( * ) PLANE_ANGLE_UNIT ( ) SI_UNIT ( $, .RADIAN. ) );
#590 = ORIENTED_EDGE ( 'NONE', *, *, #4341, .F. ) ;
#591 = CARTESIAN_POINT ( 'NONE',  ( 6.174999999999998934, 0.0000000000000000000, -1.635000000000000231 ) ) ;
#592 = CARTESIAN_POINT ( 'NONE',  ( 2.349738959383913084, 0.8964290159990537799, -2.370430385869748857 ) ) ;
#593 = CARTESIAN_POINT ( 'NONE',  ( 2.585499676996519280, 0.9064290159990536777, -2.167429442475643064 ) ) ;
#594 = VECTOR ( 'NONE', #2205, 1000.000000000000000 ) ;
#595 = CARTESIAN_POINT ( 'NONE',  ( 2.185535045148225386, 0.8964290159990536688, -2.870705500838037327 ) ) ;
#596 = PRESENTATION_STYLE_ASSIGNMENT (( #2093 ) ) ;
#597 = EDGE_CURVE ( 'NONE', #6015, #3964, #490, .T. ) ;
#598 = ORIENTED_EDGE ( 'NONE', *, *, #1959, .T. ) ;
#599 = AXIS2_PLACEMENT_3D ( 'NONE', #4752, #2671, #6901 ) ;
#600 = EDGE_CURVE ( 'NONE', #632, #4207, #5745, .T. ) ;
#601 = DIRECTION ( 'NONE',  ( 0.8770197613181063279, 0.0000000000000000000, -0.4804543040264409592 ) ) ;
#602 = DIRECTION ( 'NONE',  ( -0.0000000000000000000, -1.000000000000000000, -0.0000000000000000000 ) ) ;
#603 = CARTESIAN_POINT ( 'NONE',  ( 2.782198307808182225, 0.9064290159990536777, -1.835837096139945945 ) ) ;
#604 = LINE ( 'NONE', #4844, #594 ) ;
#605 = CARTESIAN_POINT ( 'NONE',  ( 0.2124046488319323855, 0.9064290159990536777, -0.3480185847706619429 ) ) ;
#606 = AXIS2_PLACEMENT_3D ( 'NONE', #5136, #2941, #5169 ) ;
#607 = ORIENTED_EDGE ( 'NONE', *, *, #460, .T. ) ;
#608 = LINE ( 'NONE', #3215, #2111 ) ;
#609 = VERTEX_POINT ( 'NONE', #4727 ) ;
#610 = DIRECTION ( 'NONE',  ( 0.4804543040264410148, 0.0000000000000000000, 0.8770197613181063279 ) ) ;
#611 = VERTEX_POINT ( 'NONE', #4696 ) ;
#612 = LINE ( 'NONE', #6434, #6450 ) ;
#613 = CARTESIAN_POINT ( 'NONE',  ( 0.3479760344392396898, 0.9064290159990536777, -0.4802988874070792669 ) ) ;
#614 = EDGE_CURVE ( 'NONE', #5625, #4833, #905, .T. ) ;
#615 = CARTESIAN_POINT ( 'NONE',  ( 0.4529073057338492969, 0.8964290159990537799, -0.4317229660195057717 ) ) ;
#616 = VERTEX_POINT ( 'NONE', #5718 ) ;
#617 = ORIENTED_EDGE ( 'NONE', *, *, #550, .T. ) ;
#618 = CARTESIAN_POINT ( 'NONE',  ( 2.585499676996519280, 0.8964290159990534468, -2.167429442475643064 ) ) ;
#619 = DIRECTION ( 'NONE',  ( 0.2570842515897343583, 0.0000000000000000000, 0.9663889939276761876 ) ) ;
#620 = CARTESIAN_POINT ( 'NONE',  ( 4.345658092261483141, 0.9064290159990536777, -2.328888210179513862 ) ) ;
#621 = CARTESIAN_POINT ( 'NONE',  ( 4.358548049526440593, 0.9064290159990536777, -2.033419163673696684 ) ) ;
#622 = CARTESIAN_POINT ( 'NONE',  ( 2.631225207077379391, 0.8964290159990538909, -2.202984043551574178 ) ) ;
#623 = VERTEX_POINT ( 'NONE', #5192 ) ;
#624 = CARTESIAN_POINT ( 'NONE',  ( 6.200000000000000178, -0.01000000000000000021, -2.364999999999998881 ) ) ;
#625 = VERTEX_POINT ( 'NONE', #3037 ) ;
#626 = DIRECTION ( 'NONE',  ( -1.000000000000000000, 0.0000000000000000000, -0.0000000000000000000 ) ) ;
#627 = CARTESIAN_POINT ( 'NONE',  ( 2.334510529182229899, 0.8964290159990540019, -2.345755794218359558 ) ) ;
#628 = CARTESIAN_POINT ( 'NONE',  ( 3.636032023885414244, 0.8964290159990536688, -2.328888210179513862 ) ) ;
#629 = LINE ( 'NONE', #3911, #3316 ) ;
#631 = EDGE_CURVE ( 'NONE', #2677, #1091, #6874, .T. ) ;
#630 = CARTESIAN_POINT ( 'NONE',  ( 4.989710743169601947, 0.8964290159990536688, -2.858054876846180203 ) ) ;
#632 = VERTEX_POINT ( 'NONE', #5160 ) ;
#633 = B_SPLINE_CURVE_WITH_KNOTS ( 'NONE', 3,
 ( #6554, #3436, #2430, #1840, #4938, #3969, #5003, #6520, #721, #235, #3468, #2399, #2815, #3999, #1771, #196, #6098 ),
 .UNSPECIFIED., .F., .F.,
 ( 4, 1, 1, 1, 1, 1, 1, 1, 1, 1, 1, 1, 1, 1, 4 ),
 ( 0.0000000000000000000, 0.1277706293124476478, 0.2439804506356083591, 0.3480758004030591324, 0.4406650460066900976, 0.5230791416656185300, 0.5935156255361747624, 0.6552269717712236874, 0.7090791295509715209, 0.7569732727241818004, 0.7987624002830174819, 0.8347047937630664993, 0.8644111872596799140, 0.9254754689597465278, 1.000000000000000000 ),
 .UNSPECIFIED. ) ;
#634 = PLANE ( 'NONE',  #4897 ) ;
#635 = CARTESIAN_POINT ( 'NONE',  ( 3.700248603746525422, 0.9064290159990536777, -2.858054876846180203 ) ) ;
#636 = CARTESIAN_POINT ( 'NONE',  ( 6.500000000000000888, 0.8964290159990536688, 0.0000000000000000000 ) ) ;
#637 = DIRECTION ( 'NONE',  ( -1.000000000000000000, 0.0000000000000000000, -0.0000000000000000000 ) ) ;
#638 = CARTESIAN_POINT ( 'NONE',  ( 3.998307664911055603, 0.9064290159990536777, -2.858054876846180203 ) ) ;
#639 = ADVANCED_FACE ( 'NONE', ( #6746 ), #5682, .T. ) ;
#640 = EDGE_CURVE ( 'NONE', #1295, #2874, #6815, .T. ) ;
#641 = ORIENTED_EDGE ( 'NONE', *, *, #3076, .F. ) ;
#642 = CARTESIAN_POINT ( 'NONE',  ( 3.431552356417465699, 0.9064290159990536777, -2.599619713918829955 ) ) ;
#643 = ORIENTED_EDGE ( 'NONE', *, *, #1099, .F. ) ;
#644 = LINE ( 'NONE', #2858, #5994 ) ;
#645 = VECTOR ( 'NONE', #3704, 1000.000000000000114 ) ;
#646 = VERTEX_POINT ( 'NONE', #2027 ) ;
#647 = CARTESIAN_POINT ( 'NONE',  ( 2.750788462429157644, 0.9064290159990535667, -2.396587605977551494 ) ) ;
#648 = FACE_OUTER_BOUND ( 'NONE', #202, .T. ) ;
#649 = AXIS2_PLACEMENT_3D ( 'NONE', #3449, #4078, #5609 ) ;
#650 = ORIENTED_EDGE ( 'NONE', *, *, #1237, .T. ) ;
#651 = ADVANCED_FACE ( 'NONE', ( #1386 ), #1000, .T. ) ;
#652 = EDGE_LOOP ( 'NONE', ( #2376, #4931, #6228, #4605 ) ) ;
#653 = CARTESIAN_POINT ( 'NONE',  ( 5.179434801663192367, 0.9064290159990536777, -1.558526001280534645 ) ) ;
#654 = CARTESIAN_POINT ( 'NONE',  ( 3.881958840124730692, 0.9064290159990536777, -1.504252497007030343 ) ) ;
#655 = CARTESIAN_POINT ( 'NONE',  ( 2.288363246534351969, 0.9064290159990538998, -2.312106147174927351 ) ) ;
#656 = VECTOR ( 'NONE', #4690, 1000.000000000000000 ) ;
#657 = CARTESIAN_POINT ( 'NONE',  ( 2.610375514269963393, 0.8964290159990536688, -2.186919789205351794 ) ) ;
#658 = VERTEX_POINT ( 'NONE', #1955 ) ;
#659 = SURFACE_STYLE_FILL_AREA ( #6451 ) ;
#660 = ORIENTED_EDGE ( 'NONE', *, *, #2873, .T. ) ;
#661 = DIRECTION ( 'NONE',  ( 1.000000000000000000, 0.0000000000000000000, 0.0000000000000000000 ) ) ;
#662 = DIRECTION ( 'NONE',  ( 0.5217877936512456127, 0.0000000000000000000, 0.8530753181264624230 ) ) ;
#663 = ORIENTED_EDGE ( 'NONE', *, *, #2424, .T. ) ;
#664 = CARTESIAN_POINT ( 'NONE',  ( 5.518644203372593537, 0.9064290159990536777, -2.033419163673696684 ) ) ;
#665 = VECTOR ( 'NONE', #1896, 1000.000000000000000 ) ;
#666 = COLOUR_RGB ( '',1.000000000000000000, 1.000000000000000000, 1.000000000000000000 ) ;
#667 = DIRECTION ( 'NONE',  ( 0.0000000000000000000, 0.0000000000000000000, 1.000000000000000000 ) ) ;
#668 = FACE_OUTER_BOUND ( 'NONE', #3153, .T. ) ;
#669 = ORIENTED_EDGE ( 'NONE', *, *, #1193, .F. ) ;
#670 = VECTOR ( 'NONE', #2571, 1000.000000000000000 ) ;
#671 = CARTESIAN_POINT ( 'NONE',  ( 2.149531394884620195, 0.8964290159990536688, -1.773775728921664019 ) ) ;
#672 = DIRECTION ( 'NONE',  ( 1.586637325588543158E-16, 0.0000000000000000000, -1.000000000000000000 ) ) ;
#673 = VECTOR ( 'NONE', #2930, 1000.000000000000227 ) ;
#674 = DIRECTION ( 'NONE',  ( -0.0000000000000000000, -1.000000000000000000, -0.0000000000000000000 ) ) ;
#675 = ORIENTED_EDGE ( 'NONE', *, *, #4976, .T. ) ;
#676 = CARTESIAN_POINT ( 'NONE',  ( 0.0000000000000000000, 0.0000000000000000000, 0.0000000000000000000 ) ) ;
#677 = VECTOR ( 'NONE', #2646, 1000.000000000000000 ) ;
#678 = ORIENTED_EDGE ( 'NONE', *, *, #1043, .T. ) ;
#679 = EDGE_LOOP ( 'NONE', ( #1328, #394, #572, #3947 ) ) ;
#680 = CARTESIAN_POINT ( 'NONE',  ( 2.693403633267610342, 0.9064290159990537887, -2.263977581951986728 ) ) ;
#681 = ADVANCED_FACE ( 'NONE', ( #1420 ), #3745, .T. ) ;
#682 = PLANE ( 'NONE',  #4711 ) ;
#683 = AXIS2_PLACEMENT_3D ( 'NONE', #1101, #5360, #3196 ) ;
#684 = VERTEX_POINT ( 'NONE', #1069 ) ;
#685 = VERTEX_POINT ( 'NONE', #664 ) ;
#686 = CARTESIAN_POINT ( 'NONE',  ( 4.691651682005072210, 0.8964290159990536688, -2.858054876846180203 ) ) ;
#687 = EDGE_CURVE ( 'NONE', #685, #2327, #2129, .T. ) ;
#688 = CARTESIAN_POINT ( 'NONE',  ( 2.354895432808410405, 0.9064290159990540108, -2.381287766863821709 ) ) ;
#689 = SURFACE_STYLE_FILL_AREA ( #3336 ) ;
#690 = CARTESIAN_POINT ( 'NONE',  ( 2.714596162119312872, 0.8964290159990540019, -2.048960040868465615 ) ) ;
#691 = VERTEX_POINT ( 'NONE', #4801 ) ;
#692 = DIRECTION ( 'NONE',  ( -0.3698797865436000420, 0.0000000000000000000, 0.9290796217259642553 ) ) ;
#693 = VERTEX_POINT ( 'NONE', #5364 ) ;
#694 = LINE ( 'NONE', #1777, #2331 ) ;
#695 = LINE ( 'NONE', #3306, #534 ) ;
#696 = ORIENTED_EDGE ( 'NONE', *, *, #1533, .F. ) ;
#697 = LINE ( 'NONE', #6139, #3945 ) ;
#698 = ADVANCED_FACE ( 'NONE', ( #36 ), #1708, .T. ) ;
#699 = AXIS2_PLACEMENT_3D ( 'NONE', #6519, #5000, #1767 ) ;
#700 = CARTESIAN_POINT ( 'NONE',  ( 2.307278059588227404, 0.8964290159990538909, -2.862997201718850526 ) ) ;
#701 = VERTEX_POINT ( 'NONE', #2167 ) ;
#702 = LINE ( 'NONE', #3479, #2350 ) ;
#703 = VECTOR ( 'NONE', #6536, 1000.000000000000000 ) ;
#704 =( LENGTH_UNIT ( ) NAMED_UNIT ( * ) SI_UNIT ( .MILLI., .METRE. ) );
#705 = CARTESIAN_POINT ( 'NONE',  ( 3.983382451235841781, 0.9064290159990536777, -2.858054876846180203 ) ) ;
#706 = EDGE_CURVE ( 'NONE', #3073, #6226, #4211, .T. ) ;
#707 = CARTESIAN_POINT ( 'NONE',  ( 0.4678824583622008260, 0.9064290159990533446, -0.2853603856417085693 ) ) ;
#708 = EDGE_CURVE ( 'NONE', #3886, #6706, #3727, .T. ) ;
#709 = ORIENTED_EDGE ( 'NONE', *, *, #448, .T. ) ;
#710 = CARTESIAN_POINT ( 'NONE',  ( 4.567161831577721820, 0.9064290159990536777, -1.504252497007030343 ) ) ;
#711 = VERTEX_POINT ( 'NONE', #3803 ) ;
#712 = ORIENTED_EDGE ( 'NONE', *, *, #2170, .F. ) ;
#713 = LINE ( 'NONE', #3327, #3435 ) ;
#714 = VECTOR ( 'NONE', #3258, 1000.000000000000000 ) ;
#715 = CARTESIAN_POINT ( 'NONE',  ( 0.0000000000000000000, 0.0000000000000000000, 0.0000000000000000000 ) ) ;
#716 = ORIENTED_EDGE ( 'NONE', *, *, #5868, .F. ) ;
#717 = ORIENTED_EDGE ( 'NONE', *, *, #4006, .F. ) ;
#718 = CARTESIAN_POINT ( 'NONE',  ( 0.3999774880071459982, 0.8964290159990537799, -0.4708560251788378448 ) ) ;
#719 = FACE_OUTER_BOUND ( 'NONE', #6370, .T. ) ;
#720 = CARTESIAN_POINT ( 'NONE',  ( 2.252870193805232457, 0.8964290159990536688, -2.021766107465888140 ) ) ;
#721 = CARTESIAN_POINT ( 'NONE',  ( 2.340999622522533574, 0.9064290159990535667, -1.812402651810083754 ) ) ;
#722 = EDGE_CURVE ( 'NONE', #646, #4925, #5924, .T. ) ;
#723 = ADVANCED_FACE ( 'NONE', ( #5400 ), #5327, .T. ) ;
#724 = ORIENTED_EDGE ( 'NONE', *, *, #4301, .T. ) ;
#725 = DIRECTION ( 'NONE',  ( -1.000000000000000000, 0.0000000000000000000, 3.771137991253928573E-16 ) ) ;
#726 = DIRECTION ( 'NONE',  ( 1.000000000000000000, 0.0000000000000000000, 0.0000000000000000000 ) ) ;
#727 = LINE ( 'NONE', #5998, #925 ) ;
#728 = CARTESIAN_POINT ( 'NONE',  ( 4.904272375114047122, 0.8964290159990536688, -2.599619713918829955 ) ) ;
#729 = FACE_OUTER_BOUND ( 'NONE', #2421, .T. ) ;
#730 = ORIENTED_EDGE ( 'NONE', *, *, #5385, .F. ) ;
#731 = FACE_OUTER_BOUND ( 'NONE', #1457, .T. ) ;
#732 = FILL_AREA_STYLE_COLOUR ( '', #4334 ) ;
#733 = DIRECTION ( 'NONE',  ( 1.000000000000000000, 0.0000000000000000000, 0.0000000000000000000 ) ) ;
#734 = ORIENTED_EDGE ( 'NONE', *, *, #6912, .T. ) ;
#735 = DIRECTION ( 'NONE',  ( 0.0000000000000000000, -1.000000000000000000, 0.0000000000000000000 ) ) ;
#736 = ORIENTED_EDGE ( 'NONE', *, *, #5695, .F. ) ;
#737 = ORIENTED_EDGE ( 'NONE', *, *, #109, .T. ) ;
#738 = CARTESIAN_POINT ( 'NONE',  ( 4.988417507325585198, 0.9064290159990536777, -2.033419163673696684 ) ) ;
#739 = DIRECTION ( 'NONE',  ( 0.0000000000000000000, 0.0000000000000000000, -1.000000000000000000 ) ) ;
#740 = SURFACE_STYLE_USAGE ( .BOTH. , #1272 ) ;
#741 = ORIENTED_EDGE ( 'NONE', *, *, #5466, .T. ) ;
#742 = VECTOR ( 'NONE', #3519, 1000.000000000000114 ) ;
#743 = EDGE_LOOP ( 'NONE', ( #102, #1962, #1579, #1048 ) ) ;
#744 = CARTESIAN_POINT ( 'NONE',  ( 0.4610817247206702163, 0.8964290159990536688, -0.4212784647043538166 ) ) ;
#745 =( NAMED_UNIT ( * ) PLANE_ANGLE_UNIT ( ) SI_UNIT ( $, .RADIAN. ) );
#746 = CARTESIAN_POINT ( 'NONE',  ( 2.209070282058282153, 0.9064290159990541218, -2.293136989795635294 ) ) ;
#747 = CARTESIAN_POINT ( 'NONE',  ( 0.0000000000000000000, 0.9064290159990536777, 0.0000000000000000000 ) ) ;
#748 = VECTOR ( 'NONE', #146, 1000.000000000000000 ) ;
#749 = CARTESIAN_POINT ( 'NONE',  ( 3.573172281631141090, 0.9064290159990536777, -2.858054876846180203 ) ) ;
#750 = EDGE_CURVE ( 'NONE', #1504, #4789, #1146, .T. ) ;
#751 = EDGE_LOOP ( 'NONE', ( #4265, #5546, #575, #2035 ) ) ;
#752 = CARTESIAN_POINT ( 'NONE',  ( 4.733162432539260500, 0.9064290159990536777, -2.033419163673696684 ) ) ;
#753 = AXIS2_PLACEMENT_3D ( 'NONE', #2886, #2403, #200 ) ;
#754 = CARTESIAN_POINT ( 'NONE',  ( 4.288119697496525440, 0.9064290159990536777, -2.328888210179513862 ) ) ;
#755 = LINE ( 'NONE', #1312, #5876 ) ;
#756 = CARTESIAN_POINT ( 'NONE',  ( 3.927306897015756082, 0.8964290159990536688, -2.858054876846180203 ) ) ;
#757 = EDGE_CURVE ( 'NONE', #1917, #2803, #4285, .T. ) ;
#758 = VECTOR ( 'NONE', #5222, 1000.000000000000000 ) ;
#759 = CARTESIAN_POINT ( 'NONE',  ( 2.706283697168568203, 0.8964290159990535578, -2.642435556038036815 ) ) ;
#760 = FILL_AREA_STYLE_COLOUR ( '', #4454 ) ;
#761 = ORIENTED_EDGE ( 'NONE', *, *, #1196, .F. ) ;
#762 = DIRECTION ( 'NONE',  ( 5.421010862427522170E-17, 0.0000000000000000000, 1.000000000000000000 ) ) ;
#763 = CARTESIAN_POINT ( 'NONE',  ( 3.579850466727294567, 0.9064290159990536777, -2.328888210179513862 ) ) ;
#764 = VECTOR ( 'NONE', #1178, 1000.000000000000000 ) ;
#765 = CARTESIAN_POINT ( 'NONE',  ( 0.2749999999999992450, -0.01000000000000000021, -0.5500000000000001554 ) ) ;
#766 = AXIS2_PLACEMENT_3D ( 'NONE', #3706, #1050, #4784 ) ;
#767 = LINE ( 'NONE', #2861, #2817 ) ;
#768 = EDGE_CURVE ( 'NONE', #2030, #167, #3307, .T. ) ;
#769 = DIRECTION ( 'NONE',  ( -0.0000000000000000000, -1.000000000000000000, -0.0000000000000000000 ) ) ;
#770 = AXIS2_PLACEMENT_3D ( 'NONE', #1234, #6580, #5520 ) ;
#771 = EDGE_LOOP ( 'NONE', ( #6144, #2739, #4190, #3260 ) ) ;
#772 = DIRECTION ( 'NONE',  ( 1.000000000000000000, 0.0000000000000000000, 0.0000000000000000000 ) ) ;
#773 = ORIENTED_EDGE ( 'NONE', *, *, #5834, .F. ) ;
#774 = ORIENTED_EDGE ( 'NONE', *, *, #187, .T. ) ;
#775 = VECTOR ( 'NONE', #1385, 1000.000000000000000 ) ;
#776 = LINE ( 'NONE', #4501, #2776 ) ;
#777 = FACE_BOUND ( 'NONE', #1103, .T. ) ;
#778 = VECTOR ( 'NONE', #3864, 1000.000000000000000 ) ;
#779 = SURFACE_SIDE_STYLE ('',( #5554 ) ) ;
#780 = EDGE_CURVE ( 'NONE', #1991, #4694, #3982, .T. ) ;
#781 = ORIENTED_EDGE ( 'NONE', *, *, #2891, .T. ) ;
#782 = ORIENTED_EDGE ( 'NONE', *, *, #4939, .F. ) ;
#783 = CARTESIAN_POINT ( 'NONE',  ( 4.288119697496525440, 0.8964290159990536688, -2.328888210179513862 ) ) ;
#784 = DIRECTION ( 'NONE',  ( -1.000000000000000000, 0.0000000000000000000, 0.0000000000000000000 ) ) ;
#785 = CARTESIAN_POINT ( 'NONE',  ( 2.238913057728044720, 0.9064290159990535667, -2.297654133124263254 ) ) ;
#786 = CARTESIAN_POINT ( 'NONE',  ( 4.884322622176012985, 0.9064290159990536777, -1.647992480981389285 ) ) ;
#787 = ORIENTED_EDGE ( 'NONE', *, *, #1793, .F. ) ;
#788 = LINE ( 'NONE', #1309, #4021 ) ;
#789 = FACE_OUTER_BOUND ( 'NONE', #4297, .T. ) ;
#790 = LINE ( 'NONE', #5043, #3775 ) ;
#791 = CARTESIAN_POINT ( 'NONE',  ( 2.655397905823754012, 0.9064290159990534557, -2.114647574380104533 ) ) ;
#792 = DIRECTION ( 'NONE',  ( -0.0000000000000000000, 1.000000000000000000, -0.0000000000000000000 ) ) ;
#793 = ORIENTED_EDGE ( 'NONE', *, *, #5189, .F. ) ;
#794 = DIRECTION ( 'NONE',  ( -1.000000000000000000, 0.0000000000000000000, -0.0000000000000000000 ) ) ;
#795 = CARTESIAN_POINT ( 'NONE',  ( 2.160045924041436471, 0.9064290159990536777, -2.871133540190379030 ) ) ;
#796 = LINE ( 'NONE', #3555, #3002 ) ;
#797 = LINE ( 'NONE', #705, #1365 ) ;
#798 = CARTESIAN_POINT ( 'NONE',  ( 4.054383219131141303, 0.9064290159990536777, -2.858054876846180203 ) ) ;
#799 = ORIENTED_EDGE ( 'NONE', *, *, #2433, .T. ) ;
#800 = EDGE_CURVE ( 'NONE', #356, #6657, #6075, .T. ) ;
#801 = DIRECTION ( 'NONE',  ( -0.7871623908499748579, 0.0000000000000000000, 0.6167457907690584440 ) ) ;
#802 = VECTOR ( 'NONE', #849, 1000.000000000000114 ) ;
#803 = ORIENTED_EDGE ( 'NONE', *, *, #173, .T. ) ;
#804 = ORIENTED_EDGE ( 'NONE', *, *, #3809, .F. ) ;
#805 = LINE ( 'NONE', #3010, #3333 ) ;
#806 = FACE_OUTER_BOUND ( 'NONE', #3858, .T. ) ;
#807 = AXIS2_PLACEMENT_3D ( 'NONE', #2280, #4371, #4882 ) ;
#808 = ORIENTED_EDGE ( 'NONE', *, *, #1027, .T. ) ;
#809 = ORIENTED_EDGE ( 'NONE', *, *, #3805, .F. ) ;
#810 = CARTESIAN_POINT ( 'NONE',  ( 3.825000000000000622, -0.01000000000000000021, -3.699999999999999734 ) ) ;
#811 = ORIENTED_EDGE ( 'NONE', *, *, #6270, .F. ) ;
#812 = VECTOR ( 'NONE', #5464, 1000.000000000000000 ) ;
#813 = CARTESIAN_POINT ( 'NONE',  ( 4.989710743169601947, 0.9064290159990536777, -2.858054876846180203 ) ) ;
#814 = FACE_OUTER_BOUND ( 'NONE', #2773, .T. ) ;
#815 = EDGE_CURVE ( 'NONE', #4746, #2063, #697, .T. ) ;
#816 = DIRECTION ( 'NONE',  ( -0.9136674107863315131, 0.0000000000000000000, 0.4064626212421025842 ) ) ;
#817 = FACE_OUTER_BOUND ( 'NONE', #3118, .T. ) ;
#818 = VECTOR ( 'NONE', #3856, 1000.000000000000000 ) ;
#819 = VERTEX_POINT ( 'NONE', #203 ) ;
#820 = ADVANCED_FACE ( 'NONE', ( #6106 ), #4397, .T. ) ;
#821 = FACE_OUTER_BOUND ( 'NONE', #3573, .T. ) ;
#822 = DIRECTION ( 'NONE',  ( -0.0000000000000000000, -1.000000000000000000, -0.0000000000000000000 ) ) ;
#823 = CARTESIAN_POINT ( 'NONE',  ( 3.990166639270030124, 0.9064290159990536777, -2.328888210179513862 ) ) ;
#824 = CARTESIAN_POINT ( 'NONE',  ( 3.680129246107636920, 0.9064290159990536777, -2.033419163673696684 ) ) ;
#825 = CARTESIAN_POINT ( 'NONE',  ( 0.3342964178782228402, 0.9064290159990536777, -0.4799295305651871679 ) ) ;
#826 = LINE ( 'NONE', #3511, #313 ) ;
#827 = DIRECTION ( 'NONE',  ( 0.0000000000000000000, -1.000000000000000000, 0.0000000000000000000 ) ) ;
#828 = ORIENTED_EDGE ( 'NONE', *, *, #5753, .F. ) ;
#829 = DIRECTION ( 'NONE',  ( -0.0000000000000000000, 1.000000000000000000, -0.0000000000000000000 ) ) ;
#830 = DIRECTION ( 'NONE',  ( -0.0000000000000000000, 1.000000000000000000, -0.0000000000000000000 ) ) ;
#831 = DIRECTION ( 'NONE',  ( 0.2607351442216253590, 0.0000000000000000000, -0.9654103710690744578 ) ) ;
#832 = CARTESIAN_POINT ( 'NONE',  ( 3.881958840124730692, 0.8964290159990536688, -1.504252497007030343 ) ) ;
#833 = EDGE_CURVE ( 'NONE', #4274, #6162, #2305, .T. ) ;
#834 = CARTESIAN_POINT ( 'NONE',  ( 4.167912365765756633, 0.9064290159990536777, -2.650819132989342908 ) ) ;
#835 = EDGE_LOOP ( 'NONE', ( #1597, #3957, #5119, #6548 ) ) ;
#836 = CARTESIAN_POINT ( 'NONE',  ( 0.4282260363345810061, 0.9064290159990536777, -2.550312174942152676 ) ) ;
#837 = ORIENTED_EDGE ( 'NONE', *, *, #6617, .F. ) ;
#838 = ORIENTED_EDGE ( 'NONE', *, *, #2364, .T. ) ;
#839 = CARTESIAN_POINT ( 'NONE',  ( 0.3433691364284752190, 0.9064290159990540108, -0.2154380647817657757 ) ) ;
#840 = EDGE_CURVE ( 'NONE', #6668, #6515, #4458, .T. ) ;
#841 = CARTESIAN_POINT ( 'NONE',  ( 0.3479760344392396898, 0.8964290159990536688, -0.2153136262670329870 ) ) ;
#842 = EDGE_CURVE ( 'NONE', #1214, #2734, #1347, .T. ) ;
#843 = ORIENTED_EDGE ( 'NONE', *, *, #3161, .F. ) ;
#844 = ORIENTED_EDGE ( 'NONE', *, *, #1533, .T. ) ;
#845 = DIRECTION ( 'NONE',  ( -0.4804152582365220359, 0.0000000000000000000, -0.8770411504904065403 ) ) ;
#846 = ORIENTED_EDGE ( 'NONE', *, *, #4725, .T. ) ;
#847 = CARTESIAN_POINT ( 'NONE',  ( 2.693403633267610342, 0.8964290159990537799, -2.263977581951986728 ) ) ;
#848 = CARTESIAN_POINT ( 'NONE',  ( 2.160045924041436471, 0.9064290159990536777, -2.871133540190379030 ) ) ;
#849 = DIRECTION ( 'NONE',  ( -0.5213313868808869822, 0.0000000000000000000, 0.8533543139006510847 ) ) ;
#850 = LINE ( 'NONE', #2043, #3227 ) ;
#851 = EDGE_CURVE ( 'NONE', #1066, #5955, #1879, .T. ) ;
#852 = AXIS2_PLACEMENT_3D ( 'NONE', #4267, #1612, #2214 ) ;
#853 = ORIENTED_EDGE ( 'NONE', *, *, #4136, .T. ) ;
#854 = CARTESIAN_POINT ( 'NONE',  ( 2.309572505812466758, 0.9064290159990535667, -1.453287826326651766 ) ) ;
#855 = CARTESIAN_POINT ( 'NONE',  ( 4.344301254654644673, 0.8964290159990536688, -2.328888210179513862 ) ) ;
#856 = CARTESIAN_POINT ( 'NONE',  ( 3.463035229013619265, 0.8964290159990536688, -1.504252497007030343 ) ) ;
#857 = CARTESIAN_POINT ( 'NONE',  ( 4.345658092261483141, 0.8964290159990536688, -2.328888210179513862 ) ) ;
#858 = CARTESIAN_POINT ( 'NONE',  ( 0.4529462474079806178, 0.8964290159990537799, -0.2637892935852448884 ) ) ;
#859 = ADVANCED_FACE ( 'NONE', ( #3473 ), #1780, .T. ) ;
#860 = LINE ( 'NONE', #3946, #3197 ) ;
#861 = CARTESIAN_POINT ( 'NONE',  ( 4.047599031096952515, 0.9064290159990536777, -2.328888210179513862 ) ) ;
#862 = ORIENTED_EDGE ( 'NONE', *, *, #6414, .T. ) ;
#863 = CARTESIAN_POINT ( 'NONE',  ( 2.781748631538141225, 0.8964290159990536688, -1.823154916402045744 ) ) ;
#864 = DIRECTION ( 'NONE',  ( -0.8771107020363828610, 0.0000000000000000000, 0.4802882638304245555 ) ) ;
#865 = DIRECTION ( 'NONE',  ( -1.000000000000000000, 0.0000000000000000000, 0.0000000000000000000 ) ) ;
#866 = CARTESIAN_POINT ( 'NONE',  ( 2.269681905621078855, 0.9064290159990536777, -2.542381764113867071 ) ) ;
#867 = VECTOR ( 'NONE', #3761, 1000.000000000000000 ) ;
#868 = LINE ( 'NONE', #5127, #2972 ) ;
#869 = ORIENTED_EDGE ( 'NONE', *, *, #6862, .T. ) ;
#870 = LINE ( 'NONE', #6642, #2570 ) ;
#871 = VECTOR ( 'NONE', #2828, 1000.000000000000227 ) ;
#872 = ORIENTED_EDGE ( 'NONE', *, *, #1498, .F. ) ;
#873 = VECTOR ( 'NONE', #1621, 1000.000000000000114 ) ;
#874 = ORIENTED_EDGE ( 'NONE', *, *, #3423, .T. ) ;
#875 = CARTESIAN_POINT ( 'NONE',  ( 6.200000000000000178, -0.01000000000000000021, -3.700000000000000178 ) ) ;
#876 = DIRECTION ( 'NONE',  ( 1.000000000000000000, 0.0000000000000000000, -0.0000000000000000000 ) ) ;
#877 = AXIS2_PLACEMENT_3D ( 'NONE', #5651, #3525, #3109 ) ;
#878 = VERTEX_POINT ( 'NONE', #824 ) ;
#879 = VECTOR ( 'NONE', #6428, 1000.000000000000000 ) ;
#880 = VERTEX_POINT ( 'NONE', #3909 ) ;
#881 = CARTESIAN_POINT ( 'NONE',  ( 2.140555577311728630, 0.9064290159990536777, -2.289757013397629049 ) ) ;
#882 = EDGE_LOOP ( 'NONE', ( #3005, #6577, #184, #804, #3901, #2024, #261, #1240, #6216, #4816, #1506, #4848 ) ) ;
#883 = AXIS2_PLACEMENT_3D ( 'NONE', #4821, #2073, #6437 ) ;
#884 = CARTESIAN_POINT ( 'NONE',  ( 2.677459028634327165, 0.9064290159990536777, -2.247715434974753457 ) ) ;
#885 = CARTESIAN_POINT ( 'NONE',  ( 2.288664543998843559, 0.8964290159990534468, -2.015243173823677125 ) ) ;
#886 = LINE ( 'NONE', #1940, #4601 ) ;
#887 = VECTOR ( 'NONE', #792, 1000.000000000000000 ) ;
#888 = CARTESIAN_POINT ( 'NONE',  ( 4.358548049526440593, 0.8964290159990536688, -2.033419163673696684 ) ) ;
#889 = VECTOR ( 'NONE', #4879, 1000.000000000000000 ) ;
#890 = EDGE_LOOP ( 'NONE', ( #3985, #78, #4731, #3494 ) ) ;
#891 = EDGE_CURVE ( 'NONE', #167, #2496, #6039, .T. ) ;
#892 = CARTESIAN_POINT ( 'NONE',  ( 2.639449971784237903, 0.9064290159990536777, -1.566701558078149592 ) ) ;
#893 = AXIS2_PLACEMENT_3D ( 'NONE', #3971, #6698, #2434 ) ;
#894 = LINE ( 'NONE', #2018, #656 ) ;
#895 = CARTESIAN_POINT ( 'NONE',  ( 5.518644203372593537, 0.9064290159990536777, -2.033419163673696684 ) ) ;
#896 = CARTESIAN_POINT ( 'NONE',  ( 4.887502710317037646, 0.8964290159990536688, -1.504252497007030343 ) ) ;
#897 = CARTESIAN_POINT ( 'NONE',  ( 0.4830955718191712878, 0.8964290159990536688, -0.3435197271140196240 ) ) ;
#898 = AXIS2_PLACEMENT_3D ( 'NONE', #6652, #6792, #1968 ) ;
#899 = FILL_AREA_STYLE_COLOUR ( '', #4641 ) ;
#900 = CARTESIAN_POINT ( 'NONE',  ( 0.0000000000000000000, 0.9064290159990534557, 0.0000000000000000000 ) ) ;
#901 = ORIENTED_EDGE ( 'NONE', *, *, #6651, .T. ) ;
#902 = FILL_AREA_STYLE ('',( #5679 ) ) ;
#903 = PLANE ( 'NONE',  #6567 ) ;
#904 = CARTESIAN_POINT ( 'NONE',  ( 0.8926604827490804972, 0.9064290159990536777, -1.452954363673436777 ) ) ;
#905 = LINE ( 'NONE', #4181, #2489 ) ;
#906 = ADVANCED_FACE ( 'NONE', ( #5079 ), #1285, .T. ) ;
#907 = DIRECTION ( 'NONE',  ( -1.000000000000000000, 0.0000000000000000000, 0.0000000000000000000 ) ) ;
#908 = ORIENTED_EDGE ( 'NONE', *, *, #5868, .T. ) ;
#909 = DIRECTION ( 'NONE',  ( -0.0000000000000000000, -1.000000000000000000, -0.0000000000000000000 ) ) ;
#910 = VERTEX_POINT ( 'NONE', #1742 ) ;
#911 = EDGE_CURVE ( 'NONE', #5831, #3826, #727, .T. ) ;
#912 = ORIENTED_EDGE ( 'NONE', *, *, #5607, .F. ) ;
#913 = CARTESIAN_POINT ( 'NONE',  ( 0.2957362652832027372, 0.9064290159990536777, -0.2247786295356906661 ) ) ;
#914 = LINE ( 'NONE', #6188, #2034 ) ;
#915 = ORIENTED_EDGE ( 'NONE', *, *, #5622, .T. ) ;
#916 = ORIENTED_EDGE ( 'NONE', *, *, #1702, .F. ) ;
#917 = CARTESIAN_POINT ( 'NONE',  ( 3.785686971802081136, 0.9064290159990536777, -2.599619713918829955 ) ) ;
#918 = ORIENTED_EDGE ( 'NONE', *, *, #1007, .F. ) ;
#919 = CARTESIAN_POINT ( 'NONE',  ( 2.614426117350637124, 0.8964290159990536688, -2.189869185693511966 ) ) ;
#920 = CARTESIAN_POINT ( 'NONE',  ( 2.363925208911413112, 0.8964290159990536688, -2.433370094563901631 ) ) ;
#921 = FACE_OUTER_BOUND ( 'NONE', #3920, .T. ) ;
#922 = CARTESIAN_POINT ( 'NONE',  ( 3.474999999999998757, 0.0000000000000000000, -1.649999999999999911 ) ) ;
#923 = EDGE_CURVE ( 'NONE', #5590, #1585, #4975, .T. ) ;
#924 = VERTEX_POINT ( 'NONE', #756 ) ;
#925 = VECTOR ( 'NONE', #2852, 1000.000000000000000 ) ;
#926 = CARTESIAN_POINT ( 'NONE',  ( 2.782198307808182225, 0.8964290159990534468, -1.835837096139945945 ) ) ;
#927 = PLANE ( 'NONE',  #5654 ) ;
#928 = DIRECTION ( 'NONE',  ( 1.000000000000000000, 0.0000000000000000000, 0.0000000000000000000 ) ) ;
#929 = DIRECTION ( 'NONE',  ( -0.0000000000000000000, 1.000000000000000000, -0.0000000000000000000 ) ) ;
#930 = ADVANCED_FACE ( 'NONE', ( #2888 ), #6632, .T. ) ;
#931 = CARTESIAN_POINT ( 'NONE',  ( 0.4335855181695676963, 0.9064290159990535667, -0.2448774935156212140 ) ) ;
#932 = VECTOR ( 'NONE', #290, 1000.000000000000000 ) ;
#933 = EDGE_CURVE ( 'NONE', #2236, #2863, #4107, .T. ) ;
#934 = FILL_AREA_STYLE ('',( #2610 ) ) ;
#935 = EDGE_LOOP ( 'NONE', ( #435, #2866, #5024, #4604 ) ) ;
#936 = DIRECTION ( 'NONE',  ( -0.0000000000000000000, -1.000000000000000000, -0.0000000000000000000 ) ) ;
#937 = FACE_OUTER_BOUND ( 'NONE', #4123, .T. ) ;
#938 = LINE ( 'NONE', #6777, #5820 ) ;
#939 = CARTESIAN_POINT ( 'NONE',  ( 4.876181596534986618, 0.9064290159990536777, -2.650819132989342908 ) ) ;
#940 = DIRECTION ( 'NONE',  ( 0.4804152582365242008, 0.0000000000000000000, -0.8770411504904052080 ) ) ;
#941 = ORIENTED_EDGE ( 'NONE', *, *, #4546, .F. ) ;
#942 = ORIENTED_EDGE ( 'NONE', *, *, #4223, .T. ) ;
#943 = CARTESIAN_POINT ( 'NONE',  ( 0.2518754841542416023, 0.9064290159990536777, -0.2538934260881456906 ) ) ;
#944 = CARTESIAN_POINT ( 'NONE',  ( 3.339329800327722531, 0.9064290159990536777, -2.328888210179513862 ) ) ;
#945 = ORIENTED_EDGE ( 'NONE', *, *, #1522, .F. ) ;
#946 = EDGE_CURVE ( 'NONE', #3106, #1233, #3647, .T. ) ;
#947 = DIRECTION ( 'NONE',  ( 1.000000000000000000, 0.0000000000000000000, 0.0000000000000000000 ) ) ;
#948 = ORIENTED_EDGE ( 'NONE', *, *, #4820, .T. ) ;
#949 = FACE_OUTER_BOUND ( 'NONE', #2596, .T. ) ;
#950 = ORIENTED_EDGE ( 'NONE', *, *, #3582, .F. ) ;
#951 = CARTESIAN_POINT ( 'NONE',  ( 2.631225207077379391, 0.9064290159990538998, -2.202984043551574178 ) ) ;
#952 = CARTESIAN_POINT ( 'NONE',  ( 3.290038434141824730, 0.9064290159990536777, -2.858054876846180203 ) ) ;
#953 = CARTESIAN_POINT ( 'NONE',  ( 2.363925208911413112, 0.9064290159990538998, -2.433370094563901631 ) ) ;
#954 = ORIENTED_EDGE ( 'NONE', *, *, #365, .T. ) ;
#955 = CARTESIAN_POINT ( 'NONE',  ( 2.390711564474808259, 0.9064290159990538998, -1.459468488195816871 ) ) ;
#956 = DIRECTION ( 'NONE',  ( -1.000000000000000000, 0.0000000000000000000, 0.0000000000000000000 ) ) ;
#957 = LINE ( 'NONE', #6767, #6108 ) ;
#958 = CARTESIAN_POINT ( 'NONE',  ( 2.298030339887187967, 0.9064290159990538998, -2.531582152752746229 ) ) ;
#959 = ADVANCED_FACE ( 'NONE', ( #2578 ), #2746, .T. ) ;
#960 = CARTESIAN_POINT ( 'NONE',  ( 5.518644203372593537, 0.8964290159990536688, -2.033419163673696684 ) ) ;
#961 = CARTESIAN_POINT ( 'NONE',  ( 0.4282260363345810061, 0.8964290159990536688, -2.550312174942152676 ) ) ;
#962 = VECTOR ( 'NONE', #6847, 1000.000000000000227 ) ;
#963 = EDGE_CURVE ( 'NONE', #6012, #6225, #1513, .T. ) ;
#964 = ORIENTED_EDGE ( 'NONE', *, *, #6083, .T. ) ;
#965 = EDGE_CURVE ( 'NONE', #684, #3854, #450, .T. ) ;
#966 = CARTESIAN_POINT ( 'NONE',  ( 3.459643134996525760, 0.8964290159990536688, -2.650819132989342908 ) ) ;
#967 = CARTESIAN_POINT ( 'NONE',  ( 2.363455556252150203, 0.9064290159990536777, -2.440878640135158761 ) ) ;
#968 = PRESENTATION_LAYER_ASSIGNMENT (  '', '', ( #5431 ) ) ;
#969 = LINE ( 'NONE', #5193, #4864 ) ;
#970 = DIRECTION ( 'NONE',  ( -0.0000000000000000000, 1.000000000000000000, -0.0000000000000000000 ) ) ;
#971 = VERTEX_POINT ( 'NONE', #2439 ) ;
#972 = EDGE_CURVE ( 'NONE', #3643, #3108, #5150, .T. ) ;
#973 = ORIENTED_EDGE ( 'NONE', *, *, #2287, .T. ) ;
#974 = DIRECTION ( 'NONE',  ( -0.8771175078130485359, 0.0000000000000000000, 0.4802758347947843065 ) ) ;
#975 = AXIS2_PLACEMENT_3D ( 'NONE', #5847, #4799, #1739 ) ;
#976 = ADVANCED_FACE ( 'NONE', ( #5183 ), #414, .F. ) ;
#977 = CARTESIAN_POINT ( 'NONE',  ( 0.2146122038050954361, 0.9064290159990534557, -0.3215273267002996538 ) ) ;
#978 = VECTOR ( 'NONE', #6064, 1000.000000000000000 ) ;
#979 = ORIENTED_EDGE ( 'NONE', *, *, #1520, .T. ) ;
#980 = CARTESIAN_POINT ( 'NONE',  ( 4.288119697496525440, 0.9064290159990536777, -2.328888210179513862 ) ) ;
#981 = ORIENTED_EDGE ( 'NONE', *, *, #3368, .F. ) ;
#982 = FACE_OUTER_BOUND ( 'NONE', #5137, .T. ) ;
#983 = EDGE_LOOP ( 'NONE', ( #5689, #1685, #83, #292 ) ) ;
#984 = CARTESIAN_POINT ( 'NONE',  ( 2.743801178508920469, 0.8964290159990536688, -2.363645101633097045 ) ) ;
#985 = CARTESIAN_POINT ( 'NONE',  ( 3.629247835851226345, 0.8964290159990536688, -2.858054876846180203 ) ) ;
#986 = AXIS2_PLACEMENT_3D ( 'NONE', #2651, #4186, #1639 ) ;
#987 = DIRECTION ( 'NONE',  ( 1.000000000000000000, 0.0000000000000000000, 0.0000000000000000000 ) ) ;
#988 = VERTEX_POINT ( 'NONE', #6838 ) ;
#989 = VECTOR ( 'NONE', #987, 1000.000000000000000 ) ;
#990 = CARTESIAN_POINT ( 'NONE',  ( 2.701972513788675201, 0.9064290159990535667, -1.626067923014578920 ) ) ;
#991 = CARTESIAN_POINT ( 'NONE',  ( 0.3479760344392396898, 0.8964290159990536688, -0.4802988874070792669 ) ) ;
#992 =( LENGTH_UNIT ( ) NAMED_UNIT ( * ) SI_UNIT ( .MILLI., .METRE. ) );
#993 = MECHANICAL_DESIGN_GEOMETRIC_PRESENTATION_REPRESENTATION (  '', ( #5337 ), #1545 ) ;
#994 = DIRECTION ( 'NONE',  ( -0.4802882638304222795, 0.0000000000000000000, -0.8771107020363840823 ) ) ;
#995 = CARTESIAN_POINT ( 'NONE',  ( 3.983382451235841781, 0.8964290159990536688, -2.858054876846180203 ) ) ;
#996 = VECTOR ( 'NONE', #2517, 1000.000000000000000 ) ;
#997 = AXIS2_PLACEMENT_3D ( 'NONE', #3728, #112, #2245 ) ;
#998 = DIRECTION ( 'NONE',  ( -1.000000000000000000, 0.0000000000000000000, 0.0000000000000000000 ) ) ;
#999 = VERTEX_POINT ( 'NONE', #1379 ) ;
#1000 = PLANE ( 'NONE',  #1709 ) ;
#1001 = VECTOR ( 'NONE', #1944, 1000.000000000000000 ) ;
#1002 = LINE ( 'NONE', #2553, #5343 ) ;
#1003 = ORIENTED_EDGE ( 'NONE', *, *, #3820, .T. ) ;
#1004 = PLANE ( 'NONE',  #699 ) ;
#1005 = DIRECTION ( 'NONE',  ( -0.2578433336118838293, 0.0000000000000000000, -0.9661867393583450925 ) ) ;
#1006 = CARTESIAN_POINT ( 'NONE',  ( 5.049999999999999822, -0.01000000000000000021, -3.699999999999999734 ) ) ;
#1007 = EDGE_CURVE ( 'NONE', #6190, #4823, #5708, .T. ) ;
#1008 = VERTEX_POINT ( 'NONE', #857 ) ;
#1009 = ADVANCED_FACE ( 'NONE', ( #4174 ), #1980, .T. ) ;
#1010 = DIRECTION ( 'NONE',  ( -0.2603341375417481118, 0.0000000000000000000, 0.9655185844044609222 ) ) ;
#1011 = EDGE_LOOP ( 'NONE', ( #2755, #3601, #2711, #3042 ) ) ;
#1012 = FILL_AREA_STYLE ('',( #1125 ) ) ;
#1013 = ORIENTED_EDGE ( 'NONE', *, *, #768, .F. ) ;
#1014 = DIRECTION ( 'NONE',  ( 0.0000000000000000000, 0.0000000000000000000, 1.000000000000000000 ) ) ;
#1015 = CARTESIAN_POINT ( 'NONE',  ( 4.408517834515755851, 0.9064290159990536777, -2.858054876846180203 ) ) ;
#1016 = CARTESIAN_POINT ( 'NONE',  ( 0.3876955813567795617, 0.8964290159990536688, -0.4751282429686292108 ) ) ;
#1017 = ORIENTED_EDGE ( 'NONE', *, *, #6202, .T. ) ;
#1018 = EDGE_CURVE ( 'NONE', #6335, #4804, #6308, .T. ) ;
#1019 = ORIENTED_EDGE ( 'NONE', *, *, #3928, .T. ) ;
#1020 = LINE ( 'NONE', #1586, #6705 ) ;
#1021 = VECTOR ( 'NONE', #3696, 1000.000000000000000 ) ;
#1022 = DIRECTION ( 'NONE',  ( -0.0000000000000000000, 0.0000000000000000000, 1.000000000000000000 ) ) ;
#1023 = FACE_OUTER_BOUND ( 'NONE', #5447, .T. ) ;
#1024 = DIRECTION ( 'NONE',  ( -0.0000000000000000000, -1.000000000000000000, -0.0000000000000000000 ) ) ;
#1025 = LINE ( 'NONE', #4830, #6127 ) ;
#1026 = VECTOR ( 'NONE', #6393, 1000.000000000000000 ) ;
#1027 = EDGE_CURVE ( 'NONE', #536, #6714, #4074, .T. ) ;
#1028 = ORIENTED_EDGE ( 'NONE', *, *, #1027, .F. ) ;
#1029 = CARTESIAN_POINT ( 'NONE',  ( 4.215868094932423205, 0.8964290159990536688, -1.504252497007030343 ) ) ;
#1030 = EDGE_CURVE ( 'NONE', #23, #693, #5672, .T. ) ;
#1031 = ORIENTED_EDGE ( 'NONE', *, *, #614, .F. ) ;
#1032 = DIRECTION ( 'NONE',  ( 0.0000000000000000000, 0.0000000000000000000, -1.000000000000000000 ) ) ;
#1033 = VECTOR ( 'NONE', #3202, 1000.000000000000000 ) ;
#1034 = CARTESIAN_POINT ( 'NONE',  ( 2.376743729422141627, 0.8964290159990538909, -1.869027982692299306 ) ) ;
#1035 = CARTESIAN_POINT ( 'NONE',  ( 5.045786297389687647, 0.9064290159990536777, -2.858054876846180203 ) ) ;
#1036 = CARTESIAN_POINT ( 'NONE',  ( 0.2999999999999999334, -0.01000000000000000021, -3.700000000000000178 ) ) ;
#1037 = EDGE_LOOP ( 'NONE', ( #6612, #5473, #4567, #3671 ) ) ;
#1038 = CARTESIAN_POINT ( 'NONE',  ( 3.459643134996525760, 0.8964290159990536688, -2.548420294848317447 ) ) ;
#1039 = FACE_OUTER_BOUND ( 'NONE', #3024, .T. ) ;
#1040 = CARTESIAN_POINT ( 'NONE',  ( 0.2125339656445195402, 0.8964290159990534468, -0.3435186283409524255 ) ) ;
#1041 = CARTESIAN_POINT ( 'NONE',  ( 2.370444474389556966, 0.8964290159990536688, -1.949895528722765725 ) ) ;
#1042 = CARTESIAN_POINT ( 'NONE',  ( 4.698435870039260109, 0.8964290159990536688, -2.328888210179513862 ) ) ;
#1043 = EDGE_CURVE ( 'NONE', #3106, #3497, #2744, .T. ) ;
#1044 = ORIENTED_EDGE ( 'NONE', *, *, #1353, .T. ) ;
#1045 = SURFACE_STYLE_USAGE ( .BOTH. , #5757 ) ;
#1046 = EDGE_LOOP ( 'NONE', ( #1618, #2194, #5973, #6516 ) ) ;
#1047 = CARTESIAN_POINT ( 'NONE',  ( 0.0000000000000000000, -0.01000000000000000021, 0.0000000000000000000 ) ) ;
#1048 = ORIENTED_EDGE ( 'NONE', *, *, #1834, .T. ) ;
#1049 = EDGE_CURVE ( 'NONE', #366, #6159, #5356, .T. ) ;
#1050 = DIRECTION ( 'NONE',  ( -1.000000000000000000, 0.0000000000000000000, 2.168404344971008868E-16 ) ) ;
#1051 = ADVANCED_FACE ( 'NONE', ( #3265 ), #3793, .T. ) ;
#1052 = CARTESIAN_POINT ( 'NONE',  ( 3.474999999999998757, 0.0000000000000000000, -0.3000000000000000444 ) ) ;
#1053 = CARTESIAN_POINT ( 'NONE',  ( 2.304193034037881116, 0.9064290159990537887, -2.010180642763575332 ) ) ;
#1054 = ORIENTED_EDGE ( 'NONE', *, *, #2831, .T. ) ;
#1055 = VERTEX_POINT ( 'NONE', #4310 ) ;
#1056 = CARTESIAN_POINT ( 'NONE',  ( 2.757924682609329547, 0.8964290159990534468, -1.974536038190526588 ) ) ;
#1057 = CARTESIAN_POINT ( 'NONE',  ( 1.574999999999999734, 0.0000000000000000000, -3.700000000000000178 ) ) ;
#1058 = FACE_OUTER_BOUND ( 'NONE', #5494, .T. ) ;
#1059 = FILL_AREA_STYLE_COLOUR ( '', #666 ) ;
#1060 = CARTESIAN_POINT ( 'NONE',  ( 2.748252008331904861, 0.8964290159990541129, -2.539251256499447607 ) ) ;
#1061 = EDGE_CURVE ( 'NONE', #1400, #4497, #3558, .T. ) ;
#1062 = CARTESIAN_POINT ( 'NONE',  ( 2.655533811584121828, 0.8964290159990537799, -2.226560939222583357 ) ) ;
#1063 = APPLICATION_PROTOCOL_DEFINITION ( 'draft international standard', 'automotive_design', 1998, #3811 ) ;
#1064 = EDGE_LOOP ( 'NONE', ( #5134, #5878, #1212, #5311 ) ) ;
#1065 = FACE_OUTER_BOUND ( 'NONE', #3357, .T. ) ;
#1066 = VERTEX_POINT ( 'NONE', #62 ) ;
#1067 = LINE ( 'NONE', #591, #1530 ) ;
#1068 = CARTESIAN_POINT ( 'NONE',  ( 2.175913017920536152, 0.8964290159990535578, -2.290332929970904541 ) ) ;
#1069 = CARTESIAN_POINT ( 'NONE',  ( 4.224999999999999645, 0.0000000000000000000, -2.499999999999999556 ) ) ;
#1070 = VECTOR ( 'NONE', #6151, 1000.000000000000000 ) ;
#1071 = CARTESIAN_POINT ( 'NONE',  ( 5.036966852945243822, 0.9064290159990536777, -2.033419163673696684 ) ) ;
#1072 = CARTESIAN_POINT ( 'NONE',  ( 2.340999622522533574, 0.8964290159990535578, -1.812402651810083754 ) ) ;
#1073 = ORIENTED_EDGE ( 'NONE', *, *, #5321, .T. ) ;
#1074 = DIRECTION ( 'NONE',  ( -0.4804152582365220359, 0.0000000000000000000, -0.8770411504904065403 ) ) ;
#1075 = LINE ( 'NONE', #5406, #1140 ) ;
#1076 = CARTESIAN_POINT ( 'NONE',  ( 0.2176907310085976210, 0.8964290159990537799, -0.3089286993237542744 ) ) ;
#1077 = DIRECTION ( 'NONE',  ( 0.0000000000000000000, 0.0000000000000000000, 1.000000000000000000 ) ) ;
#1078 = STYLED_ITEM ( 'NONE', ( #1816 ), #5413 ) ;
#1079 = CARTESIAN_POINT ( 'NONE',  ( 0.2220612359968823224, 0.9064290159990536777, -0.2968568087494984908 ) ) ;
#1080 = ORIENTED_EDGE ( 'NONE', *, *, #1363, .F. ) ;
#1081 = CARTESIAN_POINT ( 'NONE',  ( 0.4429814867116824151, 0.9064290159990537887, -0.4419711736560148485 ) ) ;
#1082 = VERTEX_POINT ( 'NONE', #3832 ) ;
#1083 = VECTOR ( 'NONE', #3949, 1000.000000000000000 ) ;
#1084 = LINE ( 'NONE', #6473, #3526 ) ;
#1085 = ORIENTED_EDGE ( 'NONE', *, *, #4145, .T. ) ;
#1086 = LINE ( 'NONE', #4743, #1534 ) ;
#1087 = CARTESIAN_POINT ( 'NONE',  ( 0.3876955813567795617, 0.9064290159990536777, -0.4751282429686292108 ) ) ;
#1088 = CARTESIAN_POINT ( 'NONE',  ( 2.252870193805232457, 0.9064290159990536777, -2.021766107465888140 ) ) ;
#1089 = VECTOR ( 'NONE', #5569, 1000.000000000000227 ) ;
#1090 = VERTEX_POINT ( 'NONE', #2230 ) ;
#1091 = VERTEX_POINT ( 'NONE', #1553 ) ;
#1092 = CARTESIAN_POINT ( 'NONE',  ( 2.309572505812466758, 0.9064290159990535667, -1.453287826326651766 ) ) ;
#1093 = AXIS2_PLACEMENT_3D ( 'NONE', #4194, #3053, #6331 ) ;
#1094 = CARTESIAN_POINT ( 'NONE',  ( 4.309998703906781969, 0.9064290159990536777, -2.033419163673696684 ) ) ;
#1095 = SURFACE_STYLE_FILL_AREA ( #3191 ) ;
#1096 = CARTESIAN_POINT ( 'NONE',  ( 3.636032023885414244, 0.9064290159990536777, -2.328888210179513862 ) ) ;
#1097 = CARTESIAN_POINT ( 'NONE',  ( 4.288119697496525440, 0.9064290159990536777, -2.328888210179513862 ) ) ;
#1098 = VECTOR ( 'NONE', #3951, 1000.000000000000000 ) ;
#1099 = EDGE_CURVE ( 'NONE', #4964, #6819, #4356, .T. ) ;
#1100 = EDGE_LOOP ( 'NONE', ( #1654, #1142, #1073, #3589 ) ) ;
#1101 = CARTESIAN_POINT ( 'NONE',  ( 0.0000000000000000000, 0.9064290159990536777, 0.0000000000000000000 ) ) ;
#1102 = AXIS2_PLACEMENT_3D ( 'NONE', #1081, #4778, #5632 ) ;
#1103 = EDGE_LOOP ( 'NONE', ( #2124, #3987, #2187, #6644, #3780, #6048, #4094, #3759, #734, #2816, #5727, #3738 ) ) ;
#1104 = CARTESIAN_POINT ( 'NONE',  ( 0.2749999999999992450, -0.01000000000000000021, -0.5500000000000001554 ) ) ;
#1105 = CARTESIAN_POINT ( 'NONE',  ( 2.323105214372245708, 0.8964290159990535578, -2.333035717551740884 ) ) ;
#1106 = VECTOR ( 'NONE', #4648, 1000.000000000000000 ) ;
#1107 = DIRECTION ( 'NONE',  ( 0.6167457907690584440, -0.0000000000000000000, 0.7871623908499749689 ) ) ;
#1108 = AXIS2_PLACEMENT_3D ( 'NONE', #2487, #735, #4986 ) ;
#1109 = CARTESIAN_POINT ( 'NONE',  ( 4.167912365765756633, 0.9064290159990536777, -2.548420294848317447 ) ) ;
#1110 = AXIS2_PLACEMENT_3D ( 'NONE', #6546, #2839, #4962 ) ;
#1111 = DIRECTION ( 'NONE',  ( -0.0000000000000000000, -1.000000000000000000, -0.0000000000000000000 ) ) ;
#1112 = B_SPLINE_CURVE_WITH_KNOTS ( 'NONE', 3,
 ( #94, #1588, #5839, #2669, #4860, #6482, #3190, #5913, #6373, #5314, #5424 ),
 .UNSPECIFIED., .F., .F.,
 ( 4, 1, 1, 1, 1, 1, 1, 1, 4 ),
 ( 0.0000000000000000000, 0.1015170763450493618, 0.2031399961452457770, 0.3098899409112724213, 0.4287492126762059708, 0.5557471139699683427, 0.6905023413649516995, 0.8373727517539384380, 1.000000000000000000 ),
 .UNSPECIFIED. ) ;
#1113 = ORIENTED_EDGE ( 'NONE', *, *, #5399, .T. ) ;
#1114 = CARTESIAN_POINT ( 'NONE',  ( 1.116030114348765423, 0.8964290159990536688, -2.289757013397629049 ) ) ;
#1115 = EDGE_CURVE ( 'NONE', #2734, #4406, #3716, .T. ) ;
#1116 = CARTESIAN_POINT ( 'NONE',  ( 4.698435870039260109, 0.9064290159990536777, -2.328888210179513862 ) ) ;
#1117 = STYLED_ITEM ( 'NONE', ( #4796 ), #5938 ) ;
#1118 = DIRECTION ( 'NONE',  ( -0.0000000000000000000, -1.000000000000000000, -0.0000000000000000000 ) ) ;
#1119 = LINE ( 'NONE', #3878, #485 ) ;
#1120 = CARTESIAN_POINT ( 'NONE',  ( 0.3342965044048955003, 0.9064290159990541218, -0.2156831287816836362 ) ) ;
#1121 = ORIENTED_EDGE ( 'NONE', *, *, #3151, .T. ) ;
#1122 = PRODUCT_DEFINITION ( 'UNKNOWN', '', #5756, #3956 ) ;
#1123 = CARTESIAN_POINT ( 'NONE',  ( 3.825000000000000622, 0.0000000000000000000, -3.699999999999999734 ) ) ;
#1124 = ORIENTED_EDGE ( 'NONE', *, *, #6646, .T. ) ;
#1125 = FILL_AREA_STYLE_COLOUR ( '', #5981 ) ;
#1126 = ORIENTED_EDGE ( 'NONE', *, *, #4041, .F. ) ;
#1127 = CARTESIAN_POINT ( 'NONE',  ( 2.359867328214653170, 0.9064290159990536777, -2.394566745818370368 ) ) ;
#1128 = LINE ( 'NONE', #1052, #5502 ) ;
#1129 = DIRECTION ( 'NONE',  ( 0.2607351442216253590, 0.0000000000000000000, -0.9654103710690744578 ) ) ;
#1130 = ORIENTED_EDGE ( 'NONE', *, *, #2700, .T. ) ;
#1131 = ORIENTED_EDGE ( 'NONE', *, *, #6823, .T. ) ;
#1132 = DIRECTION ( 'NONE',  ( 0.0000000000000000000, 0.0000000000000000000, -1.000000000000000000 ) ) ;
#1133 = SURFACE_SIDE_STYLE ('',( #3789 ) ) ;
#1134 = DIRECTION ( 'NONE',  ( 0.0000000000000000000, -0.0000000000000000000, 1.000000000000000000 ) ) ;
#1135 = CARTESIAN_POINT ( 'NONE',  ( 4.572249972603362522, 0.9064290159990536777, -1.645342407530534734 ) ) ;
#1136 = CARTESIAN_POINT ( 'NONE',  ( 4.224999999999999645, -0.01000000000000000021, -2.499999999999999556 ) ) ;
#1137 = ADVANCED_FACE ( 'NONE', ( #1664 ), #3684, .T. ) ;
#1138 = VECTOR ( 'NONE', #2184, 1000.000000000000000 ) ;
#1139 = ORIENTED_EDGE ( 'NONE', *, *, #2102, .F. ) ;
#1140 = VECTOR ( 'NONE', #4259, 1000.000000000000000 ) ;
#1141 =( LENGTH_UNIT ( ) NAMED_UNIT ( * ) SI_UNIT ( .MILLI., .METRE. ) );
#1142 = ORIENTED_EDGE ( 'NONE', *, *, #3186, .F. ) ;
#1143 = DIRECTION ( 'NONE',  ( -0.4802882638304245555, 0.0000000000000000000, 0.8771107020363828610 ) ) ;
#1144 = CARTESIAN_POINT ( 'NONE',  ( 4.139821587186697016, 0.9064290159990536777, -2.599619713918829955 ) ) ;
#1145 = EDGE_CURVE ( 'NONE', #6189, #4219, #5317, .T. ) ;
#1146 = LINE ( 'NONE', #4364, #3267 ) ;
#1147 = ADVANCED_FACE ( 'NONE', ( #5281 ), #3159, .F. ) ;
#1148 = VECTOR ( 'NONE', #2348, 1000.000000000000000 ) ;
#1149 = LINE ( 'NONE', #1109, #529 ) ;
#1150 =( NAMED_UNIT ( * ) PLANE_ANGLE_UNIT ( ) SI_UNIT ( $, .RADIAN. ) );
#1151 = ORIENTED_EDGE ( 'NONE', *, *, #4169, .T. ) ;
#1152 = LINE ( 'NONE', #4327, #3119 ) ;
#1153 = CARTESIAN_POINT ( 'NONE',  ( 4.706576895680285588, 0.9064290159990536777, -2.858054876846180203 ) ) ;
#1154 = LINE ( 'NONE', #6882, #1781 ) ;
#1155 = DIRECTION ( 'NONE',  ( 0.0000000000000000000, 0.0000000000000000000, -1.000000000000000000 ) ) ;
#1156 = CARTESIAN_POINT ( 'NONE',  ( 0.4529462474079806178, 0.9064290159990537887, -0.2637892935852448884 ) ) ;
#1157 = VECTOR ( 'NONE', #4060, 1000.000000000000000 ) ;
#1158 = ORIENTED_EDGE ( 'NONE', *, *, #6009, .F. ) ;
#1159 = FACE_OUTER_BOUND ( 'NONE', #3564, .T. ) ;
#1160 = VERTEX_POINT ( 'NONE', #4244 ) ;
#1161 = CARTESIAN_POINT ( 'NONE',  ( 5.471154887133277356, 0.9064290159990536777, -1.504252497007030343 ) ) ;
#1162 = VERTEX_POINT ( 'NONE', #28 ) ;
#1163 = CARTESIAN_POINT ( 'NONE',  ( 2.755314496048444362, 0.9064290159990536777, -2.456181138667573816 ) ) ;
#1164 = FACE_BOUND ( 'NONE', #1779, .T. ) ;
#1165 = CARTESIAN_POINT ( 'NONE',  ( 0.4228913916715143495, 0.8964290159990535578, -0.4585680033953340451 ) ) ;
#1166 = EDGE_CURVE ( 'NONE', #4160, #5155, #2158, .T. ) ;
#1167 = ORIENTED_EDGE ( 'NONE', *, *, #3796, .T. ) ;
#1168 = ORIENTED_EDGE ( 'NONE', *, *, #2195, .F. ) ;
#1169 = CARTESIAN_POINT ( 'NONE',  ( 2.781523500779968572, 0.9064290159990536777, -1.865806904119101217 ) ) ;
#1170 = PLANE ( 'NONE',  #5664 ) ;
#1171 = CARTESIAN_POINT ( 'NONE',  ( 2.265420598961604526, 0.8964290159990538909, -2.303888762167747739 ) ) ;
#1172 = DIRECTION ( 'NONE',  ( 0.4804152582365220914, 0.0000000000000000000, -0.8770411504904065403 ) ) ;
#1173 = LINE ( 'NONE', #5427, #5565 ) ;
#1174 = VERTEX_POINT ( 'NONE', #1624 ) ;
#1175 = DIRECTION ( 'NONE',  ( 0.4804152582365220914, 0.0000000000000000000, 0.8770411504904065403 ) ) ;
#1176 = ORIENTED_EDGE ( 'NONE', *, *, #174, .T. ) ;
#1177 = LINE ( 'NONE', #5922, #5879 ) ;
#1178 = DIRECTION ( 'NONE',  ( -0.0000000000000000000, -1.000000000000000000, -0.0000000000000000000 ) ) ;
#1179 = EDGE_CURVE ( 'NONE', #6828, #2030, #5875, .T. ) ;
#1180 = VERTEX_POINT ( 'NONE', #6625 ) ;
#1181 = CARTESIAN_POINT ( 'NONE',  ( 2.281207721436609770, 0.9064290159990535667, -1.786499018153332674 ) ) ;
#1182 = ADVANCED_FACE ( 'NONE', ( #6655 ), #2296, .F. ) ;
#1183 = CARTESIAN_POINT ( 'NONE',  ( 4.733162432539260500, 0.8964290159990536688, -2.033419163673696684 ) ) ;
#1184 = EDGE_CURVE ( 'NONE', #2561, #1360, #6592, .T. ) ;
#1185 = DIRECTION ( 'NONE',  ( -1.000000000000000000, 0.0000000000000000000, -0.0000000000000000000 ) ) ;
#1186 = ORIENTED_EDGE ( 'NONE', *, *, #5843, .T. ) ;
#1187 = LINE ( 'NONE', #2202, #3346 ) ;
#1188 = DIRECTION ( 'NONE',  ( 0.2787515866171259016, 0.0000000000000000000, -0.9603632401120082429 ) ) ;
#1189 = DIRECTION ( 'NONE',  ( 0.3688942629807152596, 0.0000000000000000000, -0.9294713673588417269 ) ) ;
#1190 = CARTESIAN_POINT ( 'NONE',  ( 0.2619509183151308429, 0.9064290159990538998, -0.4506697278936671602 ) ) ;
#1191 = VECTOR ( 'NONE', #5902, 1000.000000000000000 ) ;
#1192 = ORIENTED_EDGE ( 'NONE', *, *, #51, .T. ) ;
#1193 = EDGE_CURVE ( 'NONE', #244, #2063, #1870, .T. ) ;
#1194 = CARTESIAN_POINT ( 'NONE',  ( 4.468685102143961529, 0.9064290159990536777, -2.033419163673696684 ) ) ;
#1195 = EDGE_LOOP ( 'NONE', ( #2070, #1369, #3014, #3880 ) ) ;
#1196 = EDGE_CURVE ( 'NONE', #155, #5293, #4967, .T. ) ;
#1197 = VERTEX_POINT ( 'NONE', #195 ) ;
#1198 = CARTESIAN_POINT ( 'NONE',  ( 2.644029855700690046, 0.9064290159990536777, -2.214302437575279559 ) ) ;
#1199 = CARTESIAN_POINT ( 'NONE',  ( 2.299999999999999822, 0.0000000000000000000, -2.425000000000001155 ) ) ;
#1200 = FILL_AREA_STYLE_COLOUR ( '', #1439 ) ;
#1201 = VECTOR ( 'NONE', #1712, 1000.000000000000000 ) ;
#1202 =( GEOMETRIC_REPRESENTATION_CONTEXT ( 3 ) GLOBAL_UNCERTAINTY_ASSIGNED_CONTEXT ( ( #4989 ) ) GLOBAL_UNIT_ASSIGNED_CONTEXT ( ( #2117, #5771, #1589 ) ) REPRESENTATION_CONTEXT ( 'NONE', 'WORKASPACE' ) );
#1203 = VERTEX_POINT ( 'NONE', #3403 ) ;
#1204 = ORIENTED_EDGE ( 'NONE', *, *, #6718, .F. ) ;
#1205 = CARTESIAN_POINT ( 'NONE',  ( 0.3876955813567795617, 0.9064290159990536777, -0.4751282429686292108 ) ) ;
#1206 = LINE ( 'NONE', #5461, #4658 ) ;
#1207 = CARTESIAN_POINT ( 'NONE',  ( 2.349738959383913084, 0.8964290159990537799, -2.370430385869748857 ) ) ;
#1208 = EDGE_CURVE ( 'NONE', #4392, #684, #6097, .T. ) ;
#1209 = FACE_OUTER_BOUND ( 'NONE', #4577, .T. ) ;
#1210 = AXIS2_PLACEMENT_3D ( 'NONE', #3942, #3442, #2337 ) ;
#1211 = LINE ( 'NONE', #786, #2782 ) ;
#1212 = ORIENTED_EDGE ( 'NONE', *, *, #3723, .T. ) ;
#1213 = FACE_OUTER_BOUND ( 'NONE', #1721, .T. ) ;
#1214 = VERTEX_POINT ( 'NONE', #3936 ) ;
#1215 = DIRECTION ( 'NONE',  ( 0.0000000000000000000, 0.0000000000000000000, -1.000000000000000000 ) ) ;
#1216 = DIRECTION ( 'NONE',  ( -1.000000000000000000, 0.0000000000000000000, 0.0000000000000000000 ) ) ;
#1217 = CARTESIAN_POINT ( 'NONE',  ( 2.767108114356040982, 0.9064290159990538998, -1.949415735770812397 ) ) ;
#1218 = PRESENTATION_LAYER_ASSIGNMENT (  '', '', ( #6573 ) ) ;
#1219 = B_SPLINE_CURVE_WITH_KNOTS ( 'NONE', 3,
 ( #5877, #586, #2881, #1342, #5037, #690, #6656, #2297, #2846, #6626, #5465, #269, #302, #166, #1871 ),
 .UNSPECIFIED., .F., .F.,
 ( 4, 1, 1, 1, 1, 1, 1, 1, 1, 1, 1, 1, 4 ),
 ( 0.0000000000000000000, 0.1046034082679827421, 0.2145115315724319127, 0.3316919673939476843, 0.4557434077626730806, 0.5200308860970269675, 0.5842901427240486667, 0.6490772883699974516, 0.7151458860839164933, 0.7825911865829715541, 0.8523255075812791182, 0.9250395303005755077, 0.9999999999999998890 ),
 .UNSPECIFIED. ) ;
#1220 = VECTOR ( 'NONE', #1503, 1000.000000000000000 ) ;
#1221 = CARTESIAN_POINT ( 'NONE',  ( 2.307278059588227404, 0.9064290159990538998, -2.862997201718850526 ) ) ;
#1222 = CARTESIAN_POINT ( 'NONE',  ( 5.722169844398234950, 0.9064290159990536777, -1.558526001280534645 ) ) ;
#1223 = ORIENTED_EDGE ( 'NONE', *, *, #3001, .T. ) ;
#1224 = VECTOR ( 'NONE', #5564, 1000.000000000000000 ) ;
#1225 = CARTESIAN_POINT ( 'NONE',  ( 2.544344722874751330, 0.9064290159990541218, -2.792675475066805468 ) ) ;
#1226 = CARTESIAN_POINT ( 'NONE',  ( 3.431552356417465699, 0.9064290159990536777, -2.599619713918829955 ) ) ;
#1227 = DIRECTION ( 'NONE',  ( 0.0000000000000000000, 0.0000000000000000000, 1.000000000000000000 ) ) ;
#1228 = CARTESIAN_POINT ( 'NONE',  ( 0.3479760344392396898, 0.9064290159990536777, -0.2153136262670329870 ) ) ;
#1229 = VECTOR ( 'NONE', #6354, 1000.000000000000000 ) ;
#1230 = ORIENTED_EDGE ( 'NONE', *, *, #6721, .F. ) ;
#1231 = DIRECTION ( 'NONE',  ( 1.000000000000000000, 0.0000000000000000000, 0.0000000000000000000 ) ) ;
#1232 = ORIENTED_EDGE ( 'NONE', *, *, #2821, .F. ) ;
#1233 = VERTEX_POINT ( 'NONE', #5001 ) ;
#1234 = CARTESIAN_POINT ( 'NONE',  ( 0.0000000000000000000, -0.01000000000000000021, 0.0000000000000000000 ) ) ;
#1235 = ADVANCED_FACE ( 'NONE', ( #1209 ), #3863, .F. ) ;
#1236 = FACE_BOUND ( 'NONE', #3050, .T. ) ;
#1237 = EDGE_CURVE ( 'NONE', #6053, #541, #4510, .T. ) ;
#1238 = VECTOR ( 'NONE', #229, 1000.000000000000000 ) ;
#1239 = SURFACE_STYLE_FILL_AREA ( #6020 ) ;
#1240 = ORIENTED_EDGE ( 'NONE', *, *, #174, .F. ) ;
#1241 = ORIENTED_EDGE ( 'NONE', *, *, #2433, .F. ) ;
#1242 = CARTESIAN_POINT ( 'NONE',  ( 0.3748753590688813087, 0.8964290159990535578, -0.4780626689146624808 ) ) ;
#1243 = DIRECTION ( 'NONE',  ( 0.8771107020363828610, -0.0000000000000000000, 0.4802882638304245555 ) ) ;
#1244 = CARTESIAN_POINT ( 'NONE',  ( 3.644173049526439723, 0.8964290159990536688, -2.858054876846180203 ) ) ;
#1245 = FILL_AREA_STYLE_COLOUR ( '', #5382 ) ;
#1246 = FACE_OUTER_BOUND ( 'NONE', #2749, .T. ) ;
#1247 = ORIENTED_EDGE ( 'NONE', *, *, #3462, .F. ) ;
#1248 = LINE ( 'NONE', #3441, #5467 ) ;
#1249 = ORIENTED_EDGE ( 'NONE', *, *, #5556, .T. ) ;
#1250 = DIRECTION ( 'NONE',  ( 0.4802882638304223351, 0.0000000000000000000, -0.8771107020363840823 ) ) ;
#1251 = CARTESIAN_POINT ( 'NONE',  ( 3.346113988361909986, 0.9064290159990536777, -2.858054876846180203 ) ) ;
#1252 = ORIENTED_EDGE ( 'NONE', *, *, #4212, .T. ) ;
#1253 = DIRECTION ( 'NONE',  ( 0.3698797865436000420, 0.0000000000000000000, -0.9290796217259642553 ) ) ;
#1254 = EDGE_CURVE ( 'NONE', #5293, #4228, #1341, .T. ) ;
#1255 = CARTESIAN_POINT ( 'NONE',  ( 2.493869501057486282, 0.9064290159990534557, -2.815378005588977217 ) ) ;
#1256 = FILL_AREA_STYLE ('',( #6041 ) ) ;
#1257 = ORIENTED_EDGE ( 'NONE', *, *, #2497, .T. ) ;
#1258 = DIRECTION ( 'NONE',  ( -0.5213313868808859830, 0.0000000000000000000, -0.8533543139006516398 ) ) ;
#1259 = VECTOR ( 'NONE', #3176, 1000.000000000000227 ) ;
#1260 = CARTESIAN_POINT ( 'NONE',  ( 0.8216232979579064510, 0.9064290159990536777, -1.194194365643492128 ) ) ;
#1261 = DIRECTION ( 'NONE',  ( 0.0000000000000000000, -0.0000000000000000000, 1.000000000000000000 ) ) ;
#1262 = CARTESIAN_POINT ( 'NONE',  ( 0.2277772049626180517, 0.8964290159990535578, -0.4102709329366120428 ) ) ;
#1263 = VECTOR ( 'NONE', #6600, 1000.000000000000227 ) ;
#1264 = ORIENTED_EDGE ( 'NONE', *, *, #6869, .T. ) ;
#1265 = CARTESIAN_POINT ( 'NONE',  ( 4.904272375114047122, 0.8964290159990536688, -2.599619713918829955 ) ) ;
#1266 = ORIENTED_EDGE ( 'NONE', *, *, #5779, .F. ) ;
#1267 = ORIENTED_EDGE ( 'NONE', *, *, #4251, .F. ) ;
#1268 = FILL_AREA_STYLE_COLOUR ( '', #4994 ) ;
#1269 = EDGE_CURVE ( 'NONE', #711, #2461, #2981, .T. ) ;
#1270 = AXIS2_PLACEMENT_3D ( 'NONE', #86, #3640, #2601 ) ;
#1271 = DIRECTION ( 'NONE',  ( 1.000000000000000000, 0.0000000000000000000, 0.0000000000000000000 ) ) ;
#1272 = SURFACE_SIDE_STYLE ('',( #1239 ) ) ;
#1273 = ORIENTED_EDGE ( 'NONE', *, *, #2925, .F. ) ;
#1274 = ORIENTED_EDGE ( 'NONE', *, *, #5073, .F. ) ;
#1275 = EDGE_CURVE ( 'NONE', #609, #4409, #5104, .T. ) ;
#1276 = CARTESIAN_POINT ( 'NONE',  ( 0.4436565924557854257, 0.9064290159990537887, -0.4415840157076394434 ) ) ;
#1277 = CARTESIAN_POINT ( 'NONE',  ( 4.337517066620457662, 0.9064290159990536777, -2.858054876846180203 ) ) ;
#1278 = CARTESIAN_POINT ( 'NONE',  ( 2.140555577311728630, 0.8964290159990536688, -2.289757013397629049 ) ) ;
#1279 = CARTESIAN_POINT ( 'NONE',  ( 4.904272375114047122, 0.9064290159990536777, -2.599619713918829955 ) ) ;
#1280 = EDGE_LOOP ( 'NONE', ( #6360, #4873, #1257, #4795 ) ) ;
#1281 = CARTESIAN_POINT ( 'NONE',  ( 0.3479760344392396898, 0.8964290159990536688, -0.4802988874070792669 ) ) ;
#1282 = LINE ( 'NONE', #6700, #3765 ) ;
#1283 = EDGE_CURVE ( 'NONE', #5414, #5468, #342, .T. ) ;
#1284 = DIRECTION ( 'NONE',  ( -0.0000000000000000000, 1.000000000000000000, -0.0000000000000000000 ) ) ;
#1285 = PLANE ( 'NONE',  #6389 ) ;
#1286 = ORIENTED_EDGE ( 'NONE', *, *, #3381, .T. ) ;
#1287 = PLANE ( 'NONE',  #2090 ) ;
#1288 = DIRECTION ( 'NONE',  ( 1.000000000000000000, 0.0000000000000000000, 0.0000000000000000000 ) ) ;
#1289 = CARTESIAN_POINT ( 'NONE',  ( 4.352442280295671040, 0.9064290159990536777, -2.858054876846180203 ) ) ;
#1290 = FACE_OUTER_BOUND ( 'NONE', #6092, .T. ) ;
#1291 = ADVANCED_FACE ( 'NONE', ( #5630 ), #6165, .T. ) ;
#1292 = DIRECTION ( 'NONE',  ( 0.0000000000000000000, 0.0000000000000000000, 1.000000000000000000 ) ) ;
#1293 = ORIENTED_EDGE ( 'NONE', *, *, #131, .T. ) ;
#1294 = CARTESIAN_POINT ( 'NONE',  ( 0.3342964178782228402, 0.9064290159990536777, -0.4799295305651871679 ) ) ;
#1295 = VERTEX_POINT ( 'NONE', #4580 ) ;
#1296 = ORIENTED_EDGE ( 'NONE', *, *, #5411, .F. ) ;
#1297 = CARTESIAN_POINT ( 'NONE',  ( 2.655533811584121828, 0.9064290159990537887, -2.226560939222583357 ) ) ;
#1298 = FACE_BOUND ( 'NONE', #3439, .T. ) ;
#1299 = ORIENTED_EDGE ( 'NONE', *, *, #1989, .F. ) ;
#1300 = VECTOR ( 'NONE', #4052, 1000.000000000000000 ) ;
#1301 = VERTEX_POINT ( 'NONE', #3467 ) ;
#1302 = CARTESIAN_POINT ( 'NONE',  ( 0.3525472326105589804, 0.9064290159990535667, -0.4801721209394653189 ) ) ;
#1303 = LINE ( 'NONE', #4999, #2772 ) ;
#1304 = CARTESIAN_POINT ( 'NONE',  ( 3.790266298725157856, 0.9064290159990536777, -2.033419163673696684 ) ) ;
#1305 =( NAMED_UNIT ( * ) SI_UNIT ( $, .STERADIAN. ) SOLID_ANGLE_UNIT ( ) );
#1306 = LINE ( 'NONE', #3373, #2667 ) ;
#1307 = VECTOR ( 'NONE', #6339, 1000.000000000000114 ) ;
#1308 = ORIENTED_EDGE ( 'NONE', *, *, #3572, .T. ) ;
#1309 = CARTESIAN_POINT ( 'NONE',  ( 4.728286297389687753, 0.8964290159990536688, -1.908971714421560328 ) ) ;
#1310 = AXIS2_PLACEMENT_3D ( 'NONE', #5188, #3034, #4661 ) ;
#1311 = LINE ( 'NONE', #1877, #1089 ) ;
#1312 = CARTESIAN_POINT ( 'NONE',  ( 3.347810035370457182, 0.8964290159990536688, -2.033419163673696684 ) ) ;
#1313 = DIRECTION ( 'NONE',  ( 0.9309629599170097247, 0.0000000000000000000, -0.3651136360950658633 ) ) ;
#1314 = EDGE_CURVE ( 'NONE', #2385, #4120, #886, .T. ) ;
#1315 = EDGE_CURVE ( 'NONE', #1008, #2617, #1907, .T. ) ;
#1316 = STYLED_ITEM ( 'NONE', ( #6055 ), #4428 ) ;
#1317 = ORIENTED_EDGE ( 'NONE', *, *, #1193, .T. ) ;
#1318 = CARTESIAN_POINT ( 'NONE',  ( 2.701972513788675201, 0.8964290159990535578, -1.626067923014578920 ) ) ;
#1319 = CARTESIAN_POINT ( 'NONE',  ( 2.437190336051772377, 0.9064290159990538998, -2.835226689906507946 ) ) ;
#1320 = AXIS2_PLACEMENT_3D ( 'NONE', #2088, #3690, #4762 ) ;
#1321 = FACE_OUTER_BOUND ( 'NONE', #3326, .T. ) ;
#1322 = DIRECTION ( 'NONE',  ( 1.000000000000000000, 0.0000000000000000000, 0.0000000000000000000 ) ) ;
#1323 = CARTESIAN_POINT ( 'NONE',  ( 4.567161831577721820, 0.8964290159990536688, -1.504252497007030343 ) ) ;
#1324 = VERTEX_POINT ( 'NONE', #5177 ) ;
#1325 = EDGE_CURVE ( 'NONE', #5980, #2911, #3612, .T. ) ;
#1326 = CARTESIAN_POINT ( 'NONE',  ( 0.2125343059820616332, 0.9064290159990535667, -0.3524830608923865682 ) ) ;
#1327 = ORIENTED_EDGE ( 'NONE', *, *, #946, .T. ) ;
#1328 = ORIENTED_EDGE ( 'NONE', *, *, #5917, .F. ) ;
#1329 = VECTOR ( 'NONE', #5717, 1000.000000000000000 ) ;
#1330 = DIRECTION ( 'NONE',  ( -1.000000000000000000, 0.0000000000000000000, 0.0000000000000000000 ) ) ;
#1331 = DIRECTION ( 'NONE',  ( 1.000000000000000000, 0.0000000000000000000, -0.0000000000000000000 ) ) ;
#1332 = EDGE_CURVE ( 'NONE', #623, #4155, #3537, .T. ) ;
#1333 = AXIS2_PLACEMENT_3D ( 'NONE', #1826, #3954, #2132 ) ;
#1334 = ORIENTED_EDGE ( 'NONE', *, *, #6447, .T. ) ;
#1335 = ADVANCED_FACE ( 'NONE', ( #3021 ), #1372, .T. ) ;
#1336 = VERTEX_POINT ( 'NONE', #5597 ) ;
#1337 = CARTESIAN_POINT ( 'NONE',  ( 0.4736412675942175410, 0.9064290159990535667, -0.3988667319415062362 ) ) ;
#1338 = PRESENTATION_STYLE_ASSIGNMENT (( #3263 ) ) ;
#1339 = DIRECTION ( 'NONE',  ( -1.000000000000000000, 0.0000000000000000000, 0.0000000000000000000 ) ) ;
#1340 = VECTOR ( 'NONE', #1811, 1000.000000000000227 ) ;
#1341 = LINE ( 'NONE', #6692, #1829 ) ;
#1342 = CARTESIAN_POINT ( 'NONE',  ( 2.655397905823754012, 0.8964290159990534468, -2.114647574380104533 ) ) ;
#1343 = ORIENTED_EDGE ( 'NONE', *, *, #1759, .T. ) ;
#1344 = CARTESIAN_POINT ( 'NONE',  ( 2.140555577311728630, 0.8964290159990536688, -2.289757013397629049 ) ) ;
#1345 = DIRECTION ( 'NONE',  ( -1.000000000000000000, 0.0000000000000000000, 0.0000000000000000000 ) ) ;
#1346 = LINE ( 'NONE', #6240, #4435 ) ;
#1347 = LINE ( 'NONE', #5011, #41 ) ;
#1348 = EDGE_CURVE ( 'NONE', #1865, #5625, #5143, .T. ) ;
#1349 = CARTESIAN_POINT ( 'NONE',  ( 2.656587918091526834, 0.8964290159990533358, -2.707019726877697874 ) ) ;
#1350 = ADVANCED_FACE ( 'NONE', ( #4684 ), #4542, .F. ) ;
#1351 = ORIENTED_EDGE ( 'NONE', *, *, #5064, .T. ) ;
#1352 = FACE_OUTER_BOUND ( 'NONE', #4927, .T. ) ;
#1353 = EDGE_CURVE ( 'NONE', #4198, #1499, #3500, .T. ) ;
#1354 = CARTESIAN_POINT ( 'NONE',  ( 6.174999999999998934, -0.01000000000000000021, -1.635000000000000231 ) ) ;
#1355 = CARTESIAN_POINT ( 'NONE',  ( 4.337517066620457662, 0.9064290159990536777, -2.858054876846180203 ) ) ;
#1356 = CARTESIAN_POINT ( 'NONE',  ( 0.9813928507553847380, 0.9064290159990536777, -1.773775728921664019 ) ) ;
#1357 = CARTESIAN_POINT ( 'NONE',  ( 3.881958840124730692, 0.9064290159990536777, -1.504252497007030343 ) ) ;
#1358 = ORIENTED_EDGE ( 'NONE', *, *, #6830, .F. ) ;
#1359 = CARTESIAN_POINT ( 'NONE',  ( 3.000000000000000000, -0.01000000000000000021, -2.425000000000001155 ) ) ;
#1360 = VERTEX_POINT ( 'NONE', #4647 ) ;
#1361 = VERTEX_POINT ( 'NONE', #2569 ) ;
#1362 = CARTESIAN_POINT ( 'NONE',  ( 3.290038434141824730, 0.9064290159990536777, -2.858054876846180203 ) ) ;
#1363 = EDGE_CURVE ( 'NONE', #3638, #924, #375, .T. ) ;
#1364 = CARTESIAN_POINT ( 'NONE',  ( 3.000000000000000000, 0.0000000000000000000, -3.700000000000000178 ) ) ;
#1365 = VECTOR ( 'NONE', #2830, 999.9999999999998863 ) ;
#1366 = ORIENTED_EDGE ( 'NONE', *, *, #6743, .F. ) ;
#1367 = EDGE_LOOP ( 'NONE', ( #2179, #4248, #6748, #3397 ) ) ;
#1368 = PLANE ( 'NONE',  #6032 ) ;
#1369 = ORIENTED_EDGE ( 'NONE', *, *, #4508, .F. ) ;
#1370 = DIRECTION ( 'NONE',  ( -0.0000000000000000000, 1.000000000000000000, -0.0000000000000000000 ) ) ;
#1371 = LINE ( 'NONE', #3536, #150 ) ;
#1372 = PLANE ( 'NONE',  #4152 ) ;
#1373 = DIRECTION ( 'NONE',  ( -0.0000000000000000000, -1.000000000000000000, -0.0000000000000000000 ) ) ;
#1374 = FILL_AREA_STYLE ('',( #1536 ) ) ;
#1375 = ORIENTED_EDGE ( 'NONE', *, *, #3298, .T. ) ;
#1376 = CARTESIAN_POINT ( 'NONE',  ( 2.639449971784237903, 0.8964290159990534468, -1.566701558078149592 ) ) ;
#1377 = DIRECTION ( 'NONE',  ( -0.0000000000000000000, -1.000000000000000000, -0.0000000000000000000 ) ) ;
#1378 = DIRECTION ( 'NONE',  ( 0.0000000000000000000, 0.0000000000000000000, -1.000000000000000000 ) ) ;
#1379 = CARTESIAN_POINT ( 'NONE',  ( 3.486885890071312222, 0.8964290159990536688, -1.806042861590363646 ) ) ;
#1380 = CARTESIAN_POINT ( 'NONE',  ( 0.3999819281260835191, 0.9064290159990537887, -0.2247490116503495783 ) ) ;
#1381 = DIRECTION ( 'NONE',  ( -0.0000000000000000000, -1.000000000000000000, -0.0000000000000000000 ) ) ;
#1382 = EDGE_LOOP ( 'NONE', ( #1933, #5518, #979, #846 ) ) ;
#1383 = LINE ( 'NONE', #5540, #4753 ) ;
#1384 = DIRECTION ( 'NONE',  ( -1.000000000000000000, 0.0000000000000000000, 0.0000000000000000000 ) ) ;
#1385 = DIRECTION ( 'NONE',  ( -0.0000000000000000000, -1.000000000000000000, -0.0000000000000000000 ) ) ;
#1386 = FACE_OUTER_BOUND ( 'NONE', #4164, .T. ) ;
#1387 = EDGE_CURVE ( 'NONE', #1857, #23, #6762, .T. ) ;
#1388 = CARTESIAN_POINT ( 'NONE',  ( 3.486885890071312222, 0.9064290159990536777, -1.806042861590363646 ) ) ;
#1389 = ORIENTED_EDGE ( 'NONE', *, *, #1018, .F. ) ;
#1390 = LINE ( 'NONE', #5090, #6583 ) ;
#1391 = ORIENTED_EDGE ( 'NONE', *, *, #3594, .F. ) ;
#1392 = ORIENTED_EDGE ( 'NONE', *, *, #1657, .F. ) ;
#1393 = CARTESIAN_POINT ( 'NONE',  ( 4.358548049526440593, 0.9064290159990536777, -2.033419163673696684 ) ) ;
#1394 = CARTESIAN_POINT ( 'NONE',  ( 4.419605741834132573, 0.9064290159990536777, -2.033419163673696684 ) ) ;
#1395 = ADVANCED_FACE ( 'NONE', ( #921 ), #2534, .T. ) ;
#1396 = ADVANCED_FACE ( 'NONE', ( #54 ), #2736, .T. ) ;
#1397 = ORIENTED_EDGE ( 'NONE', *, *, #4407, .T. ) ;
#1398 = ORIENTED_EDGE ( 'NONE', *, *, #5132, .T. ) ;
#1399 = LINE ( 'NONE', #437, #6322 ) ;
#1400 = VERTEX_POINT ( 'NONE', #2219 ) ;
#1401 = DIRECTION ( 'NONE',  ( 1.000000000000000000, 0.0000000000000000000, -0.0000000000000000000 ) ) ;
#1402 = CARTESIAN_POINT ( 'NONE',  ( 2.317919481605289711, 0.8964290159990536688, -2.003578745244291248 ) ) ;
#1403 = DIRECTION ( 'NONE',  ( -0.4802882638304235008, 0.0000000000000000000, -0.8771107020363836382 ) ) ;
#1404 = CARTESIAN_POINT ( 'NONE',  ( 0.2176907310085976210, 0.8964290159990537799, -0.3089286993237542744 ) ) ;
#1405 = AXIS2_PLACEMENT_3D ( 'NONE', #5626, #6192, #6264 ) ;
#1406 = VERTEX_POINT ( 'NONE', #4819 ) ;
#1407 = DIRECTION ( 'NONE',  ( 0.0000000000000000000, 0.0000000000000000000, -1.000000000000000000 ) ) ;
#1408 = EDGE_CURVE ( 'NONE', #2066, #356, #6301, .T. ) ;
#1409 = PLANE ( 'NONE',  #4988 ) ;
#1410 = LINE ( 'NONE', #5737, #3318 ) ;
#1411 = DIRECTION ( 'NONE',  ( -0.0000000000000000000, -1.000000000000000000, -0.0000000000000000000 ) ) ;
#1412 = CARTESIAN_POINT ( 'NONE',  ( 3.790266298725157856, 0.8964290159990536688, -2.033419163673696684 ) ) ;
#1413 = EDGE_CURVE ( 'NONE', #5909, #2943, #4786, .T. ) ;
#1414 = CARTESIAN_POINT ( 'NONE',  ( 2.754240625958228605, 0.9064290159990534557, -2.504102766076714115 ) ) ;
#1415 =( LENGTH_UNIT ( ) NAMED_UNIT ( * ) SI_UNIT ( .MILLI., .METRE. ) );
#1416 = ORIENTED_EDGE ( 'NONE', *, *, #1314, .T. ) ;
#1417 = CARTESIAN_POINT ( 'NONE',  ( 2.299999999999999822, 0.0000000000000000000, -3.700000000000000178 ) ) ;
#1418 = CARTESIAN_POINT ( 'NONE',  ( 6.200000000000000178, 0.0000000000000000000, -3.700000000000000178 ) ) ;
#1419 = LINE ( 'NONE', #1591, #555 ) ;
#1420 = FACE_OUTER_BOUND ( 'NONE', #3049, .T. ) ;
#1421 = VECTOR ( 'NONE', #1598, 1000.000000000000114 ) ;
#1422 = LINE ( 'NONE', #6779, #4311 ) ;
#1423 = ORIENTED_EDGE ( 'NONE', *, *, #143, .T. ) ;
#1424 = CARTESIAN_POINT ( 'NONE',  ( 4.345658092261483141, 0.9064290159990536777, -2.328888210179513862 ) ) ;
#1425 = MECHANICAL_DESIGN_GEOMETRIC_PRESENTATION_REPRESENTATION (  '', ( #2554 ), #6796 ) ;
#1426 = VERTEX_POINT ( 'NONE', #985 ) ;
#1427 = VECTOR ( 'NONE', #4300, 1000.000000000000000 ) ;
#1428 = EDGE_LOOP ( 'NONE', ( #2096, #3679, #5795, #6678 ) ) ;
#1429 = LINE ( 'NONE', #875, #442 ) ;
#1430 = LINE ( 'NONE', #3568, #5049 ) ;
#1431 = ADVANCED_FACE ( 'NONE', ( #5801 ), #4854, .T. ) ;
#1432 = VECTOR ( 'NONE', #2411, 1000.000000000000000 ) ;
#1433 = EDGE_LOOP ( 'NONE', ( #1204, #3810, #8, #5558 ) ) ;
#1434 = STYLED_ITEM ( 'NONE', ( #3752 ), #4984 ) ;
#1435 = ORIENTED_EDGE ( 'NONE', *, *, #573, .F. ) ;
#1436 = DIRECTION ( 'NONE',  ( 0.8770197613181063279, 0.0000000000000000000, -0.4804543040264409592 ) ) ;
#1437 = ORIENTED_EDGE ( 'NONE', *, *, #486, .F. ) ;
#1438 = ADVANCED_FACE ( 'NONE', ( #503 ), #3121, .T. ) ;
#1439 = COLOUR_RGB ( '',0.7529411764705882248, 0.7529411764705882248, 0.7529411764705882248 ) ;
#1440 = CARTESIAN_POINT ( 'NONE',  ( 2.631225207077379391, 0.8964290159990538909, -2.202984043551574178 ) ) ;
#1441 = ADVANCED_FACE ( 'NONE', ( #4302 ), #1581, .T. ) ;
#1442 = CARTESIAN_POINT ( 'NONE',  ( 2.370444474389556966, 0.9064290159990537887, -1.949895528722765725 ) ) ;
#1443 = CARTESIAN_POINT ( 'NONE',  ( 3.983382451235841781, 0.8964290159990536688, -2.858054876846180203 ) ) ;
#1444 = ADVANCED_FACE ( 'NONE', ( #2627 ), #5275, .T. ) ;
#1445 = VECTOR ( 'NONE', #4182, 1000.000000000000000 ) ;
#1446 = LINE ( 'NONE', #3579, #3004 ) ;
#1447 =( GEOMETRIC_REPRESENTATION_CONTEXT ( 3 ) GLOBAL_UNCERTAINTY_ASSIGNED_CONTEXT ( ( #124 ) ) GLOBAL_UNIT_ASSIGNED_CONTEXT ( ( #224, #5979, #2806 ) ) REPRESENTATION_CONTEXT ( 'NONE', 'WORKASPACE' ) );
#1448 = VERTEX_POINT ( 'NONE', #6891 ) ;
#1449 = CARTESIAN_POINT ( 'NONE',  ( 2.437057617979557556, 0.9064290159990536777, -1.468336109875482576 ) ) ;
#1450 =( GEOMETRIC_REPRESENTATION_CONTEXT ( 3 ) GLOBAL_UNCERTAINTY_ASSIGNED_CONTEXT ( ( #3523 ) ) GLOBAL_UNIT_ASSIGNED_CONTEXT ( ( #1141, #6490, #2785 ) ) REPRESENTATION_CONTEXT ( 'NONE', 'WORKASPACE' ) );
#1451 = LINE ( 'NONE', #3157, #4534 ) ;
#1452 = LINE ( 'NONE', #5182, #5652 ) ;
#1453 = CARTESIAN_POINT ( 'NONE',  ( 2.298030339887187967, 0.8964290159990536688, -2.531582152752746229 ) ) ;
#1454 = EDGE_CURVE ( 'NONE', #623, #4833, #1540, .T. ) ;
#1455 = CARTESIAN_POINT ( 'NONE',  ( 0.3748756902409048353, 0.8964290159990538909, -0.2175492870892843100 ) ) ;
#1456 = CARTESIAN_POINT ( 'NONE',  ( 0.4335855181695676963, 0.8964290159990535578, -0.2448774935156212140 ) ) ;
#1457 = EDGE_LOOP ( 'NONE', ( #6281, #6853, #6427, #1223 ) ) ;
#1458 = CARTESIAN_POINT ( 'NONE',  ( 2.299999999999999822, -0.01000000000000000021, -2.425000000000001155 ) ) ;
#1459 = DIRECTION ( 'NONE',  ( 1.000000000000000000, 0.0000000000000000000, 3.097720492815726673E-16 ) ) ;
#1460 = DIRECTION ( 'NONE',  ( -1.000000000000000000, 0.0000000000000000000, 0.0000000000000000000 ) ) ;
#1461 = CARTESIAN_POINT ( 'NONE',  ( 2.363925208911413112, 0.9064290159990538998, -2.433370094563901631 ) ) ;
#1462 = DIRECTION ( 'NONE',  ( -0.4804152582365220359, 0.0000000000000000000, 0.8770411504904065403 ) ) ;
#1463 = LINE ( 'NONE', #4670, #3676 ) ;
#1464 = VERTEX_POINT ( 'NONE', #6403 ) ;
#1465 = ORIENTED_EDGE ( 'NONE', *, *, #297, .F. ) ;
#1466 = CARTESIAN_POINT ( 'NONE',  ( 0.2726998865956994367, 0.8964290159990536688, -0.2369556141005717820 ) ) ;
#1467 = DIRECTION ( 'NONE',  ( -0.0000000000000000000, -1.000000000000000000, -0.0000000000000000000 ) ) ;
#1468 = VECTOR ( 'NONE', #3960, 1000.000000000000000 ) ;
#1469 = EDGE_LOOP ( 'NONE', ( #607, #811, #2984, #4539 ) ) ;
#1470 = ORIENTED_EDGE ( 'NONE', *, *, #1489, .T. ) ;
#1471 = CARTESIAN_POINT ( 'NONE',  ( 3.487733913575585820, 0.9064290159990536777, -2.599619713918829955 ) ) ;
#1472 = ADVANCED_FACE ( 'NONE', ( #6860 ), #1615, .T. ) ;
#1473 = ORIENTED_EDGE ( 'NONE', *, *, #640, .T. ) ;
#1474 = CARTESIAN_POINT ( 'NONE',  ( 5.518644203372593537, 0.9064290159990536777, -1.558526001280534645 ) ) ;
#1475 = CARTESIAN_POINT ( 'NONE',  ( 2.358317437290941232, 0.9064290159990535667, -1.970017310208723504 ) ) ;
#1476 = VECTOR ( 'NONE', #1339, 1000.000000000000000 ) ;
#1477 = DIRECTION ( 'NONE',  ( -0.8770411504904059852, 0.0000000000000000000, -0.4804152582365231461 ) ) ;
#1478 = CARTESIAN_POINT ( 'NONE',  ( 0.2839923754436705083, 0.8964290159990536688, -0.2303083670334490907 ) ) ;
#1479 = EDGE_CURVE ( 'NONE', #4155, #4183, #3782, .T. ) ;
#1480 = EDGE_CURVE ( 'NONE', #4373, #1082, #1128, .T. ) ;
#1481 = VERTEX_POINT ( 'NONE', #3708 ) ;
#1482 = AXIS2_PLACEMENT_3D ( 'NONE', #240, #5604, #3944 ) ;
#1483 = CARTESIAN_POINT ( 'NONE',  ( 3.927306897015756082, 0.9064290159990536777, -2.858054876846180203 ) ) ;
#1484 = LINE ( 'NONE', #6275, #2435 ) ;
#1485 = DIRECTION ( 'NONE',  ( -0.0000000000000000000, -1.000000000000000000, -0.0000000000000000000 ) ) ;
#1486 = CARTESIAN_POINT ( 'NONE',  ( 4.224999999999999645, 0.0000000000000000000, -2.499999999999999556 ) ) ;
#1487 = CARTESIAN_POINT ( 'NONE',  ( 0.4810665966880517952, 0.9064290159990533446, -0.3215061833250432155 ) ) ;
#1488 = VECTOR ( 'NONE', #4615, 1000.000000000000000 ) ;
#1489 = EDGE_CURVE ( 'NONE', #6628, #999, #3183, .T. ) ;
#1490 = CARTESIAN_POINT ( 'NONE',  ( 0.3748756902409048353, 0.8964290159990538909, -0.2175492870892843100 ) ) ;
#1491 = VERTEX_POINT ( 'NONE', #2662 ) ;
#1492 = DIRECTION ( 'NONE',  ( -0.2647344081641661573, 0.0000000000000000000, 0.9643213640348162752 ) ) ;
#1493 = LINE ( 'NONE', #1919, #5662 ) ;
#1494 = CARTESIAN_POINT ( 'NONE',  ( 2.187104429756416835, 0.9064290159990537887, -1.774081781360716814 ) ) ;
#1495 = CARTESIAN_POINT ( 'NONE',  ( 2.755527307020159800, 0.9064290159990536777, -2.468760460994161576 ) ) ;
#1496 = CARTESIAN_POINT ( 'NONE',  ( 0.4282260363345810061, 0.9064290159990536777, -2.871133540190379030 ) ) ;
#1497 = ORIENTED_EDGE ( 'NONE', *, *, #1196, .T. ) ;
#1498 = EDGE_CURVE ( 'NONE', #2276, #1893, #4785, .T. ) ;
#1499 = VERTEX_POINT ( 'NONE', #2258 ) ;
#1500 = CARTESIAN_POINT ( 'NONE',  ( 0.3080740719591939514, 0.8964290159990540019, -0.2204629872658384615 ) ) ;
#1501 = CARTESIAN_POINT ( 'NONE',  ( 0.2726998865956994367, 0.9064290159990536777, -0.2369556141005717820 ) ) ;
#1502 = ORIENTED_EDGE ( 'NONE', *, *, #2853, .F. ) ;
#1503 = DIRECTION ( 'NONE',  ( -0.0000000000000000000, -1.000000000000000000, -0.0000000000000000000 ) ) ;
#1504 = VERTEX_POINT ( 'NONE', #5452 ) ;
#1505 = FACE_OUTER_BOUND ( 'NONE', #4230, .T. ) ;
#1506 = ORIENTED_EDGE ( 'NONE', *, *, #3031, .F. ) ;
#1507 = DIRECTION ( 'NONE',  ( 0.0000000000000000000, 0.0000000000000000000, 1.000000000000000000 ) ) ;
#1508 = CARTESIAN_POINT ( 'NONE',  ( 3.339329800327722531, 0.9064290159990536777, -2.328888210179513862 ) ) ;
#1509 = CARTESIAN_POINT ( 'NONE',  ( 0.3433691364284752190, 0.8964290159990540019, -0.2154380647817657757 ) ) ;
#1510 = ORIENTED_EDGE ( 'NONE', *, *, #600, .T. ) ;
#1511 = CARTESIAN_POINT ( 'NONE',  ( 2.773917209884121604, 0.9064290159990535667, -1.761100376580655658 ) ) ;
#1512 = LINE ( 'NONE', #3645, #5550 ) ;
#1513 = LINE ( 'NONE', #309, #4940 ) ;
#1514 = CARTESIAN_POINT ( 'NONE',  ( 0.4828319768705268689, 0.9064290159990540108, -0.3346271895049544587 ) ) ;
#1515 = CARTESIAN_POINT ( 'NONE',  ( 0.3876943767318052347, 0.8964290159990534468, -0.2204862992083796158 ) ) ;
#1516 = VECTOR ( 'NONE', #5055, 1000.000000000000000 ) ;
#1517 = ORIENTED_EDGE ( 'NONE', *, *, #4047, .T. ) ;
#1518 = LINE ( 'NONE', #4208, #323 ) ;
#1519 = CARTESIAN_POINT ( 'NONE',  ( 3.431552356417465699, 0.9064290159990536777, -2.599619713918829955 ) ) ;
#1520 = EDGE_CURVE ( 'NONE', #3448, #4467, #6476, .T. ) ;
#1521 = DIRECTION ( 'NONE',  ( -0.0000000000000000000, -1.000000000000000000, -0.0000000000000000000 ) ) ;
#1522 = EDGE_CURVE ( 'NONE', #5529, #6668, #2909, .T. ) ;
#1523 = VECTOR ( 'NONE', #3844, 1000.000000000000000 ) ;
#1524 = VECTOR ( 'NONE', #1284, 1000.000000000000000 ) ;
#1525 = DIRECTION ( 'NONE',  ( 1.000000000000000000, 0.0000000000000000000, 0.0000000000000000000 ) ) ;
#1526 = FACE_OUTER_BOUND ( 'NONE', #6886, .T. ) ;
#1527 = VERTEX_POINT ( 'NONE', #1199 ) ;
#1528 = EDGE_LOOP ( 'NONE', ( #1230, #6035, #617, #5666 ) ) ;
#1529 = LINE ( 'NONE', #3732, #5667 ) ;
#1530 = VECTOR ( 'NONE', #5432, 1000.000000000000000 ) ;
#1531 = CARTESIAN_POINT ( 'NONE',  ( 0.3209388616259928884, 0.9064290159990533446, -0.2175651065129461104 ) ) ;
#1532 = ADVANCED_FACE ( 'NONE', ( #6089 ), #682, .F. ) ;
#1533 = EDGE_CURVE ( 'NONE', #3137, #3798, #5977, .T. ) ;
#1534 = VECTOR ( 'NONE', #2735, 1000.000000000000000 ) ;
#1535 = VERTEX_POINT ( 'NONE', #4379 ) ;
#1536 = FILL_AREA_STYLE_COLOUR ( '', #6693 ) ;
#1537 = ORIENTED_EDGE ( 'NONE', *, *, #2133, .T. ) ;
#1538 = ORIENTED_EDGE ( 'NONE', *, *, #5454, .F. ) ;
#1539 = FACE_OUTER_BOUND ( 'NONE', #6480, .T. ) ;
#1540 = LINE ( 'NONE', #2108, #1138 ) ;
#1541 = VECTOR ( 'NONE', #3175, 1000.000000000000000 ) ;
#1542 = ADVANCED_FACE ( 'NONE', ( #186, #5419, #128, #3328, #1164, #4342, #3926, #4929, #777, #6056, #2357, #3823, #260 ), #6581, .F. ) ;
#1543 = CARTESIAN_POINT ( 'NONE',  ( 3.339329800327722531, 0.9064290159990536777, -2.328888210179513862 ) ) ;
#1544 = ADVANCED_FACE ( 'NONE', ( #4411, #648, #6544, #1298, #1801, #1236, #1760, #3362, #5553 ), #5490, .T. ) ;
#1545 =( GEOMETRIC_REPRESENTATION_CONTEXT ( 3 ) GLOBAL_UNCERTAINTY_ASSIGNED_CONTEXT ( ( #2969 ) ) GLOBAL_UNIT_ASSIGNED_CONTEXT ( ( #3737, #6296, #5301 ) ) REPRESENTATION_CONTEXT ( 'NONE', 'WORKASPACE' ) );
#1546 = ORIENTED_EDGE ( 'NONE', *, *, #3582, .T. ) ;
#1547 = ORIENTED_EDGE ( 'NONE', *, *, #5363, .F. ) ;
#1548 = VECTOR ( 'NONE', #4312, 1000.000000000000000 ) ;
#1549 = CARTESIAN_POINT ( 'NONE',  ( 3.700248603746525422, 0.8964290159990536688, -2.858054876846180203 ) ) ;
#1550 = CARTESIAN_POINT ( 'NONE',  ( 0.5249999999999992450, -0.01000000000000000021, -0.3000000000000001554 ) ) ;
#1551 = LINE ( 'NONE', #5807, #1642 ) ;
#1552 = VECTOR ( 'NONE', #70, 1000.000000000000000 ) ;
#1553 = CARTESIAN_POINT ( 'NONE',  ( 3.459643134996525760, 0.9064290159990536777, -2.548420294848317447 ) ) ;
#1554 = PLANE ( 'NONE',  #114 ) ;
#1555 = VECTOR ( 'NONE', #5512, 1000.000000000000114 ) ;
#1556 = AXIS2_PLACEMENT_3D ( 'NONE', #5748, #3658, #3041 ) ;
#1557 = ORIENTED_EDGE ( 'NONE', *, *, #5132, .F. ) ;
#1558 = FACE_OUTER_BOUND ( 'NONE', #370, .T. ) ;
#1559 = ORIENTED_EDGE ( 'NONE', *, *, #2177, .F. ) ;
#1560 = DIRECTION ( 'NONE',  ( 1.000000000000000000, 0.0000000000000000000, 0.0000000000000000000 ) ) ;
#1561 = LINE ( 'NONE', #1707, #6231 ) ;
#1562 = EDGE_CURVE ( 'NONE', #541, #3195, #4961, .T. ) ;
#1563 = CARTESIAN_POINT ( 'NONE',  ( 2.372318613846141400, 0.9064290159990535667, -1.856976728061989101 ) ) ;
#1564 = COLOUR_RGB ( '',1.000000000000000000, 1.000000000000000000, 1.000000000000000000 ) ;
#1565 = ADVANCED_FACE ( 'NONE', ( #3395 ), #4472, .T. ) ;
#1566 = LINE ( 'NONE', #1035, #4426 ) ;
#1567 = EDGE_CURVE ( 'NONE', #1849, #3826, #914, .T. ) ;
#1568 = FILL_AREA_STYLE ('',( #3071 ) ) ;
#1569 = ORIENTED_EDGE ( 'NONE', *, *, #3959, .T. ) ;
#1570 = FACE_OUTER_BOUND ( 'NONE', #2491, .T. ) ;
#1571 = VERTEX_POINT ( 'NONE', #2527 ) ;
#1572 = LINE ( 'NONE', #636, #4885 ) ;
#1573 = LINE ( 'NONE', #3734, #6461 ) ;
#1574 = ORIENTED_EDGE ( 'NONE', *, *, #3925, .F. ) ;
#1575 = LINE ( 'NONE', #6398, #3223 ) ;
#1576 = VERTEX_POINT ( 'NONE', #6683 ) ;
#1577 = ADVANCED_FACE ( 'NONE', ( #4639 ), #6261, .T. ) ;
#1578 = LINE ( 'NONE', #1161, #1191 ) ;
#1579 = ORIENTED_EDGE ( 'NONE', *, *, #2674, .T. ) ;
#1580 = CARTESIAN_POINT ( 'NONE',  ( 2.175913017920536152, 0.9064290159990535667, -2.290332929970904541 ) ) ;
#1581 = PLANE ( 'NONE',  #3841 ) ;
#1582 = LINE ( 'NONE', #1652, #6582 ) ;
#1583 = VECTOR ( 'NONE', #3934, 1000.000000000000114 ) ;
#1584 = ORIENTED_EDGE ( 'NONE', *, *, #295, .F. ) ;
#1585 = VERTEX_POINT ( 'NONE', #1930 ) ;
#1586 = CARTESIAN_POINT ( 'NONE',  ( 1.053968747130483052, 0.9064290159990536777, -2.023816361309370926 ) ) ;
#1587 = VECTOR ( 'NONE', #360, 1000.000000000000000 ) ;
#1588 = CARTESIAN_POINT ( 'NONE',  ( 2.363455556252150203, 0.8964290159990536688, -2.440878640135158761 ) ) ;
#1589 =( NAMED_UNIT ( * ) SI_UNIT ( $, .STERADIAN. ) SOLID_ANGLE_UNIT ( ) );
#1590 = EDGE_CURVE ( 'NONE', #6506, #3886, #4502, .T. ) ;
#1591 = CARTESIAN_POINT ( 'NONE',  ( 4.884322622176012985, 0.8964290159990536688, -1.647992480981389285 ) ) ;
#1592 = CARTESIAN_POINT ( 'NONE',  ( 2.754240625958228605, 0.8964290159990534468, -2.504102766076714115 ) ) ;
#1593 = DIRECTION ( 'NONE',  ( 1.000000000000000000, 0.0000000000000000000, 0.0000000000000000000 ) ) ;
#1594 =( NAMED_UNIT ( * ) SI_UNIT ( $, .STERADIAN. ) SOLID_ANGLE_UNIT ( ) );
#1595 = VERTEX_POINT ( 'NONE', #4025 ) ;
#1596 = LINE ( 'NONE', #554, #4129 ) ;
#1597 = ORIENTED_EDGE ( 'NONE', *, *, #420, .F. ) ;
#1598 = DIRECTION ( 'NONE',  ( -0.3698797865436000420, 0.0000000000000000000, 0.9290796217259642553 ) ) ;
#1599 = CARTESIAN_POINT ( 'NONE',  ( 2.342622250877778090, 0.8964290159990534468, -2.358766880304392188 ) ) ;
#1600 = CARTESIAN_POINT ( 'NONE',  ( 2.281207721436609770, 0.8964290159990535578, -1.786499018153332674 ) ) ;
#1601 = SURFACE_STYLE_FILL_AREA ( #5747 ) ;
#1602 = CARTESIAN_POINT ( 'NONE',  ( 2.304997170085237190, 0.8964290159990533358, -1.793689468512026375 ) ) ;
#1603 = VERTEX_POINT ( 'NONE', #6157 ) ;
#1604 = CARTESIAN_POINT ( 'NONE',  ( 0.3479760344392396898, 0.9064290159990536777, -0.2153136262670329870 ) ) ;
#1605 = CARTESIAN_POINT ( 'NONE',  ( 2.202616944530010556, 0.9064290159990536777, -2.550312174942152676 ) ) ;
#1606 = LINE ( 'NONE', #3139, #1887 ) ;
#1607 = PLANE ( 'NONE',  #2929 ) ;
#1608 = LINE ( 'NONE', #638, #4556 ) ;
#1609 = ORIENTED_EDGE ( 'NONE', *, *, #3453, .F. ) ;
#1610 = PRESENTATION_STYLE_ASSIGNMENT (( #1045 ) ) ;
#1611 = ORIENTED_EDGE ( 'NONE', *, *, #5766, .T. ) ;
#1612 = DIRECTION ( 'NONE',  ( -0.8770197613181063279, 0.0000000000000000000, -0.4804543040264409592 ) ) ;
#1613 = VERTEX_POINT ( 'NONE', #841 ) ;
#1614 = DIRECTION ( 'NONE',  ( 0.7071067811865474617, 0.0000000000000000000, 0.7071067811865475727 ) ) ;
#1615 = PLANE ( 'NONE',  #3385 ) ;
#1616 = ADVANCED_FACE ( 'NONE', ( #4573 ), #5653, .T. ) ;
#1617 = FACE_OUTER_BOUND ( 'NONE', #327, .T. ) ;
#1618 = ORIENTED_EDGE ( 'NONE', *, *, #2218, .F. ) ;
#1619 = ORIENTED_EDGE ( 'NONE', *, *, #3850, .T. ) ;
#1620 = CARTESIAN_POINT ( 'NONE',  ( 2.481346009911820527, 0.9064290159990535667, -1.481067670026958938 ) ) ;
#1621 = DIRECTION ( 'NONE',  ( -0.4802882638304245555, 0.0000000000000000000, -0.8771107020363828610 ) ) ;
#1622 = CARTESIAN_POINT ( 'NONE',  ( 2.755527307020159800, 0.9064290159990536777, -2.468760460994161576 ) ) ;
#1623 = CARTESIAN_POINT ( 'NONE',  ( 3.785686971802081136, 0.8964290159990536688, -2.599619713918829955 ) ) ;
#1624 = CARTESIAN_POINT ( 'NONE',  ( 3.629247835851226345, 0.9064290159990536777, -2.858054876846180203 ) ) ;
#1625 = LINE ( 'NONE', #1701, #3446 ) ;
#1626 = EDGE_CURVE ( 'NONE', #1951, #1055, #5063, .T. ) ;
#1627 = ORIENTED_EDGE ( 'NONE', *, *, #4068, .T. ) ;
#1628 = FILL_AREA_STYLE_COLOUR ( '', #2249 ) ;
#1629 = ORIENTED_EDGE ( 'NONE', *, *, #6615, .F. ) ;
#1630 = DIRECTION ( 'NONE',  ( -1.000000000000000000, 0.0000000000000000000, -1.301042606982605074E-16 ) ) ;
#1631 = DIRECTION ( 'NONE',  ( -0.4804543040264409592, 0.0000000000000000000, -0.8770197613181063279 ) ) ;
#1632 = ADVANCED_FACE ( 'NONE', ( #368 ), #2493, .T. ) ;
#1633 = AXIS2_PLACEMENT_3D ( 'NONE', #252, #5545, #1292 ) ;
#1634 = DIRECTION ( 'NONE',  ( -0.0000000000000000000, -1.000000000000000000, -0.0000000000000000000 ) ) ;
#1635 = CARTESIAN_POINT ( 'NONE',  ( 3.790266298725157856, 0.9064290159990536777, -2.033419163673696684 ) ) ;
#1636 = ORIENTED_EDGE ( 'NONE', *, *, #833, .F. ) ;
#1637 = CARTESIAN_POINT ( 'NONE',  ( 3.510524545252935891, 0.9064290159990536777, -1.504252497007030343 ) ) ;
#1638 = DIRECTION ( 'NONE',  ( -0.9654103710690745688, 0.0000000000000000000, -0.2607351442216254145 ) ) ;
#1639 = DIRECTION ( 'NONE',  ( 0.0000000000000000000, 0.0000000000000000000, -1.000000000000000000 ) ) ;
#1640 = LINE ( 'NONE', #5969, #3599 ) ;
#1641 = CARTESIAN_POINT ( 'NONE',  ( 4.167912365765756633, 0.8964290159990536688, -2.650819132989342908 ) ) ;
#1642 = VECTOR ( 'NONE', #60, 1000.000000000000000 ) ;
#1643 = EDGE_LOOP ( 'NONE', ( #5201, #1168, #3144, #2126 ) ) ;
#1644 = LINE ( 'NONE', #676, #6466 ) ;
#1645 = ORIENTED_EDGE ( 'NONE', *, *, #780, .T. ) ;
#1646 = VECTOR ( 'NONE', #1630, 1000.000000000000000 ) ;
#1647 = CARTESIAN_POINT ( 'NONE',  ( 3.474999999999998757, 0.0000000000000000000, -1.649999999999999911 ) ) ;
#1648 = VERTEX_POINT ( 'NONE', #6786 ) ;
#1649 = DIRECTION ( 'NONE',  ( -1.000000000000000000, 0.0000000000000000000, 0.0000000000000000000 ) ) ;
#1650 = EDGE_CURVE ( 'NONE', #4062, #1571, #2973, .T. ) ;
#1651 = CARTESIAN_POINT ( 'NONE',  ( 3.459643134996525760, 0.9064290159990536777, -2.548420294848317447 ) ) ;
#1652 = CARTESIAN_POINT ( 'NONE',  ( 5.471154887133277356, 0.9064290159990536777, -1.504252497007030343 ) ) ;
#1653 = AXIS2_PLACEMENT_3D ( 'NONE', #446, #2576, #6306 ) ;
#1654 = ORIENTED_EDGE ( 'NONE', *, *, #6002, .F. ) ;
#1655 = ADVANCED_FACE ( 'NONE', ( #5095 ), #5200, .T. ) ;
#1656 = VERTEX_POINT ( 'NONE', #2458 ) ;
#1657 = EDGE_CURVE ( 'NONE', #208, #4061, #3047, .T. ) ;
#1658 = CARTESIAN_POINT ( 'NONE',  ( 2.292888024120238732, 0.9064290159990536777, -1.452954363673436777 ) ) ;
#1659 = VECTOR ( 'NONE', #3272, 1000.000000000000227 ) ;
#1660 = AXIS2_PLACEMENT_3D ( 'NONE', #3297, #6518, #3861 ) ;
#1661 = DIRECTION ( 'NONE',  ( 0.4802758347947869710, 0.0000000000000000000, 0.8771175078130469815 ) ) ;
#1662 = CARTESIAN_POINT ( 'NONE',  ( 2.211336310172248520, 0.9064290159990536777, -2.023816361309370926 ) ) ;
#1663 = DIRECTION ( 'NONE',  ( -0.9294713673588417269, 0.0000000000000000000, -0.3688942629807152040 ) ) ;
#1664 = FACE_OUTER_BOUND ( 'NONE', #5804, .T. ) ;
#1665 = DIRECTION ( 'NONE',  ( -1.000000000000000000, 0.0000000000000000000, 0.0000000000000000000 ) ) ;
#1666 = VECTOR ( 'NONE', #5026, 1000.000000000000000 ) ;
#1667 = ORIENTED_EDGE ( 'NONE', *, *, #2364, .F. ) ;
#1668 = VECTOR ( 'NONE', #6854, 1000.000000000000114 ) ;
#1669 = ORIENTED_EDGE ( 'NONE', *, *, #6311, .F. ) ;
#1670 = PLANE ( 'NONE',  #98 ) ;
#1671 = ADVANCED_FACE ( 'NONE', ( #2392 ), #6647, .T. ) ;
#1672 = PRESENTATION_STYLE_ASSIGNMENT (( #5884 ) ) ;
#1673 = VECTOR ( 'NONE', #4205, 1000.000000000000227 ) ;
#1674 = CARTESIAN_POINT ( 'NONE',  ( 2.376743729422141627, 0.9064290159990538998, -1.869027982692299306 ) ) ;
#1675 = VECTOR ( 'NONE', #940, 1000.000000000000114 ) ;
#1676 = CARTESIAN_POINT ( 'NONE',  ( 0.4832289281461383257, 0.9064290159990536777, -0.3480185847706619429 ) ) ;
#1677 = CARTESIAN_POINT ( 'NONE',  ( 2.352295778143825178, 0.8964290159990535578, -1.824648727464255771 ) ) ;
#1678 = ORIENTED_EDGE ( 'NONE', *, *, #6721, .T. ) ;
#1679 = FACE_OUTER_BOUND ( 'NONE', #5649, .T. ) ;
#1680 = LINE ( 'NONE', #635, #4043 ) ;
#1681 = CARTESIAN_POINT ( 'NONE',  ( 3.000000000000000000, -0.01000000000000000021, -3.700000000000000178 ) ) ;
#1682 = CARTESIAN_POINT ( 'NONE',  ( 3.283254246107636831, 0.9064290159990536777, -2.328888210179513862 ) ) ;
#1683 = EDGE_CURVE ( 'NONE', #6820, #2857, #6717, .T. ) ;
#1684 = CARTESIAN_POINT ( 'NONE',  ( 0.4830955718191712878, 0.9064290159990536777, -0.3435197271140196240 ) ) ;
#1685 = ORIENTED_EDGE ( 'NONE', *, *, #6880, .F. ) ;
#1686 = DIRECTION ( 'NONE',  ( -0.0000000000000000000, -1.000000000000000000, -0.0000000000000000000 ) ) ;
#1687 = ORIENTED_EDGE ( 'NONE', *, *, #5493, .F. ) ;
#1688 = FACE_OUTER_BOUND ( 'NONE', #6641, .T. ) ;
#1689 = VERTEX_POINT ( 'NONE', #3528 ) ;
#1690 = CARTESIAN_POINT ( 'NONE',  ( 4.698435870039260109, 0.9064290159990536777, -2.328888210179513862 ) ) ;
#1691 = CARTESIAN_POINT ( 'NONE',  ( 3.893831169184560181, 0.9064290159990536777, -1.645342407530534734 ) ) ;
#1692 = CARTESIAN_POINT ( 'NONE',  ( 2.370444474389556966, 0.9064290159990537887, -1.949895528722765725 ) ) ;
#1693 = ORIENTED_EDGE ( 'NONE', *, *, #4900, .F. ) ;
#1694 = ADVANCED_FACE ( 'NONE', ( #806 ), #3011, .F. ) ;
#1695 = ORIENTED_EDGE ( 'NONE', *, *, #3406, .T. ) ;
#1696 = DIRECTION ( 'NONE',  ( 1.700709290173340409E-16, 0.0000000000000000000, -1.000000000000000000 ) ) ;
#1697 = FACE_OUTER_BOUND ( 'NONE', #4640, .T. ) ;
#1698 = CARTESIAN_POINT ( 'NONE',  ( 2.379825228611964771, 0.8964290159990536688, -1.906874280931120103 ) ) ;
#1699 = FACE_OUTER_BOUND ( 'NONE', #125, .T. ) ;
#1700 = CARTESIAN_POINT ( 'NONE',  ( 2.185535045148225386, 0.8964290159990536688, -2.870705500838037327 ) ) ;
#1701 = CARTESIAN_POINT ( 'NONE',  ( 3.824999999999999734, -0.01000000000000000021, -2.499999999999999556 ) ) ;
#1702 = EDGE_CURVE ( 'NONE', #5688, #3520, #4607, .T. ) ;
#1703 = ORIENTED_EDGE ( 'NONE', *, *, #6396, .F. ) ;
#1704 = VECTOR ( 'NONE', #602, 1000.000000000000000 ) ;
#1705 = ORIENTED_EDGE ( 'NONE', *, *, #5746, .F. ) ;
#1706 = LINE ( 'NONE', #2270, #5323 ) ;
#1707 = CARTESIAN_POINT ( 'NONE',  ( 3.573172281631141090, 0.9064290159990536777, -2.858054876846180203 ) ) ;
#1708 = PLANE ( 'NONE',  #4705 ) ;
#1709 = AXIS2_PLACEMENT_3D ( 'NONE', #3517, #3000, #6315 ) ;
#1710 = EDGE_CURVE ( 'NONE', #5551, #3964, #1430, .T. ) ;
#1711 = EDGE_CURVE ( 'NONE', #4429, #5244, #5752, .T. ) ;
#1712 = DIRECTION ( 'NONE',  ( 1.000000000000000000, 0.0000000000000000000, 0.0000000000000000000 ) ) ;
#1713 = CARTESIAN_POINT ( 'NONE',  ( 4.876181596534986618, 0.9064290159990536777, -2.548420294848317447 ) ) ;
#1714 = ORIENTED_EDGE ( 'NONE', *, *, #2864, .T. ) ;
#1715 = VECTOR ( 'NONE', #6735, 1000.000000000000000 ) ;
#1716 = LINE ( 'NONE', #5440, #5785 ) ;
#1717 = CARTESIAN_POINT ( 'NONE',  ( 5.471154887133277356, 0.8964290159990536688, -1.504252497007030343 ) ) ;
#1718 = CARTESIAN_POINT ( 'NONE',  ( 3.573172281631141090, 0.9064290159990536777, -2.858054876846180203 ) ) ;
#1719 = CARTESIAN_POINT ( 'NONE',  ( 0.2220308615976923083, 0.9064290159990540108, -0.3988414933505989857 ) ) ;
#1720 = VECTOR ( 'NONE', #1897, 1000.000000000000000 ) ;
#1721 = EDGE_LOOP ( 'NONE', ( #5881, #2076, #761, #837, #263, #48, #5146, #5730, #4957, #5600, #4499, #6059, #1903 ) ) ;
#1722 = EDGE_CURVE ( 'NONE', #2456, #5066, #2141, .T. ) ;
#1723 = CARTESIAN_POINT ( 'NONE',  ( 2.782198307808182225, 0.8964290159990534468, -1.835837096139945945 ) ) ;
#1724 = ORIENTED_EDGE ( 'NONE', *, *, #2592, .F. ) ;
#1725 = UNCERTAINTY_MEASURE_WITH_UNIT (LENGTH_MEASURE( 1.000000000000000082E-05 ), #4800, 'distance_accuracy_value', 'NONE');
#1726 = ORIENTED_EDGE ( 'NONE', *, *, #2242, .T. ) ;
#1727 = CARTESIAN_POINT ( 'NONE',  ( 5.045786297389687647, 0.9064290159990536777, -2.858054876846180203 ) ) ;
#1728 = CARTESIAN_POINT ( 'NONE',  ( 0.4777486174657314399, 0.9064290159990538998, -0.3867769908466572315 ) ) ;
#1729 = DIRECTION ( 'NONE',  ( 0.4804152582365220914, 0.0000000000000000000, 0.8770411504904065403 ) ) ;
#1730 = ORIENTED_EDGE ( 'NONE', *, *, #2178, .F. ) ;
#1731 = ORIENTED_EDGE ( 'NONE', *, *, #5022, .F. ) ;
#1732 = CARTESIAN_POINT ( 'NONE',  ( 3.347810035370457182, 0.8964290159990536688, -2.033419163673696684 ) ) ;
#1733 = FILL_AREA_STYLE ('',( #3829 ) ) ;
#1734 = LINE ( 'NONE', #3862, #480 ) ;
#1735 = DIRECTION ( 'NONE',  ( 0.8770411504904065403, 0.0000000000000000000, -0.4804152582365220359 ) ) ;
#1736 = ORIENTED_EDGE ( 'NONE', *, *, #408, .F. ) ;
#1737 = CARTESIAN_POINT ( 'NONE',  ( 4.468685102143961529, 0.8964290159990536688, -2.033419163673696684 ) ) ;
#1738 = VERTEX_POINT ( 'NONE', #1042 ) ;
#1739 = DIRECTION ( 'NONE',  ( -1.000000000000000000, 0.0000000000000000000, -0.0000000000000000000 ) ) ;
#1740 = CARTESIAN_POINT ( 'NONE',  ( 2.724999999999999201, -0.01000000000000000021, -1.500000000000000000 ) ) ;
#1741 = ORIENTED_EDGE ( 'NONE', *, *, #6530, .F. ) ;
#1742 = CARTESIAN_POINT ( 'NONE',  ( 2.211336310172248520, 0.9064290159990536777, -2.023816361309370926 ) ) ;
#1743 = CARTESIAN_POINT ( 'NONE',  ( 4.468685102143961529, 0.9064290159990536777, -2.033419163673696684 ) ) ;
#1744 = LINE ( 'NONE', #5367, #4016 ) ;
#1745 = EDGE_CURVE ( 'NONE', #2857, #2974, #3177, .T. ) ;
#1746 = ORIENTED_EDGE ( 'NONE', *, *, #2781, .F. ) ;
#1747 = EDGE_CURVE ( 'NONE', #2561, #6472, #2033, .T. ) ;
#1748 = CARTESIAN_POINT ( 'NONE',  ( 2.588126540263376185, 0.9064290159990534557, -2.766861315743254224 ) ) ;
#1749 = DIRECTION ( 'NONE',  ( -0.4806015670138532592, 0.0000000000000000000, 0.8769390707362905157 ) ) ;
#1750 = FACE_OUTER_BOUND ( 'NONE', #6371, .T. ) ;
#1751 = ADVANCED_FACE ( 'NONE', ( #6883 ), #3633, .T. ) ;
#1752 = CARTESIAN_POINT ( 'NONE',  ( 0.2727319543048041250, 0.8964290159990535578, -0.4585318332106400607 ) ) ;
#1753 = AXIS2_PLACEMENT_3D ( 'NONE', #6687, #3533, #5173 ) ;
#1754 = VERTEX_POINT ( 'NONE', #1641 ) ;
#1755 = LINE ( 'NONE', #156, #3899 ) ;
#1756 = ORIENTED_EDGE ( 'NONE', *, *, #3965, .T. ) ;
#1757 = ORIENTED_EDGE ( 'NONE', *, *, #5536, .T. ) ;
#1758 = CARTESIAN_POINT ( 'NONE',  ( 3.700248603746525422, 0.9064290159990536777, -2.858054876846180203 ) ) ;
#1759 = EDGE_CURVE ( 'NONE', #3776, #4257, #496, .T. ) ;
#1760 = FACE_BOUND ( 'NONE', #3955, .T. ) ;
#1761 = AXIS2_PLACEMENT_3D ( 'NONE', #6276, #4654, #3618 ) ;
#1762 = ORIENTED_EDGE ( 'NONE', *, *, #2680, .T. ) ;
#1763 = VERTEX_POINT ( 'NONE', #5299 ) ;
#1764 = LINE ( 'NONE', #3966, #353 ) ;
#1765 = LINE ( 'NONE', #1904, #978 ) ;
#1766 = EDGE_CURVE ( 'NONE', #6828, #2677, #4736, .T. ) ;
#1767 = DIRECTION ( 'NONE',  ( 0.0000000000000000000, 0.0000000000000000000, 1.000000000000000000 ) ) ;
#1768 = DIRECTION ( 'NONE',  ( 0.0000000000000000000, -1.000000000000000000, 0.0000000000000000000 ) ) ;
#1769 = VECTOR ( 'NONE', #2078, 1000.000000000000000 ) ;
#1770 = ADVANCED_FACE ( 'NONE', ( #5338 ), #4775, .T. ) ;
#1771 = CARTESIAN_POINT ( 'NONE',  ( 2.379403231276201680, 0.9064290159990537887, -1.885646113616317621 ) ) ;
#1772 = VECTOR ( 'NONE', #4150, 999.9999999999998863 ) ;
#1773 = ORIENTED_EDGE ( 'NONE', *, *, #2000, .T. ) ;
#1774 = VECTOR ( 'NONE', #4276, 1000.000000000000000 ) ;
#1775 = CARTESIAN_POINT ( 'NONE',  ( 0.2220308615976923083, 0.8964290159990540019, -0.3988414933505989857 ) ) ;
#1776 = VERTEX_POINT ( 'NONE', #2591 ) ;
#1777 = CARTESIAN_POINT ( 'NONE',  ( 0.8926604827490804972, 0.9064290159990536777, -1.452954363673436777 ) ) ;
#1778 = DIRECTION ( 'NONE',  ( 0.4804543040264424580, 0.0000000000000000000, 0.8770197613181054397 ) ) ;
#1779 = EDGE_LOOP ( 'NONE', ( #4282, #2594, #5911, #1678, #2566, #1859, #4375, #4420, #4978, #6449, #30, #5434, #1054 ) ) ;
#1780 = PLANE ( 'NONE',  #1482 ) ;
#1781 = VECTOR ( 'NONE', #4703, 1000.000000000000000 ) ;
#1782 = VECTOR ( 'NONE', #2693, 1000.000000000000227 ) ;
#1783 = DIRECTION ( 'NONE',  ( 0.3698797865436000420, 0.0000000000000000000, -0.9290796217259642553 ) ) ;
#1785 = ADVANCED_FACE ( 'NONE', ( #6852 ), #2065, .T. ) ;
#1784 = DIRECTION ( 'NONE',  ( 1.000000000000000000, 0.0000000000000000000, 0.0000000000000000000 ) ) ;
#1786 = ORIENTED_EDGE ( 'NONE', *, *, #392, .T. ) ;
#1787 = VECTOR ( 'NONE', #2110, 1000.000000000000000 ) ;
#1788 = LINE ( 'NONE', #4918, #1898 ) ;
#1789 = LINE ( 'NONE', #2381, #1931 ) ;
#1790 = AXIS2_PLACEMENT_3D ( 'NONE', #3693, #6217, #3563 ) ;
#1791 = CARTESIAN_POINT ( 'NONE',  ( 0.3080728587263244500, 0.9064290159990534557, -0.4751515689573905243 ) ) ;
#1792 = VECTOR ( 'NONE', #419, 1000.000000000000114 ) ;
#1793 = EDGE_CURVE ( 'NONE', #6190, #4777, #2099, .T. ) ;
#1794 = ORIENTED_EDGE ( 'NONE', *, *, #1657, .T. ) ;
#1795 = CARTESIAN_POINT ( 'NONE',  ( 4.887502710317037646, 0.9064290159990536777, -1.504252497007030343 ) ) ;
#1796 = VECTOR ( 'NONE', #2740, 1000.000000000000227 ) ;
#1797 = EDGE_LOOP ( 'NONE', ( #2910, #6509, #1958, #6292 ) ) ;
#1798 = UNCERTAINTY_MEASURE_WITH_UNIT (LENGTH_MEASURE( 1.000000000000000082E-05 ), #6381, 'distance_accuracy_value', 'NONE');
#1799 = ORIENTED_EDGE ( 'NONE', *, *, #234, .T. ) ;
#1800 = CARTESIAN_POINT ( 'NONE',  ( 2.664183020672736379, 0.9064290159990535667, -2.234754729732700174 ) ) ;
#1801 = FACE_BOUND ( 'NONE', #3063, .T. ) ;
#1802 = ORIENTED_EDGE ( 'NONE', *, *, #6743, .T. ) ;
#1803 = EDGE_CURVE ( 'NONE', #6015, #6335, #1573, .T. ) ;
#1804 = ORIENTED_EDGE ( 'NONE', *, *, #1836, .T. ) ;
#1805 = DIRECTION ( 'NONE',  ( 1.000000000000000000, 0.0000000000000000000, -0.0000000000000000000 ) ) ;
#1806 = LINE ( 'NONE', #3895, #4443 ) ;
#1807 = CARTESIAN_POINT ( 'NONE',  ( 2.218606725309683281, 0.8964290159990536688, -2.023747950786467964 ) ) ;
#1808 = DIRECTION ( 'NONE',  ( -0.0000000000000000000, 0.0000000000000000000, -1.000000000000000000 ) ) ;
#1809 = B_SPLINE_SURFACE_WITH_KNOTS ( 'NONE', 3, 1, ( 
 ( #605, #6504 ),
 ( #77, #5483 ),
 ( #4555, #5970 ),
 ( #2760, #2281 ),
 ( #3284, #2728 ),
 ( #1719, #3317 ),
 ( #3918, #1262 ),
 ( #4883, #4372 ),
 ( #3849, #4954 ),
 ( #1915, #6703 ),
 ( #1190, #4042 ),
 ( #3814, #1752 ),
 ( #4332, #3390 ),
 ( #5443, #2440 ),
 ( #1791, #5515 ),
 ( #2207, #3356 ),
 ( #825, #311 ),
 ( #6047, #5935 ),
 ( #4845, #6467 ) ),
 .UNSPECIFIED., .F., .F., .F.,
 ( 4, 1, 1, 1, 1, 1, 1, 1, 1, 1, 1, 1, 1, 1, 1, 1, 4 ),
 ( 2, 2 ),
 ( 0.0000000000000000000, 0.06357343938028217623, 0.1256530596338936989, 0.1864030383171085270, 0.2469855460306188966, 0.3071642219456724998, 0.3682789434641775550, 0.4307805946005066056, 0.4953313665230566487, 0.5602881159778426712, 0.6233903597295501475, 0.6851027085027218133, 0.7468788192810686954, 0.8082423971592751499, 0.8708354176061771090, 0.9344128521751121630, 1.000000000000000000 ),
 ( 0.0000000000000000000, 1.000000000000000000 ),
 .UNSPECIFIED. ) ;
#1810 = ORIENTED_EDGE ( 'NONE', *, *, #35, .T. ) ;
#1811 = DIRECTION ( 'NONE',  ( 0.4804543040264410148, 0.0000000000000000000, -0.8770197613181063279 ) ) ;
#1812 = LINE ( 'NONE', #4514, #2986 ) ;
#1813 = CARTESIAN_POINT ( 'NONE',  ( 4.209083906898235306, 0.8964290159990536688, -1.504252497007030343 ) ) ;
#1814 = ORIENTED_EDGE ( 'NONE', *, *, #5622, .F. ) ;
#1815 = DIRECTION ( 'NONE',  ( 0.0000000000000000000, 0.0000000000000000000, 1.000000000000000000 ) ) ;
#1816 = PRESENTATION_STYLE_ASSIGNMENT (( #6601 ) ) ;
#1817 = DIRECTION ( 'NONE',  ( 0.0000000000000000000, 1.000000000000000000, -0.0000000000000000000 ) ) ;
#1818 = ORIENTED_EDGE ( 'NONE', *, *, #1855, .T. ) ;
#1819 = CARTESIAN_POINT ( 'NONE',  ( 2.726667651398372527, 0.8964290159990540019, -1.657934912173886666 ) ) ;
#1820 = DIRECTION ( 'NONE',  ( -1.000000000000000000, 0.0000000000000000000, 0.0000000000000000000 ) ) ;
#1821 = VECTOR ( 'NONE', #2653, 1000.000000000000227 ) ;
#1822 = CARTESIAN_POINT ( 'NONE',  ( 4.196003144344816249, 0.9064290159990536777, -2.599619713918829955 ) ) ;
#1823 = DIRECTION ( 'NONE',  ( -5.421010862427522170E-17, 0.0000000000000000000, -1.000000000000000000 ) ) ;
#1824 = VECTOR ( 'NONE', #68, 1000.000000000000000 ) ;
#1825 = ORIENTED_EDGE ( 'NONE', *, *, #4398, .F. ) ;
#1826 = CARTESIAN_POINT ( 'NONE',  ( 3.474999999999998757, -0.01000000000000000021, -0.3000000000000000444 ) ) ;
#1827 = ORIENTED_EDGE ( 'NONE', *, *, #3850, .F. ) ;
#1828 = ORIENTED_EDGE ( 'NONE', *, *, #768, .T. ) ;
#1829 = VECTOR ( 'NONE', #4138, 1000.000000000000000 ) ;
#1830 = CARTESIAN_POINT ( 'NONE',  ( 0.4529073057338492969, 0.9064290159990537887, -0.4317229660195057717 ) ) ;
#1831 = ORIENTED_EDGE ( 'NONE', *, *, #6150, .F. ) ;
#1832 = ORIENTED_EDGE ( 'NONE', *, *, #1766, .T. ) ;
#1833 = CARTESIAN_POINT ( 'NONE',  ( 0.4828310244601651813, 0.9064290159990540108, -0.3613038319912995622 ) ) ;
#1834 = EDGE_CURVE ( 'NONE', #6756, #2161, #2140, .T. ) ;
#1835 = CARTESIAN_POINT ( 'NONE',  ( 4.174999999999998934, 0.0000000000000000000, -1.649999999999999689 ) ) ;
#1836 = EDGE_CURVE ( 'NONE', #5107, #4288, #1608, .T. ) ;
#1837 = CARTESIAN_POINT ( 'NONE',  ( 2.238913057728044720, 0.8964290159990533358, -2.297654133124263254 ) ) ;
#1838 = SURFACE_SIDE_STYLE ('',( #233 ) ) ;
#1839 = ADVANCED_FACE ( 'NONE', ( #6008 ), #1809, .T. ) ;
#1840 = CARTESIAN_POINT ( 'NONE',  ( 2.222194865951872433, 0.9064290159990535667, -1.776728916256373525 ) ) ;
#1841 = ORIENTED_EDGE ( 'NONE', *, *, #2474, .T. ) ;
#1842 = PLANE ( 'NONE',  #568 ) ;
#1843 = PLANE ( 'NONE',  #3772 ) ;
#1844 = DIRECTION ( 'NONE',  ( 0.0000000000000000000, 0.0000000000000000000, -1.000000000000000000 ) ) ;
#1845 = CARTESIAN_POINT ( 'NONE',  ( 4.733162432539260500, 0.9064290159990536777, -2.033419163673696684 ) ) ;
#1846 = EDGE_CURVE ( 'NONE', #1893, #2456, #5209, .T. ) ;
#1847 = FILL_AREA_STYLE ('',( #899 ) ) ;
#1848 = LINE ( 'NONE', #6564, #4779 ) ;
#1849 = VERTEX_POINT ( 'NONE', #180 ) ;
#1850 = PLANE ( 'NONE',  #649 ) ;
#1851 = DIRECTION ( 'NONE',  ( 0.0000000000000000000, 0.0000000000000000000, 1.000000000000000000 ) ) ;
#1852 = CARTESIAN_POINT ( 'NONE',  ( 5.722169844398234950, 0.8964290159990536688, -1.504252497007030343 ) ) ;
#1853 = CARTESIAN_POINT ( 'NONE',  ( 0.4282260363345810061, 0.8964290159990536688, -2.871133540190379030 ) ) ;
#1854 = ADVANCED_FACE ( 'NONE', ( #2313 ), #4434, .T. ) ;
#1855 = EDGE_CURVE ( 'NONE', #4512, #623, #352, .T. ) ;
#1856 = CARTESIAN_POINT ( 'NONE',  ( 4.047599031096952515, 0.9064290159990536777, -2.328888210179513862 ) ) ;
#1857 = VERTEX_POINT ( 'NONE', #3547 ) ;
#1858 = LINE ( 'NONE', #286, #225 ) ;
#1859 = ORIENTED_EDGE ( 'NONE', *, *, #6009, .T. ) ;
#1860 = EDGE_LOOP ( 'NONE', ( #3096, #2747, #660, #915 ) ) ;
#1861 = FILL_AREA_STYLE ('',( #1268 ) ) ;
#1862 = DIRECTION ( 'NONE',  ( 0.0000000000000000000, -0.0000000000000000000, 1.000000000000000000 ) ) ;
#1863 = ORIENTED_EDGE ( 'NONE', *, *, #528, .F. ) ;
#1864 = AXIS2_PLACEMENT_3D ( 'NONE', #4729, #2059, #5784 ) ;
#1865 = VERTEX_POINT ( 'NONE', #995 ) ;
#1866 = CARTESIAN_POINT ( 'NONE',  ( 4.572249972603362522, 0.9064290159990536777, -1.645342407530534734 ) ) ;
#1867 = EDGE_CURVE ( 'NONE', #6111, #4257, #1981, .T. ) ;
#1868 = CARTESIAN_POINT ( 'NONE',  ( 2.754902118441602710, 0.8964290159990538909, -2.431805370844514869 ) ) ;
#1869 = CARTESIAN_POINT ( 'NONE',  ( 2.218606725309683281, 0.8964290159990535578, -2.023747950786467964 ) ) ;
#1870 = LINE ( 'NONE', #2814, #6731 ) ;
#1871 = CARTESIAN_POINT ( 'NONE',  ( 2.782198307808182225, 0.8964290159990534468, -1.835837096139945945 ) ) ;
#1872 = EDGE_CURVE ( 'NONE', #2385, #3073, #3587, .T. ) ;
#1873 = EDGE_CURVE ( 'NONE', #6657, #6053, #4175, .T. ) ;
#1874 = VERTEX_POINT ( 'NONE', #5673 ) ;
#1875 = CARTESIAN_POINT ( 'NONE',  ( 3.290038434141824730, 0.9064290159990536777, -2.858054876846180203 ) ) ;
#1876 = AXIS2_PLACEMENT_3D ( 'NONE', #6103, #3506, #349 ) ;
#1877 = CARTESIAN_POINT ( 'NONE',  ( 3.459643134996525760, 0.9064290159990536777, -2.548420294848317447 ) ) ;
#1878 = LINE ( 'NONE', #5996, #3438 ) ;
#1879 = LINE ( 'NONE', #5474, #2277 ) ;
#1880 = AXIS2_PLACEMENT_3D ( 'NONE', #813, #4447, #296 ) ;
#1881 = CARTESIAN_POINT ( 'NONE',  ( 2.656587918091526834, 0.9064290159990533446, -2.707019726877697874 ) ) ;
#1882 = EDGE_CURVE ( 'NONE', #4183, #3254, #6341, .T. ) ;
#1883 = ORIENTED_EDGE ( 'NONE', *, *, #2227, .F. ) ;
#1884 = CARTESIAN_POINT ( 'NONE',  ( 2.292888024120238732, 0.8964290159990536688, -1.452954363673436777 ) ) ;
#1885 = CARTESIAN_POINT ( 'NONE',  ( 2.307278059588227404, 0.9064290159990538998, -2.862997201718850526 ) ) ;
#1886 = CARTESIAN_POINT ( 'NONE',  ( 4.358548049526440593, 0.8964290159990536688, -2.033419163673696684 ) ) ;
#1887 = VECTOR ( 'NONE', #5855, 1000.000000000000000 ) ;
#1888 = CARTESIAN_POINT ( 'NONE',  ( 2.724999999999999201, -0.01000000000000000021, -1.500000000000000000 ) ) ;
#1889 = LINE ( 'NONE', #4017, #189 ) ;
#1890 = VECTOR ( 'NONE', #6166, 1000.000000000000000 ) ;
#1891 = ORIENTED_EDGE ( 'NONE', *, *, #2047, .T. ) ;
#1892 = LINE ( 'NONE', #3392, #5456 ) ;
#1893 = VERTEX_POINT ( 'NONE', #4623 ) ;
#1894 = ORIENTED_EDGE ( 'NONE', *, *, #448, .F. ) ;
#1895 = VECTOR ( 'NONE', #6326, 1000.000000000000000 ) ;
#1896 = DIRECTION ( 'NONE',  ( 1.000000000000000000, 0.0000000000000000000, 0.0000000000000000000 ) ) ;
#1897 = DIRECTION ( 'NONE',  ( -1.000000000000000000, 0.0000000000000000000, 0.0000000000000000000 ) ) ;
#1898 = VECTOR ( 'NONE', #4493, 1000.000000000000227 ) ;
#1899 = VECTOR ( 'NONE', #5721, 1000.000000000000000 ) ;
#1900 = ORIENTED_EDGE ( 'NONE', *, *, #2682, .F. ) ;
#1901 = VERTEX_POINT ( 'NONE', #1412 ) ;
#1902 = FACE_OUTER_BOUND ( 'NONE', #6399, .T. ) ;
#1903 = ORIENTED_EDGE ( 'NONE', *, *, #1998, .F. ) ;
#1904 = CARTESIAN_POINT ( 'NONE',  ( 0.2749999999999992450, -0.01000000000000000021, -0.5500000000000001554 ) ) ;
#1905 = CARTESIAN_POINT ( 'NONE',  ( 3.293430528158919124, 0.9064290159990536777, -2.033419163673696684 ) ) ;
#1906 = STYLED_ITEM ( 'NONE', ( #454 ), #5864 ) ;
#1907 = LINE ( 'NONE', #3083, #5720 ) ;
#1908 = CARTESIAN_POINT ( 'NONE',  ( 0.2220612359968823224, 0.8964290159990536688, -0.2968568087494984908 ) ) ;
#1909 = ORIENTED_EDGE ( 'NONE', *, *, #4608, .F. ) ;
#1910 = LINE ( 'NONE', #4485, #4875 ) ;
#1911 = CARTESIAN_POINT ( 'NONE',  ( 4.167912365765756633, 0.8964290159990536688, -2.548420294848317447 ) ) ;
#1912 = ADVANCED_FACE ( 'NONE', ( #6278 ), #72, .T. ) ;
#1913 = CARTESIAN_POINT ( 'NONE',  ( 2.202616944530010556, 0.8964290159990536688, -2.550312174942152676 ) ) ;
#1914 = EDGE_CURVE ( 'NONE', #2327, #5551, #2021, .T. ) ;
#1915 = CARTESIAN_POINT ( 'NONE',  ( 0.2518713552839033643, 0.9064290159990535667, -0.4416147922389940250 ) ) ;
#1916 = CARTESIAN_POINT ( 'NONE',  ( 2.754240625958228605, 0.8964290159990534468, -2.504102766076714115 ) ) ;
#1917 = VERTEX_POINT ( 'NONE', #3717 ) ;
#1918 = LINE ( 'NONE', #3514, #6558 ) ;
#1919 = CARTESIAN_POINT ( 'NONE',  ( 4.550137759729431686, 0.9064290159990536777, -2.599619713918829955 ) ) ;
#1920 = CARTESIAN_POINT ( 'NONE',  ( 4.408517834515755851, 0.9064290159990536777, -2.858054876846180203 ) ) ;
#1921 = DIRECTION ( 'NONE',  ( -2.168404344971008868E-16, 0.0000000000000000000, -1.000000000000000000 ) ) ;
#1922 = ADVANCED_FACE ( 'NONE', ( #99 ), #1554, .T. ) ;
#1923 = CARTESIAN_POINT ( 'NONE',  ( 3.463035229013619265, 0.8964290159990536688, -1.755797468962158492 ) ) ;
#1924 = VERTEX_POINT ( 'NONE', #5809 ) ;
#1925 = CARTESIAN_POINT ( 'NONE',  ( 0.2518713552839033643, 0.9064290159990535667, -0.4416147922389940250 ) ) ;
#1926 = VERTEX_POINT ( 'NONE', #2745 ) ;
#1927 = UNCERTAINTY_MEASURE_WITH_UNIT (LENGTH_MEASURE( 1.000000000000000082E-05 ), #1415, 'distance_accuracy_value', 'NONE');
#1928 = ORIENTED_EDGE ( 'NONE', *, *, #5365, .F. ) ;
#1929 = FACE_OUTER_BOUND ( 'NONE', #3040, .T. ) ;
#1930 = CARTESIAN_POINT ( 'NONE',  ( 4.706576895680285588, 0.8964290159990536688, -2.858054876846180203 ) ) ;
#1931 = VECTOR ( 'NONE', #1823, 1000.000000000000000 ) ;
#1932 = EDGE_CURVE ( 'NONE', #609, #4305, #4389, .T. ) ;
#1933 = ORIENTED_EDGE ( 'NONE', *, *, #322, .F. ) ;
#1934 = VERTEX_POINT ( 'NONE', #3833 ) ;
#1935 = CARTESIAN_POINT ( 'NONE',  ( 3.000000000000000000, -0.01000000000000000021, -3.700000000000000178 ) ) ;
#1936 = ORIENTED_EDGE ( 'NONE', *, *, #815, .T. ) ;
#1937 = VECTOR ( 'NONE', #3168, 1000.000000000000000 ) ;
#1938 = CARTESIAN_POINT ( 'NONE',  ( 2.731532069857783629, 0.8964290159990535578, -2.334558070265994267 ) ) ;
#1939 = CARTESIAN_POINT ( 'NONE',  ( 2.363303881393243877, 0.8964290159990536688, -2.411909922508908455 ) ) ;
#1940 = CARTESIAN_POINT ( 'NONE',  ( 4.522046981150371181, 0.9064290159990536777, -2.548420294848317447 ) ) ;
#1941 = EDGE_CURVE ( 'NONE', #469, #2639, #2709, .T. ) ;
#1942 = DIRECTION ( 'NONE',  ( 1.000000000000000000, 0.0000000000000000000, 0.0000000000000000000 ) ) ;
#1943 = ORIENTED_EDGE ( 'NONE', *, *, #4313, .F. ) ;
#1944 = DIRECTION ( 'NONE',  ( -0.0000000000000000000, -1.000000000000000000, -0.0000000000000000000 ) ) ;
#1945 = CARTESIAN_POINT ( 'NONE',  ( 1.186810847209285313, 0.9064290159990536777, -2.550312174942152676 ) ) ;
#1946 = LINE ( 'NONE', #4143, #3990 ) ;
#1947 = DIRECTION ( 'NONE',  ( -0.0000000000000000000, -1.000000000000000000, -0.0000000000000000000 ) ) ;
#1948 = DIRECTION ( 'NONE',  ( 0.0000000000000000000, -0.0000000000000000000, 1.000000000000000000 ) ) ;
#1949 = CARTESIAN_POINT ( 'NONE',  ( 2.724123849659382923, 0.8964290159990540019, -2.608397324165072639 ) ) ;
#1950 = CARTESIAN_POINT ( 'NONE',  ( 4.887502710317037646, 0.9064290159990536777, -1.504252497007030343 ) ) ;
#1951 = VERTEX_POINT ( 'NONE', #5357 ) ;
#1952 = CARTESIAN_POINT ( 'NONE',  ( 4.726272241567038179, 0.9064290159990536777, -2.033419163673696684 ) ) ;
#1953 = LINE ( 'NONE', #5743, #2240 ) ;
#1954 = PLANE ( 'NONE',  #3556 ) ;
#1955 = CARTESIAN_POINT ( 'NONE',  ( 3.510524545252935891, 0.9064290159990536777, -1.504252497007030343 ) ) ;
#1956 = EDGE_CURVE ( 'NONE', #5204, #4777, #6412, .T. ) ;
#1957 = CARTESIAN_POINT ( 'NONE',  ( 5.179434801663192367, 0.8964290159990536688, -2.033419163673696684 ) ) ;
#1958 = ORIENTED_EDGE ( 'NONE', *, *, #382, .F. ) ;
#1959 = EDGE_CURVE ( 'NONE', #4497, #5627, #5789, .T. ) ;
#1960 = CARTESIAN_POINT ( 'NONE',  ( 0.2177140393683641151, 0.9064290159990538998, -0.3868181493306450669 ) ) ;
#1961 = ORIENTED_EDGE ( 'NONE', *, *, #4407, .F. ) ;
#1962 = ORIENTED_EDGE ( 'NONE', *, *, #2990, .F. ) ;
#1963 = CARTESIAN_POINT ( 'NONE',  ( 0.3342965044048955003, 0.9064290159990541218, -0.2156831287816836362 ) ) ;
#1964 = DIRECTION ( 'NONE',  ( -0.0000000000000000000, -1.000000000000000000, -0.0000000000000000000 ) ) ;
#1965 = ORIENTED_EDGE ( 'NONE', *, *, #2535, .F. ) ;
#1966 = ORIENTED_EDGE ( 'NONE', *, *, #6353, .T. ) ;
#1967 = EDGE_CURVE ( 'NONE', #4777, #3854, #1625, .T. ) ;
#1968 = DIRECTION ( 'NONE',  ( 0.4802882638304223351, 0.0000000000000000000, 0.8771107020363840823 ) ) ;
#1969 = ORIENTED_EDGE ( 'NONE', *, *, #5798, .F. ) ;
#1970 = CARTESIAN_POINT ( 'NONE',  ( 2.731532069857783629, 0.9064290159990535667, -2.334558070265994267 ) ) ;
#1971 = CARTESIAN_POINT ( 'NONE',  ( 2.304193034037881116, 0.8964290159990536688, -2.010180642763575332 ) ) ;
#1972 = CARTESIAN_POINT ( 'NONE',  ( 4.894286898351226434, 0.8964290159990536688, -1.504252497007030343 ) ) ;
#1973 = LINE ( 'NONE', #443, #6689 ) ;
#1974 = VECTOR ( 'NONE', #4132, 1000.000000000000000 ) ;
#1975 = ORIENTED_EDGE ( 'NONE', *, *, #2149, .T. ) ;
#1976 = CARTESIAN_POINT ( 'NONE',  ( 2.564437350480659461, 0.9064290159990537887, -1.516763420427051257 ) ) ;
#1977 = FACE_OUTER_BOUND ( 'NONE', #1433, .T. ) ;
#1978 = CARTESIAN_POINT ( 'NONE',  ( 4.755868261866183389, 0.9064290159990536777, -2.328888210179513862 ) ) ;
#1979 = VECTOR ( 'NONE', #2244, 1000.000000000000000 ) ;
#1980 = PLANE ( 'NONE',  #4596 ) ;
#1981 = LINE ( 'NONE', #3129, #1673 ) ;
#1982 = AXIS2_PLACEMENT_3D ( 'NONE', #5670, #5707, #2438 ) ;
#1983 = LINE ( 'NONE', #4591, #6029 ) ;
#1984 = ORIENTED_EDGE ( 'NONE', *, *, #3897, .F. ) ;
#1985 = CARTESIAN_POINT ( 'NONE',  ( 4.224999999999999645, -0.01000000000000000021, -3.699999999999999734 ) ) ;
#1986 = CARTESIAN_POINT ( 'NONE',  ( 5.131945485423875297, 0.9064290159990536777, -2.033419163673696684 ) ) ;
#1987 = CARTESIAN_POINT ( 'NONE',  ( 5.722169844398234950, 0.9064290159990536777, -1.558526001280534645 ) ) ;
#1988 = VECTOR ( 'NONE', #4718, 1000.000000000000000 ) ;
#1989 = EDGE_CURVE ( 'NONE', #2414, #148, #1025, .T. ) ;
#1990 = DIRECTION ( 'NONE',  ( -1.000000000000000000, 0.0000000000000000000, 0.0000000000000000000 ) ) ;
#1991 = VERTEX_POINT ( 'NONE', #3160 ) ;
#1992 = CARTESIAN_POINT ( 'NONE',  ( 3.459643134996525760, 0.9064290159990536777, -2.650819132989342908 ) ) ;
#1993 = VECTOR ( 'NONE', #2404, 1000.000000000000000 ) ;
#1994 = EDGE_LOOP ( 'NONE', ( #5920, #5557, #3052, #4314 ) ) ;
#1995 = VECTOR ( 'NONE', #412, 1000.000000000000000 ) ;
#1996 = EDGE_LOOP ( 'NONE', ( #4672, #6439, #3088, #6522 ) ) ;
#1997 = LINE ( 'NONE', #1393, #108 ) ;
#1998 = EDGE_CURVE ( 'NONE', #208, #6850, #5319, .T. ) ;
#1999 = CARTESIAN_POINT ( 'NONE',  ( 4.167912365765756633, 0.9064290159990536777, -2.650819132989342908 ) ) ;
#2000 = EDGE_CURVE ( 'NONE', #3886, #1504, #1173, .T. ) ;
#2001 = VECTOR ( 'NONE', #4663, 1000.000000000000000 ) ;
#2002 = ORIENTED_EDGE ( 'NONE', *, *, #4687, .T. ) ;
#2003 = AXIS2_PLACEMENT_3D ( 'NONE', #642, #2317, #3817 ) ;
#2004 = ORIENTED_EDGE ( 'NONE', *, *, #4177, .T. ) ;
#2005 = FACE_OUTER_BOUND ( 'NONE', #2285, .T. ) ;
#2006 = ORIENTED_EDGE ( 'NONE', *, *, #600, .F. ) ;
#2007 = AXIS2_PLACEMENT_3D ( 'NONE', #6571, #1948, #6808 ) ;
#2008 = CARTESIAN_POINT ( 'NONE',  ( 4.054743629120457271, 0.9064290159990536777, -2.033419163673696684 ) ) ;
#2009 = CARTESIAN_POINT ( 'NONE',  ( 2.379442900584802789, 0.9064290159990537887, -1.914215172600138404 ) ) ;
#2010 = DIRECTION ( 'NONE',  ( 0.4804152582365220914, 0.0000000000000000000, -0.8770411504904065403 ) ) ;
#2011 = STYLED_ITEM ( 'NONE', ( #6143 ), #5763 ) ;
#2012 = DIRECTION ( 'NONE',  ( -0.0000000000000000000, -1.000000000000000000, -0.0000000000000000000 ) ) ;
#2013 = EDGE_CURVE ( 'NONE', #1197, #2611, #513, .T. ) ;
#2014 = COLOUR_RGB ( '',0.7529411764705882248, 0.7529411764705882248, 0.7529411764705882248 ) ;
#2015 = ORIENTED_EDGE ( 'NONE', *, *, #1145, .F. ) ;
#2016 = CARTESIAN_POINT ( 'NONE',  ( 2.564437350480659461, 0.9064290159990537887, -1.516763420427051257 ) ) ;
#2017 = MECHANICAL_DESIGN_GEOMETRIC_PRESENTATION_REPRESENTATION (  '', ( #1117 ), #1450 ) ;
#2018 = CARTESIAN_POINT ( 'NONE',  ( 5.179434801663192367, 0.9064290159990536777, -1.558526001280534645 ) ) ;
#2019 = PLANE ( 'NONE',  #1982 ) ;
#2020 = CARTESIAN_POINT ( 'NONE',  ( 2.363455556252150203, 0.8964290159990536688, -2.440878640135158761 ) ) ;
#2021 = LINE ( 'NONE', #960, #6019 ) ;
#2022 = ADVANCED_FACE ( 'NONE', ( #29 ), #2121, .T. ) ;
#2023 = CARTESIAN_POINT ( 'NONE',  ( 4.215868094932423205, 0.9064290159990536777, -1.504252497007030343 ) ) ;
#2024 = ORIENTED_EDGE ( 'NONE', *, *, #1766, .F. ) ;
#2025 = LINE ( 'NONE', #4149, #4439 ) ;
#2026 = LINE ( 'NONE', #5223, #5904 ) ;
#2027 = CARTESIAN_POINT ( 'NONE',  ( -2.168404344971008868E-16, 0.8964290159990536688, -4.000000000000000000 ) ) ;
#2028 = DIRECTION ( 'NONE',  ( -0.2603341375417481118, 0.0000000000000000000, 0.9655185844044609222 ) ) ;
#2029 = LINE ( 'NONE', #3105, #2 ) ;
#2030 = VERTEX_POINT ( 'NONE', #2672 ) ;
#2031 = VERTEX_POINT ( 'NONE', #2159 ) ;
#2032 = CARTESIAN_POINT ( 'NONE',  ( 0.3479760344392396898, 0.9064290159990536777, -0.2153136262670329870 ) ) ;
#2033 = LINE ( 'NONE', #3212, #3595 ) ;
#2034 = VECTOR ( 'NONE', #4126, 1000.000000000000000 ) ;
#2035 = ORIENTED_EDGE ( 'NONE', *, *, #3700, .T. ) ;
#2036 = CARTESIAN_POINT ( 'NONE',  ( 3.700248603746525422, 0.9064290159990536777, -2.858054876846180203 ) ) ;
#2037 = VERTEX_POINT ( 'NONE', #3756 ) ;
#2038 = CARTESIAN_POINT ( 'NONE',  ( 4.352442280295671040, 0.9064290159990536777, -2.858054876846180203 ) ) ;
#2039 = ORIENTED_EDGE ( 'NONE', *, *, #2864, .F. ) ;
#2040 = CARTESIAN_POINT ( 'NONE',  ( 2.743801178508920469, 0.9064290159990536777, -2.363645101633097045 ) ) ;
#2041 = AXIS2_PLACEMENT_3D ( 'NONE', #422, #2089, #4081 ) ;
#2042 = DIRECTION ( 'NONE',  ( -0.0000000000000000000, -1.000000000000000000, -0.0000000000000000000 ) ) ;
#2043 = CARTESIAN_POINT ( 'NONE',  ( 1.116030114348765423, 0.9064290159990536777, -2.289757013397629049 ) ) ;
#2044 = EDGE_CURVE ( 'NONE', #988, #5302, #1219, .T. ) ;
#2045 = ORIENTED_EDGE ( 'NONE', *, *, #382, .T. ) ;
#2046 = VECTOR ( 'NONE', #6485, 1000.000000000000000 ) ;
#2047 = EDGE_CURVE ( 'NONE', #6335, #5948, #2951, .T. ) ;
#2048 = DIRECTION ( 'NONE',  ( -1.000000000000000000, 0.0000000000000000000, -0.0000000000000000000 ) ) ;
#2049 = DIRECTION ( 'NONE',  ( 1.000000000000000000, 0.0000000000000000000, 0.0000000000000000000 ) ) ;
#2050 = CARTESIAN_POINT ( 'NONE',  ( 3.283254246107636831, 0.9064290159990536777, -2.328888210179513862 ) ) ;
#2051 = CARTESIAN_POINT ( 'NONE',  ( 2.321410068628456447, 0.9064290159990537887, -2.515662290073239937 ) ) ;
#2052 = DIRECTION ( 'NONE',  ( 0.4804152582365231461, 0.0000000000000000000, 0.8770411504904059852 ) ) ;
#2053 = AXIS2_PLACEMENT_3D ( 'NONE', #5732, #5210, #441 ) ;
#2054 = EDGE_LOOP ( 'NONE', ( #6324, #5693, #1762, #869 ) ) ;
#2055 = FACE_OUTER_BOUND ( 'NONE', #1469, .T. ) ;
#2056 = LINE ( 'NONE', #4627, #5227 ) ;
#2057 = CARTESIAN_POINT ( 'NONE',  ( 2.298030339887187967, 0.9064290159990536777, -2.531582152752746229 ) ) ;
#2058 = ADVANCED_FACE ( 'NONE', ( #817 ), #6593, .T. ) ;
#2059 = DIRECTION ( 'NONE',  ( 0.8770197613181055507, 0.0000000000000000000, -0.4804543040264425691 ) ) ;
#2060 = LINE ( 'NONE', #5194, #5675 ) ;
#2061 = ORIENTED_EDGE ( 'NONE', *, *, #1710, .F. ) ;
#2062 = EDGE_CURVE ( 'NONE', #1464, #1301, #633, .T. ) ;
#2063 = VERTEX_POINT ( 'NONE', #3900 ) ;
#2064 = CARTESIAN_POINT ( 'NONE',  ( 4.762652449900371288, 0.9064290159990536777, -2.858054876846180203 ) ) ;
#2065 = PLANE ( 'NONE',  #223 ) ;
#2066 = VERTEX_POINT ( 'NONE', #4481 ) ;
#2067 = LINE ( 'NONE', #2595, #1895 ) ;
#2068 = VERTEX_POINT ( 'NONE', #5990 ) ;
#2069 = PLANE ( 'NONE',  #520 ) ;
#2070 = ORIENTED_EDGE ( 'NONE', *, *, #5145, .F. ) ;
#2071 = CARTESIAN_POINT ( 'NONE',  ( 2.610375514269963393, 0.8964290159990536688, -2.186919789205351794 ) ) ;
#2072 = CARTESIAN_POINT ( 'NONE',  ( 3.785686971802081136, 0.9064290159990536777, -2.599619713918829955 ) ) ;
#2073 = DIRECTION ( 'NONE',  ( -0.9689309171930785558, 0.0000000000000000000, -0.2473315137773177408 ) ) ;
#2074 = VERTEX_POINT ( 'NONE', #6031 ) ;
#2075 = EDGE_CURVE ( 'NONE', #4760, #226, #3404, .T. ) ;
#2076 = ORIENTED_EDGE ( 'NONE', *, *, #262, .F. ) ;
#2077 = DIRECTION ( 'NONE',  ( 0.4806015670138507057, 0.0000000000000000000, -0.8769390707362919590 ) ) ;
#2078 = DIRECTION ( 'NONE',  ( -0.0000000000000000000, -1.000000000000000000, -0.0000000000000000000 ) ) ;
#2079 = LINE ( 'NONE', #2050, #1307 ) ;
#2080 = CARTESIAN_POINT ( 'NONE',  ( 0.5249999999999992450, -0.01000000000000000021, -0.3000000000000001554 ) ) ;
#2081 = PRESENTATION_LAYER_ASSIGNMENT (  '', '', ( #3642 ) ) ;
#2082 = ADVANCED_FACE ( 'NONE', ( #1246 ), #5072, .T. ) ;
#2083 = CARTESIAN_POINT ( 'NONE',  ( 0.4116588449364766422, 0.9064290159990534557, -0.2303438525085806654 ) ) ;
#2084 = EDGE_CURVE ( 'NONE', #2677, #167, #1306, .T. ) ;
#2085 = CARTESIAN_POINT ( 'NONE',  ( 0.3999819281260835191, 0.8964290159990537799, -0.2247490116503495783 ) ) ;
#2086 = ORIENTED_EDGE ( 'NONE', *, *, #2195, .T. ) ;
#2087 = LINE ( 'NONE', #3132, #2213 ) ;
#2088 = CARTESIAN_POINT ( 'NONE',  ( 0.0000000000000000000, 0.9064290159990534557, 0.0000000000000000000 ) ) ;
#2089 = DIRECTION ( 'NONE',  ( 0.0000000000000000000, 0.0000000000000000000, -1.000000000000000000 ) ) ;
#2090 = AXIS2_PLACEMENT_3D ( 'NONE', #5084, #3415, #5577 ) ;
#2091 = EDGE_CURVE ( 'NONE', #1934, #4440, #1211, .T. ) ;
#2092 = CARTESIAN_POINT ( 'NONE',  ( 3.790266298725157856, 0.8964290159990536688, -2.033419163673696684 ) ) ;
#2093 = SURFACE_STYLE_USAGE ( .BOTH. , #6877 ) ;
#2094 = ORIENTED_EDGE ( 'NONE', *, *, #3897, .T. ) ;
#2095 = DIRECTION ( 'NONE',  ( 0.4804543040264410148, 0.0000000000000000000, 0.8770197613181063279 ) ) ;
#2096 = ORIENTED_EDGE ( 'NONE', *, *, #3483, .F. ) ;
#2097 = PLANE ( 'NONE',  #5555 ) ;
#2098 = VECTOR ( 'NONE', #2954, 1000.000000000000000 ) ;
#2099 = LINE ( 'NONE', #46, #6468 ) ;
#2100 = VECTOR ( 'NONE', #3082, 1000.000000000000000 ) ;
#2101 = ORIENTED_EDGE ( 'NONE', *, *, #6023, .T. ) ;
#2102 = EDGE_CURVE ( 'NONE', #5812, #3922, #3337, .T. ) ;
#2103 = CARTESIAN_POINT ( 'NONE',  ( 4.281441512400371963, 0.8964290159990536688, -2.858054876846180203 ) ) ;
#2104 = ORIENTED_EDGE ( 'NONE', *, *, #4169, .F. ) ;
#2105 = CARTESIAN_POINT ( 'NONE',  ( 0.2749999999999994116, -0.01000000000000000021, -1.574999999999999956 ) ) ;
#2106 = ORIENTED_EDGE ( 'NONE', *, *, #234, .F. ) ;
#2107 = CARTESIAN_POINT ( 'NONE',  ( 2.743801178508920469, 0.9064290159990536777, -2.363645101633097045 ) ) ;
#2108 = CARTESIAN_POINT ( 'NONE',  ( 3.990166639270030124, 0.9064290159990536777, -2.328888210179513862 ) ) ;
#2109 = AXIS2_PLACEMENT_3D ( 'NONE', #4088, #5751, #5135 ) ;
#2110 = DIRECTION ( 'NONE',  ( -0.0000000000000000000, 1.000000000000000000, -0.0000000000000000000 ) ) ;
#2111 = VECTOR ( 'NONE', #2801, 1000.000000000000114 ) ;
#2112 = EDGE_LOOP ( 'NONE', ( #2868, #3836, #3329, #499 ) ) ;
#2113 = ORIENTED_EDGE ( 'NONE', *, *, #5145, .T. ) ;
#2114 = VECTOR ( 'NONE', #5251, 1000.000000000000114 ) ;
#2115 = DIRECTION ( 'NONE',  ( 0.0000000000000000000, 0.0000000000000000000, 1.000000000000000000 ) ) ;
#2116 = LINE ( 'NONE', #4241, #873 ) ;
#2117 =( LENGTH_UNIT ( ) NAMED_UNIT ( * ) SI_UNIT ( .MILLI., .METRE. ) );
#2118 = PRESENTATION_LAYER_ASSIGNMENT (  '', '', ( #4124 ) ) ;
#2119 = CARTESIAN_POINT ( 'NONE',  ( 3.693464415712337523, 0.9064290159990536777, -2.328888210179513862 ) ) ;
#2120 = CARTESIAN_POINT ( 'NONE',  ( 2.683245108800997425, 0.8964290159990537799, -2.675004799086445395 ) ) ;
#2121 = PLANE ( 'NONE',  #3787 ) ;
#2122 = VECTOR ( 'NONE', #4218, 1000.000000000000000 ) ;
#2123 = AXIS2_PLACEMENT_3D ( 'NONE', #316, #1817, #5014 ) ;
#2124 = ORIENTED_EDGE ( 'NONE', *, *, #4857, .T. ) ;
#2125 = CARTESIAN_POINT ( 'NONE',  ( 2.160045924041436471, 0.9064290159990536777, -2.871133540190379030 ) ) ;
#2126 = ORIENTED_EDGE ( 'NONE', *, *, #6311, .T. ) ;
#2127 = LINE ( 'NONE', #6250, #6221 ) ;
#2128 = CARTESIAN_POINT ( 'NONE',  ( 2.265420598961604526, 0.8964290159990538909, -2.303888762167747739 ) ) ;
#2129 = LINE ( 'NONE', #6418, #6173 ) ;
#2130 = AXIS2_PLACEMENT_3D ( 'NONE', #2499, #1436, #2530 ) ;
#2131 = DIRECTION ( 'NONE',  ( -0.8770411504904065403, 0.0000000000000000000, -0.4804152582365220359 ) ) ;
#2132 = DIRECTION ( 'NONE',  ( 1.000000000000000000, 0.0000000000000000000, 0.0000000000000000000 ) ) ;
#2133 = EDGE_CURVE ( 'NONE', #4409, #819, #4451, .T. ) ;
#2134 = EDGE_LOOP ( 'NONE', ( #3218, #918, #3565, #333 ) ) ;
#2135 = EDGE_CURVE ( 'NONE', #304, #1174, #5528, .T. ) ;
#2136 = CARTESIAN_POINT ( 'NONE',  ( 4.408517834515755851, 0.9064290159990536777, -2.858054876846180203 ) ) ;
#2137 = ORIENTED_EDGE ( 'NONE', *, *, #1332, .F. ) ;
#2138 = DIRECTION ( 'NONE',  ( -1.000000000000000000, 0.0000000000000000000, 0.0000000000000000000 ) ) ;
#2139 = LINE ( 'NONE', #4261, #1026 ) ;
#2140 = LINE ( 'NONE', #4262, #2233 ) ;
#2141 = B_SPLINE_CURVE_WITH_KNOTS ( 'NONE', 3,
 ( #4222, #3698, #1120, #1531, #5825, #2176, #5857, #1501, #571, #3110, #3665, #530, #6294, #1079, #3250, #977, #2690, #5233, #431 ),
 .UNSPECIFIED., .F., .F.,
 ( 4, 1, 1, 1, 1, 1, 1, 1, 1, 1, 1, 1, 1, 1, 1, 1, 4 ),
 ( 0.0000000000000000000, 0.06545067193457762555, 0.1288958124905210112, 0.1913585873256530290, 0.2525944778565472060, 0.3142420428755802742, 0.3755687389020074818, 0.4385396774333752967, 0.5033612627514746363, 0.5677777153087145701, 0.6305474939262083467, 0.6915350459258837734, 0.7520395865642741651, 0.8124960322069119112, 0.8736078796181330208, 0.9360564797679853388, 1.000000000000000000 ),
 .UNSPECIFIED. ) ;
#2142 = ORIENTED_EDGE ( 'NONE', *, *, #2721, .F. ) ;
#2143 = DIRECTION ( 'NONE',  ( -1.000000000000000000, 0.0000000000000000000, 0.0000000000000000000 ) ) ;
#2144 = ORIENTED_EDGE ( 'NONE', *, *, #3445, .F. ) ;
#2145 = PLANE ( 'NONE',  #852 ) ;
#2146 = ORIENTED_EDGE ( 'NONE', *, *, #4484, .T. ) ;
#2147 = CARTESIAN_POINT ( 'NONE',  ( 2.265420598961604526, 0.9064290159990538998, -2.303888762167747739 ) ) ;
#2148 = CARTESIAN_POINT ( 'NONE',  ( 0.3748753590688813087, 0.9064290159990535667, -0.4780626689146624808 ) ) ;
#2149 = EDGE_CURVE ( 'NONE', #4440, #3239, #4139, .T. ) ;
#2150 = CARTESIAN_POINT ( 'NONE',  ( 2.232658947348486134, 0.9064290159990537887, -2.023615727269730602 ) ) ;
#2151 = ORIENTED_EDGE ( 'NONE', *, *, #1745, .F. ) ;
#2152 = ORIENTED_EDGE ( 'NONE', *, *, #3614, .T. ) ;
#2153 = CARTESIAN_POINT ( 'NONE',  ( 2.781971102470304658, 0.9064290159990535667, -1.845927833288978359 ) ) ;
#2154 = VECTOR ( 'NONE', #2931, 1000.000000000000000 ) ;
#2155 = LINE ( 'NONE', #4352, #6120 ) ;
#2156 = EDGE_CURVE ( 'NONE', #1613, #5470, #5284, .T. ) ;
#2157 = PLANE ( 'NONE',  #6328 ) ;
#2158 = LINE ( 'NONE', #4279, #489 ) ;
#2159 = CARTESIAN_POINT ( 'NONE',  ( 2.324999999999998845, -0.01000000000000000021, -1.500000000000000000 ) ) ;
#2160 = VECTOR ( 'NONE', #929, 1000.000000000000000 ) ;
#2161 = VERTEX_POINT ( 'NONE', #888 ) ;
#2162 = PLANE ( 'NONE',  #683 ) ;
#2163 = EDGE_LOOP ( 'NONE', ( #3455, #57, #5788, #1693 ) ) ;
#2164 = DIRECTION ( 'NONE',  ( -1.000000000000000000, 0.0000000000000000000, 0.0000000000000000000 ) ) ;
#2165 = FACE_OUTER_BOUND ( 'NONE', #6186, .T. ) ;
#2166 = VECTOR ( 'NONE', #6196, 1000.000000000000000 ) ;
#2167 = CARTESIAN_POINT ( 'NONE',  ( 6.500000000000000888, 0.0000000000000000000, 0.0000000000000000000 ) ) ;
#2168 = PLANE ( 'NONE',  #4202 ) ;
#2170 = EDGE_CURVE ( 'NONE', #1504, #2521, #850, .T. ) ;
#2169 = PLANE ( 'NONE',  #997 ) ;
#2171 = EDGE_LOOP ( 'NONE', ( #6594, #4122, #3147, #1619 ) ) ;
#2172 = CARTESIAN_POINT ( 'NONE',  ( 4.215868094932423205, 0.9064290159990536777, -1.504252497007030343 ) ) ;
#2173 = VERTEX_POINT ( 'NONE', #953 ) ;
#2174 = CARTESIAN_POINT ( 'NONE',  ( 0.2176907310085976210, 0.9064290159990537887, -0.3089286993237542744 ) ) ;
#2175 = CARTESIAN_POINT ( 'NONE',  ( 5.045786297389687647, 0.9064290159990536777, -2.858054876846180203 ) ) ;
#2176 = CARTESIAN_POINT ( 'NONE',  ( 0.2957362652832027372, 0.9064290159990536777, -0.2247786295356906661 ) ) ;
#2177 = EDGE_CURVE ( 'NONE', #5107, #6764, #3641, .T. ) ;
#2178 = EDGE_CURVE ( 'NONE', #325, #4970, #3022, .T. ) ;
#2179 = ORIENTED_EDGE ( 'NONE', *, *, #3919, .F. ) ;
#2180 = DIRECTION ( 'NONE',  ( -0.0000000000000000000, -1.000000000000000000, -0.0000000000000000000 ) ) ;
#2181 = ORIENTED_EDGE ( 'NONE', *, *, #2013, .F. ) ;
#2182 = ORIENTED_EDGE ( 'NONE', *, *, #6149, .T. ) ;
#2183 = CARTESIAN_POINT ( 'NONE',  ( 3.888743028158919035, 0.8964290159990536688, -1.504252497007030343 ) ) ;
#2184 = DIRECTION ( 'NONE',  ( -0.0000000000000000000, -1.000000000000000000, -0.0000000000000000000 ) ) ;
#2185 = FACE_OUTER_BOUND ( 'NONE', #6198, .T. ) ;
#2186 = ORIENTED_EDGE ( 'NONE', *, *, #1179, .T. ) ;
#2187 = ORIENTED_EDGE ( 'NONE', *, *, #6787, .T. ) ;
#2188 = CARTESIAN_POINT ( 'NONE',  ( 2.778897923333012443, 0.9064290159990533446, -1.895011012843492271 ) ) ;
#2189 = FACE_OUTER_BOUND ( 'NONE', #3205, .T. ) ;
#2190 = FACE_OUTER_BOUND ( 'NONE', #2926, .T. ) ;
#2191 = CARTESIAN_POINT ( 'NONE',  ( 0.0000000000000000000, 0.9064290159990536777, 0.0000000000000000000 ) ) ;
#2192 = CARTESIAN_POINT ( 'NONE',  ( 2.307278059588227404, 0.8964290159990538909, -2.862997201718850526 ) ) ;
#2193 = CARTESIAN_POINT ( 'NONE',  ( 2.621769303883636049, 0.8964290159990534468, -2.195216036061463871 ) ) ;
#2194 = ORIENTED_EDGE ( 'NONE', *, *, #5234, .F. ) ;
#2195 = EDGE_CURVE ( 'NONE', #4964, #6550, #5243, .T. ) ;
#2196 = VERTEX_POINT ( 'NONE', #4617 ) ;
#2197 = LINE ( 'NONE', #4319, #5436 ) ;
#2198 = CARTESIAN_POINT ( 'NONE',  ( 2.324871322367723536, 0.9064290159990540108, -1.802428065509391608 ) ) ;
#2199 = CARTESIAN_POINT ( 'NONE',  ( 2.374727819290972430, 0.8964290159990535578, -2.851190687125702894 ) ) ;
#2200 = CARTESIAN_POINT ( 'NONE',  ( 2.222194865951872433, 0.8964290159990535578, -1.776728916256373525 ) ) ;
#2201 = ORIENTED_EDGE ( 'NONE', *, *, #542, .F. ) ;
#2202 = CARTESIAN_POINT ( 'NONE',  ( 5.131945485423875297, 0.8964290159990536688, -2.033419163673696684 ) ) ;
#2203 = LINE ( 'NONE', #1605, #6164 ) ;
#2204 = DIRECTION ( 'NONE',  ( -1.000000000000000000, 0.0000000000000000000, -7.228014483236696555E-16 ) ) ;
#2205 = DIRECTION ( 'NONE',  ( -0.0000000000000000000, -1.000000000000000000, -0.0000000000000000000 ) ) ;
#2206 = VECTOR ( 'NONE', #4286, 1000.000000000000000 ) ;
#2207 = CARTESIAN_POINT ( 'NONE',  ( 0.3209391932496133970, 0.9064290159990538998, -0.4780468488532353954 ) ) ;
#2208 = VECTOR ( 'NONE', #6598, 1000.000000000000000 ) ;
#2209 = EDGE_CURVE ( 'NONE', #6327, #4185, #1973, .T. ) ;
#2210 = ORIENTED_EDGE ( 'NONE', *, *, #3462, .T. ) ;
#2211 = DIRECTION ( 'NONE',  ( -0.8771175078130485359, 0.0000000000000000000, 0.4802758347947843065 ) ) ;
#2212 = EDGE_LOOP ( 'NONE', ( #1241, #3840, #158, #5324 ) ) ;
#2213 = VECTOR ( 'NONE', #3689, 1000.000000000000000 ) ;
#2214 = DIRECTION ( 'NONE',  ( -0.4804543040264409592, 0.0000000000000000000, 0.8770197613181063279 ) ) ;
#2215 = EDGE_LOOP ( 'NONE', ( #5170, #3178, #4348, #335 ) ) ;
#2216 = EDGE_CURVE ( 'NONE', #364, #5812, #4069, .T. ) ;
#2217 = CARTESIAN_POINT ( 'NONE',  ( 2.731532069857783629, 0.9064290159990535667, -2.334558070265994267 ) ) ;
#2218 = EDGE_CURVE ( 'NONE', #2496, #2794, #4544, .T. ) ;
#2219 = CARTESIAN_POINT ( 'NONE',  ( 2.160045924041436471, 0.8964290159990536688, -2.871133540190379030 ) ) ;
#2220 = CARTESIAN_POINT ( 'NONE',  ( 0.3615838348303286875, 0.8964290159990536688, -0.4799215218405638583 ) ) ;
#2221 = STYLED_ITEM ( 'NONE', ( #1338 ), #4111 ) ;
#2222 = EDGE_LOOP ( 'NONE', ( #1264, #6715, #4700, #5991 ) ) ;
#2223 = ORIENTED_EDGE ( 'NONE', *, *, #1747, .T. ) ;
#2224 = CARTESIAN_POINT ( 'NONE',  ( 2.309572505812466758, 0.8964290159990533358, -1.453287826326651766 ) ) ;
#2225 = AXIS2_PLACEMENT_3D ( 'NONE', #2380, #248, #4919 ) ;
#2226 = DIRECTION ( 'NONE',  ( -1.000000000000000000, 0.0000000000000000000, 0.0000000000000000000 ) ) ;
#2227 = EDGE_CURVE ( 'NONE', #1656, #3124, #6234, .T. ) ;
#2228 = LINE ( 'NONE', #4966, #3474 ) ;
#2229 = LINE ( 'NONE', #620, #5671 ) ;
#2230 = CARTESIAN_POINT ( 'NONE',  ( 5.049999999999999822, 0.0000000000000000000, -2.364999999999998881 ) ) ;
#2231 = EDGE_CURVE ( 'NONE', #531, #6676, #1446, .T. ) ;
#2232 = CARTESIAN_POINT ( 'NONE',  ( 2.693403633267610342, 0.8964290159990537799, -2.263977581951986728 ) ) ;
#2233 = VECTOR ( 'NONE', #6394, 1000.000000000000000 ) ;
#2234 = ORIENTED_EDGE ( 'NONE', *, *, #3504, .F. ) ;
#2235 = PLANE ( 'NONE',  #893 ) ;
#2236 = VERTEX_POINT ( 'NONE', #6269 ) ;
#2237 = LINE ( 'NONE', #4910, #2880 ) ;
#2238 = LINE ( 'NONE', #3726, #6134 ) ;
#2239 = ORIENTED_EDGE ( 'NONE', *, *, #708, .T. ) ;
#2240 = VECTOR ( 'NONE', #6454, 1000.000000000000114 ) ;
#2241 = CARTESIAN_POINT ( 'NONE',  ( 2.304997170085237190, 0.9064290159990533446, -1.793689468512026375 ) ) ;
#2242 = EDGE_CURVE ( 'NONE', #616, #6193, #5106, .T. ) ;
#2243 = MECHANICAL_DESIGN_GEOMETRIC_PRESENTATION_REPRESENTATION (  '', ( #3791 ), #3904 ) ;
#2244 = DIRECTION ( 'NONE',  ( -0.0000000000000000000, 1.000000000000000000, -0.0000000000000000000 ) ) ;
#2245 = DIRECTION ( 'NONE',  ( 0.0000000000000000000, 0.0000000000000000000, 1.000000000000000000 ) ) ;
#2246 = EDGE_LOOP ( 'NONE', ( #3866, #4031, #3256, #5378 ) ) ;
#2247 = DIRECTION ( 'NONE',  ( 1.000000000000000000, 0.0000000000000000000, -0.0000000000000000000 ) ) ;
#2248 = CARTESIAN_POINT ( 'NONE',  ( 4.706576895680285588, 0.9064290159990536777, -2.858054876846180203 ) ) ;
#2249 = COLOUR_RGB ( '',1.000000000000000000, 1.000000000000000000, 1.000000000000000000 ) ;
#2250 = CARTESIAN_POINT ( 'NONE',  ( 2.140555577311728630, 0.9064290159990536777, -2.289757013397629049 ) ) ;
#2251 = CARTESIAN_POINT ( 'NONE',  ( 1.053968747130483052, 0.9064290159990536777, -2.023816361309370926 ) ) ;
#2252 = CARTESIAN_POINT ( 'NONE',  ( 0.3876943767318052347, 0.9064290159990534557, -0.2204862992083796158 ) ) ;
#2253 = ORIENTED_EDGE ( 'NONE', *, *, #5607, .T. ) ;
#2254 = LINE ( 'NONE', #5939, #6016 ) ;
#2255 = ORIENTED_EDGE ( 'NONE', *, *, #4904, .F. ) ;
#2256 = ORIENTED_EDGE ( 'NONE', *, *, #6100, .T. ) ;
#2257 = LINE ( 'NONE', #6402, #3213 ) ;
#2258 = CARTESIAN_POINT ( 'NONE',  ( 5.131945485423875297, 0.9064290159990536777, -1.504252497007030343 ) ) ;
#2259 = VERTEX_POINT ( 'NONE', #2468 ) ;
#2260 = EDGE_LOOP ( 'NONE', ( #6256, #1028, #338, #1810 ) ) ;
#2261 = CARTESIAN_POINT ( 'NONE',  ( 2.481346009911820527, 0.8964290159990533358, -1.481067670026958938 ) ) ;
#2262 = LINE ( 'NONE', #1057, #1774 ) ;
#2263 = CARTESIAN_POINT ( 'NONE',  ( 2.343988768880530760, 0.8964290159990537799, -1.985052281995777657 ) ) ;
#2264 = DIRECTION ( 'NONE',  ( 0.4802758347947843065, 0.0000000000000000000, 0.8771175078130485359 ) ) ;
#2265 = EDGE_CURVE ( 'NONE', #6472, #4193, #5700, .T. ) ;
#2266 = EDGE_CURVE ( 'NONE', #3776, #3638, #2536, .T. ) ;
#2267 = EDGE_LOOP ( 'NONE', ( #417, #5387, #5836, #3818 ) ) ;
#2268 = CARTESIAN_POINT ( 'NONE',  ( 4.988417507325585198, 0.8964290159990536688, -2.033419163673696684 ) ) ;
#2269 = ORIENTED_EDGE ( 'NONE', *, *, #5766, .F. ) ;
#2270 = CARTESIAN_POINT ( 'NONE',  ( 4.924999999999998934, -0.01000000000000000021, -1.635000000000000231 ) ) ;
#2271 = CARTESIAN_POINT ( 'NONE',  ( 6.500000000000000000, 0.0000000000000000000, -4.000000000000000000 ) ) ;
#2272 = DIRECTION ( 'NONE',  ( 0.9290796217259642553, -0.0000000000000000000, 0.3698797865436000420 ) ) ;
#2273 = CARTESIAN_POINT ( 'NONE',  ( 3.998307664911055603, 0.8964290159990536688, -2.858054876846180203 ) ) ;
#2274 = EDGE_CURVE ( 'NONE', #4326, #1926, #5351, .T. ) ;
#2275 = CARTESIAN_POINT ( 'NONE',  ( 2.379403231276201680, 0.8964290159990537799, -1.885646113616317621 ) ) ;
#2276 = VERTEX_POINT ( 'NONE', #4304 ) ;
#2277 = VECTOR ( 'NONE', #3444, 1000.000000000000000 ) ;
#2278 = LINE ( 'NONE', #3876, #3569 ) ;
#2279 = PLANE ( 'NONE',  #5774 ) ;
#2280 = CARTESIAN_POINT ( 'NONE',  ( 3.000000000000000000, -0.01000000000000000021, -3.700000000000000178 ) ) ;
#2281 = CARTESIAN_POINT ( 'NONE',  ( 0.2146080418045827332, 0.8964290159990535578, -0.3743001757332392598 ) ) ;
#2282 = ORIENTED_EDGE ( 'NONE', *, *, #3843, .T. ) ;
#2283 = ADVANCED_FACE ( 'NONE', ( #2185 ), #2737, .T. ) ;
#2284 = DIRECTION ( 'NONE',  ( 1.000000000000000000, 0.0000000000000000000, 0.0000000000000000000 ) ) ;
#2285 = EDGE_LOOP ( 'NONE', ( #5030, #5286, #4036, #1470 ) ) ;
#2286 = UNCERTAINTY_MEASURE_WITH_UNIT (LENGTH_MEASURE( 1.000000000000000082E-05 ), #3367, 'distance_accuracy_value', 'NONE');
#2287 = EDGE_CURVE ( 'NONE', #4010, #3624, #6212, .T. ) ;
#2288 = ORIENTED_EDGE ( 'NONE', *, *, #4184, .T. ) ;
#2289 = CARTESIAN_POINT ( 'NONE',  ( 2.610375514269963393, 0.9064290159990536777, -2.186919789205351794 ) ) ;
#2290 = DIRECTION ( 'NONE',  ( 0.0000000000000000000, 0.0000000000000000000, -1.000000000000000000 ) ) ;
#2291 = ORIENTED_EDGE ( 'NONE', *, *, #1030, .F. ) ;
#2292 = EDGE_LOOP ( 'NONE', ( #5942, #5583, #1645, #5240 ) ) ;
#2293 = DIRECTION ( 'NONE',  ( 0.0000000000000000000, -0.0000000000000000000, 1.000000000000000000 ) ) ;
#2294 = PLANE ( 'NONE',  #1880 ) ;
#2295 = CARTESIAN_POINT ( 'NONE',  ( 2.359867328214653170, 0.9064290159990538998, -2.394566745818370368 ) ) ;
#2296 = PLANE ( 'NONE',  #5944 ) ;
#2297 = CARTESIAN_POINT ( 'NONE',  ( 2.747213509810505716, 0.8964290159990536688, -1.998546285728580063 ) ) ;
#2298 = ADVANCED_FACE ( 'NONE', ( #6861 ), #5308, .T. ) ;
#2299 = ORIENTED_EDGE ( 'NONE', *, *, #5246, .T. ) ;
#2300 = CARTESIAN_POINT ( 'NONE',  ( 2.292888024120238732, 0.8964290159990536688, -1.452954363673436777 ) ) ;
#2301 = ORIENTED_EDGE ( 'NONE', *, *, #3483, .T. ) ;
#2302 = PLANE ( 'NONE',  #975 ) ;
#2303 = PLANE ( 'NONE',  #6456 ) ;
#2304 = EDGE_CURVE ( 'NONE', #5340, #288, #4196, .T. ) ;
#2305 = LINE ( 'NONE', #2339, #6738 ) ;
#2306 = EDGE_CURVE ( 'NONE', #2066, #2794, #6333, .T. ) ;
#2307 = CARTESIAN_POINT ( 'NONE',  ( 2.185535045148225386, 0.9064290159990536777, -2.870705500838037327 ) ) ;
#2308 = LINE ( 'NONE', #5640, #5007 ) ;
#2309 = ORIENTED_EDGE ( 'NONE', *, *, #1590, .F. ) ;
#2310 = CARTESIAN_POINT ( 'NONE',  ( 2.374727819290972430, 0.9064290159990535667, -2.851190687125702894 ) ) ;
#2311 = CARTESIAN_POINT ( 'NONE',  ( 1.053968747130483052, 0.9064290159990536777, -2.023816361309370926 ) ) ;
#2312 = CARTESIAN_POINT ( 'NONE',  ( 3.290038434141824730, 0.8964290159990536688, -2.858054876846180203 ) ) ;
#2313 = FACE_OUTER_BOUND ( 'NONE', #5238, .T. ) ;
#2314 = EDGE_CURVE ( 'NONE', #5948, #4746, #1582, .T. ) ;
#2315 = AXIS2_PLACEMENT_3D ( 'NONE', #6640, #361, #5582 ) ;
#2316 = ORIENTED_EDGE ( 'NONE', *, *, #6880, .T. ) ;
#2317 = DIRECTION ( 'NONE',  ( -0.8771107020363836382, 0.0000000000000000000, 0.4802882638304235008 ) ) ;
#2318 = ORIENTED_EDGE ( 'NONE', *, *, #1711, .F. ) ;
#2319 = AXIS2_PLACEMENT_3D ( 'NONE', #3309, #5401, #667 ) ;
#2320 = EDGE_LOOP ( 'NONE', ( #1031, #6330, #1818, #6125 ) ) ;
#2321 =( NAMED_UNIT ( * ) PLANE_ANGLE_UNIT ( ) SI_UNIT ( $, .RADIAN. ) );
#2322 = CARTESIAN_POINT ( 'NONE',  ( 3.290038434141824730, 0.8964290159990536688, -2.858054876846180203 ) ) ;
#2323 = LINE ( 'NONE', #115, #2673 ) ;
#2324 = EDGE_CURVE ( 'NONE', #1301, #910, #5623, .T. ) ;
#2325 = AXIS2_PLACEMENT_3D ( 'NONE', #4861, #6409, #482 ) ;
#2326 = ORIENTED_EDGE ( 'NONE', *, *, #1184, .F. ) ;
#2327 = VERTEX_POINT ( 'NONE', #6404 ) ;
#2328 = CARTESIAN_POINT ( 'NONE',  ( 0.3479760344392396898, 0.8964290159990536688, -0.4802988874070792669 ) ) ;
#2329 = DIRECTION ( 'NONE',  ( 0.4802882638304245555, 0.0000000000000000000, -0.8771107020363828610 ) ) ;
#2330 = LINE ( 'NONE', #4448, #4584 ) ;
#2331 = VECTOR ( 'NONE', #5077, 1000.000000000000114 ) ;
#2332 = DIRECTION ( 'NONE',  ( 0.0000000000000000000, 0.0000000000000000000, -1.000000000000000000 ) ) ;
#2333 = COLOUR_RGB ( '',1.000000000000000000, 1.000000000000000000, 1.000000000000000000 ) ;
#2334 = ORIENTED_EDGE ( 'NONE', *, *, #22, .F. ) ;
#2335 =( GEOMETRIC_REPRESENTATION_CONTEXT ( 3 ) GLOBAL_UNCERTAINTY_ASSIGNED_CONTEXT ( ( #2286 ) ) GLOBAL_UNIT_ASSIGNED_CONTEXT ( ( #3367, #745, #6552 ) ) REPRESENTATION_CONTEXT ( 'NONE', 'WORKASPACE' ) );
#2336 = CARTESIAN_POINT ( 'NONE',  ( 0.2277772049626180517, 0.8964290159990535578, -0.4102709329366120428 ) ) ;
#2337 = DIRECTION ( 'NONE',  ( -0.2578433336118817754, 0.0000000000000000000, -0.9661867393583456476 ) ) ;
#2338 = CARTESIAN_POINT ( 'NONE',  ( 3.347810035370457182, 0.9064290159990536777, -2.033419163673696684 ) ) ;
#2339 = CARTESIAN_POINT ( 'NONE',  ( 5.179434801663192367, 0.9064290159990536777, -2.033419163673696684 ) ) ;
#2340 = VECTOR ( 'NONE', #1460, 1000.000000000000000 ) ;
#2341 = VECTOR ( 'NONE', #6013, 1000.000000000000000 ) ;
#2342 = SURFACE_STYLE_USAGE ( .BOTH. , #3976 ) ;
#2343 = ORIENTED_EDGE ( 'NONE', *, *, #2853, .T. ) ;
#2344 = STYLED_ITEM ( 'NONE', ( #3396 ), #2368 ) ;
#2345 = CARTESIAN_POINT ( 'NONE',  ( 2.780858161857380662, 0.8964290159990536688, -1.798041079415438892 ) ) ;
#2346 = DIRECTION ( 'NONE',  ( -0.4804152582365241453, 0.0000000000000000000, 0.8770411504904053190 ) ) ;
#2347 = PRESENTATION_STYLE_ASSIGNMENT (( #5441 ) ) ;
#2348 = DIRECTION ( 'NONE',  ( -0.2570842515897335812, 0.0000000000000000000, -0.9663889939276764096 ) ) ;
#2349 = VECTOR ( 'NONE', #4767, 1000.000000000000000 ) ;
#2350 = VECTOR ( 'NONE', #1258, 1000.000000000000114 ) ;
#2351 = ORIENTED_EDGE ( 'NONE', *, *, #4546, .T. ) ;
#2352 = ADVANCED_FACE ( 'NONE', ( #1617 ), #579, .F. ) ;
#2353 = FACE_OUTER_BOUND ( 'NONE', #4281, .T. ) ;
#2354 = ORIENTED_EDGE ( 'NONE', *, *, #6862, .F. ) ;
#2355 = ORIENTED_EDGE ( 'NONE', *, *, #2324, .T. ) ;
#2356 = SURFACE_SIDE_STYLE ('',( #4960 ) ) ;
#2357 = FACE_BOUND ( 'NONE', #236, .T. ) ;
#2358 = FACE_OUTER_BOUND ( 'NONE', #5138, .T. ) ;
#2359 = ORIENTED_EDGE ( 'NONE', *, *, #6830, .T. ) ;
#2360 = ORIENTED_EDGE ( 'NONE', *, *, #4797, .T. ) ;
#2361 = CARTESIAN_POINT ( 'NONE',  ( 0.4832289281461383257, 0.9064290159990536777, -0.3480185847706619429 ) ) ;
#2362 = DIRECTION ( 'NONE',  ( -1.000000000000000000, 0.0000000000000000000, 0.0000000000000000000 ) ) ;
#2363 = CARTESIAN_POINT ( 'NONE',  ( 2.304193034037881116, 0.8964290159990537799, -2.010180642763575332 ) ) ;
#2364 = EDGE_CURVE ( 'NONE', #1934, #691, #55, .T. ) ;
#2365 = SURFACE_STYLE_USAGE ( .BOTH. , #1838 ) ;
#2366 = DIRECTION ( 'NONE',  ( -0.4804152582365220359, 0.0000000000000000000, -0.8770411504904065403 ) ) ;
#2367 = EDGE_LOOP ( 'NONE', ( #5417, #709, #6719, #6895, #3786, #3851, #2904, #3736, #5075, #1398, #3363, #3532, #5728 ) ) ;
#2368 = ADVANCED_FACE ( 'NONE', ( #6090 ), #4412, .F. ) ;
#2369 = CARTESIAN_POINT ( 'NONE',  ( 0.2957407109046405469, 0.8964290159990537799, -0.4708263996724375011 ) ) ;
#2370 = CARTESIAN_POINT ( 'NONE',  ( 4.049867493970884524, 0.8964290159990536688, -1.908971714421560328 ) ) ;
#2371 = LINE ( 'NONE', #3410, #764 ) ;
#2372 = CARTESIAN_POINT ( 'NONE',  ( 2.757924682609329547, 0.9064290159990536777, -1.974536038190526588 ) ) ;
#2373 = VECTOR ( 'NONE', #6122, 1000.000000000000000 ) ;
#2374 = CARTESIAN_POINT ( 'NONE',  ( 4.344301254654644673, 0.8964290159990536688, -2.328888210179513862 ) ) ;
#2375 = SURFACE_STYLE_FILL_AREA ( #1256 ) ;
#2376 = ORIENTED_EDGE ( 'NONE', *, *, #3116, .F. ) ;
#2377 = DIRECTION ( 'NONE',  ( 0.4804543040264410148, 0.0000000000000000000, 0.8770197613181063279 ) ) ;
#2378 = DIRECTION ( 'NONE',  ( -0.8770411504904054301, 0.0000000000000000000, -0.4804152582365242008 ) ) ;
#2379 = VECTOR ( 'NONE', #1521, 1000.000000000000000 ) ;
#2380 = CARTESIAN_POINT ( 'NONE',  ( 1.186810847209285313, 0.9064290159990536777, -2.550312174942152676 ) ) ;
#2381 = CARTESIAN_POINT ( 'NONE',  ( 0.0000000000000000000, 0.0000000000000000000, 0.0000000000000000000 ) ) ;
#2382 = EDGE_CURVE ( 'NONE', #4185, #1738, #3929, .T. ) ;
#2383 = DIRECTION ( 'NONE',  ( -0.4804543040264409592, 0.0000000000000000000, 0.8770197613181063279 ) ) ;
#2384 = STYLED_ITEM ( 'NONE', ( #5562 ), #1182 ) ;
#2385 = VERTEX_POINT ( 'NONE', #3857 ) ;
#2386 = CARTESIAN_POINT ( 'NONE',  ( 0.2619509183151308429, 0.9064290159990538998, -0.4506697278936671602 ) ) ;
#2387 = ORIENTED_EDGE ( 'NONE', *, *, #842, .F. ) ;
#2388 = ORIENTED_EDGE ( 'NONE', *, *, #1408, .T. ) ;
#2389 = FACE_OUTER_BOUND ( 'NONE', #4086, .T. ) ;
#2390 = ADVANCED_FACE ( 'NONE', ( #2358 ), #6057, .F. ) ;
#2391 = AXIS2_PLACEMENT_3D ( 'NONE', #5383, #3674, #6332 ) ;
#2392 = FACE_OUTER_BOUND ( 'NONE', #2723, .T. ) ;
#2393 = EDGE_CURVE ( 'NONE', #1603, #2074, #2323, .T. ) ;
#2394 = ORIENTED_EDGE ( 'NONE', *, *, #2209, .T. ) ;
#2395 = ORIENTED_EDGE ( 'NONE', *, *, #2638, .F. ) ;
#2396 = CARTESIAN_POINT ( 'NONE',  ( 0.4832289281461383257, 0.8964290159990536688, -0.3480185847706619429 ) ) ;
#2397 = CARTESIAN_POINT ( 'NONE',  ( 2.755314496048444362, 0.9064290159990536777, -2.456181138667573816 ) ) ;
#2398 = CARTESIAN_POINT ( 'NONE',  ( 2.232658947348486134, 0.9064290159990537887, -2.023615727269730602 ) ) ;
#2399 = CARTESIAN_POINT ( 'NONE',  ( 2.367381603757530151, 0.9064290159990537887, -1.847283755312978837 ) ) ;
#2400 = EDGE_CURVE ( 'NONE', #3729, #4274, #1716, .T. ) ;
#2401 = ORIENTED_EDGE ( 'NONE', *, *, #6426, .T. ) ;
#2402 = LINE ( 'NONE', #4002, #5463 ) ;
#2403 = DIRECTION ( 'NONE',  ( -3.771137991253929066E-16, 0.0000000000000000000, -1.000000000000000000 ) ) ;
#2404 = DIRECTION ( 'NONE',  ( 1.000000000000000000, 0.0000000000000000000, 0.0000000000000000000 ) ) ;
#2405 = CARTESIAN_POINT ( 'NONE',  ( 2.714596162119312872, 0.9064290159990540108, -2.048960040868465615 ) ) ;
#2406 = CARTESIAN_POINT ( 'NONE',  ( 2.755100160373156637, 0.9064290159990535667, -2.480493241991760023 ) ) ;
#2407 =( NAMED_UNIT ( * ) SI_UNIT ( $, .STERADIAN. ) SOLID_ANGLE_UNIT ( ) );
#2408 = ORIENTED_EDGE ( 'NONE', *, *, #22, .T. ) ;
#2409 = CARTESIAN_POINT ( 'NONE',  ( 2.481346009911820527, 0.8964290159990535578, -1.481067670026958938 ) ) ;
#2410 = DIRECTION ( 'NONE',  ( -1.000000000000000000, 0.0000000000000000000, 0.0000000000000000000 ) ) ;
#2411 = DIRECTION ( 'NONE',  ( -0.0000000000000000000, 1.000000000000000000, -0.0000000000000000000 ) ) ;
#2412 = FACE_OUTER_BOUND ( 'NONE', #6440, .T. ) ;
#2413 = CARTESIAN_POINT ( 'NONE',  ( 0.2999999999999999334, 0.0000000000000000000, -2.425000000000000266 ) ) ;
#2414 = VERTEX_POINT ( 'NONE', #5966 ) ;
#2415 = DIRECTION ( 'NONE',  ( 0.0000000000000000000, 0.0000000000000000000, 1.000000000000000000 ) ) ;
#2416 = ORIENTED_EDGE ( 'NONE', *, *, #3016, .F. ) ;
#2417 = VERTEX_POINT ( 'NONE', #671 ) ;
#2418 = CARTESIAN_POINT ( 'NONE',  ( 3.573172281631141090, 0.8964290159990536688, -2.858054876846180203 ) ) ;
#2419 = ADVANCED_FACE ( 'NONE', ( #3846 ), #4806, .T. ) ;
#2420 = DIRECTION ( 'NONE',  ( 1.000000000000000000, 0.0000000000000000000, -0.0000000000000000000 ) ) ;
#2421 = EDGE_LOOP ( 'NONE', ( #3187, #5048, #5140, #2408 ) ) ;
#2422 = AXIS2_PLACEMENT_3D ( 'NONE', #2105, #5830, #5303 ) ;
#2423 = ORIENTED_EDGE ( 'NONE', *, *, #1, .F. ) ;
#2424 = EDGE_CURVE ( 'NONE', #6225, #4185, #3206, .T. ) ;
#2425 = CARTESIAN_POINT ( 'NONE',  ( 4.698435870039260109, 0.9064290159990536777, -2.328888210179513862 ) ) ;
#2426 = ORIENTED_EDGE ( 'NONE', *, *, #273, .T. ) ;
#2427 = DIRECTION ( 'NONE',  ( 0.7071067811865474617, 0.0000000000000000000, 0.7071067811865475727 ) ) ;
#2428 = FACE_OUTER_BOUND ( 'NONE', #5692, .T. ) ;
#2429 = CARTESIAN_POINT ( 'NONE',  ( 3.000000000000000000, -0.01000000000000000021, -2.425000000000001155 ) ) ;
#2430 = CARTESIAN_POINT ( 'NONE',  ( 2.187104429756416835, 0.9064290159990537887, -1.774081781360716814 ) ) ;
#2431 = DIRECTION ( 'NONE',  ( -1.000000000000000000, 0.0000000000000000000, 3.771137991253928573E-16 ) ) ;
#2432 = ORIENTED_EDGE ( 'NONE', *, *, #2218, .T. ) ;
#2433 = EDGE_CURVE ( 'NONE', #3905, #6609, #1187, .T. ) ;
#2434 = DIRECTION ( 'NONE',  ( 0.0000000000000000000, 0.0000000000000000000, -1.000000000000000000 ) ) ;
#2435 = VECTOR ( 'NONE', #3617, 1000.000000000000000 ) ;
#2436 = LINE ( 'NONE', #2987, #205 ) ;
#2437 = ADVANCED_FACE ( 'NONE', ( #1570 ), #634, .T. ) ;
#2438 = DIRECTION ( 'NONE',  ( 0.4806015670138532592, 0.0000000000000000000, -0.8769390707362905157 ) ) ;
#2439 = CARTESIAN_POINT ( 'NONE',  ( 4.989710743169601947, 0.9064290159990536777, -2.858054876846180203 ) ) ;
#2440 = CARTESIAN_POINT ( 'NONE',  ( 0.2957407109046405469, 0.8964290159990537799, -0.4708263996724375011 ) ) ;
#2441 = AXIS2_PLACEMENT_3D ( 'NONE', #4340, #3673, #4232 ) ;
#2442 = DIRECTION ( 'NONE',  ( -1.000000000000000000, 0.0000000000000000000, 0.0000000000000000000 ) ) ;
#2443 = ORIENTED_EDGE ( 'NONE', *, *, #5786, .T. ) ;
#2444 = CARTESIAN_POINT ( 'NONE',  ( 3.741186938415328900, 0.9064290159990536777, -2.033419163673696684 ) ) ;
#2445 = FACE_OUTER_BOUND ( 'NONE', #4637, .T. ) ;
#2446 = CARTESIAN_POINT ( 'NONE',  ( -2.168404344971008868E-16, 0.0000000000000000000, -4.000000000000000000 ) ) ;
#2447 = VECTOR ( 'NONE', #1749, 1000.000000000000227 ) ;
#2448 = PLANE ( 'NONE',  #4934 ) ;
#2449 = EDGE_CURVE ( 'NONE', #5097, #1763, #5821, .T. ) ;
#2450 = VECTOR ( 'NONE', #2431, 1000.000000000000000 ) ;
#2451 = PLANE ( 'NONE',  #6875 ) ;
#2452 = VECTOR ( 'NONE', #343, 1000.000000000000000 ) ;
#2453 = ORIENTED_EDGE ( 'NONE', *, *, #2873, .F. ) ;
#2454 = CARTESIAN_POINT ( 'NONE',  ( 0.3080728587263244500, 0.9064290159990534557, -0.4751515689573905243 ) ) ;
#2455 = ORIENTED_EDGE ( 'NONE', *, *, #5341, .F. ) ;
#2456 = VERTEX_POINT ( 'NONE', #1604 ) ;
#2457 = FACE_OUTER_BOUND ( 'NONE', #5624, .T. ) ;
#2458 = CARTESIAN_POINT ( 'NONE',  ( 3.888743028158919035, 0.9064290159990536777, -1.504252497007030343 ) ) ;
#2459 = PRESENTATION_LAYER_ASSIGNMENT (  '', '', ( #2344 ) ) ;
#2460 = ORIENTED_EDGE ( 'NONE', *, *, #6547, .F. ) ;
#2461 = VERTEX_POINT ( 'NONE', #3313 ) ;
#2462 = DIRECTION ( 'NONE',  ( 0.0000000000000000000, 0.0000000000000000000, 1.000000000000000000 ) ) ;
#2463 = ORIENTED_EDGE ( 'NONE', *, *, #5035, .F. ) ;
#2464 = LINE ( 'NONE', #1474, #3891 ) ;
#2465 = CARTESIAN_POINT ( 'NONE',  ( 2.379825228611965215, 0.9064290159990537887, -1.906874280931120325 ) ) ;
#2466 = VECTOR ( 'NONE', #3130, 1000.000000000000000 ) ;
#2467 = DIRECTION ( 'NONE',  ( -0.4804152582365230906, 0.0000000000000000000, 0.8770411504904058742 ) ) ;
#2468 = CARTESIAN_POINT ( 'NONE',  ( 4.401733646481568840, 0.8964290159990536688, -2.328888210179513862 ) ) ;
#2469 = ORIENTED_EDGE ( 'NONE', *, *, #6223, .T. ) ;
#2470 = DIRECTION ( 'NONE',  ( -0.4802882638304235008, 0.0000000000000000000, -0.8771107020363836382 ) ) ;
#2471 = PLANE ( 'NONE',  #4649 ) ;
#2472 = PLANE ( 'NONE',  #3426 ) ;
#2473 = CARTESIAN_POINT ( 'NONE',  ( 2.363925208911413112, 0.8964290159990536688, -2.433370094563901631 ) ) ;
#2474 = EDGE_CURVE ( 'NONE', #6764, #6584, #1152, .T. ) ;
#2475 = CARTESIAN_POINT ( 'NONE',  ( 0.4116588449364766422, 0.8964290159990534468, -0.2303438525085806654 ) ) ;
#2476 = EDGE_CURVE ( 'NONE', #5300, #658, #4770, .T. ) ;
#2477 = CARTESIAN_POINT ( 'NONE',  ( 2.588126540263376185, 0.9064290159990534557, -2.766861315743254224 ) ) ;
#2478 = DIRECTION ( 'NONE',  ( -0.4802882638304222795, 0.0000000000000000000, -0.8771107020363840823 ) ) ;
#2479 = ORIENTED_EDGE ( 'NONE', *, *, #6353, .F. ) ;
#2480 = CARTESIAN_POINT ( 'NONE',  ( 0.0000000000000000000, 0.8964290159990536688, 0.0000000000000000000 ) ) ;
#2481 = CARTESIAN_POINT ( 'NONE',  ( 0.8111087688010900631, 0.9064290159990536777, -2.550312174942152676 ) ) ;
#2482 = CARTESIAN_POINT ( 'NONE',  ( 1.574999999999999734, -0.01000000000000000021, -3.700000000000000178 ) ) ;
#2483 = DIRECTION ( 'NONE',  ( 0.4804152582365231461, 0.0000000000000000000, 0.8770411504904059852 ) ) ;
#2484 = EDGE_CURVE ( 'NONE', #5155, #5688, #2686, .T. ) ;
#2485 = DIRECTION ( 'NONE',  ( -1.000000000000000000, 0.0000000000000000000, 0.0000000000000000000 ) ) ;
#2486 = ORIENTED_EDGE ( 'NONE', *, *, #4846, .T. ) ;
#2487 = CARTESIAN_POINT ( 'NONE',  ( 0.0000000000000000000, 0.8964290159990536688, 0.0000000000000000000 ) ) ;
#2488 = ORIENTED_EDGE ( 'NONE', *, *, #5252, .T. ) ;
#2489 = VECTOR ( 'NONE', #2483, 1000.000000000000114 ) ;
#2490 = UNCERTAINTY_MEASURE_WITH_UNIT (LENGTH_MEASURE( 1.000000000000000082E-05 ), #4400, 'distance_accuracy_value', 'NONE');
#2491 = EDGE_LOOP ( 'NONE', ( #3214, #2423, #3859, #2239 ) ) ;
#2492 = DIRECTION ( 'NONE',  ( 1.000000000000000000, 0.0000000000000000000, 0.0000000000000000000 ) ) ;
#2493 = PLANE ( 'NONE',  #3609 ) ;
#2494 =( GEOMETRIC_REPRESENTATION_CONTEXT ( 3 ) GLOBAL_UNCERTAINTY_ASSIGNED_CONTEXT ( ( #5059 ) ) GLOBAL_UNIT_ASSIGNED_CONTEXT ( ( #5500, #137, #1305 ) ) REPRESENTATION_CONTEXT ( 'NONE', 'WORKASPACE' ) );
#2495 = EDGE_CURVE ( 'NONE', #4917, #6334, #566, .T. ) ;
#2496 = VERTEX_POINT ( 'NONE', #1038 ) ;
#2497 = EDGE_CURVE ( 'NONE', #658, #5982, #5295, .T. ) ;
#2498 = ORIENTED_EDGE ( 'NONE', *, *, #4732, .F. ) ;
#2499 = CARTESIAN_POINT ( 'NONE',  ( 4.762652449900371288, 0.9064290159990536777, -2.858054876846180203 ) ) ;
#2500 = VERTEX_POINT ( 'NONE', #2172 ) ;
#2501 = AXIS2_PLACEMENT_3D ( 'NONE', #715, #2838, #739 ) ;
#2502 = DIRECTION ( 'NONE',  ( -0.0000000000000000000, -1.000000000000000000, -0.0000000000000000000 ) ) ;
#2503 = CARTESIAN_POINT ( 'NONE',  ( 4.699792707646097689, 0.8964290159990536688, -2.328888210179513862 ) ) ;
#2504 = CARTESIAN_POINT ( 'NONE',  ( 0.8216232979579064510, 0.9064290159990536777, -1.194194365643492128 ) ) ;
#2505 = CARTESIAN_POINT ( 'NONE',  ( 0.2957362652832027372, 0.8964290159990536688, -0.2247786295356906661 ) ) ;
#2506 = ORIENTED_EDGE ( 'NONE', *, *, #2732, .T. ) ;
#2507 = CARTESIAN_POINT ( 'NONE',  ( 2.780858161857380662, 0.9064290159990536777, -1.798041079415438892 ) ) ;
#2508 = LINE ( 'NONE', #4620, #1995 ) ;
#2509 = DIRECTION ( 'NONE',  ( 0.8770411504904065403, 0.0000000000000000000, -0.4804152582365220359 ) ) ;
#2510 = CARTESIAN_POINT ( 'NONE',  ( 2.363455556252150203, 0.9064290159990538998, -2.440878640135158761 ) ) ;
#2511 = ADVANCED_FACE ( 'NONE', ( #6390 ), #42, .F. ) ;
#2512 = CARTESIAN_POINT ( 'NONE',  ( 0.3876943767318052347, 0.9064290159990534557, -0.2204862992083796158 ) ) ;
#2513 = SHAPE_DEFINITION_REPRESENTATION ( #3927, #5413 ) ;
#2514 = CARTESIAN_POINT ( 'NONE',  ( 0.3525472037499060574, 0.8964290159990536688, -0.2154404413339367774 ) ) ;
#2515 = ORIENTED_EDGE ( 'NONE', *, *, #891, .T. ) ;
#2516 = EDGE_CURVE ( 'NONE', #1924, #5869, #6421, .T. ) ;
#2517 = DIRECTION ( 'NONE',  ( -0.0000000000000000000, -1.000000000000000000, -0.0000000000000000000 ) ) ;
#2518 = LINE ( 'NONE', #5086, #220 ) ;
#2519 = CARTESIAN_POINT ( 'NONE',  ( 2.149531394884620195, 0.8964290159990536688, -1.773775728921664019 ) ) ;
#2520 = CARTESIAN_POINT ( 'NONE',  ( 2.202616944530010556, 0.9064290159990536777, -2.550312174942152676 ) ) ;
#2521 = VERTEX_POINT ( 'NONE', #1114 ) ;
#2522 = LINE ( 'NONE', #5292, #4354 ) ;
#2523 = ORIENTED_EDGE ( 'NONE', *, *, #1650, .F. ) ;
#2524 = VERTEX_POINT ( 'NONE', #3246 ) ;
#2525 = CARTESIAN_POINT ( 'NONE',  ( 0.3209388616259928884, 0.9064290159990533446, -0.2175651065129461104 ) ) ;
#2526 = ADVANCED_FACE ( 'NONE', ( #1679 ), #4368, .T. ) ;
#2527 = CARTESIAN_POINT ( 'NONE',  ( 3.487733913575585820, 0.8964290159990536688, -2.599619713918829955 ) ) ;
#2528 = VERTEX_POINT ( 'NONE', #4841 ) ;
#2529 = ORIENTED_EDGE ( 'NONE', *, *, #1882, .F. ) ;
#2530 = DIRECTION ( 'NONE',  ( -0.4804543040264409592, 0.0000000000000000000, -0.8770197613181063279 ) ) ;
#2531 = ORIENTED_EDGE ( 'NONE', *, *, #2265, .T. ) ;
#2532 = CARTESIAN_POINT ( 'NONE',  ( 2.655533811584121828, 0.8964290159990537799, -2.226560939222583357 ) ) ;
#2533 = CARTESIAN_POINT ( 'NONE',  ( 2.317919481605289711, 0.9064290159990537887, -2.003578745244291248 ) ) ;
#2534 = PLANE ( 'NONE',  #2053 ) ;
#2535 = EDGE_CURVE ( 'NONE', #5394, #1535, #2756, .T. ) ;
#2536 = LINE ( 'NONE', #6799, #5004 ) ;
#2537 =( GEOMETRIC_REPRESENTATION_CONTEXT ( 3 ) GLOBAL_UNCERTAINTY_ASSIGNED_CONTEXT ( ( #3885 ) ) GLOBAL_UNIT_ASSIGNED_CONTEXT ( ( #4153, #3657, #3170 ) ) REPRESENTATION_CONTEXT ( 'NONE', 'WORKASPACE' ) );
#2538 = VERTEX_POINT ( 'NONE', #4402 ) ;
#2539 = CARTESIAN_POINT ( 'NONE',  ( 5.518644203372593537, 0.9064290159990536777, -1.558526001280534645 ) ) ;
#2540 = PLANE ( 'NONE',  #1653 ) ;
#2541 = CARTESIAN_POINT ( 'NONE',  ( 4.924999999999998934, 0.0000000000000000000, -1.635000000000000231 ) ) ;
#2542 = CARTESIAN_POINT ( 'NONE',  ( 2.214621982836836978, 0.9064290159990540108, -2.549903730818732228 ) ) ;
#2543 = CARTESIAN_POINT ( 'NONE',  ( 0.3479760344392396898, 0.9064290159990536777, -0.2153136262670329870 ) ) ;
#2544 = VECTOR ( 'NONE', #4455, 1000.000000000000000 ) ;
#2545 = CARTESIAN_POINT ( 'NONE',  ( 2.610375514269963393, 0.9064290159990536777, -2.186919789205351794 ) ) ;
#2546 = EDGE_LOOP ( 'NONE', ( #773, #4423, #4096, #4520 ) ) ;
#2547 = CARTESIAN_POINT ( 'NONE',  ( 4.049867493970884524, 0.9064290159990536777, -1.908971714421560328 ) ) ;
#2548 = CARTESIAN_POINT ( 'NONE',  ( 3.339329800327722531, 0.8964290159990536688, -2.328888210179513862 ) ) ;
#2549 = FACE_OUTER_BOUND ( 'NONE', #2641, .T. ) ;
#2550 = CARTESIAN_POINT ( 'NONE',  ( 2.354023518506375368, 0.9064290159990535667, -2.477514929343314964 ) ) ;
#2551 = VECTOR ( 'NONE', #2362, 1000.000000000000000 ) ;
#2552 = FILL_AREA_STYLE_COLOUR ( '', #4197 ) ;
#2553 = CARTESIAN_POINT ( 'NONE',  ( 4.706576895680285588, 0.8964290159990536688, -2.858054876846180203 ) ) ;
#2554 = STYLED_ITEM ( 'NONE', ( #1672 ), #2894 ) ;
#2555 = ORIENTED_EDGE ( 'NONE', *, *, #5919, .T. ) ;
#2556 = ORIENTED_EDGE ( 'NONE', *, *, #2476, .T. ) ;
#2557 = PLANE ( 'NONE',  #5560 ) ;
#2558 = CARTESIAN_POINT ( 'NONE',  ( 5.179434801663192367, 0.9064290159990536777, -1.558526001280534645 ) ) ;
#2559 = VECTOR ( 'NONE', #2138, 1000.000000000000000 ) ;
#2560 = EDGE_CURVE ( 'NONE', #191, #3287, #6873, .T. ) ;
#2561 = VERTEX_POINT ( 'NONE', #5017 ) ;
#2562 = SURFACE_STYLE_FILL_AREA ( #1374 ) ;
#2563 = MECHANICAL_DESIGN_GEOMETRIC_PRESENTATION_REPRESENTATION (  '', ( #1434 ), #6241 ) ;
#2564 = ORIENTED_EDGE ( 'NONE', *, *, #1567, .T. ) ;
#2565 = DIRECTION ( 'NONE',  ( 1.000000000000000000, 0.0000000000000000000, 0.0000000000000000000 ) ) ;
#2566 = ORIENTED_EDGE ( 'NONE', *, *, #322, .T. ) ;
#2567 = AXIS2_PLACEMENT_3D ( 'NONE', #4417, #1808, #2916 ) ;
#2568 = DIRECTION ( 'NONE',  ( 0.0000000000000000000, -0.0000000000000000000, 1.000000000000000000 ) ) ;
#2569 = CARTESIAN_POINT ( 'NONE',  ( 3.463035229013619265, 0.8964290159990536688, -1.504252497007030343 ) ) ;
#2570 = VECTOR ( 'NONE', #3986, 1000.000000000000000 ) ;
#2571 = DIRECTION ( 'NONE',  ( -1.000000000000000000, 0.0000000000000000000, 0.0000000000000000000 ) ) ;
#2572 = ORIENTED_EDGE ( 'NONE', *, *, #1498, .T. ) ;
#2573 = CARTESIAN_POINT ( 'NONE',  ( 2.481346009911820527, 0.9064290159990535667, -1.481067670026958938 ) ) ;
#2574 = EDGE_CURVE ( 'NONE', #1595, #3643, #6146, .T. ) ;
#2575 = VECTOR ( 'NONE', #4867, 1000.000000000000000 ) ;
#2576 = DIRECTION ( 'NONE',  ( 0.8770411504904059852, 0.0000000000000000000, -0.4804152582365231461 ) ) ;
#2577 = DIRECTION ( 'NONE',  ( 1.000000000000000000, 0.0000000000000000000, 0.0000000000000000000 ) ) ;
#2578 = FACE_OUTER_BOUND ( 'NONE', #890, .T. ) ;
#2579 = CARTESIAN_POINT ( 'NONE',  ( 0.3615837489163099550, 0.8964290159990536688, -0.2156911365066539743 ) ) ;
#2580 = EDGE_CURVE ( 'NONE', #155, #693, #2278, .T. ) ;
#2581 = CARTESIAN_POINT ( 'NONE',  ( 0.4736111747692767215, 0.8964290159990538909, -0.2968314790406659798 ) ) ;
#2582 = EDGE_CURVE ( 'NONE', #4392, #4823, #3416, .T. ) ;
#2583 = ORIENTED_EDGE ( 'NONE', *, *, #2474, .F. ) ;
#2584 = DIRECTION ( 'NONE',  ( 0.5217877936512456127, 0.0000000000000000000, 0.8530753181264624230 ) ) ;
#2585 = LINE ( 'NONE', #6209, #6249 ) ;
#2586 = CARTESIAN_POINT ( 'NONE',  ( 2.222194865951872433, 0.8964290159990535578, -1.776728916256373525 ) ) ;
#2587 = CARTESIAN_POINT ( 'NONE',  ( 4.848090817955927001, 0.8964290159990536688, -2.599619713918829955 ) ) ;
#2588 = ORIENTED_EDGE ( 'NONE', *, *, #477, .T. ) ;
#2589 = ORIENTED_EDGE ( 'NONE', *, *, #5965, .F. ) ;
#2590 = DIRECTION ( 'NONE',  ( -0.0000000000000000000, 1.000000000000000000, -0.0000000000000000000 ) ) ;
#2591 = CARTESIAN_POINT ( 'NONE',  ( 4.139821587186697016, 0.9064290159990536777, -2.599619713918829955 ) ) ;
#2592 = EDGE_CURVE ( 'NONE', #2037, #1197, #702, .T. ) ;
#2593 = AXIS2_PLACEMENT_3D ( 'NONE', #74, #525, #4771 ) ;
#2594 = ORIENTED_EDGE ( 'NONE', *, *, #1941, .T. ) ;
#2595 = CARTESIAN_POINT ( 'NONE',  ( 0.2999999999999999334, -0.01000000000000000021, -3.700000000000000178 ) ) ;
#2596 = EDGE_LOOP ( 'NONE', ( #3977, #5724, #3724, #113 ) ) ;
#2597 = PLANE ( 'NONE',  #2422 ) ;
#2598 = ORIENTED_EDGE ( 'NONE', *, *, #5506, .T. ) ;
#2599 = CARTESIAN_POINT ( 'NONE',  ( 2.638462628433889456, 0.9064290159990537887, -2.209079730541711584 ) ) ;
#2600 = EDGE_CURVE ( 'NONE', #6706, #2521, #5610, .T. ) ;
#2601 = DIRECTION ( 'NONE',  ( 1.000000000000000000, 0.0000000000000000000, -0.0000000000000000000 ) ) ;
#2602 = CARTESIAN_POINT ( 'NONE',  ( 0.4810705621836802726, 0.8964290159990535578, -0.3743214106312359735 ) ) ;
#2603 = ORIENTED_EDGE ( 'NONE', *, *, #1834, .F. ) ;
#2604 = STYLED_ITEM ( 'NONE', ( #4937 ), #1235 ) ;
#2605 = CARTESIAN_POINT ( 'NONE',  ( 2.782198307808182225, 0.9064290159990536777, -1.835837096139945945 ) ) ;
#2606 = LINE ( 'NONE', #6338, #1769 ) ;
#2607 = CARTESIAN_POINT ( 'NONE',  ( 2.656587918091526834, 0.8964290159990533358, -2.707019726877697874 ) ) ;
#2608 = EDGE_CURVE ( 'NONE', #6578, #6812, #1788, .T. ) ;
#2609 = CARTESIAN_POINT ( 'NONE',  ( 0.4830955718191712878, 0.9064290159990536777, -0.3435197271140196240 ) ) ;
#2610 = FILL_AREA_STYLE_COLOUR ( '', #4906 ) ;
#2611 = VERTEX_POINT ( 'NONE', #4952 ) ;
#2612 = LINE ( 'NONE', #3097, #5212 ) ;
#2613 =( NAMED_UNIT ( * ) SI_UNIT ( $, .STERADIAN. ) SOLID_ANGLE_UNIT ( ) );
#2614 = DIRECTION ( 'NONE',  ( -0.0000000000000000000, -1.000000000000000000, -0.0000000000000000000 ) ) ;
#2615 = DIRECTION ( 'NONE',  ( 0.0000000000000000000, 1.000000000000000000, -0.0000000000000000000 ) ) ;
#2616 = LINE ( 'NONE', #3276, #3122 ) ;
#2617 = VERTEX_POINT ( 'NONE', #4522 ) ;
#2618 = ORIENTED_EDGE ( 'NONE', *, *, #6787, .F. ) ;
#2619 = DIRECTION ( 'NONE',  ( -0.0000000000000000000, -1.000000000000000000, -0.0000000000000000000 ) ) ;
#2620 = DIRECTION ( 'NONE',  ( -0.0000000000000000000, -1.000000000000000000, -0.0000000000000000000 ) ) ;
#2621 = ORIENTED_EDGE ( 'NONE', *, *, #4184, .F. ) ;
#2622 = CARTESIAN_POINT ( 'NONE',  ( 0.0000000000000000000, 0.8964290159990536688, 0.0000000000000000000 ) ) ;
#2623 = ORIENTED_EDGE ( 'NONE', *, *, #722, .F. ) ;
#2624 = PRESENTATION_STYLE_ASSIGNMENT (( #3146 ) ) ;
#2625 = ORIENTED_EDGE ( 'NONE', *, *, #2580, .F. ) ;
#2626 = PLANE ( 'NONE',  #2441 ) ;
#2627 = FACE_OUTER_BOUND ( 'NONE', #4708, .T. ) ;
#2628 = CARTESIAN_POINT ( 'NONE',  ( 0.3479760344392396898, 0.8964290159990536688, -0.4802988874070792669 ) ) ;
#2629 = ORIENTED_EDGE ( 'NONE', *, *, #5798, .T. ) ;
#2630 = ORIENTED_EDGE ( 'NONE', *, *, #4028, .F. ) ;
#2631 = CARTESIAN_POINT ( 'NONE',  ( 2.621525515659409944, 0.8964290159990536688, -2.143938464171437630 ) ) ;
#2632 = CARTESIAN_POINT ( 'NONE',  ( 4.205903818757208867, 0.9064290159990536777, -1.647992480981389285 ) ) ;
#2633 =( NAMED_UNIT ( * ) PLANE_ANGLE_UNIT ( ) SI_UNIT ( $, .RADIAN. ) );
#2634 = DIRECTION ( 'NONE',  ( -1.000000000000000000, 0.0000000000000000000, 0.0000000000000000000 ) ) ;
#2635 = VECTOR ( 'NONE', #3255, 1000.000000000000000 ) ;
#2636 = CARTESIAN_POINT ( 'NONE',  ( 3.881958840124730692, 0.8964290159990536688, -1.504252497007030343 ) ) ;
#2637 = EDGE_CURVE ( 'NONE', #1203, #3701, #177, .T. ) ;
#2638 = EDGE_CURVE ( 'NONE', #4305, #819, #6044, .T. ) ;
#2639 = VERTEX_POINT ( 'NONE', #4013 ) ;
#2640 = PRESENTATION_STYLE_ASSIGNMENT (( #3303 ) ) ;
#2641 = EDGE_LOOP ( 'NONE', ( #4131, #5353, #2401, #1317 ) ) ;
#2642 = DIRECTION ( 'NONE',  ( -0.0000000000000000000, -1.000000000000000000, -0.0000000000000000000 ) ) ;
#2643 = CARTESIAN_POINT ( 'NONE',  ( 2.352295778143825178, 0.9064290159990535667, -1.824648727464255771 ) ) ;
#2644 = AXIS2_PLACEMENT_3D ( 'NONE', #2444, #4561, #6707 ) ;
#2645 = LINE ( 'NONE', #2825, #1201 ) ;
#2646 = DIRECTION ( 'NONE',  ( 1.000000000000000000, 0.0000000000000000000, 0.0000000000000000000 ) ) ;
#2647 = EDGE_LOOP ( 'NONE', ( #5960, #1299, #6079, #4473 ) ) ;
#2648 = DIRECTION ( 'NONE',  ( 0.0000000000000000000, -0.0000000000000000000, 1.000000000000000000 ) ) ;
#2649 = ADVANCED_FACE ( 'NONE', ( #731 ), #4980, .T. ) ;
#2650 = CARTESIAN_POINT ( 'NONE',  ( 2.724999999999999201, 0.0000000000000000000, -1.500000000000000000 ) ) ;
#2651 = CARTESIAN_POINT ( 'NONE',  ( 3.510524545252935891, 0.9064290159990536777, -1.755797468962158492 ) ) ;
#2652 = VECTOR ( 'NONE', #4105, 1000.000000000000114 ) ;
#2653 = DIRECTION ( 'NONE',  ( -0.4802882638304222795, 0.0000000000000000000, 0.8771107020363840823 ) ) ;
#2654 = DIRECTION ( 'NONE',  ( 0.0000000000000000000, 0.0000000000000000000, 1.000000000000000000 ) ) ;
#2655 = VECTOR ( 'NONE', #4258, 1000.000000000000000 ) ;
#2656 = ORIENTED_EDGE ( 'NONE', *, *, #614, .T. ) ;
#2657 = ADVANCED_FACE ( 'NONE', ( #4463 ), #6605, .F. ) ;
#2658 = ORIENTED_EDGE ( 'NONE', *, *, #5834, .T. ) ;
#2659 = CARTESIAN_POINT ( 'NONE',  ( 4.054743629120457271, 0.9064290159990536777, -2.033419163673696684 ) ) ;
#2660 = EDGE_LOOP ( 'NONE', ( #3394, #3198, #1714, #2394 ) ) ;
#2661 = DIRECTION ( 'NONE',  ( 0.3688942629807152596, 0.0000000000000000000, -0.9294713673588417269 ) ) ;
#2662 = CARTESIAN_POINT ( 'NONE',  ( 2.324999999999998845, 0.0000000000000000000, -1.500000000000000000 ) ) ;
#2663 = VECTOR ( 'NONE', #6502, 999.9999999999998863 ) ;
#2664 = CARTESIAN_POINT ( 'NONE',  ( 2.271540058203998402, 0.9064290159990537887, -2.018936822907837492 ) ) ;
#2665 = ORIENTED_EDGE ( 'NONE', *, *, #2580, .T. ) ;
#2666 = ORIENTED_EDGE ( 'NONE', *, *, #1722, .T. ) ;
#2667 = VECTOR ( 'NONE', #5598, 1000.000000000000000 ) ;
#2668 = LINE ( 'NONE', #3156, #6359 ) ;
#2669 = CARTESIAN_POINT ( 'NONE',  ( 2.354023518506375368, 0.8964290159990535578, -2.477514929343314964 ) ) ;
#2670 = AXIS2_PLACEMENT_3D ( 'NONE', #2924, #5510, #4009 ) ;
#2671 = DIRECTION ( 'NONE',  ( -1.000000000000000000, 0.0000000000000000000, 0.0000000000000000000 ) ) ;
#2672 = CARTESIAN_POINT ( 'NONE',  ( 3.636032023885414244, 0.8964290159990536688, -2.328888210179513862 ) ) ;
#2673 = VECTOR ( 'NONE', #3173, 1000.000000000000227 ) ;
#2674 = EDGE_CURVE ( 'NONE', #2524, #6756, #3950, .T. ) ;
#2675 = ORIENTED_EDGE ( 'NONE', *, *, #4797, .F. ) ;
#2676 = LINE ( 'NONE', #5845, #459 ) ;
#2677 = VERTEX_POINT ( 'NONE', #763 ) ;
#2678 = CARTESIAN_POINT ( 'NONE',  ( 5.382960442688832892, 0.8964290159990536688, -1.504252497007030343 ) ) ;
#2679 = DIRECTION ( 'NONE',  ( 0.4804543040264410148, 0.0000000000000000000, -0.8770197613181063279 ) ) ;
#2680 = EDGE_CURVE ( 'NONE', #5068, #5641, #3979, .T. ) ;
#2681 = DIRECTION ( 'NONE',  ( 0.7871623908499749689, 0.0000000000000000000, -0.6167457907690584440 ) ) ;
#2682 = EDGE_CURVE ( 'NONE', #5277, #1865, #6177, .T. ) ;
#2683 = LINE ( 'NONE', #3512, #3231 ) ;
#2684 = VERTEX_POINT ( 'NONE', #1519 ) ;
#2685 = B_SPLINE_SURFACE_WITH_KNOTS ( 'NONE', 3, 1, ( 
 ( #2032, #6156 ),
 ( #839, #3491 ),
 ( #1963, #6220 ),
 ( #2525, #3567 ),
 ( #5690, #1500 ),
 ( #913, #3046 ),
 ( #5620, #4638 ),
 ( #2971, #1466 ),
 ( #3602, #5725 ),
 ( #943, #3074 ),
 ( #5197, #5093 ),
 ( #4674, #6821 ),
 ( #4157, #4734 ),
 ( #5407, #44 ),
 ( #2174, #1076 ),
 ( #5823, #3208 ),
 ( #3248, #5792 ),
 ( #495, #1040 ),
 ( #3663, #5372 ) ),
 .UNSPECIFIED., .F., .F., .F.,
 ( 4, 1, 1, 1, 1, 1, 1, 1, 1, 1, 1, 1, 1, 1, 1, 1, 4 ),
 ( 2, 2 ),
 ( 0.0000000000000000000, 0.06545067193457762555, 0.1288958124905210112, 0.1913585873256530290, 0.2525944778565472060, 0.3142420428755802742, 0.3755687389020074818, 0.4385396774333752967, 0.5033612627514746363, 0.5677777153087145701, 0.6305474939262083467, 0.6915350459258837734, 0.7520395865642741651, 0.8124960322069119112, 0.8736078796181330208, 0.9360564797679853388, 1.000000000000000000 ),
 ( 0.0000000000000000000, 1.000000000000000000 ),
 .UNSPECIFIED. ) ;
#2686 = LINE ( 'NONE', #3695, #2122 ) ;
#2687 = LINE ( 'NONE', #5822, #1021 ) ;
#2688 = CARTESIAN_POINT ( 'NONE',  ( 6.174999999999998934, -0.01000000000000000021, -1.635000000000000231 ) ) ;
#2689 = CARTESIAN_POINT ( 'NONE',  ( 5.471154887133277356, 0.8964290159990536688, -2.033419163673696684 ) ) ;
#2690 = CARTESIAN_POINT ( 'NONE',  ( 0.2127895760032332551, 0.9064290159990538998, -0.3346239188737026304 ) ) ;
#2691 = ADVANCED_FACE ( 'NONE', ( #3655 ), #903, .F. ) ;
#2692 = ORIENTED_EDGE ( 'NONE', *, *, #597, .T. ) ;
#2693 = DIRECTION ( 'NONE',  ( 0.4804543040264410148, 0.0000000000000000000, -0.8770197613181063279 ) ) ;
#2694 = ORIENTED_EDGE ( 'NONE', *, *, #5198, .T. ) ;
#2695 = ORIENTED_EDGE ( 'NONE', *, *, #6507, .T. ) ;
#2696 = CARTESIAN_POINT ( 'NONE',  ( 2.354895432808410405, 0.9064290159990537887, -2.381287766863821709 ) ) ;
#2697 = CARTESIAN_POINT ( 'NONE',  ( 0.4335890835670235810, 0.9064290159990537887, -0.4506361440932856177 ) ) ;
#2698 = AXIS2_PLACEMENT_3D ( 'NONE', #4744, #4233, #4713 ) ;
#2699 = CARTESIAN_POINT ( 'NONE',  ( 0.3525472326105589804, 0.8964290159990535578, -0.4801721209394653189 ) ) ;
#2700 = EDGE_CURVE ( 'NONE', #4987, #4482, #3591, .T. ) ;
#2701 = ORIENTED_EDGE ( 'NONE', *, *, #4595, .T. ) ;
#2702 = ORIENTED_EDGE ( 'NONE', *, *, #6316, .T. ) ;
#2703 = CARTESIAN_POINT ( 'NONE',  ( 2.747213509810505716, 0.9064290159990536777, -1.998546285728580063 ) ) ;
#2704 = VECTOR ( 'NONE', #733, 1000.000000000000000 ) ;
#2705 = DIRECTION ( 'NONE',  ( 0.0000000000000000000, 0.0000000000000000000, -1.000000000000000000 ) ) ;
#2706 = DIRECTION ( 'NONE',  ( 0.0000000000000000000, 1.000000000000000000, -0.0000000000000000000 ) ) ;
#2707 = PLANE ( 'NONE',  #6806 ) ;
#2708 = CARTESIAN_POINT ( 'NONE',  ( 2.755100160373156637, 0.8964290159990535578, -2.480493241991760023 ) ) ;
#2709 = LINE ( 'NONE', #2636, #4343 ) ;
#2710 = AXIS2_PLACEMENT_3D ( 'NONE', #1845, #1313, #3546 ) ;
#2711 = ORIENTED_EDGE ( 'NONE', *, *, #6076, .T. ) ;
#2712 = LINE ( 'NONE', #140, #5907 ) ;
#2713 = ORIENTED_EDGE ( 'NONE', *, *, #5919, .F. ) ;
#2714 = CARTESIAN_POINT ( 'NONE',  ( 3.510524545252935891, 0.9064290159990536777, -1.755797468962158492 ) ) ;
#2715 = CARTESIAN_POINT ( 'NONE',  ( 2.363711909244340603, 0.8964290159990534468, -2.426002888990689055 ) ) ;
#2716 = ADVANCED_FACE ( 'NONE', ( #3035 ), #6814, .F. ) ;
#2717 = AXIS2_PLACEMENT_3D ( 'NONE', #3603, #4533, #5726 ) ;
#2718 = CARTESIAN_POINT ( 'NONE',  ( 2.597308668176109059, 0.9064290159990535667, -2.159729281538652401 ) ) ;
#2719 = ADVANCED_FACE ( 'NONE', ( #2445 ), #6775, .T. ) ;
#2720 = CARTESIAN_POINT ( 'NONE',  ( 2.235158901321182334, 0.8964290159990536688, -2.869872166366911781 ) ) ;
#2721 = EDGE_CURVE ( 'NONE', #2911, #3195, #2585, .T. ) ;
#2722 = DIRECTION ( 'NONE',  ( -0.0000000000000000000, -1.000000000000000000, -0.0000000000000000000 ) ) ;
#2723 = EDGE_LOOP ( 'NONE', ( #3541, #1984, #1611, #2564 ) ) ;
#2724 = CARTESIAN_POINT ( 'NONE',  ( 3.510524545252935891, 0.9064290159990536777, -1.755797468962158492 ) ) ;
#2725 = PLANE ( 'NONE',  #3143 ) ;
#2726 = FACE_OUTER_BOUND ( 'NONE', #2134, .T. ) ;
#2727 = CARTESIAN_POINT ( 'NONE',  ( 0.8111087688010900631, 0.8964290159990536688, -2.550312174942152676 ) ) ;
#2728 = CARTESIAN_POINT ( 'NONE',  ( 0.2177140393683641151, 0.8964290159990538909, -0.3868181493306450669 ) ) ;
#2729 = VERTEX_POINT ( 'NONE', #5715 ) ;
#2730 = CARTESIAN_POINT ( 'NONE',  ( 5.471154887133277356, 0.9064290159990536777, -2.033419163673696684 ) ) ;
#2731 = ORIENTED_EDGE ( 'NONE', *, *, #4145, .F. ) ;
#2732 = EDGE_CURVE ( 'NONE', #1324, #6585, #3065, .T. ) ;
#2733 = DIRECTION ( 'NONE',  ( -0.9305795643559992003, 0.0000000000000000000, 0.3660897081358594485 ) ) ;
#2734 = VERTEX_POINT ( 'NONE', #966 ) ;
#2735 = DIRECTION ( 'NONE',  ( -0.0000000000000000000, -1.000000000000000000, -0.0000000000000000000 ) ) ;
#2736 = PLANE ( 'NONE',  #1270 ) ;
#2737 = PLANE ( 'NONE',  #6910 ) ;
#2738 = ORIENTED_EDGE ( 'NONE', *, *, #5333, .F. ) ;
#2739 = ORIENTED_EDGE ( 'NONE', *, *, #3600, .F. ) ;
#2740 = DIRECTION ( 'NONE',  ( -0.4806015670138532592, 0.0000000000000000000, 0.8769390707362905157 ) ) ;
#2741 = FACE_OUTER_BOUND ( 'NONE', #2977, .T. ) ;
#2742 = SURFACE_SIDE_STYLE ('',( #4719 ) ) ;
#2743 = LINE ( 'NONE', #5874, #6132 ) ;
#2744 = LINE ( 'NONE', #4829, #2046 ) ;
#2745 = CARTESIAN_POINT ( 'NONE',  ( 4.309998703906781969, 0.8964290159990536688, -2.033419163673696684 ) ) ;
#2746 = B_SPLINE_SURFACE_WITH_KNOTS ( 'NONE', 3, 1, ( 
 ( #6242, #2473 ),
 ( #2510, #2020 ),
 ( #3586, #6702 ),
 ( #3028, #5738 ),
 ( #3061, #4587 ),
 ( #2051, #5772 ),
 ( #958, #1453 ),
 ( #4554, #4692 ),
 ( #6768, #3092 ),
 ( #2542, #3128 ),
 ( #6277, #1913 ) ),
 .UNSPECIFIED., .F., .F., .F.,
 ( 4, 1, 1, 1, 1, 1, 1, 1, 4 ),
 ( 2, 2 ),
 ( 0.0000000000000000000, 0.1015170763450493618, 0.2031399961452457770, 0.3098899409112724213, 0.4287492126762059708, 0.5557471139699683427, 0.6905023413649516995, 0.8373727517539384380, 1.000000000000000000 ),
 ( 0.0000000000000000000, 1.000000000000000000 ),
 .UNSPECIFIED. ) ;
#2747 = ORIENTED_EDGE ( 'NONE', *, *, #3495, .F. ) ;
#2748 = FILL_AREA_STYLE ('',( #3722 ) ) ;
#2749 = EDGE_LOOP ( 'NONE', ( #5368, #6878, #5060, #908 ) ) ;
#2750 = FACE_OUTER_BOUND ( 'NONE', #2802, .T. ) ;
#2751 = DIRECTION ( 'NONE',  ( 1.000000000000000000, 0.0000000000000000000, 0.0000000000000000000 ) ) ;
#2752 = CARTESIAN_POINT ( 'NONE',  ( 2.324871322367723536, 0.8964290159990540019, -1.802428065509391608 ) ) ;
#2753 = PLANE ( 'NONE',  #5989 ) ;
#2754 = CARTESIAN_POINT ( 'NONE',  ( 2.149531394884620195, 0.8964290159990536688, -1.773775728921664019 ) ) ;
#2755 = ORIENTED_EDGE ( 'NONE', *, *, #3372, .F. ) ;
#2756 = LINE ( 'NONE', #5405, #889 ) ;
#2757 = ORIENTED_EDGE ( 'NONE', *, *, #5578, .F. ) ;
#2758 = CARTESIAN_POINT ( 'NONE',  ( 3.991523476876867260, 0.9064290159990536777, -2.328888210179513862 ) ) ;
#2759 = PRESENTATION_LAYER_ASSIGNMENT (  '', '', ( #1078 ) ) ;
#2760 = CARTESIAN_POINT ( 'NONE',  ( 0.2146080418045827332, 0.9064290159990535667, -0.3743001757332392598 ) ) ;
#2761 = AXIS2_PLACEMENT_3D ( 'NONE', #2480, #6742, #762 ) ;
#2762 = VERTEX_POINT ( 'NONE', #2481 ) ;
#2763 = DIRECTION ( 'NONE',  ( -0.2570842515897335812, 0.0000000000000000000, -0.9663889939276764096 ) ) ;
#2764 = VERTEX_POINT ( 'NONE', #4695 ) ;
#2765 = COLOUR_RGB ( '',0.7529411764705882248, 0.7529411764705882248, 0.7529411764705882248 ) ;
#2766 = ORIENTED_EDGE ( 'NONE', *, *, #1166, .F. ) ;
#2767 = CARTESIAN_POINT ( 'NONE',  ( 2.717983401336620197, 0.9064290159990538998, -2.309513677905383311 ) ) ;
#2768 = EDGE_CURVE ( 'NONE', #2684, #6053, #457, .T. ) ;
#2769 = CARTESIAN_POINT ( 'NONE',  ( 0.4678455872008039917, 0.9064290159990536777, -0.4102680273568015124 ) ) ;
#2770 = EDGE_CURVE ( 'NONE', #1066, #4909, #2056, .T. ) ;
#2771 =( NAMED_UNIT ( * ) PLANE_ANGLE_UNIT ( ) SI_UNIT ( $, .RADIAN. ) );
#2772 = VECTOR ( 'NONE', #1370, 1000.000000000000000 ) ;
#2773 = EDGE_LOOP ( 'NONE', ( #197, #5890, #2355, #2488 ) ) ;
#2774 = ORIENTED_EDGE ( 'NONE', *, *, #3504, .T. ) ;
#2775 = CARTESIAN_POINT ( 'NONE',  ( 2.292888024120238732, 0.8964290159990534468, -1.452954363673436777 ) ) ;
#2776 = VECTOR ( 'NONE', #1330, 1000.000000000000000 ) ;
#2777 = LINE ( 'NONE', #547, #4330 ) ;
#2778 = CARTESIAN_POINT ( 'NONE',  ( 2.175913017920536152, 0.9064290159990537887, -2.290332929970904541 ) ) ;
#2779 =( NAMED_UNIT ( * ) PLANE_ANGLE_UNIT ( ) SI_UNIT ( $, .RADIAN. ) );
#2780 = CARTESIAN_POINT ( 'NONE',  ( 2.750788462429157644, 0.8964290159990535578, -2.396587605977551494 ) ) ;
#2781 = EDGE_CURVE ( 'NONE', #4760, #5566, #3554, .T. ) ;
#2782 = VECTOR ( 'NONE', #4511, 1000.000000000000114 ) ;
#2783 = EDGE_CURVE ( 'NONE', #1481, #6190, #4115, .T. ) ;
#2784 = ORIENTED_EDGE ( 'NONE', *, *, #1846, .T. ) ;
#2785 =( NAMED_UNIT ( * ) SI_UNIT ( $, .STERADIAN. ) SOLID_ANGLE_UNIT ( ) );
#2786 = PRESENTATION_LAYER_ASSIGNMENT (  '', '', ( #1434 ) ) ;
#2787 = ORIENTED_EDGE ( 'NONE', *, *, #6270, .T. ) ;
#2788 = DIRECTION ( 'NONE',  ( -0.0000000000000000000, -1.000000000000000000, -0.0000000000000000000 ) ) ;
#2789 = LINE ( 'NONE', #3974, #1993 ) ;
#2790 = AXIS2_PLACEMENT_3D ( 'NONE', #5369, #601, #3280 ) ;
#2791 = CARTESIAN_POINT ( 'NONE',  ( 2.379403231276201680, 0.9064290159990537887, -1.885646113616317621 ) ) ;
#2792 = DIRECTION ( 'NONE',  ( -0.0000000000000000000, 0.0000000000000000000, -1.000000000000000000 ) ) ;
#2793 = CARTESIAN_POINT ( 'NONE',  ( 2.610375514269963393, 0.8964290159990536688, -2.186919789205351794 ) ) ;
#2794 = VERTEX_POINT ( 'NONE', #2548 ) ;
#2795 = CARTESIAN_POINT ( 'NONE',  ( 2.202616944530010556, 0.9064290159990536777, -2.550312174942152676 ) ) ;
#2796 = VECTOR ( 'NONE', #416, 1000.000000000000227 ) ;
#2797 = DIRECTION ( 'NONE',  ( 4.764044045488494289E-14, 1.000000000000000000, -5.898127683191702389E-14 ) ) ;
#2798 = PLANE ( 'NONE',  #807 ) ;
#2799 = CARTESIAN_POINT ( 'NONE',  ( 0.4810665966880517952, 0.9064290159990533446, -0.3215061833250432155 ) ) ;
#2800 = VERTEX_POINT ( 'NONE', #388 ) ;
#2801 = DIRECTION ( 'NONE',  ( -0.2570842515897343583, 0.0000000000000000000, -0.9663889939276761876 ) ) ;
#2802 = EDGE_LOOP ( 'NONE', ( #271, #3323, #5207, #4748 ) ) ;
#2803 = VERTEX_POINT ( 'NONE', #5122 ) ;
#2804 = EDGE_CURVE ( 'NONE', #5749, #3459, #6251, .T. ) ;
#2805 = CARTESIAN_POINT ( 'NONE',  ( 0.4828310244601651813, 0.9064290159990540108, -0.3613038319912995622 ) ) ;
#2806 =( NAMED_UNIT ( * ) SI_UNIT ( $, .STERADIAN. ) SOLID_ANGLE_UNIT ( ) );
#2807 = VERTEX_POINT ( 'NONE', #4594 ) ;
#2808 = EDGE_CURVE ( 'NONE', #2762, #364, #2026, .T. ) ;
#2809 = ORIENTED_EDGE ( 'NONE', *, *, #1314, .F. ) ;
#2810 = EDGE_CURVE ( 'NONE', #6819, #6091, #4180, .T. ) ;
#2811 = CARTESIAN_POINT ( 'NONE',  ( 0.4828310244601651813, 0.8964290159990540019, -0.3613038319912995622 ) ) ;
#2812 = DIRECTION ( 'NONE',  ( 0.0000000000000000000, 0.0000000000000000000, -1.000000000000000000 ) ) ;
#2813 = CARTESIAN_POINT ( 'NONE',  ( 2.354895432808410405, 0.8964290159990537799, -2.381287766863821709 ) ) ;
#2814 = CARTESIAN_POINT ( 'NONE',  ( 5.471154887133277356, 0.9064290159990536777, -2.033419163673696684 ) ) ;
#2815 = CARTESIAN_POINT ( 'NONE',  ( 2.372318613846141400, 0.9064290159990535667, -1.856976728061989101 ) ) ;
#2816 = ORIENTED_EDGE ( 'NONE', *, *, #6235, .T. ) ;
#2817 = VECTOR ( 'NONE', #1921, 1000.000000000000000 ) ;
#2818 = CARTESIAN_POINT ( 'NONE',  ( 0.3080728587263244500, 0.8964290159990534468, -0.4751515689573905243 ) ) ;
#2819 = ORIENTED_EDGE ( 'NONE', *, *, #5843, .F. ) ;
#2820 = CARTESIAN_POINT ( 'NONE',  ( 0.4832289281461383257, 0.8964290159990536688, -0.3480185847706619429 ) ) ;
#2821 = EDGE_CURVE ( 'NONE', #6327, #4461, #1493, .T. ) ;
#2822 = DIRECTION ( 'NONE',  ( -0.3660897081358594485, 0.0000000000000000000, -0.9305795643559992003 ) ) ;
#2823 = ORIENTED_EDGE ( 'NONE', *, *, #1626, .T. ) ;
#2824 = CARTESIAN_POINT ( 'NONE',  ( 2.781523500779968572, 0.9064290159990536777, -1.865806904119101217 ) ) ;
#2825 = CARTESIAN_POINT ( 'NONE',  ( 0.2749999999999994116, 0.0000000000000000000, -1.574999999999999956 ) ) ;
#2826 = VERTEX_POINT ( 'NONE', #6744 ) ;
#2827 = AXIS2_PLACEMENT_3D ( 'NONE', #560, #1107, #2681 ) ;
#2828 = DIRECTION ( 'NONE',  ( -0.2621528324626076767, 0.0000000000000000000, 0.9650263687753987130 ) ) ;
#2829 = APPLICATION_CONTEXT ( 'automotive_design' ) ;
#2830 = DIRECTION ( 'NONE',  ( -0.4802882638304235008, 0.0000000000000000000, 0.8771107020363836382 ) ) ;
#2831 = EDGE_CURVE ( 'NONE', #3800, #3124, #1953, .T. ) ;
#2832 = CARTESIAN_POINT ( 'NONE',  ( 0.4436524758126774715, 0.9064290159990534557, -0.2539241810764936158 ) ) ;
#2833 = EDGE_LOOP ( 'NONE', ( #4438, #2387, #6793, #781 ) ) ;
#2834 = CARTESIAN_POINT ( 'NONE',  ( 3.463035229013619265, 0.9064290159990536777, -1.755797468962158492 ) ) ;
#2835 = ORIENTED_EDGE ( 'NONE', *, *, #408, .T. ) ;
#2836 = EDGE_LOOP ( 'NONE', ( #6686, #5846, #4401, #3930 ) ) ;
#2837 = LINE ( 'NONE', #4532, #432 ) ;
#2838 = DIRECTION ( 'NONE',  ( 0.0000000000000000000, -1.000000000000000000, 0.0000000000000000000 ) ) ;
#2839 = DIRECTION ( 'NONE',  ( 0.0000000000000000000, 1.000000000000000000, 0.0000000000000000000 ) ) ;
#2840 = ORIENTED_EDGE ( 'NONE', *, *, #972, .T. ) ;
#2841 = ORIENTED_EDGE ( 'NONE', *, *, #506, .T. ) ;
#2842 = CARTESIAN_POINT ( 'NONE',  ( 0.4678455872008039917, 0.8964290159990536688, -0.4102680273568015124 ) ) ;
#2843 = LINE ( 'NONE', #4540, #5769 ) ;
#2844 = CARTESIAN_POINT ( 'NONE',  ( 2.211336310172248520, 0.8964290159990536688, -2.023816361309370926 ) ) ;
#2845 =( LENGTH_UNIT ( ) NAMED_UNIT ( * ) SI_UNIT ( .MILLI., .METRE. ) );
#2846 = CARTESIAN_POINT ( 'NONE',  ( 2.757924682609329547, 0.8964290159990536688, -1.974536038190526588 ) ) ;
#2847 = ORIENTED_EDGE ( 'NONE', *, *, #1043, .F. ) ;
#2848 = DIRECTION ( 'NONE',  ( -0.0000000000000000000, -1.000000000000000000, -0.0000000000000000000 ) ) ;
#2849 = CARTESIAN_POINT ( 'NONE',  ( 0.0000000000000000000, 0.8964290159990536688, 0.0000000000000000000 ) ) ;
#2850 = DIRECTION ( 'NONE',  ( -0.0000000000000000000, 0.0000000000000000000, -1.000000000000000000 ) ) ;
#2851 = ORIENTED_EDGE ( 'NONE', *, *, #2393, .F. ) ;
#2852 = DIRECTION ( 'NONE',  ( -1.000000000000000000, 0.0000000000000000000, 0.0000000000000000000 ) ) ;
#2853 = EDGE_CURVE ( 'NONE', #999, #6714, #2238, .T. ) ;
#2854 = ADVANCED_FACE ( 'NONE', ( #2165 ), #558, .T. ) ;
#2855 = CARTESIAN_POINT ( 'NONE',  ( 6.500000000000000888, 0.8964290159990536688, 0.0000000000000000000 ) ) ;
#2856 = SURFACE_STYLE_USAGE ( .BOTH. , #2959 ) ;
#2857 = VERTEX_POINT ( 'NONE', #5398 ) ;
#2858 = CARTESIAN_POINT ( 'NONE',  ( 3.644173049526439723, 0.9064290159990536777, -2.858054876846180203 ) ) ;
#2859 = CARTESIAN_POINT ( 'NONE',  ( 2.235158901321182334, 0.9064290159990536777, -2.869872166366911781 ) ) ;
#2860 = SURFACE_SIDE_STYLE ('',( #3417 ) ) ;
#2861 = CARTESIAN_POINT ( 'NONE',  ( 6.500000000000000888, 0.0000000000000000000, 0.0000000000000000000 ) ) ;
#2862 = PRESENTATION_LAYER_ASSIGNMENT (  '', '', ( #6206 ) ) ;
#2863 = VERTEX_POINT ( 'NONE', #3167 ) ;
#2864 = EDGE_CURVE ( 'NONE', #6012, #6327, #6493, .T. ) ;
#2865 = CARTESIAN_POINT ( 'NONE',  ( 4.468685102143961529, 0.9064290159990536777, -2.033419163673696684 ) ) ;
#2866 = ORIENTED_EDGE ( 'NONE', *, *, #1747, .F. ) ;
#2867 =( GEOMETRIC_REPRESENTATION_CONTEXT ( 3 ) GLOBAL_UNCERTAINTY_ASSIGNED_CONTEXT ( ( #6751 ) ) GLOBAL_UNIT_ASSIGNED_CONTEXT ( ( #6077, #4489, #241 ) ) REPRESENTATION_CONTEXT ( 'NONE', 'WORKASPACE' ) );
#2868 = ORIENTED_EDGE ( 'NONE', *, *, #6223, .F. ) ;
#2869 = PLANE ( 'NONE',  #3440 ) ;
#2870 = VECTOR ( 'NONE', #3545, 1000.000000000000000 ) ;
#2871 = CARTESIAN_POINT ( 'NONE',  ( 0.4436565924557854257, 0.9064290159990537887, -0.4415840157076394434 ) ) ;
#2872 = FILL_AREA_STYLE_COLOUR ( '', #2014 ) ;
#2873 = EDGE_CURVE ( 'NONE', #6685, #971, #4872, .T. ) ;
#2874 = VERTEX_POINT ( 'NONE', #5288 ) ;
#2875 = ORIENTED_EDGE ( 'NONE', *, *, #2582, .F. ) ;
#2876 = CARTESIAN_POINT ( 'NONE',  ( 0.3615838348303286875, 0.9064290159990536777, -0.4799215218405638583 ) ) ;
#2877 = CARTESIAN_POINT ( 'NONE',  ( 5.052570485423875546, 0.9064290159990536777, -2.328888210179513862 ) ) ;
#2878 = CARTESIAN_POINT ( 'NONE',  ( 2.317919481605289711, 0.8964290159990537799, -2.003578745244291248 ) ) ;
#2879 = DIRECTION ( 'NONE',  ( 0.0000000000000000000, -0.0000000000000000000, -1.000000000000000000 ) ) ;
#2880 = VECTOR ( 'NONE', #4361, 1000.000000000000000 ) ;
#2881 = CARTESIAN_POINT ( 'NONE',  ( 2.621525515659409944, 0.8964290159990538909, -2.143938464171437630 ) ) ;
#2882 = PRESENTATION_LAYER_ASSIGNMENT (  '', '', ( #2554 ) ) ;
#2883 = ORIENTED_EDGE ( 'NONE', *, *, #3140, .F. ) ;
#2884 = VECTOR ( 'NONE', #4269, 1000.000000000000000 ) ;
#2885 = CARTESIAN_POINT ( 'NONE',  ( 5.382960442688832892, 0.9064290159990536777, -1.558526001280534645 ) ) ;
#2886 = CARTESIAN_POINT ( 'NONE',  ( 6.200000000000000178, -0.01000000000000000021, -3.700000000000000178 ) ) ;
#2887 = DIRECTION ( 'NONE',  ( 1.000000000000000000, 0.0000000000000000000, 0.0000000000000000000 ) ) ;
#2888 = FACE_OUTER_BOUND ( 'NONE', #4671, .T. ) ;
#2889 = EDGE_CURVE ( 'NONE', #1776, #6124, #518, .T. ) ;
#2890 = VECTOR ( 'NONE', #1010, 1000.000000000000114 ) ;
#2891 = EDGE_CURVE ( 'NONE', #304, #4406, #1561, .T. ) ;
#2892 = ORIENTED_EDGE ( 'NONE', *, *, #4810, .F. ) ;
#2893 = CARTESIAN_POINT ( 'NONE',  ( 4.054383219131141303, 0.8964290159990536688, -2.858054876846180203 ) ) ;
#2894 = ADVANCED_FACE ( 'NONE', ( #3802 ), #5923, .F. ) ;
#2895 = CARTESIAN_POINT ( 'NONE',  ( 2.625046601275770275, 0.9064290159990537887, -2.737712610280070624 ) ) ;
#2896 = DIRECTION ( 'NONE',  ( -0.0000000000000000000, 1.000000000000000000, -0.0000000000000000000 ) ) ;
#2897 = DIRECTION ( 'NONE',  ( -0.0000000000000000000, -1.000000000000000000, -0.0000000000000000000 ) ) ;
#2898 = MECHANICAL_DESIGN_GEOMETRIC_PRESENTATION_REPRESENTATION (  '', ( #2011 ), #453 ) ;
#2899 = VECTOR ( 'NONE', #1729, 1000.000000000000000 ) ;
#2900 = LINE ( 'NONE', #1856, #4192 ) ;
#2901 = ORIENTED_EDGE ( 'NONE', *, *, #1683, .F. ) ;
#2902 = CARTESIAN_POINT ( 'NONE',  ( 0.2427290346228347662, 0.9064290159990536777, -0.4316873925352471275 ) ) ;
#2903 = MECHANICAL_DESIGN_GEOMETRIC_PRESENTATION_REPRESENTATION (  '', ( #1906 ), #6254 ) ;
#2904 = ORIENTED_EDGE ( 'NONE', *, *, #5365, .T. ) ;
#2905 = UNCERTAINTY_MEASURE_WITH_UNIT (LENGTH_MEASURE( 1.000000000000000082E-05 ), #6107, 'distance_accuracy_value', 'NONE');
#2906 = EDGE_LOOP ( 'NONE', ( #5767, #4878, #6219, #1343 ) ) ;
#2907 = CARTESIAN_POINT ( 'NONE',  ( 2.677459028634327165, 0.9064290159990536777, -2.247715434974753457 ) ) ;
#2908 = EDGE_CURVE ( 'NONE', #6033, #3185, #5116, .T. ) ;
#2909 = LINE ( 'NONE', #6513, #1468 ) ;
#2910 = ORIENTED_EDGE ( 'NONE', *, *, #4466, .T. ) ;
#2911 = VERTEX_POINT ( 'NONE', #4911 ) ;
#2912 = CARTESIAN_POINT ( 'NONE',  ( 0.4116918019740990475, 0.8964290159990538909, -0.4652887997610467008 ) ) ;
#2913 = CARTESIAN_POINT ( 'NONE',  ( 5.382960442688832892, 0.9064290159990536777, -1.504252497007030343 ) ) ;
#2914 = CARTESIAN_POINT ( 'NONE',  ( 2.323105214372245708, 0.9064290159990537887, -2.333035717551740884 ) ) ;
#2915 = ADVANCED_FACE ( 'NONE', ( #239 ), #5959, .T. ) ;
#2916 = DIRECTION ( 'NONE',  ( -1.000000000000000000, 0.0000000000000000000, 0.0000000000000000000 ) ) ;
#2917 = VERTEX_POINT ( 'NONE', #4515 ) ;
#2918 = CARTESIAN_POINT ( 'NONE',  ( 0.2727319543048041250, 0.8964290159990535578, -0.4585318332106400607 ) ) ;
#2919 = FACE_OUTER_BOUND ( 'NONE', #4996, .T. ) ;
#2920 = DIRECTION ( 'NONE',  ( -0.0000000000000000000, -1.000000000000000000, -0.0000000000000000000 ) ) ;
#2921 = CARTESIAN_POINT ( 'NONE',  ( 2.773476819572648022, 0.9064290159990538998, -1.922768354826981607 ) ) ;
#2922 = VECTOR ( 'NONE', #1467, 1000.000000000000000 ) ;
#2923 = CARTESIAN_POINT ( 'NONE',  ( 2.748252008331904861, 0.8964290159990541129, -2.539251256499447607 ) ) ;
#2925 = EDGE_CURVE ( 'NONE', #3807, #6015, #2789, .T. ) ;
#2924 = CARTESIAN_POINT ( 'NONE',  ( 6.200000000000000178, -0.01000000000000000021, -2.364999999999998881 ) ) ;
#2926 = EDGE_LOOP ( 'NONE', ( #2460, #4377, #3321, #2937 ) ) ;
#2927 = FACE_OUTER_BOUND ( 'NONE', #6295, .T. ) ;
#2928 = CARTESIAN_POINT ( 'NONE',  ( 2.493869501057486282, 0.9064290159990534557, -2.815378005588977217 ) ) ;
#2929 = AXIS2_PLACEMENT_3D ( 'NONE', #2175, #4292, #3249 ) ;
#2930 = DIRECTION ( 'NONE',  ( 0.4804543040264410148, 0.0000000000000000000, 0.8770197613181063279 ) ) ;
#2931 = DIRECTION ( 'NONE',  ( 0.0000000000000000000, 0.0000000000000000000, -1.000000000000000000 ) ) ;
#2932 = ADVANCED_FACE ( 'NONE', ( #144 ), #2303, .T. ) ;
#2933 = PLANE ( 'NONE',  #1633 ) ;
#2934 = VECTOR ( 'NONE', #3898, 1000.000000000000000 ) ;
#2935 = ORIENTED_EDGE ( 'NONE', *, *, #1332, .T. ) ;
#2936 = CARTESIAN_POINT ( 'NONE',  ( 0.2127905736588771024, 0.9064290159990537887, -0.3613071089512235323 ) ) ;
#2937 = ORIENTED_EDGE ( 'NONE', *, *, #301, .T. ) ;
#2938 = ORIENTED_EDGE ( 'NONE', *, *, #2808, .F. ) ;
#2939 = CARTESIAN_POINT ( 'NONE',  ( 0.4192502187616888865, 0.9064290159990536777, -1.015190918046959379 ) ) ;
#2940 = VECTOR ( 'NONE', #4704, 1000.000000000000227 ) ;
#2941 = DIRECTION ( 'NONE',  ( -1.000000000000000000, 0.0000000000000000000, 0.0000000000000000000 ) ) ;
#2942 = EDGE_CURVE ( 'NONE', #6162, #2414, #3907, .T. ) ;
#2943 = VERTEX_POINT ( 'NONE', #5472 ) ;
#2944 = EDGE_CURVE ( 'NONE', #1926, #2161, #790, .T. ) ;
#2945 = ORIENTED_EDGE ( 'NONE', *, *, #2680, .F. ) ;
#2946 = CARTESIAN_POINT ( 'NONE',  ( 0.3479760344392396898, 0.9064290159990536777, -0.4802988874070792669 ) ) ;
#2947 = EDGE_LOOP ( 'NONE', ( #4888, #488, #3057, #4768 ) ) ;
#2948 = FACE_OUTER_BOUND ( 'NONE', #6406, .T. ) ;
#2949 = CARTESIAN_POINT ( 'NONE',  ( 2.330304148842740730, 0.9064290159990535667, -1.996336838423088844 ) ) ;
#2950 = CARTESIAN_POINT ( 'NONE',  ( 3.283254246107636831, 0.9064290159990536777, -2.328888210179513862 ) ) ;
#2951 = LINE ( 'NONE', #4968, #1224 ) ;
#2952 = ORIENTED_EDGE ( 'NONE', *, *, #4675, .T. ) ;
#2953 = PLANE ( 'NONE',  #5126 ) ;
#2954 = DIRECTION ( 'NONE',  ( -0.0000000000000000000, -1.000000000000000000, -0.0000000000000000000 ) ) ;
#2955 = LINE ( 'NONE', #6701, #3760 ) ;
#2956 = CARTESIAN_POINT ( 'NONE',  ( 2.778897923333012443, 0.9064290159990533446, -1.895011012843492271 ) ) ;
#2957 = CARTESIAN_POINT ( 'NONE',  ( 0.4610439163112468042, 0.9064290159990536777, -0.2743266433493466994 ) ) ;
#2958 = CARTESIAN_POINT ( 'NONE',  ( 2.706283697168568203, 0.9064290159990535667, -2.642435556038036815 ) ) ;
#2959 = SURFACE_SIDE_STYLE ('',( #2375 ) ) ;
#2960 = ORIENTED_EDGE ( 'NONE', *, *, #4313, .T. ) ;
#2961 = FACE_OUTER_BOUND ( 'NONE', #4268, .T. ) ;
#2962 = DIRECTION ( 'NONE',  ( -0.4802758347947843065, 0.0000000000000000000, -0.8771175078130484248 ) ) ;
#2963 = CARTESIAN_POINT ( 'NONE',  ( 3.825000000000000622, 0.0000000000000000000, -3.699999999999999734 ) ) ;
#2964 = CARTESIAN_POINT ( 'NONE',  ( 4.726272241567038179, 0.8964290159990536688, -2.033419163673696684 ) ) ;
#2965 = LINE ( 'NONE', #3039, #5861 ) ;
#2966 = EDGE_LOOP ( 'NONE', ( #176, #1741, #5586, #3608 ) ) ;
#2967 = FACE_OUTER_BOUND ( 'NONE', #455, .T. ) ;
#2968 = EDGE_LOOP ( 'NONE', ( #4990, #6904, #6155, #1757 ) ) ;
#2969 = UNCERTAINTY_MEASURE_WITH_UNIT (LENGTH_MEASURE( 1.000000000000000082E-05 ), #3737, 'distance_accuracy_value', 'NONE');
#2970 = VERTEX_POINT ( 'NONE', #3869 ) ;
#2971 = CARTESIAN_POINT ( 'NONE',  ( 0.2726998865956994367, 0.9064290159990536777, -0.2369556141005717820 ) ) ;
#2972 = VECTOR ( 'NONE', #2485, 1000.000000000000000 ) ;
#2973 = LINE ( 'NONE', #6222, #2373 ) ;
#2974 = VERTEX_POINT ( 'NONE', #2271 ) ;
#2975 = ORIENTED_EDGE ( 'NONE', *, *, #2231, .F. ) ;
#2976 = CARTESIAN_POINT ( 'NONE',  ( 4.408517834515755851, 0.8964290159990536688, -2.858054876846180203 ) ) ;
#2977 = EDGE_LOOP ( 'NONE', ( #4360, #4560, #5852, #162 ) ) ;
#2978 = CARTESIAN_POINT ( 'NONE',  ( 2.649147060173160817, 0.8964290159990536688, -2.219867694069673991 ) ) ;
#2979 = EDGE_CURVE ( 'NONE', #5869, #6585, #1878, .T. ) ;
#2980 = DIRECTION ( 'NONE',  ( -1.000000000000000000, 0.0000000000000000000, 0.0000000000000000000 ) ) ;
#2981 = LINE ( 'NONE', #6797, #802 ) ;
#2982 = DIRECTION ( 'NONE',  ( -0.0000000000000000000, -1.000000000000000000, -0.0000000000000000000 ) ) ;
#2983 = VECTOR ( 'NONE', #1485, 1000.000000000000000 ) ;
#2984 = ORIENTED_EDGE ( 'NONE', *, *, #3735, .F. ) ;
#2985 = CARTESIAN_POINT ( 'NONE',  ( 2.780858161857380662, 0.9064290159990536777, -1.798041079415438892 ) ) ;
#2986 = VECTOR ( 'NONE', #6660, 1000.000000000000000 ) ;
#2987 = CARTESIAN_POINT ( 'NONE',  ( 2.724999999999999201, -0.01000000000000000021, -1.500000000000000000 ) ) ;
#2988 = PLANE ( 'NONE',  #1761 ) ;
#2989 = DIRECTION ( 'NONE',  ( -1.000000000000000000, 0.0000000000000000000, 0.0000000000000000000 ) ) ;
#2990 = EDGE_CURVE ( 'NONE', #2524, #1926, #4486, .T. ) ;
#2991 = CARTESIAN_POINT ( 'NONE',  ( 0.4832289281461383257, 0.8964290159990536688, -0.3480185847706619429 ) ) ;
#2992 = VECTOR ( 'NONE', #4750, 1000.000000000000000 ) ;
#2993 = CARTESIAN_POINT ( 'NONE',  ( 2.683245108800997425, 0.9064290159990537887, -2.675004799086445395 ) ) ;
#2994 = PRESENTATION_STYLE_ASSIGNMENT (( #2856 ) ) ;
#2995 = EDGE_LOOP ( 'NONE', ( #1943, #6783, #2556, #6542 ) ) ;
#2996 = CARTESIAN_POINT ( 'NONE',  ( 2.724999999999999201, 0.0000000000000000000, -0.3000000000000000999 ) ) ;
#2997 = DIRECTION ( 'NONE',  ( -0.0000000000000000000, -1.000000000000000000, -0.0000000000000000000 ) ) ;
#2998 = DIRECTION ( 'NONE',  ( -0.0000000000000000000, 1.000000000000000000, -0.0000000000000000000 ) ) ;
#2999 = AXIS2_PLACEMENT_3D ( 'NONE', #4464, #2797, #5542 ) ;
#3000 = DIRECTION ( 'NONE',  ( -0.8770411504904054301, 0.0000000000000000000, -0.4804152582365242008 ) ) ;
#3001 = EDGE_CURVE ( 'NONE', #5566, #5590, #2371, .T. ) ;
#3002 = VECTOR ( 'NONE', #421, 1000.000000000000000 ) ;
#3003 = DIRECTION ( 'NONE',  ( 0.3688942629807152596, 0.0000000000000000000, -0.9294713673588417269 ) ) ;
#3004 = VECTOR ( 'NONE', #6302, 1000.000000000000000 ) ;
#3005 = ORIENTED_EDGE ( 'NONE', *, *, #4747, .F. ) ;
#3006 = DIRECTION ( 'NONE',  ( 1.000000000000000000, 0.0000000000000000000, 0.0000000000000000000 ) ) ;
#3007 = ORIENTED_EDGE ( 'NONE', *, *, #5635, .T. ) ;
#3008 = ORIENTED_EDGE ( 'NONE', *, *, #2102, .T. ) ;
#3009 = AXIS2_PLACEMENT_3D ( 'NONE', #1222, #5477, #3350 ) ;
#3010 = CARTESIAN_POINT ( 'NONE',  ( 2.363925208911413112, 0.9064290159990536777, -2.433370094563901631 ) ) ;
#3011 = PLANE ( 'NONE',  #606 ) ;
#3012 =( GEOMETRIC_REPRESENTATION_CONTEXT ( 3 ) GLOBAL_UNCERTAINTY_ASSIGNED_CONTEXT ( ( #6052 ) ) GLOBAL_UNIT_ASSIGNED_CONTEXT ( ( #5429, #589, #5992 ) ) REPRESENTATION_CONTEXT ( 'NONE', 'WORKASPACE' ) );
#3013 = ORIENTED_EDGE ( 'NONE', *, *, #3518, .F. ) ;
#3014 = ORIENTED_EDGE ( 'NONE', *, *, #3735, .T. ) ;
#3015 = DIRECTION ( 'NONE',  ( -0.0000000000000000000, -1.000000000000000000, -0.0000000000000000000 ) ) ;
#3016 = EDGE_CURVE ( 'NONE', #1576, #4120, #5009, .T. ) ;
#3017 = ORIENTED_EDGE ( 'NONE', *, *, #38, .F. ) ;
#3018 = CARTESIAN_POINT ( 'NONE',  ( 2.655533811584121828, 0.9064290159990537887, -2.226560939222583357 ) ) ;
#3019 = DIRECTION ( 'NONE',  ( -0.0000000000000000000, -1.000000000000000000, -0.0000000000000000000 ) ) ;
#3020 = AXIS2_PLACEMENT_3D ( 'NONE', #5206, #3117, #4643 ) ;
#3021 = FACE_OUTER_BOUND ( 'NONE', #433, .T. ) ;
#3022 = LINE ( 'NONE', #409, #1890 ) ;
#3023 = EDGE_CURVE ( 'NONE', #2794, #6657, #3378, .T. ) ;
#3024 = EDGE_LOOP ( 'NONE', ( #2253, #4216, #5829, #4418, #4592 ) ) ;
#3025 = CARTESIAN_POINT ( 'NONE',  ( 2.639449971784237903, 0.9064290159990536777, -1.566701558078149592 ) ) ;
#3026 = CARTESIAN_POINT ( 'NONE',  ( 3.637388861492252268, 0.8964290159990536688, -2.328888210179513862 ) ) ;
#3027 = DIRECTION ( 'NONE',  ( 1.000000000000000000, 0.0000000000000000000, -0.0000000000000000000 ) ) ;
#3028 = CARTESIAN_POINT ( 'NONE',  ( 2.354023518506375368, 0.9064290159990537887, -2.477514929343314964 ) ) ;
#3029 = CARTESIAN_POINT ( 'NONE',  ( 0.4610439163112468042, 0.8964290159990536688, -0.2743266433493466994 ) ) ;
#3030 = SURFACE_STYLE_FILL_AREA ( #1847 ) ;
#3031 = EDGE_CURVE ( 'NONE', #2911, #1214, #4946, .T. ) ;
#3032 = LINE ( 'NONE', #5186, #3348 ) ;
#3033 = ORIENTED_EDGE ( 'NONE', *, *, #1710, .T. ) ;
#3034 = DIRECTION ( 'NONE',  ( 0.0000000000000000000, 1.000000000000000000, -0.0000000000000000000 ) ) ;
#3035 = FACE_OUTER_BOUND ( 'NONE', #3667, .T. ) ;
#3036 = DIRECTION ( 'NONE',  ( -1.000000000000000000, 0.0000000000000000000, 0.0000000000000000000 ) ) ;
#3037 = CARTESIAN_POINT ( 'NONE',  ( 3.933985082111910447, 0.8964290159990536688, -2.328888210179513862 ) ) ;
#3038 = VECTOR ( 'NONE', #4880, 1000.000000000000000 ) ;
#3039 = CARTESIAN_POINT ( 'NONE',  ( 2.324999999999998845, 0.0000000000000000000, -1.500000000000000000 ) ) ;
#3040 = EDGE_LOOP ( 'NONE', ( #2463, #2630, #3988, #4469 ) ) ;
#3041 = DIRECTION ( 'NONE',  ( 1.000000000000000000, 0.0000000000000000000, -0.0000000000000000000 ) ) ;
#3042 = ORIENTED_EDGE ( 'NONE', *, *, #851, .T. ) ;
#3043 = UNCERTAINTY_MEASURE_WITH_UNIT (LENGTH_MEASURE( 1.000000000000000082E-05 ), #704, 'distance_accuracy_value', 'NONE');
#3044 = ADVANCED_FACE ( 'NONE', ( #3345 ), #4456, .T. ) ;
#3045 = ORIENTED_EDGE ( 'NONE', *, *, #6615, .T. ) ;
#3046 = CARTESIAN_POINT ( 'NONE',  ( 0.2957362652832027372, 0.8964290159990536688, -0.2247786295356906661 ) ) ;
#3047 = LINE ( 'NONE', #1394, #2922 ) ;
#3048 = VECTOR ( 'NONE', #3241, 1000.000000000000000 ) ;
#3049 = EDGE_LOOP ( 'NONE', ( #736, #3562, #6884, #1167 ) ) ;
#3050 = EDGE_LOOP ( 'NONE', ( #6038, #5898, #6791, #2113 ) ) ;
#3051 = PLANE ( 'NONE',  #1753 ) ;
#3052 = ORIENTED_EDGE ( 'NONE', *, *, #2821, .T. ) ;
#3053 = DIRECTION ( 'NONE',  ( 0.9643213640348163862, -0.0000000000000000000, 0.2647344081641662128 ) ) ;
#3054 = DIRECTION ( 'NONE',  ( -1.000000000000000000, 0.0000000000000000000, -2.710505431213760099E-16 ) ) ;
#3055 = CARTESIAN_POINT ( 'NONE',  ( 0.4282260363345810061, 0.9064290159990536777, -2.550312174942152676 ) ) ;
#3056 = CARTESIAN_POINT ( 'NONE',  ( 0.2426903477734127512, 0.8964290159990535578, -0.2638250785076581284 ) ) ;
#3057 = ORIENTED_EDGE ( 'NONE', *, *, #1956, .F. ) ;
#3058 = CARTESIAN_POINT ( 'NONE',  ( 3.785686971802081136, 0.8964290159990536688, -2.599619713918829955 ) ) ;
#3059 = CARTESIAN_POINT ( 'NONE',  ( 5.179434801663192367, 0.9064290159990536777, -2.033419163673696684 ) ) ;
#3060 = CARTESIAN_POINT ( 'NONE',  ( 3.346113988361909986, 0.8964290159990536688, -2.858054876846180203 ) ) ;
#3061 = CARTESIAN_POINT ( 'NONE',  ( 2.340082040040679878, 0.9064290159990538998, -2.497384992724724917 ) ) ;
#3062 = CARTESIAN_POINT ( 'NONE',  ( 0.3615837489163099550, 0.9064290159990536777, -0.2156911365066539743 ) ) ;
#3063 = EDGE_LOOP ( 'NONE', ( #1517, #5445, #2144, #132 ) ) ;
#3064 = SURFACE_STYLE_USAGE ( .BOTH. , #3653 ) ;
#3065 = LINE ( 'NONE', #1418, #228 ) ;
#3066 = EDGE_CURVE ( 'NONE', #2611, #6193, #5532, .T. ) ;
#3067 = CARTESIAN_POINT ( 'NONE',  ( 3.487733913575585820, 0.8964290159990536688, -2.599619713918829955 ) ) ;
#3068 = CARTESIAN_POINT ( 'NONE',  ( 0.2749999999999994116, -0.01000000000000000021, -1.574999999999999956 ) ) ;
#3069 = EDGE_CURVE ( 'NONE', #1603, #3072, #695, .T. ) ;
#3070 = LINE ( 'NONE', #4254, #962 ) ;
#3071 = FILL_AREA_STYLE_COLOUR ( '', #5231 ) ;
#3072 = VERTEX_POINT ( 'NONE', #5433 ) ;
#3073 = VERTEX_POINT ( 'NONE', #3443 ) ;
#3074 = CARTESIAN_POINT ( 'NONE',  ( 0.2518754841542416023, 0.8964290159990536688, -0.2538934260881456906 ) ) ;
#3075 = CARTESIAN_POINT ( 'NONE',  ( 3.510524545252935891, 0.9064290159990536777, -1.504252497007030343 ) ) ;
#3076 = EDGE_CURVE ( 'NONE', #3826, #3800, #5570, .T. ) ;
#3077 = ORIENTED_EDGE ( 'NONE', *, *, #972, .F. ) ;
#3078 = LINE ( 'NONE', #6885, #5113 ) ;
#3079 = ORIENTED_EDGE ( 'NONE', *, *, #6062, .F. ) ;
#3080 = CARTESIAN_POINT ( 'NONE',  ( 1.574999999999999067, -0.01000000000000000021, -0.3000000000000001554 ) ) ;
#3081 = ORIENTED_EDGE ( 'NONE', *, *, #562, .F. ) ;
#3082 = DIRECTION ( 'NONE',  ( 0.0000000000000000000, 0.0000000000000000000, 1.000000000000000000 ) ) ;
#3083 = CARTESIAN_POINT ( 'NONE',  ( 4.345658092261483141, 0.8964290159990536688, -2.328888210179513862 ) ) ;
#3084 = PRODUCT_RELATED_PRODUCT_CATEGORY ( 'part', '', ( #5479 ) ) ;
#3085 = CARTESIAN_POINT ( 'NONE',  ( 3.293430528158919124, 0.8964290159990536688, -2.033419163673696684 ) ) ;
#3086 = EDGE_CURVE ( 'NONE', #1481, #4392, #3943, .T. ) ;
#3087 = AXIS2_PLACEMENT_3D ( 'NONE', #491, #2131, #1462 ) ;
#3088 = ORIENTED_EDGE ( 'NONE', *, *, #6396, .T. ) ;
#3089 = CARTESIAN_POINT ( 'NONE',  ( 2.762924536945670084, 0.8964290159990533358, -1.725381821735456622 ) ) ;
#3090 = DIRECTION ( 'NONE',  ( 0.4804152582365220914, 0.0000000000000000000, -0.8770411504904065403 ) ) ;
#3091 = LINE ( 'NONE', #856, #6666 ) ;
#3092 = CARTESIAN_POINT ( 'NONE',  ( 2.237468899868631400, 0.8964290159990535578, -2.549126416431104047 ) ) ;
#3093 = DIRECTION ( 'NONE',  ( -0.0000000000000000000, -1.000000000000000000, -0.0000000000000000000 ) ) ;
#3094 = VECTOR ( 'NONE', #2164, 1000.000000000000000 ) ;
#3095 = SURFACE_STYLE_FILL_AREA ( #934 ) ;
#3096 = ORIENTED_EDGE ( 'NONE', *, *, #5976, .F. ) ;
#3097 = CARTESIAN_POINT ( 'NONE',  ( 3.347810035370457182, 0.9064290159990536777, -2.033419163673696684 ) ) ;
#3098 = DIRECTION ( 'NONE',  ( -3.097720492815726673E-16, 0.0000000000000000000, 1.000000000000000000 ) ) ;
#3099 = EDGE_CURVE ( 'NONE', #6193, #999, #755, .T. ) ;
#3100 = DIRECTION ( 'NONE',  ( 0.0000000000000000000, 0.0000000000000000000, 1.000000000000000000 ) ) ;
#3101 = COLOUR_RGB ( '',1.000000000000000000, 1.000000000000000000, 1.000000000000000000 ) ;
#3102 = EDGE_CURVE ( 'NONE', #1763, #1203, #957, .T. ) ;
#3103 = PLANE ( 'NONE',  #1864 ) ;
#3104 = EDGE_CURVE ( 'NONE', #4723, #3106, #6170, .T. ) ;
#3105 = CARTESIAN_POINT ( 'NONE',  ( 3.741186938415328900, 0.8964290159990536688, -2.033419163673696684 ) ) ;
#3106 = VERTEX_POINT ( 'NONE', #4691 ) ;
#3107 =( GEOMETRIC_REPRESENTATION_CONTEXT ( 3 ) GLOBAL_UNCERTAINTY_ASSIGNED_CONTEXT ( ( #257 ) ) GLOBAL_UNIT_ASSIGNED_CONTEXT ( ( #3855, #2321, #3958 ) ) REPRESENTATION_CONTEXT ( 'NONE', 'WORKASPACE' ) );
#3108 = VERTEX_POINT ( 'NONE', #2541 ) ;
#3109 = DIRECTION ( 'NONE',  ( -1.000000000000000000, 0.0000000000000000000, -0.0000000000000000000 ) ) ;
#3110 = CARTESIAN_POINT ( 'NONE',  ( 0.2518754841542416023, 0.9064290159990536777, -0.2538934260881456906 ) ) ;
#3111 = AXIS2_PLACEMENT_3D ( 'NONE', #1279, #1735, #2366 ) ;
#3112 = ORIENTED_EDGE ( 'NONE', *, *, #5310, .F. ) ;
#3113 = PLANE ( 'NONE',  #1102 ) ;
#3114 = PRESENTATION_LAYER_ASSIGNMENT (  '', '', ( #5337 ) ) ;
#3115 = ORIENTED_EDGE ( 'NONE', *, *, #6718, .T. ) ;
#3116 = EDGE_CURVE ( 'NONE', #1361, #6533, #3091, .T. ) ;
#3117 = DIRECTION ( 'NONE',  ( -0.9654103710690745688, 0.0000000000000000000, -0.2607351442216254145 ) ) ;
#3118 = EDGE_LOOP ( 'NONE', ( #2875, #3343, #291, #4536 ) ) ;
#3119 = VECTOR ( 'NONE', #2095, 1000.000000000000227 ) ;
#3120 = CARTESIAN_POINT ( 'NONE',  ( 2.621769303883636049, 0.8964290159990534468, -2.195216036061463871 ) ) ;
#3121 = PLANE ( 'NONE',  #47 ) ;
#3122 = VECTOR ( 'NONE', #5928, 1000.000000000000227 ) ;
#3123 = CARTESIAN_POINT ( 'NONE',  ( 0.3080740719591939514, 0.8964290159990540019, -0.2204629872658384615 ) ) ;
#3124 = VERTEX_POINT ( 'NONE', #5078 ) ;
#3125 = CARTESIAN_POINT ( 'NONE',  ( 3.644173049526439723, 0.9064290159990536777, -2.858054876846180203 ) ) ;
#3126 = CARTESIAN_POINT ( 'NONE',  ( 4.215868094932423205, 0.9064290159990536777, -1.504252497007030343 ) ) ;
#3127 = PLANE ( 'NONE',  #4983 ) ;
#3128 = CARTESIAN_POINT ( 'NONE',  ( 2.214621982836836978, 0.8964290159990537799, -2.549903730818732228 ) ) ;
#3129 = CARTESIAN_POINT ( 'NONE',  ( 3.700248603746525422, 0.8964290159990536688, -2.858054876846180203 ) ) ;
#3130 = DIRECTION ( 'NONE',  ( 1.000000000000000000, 0.0000000000000000000, 0.0000000000000000000 ) ) ;
#3131 = ORIENTED_EDGE ( 'NONE', *, *, #5575, .F. ) ;
#3132 = CARTESIAN_POINT ( 'NONE',  ( 3.510524545252935891, 0.9064290159990536777, -1.504252497007030343 ) ) ;
#3133 = SURFACE_SIDE_STYLE ('',( #4726 ) ) ;
#3134 = CARTESIAN_POINT ( 'NONE',  ( 2.214621982836836978, 0.9064290159990537887, -2.549903730818732228 ) ) ;
#3135 = LINE ( 'NONE', #1071, #6105 ) ;
#3136 = CARTESIAN_POINT ( 'NONE',  ( 5.518644203372593537, 0.8964290159990536688, -1.558526001280534645 ) ) ;
#3137 = VERTEX_POINT ( 'NONE', #1978 ) ;
#3138 = DIRECTION ( 'NONE',  ( -0.0000000000000000000, 1.000000000000000000, -0.0000000000000000000 ) ) ;
#3139 = CARTESIAN_POINT ( 'NONE',  ( 3.893831169184560181, 0.9064290159990536777, -1.645342407530534734 ) ) ;
#3140 = EDGE_CURVE ( 'NONE', #6681, #2385, #1410, .T. ) ;
#3141 = DIRECTION ( 'NONE',  ( -1.000000000000000000, 0.0000000000000000000, 0.0000000000000000000 ) ) ;
#3142 = ADVANCED_FACE ( 'NONE', ( #3507 ), #2988, .T. ) ;
#3143 = AXIS2_PLACEMENT_3D ( 'NONE', #4807, #1638, #4733 ) ;
#3144 = ORIENTED_EDGE ( 'NONE', *, *, #1099, .T. ) ;
#3145 = ORIENTED_EDGE ( 'NONE', *, *, #3805, .T. ) ;
#3146 = SURFACE_STYLE_USAGE ( .BOTH. , #3217 ) ;
#3147 = ORIENTED_EDGE ( 'NONE', *, *, #833, .T. ) ;
#3148 = CARTESIAN_POINT ( 'NONE',  ( 2.209070282058282153, 0.9064290159990538998, -2.293136989795635294 ) ) ;
#3149 = VECTOR ( 'NONE', #1189, 1000.000000000000000 ) ;
#3150 = DIRECTION ( 'NONE',  ( 0.4806015670138532592, 0.0000000000000000000, -0.8769390707362905157 ) ) ;
#3151 = EDGE_CURVE ( 'NONE', #4723, #1951, #4073, .T. ) ;
#3152 = DIRECTION ( 'NONE',  ( -0.0000000000000000000, -1.000000000000000000, -0.0000000000000000000 ) ) ;
#3153 = EDGE_LOOP ( 'NONE', ( #1687, #1358, #5524, #5230 ) ) ;
#3154 = ORIENTED_EDGE ( 'NONE', *, *, #2700, .F. ) ;
#3155 = VECTOR ( 'NONE', #3233, 1000.000000000000000 ) ;
#3156 = CARTESIAN_POINT ( 'NONE',  ( 3.474999999999998757, -0.01000000000000000021, -0.3000000000000000444 ) ) ;
#3157 = CARTESIAN_POINT ( 'NONE',  ( 3.459643134996525760, 0.9064290159990536777, -2.650819132989342908 ) ) ;
#3158 = PRESENTATION_STYLE_ASSIGNMENT (( #548 ) ) ;
#3159 = PLANE ( 'NONE',  #599 ) ;
#3160 = CARTESIAN_POINT ( 'NONE',  ( 2.585499676996519280, 0.9064290159990536777, -2.167429442475643064 ) ) ;
#3161 = EDGE_CURVE ( 'NONE', #244, #685, #1946, .T. ) ;
#3162 = CARTESIAN_POINT ( 'NONE',  ( 0.0000000000000000000, 0.0000000000000000000, 0.0000000000000000000 ) ) ;
#3163 = ORIENTED_EDGE ( 'NONE', *, *, #2516, .F. ) ;
#3164 = CARTESIAN_POINT ( 'NONE',  ( 0.4777719047767325922, 0.8964290159990536688, -0.3089697421630478447 ) ) ;
#3165 = ORIENTED_EDGE ( 'NONE', *, *, #2084, .T. ) ;
#3166 = LINE ( 'NONE', #5256, #4323 ) ;
#3167 = CARTESIAN_POINT ( 'NONE',  ( 4.352442280295671040, 0.9064290159990536777, -2.858054876846180203 ) ) ;
#3168 = DIRECTION ( 'NONE',  ( -0.0000000000000000000, -1.000000000000000000, -0.0000000000000000000 ) ) ;
#3169 = ADVANCED_FACE ( 'NONE', ( #5603 ), #2019, .T. ) ;
#3170 =( NAMED_UNIT ( * ) SI_UNIT ( $, .STERADIAN. ) SOLID_ANGLE_UNIT ( ) );
#3171 = PLANE ( 'NONE',  #1556 ) ;
#3172 = ORIENTED_EDGE ( 'NONE', *, *, #5850, .F. ) ;
#3173 = DIRECTION ( 'NONE',  ( 0.4804543040264439013, 0.0000000000000000000, -0.8770197613181046625 ) ) ;
#3174 = FACE_OUTER_BOUND ( 'NONE', #6248, .T. ) ;
#3175 = DIRECTION ( 'NONE',  ( 1.000000000000000000, 0.0000000000000000000, 0.0000000000000000000 ) ) ;
#3176 = DIRECTION ( 'NONE',  ( 0.4804543040264439013, 0.0000000000000000000, -0.8770197613181046625 ) ) ;
#3177 = LINE ( 'NONE', #5793, #6611 ) ;
#3178 = ORIENTED_EDGE ( 'NONE', *, *, #6740, .F. ) ;
#3179 = ORIENTED_EDGE ( 'NONE', *, *, #1145, .T. ) ;
#3180 = CARTESIAN_POINT ( 'NONE',  ( 3.893831169184560181, 0.8964290159990536688, -1.645342407530534734 ) ) ;
#3181 = ORIENTED_EDGE ( 'NONE', *, *, #2608, .T. ) ;
#3182 = CARTESIAN_POINT ( 'NONE',  ( 3.998307664911055603, 0.8964290159990536688, -2.858054876846180203 ) ) ;
#3183 = LINE ( 'NONE', #5307, #5388 ) ;
#3184 = CARTESIAN_POINT ( 'NONE',  ( 2.288664543998843559, 0.9064290159990535667, -2.015243173823677125 ) ) ;
#3185 = VERTEX_POINT ( 'NONE', #5217 ) ;
#3186 = EDGE_CURVE ( 'NONE', #5066, #5470, #1346, .T. ) ;
#3187 = ORIENTED_EDGE ( 'NONE', *, *, #2535, .T. ) ;
#3188 = ADVANCED_FACE ( 'NONE', ( #307 ), #447, .T. ) ;
#3189 = LINE ( 'NONE', #5389, #1796 ) ;
#3190 = CARTESIAN_POINT ( 'NONE',  ( 2.298030339887187967, 0.8964290159990536688, -2.531582152752746229 ) ) ;
#3191 = FILL_AREA_STYLE ('',( #1059 ) ) ;
#3192 = CARTESIAN_POINT ( 'NONE',  ( 2.235158901321182334, 0.8964290159990536688, -2.869872166366911781 ) ) ;
#3193 = VECTOR ( 'NONE', #907, 1000.000000000000000 ) ;
#3194 = DIRECTION ( 'NONE',  ( -0.0000000000000000000, -1.000000000000000000, -0.0000000000000000000 ) ) ;
#3195 = VERTEX_POINT ( 'NONE', #3060 ) ;
#3196 = DIRECTION ( 'NONE',  ( 0.0000000000000000000, 0.0000000000000000000, -1.000000000000000000 ) ) ;
#3197 = VECTOR ( 'NONE', #5118, 1000.000000000000000 ) ;
#3198 = ORIENTED_EDGE ( 'NONE', *, *, #963, .F. ) ;
#3199 = CARTESIAN_POINT ( 'NONE',  ( 3.474999999999998757, -0.01000000000000000021, -0.3000000000000000444 ) ) ;
#3200 = ADVANCED_FACE ( 'NONE', ( #5112 ), #5637, .T. ) ;
#3201 = CARTESIAN_POINT ( 'NONE',  ( 2.354895432808410405, 0.8964290159990537799, -2.381287766863821709 ) ) ;
#3202 = DIRECTION ( 'NONE',  ( -1.000000000000000000, 0.0000000000000000000, 0.0000000000000000000 ) ) ;
#3203 = MECHANICAL_DESIGN_GEOMETRIC_PRESENTATION_REPRESENTATION (  '', ( #5431 ), #1202 ) ;
#3204 = CARTESIAN_POINT ( 'NONE',  ( 3.283254246107636831, 0.8964290159990536688, -2.328888210179513862 ) ) ;
#3205 = EDGE_LOOP ( 'NONE', ( #6782, #3575, #5549, #2621, #2945, #4199, #5539, #6489, #4092, #5619, #2583, #1559 ) ) ;
#3206 = LINE ( 'NONE', #5332, #6695 ) ;
#3207 = LINE ( 'NONE', #4328, #4930 ) ;
#3208 = CARTESIAN_POINT ( 'NONE',  ( 0.2146122038050954361, 0.8964290159990534468, -0.3215273267002996538 ) ) ;
#3209 = VECTOR ( 'NONE', #822, 1000.000000000000000 ) ;
#3210 = CARTESIAN_POINT ( 'NONE',  ( 4.522046981150371181, 0.8964290159990536688, -2.650819132989342908 ) ) ;
#3211 = EDGE_CURVE ( 'NONE', #2276, #4010, #3585, .T. ) ;
#3212 = CARTESIAN_POINT ( 'NONE',  ( 3.474999999999998757, -0.01000000000000000021, -1.649999999999999911 ) ) ;
#3213 = VECTOR ( 'NONE', #1014, 1000.000000000000000 ) ;
#3214 = ORIENTED_EDGE ( 'NONE', *, *, #3820, .F. ) ;
#3215 = CARTESIAN_POINT ( 'NONE',  ( 3.881958840124730692, 0.9064290159990536777, -1.504252497007030343 ) ) ;
#3216 = ORIENTED_EDGE ( 'NONE', *, *, #840, .F. ) ;
#3217 = SURFACE_SIDE_STYLE ('',( #3288 ) ) ;
#3218 = ORIENTED_EDGE ( 'NONE', *, *, #5246, .F. ) ;
#3219 = CARTESIAN_POINT ( 'NONE',  ( 3.474999999999998757, 0.0000000000000000000, -0.3000000000000000444 ) ) ;
#3220 = CARTESIAN_POINT ( 'NONE',  ( 0.4116918019740990475, 0.9064290159990538998, -0.4652887997610467008 ) ) ;
#3221 = VECTOR ( 'NONE', #1118, 1000.000000000000000 ) ;
#3222 = DIRECTION ( 'NONE',  ( -1.000000000000000000, 0.0000000000000000000, -1.301042606982605321E-16 ) ) ;
#3223 = VECTOR ( 'NONE', #3702, 1000.000000000000000 ) ;
#3224 = ORIENTED_EDGE ( 'NONE', *, *, #1872, .T. ) ;
#3225 = EDGE_CURVE ( 'NONE', #4062, #6828, #2955, .T. ) ;
#3226 = EDGE_LOOP ( 'NONE', ( #598, #2301, #5921, #5029, #4140, #4757, #5421, #2469, #3740, #3008, #2588, #5101 ) ) ;
#3227 = VECTOR ( 'NONE', #2012, 1000.000000000000000 ) ;
#3228 = CARTESIAN_POINT ( 'NONE',  ( 4.139821587186697016, 0.8964290159990536688, -2.599619713918829955 ) ) ;
#3229 = FACE_OUTER_BOUND ( 'NONE', #3598, .T. ) ;
#3230 = FILL_AREA_STYLE_COLOUR ( '', #90 ) ;
#3231 = VECTOR ( 'NONE', #1381, 1000.000000000000000 ) ;
#3232 = FACE_OUTER_BOUND ( 'NONE', #4702, .T. ) ;
#3233 = DIRECTION ( 'NONE',  ( -0.0000000000000000000, -1.000000000000000000, -0.0000000000000000000 ) ) ;
#3234 = DIRECTION ( 'NONE',  ( -0.0000000000000000000, 1.000000000000000000, -0.0000000000000000000 ) ) ;
#3235 = VECTOR ( 'NONE', #7, 1000.000000000000000 ) ;
#3236 = EDGE_CURVE ( 'NONE', #880, #3459, #4552, .T. ) ;
#3237 = ORIENTED_EDGE ( 'NONE', *, *, #4884, .F. ) ;
#3238 = SURFACE_SIDE_STYLE ('',( #659 ) ) ;
#3239 = VERTEX_POINT ( 'NONE', #350 ) ;
#3240 = LINE ( 'NONE', #5362, #1421 ) ;
#3241 = DIRECTION ( 'NONE',  ( -1.000000000000000000, 0.0000000000000000000, 0.0000000000000000000 ) ) ;
#3242 = ADVANCED_FACE ( 'NONE', ( #5149 ), #2472, .T. ) ;
#3243 = CARTESIAN_POINT ( 'NONE',  ( 4.358548049526440593, 0.9064290159990536777, -2.033419163673696684 ) ) ;
#3244 = CARTESIAN_POINT ( 'NONE',  ( 2.360590346837533549, 0.8964290159990537799, -1.836547759416144343 ) ) ;
#3245 = EDGE_LOOP ( 'NONE', ( #1831, #5312, #2787, #4273 ) ) ;
#3246 = CARTESIAN_POINT ( 'NONE',  ( 4.309998703906781969, 0.9064290159990536777, -2.033419163673696684 ) ) ;
#3247 = LINE ( 'NONE', #6463, #4926 ) ;
#3248 = CARTESIAN_POINT ( 'NONE',  ( 0.2127895760032332551, 0.9064290159990538998, -0.3346239188737026304 ) ) ;
#3249 = DIRECTION ( 'NONE',  ( 0.4802882638304223351, 0.0000000000000000000, -0.8771107020363840823 ) ) ;
#3250 = CARTESIAN_POINT ( 'NONE',  ( 0.2176907310085976210, 0.9064290159990537887, -0.3089286993237542744 ) ) ;
#3251 = ORIENTED_EDGE ( 'NONE', *, *, #5684, .T. ) ;
#3252 = EDGE_CURVE ( 'NONE', #4440, #5909, #1452, .T. ) ;
#3253 = CARTESIAN_POINT ( 'NONE',  ( 4.054743629120457271, 0.9064290159990536777, -2.033419163673696684 ) ) ;
#3254 = VERTEX_POINT ( 'NONE', #4173 ) ;
#3255 = DIRECTION ( 'NONE',  ( 1.000000000000000000, 0.0000000000000000000, 0.0000000000000000000 ) ) ;
#3256 = ORIENTED_EDGE ( 'NONE', *, *, #4747, .T. ) ;
#3257 = CARTESIAN_POINT ( 'NONE',  ( 2.363303881393243877, 0.9064290159990536777, -2.411909922508908455 ) ) ;
#3258 = DIRECTION ( 'NONE',  ( -1.000000000000000000, 0.0000000000000000000, 0.0000000000000000000 ) ) ;
#3259 = CARTESIAN_POINT ( 'NONE',  ( 0.4116918019740990475, 0.8964290159990538909, -0.4652887997610467008 ) ) ;
#3260 = ORIENTED_EDGE ( 'NONE', *, *, #528, .T. ) ;
#3261 = ORIENTED_EDGE ( 'NONE', *, *, #840, .T. ) ;
#3262 = CARTESIAN_POINT ( 'NONE',  ( 1.574999999999999067, -0.01000000000000000021, -0.3000000000000001554 ) ) ;
#3263 = SURFACE_STYLE_USAGE ( .BOTH. , #1133 ) ;
#3264 =( NAMED_UNIT ( * ) SI_UNIT ( $, .STERADIAN. ) SOLID_ANGLE_UNIT ( ) );
#3265 = FACE_OUTER_BOUND ( 'NONE', #104, .T. ) ;
#3266 = CARTESIAN_POINT ( 'NONE',  ( 2.743801178508920469, 0.8964290159990536688, -2.363645101633097045 ) ) ;
#3267 = VECTOR ( 'NONE', #6494, 1000.000000000000000 ) ;
#3268 = VERTEX_POINT ( 'NONE', #3790 ) ;
#3269 = SURFACE_STYLE_FILL_AREA ( #2748 ) ;
#3270 = EDGE_LOOP ( 'NONE', ( #4688, #64, #5163, #2598 ) ) ;
#3271 = CARTESIAN_POINT ( 'NONE',  ( 3.510524545252935891, 0.8964290159990536688, -1.504252497007030343 ) ) ;
#3272 = DIRECTION ( 'NONE',  ( -0.4802882638304222795, 0.0000000000000000000, 0.8771107020363840823 ) ) ;
#3273 = VECTOR ( 'NONE', #4067, 1000.000000000000000 ) ;
#3274 = CARTESIAN_POINT ( 'NONE',  ( 2.367381603757530151, 0.9064290159990537887, -1.847283755312978837 ) ) ;
#3275 = CARTESIAN_POINT ( 'NONE',  ( 2.437190336051772377, 0.8964290159990538909, -2.835226689906507946 ) ) ;
#3276 = CARTESIAN_POINT ( 'NONE',  ( 1.053968747130483052, 0.8964290159990536688, -2.023816361309370926 ) ) ;
#3277 = ADVANCED_FACE ( 'NONE', ( #1058 ), #3127, .T. ) ;
#3278 = EDGE_LOOP ( 'NONE', ( #1802, #2892, #3615, #1510 ) ) ;
#3279 = ADVANCED_FACE ( 'NONE', ( #3646 ), #5873, .F. ) ;
#3280 = DIRECTION ( 'NONE',  ( -0.4804543040264409592, 0.0000000000000000000, -0.8770197613181063279 ) ) ;
#3281 = PLANE ( 'NONE',  #2593 ) ;
#3282 = CARTESIAN_POINT ( 'NONE',  ( 3.790266298725157856, 0.9064290159990536777, -2.033419163673696684 ) ) ;
#3283 = DIRECTION ( 'NONE',  ( -1.000000000000000000, 0.0000000000000000000, 0.0000000000000000000 ) ) ;
#3284 = CARTESIAN_POINT ( 'NONE',  ( 0.2177140393683641151, 0.9064290159990538998, -0.3868181493306450669 ) ) ;
#3285 = ORIENTED_EDGE ( 'NONE', *, *, #965, .F. ) ;
#3286 = LINE ( 'NONE', #5412, #4774 ) ;
#3287 = VERTEX_POINT ( 'NONE', #1622 ) ;
#3288 = SURFACE_STYLE_FILL_AREA ( #1012 ) ;
#3289 = ORIENTED_EDGE ( 'NONE', *, *, #5613, .T. ) ;
#3290 = FACE_OUTER_BOUND ( 'NONE', #6074, .T. ) ;
#3291 = DIRECTION ( 'NONE',  ( 0.0000000000000000000, 0.0000000000000000000, -1.000000000000000000 ) ) ;
#3292 = EDGE_CURVE ( 'NONE', #356, #2684, #2079, .T. ) ;
#3293 = CARTESIAN_POINT ( 'NONE',  ( 0.4678455872008039917, 0.8964290159990536688, -0.4102680273568015124 ) ) ;
#3294 = ORIENTED_EDGE ( 'NONE', *, *, #2227, .T. ) ;
#3295 = ORIENTED_EDGE ( 'NONE', *, *, #2721, .T. ) ;
#3296 = CARTESIAN_POINT ( 'NONE',  ( 2.655397905823754012, 0.9064290159990534557, -2.114647574380104533 ) ) ;
#3297 = CARTESIAN_POINT ( 'NONE',  ( 4.167912365765756633, 0.9064290159990536777, -2.548420294848317447 ) ) ;
#3298 = EDGE_CURVE ( 'NONE', #1689, #1360, #1551, .T. ) ;
#3299 = CARTESIAN_POINT ( 'NONE',  ( 2.307785245863501977, 0.9064290159990537887, -2.321516917035167271 ) ) ;
#3300 = CARTESIAN_POINT ( 'NONE',  ( 2.755527307020159800, 0.8964290159990536688, -2.468760460994161576 ) ) ;
#3301 = B_SPLINE_SURFACE_WITH_KNOTS ( 'NONE', 3, 1, ( 
 ( #582, #618 ),
 ( #4898, #509 ),
 ( #134, #2631 ),
 ( #3296, #4749 ),
 ( #3713, #4275 ),
 ( #4859, #544 ),
 ( #5838, #3788 ),
 ( #2703, #4824 ),
 ( #58, #1056 ),
 ( #5313, #4791 ),
 ( #25, #5912 ),
 ( #2188, #6481 ),
 ( #1169, #5423 ),
 ( #2153, #5592 ),
 ( #163, #4446 ) ),
 .UNSPECIFIED., .F., .F., .F.,
 ( 4, 1, 1, 1, 1, 1, 1, 1, 1, 1, 1, 1, 4 ),
 ( 2, 2 ),
 ( 0.0000000000000000000, 0.1046034082679827421, 0.2145115315724319127, 0.3316919673939476843, 0.4557434077626730806, 0.5200308860970269675, 0.5842901427240486667, 0.6490772883699974516, 0.7151458860839164933, 0.7825911865829715541, 0.8523255075812791182, 0.9250395303005755077, 0.9999999999999998890 ),
 ( 0.0000000000000000000, 1.000000000000000000 ),
 .UNSPECIFIED. ) ;
#3302 = ORIENTED_EDGE ( 'NONE', *, *, #3252, .T. ) ;
#3303 = SURFACE_STYLE_USAGE ( .BOTH. , #4832 ) ;
#3304 = ORIENTED_EDGE ( 'NONE', *, *, #800, .F. ) ;
#3305 = DIRECTION ( 'NONE',  ( 1.000000000000000000, 0.0000000000000000000, -0.0000000000000000000 ) ) ;
#3306 = CARTESIAN_POINT ( 'NONE',  ( 4.522046981150371181, 0.9064290159990536777, -2.650819132989342908 ) ) ;
#3307 = LINE ( 'NONE', #628, #3048 ) ;
#3308 = VECTOR ( 'NONE', #4338, 1000.000000000000000 ) ;
#3309 = CARTESIAN_POINT ( 'NONE',  ( 2.324999999999998845, -0.01000000000000000021, -1.500000000000000000 ) ) ;
#3311 = ADVANCED_FACE ( 'NONE', ( #1023 ), #2157, .F. ) ;
#3310 = PLANE ( 'NONE',  #3009 ) ;
#3312 = ORIENTED_EDGE ( 'NONE', *, *, #5358, .T. ) ;
#3313 = CARTESIAN_POINT ( 'NONE',  ( 3.510524545252935891, 0.8964290159990536688, -1.755797468962158492 ) ) ;
#3314 = FACE_OUTER_BOUND ( 'NONE', #5484, .T. ) ;
#3315 = LINE ( 'NONE', #2689, #4049 ) ;
#3316 = VECTOR ( 'NONE', #1634, 1000.000000000000000 ) ;
#3317 = CARTESIAN_POINT ( 'NONE',  ( 0.2220308615976923083, 0.8964290159990540019, -0.3988414933505989857 ) ) ;
#3318 = VECTOR ( 'NONE', #4586, 1000.000000000000114 ) ;
#3319 = ADVANCED_FACE ( 'NONE', ( #2190 ), #6443, .T. ) ;
#3320 = ADVANCED_FACE ( 'NONE', ( #2927 ), #6176, .T. ) ;
#3321 = ORIENTED_EDGE ( 'NONE', *, *, #4398, .T. ) ;
#3322 = PLANE ( 'NONE',  #2003 ) ;
#3323 = ORIENTED_EDGE ( 'NONE', *, *, #5475, .F. ) ;
#3324 = VECTOR ( 'NONE', #6345, 1000.000000000000114 ) ;
#3325 = UNCERTAINTY_MEASURE_WITH_UNIT (LENGTH_MEASURE( 1.000000000000000082E-05 ), #4894, 'distance_accuracy_value', 'NONE');
#3326 = EDGE_LOOP ( 'NONE', ( #912, #4955, #2256, #5734 ) ) ;
#3327 = CARTESIAN_POINT ( 'NONE',  ( 2.211336310172248520, 0.9064290159990536777, -2.023816361309370926 ) ) ;
#3328 = FACE_BOUND ( 'NONE', #2367, .T. ) ;
#3329 = ORIENTED_EDGE ( 'NONE', *, *, #5746, .T. ) ;
#3330 = EDGE_CURVE ( 'NONE', #6091, #4452, #644, .T. ) ;
#3331 = ORIENTED_EDGE ( 'NONE', *, *, #3330, .T. ) ;
#3332 = CARTESIAN_POINT ( 'NONE',  ( 0.3876955813567795617, 0.8964290159990536688, -0.4751282429686292108 ) ) ;
#3333 = VECTOR ( 'NONE', #6753, 1000.000000000000000 ) ;
#3334 = PLANE ( 'NONE',  #1660 ) ;
#3335 = CARTESIAN_POINT ( 'NONE',  ( 2.232658947348486134, 0.8964290159990537799, -2.023615727269730602 ) ) ;
#3336 = FILL_AREA_STYLE ('',( #4449 ) ) ;
#3337 = LINE ( 'NONE', #5501, #5897 ) ;
#3338 = VECTOR ( 'NONE', #1942, 1000.000000000000000 ) ;
#3339 = EDGE_LOOP ( 'NONE', ( #2479, #712, #5696, #3552 ) ) ;
#3340 = CARTESIAN_POINT ( 'NONE',  ( 0.2619509183151308429, 0.8964290159990538909, -0.4506697278936671602 ) ) ;
#3341 = ADVANCED_FACE ( 'NONE', ( #4979 ), #6145, .T. ) ;
#3342 = VECTOR ( 'NONE', #217, 1000.000000000000000 ) ;
#3343 = ORIENTED_EDGE ( 'NONE', *, *, #3086, .F. ) ;
#3344 = DIRECTION ( 'NONE',  ( 0.0000000000000000000, 0.0000000000000000000, -1.000000000000000000 ) ) ;
#3345 = FACE_OUTER_BOUND ( 'NONE', #6773, .T. ) ;
#3346 = VECTOR ( 'NONE', #5853, 1000.000000000000000 ) ;
#3347 = CARTESIAN_POINT ( 'NONE',  ( 2.688441208557196926, 0.9064290159990535667, -2.080781152147423541 ) ) ;
#3348 = VECTOR ( 'NONE', #4147, 1000.000000000000227 ) ;
#3349 = FACE_OUTER_BOUND ( 'NONE', #2947, .T. ) ;
#3350 = DIRECTION ( 'NONE',  ( 0.0000000000000000000, 0.0000000000000000000, -1.000000000000000000 ) ) ;
#3351 = EDGE_LOOP ( 'NONE', ( #872, #4660, #5172, #4582 ) ) ;
#3352 = CARTESIAN_POINT ( 'NONE',  ( 2.748252008331904861, 0.9064290159990541218, -2.539251256499447607 ) ) ;
#3353 = VECTOR ( 'NONE', #2462, 1000.000000000000000 ) ;
#3354 = PLANE ( 'NONE',  #2999 ) ;
#3355 = DIRECTION ( 'NONE',  ( -0.8770197613181046625, 0.0000000000000000000, -0.4804543040264439568 ) ) ;
#3356 = CARTESIAN_POINT ( 'NONE',  ( 0.3209391932496133970, 0.8964290159990538909, -0.4780468488532353954 ) ) ;
#3357 = EDGE_LOOP ( 'NONE', ( #3463, #5486, #4306, #5380, #2883, #6826, #1232, #2039, #4346, #2851, #5503, #4710 ) ) ;
#3358 = PLANE ( 'NONE',  #3447 ) ;
#3359 = EDGE_LOOP ( 'NONE', ( #3953, #5359, #803, #91 ) ) ;
#3360 = ORIENTED_EDGE ( 'NONE', *, *, #4949, .T. ) ;
#3361 = LINE ( 'NONE', #3460, #1666 ) ;
#3362 = FACE_BOUND ( 'NONE', #4394, .T. ) ;
#3363 = ORIENTED_EDGE ( 'NONE', *, *, #1387, .T. ) ;
#3364 = ORIENTED_EDGE ( 'NONE', *, *, #460, .F. ) ;
#3365 = CARTESIAN_POINT ( 'NONE',  ( 4.345658092261483141, 0.9064290159990536777, -2.328888210179513862 ) ) ;
#3366 = ADVANCED_FACE ( 'NONE', ( #1352 ), #1850, .T. ) ;
#3367 =( LENGTH_UNIT ( ) NAMED_UNIT ( * ) SI_UNIT ( .MILLI., .METRE. ) );
#3368 = EDGE_CURVE ( 'NONE', #6800, #1754, #209, .T. ) ;
#3369 = CARTESIAN_POINT ( 'NONE',  ( 2.342622250877778090, 0.8964290159990534468, -2.358766880304392188 ) ) ;
#3370 = VECTOR ( 'NONE', #3138, 1000.000000000000000 ) ;
#3371 = FILL_AREA_STYLE ('',( #1245 ) ) ;
#3372 = EDGE_CURVE ( 'NONE', #5302, #5955, #6130, .T. ) ;
#3373 = CARTESIAN_POINT ( 'NONE',  ( 3.579850466727294567, 0.9064290159990536777, -2.328888210179513862 ) ) ;
#3374 = ORIENTED_EDGE ( 'NONE', *, *, #1018, .T. ) ;
#3375 = LINE ( 'NONE', #4943, #1340 ) ;
#3376 = ORIENTED_EDGE ( 'NONE', *, *, #6528, .T. ) ;
#3377 = CARTESIAN_POINT ( 'NONE',  ( 3.813777750381140752, 0.9064290159990536777, -2.650819132989342908 ) ) ;
#3378 = LINE ( 'NONE', #275, #4657 ) ;
#3379 = CARTESIAN_POINT ( 'NONE',  ( 4.706576895680285588, 0.9064290159990536777, -2.858054876846180203 ) ) ;
#3380 = VECTOR ( 'NONE', #5114, 1000.000000000000000 ) ;
#3381 = EDGE_CURVE ( 'NONE', #1233, #1527, #6208, .T. ) ;
#3382 = FACE_OUTER_BOUND ( 'NONE', #771, .T. ) ;
#3383 = DIRECTION ( 'NONE',  ( 0.0000000000000000000, 0.0000000000000000000, -1.000000000000000000 ) ) ;
#3384 = ORIENTED_EDGE ( 'NONE', *, *, #5985, .T. ) ;
#3385 = AXIS2_PLACEMENT_3D ( 'NONE', #2072, #6366, #6436 ) ;
#3386 = CARTESIAN_POINT ( 'NONE',  ( 0.8216232979579064510, 0.8964290159990536688, -1.194194365643492128 ) ) ;
#3387 = LINE ( 'NONE', #765, #6903 ) ;
#3388 = CARTESIAN_POINT ( 'NONE',  ( 6.200000000000000178, -0.01000000000000000021, -2.364999999999998881 ) ) ;
#3389 = ADVANCED_FACE ( 'NONE', ( #5416 ), #1287, .T. ) ;
#3390 = CARTESIAN_POINT ( 'NONE',  ( 0.2839592552820137117, 0.8964290159990536688, -0.4653245745124109378 ) ) ;
#3391 = ORIENTED_EDGE ( 'NONE', *, *, #3495, .T. ) ;
#3392 = CARTESIAN_POINT ( 'NONE',  ( 4.726272241567038179, 0.8964290159990536688, -2.033419163673696684 ) ) ;
#3393 = ORIENTED_EDGE ( 'NONE', *, *, #295, .T. ) ;
#3394 = ORIENTED_EDGE ( 'NONE', *, *, #2424, .F. ) ;
#3395 = FACE_OUTER_BOUND ( 'NONE', #679, .T. ) ;
#3396 = PRESENTATION_STYLE_ASSIGNMENT (( #740 ) ) ;
#3397 = ORIENTED_EDGE ( 'NONE', *, *, #4810, .T. ) ;
#3398 = VERTEX_POINT ( 'NONE', #4012 ) ;
#3399 = CARTESIAN_POINT ( 'NONE',  ( 0.4228913916715143495, 0.8964290159990535578, -0.4585680033953340451 ) ) ;
#3400 = EDGE_CURVE ( 'NONE', #4987, #3398, #1383, .T. ) ;
#3401 = CARTESIAN_POINT ( 'NONE',  ( 3.813777750381140752, 0.9064290159990536777, -2.548420294848317447 ) ) ;
#3402 = CARTESIAN_POINT ( 'NONE',  ( 2.152700116377099349, 0.8964290159990534468, -2.289954828658069541 ) ) ;
#3403 = CARTESIAN_POINT ( 'NONE',  ( 4.196003144344816249, 0.8964290159990536688, -2.599619713918829955 ) ) ;
#3404 = LINE ( 'NONE', #6133, #778 ) ;
#3405 = ADVANCED_FACE ( 'NONE', ( #2961 ), #318, .T. ) ;
#3406 = EDGE_CURVE ( 'NONE', #478, #3905, #1918, .T. ) ;
#3407 = ORIENTED_EDGE ( 'NONE', *, *, #3622, .T. ) ;
#3408 = DIRECTION ( 'NONE',  ( 0.4802882638304245555, 0.0000000000000000000, 0.8771107020363828610 ) ) ;
#3409 = FACE_OUTER_BOUND ( 'NONE', #3605, .T. ) ;
#3410 = CARTESIAN_POINT ( 'NONE',  ( 4.848090817955927001, 0.9064290159990536777, -2.599619713918829955 ) ) ;
#3411 = CARTESIAN_POINT ( 'NONE',  ( 4.848090817955927001, 0.8964290159990536688, -2.599619713918829955 ) ) ;
#3412 = CARTESIAN_POINT ( 'NONE',  ( 2.625046601275770275, 0.9064290159990537887, -2.737712610280070624 ) ) ;
#3413 =( NAMED_UNIT ( * ) SI_UNIT ( $, .STERADIAN. ) SOLID_ANGLE_UNIT ( ) );
#3414 = VERTEX_POINT ( 'NONE', #2996 ) ;
#3415 = DIRECTION ( 'NONE',  ( -1.000000000000000000, 0.0000000000000000000, 0.0000000000000000000 ) ) ;
#3416 = LINE ( 'NONE', #5480, #563 ) ;
#3417 = SURFACE_STYLE_FILL_AREA ( #6114 ) ;
#3418 = LINE ( 'NONE', #4953, #2154 ) ;
#3419 = CARTESIAN_POINT ( 'NONE',  ( 6.200000000000000178, 0.0000000000000000000, -2.364999999999998881 ) ) ;
#3420 = ORIENTED_EDGE ( 'NONE', *, *, #87, .T. ) ;
#3421 = CARTESIAN_POINT ( 'NONE',  ( 0.3433691072886176365, 0.9064290159990535667, -0.4801744979510159106 ) ) ;
#3422 = ORIENTED_EDGE ( 'NONE', *, *, #750, .F. ) ;
#3423 = EDGE_CURVE ( 'NONE', #632, #5396, #5121, .T. ) ;
#3424 = ORIENTED_EDGE ( 'NONE', *, *, #4868, .F. ) ;
#3425 = CARTESIAN_POINT ( 'NONE',  ( 6.174999999999998934, -0.01000000000000000021, -1.635000000000000231 ) ) ;
#3426 = AXIS2_PLACEMENT_3D ( 'NONE', #6734, #2509, #4621 ) ;
#3427 = CARTESIAN_POINT ( 'NONE',  ( 4.047599031096952515, 0.9064290159990536777, -2.328888210179513862 ) ) ;
#3428 = DIRECTION ( 'NONE',  ( 0.0000000000000000000, -0.0000000000000000000, 1.000000000000000000 ) ) ;
#3429 = AXIS2_PLACEMENT_3D ( 'NONE', #4003, #6137, #3471 ) ;
#3430 = ORIENTED_EDGE ( 'NONE', *, *, #3600, .T. ) ;
#3431 = VERTEX_POINT ( 'NONE', #3625 ) ;
#3432 = CARTESIAN_POINT ( 'NONE',  ( 0.4810705621836802726, 0.8964290159990535578, -0.3743214106312359735 ) ) ;
#3433 = CARTESIAN_POINT ( 'NONE',  ( 2.152700116377099349, 0.9064290159990536777, -2.289954828658069541 ) ) ;
#3434 = SURFACE_SIDE_STYLE ('',( #689 ) ) ;
#3435 = VECTOR ( 'NONE', #5061, 1000.000000000000000 ) ;
#3436 = CARTESIAN_POINT ( 'NONE',  ( 2.162445225051351727, 0.9064290159990537887, -1.773880918966427300 ) ) ;
#3437 = EDGE_CURVE ( 'NONE', #404, #65, #2127, .T. ) ;
#3438 = VECTOR ( 'NONE', #4396, 1000.000000000000000 ) ;
#3439 = EDGE_LOOP ( 'NONE', ( #3261, #3493, #3853, #3821 ) ) ;
#3440 = AXIS2_PLACEMENT_3D ( 'NONE', #3425, #289, #4991 ) ;
#3441 = CARTESIAN_POINT ( 'NONE',  ( 5.036966852945243822, 0.9064290159990536777, -2.033419163673696684 ) ) ;
#3442 = DIRECTION ( 'NONE',  ( 0.9661867393583457586, 0.0000000000000000000, -0.2578433336118818309 ) ) ;
#3443 = CARTESIAN_POINT ( 'NONE',  ( 4.401733646481568840, 0.9064290159990536777, -2.328888210179513862 ) ) ;
#3444 = DIRECTION ( 'NONE',  ( -0.0000000000000000000, -1.000000000000000000, -0.0000000000000000000 ) ) ;
#3445 = EDGE_CURVE ( 'NONE', #4373, #6472, #1518, .T. ) ;
#3446 = VECTOR ( 'NONE', #3234, 1000.000000000000000 ) ;
#3447 = AXIS2_PLACEMENT_3D ( 'NONE', #2730, #5485, #4887 ) ;
#3448 = VERTEX_POINT ( 'NONE', #5777 ) ;
#3449 = CARTESIAN_POINT ( 'NONE',  ( 4.401733646481568840, 0.9064290159990536777, -2.328888210179513862 ) ) ;
#3450 = CARTESIAN_POINT ( 'NONE',  ( 2.656587918091526834, 0.9064290159990533446, -2.707019726877697874 ) ) ;
#3451 = LINE ( 'NONE', #5612, #5816 ) ;
#3452 = EDGE_CURVE ( 'NONE', #658, #1648, #2087, .T. ) ;
#3453 = EDGE_CURVE ( 'NONE', #366, #6265, #3166, .T. ) ;
#3454 = DIRECTION ( 'NONE',  ( 0.0000000000000000000, 0.0000000000000000000, 1.000000000000000000 ) ) ;
#3455 = ORIENTED_EDGE ( 'NONE', *, *, #6414, .F. ) ;
#3456 = CARTESIAN_POINT ( 'NONE',  ( 0.2345503835267592208, 0.9064290159990537887, -0.4212816971258815935 ) ) ;
#3457 = VECTOR ( 'NONE', #6379, 1000.000000000000000 ) ;
#3458 = EDGE_LOOP ( 'NONE', ( #5038, #6415, #5799, #1804 ) ) ;
#3459 = VERTEX_POINT ( 'NONE', #5287 ) ;
#3460 = CARTESIAN_POINT ( 'NONE',  ( 2.724999999999999201, 0.0000000000000000000, -1.500000000000000000 ) ) ;
#3461 = DIRECTION ( 'NONE',  ( 1.000000000000000000, 0.0000000000000000000, -0.0000000000000000000 ) ) ;
#3462 = EDGE_CURVE ( 'NONE', #1499, #478, #4249, .T. ) ;
#3463 = ORIENTED_EDGE ( 'NONE', *, *, #933, .F. ) ;
#3464 = ORIENTED_EDGE ( 'NONE', *, *, #4847, .F. ) ;
#3465 = FACE_OUTER_BOUND ( 'NONE', #5608, .T. ) ;
#3466 = LINE ( 'NONE', #6795, #37 ) ;
#3467 = CARTESIAN_POINT ( 'NONE',  ( 2.379825228611964771, 0.9064290159990536777, -1.906874280931120103 ) ) ;
#3468 = CARTESIAN_POINT ( 'NONE',  ( 2.360590346837533549, 0.9064290159990537887, -1.836547759416144343 ) ) ;
#3469 = ORIENTED_EDGE ( 'NONE', *, *, #5575, .T. ) ;
#3470 = CARTESIAN_POINT ( 'NONE',  ( 0.2125343059820616332, 0.8964290159990535578, -0.3524830608923865682 ) ) ;
#3471 = DIRECTION ( 'NONE',  ( 0.4806015670138532592, 0.0000000000000000000, -0.8769390707362905157 ) ) ;
#3472 = DIRECTION ( 'NONE',  ( -1.000000000000000000, 0.0000000000000000000, 0.0000000000000000000 ) ) ;
#3473 = FACE_OUTER_BOUND ( 'NONE', #4850, .T. ) ;
#3474 = VECTOR ( 'NONE', #3896, 1000.000000000000000 ) ;
#3475 = CARTESIAN_POINT ( 'NONE',  ( 2.737984637173513924, 0.8964290159990534468, -2.573982594688900782 ) ) ;
#3476 = FACE_OUTER_BOUND ( 'NONE', #5331, .T. ) ;
#3477 = ORIENTED_EDGE ( 'NONE', *, *, #4628, .F. ) ;
#3478 = CARTESIAN_POINT ( 'NONE',  ( 2.603280179094247693, 0.8964290159990533358, -1.539889150455816980 ) ) ;
#3479 = CARTESIAN_POINT ( 'NONE',  ( 3.463035229013619265, 0.9064290159990536777, -1.755797468962158492 ) ) ;
#3480 = VECTOR ( 'NONE', #11, 1000.000000000000227 ) ;
#3481 = DIRECTION ( 'NONE',  ( -0.2603341375417481118, 0.0000000000000000000, 0.9655185844044609222 ) ) ;
#3482 = CARTESIAN_POINT ( 'NONE',  ( 3.463035229013619265, 0.9064290159990536777, -1.504252497007030343 ) ) ;
#3483 = EDGE_CURVE ( 'NONE', #5627, #988, #6872, .T. ) ;
#3484 = LINE ( 'NONE', #5161, #1070 ) ;
#3485 = VECTOR ( 'NONE', #4144, 1000.000000000000000 ) ;
#3486 = VERTEX_POINT ( 'NONE', #516 ) ;
#3487 = ADVANCED_FACE ( 'NONE', ( #2055 ), #5742, .F. ) ;
#3488 = CARTESIAN_POINT ( 'NONE',  ( 0.2220308615976923083, 0.9064290159990540108, -0.3988414933505989857 ) ) ;
#3489 = ORIENTED_EDGE ( 'NONE', *, *, #3236, .F. ) ;
#3490 = ORIENTED_EDGE ( 'NONE', *, *, #1914, .F. ) ;
#3491 = CARTESIAN_POINT ( 'NONE',  ( 0.3433691364284752190, 0.8964290159990540019, -0.2154380647817657757 ) ) ;
#3492 = DIRECTION ( 'NONE',  ( 0.0000000000000000000, -0.0000000000000000000, 1.000000000000000000 ) ) ;
#3493 = ORIENTED_EDGE ( 'NONE', *, *, #6202, .F. ) ;
#3494 = ORIENTED_EDGE ( 'NONE', *, *, #1, .T. ) ;
#3495 = EDGE_CURVE ( 'NONE', #6685, #4156, #418, .T. ) ;
#3496 = CARTESIAN_POINT ( 'NONE',  ( 0.2749999999999992450, -0.01000000000000000021, -0.5500000000000001554 ) ) ;
#3497 = VERTEX_POINT ( 'NONE', #1458 ) ;
#3498 = CARTESIAN_POINT ( 'NONE',  ( 4.167912365765756633, 0.9064290159990536777, -2.548420294848317447 ) ) ;
#3499 = CARTESIAN_POINT ( 'NONE',  ( 2.252870193805232457, 0.9064290159990536777, -2.021766107465888140 ) ) ;
#3500 = LINE ( 'NONE', #4033, #385 ) ;
#3501 = CARTESIAN_POINT ( 'NONE',  ( 3.459643134996525760, 0.8964290159990536688, -2.548420294848317447 ) ) ;
#3502 = CARTESIAN_POINT ( 'NONE',  ( 4.522046981150371181, 0.8964290159990536688, -2.548420294848317447 ) ) ;
#3503 = EDGE_LOOP ( 'NONE', ( #1569, #5617, #141, #397, #4852, #3420, #4869, #2656, #438, #3883, #2182, #948 ) ) ;
#3504 = EDGE_CURVE ( 'NONE', #1448, #3800, #5714, .T. ) ;
#3505 = CARTESIAN_POINT ( 'NONE',  ( 2.773917209884121604, 0.9064290159990535667, -1.761100376580655658 ) ) ;
#3506 = DIRECTION ( 'NONE',  ( -0.9305795643559992003, 0.0000000000000000000, 0.3660897081358594485 ) ) ;
#3507 = FACE_OUTER_BOUND ( 'NONE', #2968, .T. ) ;
#3508 = EDGE_CURVE ( 'NONE', #1160, #4305, #2025, .T. ) ;
#3509 = DIRECTION ( 'NONE',  ( -0.8771175078130492020, 0.0000000000000000000, 0.4802758347947829742 ) ) ;
#3510 = CARTESIAN_POINT ( 'NONE',  ( 0.4529462474079806178, 0.9064290159990537887, -0.2637892935852448884 ) ) ;
#3511 = CARTESIAN_POINT ( 'NONE',  ( 3.000000000000000000, 0.0000000000000000000, -2.425000000000001155 ) ) ;
#3512 = CARTESIAN_POINT ( 'NONE',  ( 2.782198307808182225, 0.9064290159990536777, -1.835837096139945945 ) ) ;
#3513 = ORIENTED_EDGE ( 'NONE', *, *, #4303, .F. ) ;
#3514 = CARTESIAN_POINT ( 'NONE',  ( 5.131945485423875297, 0.8964290159990536688, -1.504252497007030343 ) ) ;
#3515 = DIRECTION ( 'NONE',  ( -0.0000000000000000000, -1.000000000000000000, -0.0000000000000000000 ) ) ;
#3516 = LINE ( 'NONE', #5644, #4007 ) ;
#3517 = CARTESIAN_POINT ( 'NONE',  ( 3.991523476876867260, 0.9064290159990536777, -2.328888210179513862 ) ) ;
#3518 = EDGE_CURVE ( 'NONE', #2611, #6628, #2612, .T. ) ;
#3519 = DIRECTION ( 'NONE',  ( -0.3660897081358594485, 0.0000000000000000000, -0.9305795643559992003 ) ) ;
#3520 = VERTEX_POINT ( 'NONE', #6843 ) ;
#3521 = CARTESIAN_POINT ( 'NONE',  ( 5.382960442688832892, 0.9064290159990536777, -1.558526001280534645 ) ) ;
#3522 = ORIENTED_EDGE ( 'NONE', *, *, #5040, .T. ) ;
#3523 = UNCERTAINTY_MEASURE_WITH_UNIT (LENGTH_MEASURE( 1.000000000000000082E-05 ), #1141, 'distance_accuracy_value', 'NONE');
#3524 = ORIENTED_EDGE ( 'NONE', *, *, #3292, .T. ) ;
#3525 = DIRECTION ( 'NONE',  ( 0.0000000000000000000, 0.0000000000000000000, -1.000000000000000000 ) ) ;
#3526 = VECTOR ( 'NONE', #610, 1000.000000000000227 ) ;
#3527 = EDGE_CURVE ( 'NONE', #1738, #1576, #4179, .T. ) ;
#3528 = CARTESIAN_POINT ( 'NONE',  ( 4.174999999999998934, -0.01000000000000000021, -0.3000000000000000444 ) ) ;
#3529 = ADVANCED_FACE ( 'NONE', ( #5325 ), #142, .T. ) ;
#3530 = EDGE_LOOP ( 'NONE', ( #1969, #2142, #4000, #3875 ) ) ;
#3531 = AXIS2_PLACEMENT_3D ( 'NONE', #3162, #6770, #5253 ) ;
#3532 = ORIENTED_EDGE ( 'NONE', *, *, #1030, .T. ) ;
#3533 = DIRECTION ( 'NONE',  ( -0.7071067811865475727, 0.0000000000000000000, 0.7071067811865474617 ) ) ;
#3534 = ORIENTED_EDGE ( 'NONE', *, *, #1254, .F. ) ;
#3535 = CARTESIAN_POINT ( 'NONE',  ( 2.750788462429157644, 0.8964290159990535578, -2.396587605977551494 ) ) ;
#3536 = CARTESIAN_POINT ( 'NONE',  ( 2.149531394884620195, 0.9064290159990536777, -1.773775728921664019 ) ) ;
#3537 = LINE ( 'NONE', #407, #6069 ) ;
#3538 = CARTESIAN_POINT ( 'NONE',  ( 3.998307664911055603, 0.9064290159990536777, -2.858054876846180203 ) ) ;
#3539 = MECHANICAL_DESIGN_GEOMETRIC_PRESENTATION_REPRESENTATION (  '', ( #6438 ), #6887 ) ;
#3540 = EDGE_CURVE ( 'NONE', #1180, #478, #4395, .T. ) ;
#3541 = ORIENTED_EDGE ( 'NONE', *, *, #911, .F. ) ;
#3542 = DIRECTION ( 'NONE',  ( -1.000000000000000000, 0.0000000000000000000, -0.0000000000000000000 ) ) ;
#3543 = VECTOR ( 'NONE', #3682, 1000.000000000000000 ) ;
#3544 = DIRECTION ( 'NONE',  ( 0.8771107020363836382, -0.0000000000000000000, 0.4802882638304235008 ) ) ;
#3545 = DIRECTION ( 'NONE',  ( -0.0000000000000000000, 1.000000000000000000, -0.0000000000000000000 ) ) ;
#3546 = DIRECTION ( 'NONE',  ( -0.3651136360950658633, 0.0000000000000000000, -0.9309629599170097247 ) ) ;
#3547 = CARTESIAN_POINT ( 'NONE',  ( 4.894286898351226434, 0.8964290159990536688, -1.504252497007030343 ) ) ;
#3548 = VECTOR ( 'NONE', #5680, 1000.000000000000000 ) ;
#3549 = EDGE_CURVE ( 'NONE', #5300, #2461, #105, .T. ) ;
#3550 = CARTESIAN_POINT ( 'NONE',  ( 2.755527307020159800, 0.8964290159990536688, -2.468760460994161576 ) ) ;
#3551 = SURFACE_SIDE_STYLE ('',( #3095 ) ) ;
#3552 = ORIENTED_EDGE ( 'NONE', *, *, #6368, .T. ) ;
#3553 =( NAMED_UNIT ( * ) SI_UNIT ( $, .STERADIAN. ) SOLID_ANGLE_UNIT ( ) );
#3554 = LINE ( 'NONE', #5190, #1792 ) ;
#3555 = CARTESIAN_POINT ( 'NONE',  ( -2.168404344971008868E-16, 0.8964290159990536688, -4.000000000000000000 ) ) ;
#3556 = AXIS2_PLACEMENT_3D ( 'NONE', #390, #3036, #6178 ) ;
#3557 = CARTESIAN_POINT ( 'NONE',  ( 2.202616944530010556, 0.9064290159990536777, -2.550312174942152676 ) ) ;
#3558 = B_SPLINE_CURVE_WITH_KNOTS ( 'NONE', 3,
 ( #512, #1700, #3192, #2192, #6445, #6376, #5392, #3753, #549, #4863, #2607, #2120, #6340, #4720, #483, #1060, #1592, #2708, #4203 ),
 .UNSPECIFIED., .F., .F.,
 ( 4, 1, 1, 1, 1, 1, 1, 1, 1, 1, 1, 1, 1, 1, 1, 1, 4 ),
 ( 0.0000000000000000000, 0.09546510449171004276, 0.1858575897923443188, 0.2710349793365074422, 0.3517277028838312058, 0.4270736388201363254, 0.4957100026978948359, 0.5587525136388115099, 0.6169147795200193851, 0.6714863062766497359, 0.7233083748797399792, 0.7727831595727389091, 0.8206259410641822960, 0.8668866673586651528, 0.9115747216525506014, 0.9560569530428016938, 1.000000000000000000 ),
 .UNSPECIFIED. ) ;
#3559 = VECTOR ( 'NONE', #4568, 1000.000000000000000 ) ;
#3560 = CARTESIAN_POINT ( 'NONE',  ( 3.637388861492252268, 0.8964290159990536688, -2.328888210179513862 ) ) ;
#3561 = AXIS2_PLACEMENT_3D ( 'NONE', #3746, #5866, #3222 ) ;
#3562 = ORIENTED_EDGE ( 'NONE', *, *, #204, .F. ) ;
#3563 = DIRECTION ( 'NONE',  ( -1.000000000000000000, 0.0000000000000000000, -0.0000000000000000000 ) ) ;
#3564 = EDGE_LOOP ( 'NONE', ( #1296, #2757, #3962, #4570 ) ) ;
#3565 = ORIENTED_EDGE ( 'NONE', *, *, #1793, .T. ) ;
#3566 = COLOUR_RGB ( '',1.000000000000000000, 1.000000000000000000, 1.000000000000000000 ) ;
#3567 = CARTESIAN_POINT ( 'NONE',  ( 0.3209388616259928884, 0.8964290159990533358, -0.2175651065129461104 ) ) ;
#3568 = CARTESIAN_POINT ( 'NONE',  ( 5.518644203372593537, 0.8964290159990536688, -1.558526001280534645 ) ) ;
#3569 = VECTOR ( 'NONE', #4431, 1000.000000000000000 ) ;
#3570 = VECTOR ( 'NONE', #2115, 1000.000000000000000 ) ;
#3571 = ORIENTED_EDGE ( 'NONE', *, *, #2770, .F. ) ;
#3572 = EDGE_CURVE ( 'NONE', #1648, #1361, #4871, .T. ) ;
#3573 = EDGE_LOOP ( 'NONE', ( #372, #1080, #4444, #347 ) ) ;
#3574 = DIRECTION ( 'NONE',  ( -1.000000000000000000, 0.0000000000000000000, -0.0000000000000000000 ) ) ;
#3575 = ORIENTED_EDGE ( 'NONE', *, *, #5466, .F. ) ;
#3576 = CARTESIAN_POINT ( 'NONE',  ( 2.644029855700690046, 0.8964290159990536688, -2.214302437575279559 ) ) ;
#3577 = CARTESIAN_POINT ( 'NONE',  ( 0.8111087688010900631, 0.9064290159990536777, -2.550312174942152676 ) ) ;
#3578 = DIRECTION ( 'NONE',  ( -0.0000000000000000000, 0.0000000000000000000, -1.000000000000000000 ) ) ;
#3579 = CARTESIAN_POINT ( 'NONE',  ( 0.9813928507553847380, 0.9064290159990536777, -1.773775728921664019 ) ) ;
#3580 = ADVANCED_FACE ( 'NONE', ( #2750 ), #2302, .T. ) ;
#3581 = VERTEX_POINT ( 'NONE', #4421 ) ;
#3582 = EDGE_CURVE ( 'NONE', #3785, #4987, #2237, .T. ) ;
#3583 = CARTESIAN_POINT ( 'NONE',  ( 2.781748631538141225, 0.9064290159990536777, -1.823154916402045744 ) ) ;
#3584 = DIRECTION ( 'NONE',  ( -0.3660897081358594485, 0.0000000000000000000, -0.9305795643559992003 ) ) ;
#3585 = LINE ( 'NONE', #6837, #2983 ) ;
#3586 = CARTESIAN_POINT ( 'NONE',  ( 2.362515761265659542, 0.9064290159990538998, -2.455903559816821069 ) ) ;
#3587 = LINE ( 'NONE', #451, #5339 ) ;
#3588 = LINE ( 'NONE', #6739, #6356 ) ;
#3589 = ORIENTED_EDGE ( 'NONE', *, *, #3211, .T. ) ;
#3590 = CARTESIAN_POINT ( 'NONE',  ( 0.2749999999999994116, -0.01000000000000000021, -1.574999999999999956 ) ) ;
#3591 = LINE ( 'NONE', #5778, #4783 ) ;
#3592 = DIRECTION ( 'NONE',  ( -0.0000000000000000000, -1.000000000000000000, -0.0000000000000000000 ) ) ;
#3593 = CARTESIAN_POINT ( 'NONE',  ( 2.237468899868631400, 0.9064290159990535667, -2.549126416431104047 ) ) ;
#3594 = EDGE_CURVE ( 'NONE', #3798, #226, #4834, .T. ) ;
#3595 = VECTOR ( 'NONE', #4294, 1000.000000000000000 ) ;
#3596 = CARTESIAN_POINT ( 'NONE',  ( 0.2999999999999999334, 0.0000000000000000000, -3.700000000000000178 ) ) ;
#3597 = CARTESIAN_POINT ( 'NONE',  ( 3.463035229013619265, 0.9064290159990536777, -1.755797468962158492 ) ) ;
#3598 = EDGE_LOOP ( 'NONE', ( #2416, #410, #6780, #1416 ) ) ;
#3599 = VECTOR ( 'NONE', #672, 1000.000000000000000 ) ;
#3600 = EDGE_CURVE ( 'NONE', #611, #3108, #1706, .T. ) ;
#3601 = ORIENTED_EDGE ( 'NONE', *, *, #5711, .F. ) ;
#3602 = CARTESIAN_POINT ( 'NONE',  ( 0.2619544727551008645, 0.9064290159990537887, -0.2448439053940880683 ) ) ;
#3603 = CARTESIAN_POINT ( 'NONE',  ( 4.345658092261483141, 0.9064290159990536777, -2.328888210179513862 ) ) ;
#3604 = AXIS2_PLACEMENT_3D ( 'NONE', #5841, #2634, #5808 ) ;
#3605 = EDGE_LOOP ( 'NONE', ( #253, #3112, #3312, #3179 ) ) ;
#3606 = VERTEX_POINT ( 'NONE', #3199 ) ;
#3607 = CARTESIAN_POINT ( 'NONE',  ( 3.347810035370457182, 0.9064290159990536777, -2.033419163673696684 ) ) ;
#3608 = ORIENTED_EDGE ( 'NONE', *, *, #5475, .T. ) ;
#3609 = AXIS2_PLACEMENT_3D ( 'NONE', #944, #4089, #2420 ) ;
#3610 = CARTESIAN_POINT ( 'NONE',  ( 2.693403633267610342, 0.9064290159990537887, -2.263977581951986728 ) ) ;
#3611 = CARTESIAN_POINT ( 'NONE',  ( 2.379825228611965215, 0.8964290159990536688, -1.906874280931120325 ) ) ;
#3612 = LINE ( 'NONE', #952, #3273 ) ;
#3613 = CARTESIAN_POINT ( 'NONE',  ( 0.2726998865956994367, 0.8964290159990536688, -0.2369556141005717820 ) ) ;
#3614 = EDGE_CURVE ( 'NONE', #4739, #6479, #4283, .T. ) ;
#3615 = ORIENTED_EDGE ( 'NONE', *, *, #3423, .F. ) ;
#3616 = FACE_OUTER_BOUND ( 'NONE', #4295, .T. ) ;
#3617 = DIRECTION ( 'NONE',  ( 1.700709290173340409E-16, 0.0000000000000000000, -1.000000000000000000 ) ) ;
#3618 = DIRECTION ( 'NONE',  ( -1.000000000000000000, 0.0000000000000000000, -0.0000000000000000000 ) ) ;
#3619 = DIRECTION ( 'NONE',  ( -0.0000000000000000000, 0.0000000000000000000, -1.000000000000000000 ) ) ;
#3620 = ADVANCED_FACE ( 'NONE', ( #4945 ), #5882, .F. ) ;
#3621 = CARTESIAN_POINT ( 'NONE',  ( 3.283254246107636831, 0.8964290159990536688, -2.328888210179513862 ) ) ;
#3622 = EDGE_CURVE ( 'NONE', #1448, #1656, #3240, .T. ) ;
#3623 = CARTESIAN_POINT ( 'NONE',  ( 3.474999999999998757, -0.01000000000000000021, -0.3000000000000000444 ) ) ;
#3624 = VERTEX_POINT ( 'NONE', #2820 ) ;
#3625 = CARTESIAN_POINT ( 'NONE',  ( 0.2749999999999992450, 0.0000000000000000000, -0.5500000000000001554 ) ) ;
#3626 = CARTESIAN_POINT ( 'NONE',  ( 3.431552356417465699, 0.9064290159990536777, -2.599619713918829955 ) ) ;
#3627 = CARTESIAN_POINT ( 'NONE',  ( 2.222194865951872433, 0.9064290159990535667, -1.776728916256373525 ) ) ;
#3628 = FACE_OUTER_BOUND ( 'NONE', #3530, .T. ) ;
#3629 = DIRECTION ( 'NONE',  ( -0.0000000000000000000, -1.000000000000000000, -0.0000000000000000000 ) ) ;
#3630 = EDGE_LOOP ( 'NONE', ( #5056, #3017, #1473, #2555 ) ) ;
#3631 = ORIENTED_EDGE ( 'NONE', *, *, #2810, .F. ) ;
#3632 = CARTESIAN_POINT ( 'NONE',  ( 4.996388928265756313, 0.9064290159990536777, -2.328888210179513862 ) ) ;
#3633 = PLANE ( 'NONE',  #587 ) ;
#3634 = ORIENTED_EDGE ( 'NONE', *, *, #2582, .T. ) ;
#3635 = DIRECTION ( 'NONE',  ( 0.0000000000000000000, -0.0000000000000000000, 1.000000000000000000 ) ) ;
#3636 = ORIENTED_EDGE ( 'NONE', *, *, #923, .T. ) ;
#3637 = DIRECTION ( 'NONE',  ( 0.8530753181264624230, 0.0000000000000000000, -0.5217877936512456127 ) ) ;
#3638 = VERTEX_POINT ( 'NONE', #170 ) ;
#3639 = DIRECTION ( 'NONE',  ( 1.000000000000000000, 0.0000000000000000000, 0.0000000000000000000 ) ) ;
#3640 = DIRECTION ( 'NONE',  ( 0.0000000000000000000, -0.0000000000000000000, 1.000000000000000000 ) ) ;
#3641 = LINE ( 'NONE', #3538, #3338 ) ;
#3642 = STYLED_ITEM ( 'NONE', ( #2624 ), #6457 ) ;
#3643 = VERTEX_POINT ( 'NONE', #3725 ) ;
#3644 = CARTESIAN_POINT ( 'NONE',  ( 2.747016753663982680, 0.9064290159990538998, -1.690974640526625494 ) ) ;
#3645 = CARTESIAN_POINT ( 'NONE',  ( 3.813777750381140752, 0.9064290159990536777, -2.548420294848317447 ) ) ;
#3646 = FACE_OUTER_BOUND ( 'NONE', #882, .T. ) ;
#3647 = LINE ( 'NONE', #383, #1715 ) ;
#3648 = AXIS2_PLACEMENT_3D ( 'NONE', #1952, #4593, #794 ) ;
#3649 = EDGE_CURVE ( 'NONE', #3643, #4739, #1067, .T. ) ;
#3650 = CARTESIAN_POINT ( 'NONE',  ( 0.4810665966880517952, 0.8964290159990533358, -0.3215061833250432155 ) ) ;
#3651 = VECTOR ( 'NONE', #956, 1000.000000000000000 ) ;
#3652 = ORIENTED_EDGE ( 'NONE', *, *, #3540, .F. ) ;
#3653 = SURFACE_SIDE_STYLE ('',( #6282 ) ) ;
#3654 = EDGE_CURVE ( 'NONE', #2074, #6012, #2197, .T. ) ;
#3655 = FACE_OUTER_BOUND ( 'NONE', #3837, .T. ) ;
#3656 = DIRECTION ( 'NONE',  ( 0.2578433336118838293, 0.0000000000000000000, 0.9661867393583450925 ) ) ;
#3657 =( NAMED_UNIT ( * ) PLANE_ANGLE_UNIT ( ) SI_UNIT ( $, .RADIAN. ) );
#3658 = DIRECTION ( 'NONE',  ( 0.0000000000000000000, -0.0000000000000000000, 1.000000000000000000 ) ) ;
#3659 = ORIENTED_EDGE ( 'NONE', *, *, #6673, .F. ) ;
#3660 = VECTOR ( 'NONE', #5552, 1000.000000000000114 ) ;
#3661 = ADVANCED_FACE ( 'NONE', ( #6453 ), #1670, .T. ) ;
#3662 = CARTESIAN_POINT ( 'NONE',  ( 4.887502710317037646, 0.8964290159990536688, -1.504252497007030343 ) ) ;
#3663 = CARTESIAN_POINT ( 'NONE',  ( 0.2124046488319323855, 0.9064290159990536777, -0.3480185847706619429 ) ) ;
#3664 = EDGE_CURVE ( 'NONE', #2803, #4780, #1177, .T. ) ;
#3665 = CARTESIAN_POINT ( 'NONE',  ( 0.2426903477734127512, 0.9064290159990535667, -0.2638250785076581284 ) ) ;
#3666 = VECTOR ( 'NONE', #3194, 1000.000000000000000 ) ;
#3667 = EDGE_LOOP ( 'NONE', ( #2531, #3424, #2326, #2223 ) ) ;
#3668 = VECTOR ( 'NONE', #6252, 1000.000000000000000 ) ;
#3669 = B_SPLINE_CURVE_WITH_KNOTS ( 'NONE', 3,
 ( #5154, #4659, #6280, #5254, #3164, #2581, #5811, #6811, #4112, #487, #1456, #6247, #5775, #2085, #1515, #1490, #386, #2514, #4624 ),
 .UNSPECIFIED., .F., .F.,
 ( 4, 1, 1, 1, 1, 1, 1, 1, 1, 1, 1, 1, 1, 1, 1, 1, 4 ),
 ( 0.0000000000000000000, 0.06404325848980273184, 0.1265892651408556113, 0.1879186020567985560, 0.2482993986669899678, 0.3088983134882475334, 0.3699809930655280632, 0.4328486791541517054, 0.4977088112949666354, 0.5626315044651709618, 0.6252950446197155232, 0.6867173972161185747, 0.7480053485163655758, 0.8093367539800238042, 0.8714063135238938607, 0.9349504149715935908, 1.000000000000000000 ),
 .UNSPECIFIED. ) ;
#3670 = ORIENTED_EDGE ( 'NONE', *, *, #5883, .T. ) ;
#3671 = ORIENTED_EDGE ( 'NONE', *, *, #4474, .T. ) ;
#3672 = STYLED_ITEM ( 'NONE', ( #5455 ), #2390 ) ;
#3673 = DIRECTION ( 'NONE',  ( 0.0000000000000000000, -0.0000000000000000000, 1.000000000000000000 ) ) ;
#3674 = DIRECTION ( 'NONE',  ( 1.000000000000000000, 0.0000000000000000000, 1.700709290173340903E-16 ) ) ;
#3675 = ADVANCED_FACE ( 'NONE', ( #3868 ), #5958, .T. ) ;
#3676 = VECTOR ( 'NONE', #3629, 1000.000000000000000 ) ;
#3677 = CARTESIAN_POINT ( 'NONE',  ( 2.379825228611964771, 0.9064290159990536777, -1.906874280931120103 ) ) ;
#3678 = EDGE_LOOP ( 'NONE', ( #6757, #1247, #362, #3360 ) ) ;
#3679 = ORIENTED_EDGE ( 'NONE', *, *, #4362, .F. ) ;
#3680 = CARTESIAN_POINT ( 'NONE',  ( 2.390711564474808259, 0.8964290159990536688, -1.459468488195816871 ) ) ;
#3681 = VECTOR ( 'NONE', #6905, 1000.000000000000227 ) ;
#3682 = DIRECTION ( 'NONE',  ( 1.000000000000000000, 0.0000000000000000000, 0.0000000000000000000 ) ) ;
#3683 = FILL_AREA_STYLE_COLOUR ( '', #4318 ) ;
#3684 = PLANE ( 'NONE',  #3604 ) ;
#3685 = CARTESIAN_POINT ( 'NONE',  ( 2.644029855700690046, 0.8964290159990536688, -2.214302437575279559 ) ) ;
#3686 = ORIENTED_EDGE ( 'NONE', *, *, #1325, .T. ) ;
#3687 = LINE ( 'NONE', #3623, #2466 ) ;
#3688 = EDGE_LOOP ( 'NONE', ( #4133, #4612, #6024, #1273, #1584, #843 ) ) ;
#3689 = DIRECTION ( 'NONE',  ( -0.0000000000000000000, -1.000000000000000000, -0.0000000000000000000 ) ) ;
#3690 = DIRECTION ( 'NONE',  ( 0.0000000000000000000, -1.000000000000000000, 0.0000000000000000000 ) ) ;
#3691 = CARTESIAN_POINT ( 'NONE',  ( 2.253602765342478609, 0.8964290159990538909, -1.780581376337659893 ) ) ;
#3692 = CARTESIAN_POINT ( 'NONE',  ( 3.625749738896097973, 0.8964290159990536688, -2.033419163673696684 ) ) ;
#3693 = CARTESIAN_POINT ( 'NONE',  ( 3.625749738896097973, 0.9064290159990536777, -2.033419163673696684 ) ) ;
#3694 = ORIENTED_EDGE ( 'NONE', *, *, #5274, .T. ) ;
#3695 = CARTESIAN_POINT ( 'NONE',  ( 4.996388928265756313, 0.9064290159990536777, -2.328888210179513862 ) ) ;
#3696 = DIRECTION ( 'NONE',  ( 1.000000000000000000, 0.0000000000000000000, 0.0000000000000000000 ) ) ;
#3697 = LINE ( 'NONE', #5264, #6237 ) ;
#3698 = CARTESIAN_POINT ( 'NONE',  ( 0.3433691364284752190, 0.9064290159990540108, -0.2154380647817657757 ) ) ;
#3699 = EDGE_CURVE ( 'NONE', #4909, #609, #694, .T. ) ;
#3700 = EDGE_CURVE ( 'NONE', #5174, #5322, #306, .T. ) ;
#3701 = VERTEX_POINT ( 'NONE', #855 ) ;
#3702 = DIRECTION ( 'NONE',  ( -0.4802758347947843065, 0.0000000000000000000, -0.8771175078130484248 ) ) ;
#3703 = ORIENTED_EDGE ( 'NONE', *, *, #365, .F. ) ;
#3704 = DIRECTION ( 'NONE',  ( 0.3651136360950639759, 0.0000000000000000000, 0.9309629599170103909 ) ) ;
#3705 = EDGE_LOOP ( 'NONE', ( #4944, #3131, #4022, #1825, #4130 ) ) ;
#3706 = CARTESIAN_POINT ( 'NONE',  ( 6.500000000000000888, 0.8964290159990536688, 0.0000000000000000000 ) ) ;
#3707 = AXIS2_PLACEMENT_3D ( 'NONE', #6171, #3619, #2989 ) ;
#3708 = CARTESIAN_POINT ( 'NONE',  ( 4.224999999999999645, -0.01000000000000000021, -3.699999999999999734 ) ) ;
#3709 = CARTESIAN_POINT ( 'NONE',  ( 2.358317437290941232, 0.9064290159990535667, -1.970017310208723504 ) ) ;
#3710 = EDGE_LOOP ( 'NONE', ( #724, #3115, #5593, #1366, #6022 ) ) ;
#3711 = ORIENTED_EDGE ( 'NONE', *, *, #2600, .F. ) ;
#3712 = VECTOR ( 'NONE', #1815, 1000.000000000000000 ) ;
#3713 = CARTESIAN_POINT ( 'NONE',  ( 2.688441208557196926, 0.9064290159990535667, -2.080781152147423541 ) ) ;
#3714 = LINE ( 'NONE', #5872, #2992 ) ;
#3715 = DIRECTION ( 'NONE',  ( 1.000000000000000000, 0.0000000000000000000, -0.0000000000000000000 ) ) ;
#3716 = LINE ( 'NONE', #5250, #5826 ) ;
#3717 = CARTESIAN_POINT ( 'NONE',  ( 4.281441512400371963, 0.9064290159990536777, -2.858054876846180203 ) ) ;
#3718 = ADVANCED_FACE ( 'NONE', ( #5111 ), #1843, .F. ) ;
#3719 = PRODUCT_CONTEXT ( 'NONE', #2829, 'mechanical' ) ;
#3720 = ORIENTED_EDGE ( 'NONE', *, *, #573, .T. ) ;
#3721 = EDGE_CURVE ( 'NONE', #5068, #1162, #5042, .T. ) ;
#3722 = FILL_AREA_STYLE_COLOUR ( '', #1564 ) ;
#3723 = EDGE_CURVE ( 'NONE', #404, #2031, #2436, .T. ) ;
#3724 = ORIENTED_EDGE ( 'NONE', *, *, #101, .T. ) ;
#3725 = CARTESIAN_POINT ( 'NONE',  ( 6.174999999999998934, 0.0000000000000000000, -1.635000000000000231 ) ) ;
#3726 = CARTESIAN_POINT ( 'NONE',  ( 3.486885890071312222, 0.8964290159990536688, -1.806042861590363646 ) ) ;
#3727 = LINE ( 'NONE', #6348, #1824 ) ;
#3728 = CARTESIAN_POINT ( 'NONE',  ( 0.2999999999999999334, -0.01000000000000000021, -3.700000000000000178 ) ) ;
#3729 = VERTEX_POINT ( 'NONE', #4551 ) ;
#3730 = CARTESIAN_POINT ( 'NONE',  ( 2.724999999999999201, -0.01000000000000000021, -0.3000000000000000999 ) ) ;
#3731 = LINE ( 'NONE', #5854, #1704 ) ;
#3732 = CARTESIAN_POINT ( 'NONE',  ( 4.205903818757208867, 0.9064290159990536777, -1.647992480981389285 ) ) ;
#3733 = CARTESIAN_POINT ( 'NONE',  ( 4.567161831577721820, 0.9064290159990536777, -1.504252497007030343 ) ) ;
#3734 = CARTESIAN_POINT ( 'NONE',  ( 5.722169844398234950, 0.9064290159990536777, -1.558526001280534645 ) ) ;
#3735 = EDGE_CURVE ( 'NONE', #1924, #1406, #1282, .T. ) ;
#3736 = ORIENTED_EDGE ( 'NONE', *, *, #4884, .T. ) ;
#3737 =( LENGTH_UNIT ( ) NAMED_UNIT ( * ) SI_UNIT ( .MILLI., .METRE. ) );
#3738 = ORIENTED_EDGE ( 'NONE', *, *, #5917, .T. ) ;
#3739 = CARTESIAN_POINT ( 'NONE',  ( 4.209083906898235306, 0.9064290159990536777, -1.504252497007030343 ) ) ;
#3740 = ORIENTED_EDGE ( 'NONE', *, *, #2216, .T. ) ;
#3741 = EDGE_CURVE ( 'NONE', #6681, #1576, #1910, .T. ) ;
#3742 = CARTESIAN_POINT ( 'NONE',  ( 2.288363246534351969, 0.9064290159990536777, -2.312106147174927351 ) ) ;
#3743 = ADVANCED_FACE ( 'NONE', ( #6630 ), #6072, .T. ) ;
#3744 = CARTESIAN_POINT ( 'NONE',  ( 0.3615838348303286875, 0.9064290159990536777, -0.4799215218405638583 ) ) ;
#3745 = B_SPLINE_SURFACE_WITH_KNOTS ( 'NONE', 3, 1, ( 
 ( #391, #2519 ),
 ( #4151, #6285 ),
 ( #1494, #458 ),
 ( #3627, #2586 ),
 ( #5258, #3691 ),
 ( #1181, #1600 ),
 ( #2241, #519 ),
 ( #2198, #2752 ),
 ( #5961, #6455 ),
 ( #2643, #5849 ),
 ( #5289, #4836 ),
 ( #3274, #5815 ),
 ( #1563, #4763 ),
 ( #1674, #1034 ),
 ( #2791, #4321 ),
 ( #5435, #6911 ),
 ( #4874, #4913 ) ),
 .UNSPECIFIED., .F., .F., .F.,
 ( 4, 1, 1, 1, 1, 1, 1, 1, 1, 1, 1, 1, 1, 1, 4 ),
 ( 2, 2 ),
 ( 0.0000000000000000000, 0.1277706293124476478, 0.2439804506356083591, 0.3480758004030591324, 0.4406650460066900976, 0.5230791416656185300, 0.5935156255361747624, 0.6552269717712236874, 0.7090791295509715209, 0.7569732727241818004, 0.7987624002830174819, 0.8347047937630664993, 0.8644111872596799140, 0.9254754689597465278, 1.000000000000000000 ),
 ( 0.0000000000000000000, 1.000000000000000000 ),
 .UNSPECIFIED. ) ;
#3746 = CARTESIAN_POINT ( 'NONE',  ( 6.174999999999998934, -0.01000000000000000021, -0.3000000000000000444 ) ) ;
#3747 = ORIENTED_EDGE ( 'NONE', *, *, #4941, .F. ) ;
#3748 = EDGE_LOOP ( 'NONE', ( #2299, #3285, #4610, #3634 ) ) ;
#3749 = FACE_OUTER_BOUND ( 'NONE', #2292, .T. ) ;
#3750 = CARTESIAN_POINT ( 'NONE',  ( 3.487733913575585820, 0.9064290159990536777, -2.599619713918829955 ) ) ;
#3751 = FILL_AREA_STYLE ('',( #3230 ) ) ;
#3752 = PRESENTATION_STYLE_ASSIGNMENT (( #4828 ) ) ;
#3753 = CARTESIAN_POINT ( 'NONE',  ( 2.544344722874751330, 0.8964290159990541129, -2.792675475066805468 ) ) ;
#3754 = ADVANCED_FACE ( 'NONE', ( #789 ), #6559, .T. ) ;
#3755 = VECTOR ( 'NONE', #4162, 1000.000000000000000 ) ;
#3756 = CARTESIAN_POINT ( 'NONE',  ( 3.463035229013619265, 0.9064290159990536777, -1.755797468962158492 ) ) ;
#3757 = ORIENTED_EDGE ( 'NONE', *, *, #436, .T. ) ;
#3758 = DIRECTION ( 'NONE',  ( -0.0000000000000000000, -1.000000000000000000, -0.0000000000000000000 ) ) ;
#3759 = ORIENTED_EDGE ( 'NONE', *, *, #2637, .T. ) ;
#3760 = VECTOR ( 'NONE', #6138, 1000.000000000000000 ) ;
#3761 = DIRECTION ( 'NONE',  ( -1.000000000000000000, 0.0000000000000000000, 0.0000000000000000000 ) ) ;
#3762 = CARTESIAN_POINT ( 'NONE',  ( 2.140555577311728630, 0.8964290159990536688, -2.289757013397629049 ) ) ;
#3763 = CARTESIAN_POINT ( 'NONE',  ( 4.281441512400371963, 0.9064290159990536777, -2.858054876846180203 ) ) ;
#3764 = ADVANCED_FACE ( 'NONE', ( #5636 ), #2471, .T. ) ;
#3765 = VECTOR ( 'NONE', #725, 1000.000000000000000 ) ;
#3766 = CARTESIAN_POINT ( 'NONE',  ( 3.636032023885414244, 0.9064290159990536777, -2.328888210179513862 ) ) ;
#3767 = CARTESIAN_POINT ( 'NONE',  ( 3.841868528960200813, 0.8964290159990536688, -2.599619713918829955 ) ) ;
#3768 = ORIENTED_EDGE ( 'NONE', *, *, #4223, .F. ) ;
#3769 = DIRECTION ( 'NONE',  ( -1.000000000000000000, 0.0000000000000000000, -2.710505431213760592E-16 ) ) ;
#3770 = ORIENTED_EDGE ( 'NONE', *, *, #3161, .T. ) ;
#3771 = LINE ( 'NONE', #5894, #3221 ) ;
#3772 = AXIS2_PLACEMENT_3D ( 'NONE', #6169, #4038, #6597 ) ;
#3773 = FACE_OUTER_BOUND ( 'NONE', #4602, .T. ) ;
#3774 = CARTESIAN_POINT ( 'NONE',  ( 3.813777750381140752, 0.9064290159990536777, -2.650819132989342908 ) ) ;
#3775 = VECTOR ( 'NONE', #726, 1000.000000000000000 ) ;
#3776 = VERTEX_POINT ( 'NONE', #3377 ) ;
#3777 = CARTESIAN_POINT ( 'NONE',  ( 3.983382451235841781, 0.9064290159990536777, -2.858054876846180203 ) ) ;
#3778 = ORIENTED_EDGE ( 'NONE', *, *, #4803, .T. ) ;
#3779 = CARTESIAN_POINT ( 'NONE',  ( -2.168404344971008868E-16, 0.0000000000000000000, -4.000000000000000000 ) ) ;
#3780 = ORIENTED_EDGE ( 'NONE', *, *, #6704, .T. ) ;
#3781 = CARTESIAN_POINT ( 'NONE',  ( 0.8216232979579064510, 0.8964290159990536688, -1.194194365643492128 ) ) ;
#3782 = LINE ( 'NONE', #5906, #5162 ) ;
#3783 = VECTOR ( 'NONE', #3592, 1000.000000000000000 ) ;
#3784 = CARTESIAN_POINT ( 'NONE',  ( 2.218606725309683281, 0.9064290159990536777, -2.023747950786467964 ) ) ;
#3785 = VERTEX_POINT ( 'NONE', #5505 ) ;
#3786 = ORIENTED_EDGE ( 'NONE', *, *, #4341, .T. ) ;
#3787 = AXIS2_PLACEMENT_3D ( 'NONE', #6377, #1593, #6448 ) ;
#3788 = CARTESIAN_POINT ( 'NONE',  ( 2.734361682777044944, 0.8964290159990534468, -2.021245888231697929 ) ) ;
#3789 = SURFACE_STYLE_FILL_AREA ( #1733 ) ;
#3790 = CARTESIAN_POINT ( 'NONE',  ( 2.724999999999999201, -0.01000000000000000021, -0.3000000000000000999 ) ) ;
#3791 = STYLED_ITEM ( 'NONE', ( #596 ), #5599 ) ;
#3792 = DIRECTION ( 'NONE',  ( -0.3688942629807152040, 0.0000000000000000000, 0.9294713673588417269 ) ) ;
#3793 = PLANE ( 'NONE',  #265 ) ;
#3794 = CARTESIAN_POINT ( 'NONE',  ( 2.754902118441602710, 0.8964290159990538909, -2.431805370844514869 ) ) ;
#3795 = ADVANCED_FACE ( 'NONE', ( #3409 ), #4972, .T. ) ;
#3796 = EDGE_CURVE ( 'NONE', #1301, #80, #5008, .T. ) ;
#3797 = AXIS2_PLACEMENT_3D ( 'NONE', #900, #355, #4908 ) ;
#3798 = VERTEX_POINT ( 'NONE', #238 ) ;
#3799 = SURFACE_STYLE_USAGE ( .BOTH. , #3238 ) ;
#3800 = VERTEX_POINT ( 'NONE', #2370 ) ;
#3801 = DIRECTION ( 'NONE',  ( 0.0000000000000000000, -0.0000000000000000000, 1.000000000000000000 ) ) ;
#3802 = FACE_OUTER_BOUND ( 'NONE', #4715, .T. ) ;
#3803 = CARTESIAN_POINT ( 'NONE',  ( 3.680129246107636920, 0.8964290159990536688, -2.033419163673696684 ) ) ;
#3804 = CARTESIAN_POINT ( 'NONE',  ( 2.437190336051772377, 0.9064290159990538998, -2.835226689906507946 ) ) ;
#3805 = EDGE_CURVE ( 'NONE', #971, #4429, #1812, .T. ) ;
#3806 = CARTESIAN_POINT ( 'NONE',  ( 2.376743729422141627, 0.8964290159990538909, -1.869027982692299306 ) ) ;
#3807 = VERTEX_POINT ( 'NONE', #3972 ) ;
#3808 = CARTESIAN_POINT ( 'NONE',  ( 4.550137759729431686, 0.9064290159990536777, -2.599619713918829955 ) ) ;
#3809 = EDGE_CURVE ( 'NONE', #1091, #2066, #1311, .T. ) ;
#3810 = ORIENTED_EDGE ( 'NONE', *, *, #1049, .F. ) ;
#3811 = APPLICATION_CONTEXT ( 'automotive_design' ) ;
#3812 = LINE ( 'NONE', #5968, #1098 ) ;
#3813 = DIRECTION ( 'NONE',  ( 1.000000000000000000, 0.0000000000000000000, 0.0000000000000000000 ) ) ;
#3814 = CARTESIAN_POINT ( 'NONE',  ( 0.2727319543048041250, 0.9064290159990535667, -0.4585318332106400607 ) ) ;
#3815 = ORIENTED_EDGE ( 'NONE', *, *, #39, .F. ) ;
#3816 = ADVANCED_FACE ( 'NONE', ( #2919 ), #274, .T. ) ;
#3817 = DIRECTION ( 'NONE',  ( 0.4802882638304235008, 0.0000000000000000000, 0.8771107020363836382 ) ) ;
#3818 = ORIENTED_EDGE ( 'NONE', *, *, #5234, .T. ) ;
#3819 = CARTESIAN_POINT ( 'NONE',  ( 0.0000000000000000000, 0.8964290159990536688, 0.0000000000000000000 ) ) ;
#3820 = EDGE_CURVE ( 'NONE', #2729, #6706, #5602, .T. ) ;
#3821 = ORIENTED_EDGE ( 'NONE', *, *, #4041, .T. ) ;
#3822 = DIRECTION ( 'NONE',  ( 1.000000000000000000, 0.0000000000000000000, -0.0000000000000000000 ) ) ;
#3823 = FACE_BOUND ( 'NONE', #3226, .T. ) ;
#3824 = VECTOR ( 'NONE', #1403, 999.9999999999998863 ) ;
#3825 = CARTESIAN_POINT ( 'NONE',  ( 0.3748753590688813087, 0.8964290159990535578, -0.4780626689146624808 ) ) ;
#3826 = VERTEX_POINT ( 'NONE', #5280 ) ;
#3827 = ORIENTED_EDGE ( 'NONE', *, *, #1166, .T. ) ;
#3828 = CARTESIAN_POINT ( 'NONE',  ( 2.523959774811513235, 0.9064290159990534557, -1.496851121982946564 ) ) ;
#3829 = FILL_AREA_STYLE_COLOUR ( '', #3101 ) ;
#3830 = CARTESIAN_POINT ( 'NONE',  ( 3.579850466727294567, 0.8964290159990536688, -2.328888210179513862 ) ) ;
#3831 = CARTESIAN_POINT ( 'NONE',  ( 4.572249972603362522, 0.9064290159990536777, -1.645342407530534734 ) ) ;
#3832 = CARTESIAN_POINT ( 'NONE',  ( 4.174999999999998934, 0.0000000000000000000, -0.3000000000000000444 ) ) ;
#3833 = CARTESIAN_POINT ( 'NONE',  ( 4.884322622176012985, 0.9064290159990536777, -1.647992480981389285 ) ) ;
#3834 = EDGE_CURVE ( 'NONE', #4274, #6609, #6766, .T. ) ;
#3835 = VECTOR ( 'NONE', #1172, 1000.000000000000000 ) ;
#3836 = ORIENTED_EDGE ( 'NONE', *, *, #2133, .F. ) ;
#3837 = EDGE_LOOP ( 'NONE', ( #50, #4985, #950, #4679 ) ) ;
#3838 = CARTESIAN_POINT ( 'NONE',  ( 4.894286898351226434, 0.9064290159990536777, -1.504252497007030343 ) ) ;
#3839 = FILL_AREA_STYLE ('',( #4209 ) ) ;
#3840 = ORIENTED_EDGE ( 'NONE', *, *, #4949, .F. ) ;
#3841 = AXIS2_PLACEMENT_3D ( 'NONE', #1651, #474, #3150 ) ;
#3842 = DIRECTION ( 'NONE',  ( -0.0000000000000000000, -1.000000000000000000, -0.0000000000000000000 ) ) ;
#3843 = EDGE_CURVE ( 'NONE', #2456, #1613, #2606, .T. ) ;
#3844 = DIRECTION ( 'NONE',  ( 1.000000000000000000, 0.0000000000000000000, 0.0000000000000000000 ) ) ;
#3845 = ORIENTED_EDGE ( 'NONE', *, *, #5578, .T. ) ;
#3846 = FACE_OUTER_BOUND ( 'NONE', #1994, .T. ) ;
#3847 = FACE_BOUND ( 'NONE', #3705, .T. ) ;
#3848 = LINE ( 'NONE', #5856, #5375 ) ;
#3849 = CARTESIAN_POINT ( 'NONE',  ( 0.2427290346228347662, 0.9064290159990536777, -0.4316873925352471275 ) ) ;
#3850 = EDGE_CURVE ( 'NONE', #6162, #5974, #894, .T. ) ;
#3851 = ORIENTED_EDGE ( 'NONE', *, *, #5402, .T. ) ;
#3852 = CARTESIAN_POINT ( 'NONE',  ( 4.762652449900371288, 0.8964290159990536688, -2.858054876846180203 ) ) ;
#3853 = ORIENTED_EDGE ( 'NONE', *, *, #4266, .F. ) ;
#3854 = VERTEX_POINT ( 'NONE', #5806 ) ;
#3855 =( LENGTH_UNIT ( ) NAMED_UNIT ( * ) SI_UNIT ( .MILLI., .METRE. ) );
#3856 = DIRECTION ( 'NONE',  ( 0.3688942629807152596, 0.0000000000000000000, -0.9294713673588417269 ) ) ;
#3857 = CARTESIAN_POINT ( 'NONE',  ( 4.522046981150371181, 0.9064290159990536777, -2.548420294848317447 ) ) ;
#3858 = EDGE_LOOP ( 'NONE', ( #2823, #3659, #5576, #1121 ) ) ;
#3859 = ORIENTED_EDGE ( 'NONE', *, *, #1590, .T. ) ;
#3860 = FACE_OUTER_BOUND ( 'NONE', #4064, .T. ) ;
#3861 = DIRECTION ( 'NONE',  ( 0.4806015670138532592, 0.0000000000000000000, -0.8769390707362905157 ) ) ;
#3862 = CARTESIAN_POINT ( 'NONE',  ( 3.629247835851226345, 0.9064290159990536777, -2.858054876846180203 ) ) ;
#3863 = PLANE ( 'NONE',  #6835 ) ;
#3864 = DIRECTION ( 'NONE',  ( -0.0000000000000000000, -1.000000000000000000, -0.0000000000000000000 ) ) ;
#3865 = B_SPLINE_CURVE_WITH_KNOTS ( 'NONE', 3,
 ( #577, #6511, #1580, #3148, #537, #2147, #3742, #5905, #4890, #5381, #6365, #5863, #2696, #1127, #3257, #126, #5832 ),
 .UNSPECIFIED., .F., .F.,
 ( 4, 1, 1, 1, 1, 1, 1, 1, 1, 1, 1, 1, 1, 1, 4 ),
 ( 0.0000000000000000000, 0.1206660733040195582, 0.2306394391884427353, 0.3303518480381321676, 0.4203827931102909199, 0.5007196380486801379, 0.5721369648296097399, 0.6339759756642172617, 0.6899155697071887028, 0.7408030946708971110, 0.7861101393510742108, 0.8256243424264396724, 0.8600233983262872695, 0.9268261652858481581, 0.9999999999999998890 ),
 .UNSPECIFIED. ) ;
#3866 = ORIENTED_EDGE ( 'NONE', *, *, #1237, .F. ) ;
#3867 = ORIENTED_EDGE ( 'NONE', *, *, #6572, .F. ) ;
#3868 = FACE_OUTER_BOUND ( 'NONE', #493, .T. ) ;
#3869 = CARTESIAN_POINT ( 'NONE',  ( 4.762652449900371288, 0.9064290159990536777, -2.858054876846180203 ) ) ;
#3870 = VERTEX_POINT ( 'NONE', #6865 ) ;
#3871 = DIRECTION ( 'NONE',  ( -1.000000000000000000, 0.0000000000000000000, -0.0000000000000000000 ) ) ;
#3872 = ADVANCED_FACE ( 'NONE', ( #4142 ), #927, .T. ) ;
#3873 = LINE ( 'NONE', #4876, #1979 ) ;
#3874 = DIRECTION ( 'NONE',  ( -0.0000000000000000000, -1.000000000000000000, -0.0000000000000000000 ) ) ;
#3875 = ORIENTED_EDGE ( 'NONE', *, *, #842, .T. ) ;
#3876 = CARTESIAN_POINT ( 'NONE',  ( 4.728286297389687753, 0.9064290159990536777, -1.908971714421560328 ) ) ;
#3877 = CARTESIAN_POINT ( 'NONE',  ( 3.824999999999999734, -0.01000000000000000021, -2.499999999999999556 ) ) ;
#3878 = CARTESIAN_POINT ( 'NONE',  ( 5.049999999999999822, -0.01000000000000000021, -2.364999999999998881 ) ) ;
#3879 = CARTESIAN_POINT ( 'NONE',  ( 0.3525472037499060574, 0.9064290159990536777, -0.2154404413339367774 ) ) ;
#3880 = ORIENTED_EDGE ( 'NONE', *, *, #85, .T. ) ;
#3881 = ADVANCED_FACE ( 'NONE', ( #1977 ), #1409, .T. ) ;
#3882 = CARTESIAN_POINT ( 'NONE',  ( 4.904272375114047122, 0.9064290159990536777, -2.599619713918829955 ) ) ;
#3883 = ORIENTED_EDGE ( 'NONE', *, *, #5411, .T. ) ;
#3884 = AXIS2_PLACEMENT_3D ( 'NONE', #5397, #3344, #626 ) ;
#3885 = UNCERTAINTY_MEASURE_WITH_UNIT (LENGTH_MEASURE( 1.000000000000000082E-05 ), #4153, 'distance_accuracy_value', 'NONE');
#3886 = VERTEX_POINT ( 'NONE', #1945 ) ;
#3887 = CARTESIAN_POINT ( 'NONE',  ( 4.698435870039260109, 0.9064290159990536777, -2.328888210179513862 ) ) ;
#3888 = CARTESIAN_POINT ( 'NONE',  ( 0.4830952465212539626, 0.9064290159990538998, -0.3524819599492620137 ) ) ;
#3889 = FILL_AREA_STYLE ('',( #2872 ) ) ;
#3890 = AXIS2_PLACEMENT_3D ( 'NONE', #4079, #3098, #1459 ) ;
#3891 = VECTOR ( 'NONE', #2502, 1000.000000000000000 ) ;
#3892 = ORIENTED_EDGE ( 'NONE', *, *, #4634, .F. ) ;
#3893 = ORIENTED_EDGE ( 'NONE', *, *, #6374, .F. ) ;
#3894 = LINE ( 'NONE', #6517, #1238 ) ;
#3895 = CARTESIAN_POINT ( 'NONE',  ( 0.2749999999999992450, -0.01000000000000000021, -0.5500000000000001554 ) ) ;
#3896 = DIRECTION ( 'NONE',  ( -0.0000000000000000000, -1.000000000000000000, -0.0000000000000000000 ) ) ;
#3897 = EDGE_CURVE ( 'NONE', #2500, #5831, #4072, .T. ) ;
#3898 = DIRECTION ( 'NONE',  ( 1.000000000000000000, 0.0000000000000000000, 3.097720492815726673E-16 ) ) ;
#3899 = VECTOR ( 'NONE', #2180, 1000.000000000000000 ) ;
#3900 = CARTESIAN_POINT ( 'NONE',  ( 5.471154887133277356, 0.8964290159990536688, -2.033419163673696684 ) ) ;
#3901 = ORIENTED_EDGE ( 'NONE', *, *, #631, .F. ) ;
#3902 = EDGE_CURVE ( 'NONE', #1214, #304, #1451, .T. ) ;
#3903 = CARTESIAN_POINT ( 'NONE',  ( 5.722169844398234950, 0.9064290159990536777, -1.558526001280534645 ) ) ;
#3904 =( GEOMETRIC_REPRESENTATION_CONTEXT ( 3 ) GLOBAL_UNCERTAINTY_ASSIGNED_CONTEXT ( ( #2490 ) ) GLOBAL_UNIT_ASSIGNED_CONTEXT ( ( #4400, #1150, #6532 ) ) REPRESENTATION_CONTEXT ( 'NONE', 'WORKASPACE' ) );
#3905 = VERTEX_POINT ( 'NONE', #5181 ) ;
#3906 = CARTESIAN_POINT ( 'NONE',  ( 4.691651682005072210, 0.9064290159990536777, -2.858054876846180203 ) ) ;
#3907 = LINE ( 'NONE', #6037, #4333 ) ;
#3908 = ORIENTED_EDGE ( 'NONE', *, *, #3099, .T. ) ;
#3909 = CARTESIAN_POINT ( 'NONE',  ( 4.167912365765756633, 0.8964290159990536688, -2.548420294848317447 ) ) ;
#3910 = MECHANICAL_DESIGN_GEOMETRIC_PRESENTATION_REPRESENTATION (  '', ( #5683 ), #3012 ) ;
#3911 = CARTESIAN_POINT ( 'NONE',  ( 4.635576127784987399, 0.9064290159990536777, -2.858054876846180203 ) ) ;
#3912 = FACE_OUTER_BOUND ( 'NONE', #402, .T. ) ;
#3913 = ORIENTED_EDGE ( 'NONE', *, *, #1803, .T. ) ;
#3914 = CARTESIAN_POINT ( 'NONE',  ( 4.196003144344816249, 0.8964290159990536688, -2.599619713918829955 ) ) ;
#3915 = VECTOR ( 'NONE', #5032, 1000.000000000000000 ) ;
#3916 = FACE_OUTER_BOUND ( 'NONE', #5591, .T. ) ;
#3917 = CARTESIAN_POINT ( 'NONE',  ( 4.924999999999998934, 0.0000000000000000000, -1.635000000000000231 ) ) ;
#3918 = CARTESIAN_POINT ( 'NONE',  ( 0.2277772049626180517, 0.9064290159990535667, -0.4102709329366120428 ) ) ;
#3919 = EDGE_CURVE ( 'NONE', #6889, #3486, #1484, .T. ) ;
#3920 = EDGE_LOOP ( 'NONE', ( #1126, #4225, #5344, #6160 ) ) ;
#3921 = CARTESIAN_POINT ( 'NONE',  ( 3.933985082111910447, 0.9064290159990536777, -2.328888210179513862 ) ) ;
#3922 = VERTEX_POINT ( 'NONE', #510 ) ;
#3923 = ORIENTED_EDGE ( 'NONE', *, *, #4362, .T. ) ;
#3924 = CARTESIAN_POINT ( 'NONE',  ( 2.614426117350637124, 0.9064290159990536777, -2.189869185693511966 ) ) ;
#3925 = EDGE_CURVE ( 'NONE', #878, #5300, #4585, .T. ) ;
#3926 = FACE_BOUND ( 'NONE', #4575, .T. ) ;
#3927 = PRODUCT_DEFINITION_SHAPE ( 'NONE', 'NONE',  #1122 ) ;
#3928 = EDGE_CURVE ( 'NONE', #2068, #6334, #4201, .T. ) ;
#3929 = LINE ( 'NONE', #6514, #2899 ) ;
#3930 = ORIENTED_EDGE ( 'NONE', *, *, #3086, .T. ) ;
#3931 = ORIENTED_EDGE ( 'NONE', *, *, #2592, .T. ) ;
#3932 = CARTESIAN_POINT ( 'NONE',  ( 0.3615838348303286875, 0.8964290159990536688, -0.4799215218405638583 ) ) ;
#3933 = CARTESIAN_POINT ( 'NONE',  ( 4.522046981150371181, 0.8964290159990536688, -2.548420294848317447 ) ) ;
#3934 = DIRECTION ( 'NONE',  ( 0.2607351442216253590, 0.0000000000000000000, -0.9654103710690744578 ) ) ;
#3935 = VECTOR ( 'NONE', #2980, 1000.000000000000000 ) ;
#3936 = CARTESIAN_POINT ( 'NONE',  ( 3.459643134996525760, 0.9064290159990536777, -2.650819132989342908 ) ) ;
#3937 = CARTESIAN_POINT ( 'NONE',  ( 0.4192502187616888865, 0.9064290159990536777, -1.015190918046959379 ) ) ;
#3938 = EDGE_CURVE ( 'NONE', #6676, #2417, #5706, .T. ) ;
#3939 = ORIENTED_EDGE ( 'NONE', *, *, #6140, .F. ) ;
#3940 = VECTOR ( 'NONE', #4630, 1000.000000000000000 ) ;
#3941 = FACE_OUTER_BOUND ( 'NONE', #3458, .T. ) ;
#3942 = CARTESIAN_POINT ( 'NONE',  ( 4.468685102143961529, 0.9064290159990536777, -2.033419163673696684 ) ) ;
#3943 = LINE ( 'NONE', #6073, #1524 ) ;
#3944 = DIRECTION ( 'NONE',  ( 0.4802882638304223351, 0.0000000000000000000, -0.8771107020363840823 ) ) ;
#3945 = VECTOR ( 'NONE', #5045, 1000.000000000000000 ) ;
#3946 = CARTESIAN_POINT ( 'NONE',  ( 4.493956202571311564, 0.9064290159990536777, -2.599619713918829955 ) ) ;
#3947 = ORIENTED_EDGE ( 'NONE', *, *, #2178, .T. ) ;
#3948 = AXIS2_PLACEMENT_3D ( 'NONE', #3075, #3492, #876 ) ;
#3949 = DIRECTION ( 'NONE',  ( 0.0000000000000000000, 0.0000000000000000000, 1.000000000000000000 ) ) ;
#3950 = LINE ( 'NONE', #6081, #6897 ) ;
#3951 = DIRECTION ( 'NONE',  ( -0.0000000000000000000, -1.000000000000000000, -0.0000000000000000000 ) ) ;
#3952 = CARTESIAN_POINT ( 'NONE',  ( 3.888743028158919035, 0.9064290159990536777, -1.504252497007030343 ) ) ;
#3953 = ORIENTED_EDGE ( 'NONE', *, *, #2274, .F. ) ;
#3954 = DIRECTION ( 'NONE',  ( -0.0000000000000000000, 0.0000000000000000000, 1.000000000000000000 ) ) ;
#3955 = EDGE_LOOP ( 'NONE', ( #1286, #523, #4886, #3720 ) ) ;
#3956 = PRODUCT_DEFINITION_CONTEXT ( 'detailed design', #3811, 'design' ) ;
#3957 = ORIENTED_EDGE ( 'NONE', *, *, #1759, .F. ) ;
#3958 =( NAMED_UNIT ( * ) SI_UNIT ( $, .STERADIAN. ) SOLID_ANGLE_UNIT ( ) );
#3959 = EDGE_CURVE ( 'NONE', #6550, #5021, #6239, .T. ) ;
#3960 = DIRECTION ( 'NONE',  ( -0.0000000000000000000, 1.000000000000000000, -0.0000000000000000000 ) ) ;
#3961 = DIRECTION ( 'NONE',  ( -0.0000000000000000000, 1.000000000000000000, 0.0000000000000000000 ) ) ;
#3962 = ORIENTED_EDGE ( 'NONE', *, *, #1479, .T. ) ;
#3963 = EDGE_CURVE ( 'NONE', #1849, #1448, #5148, .T. ) ;
#3964 = VERTEX_POINT ( 'NONE', #4172 ) ;
#3965 = EDGE_CURVE ( 'NONE', #2031, #5340, #2508, .T. ) ;
#3966 = CARTESIAN_POINT ( 'NONE',  ( 0.4192502187616888865, 0.8964290159990536688, -1.015190918046959379 ) ) ;
#3967 = LINE ( 'NONE', #4477, #6569 ) ;
#3968 = CARTESIAN_POINT ( 'NONE',  ( 2.379442900584802789, 0.8964290159990537799, -1.914215172600138404 ) ) ;
#3969 = CARTESIAN_POINT ( 'NONE',  ( 2.281207721436609770, 0.9064290159990535667, -1.786499018153332674 ) ) ;
#3970 = ORIENTED_EDGE ( 'NONE', *, *, #5035, .T. ) ;
#3971 = CARTESIAN_POINT ( 'NONE',  ( 0.0000000000000000000, 0.9064290159990534557, 0.0000000000000000000 ) ) ;
#3972 = CARTESIAN_POINT ( 'NONE',  ( 5.518644203372593537, 0.9064290159990536777, -1.558526001280534645 ) ) ;
#3973 = ADVANCED_FACE ( 'NONE', ( #5216 ), #2540, .T. ) ;
#3974 = CARTESIAN_POINT ( 'NONE',  ( 5.518644203372593537, 0.9064290159990536777, -1.558526001280534645 ) ) ;
#3975 = CARTESIAN_POINT ( 'NONE',  ( 3.579850466727294567, 0.8964290159990536688, -2.328888210179513862 ) ) ;
#3976 = SURFACE_SIDE_STYLE ('',( #6634 ) ) ;
#3977 = ORIENTED_EDGE ( 'NONE', *, *, #3527, .F. ) ;
#3978 = CARTESIAN_POINT ( 'NONE',  ( 2.672844913823359203, 0.8964290159990538909, -1.595485598913622960 ) ) ;
#3979 = LINE ( 'NONE', #6113, #6025 ) ;
#3980 = LINE ( 'NONE', #4981, #2447 ) ;
#3981 = CARTESIAN_POINT ( 'NONE',  ( 3.644173049526439723, 0.8964290159990536688, -2.858054876846180203 ) ) ;
#3982 = B_SPLINE_CURVE_WITH_KNOTS ( 'NONE', 3,
 ( #593, #2718, #4005, #791, #3347, #2405, #4947, #5508, #2372, #1217, #2921, #2956, #2824, #4516, #172 ),
 .UNSPECIFIED., .F., .F.,
 ( 4, 1, 1, 1, 1, 1, 1, 1, 1, 1, 1, 1, 4 ),
 ( 0.0000000000000000000, 0.1046034082679827421, 0.2145115315724319127, 0.3316919673939476843, 0.4557434077626730806, 0.5200308860970269675, 0.5842901427240486667, 0.6490772883699974516, 0.7151458860839164933, 0.7825911865829715541, 0.8523255075812791182, 0.9250395303005755077, 0.9999999999999998890 ),
 .UNSPECIFIED. ) ;
#3983 = VECTOR ( 'NONE', #4668, 1000.000000000000000 ) ;
#3984 = CARTESIAN_POINT ( 'NONE',  ( 4.572249972603362522, 0.9064290159990536777, -1.645342407530534734 ) ) ;
#3985 = ORIENTED_EDGE ( 'NONE', *, *, #4068, .F. ) ;
#3986 = DIRECTION ( 'NONE',  ( 0.3651136360950658633, 0.0000000000000000000, 0.9309629599170097247 ) ) ;
#3987 = ORIENTED_EDGE ( 'NONE', *, *, #4059, .T. ) ;
#3988 = ORIENTED_EDGE ( 'NONE', *, *, #2484, .T. ) ;
#3989 = CARTESIAN_POINT ( 'NONE',  ( 4.054743629120457271, 0.8964290159990536688, -2.033419163673696684 ) ) ;
#3990 = VECTOR ( 'NONE', #928, 1000.000000000000000 ) ;
#3991 = DIRECTION ( 'NONE',  ( 0.0000000000000000000, -0.0000000000000000000, 1.000000000000000000 ) ) ;
#3992 = AXIS2_PLACEMENT_3D ( 'NONE', #5995, #1215, #5471 ) ;
#3993 = ORIENTED_EDGE ( 'NONE', *, *, #5506, .F. ) ;
#3994 = ORIENTED_EDGE ( 'NONE', *, *, #1998, .T. ) ;
#3995 = CARTESIAN_POINT ( 'NONE',  ( 0.4610817247206702163, 0.9064290159990536777, -0.4212784647043538166 ) ) ;
#3996 = CARTESIAN_POINT ( 'NONE',  ( 3.000000000000000000, -0.01000000000000000021, -2.425000000000001155 ) ) ;
#3997 = CARTESIAN_POINT ( 'NONE',  ( 2.211336310172248520, 0.9064290159990536777, -2.023816361309370926 ) ) ;
#3998 = CARTESIAN_POINT ( 'NONE',  ( 0.0000000000000000000, 0.9064290159990536777, 0.0000000000000000000 ) ) ;
#3999 = CARTESIAN_POINT ( 'NONE',  ( 2.376743729422141627, 0.9064290159990538998, -1.869027982692299306 ) ) ;
#4000 = ORIENTED_EDGE ( 'NONE', *, *, #3031, .T. ) ;
#4001 = VECTOR ( 'NONE', #2492, 1000.000000000000000 ) ;
#4002 = CARTESIAN_POINT ( 'NONE',  ( 3.486885890071312222, 0.9064290159990536777, -1.806042861590363646 ) ) ;
#4003 = CARTESIAN_POINT ( 'NONE',  ( 3.813777750381140752, 0.9064290159990536777, -2.548420294848317447 ) ) ;
#4004 = DIRECTION ( 'NONE',  ( -0.0000000000000000000, -1.000000000000000000, -0.0000000000000000000 ) ) ;
#4005 = CARTESIAN_POINT ( 'NONE',  ( 2.621525515659409944, 0.9064290159990538998, -2.143938464171437630 ) ) ;
#4006 = EDGE_CURVE ( 'NONE', #4183, #5179, #1512, .T. ) ;
#4007 = VECTOR ( 'NONE', #865, 1000.000000000000000 ) ;
#4008 = CARTESIAN_POINT ( 'NONE',  ( 2.724123849659382923, 0.9064290159990540108, -2.608397324165072639 ) ) ;
#4009 = DIRECTION ( 'NONE',  ( -1.000000000000000000, 0.0000000000000000000, 0.0000000000000000000 ) ) ;
#4010 = VERTEX_POINT ( 'NONE', #991 ) ;
#4011 = MECHANICAL_DESIGN_GEOMETRIC_PRESENTATION_REPRESENTATION (  '', ( #3672 ), #1447 ) ;
#4012 = CARTESIAN_POINT ( 'NONE',  ( 1.574999999999999734, 0.0000000000000000000, -2.425000000000000266 ) ) ;
#4013 = CARTESIAN_POINT ( 'NONE',  ( 3.741186938415328900, 0.8964290159990536688, -2.033419163673696684 ) ) ;
#4014 = CARTESIAN_POINT ( 'NONE',  ( 3.693464415712337523, 0.8964290159990536688, -2.328888210179513862 ) ) ;
#4015 = CARTESIAN_POINT ( 'NONE',  ( 3.625749738896097973, 0.9064290159990536777, -2.033419163673696684 ) ) ;
#4016 = VECTOR ( 'NONE', #2722, 1000.000000000000000 ) ;
#4017 = CARTESIAN_POINT ( 'NONE',  ( 4.139821587186697016, 0.9064290159990536777, -2.599619713918829955 ) ) ;
#4018 = VERTEX_POINT ( 'NONE', #2632 ) ;
#4019 = ADVANCED_FACE ( 'NONE', ( #5984 ), #3334, .T. ) ;
#4020 = CARTESIAN_POINT ( 'NONE',  ( 3.990166639270030124, 0.8964290159990536688, -2.328888210179513862 ) ) ;
#4021 = VECTOR ( 'NONE', #692, 1000.000000000000114 ) ;
#4022 = ORIENTED_EDGE ( 'NONE', *, *, #6100, .F. ) ;
#4023 = ORIENTED_EDGE ( 'NONE', *, *, #6521, .F. ) ;
#4024 = FACE_OUTER_BOUND ( 'NONE', #4490, .T. ) ;
#4025 = CARTESIAN_POINT ( 'NONE',  ( 6.174999999999998934, -0.01000000000000000021, -1.635000000000000231 ) ) ;
#4026 = EDGE_CURVE ( 'NONE', #5468, #3922, #3714, .T. ) ;
#4027 = ORIENTED_EDGE ( 'NONE', *, *, #3023, .F. ) ;
#4028 = EDGE_CURVE ( 'NONE', #5155, #4535, #2155, .T. ) ;
#4029 = EDGE_LOOP ( 'NONE', ( #2061, #1267, #6643, #2692 ) ) ;
#4030 = PLANE ( 'NONE',  #1405 ) ;
#4031 = ORIENTED_EDGE ( 'NONE', *, *, #2768, .F. ) ;
#4032 = CARTESIAN_POINT ( 'NONE',  ( 2.363925208911413112, 0.9064290159990538998, -2.433370094563901631 ) ) ;
#4033 = CARTESIAN_POINT ( 'NONE',  ( 5.382960442688832892, 0.9064290159990536777, -1.504252497007030343 ) ) ;
#4034 = CARTESIAN_POINT ( 'NONE',  ( 0.2127895760032332551, 0.8964290159990538909, -0.3346239188737026304 ) ) ;
#4035 = CARTESIAN_POINT ( 'NONE',  ( 3.998307664911055603, 0.9064290159990536777, -2.858054876846180203 ) ) ;
#4036 = ORIENTED_EDGE ( 'NONE', *, *, #3518, .T. ) ;
#4037 = FACE_OUTER_BOUND ( 'NONE', #2647, .T. ) ;
#4038 = DIRECTION ( 'NONE',  ( 1.000000000000000000, 0.0000000000000000000, 0.0000000000000000000 ) ) ;
#4039 = DIRECTION ( 'NONE',  ( -0.4806015670138532592, 0.0000000000000000000, 0.8769390707362905157 ) ) ;
#4040 = DIRECTION ( 'NONE',  ( -1.000000000000000000, 0.0000000000000000000, 0.0000000000000000000 ) ) ;
#4041 = EDGE_CURVE ( 'NONE', #5131, #6668, #2262, .T. ) ;
#4042 = CARTESIAN_POINT ( 'NONE',  ( 0.2619509183151308429, 0.8964290159990538909, -0.4506697278936671602 ) ) ;
#4043 = VECTOR ( 'NONE', #494, 1000.000000000000227 ) ;
#4044 = ADVANCED_FACE ( 'NONE', ( #2741 ), #6408, .T. ) ;
#4045 = EDGE_LOOP ( 'NONE', ( #5929, #4023, #2334, #5585 ) ) ;
#4046 = CARTESIAN_POINT ( 'NONE',  ( 2.523959774811513235, 0.8964290159990534468, -1.496851121982946564 ) ) ;
#4047 = EDGE_CURVE ( 'NONE', #1082, #4193, #1206, .T. ) ;
#4048 = DIRECTION ( 'NONE',  ( 0.4804152582365220914, 0.0000000000000000000, 0.8770411504904065403 ) ) ;
#4049 = VECTOR ( 'NONE', #3813, 1000.000000000000000 ) ;
#4050 = CARTESIAN_POINT ( 'NONE',  ( 4.174999999999998934, -0.01000000000000000021, -1.649999999999999689 ) ) ;
#4051 = DIRECTION ( 'NONE',  ( 0.0000000000000000000, 0.0000000000000000000, -1.000000000000000000 ) ) ;
#4052 = DIRECTION ( 'NONE',  ( -1.000000000000000000, 0.0000000000000000000, 0.0000000000000000000 ) ) ;
#4053 = VECTOR ( 'NONE', #6529, 1000.000000000000000 ) ;
#4054 = ORIENTED_EDGE ( 'NONE', *, *, #3965, .F. ) ;
#4055 = CARTESIAN_POINT ( 'NONE',  ( 0.2146080418045827332, 0.9064290159990535667, -0.3743001757332392598 ) ) ;
#4056 = ORIENTED_EDGE ( 'NONE', *, *, #2000, .F. ) ;
#4057 = EDGE_LOOP ( 'NONE', ( #4369, #1389, #1891, #387 ) ) ;
#4058 = CARTESIAN_POINT ( 'NONE',  ( 0.2999999999999999334, -0.01000000000000000021, -2.425000000000000266 ) ) ;
#4059 = EDGE_CURVE ( 'NONE', #6124, #4288, #2116, .T. ) ;
#4060 = DIRECTION ( 'NONE',  ( -2.168404344971008868E-16, 0.0000000000000000000, -1.000000000000000000 ) ) ;
#4061 = VERTEX_POINT ( 'NONE', #5355 ) ;
#4062 = VERTEX_POINT ( 'NONE', #3750 ) ;
#4063 = CARTESIAN_POINT ( 'NONE',  ( 5.722169844398234950, 0.9064290159990536777, -1.504252497007030343 ) ) ;
#4064 = EDGE_LOOP ( 'NONE', ( #4161, #533, #2572, #1131 ) ) ;
#4065 = PLANE ( 'NONE',  #1093 ) ;
#4066 = CARTESIAN_POINT ( 'NONE',  ( 3.693464415712337523, 0.9064290159990536777, -2.328888210179513862 ) ) ;
#4067 = DIRECTION ( 'NONE',  ( 1.000000000000000000, 0.0000000000000000000, 0.0000000000000000000 ) ) ;
#4068 = EDGE_CURVE ( 'NONE', #3185, #2729, #1112, .T. ) ;
#4069 = LINE ( 'NONE', #6197, #670 ) ;
#4070 = ORIENTED_EDGE ( 'NONE', *, *, #210, .F. ) ;
#4071 = CARTESIAN_POINT ( 'NONE',  ( 2.603280179094247693, 0.9064290159990533446, -1.539889150455816980 ) ) ;
#4072 = LINE ( 'NONE', #3126, #1988 ) ;
#4073 = LINE ( 'NONE', #6805, #2870 ) ;
#4074 = LINE ( 'NONE', #6203, #5605 ) ;
#4075 = CARTESIAN_POINT ( 'NONE',  ( 0.4736111747692767215, 0.9064290159990538998, -0.2968314790406659798 ) ) ;
#4076 = CARTESIAN_POINT ( 'NONE',  ( 2.748252008331904861, 0.9064290159990541218, -2.539251256499447607 ) ) ;
#4077 = EDGE_LOOP ( 'NONE', ( #4896, #3477, #444, #3391 ) ) ;
#4078 = DIRECTION ( 'NONE',  ( 0.0000000000000000000, -0.0000000000000000000, 1.000000000000000000 ) ) ;
#4079 = CARTESIAN_POINT ( 'NONE',  ( 3.474999999999998757, -0.01000000000000000021, -1.649999999999999911 ) ) ;
#4080 = DIRECTION ( 'NONE',  ( 0.0000000000000000000, -0.0000000000000000000, 1.000000000000000000 ) ) ;
#4081 = DIRECTION ( 'NONE',  ( -1.000000000000000000, 0.0000000000000000000, -0.0000000000000000000 ) ) ;
#4082 = EDGE_CURVE ( 'NONE', #216, #5068, #2777, .T. ) ;
#4083 = LINE ( 'NONE', #284, #742 ) ;
#4084 = ORIENTED_EDGE ( 'NONE', *, *, #1184, .T. ) ;
#4085 = CARTESIAN_POINT ( 'NONE',  ( 0.0000000000000000000, 0.0000000000000000000, 0.0000000000000000000 ) ) ;
#4086 = EDGE_LOOP ( 'NONE', ( #3077, #6613, #2952, #3430 ) ) ;
#4087 = ORIENTED_EDGE ( 'NONE', *, *, #173, .F. ) ;
#4088 = CARTESIAN_POINT ( 'NONE',  ( 1.116030114348765423, 0.9064290159990536777, -2.289757013397629049 ) ) ;
#4089 = DIRECTION ( 'NONE',  ( 0.0000000000000000000, -0.0000000000000000000, 1.000000000000000000 ) ) ;
#4090 = ADVANCED_FACE ( 'NONE', ( #4792 ), #26, .T. ) ;
#4091 = ADVANCED_FACE ( 'NONE', ( #3229 ), #1170, .T. ) ;
#4092 = ORIENTED_EDGE ( 'NONE', *, *, #757, .F. ) ;
#4093 = VECTOR ( 'NONE', #4214, 1000.000000000000227 ) ;
#4094 = ORIENTED_EDGE ( 'NONE', *, *, #3102, .T. ) ;
#4095 = DIRECTION ( 'NONE',  ( 0.0000000000000000000, 0.0000000000000000000, -1.000000000000000000 ) ) ;
#4096 = ORIENTED_EDGE ( 'NONE', *, *, #4176, .T. ) ;
#4097 = CARTESIAN_POINT ( 'NONE',  ( 2.707343023906423340, 0.9064290159990536777, -2.285975282667140895 ) ) ;
#4098 = CARTESIAN_POINT ( 'NONE',  ( 2.271540058203998402, 0.9064290159990537887, -2.018936822907837492 ) ) ;
#4099 = DIRECTION ( 'NONE',  ( -0.9663889939276764096, 0.0000000000000000000, 0.2570842515897335256 ) ) ;
#4100 = DIRECTION ( 'NONE',  ( -0.0000000000000000000, -1.000000000000000000, -0.0000000000000000000 ) ) ;
#4101 = ORIENTED_EDGE ( 'NONE', *, *, #5451, .F. ) ;
#4102 = CARTESIAN_POINT ( 'NONE',  ( 2.773917209884121604, 0.8964290159990533358, -1.761100376580655658 ) ) ;
#4103 = ADVANCED_FACE ( 'NONE', ( #1697 ), #4899, .T. ) ;
#4104 =( GEOMETRIC_REPRESENTATION_CONTEXT ( 3 ) GLOBAL_UNCERTAINTY_ASSIGNED_CONTEXT ( ( #1798 ) ) GLOBAL_UNIT_ASSIGNED_CONTEXT ( ( #6381, #456, #3553 ) ) REPRESENTATION_CONTEXT ( 'NONE', 'WORKASPACE' ) );
#4105 = DIRECTION ( 'NONE',  ( -0.5213313868808869822, 0.0000000000000000000, 0.8533543139006510847 ) ) ;
#4106 = DIRECTION ( 'NONE',  ( 0.0000000000000000000, -0.0000000000000000000, 1.000000000000000000 ) ) ;
#4107 = LINE ( 'NONE', #351, #5158 ) ;
#4108 = CARTESIAN_POINT ( 'NONE',  ( 0.3876943767318052347, 0.8964290159990534468, -0.2204862992083796158 ) ) ;
#4109 = VECTOR ( 'NONE', #67, 1000.000000000000000 ) ;
#4110 = AXIS2_PLACEMENT_3D ( 'NONE', #4853, #6890, #3822 ) ;
#4111 = ADVANCED_FACE ( 'NONE', ( #2189 ), #5390, .F. ) ;
#4112 = CARTESIAN_POINT ( 'NONE',  ( 0.4529462474079806178, 0.8964290159990537799, -0.2637892935852448884 ) ) ;
#4113 = ORIENTED_EDGE ( 'NONE', *, *, #6595, .T. ) ;
#4114 = CARTESIAN_POINT ( 'NONE',  ( 4.876181596534986618, 0.9064290159990536777, -2.650819132989342908 ) ) ;
#4115 = LINE ( 'NONE', #1985, #3548 ) ;
#4116 = LINE ( 'NONE', #5159, #1432 ) ;
#4117 = LINE ( 'NONE', #6253, #154 ) ;
#4118 = SURFACE_STYLE_USAGE ( .BOTH. , #4766 ) ;
#4119 = VECTOR ( 'NONE', #2052, 1000.000000000000114 ) ;
#4120 = VERTEX_POINT ( 'NONE', #3933 ) ;
#4121 = DIRECTION ( 'NONE',  ( -0.4804543040264409592, 0.0000000000000000000, 0.8770197613181063279 ) ) ;
#4122 = ORIENTED_EDGE ( 'NONE', *, *, #3834, .F. ) ;
#4123 = EDGE_LOOP ( 'NONE', ( #507, #5937, #6722, #2086 ) ) ;
#4124 = STYLED_ITEM ( 'NONE', ( #2994 ), #5723 ) ;
#4125 = PLANE ( 'NONE',  #877 ) ;
#4126 = DIRECTION ( 'NONE',  ( -0.0000000000000000000, -1.000000000000000000, -0.0000000000000000000 ) ) ;
#4127 = PRESENTATION_LAYER_ASSIGNMENT (  '', '', ( #3672 ) ) ;
#4128 = EDGE_CURVE ( 'NONE', #5410, #3497, #193, .T. ) ;
#4129 = VECTOR ( 'NONE', #1175, 1000.000000000000000 ) ;
#4130 = ORIENTED_EDGE ( 'NONE', *, *, #2324, .F. ) ;
#4131 = ORIENTED_EDGE ( 'NONE', *, *, #815, .F. ) ;
#4132 = DIRECTION ( 'NONE',  ( -0.0000000000000000000, -1.000000000000000000, -0.0000000000000000000 ) ) ;
#4133 = ORIENTED_EDGE ( 'NONE', *, *, #6426, .F. ) ;
#4134 = ADVANCED_FACE ( 'NONE', ( #2948 ), #6690, .T. ) ;
#4135 = CARTESIAN_POINT ( 'NONE',  ( 2.707343023906423340, 0.8964290159990536688, -2.285975282667140895 ) ) ;
#4136 = EDGE_CURVE ( 'NONE', #6258, #632, #1765, .T. ) ;
#4137 = CARTESIAN_POINT ( 'NONE',  ( 2.343988768880530760, 0.9064290159990537887, -1.985052281995777657 ) ) ;
#4138 = DIRECTION ( 'NONE',  ( -0.0000000000000000000, -1.000000000000000000, -0.0000000000000000000 ) ) ;
#4139 = LINE ( 'NONE', #4581, #989 ) ;
#4140 = ORIENTED_EDGE ( 'NONE', *, *, #4914, .T. ) ;
#4141 = CARTESIAN_POINT ( 'NONE',  ( 2.292888024120238732, 0.9064290159990536777, -1.452954363673436777 ) ) ;
#4142 = FACE_OUTER_BOUND ( 'NONE', #6842, .T. ) ;
#4143 = CARTESIAN_POINT ( 'NONE',  ( 5.471154887133277356, 0.9064290159990536777, -2.033419163673696684 ) ) ;
#4144 = DIRECTION ( 'NONE',  ( -1.000000000000000000, 0.0000000000000000000, 0.0000000000000000000 ) ) ;
#4145 = EDGE_CURVE ( 'NONE', #6258, #366, #1806, .T. ) ;
#4146 = CARTESIAN_POINT ( 'NONE',  ( 0.4678824583622008260, 0.8964290159990533358, -0.2853603856417085693 ) ) ;
#4147 = DIRECTION ( 'NONE',  ( 0.4804543040264424580, 0.0000000000000000000, 0.8770197613181054397 ) ) ;
#4148 = ORIENTED_EDGE ( 'NONE', *, *, #4028, .T. ) ;
#4149 = CARTESIAN_POINT ( 'NONE',  ( 0.8926604827490804972, 0.8964290159990536688, -1.452954363673436777 ) ) ;
#4150 = DIRECTION ( 'NONE',  ( -0.4802882638304235008, 0.0000000000000000000, -0.8771107020363836382 ) ) ;
#4151 = CARTESIAN_POINT ( 'NONE',  ( 2.162445225051351727, 0.9064290159990537887, -1.773880918966427300 ) ) ;
#4152 = AXIS2_PLACEMENT_3D ( 'NONE', #5071, #4099, #6232 ) ;
#4153 =( LENGTH_UNIT ( ) NAMED_UNIT ( * ) SI_UNIT ( .MILLI., .METRE. ) );
#4154 = CARTESIAN_POINT ( 'NONE',  ( 3.629247835851226345, 0.9064290159990536777, -2.858054876846180203 ) ) ;
#4155 = VERTEX_POINT ( 'NONE', #4935 ) ;
#4156 = VERTEX_POINT ( 'NONE', #5498 ) ;
#4157 = CARTESIAN_POINT ( 'NONE',  ( 0.2277403498080015631, 0.9064290159990535667, -0.2853574944207963315 ) ) ;
#4158 = DIRECTION ( 'NONE',  ( -0.0000000000000000000, -1.000000000000000000, -0.0000000000000000000 ) ) ;
#4159 = MECHANICAL_DESIGN_GEOMETRIC_PRESENTATION_REPRESENTATION (  '', ( #2384 ), #5046 ) ;
#4160 = VERTEX_POINT ( 'NONE', #2877 ) ;
#4161 = ORIENTED_EDGE ( 'NONE', *, *, #2287, .F. ) ;
#4162 = DIRECTION ( 'NONE',  ( 0.0000000000000000000, 0.0000000000000000000, 1.000000000000000000 ) ) ;
#4163 = ADVANCED_FACE ( 'NONE', ( #719 ), #2294, .T. ) ;
#4164 = EDGE_LOOP ( 'NONE', ( #6312, #1730, #741, #5091 ) ) ;
#4165 = AXIS2_PLACEMENT_3D ( 'NONE', #5691, #3991, #3461 ) ;
#4166 = LINE ( 'NONE', #6300, #4543 ) ;
#4167 = DIRECTION ( 'NONE',  ( -1.000000000000000000, 0.0000000000000000000, 0.0000000000000000000 ) ) ;
#4168 = CARTESIAN_POINT ( 'NONE',  ( 3.888743028158919035, 0.9064290159990536777, -1.504252497007030343 ) ) ;
#4169 = EDGE_CURVE ( 'NONE', #2259, #1008, #2843, .T. ) ;
#4170 = ORIENTED_EDGE ( 'NONE', *, *, #2600, .T. ) ;
#4171 = CARTESIAN_POINT ( 'NONE',  ( 2.747016753663982680, 0.9064290159990538998, -1.690974640526625494 ) ) ;
#4172 = CARTESIAN_POINT ( 'NONE',  ( 5.722169844398234950, 0.8964290159990536688, -1.558526001280534645 ) ) ;
#4173 = CARTESIAN_POINT ( 'NONE',  ( 3.813777750381140752, 0.8964290159990536688, -2.548420294848317447 ) ) ;
#4174 = FACE_OUTER_BOUND ( 'NONE', #2267, .T. ) ;
#4175 = LINE ( 'NONE', #3621, #2114 ) ;
#4176 = EDGE_CURVE ( 'NONE', #4917, #1603, #3967, .T. ) ;
#4177 = EDGE_CURVE ( 'NONE', #3497, #1527, #1303, .T. ) ;
#4178 = ORIENTED_EDGE ( 'NONE', *, *, #466, .F. ) ;
#4179 = LINE ( 'NONE', #6313, #6224 ) ;
#4180 = LINE ( 'NONE', #4562, #1772 ) ;
#4181 = CARTESIAN_POINT ( 'NONE',  ( 3.841868528960200813, 0.8964290159990536688, -2.599619713918829955 ) ) ;
#4182 = DIRECTION ( 'NONE',  ( -0.0000000000000000000, -1.000000000000000000, -0.0000000000000000000 ) ) ;
#4183 = VERTEX_POINT ( 'NONE', #3401 ) ;
#4184 = EDGE_CURVE ( 'NONE', #5641, #5749, #6128, .T. ) ;
#4185 = VERTEX_POINT ( 'NONE', #230 ) ;
#4186 = DIRECTION ( 'NONE',  ( 1.000000000000000000, 0.0000000000000000000, 0.0000000000000000000 ) ) ;
#4187 = DIRECTION ( 'NONE',  ( -0.9294713673588417269, 0.0000000000000000000, -0.3688942629807152040 ) ) ;
#4188 = VERTEX_POINT ( 'NONE', #6623 ) ;
#4189 = FACE_OUTER_BOUND ( 'NONE', #4057, .T. ) ;
#4190 = ORIENTED_EDGE ( 'NONE', *, *, #6736, .T. ) ;
#4191 = CARTESIAN_POINT ( 'NONE',  ( 4.224999999999999645, -0.01000000000000000021, -3.699999999999999734 ) ) ;
#4192 = VECTOR ( 'NONE', #1990, 1000.000000000000000 ) ;
#4193 = VERTEX_POINT ( 'NONE', #1835 ) ;
#4194 = CARTESIAN_POINT ( 'NONE',  ( 0.8926604827490804972, 0.9064290159990536777, -1.452954363673436777 ) ) ;
#4195 = DIRECTION ( 'NONE',  ( 1.000000000000000000, 0.0000000000000000000, 0.0000000000000000000 ) ) ;
#4196 = LINE ( 'NONE', #4788, #1787 ) ;
#4197 = COLOUR_RGB ( '',0.7529411764705882248, 0.7529411764705882248, 0.7529411764705882248 ) ;
#4198 = VERTEX_POINT ( 'NONE', #2913 ) ;
#4199 = ORIENTED_EDGE ( 'NONE', *, *, #4082, .F. ) ;
#4200 = CARTESIAN_POINT ( 'NONE',  ( 2.672844913823359203, 0.8964290159990536688, -1.595485598913622960 ) ) ;
#4201 = LINE ( 'NONE', #481, #6562 ) ;
#4202 = AXIS2_PLACEMENT_3D ( 'NONE', #4837, #2792, #6495 ) ;
#4203 = CARTESIAN_POINT ( 'NONE',  ( 2.755527307020159800, 0.8964290159990536688, -2.468760460994161576 ) ) ;
#4204 = PRESENTATION_LAYER_ASSIGNMENT (  '', '', ( #6438 ) ) ;
#4205 = DIRECTION ( 'NONE',  ( 0.4804543040264410148, 0.0000000000000000000, 0.8770197613181063279 ) ) ;
#4206 =( NAMED_UNIT ( * ) SI_UNIT ( $, .STERADIAN. ) SOLID_ANGLE_UNIT ( ) );
#4207 = VERTEX_POINT ( 'NONE', #6095 ) ;
#4208 = CARTESIAN_POINT ( 'NONE',  ( 3.474999999999998757, 0.0000000000000000000, -0.3000000000000000444 ) ) ;
#4209 = FILL_AREA_STYLE_COLOUR ( '', #2333 ) ;
#4210 = ADVANCED_FACE ( 'NONE', ( #5594 ), #5294, .T. ) ;
#4211 = LINE ( 'NONE', #107, #1033 ) ;
#4212 = EDGE_CURVE ( 'NONE', #6091, #169, #6266, .T. ) ;
#4213 = VECTOR ( 'NONE', #3584, 1000.000000000000114 ) ;
#4214 = DIRECTION ( 'NONE',  ( 0.2578433336118838293, 0.0000000000000000000, 0.9661867393583450925 ) ) ;
#4215 = DIRECTION ( 'NONE',  ( 1.000000000000000000, 0.0000000000000000000, 0.0000000000000000000 ) ) ;
#4216 = ORIENTED_EDGE ( 'NONE', *, *, #3938, .T. ) ;
#4217 =( GEOMETRIC_REPRESENTATION_CONTEXT ( 3 ) GLOBAL_UNCERTAINTY_ASSIGNED_CONTEXT ( ( #3043 ) ) GLOBAL_UNIT_ASSIGNED_CONTEXT ( ( #704, #5580, #4881 ) ) REPRESENTATION_CONTEXT ( 'NONE', 'WORKASPACE' ) );
#4218 = DIRECTION ( 'NONE',  ( -0.4802758347947843065, 0.0000000000000000000, -0.8771175078130484248 ) ) ;
#4219 = VERTEX_POINT ( 'NONE', #373 ) ;
#4220 = CARTESIAN_POINT ( 'NONE',  ( 5.049999999999999822, 0.0000000000000000000, -3.699999999999999734 ) ) ;
#4221 = VECTOR ( 'NONE', #6375, 1000.000000000000114 ) ;
#4222 = CARTESIAN_POINT ( 'NONE',  ( 0.3479760344392396898, 0.9064290159990536777, -0.2153136262670329870 ) ) ;
#4223 = EDGE_CURVE ( 'NONE', #5468, #191, #5761, .T. ) ;
#4224 = VECTOR ( 'NONE', #6068, 1000.000000000000000 ) ;
#4225 = ORIENTED_EDGE ( 'NONE', *, *, #4826, .F. ) ;
#4226 = LINE ( 'NONE', #532, #449 ) ;
#4227 =( GEOMETRIC_REPRESENTATION_CONTEXT ( 3 ) GLOBAL_UNCERTAINTY_ASSIGNED_CONTEXT ( ( #4376 ) ) GLOBAL_UNIT_ASSIGNED_CONTEXT ( ( #6110, #278, #2407 ) ) REPRESENTATION_CONTEXT ( 'NONE', 'WORKASPACE' ) );
#4228 = VERTEX_POINT ( 'NONE', #405 ) ;
#4229 = LINE ( 'NONE', #3779, #2635 ) ;
#4230 = EDGE_LOOP ( 'NONE', ( #5439, #2523, #43, #2186 ) ) ;
#4231 =( GEOMETRIC_REPRESENTATION_CONTEXT ( 3 ) GLOBAL_UNCERTAINTY_ASSIGNED_CONTEXT ( ( #3325 ) ) GLOBAL_UNIT_ASSIGNED_CONTEXT ( ( #4894, #2771, #160 ) ) REPRESENTATION_CONTEXT ( 'NONE', 'WORKASPACE' ) );
#4232 = DIRECTION ( 'NONE',  ( 1.000000000000000000, 0.0000000000000000000, -0.0000000000000000000 ) ) ;
#4233 = DIRECTION ( 'NONE',  ( -0.8534293240197579067, 0.0000000000000000000, -0.5212085848325783699 ) ) ;
#4234 = ADVANCED_FACE ( 'NONE', ( #1539 ), #4065, .T. ) ;
#4235 = CARTESIAN_POINT ( 'NONE',  ( 0.3999774880071459982, 0.8964290159990537799, -0.4708560251788378448 ) ) ;
#4236 = EDGE_CURVE ( 'NONE', #5229, #2196, #5628, .T. ) ;
#4237 = ORIENTED_EDGE ( 'NONE', *, *, #1479, .F. ) ;
#4238 = ORIENTED_EDGE ( 'NONE', *, *, #1873, .T. ) ;
#4239 = CARTESIAN_POINT ( 'NONE',  ( 2.342432162121099282, 0.8964290159990531137, -1.453944572420329262 ) ) ;
#4240 = AXIS2_PLACEMENT_3D ( 'NONE', #6587, #2293, #1805 ) ;
#4241 = CARTESIAN_POINT ( 'NONE',  ( 4.139821587186697016, 0.8964290159990536688, -2.599619713918829955 ) ) ;
#4242 = DIRECTION ( 'NONE',  ( -1.000000000000000000, 0.0000000000000000000, -0.0000000000000000000 ) ) ;
#4243 = CARTESIAN_POINT ( 'NONE',  ( 3.991523476876867260, 0.8964290159990536688, -2.328888210179513862 ) ) ;
#4244 = CARTESIAN_POINT ( 'NONE',  ( 0.8926604827490804972, 0.8964290159990536688, -1.452954363673436777 ) ) ;
#4245 = CARTESIAN_POINT ( 'NONE',  ( 2.731532069857783629, 0.8964290159990535578, -2.334558070265994267 ) ) ;
#4246 = ORIENTED_EDGE ( 'NONE', *, *, #3400, .T. ) ;
#4247 = CARTESIAN_POINT ( 'NONE',  ( 4.733162432539260500, 0.9064290159990536777, -2.033419163673696684 ) ) ;
#4248 = ORIENTED_EDGE ( 'NONE', *, *, #6857, .F. ) ;
#4249 = LINE ( 'NONE', #4626, #5999 ) ;
#4250 = CARTESIAN_POINT ( 'NONE',  ( 2.288363246534351969, 0.8964290159990536688, -2.312106147174927351 ) ) ;
#4251 = EDGE_CURVE ( 'NONE', #3807, #5551, #2464, .T. ) ;
#4252 = CARTESIAN_POINT ( 'NONE',  ( 3.700248603746525422, 0.9064290159990536777, -2.858054876846180203 ) ) ;
#4253 = EDGE_CURVE ( 'NONE', #6609, #5974, #5731, .T. ) ;
#4254 = CARTESIAN_POINT ( 'NONE',  ( 4.167912365765756633, 0.8964290159990536688, -2.650819132989342908 ) ) ;
#4255 = ADVANCED_FACE ( 'NONE', ( #6725 ), #6194, .T. ) ;
#4256 = LINE ( 'NONE', #6459, #6471 ) ;
#4257 = VERTEX_POINT ( 'NONE', #4683 ) ;
#4258 = DIRECTION ( 'NONE',  ( -1.000000000000000000, 0.0000000000000000000, 0.0000000000000000000 ) ) ;
#4259 = DIRECTION ( 'NONE',  ( -0.0000000000000000000, -1.000000000000000000, -0.0000000000000000000 ) ) ;
#4260 = PLANE ( 'NONE',  #4664 ) ;
#4261 = CARTESIAN_POINT ( 'NONE',  ( 2.724999999999999201, -0.01000000000000000021, -1.500000000000000000 ) ) ;
#4262 = CARTESIAN_POINT ( 'NONE',  ( 4.358548049526440593, 0.9064290159990536777, -2.033419163673696684 ) ) ;
#4263 = EDGE_LOOP ( 'NONE', ( #4856, #2234, #3407, #3294 ) ) ;
#4264 = CARTESIAN_POINT ( 'NONE',  ( 6.200000000000000178, 0.0000000000000000000, -3.700000000000000178 ) ) ;
#4265 = ORIENTED_EDGE ( 'NONE', *, *, #5189, .T. ) ;
#4266 = EDGE_CURVE ( 'NONE', #5131, #3398, #4166, .T. ) ;
#4267 = CARTESIAN_POINT ( 'NONE',  ( 4.876181596534986618, 0.9064290159990536777, -2.650819132989342908 ) ) ;
#4268 = EDGE_LOOP ( 'NONE', ( #429, #6014, #3694, #3289 ) ) ;
#4269 = DIRECTION ( 'NONE',  ( -0.0000000000000000000, -1.000000000000000000, -0.0000000000000000000 ) ) ;
#4270 = VECTOR ( 'NONE', #4793, 1000.000000000000114 ) ;
#4271 = DIRECTION ( 'NONE',  ( 1.000000000000000000, 0.0000000000000000000, 0.0000000000000000000 ) ) ;
#4272 = CARTESIAN_POINT ( 'NONE',  ( 2.211336310172248520, 0.9064290159990536777, -2.023816361309370926 ) ) ;
#4273 = ORIENTED_EDGE ( 'NONE', *, *, #337, .T. ) ;
#4274 = VERTEX_POINT ( 'NONE', #4613 ) ;
#4275 = CARTESIAN_POINT ( 'NONE',  ( 2.688441208557196926, 0.8964290159990533358, -2.080781152147423541 ) ) ;
#4276 = DIRECTION ( 'NONE',  ( -1.000000000000000000, 0.0000000000000000000, 0.0000000000000000000 ) ) ;
#4277 = CARTESIAN_POINT ( 'NONE',  ( 0.9813928507553847380, 0.9064290159990536777, -1.773775728921664019 ) ) ;
#4278 = CARTESIAN_POINT ( 'NONE',  ( 1.574999999999999734, -0.01000000000000000021, -2.425000000000000266 ) ) ;
#4279 = CARTESIAN_POINT ( 'NONE',  ( 5.052570485423875546, 0.9064290159990536777, -2.328888210179513862 ) ) ;
#4280 = CARTESIAN_POINT ( 'NONE',  ( 2.755314496048444362, 0.8964290159990536688, -2.456181138667573816 ) ) ;
#4281 = EDGE_LOOP ( 'NONE', ( #5478, #1266, #6184, #1423 ) ) ;
#4282 = ORIENTED_EDGE ( 'NONE', *, *, #4303, .T. ) ;
#4283 = LINE ( 'NONE', #6416, #1646 ) ;
#4284 = CARTESIAN_POINT ( 'NONE',  ( 4.174999999999998934, -0.01000000000000000021, -0.3000000000000000444 ) ) ;
#4285 = LINE ( 'NONE', #3763, #6622 ) ;
#4286 = DIRECTION ( 'NONE',  ( -0.0000000000000000000, -1.000000000000000000, -0.0000000000000000000 ) ) ;
#4287 = CARTESIAN_POINT ( 'NONE',  ( 2.187104429756416835, 0.8964290159990537799, -1.774081781360716814 ) ) ;
#4288 = VERTEX_POINT ( 'NONE', #3182 ) ;
#4289 = DIRECTION ( 'NONE',  ( 2.710505431213760592E-16, 0.0000000000000000000, -1.000000000000000000 ) ) ;
#4290 = DIRECTION ( 'NONE',  ( -0.0000000000000000000, -1.000000000000000000, -0.0000000000000000000 ) ) ;
#4291 = DIRECTION ( 'NONE',  ( 0.9661867393583452035, 0.0000000000000000000, -0.2578433336118838848 ) ) ;
#4292 = DIRECTION ( 'NONE',  ( 0.8771107020363841933, -0.0000000000000000000, 0.4802882638304223906 ) ) ;
#4293 = EDGE_CURVE ( 'NONE', #6714, #711, #5800, .T. ) ;
#4294 = DIRECTION ( 'NONE',  ( -0.0000000000000000000, 1.000000000000000000, -0.0000000000000000000 ) ) ;
#4295 = EDGE_LOOP ( 'NONE', ( #6650, #2809, #3224, #954 ) ) ;
#4296 = CARTESIAN_POINT ( 'NONE',  ( 2.211336310172248520, 0.9064290159990536777, -2.023816361309370926 ) ) ;
#4297 = EDGE_LOOP ( 'NONE', ( #2291, #2819, #5065, #2665 ) ) ;
#4298 = PLANE ( 'NONE',  #6549 ) ;
#4299 = ORIENTED_EDGE ( 'NONE', *, *, #2306, .F. ) ;
#4300 = DIRECTION ( 'NONE',  ( 1.000000000000000000, 0.0000000000000000000, 0.0000000000000000000 ) ) ;
#4301 = EDGE_CURVE ( 'NONE', #3431, #6159, #5418, .T. ) ;
#4302 = FACE_OUTER_BOUND ( 'NONE', #1046, .T. ) ;
#4303 = EDGE_CURVE ( 'NONE', #3124, #469, #19, .T. ) ;
#4304 = CARTESIAN_POINT ( 'NONE',  ( 0.3479760344392396898, 0.9064290159990536777, -0.4802988874070792669 ) ) ;
#4305 = VERTEX_POINT ( 'NONE', #3781 ) ;
#4306 = ORIENTED_EDGE ( 'NONE', *, *, #706, .F. ) ;
#4307 = CARTESIAN_POINT ( 'NONE',  ( 2.437057617979557556, 0.9064290159990536777, -1.468336109875482576 ) ) ;
#4308 = DIRECTION ( 'NONE',  ( -0.9663889939276761876, 0.0000000000000000000, 0.2570842515897343583 ) ) ;
#4309 = DIRECTION ( 'NONE',  ( -0.0000000000000000000, -1.000000000000000000, -0.0000000000000000000 ) ) ;
#4310 = CARTESIAN_POINT ( 'NONE',  ( 3.000000000000000000, 0.0000000000000000000, -2.425000000000001155 ) ) ;
#4311 = VECTOR ( 'NONE', #5685, 1000.000000000000000 ) ;
#4312 = DIRECTION ( 'NONE',  ( 1.000000000000000000, 0.0000000000000000000, 0.0000000000000000000 ) ) ;
#4313 = EDGE_CURVE ( 'NONE', #2461, #1648, #2257, .T. ) ;
#4314 = ORIENTED_EDGE ( 'NONE', *, *, #4350, .T. ) ;
#4315 = CARTESIAN_POINT ( 'NONE',  ( 4.047599031096952515, 0.8964290159990536688, -2.328888210179513862 ) ) ;
#4316 =( GEOMETRIC_REPRESENTATION_CONTEXT ( 3 ) GLOBAL_UNCERTAINTY_ASSIGNED_CONTEXT ( ( #2905 ) ) GLOBAL_UNIT_ASSIGNED_CONTEXT ( ( #6107, #5573, #1594 ) ) REPRESENTATION_CONTEXT ( 'NONE', 'WORKASPACE' ) );
#4317 = ORIENTED_EDGE ( 'NONE', *, *, #542, .T. ) ;
#4318 = COLOUR_RGB ( '',1.000000000000000000, 1.000000000000000000, 1.000000000000000000 ) ;
#4319 = CARTESIAN_POINT ( 'NONE',  ( 4.635576127784987399, 0.9064290159990536777, -2.858054876846180203 ) ) ;
#4320 = CARTESIAN_POINT ( 'NONE',  ( 2.363925208911413112, 0.8964290159990536688, -2.433370094563901631 ) ) ;
#4321 = CARTESIAN_POINT ( 'NONE',  ( 2.379403231276201680, 0.8964290159990537799, -1.885646113616317621 ) ) ;
#4322 = EDGE_CURVE ( 'NONE', #4789, #2173, #3865, .T. ) ;
#4323 = VECTOR ( 'NONE', #1560, 1000.000000000000000 ) ;
#4324 = ADVANCED_FACE ( 'NONE', ( #3290 ), #2626, .T. ) ;
#4325 = LINE ( 'NONE', #2273, #1523 ) ;
#4326 = VERTEX_POINT ( 'NONE', #5273 ) ;
#4327 = CARTESIAN_POINT ( 'NONE',  ( 4.054383219131141303, 0.9064290159990536777, -2.858054876846180203 ) ) ;
#4328 = CARTESIAN_POINT ( 'NONE',  ( 4.196003144344816249, 0.9064290159990536777, -2.599619713918829955 ) ) ;
#4329 = DIRECTION ( 'NONE',  ( -7.228014483236696555E-16, 0.0000000000000000000, 1.000000000000000000 ) ) ;
#4330 = VECTOR ( 'NONE', #2226, 1000.000000000000000 ) ;
#4331 = CARTESIAN_POINT ( 'NONE',  ( 3.629247835851226345, 0.8964290159990536688, -2.858054876846180203 ) ) ;
#4332 = CARTESIAN_POINT ( 'NONE',  ( 0.2839592552820137117, 0.9064290159990536777, -0.4653245745124109378 ) ) ;
#4333 = VECTOR ( 'NONE', #2887, 1000.000000000000000 ) ;
#4334 = COLOUR_RGB ( '',1.000000000000000000, 1.000000000000000000, 1.000000000000000000 ) ;
#4335 = ORIENTED_EDGE ( 'NONE', *, *, #1353, .F. ) ;
#4336 = LINE ( 'NONE', #5972, #5225 ) ;
#4337 = ORIENTED_EDGE ( 'NONE', *, *, #6023, .F. ) ;
#4338 = DIRECTION ( 'NONE',  ( -0.0000000000000000000, -1.000000000000000000, -0.0000000000000000000 ) ) ;
#4339 = EDGE_LOOP ( 'NONE', ( #4813, #6380, #3931, #4317 ) ) ;
#4340 = CARTESIAN_POINT ( 'NONE',  ( 4.755868261866183389, 0.9064290159990536777, -2.328888210179513862 ) ) ;
#4341 = EDGE_CURVE ( 'NONE', #4219, #501, #612, .T. ) ;
#4342 = FACE_BOUND ( 'NONE', #6724, .T. ) ;
#4343 = VECTOR ( 'NONE', #63, 1000.000000000000114 ) ;
#4344 = DIRECTION ( 'NONE',  ( -0.0000000000000000000, -1.000000000000000000, -0.0000000000000000000 ) ) ;
#4345 = VECTOR ( 'NONE', #1686, 1000.000000000000000 ) ;
#4346 = ORIENTED_EDGE ( 'NONE', *, *, #3654, .F. ) ;
#4347 = ADVANCED_FACE ( 'NONE', ( #6475 ), #4817, .F. ) ;
#4348 = ORIENTED_EDGE ( 'NONE', *, *, #1711, .T. ) ;
#4349 = VECTOR ( 'NONE', #936, 1000.000000000000000 ) ;
#4350 = EDGE_CURVE ( 'NONE', #4461, #1738, #502, .T. ) ;
#4351 = LINE ( 'NONE', #6896, #3570 ) ;
#4352 = CARTESIAN_POINT ( 'NONE',  ( 4.996388928265756313, 0.9064290159990536777, -2.328888210179513862 ) ) ;
#4353 = CARTESIAN_POINT ( 'NONE',  ( 4.205903818757208867, 0.9064290159990536777, -1.647992480981389285 ) ) ;
#4354 = VECTOR ( 'NONE', #970, 1000.000000000000000 ) ;
#4355 = PLANE ( 'NONE',  #4666 ) ;
#4356 = LINE ( 'NONE', #5953, #3835 ) ;
#4357 = DIRECTION ( 'NONE',  ( -0.8771175078130485359, 0.0000000000000000000, 0.4802758347947843065 ) ) ;
#4358 = PRESENTATION_LAYER_ASSIGNMENT (  '', '', ( #1117 ) ) ;
#4359 = ORIENTED_EDGE ( 'NONE', *, *, #354, .F. ) ;
#4360 = ORIENTED_EDGE ( 'NONE', *, *, #1941, .F. ) ;
#4361 = DIRECTION ( 'NONE',  ( 0.0000000000000000000, 0.0000000000000000000, 1.000000000000000000 ) ) ;
#4362 = EDGE_CURVE ( 'NONE', #5819, #5627, #1086, .T. ) ;
#4363 = DIRECTION ( 'NONE',  ( 0.5212085848325783699, 0.0000000000000000000, -0.8534293240197579067 ) ) ;
#4364 = CARTESIAN_POINT ( 'NONE',  ( 1.116030114348765423, 0.9064290159990536777, -2.289757013397629049 ) ) ;
#4365 = DIRECTION ( 'NONE',  ( -0.0000000000000000000, -1.000000000000000000, -0.0000000000000000000 ) ) ;
#4366 = PLANE ( 'NONE',  #5791 ) ;
#4367 = EDGE_LOOP ( 'NONE', ( #3172, #4571, #2784, #2282 ) ) ;
#4368 = PLANE ( 'NONE',  #2790 ) ;
#4369 = ORIENTED_EDGE ( 'NONE', *, *, #6646, .F. ) ;
#4370 = LINE ( 'NONE', #1289, #6011 ) ;
#4371 = DIRECTION ( 'NONE',  ( -0.0000000000000000000, 0.0000000000000000000, -1.000000000000000000 ) ) ;
#4372 = CARTESIAN_POINT ( 'NONE',  ( 0.2345503835267592208, 0.8964290159990537799, -0.4212816971258815935 ) ) ;
#4373 = VERTEX_POINT ( 'NONE', #3219 ) ;
#4374 = DIRECTION ( 'NONE',  ( -0.0000000000000000000, -1.000000000000000000, -0.0000000000000000000 ) ) ;
#4375 = ORIENTED_EDGE ( 'NONE', *, *, #4430, .T. ) ;
#4376 = UNCERTAINTY_MEASURE_WITH_UNIT (LENGTH_MEASURE( 1.000000000000000082E-05 ), #6110, 'distance_accuracy_value', 'NONE');
#4377 = ORIENTED_EDGE ( 'NONE', *, *, #5252, .F. ) ;
#4378 = CARTESIAN_POINT ( 'NONE',  ( 3.625749738896097973, 0.8964290159990536688, -2.033419163673696684 ) ) ;
#4379 = CARTESIAN_POINT ( 'NONE',  ( 4.924999999999998934, -0.01000000000000000021, -0.3000000000000002109 ) ) ;
#4380 = DIRECTION ( 'NONE',  ( -0.0000000000000000000, -1.000000000000000000, -0.0000000000000000000 ) ) ;
#4381 = ORIENTED_EDGE ( 'NONE', *, *, #4322, .F. ) ;
#4382 = ADVANCED_FACE ( 'NONE', ( #5943 ), #5348, .T. ) ;
#4383 = EDGE_LOOP ( 'NONE', ( #4084, #5658, #6003, #4644 ) ) ;
#4384 = CARTESIAN_POINT ( 'NONE',  ( 0.4777486174657314399, 0.8964290159990538909, -0.3867769908466572315 ) ) ;
#4385 = VECTOR ( 'NONE', #4564, 1000.000000000000000 ) ;
#4386 = DIRECTION ( 'NONE',  ( -0.8771175078130469815, 0.0000000000000000000, 0.4802758347947869710 ) ) ;
#4387 = CARTESIAN_POINT ( 'NONE',  ( 2.307785245863501977, 0.8964290159990535578, -2.321516917035167271 ) ) ;
#4388 = CARTESIAN_POINT ( 'NONE',  ( 4.224999999999999645, 0.0000000000000000000, -3.699999999999999734 ) ) ;
#4389 = LINE ( 'NONE', #6902, #3666 ) ;
#4390 = EDGE_CURVE ( 'NONE', #3287, #5819, #190, .T. ) ;
#4391 = COLOUR_RGB ( '',1.000000000000000000, 1.000000000000000000, 1.000000000000000000 ) ;
#4392 = VERTEX_POINT ( 'NONE', #6645 ) ;
#4393 = LINE ( 'NONE', #4315, #3457 ) ;
#4394 = EDGE_LOOP ( 'NONE', ( #3757, #4742, #5386, #2840 ) ) ;
#4395 = LINE ( 'NONE', #2678, #867 ) ;
#4396 = DIRECTION ( 'NONE',  ( -0.0000000000000000000, 1.000000000000000000, -0.0000000000000000000 ) ) ;
#4397 = PLANE ( 'NONE',  #5716 ) ;
#4398 = EDGE_CURVE ( 'NONE', #910, #472, #713, .T. ) ;
#4399 = CARTESIAN_POINT ( 'NONE',  ( 4.924999999999998934, -0.01000000000000000021, -1.635000000000000231 ) ) ;
#4400 =( LENGTH_UNIT ( ) NAMED_UNIT ( * ) SI_UNIT ( .MILLI., .METRE. ) );
#4401 = ORIENTED_EDGE ( 'NONE', *, *, #5098, .F. ) ;
#4402 = CARTESIAN_POINT ( 'NONE',  ( 5.049999999999999822, -0.01000000000000000021, -2.364999999999998881 ) ) ;
#4403 = DIRECTION ( 'NONE',  ( 0.4064626212421026397, -0.0000000000000000000, 0.9136674107863315131 ) ) ;
#4404 = PLANE ( 'NONE',  #4812 ) ;
#4405 = CARTESIAN_POINT ( 'NONE',  ( 0.4229232916042937607, 0.9064290159990537887, -0.2369197137246732143 ) ) ;
#4406 = VERTEX_POINT ( 'NONE', #2418 ) ;
#4407 = EDGE_CURVE ( 'NONE', #1656, #6741, #2837, .T. ) ;
#4408 = DIRECTION ( 'NONE',  ( -0.0000000000000000000, -1.000000000000000000, -0.0000000000000000000 ) ) ;
#4409 = VERTEX_POINT ( 'NONE', #2939 ) ;
#4410 = ORIENTED_EDGE ( 'NONE', *, *, #2013, .T. ) ;
#4411 = FACE_BOUND ( 'NONE', #3710, .T. ) ;
#4412 = PLANE ( 'NONE',  #5459 ) ;
#4413 = EDGE_LOOP ( 'NONE', ( #6060, #188, #1192, #5285 ) ) ;
#4414 = ORIENTED_EDGE ( 'NONE', *, *, #706, .T. ) ;
#4415 = CARTESIAN_POINT ( 'NONE',  ( 0.4529073057338492969, 0.8964290159990537799, -0.4317229660195057717 ) ) ;
#4416 = CARTESIAN_POINT ( 'NONE',  ( 2.359867328214653170, 0.8964290159990536688, -2.394566745818370368 ) ) ;
#4417 = CARTESIAN_POINT ( 'NONE',  ( 4.224999999999999645, -0.01000000000000000021, -3.699999999999999734 ) ) ;
#4418 = ORIENTED_EDGE ( 'NONE', *, *, #133, .T. ) ;
#4419 = CARTESIAN_POINT ( 'NONE',  ( 4.139821587186697016, 0.9064290159990536777, -2.599619713918829955 ) ) ;
#4420 = ORIENTED_EDGE ( 'NONE', *, *, #2274, .T. ) ;
#4421 = CARTESIAN_POINT ( 'NONE',  ( 4.989710743169601947, 0.8964290159990536688, -2.858054876846180203 ) ) ;
#4422 = CARTESIAN_POINT ( 'NONE',  ( 5.036966852945243822, 0.9064290159990536777, -2.033419163673696684 ) ) ;
#4423 = ORIENTED_EDGE ( 'NONE', *, *, #2495, .F. ) ;
#4424 = VECTOR ( 'NONE', #769, 1000.000000000000000 ) ;
#4425 = DIRECTION ( 'NONE',  ( 0.0000000000000000000, 0.0000000000000000000, -1.000000000000000000 ) ) ;
#4426 = VECTOR ( 'NONE', #5291, 1000.000000000000000 ) ;
#4427 = CARTESIAN_POINT ( 'NONE',  ( 4.728286297389687753, 0.9064290159990536777, -1.908971714421560328 ) ) ;
#4428 = ADVANCED_FACE ( 'NONE', ( #5488 ), #5975, .F. ) ;
#4429 = VERTEX_POINT ( 'NONE', #1727 ) ;
#4430 = EDGE_CURVE ( 'NONE', #2196, #4326, #6017, .T. ) ;
#4431 = DIRECTION ( 'NONE',  ( -0.0000000000000000000, -1.000000000000000000, -0.0000000000000000000 ) ) ;
#4432 = FACE_BOUND ( 'NONE', #5261, .T. ) ;
#4433 = LINE ( 'NONE', #3388, #4385 ) ;
#4434 = PLANE ( 'NONE',  #2007 ) ;
#4435 = VECTOR ( 'NONE', #4004, 1000.000000000000000 ) ;
#4436 = ORIENTED_EDGE ( 'NONE', *, *, #5493, .T. ) ;
#4437 = LINE ( 'NONE', #6576, #879 ) ;
#4438 = ORIENTED_EDGE ( 'NONE', *, *, #1115, .F. ) ;
#4439 = VECTOR ( 'NONE', #1492, 1000.000000000000114 ) ;
#4440 = VERTEX_POINT ( 'NONE', #738 ) ;
#4441 = CARTESIAN_POINT ( 'NONE',  ( 0.0000000000000000000, 0.8964290159990536688, 0.0000000000000000000 ) ) ;
#4442 = SURFACE_STYLE_USAGE ( .BOTH. , #779 ) ;
#4443 = VECTOR ( 'NONE', #2427, 1000.000000000000000 ) ;
#4444 = ORIENTED_EDGE ( 'NONE', *, *, #4608, .T. ) ;
#4445 = ORIENTED_EDGE ( 'NONE', *, *, #2674, .F. ) ;
#4446 = CARTESIAN_POINT ( 'NONE',  ( 2.782198307808182225, 0.8964290159990534468, -1.835837096139945945 ) ) ;
#4447 = DIRECTION ( 'NONE',  ( 0.0000000000000000000, 0.0000000000000000000, -1.000000000000000000 ) ) ;
#4448 = CARTESIAN_POINT ( 'NONE',  ( 4.174999999999998934, -0.01000000000000000021, -0.3000000000000000444 ) ) ;
#4449 = FILL_AREA_STYLE_COLOUR ( '', #4391 ) ;
#4450 = ADVANCED_FACE ( 'NONE', ( #2389 ), #2869, .T. ) ;
#4451 = LINE ( 'NONE', #3937, #4224 ) ;
#4452 = VERTEX_POINT ( 'NONE', #1758 ) ;
#4453 = CARTESIAN_POINT ( 'NONE',  ( 4.047853438148234950, 0.8964290159990536688, -2.033419163673696684 ) ) ;
#4454 = COLOUR_RGB ( '',0.7529411764705882248, 0.7529411764705882248, 0.7529411764705882248 ) ;
#4455 = DIRECTION ( 'NONE',  ( -0.0000000000000000000, -1.000000000000000000, -0.0000000000000000000 ) ) ;
#4456 = PLANE ( 'NONE',  #4870 ) ;
#4457 = VECTOR ( 'NONE', #5541, 1000.000000000000000 ) ;
#4458 = LINE ( 'NONE', #276, #3712 ) ;
#4459 = SURFACE_SIDE_STYLE ('',( #3030 ) ) ;
#4460 = EDGE_CURVE ( 'NONE', #65, #1491, #776, .T. ) ;
#4461 = VERTEX_POINT ( 'NONE', #3887 ) ;
#4462 = CARTESIAN_POINT ( 'NONE',  ( 2.747016753663982680, 0.8964290159990538909, -1.690974640526625494 ) ) ;
#4463 = FACE_OUTER_BOUND ( 'NONE', #4045, .T. ) ;
#4464 = CARTESIAN_POINT ( 'NONE',  ( 2.729533321770541310, 0.9064290159990538998, -2.027751531873664526 ) ) ;
#4465 = LINE ( 'NONE', #3917, #4701 ) ;
#4466 = EDGE_CURVE ( 'NONE', #65, #3414, #3361, .T. ) ;
#4467 = VERTEX_POINT ( 'NONE', #5588 ) ;
#4468 = PLANE ( 'NONE',  #1333 ) ;
#4469 = ORIENTED_EDGE ( 'NONE', *, *, #1702, .T. ) ;
#4470 = ORIENTED_EDGE ( 'NONE', *, *, #1489, .F. ) ;
#4471 = CARTESIAN_POINT ( 'NONE',  ( 2.638462628433889456, 0.9064290159990537887, -2.209079730541711584 ) ) ;
#4472 = PLANE ( 'NONE',  #6274 ) ;
#4473 = ORIENTED_EDGE ( 'NONE', *, *, #5022, .T. ) ;
#4474 = EDGE_CURVE ( 'NONE', #2173, #3185, #805, .T. ) ;
#4475 = ORIENTED_EDGE ( 'NONE', *, *, #6661, .F. ) ;
#4476 = CARTESIAN_POINT ( 'NONE',  ( 0.4436565924557854257, 0.8964290159990537799, -0.4415840157076394434 ) ) ;
#4477 = CARTESIAN_POINT ( 'NONE',  ( 4.408517834515755851, 0.9064290159990536777, -2.858054876846180203 ) ) ;
#4478 = CARTESIAN_POINT ( 'NONE',  ( 4.728286297389687753, 0.9064290159990536777, -1.908971714421560328 ) ) ;
#4479 = VECTOR ( 'NONE', #2620, 1000.000000000000000 ) ;
#4480 = DIRECTION ( 'NONE',  ( 0.0000000000000000000, -1.000000000000000000, 0.0000000000000000000 ) ) ;
#4481 = CARTESIAN_POINT ( 'NONE',  ( 3.339329800327722531, 0.9064290159990536777, -2.328888210179513862 ) ) ;
#4482 = VERTEX_POINT ( 'NONE', #4058 ) ;
#4483 = VECTOR ( 'NONE', #2614, 1000.000000000000000 ) ;
#4484 = EDGE_CURVE ( 'NONE', #6756, #2500, #1997, .T. ) ;
#4485 = CARTESIAN_POINT ( 'NONE',  ( 4.642254312881140876, 0.9064290159990536777, -2.328888210179513862 ) ) ;
#4486 = LINE ( 'NONE', #4973, #212 ) ;
#4487 = CARTESIAN_POINT ( 'NONE',  ( 4.049867493970884524, 0.9064290159990536777, -1.908971714421560328 ) ) ;
#4488 = VECTOR ( 'NONE', #5916, 1000.000000000000000 ) ;
#4489 =( NAMED_UNIT ( * ) PLANE_ANGLE_UNIT ( ) SI_UNIT ( $, .RADIAN. ) );
#4490 = EDGE_LOOP ( 'NONE', ( #6405, #4548, #2666, #219 ) ) ;
#4491 = VECTOR ( 'NONE', #4271, 1000.000000000000000 ) ;
#4492 = CARTESIAN_POINT ( 'NONE',  ( 2.773917209884121604, 0.8964290159990535578, -1.761100376580655658 ) ) ;
#4493 = DIRECTION ( 'NONE',  ( -0.4802882638304222795, 0.0000000000000000000, 0.8771107020363840823 ) ) ;
#4494 = CARTESIAN_POINT ( 'NONE',  ( 2.724999999999999201, -0.01000000000000000021, -0.3000000000000000999 ) ) ;
#4495 = CARTESIAN_POINT ( 'NONE',  ( 4.419605741834132573, 0.9064290159990536777, -2.033419163673696684 ) ) ;
#4496 = CARTESIAN_POINT ( 'NONE',  ( 6.174999999999998934, -0.01000000000000000021, -0.3000000000000000444 ) ) ;
#4497 = VERTEX_POINT ( 'NONE', #430 ) ;
#4498 = CARTESIAN_POINT ( 'NONE',  ( 2.324999999999998845, -0.01000000000000000021, -0.3000000000000002109 ) ) ;
#4499 = ORIENTED_EDGE ( 'NONE', *, *, #6507, .F. ) ;
#4500 = EDGE_LOOP ( 'NONE', ( #2731, #853, #874, #5997, #1609 ) ) ;
#4501 = CARTESIAN_POINT ( 'NONE',  ( 2.724999999999999201, 0.0000000000000000000, -1.500000000000000000 ) ) ;
#4502 = LINE ( 'NONE', #5621, #1720 ) ;
#4503 = ORIENTED_EDGE ( 'NONE', *, *, #2942, .F. ) ;
#4504 = ORIENTED_EDGE ( 'NONE', *, *, #1283, .T. ) ;
#4505 = FACE_OUTER_BOUND ( 'NONE', #983, .T. ) ;
#4506 = ADVANCED_FACE ( 'NONE', ( #2457 ), #4125, .T. ) ;
#4507 = CARTESIAN_POINT ( 'NONE',  ( 2.755314496048444362, 0.8964290159990536688, -2.456181138667573816 ) ) ;
#4508 = EDGE_CURVE ( 'NONE', #1924, #1324, #1429, .T. ) ;
#4509 = CARTESIAN_POINT ( 'NONE',  ( 2.232658947348486134, 0.8964290159990536688, -2.023615727269730602 ) ) ;
#4510 = LINE ( 'NONE', #6728, #3824 ) ;
#4511 = DIRECTION ( 'NONE',  ( 0.2607351442216253590, 0.0000000000000000000, -0.9654103710690744578 ) ) ;
#4512 = VERTEX_POINT ( 'NONE', #6716 ) ;
#4513 = DIRECTION ( 'NONE',  ( -0.8771107020363828610, 0.0000000000000000000, 0.4802882638304245555 ) ) ;
#4514 = CARTESIAN_POINT ( 'NONE',  ( 4.989710743169601947, 0.9064290159990536777, -2.858054876846180203 ) ) ;
#4515 = CARTESIAN_POINT ( 'NONE',  ( 3.693464415712337523, 0.8964290159990536688, -2.328888210179513862 ) ) ;
#4516 = CARTESIAN_POINT ( 'NONE',  ( 2.781971102470304658, 0.9064290159990535667, -1.845927833288978359 ) ) ;
#4517 = ADVANCED_FACE ( 'NONE', ( #1929 ), #2557, .T. ) ;
#4518 = DIRECTION ( 'NONE',  ( -1.000000000000000000, 0.0000000000000000000, 0.0000000000000000000 ) ) ;
#4519 = LINE ( 'NONE', #6667, #887 ) ;
#4520 = ORIENTED_EDGE ( 'NONE', *, *, #3069, .T. ) ;
#4521 = CARTESIAN_POINT ( 'NONE',  ( 2.390711564474808259, 0.8964290159990538909, -1.459468488195816871 ) ) ;
#4522 = CARTESIAN_POINT ( 'NONE',  ( 4.493956202571311564, 0.8964290159990536688, -2.599619713918829955 ) ) ;
#4523 = CARTESIAN_POINT ( 'NONE',  ( 4.762652449900371288, 0.9064290159990536777, -2.858054876846180203 ) ) ;
#4524 = DIRECTION ( 'NONE',  ( 0.4804543040264410148, 0.0000000000000000000, -0.8770197613181063279 ) ) ;
#4525 = ADVANCED_FACE ( 'NONE', ( #5168 ), #6784, .T. ) ;
#4526 =( GEOMETRIC_REPRESENTATION_CONTEXT ( 3 ) GLOBAL_UNCERTAINTY_ASSIGNED_CONTEXT ( ( #5133 ) ) GLOBAL_UNIT_ASSIGNED_CONTEXT ( ( #5270, #5379, #6856 ) ) REPRESENTATION_CONTEXT ( 'NONE', 'WORKASPACE' ) );
#4527 = CARTESIAN_POINT ( 'NONE',  ( 3.813777750381140752, 0.9064290159990536777, -2.650819132989342908 ) ) ;
#4528 = EDGE_LOOP ( 'NONE', ( #6635, #4101, #675, #2316 ) ) ;
#4529 = LINE ( 'NONE', #4020, #3342 ) ;
#4530 = ORIENTED_EDGE ( 'NONE', *, *, #1932, .T. ) ;
#4531 = ORIENTED_EDGE ( 'NONE', *, *, #2266, .F. ) ;
#4532 = CARTESIAN_POINT ( 'NONE',  ( 3.888743028158919035, 0.9064290159990536777, -1.504252497007030343 ) ) ;
#4533 = DIRECTION ( 'NONE',  ( -0.8770411504904065403, 0.0000000000000000000, -0.4804152582365220359 ) ) ;
#4534 = VECTOR ( 'NONE', #6804, 1000.000000000000227 ) ;
#4535 = VERTEX_POINT ( 'NONE', #6260 ) ;
#4536 = ORIENTED_EDGE ( 'NONE', *, *, #1007, .T. ) ;
#4537 = DIRECTION ( 'NONE',  ( 1.000000000000000000, 0.0000000000000000000, -0.0000000000000000000 ) ) ;
#4538 = ADVANCED_FACE ( 'NONE', ( #5232 ), #6293, .T. ) ;
#4539 = ORIENTED_EDGE ( 'NONE', *, *, #2516, .T. ) ;
#4540 = CARTESIAN_POINT ( 'NONE',  ( 4.401733646481568840, 0.8964290159990536688, -2.328888210179513862 ) ) ;
#4541 = PLANE ( 'NONE',  #6618 ) ;
#4542 = PLANE ( 'NONE',  #4697 ) ;
#4543 = VECTOR ( 'NONE', #1507, 1000.000000000000000 ) ;
#4544 = LINE ( 'NONE', #3501, #5453 ) ;
#4545 = EDGE_CURVE ( 'NONE', #4061, #6432, #330, .T. ) ;
#4546 = EDGE_CURVE ( 'NONE', #123, #2970, #398, .T. ) ;
#4547 = CARTESIAN_POINT ( 'NONE',  ( 1.574999999999999734, 0.0000000000000000000, -3.700000000000000178 ) ) ;
#4548 = ORIENTED_EDGE ( 'NONE', *, *, #3843, .F. ) ;
#4549 = AXIS2_PLACEMENT_3D ( 'NONE', #75, #2204, #4329 ) ;
#4550 = CARTESIAN_POINT ( 'NONE',  ( 3.463035229013619265, 0.9064290159990536777, -1.504252497007030343 ) ) ;
#4551 = CARTESIAN_POINT ( 'NONE',  ( 5.131945485423875297, 0.9064290159990536777, -2.033419163673696684 ) ) ;
#4552 = LINE ( 'NONE', #1911, #199 ) ;
#4553 = VECTOR ( 'NONE', #5840, 1000.000000000000114 ) ;
#4554 = CARTESIAN_POINT ( 'NONE',  ( 2.269681905621078855, 0.9064290159990538998, -2.542381764113867071 ) ) ;
#4555 = CARTESIAN_POINT ( 'NONE',  ( 0.2127905736588771024, 0.9064290159990537887, -0.3613071089512235323 ) ) ;
#4556 = VECTOR ( 'NONE', #674, 1000.000000000000000 ) ;
#4557 = LINE ( 'NONE', #2374, #6213 ) ;
#4558 = ADVANCED_FACE ( 'NONE', ( #4024 ), #2685, .T. ) ;
#4559 = LINE ( 'NONE', #2023, #4569 ) ;
#4560 = ORIENTED_EDGE ( 'NONE', *, *, #6499, .F. ) ;
#4561 = DIRECTION ( 'NONE',  ( 0.0000000000000000000, 0.0000000000000000000, -1.000000000000000000 ) ) ;
#4562 = CARTESIAN_POINT ( 'NONE',  ( 3.785686971802081136, 0.9064290159990536777, -2.599619713918829955 ) ) ;
#4563 = LINE ( 'NONE', #4629, #3668 ) ;
#4564 = DIRECTION ( 'NONE',  ( -1.000000000000000000, 0.0000000000000000000, 0.0000000000000000000 ) ) ;
#4565 = VECTOR ( 'NONE', #2415, 1000.000000000000000 ) ;
#4566 = DIRECTION ( 'NONE',  ( -0.8770197613181063279, 0.0000000000000000000, -0.4804543040264409592 ) ) ;
#4567 = ORIENTED_EDGE ( 'NONE', *, *, #4322, .T. ) ;
#4568 = DIRECTION ( 'NONE',  ( -0.0000000000000000000, 1.000000000000000000, -0.0000000000000000000 ) ) ;
#4569 = VECTOR ( 'NONE', #998, 1000.000000000000000 ) ;
#4570 = ORIENTED_EDGE ( 'NONE', *, *, #1882, .T. ) ;
#4571 = ORIENTED_EDGE ( 'NONE', *, *, #6823, .F. ) ;
#4572 = DIRECTION ( 'NONE',  ( -1.000000000000000000, 0.0000000000000000000, -0.0000000000000000000 ) ) ;
#4573 = FACE_OUTER_BOUND ( 'NONE', #1280, .T. ) ;
#4574 = VERTEX_POINT ( 'NONE', #4220 ) ;
#4575 = EDGE_LOOP ( 'NONE', ( #514, #3636, #6087, #1334, #6527, #3007, #3181, #1113, #5278, #3970, #56, #497 ) ) ;
#4576 = FACE_OUTER_BOUND ( 'NONE', #4077, .T. ) ;
#4577 = EDGE_LOOP ( 'NONE', ( #515, #4335, #1547, #4503, #1636, #6088 ) ) ;
#4578 = CARTESIAN_POINT ( 'NONE',  ( 5.179434801663192367, 0.8964290159990536688, -2.033419163673696684 ) ) ;
#4579 = CARTESIAN_POINT ( 'NONE',  ( 2.330304148842740730, 0.8964290159990534468, -1.996336838423088844 ) ) ;
#4580 = CARTESIAN_POINT ( 'NONE',  ( 4.726272241567038179, 0.9064290159990536777, -2.033419163673696684 ) ) ;
#4581 = CARTESIAN_POINT ( 'NONE',  ( 4.988417507325585198, 0.9064290159990536777, -2.033419163673696684 ) ) ;
#4582 = ORIENTED_EDGE ( 'NONE', *, *, #1846, .F. ) ;
#4583 = CARTESIAN_POINT ( 'NONE',  ( 2.523959774811513235, 0.9064290159990534557, -1.496851121982946564 ) ) ;
#4584 = VECTOR ( 'NONE', #164, 1000.000000000000000 ) ;
#4585 = LINE ( 'NONE', #5736, #2652 ) ;
#4586 = DIRECTION ( 'NONE',  ( -0.4802758347947869710, 0.0000000000000000000, -0.8771175078130469815 ) ) ;
#4587 = CARTESIAN_POINT ( 'NONE',  ( 2.340082040040679878, 0.8964290159990536688, -2.497384992724724917 ) ) ;
#4588 = CARTESIAN_POINT ( 'NONE',  ( 0.4678824583622008260, 0.9064290159990533446, -0.2853603856417085693 ) ) ;
#4589 = VECTOR ( 'NONE', #1322, 1000.000000000000000 ) ;
#4590 = CARTESIAN_POINT ( 'NONE',  ( 2.683245108800997425, 0.8964290159990537799, -2.675004799086445395 ) ) ;
#4591 = CARTESIAN_POINT ( 'NONE',  ( 3.474999999999998757, -0.01000000000000000021, -0.3000000000000000444 ) ) ;
#4592 = ORIENTED_EDGE ( 'NONE', *, *, #6547, .T. ) ;
#4593 = DIRECTION ( 'NONE',  ( 0.0000000000000000000, 0.0000000000000000000, -1.000000000000000000 ) ) ;
#4594 = CARTESIAN_POINT ( 'NONE',  ( 4.560377643543533921, 0.9064290159990536777, -1.504252497007030343 ) ) ;
#4595 = EDGE_CURVE ( 'NONE', #6820, #701, #1572, .T. ) ;
#4596 = AXIS2_PLACEMENT_3D ( 'NONE', #5218, #3509, #6807 ) ;
#4597 = LINE ( 'NONE', #4014, #2340 ) ;
#4598 = CARTESIAN_POINT ( 'NONE',  ( 2.362515761265659542, 0.9064290159990536777, -2.455903559816821069 ) ) ;
#4599 = ADVANCED_FACE ( 'NONE', ( #5335 ), #2097, .T. ) ;
#4600 = FACE_OUTER_BOUND ( 'NONE', #6085, .T. ) ;
#4601 = VECTOR ( 'NONE', #2042, 1000.000000000000000 ) ;
#4602 = EDGE_LOOP ( 'NONE', ( #1435, #4858, #6510, #1327 ) ) ;
#4603 = CARTESIAN_POINT ( 'NONE',  ( 0.2277772049626180517, 0.9064290159990535667, -0.4102709329366120428 ) ) ;
#4604 = ORIENTED_EDGE ( 'NONE', *, *, #5779, .T. ) ;
#4605 = ORIENTED_EDGE ( 'NONE', *, *, #5572, .T. ) ;
#4606 = CARTESIAN_POINT ( 'NONE',  ( 4.706576895680285588, 0.9064290159990536777, -2.858054876846180203 ) ) ;
#4607 = LINE ( 'NONE', #6755, #5705 ) ;
#4608 = EDGE_CURVE ( 'NONE', #3638, #5277, #1154, .T. ) ;
#4609 = ORIENTED_EDGE ( 'NONE', *, *, #6740, .T. ) ;
#4610 = ORIENTED_EDGE ( 'NONE', *, *, #1208, .F. ) ;
#4611 = FACE_OUTER_BOUND ( 'NONE', #576, .T. ) ;
#4612 = ORIENTED_EDGE ( 'NONE', *, *, #2047, .F. ) ;
#4613 = CARTESIAN_POINT ( 'NONE',  ( 5.179434801663192367, 0.9064290159990536777, -2.033419163673696684 ) ) ;
#4614 = CARTESIAN_POINT ( 'NONE',  ( 4.419605741834132573, 0.9064290159990536777, -2.033419163673696684 ) ) ;
#4615 = DIRECTION ( 'NONE',  ( -0.0000000000000000000, -1.000000000000000000, -0.0000000000000000000 ) ) ;
#4616 = ADVANCED_FACE ( 'NONE', ( #569 ), #4260, .T. ) ;
#4617 = CARTESIAN_POINT ( 'NONE',  ( 4.054743629120457271, 0.8964290159990536688, -2.033419163673696684 ) ) ;
#4618 = EDGE_LOOP ( 'NONE', ( #6574, #3304, #3524, #6460 ) ) ;
#4619 = CARTESIAN_POINT ( 'NONE',  ( 2.762924536945670084, 0.9064290159990535667, -1.725381821735456622 ) ) ;
#4620 = CARTESIAN_POINT ( 'NONE',  ( 2.324999999999998845, -0.01000000000000000021, -1.500000000000000000 ) ) ;
#4621 = DIRECTION ( 'NONE',  ( -0.4804152582365220359, 0.0000000000000000000, -0.8770411504904065403 ) ) ;
#4622 = CARTESIAN_POINT ( 'NONE',  ( 6.174999999999998934, 0.0000000000000000000, -1.635000000000000231 ) ) ;
#4623 = CARTESIAN_POINT ( 'NONE',  ( 0.4832289281461383257, 0.9064290159990536777, -0.3480185847706619429 ) ) ;
#4624 = CARTESIAN_POINT ( 'NONE',  ( 0.3479760344392396898, 0.8964290159990536688, -0.2153136262670329870 ) ) ;
#4625 = EDGE_LOOP ( 'NONE', ( #641, #71, #6557, #2774 ) ) ;
#4626 = CARTESIAN_POINT ( 'NONE',  ( 5.131945485423875297, 0.9064290159990536777, -1.504252497007030343 ) ) ;
#4627 = CARTESIAN_POINT ( 'NONE',  ( 2.292888024120238732, 0.9064290159990536777, -1.452954363673436777 ) ) ;
#4628 = EDGE_CURVE ( 'NONE', #2970, #5305, #4772, .T. ) ;
#4629 = CARTESIAN_POINT ( 'NONE',  ( 6.200000000000000178, 0.0000000000000000000, -2.364999999999998881 ) ) ;
#4630 = DIRECTION ( 'NONE',  ( -0.0000000000000000000, 1.000000000000000000, -0.0000000000000000000 ) ) ;
#4631 = EDGE_CURVE ( 'NONE', #3870, #4535, #3697, .T. ) ;
#4632 = LINE ( 'NONE', #3984, #4974 ) ;
#4633 = ORIENTED_EDGE ( 'NONE', *, *, #1269, .F. ) ;
#4634 = EDGE_CURVE ( 'NONE', #4467, #5229, #5933, .T. ) ;
#4635 = CARTESIAN_POINT ( 'NONE',  ( 3.991523476876867260, 0.9064290159990536777, -2.328888210179513862 ) ) ;
#4636 = EDGE_LOOP ( 'NONE', ( #1124, #1936, #2426, #185, #3033, #6121 ) ) ;
#4637 = EDGE_LOOP ( 'NONE', ( #4866, #6070, #5971, #5741 ) ) ;
#4638 = CARTESIAN_POINT ( 'NONE',  ( 0.2839923754436705083, 0.8964290159990536688, -0.2303083670334490907 ) ) ;
#4639 = FACE_OUTER_BOUND ( 'NONE', #4528, .T. ) ;
#4640 = EDGE_LOOP ( 'NONE', ( #3652, #1731, #1044, #2210 ) ) ;
#4641 = COLOUR_RGB ( '',0.1019607843137254888, 0.1019607843137254888, 0.1019607843137254888 ) ;
#4642 = ORIENTED_EDGE ( 'NONE', *, *, #5536, .F. ) ;
#4643 = DIRECTION ( 'NONE',  ( -0.2607351442216253590, 0.0000000000000000000, 0.9654103710690744578 ) ) ;
#4644 = ORIENTED_EDGE ( 'NONE', *, *, #6158, .T. ) ;
#4645 = CARTESIAN_POINT ( 'NONE',  ( 2.664183020672736379, 0.8964290159990535578, -2.234754729732700174 ) ) ;
#4646 = DIRECTION ( 'NONE',  ( 0.4804152582365242008, 0.0000000000000000000, -0.8770411504904052080 ) ) ;
#4647 = CARTESIAN_POINT ( 'NONE',  ( 4.174999999999998934, -0.01000000000000000021, -1.649999999999999689 ) ) ;
#4648 = DIRECTION ( 'NONE',  ( 1.000000000000000000, 0.0000000000000000000, 0.0000000000000000000 ) ) ;
#4649 = AXIS2_PLACEMENT_3D ( 'NONE', #3906, #6036, #1250 ) ;
#4650 = ORIENTED_EDGE ( 'NONE', *, *, #2783, .F. ) ;
#4651 = LINE ( 'NONE', #3058, #129 ) ;
#4652 = PRESENTATION_LAYER_ASSIGNMENT (  '', '', ( #2221 ) ) ;
#4653 = DIRECTION ( 'NONE',  ( -0.0000000000000000000, -1.000000000000000000, -0.0000000000000000000 ) ) ;
#4654 = DIRECTION ( 'NONE',  ( 0.0000000000000000000, 0.0000000000000000000, -1.000000000000000000 ) ) ;
#4655 = CARTESIAN_POINT ( 'NONE',  ( 3.825000000000000622, -0.01000000000000000021, -3.699999999999999734 ) ) ;
#4656 = CARTESIAN_POINT ( 'NONE',  ( 0.3479760344392396898, 0.8964290159990536688, -0.2153136262670329870 ) ) ;
#4657 = VECTOR ( 'NONE', #6560, 1000.000000000000000 ) ;
#4658 = VECTOR ( 'NONE', #6899, 1000.000000000000000 ) ;
#4659 = CARTESIAN_POINT ( 'NONE',  ( 0.4830955718191712878, 0.8964290159990536688, -0.3435197271140196240 ) ) ;
#4660 = ORIENTED_EDGE ( 'NONE', *, *, #5321, .F. ) ;
#4661 = DIRECTION ( 'NONE',  ( 0.0000000000000000000, 0.0000000000000000000, 1.000000000000000000 ) ) ;
#4662 = DIRECTION ( 'NONE',  ( -0.0000000000000000000, -1.000000000000000000, -0.0000000000000000000 ) ) ;
#4663 = DIRECTION ( 'NONE',  ( -0.0000000000000000000, 1.000000000000000000, -0.0000000000000000000 ) ) ;
#4664 = AXIS2_PLACEMENT_3D ( 'NONE', #6851, #6464, #6357 ) ;
#4665 = CARTESIAN_POINT ( 'NONE',  ( 3.579850466727294567, 0.9064290159990536777, -2.328888210179513862 ) ) ;
#4666 = AXIS2_PLACEMENT_3D ( 'NONE', #2191, #5915, #1134 ) ;
#4667 = EDGE_CURVE ( 'NONE', #3448, #6491, #1606, .T. ) ;
#4668 = DIRECTION ( 'NONE',  ( -0.0000000000000000000, 1.000000000000000000, -0.0000000000000000000 ) ) ;
#4669 = VECTOR ( 'NONE', #1373, 1000.000000000000000 ) ;
#4670 = CARTESIAN_POINT ( 'NONE',  ( 4.281441512400371963, 0.9064290159990536777, -2.858054876846180203 ) ) ;
#4671 = EDGE_LOOP ( 'NONE', ( #1928, #2713, #227, #838 ) ) ;
#4672 = ORIENTED_EDGE ( 'NONE', *, *, #4430, .F. ) ;
#4673 = VECTOR ( 'NONE', #6610, 1000.000000000000000 ) ;
#4674 = CARTESIAN_POINT ( 'NONE',  ( 0.2345882039806324593, 0.9064290159990537887, -0.2743234123207751729 ) ) ;
#4675 = EDGE_CURVE ( 'NONE', #1595, #611, #5297, .T. ) ;
#4676 = DIRECTION ( 'NONE',  ( 1.000000000000000000, 0.0000000000000000000, 0.0000000000000000000 ) ) ;
#4677 = ADVANCED_FACE ( 'NONE', ( #526 ), #6321, .T. ) ;
#4678 = AXIS2_PLACEMENT_3D ( 'NONE', #1483, #348, #2048 ) ;
#4679 = ORIENTED_EDGE ( 'NONE', *, *, #4826, .T. ) ;
#4680 = ORIENTED_EDGE ( 'NONE', *, *, #3066, .T. ) ;
#4681 = DIRECTION ( 'NONE',  ( -0.5217877936512456127, 0.0000000000000000000, -0.8530753181264624230 ) ) ;
#4682 = ORIENTED_EDGE ( 'NONE', *, *, #4958, .F. ) ;
#4683 = CARTESIAN_POINT ( 'NONE',  ( 3.813777750381140752, 0.8964290159990536688, -2.650819132989342908 ) ) ;
#4684 = FACE_OUTER_BOUND ( 'NONE', #2222, .T. ) ;
#4685 = EDGE_CURVE ( 'NONE', #4018, #4326, #1529, .T. ) ;
#4686 = CARTESIAN_POINT ( 'NONE',  ( 0.2518754841542416023, 0.8964290159990536688, -0.2538934260881456906 ) ) ;
#4687 = EDGE_CURVE ( 'NONE', #1874, #1857, #3771, .T. ) ;
#4688 = ORIENTED_EDGE ( 'NONE', *, *, #4914, .F. ) ;
#4689 = CARTESIAN_POINT ( 'NONE',  ( 2.726667651398372527, 0.9064290159990540108, -1.657934912173886666 ) ) ;
#4690 = DIRECTION ( 'NONE',  ( -0.0000000000000000000, -1.000000000000000000, -0.0000000000000000000 ) ) ;
#4691 = CARTESIAN_POINT ( 'NONE',  ( 2.299999999999999822, -0.01000000000000000021, -3.700000000000000178 ) ) ;
#4692 = CARTESIAN_POINT ( 'NONE',  ( 2.269681905621078855, 0.8964290159990536688, -2.542381764113867071 ) ) ;
#4693 = CARTESIAN_POINT ( 'NONE',  ( 0.4436524758126774715, 0.9064290159990534557, -0.2539241810764936158 ) ) ;
#4694 = VERTEX_POINT ( 'NONE', #603 ) ;
#4695 = CARTESIAN_POINT ( 'NONE',  ( 4.635576127784987399, 0.8964290159990536688, -2.858054876846180203 ) ) ;
#4696 = CARTESIAN_POINT ( 'NONE',  ( 4.924999999999998934, -0.01000000000000000021, -1.635000000000000231 ) ) ;
#4697 = AXIS2_PLACEMENT_3D ( 'NONE', #2429, #3578, #6268 ) ;
#4698 = PLANE ( 'NONE',  #3087 ) ;
#4699 = LINE ( 'NONE', #1424, #1445 ) ;
#4700 = ORIENTED_EDGE ( 'NONE', *, *, #4128, .F. ) ;
#4701 = VECTOR ( 'NONE', #1227, 1000.000000000000000 ) ;
#4702 = EDGE_LOOP ( 'NONE', ( #1724, #3939, #6271, #5750, #1574, #828, #4337, #3013, #2181 ) ) ;
#4703 = DIRECTION ( 'NONE',  ( 1.000000000000000000, 0.0000000000000000000, 0.0000000000000000000 ) ) ;
#4704 = DIRECTION ( 'NONE',  ( -0.4802882638304222795, 0.0000000000000000000, 0.8771107020363840823 ) ) ;
#4705 = AXIS2_PLACEMENT_3D ( 'NONE', #4252, #145, #1631 ) ;
#4706 = ORIENTED_EDGE ( 'NONE', *, *, #6149, .F. ) ;
#4707 = LINE ( 'NONE', #2036, #1220 ) ;
#4708 = EDGE_LOOP ( 'NONE', ( #1502, #4470, #2101, #808 ) ) ;
#4709 = DIRECTION ( 'NONE',  ( 0.3660897081358594485, 0.0000000000000000000, 0.9305795643559992003 ) ) ;
#4710 = ORIENTED_EDGE ( 'NONE', *, *, #392, .F. ) ;
#4711 = AXIS2_PLACEMENT_3D ( 'NONE', #4441, #3291, #4992 ) ;
#4712 = CARTESIAN_POINT ( 'NONE',  ( 2.621769303883636049, 0.9064290159990534557, -2.195216036061463871 ) ) ;
#4713 = DIRECTION ( 'NONE',  ( -0.5212085848325783699, 0.0000000000000000000, 0.8534293240197579067 ) ) ;
#4714 = CARTESIAN_POINT ( 'NONE',  ( 0.4830952465212539626, 0.8964290159990538909, -0.3524819599492620137 ) ) ;
#4715 = EDGE_LOOP ( 'NONE', ( #92, #1961, #4782, #6539, #2269, #401, #4445, #4087, #1703, #3892, #6871, #4995, #329 ) ) ;
#4716 = ADVANCED_FACE ( 'NONE', ( #2726 ), #4843, .T. ) ;
#4717 = CARTESIAN_POINT ( 'NONE',  ( 2.701972513788675201, 0.8964290159990533358, -1.626067923014578920 ) ) ;
#4718 = DIRECTION ( 'NONE',  ( -0.0000000000000000000, -1.000000000000000000, -0.0000000000000000000 ) ) ;
#4719 = SURFACE_STYLE_FILL_AREA ( #5315 ) ;
#4720 = CARTESIAN_POINT ( 'NONE',  ( 2.724123849659382923, 0.8964290159990540019, -2.608397324165072639 ) ) ;
#4721 = CARTESIAN_POINT ( 'NONE',  ( 0.4777719047767325922, 0.9064290159990536777, -0.3089697421630478447 ) ) ;
#4722 = DIRECTION ( 'NONE',  ( -0.0000000000000000000, 1.000000000000000000, -0.0000000000000000000 ) ) ;
#4723 = VERTEX_POINT ( 'NONE', #1681 ) ;
#4724 = DIRECTION ( 'NONE',  ( -1.000000000000000000, 0.0000000000000000000, 0.0000000000000000000 ) ) ;
#4725 = EDGE_CURVE ( 'NONE', #4467, #2800, #3812, .T. ) ;
#4726 = SURFACE_STYLE_FILL_AREA ( #3839 ) ;
#4727 = CARTESIAN_POINT ( 'NONE',  ( 0.8216232979579064510, 0.9064290159990536777, -1.194194365643492128 ) ) ;
#4728 = ADVANCED_FACE ( 'NONE', ( #1321 ), #5018, .T. ) ;
#4729 = CARTESIAN_POINT ( 'NONE',  ( 3.346113988361909986, 0.9064290159990536777, -2.858054876846180203 ) ) ;
#4730 = SURFACE_STYLE_FILL_AREA ( #1568 ) ;
#4731 = ORIENTED_EDGE ( 'NONE', *, *, #562, .T. ) ;
#4732 = EDGE_CURVE ( 'NONE', #2863, #2068, #4370, .T. ) ;
#4733 = DIRECTION ( 'NONE',  ( -0.2607351442216253590, 0.0000000000000000000, 0.9654103710690744578 ) ) ;
#4734 = CARTESIAN_POINT ( 'NONE',  ( 0.2277403498080015631, 0.8964290159990535578, -0.2853574944207963315 ) ) ;
#4735 = EDGE_CURVE ( 'NONE', #5688, #3137, #3980, .T. ) ;
#4736 = LINE ( 'NONE', #6425, #6046 ) ;
#4737 = ORIENTED_EDGE ( 'NONE', *, *, #273, .F. ) ;
#4738 = PLANE ( 'NONE',  #5782 ) ;
#4739 = VERTEX_POINT ( 'NONE', #213 ) ;
#4740 = DIRECTION ( 'NONE',  ( 0.0000000000000000000, 0.0000000000000000000, 1.000000000000000000 ) ) ;
#4741 = AXIS2_PLACEMENT_3D ( 'NONE', #3739, #2733, #4709 ) ;
#4742 = ORIENTED_EDGE ( 'NONE', *, *, #3614, .F. ) ;
#4743 = CARTESIAN_POINT ( 'NONE',  ( 2.610375514269963393, 0.9064290159990536777, -2.186919789205351794 ) ) ;
#4744 = CARTESIAN_POINT ( 'NONE',  ( 3.486885890071312222, 0.9064290159990536777, -1.806042861590363646 ) ) ;
#4745 = CARTESIAN_POINT ( 'NONE',  ( 4.205903818757208867, 0.8964290159990536688, -1.647992480981389285 ) ) ;
#4746 = VERTEX_POINT ( 'NONE', #1717 ) ;
#4747 = EDGE_CURVE ( 'NONE', #2684, #5980, #5513, .T. ) ;
#4748 = ORIENTED_EDGE ( 'NONE', *, *, #4939, .T. ) ;
#4749 = CARTESIAN_POINT ( 'NONE',  ( 2.655397905823754012, 0.8964290159990532247, -2.114647574380104533 ) ) ;
#4750 = DIRECTION ( 'NONE',  ( -0.0000000000000000000, -1.000000000000000000, -0.0000000000000000000 ) ) ;
#4751 = PRESENTATION_STYLE_ASSIGNMENT (( #5391 ) ) ;
#4752 = CARTESIAN_POINT ( 'NONE',  ( 2.724999999999999201, -0.01000000000000000021, -1.500000000000000000 ) ) ;
#4753 = VECTOR ( 'NONE', #829, 1000.000000000000000 ) ;
#4754 = ADVANCED_FACE ( 'NONE', ( #3314, #4432, #3847 ), #3354, .T. ) ;
#4755 = DIRECTION ( 'NONE',  ( 1.000000000000000000, 0.0000000000000000000, 0.0000000000000000000 ) ) ;
#4756 = ADVANCED_FACE ( 'NONE', ( #3916 ), #6568, .T. ) ;
#4757 = ORIENTED_EDGE ( 'NONE', *, *, #3508, .T. ) ;
#4758 = VECTOR ( 'NONE', #557, 1000.000000000000000 ) ;
#4759 = LINE ( 'NONE', #4247, #2575 ) ;
#4760 = VERTEX_POINT ( 'NONE', #151 ) ;
#4761 = CARTESIAN_POINT ( 'NONE',  ( 2.610375514269963393, 0.8964290159990536688, -2.186919789205351794 ) ) ;
#4762 = DIRECTION ( 'NONE',  ( 0.0000000000000000000, 0.0000000000000000000, -1.000000000000000000 ) ) ;
#4763 = CARTESIAN_POINT ( 'NONE',  ( 2.372318613846141400, 0.8964290159990535578, -1.856976728061989101 ) ) ;
#4764 = AXIS2_PLACEMENT_3D ( 'NONE', #5085, #864, #319 ) ;
#4765 = ADVANCED_FACE ( 'NONE', ( #6606 ), #2279, .T. ) ;
#4766 = SURFACE_SIDE_STYLE ('',( #1601 ) ) ;
#4767 = DIRECTION ( 'NONE',  ( -0.0000000000000000000, -1.000000000000000000, -0.0000000000000000000 ) ) ;
#4768 = ORIENTED_EDGE ( 'NONE', *, *, #5320, .T. ) ;
#4769 = VECTOR ( 'NONE', #6638, 1000.000000000000000 ) ;
#4770 = LINE ( 'NONE', #2724, #6586 ) ;
#4771 = DIRECTION ( 'NONE',  ( 0.0000000000000000000, 0.0000000000000000000, -1.000000000000000000 ) ) ;
#4772 = LINE ( 'NONE', #2064, #332 ) ;
#4773 = CARTESIAN_POINT ( 'NONE',  ( 0.5249999999999992450, -0.01000000000000000021, -0.3000000000000001554 ) ) ;
#4774 = VECTOR ( 'NONE', #4374, 1000.000000000000000 ) ;
#4775 = PLANE ( 'NONE',  #6244 ) ;
#4776 = VECTOR ( 'NONE', #2982, 1000.000000000000000 ) ;
#4777 = VERTEX_POINT ( 'NONE', #3877 ) ;
#4778 = DIRECTION ( 'NONE',  ( 3.357286150643078299E-14, 1.000000000000000000, -3.553620032450843274E-13 ) ) ;
#4779 = VECTOR ( 'NONE', #1784, 1000.000000000000000 ) ;
#4780 = VERTEX_POINT ( 'NONE', #1822 ) ;
#4781 = LINE ( 'NONE', #3819, #6772 ) ;
#4782 = ORIENTED_EDGE ( 'NONE', *, *, #3622, .F. ) ;
#4783 = VECTOR ( 'NONE', #5157, 1000.000000000000000 ) ;
#4784 = DIRECTION ( 'NONE',  ( 2.168404344971008868E-16, 0.0000000000000000000, 1.000000000000000000 ) ) ;
#4785 = B_SPLINE_CURVE_WITH_KNOTS ( 'NONE', 3,
 ( #613, #20, #3744, #2148, #1087, #5349, #3220, #578, #2697, #2871, #1830, #5521, #2769, #6018, #1728, #6616, #2805, #3888, #5027 ),
 .UNSPECIFIED., .F., .F.,
 ( 4, 1, 1, 1, 1, 1, 1, 1, 1, 1, 1, 1, 1, 1, 1, 1, 4 ),
 ( 0.0000000000000000000, 0.06518537244906882910, 0.1288621187034974802, 0.1910612450292068498, 0.2525206764187777342, 0.3139365629367683597, 0.3757453100219189102, 0.4385396568600641864, 0.5035978725711760529, 0.5685933966602005896, 0.6311926790451405367, 0.6924028653467655392, 0.7526755438867502868, 0.8131823820793079305, 0.8741506629097380854, 0.9363272551749439732, 1.000000000000000000 ),
 .UNSPECIFIED. ) ;
#4786 = LINE ( 'NONE', #5762, #4491 ) ;
#4787 = VECTOR ( 'NONE', #1696, 1000.000000000000000 ) ;
#4788 = CARTESIAN_POINT ( 'NONE',  ( 2.324999999999998845, -0.01000000000000000021, -0.3000000000000002109 ) ) ;
#4789 = VERTEX_POINT ( 'NONE', #2250 ) ;
#4790 = ORIENTED_EDGE ( 'NONE', *, *, #1650, .T. ) ;
#4791 = CARTESIAN_POINT ( 'NONE',  ( 2.767108114356040982, 0.8964290159990536688, -1.949415735770812397 ) ) ;
#4792 = FACE_OUTER_BOUND ( 'NONE', #743, .T. ) ;
#4793 = DIRECTION ( 'NONE',  ( -0.3660897081358594485, 0.0000000000000000000, -0.9305795643559992003 ) ) ;
#4794 = CARTESIAN_POINT ( 'NONE',  ( 2.638462628433889456, 0.8964290159990537799, -2.209079730541711584 ) ) ;
#4795 = ORIENTED_EDGE ( 'NONE', *, *, #426, .T. ) ;
#4796 = PRESENTATION_STYLE_ASSIGNMENT (( #3799 ) ) ;
#4797 = EDGE_CURVE ( 'NONE', #6258, #3431, #3387, .T. ) ;
#4798 = ORIENTED_EDGE ( 'NONE', *, *, #2942, .T. ) ;
#4799 = DIRECTION ( 'NONE',  ( 0.0000000000000000000, 0.0000000000000000000, -1.000000000000000000 ) ) ;
#4800 =( LENGTH_UNIT ( ) NAMED_UNIT ( * ) SI_UNIT ( .MILLI., .METRE. ) );
#4801 = CARTESIAN_POINT ( 'NONE',  ( 4.884322622176012985, 0.8964290159990536688, -1.647992480981389285 ) ) ;
#4802 = FACE_OUTER_BOUND ( 'NONE', #1643, .T. ) ;
#4803 = EDGE_CURVE ( 'NONE', #3268, #5340, #5481, .T. ) ;
#4804 = VERTEX_POINT ( 'NONE', #1852 ) ;
#4805 = ADVANCED_FACE ( 'NONE', ( #2549 ), #1954, .T. ) ;
#4806 = PLANE ( 'NONE',  #5120 ) ;
#4807 = CARTESIAN_POINT ( 'NONE',  ( 4.884322622176012985, 0.9064290159990536777, -1.647992480981389285 ) ) ;
#4808 = DIRECTION ( 'NONE',  ( -1.000000000000000000, 0.0000000000000000000, 0.0000000000000000000 ) ) ;
#4809 = DIRECTION ( 'NONE',  ( -0.0000000000000000000, -1.000000000000000000, -0.0000000000000000000 ) ) ;
#4810 = EDGE_CURVE ( 'NONE', #5396, #3486, #4116, .T. ) ;
#4811 = DIRECTION ( 'NONE',  ( 0.0000000000000000000, 0.0000000000000000000, -1.000000000000000000 ) ) ;
#4812 = AXIS2_PLACEMENT_3D ( 'NONE', #4920, #1155, #637 ) ;
#4813 = ORIENTED_EDGE ( 'NONE', *, *, #5031, .F. ) ;
#4814 = DIRECTION ( 'NONE',  ( -0.8533543139006517508, 0.0000000000000000000, 0.5213313868808859830 ) ) ;
#4815 = ORIENTED_EDGE ( 'NONE', *, *, #6521, .T. ) ;
#4816 = ORIENTED_EDGE ( 'NONE', *, *, #3902, .F. ) ;
#4817 = PLANE ( 'NONE',  #766 ) ;
#4818 = VECTOR ( 'NONE', #5534, 1000.000000000000114 ) ;
#4819 = CARTESIAN_POINT ( 'NONE',  ( 5.049999999999999822, -0.01000000000000000021, -3.699999999999999734 ) ) ;
#4820 = EDGE_CURVE ( 'NONE', #2917, #6550, #4597, .T. ) ;
#4821 = CARTESIAN_POINT ( 'NONE',  ( 0.4192502187616888865, 0.9064290159990536777, -1.015190918046959379 ) ) ;
#4822 = EDGE_LOOP ( 'NONE', ( #3513, #1883, #1397, #5722 ) ) ;
#4823 = VERTEX_POINT ( 'NONE', #2963 ) ;
#4824 = CARTESIAN_POINT ( 'NONE',  ( 2.747213509810505716, 0.8964290159990534468, -1.998546285728580063 ) ) ;
#4825 = DIRECTION ( 'NONE',  ( -1.000000000000000000, 0.0000000000000000000, -0.0000000000000000000 ) ) ;
#4826 = EDGE_CURVE ( 'NONE', #3785, #5131, #320, .T. ) ;
#4827 = DIRECTION ( 'NONE',  ( 0.0000000000000000000, 0.0000000000000000000, 1.000000000000000000 ) ) ;
#4828 = SURFACE_STYLE_USAGE ( .BOTH. , #5316 ) ;
#4829 = CARTESIAN_POINT ( 'NONE',  ( 2.299999999999999822, -0.01000000000000000021, -3.700000000000000178 ) ) ;
#4830 = CARTESIAN_POINT ( 'NONE',  ( 5.382960442688832892, 0.9064290159990536777, -1.558526001280534645 ) ) ;
#4831 = ORIENTED_EDGE ( 'NONE', *, *, #35, .F. ) ;
#4832 = SURFACE_SIDE_STYLE ('',( #3269 ) ) ;
#4833 = VERTEX_POINT ( 'NONE', #6147 ) ;
#4834 = LINE ( 'NONE', #66, #3094 ) ;
#4835 = CARTESIAN_POINT ( 'NONE',  ( 4.691651682005072210, 0.9064290159990536777, -2.858054876846180203 ) ) ;
#4836 = CARTESIAN_POINT ( 'NONE',  ( 2.360590346837533549, 0.8964290159990537799, -1.836547759416144343 ) ) ;
#4837 = CARTESIAN_POINT ( 'NONE',  ( 4.224999999999999645, -0.01000000000000000021, -2.499999999999999556 ) ) ;
#4839 = ADVANCED_FACE ( 'NONE', ( #937 ), #6745, .T. ) ;
#4838 = CARTESIAN_POINT ( 'NONE',  ( 2.372318613846141400, 0.8964290159990535578, -1.856976728061989101 ) ) ;
#4840 = ORIENTED_EDGE ( 'NONE', *, *, #5031, .T. ) ;
#4841 = CARTESIAN_POINT ( 'NONE',  ( 1.053968747130483052, 0.8964290159990536688, -2.023816361309370926 ) ) ;
#4842 = CARTESIAN_POINT ( 'NONE',  ( 5.049999999999999822, -0.01000000000000000021, -3.699999999999999734 ) ) ;
#4843 = PLANE ( 'NONE',  #4549 ) ;
#4844 = CARTESIAN_POINT ( 'NONE',  ( 2.585499676996519280, 0.9064290159990536777, -2.167429442475643064 ) ) ;
#4845 = CARTESIAN_POINT ( 'NONE',  ( 0.3479760344392396898, 0.9064290159990536777, -0.4802988874070792669 ) ) ;
#4846 = EDGE_CURVE ( 'NONE', #1571, #2030, #5681, .T. ) ;
#4847 = EDGE_CURVE ( 'NONE', #5414, #5812, #6900, .T. ) ;
#4848 = ORIENTED_EDGE ( 'NONE', *, *, #1325, .F. ) ;
#4849 = DIRECTION ( 'NONE',  ( 0.5213313868808859830, 0.0000000000000000000, 0.8533543139006517508 ) ) ;
#4850 = EDGE_LOOP ( 'NONE', ( #6388, #4642, #1176, #4790 ) ) ;
#4851 = FACE_OUTER_BOUND ( 'NONE', #2836, .T. ) ;
#4852 = ORIENTED_EDGE ( 'NONE', *, *, #420, .T. ) ;
#4853 = CARTESIAN_POINT ( 'NONE',  ( 3.636032023885414244, 0.9064290159990536777, -2.328888210179513862 ) ) ;
#4854 = PLANE ( 'NONE',  #2391 ) ;
#4855 = DIRECTION ( 'NONE',  ( 0.8533543139006510847, -0.0000000000000000000, 0.5213313868808869822 ) ) ;
#4856 = ORIENTED_EDGE ( 'NONE', *, *, #2831, .F. ) ;
#4857 = EDGE_CURVE ( 'NONE', #4970, #6124, #6210, .T. ) ;
#4858 = ORIENTED_EDGE ( 'NONE', *, *, #3151, .F. ) ;
#4859 = CARTESIAN_POINT ( 'NONE',  ( 2.714596162119312872, 0.9064290159990540108, -2.048960040868465615 ) ) ;
#4860 = CARTESIAN_POINT ( 'NONE',  ( 2.340082040040679878, 0.8964290159990536688, -2.497384992724724917 ) ) ;
#4861 = CARTESIAN_POINT ( 'NONE',  ( 0.0000000000000000000, 0.9064290159990536777, 0.0000000000000000000 ) ) ;
#4862 = LINE ( 'NONE', #96, #4553 ) ;
#4863 = CARTESIAN_POINT ( 'NONE',  ( 2.625046601275770275, 0.8964290159990537799, -2.737712610280070624 ) ) ;
#4864 = VECTOR ( 'NONE', #1525, 1000.000000000000000 ) ;
#4865 = CARTESIAN_POINT ( 'NONE',  ( 3.293430528158919124, 0.9064290159990536777, -2.033419163673696684 ) ) ;
#4866 = ORIENTED_EDGE ( 'NONE', *, *, #923, .F. ) ;
#4867 = DIRECTION ( 'NONE',  ( -0.0000000000000000000, -1.000000000000000000, -0.0000000000000000000 ) ) ;
#4868 = EDGE_CURVE ( 'NONE', #1360, #4193, #5191, .T. ) ;
#4869 = ORIENTED_EDGE ( 'NONE', *, *, #1348, .T. ) ;
#4870 = AXIS2_PLACEMENT_3D ( 'NONE', #6526, #1844, #201 ) ;
#4871 = LINE ( 'NONE', #3271, #4758 ) ;
#4872 = LINE ( 'NONE', #106, #4993 ) ;
#4873 = ORIENTED_EDGE ( 'NONE', *, *, #3452, .F. ) ;
#4874 = CARTESIAN_POINT ( 'NONE',  ( 2.379825228611964771, 0.9064290159990536777, -1.906874280931120103 ) ) ;
#4875 = VECTOR ( 'NONE', #1377, 1000.000000000000000 ) ;
#4876 = CARTESIAN_POINT ( 'NONE',  ( 1.574999999999999067, -0.01000000000000000021, -0.3000000000000001554 ) ) ;
#4877 = CARTESIAN_POINT ( 'NONE',  ( 2.253602765342478609, 0.8964290159990538909, -1.780581376337659893 ) ) ;
#4878 = ORIENTED_EDGE ( 'NONE', *, *, #5040, .F. ) ;
#4879 = DIRECTION ( 'NONE',  ( -1.000000000000000000, 0.0000000000000000000, -1.301042606982605074E-16 ) ) ;
#4880 = DIRECTION ( 'NONE',  ( -1.000000000000000000, 0.0000000000000000000, 0.0000000000000000000 ) ) ;
#4881 =( NAMED_UNIT ( * ) SI_UNIT ( $, .STERADIAN. ) SOLID_ANGLE_UNIT ( ) );
#4882 = DIRECTION ( 'NONE',  ( -1.000000000000000000, 0.0000000000000000000, 0.0000000000000000000 ) ) ;
#4883 = CARTESIAN_POINT ( 'NONE',  ( 0.2345503835267592208, 0.9064290159990537887, -0.4212816971258815935 ) ) ;
#4884 = EDGE_CURVE ( 'NONE', #691, #5909, #1419, .T. ) ;
#4885 = VECTOR ( 'NONE', #6392, 1000.000000000000000 ) ;
#4886 = ORIENTED_EDGE ( 'NONE', *, *, #1626, .F. ) ;
#4887 = DIRECTION ( 'NONE',  ( -1.000000000000000000, 0.0000000000000000000, -0.0000000000000000000 ) ) ;
#4888 = ORIENTED_EDGE ( 'NONE', *, *, #965, .T. ) ;
#4889 = ORIENTED_EDGE ( 'NONE', *, *, #2304, .T. ) ;
#4890 = CARTESIAN_POINT ( 'NONE',  ( 2.323105214372245708, 0.9064290159990535667, -2.333035717551740884 ) ) ;
#4891 = EDGE_CURVE ( 'NONE', #6585, #1090, #4563, .T. ) ;
#4892 = CARTESIAN_POINT ( 'NONE',  ( 4.755868261866183389, 0.9064290159990536777, -2.328888210179513862 ) ) ;
#4893 = VECTOR ( 'NONE', #4755, 1000.000000000000000 ) ;
#4894 =( LENGTH_UNIT ( ) NAMED_UNIT ( * ) SI_UNIT ( .MILLI., .METRE. ) );
#4895 = EDGE_LOOP ( 'NONE', ( #4932, #5862, #6413, #1186 ) ) ;
#4896 = ORIENTED_EDGE ( 'NONE', *, *, #6447, .F. ) ;
#4897 = AXIS2_PLACEMENT_3D ( 'NONE', #2795, #2648, #2247 ) ;
#4898 = CARTESIAN_POINT ( 'NONE',  ( 2.597308668176109059, 0.9064290159990535667, -2.159729281538652401 ) ) ;
#4899 = PLANE ( 'NONE',  #103 ) ;
#4900 = EDGE_CURVE ( 'NONE', #646, #2857, #796, .T. ) ;
#4901 = CARTESIAN_POINT ( 'NONE',  ( 2.334510529182229899, 0.8964290159990540019, -2.345755794218359558 ) ) ;
#4902 = VECTOR ( 'NONE', #6818, 1000.000000000000000 ) ;
#4903 = SURFACE_STYLE_USAGE ( .BOTH. , #3434 ) ;
#4904 = EDGE_CURVE ( 'NONE', #2970, #6685, #6709, .T. ) ;
#4905 = CARTESIAN_POINT ( 'NONE',  ( 2.664183020672736379, 0.8964290159990535578, -2.234754729732700174 ) ) ;
#4906 = COLOUR_RGB ( '',1.000000000000000000, 1.000000000000000000, 1.000000000000000000 ) ;
#4907 = ORIENTED_EDGE ( 'NONE', *, *, #1275, .F. ) ;
#4908 = DIRECTION ( 'NONE',  ( 0.0000000000000000000, 0.0000000000000000000, -1.000000000000000000 ) ) ;
#4909 = VERTEX_POINT ( 'NONE', #904 ) ;
#4910 = CARTESIAN_POINT ( 'NONE',  ( 1.574999999999999734, -0.01000000000000000021, -3.700000000000000178 ) ) ;
#4911 = CARTESIAN_POINT ( 'NONE',  ( 3.346113988361909986, 0.9064290159990536777, -2.858054876846180203 ) ) ;
#4912 = ORIENTED_EDGE ( 'NONE', *, *, #1454, .F. ) ;
#4913 = CARTESIAN_POINT ( 'NONE',  ( 2.379825228611964771, 0.8964290159990536688, -1.906874280931120103 ) ) ;
#4914 = EDGE_CURVE ( 'NONE', #5955, #1160, #2518, .T. ) ;
#4915 = CARTESIAN_POINT ( 'NONE',  ( 3.785686971802081136, 0.9064290159990536777, -2.599619713918829955 ) ) ;
#4916 = CARTESIAN_POINT ( 'NONE',  ( 2.367381603757530151, 0.8964290159990537799, -1.847283755312978837 ) ) ;
#4917 = VERTEX_POINT ( 'NONE', #1920 ) ;
#4918 = CARTESIAN_POINT ( 'NONE',  ( 5.045786297389687647, 0.8964290159990536688, -2.858054876846180203 ) ) ;
#4919 = DIRECTION ( 'NONE',  ( 0.2621528324626076767, 0.0000000000000000000, -0.9650263687753987130 ) ) ;
#4920 = CARTESIAN_POINT ( 'NONE',  ( 3.998307664911055603, 0.9064290159990536777, -2.858054876846180203 ) ) ;
#4921 = B_SPLINE_CURVE_WITH_KNOTS ( 'NONE', 3,
 ( #2605, #3583, #2985, #1511, #5147, #3644, #4689, #990, #5110, #3025, #4071, #2016, #4583, #2573, #1449, #955, #6199, #854, #4141 ),
 .UNSPECIFIED., .F., .F.,
 ( 4, 1, 1, 1, 1, 1, 1, 1, 1, 1, 1, 1, 1, 1, 1, 1, 4 ),
 ( 0.0000000000000000000, 0.05532994753244301761, 0.1095669129065138664, 0.1635052341545479571, 0.2181068326408380220, 0.2745542418920279837, 0.3325493756472081008, 0.3937865580565328982, 0.4585889581839309725, 0.5247912453323899662, 0.5900678770463960721, 0.6556562814272620665, 0.7214312517726382268, 0.7881687928130065579, 0.8565958983758098499, 0.9271866057981048570, 1.000000000000000000 ),
 .UNSPECIFIED. ) ;
#4922 = CARTESIAN_POINT ( 'NONE',  ( 0.4777719047767325922, 0.9064290159990536777, -0.3089697421630478447 ) ) ;
#4923 = ORIENTED_EDGE ( 'NONE', *, *, #187, .F. ) ;
#4924 = CARTESIAN_POINT ( 'NONE',  ( 4.996388928265756313, 0.9064290159990536777, -2.328888210179513862 ) ) ;
#4925 = VERTEX_POINT ( 'NONE', #2446 ) ;
#4926 = VECTOR ( 'NONE', #5370, 1000.000000000000000 ) ;
#4927 = EDGE_LOOP ( 'NONE', ( #2104, #3703, #4414, #6429 ) ) ;
#4928 = SURFACE_STYLE_USAGE ( .BOTH. , #2356 ) ;
#4929 = FACE_BOUND ( 'NONE', #130, .T. ) ;
#4930 = VECTOR ( 'NONE', #5334, 1000.000000000000000 ) ;
#4931 = ORIENTED_EDGE ( 'NONE', *, *, #426, .F. ) ;
#4932 = ORIENTED_EDGE ( 'NONE', *, *, #1387, .F. ) ;
#4933 = CARTESIAN_POINT ( 'NONE',  ( 0.4116918019740990475, 0.9064290159990538998, -0.4652887997610467008 ) ) ;
#4934 = AXIS2_PLACEMENT_3D ( 'NONE', #4495, #4051, #6710 ) ;
#4935 = CARTESIAN_POINT ( 'NONE',  ( 3.933985082111910447, 0.9064290159990536777, -2.328888210179513862 ) ) ;
#4936 = CARTESIAN_POINT ( 'NONE',  ( 2.209070282058282153, 0.8964290159990538909, -2.293136989795635294 ) ) ;
#4937 = PRESENTATION_STYLE_ASSIGNMENT (( #4903 ) ) ;
#4938 = CARTESIAN_POINT ( 'NONE',  ( 2.253602765342478609, 0.9064290159990538998, -1.780581376337659893 ) ) ;
#4939 = EDGE_CURVE ( 'NONE', #2803, #1763, #282, .T. ) ;
#4940 = VECTOR ( 'NONE', #1947, 1000.000000000000000 ) ;
#4941 = EDGE_CURVE ( 'NONE', #2161, #5831, #6671, .T. ) ;
#4942 = EDGE_LOOP ( 'NONE', ( #6236, #4475, #6042, #3923 ) ) ;
#4943 = CARTESIAN_POINT ( 'NONE',  ( 4.876181596534986618, 0.8964290159990536688, -2.650819132989342908 ) ) ;
#4944 = ORIENTED_EDGE ( 'NONE', *, *, #2062, .F. ) ;
#4945 = FACE_OUTER_BOUND ( 'NONE', #5713, .T. ) ;
#4946 = LINE ( 'NONE', #1251, #440 ) ;
#4947 = CARTESIAN_POINT ( 'NONE',  ( 2.734361682777044944, 0.9064290159990536777, -2.021245888231697929 ) ) ;
#4948 = CARTESIAN_POINT ( 'NONE',  ( 4.054383219131141303, 0.9064290159990536777, -2.858054876846180203 ) ) ;
#4949 = EDGE_CURVE ( 'NONE', #3729, #3905, #6776, .T. ) ;
#4950 = CARTESIAN_POINT ( 'NONE',  ( 4.167912365765756633, 0.9064290159990536777, -2.548420294848317447 ) ) ;
#4951 = EDGE_LOOP ( 'NONE', ( #6907, #973, #6855, #285 ) ) ;
#4952 = CARTESIAN_POINT ( 'NONE',  ( 3.347810035370457182, 0.9064290159990536777, -2.033419163673696684 ) ) ;
#4953 = CARTESIAN_POINT ( 'NONE',  ( 5.131945485423875297, 0.9064290159990536777, -1.504252497007030343 ) ) ;
#4954 = CARTESIAN_POINT ( 'NONE',  ( 0.2427290346228347662, 0.8964290159990536688, -0.4316873925352471275 ) ) ;
#4955 = ORIENTED_EDGE ( 'NONE', *, *, #301, .F. ) ;
#4956 = LINE ( 'NONE', #1123, #2341 ) ;
#4957 = ORIENTED_EDGE ( 'NONE', *, *, #6010, .F. ) ;
#4958 = EDGE_CURVE ( 'NONE', #3137, #4760, #3516, .T. ) ;
#4959 = ORIENTED_EDGE ( 'NONE', *, *, #4136, .F. ) ;
#4960 = SURFACE_STYLE_FILL_AREA ( #1861 ) ;
#4961 = LINE ( 'NONE', #2322, #5371 ) ;
#4962 = DIRECTION ( 'NONE',  ( 0.0000000000000000000, -0.0000000000000000000, 1.000000000000000000 ) ) ;
#4963 = ORIENTED_EDGE ( 'NONE', *, *, #3699, .T. ) ;
#4964 = VERTEX_POINT ( 'NONE', #5123 ) ;
#4965 = LINE ( 'NONE', #783, #3915 ) ;
#4966 = CARTESIAN_POINT ( 'NONE',  ( 3.841868528960200813, 0.9064290159990536777, -2.599619713918829955 ) ) ;
#4967 = LINE ( 'NONE', #165, #6845 ) ;
#4968 = CARTESIAN_POINT ( 'NONE',  ( 5.722169844398234950, 0.9064290159990536777, -1.504252497007030343 ) ) ;
#4969 = ADVANCED_FACE ( 'NONE', ( #1699 ), #2707, .T. ) ;
#4970 = VERTEX_POINT ( 'NONE', #6410 ) ;
#4971 = CARTESIAN_POINT ( 'NONE',  ( 5.179434801663192367, 0.8964290159990536688, -1.558526001280534645 ) ) ;
#4972 = PLANE ( 'NONE',  #1210 ) ;
#4973 = CARTESIAN_POINT ( 'NONE',  ( 4.309998703906781969, 0.9064290159990536777, -2.033419163673696684 ) ) ;
#4974 = VECTOR ( 'NONE', #3003, 1000.000000000000000 ) ;
#4975 = LINE ( 'NONE', #3411, #4818 ) ;
#4976 = EDGE_CURVE ( 'NONE', #6226, #2236, #2229, .T. ) ;
#4977 = LINE ( 'NONE', #5509, #748 ) ;
#4978 = ORIENTED_EDGE ( 'NONE', *, *, #2944, .T. ) ;
#4979 = FACE_OUTER_BOUND ( 'NONE', #3630, .T. ) ;
#4980 = PLANE ( 'NONE',  #5347 ) ;
#4981 = CARTESIAN_POINT ( 'NONE',  ( 4.876181596534986618, 0.9064290159990536777, -2.548420294848317447 ) ) ;
#4982 = DIRECTION ( 'NONE',  ( 1.000000000000000000, 0.0000000000000000000, -0.0000000000000000000 ) ) ;
#4983 = AXIS2_PLACEMENT_3D ( 'NONE', #4277, #511, #4242 ) ;
#4984 = ADVANCED_FACE ( 'NONE', ( #3232 ), #4355, .T. ) ;
#4985 = ORIENTED_EDGE ( 'NONE', *, *, #3400, .F. ) ;
#4986 = DIRECTION ( 'NONE',  ( 0.0000000000000000000, 0.0000000000000000000, -1.000000000000000000 ) ) ;
#4987 = VERTEX_POINT ( 'NONE', #4278 ) ;
#4988 = AXIS2_PLACEMENT_3D ( 'NONE', #1550, #1022, #6733 ) ;
#4989 = UNCERTAINTY_MEASURE_WITH_UNIT (LENGTH_MEASURE( 1.000000000000000082E-05 ), #2117, 'distance_accuracy_value', 'NONE');
#4990 = ORIENTED_EDGE ( 'NONE', *, *, #109, .F. ) ;
#4991 = DIRECTION ( 'NONE',  ( -1.000000000000000000, 0.0000000000000000000, 0.0000000000000000000 ) ) ;
#4992 = DIRECTION ( 'NONE',  ( -1.000000000000000000, 0.0000000000000000000, -0.0000000000000000000 ) ) ;
#4993 = VECTOR ( 'NONE', #2679, 1000.000000000000227 ) ;
#4994 = COLOUR_RGB ( '',0.7529411764705882248, 0.7529411764705882248, 0.7529411764705882248 ) ;
#4995 = ORIENTED_EDGE ( 'NONE', *, *, #550, .F. ) ;
#4996 = EDGE_LOOP ( 'NONE', ( #4706, #2529, #543, #964 ) ) ;
#4997 = CARTESIAN_POINT ( 'NONE',  ( 0.4830952465212539626, 0.9064290159990538998, -0.3524819599492620137 ) ) ;
#4998 = PRESENTATION_LAYER_ASSIGNMENT (  '', '', ( #1316 ) ) ;
#4999 = CARTESIAN_POINT ( 'NONE',  ( 2.299999999999999822, -0.01000000000000000021, -2.425000000000001155 ) ) ;
#5000 = DIRECTION ( 'NONE',  ( -1.000000000000000000, 0.0000000000000000000, 0.0000000000000000000 ) ) ;
#5001 = CARTESIAN_POINT ( 'NONE',  ( 2.299999999999999822, 0.0000000000000000000, -3.700000000000000178 ) ) ;
#5002 = VECTOR ( 'NONE', #947, 1000.000000000000000 ) ;
#5003 = CARTESIAN_POINT ( 'NONE',  ( 2.304997170085237190, 0.9064290159990533446, -1.793689468512026375 ) ) ;
#5004 = VECTOR ( 'NONE', #5733, 1000.000000000000227 ) ;
#5005 = ORIENTED_EDGE ( 'NONE', *, *, #3116, .T. ) ;
#5006 = CARTESIAN_POINT ( 'NONE',  ( 5.471154887133277356, 0.9064290159990536777, -1.504252497007030343 ) ) ;
#5007 = VECTOR ( 'NONE', #242, 1000.000000000000114 ) ;
#5008 = LINE ( 'NONE', #5531, #2544 ) ;
#5009 = LINE ( 'NONE', #6631, #5886 ) ;
#5010 = VECTOR ( 'NONE', #4662, 1000.000000000000000 ) ;
#5011 = CARTESIAN_POINT ( 'NONE',  ( 3.459643134996525760, 0.9064290159990536777, -2.650819132989342908 ) ) ;
#5012 = PRESENTATION_LAYER_ASSIGNMENT (  '', '', ( #5683 ) ) ;
#5013 = CARTESIAN_POINT ( 'NONE',  ( 2.544344722874751330, 0.9064290159990541218, -2.792675475066805468 ) ) ;
#5014 = DIRECTION ( 'NONE',  ( 0.0000000000000000000, 0.0000000000000000000, 1.000000000000000000 ) ) ;
#5015 = ORIENTED_EDGE ( 'NONE', *, *, #3938, .F. ) ;
#5016 = DIRECTION ( 'NONE',  ( 1.000000000000000000, 0.0000000000000000000, 0.0000000000000000000 ) ) ;
#5017 = CARTESIAN_POINT ( 'NONE',  ( 3.474999999999998757, -0.01000000000000000021, -1.649999999999999911 ) ) ;
#5018 = PLANE ( 'NONE',  #5444 ) ;
#5019 = CARTESIAN_POINT ( 'NONE',  ( 1.053968747130483052, 0.9064290159991340579, -2.023816361309370926 ) ) ;
#5020 = LINE ( 'NONE', #1323, #3193 ) ;
#5021 = VERTEX_POINT ( 'NONE', #1623 ) ;
#5022 = EDGE_CURVE ( 'NONE', #4198, #1180, #2743, .T. ) ;
#5023 = CARTESIAN_POINT ( 'NONE',  ( 0.2727319543048041250, 0.9064290159990535667, -0.4585318332106400607 ) ) ;
#5024 = ORIENTED_EDGE ( 'NONE', *, *, #6158, .F. ) ;
#5025 = ORIENTED_EDGE ( 'NONE', *, *, #1269, .T. ) ;
#5026 = DIRECTION ( 'NONE',  ( 0.0000000000000000000, 0.0000000000000000000, 1.000000000000000000 ) ) ;
#5027 = CARTESIAN_POINT ( 'NONE',  ( 0.4832289281461383257, 0.9064290159990536777, -0.3480185847706619429 ) ) ;
#5028 = B_SPLINE_SURFACE_WITH_KNOTS ( 'NONE', 3, 1, ( 
 ( #2946, #2328 ),
 ( #1302, #5496 ),
 ( #2876, #3932 ),
 ( #5983, #1242 ),
 ( #1205, #3332 ),
 ( #6026, #718 ),
 ( #4933, #2912 ),
 ( #6126, #3399 ),
 ( #6061, #5525 ),
 ( #1276, #4476 ),
 ( #6093, #4415 ),
 ( #3995, #744 ),
 ( #6621, #2842 ),
 ( #1337, #5067 ),
 ( #293, #4384 ),
 ( #6551, #3432 ),
 ( #1833, #2811 ),
 ( #4997, #5460 ),
 ( #2361, #2396 ) ),
 .UNSPECIFIED., .F., .F., .F.,
 ( 4, 1, 1, 1, 1, 1, 1, 1, 1, 1, 1, 1, 1, 1, 1, 1, 4 ),
 ( 2, 2 ),
 ( 0.0000000000000000000, 0.06518537244906882910, 0.1288621187034974802, 0.1910612450292068498, 0.2525206764187777342, 0.3139365629367683597, 0.3757453100219189102, 0.4385396568600641864, 0.5035978725711760529, 0.5685933966602005896, 0.6311926790451405367, 0.6924028653467655392, 0.7526755438867502868, 0.8131823820793079305, 0.8741506629097380854, 0.9363272551749439732, 1.000000000000000000 ),
 ( 0.0000000000000000000, 1.000000000000000000 ),
 .UNSPECIFIED. ) ;
#5029 = ORIENTED_EDGE ( 'NONE', *, *, #3372, .T. ) ;
#5030 = ORIENTED_EDGE ( 'NONE', *, *, #3099, .F. ) ;
#5031 = EDGE_CURVE ( 'NONE', #6533, #616, #4862, .T. ) ;
#5032 = DIRECTION ( 'NONE',  ( -0.4802758347947843065, 0.0000000000000000000, -0.8771175078130484248 ) ) ;
#5033 = CARTESIAN_POINT ( 'NONE',  ( 2.755527307020159800, 0.9064290159990536777, -2.468760460994161576 ) ) ;
#5034 = CARTESIAN_POINT ( 'NONE',  ( 2.343988768880530760, 0.8964290159990536688, -1.985052281995777657 ) ) ;
#5035 = EDGE_CURVE ( 'NONE', #4535, #3520, #1575, .T. ) ;
#5036 = AXIS2_PLACEMENT_3D ( 'NONE', #222, #159, #2290 ) ;
#5037 = CARTESIAN_POINT ( 'NONE',  ( 2.688441208557196926, 0.8964290159990535578, -2.080781152147423541 ) ) ;
#5038 = ORIENTED_EDGE ( 'NONE', *, *, #4059, .F. ) ;
#5039 = VECTOR ( 'NONE', #4809, 1000.000000000000000 ) ;
#5040 = EDGE_CURVE ( 'NONE', #4452, #6111, #4707, .T. ) ;
#5041 = CARTESIAN_POINT ( 'NONE',  ( 0.2839592552820137117, 0.8964290159990536688, -0.4653245745124109378 ) ) ;
#5042 = LINE ( 'NONE', #754, #2098 ) ;
#5043 = CARTESIAN_POINT ( 'NONE',  ( 4.309998703906781969, 0.8964290159990536688, -2.033419163673696684 ) ) ;
#5044 = ADVANCED_FACE ( 'NONE', ( #4189 ), #4738, .T. ) ;
#5045 = DIRECTION ( 'NONE',  ( 0.0000000000000000000, 0.0000000000000000000, -1.000000000000000000 ) ) ;
#5046 =( GEOMETRIC_REPRESENTATION_CONTEXT ( 3 ) GLOBAL_UNCERTAINTY_ASSIGNED_CONTEXT ( ( #6185 ) ) GLOBAL_UNIT_ASSIGNED_CONTEXT ( ( #2845, #2779, #6067 ) ) REPRESENTATION_CONTEXT ( 'NONE', 'WORKASPACE' ) );
#5047 = CARTESIAN_POINT ( 'NONE',  ( 1.574999999999999067, -0.0000000000000000000, -0.3000000000000001554 ) ) ;
#5048 = ORIENTED_EDGE ( 'NONE', *, *, #6736, .F. ) ;
#5049 = VECTOR ( 'NONE', #4676, 1000.000000000000000 ) ;
#5050 = CARTESIAN_POINT ( 'NONE',  ( 2.782198307808182225, 0.8964290159990534468, -1.835837096139945945 ) ) ;
#5051 = CARTESIAN_POINT ( 'NONE',  ( 1.186810847209285313, 0.8964290159990536688, -2.550312174942152676 ) ) ;
#5052 = DIRECTION ( 'NONE',  ( -1.000000000000000000, 0.0000000000000000000, 0.0000000000000000000 ) ) ;
#5053 = LINE ( 'NONE', #5543, #5936 ) ;
#5054 = EDGE_CURVE ( 'NONE', #5174, #6820, #6696, .T. ) ;
#5055 = DIRECTION ( 'NONE',  ( -0.0000000000000000000, -1.000000000000000000, -0.0000000000000000000 ) ) ;
#5056 = ORIENTED_EDGE ( 'NONE', *, *, #5402, .F. ) ;
#5057 = CARTESIAN_POINT ( 'NONE',  ( 0.3209391932496133970, 0.9064290159990538998, -0.4780468488532353954 ) ) ;
#5058 = EDGE_LOOP ( 'NONE', ( #5422, #6603, #6599, #5196 ) ) ;
#5059 = UNCERTAINTY_MEASURE_WITH_UNIT (LENGTH_MEASURE( 1.000000000000000082E-05 ), #5500, 'distance_accuracy_value', 'NONE');
#5060 = ORIENTED_EDGE ( 'NONE', *, *, #5925, .T. ) ;
#5061 = DIRECTION ( 'NONE',  ( -1.000000000000000000, 0.0000000000000000000, 0.0000000000000000000 ) ) ;
#5062 = EDGE_CURVE ( 'NONE', #5566, #123, #3078, .T. ) ;
#5063 = LINE ( 'NONE', #1364, #932 ) ;
#5064 = EDGE_CURVE ( 'NONE', #4120, #2259, #5268, .T. ) ;
#5065 = ORIENTED_EDGE ( 'NONE', *, *, #6617, .T. ) ;
#5066 = VERTEX_POINT ( 'NONE', #6825 ) ;
#5067 = CARTESIAN_POINT ( 'NONE',  ( 0.4736412675942175410, 0.8964290159990535578, -0.3988667319415062362 ) ) ;
#5068 = VERTEX_POINT ( 'NONE', #980 ) ;
#5069 = DIRECTION ( 'NONE',  ( 0.0000000000000000000, -1.000000000000000000, 0.0000000000000000000 ) ) ;
#5070 = CARTESIAN_POINT ( 'NONE',  ( 2.304193034037881116, 0.9064290159990537887, -2.010180642763575332 ) ) ;
#5071 = CARTESIAN_POINT ( 'NONE',  ( 4.560377643543533921, 0.9064290159990536777, -1.504252497007030343 ) ) ;
#5072 = PLANE ( 'NONE',  #3111 ) ;
#5073 = EDGE_CURVE ( 'NONE', #5529, #4482, #2067, .T. ) ;
#5074 = LINE ( 'NONE', #303, #5449 ) ;
#5075 = ORIENTED_EDGE ( 'NONE', *, *, #1413, .T. ) ;
#5076 = DIRECTION ( 'NONE',  ( 1.000000000000000000, 0.0000000000000000000, 0.0000000000000000000 ) ) ;
#5077 = DIRECTION ( 'NONE',  ( -0.2647344081641661573, 0.0000000000000000000, 0.9643213640348162752 ) ) ;
#5078 = CARTESIAN_POINT ( 'NONE',  ( 3.888743028158919035, 0.8964290159990536688, -1.504252497007030343 ) ) ;
#5079 = FACE_OUTER_BOUND ( 'NONE', #4263, .T. ) ;
#5080 = CARTESIAN_POINT ( 'NONE',  ( 0.4116588449364766422, 0.9064290159990534557, -0.2303438525085806654 ) ) ;
#5081 = CARTESIAN_POINT ( 'NONE',  ( 2.625046601275770275, 0.8964290159990537799, -2.737712610280070624 ) ) ;
#5082 = PLANE ( 'NONE',  #2123 ) ;
#5083 = ORIENTED_EDGE ( 'NONE', *, *, #4508, .T. ) ;
#5084 = CARTESIAN_POINT ( 'NONE',  ( 2.299999999999999822, -0.01000000000000000021, -3.700000000000000178 ) ) ;
#5085 = CARTESIAN_POINT ( 'NONE',  ( 4.848090817955927001, 0.9064290159990536777, -2.599619713918829955 ) ) ;
#5086 = CARTESIAN_POINT ( 'NONE',  ( 2.292888024120238732, 0.8964290159990536688, -1.452954363673436777 ) ) ;
#5087 = FACE_OUTER_BOUND ( 'NONE', #4822, .T. ) ;
#5088 = LINE ( 'NONE', #798, #1516 ) ;
#5089 = ORIENTED_EDGE ( 'NONE', *, *, #687, .F. ) ;
#5090 = CARTESIAN_POINT ( 'NONE',  ( 2.610375514269963393, 0.9064290159990536777, -2.186919789205351794 ) ) ;
#5091 = ORIENTED_EDGE ( 'NONE', *, *, #2889, .T. ) ;
#5092 = ORIENTED_EDGE ( 'NONE', *, *, #1283, .F. ) ;
#5093 = CARTESIAN_POINT ( 'NONE',  ( 0.2426903477734127512, 0.8964290159990535578, -0.2638250785076581284 ) ) ;
#5094 = VECTOR ( 'NONE', #2377, 1000.000000000000227 ) ;
#5095 = FACE_OUTER_BOUND ( 'NONE', #2966, .T. ) ;
#5096 = VECTOR ( 'NONE', #2788, 1000.000000000000000 ) ;
#5097 = VERTEX_POINT ( 'NONE', #2103 ) ;
#5098 = EDGE_CURVE ( 'NONE', #1481, #5204, #4226, .T. ) ;
#5099 = ORIENTED_EDGE ( 'NONE', *, *, #354, .T. ) ;
#5100 = PLANE ( 'NONE',  #2130 ) ;
#5101 = ORIENTED_EDGE ( 'NONE', *, *, #1061, .T. ) ;
#5102 = DIRECTION ( 'NONE',  ( -0.0000000000000000000, -1.000000000000000000, -0.0000000000000000000 ) ) ;
#5103 = CARTESIAN_POINT ( 'NONE',  ( 5.471154887133277356, 0.9064290159990536777, -2.033419163673696684 ) ) ;
#5104 = LINE ( 'NONE', #2504, #6627 ) ;
#5105 = AXIS2_PLACEMENT_3D ( 'NONE', #1277, #1243, #2329 ) ;
#5106 = LINE ( 'NONE', #3085, #2452 ) ;
#5107 = VERTEX_POINT ( 'NONE', #4035 ) ;
#5108 = MECHANICAL_DESIGN_GEOMETRIC_PRESENTATION_REPRESENTATION (  '', ( #6573 ), #4217 ) ;
#5109 = ADVANCED_FACE ( 'NONE', ( #5828 ), #3113, .T. ) ;
#5110 = CARTESIAN_POINT ( 'NONE',  ( 2.672844913823359203, 0.9064290159990538998, -1.595485598913622960 ) ) ;
#5111 = FACE_OUTER_BOUND ( 'NONE', #935, .T. ) ;
#5112 = FACE_OUTER_BOUND ( 'NONE', #5492, .T. ) ;
#5113 = VECTOR ( 'NONE', #434, 1000.000000000000114 ) ;
#5114 = DIRECTION ( 'NONE',  ( -0.0000000000000000000, -1.000000000000000000, -0.0000000000000000000 ) ) ;
#5115 = CARTESIAN_POINT ( 'NONE',  ( 0.4436524758126774715, 0.8964290159990534468, -0.2539241810764936158 ) ) ;
#5116 = B_SPLINE_CURVE_WITH_KNOTS ( 'NONE', 3,
 ( #3762, #5814, #1068, #6909, #34, #2128, #4250, #6382, #1105, #627, #1599, #592, #3201, #5326, #6417, #2715, #4320 ),
 .UNSPECIFIED., .F., .F.,
 ( 4, 1, 1, 1, 1, 1, 1, 1, 1, 1, 1, 1, 1, 1, 4 ),
 ( 0.0000000000000000000, 0.1206660733040195582, 0.2306394391884427353, 0.3303518480381321676, 0.4203827931102909199, 0.5007196380486801379, 0.5721369648296097399, 0.6339759756642172617, 0.6899155697071887028, 0.7408030946708971110, 0.7861101393510742108, 0.8256243424264396724, 0.8600233983262872695, 0.9268261652858481581, 0.9999999999999998890 ),
 .UNSPECIFIED. ) ;
#5117 = AXIS2_PLACEMENT_3D ( 'NONE', #6174, #827, #3383 ) ;
#5118 = DIRECTION ( 'NONE',  ( -0.0000000000000000000, -1.000000000000000000, -0.0000000000000000000 ) ) ;
#5119 = ORIENTED_EDGE ( 'NONE', *, *, #2266, .T. ) ;
#5120 = AXIS2_PLACEMENT_3D ( 'NONE', #3808, #5930, #1074 ) ;
#5121 = LINE ( 'NONE', #3590, #5318 ) ;
#5122 = CARTESIAN_POINT ( 'NONE',  ( 4.337517066620457662, 0.9064290159990536777, -2.858054876846180203 ) ) ;
#5123 = CARTESIAN_POINT ( 'NONE',  ( 3.637388861492252268, 0.9064290159990536777, -2.328888210179513862 ) ) ;
#5124 = CARTESIAN_POINT ( 'NONE',  ( 2.321410068628456447, 0.9064290159990535667, -2.515662290073239937 ) ) ;
#5125 = EDGE_CURVE ( 'NONE', #1874, #5255, #5074, .T. ) ;
#5126 = AXIS2_PLACEMENT_3D ( 'NONE', #2885, #6629, #6596 ) ;
#5127 = CARTESIAN_POINT ( 'NONE',  ( 5.722169844398234950, 0.8964290159990536688, -1.504252497007030343 ) ) ;
#5128 = ORIENTED_EDGE ( 'NONE', *, *, #6661, .T. ) ;
#5129 = CARTESIAN_POINT ( 'NONE',  ( 3.933985082111910447, 0.8964290159990536688, -2.328888210179513862 ) ) ;
#5130 = AXIS2_PLACEMENT_3D ( 'NONE', #2038, #4095, #3574 ) ;
#5131 = VERTEX_POINT ( 'NONE', #4547 ) ;
#5132 = EDGE_CURVE ( 'NONE', #2943, #1857, #15, .T. ) ;
#5133 = UNCERTAINTY_MEASURE_WITH_UNIT (LENGTH_MEASURE( 1.000000000000000082E-05 ), #5270, 'distance_accuracy_value', 'NONE');
#5134 = ORIENTED_EDGE ( 'NONE', *, *, #4460, .F. ) ;
#5135 = DIRECTION ( 'NONE',  ( -1.000000000000000000, 0.0000000000000000000, -0.0000000000000000000 ) ) ;
#5136 = CARTESIAN_POINT ( 'NONE',  ( 3.000000000000000000, -0.01000000000000000021, -3.700000000000000178 ) ) ;
#5137 = EDGE_LOOP ( 'NONE', ( #5947, #2498, #1786, #6101 ) ) ;
#5138 = EDGE_LOOP ( 'NONE', ( #5893, #787, #4650, #6218 ) ) ;
#5139 = LINE ( 'NONE', #371, #3308 ) ;
#5140 = ORIENTED_EDGE ( 'NONE', *, *, #4675, .F. ) ;
#5141 = CARTESIAN_POINT ( 'NONE',  ( 2.610375514269963393, 0.9064290159990536777, -2.186919789205351794 ) ) ;
#5142 = LINE ( 'NONE', #3577, #1476 ) ;
#5143 = LINE ( 'NONE', #1443, #6395 ) ;
#5144 = DIRECTION ( 'NONE',  ( -0.4806015670138532592, 0.0000000000000000000, 0.8769390707362905157 ) ) ;
#5145 = EDGE_CURVE ( 'NONE', #1324, #4574, #5237, .T. ) ;
#5146 = ORIENTED_EDGE ( 'NONE', *, *, #2149, .F. ) ;
#5147 = CARTESIAN_POINT ( 'NONE',  ( 2.762924536945670084, 0.9064290159990535667, -1.725381821735456622 ) ) ;
#5148 = LINE ( 'NONE', #380, #4213 ) ;
#5149 = FACE_OUTER_BOUND ( 'NONE', #4413, .T. ) ;
#5150 = LINE ( 'NONE', #4622, #3485 ) ;
#5151 = CARTESIAN_POINT ( 'NONE',  ( 0.4736111747692767215, 0.8964290159990538909, -0.2968314790406659798 ) ) ;
#5152 = ADVANCED_FACE ( 'NONE', ( #5203 ), #3322, .T. ) ;
#5153 = VECTOR ( 'NONE', #6465, 1000.000000000000000 ) ;
#5154 = CARTESIAN_POINT ( 'NONE',  ( 0.4832289281461383257, 0.8964290159990536688, -0.3480185847706619429 ) ) ;
#5155 = VERTEX_POINT ( 'NONE', #4924 ) ;
#5156 = PRESENTATION_STYLE_ASSIGNMENT (( #3064 ) ) ;
#5157 = DIRECTION ( 'NONE',  ( -1.000000000000000000, 0.0000000000000000000, 0.0000000000000000000 ) ) ;
#5158 = VECTOR ( 'NONE', #994, 1000.000000000000227 ) ;
#5159 = CARTESIAN_POINT ( 'NONE',  ( 1.574999999999999289, -0.01000000000000000021, -1.574999999999999956 ) ) ;
#5160 = CARTESIAN_POINT ( 'NONE',  ( 0.2749999999999994116, -0.01000000000000000021, -1.574999999999999956 ) ) ;
#5161 = CARTESIAN_POINT ( 'NONE',  ( 5.382960442688832892, 0.8964290159990536688, -1.558526001280534645 ) ) ;
#5162 = VECTOR ( 'NONE', #5833, 1000.000000000000000 ) ;
#5163 = ORIENTED_EDGE ( 'NONE', *, *, #2770, .T. ) ;
#5164 = CARTESIAN_POINT ( 'NONE',  ( 4.848090817955927001, 0.9064290159990536777, -2.599619713918829955 ) ) ;
#5165 = ORIENTED_EDGE ( 'NONE', *, *, #4545, .F. ) ;
#5166 = ORIENTED_EDGE ( 'NONE', *, *, #2560, .F. ) ;
#5167 = B_SPLINE_CURVE_WITH_KNOTS ( 'NONE', 3,
 ( #2754, #6386, #4287, #2200, #4877, #147, #1602, #6496, #1072, #1677, #3244, #4916, #4838, #3806, #2275, #6001, #5438 ),
 .UNSPECIFIED., .F., .F.,
 ( 4, 1, 1, 1, 1, 1, 1, 1, 1, 1, 1, 1, 1, 1, 4 ),
 ( 0.0000000000000000000, 0.1277706293124476478, 0.2439804506356083591, 0.3480758004030591324, 0.4406650460066900976, 0.5230791416656185300, 0.5935156255361747624, 0.6552269717712236874, 0.7090791295509715209, 0.7569732727241818004, 0.7987624002830174819, 0.8347047937630664993, 0.8644111872596799140, 0.9254754689597465278, 1.000000000000000000 ),
 .UNSPECIFIED. ) ;
#5168 = FACE_OUTER_BOUND ( 'NONE', #3339, .T. ) ;
#5169 = DIRECTION ( 'NONE',  ( 0.0000000000000000000, 0.0000000000000000000, 1.000000000000000000 ) ) ;
#5170 = ORIENTED_EDGE ( 'NONE', *, *, #2608, .F. ) ;
#5171 = ADVANCED_FACE ( 'NONE', ( #5446 ), #6540, .T. ) ;
#5172 = ORIENTED_EDGE ( 'NONE', *, *, #1722, .F. ) ;
#5173 = DIRECTION ( 'NONE',  ( 0.7071067811865474617, 0.0000000000000000000, 0.7071067811865475727 ) ) ;
#5174 = VERTEX_POINT ( 'NONE', #5899 ) ;
#5175 = CARTESIAN_POINT ( 'NONE',  ( 2.717983401336620197, 0.8964290159990538909, -2.309513677905383311 ) ) ;
#5176 = CARTESIAN_POINT ( 'NONE',  ( 2.378679949077652456, 0.8964290159990536688, -1.928864227769520712 ) ) ;
#5177 = CARTESIAN_POINT ( 'NONE',  ( 6.200000000000000178, 0.0000000000000000000, -3.700000000000000178 ) ) ;
#5178 = DIRECTION ( 'NONE',  ( 1.000000000000000000, 0.0000000000000000000, 3.097720492815726673E-16 ) ) ;
#5179 = VERTEX_POINT ( 'NONE', #49 ) ;
#5180 = CARTESIAN_POINT ( 'NONE',  ( 3.693464415712337523, 0.9064290159990536777, -2.328888210179513862 ) ) ;
#5181 = CARTESIAN_POINT ( 'NONE',  ( 5.131945485423875297, 0.8964290159990536688, -2.033419163673696684 ) ) ;
#5182 = CARTESIAN_POINT ( 'NONE',  ( 4.988417507325585198, 0.9064290159990536777, -2.033419163673696684 ) ) ;
#5183 = FACE_OUTER_BOUND ( 'NONE', #6119, .T. ) ;
#5184 = EDGE_CURVE ( 'NONE', #6741, #2826, #608, .T. ) ;
#5185 = CARTESIAN_POINT ( 'NONE',  ( 0.3525472037499060574, 0.9064290159990536777, -0.2154404413339367774 ) ) ;
#5186 = CARTESIAN_POINT ( 'NONE',  ( 3.346113988361909986, 0.8964290159990536688, -2.858054876846180203 ) ) ;
#5187 = EDGE_LOOP ( 'NONE', ( #2395, #6181, #5352, #1537 ) ) ;
#5188 = CARTESIAN_POINT ( 'NONE',  ( 0.0000000000000000000, -0.01000000000000000021, 0.0000000000000000000 ) ) ;
#5189 = EDGE_CURVE ( 'NONE', #5322, #701, #1644, .T. ) ;
#5190 = CARTESIAN_POINT ( 'NONE',  ( 4.699792707646097689, 0.9064290159990536777, -2.328888210179513862 ) ) ;
#5191 = LINE ( 'NONE', #4050, #334 ) ;
#5192 = CARTESIAN_POINT ( 'NONE',  ( 3.990166639270030124, 0.9064290159990536777, -2.328888210179513862 ) ) ;
#5193 = CARTESIAN_POINT ( 'NONE',  ( 0.5249999999999992450, 0.0000000000000000000, -0.3000000000000001554 ) ) ;
#5194 = CARTESIAN_POINT ( 'NONE',  ( 0.8926604827490804972, 0.9064290159990536777, -1.452954363673436777 ) ) ;
#5195 = ORIENTED_EDGE ( 'NONE', *, *, #6487, .F. ) ;
#5196 = ORIENTED_EDGE ( 'NONE', *, *, #3721, .T. ) ;
#5197 = CARTESIAN_POINT ( 'NONE',  ( 0.2426903477734127512, 0.9064290159990535667, -0.2638250785076581284 ) ) ;
#5198 = EDGE_CURVE ( 'NONE', #2807, #208, #2254, .T. ) ;
#5199 = AXIS2_PLACEMENT_3D ( 'NONE', #1471, #6758, #845 ) ;
#5200 = PLANE ( 'NONE',  #6288 ) ;
#5201 = ORIENTED_EDGE ( 'NONE', *, *, #3959, .F. ) ;
#5202 = MECHANICAL_DESIGN_GEOMETRIC_PRESENTATION_REPRESENTATION (  '', ( #1078 ), #4316 ) ;
#5203 = FACE_OUTER_BOUND ( 'NONE', #2246, .T. ) ;
#5204 = VERTEX_POINT ( 'NONE', #5377 ) ;
#5205 = VECTOR ( 'NONE', #3472, 1000.000000000000000 ) ;
#5206 = CARTESIAN_POINT ( 'NONE',  ( 4.205903818757208867, 0.9064290159990536777, -1.647992480981389285 ) ) ;
#5207 = ORIENTED_EDGE ( 'NONE', *, *, #757, .T. ) ;
#5208 = CARTESIAN_POINT ( 'NONE',  ( 4.344301254654644673, 0.9064290159990536777, -2.328888210179513862 ) ) ;
#5209 = B_SPLINE_CURVE_WITH_KNOTS ( 'NONE', 3,
 ( #5409, #1684, #118, #2799, #4922, #6172, #707, #2957, #1156, #2832, #153, #4405, #5080, #1380, #2252, #5374, #6537, #3879, #1228 ),
 .UNSPECIFIED., .F., .F.,
 ( 4, 1, 1, 1, 1, 1, 1, 1, 1, 1, 1, 1, 1, 1, 1, 1, 4 ),
 ( 0.0000000000000000000, 0.06404325848980273184, 0.1265892651408556113, 0.1879186020567985560, 0.2482993986669899678, 0.3088983134882475334, 0.3699809930655280632, 0.4328486791541517054, 0.4977088112949666354, 0.5626315044651709618, 0.6252950446197155232, 0.6867173972161185747, 0.7480053485163655758, 0.8093367539800238042, 0.8714063135238938607, 0.9349504149715935908, 1.000000000000000000 ),
 .UNSPECIFIED. ) ;
#5210 = DIRECTION ( 'NONE',  ( -0.0000000000000000000, 0.0000000000000000000, -1.000000000000000000 ) ) ;
#5211 = CARTESIAN_POINT ( 'NONE',  ( 0.3479760344392396898, 0.8964290159990536688, -0.2153136262670329870 ) ) ;
#5212 = VECTOR ( 'NONE', #2584, 1000.000000000000000 ) ;
#5213 = EDGE_LOOP ( 'NONE', ( #3216, #945, #5903, #396 ) ) ;
#5214 = CARTESIAN_POINT ( 'NONE',  ( 2.747016753663982680, 0.8964290159990536688, -1.690974640526625494 ) ) ;
#5215 = AXIS2_PLACEMENT_3D ( 'NONE', #654, #4308, #619 ) ;
#5216 = FACE_OUTER_BOUND ( 'NONE', #2320, .T. ) ;
#5217 = CARTESIAN_POINT ( 'NONE',  ( 2.363925208911413112, 0.8964290159990536688, -2.433370094563901631 ) ) ;
#5218 = CARTESIAN_POINT ( 'NONE',  ( 3.579850466727294567, 0.9064290159990536777, -2.328888210179513862 ) ) ;
#5219 = DIRECTION ( 'NONE',  ( 0.0000000000000000000, 0.0000000000000000000, 1.000000000000000000 ) ) ;
#5220 = SURFACE_STYLE_USAGE ( .BOTH. , #3551 ) ;
#5221 = ORIENTED_EDGE ( 'NONE', *, *, #780, .F. ) ;
#5222 = DIRECTION ( 'NONE',  ( -0.0000000000000000000, -1.000000000000000000, -0.0000000000000000000 ) ) ;
#5223 = CARTESIAN_POINT ( 'NONE',  ( 0.8111087688010900631, 0.9064290159990536777, -2.550312174942152676 ) ) ;
#5224 = LINE ( 'NONE', #6211, #1587 ) ;
#5225 = VECTOR ( 'NONE', #2284, 1000.000000000000000 ) ;
#5226 = PRESENTATION_STYLE_ASSIGNMENT (( #4118 ) ) ;
#5227 = VECTOR ( 'NONE', #1384, 1000.000000000000000 ) ;
#5228 = CARTESIAN_POINT ( 'NONE',  ( 0.9813928507553847380, 0.9064290159990536777, -1.773775728921664019 ) ) ;
#5229 = VERTEX_POINT ( 'NONE', #3253 ) ;
#5230 = ORIENTED_EDGE ( 'NONE', *, *, #963, .T. ) ;
#5231 = COLOUR_RGB ( '',0.1019607843137254888, 0.1019607843137254888, 0.1019607843137254888 ) ;
#5232 = FACE_OUTER_BOUND ( 'NONE', #6259, .T. ) ;
#5233 = CARTESIAN_POINT ( 'NONE',  ( 0.2125339656445195402, 0.9064290159990534557, -0.3435186283409524255 ) ) ;
#5234 = EDGE_CURVE ( 'NONE', #1091, #2496, #1755, .T. ) ;
#5235 = ADVANCED_FACE ( 'NONE', ( #6470 ), #3358, .T. ) ;
#5236 = ORIENTED_EDGE ( 'NONE', *, *, #2091, .T. ) ;
#5237 = LINE ( 'NONE', #4264, #2450 ) ;
#5238 = EDGE_LOOP ( 'NONE', ( #6688, #716, #3827, #4148 ) ) ;
#5239 = PLANE ( 'NONE',  #13 ) ;
#5240 = ORIENTED_EDGE ( 'NONE', *, *, #5711, .T. ) ;
#5241 = CARTESIAN_POINT ( 'NONE',  ( 2.717983401336620197, 0.9064290159990538998, -2.309513677905383311 ) ) ;
#5242 = DIRECTION ( 'NONE',  ( 0.8770197613181063279, 0.0000000000000000000, -0.4804543040264409592 ) ) ;
#5243 = LINE ( 'NONE', #476, #4669 ) ;
#5244 = VERTEX_POINT ( 'NONE', #3882 ) ;
#5245 = CARTESIAN_POINT ( 'NONE',  ( 2.781748631538141225, 0.8964290159990534468, -1.823154916402045744 ) ) ;
#5246 = EDGE_CURVE ( 'NONE', #4823, #3854, #4956, .T. ) ;
#5247 = DIRECTION ( 'NONE',  ( 0.4802882638304235008, 0.0000000000000000000, -0.8771107020363836382 ) ) ;
#5248 = SURFACE_SIDE_STYLE ('',( #6307 ) ) ;
#5249 = B_SPLINE_CURVE_WITH_KNOTS ( 'NONE', 3,
 ( #6086, #1326, #2936, #4055, #1960, #3488, #4603, #3456, #2902, #1925, #2386, #5023, #6183, #5648, #2454, #5057, #1294, #3421, #5548 ),
 .UNSPECIFIED., .F., .F.,
 ( 4, 1, 1, 1, 1, 1, 1, 1, 1, 1, 1, 1, 1, 1, 1, 1, 4 ),
 ( 0.0000000000000000000, 0.06357343938028217623, 0.1256530596338936989, 0.1864030383171085270, 0.2469855460306188966, 0.3071642219456724998, 0.3682789434641775550, 0.4307805946005066056, 0.4953313665230566487, 0.5602881159778426712, 0.6233903597295501475, 0.6851027085027218133, 0.7468788192810686954, 0.8082423971592751499, 0.8708354176061771090, 0.9344128521751121630, 1.000000000000000000 ),
 .UNSPECIFIED. ) ;
#5250 = CARTESIAN_POINT ( 'NONE',  ( 3.459643134996525760, 0.8964290159990536688, -2.650819132989342908 ) ) ;
#5251 = DIRECTION ( 'NONE',  ( 0.4804152582365231461, 0.0000000000000000000, -0.8770411504904059852 ) ) ;
#5252 = EDGE_CURVE ( 'NONE', #910, #4188, #79, .T. ) ;
#5253 = DIRECTION ( 'NONE',  ( 1.000000000000000000, 0.0000000000000000000, 0.0000000000000000000 ) ) ;
#5254 = CARTESIAN_POINT ( 'NONE',  ( 0.4810665966880517952, 0.8964290159990533358, -0.3215061833250432155 ) ) ;
#5255 = VERTEX_POINT ( 'NONE', #1795 ) ;
#5256 = CARTESIAN_POINT ( 'NONE',  ( 0.5249999999999992450, -0.01000000000000000021, -0.3000000000000001554 ) ) ;
#5257 =( NAMED_UNIT ( * ) PLANE_ANGLE_UNIT ( ) SI_UNIT ( $, .RADIAN. ) );
#5258 = CARTESIAN_POINT ( 'NONE',  ( 2.253602765342478609, 0.9064290159990538998, -1.780581376337659893 ) ) ;
#5259 = LINE ( 'NONE', #425, #3983 ) ;
#5260 = DIRECTION ( 'NONE',  ( -0.0000000000000000000, -1.000000000000000000, -0.0000000000000000000 ) ) ;
#5261 = EDGE_LOOP ( 'NONE', ( #4056, #2309, #3081, #4381, #3422 ) ) ;
#5262 = VECTOR ( 'NONE', #4646, 1000.000000000000114 ) ;
#5263 = ORIENTED_EDGE ( 'NONE', *, *, #1989, .T. ) ;
#5264 = CARTESIAN_POINT ( 'NONE',  ( 5.052570485423875546, 0.8964290159990536688, -2.328888210179513862 ) ) ;
#5265 = CARTESIAN_POINT ( 'NONE',  ( 3.893831169184560181, 0.9064290159990536777, -1.645342407530534734 ) ) ;
#5266 = ADVANCED_FACE ( 'NONE', ( #1159 ), #121, .T. ) ;
#5267 = ORIENTED_EDGE ( 'NONE', *, *, #4212, .F. ) ;
#5268 = LINE ( 'NONE', #3502, #1668 ) ;
#5269 = ORIENTED_EDGE ( 'NONE', *, *, #5985, .F. ) ;
#5270 =( LENGTH_UNIT ( ) NAMED_UNIT ( * ) SI_UNIT ( .MILLI., .METRE. ) );
#5271 = ORIENTED_EDGE ( 'NONE', *, *, #4628, .T. ) ;
#5272 = EDGE_CURVE ( 'NONE', #2031, #1491, #4437, .T. ) ;
#5273 = CARTESIAN_POINT ( 'NONE',  ( 4.205903818757208867, 0.8964290159990536688, -1.647992480981389285 ) ) ;
#5274 = EDGE_CURVE ( 'NONE', #2826, #157, #4336, .T. ) ;
#5275 = PLANE ( 'NONE',  #2698 ) ;
#5276 = CARTESIAN_POINT ( 'NONE',  ( 2.343988768880530760, 0.9064290159990537887, -1.985052281995777657 ) ) ;
#5277 = VERTEX_POINT ( 'NONE', #3777 ) ;
#5278 = ORIENTED_EDGE ( 'NONE', *, *, #4631, .T. ) ;
#5279 = DIRECTION ( 'NONE',  ( 0.0000000000000000000, 0.0000000000000000000, -1.000000000000000000 ) ) ;
#5280 = CARTESIAN_POINT ( 'NONE',  ( 4.209083906898235306, 0.8964290159990536688, -1.504252497007030343 ) ) ;
#5281 = FACE_OUTER_BOUND ( 'NONE', #1797, .T. ) ;
#5282 = EDGE_CURVE ( 'NONE', #5244, #6812, #3286, .T. ) ;
#5283 = CARTESIAN_POINT ( 'NONE',  ( 4.419605741834132573, 0.9064290159990536777, -2.033419163673696684 ) ) ;
#5284 = B_SPLINE_CURVE_WITH_KNOTS ( 'NONE', 3,
 ( #5211, #1509, #5764, #6729, #3123, #2505, #1478, #3613, #5665, #4686, #3056, #6763, #6832, #1908, #1404, #5631, #4034, #6694, #376 ),
 .UNSPECIFIED., .F., .F.,
 ( 4, 1, 1, 1, 1, 1, 1, 1, 1, 1, 1, 1, 1, 1, 1, 1, 4 ),
 ( 0.0000000000000000000, 0.06545067193457762555, 0.1288958124905210112, 0.1913585873256530290, 0.2525944778565472060, 0.3142420428755802742, 0.3755687389020074818, 0.4385396774333752967, 0.5033612627514746363, 0.5677777153087145701, 0.6305474939262083467, 0.6915350459258837734, 0.7520395865642741651, 0.8124960322069119112, 0.8736078796181330208, 0.9360564797679853388, 1.000000000000000000 ),
 .UNSPECIFIED. ) ;
#5285 = ORIENTED_EDGE ( 'NONE', *, *, #6754, .T. ) ;
#5286 = ORIENTED_EDGE ( 'NONE', *, *, #3066, .F. ) ;
#5287 = CARTESIAN_POINT ( 'NONE',  ( 4.047599031096952515, 0.8964290159990536688, -2.328888210179513862 ) ) ;
#5288 = CARTESIAN_POINT ( 'NONE',  ( 4.733162432539260500, 0.9064290159990536777, -2.033419163673696684 ) ) ;
#5289 = CARTESIAN_POINT ( 'NONE',  ( 2.360590346837533549, 0.9064290159990537887, -1.836547759416144343 ) ) ;
#5290 = EDGE_CURVE ( 'NONE', #6584, #1917, #574, .T. ) ;
#5291 = DIRECTION ( 'NONE',  ( -0.0000000000000000000, -1.000000000000000000, -0.0000000000000000000 ) ) ;
#5292 = CARTESIAN_POINT ( 'NONE',  ( 2.724999999999999201, -0.01000000000000000021, -0.3000000000000000999 ) ) ;
#5293 = VERTEX_POINT ( 'NONE', #710 ) ;
#5294 = B_SPLINE_SURFACE_WITH_KNOTS ( 'NONE', 3, 1, ( 
 ( #5033, #266 ),
 ( #2397, #4507 ),
 ( #6653, #1868 ),
 ( #5697, #3535 ),
 ( #2040, #984 ),
 ( #1970, #1938 ),
 ( #5241, #5175 ),
 ( #4097, #4135 ),
 ( #3610, #847 ),
 ( #884, #340 ),
 ( #473, #4645 ),
 ( #3018, #2532 ),
 ( #5659, #2978 ),
 ( #6229, #3576 ),
 ( #2599, #6794 ),
 ( #951, #1440 ),
 ( #4712, #3120 ),
 ( #6859, #919 ),
 ( #5141, #2071 ) ),
 .UNSPECIFIED., .F., .F., .F.,
 ( 4, 1, 1, 1, 1, 1, 1, 1, 1, 1, 1, 1, 1, 1, 1, 1, 4 ),
 ( 2, 2 ),
 ( 0.0000000000000000000, 0.1140030800515474257, 0.2209111539002908964, 0.3211249107645967049, 0.4181342110000748624, 0.5058316848733231952, 0.5793175586488595874, 0.6522000865480223064, 0.7405221382852034129, 0.7849188993333421349, 0.8205474306993119082, 0.8485041895632599029, 0.8687900511545401105, 0.8890759127458204292, 0.9176595588659240965, 0.9545798757769611287, 1.000000000000000000 ),
 ( 0.0000000000000000000, 1.000000000000000000 ),
 .UNSPECIFIED. ) ;
#5295 = LINE ( 'NONE', #1637, #2655 ) ;
#5296 = CARTESIAN_POINT ( 'NONE',  ( 6.174999999999998934, -0.01000000000000000021, -1.635000000000000231 ) ) ;
#5297 = LINE ( 'NONE', #2688, #2559 ) ;
#5298 = LINE ( 'NONE', #6424, #5039 ) ;
#5299 = CARTESIAN_POINT ( 'NONE',  ( 4.337517066620457662, 0.8964290159990536688, -2.858054876846180203 ) ) ;
#5300 = VERTEX_POINT ( 'NONE', #6049 ) ;
#5301 =( NAMED_UNIT ( * ) SI_UNIT ( $, .STERADIAN. ) SOLID_ANGLE_UNIT ( ) );
#5302 = VERTEX_POINT ( 'NONE', #1723 ) ;
#5303 = DIRECTION ( 'NONE',  ( 1.000000000000000000, 0.0000000000000000000, 0.0000000000000000000 ) ) ;
#5304 = VECTOR ( 'NONE', #324, 1000.000000000000000 ) ;
#5305 = VERTEX_POINT ( 'NONE', #3852 ) ;
#5306 = CARTESIAN_POINT ( 'NONE',  ( 0.2749999999999992450, 0.0000000000000000000, -0.5500000000000001554 ) ) ;
#5307 = CARTESIAN_POINT ( 'NONE',  ( 3.486885890071312222, 0.9064290159990536777, -1.806042861590363646 ) ) ;
#5308 = PLANE ( 'NONE',  #883 ) ;
#5309 = VECTOR ( 'NONE', #5817, 1000.000000000000000 ) ;
#5310 = EDGE_CURVE ( 'NONE', #6850, #6432, #183, .T. ) ;
#5311 = ORIENTED_EDGE ( 'NONE', *, *, #5272, .T. ) ;
#5312 = ORIENTED_EDGE ( 'NONE', *, *, #85, .F. ) ;
#5313 = CARTESIAN_POINT ( 'NONE',  ( 2.767108114356040982, 0.9064290159990538998, -1.949415735770812397 ) ) ;
#5314 = CARTESIAN_POINT ( 'NONE',  ( 2.214621982836836978, 0.8964290159990537799, -2.549903730818732228 ) ) ;
#5315 = FILL_AREA_STYLE ('',( #3683 ) ) ;
#5316 = SURFACE_SIDE_STYLE ('',( #1095 ) ) ;
#5317 = LINE ( 'NONE', #1135, #6063 ) ;
#5318 = VECTOR ( 'NONE', #5813, 1000.000000000000000 ) ;
#5319 = LINE ( 'NONE', #5283, #1548 ) ;
#5320 = EDGE_CURVE ( 'NONE', #5204, #684, #6713, .T. ) ;
#5321 = EDGE_CURVE ( 'NONE', #5066, #2276, #5249, .T. ) ;
#5322 = VERTEX_POINT ( 'NONE', #4085 ) ;
#5323 = VECTOR ( 'NONE', #33, 1000.000000000000000 ) ;
#5324 = ORIENTED_EDGE ( 'NONE', *, *, #3834, .T. ) ;
#5325 = FACE_OUTER_BOUND ( 'NONE', #6648, .T. ) ;
#5326 = CARTESIAN_POINT ( 'NONE',  ( 2.359867328214653170, 0.8964290159990536688, -2.394566745818370368 ) ) ;
#5327 = PLANE ( 'NONE',  #2827 ) ;
#5328 = AXIS2_PLACEMENT_3D ( 'NONE', #1740, #2850, #1216 ) ;
#5329 = VECTOR ( 'NONE', #1614, 1000.000000000000000 ) ;
#5330 = FACE_OUTER_BOUND ( 'NONE', #6730, .T. ) ;
#5331 = EDGE_LOOP ( 'NONE', ( #3631, #643, #6524, #717, #4237, #2137, #5758, #5867, #1909, #4531, #5523, #6697 ) ) ;
#5332 = CARTESIAN_POINT ( 'NONE',  ( 4.691651682005072210, 0.8964290159990536688, -2.858054876846180203 ) ) ;
#5333 = EDGE_CURVE ( 'NONE', #5819, #1991, #1390, .T. ) ;
#5334 = DIRECTION ( 'NONE',  ( 0.4804152582365220914, 0.0000000000000000000, 0.8770411504904065403 ) ) ;
#5335 = FACE_OUTER_BOUND ( 'NONE', #1528, .T. ) ;
#5336 = LINE ( 'NONE', #3733, #6505 ) ;
#5337 = STYLED_ITEM ( 'NONE', ( #1610 ), #5109 ) ;
#5338 = FACE_OUTER_BOUND ( 'NONE', #317, .T. ) ;
#5339 = VECTOR ( 'NONE', #5773, 1000.000000000000114 ) ;
#5340 = VERTEX_POINT ( 'NONE', #4498 ) ;
#5341 = EDGE_CURVE ( 'NONE', #5974, #148, #1858, .T. ) ;
#5342 = DIRECTION ( 'NONE',  ( 0.4802758347947843065, 0.0000000000000000000, 0.8771175078130485359 ) ) ;
#5343 = VECTOR ( 'NONE', #6289, 1000.000000000000000 ) ;
#5344 = ORIENTED_EDGE ( 'NONE', *, *, #466, .T. ) ;
#5345 = DIRECTION ( 'NONE',  ( -5.421010862427522170E-17, 0.0000000000000000000, -1.000000000000000000 ) ) ;
#5346 = ORIENTED_EDGE ( 'NONE', *, *, #3925, .T. ) ;
#5347 = AXIS2_PLACEMENT_3D ( 'NONE', #211, #2378, #2346 ) ;
#5348 = PLANE ( 'NONE',  #4110 ) ;
#5349 = CARTESIAN_POINT ( 'NONE',  ( 0.3999774880071459982, 0.9064290159990537887, -0.4708560251788378448 ) ) ;
#5350 = VECTOR ( 'NONE', #5076, 1000.000000000000000 ) ;
#5351 = LINE ( 'NONE', #4745, #339 ) ;
#5352 = ORIENTED_EDGE ( 'NONE', *, *, #1275, .T. ) ;
#5353 = ORIENTED_EDGE ( 'NONE', *, *, #2314, .F. ) ;
#5354 = CARTESIAN_POINT ( 'NONE',  ( 0.5249999999999992450, 0.0000000000000000000, -0.3000000000000001554 ) ) ;
#5355 = CARTESIAN_POINT ( 'NONE',  ( 4.419605741834132573, 0.8964290159990536688, -2.033419163673696684 ) ) ;
#5356 = LINE ( 'NONE', #2080, #4488 ) ;
#5357 = CARTESIAN_POINT ( 'NONE',  ( 3.000000000000000000, 0.0000000000000000000, -3.700000000000000178 ) ) ;
#5358 = EDGE_CURVE ( 'NONE', #6850, #6189, #363, .T. ) ;
#5359 = ORIENTED_EDGE ( 'NONE', *, *, #4685, .F. ) ;
#5360 = DIRECTION ( 'NONE',  ( 0.0000000000000000000, -1.000000000000000000, 0.0000000000000000000 ) ) ;
#5361 = ORIENTED_EDGE ( 'NONE', *, *, #4460, .T. ) ;
#5362 = CARTESIAN_POINT ( 'NONE',  ( 4.049867493970884524, 0.9064290159990536777, -1.908971714421560328 ) ) ;
#5363 = EDGE_CURVE ( 'NONE', #2414, #4198, #5584, .T. ) ;
#5364 = CARTESIAN_POINT ( 'NONE',  ( 4.728286297389687753, 0.8964290159990536688, -1.908971714421560328 ) ) ;
#5365 = EDGE_CURVE ( 'NONE', #6790, #691, #870, .T. ) ;
#5366 = FACE_OUTER_BOUND ( 'NONE', #553, .T. ) ;
#5367 = CARTESIAN_POINT ( 'NONE',  ( 4.989710743169601947, 0.9064290159990536777, -2.858054876846180203 ) ) ;
#5368 = ORIENTED_EDGE ( 'NONE', *, *, #5399, .F. ) ;
#5369 = CARTESIAN_POINT ( 'NONE',  ( 4.054383219131141303, 0.9064290159990536777, -2.858054876846180203 ) ) ;
#5370 = DIRECTION ( 'NONE',  ( 1.000000000000000000, 0.0000000000000000000, 0.0000000000000000000 ) ) ;
#5371 = VECTOR ( 'NONE', #1271, 1000.000000000000000 ) ;
#5372 = CARTESIAN_POINT ( 'NONE',  ( 0.2124046488319323855, 0.8964290159990536688, -0.3480185847706619429 ) ) ;
#5373 = LINE ( 'NONE', #2251, #703 ) ;
#5374 = CARTESIAN_POINT ( 'NONE',  ( 0.3748756902409048353, 0.9064290159990538998, -0.2175492870892843100 ) ) ;
#5375 = VECTOR ( 'NONE', #1077, 1000.000000000000000 ) ;
#5376 = ORIENTED_EDGE ( 'NONE', *, *, #3102, .F. ) ;
#5377 = CARTESIAN_POINT ( 'NONE',  ( 4.224999999999999645, -0.01000000000000000021, -2.499999999999999556 ) ) ;
#5378 = ORIENTED_EDGE ( 'NONE', *, *, #6374, .T. ) ;
#5379 =( NAMED_UNIT ( * ) PLANE_ANGLE_UNIT ( ) SI_UNIT ( $, .RADIAN. ) );
#5380 = ORIENTED_EDGE ( 'NONE', *, *, #1872, .F. ) ;
#5381 = CARTESIAN_POINT ( 'NONE',  ( 2.334510529182229899, 0.9064290159990540108, -2.345755794218359558 ) ) ;
#5382 = COLOUR_RGB ( '',1.000000000000000000, 1.000000000000000000, 1.000000000000000000 ) ;
#5383 = CARTESIAN_POINT ( 'NONE',  ( 1.574999999999999067, -0.01000000000000000021, -0.3000000000000001554 ) ) ;
#5384 = CARTESIAN_POINT ( 'NONE',  ( 0.4335890835670235810, 0.8964290159990537799, -0.4506361440932856177 ) ) ;
#5385 = EDGE_CURVE ( 'NONE', #4833, #625, #4529, .T. ) ;
#5386 = ORIENTED_EDGE ( 'NONE', *, *, #3649, .F. ) ;
#5387 = ORIENTED_EDGE ( 'NONE', *, *, #2084, .F. ) ;
#5388 = VECTOR ( 'NONE', #538, 1000.000000000000000 ) ;
#5389 = CARTESIAN_POINT ( 'NONE',  ( 3.813777750381140752, 0.8964290159990536688, -2.548420294848317447 ) ) ;
#5390 = PLANE ( 'NONE',  #6337 ) ;
#5391 = SURFACE_STYLE_USAGE ( .BOTH. , #5248 ) ;
#5392 = CARTESIAN_POINT ( 'NONE',  ( 2.493869501057486282, 0.8964290159990534468, -2.815378005588977217 ) ) ;
#5393 = CARTESIAN_POINT ( 'NONE',  ( 2.717983401336620197, 0.8964290159990538909, -2.309513677905383311 ) ) ;
#5394 = VERTEX_POINT ( 'NONE', #6677 ) ;
#5395 = LINE ( 'NONE', #2125, #232 ) ;
#5396 = VERTEX_POINT ( 'NONE', #6749 ) ;
#5397 = CARTESIAN_POINT ( 'NONE',  ( -2.168404344971008868E-16, 0.8964290159990536688, -4.000000000000000000 ) ) ;
#5398 = CARTESIAN_POINT ( 'NONE',  ( 6.500000000000000000, 0.8964290159990536688, -4.000000000000000000 ) ) ;
#5399 = EDGE_CURVE ( 'NONE', #6812, #3870, #6153, .T. ) ;
#5400 = FACE_OUTER_BOUND ( 'NONE', #1428, .T. ) ;
#5401 = DIRECTION ( 'NONE',  ( -1.000000000000000000, 0.0000000000000000000, 0.0000000000000000000 ) ) ;
#5402 = EDGE_CURVE ( 'NONE', #501, #6790, #1892, .T. ) ;
#5403 = LINE ( 'NONE', #630, #1552 ) ;
#5404 = ORIENTED_EDGE ( 'NONE', *, *, #2177, .T. ) ;
#5405 = CARTESIAN_POINT ( 'NONE',  ( 6.174999999999998934, -0.01000000000000000021, -0.3000000000000000444 ) ) ;
#5406 = CARTESIAN_POINT ( 'NONE',  ( 4.726272241567038179, 0.9064290159990536777, -2.033419163673696684 ) ) ;
#5407 = CARTESIAN_POINT ( 'NONE',  ( 0.2220612359968823224, 0.9064290159990536777, -0.2968568087494984908 ) ) ;
#5408 = CARTESIAN_POINT ( 'NONE',  ( 2.324999999999998845, 0.0000000000000000000, -0.3000000000000002109 ) ) ;
#5409 = CARTESIAN_POINT ( 'NONE',  ( 0.4832289281461383257, 0.9064290159990536777, -0.3480185847706619429 ) ) ;
#5410 = VERTEX_POINT ( 'NONE', #1359 ) ;
#5411 = EDGE_CURVE ( 'NONE', #625, #3254, #5517, .T. ) ;
#5412 = CARTESIAN_POINT ( 'NONE',  ( 4.904272375114047122, 0.9064290159990536777, -2.599619713918829955 ) ) ;
#5413 = ADVANCED_BREP_SHAPE_REPRESENTATION ( 'TBU-PL', ( #5599, #3531 ), #2867 ) ;
#5414 = VERTEX_POINT ( 'NONE', #836 ) ;
#5415 = ADVANCED_FACE ( 'NONE', ( #2967 ), #326, .F. ) ;
#5416 = FACE_OUTER_BOUND ( 'NONE', #6894, .T. ) ;
#5417 = ORIENTED_EDGE ( 'NONE', *, *, #6572, .T. ) ;
#5418 = LINE ( 'NONE', #5306, #5329 ) ;
#5419 = FACE_BOUND ( 'NONE', #4636, .T. ) ;
#5420 = CARTESIAN_POINT ( 'NONE',  ( 0.4436565924557854257, 0.8964290159990537799, -0.4415840157076394434 ) ) ;
#5421 = ORIENTED_EDGE ( 'NONE', *, *, #2638, .T. ) ;
#5422 = ORIENTED_EDGE ( 'NONE', *, *, #6912, .F. ) ;
#5423 = CARTESIAN_POINT ( 'NONE',  ( 2.781523500779968572, 0.8964290159990534468, -1.865806904119101217 ) ) ;
#5424 = CARTESIAN_POINT ( 'NONE',  ( 2.202616944530010556, 0.8964290159990536688, -2.550312174942152676 ) ) ;
#5425 = CARTESIAN_POINT ( 'NONE',  ( 2.323105214372245708, 0.8964290159990535578, -2.333035717551740884 ) ) ;
#5426 = ADVANCED_FACE ( 'NONE', ( #2353 ), #4468, .T. ) ;
#5427 = CARTESIAN_POINT ( 'NONE',  ( 1.186810847209285313, 0.9064290159990536777, -2.550312174942152676 ) ) ;
#5428 = ORIENTED_EDGE ( 'NONE', *, *, #475, .T. ) ;
#5429 =( LENGTH_UNIT ( ) NAMED_UNIT ( * ) SI_UNIT ( .MILLI., .METRE. ) );
#5430 = ORIENTED_EDGE ( 'NONE', *, *, #2075, .T. ) ;
#5431 = STYLED_ITEM ( 'NONE', ( #4751 ), #3311 ) ;
#5432 = DIRECTION ( 'NONE',  ( 0.0000000000000000000, 0.0000000000000000000, 1.000000000000000000 ) ) ;
#5433 = CARTESIAN_POINT ( 'NONE',  ( 4.522046981150371181, 0.8964290159990536688, -2.650819132989342908 ) ) ;
#5434 = ORIENTED_EDGE ( 'NONE', *, *, #3076, .T. ) ;
#5435 = CARTESIAN_POINT ( 'NONE',  ( 2.379675551523483978, 0.9064290159990536777, -1.899344919941882592 ) ) ;
#5436 = VECTOR ( 'NONE', #661, 1000.000000000000000 ) ;
#5437 = FACE_OUTER_BOUND ( 'NONE', #5797, .T. ) ;
#5438 = CARTESIAN_POINT ( 'NONE',  ( 2.379825228611964771, 0.8964290159990536688, -1.906874280931120103 ) ) ;
#5439 = ORIENTED_EDGE ( 'NONE', *, *, #4846, .F. ) ;
#5440 = CARTESIAN_POINT ( 'NONE',  ( 5.131945485423875297, 0.9064290159990536777, -2.033419163673696684 ) ) ;
#5441 = SURFACE_STYLE_USAGE ( .BOTH. , #2860 ) ;
#5442 = DIRECTION ( 'NONE',  ( -1.000000000000000000, 0.0000000000000000000, -0.0000000000000000000 ) ) ;
#5443 = CARTESIAN_POINT ( 'NONE',  ( 0.2957407109046405469, 0.9064290159990537887, -0.4708263996724375011 ) ) ;
#5444 = AXIS2_PLACEMENT_3D ( 'NONE', #2311, #6005, #1188 ) ;
#5445 = ORIENTED_EDGE ( 'NONE', *, *, #2265, .F. ) ;
#5446 = FACE_OUTER_BOUND ( 'NONE', #4339, .T. ) ;
#5447 = EDGE_LOOP ( 'NONE', ( #3778, #4054, #6752, #2045 ) ) ;
#5448 = ORIENTED_EDGE ( 'NONE', *, *, #2393, .T. ) ;
#5449 = VECTOR ( 'NONE', #2143, 1000.000000000000000 ) ;
#5450 = CARTESIAN_POINT ( 'NONE',  ( 2.621769303883636049, 0.9064290159990534557, -2.195216036061463871 ) ) ;
#5451 = EDGE_CURVE ( 'NONE', #6226, #1008, #4699, .T. ) ;
#5452 = CARTESIAN_POINT ( 'NONE',  ( 1.116030114348765423, 0.9064290159990536777, -2.289757013397629049 ) ) ;
#5453 = VECTOR ( 'NONE', #5144, 1000.000000000000227 ) ;
#5454 = EDGE_CURVE ( 'NONE', #1585, #5305, #1002, .T. ) ;
#5455 = PRESENTATION_STYLE_ASSIGNMENT (( #4442 ) ) ;
#5456 = VECTOR ( 'NONE', #3006, 1000.000000000000000 ) ;
#5457 = ORIENTED_EDGE ( 'NONE', *, *, #1179, .F. ) ;
#5458 = ORIENTED_EDGE ( 'NONE', *, *, #262, .T. ) ;
#5459 = AXIS2_PLACEMENT_3D ( 'NONE', #5491, #3961, #3428 ) ;
#5460 = CARTESIAN_POINT ( 'NONE',  ( 0.4830952465212539626, 0.8964290159990538909, -0.3524819599492620137 ) ) ;
#5461 = CARTESIAN_POINT ( 'NONE',  ( 4.174999999999998934, 0.0000000000000000000, -0.3000000000000000444 ) ) ;
#5462 = CARTESIAN_POINT ( 'NONE',  ( 2.140555577311728630, 0.9064290159990538998, -2.289757013397629049 ) ) ;
#5463 = VECTOR ( 'NONE', #6136, 1000.000000000000000 ) ;
#5464 = DIRECTION ( 'NONE',  ( 0.0000000000000000000, 0.0000000000000000000, 1.000000000000000000 ) ) ;
#5465 = CARTESIAN_POINT ( 'NONE',  ( 2.773476819572648022, 0.8964290159990538909, -1.922768354826981607 ) ) ;
#5466 = EDGE_CURVE ( 'NONE', #325, #1776, #5818, .T. ) ;
#5467 = VECTOR ( 'NONE', #2848, 1000.000000000000000 ) ;
#5468 = VERTEX_POINT ( 'NONE', #1496 ) ;
#5469 = CARTESIAN_POINT ( 'NONE',  ( 0.3342964178782228402, 0.8964290159990536688, -0.4799295305651871679 ) ) ;
#5470 = VERTEX_POINT ( 'NONE', #5 ) ;
#5471 = DIRECTION ( 'NONE',  ( -1.000000000000000000, 0.0000000000000000000, -0.0000000000000000000 ) ) ;
#5472 = CARTESIAN_POINT ( 'NONE',  ( 5.036966852945243822, 0.8964290159990536688, -2.033419163673696684 ) ) ;
#5473 = ORIENTED_EDGE ( 'NONE', *, *, #6368, .F. ) ;
#5474 = CARTESIAN_POINT ( 'NONE',  ( 2.292888024120238732, 0.9064290159990536777, -1.452954363673436777 ) ) ;
#5475 = EDGE_CURVE ( 'NONE', #1917, #5097, #1463, .T. ) ;
#5476 = DIRECTION ( 'NONE',  ( 0.9290796217259642553, -0.0000000000000000000, 0.3698797865436000420 ) ) ;
#5477 = DIRECTION ( 'NONE',  ( 1.000000000000000000, 0.0000000000000000000, 0.0000000000000000000 ) ) ;
#5478 = ORIENTED_EDGE ( 'NONE', *, *, #1480, .F. ) ;
#5479 = PRODUCT ( 'TBU-PL', 'TBU-PL', '', ( #3719 ) ) ;
#5480 = CARTESIAN_POINT ( 'NONE',  ( 4.224999999999999645, 0.0000000000000000000, -3.699999999999999734 ) ) ;
#5481 = LINE ( 'NONE', #4494, #4769 ) ;
#5482 = CARTESIAN_POINT ( 'NONE',  ( 5.131945485423875297, 0.8964290159990536688, -1.504252497007030343 ) ) ;
#5483 = CARTESIAN_POINT ( 'NONE',  ( 0.2125343059820616332, 0.8964290159990535578, -0.3524830608923865682 ) ) ;
#5484 = EDGE_LOOP ( 'NONE', ( #2738, #6, #5166, #3768, #5092, #4070, #1705, #4907, #5516, #3571, #40, #5221 ) ) ;
#5485 = DIRECTION ( 'NONE',  ( 0.0000000000000000000, 0.0000000000000000000, -1.000000000000000000 ) ) ;
#5486 = ORIENTED_EDGE ( 'NONE', *, *, #4976, .F. ) ;
#5487 = ORIENTED_EDGE ( 'NONE', *, *, #6530, .T. ) ;
#5488 = FACE_OUTER_BOUND ( 'NONE', #4500, .T. ) ;
#5489 = ADVANCED_FACE ( 'NONE', ( #6318 ), #6781, .T. ) ;
#5490 = PLANE ( 'NONE',  #2501 ) ;
#5491 = CARTESIAN_POINT ( 'NONE',  ( 0.0000000000000000000, -0.01000000000000000021, 0.0000000000000000000 ) ) ;
#5492 = EDGE_LOOP ( 'NONE', ( #730, #4912, #2935, #3845 ) ) ;
#5493 = EDGE_CURVE ( 'NONE', #2764, #6225, #5787, .T. ) ;
#5494 = EDGE_LOOP ( 'NONE', ( #5015, #2975, #3469, #6154 ) ) ;
#5495 = ADVANCED_FACE ( 'NONE', ( #6848 ), #6351, .T. ) ;
#5496 = CARTESIAN_POINT ( 'NONE',  ( 0.3525472326105589804, 0.8964290159990535578, -0.4801721209394653189 ) ) ;
#5497 = PRESENTATION_LAYER_ASSIGNMENT (  '', '', ( #2604 ) ) ;
#5498 = CARTESIAN_POINT ( 'NONE',  ( 4.876181596534986618, 0.8964290159990536688, -2.650819132989342908 ) ) ;
#5499 = CARTESIAN_POINT ( 'NONE',  ( 2.175913017920536152, 0.8964290159990535578, -2.290332929970904541 ) ) ;
#5500 =( LENGTH_UNIT ( ) NAMED_UNIT ( * ) SI_UNIT ( .MILLI., .METRE. ) );
#5501 = CARTESIAN_POINT ( 'NONE',  ( 0.4282260363345810061, 0.8964290159990536688, -2.550312174942152676 ) ) ;
#5502 = VECTOR ( 'NONE', #4195, 1000.000000000000000 ) ;
#5503 = ORIENTED_EDGE ( 'NONE', *, *, #4176, .F. ) ;
#5504 = CARTESIAN_POINT ( 'NONE',  ( 0.3433691072886176365, 0.8964290159990535578, -0.4801744979510159106 ) ) ;
#5505 = CARTESIAN_POINT ( 'NONE',  ( 1.574999999999999734, -0.01000000000000000021, -3.700000000000000178 ) ) ;
#5506 = EDGE_CURVE ( 'NONE', #4909, #1160, #2060, .T. ) ;
#5507 = DIRECTION ( 'NONE',  ( 0.9655185844044609222, -0.0000000000000000000, 0.2603341375417481118 ) ) ;
#5508 = CARTESIAN_POINT ( 'NONE',  ( 2.747213509810505716, 0.9064290159990536777, -1.998546285728580063 ) ) ;
#5509 = CARTESIAN_POINT ( 'NONE',  ( 4.344301254654644673, 0.9064290159990536777, -2.328888210179513862 ) ) ;
#5510 = DIRECTION ( 'NONE',  ( -0.0000000000000000000, 0.0000000000000000000, -1.000000000000000000 ) ) ;
#5511 = ORIENTED_EDGE ( 'NONE', *, *, #4026, .F. ) ;
#5512 = DIRECTION ( 'NONE',  ( -0.9136674107863315131, 0.0000000000000000000, 0.4064626212421025842 ) ) ;
#5513 = LINE ( 'NONE', #1226, #2663 ) ;
#5514 = PLANE ( 'NONE',  #5710 ) ;
#5515 = CARTESIAN_POINT ( 'NONE',  ( 0.3080728587263244500, 0.8964290159990534468, -0.4751515689573905243 ) ) ;
#5516 = ORIENTED_EDGE ( 'NONE', *, *, #3699, .F. ) ;
#5517 = LINE ( 'NONE', #5129, #6699 ) ;
#5518 = ORIENTED_EDGE ( 'NONE', *, *, #4667, .F. ) ;
#5519 = ORIENTED_EDGE ( 'NONE', *, *, #1115, .T. ) ;
#5520 = DIRECTION ( 'NONE',  ( 0.0000000000000000000, -0.0000000000000000000, 1.000000000000000000 ) ) ;
#5521 = CARTESIAN_POINT ( 'NONE',  ( 0.4610817247206702163, 0.9064290159990536777, -0.4212784647043538166 ) ) ;
#5522 = CARTESIAN_POINT ( 'NONE',  ( 4.884322622176012985, 0.9064290159990536777, -1.647992480981389285 ) ) ;
#5523 = ORIENTED_EDGE ( 'NONE', *, *, #61, .F. ) ;
#5524 = ORIENTED_EDGE ( 'NONE', *, *, #3654, .T. ) ;
#5525 = CARTESIAN_POINT ( 'NONE',  ( 0.4335890835670235810, 0.8964290159990537799, -0.4506361440932856177 ) ) ;
#5526 = DIRECTION ( 'NONE',  ( -0.4806015670138532592, 0.0000000000000000000, 0.8769390707362905157 ) ) ;
#5527 = CARTESIAN_POINT ( 'NONE',  ( 2.330304148842740730, 0.8964290159990535578, -1.996336838423088844 ) ) ;
#5528 = LINE ( 'NONE', #749, #1106 ) ;
#5529 = VERTEX_POINT ( 'NONE', #1036 ) ;
#5530 = LINE ( 'NONE', #752, #6141 ) ;
#5531 = CARTESIAN_POINT ( 'NONE',  ( 2.379825228611964771, 0.9064290159990536777, -1.906874280931120103 ) ) ;
#5532 = LINE ( 'NONE', #2338, #2208 ) ;
#5533 = MECHANICAL_DESIGN_GEOMETRIC_PRESENTATION_REPRESENTATION (  '', ( #6206 ), #2537 ) ;
#5534 = DIRECTION ( 'NONE',  ( -0.4802882638304245555, 0.0000000000000000000, -0.8771107020363828610 ) ) ;
#5535 = EDGE_CURVE ( 'NONE', #2639, #1901, #2029, .T. ) ;
#5536 = EDGE_CURVE ( 'NONE', #1174, #1426, #522, .T. ) ;
#5537 = APPLICATION_PROTOCOL_DEFINITION ( 'draft international standard', 'automotive_design', 1998, #2829 ) ;
#5538 = PLANE ( 'NONE',  #2670 ) ;
#5539 = ORIENTED_EDGE ( 'NONE', *, *, #51, .F. ) ;
#5540 = CARTESIAN_POINT ( 'NONE',  ( 1.574999999999999734, -0.01000000000000000021, -2.425000000000000266 ) ) ;
#5541 = DIRECTION ( 'NONE',  ( 0.4804152582365220914, 0.0000000000000000000, 0.8770411504904065403 ) ) ;
#5542 = DIRECTION ( 'NONE',  ( 0.0000000000000000000, 5.898127683191702389E-14, 1.000000000000000000 ) ) ;
#5543 = CARTESIAN_POINT ( 'NONE',  ( 4.924999999999998934, -0.01000000000000000021, -0.3000000000000002109 ) ) ;
#5544 = MECHANICAL_DESIGN_GEOMETRIC_PRESENTATION_REPRESENTATION (  '', ( #6674 ), #4104 ) ;
#5545 = DIRECTION ( 'NONE',  ( -1.000000000000000000, 0.0000000000000000000, 0.0000000000000000000 ) ) ;
#5546 = ORIENTED_EDGE ( 'NONE', *, *, #4595, .F. ) ;
#5547 = ADVANCED_FACE ( 'NONE', ( #1526 ), #3171, .T. ) ;
#5548 = CARTESIAN_POINT ( 'NONE',  ( 0.3479760344392396898, 0.9064290159990536777, -0.4802988874070792669 ) ) ;
#5549 = ORIENTED_EDGE ( 'NONE', *, *, #6538, .F. ) ;
#5550 = VECTOR ( 'NONE', #5770, 1000.000000000000227 ) ;
#5551 = VERTEX_POINT ( 'NONE', #3136 ) ;
#5552 = DIRECTION ( 'NONE',  ( 0.3651136360950639759, 0.0000000000000000000, 0.9309629599170103909 ) ) ;
#5553 = FACE_BOUND ( 'NONE', #6320, .T. ) ;
#5554 = SURFACE_STYLE_FILL_AREA ( #3889 ) ;
#5555 = AXIS2_PLACEMENT_3D ( 'NONE', #3282, #4291, #1005 ) ;
#5556 = EDGE_CURVE ( 'NONE', #3268, #3414, #2522, .T. ) ;
#5557 = ORIENTED_EDGE ( 'NONE', *, *, #2209, .F. ) ;
#5558 = ORIENTED_EDGE ( 'NONE', *, *, #6857, .T. ) ;
#5559 = DIRECTION ( 'NONE',  ( 0.2473315137773177408, 0.0000000000000000000, -0.9689309171930785558 ) ) ;
#5560 = AXIS2_PLACEMENT_3D ( 'NONE', #3632, #974, #6187 ) ;
#5561 = DIRECTION ( 'NONE',  ( -0.4802882638304222795, 0.0000000000000000000, 0.8771107020363840823 ) ) ;
#5562 = PRESENTATION_STYLE_ASSIGNMENT (( #2365 ) ) ;
#5563 = AXIS2_PLACEMENT_3D ( 'NONE', #2834, #4814, #4849 ) ;
#5564 = DIRECTION ( 'NONE',  ( -1.000000000000000000, 0.0000000000000000000, 0.0000000000000000000 ) ) ;
#5565 = VECTOR ( 'NONE', #5918, 1000.000000000000227 ) ;
#5566 = VERTEX_POINT ( 'NONE', #5164 ) ;
#5567 = CARTESIAN_POINT ( 'NONE',  ( 0.2177140393683641151, 0.8964290159990538909, -0.3868181493306450669 ) ) ;
#5568 = PRESENTATION_LAYER_ASSIGNMENT (  '', '', ( #3791 ) ) ;
#5569 = DIRECTION ( 'NONE',  ( -0.4806015670138532592, 0.0000000000000000000, 0.8769390707362905157 ) ) ;
#5570 = LINE ( 'NONE', #1813, #6785 ) ;
#5571 = DIRECTION ( 'NONE',  ( -0.0000000000000000000, -1.000000000000000000, -0.0000000000000000000 ) ) ;
#5572 = EDGE_CURVE ( 'NONE', #2037, #6533, #395, .T. ) ;
#5573 =( NAMED_UNIT ( * ) PLANE_ANGLE_UNIT ( ) SI_UNIT ( $, .RADIAN. ) );
#5574 = PLANE ( 'NONE',  #5117 ) ;
#5575 = EDGE_CURVE ( 'NONE', #531, #1464, #492, .T. ) ;
#5576 = ORIENTED_EDGE ( 'NONE', *, *, #6316, .F. ) ;
#5577 = DIRECTION ( 'NONE',  ( 0.0000000000000000000, 0.0000000000000000000, 1.000000000000000000 ) ) ;
#5578 = EDGE_CURVE ( 'NONE', #4155, #625, #427, .T. ) ;
#5579 = CARTESIAN_POINT ( 'NONE',  ( 2.737984637173513924, 0.9064290159990534557, -2.573982594688900782 ) ) ;
#5580 =( NAMED_UNIT ( * ) PLANE_ANGLE_UNIT ( ) SI_UNIT ( $, .RADIAN. ) );
#5581 = LINE ( 'NONE', #3981, #2704 ) ;
#5582 = DIRECTION ( 'NONE',  ( -1.000000000000000000, 0.0000000000000000000, -0.0000000000000000000 ) ) ;
#5583 = ORIENTED_EDGE ( 'NONE', *, *, #400, .F. ) ;
#5584 = LINE ( 'NONE', #3521, #4565 ) ;
#5585 = ORIENTED_EDGE ( 'NONE', *, *, #2574, .T. ) ;
#5586 = ORIENTED_EDGE ( 'NONE', *, *, #5290, .T. ) ;
#5587 = B_SPLINE_CURVE_WITH_KNOTS ( 'NONE', 3,
 ( #6556, #3470, #6034, #6071, #5567, #1775, #2336, #198, #6168, #237, #3340, #2918, #5041, #2369, #2818, #6102, #5469, #5504, #1281 ),
 .UNSPECIFIED., .F., .F.,
 ( 4, 1, 1, 1, 1, 1, 1, 1, 1, 1, 1, 1, 1, 1, 1, 1, 4 ),
 ( 0.0000000000000000000, 0.06357343938028217623, 0.1256530596338936989, 0.1864030383171085270, 0.2469855460306188966, 0.3071642219456724998, 0.3682789434641775550, 0.4307805946005066056, 0.4953313665230566487, 0.5602881159778426712, 0.6233903597295501475, 0.6851027085027218133, 0.7468788192810686954, 0.8082423971592751499, 0.8708354176061771090, 0.9344128521751121630, 1.000000000000000000 ),
 .UNSPECIFIED. ) ;
#5588 = CARTESIAN_POINT ( 'NONE',  ( 4.047853438148234950, 0.9064290159990536777, -2.033419163673696684 ) ) ;
#5589 = CARTESIAN_POINT ( 'NONE',  ( 6.500000000000000888, 0.8964290159990536688, 0.0000000000000000000 ) ) ;
#5590 = VERTEX_POINT ( 'NONE', #2587 ) ;
#5591 = EDGE_LOOP ( 'NONE', ( #3711, #6167, #1773, #5837 ) ) ;
#5592 = CARTESIAN_POINT ( 'NONE',  ( 2.781971102470304658, 0.8964290159990533358, -1.845927833288978359 ) ) ;
#5593 = ORIENTED_EDGE ( 'NONE', *, *, #3919, .T. ) ;
#5594 = FACE_OUTER_BOUND ( 'NONE', #4942, .T. ) ;
#5595 = LINE ( 'NONE', #341, #5262 ) ;
#5596 = VECTOR ( 'NONE', #6881, 1000.000000000000000 ) ;
#5597 = CARTESIAN_POINT ( 'NONE',  ( 4.560377643543533921, 0.8964290159990536688, -1.504252497007030343 ) ) ;
#5598 = DIRECTION ( 'NONE',  ( -0.0000000000000000000, -1.000000000000000000, -0.0000000000000000000 ) ) ;
#5599 = MANIFOLD_SOLID_BREP ( 'Boss-Extrude4', #6501 ) ;
#5600 = ORIENTED_EDGE ( 'NONE', *, *, #640, .F. ) ;
#5601 = CARTESIAN_POINT ( 'NONE',  ( 3.431552356417465699, 0.8964290159990536688, -2.599619713918829955 ) ) ;
#5602 = LINE ( 'NONE', #6200, #3651 ) ;
#5603 = FACE_OUTER_BOUND ( 'NONE', #6452, .T. ) ;
#5604 = DIRECTION ( 'NONE',  ( 0.8771107020363841933, -0.0000000000000000000, 0.4802882638304223906 ) ) ;
#5605 = VECTOR ( 'NONE', #1411, 1000.000000000000000 ) ;
#5606 = CARTESIAN_POINT ( 'NONE',  ( 2.755100160373156637, 0.8964290159990535578, -2.480493241991760023 ) ) ;
#5607 = EDGE_CURVE ( 'NONE', #2528, #6676, #2616, .T. ) ;
#5608 = EDGE_LOOP ( 'NONE', ( #6833, #2938, #5650, #18 ) ) ;
#5609 = DIRECTION ( 'NONE',  ( 1.000000000000000000, 0.0000000000000000000, -0.0000000000000000000 ) ) ;
#5610 = LINE ( 'NONE', #5051, #871 ) ;
#5611 = CARTESIAN_POINT ( 'NONE',  ( 0.4282260363345810061, 0.9064290159990536777, -2.550312174942152676 ) ) ;
#5612 = CARTESIAN_POINT ( 'NONE',  ( 1.574999999999999734, -0.01000000000000000021, -3.700000000000000178 ) ) ;
#5613 = EDGE_CURVE ( 'NONE', #157, #1901, #5851, .T. ) ;
#5614 = LINE ( 'NONE', #4496, #5304 ) ;
#5615 = ORIENTED_EDGE ( 'NONE', *, *, #5744, .F. ) ;
#5616 = DIRECTION ( 'NONE',  ( -0.4802758347947843065, 0.0000000000000000000, -0.8771175078130484248 ) ) ;
#5617 = ORIENTED_EDGE ( 'NONE', *, *, #6062, .T. ) ;
#5618 = UNCERTAINTY_MEASURE_WITH_UNIT (LENGTH_MEASURE( 1.000000000000000082E-05 ), #992, 'distance_accuracy_value', 'NONE');
#5619 = ORIENTED_EDGE ( 'NONE', *, *, #5290, .F. ) ;
#5620 = CARTESIAN_POINT ( 'NONE',  ( 0.2839923754436705083, 0.9064290159990536777, -0.2303083670334490907 ) ) ;
#5621 = CARTESIAN_POINT ( 'NONE',  ( 2.202616944530010556, 0.9064290159990536777, -2.550312174942152676 ) ) ;
#5622 = EDGE_CURVE ( 'NONE', #971, #3581, #1744, .T. ) ;
#5623 = B_SPLINE_CURVE_WITH_KNOTS ( 'NONE', 3,
 ( #3677, #21, #5802, #1692, #3709, #5276, #504, #5835, #1053, #3184, #2664, #1088, #2150, #3784, #4272 ),
 .UNSPECIFIED., .F., .F.,
 ( 4, 1, 1, 1, 1, 1, 1, 1, 1, 1, 1, 1, 4 ),
 ( 0.0000000000000000000, 0.09544797463091092560, 0.1904704100286978563, 0.2912066475677053123, 0.4010332319514465227, 0.4598047309624355705, 0.5224282124666591587, 0.5878657621470996242, 0.6584905049094711416, 0.7351598356816925195, 0.8164933573836662406, 0.9050563342499580166, 1.000000000000000000 ),
 .UNSPECIFIED. ) ;
#5624 = EDGE_LOOP ( 'NONE', ( #16, #580, #1975, #3384 ) ) ;
#5625 = VERTEX_POINT ( 'NONE', #3767 ) ;
#5626 = CARTESIAN_POINT ( 'NONE',  ( 6.200000000000000178, -0.01000000000000000021, -3.700000000000000178 ) ) ;
#5627 = VERTEX_POINT ( 'NONE', #2793 ) ;
#5628 = LINE ( 'NONE', #2008, #6798 ) ;
#5629 = CARTESIAN_POINT ( 'NONE',  ( 4.560377643543533921, 0.9064290159990536777, -1.504252497007030343 ) ) ;
#5630 = FACE_OUTER_BOUND ( 'NONE', #4618, .T. ) ;
#5631 = CARTESIAN_POINT ( 'NONE',  ( 0.2146122038050954361, 0.8964290159990534468, -0.3215273267002996538 ) ) ;
#5632 = DIRECTION ( 'NONE',  ( 0.0000000000000000000, 3.553620032450843274E-13, 1.000000000000000000 ) ) ;
#5633 = EDGE_LOOP ( 'NONE', ( #3489, #2354, #2288, #218 ) ) ;
#5634 = CARTESIAN_POINT ( 'NONE',  ( 2.603280179094247693, 0.9064290159990533446, -1.539889150455816980 ) ) ;
#5635 = EDGE_CURVE ( 'NONE', #3581, #6578, #5403, .T. ) ;
#5636 = FACE_OUTER_BOUND ( 'NONE', #2660, .T. ) ;
#5637 = PLANE ( 'NONE',  #423 ) ;
#5638 = CARTESIAN_POINT ( 'NONE',  ( 5.722169844398234950, 0.9064290159990536777, -1.504252497007030343 ) ) ;
#5639 = CARTESIAN_POINT ( 'NONE',  ( 3.841868528960200813, 0.9064290159990536777, -2.599619713918829955 ) ) ;
#5640 = CARTESIAN_POINT ( 'NONE',  ( 0.4192502187616888865, 0.9064290159990536777, -1.015190918046959379 ) ) ;
#5641 = VERTEX_POINT ( 'NONE', #4950 ) ;
#5642 = DIRECTION ( 'NONE',  ( 0.0000000000000000000, 0.0000000000000000000, -1.000000000000000000 ) ) ;
#5643 = CARTESIAN_POINT ( 'NONE',  ( 4.047599031096952515, 0.9064290159990536777, -2.328888210179513862 ) ) ;
#5644 = CARTESIAN_POINT ( 'NONE',  ( 4.755868261866183389, 0.9064290159990536777, -2.328888210179513862 ) ) ;
#5645 = CARTESIAN_POINT ( 'NONE',  ( 2.340082040040679878, 0.9064290159990536777, -2.497384992724724917 ) ) ;
#5646 = DIRECTION ( 'NONE',  ( -0.4802882638304245555, 0.0000000000000000000, -0.8771107020363828610 ) ) ;
#5647 = ORIENTED_EDGE ( 'NONE', *, *, #312, .T. ) ;
#5648 = CARTESIAN_POINT ( 'NONE',  ( 0.2957407109046405469, 0.9064290159990537887, -0.4708263996724375011 ) ) ;
#5649 = EDGE_LOOP ( 'NONE', ( #981, #1629, #1841, #5487 ) ) ;
#5650 = ORIENTED_EDGE ( 'NONE', *, *, #210, .T. ) ;
#5651 = CARTESIAN_POINT ( 'NONE',  ( 4.988417507325585198, 0.9064290159990536777, -2.033419163673696684 ) ) ;
#5652 = VECTOR ( 'NONE', #4309, 1000.000000000000000 ) ;
#5653 = PLANE ( 'NONE',  #3948 ) ;
#5654 = AXIS2_PLACEMENT_3D ( 'NONE', #6836, #3544, #5247 ) ;
#5655 = ORIENTED_EDGE ( 'NONE', *, *, #946, .F. ) ;
#5656 = ORIENTED_EDGE ( 'NONE', *, *, #5341, .T. ) ;
#5657 = LINE ( 'NONE', #917, #1974 ) ;
#5658 = ORIENTED_EDGE ( 'NONE', *, *, #3298, .F. ) ;
#5659 = CARTESIAN_POINT ( 'NONE',  ( 2.649147060173160817, 0.9064290159990536777, -2.219867694069673991 ) ) ;
#5660 = ADVANCED_FACE ( 'NONE', ( #5889 ), #2169, .T. ) ;
#5661 = CARTESIAN_POINT ( 'NONE',  ( 2.288664543998843559, 0.9064290159990535667, -2.015243173823677125 ) ) ;
#5662 = VECTOR ( 'NONE', #4048, 1000.000000000000000 ) ;
#5663 = DIRECTION ( 'NONE',  ( -1.000000000000000000, 0.0000000000000000000, 0.0000000000000000000 ) ) ;
#5664 = AXIS2_PLACEMENT_3D ( 'NONE', #6442, #4386, #1661 ) ;
#5665 = CARTESIAN_POINT ( 'NONE',  ( 0.2619544727551008645, 0.8964290159990537799, -0.2448439053940880683 ) ) ;
#5666 = ORIENTED_EDGE ( 'NONE', *, *, #4667, .T. ) ;
#5667 = VECTOR ( 'NONE', #2619, 1000.000000000000000 ) ;
#5668 = CARTESIAN_POINT ( 'NONE',  ( 2.780858161857380662, 0.8964290159990534468, -1.798041079415438892 ) ) ;
#5669 = CARTESIAN_POINT ( 'NONE',  ( 0.9813928507553847380, 0.8964290159990536688, -1.773775728921664019 ) ) ;
#5670 = CARTESIAN_POINT ( 'NONE',  ( 4.876181596534986618, 0.9064290159990536777, -2.548420294848317447 ) ) ;
#5671 = VECTOR ( 'NONE', #5952, 1000.000000000000000 ) ;
#5672 = LINE ( 'NONE', #896, #4270 ) ;
#5673 = CARTESIAN_POINT ( 'NONE',  ( 4.894286898351226434, 0.9064290159990536777, -1.504252497007030343 ) ) ;
#5674 = VECTOR ( 'NONE', #3152, 1000.000000000000000 ) ;
#5675 = VECTOR ( 'NONE', #909, 1000.000000000000000 ) ;
#5676 = DIRECTION ( 'NONE',  ( -0.0000000000000000000, -1.000000000000000000, -0.0000000000000000000 ) ) ;
#5677 = EDGE_LOOP ( 'NONE', ( #3079, #1669, #256, #1252 ) ) ;
#5678 = MECHANICAL_DESIGN_GEOMETRIC_PRESENTATION_REPRESENTATION (  '', ( #2344 ), #4231 ) ;
#5679 = FILL_AREA_STYLE_COLOUR ( '', #2765 ) ;
#5680 = DIRECTION ( 'NONE',  ( -1.000000000000000000, 0.0000000000000000000, 0.0000000000000000000 ) ) ;
#5681 = LINE ( 'NONE', #3067, #6801 ) ;
#5682 = PLANE ( 'NONE',  #2041 ) ;
#5683 = STYLED_ITEM ( 'NONE', ( #2640 ), #5910 ) ;
#5684 = EDGE_CURVE ( 'NONE', #4780, #1203, #4256, .T. ) ;
#5685 = DIRECTION ( 'NONE',  ( -0.0000000000000000000, -1.000000000000000000, -0.0000000000000000000 ) ) ;
#5686 = ORIENTED_EDGE ( 'NONE', *, *, #4803, .F. ) ;
#5687 = DIRECTION ( 'NONE',  ( -0.8770197613181063279, 0.0000000000000000000, -0.4804543040264409592 ) ) ;
#5688 = VERTEX_POINT ( 'NONE', #1713 ) ;
#5689 = ORIENTED_EDGE ( 'NONE', *, *, #5786, .F. ) ;
#5690 = CARTESIAN_POINT ( 'NONE',  ( 0.3080740719591939514, 0.9064290159990540108, -0.2204629872658384615 ) ) ;
#5691 = CARTESIAN_POINT ( 'NONE',  ( 4.215868094932423205, 0.9064290159990536777, -1.504252497007030343 ) ) ;
#5692 = EDGE_LOOP ( 'NONE', ( #24, #2201, #4410, #4680 ) ) ;
#5693 = ORIENTED_EDGE ( 'NONE', *, *, #3721, .F. ) ;
#5694 = LINE ( 'NONE', #1935, #3755 ) ;
#5695 = EDGE_CURVE ( 'NONE', #2417, #80, #5167, .T. ) ;
#5696 = ORIENTED_EDGE ( 'NONE', *, *, #750, .T. ) ;
#5697 = CARTESIAN_POINT ( 'NONE',  ( 2.750788462429157644, 0.9064290159990535667, -2.396587605977551494 ) ) ;
#5698 = CARTESIAN_POINT ( 'NONE',  ( 2.363303881393243877, 0.9064290159990538998, -2.411909922508908455 ) ) ;
#5699 = DIRECTION ( 'NONE',  ( -1.000000000000000000, 0.0000000000000000000, 0.0000000000000000000 ) ) ;
#5700 = LINE ( 'NONE', #922, #6347 ) ;
#5701 = ADVANCED_FACE ( 'NONE', ( #668 ), #4366, .T. ) ;
#5702 = ADVANCED_FACE ( 'NONE', ( #5330 ), #3310, .T. ) ;
#5703 = ORIENTED_EDGE ( 'NONE', *, *, #4900, .T. ) ;
#5704 = CARTESIAN_POINT ( 'NONE',  ( 2.781748631538141225, 0.9064290159990536777, -1.823154916402045744 ) ) ;
#5705 = VECTOR ( 'NONE', #1964, 1000.000000000000000 ) ;
#5706 = LINE ( 'NONE', #5669, #3543 ) ;
#5707 = DIRECTION ( 'NONE',  ( 0.8769390707362905157, -0.0000000000000000000, 0.4806015670138532592 ) ) ;
#5708 = LINE ( 'NONE', #4655, #2160 ) ;
#5709 = CARTESIAN_POINT ( 'NONE',  ( 0.4610439163112468042, 0.9064290159990536777, -0.2743266433493466994 ) ) ;
#5710 = AXIS2_PLACEMENT_3D ( 'NONE', #215, #3355, #6607 ) ;
#5711 = EDGE_CURVE ( 'NONE', #4694, #5302, #2683, .T. ) ;
#5712 = PLANE ( 'NONE',  #3797 ) ;
#5713 = EDGE_LOOP ( 'NONE', ( #5647, #2006, #4959, #2360 ) ) ;
#5714 = LINE ( 'NONE', #2547, #6893 ) ;
#5715 = CARTESIAN_POINT ( 'NONE',  ( 2.202616944530010556, 0.8964290159990536688, -2.550312174942152676 ) ) ;
#5716 = AXIS2_PLACEMENT_3D ( 'NONE', #3379, #4425, #3871 ) ;
#5717 = DIRECTION ( 'NONE',  ( -0.0000000000000000000, -1.000000000000000000, -0.0000000000000000000 ) ) ;
#5718 = CARTESIAN_POINT ( 'NONE',  ( 3.293430528158919124, 0.8964290159990536688, -2.033419163673696684 ) ) ;
#5719 = CARTESIAN_POINT ( 'NONE',  ( 4.642254312881140876, 0.9064290159990536777, -2.328888210179513862 ) ) ;
#5720 = VECTOR ( 'NONE', #2010, 1000.000000000000000 ) ;
#5721 = DIRECTION ( 'NONE',  ( 1.000000000000000000, 0.0000000000000000000, 0.0000000000000000000 ) ) ;
#5722 = ORIENTED_EDGE ( 'NONE', *, *, #6499, .T. ) ;
#5723 = ADVANCED_FACE ( 'NONE', ( #3476 ), #5574, .F. ) ;
#5724 = ORIENTED_EDGE ( 'NONE', *, *, #4350, .F. ) ;
#5725 = CARTESIAN_POINT ( 'NONE',  ( 0.2619544727551008645, 0.8964290159990537799, -0.2448439053940880683 ) ) ;
#5726 = DIRECTION ( 'NONE',  ( -0.4804152582365220359, 0.0000000000000000000, 0.8770411504904065403 ) ) ;
#5727 = ORIENTED_EDGE ( 'NONE', *, *, #3236, .T. ) ;
#5728 = ORIENTED_EDGE ( 'NONE', *, *, #5965, .T. ) ;
#5729 = DIRECTION ( 'NONE',  ( 0.0000000000000000000, -0.0000000000000000000, 1.000000000000000000 ) ) ;
#5730 = ORIENTED_EDGE ( 'NONE', *, *, #2091, .F. ) ;
#5731 = LINE ( 'NONE', #4578, #2100 ) ;
#5732 = CARTESIAN_POINT ( 'NONE',  ( 1.574999999999999734, -0.01000000000000000021, -3.700000000000000178 ) ) ;
#5733 = DIRECTION ( 'NONE',  ( 0.4804543040264410148, 0.0000000000000000000, -0.8770197613181063279 ) ) ;
#5734 = ORIENTED_EDGE ( 'NONE', *, *, #2231, .T. ) ;
#5735 = CARTESIAN_POINT ( 'NONE',  ( 4.522046981150371181, 0.9064290159990536777, -2.548420294848317447 ) ) ;
#5736 = CARTESIAN_POINT ( 'NONE',  ( 3.680129246107636920, 0.9064290159990536777, -2.033419163673696684 ) ) ;
#5737 = CARTESIAN_POINT ( 'NONE',  ( 4.642254312881140876, 0.9064290159990536777, -2.328888210179513862 ) ) ;
#5738 = CARTESIAN_POINT ( 'NONE',  ( 2.354023518506375368, 0.8964290159990535578, -2.477514929343314964 ) ) ;
#5739 = CARTESIAN_POINT ( 'NONE',  ( 0.4777719047767325922, 0.8964290159990536688, -0.3089697421630478447 ) ) ;
#5740 = CARTESIAN_POINT ( 'NONE',  ( 4.408517834515755851, 0.8964290159990536688, -2.858054876846180203 ) ) ;
#5741 = ORIENTED_EDGE ( 'NONE', *, *, #39, .T. ) ;
#5742 = PLANE ( 'NONE',  #1310 ) ;
#5743 = CARTESIAN_POINT ( 'NONE',  ( 4.049867493970884524, 0.8964290159990536688, -1.908971714421560328 ) ) ;
#5744 = EDGE_CURVE ( 'NONE', #4482, #6515, #4519, .T. ) ;
#5745 = LINE ( 'NONE', #3068, #3940 ) ;
#5746 = EDGE_CURVE ( 'NONE', #4409, #2762, #2308, .T. ) ;
#5747 = FILL_AREA_STYLE ('',( #2552 ) ) ;
#5748 = CARTESIAN_POINT ( 'NONE',  ( 4.567161831577721820, 0.9064290159990536777, -1.504252497007030343 ) ) ;
#5749 = VERTEX_POINT ( 'NONE', #861 ) ;
#5750 = ORIENTED_EDGE ( 'NONE', *, *, #2476, .F. ) ;
#5751 = DIRECTION ( 'NONE',  ( 0.0000000000000000000, 0.0000000000000000000, -1.000000000000000000 ) ) ;
#5752 = LINE ( 'NONE', #6822, #2940 ) ;
#5753 = EDGE_CURVE ( 'NONE', #536, #878, #1848, .T. ) ;
#5754 = ADVANCED_FACE ( 'NONE', ( #3912 ), #5538, .F. ) ;
#5755 = ORIENTED_EDGE ( 'NONE', *, *, #800, .T. ) ;
#5756 = PRODUCT_DEFINITION_FORMATION_WITH_SPECIFIED_SOURCE ( 'ANY', '', #5479, .NOT_KNOWN. ) ;
#5757 = SURFACE_SIDE_STYLE ('',( #2562 ) ) ;
#5758 = ORIENTED_EDGE ( 'NONE', *, *, #1855, .F. ) ;
#5759 = CARTESIAN_POINT ( 'NONE',  ( 5.049999999999999822, -0.01000000000000000021, -3.699999999999999734 ) ) ;
#5760 = ORIENTED_EDGE ( 'NONE', *, *, #4251, .T. ) ;
#5761 = LINE ( 'NONE', #439, #6679 ) ;
#5762 = CARTESIAN_POINT ( 'NONE',  ( 4.988417507325585198, 0.8964290159990536688, -2.033419163673696684 ) ) ;
#5763 = ADVANCED_FACE ( 'NONE', ( #729 ), #5082, .F. ) ;
#5764 = CARTESIAN_POINT ( 'NONE',  ( 0.3342965044048955003, 0.8964290159990541129, -0.2156831287816836362 ) ) ;
#5765 = PRESENTATION_LAYER_ASSIGNMENT (  '', '', ( #6674 ) ) ;
#5766 = EDGE_CURVE ( 'NONE', #2500, #1849, #4559, .T. ) ;
#5767 = ORIENTED_EDGE ( 'NONE', *, *, #1867, .F. ) ;
#5768 = CARTESIAN_POINT ( 'NONE',  ( 2.782198307808182225, 0.9064290159990536777, -1.835837096139945945 ) ) ;
#5769 = VECTOR ( 'NONE', #784, 1000.000000000000000 ) ;
#5770 = DIRECTION ( 'NONE',  ( -0.4806015670138532592, 0.0000000000000000000, 0.8769390707362905157 ) ) ;
#5771 =( NAMED_UNIT ( * ) PLANE_ANGLE_UNIT ( ) SI_UNIT ( $, .RADIAN. ) );
#5772 = CARTESIAN_POINT ( 'NONE',  ( 2.321410068628456447, 0.8964290159990535578, -2.515662290073239937 ) ) ;
#5773 = DIRECTION ( 'NONE',  ( -0.4806015670138506501, 0.0000000000000000000, 0.8769390707362919590 ) ) ;
#5774 = AXIS2_PLACEMENT_3D ( 'NONE', #1260, #4403, #6535 ) ;
#5775 = CARTESIAN_POINT ( 'NONE',  ( 0.4116588449364766422, 0.8964290159990534468, -0.2303438525085806654 ) ) ;
#5776 = ORIENTED_EDGE ( 'NONE', *, *, #3508, .F. ) ;
#5777 = CARTESIAN_POINT ( 'NONE',  ( 3.893831169184560181, 0.9064290159990536777, -1.645342407530534734 ) ) ;
#5778 = CARTESIAN_POINT ( 'NONE',  ( 1.574999999999999734, -0.01000000000000000021, -2.425000000000000266 ) ) ;
#5779 = EDGE_CURVE ( 'NONE', #3606, #4373, #1983, .T. ) ;
#5780 = VECTOR ( 'NONE', #1665, 1000.000000000000000 ) ;
#5781 = DIRECTION ( 'NONE',  ( 1.000000000000000000, 0.0000000000000000000, 0.0000000000000000000 ) ) ;
#5782 = AXIS2_PLACEMENT_3D ( 'NONE', #498, #3635, #470 ) ;
#5783 = EDGE_CURVE ( 'NONE', #3606, #1689, #3687, .T. ) ;
#5784 = DIRECTION ( 'NONE',  ( -0.4804543040264425136, 0.0000000000000000000, -0.8770197613181054397 ) ) ;
#5785 = VECTOR ( 'NONE', #73, 1000.000000000000000 ) ;
#5786 = EDGE_CURVE ( 'NONE', #2617, #2068, #3588, .T. ) ;
#5787 = LINE ( 'NONE', #6257, #677 ) ;
#5788 = ORIENTED_EDGE ( 'NONE', *, *, #1683, .T. ) ;
#5789 = B_SPLINE_CURVE_WITH_KNOTS ( 'NONE', 3,
 ( #3300, #4280, #3794, #2780, #3266, #4245, #5393, #5842, #2232, #6486, #4905, #1062, #551, #3685, #4794, #622, #2193, #138, #657 ),
 .UNSPECIFIED., .F., .F.,
 ( 4, 1, 1, 1, 1, 1, 1, 1, 1, 1, 1, 1, 1, 1, 1, 1, 4 ),
 ( 0.0000000000000000000, 0.1140030800515474257, 0.2209111539002908964, 0.3211249107645967049, 0.4181342110000748624, 0.5058316848733231952, 0.5793175586488595874, 0.6522000865480223064, 0.7405221382852034129, 0.7849188993333421349, 0.8205474306993119082, 0.8485041895632599029, 0.8687900511545401105, 0.8890759127458204292, 0.9176595588659240965, 0.9545798757769611287, 1.000000000000000000 ),
 .UNSPECIFIED. ) ;
#5790 = FACE_OUTER_BOUND ( 'NONE', #652, .T. ) ;
#5791 = AXIS2_PLACEMENT_3D ( 'NONE', #5963, #564, #1185 ) ;
#5792 = CARTESIAN_POINT ( 'NONE',  ( 0.2127895760032332551, 0.8964290159990538909, -0.3346239188737026304 ) ) ;
#5793 = CARTESIAN_POINT ( 'NONE',  ( 6.500000000000000000, 0.8964290159990536688, -4.000000000000000000 ) ) ;
#5794 = PRESENTATION_LAYER_ASSIGNMENT (  '', '', ( #1906 ) ) ;
#5795 = ORIENTED_EDGE ( 'NONE', *, *, #5333, .T. ) ;
#5796 = CARTESIAN_POINT ( 'NONE',  ( 5.036966852945243822, 0.8964290159990536688, -2.033419163673696684 ) ) ;
#5797 = EDGE_LOOP ( 'NONE', ( #2589, #2625, #1497, #6290 ) ) ;
#5798 = EDGE_CURVE ( 'NONE', #3195, #2734, #3032, .T. ) ;
#5799 = ORIENTED_EDGE ( 'NONE', *, *, #6633, .T. ) ;
#5800 = LINE ( 'NONE', #4378, #1427 ) ;
#5801 = FACE_OUTER_BOUND ( 'NONE', #1367, .T. ) ;
#5802 = CARTESIAN_POINT ( 'NONE',  ( 2.378679949077652456, 0.9064290159990537887, -1.928864227769520712 ) ) ;
#5803 = ORIENTED_EDGE ( 'NONE', *, *, #1315, .T. ) ;
#5804 = EDGE_LOOP ( 'NONE', ( #1139, #3464, #4504, #14 ) ) ;
#5805 = CARTESIAN_POINT ( 'NONE',  ( 3.463035229013619265, 0.9064290159990536777, -1.504252497007030343 ) ) ;
#5806 = CARTESIAN_POINT ( 'NONE',  ( 3.824999999999999734, 0.0000000000000000000, -2.499999999999999556 ) ) ;
#5807 = CARTESIAN_POINT ( 'NONE',  ( 4.174999999999998934, -0.01000000000000000021, -0.3000000000000000444 ) ) ;
#5808 = DIRECTION ( 'NONE',  ( 0.0000000000000000000, 0.0000000000000000000, 1.000000000000000000 ) ) ;
#5809 = CARTESIAN_POINT ( 'NONE',  ( 6.200000000000000178, -0.01000000000000000021, -3.700000000000000178 ) ) ;
#5810 = ORIENTED_EDGE ( 'NONE', *, *, #3540, .T. ) ;
#5811 = CARTESIAN_POINT ( 'NONE',  ( 0.4678824583622008260, 0.8964290159990533358, -0.2853603856417085693 ) ) ;
#5812 = VERTEX_POINT ( 'NONE', #961 ) ;
#5813 = DIRECTION ( 'NONE',  ( 1.000000000000000000, 0.0000000000000000000, 0.0000000000000000000 ) ) ;
#5814 = CARTESIAN_POINT ( 'NONE',  ( 2.152700116377099349, 0.8964290159990534468, -2.289954828658069541 ) ) ;
#5815 = CARTESIAN_POINT ( 'NONE',  ( 2.367381603757530151, 0.8964290159990537799, -1.847283755312978837 ) ) ;
#5816 = VECTOR ( 'NONE', #6570, 1000.000000000000000 ) ;
#5817 = DIRECTION ( 'NONE',  ( 0.0000000000000000000, 0.0000000000000000000, 1.000000000000000000 ) ) ;
#5818 = LINE ( 'NONE', #4635, #1675 ) ;
#5819 = VERTEX_POINT ( 'NONE', #2545 ) ;
#5820 = VECTOR ( 'NONE', #3656, 1000.000000000000227 ) ;
#5821 = LINE ( 'NONE', #6879, #1229 ) ;
#5822 = CARTESIAN_POINT ( 'NONE',  ( 3.927306897015756082, 0.8964290159990536688, -2.858054876846180203 ) ) ;
#5823 = CARTESIAN_POINT ( 'NONE',  ( 0.2146122038050954361, 0.9064290159990534557, -0.3215273267002996538 ) ) ;
#5824 = CARTESIAN_POINT ( 'NONE',  ( 2.358317437290941232, 0.8964290159990534468, -1.970017310208723504 ) ) ;
#5825 = CARTESIAN_POINT ( 'NONE',  ( 0.3080740719591939514, 0.9064290159990540108, -0.2204629872658384615 ) ) ;
#5826 = VECTOR ( 'NONE', #6866, 1000.000000000000227 ) ;
#5827 = ORIENTED_EDGE ( 'NONE', *, *, #2560, .T. ) ;
#5828 = FACE_OUTER_BOUND ( 'NONE', #3351, .T. ) ;
#5829 = ORIENTED_EDGE ( 'NONE', *, *, #5695, .T. ) ;
#5830 = DIRECTION ( 'NONE',  ( -0.0000000000000000000, 0.0000000000000000000, 1.000000000000000000 ) ) ;
#5831 = VERTEX_POINT ( 'NONE', #1029 ) ;
#5832 = CARTESIAN_POINT ( 'NONE',  ( 2.363925208911413112, 0.9064290159990538998, -2.433370094563901631 ) ) ;
#5833 = DIRECTION ( 'NONE',  ( -0.4802758347947843065, 0.0000000000000000000, -0.8771175078130484248 ) ) ;
#5834 = EDGE_CURVE ( 'NONE', #6334, #3072, #6205, .T. ) ;
#5835 = CARTESIAN_POINT ( 'NONE',  ( 2.317919481605289711, 0.9064290159990537887, -2.003578745244291248 ) ) ;
#5836 = ORIENTED_EDGE ( 'NONE', *, *, #631, .T. ) ;
#5837 = ORIENTED_EDGE ( 'NONE', *, *, #2170, .T. ) ;
#5838 = CARTESIAN_POINT ( 'NONE',  ( 2.734361682777044944, 0.9064290159990536777, -2.021245888231697929 ) ) ;
#5839 = CARTESIAN_POINT ( 'NONE',  ( 2.362515761265659542, 0.8964290159990536688, -2.455903559816821069 ) ) ;
#5840 = DIRECTION ( 'NONE',  ( -0.5213313868808859830, 0.0000000000000000000, -0.8533543139006516398 ) ) ;
#5841 = CARTESIAN_POINT ( 'NONE',  ( 0.4282260363345810061, 0.9064290159990536777, -2.550312174942152676 ) ) ;
#5842 = CARTESIAN_POINT ( 'NONE',  ( 2.707343023906423340, 0.8964290159990536688, -2.285975282667140895 ) ) ;
#5843 = EDGE_CURVE ( 'NONE', #5255, #23, #6870, .T. ) ;
#5844 = ORIENTED_EDGE ( 'NONE', *, *, #4466, .F. ) ;
#5845 = CARTESIAN_POINT ( 'NONE',  ( 3.741186938415328900, 0.9064290159990536777, -2.033419163673696684 ) ) ;
#5846 = ORIENTED_EDGE ( 'NONE', *, *, #5320, .F. ) ;
#5847 = CARTESIAN_POINT ( 'NONE',  ( 4.281441512400371963, 0.9064290159990536777, -2.858054876846180203 ) ) ;
#5848 = DIRECTION ( 'NONE',  ( 0.0000000000000000000, 0.0000000000000000000, -1.000000000000000000 ) ) ;
#5849 = CARTESIAN_POINT ( 'NONE',  ( 2.352295778143825178, 0.8964290159990535578, -1.824648727464255771 ) ) ;
#5850 = EDGE_CURVE ( 'NONE', #3624, #1613, #3669, .T. ) ;
#5851 = LINE ( 'NONE', #1635, #561 ) ;
#5852 = ORIENTED_EDGE ( 'NONE', *, *, #5184, .T. ) ;
#5853 = DIRECTION ( 'NONE',  ( 1.000000000000000000, 0.0000000000000000000, 0.0000000000000000000 ) ) ;
#5854 = CARTESIAN_POINT ( 'NONE',  ( 3.680129246107636920, 0.9064290159990536777, -2.033419163673696684 ) ) ;
#5855 = DIRECTION ( 'NONE',  ( -0.0000000000000000000, -1.000000000000000000, -0.0000000000000000000 ) ) ;
#5856 = CARTESIAN_POINT ( 'NONE',  ( 5.518644203372593537, 0.9064290159990536777, -2.033419163673696684 ) ) ;
#5857 = CARTESIAN_POINT ( 'NONE',  ( 0.2839923754436705083, 0.9064290159990536777, -0.2303083670334490907 ) ) ;
#5858 = ORIENTED_EDGE ( 'NONE', *, *, #1562, .T. ) ;
#5859 = ORIENTED_EDGE ( 'NONE', *, *, #3700, .F. ) ;
#5860 = PLANE ( 'NONE',  #4741 ) ;
#5861 = VECTOR ( 'NONE', #3454, 1000.000000000000000 ) ;
#5862 = ORIENTED_EDGE ( 'NONE', *, *, #4687, .F. ) ;
#5863 = CARTESIAN_POINT ( 'NONE',  ( 2.349738959383913084, 0.9064290159990537887, -2.370430385869748857 ) ) ;
#5864 = ADVANCED_FACE ( 'NONE', ( #1558 ), #5712, .F. ) ;
#5865 = DIRECTION ( 'NONE',  ( -0.4804543040264409592, 0.0000000000000000000, -0.8770197613181063279 ) ) ;
#5866 = DIRECTION ( 'NONE',  ( 1.301042606982605321E-16, 0.0000000000000000000, -1.000000000000000000 ) ) ;
#5867 = ORIENTED_EDGE ( 'NONE', *, *, #506, .F. ) ;
#5868 = EDGE_CURVE ( 'NONE', #4160, #3870, #2712, .T. ) ;
#5869 = VERTEX_POINT ( 'NONE', #624 ) ;
#5870 = EDGE_CURVE ( 'NONE', #6432, #4219, #6523, .T. ) ;
#5871 = CARTESIAN_POINT ( 'NONE',  ( 2.390711564474808259, 0.9064290159990538998, -1.459468488195816871 ) ) ;
#5872 = CARTESIAN_POINT ( 'NONE',  ( 0.4282260363345810061, 0.9064290159990536777, -2.871133540190379030 ) ) ;
#5873 = PLANE ( 'NONE',  #2325 ) ;
#5874 = CARTESIAN_POINT ( 'NONE',  ( 5.382960442688832892, 0.9064290159990536777, -1.504252497007030343 ) ) ;
#5875 = LINE ( 'NONE', #1096, #3155 ) ;
#5876 = VECTOR ( 'NONE', #662, 1000.000000000000000 ) ;
#5877 = CARTESIAN_POINT ( 'NONE',  ( 2.585499676996519280, 0.8964290159990536688, -2.167429442475643064 ) ) ;
#5878 = ORIENTED_EDGE ( 'NONE', *, *, #3437, .F. ) ;
#5879 = VECTOR ( 'NONE', #1143, 1000.000000000000114 ) ;
#5880 = DIRECTION ( 'NONE',  ( -0.0000000000000000000, -1.000000000000000000, -0.0000000000000000000 ) ) ;
#5881 = ORIENTED_EDGE ( 'NONE', *, *, #5198, .F. ) ;
#5882 = PLANE ( 'NONE',  #6789 ) ;
#5883 = EDGE_CURVE ( 'NONE', #191, #1400, #5395, .T. ) ;
#5884 = SURFACE_STYLE_USAGE ( .BOTH. , #3133 ) ;
#5885 = DIRECTION ( 'NONE',  ( 1.000000000000000000, 0.0000000000000000000, 0.0000000000000000000 ) ) ;
#5886 = VECTOR ( 'NONE', #171, 1000.000000000000114 ) ;
#5887 = AXIS2_PLACEMENT_3D ( 'NONE', #1094, #2705, #4825 ) ;
#5888 = DIRECTION ( 'NONE',  ( -1.000000000000000000, 0.0000000000000000000, 0.0000000000000000000 ) ) ;
#5889 = FACE_OUTER_BOUND ( 'NONE', #5213, .T. ) ;
#5890 = ORIENTED_EDGE ( 'NONE', *, *, #3796, .F. ) ;
#5891 = AXIS2_PLACEMENT_3D ( 'NONE', #2119, #4080, #3715 ) ;
#5892 = CARTESIAN_POINT ( 'NONE',  ( 6.200000000000000178, -0.01000000000000000021, -3.700000000000000178 ) ) ;
#5893 = ORIENTED_EDGE ( 'NONE', *, *, #1956, .T. ) ;
#5894 = CARTESIAN_POINT ( 'NONE',  ( 4.894286898351226434, 0.9064290159990536777, -1.504252497007030343 ) ) ;
#5895 = FACE_OUTER_BOUND ( 'NONE', #2215, .T. ) ;
#5896 = DIRECTION ( 'NONE',  ( -1.000000000000000000, 0.0000000000000000000, 0.0000000000000000000 ) ) ;
#5897 = VECTOR ( 'NONE', #2332, 1000.000000000000000 ) ;
#5898 = ORIENTED_EDGE ( 'NONE', *, *, #4891, .F. ) ;
#5899 = CARTESIAN_POINT ( 'NONE',  ( 0.0000000000000000000, 0.8964290159990536688, 0.0000000000000000000 ) ) ;
#5900 = PRESENTATION_LAYER_ASSIGNMENT (  '', '', ( #2011 ) ) ;
#5901 = EDGE_LOOP ( 'NONE', ( #3490, #5089, #3393, #5760 ) ) ;
#5902 = DIRECTION ( 'NONE',  ( 0.0000000000000000000, 0.0000000000000000000, -1.000000000000000000 ) ) ;
#5903 = ORIENTED_EDGE ( 'NONE', *, *, #5073, .T. ) ;
#5904 = VECTOR ( 'NONE', #3515, 1000.000000000000000 ) ;
#5905 = CARTESIAN_POINT ( 'NONE',  ( 2.307785245863501977, 0.9064290159990535667, -2.321516917035167271 ) ) ;
#5906 = CARTESIAN_POINT ( 'NONE',  ( 3.933985082111910447, 0.9064290159990536777, -2.328888210179513862 ) ) ;
#5907 = VECTOR ( 'NONE', #5880, 1000.000000000000000 ) ;
#5908 = DIRECTION ( 'NONE',  ( 0.5213313868808869822, 0.0000000000000000000, -0.8533543139006510847 ) ) ;
#5909 = VERTEX_POINT ( 'NONE', #2268 ) ;
#5910 = ADVANCED_FACE ( 'NONE', ( #1213 ), #2162, .F. ) ;
#5911 = ORIENTED_EDGE ( 'NONE', *, *, #5535, .T. ) ;
#5912 = CARTESIAN_POINT ( 'NONE',  ( 2.773476819572648022, 0.8964290159990536688, -1.922768354826981607 ) ) ;
#5913 = CARTESIAN_POINT ( 'NONE',  ( 2.269681905621078855, 0.8964290159990536688, -2.542381764113867071 ) ) ;
#5914 =( NAMED_UNIT ( * ) SI_UNIT ( $, .STERADIAN. ) SOLID_ANGLE_UNIT ( ) );
#5915 = DIRECTION ( 'NONE',  ( 0.0000000000000000000, 1.000000000000000000, 0.0000000000000000000 ) ) ;
#5916 = DIRECTION ( 'NONE',  ( -0.0000000000000000000, 1.000000000000000000, -0.0000000000000000000 ) ) ;
#5917 = EDGE_CURVE ( 'NONE', #3459, #4970, #4393, .T. ) ;
#5918 = DIRECTION ( 'NONE',  ( -0.2621528324626076767, 0.0000000000000000000, 0.9650263687753987130 ) ) ;
#5919 = EDGE_CURVE ( 'NONE', #2874, #6790, #4759, .T. ) ;
#5920 = ORIENTED_EDGE ( 'NONE', *, *, #2382, .F. ) ;
#5921 = ORIENTED_EDGE ( 'NONE', *, *, #2044, .T. ) ;
#5922 = CARTESIAN_POINT ( 'NONE',  ( 4.337517066620457662, 0.9064290159990536777, -2.858054876846180203 ) ) ;
#5923 = PLANE ( 'NONE',  #1320 ) ;
#5924 = LINE ( 'NONE', #6383, #1937 ) ;
#5925 = EDGE_CURVE ( 'NONE', #5244, #4160, #1596, .T. ) ;
#5926 = EDGE_CURVE ( 'NONE', #2826, #2639, #2676, .T. ) ;
#5927 = PLANE ( 'NONE',  #89 ) ;
#5928 = DIRECTION ( 'NONE',  ( -0.2787515866171259016, 0.0000000000000000000, 0.9603632401120082429 ) ) ;
#5929 = ORIENTED_EDGE ( 'NONE', *, *, #3649, .T. ) ;
#5930 = DIRECTION ( 'NONE',  ( 0.8770411504904065403, 0.0000000000000000000, -0.4804152582365220359 ) ) ;
#5931 = LINE ( 'NONE', #4842, #3370 ) ;
#5932 = VECTOR ( 'NONE', #5945, 1000.000000000000000 ) ;
#5933 = LINE ( 'NONE', #6423, #1541 ) ;
#5934 = LINE ( 'NONE', #570, #3480 ) ;
#5935 = CARTESIAN_POINT ( 'NONE',  ( 0.3433691072886176365, 0.8964290159990535578, -0.4801744979510159106 ) ) ;
#5936 = VECTOR ( 'NONE', #179, 1000.000000000000000 ) ;
#5937 = ORIENTED_EDGE ( 'NONE', *, *, #6083, .F. ) ;
#5938 = ADVANCED_FACE ( 'NONE', ( #1065 ), #2235, .F. ) ;
#5939 = CARTESIAN_POINT ( 'NONE',  ( 4.560377643543533921, 0.9064290159990536777, -1.504252497007030343 ) ) ;
#5940 = ORIENTED_EDGE ( 'NONE', *, *, #5310, .T. ) ;
#5941 = CARTESIAN_POINT ( 'NONE',  ( 4.468685102143961529, 0.8964290159990536688, -2.033419163673696684 ) ) ;
#5942 = ORIENTED_EDGE ( 'NONE', *, *, #2044, .F. ) ;
#5943 = FACE_OUTER_BOUND ( 'NONE', #6364, .T. ) ;
#5944 = AXIS2_PLACEMENT_3D ( 'NONE', #3998, #1768, #2879 ) ;
#5945 = DIRECTION ( 'NONE',  ( -0.0000000000000000000, -1.000000000000000000, -0.0000000000000000000 ) ) ;
#5946 = CARTESIAN_POINT ( 'NONE',  ( 0.4610817247206702163, 0.8964290159990536688, -0.4212784647043538166 ) ) ;
#5947 = ORIENTED_EDGE ( 'NONE', *, *, #3928, .F. ) ;
#5948 = VERTEX_POINT ( 'NONE', #5006 ) ;
#5949 = DIRECTION ( 'NONE',  ( -0.2787515866171259016, 0.0000000000000000000, 0.9603632401120082429 ) ) ;
#5950 = DIRECTION ( 'NONE',  ( 1.000000000000000000, 0.0000000000000000000, -0.0000000000000000000 ) ) ;
#5951 = CARTESIAN_POINT ( 'NONE',  ( 2.378679949077652456, 0.8964290159990537799, -1.928864227769520712 ) ) ;
#5952 = DIRECTION ( 'NONE',  ( 0.4804152582365220914, 0.0000000000000000000, -0.8770411504904065403 ) ) ;
#5953 = CARTESIAN_POINT ( 'NONE',  ( 3.637388861492252268, 0.9064290159990536777, -2.328888210179513862 ) ) ;
#5954 = DIRECTION ( 'NONE',  ( -0.0000000000000000000, -1.000000000000000000, -0.0000000000000000000 ) ) ;
#5955 = VERTEX_POINT ( 'NONE', #2300 ) ;
#5956 = DIRECTION ( 'NONE',  ( -0.0000000000000000000, -1.000000000000000000, -0.0000000000000000000 ) ) ;
#5957 = ORIENTED_EDGE ( 'NONE', *, *, #475, .F. ) ;
#5958 = PLANE ( 'NONE',  #3992 ) ;
#5959 = PLANE ( 'NONE',  #5328 ) ;
#5960 = ORIENTED_EDGE ( 'NONE', *, *, #6528, .F. ) ;
#5961 = CARTESIAN_POINT ( 'NONE',  ( 2.340999622522533574, 0.9064290159990535667, -1.812402651810083754 ) ) ;
#5962 = PLANE ( 'NONE',  #2319 ) ;
#5963 = CARTESIAN_POINT ( 'NONE',  ( 4.635576127784987399, 0.9064290159990536777, -2.858054876846180203 ) ) ;
#5964 = ORIENTED_EDGE ( 'NONE', *, *, #1061, .F. ) ;
#5965 = EDGE_CURVE ( 'NONE', #693, #4228, #788, .T. ) ;
#5966 = CARTESIAN_POINT ( 'NONE',  ( 5.382960442688832892, 0.9064290159990536777, -1.558526001280534645 ) ) ;
#5967 = B_SPLINE_CURVE_WITH_KNOTS ( 'NONE', 3,
 ( #1461, #967, #4598, #2550, #5645, #5124, #2057, #866, #3593, #3134, #3557 ),
 .UNSPECIFIED., .F., .F.,
 ( 4, 1, 1, 1, 1, 1, 1, 1, 4 ),
 ( 0.0000000000000000000, 0.1015170763450493618, 0.2031399961452457770, 0.3098899409112724213, 0.4287492126762059708, 0.5557471139699683427, 0.6905023413649516995, 0.8373727517539384380, 1.000000000000000000 ),
 .UNSPECIFIED. ) ;
#5968 = CARTESIAN_POINT ( 'NONE',  ( 4.047853438148234950, 0.9064290159990536777, -2.033419163673696684 ) ) ;
#5969 = CARTESIAN_POINT ( 'NONE',  ( 0.2749999999999992450, 0.0000000000000000000, -0.5500000000000001554 ) ) ;
#5970 = CARTESIAN_POINT ( 'NONE',  ( 0.2127905736588771024, 0.8964290159990537799, -0.3613071089512235323 ) ) ;
#5971 = ORIENTED_EDGE ( 'NONE', *, *, #5062, .T. ) ;
#5972 = CARTESIAN_POINT ( 'NONE',  ( 3.741186938415328900, 0.9064290159990536777, -2.033419163673696684 ) ) ;
#5973 = ORIENTED_EDGE ( 'NONE', *, *, #3809, .T. ) ;
#5974 = VERTEX_POINT ( 'NONE', #4971 ) ;
#5975 = PLANE ( 'NONE',  #770 ) ;
#5976 = EDGE_CURVE ( 'NONE', #4156, #3581, #3375, .T. ) ;
#5977 = LINE ( 'NONE', #4892, #5932 ) ;
#5978 = ADVANCED_FACE ( 'NONE', ( #4037 ), #2953, .T. ) ;
#5979 =( NAMED_UNIT ( * ) PLANE_ANGLE_UNIT ( ) SI_UNIT ( $, .RADIAN. ) );
#5980 = VERTEX_POINT ( 'NONE', #1875 ) ;
#5981 = COLOUR_RGB ( '',0.7529411764705882248, 0.7529411764705882248, 0.7529411764705882248 ) ;
#5982 = VERTEX_POINT ( 'NONE', #4550 ) ;
#5983 = CARTESIAN_POINT ( 'NONE',  ( 0.3748753590688813087, 0.9064290159990535667, -0.4780626689146624808 ) ) ;
#5984 = FACE_OUTER_BOUND ( 'NONE', #5633, .T. ) ;
#5985 = EDGE_CURVE ( 'NONE', #3239, #2943, #1248, .T. ) ;
#5986 = CARTESIAN_POINT ( 'NONE',  ( 2.349738959383913084, 0.9064290159990540108, -2.370430385869748857 ) ) ;
#5987 = CARTESIAN_POINT ( 'NONE',  ( 3.474999999999998757, -0.01000000000000000021, -1.649999999999999911 ) ) ;
#5988 = ADVANCED_FACE ( 'NONE', ( #3941 ), #1842, .T. ) ;
#5989 = AXIS2_PLACEMENT_3D ( 'NONE', #4399, #5888, #6531 ) ;
#5990 = CARTESIAN_POINT ( 'NONE',  ( 4.352442280295671040, 0.8964290159990536688, -2.858054876846180203 ) ) ;
#5991 = ORIENTED_EDGE ( 'NONE', *, *, #6673, .T. ) ;
#5992 =( NAMED_UNIT ( * ) SI_UNIT ( $, .STERADIAN. ) SOLID_ANGLE_UNIT ( ) );
#5993 = EDGE_LOOP ( 'NONE', ( #139, #463, #1756, #4889 ) ) ;
#5994 = VECTOR ( 'NONE', #5016, 1000.000000000000000 ) ;
#5995 = CARTESIAN_POINT ( 'NONE',  ( 0.4282260363345810061, 0.9064290159990536777, -2.871133540190379030 ) ) ;
#5996 = CARTESIAN_POINT ( 'NONE',  ( 6.200000000000000178, -0.01000000000000000021, -2.364999999999998881 ) ) ;
#5997 = ORIENTED_EDGE ( 'NONE', *, *, #6109, .F. ) ;
#5998 = CARTESIAN_POINT ( 'NONE',  ( 4.215868094932423205, 0.8964290159990536688, -1.504252497007030343 ) ) ;
#5999 = VECTOR ( 'NONE', #6908, 1000.000000000000000 ) ;
#6000 = CARTESIAN_POINT ( 'NONE',  ( 2.160045924041436471, 0.9064290159990536777, -2.871133540190379030 ) ) ;
#6002 = EDGE_CURVE ( 'NONE', #5470, #4010, #5587, .T. ) ;
#6001 = CARTESIAN_POINT ( 'NONE',  ( 2.379675551523483978, 0.8964290159990536688, -1.899344919941882592 ) ) ;
#6003 = ORIENTED_EDGE ( 'NONE', *, *, #5783, .F. ) ;
#6004 = CARTESIAN_POINT ( 'NONE',  ( 2.755527307020159800, 0.9064290159990536777, -2.468760460994161576 ) ) ;
#6005 = DIRECTION ( 'NONE',  ( 0.9603632401120083539, -0.0000000000000000000, 0.2787515866171259571 ) ) ;
#6006 = VECTOR ( 'NONE', #5526, 1000.000000000000227 ) ;
#6007 = DIRECTION ( 'NONE',  ( -0.0000000000000000000, 1.000000000000000000, -0.0000000000000000000 ) ) ;
#6008 = FACE_OUTER_BOUND ( 'NONE', #1100, .T. ) ;
#6009 = EDGE_CURVE ( 'NONE', #2800, #2196, #168, .T. ) ;
#6010 = EDGE_CURVE ( 'NONE', #2874, #1934, #5530, .T. ) ;
#6011 = VECTOR ( 'NONE', #178, 1000.000000000000000 ) ;
#6012 = VERTEX_POINT ( 'NONE', #272 ) ;
#6013 = DIRECTION ( 'NONE',  ( -7.228014483236695569E-16, 0.0000000000000000000, 1.000000000000000000 ) ) ;
#6014 = ORIENTED_EDGE ( 'NONE', *, *, #5926, .F. ) ;
#6015 = VERTEX_POINT ( 'NONE', #3903 ) ;
#6016 = VECTOR ( 'NONE', #2763, 1000.000000000000000 ) ;
#6017 = LINE ( 'NONE', #3989, #3660 ) ;
#6018 = CARTESIAN_POINT ( 'NONE',  ( 0.4736412675942175410, 0.9064290159990535667, -0.3988667319415062362 ) ) ;
#6019 = VECTOR ( 'NONE', #5219, 1000.000000000000000 ) ;
#6020 = FILL_AREA_STYLE ('',( #1200 ) ) ;
#6021 = MECHANICAL_DESIGN_GEOMETRIC_PRESENTATION_REPRESENTATION (  '', ( #4124 ), #4227 ) ;
#6022 = ORIENTED_EDGE ( 'NONE', *, *, #312, .F. ) ;
#6023 = EDGE_CURVE ( 'NONE', #6628, #536, #2402, .T. ) ;
#6024 = ORIENTED_EDGE ( 'NONE', *, *, #1803, .F. ) ;
#6025 = VECTOR ( 'NONE', #2962, 1000.000000000000000 ) ;
#6026 = CARTESIAN_POINT ( 'NONE',  ( 0.3999774880071459982, 0.9064290159990537887, -0.4708560251788378448 ) ) ;
#6027 = CARTESIAN_POINT ( 'NONE',  ( 0.0000000000000000000, 0.9064290159990534557, 0.0000000000000000000 ) ) ;
#6028 = CARTESIAN_POINT ( 'NONE',  ( 5.382960442688832892, 0.8964290159990536688, -1.558526001280534645 ) ) ;
#6029 = VECTOR ( 'NONE', #4722, 1000.000000000000000 ) ;
#6030 = DIRECTION ( 'NONE',  ( -0.3698797865436000420, 0.0000000000000000000, 0.9290796217259642553 ) ) ;
#6031 = CARTESIAN_POINT ( 'NONE',  ( 4.635576127784987399, 0.9064290159990536777, -2.858054876846180203 ) ) ;
#6032 = AXIS2_PLACEMENT_3D ( 'NONE', #3607, #3637, #4681 ) ;
#6033 = VERTEX_POINT ( 'NONE', #1344 ) ;
#6034 = CARTESIAN_POINT ( 'NONE',  ( 0.2127905736588771024, 0.8964290159990537799, -0.3613071089512235323 ) ) ;
#6035 = ORIENTED_EDGE ( 'NONE', *, *, #5613, .F. ) ;
#6036 = DIRECTION ( 'NONE',  ( 0.8771107020363841933, -0.0000000000000000000, 0.4802882638304223906 ) ) ;
#6037 = CARTESIAN_POINT ( 'NONE',  ( 5.179434801663192367, 0.9064290159990536777, -1.558526001280534645 ) ) ;
#6038 = ORIENTED_EDGE ( 'NONE', *, *, #6150, .T. ) ;
#6039 = LINE ( 'NONE', #3975, #1263 ) ;
#6040 = CARTESIAN_POINT ( 'NONE',  ( 2.235158901321182334, 0.9064290159990536777, -2.869872166366911781 ) ) ;
#6041 = FILL_AREA_STYLE_COLOUR ( '', #3566 ) ;
#6042 = ORIENTED_EDGE ( 'NONE', *, *, #4390, .T. ) ;
#6043 = B_SPLINE_SURFACE_WITH_KNOTS ( 'NONE', 3, 1, ( 
 ( #5768, #926 ),
 ( #5704, #5245 ),
 ( #2507, #5668 ),
 ( #3505, #4102 ),
 ( #4619, #3089 ),
 ( #4171, #5214 ),
 ( #445, #6305 ),
 ( #479, #4717 ),
 ( #6864, #4200 ),
 ( #892, #1376 ),
 ( #5634, #6765 ),
 ( #1976, #6238 ),
 ( #3828, #6372 ),
 ( #1620, #2261 ),
 ( #4307, #93 ),
 ( #5871, #3680 ),
 ( #6336, #4239 ),
 ( #1092, #2224 ),
 ( #1658, #2775 ) ),
 .UNSPECIFIED., .F., .F., .F.,
 ( 4, 1, 1, 1, 1, 1, 1, 1, 1, 1, 1, 1, 1, 1, 1, 1, 4 ),
 ( 2, 2 ),
 ( 0.0000000000000000000, 0.05532994753244301761, 0.1095669129065138664, 0.1635052341545479571, 0.2181068326408380220, 0.2745542418920279837, 0.3325493756472081008, 0.3937865580565328982, 0.4585889581839309725, 0.5247912453323899662, 0.5900678770463960721, 0.6556562814272620665, 0.7214312517726382268, 0.7881687928130065579, 0.8565958983758098499, 0.9271866057981048570, 1.000000000000000000 ),
 ( 0.0000000000000000000, 1.000000000000000000 ),
 .UNSPECIFIED. ) ;
#6044 = LINE ( 'NONE', #3386, #1555 ) ;
#6045 = CARTESIAN_POINT ( 'NONE',  ( 4.560377643543533921, 0.8964290159990536688, -1.504252497007030343 ) ) ;
#6046 = VECTOR ( 'NONE', #3141, 1000.000000000000000 ) ;
#6047 = CARTESIAN_POINT ( 'NONE',  ( 0.3433691072886176365, 0.9064290159990535667, -0.4801744979510159106 ) ) ;
#6048 = ORIENTED_EDGE ( 'NONE', *, *, #2449, .T. ) ;
#6049 = CARTESIAN_POINT ( 'NONE',  ( 3.510524545252935891, 0.9064290159990536777, -1.755797468962158492 ) ) ;
#6050 = ORIENTED_EDGE ( 'NONE', *, *, #2908, .T. ) ;
#6051 = VECTOR ( 'NONE', #4290, 1000.000000000000000 ) ;
#6052 = UNCERTAINTY_MEASURE_WITH_UNIT (LENGTH_MEASURE( 1.000000000000000082E-05 ), #5429, 'distance_accuracy_value', 'NONE');
#6053 = VERTEX_POINT ( 'NONE', #5601 ) ;
#6054 = ADVANCED_FACE ( 'NONE', ( #821 ), #305, .T. ) ;
#6055 = PRESENTATION_STYLE_ASSIGNMENT (( #4928 ) ) ;
#6056 = FACE_BOUND ( 'NONE', #3503, .T. ) ;
#6057 = PLANE ( 'NONE',  #1110 ) ;
#6058 = VECTOR ( 'NONE', #4524, 1000.000000000000227 ) ;
#6059 = ORIENTED_EDGE ( 'NONE', *, *, #5358, .F. ) ;
#6060 = ORIENTED_EDGE ( 'NONE', *, *, #2637, .F. ) ;
#6061 = CARTESIAN_POINT ( 'NONE',  ( 0.4335890835670235810, 0.9064290159990537887, -0.4506361440932856177 ) ) ;
#6062 = EDGE_CURVE ( 'NONE', #5021, #169, #4651, .T. ) ;
#6063 = VECTOR ( 'NONE', #1024, 1000.000000000000000 ) ;
#6064 = DIRECTION ( 'NONE',  ( 1.586637325588543158E-16, 0.0000000000000000000, -1.000000000000000000 ) ) ;
#6065 = ADVANCED_FACE ( 'NONE', ( #3616 ), #6732, .T. ) ;
#6066 = CARTESIAN_POINT ( 'NONE',  ( 2.271540058203998402, 0.8964290159990537799, -2.018936822907837492 ) ) ;
#6067 =( NAMED_UNIT ( * ) SI_UNIT ( $, .STERADIAN. ) SOLID_ANGLE_UNIT ( ) );
#6068 = DIRECTION ( 'NONE',  ( -0.0000000000000000000, -1.000000000000000000, -0.0000000000000000000 ) ) ;
#6069 = VECTOR ( 'NONE', #5663, 1000.000000000000000 ) ;
#6070 = ORIENTED_EDGE ( 'NONE', *, *, #3001, .F. ) ;
#6071 = CARTESIAN_POINT ( 'NONE',  ( 0.2146080418045827332, 0.8964290159990535578, -0.3743001757332392598 ) ) ;
#6072 = PLANE ( 'NONE',  #753 ) ;
#6073 = CARTESIAN_POINT ( 'NONE',  ( 4.224999999999999645, -0.01000000000000000021, -3.699999999999999734 ) ) ;
#6074 = EDGE_LOOP ( 'NONE', ( #1391, #696, #6420, #5430 ) ) ;
#6075 = LINE ( 'NONE', #6664, #4053 ) ;
#6076 = EDGE_CURVE ( 'NONE', #4694, #1066, #4921, .T. ) ;
#6077 =( LENGTH_UNIT ( ) NAMED_UNIT ( * ) SI_UNIT ( .MILLI., .METRE. ) );
#6078 =( NAMED_UNIT ( * ) PLANE_ANGLE_UNIT ( ) SI_UNIT ( $, .RADIAN. ) );
#6079 = ORIENTED_EDGE ( 'NONE', *, *, #5363, .T. ) ;
#6080 = CARTESIAN_POINT ( 'NONE',  ( 2.564437350480659461, 0.8964290159990537799, -1.516763420427051257 ) ) ;
#6081 = CARTESIAN_POINT ( 'NONE',  ( 4.309998703906781969, 0.9064290159990536777, -2.033419163673696684 ) ) ;
#6082 = CARTESIAN_POINT ( 'NONE',  ( 3.813777750381140752, 0.8964290159990536688, -2.650819132989342908 ) ) ;
#6083 = EDGE_CURVE ( 'NONE', #5179, #2917, #6273, .T. ) ;
#6084 = FACE_OUTER_BOUND ( 'NONE', #3678, .T. ) ;
#6085 = EDGE_LOOP ( 'NONE', ( #52, #2847, #120, #2702 ) ) ;
#6086 = CARTESIAN_POINT ( 'NONE',  ( 0.2124046488319323855, 0.9064290159990536777, -0.3480185847706619429 ) ) ;
#6087 = ORIENTED_EDGE ( 'NONE', *, *, #5454, .T. ) ;
#6088 = ORIENTED_EDGE ( 'NONE', *, *, #2400, .F. ) ;
#6089 = FACE_OUTER_BOUND ( 'NONE', #751, .T. ) ;
#6090 = FACE_OUTER_BOUND ( 'NONE', #4383, .T. ) ;
#6091 = VERTEX_POINT ( 'NONE', #3125 ) ;
#6092 = EDGE_LOOP ( 'NONE', ( #5165, #1392, #3994, #5940 ) ) ;
#6093 = CARTESIAN_POINT ( 'NONE',  ( 0.4529073057338492969, 0.9064290159990537887, -0.4317229660195057717 ) ) ;
#6094 = ADVANCED_FACE ( 'NONE', ( #411 ), #6834, .T. ) ;
#6095 = CARTESIAN_POINT ( 'NONE',  ( 0.2749999999999994116, -0.0000000000000000000, -1.574999999999999956 ) ) ;
#6096 = CARTESIAN_POINT ( 'NONE',  ( 2.265420598961604526, 0.9064290159990541218, -2.303888762167747739 ) ) ;
#6097 = LINE ( 'NONE', #4388, #812 ) ;
#6098 = CARTESIAN_POINT ( 'NONE',  ( 2.379825228611964771, 0.9064290159990536777, -1.906874280931120103 ) ) ;
#6099 = ADVANCED_FACE ( 'NONE', ( #379 ), #6043, .T. ) ;
#6100 = EDGE_CURVE ( 'NONE', #472, #531, #1020, .T. ) ;
#6101 = ORIENTED_EDGE ( 'NONE', *, *, #2495, .T. ) ;
#6102 = CARTESIAN_POINT ( 'NONE',  ( 0.3209391932496133970, 0.8964290159990538909, -0.4780468488532353954 ) ) ;
#6103 = CARTESIAN_POINT ( 'NONE',  ( 4.887502710317037646, 0.9064290159990536777, -1.504252497007030343 ) ) ;
#6104 = DIRECTION ( 'NONE',  ( -0.0000000000000000000, -1.000000000000000000, -0.0000000000000000000 ) ) ;
#6105 = VECTOR ( 'NONE', #2028, 1000.000000000000114 ) ;
#6106 = FACE_OUTER_BOUND ( 'NONE', #294, .T. ) ;
#6107 =( LENGTH_UNIT ( ) NAMED_UNIT ( * ) SI_UNIT ( .MILLI., .METRE. ) );
#6108 = VECTOR ( 'NONE', #413, 1000.000000000000114 ) ;
#6109 = EDGE_CURVE ( 'NONE', #6265, #5396, #6407, .T. ) ;
#6110 =( LENGTH_UNIT ( ) NAMED_UNIT ( * ) SI_UNIT ( .MILLI., .METRE. ) );
#6111 = VERTEX_POINT ( 'NONE', #1549 ) ;
#6112 = CARTESIAN_POINT ( 'NONE',  ( 2.639449971784237903, 0.8964290159990536688, -1.566701558078149592 ) ) ;
#6113 = CARTESIAN_POINT ( 'NONE',  ( 4.288119697496525440, 0.9064290159990536777, -2.328888210179513862 ) ) ;
#6114 = FILL_AREA_STYLE ('',( #732 ) ) ;
#6115 = LINE ( 'NONE', #3482, #6727 ) ;
#6116 = FACE_OUTER_BOUND ( 'NONE', #835, .T. ) ;
#6117 = ORIENTED_EDGE ( 'NONE', *, *, #597, .F. ) ;
#6118 = CARTESIAN_POINT ( 'NONE',  ( 4.224999999999999645, -0.01000000000000000021, -2.499999999999999556 ) ) ;
#6119 = EDGE_LOOP ( 'NONE', ( #1017, #5615, #3154, #4246 ) ) ;
#6120 = VECTOR ( 'NONE', #583, 1000.000000000000000 ) ;
#6121 = ORIENTED_EDGE ( 'NONE', *, *, #552, .T. ) ;
#6122 = DIRECTION ( 'NONE',  ( -0.0000000000000000000, -1.000000000000000000, -0.0000000000000000000 ) ) ;
#6123 = AXIS2_PLACEMENT_3D ( 'NONE', #1362, #367, #4572 ) ;
#6124 = VERTEX_POINT ( 'NONE', #3228 ) ;
#6125 = ORIENTED_EDGE ( 'NONE', *, *, #1454, .T. ) ;
#6126 = CARTESIAN_POINT ( 'NONE',  ( 0.4228913916715143495, 0.9064290159990535667, -0.4585680033953340451 ) ) ;
#6127 = VECTOR ( 'NONE', #5954, 1000.000000000000000 ) ;
#6128 = LINE ( 'NONE', #3498, #6006 ) ;
#6129 = CARTESIAN_POINT ( 'NONE',  ( 4.344301254654644673, 0.9064290159990536777, -2.328888210179513862 ) ) ;
#6130 = B_SPLINE_CURVE_WITH_KNOTS ( 'NONE', 3,
 ( #5050, #863, #2345, #4492, #6604, #4462, #1819, #1318, #3978, #6112, #3478, #6080, #4046, #2409, #357, #4521, #280, #6669, #1884 ),
 .UNSPECIFIED., .F., .F.,
 ( 4, 1, 1, 1, 1, 1, 1, 1, 1, 1, 1, 1, 1, 1, 1, 1, 4 ),
 ( 0.0000000000000000000, 0.05532994753244301761, 0.1095669129065138664, 0.1635052341545479571, 0.2181068326408380220, 0.2745542418920279837, 0.3325493756472081008, 0.3937865580565328982, 0.4585889581839309725, 0.5247912453323899662, 0.5900678770463960721, 0.6556562814272620665, 0.7214312517726382268, 0.7881687928130065579, 0.8565958983758098499, 0.9271866057981048570, 1.000000000000000000 ),
 .UNSPECIFIED. ) ;
#6131 = DIRECTION ( 'NONE',  ( -0.0000000000000000000, -1.000000000000000000, -0.0000000000000000000 ) ) ;
#6132 = VECTOR ( 'NONE', #6444, 1000.000000000000000 ) ;
#6133 = CARTESIAN_POINT ( 'NONE',  ( 4.699792707646097689, 0.9064290159990536777, -2.328888210179513862 ) ) ;
#6134 = VECTOR ( 'NONE', #4363, 1000.000000000000000 ) ;
#6135 = ORIENTED_EDGE ( 'NONE', *, *, #3527, .T. ) ;
#6136 = DIRECTION ( 'NONE',  ( 0.5212085848325783699, 0.0000000000000000000, -0.8534293240197579067 ) ) ;
#6137 = DIRECTION ( 'NONE',  ( 0.8769390707362905157, -0.0000000000000000000, 0.4806015670138532592 ) ) ;
#6138 = DIRECTION ( 'NONE',  ( 0.4804152582365220914, 0.0000000000000000000, 0.8770411504904065403 ) ) ;
#6139 = CARTESIAN_POINT ( 'NONE',  ( 5.471154887133277356, 0.8964290159990536688, -1.504252497007030343 ) ) ;
#6140 = EDGE_CURVE ( 'NONE', #5982, #2037, #6441, .T. ) ;
#6141 = VECTOR ( 'NONE', #6659, 1000.000000000000000 ) ;
#6142 = CARTESIAN_POINT ( 'NONE',  ( 2.737984637173513924, 0.9064290159990534557, -2.573982594688900782 ) ) ;
#6143 = PRESENTATION_STYLE_ASSIGNMENT (( #2342 ) ) ;
#6144 = ORIENTED_EDGE ( 'NONE', *, *, #436, .F. ) ;
#6145 = PLANE ( 'NONE',  #3648 ) ;
#6146 = LINE ( 'NONE', #1354, #452 ) ;
#6147 = CARTESIAN_POINT ( 'NONE',  ( 3.990166639270030124, 0.8964290159990536688, -2.328888210179513862 ) ) ;
#6148 = LINE ( 'NONE', #1853, #4589 ) ;
#6149 = EDGE_CURVE ( 'NONE', #3254, #2917, #3189, .T. ) ;
#6150 = EDGE_CURVE ( 'NONE', #4574, #1090, #4351, .T. ) ;
#6151 = DIRECTION ( 'NONE',  ( 0.0000000000000000000, 0.0000000000000000000, 1.000000000000000000 ) ) ;
#6152 = ORIENTED_EDGE ( 'NONE', *, *, #1836, .F. ) ;
#6153 = LINE ( 'NONE', #1265, #4673 ) ;
#6154 = ORIENTED_EDGE ( 'NONE', *, *, #204, .T. ) ;
#6155 = ORIENTED_EDGE ( 'NONE', *, *, #2135, .T. ) ;
#6156 = CARTESIAN_POINT ( 'NONE',  ( 0.3479760344392396898, 0.8964290159990536688, -0.2153136262670329870 ) ) ;
#6157 = CARTESIAN_POINT ( 'NONE',  ( 4.522046981150371181, 0.9064290159990536777, -2.650819132989342908 ) ) ;
#6158 = EDGE_CURVE ( 'NONE', #3606, #2561, #2668, .T. ) ;
#6159 = VERTEX_POINT ( 'NONE', #5354 ) ;
#6160 = ORIENTED_EDGE ( 'NONE', *, *, #1522, .T. ) ;
#6161 = CARTESIAN_POINT ( 'NONE',  ( 4.550137759729431686, 0.9064290159990536777, -2.599619713918829955 ) ) ;
#6162 = VERTEX_POINT ( 'NONE', #653 ) ;
#6163 = DIRECTION ( 'NONE',  ( 0.0000000000000000000, 0.0000000000000000000, -1.000000000000000000 ) ) ;
#6164 = VECTOR ( 'NONE', #6422, 1000.000000000000000 ) ;
#6165 = PLANE ( 'NONE',  #255 ) ;
#6166 = DIRECTION ( 'NONE',  ( -0.0000000000000000000, -1.000000000000000000, -0.0000000000000000000 ) ) ;
#6167 = ORIENTED_EDGE ( 'NONE', *, *, #708, .F. ) ;
#6168 = CARTESIAN_POINT ( 'NONE',  ( 0.2427290346228347662, 0.8964290159990536688, -0.4316873925352471275 ) ) ;
#6169 = CARTESIAN_POINT ( 'NONE',  ( 3.474999999999998757, -0.01000000000000000021, -0.3000000000000000444 ) ) ;
#6170 = LINE ( 'NONE', #6201, #5205 ) ;
#6171 = CARTESIAN_POINT ( 'NONE',  ( 1.574999999999999734, -0.01000000000000000021, -2.425000000000000266 ) ) ;
#6172 = CARTESIAN_POINT ( 'NONE',  ( 0.4736111747692767215, 0.9064290159990538998, -0.2968314790406659798 ) ) ;
#6173 = VECTOR ( 'NONE', #3842, 1000.000000000000000 ) ;
#6174 = CARTESIAN_POINT ( 'NONE',  ( 0.0000000000000000000, 0.9064290159990536777, 0.0000000000000000000 ) ) ;
#6175 = EDGE_LOOP ( 'NONE', ( #1799, #287, #5686, #1249 ) ) ;
#6176 = PLANE ( 'NONE',  #2761 ) ;
#6177 = LINE ( 'NONE', #6314, #4349 ) ;
#6178 = DIRECTION ( 'NONE',  ( 0.0000000000000000000, 0.0000000000000000000, 1.000000000000000000 ) ) ;
#6179 = CARTESIAN_POINT ( 'NONE',  ( 4.726272241567038179, 0.9064290159990536777, -2.033419163673696684 ) ) ;
#6180 = CARTESIAN_POINT ( 'NONE',  ( 2.211336310172248520, 0.8964290159990536688, -2.023816361309370926 ) ) ;
#6181 = ORIENTED_EDGE ( 'NONE', *, *, #1932, .F. ) ;
#6182 = ADVANCED_FACE ( 'NONE', ( #3749 ), #3301, .T. ) ;
#6183 = CARTESIAN_POINT ( 'NONE',  ( 0.2839592552820137117, 0.9064290159990536777, -0.4653245745124109378 ) ) ;
#6184 = ORIENTED_EDGE ( 'NONE', *, *, #5783, .T. ) ;
#6185 = UNCERTAINTY_MEASURE_WITH_UNIT (LENGTH_MEASURE( 1.000000000000000082E-05 ), #2845, 'distance_accuracy_value', 'NONE');
#6186 = EDGE_LOOP ( 'NONE', ( #6619, #6362, #1375, #6299 ) ) ;
#6187 = DIRECTION ( 'NONE',  ( 0.4802758347947843065, 0.0000000000000000000, 0.8771175078130485359 ) ) ;
#6188 = CARTESIAN_POINT ( 'NONE',  ( 4.209083906898235306, 0.9064290159990536777, -1.504252497007030343 ) ) ;
#6189 = VERTEX_POINT ( 'NONE', #1866 ) ;
#6190 = VERTEX_POINT ( 'NONE', #810 ) ;
#6191 = ADVANCED_FACE ( 'NONE', ( #3465 ), #192, .T. ) ;
#6192 = DIRECTION ( 'NONE',  ( -1.000000000000000000, 0.0000000000000000000, 0.0000000000000000000 ) ) ;
#6193 = VERTEX_POINT ( 'NONE', #1732 ) ;
#6194 = PLANE ( 'NONE',  #546 ) ;
#6195 = LINE ( 'NONE', #4066, #3935 ) ;
#6196 = DIRECTION ( 'NONE',  ( 0.0000000000000000000, 0.0000000000000000000, -1.000000000000000000 ) ) ;
#6197 = CARTESIAN_POINT ( 'NONE',  ( 0.8111087688010900631, 0.8964290159990536688, -2.550312174942152676 ) ) ;
#6198 = EDGE_LOOP ( 'NONE', ( #4633, #4831, #5346, #6469 ) ) ;
#6199 = CARTESIAN_POINT ( 'NONE',  ( 2.342432162121099282, 0.9064290159990533446, -1.453944572420329262 ) ) ;
#6200 = CARTESIAN_POINT ( 'NONE',  ( 2.202616944530010556, 0.8964290159990536688, -2.550312174942152676 ) ) ;
#6201 = CARTESIAN_POINT ( 'NONE',  ( 3.000000000000000000, -0.01000000000000000021, -3.700000000000000178 ) ) ;
#6202 = EDGE_CURVE ( 'NONE', #3398, #6515, #3894, .T. ) ;
#6203 = CARTESIAN_POINT ( 'NONE',  ( 3.625749738896097973, 0.9064290159990536777, -2.033419163673696684 ) ) ;
#6204 = CARTESIAN_POINT ( 'NONE',  ( 0.4229232916042937607, 0.8964290159990537799, -0.2369197137246732143 ) ) ;
#6205 = LINE ( 'NONE', #5740, #2796 ) ;
#6206 = STYLED_ITEM ( 'NONE', ( #5226 ), #6649 ) ;
#6207 = ORIENTED_EDGE ( 'NONE', *, *, #6487, .T. ) ;
#6208 = LINE ( 'NONE', #1417, #1083 ) ;
#6209 = CARTESIAN_POINT ( 'NONE',  ( 3.346113988361909986, 0.9064290159990536777, -2.858054876846180203 ) ) ;
#6210 = LINE ( 'NONE', #4243, #4221 ) ;
#6211 = CARTESIAN_POINT ( 'NONE',  ( 3.000000000000000000, 0.0000000000000000000, -3.700000000000000178 ) ) ;
#6212 = B_SPLINE_CURVE_WITH_KNOTS ( 'NONE', 3,
 ( #2628, #2699, #2220, #3825, #1016, #4235, #3259, #1165, #5384, #5420, #615, #5946, #3293, #88, #6478, #2602, #6892, #4714, #539 ),
 .UNSPECIFIED., .F., .F.,
 ( 4, 1, 1, 1, 1, 1, 1, 1, 1, 1, 1, 1, 1, 1, 1, 1, 4 ),
 ( 0.0000000000000000000, 0.06518537244906882910, 0.1288621187034974802, 0.1910612450292068498, 0.2525206764187777342, 0.3139365629367683597, 0.3757453100219189102, 0.4385396568600641864, 0.5035978725711760529, 0.5685933966602005896, 0.6311926790451405367, 0.6924028653467655392, 0.7526755438867502868, 0.8131823820793079305, 0.8741506629097380854, 0.9363272551749439732, 1.000000000000000000 ),
 .UNSPECIFIED. ) ;
#6213 = VECTOR ( 'NONE', #4518, 1000.000000000000000 ) ;
#6214 = ADVANCED_FACE ( 'NONE', ( #3860 ), #5028, .T. ) ;
#6215 = PLANE ( 'NONE',  #6431 ) ;
#6216 = ORIENTED_EDGE ( 'NONE', *, *, #2135, .F. ) ;
#6217 = DIRECTION ( 'NONE',  ( 0.0000000000000000000, 0.0000000000000000000, -1.000000000000000000 ) ) ;
#6218 = ORIENTED_EDGE ( 'NONE', *, *, #5098, .T. ) ;
#6219 = ORIENTED_EDGE ( 'NONE', *, *, #61, .T. ) ;
#6220 = CARTESIAN_POINT ( 'NONE',  ( 0.3342965044048955003, 0.8964290159990541129, -0.2156831287816836362 ) ) ;
#6221 = VECTOR ( 'NONE', #6774, 1000.000000000000000 ) ;
#6222 = CARTESIAN_POINT ( 'NONE',  ( 3.487733913575585820, 0.9064290159990536777, -2.599619713918829955 ) ) ;
#6223 = EDGE_CURVE ( 'NONE', #819, #364, #1764, .T. ) ;
#6224 = VECTOR ( 'NONE', #4724, 1000.000000000000000 ) ;
#6225 = VERTEX_POINT ( 'NONE', #686 ) ;
#6226 = VERTEX_POINT ( 'NONE', #3365 ) ;
#6227 = LINE ( 'NONE', #5759, #3353 ) ;
#6228 = ORIENTED_EDGE ( 'NONE', *, *, #6140, .T. ) ;
#6229 = CARTESIAN_POINT ( 'NONE',  ( 2.644029855700690046, 0.9064290159990536777, -2.214302437575279559 ) ) ;
#6230 = CARTESIAN_POINT ( 'NONE',  ( 2.252870193805232457, 0.8964290159990535578, -2.021766107465888140 ) ) ;
#6231 = VECTOR ( 'NONE', #2642, 1000.000000000000000 ) ;
#6232 = DIRECTION ( 'NONE',  ( 0.2570842515897335256, 0.0000000000000000000, 0.9663889939276764096 ) ) ;
#6233 = VECTOR ( 'NONE', #1649, 1000.000000000000000 ) ;
#6234 = LINE ( 'NONE', #4168, #4776 ) ;
#6235 = EDGE_CURVE ( 'NONE', #1162, #880, #4965, .T. ) ;
#6236 = ORIENTED_EDGE ( 'NONE', *, *, #1959, .F. ) ;
#6237 = VECTOR ( 'NONE', #4808, 1000.000000000000000 ) ;
#6238 = CARTESIAN_POINT ( 'NONE',  ( 2.564437350480659461, 0.8964290159990535578, -1.516763420427051257 ) ) ;
#6239 = LINE ( 'NONE', #3026, #540 ) ;
#6240 = CARTESIAN_POINT ( 'NONE',  ( 0.2124046488319323855, 0.9064290159990536777, -0.3480185847706619429 ) ) ;
#6241 =( GEOMETRIC_REPRESENTATION_CONTEXT ( 3 ) GLOBAL_UNCERTAINTY_ASSIGNED_CONTEXT ( ( #6680 ) ) GLOBAL_UNIT_ASSIGNED_CONTEXT ( ( #6484, #27, #3264 ) ) REPRESENTATION_CONTEXT ( 'NONE', 'WORKASPACE' ) );
#6242 = CARTESIAN_POINT ( 'NONE',  ( 2.363925208911413112, 0.9064290159990538998, -2.433370094563901631 ) ) ;
#6243 = CARTESIAN_POINT ( 'NONE',  ( 0.3748756902409048353, 0.9064290159990538998, -0.2175492870892843100 ) ) ;
#6244 = AXIS2_PLACEMENT_3D ( 'NONE', #2558, #4811, #467 ) ;
#6245 = ADVANCED_FACE ( 'NONE', ( #4505 ), #264, .T. ) ;
#6246 = VECTOR ( 'NONE', #5260, 1000.000000000000000 ) ;
#6247 = CARTESIAN_POINT ( 'NONE',  ( 0.4229232916042937607, 0.8964290159990537799, -0.2369197137246732143 ) ) ;
#6248 = EDGE_LOOP ( 'NONE', ( #3237, #1667, #5236, #3302 ) ) ;
#6249 = VECTOR ( 'NONE', #2997, 1000.000000000000000 ) ;
#6250 = CARTESIAN_POINT ( 'NONE',  ( 2.724999999999999201, -0.01000000000000000021, -1.500000000000000000 ) ) ;
#6251 = LINE ( 'NONE', #5643, #5010 ) ;
#6252 = DIRECTION ( 'NONE',  ( -1.000000000000000000, 0.0000000000000000000, 0.0000000000000000000 ) ) ;
#6253 = CARTESIAN_POINT ( 'NONE',  ( 5.722169844398234950, 0.8964290159990536688, -1.558526001280534645 ) ) ;
#6254 =( GEOMETRIC_REPRESENTATION_CONTEXT ( 3 ) GLOBAL_UNCERTAINTY_ASSIGNED_CONTEXT ( ( #1927 ) ) GLOBAL_UNIT_ASSIGNED_CONTEXT ( ( #1415, #6771, #4206 ) ) REPRESENTATION_CONTEXT ( 'NONE', 'WORKASPACE' ) );
#6255 = DIRECTION ( 'NONE',  ( 0.0000000000000000000, 0.0000000000000000000, 1.000000000000000000 ) ) ;
#6256 = ORIENTED_EDGE ( 'NONE', *, *, #4293, .F. ) ;
#6257 = CARTESIAN_POINT ( 'NONE',  ( 4.635576127784987399, 0.8964290159990536688, -2.858054876846180203 ) ) ;
#6258 = VERTEX_POINT ( 'NONE', #3496 ) ;
#6259 = EDGE_LOOP ( 'NONE', ( #6858, #3893, #3686, #3295 ) ) ;
#6260 = CARTESIAN_POINT ( 'NONE',  ( 4.996388928265756313, 0.8964290159990536688, -2.328888210179513862 ) ) ;
#6261 = PLANE ( 'NONE',  #2717 ) ;
#6262 = ORIENTED_EDGE ( 'NONE', *, *, #4301, .F. ) ;
#6263 = ORIENTED_EDGE ( 'NONE', *, *, #4236, .T. ) ;
#6264 = DIRECTION ( 'NONE',  ( 0.0000000000000000000, 0.0000000000000000000, 1.000000000000000000 ) ) ;
#6265 = VERTEX_POINT ( 'NONE', #3080 ) ;
#6266 = LINE ( 'NONE', #6760, #6898 ) ;
#6267 = CARTESIAN_POINT ( 'NONE',  ( 2.379442900584802789, 0.8964290159990536688, -1.914215172600138404 ) ) ;
#6268 = DIRECTION ( 'NONE',  ( -1.000000000000000000, 0.0000000000000000000, 0.0000000000000000000 ) ) ;
#6269 = CARTESIAN_POINT ( 'NONE',  ( 4.493956202571311564, 0.9064290159990536777, -2.599619713918829955 ) ) ;
#6270 = EDGE_CURVE ( 'NONE', #1406, #2538, #6227, .T. ) ;
#6271 = ORIENTED_EDGE ( 'NONE', *, *, #2497, .F. ) ;
#6272 = ADVANCED_FACE ( 'NONE', ( #982 ), #403, .T. ) ;
#6273 = LINE ( 'NONE', #5180, #1001 ) ;
#6274 = AXIS2_PLACEMENT_3D ( 'NONE', #3427, #1862, #1331 ) ;
#6275 = CARTESIAN_POINT ( 'NONE',  ( 1.574999999999999067, 0.0000000000000000000, -0.3000000000000001554 ) ) ;
#6276 = CARTESIAN_POINT ( 'NONE',  ( 3.573172281631141090, 0.9064290159990536777, -2.858054876846180203 ) ) ;
#6277 = CARTESIAN_POINT ( 'NONE',  ( 2.202616944530010556, 0.9064290159990538998, -2.550312174942152676 ) ) ;
#6278 = FACE_OUTER_BOUND ( 'NONE', #4367, .T. ) ;
#6279 = AXIS2_PLACEMENT_3D ( 'NONE', #3952, #1261, #4982 ) ;
#6280 = CARTESIAN_POINT ( 'NONE',  ( 0.4828319768705268689, 0.8964290159990540019, -0.3346271895049544587 ) ) ;
#6281 = ORIENTED_EDGE ( 'NONE', *, *, #243, .F. ) ;
#6282 = SURFACE_STYLE_FILL_AREA ( #902 ) ;
#6283 = DIRECTION ( 'NONE',  ( 0.0000000000000000000, 0.0000000000000000000, 1.000000000000000000 ) ) ;
#6284 = PRESENTATION_LAYER_ASSIGNMENT (  '', '', ( #2384 ) ) ;
#6285 = CARTESIAN_POINT ( 'NONE',  ( 2.162445225051351727, 0.8964290159990537799, -1.773880918966427300 ) ) ;
#6286 = ADVANCED_FACE ( 'NONE', ( #4576 ), #5100, .T. ) ;
#6287 = DIRECTION ( 'NONE',  ( -0.0000000000000000000, -1.000000000000000000, -0.0000000000000000000 ) ) ;
#6288 = AXIS2_PLACEMENT_3D ( 'NONE', #1999, #331, #399 ) ;
#6289 = DIRECTION ( 'NONE',  ( 1.000000000000000000, 0.0000000000000000000, 0.0000000000000000000 ) ) ;
#6290 = ORIENTED_EDGE ( 'NONE', *, *, #1254, .T. ) ;
#6291 = ADVANCED_FACE ( 'NONE', ( #2005 ), #1368, .T. ) ;
#6292 = ORIENTED_EDGE ( 'NONE', *, *, #3437, .T. ) ;
#6293 = PLANE ( 'NONE',  #6123 ) ;
#6294 = CARTESIAN_POINT ( 'NONE',  ( 0.2277403498080015631, 0.9064290159990535667, -0.2853574944207963315 ) ) ;
#6295 = EDGE_LOOP ( 'NONE', ( #5957, #5859, #862, #6401 ) ) ;
#6296 =( NAMED_UNIT ( * ) PLANE_ANGLE_UNIT ( ) SI_UNIT ( $, .RADIAN. ) );
#6297 = ORIENTED_EDGE ( 'NONE', *, *, #2382, .T. ) ;
#6298 = PLANE ( 'NONE',  #3020 ) ;
#6299 = ORIENTED_EDGE ( 'NONE', *, *, #4868, .T. ) ;
#6300 = CARTESIAN_POINT ( 'NONE',  ( 1.574999999999999734, 0.0000000000000000000, -3.700000000000000178 ) ) ;
#6301 = LINE ( 'NONE', #1508, #714 ) ;
#6302 = DIRECTION ( 'NONE',  ( -0.0000000000000000000, -1.000000000000000000, -0.0000000000000000000 ) ) ;
#6303 = ADVANCED_FACE ( 'NONE', ( #6723 ), #6298, .T. ) ;
#6304 = ORIENTED_EDGE ( 'NONE', *, *, #38, .T. ) ;
#6305 = CARTESIAN_POINT ( 'NONE',  ( 2.726667651398372527, 0.8964290159990537799, -1.657934912173886666 ) ) ;
#6306 = DIRECTION ( 'NONE',  ( -0.4804152582365230906, 0.0000000000000000000, -0.8770411504904058742 ) ) ;
#6307 = SURFACE_STYLE_FILL_AREA ( #3751 ) ;
#6308 = LINE ( 'NONE', #5638, #3380 ) ;
#6309 = ADVANCED_FACE ( 'NONE', ( #949 ), #5239, .T. ) ;
#6310 = CARTESIAN_POINT ( 'NONE',  ( 0.4832289281461383257, 0.9064290159990536777, -0.3480185847706619429 ) ) ;
#6311 = EDGE_CURVE ( 'NONE', #6819, #5021, #5657, .T. ) ;
#6312 = ORIENTED_EDGE ( 'NONE', *, *, #4857, .F. ) ;
#6313 = CARTESIAN_POINT ( 'NONE',  ( 4.698435870039260109, 0.8964290159990536688, -2.328888210179513862 ) ) ;
#6314 = CARTESIAN_POINT ( 'NONE',  ( 3.983382451235841781, 0.9064290159990536777, -2.858054876846180203 ) ) ;
#6315 = DIRECTION ( 'NONE',  ( -0.4804152582365241453, 0.0000000000000000000, 0.8770411504904053190 ) ) ;
#6316 = EDGE_CURVE ( 'NONE', #4723, #5410, #5694, .T. ) ;
#6317 = CARTESIAN_POINT ( 'NONE',  ( 1.186810847209285313, 0.8964290159990536688, -2.550312174942152676 ) ) ;
#6318 = FACE_OUTER_BOUND ( 'NONE', #2260, .T. ) ;
#6319 = ORIENTED_EDGE ( 'NONE', *, *, #3023, .T. ) ;
#6320 = EDGE_LOOP ( 'NONE', ( #4113, #2106, #5844, #5361 ) ) ;
#6321 = PLANE ( 'NONE',  #986 ) ;
#6322 = VECTOR ( 'NONE', #2565, 1000.000000000000000 ) ;
#6323 = DIRECTION ( 'NONE',  ( -0.3688942629807152040, 0.0000000000000000000, 0.9294713673588417269 ) ) ;
#6324 = ORIENTED_EDGE ( 'NONE', *, *, #6235, .F. ) ;
#6325 = ADVANCED_FACE ( 'NONE', ( #4611 ), #3051, .T. ) ;
#6326 = DIRECTION ( 'NONE',  ( 0.0000000000000000000, 0.0000000000000000000, 1.000000000000000000 ) ) ;
#6327 = VERTEX_POINT ( 'NONE', #6161 ) ;
#6328 = AXIS2_PLACEMENT_3D ( 'NONE', #584, #2706, #4827 ) ;
#6329 = DIRECTION ( 'NONE',  ( -1.000000000000000000, 0.0000000000000000000, 0.0000000000000000000 ) ) ;
#6330 = ORIENTED_EDGE ( 'NONE', *, *, #131, .F. ) ;
#6331 = DIRECTION ( 'NONE',  ( 0.2647344081641661573, 0.0000000000000000000, -0.9643213640348162752 ) ) ;
#6332 = DIRECTION ( 'NONE',  ( 1.700709290173340903E-16, 0.0000000000000000000, -1.000000000000000000 ) ) ;
#6333 = LINE ( 'NONE', #1543, #5674 ) ;
#6334 = VERTEX_POINT ( 'NONE', #2976 ) ;
#6335 = VERTEX_POINT ( 'NONE', #4063 ) ;
#6336 = CARTESIAN_POINT ( 'NONE',  ( 2.342432162121099282, 0.9064290159990533446, -1.453944572420329262 ) ) ;
#6337 = AXIS2_PLACEMENT_3D ( 'NONE', #6027, #5069, #2812 ) ;
#6338 = CARTESIAN_POINT ( 'NONE',  ( 0.3479760344392396898, 0.9064290159990536777, -0.2153136262670329870 ) ) ;
#6339 = DIRECTION ( 'NONE',  ( 0.4804152582365231461, 0.0000000000000000000, -0.8770411504904059852 ) ) ;
#6340 = CARTESIAN_POINT ( 'NONE',  ( 2.706283697168568203, 0.8964290159990535578, -2.642435556038036815 ) ) ;
#6341 = LINE ( 'NONE', #484, #6809 ) ;
#6342 = ADVANCED_FACE ( 'NONE', ( #1902 ), #4030, .F. ) ;
#6343 = AXIS2_PLACEMENT_3D ( 'NONE', #3921, #2211, #5342 ) ;
#6344 = ORIENTED_EDGE ( 'NONE', *, *, #477, .F. ) ;
#6345 = DIRECTION ( 'NONE',  ( -0.7871623908499748579, 0.0000000000000000000, 0.6167457907690584440 ) ) ;
#6346 = ADVANCED_FACE ( 'NONE', ( #1505 ), #336, .T. ) ;
#6347 = VECTOR ( 'NONE', #5178, 1000.000000000000000 ) ;
#6348 = CARTESIAN_POINT ( 'NONE',  ( 1.186810847209285313, 0.9064290159990536777, -2.550312174942152676 ) ) ;
#6349 = AXIS2_PLACEMENT_3D ( 'NONE', #1992, #5687, #4121 ) ;
#6350 = LINE ( 'NONE', #6385, #5309 ) ;
#6351 = PLANE ( 'NONE',  #6349 ) ;
#6352 = ORIENTED_EDGE ( 'NONE', *, *, #4725, .F. ) ;
#6353 = EDGE_CURVE ( 'NONE', #2521, #6033, #1399, .T. ) ;
#6354 = DIRECTION ( 'NONE',  ( 1.000000000000000000, 0.0000000000000000000, 0.0000000000000000000 ) ) ;
#6355 = ORIENTED_EDGE ( 'NONE', *, *, #5925, .F. ) ;
#6356 = VECTOR ( 'NONE', #2478, 1000.000000000000227 ) ;
#6357 = DIRECTION ( 'NONE',  ( -0.3651136360950639759, 0.0000000000000000000, -0.9309629599170103909 ) ) ;
#6358 = DIRECTION ( 'NONE',  ( -7.228014483236695569E-16, 0.0000000000000000000, 1.000000000000000000 ) ) ;
#6359 = VECTOR ( 'NONE', #5279, 1000.000000000000000 ) ;
#6360 = ORIENTED_EDGE ( 'NONE', *, *, #3572, .F. ) ;
#6361 = DIRECTION ( 'NONE',  ( 0.0000000000000000000, 0.0000000000000000000, 1.000000000000000000 ) ) ;
#6362 = ORIENTED_EDGE ( 'NONE', *, *, #143, .F. ) ;
#6363 = LINE ( 'NONE', #2659, #645 ) ;
#6364 = EDGE_LOOP ( 'NONE', ( #1013, #5457, #1832, #3165 ) ) ;
#6365 = CARTESIAN_POINT ( 'NONE',  ( 2.342622250877778090, 0.9064290159990534557, -2.358766880304392188 ) ) ;
#6366 = DIRECTION ( 'NONE',  ( -0.8771107020363836382, 0.0000000000000000000, 0.4802882638304235008 ) ) ;
#6367 = B_SPLINE_SURFACE_WITH_KNOTS ( 'NONE', 3, 1, ( 
 ( #2465, #3611 ),
 ( #2009, #6267 ),
 ( #6691, #5176 ),
 ( #1442, #1041 ),
 ( #1475, #5824 ),
 ( #4137, #5034 ),
 ( #2949, #4579 ),
 ( #2533, #1402 ),
 ( #5070, #1971 ),
 ( #5661, #885 ),
 ( #4098, #267 ),
 ( #3499, #6230 ),
 ( #2398, #4509 ),
 ( #6654, #1869 ),
 ( #3997, #298 ) ),
 .UNSPECIFIED., .F., .F., .F.,
 ( 4, 1, 1, 1, 1, 1, 1, 1, 1, 1, 1, 1, 4 ),
 ( 2, 2 ),
 ( 0.0000000000000000000, 0.09544797463091092560, 0.1904704100286978563, 0.2912066475677053123, 0.4010332319514465227, 0.4598047309624355705, 0.5224282124666591587, 0.5878657621470996242, 0.6584905049094711416, 0.7351598356816925195, 0.8164933573836662406, 0.9050563342499580166, 1.000000000000000000 ),
 ( 0.0000000000000000000, 1.000000000000000000 ),
 .UNSPECIFIED. ) ;
#6368 = EDGE_CURVE ( 'NONE', #4789, #6033, #6827, .T. ) ;
#6369 = CARTESIAN_POINT ( 'NONE',  ( 3.680129246107636920, 0.9064290159990536777, -2.033419163673696684 ) ) ;
#6370 = EDGE_LOOP ( 'NONE', ( #581, #1814, #3145, #4609 ) ) ;
#6371 = EDGE_LOOP ( 'NONE', ( #2618, #6152, #5404, #3045 ) ) ;
#6372 = CARTESIAN_POINT ( 'NONE',  ( 2.523959774811513235, 0.8964290159990532247, -1.496851121982946564 ) ) ;
#6373 = CARTESIAN_POINT ( 'NONE',  ( 2.237468899868631400, 0.8964290159990535578, -2.549126416431104047 ) ) ;
#6374 = EDGE_CURVE ( 'NONE', #5980, #541, #5139, .T. ) ;
#6375 = DIRECTION ( 'NONE',  ( 0.4804152582365242008, 0.0000000000000000000, -0.8770411504904052080 ) ) ;
#6376 = CARTESIAN_POINT ( 'NONE',  ( 2.437190336051772377, 0.8964290159990538909, -2.835226689906507946 ) ) ;
#6377 = CARTESIAN_POINT ( 'NONE',  ( 5.179434801663192367, 0.9064290159990536777, -2.033419163673696684 ) ) ;
#6378 = ORIENTED_EDGE ( 'NONE', *, *, #4634, .T. ) ;
#6379 = DIRECTION ( 'NONE',  ( -1.000000000000000000, 0.0000000000000000000, 0.0000000000000000000 ) ) ;
#6380 = ORIENTED_EDGE ( 'NONE', *, *, #5572, .F. ) ;
#6381 =( LENGTH_UNIT ( ) NAMED_UNIT ( * ) SI_UNIT ( .MILLI., .METRE. ) );
#6382 = CARTESIAN_POINT ( 'NONE',  ( 2.307785245863501977, 0.8964290159990535578, -2.321516917035167271 ) ) ;
#6383 = CARTESIAN_POINT ( 'NONE',  ( -2.168404344971008868E-16, 0.8964290159990536688, -4.000000000000000000 ) ) ;
#6384 = VECTOR ( 'NONE', #6846, 1000.000000000000227 ) ;
#6385 = CARTESIAN_POINT ( 'NONE',  ( 4.924999999999998934, -0.01000000000000000021, -1.635000000000000231 ) ) ;
#6387 = ADVANCED_FACE ( 'NONE', ( #17 ), #2145, .T. ) ;
#6386 = CARTESIAN_POINT ( 'NONE',  ( 2.162445225051351727, 0.8964290159990537799, -1.773880918966427300 ) ) ;
#6388 = ORIENTED_EDGE ( 'NONE', *, *, #344, .F. ) ;
#6389 = AXIS2_PLACEMENT_3D ( 'NONE', #4487, #2272, #1253 ) ;
#6390 = FACE_OUTER_BOUND ( 'NONE', #6175, .T. ) ;
#6391 = LINE ( 'NONE', #1153, #6051 ) ;
#6392 = DIRECTION ( 'NONE',  ( -0.0000000000000000000, -1.000000000000000000, -0.0000000000000000000 ) ) ;
#6393 = DIRECTION ( 'NONE',  ( 0.0000000000000000000, 0.0000000000000000000, 1.000000000000000000 ) ) ;
#6394 = DIRECTION ( 'NONE',  ( -0.0000000000000000000, -1.000000000000000000, -0.0000000000000000000 ) ) ;
#6395 = VECTOR ( 'NONE', #300, 999.9999999999998863 ) ;
#6396 = EDGE_CURVE ( 'NONE', #5229, #4018, #6363, .T. ) ;
#6397 = ORIENTED_EDGE ( 'NONE', *, *, #4891, .T. ) ;
#6398 = CARTESIAN_POINT ( 'NONE',  ( 4.996388928265756313, 0.8964290159990536688, -2.328888210179513862 ) ) ;
#6399 = EDGE_LOOP ( 'NONE', ( #2506, #565, #3163, #5083 ) ) ;
#6400 = FACE_OUTER_BOUND ( 'NONE', #4625, .T. ) ;
#6401 = ORIENTED_EDGE ( 'NONE', *, *, #722, .T. ) ;
#6402 = CARTESIAN_POINT ( 'NONE',  ( 3.510524545252935891, 0.8964290159990536688, -1.755797468962158492 ) ) ;
#6403 = CARTESIAN_POINT ( 'NONE',  ( 2.149531394884620195, 0.9064290159990536777, -1.773775728921664019 ) ) ;
#6404 = CARTESIAN_POINT ( 'NONE',  ( 5.518644203372593537, 0.8964290159990536688, -2.033419163673696684 ) ) ;
#6405 = ORIENTED_EDGE ( 'NONE', *, *, #2156, .F. ) ;
#6406 = EDGE_LOOP ( 'NONE', ( #5376, #782, #556, #3251 ) ) ;
#6407 = LINE ( 'NONE', #3262, #4787 ) ;
#6408 = PLANE ( 'NONE',  #5215 ) ;
#6409 = DIRECTION ( 'NONE',  ( 0.0000000000000000000, -1.000000000000000000, 0.0000000000000000000 ) ) ;
#6410 = CARTESIAN_POINT ( 'NONE',  ( 3.991523476876867260, 0.8964290159990536688, -2.328888210179513862 ) ) ;
#6411 = DIRECTION ( 'NONE',  ( -1.000000000000000000, 0.0000000000000000000, 0.0000000000000000000 ) ) ;
#6412 = LINE ( 'NONE', #1136, #5780 ) ;
#6413 = ORIENTED_EDGE ( 'NONE', *, *, #5125, .T. ) ;
#6414 = EDGE_CURVE ( 'NONE', #5174, #646, #4781, .T. ) ;
#6415 = ORIENTED_EDGE ( 'NONE', *, *, #2889, .F. ) ;
#6416 = CARTESIAN_POINT ( 'NONE',  ( 6.174999999999998934, 0.0000000000000000000, -0.3000000000000000444 ) ) ;
#6417 = CARTESIAN_POINT ( 'NONE',  ( 2.363303881393243877, 0.8964290159990536688, -2.411909922508908455 ) ) ;
#6418 = CARTESIAN_POINT ( 'NONE',  ( 5.518644203372593537, 0.9064290159990536777, -2.033419163673696684 ) ) ;
#6419 = LINE ( 'NONE', #1676, #2206 ) ;
#6420 = ORIENTED_EDGE ( 'NONE', *, *, #4958, .T. ) ;
#6421 = LINE ( 'NONE', #5892, #545 ) ;
#6422 = DIRECTION ( 'NONE',  ( -0.0000000000000000000, -1.000000000000000000, -0.0000000000000000000 ) ) ;
#6423 = CARTESIAN_POINT ( 'NONE',  ( 4.047853438148234950, 0.9064290159990536777, -2.033419163673696684 ) ) ;
#6424 = CARTESIAN_POINT ( 'NONE',  ( 4.401733646481568840, 0.9064290159990536777, -2.328888210179513862 ) ) ;
#6425 = CARTESIAN_POINT ( 'NONE',  ( 3.636032023885414244, 0.9064290159990536777, -2.328888210179513862 ) ) ;
#6426 = EDGE_CURVE ( 'NONE', #5948, #244, #1578, .T. ) ;
#6427 = ORIENTED_EDGE ( 'NONE', *, *, #2781, .T. ) ;
#6428 = DIRECTION ( 'NONE',  ( -0.0000000000000000000, 1.000000000000000000, -0.0000000000000000000 ) ) ;
#6429 = ORIENTED_EDGE ( 'NONE', *, *, #5451, .T. ) ;
#6430 = DIRECTION ( 'NONE',  ( 0.0000000000000000000, 1.000000000000000000, -0.0000000000000000000 ) ) ;
#6431 = AXIS2_PLACEMENT_3D ( 'NONE', #461, #2615, #6255 ) ;
#6432 = VERTEX_POINT ( 'NONE', #5941 ) ;
#6433 = ADVANCED_FACE ( 'NONE', ( #6400 ), #5860, .T. ) ;
#6434 = CARTESIAN_POINT ( 'NONE',  ( 4.572249972603362522, 0.8964290159990536688, -1.645342407530534734 ) ) ;
#6435 = ADVANCED_FACE ( 'NONE', ( #6888 ), #2597, .F. ) ;
#6436 = DIRECTION ( 'NONE',  ( 0.4802882638304235008, 0.0000000000000000000, 0.8771107020363836382 ) ) ;
#6437 = DIRECTION ( 'NONE',  ( -0.2473315137773177408, 0.0000000000000000000, 0.9689309171930785558 ) ) ;
#6438 = STYLED_ITEM ( 'NONE', ( #3158 ), #3279 ) ;
#6439 = ORIENTED_EDGE ( 'NONE', *, *, #4236, .F. ) ;
#6440 = EDGE_LOOP ( 'NONE', ( #4359, #377, #5448, #2359 ) ) ;
#6441 = LINE ( 'NONE', #5805, #6591 ) ;
#6442 = CARTESIAN_POINT ( 'NONE',  ( 4.642254312881140876, 0.9064290159990536777, -2.328888210179513862 ) ) ;
#6443 = PLANE ( 'NONE',  #315 ) ;
#6444 = DIRECTION ( 'NONE',  ( -0.0000000000000000000, -1.000000000000000000, -0.0000000000000000000 ) ) ;
#6445 = CARTESIAN_POINT ( 'NONE',  ( 2.374727819290972430, 0.8964290159990535578, -2.851190687125702894 ) ) ;
#6446 = VECTOR ( 'NONE', #4653, 1000.000000000000000 ) ;
#6447 = EDGE_CURVE ( 'NONE', #5305, #4156, #1084, .T. ) ;
#6448 = DIRECTION ( 'NONE',  ( 0.0000000000000000000, 0.0000000000000000000, -1.000000000000000000 ) ) ;
#6449 = ORIENTED_EDGE ( 'NONE', *, *, #4941, .T. ) ;
#6450 = VECTOR ( 'NONE', #2661, 1000.000000000000000 ) ;
#6451 = FILL_AREA_STYLE ('',( #1628 ) ) ;
#6452 = EDGE_LOOP ( 'NONE', ( #1465, #916, #161, #844 ) ) ;
#6453 = FACE_OUTER_BOUND ( 'NONE', #4895, .T. ) ;
#6454 = DIRECTION ( 'NONE',  ( -0.3698797865436000420, 0.0000000000000000000, 0.9290796217259642553 ) ) ;
#6455 = CARTESIAN_POINT ( 'NONE',  ( 2.340999622522533574, 0.8964290159990535578, -1.812402651810083754 ) ) ;
#6456 = AXIS2_PLACEMENT_3D ( 'NONE', #4422, #5507, #6662 ) ;
#6457 = ADVANCED_FACE ( 'NONE', ( #1688 ), #4298, .F. ) ;
#6458 = CARTESIAN_POINT ( 'NONE',  ( 4.054383219131141303, 0.8964290159990536688, -2.858054876846180203 ) ) ;
#6459 = CARTESIAN_POINT ( 'NONE',  ( 4.196003144344816249, 0.9064290159990536777, -2.599619713918829955 ) ) ;
#6460 = ORIENTED_EDGE ( 'NONE', *, *, #2768, .T. ) ;
#6461 = VECTOR ( 'NONE', #12, 1000.000000000000000 ) ;
#6462 = DIRECTION ( 'NONE',  ( 0.0000000000000000000, 0.0000000000000000000, 1.000000000000000000 ) ) ;
#6463 = CARTESIAN_POINT ( 'NONE',  ( 3.573172281631141090, 0.8964290159990536688, -2.858054876846180203 ) ) ;
#6464 = DIRECTION ( 'NONE',  ( 0.9309629599170105019, 0.0000000000000000000, -0.3651136360950640314 ) ) ;
#6465 = DIRECTION ( 'NONE',  ( 1.000000000000000000, 0.0000000000000000000, 0.0000000000000000000 ) ) ;
#6466 = VECTOR ( 'NONE', #1231, 1000.000000000000000 ) ;
#6467 = CARTESIAN_POINT ( 'NONE',  ( 0.3479760344392396898, 0.8964290159990536688, -0.4802988874070792669 ) ) ;
#6468 = VECTOR ( 'NONE', #6358, 1000.000000000000000 ) ;
#6469 = ORIENTED_EDGE ( 'NONE', *, *, #3549, .T. ) ;
#6470 = FACE_OUTER_BOUND ( 'NONE', #6620, .T. ) ;
#6471 = VECTOR ( 'NONE', #1111, 1000.000000000000000 ) ;
#6472 = VERTEX_POINT ( 'NONE', #1647 ) ;
#6473 = CARTESIAN_POINT ( 'NONE',  ( 4.762652449900371288, 0.8964290159990536688, -2.858054876846180203 ) ) ;
#6474 = ORIENTED_EDGE ( 'NONE', *, *, #1745, .T. ) ;
#6475 = FACE_OUTER_BOUND ( 'NONE', #258, .T. ) ;
#6476 = LINE ( 'NONE', #1691, #818 ) ;
#6477 = VECTOR ( 'NONE', #5676, 1000.000000000000000 ) ;
#6478 = CARTESIAN_POINT ( 'NONE',  ( 0.4777486174657314399, 0.8964290159990538909, -0.3867769908466572315 ) ) ;
#6479 = VERTEX_POINT ( 'NONE', #500 ) ;
#6480 = EDGE_LOOP ( 'NONE', ( #5776, #3993, #4963, #4530 ) ) ;
#6481 = CARTESIAN_POINT ( 'NONE',  ( 2.778897923333012443, 0.8964290159990531137, -1.895011012843492271 ) ) ;
#6482 = CARTESIAN_POINT ( 'NONE',  ( 2.321410068628456447, 0.8964290159990535578, -2.515662290073239937 ) ) ;
#6483 = CARTESIAN_POINT ( 'NONE',  ( 2.334510529182229899, 0.9064290159990542328, -2.345755794218359558 ) ) ;
#6484 =( LENGTH_UNIT ( ) NAMED_UNIT ( * ) SI_UNIT ( .MILLI., .METRE. ) );
#6485 = DIRECTION ( 'NONE',  ( 0.0000000000000000000, 0.0000000000000000000, 1.000000000000000000 ) ) ;
#6486 = CARTESIAN_POINT ( 'NONE',  ( 2.677459028634327165, 0.8964290159990536688, -2.247715434974753457 ) ) ;
#6487 = EDGE_CURVE ( 'NONE', #4925, #2974, #4229, .T. ) ;
#6488 = ADVANCED_FACE ( 'NONE', ( #4851 ), #2069, .F. ) ;
#6489 = ORIENTED_EDGE ( 'NONE', *, *, #3664, .F. ) ;
#6490 =( NAMED_UNIT ( * ) PLANE_ANGLE_UNIT ( ) SI_UNIT ( $, .RADIAN. ) );
#6491 = VERTEX_POINT ( 'NONE', #3180 ) ;
#6492 = DIRECTION ( 'NONE',  ( 1.000000000000000000, 0.0000000000000000000, 1.586637325588543405E-16 ) ) ;
#6493 = LINE ( 'NONE', #4835, #1659 ) ;
#6494 = DIRECTION ( 'NONE',  ( 1.000000000000000000, 0.0000000000000000000, 0.0000000000000000000 ) ) ;
#6495 = DIRECTION ( 'NONE',  ( -1.000000000000000000, 0.0000000000000000000, 0.0000000000000000000 ) ) ;
#6496 = CARTESIAN_POINT ( 'NONE',  ( 2.324871322367723536, 0.8964290159990540019, -1.802428065509391608 ) ) ;
#6497 = ORIENTED_EDGE ( 'NONE', *, *, #1348, .F. ) ;
#6498 = DIRECTION ( 'NONE',  ( 0.0000000000000000000, 0.0000000000000000000, 1.000000000000000000 ) ) ;
#6499 = EDGE_CURVE ( 'NONE', #6741, #469, #535, .T. ) ;
#6500 = LINE ( 'NONE', #5296, #5596 ) ;
#6501 = CLOSED_SHELL ( 'NONE', ( #1542, #1544, #3320, #1532, #4347, #3529, #6810, #4716, #2058, #6488, #2390, #976, #5660, #1395, #2691, #6457, #6325, #3620, #6435, #1431, #3881, #4428, #2716, #2854, #5426, #3718, #2368, #5754, #1751, #3743, #6342, #3487, #1350, #3389, #346, #1694, #6649, #2352, #6839, #4450, #2657, #5763, #2511, #6788, #2915, #1147, #3311, #4754, #723, #4210, #6868, #3675, #1137, #6191, #2298, #4765, #4234, #1396, #6099, #6182, #2437, #4756, #4525, #182, #959, #3277, #681, #250, #3319, #4728, #5415, #110, #5152, #1291, #1632, #1441, #1009, #4382, #6346, #859, #3142, #5495, #6720, #4538, #3279, #1472, #6658, #4839, #3816, #5266, #3200, #3973, #3872, #6054, #6590, #698, #639, #5723, #5988, #651, #1565, #4019, #1922, #4255, #3242, #4134, #3580, #1655, #2526, #310, #4111, #6245, #1577, #3366, #6065, #4091, #6309, #2419, #3764, #5701, #468, #1438, #6272, #5938, #2719, #2649, #4324, #3169, #4517, #1854, #2082, #389, #4163, #6387, #6286, #820, #5864, #5171, #127, #1616, #4677, #2283, #5489, #1444, #6291, #251, #4984, #4044, #508, #906, #6433, #1671, #1051, #4090, #6303, #4616, #3044, #1785, #4599, #3405, #2894, #1335, #5547, #6803, #3754, #3661, #2932, #4506, #100, #930, #3341, #4969, #3795, #424, #5910, #6575, #4103, #5978, #1770, #2022, #6608, #1235, #4805, #5044, #5702, #6094, #3188, #5235, #1182, #6214, #1839, #4558, #1912, #5109 ) ) ;
#6502 = DIRECTION ( 'NONE',  ( -0.4802882638304235008, 0.0000000000000000000, -0.8771107020363836382 ) ) ;
#6503 = CARTESIAN_POINT ( 'NONE',  ( 4.352442280295671040, 0.9064290159990536777, -2.858054876846180203 ) ) ;
#6504 = CARTESIAN_POINT ( 'NONE',  ( 0.2124046488319323855, 0.8964290159990536688, -0.3480185847706619429 ) ) ;
#6505 = VECTOR ( 'NONE', #3283, 1000.000000000000000 ) ;
#6506 = VERTEX_POINT ( 'NONE', #2520 ) ;
#6507 = EDGE_CURVE ( 'NONE', #6189, #1295, #4632, .T. ) ;
#6508 = CARTESIAN_POINT ( 'NONE',  ( 4.167912365765756633, 0.9064290159990536777, -2.650819132989342908 ) ) ;
#6509 = ORIENTED_EDGE ( 'NONE', *, *, #5556, .F. ) ;
#6510 = ORIENTED_EDGE ( 'NONE', *, *, #3104, .T. ) ;
#6511 = CARTESIAN_POINT ( 'NONE',  ( 2.152700116377099349, 0.9064290159990534557, -2.289954828658069541 ) ) ;
#6512 = MECHANICAL_DESIGN_GEOMETRIC_PRESENTATION_REPRESENTATION (  '', ( #2604 ), #2494 ) ;
#6513 = CARTESIAN_POINT ( 'NONE',  ( 0.2999999999999999334, -0.01000000000000000021, -3.700000000000000178 ) ) ;
#6514 = CARTESIAN_POINT ( 'NONE',  ( 4.550137759729431686, 0.8964290159990536688, -2.599619713918829955 ) ) ;
#6515 = VERTEX_POINT ( 'NONE', #2413 ) ;
#6516 = ORIENTED_EDGE ( 'NONE', *, *, #2306, .T. ) ;
#6517 = CARTESIAN_POINT ( 'NONE',  ( 1.574999999999999734, 0.0000000000000000000, -2.425000000000000266 ) ) ;
#6518 = DIRECTION ( 'NONE',  ( 0.8769390707362905157, -0.0000000000000000000, 0.4806015670138532592 ) ) ;
#6519 = CARTESIAN_POINT ( 'NONE',  ( 3.463035229013619265, 0.9064290159990536777, -1.504252497007030343 ) ) ;
#6520 = CARTESIAN_POINT ( 'NONE',  ( 2.324871322367723536, 0.9064290159990540108, -1.802428065509391608 ) ) ;
#6521 = EDGE_CURVE ( 'NONE', #5394, #4739, #5614, .T. ) ;
#6522 = ORIENTED_EDGE ( 'NONE', *, *, #4685, .T. ) ;
#6523 = LINE ( 'NONE', #1737, #3681 ) ;
#6524 = ORIENTED_EDGE ( 'NONE', *, *, #207, .F. ) ;
#6525 = DIRECTION ( 'NONE',  ( 1.586637325588543405E-16, 0.0000000000000000000, -1.000000000000000000 ) ) ;
#6526 = CARTESIAN_POINT ( 'NONE',  ( 4.047853438148234950, 0.9064290159990536777, -2.033419163673696684 ) ) ;
#6527 = ORIENTED_EDGE ( 'NONE', *, *, #5976, .T. ) ;
#6528 = EDGE_CURVE ( 'NONE', #148, #1180, #3484, .T. ) ;
#6529 = DIRECTION ( 'NONE',  ( -0.0000000000000000000, -1.000000000000000000, -0.0000000000000000000 ) ) ;
#6530 = EDGE_CURVE ( 'NONE', #6584, #1754, #1422, .T. ) ;
#6531 = DIRECTION ( 'NONE',  ( 0.0000000000000000000, 0.0000000000000000000, 1.000000000000000000 ) ) ;
#6532 =( NAMED_UNIT ( * ) SI_UNIT ( $, .STERADIAN. ) SOLID_ANGLE_UNIT ( ) );
#6533 = VERTEX_POINT ( 'NONE', #1923 ) ;
#6534 = CARTESIAN_POINT ( 'NONE',  ( 2.185535045148225386, 0.9064290159990536777, -2.870705500838037327 ) ) ;
#6535 = DIRECTION ( 'NONE',  ( 0.9136674107863315131, 0.0000000000000000000, -0.4064626212421026397 ) ) ;
#6536 = DIRECTION ( 'NONE',  ( -0.0000000000000000000, -1.000000000000000000, -0.0000000000000000000 ) ) ;
#6537 = CARTESIAN_POINT ( 'NONE',  ( 0.3615837489163099550, 0.9064290159990536777, -0.2156911365066539743 ) ) ;
#6538 = EDGE_CURVE ( 'NONE', #5749, #325, #2900, .T. ) ;
#6539 = ORIENTED_EDGE ( 'NONE', *, *, #3963, .F. ) ;
#6540 = PLANE ( 'NONE',  #5563 ) ;
#6541 = EDGE_LOOP ( 'NONE', ( #1437, #5267, #3331, #3522 ) ) ;
#6542 = ORIENTED_EDGE ( 'NONE', *, *, #3452, .T. ) ;
#6543 = CARTESIAN_POINT ( 'NONE',  ( 2.649147060173160817, 0.9064290159990536777, -2.219867694069673991 ) ) ;
#6544 = FACE_BOUND ( 'NONE', #3748, .T. ) ;
#6545 = B_SPLINE_SURFACE_WITH_KNOTS ( 'NONE', 3, 1, ( 
 ( #5462, #1278 ),
 ( #3433, #3402 ),
 ( #2778, #5499 ),
 ( #746, #4936 ),
 ( #785, #1837 ),
 ( #6096, #1171 ),
 ( #655, #6553 ),
 ( #3299, #4387 ),
 ( #2914, #5425 ),
 ( #6483, #4901 ),
 ( #136, #3369 ),
 ( #5986, #1207 ),
 ( #688, #2813 ),
 ( #2295, #4416 ),
 ( #5698, #1939 ),
 ( #374, #6761 ),
 ( #4032, #920 ) ),
 .UNSPECIFIED., .F., .F., .F.,
 ( 4, 1, 1, 1, 1, 1, 1, 1, 1, 1, 1, 1, 1, 1, 4 ),
 ( 2, 2 ),
 ( 0.0000000000000000000, 0.1206660733040195582, 0.2306394391884427353, 0.3303518480381321676, 0.4203827931102909199, 0.5007196380486801379, 0.5721369648296097399, 0.6339759756642172617, 0.6899155697071887028, 0.7408030946708971110, 0.7861101393510742108, 0.8256243424264396724, 0.8600233983262872695, 0.9268261652858481581, 0.9999999999999998890 ),
 ( 0.0000000000000000000, 1.000000000000000000 ),
 .UNSPECIFIED. ) ;
#6546 = CARTESIAN_POINT ( 'NONE',  ( 0.0000000000000000000, -0.01000000000000000021, 0.0000000000000000000 ) ) ;
#6547 = EDGE_CURVE ( 'NONE', #4188, #2528, #6747, .T. ) ;
#6548 = ORIENTED_EDGE ( 'NONE', *, *, #1363, .T. ) ;
#6549 = AXIS2_PLACEMENT_3D ( 'NONE', #1047, #6430, #81 ) ;
#6550 = VERTEX_POINT ( 'NONE', #3560 ) ;
#6551 = CARTESIAN_POINT ( 'NONE',  ( 0.4810705621836802726, 0.9064290159990535667, -0.3743214106312359735 ) ) ;
#6552 =( NAMED_UNIT ( * ) SI_UNIT ( $, .STERADIAN. ) SOLID_ANGLE_UNIT ( ) );
#6553 = CARTESIAN_POINT ( 'NONE',  ( 2.288363246534351969, 0.8964290159990536688, -2.312106147174927351 ) ) ;
#6554 = CARTESIAN_POINT ( 'NONE',  ( 2.149531394884620195, 0.9064290159990536777, -1.773775728921664019 ) ) ;
#6555 = ORIENTED_EDGE ( 'NONE', *, *, #3016, .T. ) ;
#6556 = CARTESIAN_POINT ( 'NONE',  ( 0.2124046488319323855, 0.8964290159990536688, -0.3480185847706619429 ) ) ;
#6557 = ORIENTED_EDGE ( 'NONE', *, *, #3963, .T. ) ;
#6558 = VECTOR ( 'NONE', #5642, 1000.000000000000000 ) ;
#6559 = PLANE ( 'NONE',  #1876 ) ;
#6560 = DIRECTION ( 'NONE',  ( -1.000000000000000000, 0.0000000000000000000, 0.0000000000000000000 ) ) ;
#6561 = DIRECTION ( 'NONE',  ( 0.0000000000000000000, 0.0000000000000000000, 1.000000000000000000 ) ) ;
#6562 = VECTOR ( 'NONE', #2049, 1000.000000000000000 ) ;
#6563 = CARTESIAN_POINT ( 'NONE',  ( 2.493869501057486282, 0.8964290159990534468, -2.815378005588977217 ) ) ;
#6564 = CARTESIAN_POINT ( 'NONE',  ( 3.625749738896097973, 0.9064290159990536777, -2.033419163673696684 ) ) ;
#6565 = ORIENTED_EDGE ( 'NONE', *, *, #2979, .T. ) ;
#6566 = CARTESIAN_POINT ( 'NONE',  ( 2.754240625958228605, 0.9064290159990534557, -2.504102766076714115 ) ) ;
#6567 = AXIS2_PLACEMENT_3D ( 'NONE', #6844, #358, #6283 ) ;
#6568 = PLANE ( 'NONE',  #2225 ) ;
#6569 = VECTOR ( 'NONE', #6588, 1000.000000000000227 ) ;
#6570 = DIRECTION ( 'NONE',  ( -1.000000000000000000, 0.0000000000000000000, 0.0000000000000000000 ) ) ;
#6571 = CARTESIAN_POINT ( 'NONE',  ( 5.052570485423875546, 0.9064290159990536777, -2.328888210179513862 ) ) ;
#6572 = EDGE_CURVE ( 'NONE', #4228, #1336, #5020, .T. ) ;
#6573 = STYLED_ITEM ( 'NONE', ( #2347 ), #4754 ) ;
#6574 = ORIENTED_EDGE ( 'NONE', *, *, #1873, .F. ) ;
#6575 = ADVANCED_FACE ( 'NONE', ( #6084 ), #2933, .T. ) ;
#6576 = CARTESIAN_POINT ( 'NONE',  ( 2.324999999999998845, -0.01000000000000000021, -1.500000000000000000 ) ) ;
#6577 = ORIENTED_EDGE ( 'NONE', *, *, #3292, .F. ) ;
#6578 = VERTEX_POINT ( 'NONE', #393 ) ;
#6579 = VECTOR ( 'NONE', #4408, 1000.000000000000000 ) ;
#6580 = DIRECTION ( 'NONE',  ( 0.0000000000000000000, 1.000000000000000000, 0.0000000000000000000 ) ) ;
#6581 = PLANE ( 'NONE',  #5036 ) ;
#6582 = VECTOR ( 'NONE', #4344, 1000.000000000000000 ) ;
#6583 = VECTOR ( 'NONE', #801, 1000.000000000000114 ) ;
#6584 = VERTEX_POINT ( 'NONE', #834 ) ;
#6585 = VERTEX_POINT ( 'NONE', #3419 ) ;
#6586 = VECTOR ( 'NONE', #6462, 1000.000000000000000 ) ;
#6587 = CARTESIAN_POINT ( 'NONE',  ( 0.8111087688010900631, 0.9064290159990536777, -2.550312174942152676 ) ) ;
#6588 = DIRECTION ( 'NONE',  ( 0.4804543040264410148, 0.0000000000000000000, 0.8770197613181063279 ) ) ;
#6589 = CARTESIAN_POINT ( 'NONE',  ( 2.358317437290941232, 0.8964290159990535578, -1.970017310208723504 ) ) ;
#6590 = ADVANCED_FACE ( 'NONE', ( #6116 ), #2451, .T. ) ;
#6591 = VECTOR ( 'NONE', #1132, 1000.000000000000000 ) ;
#6592 = LINE ( 'NONE', #5987, #2934 ) ;
#6593 = PLANE ( 'NONE',  #2567 ) ;
#6594 = ORIENTED_EDGE ( 'NONE', *, *, #4253, .F. ) ;
#6595 = EDGE_CURVE ( 'NONE', #1491, #288, #2965, .T. ) ;
#6596 = DIRECTION ( 'NONE',  ( 0.0000000000000000000, 0.0000000000000000000, -1.000000000000000000 ) ) ;
#6597 = DIRECTION ( 'NONE',  ( 0.0000000000000000000, 0.0000000000000000000, -1.000000000000000000 ) ) ;
#6598 = DIRECTION ( 'NONE',  ( -0.0000000000000000000, -1.000000000000000000, -0.0000000000000000000 ) ) ;
#6599 = ORIENTED_EDGE ( 'NONE', *, *, #4082, .T. ) ;
#6600 = DIRECTION ( 'NONE',  ( -0.4802758347947829187, 0.0000000000000000000, -0.8771175078130490910 ) ) ;
#6601 = SURFACE_STYLE_USAGE ( .BOTH. , #4459 ) ;
#6602 =( LENGTH_UNIT ( ) NAMED_UNIT ( * ) SI_UNIT ( .MILLI., .METRE. ) );
#6603 = ORIENTED_EDGE ( 'NONE', *, *, #6754, .F. ) ;
#6604 = CARTESIAN_POINT ( 'NONE',  ( 2.762924536945670084, 0.8964290159990535578, -1.725381821735456622 ) ) ;
#6605 = PLANE ( 'NONE',  #345 ) ;
#6606 = FACE_OUTER_BOUND ( 'NONE', #5187, .T. ) ;
#6607 = DIRECTION ( 'NONE',  ( -0.4804543040264439568, 0.0000000000000000000, 0.8770197613181046625 ) ) ;
#6608 = ADVANCED_FACE ( 'NONE', ( #6675 ), #6711, .T. ) ;
#6609 = VERTEX_POINT ( 'NONE', #1957 ) ;
#6610 = DIRECTION ( 'NONE',  ( 0.4804152582365220914, 0.0000000000000000000, 0.8770411504904065403 ) ) ;
#6611 = VECTOR ( 'NONE', #4158, 1000.000000000000000 ) ;
#6612 = ORIENTED_EDGE ( 'NONE', *, *, #2908, .F. ) ;
#6613 = ORIENTED_EDGE ( 'NONE', *, *, #2574, .F. ) ;
#6614 = CARTESIAN_POINT ( 'NONE',  ( 2.631225207077379391, 0.9064290159990538998, -2.202984043551574178 ) ) ;
#6615 = EDGE_CURVE ( 'NONE', #6764, #6800, #5088, .T. ) ;
#6616 = CARTESIAN_POINT ( 'NONE',  ( 0.4810705621836802726, 0.9064290159990535667, -0.3743214106312359735 ) ) ;
#6617 = EDGE_CURVE ( 'NONE', #5255, #155, #4083, .T. ) ;
#6618 = AXIS2_PLACEMENT_3D ( 'NONE', #1905, #6163, #5442 ) ;
#6619 = ORIENTED_EDGE ( 'NONE', *, *, #4047, .F. ) ;
#6620 = EDGE_LOOP ( 'NONE', ( #4737, #669, #3770, #6750 ) ) ;
#6621 = CARTESIAN_POINT ( 'NONE',  ( 0.4678455872008039917, 0.9064290159990536777, -0.4102680273568015124 ) ) ;
#6622 = VECTOR ( 'NONE', #5885, 1000.000000000000000 ) ;
#6623 = CARTESIAN_POINT ( 'NONE',  ( 2.211336310172248520, 0.8964290159990536688, -2.023816361309370926 ) ) ;
#6624 = LINE ( 'NONE', #4353, #1583 ) ;
#6625 = CARTESIAN_POINT ( 'NONE',  ( 5.382960442688832892, 0.8964290159990536688, -1.504252497007030343 ) ) ;
#6626 = CARTESIAN_POINT ( 'NONE',  ( 2.767108114356040982, 0.8964290159990538909, -1.949415735770812397 ) ) ;
#6627 = VECTOR ( 'NONE', #816, 1000.000000000000114 ) ;
#6628 = VERTEX_POINT ( 'NONE', #1388 ) ;
#6629 = DIRECTION ( 'NONE',  ( 1.000000000000000000, 0.0000000000000000000, 0.0000000000000000000 ) ) ;
#6630 = FACE_OUTER_BOUND ( 'NONE', #1195, .T. ) ;
#6631 = CARTESIAN_POINT ( 'NONE',  ( 4.642254312881140876, 0.8964290159990536688, -2.328888210179513862 ) ) ;
#6632 = PLANE ( 'NONE',  #2710 ) ;
#6633 = EDGE_CURVE ( 'NONE', #1776, #5107, #1889, .T. ) ;
#6634 = SURFACE_STYLE_FILL_AREA ( #206 ) ;
#6635 = ORIENTED_EDGE ( 'NONE', *, *, #1315, .F. ) ;
#6636 = DIRECTION ( 'NONE',  ( 0.0000000000000000000, -0.0000000000000000000, 1.000000000000000000 ) ) ;
#6637 = CARTESIAN_POINT ( 'NONE',  ( 6.174999999999998934, -0.01000000000000000021, -1.635000000000000231 ) ) ;
#6638 = DIRECTION ( 'NONE',  ( -1.000000000000000000, 0.0000000000000000000, -2.710505431213760099E-16 ) ) ;
#6639 = LINE ( 'NONE', #6045, #1148 ) ;
#6640 = CARTESIAN_POINT ( 'NONE',  ( 5.131945485423875297, 0.9064290159990536777, -2.033419163673696684 ) ) ;
#6641 = EDGE_LOOP ( 'NONE', ( #1130, #1274, #4178, #1546 ) ) ;
#6642 = CARTESIAN_POINT ( 'NONE',  ( 4.733162432539260500, 0.8964290159990536688, -2.033419163673696684 ) ) ;
#6643 = ORIENTED_EDGE ( 'NONE', *, *, #2925, .T. ) ;
#6644 = ORIENTED_EDGE ( 'NONE', *, *, #3368, .T. ) ;
#6645 = CARTESIAN_POINT ( 'NONE',  ( 4.224999999999999645, 0.0000000000000000000, -3.699999999999999734 ) ) ;
#6646 = EDGE_CURVE ( 'NONE', #4804, #4746, #868, .T. ) ;
#6647 = PLANE ( 'NONE',  #4165 ) ;
#6648 = EDGE_LOOP ( 'NONE', ( #5195, #2623, #5703, #6474 ) ) ;
#6649 = ADVANCED_FACE ( 'NONE', ( #4600 ), #6215, .F. ) ;
#6650 = ORIENTED_EDGE ( 'NONE', *, *, #5064, .F. ) ;
#6651 = EDGE_CURVE ( 'NONE', #3239, #1874, #3135, .T. ) ;
#6652 = CARTESIAN_POINT ( 'NONE',  ( 4.493956202571311564, 0.9064290159990536777, -2.599619713918829955 ) ) ;
#6653 = CARTESIAN_POINT ( 'NONE',  ( 2.754902118441602710, 0.9064290159990538998, -2.431805370844514869 ) ) ;
#6654 = CARTESIAN_POINT ( 'NONE',  ( 2.218606725309683281, 0.9064290159990536777, -2.023747950786467964 ) ) ;
#6655 = FACE_OUTER_BOUND ( 'NONE', #3688, .T. ) ;
#6656 = CARTESIAN_POINT ( 'NONE',  ( 2.734361682777044944, 0.8964290159990536688, -2.021245888231697929 ) ) ;
#6657 = VERTEX_POINT ( 'NONE', #3204 ) ;
#6658 = ADVANCED_FACE ( 'NONE', ( #4802 ), #4698, .T. ) ;
#6659 = DIRECTION ( 'NONE',  ( 0.3651136360950658633, 0.0000000000000000000, 0.9309629599170097247 ) ) ;
#6660 = DIRECTION ( 'NONE',  ( 1.000000000000000000, 0.0000000000000000000, 0.0000000000000000000 ) ) ;
#6661 = EDGE_CURVE ( 'NONE', #3287, #4497, #6817, .T. ) ;
#6662 = DIRECTION ( 'NONE',  ( 0.2603341375417481118, 0.0000000000000000000, -0.9655185844044609222 ) ) ;
#6663 = VECTOR ( 'NONE', #3015, 1000.000000000000000 ) ;
#6664 = CARTESIAN_POINT ( 'NONE',  ( 3.283254246107636831, 0.9064290159990536777, -2.328888210179513862 ) ) ;
#6665 = CARTESIAN_POINT ( 'NONE',  ( 2.588126540263376185, 0.8964290159990534468, -2.766861315743254224 ) ) ;
#6666 = VECTOR ( 'NONE', #1378, 1000.000000000000000 ) ;
#6667 = CARTESIAN_POINT ( 'NONE',  ( 0.2999999999999999334, -0.01000000000000000021, -2.425000000000000266 ) ) ;
#6668 = VERTEX_POINT ( 'NONE', #3596 ) ;
#6669 = CARTESIAN_POINT ( 'NONE',  ( 2.309572505812466758, 0.8964290159990535578, -1.453287826326651766 ) ) ;
#6670 = CARTESIAN_POINT ( 'NONE',  ( 2.706283697168568203, 0.9064290159990535667, -2.642435556038036815 ) ) ;
#6671 = LINE ( 'NONE', #1886, #6906 ) ;
#6672 = LINE ( 'NONE', #6082, #6058 ) ;
#6673 = EDGE_CURVE ( 'NONE', #5410, #1055, #5259, .T. ) ;
#6674 = STYLED_ITEM ( 'NONE', ( #5156 ), #3487 ) ;
#6675 = FACE_OUTER_BOUND ( 'NONE', #2212, .T. ) ;
#6676 = VERTEX_POINT ( 'NONE', #3 ) ;
#6677 = CARTESIAN_POINT ( 'NONE',  ( 6.174999999999998934, -0.01000000000000000021, -0.3000000000000000444 ) ) ;
#6678 = ORIENTED_EDGE ( 'NONE', *, *, #400, .T. ) ;
#6679 = VECTOR ( 'NONE', #3639, 1000.000000000000000 ) ;
#6680 = UNCERTAINTY_MEASURE_WITH_UNIT (LENGTH_MEASURE( 1.000000000000000082E-05 ), #6484, 'distance_accuracy_value', 'NONE');
#6681 = VERTEX_POINT ( 'NONE', #5719 ) ;
#6682 = CARTESIAN_POINT ( 'NONE',  ( 4.419605741834132573, 0.8964290159990536688, -2.033419163673696684 ) ) ;
#6683 = CARTESIAN_POINT ( 'NONE',  ( 4.642254312881140876, 0.8964290159990536688, -2.328888210179513862 ) ) ;
#6684 = MECHANICAL_DESIGN_GEOMETRIC_PRESENTATION_REPRESENTATION (  '', ( #1316 ), #3107 ) ;
#6685 = VERTEX_POINT ( 'NONE', #939 ) ;
#6686 = ORIENTED_EDGE ( 'NONE', *, *, #1208, .T. ) ;
#6687 = CARTESIAN_POINT ( 'NONE',  ( 0.2749999999999992450, -0.01000000000000000021, -0.5500000000000001554 ) ) ;
#6688 = ORIENTED_EDGE ( 'NONE', *, *, #4631, .F. ) ;
#6689 = VECTOR ( 'NONE', #4100, 1000.000000000000000 ) ;
#6690 = PLANE ( 'NONE',  #5105 ) ;
#6691 = CARTESIAN_POINT ( 'NONE',  ( 2.378679949077652456, 0.9064290159990537887, -1.928864227769520712 ) ) ;
#6692 = CARTESIAN_POINT ( 'NONE',  ( 4.567161831577721820, 0.9064290159990536777, -1.504252497007030343 ) ) ;
#6693 = COLOUR_RGB ( '',1.000000000000000000, 1.000000000000000000, 1.000000000000000000 ) ;
#6694 = CARTESIAN_POINT ( 'NONE',  ( 0.2125339656445195402, 0.8964290159990534468, -0.3435186283409524255 ) ) ;
#6695 = VECTOR ( 'NONE', #524, 1000.000000000000227 ) ;
#6696 = LINE ( 'NONE', #2622, #5002 ) ;
#6697 = ORIENTED_EDGE ( 'NONE', *, *, #3330, .F. ) ;
#6698 = DIRECTION ( 'NONE',  ( 0.0000000000000000000, -1.000000000000000000, 0.0000000000000000000 ) ) ;
#6699 = VECTOR ( 'NONE', #5616, 1000.000000000000000 ) ;
#6700 = CARTESIAN_POINT ( 'NONE',  ( 6.200000000000000178, -0.01000000000000000021, -3.700000000000000178 ) ) ;
#6701 = CARTESIAN_POINT ( 'NONE',  ( 3.487733913575585820, 0.9064290159990536777, -2.599619713918829955 ) ) ;
#6702 = CARTESIAN_POINT ( 'NONE',  ( 2.362515761265659542, 0.8964290159990536688, -2.455903559816821069 ) ) ;
#6703 = CARTESIAN_POINT ( 'NONE',  ( 0.2518713552839033643, 0.8964290159990535578, -0.4416147922389940250 ) ) ;
#6704 = EDGE_CURVE ( 'NONE', #1754, #5097, #3070, .T. ) ;
#6705 = VECTOR ( 'NONE', #5949, 1000.000000000000227 ) ;
#6706 = VERTEX_POINT ( 'NONE', #6317 ) ;
#6707 = DIRECTION ( 'NONE',  ( -1.000000000000000000, 0.0000000000000000000, -0.0000000000000000000 ) ) ;
#6708 = DIRECTION ( 'NONE',  ( 0.0000000000000000000, 0.0000000000000000000, 1.000000000000000000 ) ) ;
#6709 = LINE ( 'NONE', #4523, #673 ) ;
#6710 = DIRECTION ( 'NONE',  ( -1.000000000000000000, 0.0000000000000000000, -0.0000000000000000000 ) ) ;
#6711 = PLANE ( 'NONE',  #2315 ) ;
#6712 = EDGE_LOOP ( 'NONE', ( #5810, #1695, #799, #369, #5656, #3376 ) ) ;
#6713 = LINE ( 'NONE', #6118, #3559 ) ;
#6714 = VERTEX_POINT ( 'NONE', #3692 ) ;
#6715 = ORIENTED_EDGE ( 'NONE', *, *, #4177, .F. ) ;
#6716 = CARTESIAN_POINT ( 'NONE',  ( 3.841868528960200813, 0.9064290159990536777, -2.599619713918829955 ) ) ;
#6717 = LINE ( 'NONE', #5589, #1157 ) ;
#6718 = EDGE_CURVE ( 'NONE', #6159, #6889, #969, .T. ) ;
#6719 = ORIENTED_EDGE ( 'NONE', *, *, #4545, .T. ) ;
#6720 = ADVANCED_FACE ( 'NONE', ( #3628 ), #3103, .T. ) ;
#6721 = EDGE_CURVE ( 'NONE', #1901, #6491, #6876, .T. ) ;
#6722 = ORIENTED_EDGE ( 'NONE', *, *, #207, .T. ) ;
#6723 = FACE_OUTER_BOUND ( 'NONE', #3359, .T. ) ;
#6724 = EDGE_LOOP ( 'NONE', ( #5005, #4840, #1726, #3908, #2343, #464, #5025, #2960, #1308 ) ) ;
#6725 = FACE_OUTER_BOUND ( 'NONE', #5058, .T. ) ;
#6726 = LINE ( 'NONE', #5629, #31 ) ;
#6727 = VECTOR ( 'NONE', #2897, 1000.000000000000000 ) ;
#6728 = CARTESIAN_POINT ( 'NONE',  ( 3.431552356417465699, 0.8964290159990536688, -2.599619713918829955 ) ) ;
#6729 = CARTESIAN_POINT ( 'NONE',  ( 0.3209388616259928884, 0.8964290159990533358, -0.2175651065129461104 ) ) ;
#6730 = EDGE_LOOP ( 'NONE', ( #471, #6117, #3913, #3374 ) ) ;
#6731 = VECTOR ( 'NONE', #6131, 1000.000000000000000 ) ;
#6732 = PLANE ( 'NONE',  #9 ) ;
#6733 = DIRECTION ( 'NONE',  ( 1.000000000000000000, 0.0000000000000000000, 0.0000000000000000000 ) ) ;
#6734 = CARTESIAN_POINT ( 'NONE',  ( 4.196003144344816249, 0.9064290159990536777, -2.599619713918829955 ) ) ;
#6735 = DIRECTION ( 'NONE',  ( -0.0000000000000000000, 1.000000000000000000, -0.0000000000000000000 ) ) ;
#6736 = EDGE_CURVE ( 'NONE', #611, #1535, #6350, .T. ) ;
#6737 = CARTESIAN_POINT ( 'NONE',  ( 0.4828319768705268689, 0.8964290159990540019, -0.3346271895049544587 ) ) ;
#6738 = VECTOR ( 'NONE', #6561, 1000.000000000000000 ) ;
#6739 = CARTESIAN_POINT ( 'NONE',  ( 4.493956202571311564, 0.8964290159990536688, -2.599619713918829955 ) ) ;
#6740 = EDGE_CURVE ( 'NONE', #4429, #6578, #1566, .T. ) ;
#6741 = VERTEX_POINT ( 'NONE', #521 ) ;
#6742 = DIRECTION ( 'NONE',  ( -1.000000000000000000, 0.0000000000000000000, 5.421010862427522170E-17 ) ) ;
#6743 = EDGE_CURVE ( 'NONE', #4207, #3486, #2645, .T. ) ;
#6744 = CARTESIAN_POINT ( 'NONE',  ( 3.741186938415328900, 0.9064290159990536777, -2.033419163673696684 ) ) ;
#6745 = PLANE ( 'NONE',  #5891 ) ;
#6746 = FACE_OUTER_BOUND ( 'NONE', #6541, .T. ) ;
#6747 = LINE ( 'NONE', #6180, #1300 ) ;
#6748 = ORIENTED_EDGE ( 'NONE', *, *, #6109, .T. ) ;
#6749 = CARTESIAN_POINT ( 'NONE',  ( 1.574999999999999289, -0.01000000000000000021, -1.574999999999999956 ) ) ;
#6750 = ORIENTED_EDGE ( 'NONE', *, *, #687, .T. ) ;
#6751 = UNCERTAINTY_MEASURE_WITH_UNIT (LENGTH_MEASURE( 1.000000000000000082E-05 ), #6077, 'distance_accuracy_value', 'NONE');
#6752 = ORIENTED_EDGE ( 'NONE', *, *, #3723, .F. ) ;
#6753 = DIRECTION ( 'NONE',  ( -0.0000000000000000000, -1.000000000000000000, -0.0000000000000000000 ) ) ;
#6754 = EDGE_CURVE ( 'NONE', #216, #3701, #4977, .T. ) ;
#6755 = CARTESIAN_POINT ( 'NONE',  ( 4.876181596534986618, 0.9064290159990536777, -2.548420294848317447 ) ) ;
#6756 = VERTEX_POINT ( 'NONE', #3243 ) ;
#6757 = ORIENTED_EDGE ( 'NONE', *, *, #3406, .F. ) ;
#6758 = DIRECTION ( 'NONE',  ( 0.8770411504904065403, 0.0000000000000000000, -0.4804152582365220359 ) ) ;
#6759 = ORIENTED_EDGE ( 'NONE', *, *, #5883, .F. ) ;
#6760 = CARTESIAN_POINT ( 'NONE',  ( 3.644173049526439723, 0.9064290159990536777, -2.858054876846180203 ) ) ;
#6761 = CARTESIAN_POINT ( 'NONE',  ( 2.363711909244340603, 0.8964290159990534468, -2.426002888990689055 ) ) ;
#6762 = LINE ( 'NONE', #1972, #270 ) ;
#6763 = CARTESIAN_POINT ( 'NONE',  ( 0.2345882039806324593, 0.8964290159990537799, -0.2743234123207751729 ) ) ;
#6764 = VERTEX_POINT ( 'NONE', #4948 ) ;
#6765 = CARTESIAN_POINT ( 'NONE',  ( 2.603280179094247693, 0.8964290159990531137, -1.539889150455816980 ) ) ;
#6766 = LINE ( 'NONE', #3059, #6446 ) ;
#6767 = CARTESIAN_POINT ( 'NONE',  ( 4.337517066620457662, 0.8964290159990536688, -2.858054876846180203 ) ) ;
#6768 = CARTESIAN_POINT ( 'NONE',  ( 2.237468899868631400, 0.9064290159990537887, -2.549126416431104047 ) ) ;
#6769 = CARTESIAN_POINT ( 'NONE',  ( 0.4335855181695676963, 0.8964290159990535578, -0.2448774935156212140 ) ) ;
#6770 = DIRECTION ( 'NONE',  ( 0.0000000000000000000, 0.0000000000000000000, 1.000000000000000000 ) ) ;
#6771 =( NAMED_UNIT ( * ) PLANE_ANGLE_UNIT ( ) SI_UNIT ( $, .RADIAN. ) );
#6772 = VECTOR ( 'NONE', #5345, 1000.000000000000000 ) ;
#6773 = EDGE_LOOP ( 'NONE', ( #1158, #6352, #6378, #6263 ) ) ;
#6774 = DIRECTION ( 'NONE',  ( -0.0000000000000000000, 1.000000000000000000, -0.0000000000000000000 ) ) ;
#6775 = PLANE ( 'NONE',  #4764 ) ;
#6776 = LINE ( 'NONE', #1986, #1329 ) ;
#6777 = CARTESIAN_POINT ( 'NONE',  ( 3.790266298725157856, 0.9064290159990536777, -2.033419163673696684 ) ) ;
#6778 = AXIS2_PLACEMENT_3D ( 'NONE', #895, #2577, #381 ) ;
#6779 = CARTESIAN_POINT ( 'NONE',  ( 4.167912365765756633, 0.9064290159990536777, -2.650819132989342908 ) ) ;
#6780 = ORIENTED_EDGE ( 'NONE', *, *, #3140, .T. ) ;
#6781 = PLANE ( 'NONE',  #1790 ) ;
#6782 = ORIENTED_EDGE ( 'NONE', *, *, #6633, .F. ) ;
#6783 = ORIENTED_EDGE ( 'NONE', *, *, #3549, .F. ) ;
#6784 = PLANE ( 'NONE',  #2109 ) ;
#6785 = VECTOR ( 'NONE', #2822, 1000.000000000000114 ) ;
#6786 = CARTESIAN_POINT ( 'NONE',  ( 3.510524545252935891, 0.8964290159990536688, -1.504252497007030343 ) ) ;
#6787 = EDGE_CURVE ( 'NONE', #4288, #6800, #4325, .T. ) ;
#6788 = ADVANCED_FACE ( 'NONE', ( #175 ), #5962, .T. ) ;
#6789 = AXIS2_PLACEMENT_3D ( 'NONE', #1104, #6492, #6525 ) ;
#6790 = VERTEX_POINT ( 'NONE', #1183 ) ;
#6791 = ORIENTED_EDGE ( 'NONE', *, *, #2732, .F. ) ;
#6792 = DIRECTION ( 'NONE',  ( -0.8771107020363841933, 0.0000000000000000000, 0.4802882638304223906 ) ) ;
#6793 = ORIENTED_EDGE ( 'NONE', *, *, #3902, .T. ) ;
#6794 = CARTESIAN_POINT ( 'NONE',  ( 2.638462628433889456, 0.8964290159990537799, -2.209079730541711584 ) ) ;
#6795 = CARTESIAN_POINT ( 'NONE',  ( 2.724999999999999201, 0.0000000000000000000, -0.3000000000000000999 ) ) ;
#6796 =( GEOMETRIC_REPRESENTATION_CONTEXT ( 3 ) GLOBAL_UNCERTAINTY_ASSIGNED_CONTEXT ( ( #1725 ) ) GLOBAL_UNIT_ASSIGNED_CONTEXT ( ( #4800, #5257, #2613 ) ) REPRESENTATION_CONTEXT ( 'NONE', 'WORKASPACE' ) );
#6797 = CARTESIAN_POINT ( 'NONE',  ( 3.680129246107636920, 0.8964290159990536688, -2.033419163673696684 ) ) ;
#6798 = VECTOR ( 'NONE', #5102, 1000.000000000000000 ) ;
#6799 = CARTESIAN_POINT ( 'NONE',  ( 3.813777750381140752, 0.9064290159990536777, -2.650819132989342908 ) ) ;
#6800 = VERTEX_POINT ( 'NONE', #6458 ) ;
#6801 = VECTOR ( 'NONE', #359, 1000.000000000000000 ) ;
#6802 = DIRECTION ( 'NONE',  ( 0.8769390707362919590, -0.0000000000000000000, 0.4806015670138507057 ) ) ;
#6803 = ADVANCED_FACE ( 'NONE', ( #5437 ), #5927, .T. ) ;
#6804 = DIRECTION ( 'NONE',  ( 0.4804543040264410148, 0.0000000000000000000, -0.8770197613181063279 ) ) ;
#6805 = CARTESIAN_POINT ( 'NONE',  ( 3.000000000000000000, -0.01000000000000000021, -3.700000000000000178 ) ) ;
#6806 = AXIS2_PLACEMENT_3D ( 'NONE', #3831, #1663, #3792 ) ;
#6807 = DIRECTION ( 'NONE',  ( 0.4802758347947829187, 0.0000000000000000000, 0.8771175078130490910 ) ) ;
#6808 = DIRECTION ( 'NONE',  ( 1.000000000000000000, 0.0000000000000000000, -0.0000000000000000000 ) ) ;
#6809 = VECTOR ( 'NONE', #3093, 1000.000000000000000 ) ;
#6810 = ADVANCED_FACE ( 'NONE', ( #3349 ), #2168, .F. ) ;
#6811 = CARTESIAN_POINT ( 'NONE',  ( 0.4610439163112468042, 0.8964290159990536688, -0.2743266433493466994 ) ) ;
#6812 = VERTEX_POINT ( 'NONE', #728 ) ;
#6813 = DIRECTION ( 'NONE',  ( -0.0000000000000000000, -1.000000000000000000, -0.0000000000000000000 ) ) ;
#6814 = PLANE ( 'NONE',  #3890 ) ;
#6815 = LINE ( 'NONE', #6179, #6841 ) ;
#6816 = AXIS2_PLACEMENT_3D ( 'NONE', #2539, #1407, #3542 ) ;
#6817 = LINE ( 'NONE', #1495, #82 ) ;
#6818 = DIRECTION ( 'NONE',  ( -0.0000000000000000000, -1.000000000000000000, -0.0000000000000000000 ) ) ;
#6819 = VERTEX_POINT ( 'NONE', #4915 ) ;
#6820 = VERTEX_POINT ( 'NONE', #2855 ) ;
#6821 = CARTESIAN_POINT ( 'NONE',  ( 0.2345882039806324593, 0.8964290159990537799, -0.2743234123207751729 ) ) ;
#6822 = CARTESIAN_POINT ( 'NONE',  ( 5.045786297389687647, 0.9064290159990536777, -2.858054876846180203 ) ) ;
#6823 = EDGE_CURVE ( 'NONE', #1893, #3624, #6419, .T. ) ;
#6824 = ORIENTED_EDGE ( 'NONE', *, *, #4735, .F. ) ;
#6825 = CARTESIAN_POINT ( 'NONE',  ( 0.2124046488319323855, 0.9064290159990536777, -0.3480185847706619429 ) ) ;
#6826 = ORIENTED_EDGE ( 'NONE', *, *, #101, .F. ) ;
#6827 = LINE ( 'NONE', #881, #6663 ) ;
#6828 = VERTEX_POINT ( 'NONE', #3766 ) ;
#6829 = DIRECTION ( 'NONE',  ( -0.0000000000000000000, -1.000000000000000000, -0.0000000000000000000 ) ) ;
#6830 = EDGE_CURVE ( 'NONE', #2074, #2764, #629, .T. ) ;
#6831 = CARTESIAN_POINT ( 'NONE',  ( 3.927306897015756082, 0.9064290159990536777, -2.858054876846180203 ) ) ;
#6832 = CARTESIAN_POINT ( 'NONE',  ( 0.2277403498080015631, 0.8964290159990535578, -0.2853574944207963315 ) ) ;
#6833 = ORIENTED_EDGE ( 'NONE', *, *, #2216, .F. ) ;
#6834 = PLANE ( 'NONE',  #6816 ) ;
#6835 = AXIS2_PLACEMENT_3D ( 'NONE', #747, #4480, #268 ) ;
#6836 = CARTESIAN_POINT ( 'NONE',  ( 3.983382451235841781, 0.9064290159990536777, -2.858054876846180203 ) ) ;
#6837 = CARTESIAN_POINT ( 'NONE',  ( 0.3479760344392396898, 0.9064290159990536777, -0.4802988874070792669 ) ) ;
#6838 = CARTESIAN_POINT ( 'NONE',  ( 2.585499676996519280, 0.8964290159990536688, -2.167429442475643064 ) ) ;
#6839 = ADVANCED_FACE ( 'NONE', ( #3382 ), #2753, .T. ) ;
#6840 = CARTESIAN_POINT ( 'NONE',  ( 0.3999819281260835191, 0.8964290159990537799, -0.2247490116503495783 ) ) ;
#6841 = VECTOR ( 'NONE', #5781, 1000.000000000000000 ) ;
#6842 = EDGE_LOOP ( 'NONE', ( #6497, #1900, #2841, #1293 ) ) ;
#6843 = CARTESIAN_POINT ( 'NONE',  ( 4.876181596534986618, 0.8964290159990536688, -2.548420294848317447 ) ) ;
#6844 = CARTESIAN_POINT ( 'NONE',  ( 1.574999999999999734, -0.01000000000000000021, -3.700000000000000178 ) ) ;
#6845 = VECTOR ( 'NONE', #6030, 1000.000000000000114 ) ;
#6846 = DIRECTION ( 'NONE',  ( -0.4802758347947829187, 0.0000000000000000000, -0.8771175078130490910 ) ) ;
#6847 = DIRECTION ( 'NONE',  ( 0.4804543040264410148, 0.0000000000000000000, -0.8770197613181063279 ) ) ;
#6848 = FACE_OUTER_BOUND ( 'NONE', #2833, .T. ) ;
#6849 = EDGE_LOOP ( 'NONE', ( #1557, #5269, #901, #2002 ) ) ;
#6850 = VERTEX_POINT ( 'NONE', #1743 ) ;
#6851 = CARTESIAN_POINT ( 'NONE',  ( 4.054743629120457271, 0.9064290159990536777, -2.033419163673696684 ) ) ;
#6852 = FACE_OUTER_BOUND ( 'NONE', #1382, .T. ) ;
#6853 = ORIENTED_EDGE ( 'NONE', *, *, #2075, .F. ) ;
#6854 = DIRECTION ( 'NONE',  ( -0.4806015670138506501, 0.0000000000000000000, 0.8769390707362919590 ) ) ;
#6855 = ORIENTED_EDGE ( 'NONE', *, *, #5850, .T. ) ;
#6856 =( NAMED_UNIT ( * ) SI_UNIT ( $, .STERADIAN. ) SOLID_ANGLE_UNIT ( ) );
#6857 = EDGE_CURVE ( 'NONE', #6265, #6889, #3873, .T. ) ;
#6858 = ORIENTED_EDGE ( 'NONE', *, *, #1562, .F. ) ;
#6859 = CARTESIAN_POINT ( 'NONE',  ( 2.614426117350637124, 0.9064290159990536777, -2.189869185693511966 ) ) ;
#6860 = FACE_OUTER_BOUND ( 'NONE', #5677, .T. ) ;
#6861 = FACE_OUTER_BOUND ( 'NONE', #2112, .T. ) ;
#6862 = EDGE_CURVE ( 'NONE', #5641, #880, #1149, .T. ) ;
#6863 = ORIENTED_EDGE ( 'NONE', *, *, #5062, .F. ) ;
#6864 = CARTESIAN_POINT ( 'NONE',  ( 2.672844913823359203, 0.9064290159990538998, -1.595485598913622960 ) ) ;
#6865 = CARTESIAN_POINT ( 'NONE',  ( 5.052570485423875546, 0.8964290159990536688, -2.328888210179513862 ) ) ;
#6866 = DIRECTION ( 'NONE',  ( 0.4804543040264410148, 0.0000000000000000000, -0.8770197613181063279 ) ) ;
#6867 = CARTESIAN_POINT ( 'NONE',  ( 0.4229232916042937607, 0.9064290159990537887, -0.2369197137246732143 ) ) ;
#6868 = ADVANCED_FACE ( 'NONE', ( #5366 ), #246, .T. ) ;
#6869 = EDGE_CURVE ( 'NONE', #1055, #1527, #826, .T. ) ;
#6870 = LINE ( 'NONE', #1950, #6477 ) ;
#6871 = ORIENTED_EDGE ( 'NONE', *, *, #1520, .F. ) ;
#6872 = LINE ( 'NONE', #4761, #3324 ) ;
#6873 = B_SPLINE_CURVE_WITH_KNOTS ( 'NONE', 3,
 ( #795, #6534, #2859, #1885, #2310, #1319, #2928, #1225, #1748, #2895, #3450, #281, #6670, #247, #5579, #3352, #6566, #149, #6004 ),
 .UNSPECIFIED., .F., .F.,
 ( 4, 1, 1, 1, 1, 1, 1, 1, 1, 1, 1, 1, 1, 1, 1, 1, 4 ),
 ( 0.0000000000000000000, 0.09546510449171004276, 0.1858575897923443188, 0.2710349793365074422, 0.3517277028838312058, 0.4270736388201363254, 0.4957100026978948359, 0.5587525136388115099, 0.6169147795200193851, 0.6714863062766497359, 0.7233083748797399792, 0.7727831595727389091, 0.8206259410641822960, 0.8668866673586651528, 0.9115747216525506014, 0.9560569530428016938, 1.000000000000000000 ),
 .UNSPECIFIED. ) ;
#6874 = LINE ( 'NONE', #4665, #6384 ) ;
#6875 = AXIS2_PLACEMENT_3D ( 'NONE', #4527, #4566, #2383 ) ;
#6876 = LINE ( 'NONE', #2092, #4093 ) ;
#6877 = SURFACE_SIDE_STYLE ('',( #4730 ) ) ;
#6878 = ORIENTED_EDGE ( 'NONE', *, *, #5282, .F. ) ;
#6879 = CARTESIAN_POINT ( 'NONE',  ( 4.281441512400371963, 0.8964290159990536688, -2.858054876846180203 ) ) ;
#6880 = EDGE_CURVE ( 'NONE', #2236, #2617, #860, .T. ) ;
#6881 = DIRECTION ( 'NONE',  ( 0.0000000000000000000, 0.0000000000000000000, 1.000000000000000000 ) ) ;
#6882 = CARTESIAN_POINT ( 'NONE',  ( 3.927306897015756082, 0.9064290159990536777, -2.858054876846180203 ) ) ;
#6883 = FACE_OUTER_BOUND ( 'NONE', #3245, .T. ) ;
#6884 = ORIENTED_EDGE ( 'NONE', *, *, #2062, .T. ) ;
#6885 = CARTESIAN_POINT ( 'NONE',  ( 4.848090817955927001, 0.9064290159990536777, -2.599619713918829955 ) ) ;
#6886 = EDGE_LOOP ( 'NONE', ( #3867, #3534, #5458, #774 ) ) ;
#6887 =( GEOMETRIC_REPRESENTATION_CONTEXT ( 3 ) GLOBAL_UNCERTAINTY_ASSIGNED_CONTEXT ( ( #5618 ) ) GLOBAL_UNIT_ASSIGNED_CONTEXT ( ( #992, #2633, #5914 ) ) REPRESENTATION_CONTEXT ( 'NONE', 'WORKASPACE' ) );
#6888 = FACE_OUTER_BOUND ( 'NONE', #3278, .T. ) ;
#6889 = VERTEX_POINT ( 'NONE', #5047 ) ;
#6890 = DIRECTION ( 'NONE',  ( 0.0000000000000000000, -0.0000000000000000000, 1.000000000000000000 ) ) ;
#6891 = CARTESIAN_POINT ( 'NONE',  ( 4.049867493970884524, 0.9064290159990536777, -1.908971714421560328 ) ) ;
#6892 = CARTESIAN_POINT ( 'NONE',  ( 0.4828310244601651813, 0.8964290159990540019, -0.3613038319912995622 ) ) ;
#6893 = VECTOR ( 'NONE', #6813, 1000.000000000000000 ) ;
#6894 = EDGE_LOOP ( 'NONE', ( #505, #5655, #678, #2004 ) ) ;
#6895 = ORIENTED_EDGE ( 'NONE', *, *, #5870, .T. ) ;
#6896 = CARTESIAN_POINT ( 'NONE',  ( 5.049999999999999822, 0.0000000000000000000, -3.699999999999999734 ) ) ;
#6897 = VECTOR ( 'NONE', #1288, 1000.000000000000000 ) ;
#6898 = VECTOR ( 'NONE', #6829, 1000.000000000000000 ) ;
#6899 = DIRECTION ( 'NONE',  ( 0.0000000000000000000, 0.0000000000000000000, -1.000000000000000000 ) ) ;
#6900 = LINE ( 'NONE', #5611, #3783 ) ;
#6901 = DIRECTION ( 'NONE',  ( 0.0000000000000000000, 0.0000000000000000000, 1.000000000000000000 ) ) ;
#6902 = CARTESIAN_POINT ( 'NONE',  ( 0.8216232979579064510, 0.9064290159990536777, -1.194194365643492128 ) ) ;
#6903 = VECTOR ( 'NONE', #2896, 1000.000000000000000 ) ;
#6904 = ORIENTED_EDGE ( 'NONE', *, *, #2891, .F. ) ;
#6905 = DIRECTION ( 'NONE',  ( 0.2578433336118817198, 0.0000000000000000000, 0.9661867393583456476 ) ) ;
#6906 = VECTOR ( 'NONE', #3481, 1000.000000000000114 ) ;
#6907 = ORIENTED_EDGE ( 'NONE', *, *, #6002, .T. ) ;
#6908 = DIRECTION ( 'NONE',  ( -0.0000000000000000000, -1.000000000000000000, -0.0000000000000000000 ) ) ;
#6909 = CARTESIAN_POINT ( 'NONE',  ( 2.209070282058282153, 0.8964290159990538909, -2.293136989795635294 ) ) ;
#6910 = AXIS2_PLACEMENT_3D ( 'NONE', #6369, #4855, #5908 ) ;
#6911 = CARTESIAN_POINT ( 'NONE',  ( 2.379675551523483978, 0.8964290159990536688, -1.899344919941882592 ) ) ;
#6912 = EDGE_CURVE ( 'NONE', #3701, #1162, #4557, .T. ) ;
ENDSEC;
END-ISO-10303-21;
