ISO-10303-21;
HEADER;
/* Generated by software containing ST-Developer
 * from STEP Tools, Inc. (www.steptools.com) 
 */

FILE_DESCRIPTION(
/* description */ (''),
/* implementation_level */ '2;1');

FILE_NAME(
/* name */ 'DRC0010J.step',
/* time_stamp */ '2025-11-06T02:06:25+01:00',
/* author */ (''),
/* organization */ (''),
/* preprocessor_version */ 'ST-DEVELOPER v20.1',
/* originating_system */ 'Autodesk Translation Framework v14.17.0.0',
/* authorisation */ '');

FILE_SCHEMA (('AUTOMOTIVE_DESIGN { 1 0 10303 214 3 1 1 }'));
ENDSEC;

DATA;
#10=MECHANICAL_DESIGN_GEOMETRIC_PRESENTATION_REPRESENTATION('',(#25,#26,
#27,#28,#29,#30,#31,#32,#33,#34,#35,#36,#37,#38,#39,#40,#41,#42,#43,#44,
#45,#46,#47,#48,#49,#50,#51),#5361);
#11=ITEM_DEFINED_TRANSFORMATION($,$,#3335,#3556);
#12=ITEM_DEFINED_TRANSFORMATION($,$,#3435,#3557);
#13=(
REPRESENTATION_RELATIONSHIP($,$,#5375,#5374)
REPRESENTATION_RELATIONSHIP_WITH_TRANSFORMATION(#11)
SHAPE_REPRESENTATION_RELATIONSHIP()
);
#14=(
REPRESENTATION_RELATIONSHIP($,$,#5376,#5374)
REPRESENTATION_RELATIONSHIP_WITH_TRANSFORMATION(#12)
SHAPE_REPRESENTATION_RELATIONSHIP()
);
#15=CONTEXT_DEPENDENT_SHAPE_REPRESENTATION(#13,#5372);
#16=CONTEXT_DEPENDENT_SHAPE_REPRESENTATION(#14,#5373);
#17=NEXT_ASSEMBLY_USAGE_OCCURRENCE('BODY-SON:1','BODY-SON:1',
'BODY-SON:1',#5378,#5379,'BODY-SON:1');
#18=NEXT_ASSEMBLY_USAGE_OCCURRENCE('FRAME-DRC0010J:1',
'FRAME-DRC0010J:1','FRAME-DRC0010J:1',#5378,#5380,'FRAME-DRC0010J:1');
#19=SHAPE_REPRESENTATION_RELATIONSHIP('SRR','None',#5375,#22);
#20=SHAPE_REPRESENTATION_RELATIONSHIP('SRR','None',#5376,#23);
#21=SHAPE_REPRESENTATION_RELATIONSHIP('SRR','None',#5374,#24);
#22=ADVANCED_BREP_SHAPE_REPRESENTATION('',(#52),#5359);
#23=ADVANCED_BREP_SHAPE_REPRESENTATION('',(#53,#54,#55,#56,#57,#58,#59,
#60,#61,#62,#63),#5360);
#24=ADVANCED_BREP_SHAPE_REPRESENTATION('',(#64),#5358);
#25=STYLED_ITEM('',(#5395),#52);
#26=STYLED_ITEM('',(#5397),#3220);
#27=STYLED_ITEM('',(#5397),#3228);
#28=STYLED_ITEM('',(#5397),#3231);
#29=STYLED_ITEM('',(#5397),#3233);
#30=STYLED_ITEM('',(#5396),#53);
#31=STYLED_ITEM('',(#5397),#3237);
#32=STYLED_ITEM('',(#5396),#54);
#33=STYLED_ITEM('',(#5397),#3243);
#34=STYLED_ITEM('',(#5396),#55);
#35=STYLED_ITEM('',(#5397),#3249);
#36=STYLED_ITEM('',(#5396),#56);
#37=STYLED_ITEM('',(#5397),#3255);
#38=STYLED_ITEM('',(#5396),#57);
#39=STYLED_ITEM('',(#5397),#3263);
#40=STYLED_ITEM('',(#5396),#58);
#41=STYLED_ITEM('',(#5397),#3269);
#42=STYLED_ITEM('',(#5396),#59);
#43=STYLED_ITEM('',(#5397),#3275);
#44=STYLED_ITEM('',(#5396),#60);
#45=STYLED_ITEM('',(#5397),#3281);
#46=STYLED_ITEM('',(#5396),#61);
#47=STYLED_ITEM('',(#5397),#3285);
#48=STYLED_ITEM('',(#5396),#62);
#49=STYLED_ITEM('',(#5397),#3293);
#50=STYLED_ITEM('',(#5396),#63);
#51=STYLED_ITEM('',(#5394),#64);
#52=MANIFOLD_SOLID_BREP('Body1',#3298);
#53=MANIFOLD_SOLID_BREP('Body1',#3299);
#54=MANIFOLD_SOLID_BREP('Body2',#3300);
#55=MANIFOLD_SOLID_BREP('Body3',#3301);
#56=MANIFOLD_SOLID_BREP('Body4',#3302);
#57=MANIFOLD_SOLID_BREP('Body5',#3303);
#58=MANIFOLD_SOLID_BREP('Body6',#3304);
#59=MANIFOLD_SOLID_BREP('Body7',#3305);
#60=MANIFOLD_SOLID_BREP('Body8',#3306);
#61=MANIFOLD_SOLID_BREP('Body9',#3307);
#62=MANIFOLD_SOLID_BREP('Body10',#3308);
#63=MANIFOLD_SOLID_BREP('Body11',#3309);
#64=MANIFOLD_SOLID_BREP('Body1',#3310);
#65=CYLINDRICAL_SURFACE('',#3386,0.12);
#66=CYLINDRICAL_SURFACE('',#3391,0.12);
#67=CYLINDRICAL_SURFACE('',#3396,0.12);
#68=CYLINDRICAL_SURFACE('',#3401,0.12);
#69=CYLINDRICAL_SURFACE('',#3406,0.12);
#70=CYLINDRICAL_SURFACE('',#3411,0.12);
#71=CYLINDRICAL_SURFACE('',#3416,0.12);
#72=CYLINDRICAL_SURFACE('',#3421,0.12);
#73=CYLINDRICAL_SURFACE('',#3426,0.12);
#74=CYLINDRICAL_SURFACE('',#3431,0.12);
#75=CYLINDRICAL_SURFACE('',#3476,0.12);
#76=CYLINDRICAL_SURFACE('',#3484,0.12);
#77=CYLINDRICAL_SURFACE('',#3492,0.12);
#78=CYLINDRICAL_SURFACE('',#3500,0.12);
#79=CYLINDRICAL_SURFACE('',#3506,0.12);
#80=CYLINDRICAL_SURFACE('',#3514,0.12);
#81=CYLINDRICAL_SURFACE('',#3522,0.12);
#82=CYLINDRICAL_SURFACE('',#3530,0.12);
#83=CYLINDRICAL_SURFACE('',#3540,0.12);
#84=CYLINDRICAL_SURFACE('',#3546,0.12);
#85=CYLINDRICAL_SURFACE('',#3551,0.125);
#86=FACE_OUTER_BOUND('',#263,.T.);
#87=FACE_OUTER_BOUND('',#264,.T.);
#88=FACE_OUTER_BOUND('',#265,.T.);
#89=FACE_OUTER_BOUND('',#266,.T.);
#90=FACE_OUTER_BOUND('',#267,.T.);
#91=FACE_OUTER_BOUND('',#268,.T.);
#92=FACE_OUTER_BOUND('',#269,.T.);
#93=FACE_OUTER_BOUND('',#270,.T.);
#94=FACE_OUTER_BOUND('',#271,.T.);
#95=FACE_OUTER_BOUND('',#272,.T.);
#96=FACE_OUTER_BOUND('',#273,.T.);
#97=FACE_OUTER_BOUND('',#274,.T.);
#98=FACE_OUTER_BOUND('',#275,.T.);
#99=FACE_OUTER_BOUND('',#276,.T.);
#100=FACE_OUTER_BOUND('',#277,.T.);
#101=FACE_OUTER_BOUND('',#278,.T.);
#102=FACE_OUTER_BOUND('',#279,.T.);
#103=FACE_OUTER_BOUND('',#280,.T.);
#104=FACE_OUTER_BOUND('',#281,.T.);
#105=FACE_OUTER_BOUND('',#282,.T.);
#106=FACE_OUTER_BOUND('',#283,.T.);
#107=FACE_OUTER_BOUND('',#284,.T.);
#108=FACE_OUTER_BOUND('',#285,.T.);
#109=FACE_OUTER_BOUND('',#286,.T.);
#110=FACE_OUTER_BOUND('',#287,.T.);
#111=FACE_OUTER_BOUND('',#288,.T.);
#112=FACE_OUTER_BOUND('',#289,.T.);
#113=FACE_OUTER_BOUND('',#290,.T.);
#114=FACE_OUTER_BOUND('',#291,.T.);
#115=FACE_OUTER_BOUND('',#292,.T.);
#116=FACE_OUTER_BOUND('',#293,.T.);
#117=FACE_OUTER_BOUND('',#294,.T.);
#118=FACE_OUTER_BOUND('',#295,.T.);
#119=FACE_OUTER_BOUND('',#296,.T.);
#120=FACE_OUTER_BOUND('',#297,.T.);
#121=FACE_OUTER_BOUND('',#298,.T.);
#122=FACE_OUTER_BOUND('',#299,.T.);
#123=FACE_OUTER_BOUND('',#300,.T.);
#124=FACE_OUTER_BOUND('',#301,.T.);
#125=FACE_OUTER_BOUND('',#302,.T.);
#126=FACE_OUTER_BOUND('',#303,.T.);
#127=FACE_OUTER_BOUND('',#304,.T.);
#128=FACE_OUTER_BOUND('',#305,.T.);
#129=FACE_OUTER_BOUND('',#306,.T.);
#130=FACE_OUTER_BOUND('',#307,.T.);
#131=FACE_OUTER_BOUND('',#308,.T.);
#132=FACE_OUTER_BOUND('',#309,.T.);
#133=FACE_OUTER_BOUND('',#310,.T.);
#134=FACE_OUTER_BOUND('',#311,.T.);
#135=FACE_OUTER_BOUND('',#312,.T.);
#136=FACE_OUTER_BOUND('',#313,.T.);
#137=FACE_OUTER_BOUND('',#314,.T.);
#138=FACE_OUTER_BOUND('',#315,.T.);
#139=FACE_OUTER_BOUND('',#316,.T.);
#140=FACE_OUTER_BOUND('',#317,.T.);
#141=FACE_OUTER_BOUND('',#318,.T.);
#142=FACE_OUTER_BOUND('',#319,.T.);
#143=FACE_OUTER_BOUND('',#320,.T.);
#144=FACE_OUTER_BOUND('',#321,.T.);
#145=FACE_OUTER_BOUND('',#322,.T.);
#146=FACE_OUTER_BOUND('',#323,.T.);
#147=FACE_OUTER_BOUND('',#324,.T.);
#148=FACE_OUTER_BOUND('',#325,.T.);
#149=FACE_OUTER_BOUND('',#326,.T.);
#150=FACE_OUTER_BOUND('',#327,.T.);
#151=FACE_OUTER_BOUND('',#328,.T.);
#152=FACE_OUTER_BOUND('',#329,.T.);
#153=FACE_OUTER_BOUND('',#330,.T.);
#154=FACE_OUTER_BOUND('',#331,.T.);
#155=FACE_OUTER_BOUND('',#332,.T.);
#156=FACE_OUTER_BOUND('',#333,.T.);
#157=FACE_OUTER_BOUND('',#334,.T.);
#158=FACE_OUTER_BOUND('',#335,.T.);
#159=FACE_OUTER_BOUND('',#336,.T.);
#160=FACE_OUTER_BOUND('',#337,.T.);
#161=FACE_OUTER_BOUND('',#338,.T.);
#162=FACE_OUTER_BOUND('',#339,.T.);
#163=FACE_OUTER_BOUND('',#340,.T.);
#164=FACE_OUTER_BOUND('',#341,.T.);
#165=FACE_OUTER_BOUND('',#342,.T.);
#166=FACE_OUTER_BOUND('',#343,.T.);
#167=FACE_OUTER_BOUND('',#344,.T.);
#168=FACE_OUTER_BOUND('',#345,.T.);
#169=FACE_OUTER_BOUND('',#346,.T.);
#170=FACE_OUTER_BOUND('',#347,.T.);
#171=FACE_OUTER_BOUND('',#348,.T.);
#172=FACE_OUTER_BOUND('',#349,.T.);
#173=FACE_OUTER_BOUND('',#350,.T.);
#174=FACE_OUTER_BOUND('',#351,.T.);
#175=FACE_OUTER_BOUND('',#352,.T.);
#176=FACE_OUTER_BOUND('',#353,.T.);
#177=FACE_OUTER_BOUND('',#354,.T.);
#178=FACE_OUTER_BOUND('',#355,.T.);
#179=FACE_OUTER_BOUND('',#356,.T.);
#180=FACE_OUTER_BOUND('',#357,.T.);
#181=FACE_OUTER_BOUND('',#358,.T.);
#182=FACE_OUTER_BOUND('',#359,.T.);
#183=FACE_OUTER_BOUND('',#360,.T.);
#184=FACE_OUTER_BOUND('',#361,.T.);
#185=FACE_OUTER_BOUND('',#362,.T.);
#186=FACE_OUTER_BOUND('',#363,.T.);
#187=FACE_OUTER_BOUND('',#364,.T.);
#188=FACE_OUTER_BOUND('',#365,.T.);
#189=FACE_OUTER_BOUND('',#366,.T.);
#190=FACE_OUTER_BOUND('',#367,.T.);
#191=FACE_OUTER_BOUND('',#368,.T.);
#192=FACE_OUTER_BOUND('',#369,.T.);
#193=FACE_OUTER_BOUND('',#370,.T.);
#194=FACE_OUTER_BOUND('',#371,.T.);
#195=FACE_OUTER_BOUND('',#372,.T.);
#196=FACE_OUTER_BOUND('',#373,.T.);
#197=FACE_OUTER_BOUND('',#374,.T.);
#198=FACE_OUTER_BOUND('',#375,.T.);
#199=FACE_OUTER_BOUND('',#376,.T.);
#200=FACE_OUTER_BOUND('',#377,.T.);
#201=FACE_OUTER_BOUND('',#378,.T.);
#202=FACE_OUTER_BOUND('',#379,.T.);
#203=FACE_OUTER_BOUND('',#380,.T.);
#204=FACE_OUTER_BOUND('',#381,.T.);
#205=FACE_OUTER_BOUND('',#382,.T.);
#206=FACE_OUTER_BOUND('',#383,.T.);
#207=FACE_OUTER_BOUND('',#384,.T.);
#208=FACE_OUTER_BOUND('',#385,.T.);
#209=FACE_OUTER_BOUND('',#386,.T.);
#210=FACE_OUTER_BOUND('',#387,.T.);
#211=FACE_OUTER_BOUND('',#388,.T.);
#212=FACE_OUTER_BOUND('',#389,.T.);
#213=FACE_OUTER_BOUND('',#390,.T.);
#214=FACE_OUTER_BOUND('',#391,.T.);
#215=FACE_OUTER_BOUND('',#392,.T.);
#216=FACE_OUTER_BOUND('',#393,.T.);
#217=FACE_OUTER_BOUND('',#394,.T.);
#218=FACE_OUTER_BOUND('',#395,.T.);
#219=FACE_OUTER_BOUND('',#396,.T.);
#220=FACE_OUTER_BOUND('',#397,.T.);
#221=FACE_OUTER_BOUND('',#398,.T.);
#222=FACE_OUTER_BOUND('',#399,.T.);
#223=FACE_OUTER_BOUND('',#400,.T.);
#224=FACE_OUTER_BOUND('',#401,.T.);
#225=FACE_OUTER_BOUND('',#402,.T.);
#226=FACE_OUTER_BOUND('',#403,.T.);
#227=FACE_OUTER_BOUND('',#404,.T.);
#228=FACE_OUTER_BOUND('',#405,.T.);
#229=FACE_OUTER_BOUND('',#406,.T.);
#230=FACE_OUTER_BOUND('',#407,.T.);
#231=FACE_OUTER_BOUND('',#408,.T.);
#232=FACE_OUTER_BOUND('',#409,.T.);
#233=FACE_OUTER_BOUND('',#410,.T.);
#234=FACE_OUTER_BOUND('',#411,.T.);
#235=FACE_OUTER_BOUND('',#412,.T.);
#236=FACE_OUTER_BOUND('',#413,.T.);
#237=FACE_OUTER_BOUND('',#414,.T.);
#238=FACE_OUTER_BOUND('',#415,.T.);
#239=FACE_OUTER_BOUND('',#416,.T.);
#240=FACE_OUTER_BOUND('',#417,.T.);
#241=FACE_OUTER_BOUND('',#418,.T.);
#242=FACE_OUTER_BOUND('',#419,.T.);
#243=FACE_OUTER_BOUND('',#420,.T.);
#244=FACE_OUTER_BOUND('',#421,.T.);
#245=FACE_OUTER_BOUND('',#422,.T.);
#246=FACE_OUTER_BOUND('',#423,.T.);
#247=FACE_OUTER_BOUND('',#424,.T.);
#248=FACE_OUTER_BOUND('',#425,.T.);
#249=FACE_OUTER_BOUND('',#426,.T.);
#250=FACE_OUTER_BOUND('',#427,.T.);
#251=FACE_OUTER_BOUND('',#428,.T.);
#252=FACE_OUTER_BOUND('',#429,.T.);
#253=FACE_OUTER_BOUND('',#430,.T.);
#254=FACE_OUTER_BOUND('',#431,.T.);
#255=FACE_OUTER_BOUND('',#432,.T.);
#256=FACE_OUTER_BOUND('',#433,.T.);
#257=FACE_OUTER_BOUND('',#434,.T.);
#258=FACE_OUTER_BOUND('',#435,.T.);
#259=FACE_OUTER_BOUND('',#436,.T.);
#260=FACE_OUTER_BOUND('',#437,.T.);
#261=FACE_OUTER_BOUND('',#438,.T.);
#262=FACE_OUTER_BOUND('',#439,.T.);
#263=EDGE_LOOP('',(#2059,#2060,#2061,#2062,#2063,#2064,#2065,#2066,#2067,
#2068,#2069,#2070,#2071,#2072,#2073,#2074,#2075,#2076,#2077,#2078,#2079,
#2080,#2081,#2082,#2083,#2084,#2085,#2086,#2087));
#264=EDGE_LOOP('',(#2088,#2089,#2090,#2091));
#265=EDGE_LOOP('',(#2092,#2093,#2094,#2095,#2096,#2097,#2098,#2099,#2100,
#2101,#2102,#2103,#2104,#2105,#2106,#2107,#2108,#2109,#2110,#2111,#2112,
#2113,#2114,#2115,#2116,#2117,#2118,#2119));
#266=EDGE_LOOP('',(#2120,#2121,#2122,#2123));
#267=EDGE_LOOP('',(#2124,#2125,#2126,#2127,#2128,#2129,#2130,#2131,#2132,
#2133,#2134,#2135,#2136,#2137,#2138,#2139,#2140,#2141,#2142,#2143,#2144,
#2145,#2146,#2147));
#268=EDGE_LOOP('',(#2148,#2149,#2150,#2151,#2152,#2153,#2154,#2155,#2156,
#2157,#2158,#2159));
#269=EDGE_LOOP('',(#2160,#2161,#2162,#2163,#2164,#2165,#2166,#2167,#2168,
#2169,#2170,#2171,#2172,#2173,#2174,#2175,#2176,#2177,#2178,#2179,#2180,
#2181,#2182,#2183));
#270=EDGE_LOOP('',(#2184,#2185,#2186,#2187,#2188,#2189,#2190,#2191,#2192,
#2193,#2194,#2195));
#271=EDGE_LOOP('',(#2196,#2197,#2198,#2199));
#272=EDGE_LOOP('',(#2200,#2201,#2202,#2203,#2204,#2205));
#273=EDGE_LOOP('',(#2206,#2207,#2208,#2209));
#274=EDGE_LOOP('',(#2210,#2211,#2212,#2213));
#275=EDGE_LOOP('',(#2214,#2215,#2216,#2217));
#276=EDGE_LOOP('',(#2218,#2219,#2220,#2221,#2222,#2223));
#277=EDGE_LOOP('',(#2224,#2225,#2226,#2227,#2228,#2229,#2230,#2231,#2232,
#2233,#2234,#2235,#2236,#2237,#2238,#2239,#2240,#2241,#2242,#2243));
#278=EDGE_LOOP('',(#2244,#2245,#2246,#2247,#2248,#2249));
#279=EDGE_LOOP('',(#2250,#2251,#2252,#2253));
#280=EDGE_LOOP('',(#2254,#2255,#2256,#2257,#2258,#2259,#2260,#2261,#2262));
#281=EDGE_LOOP('',(#2263,#2264,#2265,#2266));
#282=EDGE_LOOP('',(#2267,#2268,#2269,#2270,#2271,#2272,#2273,#2274));
#283=EDGE_LOOP('',(#2275,#2276,#2277,#2278));
#284=EDGE_LOOP('',(#2279,#2280,#2281,#2282));
#285=EDGE_LOOP('',(#2283,#2284,#2285,#2286));
#286=EDGE_LOOP('',(#2287,#2288,#2289,#2290));
#287=EDGE_LOOP('',(#2291,#2292,#2293,#2294));
#288=EDGE_LOOP('',(#2295,#2296,#2297,#2298));
#289=EDGE_LOOP('',(#2299,#2300,#2301,#2302));
#290=EDGE_LOOP('',(#2303,#2304,#2305,#2306,#2307,#2308));
#291=EDGE_LOOP('',(#2309,#2310,#2311,#2312));
#292=EDGE_LOOP('',(#2313,#2314,#2315,#2316,#2317,#2318));
#293=EDGE_LOOP('',(#2319,#2320,#2321,#2322));
#294=EDGE_LOOP('',(#2323,#2324,#2325,#2326));
#295=EDGE_LOOP('',(#2327,#2328,#2329,#2330));
#296=EDGE_LOOP('',(#2331,#2332,#2333,#2334,#2335,#2336));
#297=EDGE_LOOP('',(#2337,#2338,#2339,#2340));
#298=EDGE_LOOP('',(#2341,#2342,#2343,#2344,#2345,#2346));
#299=EDGE_LOOP('',(#2347,#2348,#2349,#2350,#2351,#2352));
#300=EDGE_LOOP('',(#2353,#2354,#2355,#2356));
#301=EDGE_LOOP('',(#2357,#2358,#2359,#2360));
#302=EDGE_LOOP('',(#2361,#2362,#2363,#2364));
#303=EDGE_LOOP('',(#2365,#2366,#2367,#2368));
#304=EDGE_LOOP('',(#2369,#2370,#2371,#2372));
#305=EDGE_LOOP('',(#2373,#2374,#2375,#2376));
#306=EDGE_LOOP('',(#2377,#2378,#2379,#2380));
#307=EDGE_LOOP('',(#2381,#2382,#2383,#2384));
#308=EDGE_LOOP('',(#2385,#2386,#2387,#2388));
#309=EDGE_LOOP('',(#2389,#2390,#2391,#2392));
#310=EDGE_LOOP('',(#2393,#2394,#2395,#2396));
#311=EDGE_LOOP('',(#2397,#2398,#2399,#2400));
#312=EDGE_LOOP('',(#2401,#2402,#2403,#2404));
#313=EDGE_LOOP('',(#2405,#2406,#2407,#2408));
#314=EDGE_LOOP('',(#2409,#2410,#2411,#2412));
#315=EDGE_LOOP('',(#2413,#2414,#2415,#2416));
#316=EDGE_LOOP('',(#2417,#2418,#2419,#2420));
#317=EDGE_LOOP('',(#2421,#2422,#2423,#2424));
#318=EDGE_LOOP('',(#2425,#2426,#2427,#2428));
#319=EDGE_LOOP('',(#2429,#2430,#2431,#2432));
#320=EDGE_LOOP('',(#2433,#2434,#2435,#2436));
#321=EDGE_LOOP('',(#2437,#2438,#2439,#2440));
#322=EDGE_LOOP('',(#2441,#2442,#2443,#2444));
#323=EDGE_LOOP('',(#2445,#2446,#2447,#2448));
#324=EDGE_LOOP('',(#2449,#2450,#2451,#2452));
#325=EDGE_LOOP('',(#2453,#2454,#2455,#2456));
#326=EDGE_LOOP('',(#2457,#2458,#2459,#2460));
#327=EDGE_LOOP('',(#2461,#2462,#2463,#2464));
#328=EDGE_LOOP('',(#2465,#2466,#2467,#2468));
#329=EDGE_LOOP('',(#2469,#2470,#2471,#2472));
#330=EDGE_LOOP('',(#2473,#2474,#2475,#2476));
#331=EDGE_LOOP('',(#2477,#2478,#2479,#2480));
#332=EDGE_LOOP('',(#2481,#2482,#2483,#2484));
#333=EDGE_LOOP('',(#2485,#2486,#2487,#2488));
#334=EDGE_LOOP('',(#2489,#2490,#2491,#2492));
#335=EDGE_LOOP('',(#2493,#2494,#2495,#2496));
#336=EDGE_LOOP('',(#2497,#2498,#2499,#2500));
#337=EDGE_LOOP('',(#2501,#2502,#2503,#2504));
#338=EDGE_LOOP('',(#2505,#2506,#2507,#2508));
#339=EDGE_LOOP('',(#2509,#2510,#2511,#2512));
#340=EDGE_LOOP('',(#2513,#2514,#2515,#2516));
#341=EDGE_LOOP('',(#2517,#2518,#2519,#2520));
#342=EDGE_LOOP('',(#2521,#2522,#2523,#2524,#2525,#2526));
#343=EDGE_LOOP('',(#2527,#2528,#2529,#2530,#2531,#2532,#2533,#2534,#2535,
#2536,#2537,#2538,#2539,#2540,#2541,#2542,#2543,#2544,#2545,#2546,#2547));
#344=EDGE_LOOP('',(#2548,#2549,#2550,#2551));
#345=EDGE_LOOP('',(#2552,#2553,#2554,#2555));
#346=EDGE_LOOP('',(#2556,#2557,#2558,#2559));
#347=EDGE_LOOP('',(#2560,#2561,#2562,#2563,#2564,#2565));
#348=EDGE_LOOP('',(#2566,#2567,#2568,#2569));
#349=EDGE_LOOP('',(#2570,#2571,#2572,#2573,#2574,#2575,#2576,#2577,#2578));
#350=EDGE_LOOP('',(#2579,#2580,#2581,#2582));
#351=EDGE_LOOP('',(#2583,#2584,#2585,#2586,#2587,#2588,#2589,#2590));
#352=EDGE_LOOP('',(#2591,#2592,#2593,#2594));
#353=EDGE_LOOP('',(#2595,#2596,#2597,#2598));
#354=EDGE_LOOP('',(#2599,#2600,#2601,#2602));
#355=EDGE_LOOP('',(#2603,#2604,#2605,#2606,#2607,#2608));
#356=EDGE_LOOP('',(#2609,#2610,#2611,#2612));
#357=EDGE_LOOP('',(#2613,#2614,#2615,#2616));
#358=EDGE_LOOP('',(#2617,#2618,#2619,#2620));
#359=EDGE_LOOP('',(#2621,#2622,#2623,#2624));
#360=EDGE_LOOP('',(#2625,#2626,#2627,#2628));
#361=EDGE_LOOP('',(#2629,#2630,#2631,#2632,#2633,#2634));
#362=EDGE_LOOP('',(#2635,#2636,#2637,#2638));
#363=EDGE_LOOP('',(#2639,#2640,#2641,#2642,#2643,#2644));
#364=EDGE_LOOP('',(#2645,#2646,#2647,#2648,#2649,#2650,#2651,#2652,#2653,
#2654,#2655,#2656,#2657,#2658,#2659,#2660,#2661,#2662,#2663,#2664));
#365=EDGE_LOOP('',(#2665,#2666,#2667,#2668));
#366=EDGE_LOOP('',(#2669,#2670,#2671,#2672));
#367=EDGE_LOOP('',(#2673,#2674,#2675,#2676));
#368=EDGE_LOOP('',(#2677,#2678,#2679,#2680));
#369=EDGE_LOOP('',(#2681,#2682,#2683,#2684,#2685,#2686));
#370=EDGE_LOOP('',(#2687,#2688,#2689,#2690));
#371=EDGE_LOOP('',(#2691,#2692,#2693,#2694,#2695,#2696));
#372=EDGE_LOOP('',(#2697,#2698,#2699,#2700,#2701,#2702));
#373=EDGE_LOOP('',(#2703,#2704,#2705,#2706));
#374=EDGE_LOOP('',(#2707,#2708,#2709,#2710));
#375=EDGE_LOOP('',(#2711,#2712,#2713,#2714));
#376=EDGE_LOOP('',(#2715,#2716,#2717,#2718));
#377=EDGE_LOOP('',(#2719,#2720,#2721,#2722));
#378=EDGE_LOOP('',(#2723,#2724,#2725,#2726));
#379=EDGE_LOOP('',(#2727,#2728,#2729,#2730));
#380=EDGE_LOOP('',(#2731,#2732,#2733,#2734));
#381=EDGE_LOOP('',(#2735,#2736,#2737,#2738));
#382=EDGE_LOOP('',(#2739,#2740,#2741,#2742));
#383=EDGE_LOOP('',(#2743,#2744,#2745,#2746));
#384=EDGE_LOOP('',(#2747,#2748,#2749,#2750));
#385=EDGE_LOOP('',(#2751,#2752,#2753,#2754));
#386=EDGE_LOOP('',(#2755,#2756,#2757,#2758));
#387=EDGE_LOOP('',(#2759,#2760,#2761,#2762));
#388=EDGE_LOOP('',(#2763,#2764,#2765,#2766));
#389=EDGE_LOOP('',(#2767,#2768,#2769,#2770));
#390=EDGE_LOOP('',(#2771,#2772,#2773,#2774));
#391=EDGE_LOOP('',(#2775,#2776,#2777,#2778));
#392=EDGE_LOOP('',(#2779,#2780,#2781,#2782));
#393=EDGE_LOOP('',(#2783,#2784,#2785,#2786));
#394=EDGE_LOOP('',(#2787,#2788,#2789,#2790));
#395=EDGE_LOOP('',(#2791,#2792,#2793,#2794));
#396=EDGE_LOOP('',(#2795,#2796,#2797,#2798));
#397=EDGE_LOOP('',(#2799,#2800,#2801,#2802));
#398=EDGE_LOOP('',(#2803,#2804,#2805,#2806));
#399=EDGE_LOOP('',(#2807,#2808,#2809,#2810));
#400=EDGE_LOOP('',(#2811,#2812,#2813,#2814));
#401=EDGE_LOOP('',(#2815,#2816,#2817,#2818));
#402=EDGE_LOOP('',(#2819,#2820,#2821,#2822));
#403=EDGE_LOOP('',(#2823,#2824,#2825,#2826));
#404=EDGE_LOOP('',(#2827,#2828,#2829,#2830));
#405=EDGE_LOOP('',(#2831,#2832,#2833,#2834));
#406=EDGE_LOOP('',(#2835,#2836,#2837,#2838));
#407=EDGE_LOOP('',(#2839,#2840,#2841,#2842));
#408=EDGE_LOOP('',(#2843,#2844,#2845,#2846));
#409=EDGE_LOOP('',(#2847,#2848,#2849,#2850));
#410=EDGE_LOOP('',(#2851,#2852,#2853,#2854));
#411=EDGE_LOOP('',(#2855,#2856,#2857,#2858));
#412=EDGE_LOOP('',(#2859,#2860,#2861,#2862));
#413=EDGE_LOOP('',(#2863,#2864,#2865,#2866));
#414=EDGE_LOOP('',(#2867,#2868,#2869,#2870));
#415=EDGE_LOOP('',(#2871,#2872,#2873,#2874));
#416=EDGE_LOOP('',(#2875,#2876,#2877,#2878));
#417=EDGE_LOOP('',(#2879,#2880,#2881,#2882));
#418=EDGE_LOOP('',(#2883,#2884,#2885,#2886));
#419=EDGE_LOOP('',(#2887,#2888,#2889,#2890));
#420=EDGE_LOOP('',(#2891,#2892,#2893,#2894));
#421=EDGE_LOOP('',(#2895,#2896,#2897,#2898));
#422=EDGE_LOOP('',(#2899,#2900,#2901,#2902));
#423=EDGE_LOOP('',(#2903,#2904,#2905,#2906));
#424=EDGE_LOOP('',(#2907,#2908,#2909,#2910));
#425=EDGE_LOOP('',(#2911,#2912,#2913,#2914));
#426=EDGE_LOOP('',(#2915,#2916,#2917,#2918));
#427=EDGE_LOOP('',(#2919,#2920,#2921,#2922));
#428=EDGE_LOOP('',(#2923,#2924,#2925,#2926));
#429=EDGE_LOOP('',(#2927,#2928,#2929,#2930));
#430=EDGE_LOOP('',(#2931,#2932,#2933,#2934));
#431=EDGE_LOOP('',(#2935,#2936,#2937,#2938));
#432=EDGE_LOOP('',(#2939,#2940,#2941,#2942));
#433=EDGE_LOOP('',(#2943,#2944,#2945,#2946));
#434=EDGE_LOOP('',(#2947,#2948,#2949,#2950));
#435=EDGE_LOOP('',(#2951,#2952,#2953,#2954));
#436=EDGE_LOOP('',(#2955,#2956,#2957,#2958));
#437=EDGE_LOOP('',(#2959,#2960,#2961,#2962));
#438=EDGE_LOOP('',(#2963));
#439=EDGE_LOOP('',(#2964));
#440=CIRCLE('',#3337,0.12);
#441=CIRCLE('',#3338,0.12);
#442=CIRCLE('',#3339,0.12);
#443=CIRCLE('',#3340,0.12);
#444=CIRCLE('',#3341,0.12);
#445=CIRCLE('',#3344,0.12);
#446=CIRCLE('',#3345,0.12);
#447=CIRCLE('',#3346,0.12);
#448=CIRCLE('',#3347,0.12);
#449=CIRCLE('',#3348,0.12);
#450=CIRCLE('',#3387,0.12);
#451=CIRCLE('',#3392,0.12);
#452=CIRCLE('',#3397,0.12);
#453=CIRCLE('',#3402,0.12);
#454=CIRCLE('',#3407,0.12);
#455=CIRCLE('',#3412,0.12);
#456=CIRCLE('',#3417,0.12);
#457=CIRCLE('',#3422,0.12);
#458=CIRCLE('',#3427,0.12);
#459=CIRCLE('',#3432,0.12);
#460=CIRCLE('',#3472,0.12);
#461=CIRCLE('',#3477,0.12);
#462=CIRCLE('',#3480,0.12);
#463=CIRCLE('',#3485,0.12);
#464=CIRCLE('',#3488,0.12);
#465=CIRCLE('',#3493,0.12);
#466=CIRCLE('',#3496,0.12);
#467=CIRCLE('',#3501,0.12);
#468=CIRCLE('',#3504,0.12);
#469=CIRCLE('',#3507,0.12);
#470=CIRCLE('',#3512,0.12);
#471=CIRCLE('',#3515,0.12);
#472=CIRCLE('',#3520,0.12);
#473=CIRCLE('',#3523,0.12);
#474=CIRCLE('',#3528,0.12);
#475=CIRCLE('',#3531,0.12);
#476=CIRCLE('',#3536,0.12);
#477=CIRCLE('',#3541,0.12);
#478=CIRCLE('',#3544,0.12);
#479=CIRCLE('',#3547,0.12);
#480=CIRCLE('',#3552,0.125);
#481=CIRCLE('',#3553,0.125);
#482=LINE('',#4422,#893);
#483=LINE('',#4424,#894);
#484=LINE('',#4426,#895);
#485=LINE('',#4428,#896);
#486=LINE('',#4430,#897);
#487=LINE('',#4432,#898);
#488=LINE('',#4434,#899);
#489=LINE('',#4436,#900);
#490=LINE('',#4438,#901);
#491=LINE('',#4440,#902);
#492=LINE('',#4442,#903);
#493=LINE('',#4446,#904);
#494=LINE('',#4448,#905);
#495=LINE('',#4450,#906);
#496=LINE('',#4454,#907);
#497=LINE('',#4456,#908);
#498=LINE('',#4458,#909);
#499=LINE('',#4462,#910);
#500=LINE('',#4464,#911);
#501=LINE('',#4466,#912);
#502=LINE('',#4470,#913);
#503=LINE('',#4472,#914);
#504=LINE('',#4474,#915);
#505=LINE('',#4477,#916);
#506=LINE('',#4481,#917);
#507=LINE('',#4483,#918);
#508=LINE('',#4485,#919);
#509=LINE('',#4486,#920);
#510=LINE('',#4490,#921);
#511=LINE('',#4492,#922);
#512=LINE('',#4494,#923);
#513=LINE('',#4496,#924);
#514=LINE('',#4498,#925);
#515=LINE('',#4500,#926);
#516=LINE('',#4502,#927);
#517=LINE('',#4504,#928);
#518=LINE('',#4506,#929);
#519=LINE('',#4510,#930);
#520=LINE('',#4512,#931);
#521=LINE('',#4514,#932);
#522=LINE('',#4518,#933);
#523=LINE('',#4520,#934);
#524=LINE('',#4522,#935);
#525=LINE('',#4526,#936);
#526=LINE('',#4528,#937);
#527=LINE('',#4530,#938);
#528=LINE('',#4534,#939);
#529=LINE('',#4536,#940);
#530=LINE('',#4538,#941);
#531=LINE('',#4542,#942);
#532=LINE('',#4543,#943);
#533=LINE('',#4547,#944);
#534=LINE('',#4549,#945);
#535=LINE('',#4551,#946);
#536=LINE('',#4552,#947);
#537=LINE('',#4555,#948);
#538=LINE('',#4557,#949);
#539=LINE('',#4558,#950);
#540=LINE('',#4560,#951);
#541=LINE('',#4562,#952);
#542=LINE('',#4563,#953);
#543=LINE('',#4565,#954);
#544=LINE('',#4567,#955);
#545=LINE('',#4568,#956);
#546=LINE('',#4570,#957);
#547=LINE('',#4572,#958);
#548=LINE('',#4573,#959);
#549=LINE('',#4575,#960);
#550=LINE('',#4577,#961);
#551=LINE('',#4578,#962);
#552=LINE('',#4580,#963);
#553=LINE('',#4582,#964);
#554=LINE('',#4583,#965);
#555=LINE('',#4586,#966);
#556=LINE('',#4588,#967);
#557=LINE('',#4589,#968);
#558=LINE('',#4591,#969);
#559=LINE('',#4593,#970);
#560=LINE('',#4594,#971);
#561=LINE('',#4596,#972);
#562=LINE('',#4597,#973);
#563=LINE('',#4600,#974);
#564=LINE('',#4602,#975);
#565=LINE('',#4603,#976);
#566=LINE('',#4605,#977);
#567=LINE('',#4607,#978);
#568=LINE('',#4608,#979);
#569=LINE('',#4610,#980);
#570=LINE('',#4612,#981);
#571=LINE('',#4613,#982);
#572=LINE('',#4615,#983);
#573=LINE('',#4617,#984);
#574=LINE('',#4618,#985);
#575=LINE('',#4620,#986);
#576=LINE('',#4622,#987);
#577=LINE('',#4623,#988);
#578=LINE('',#4625,#989);
#579=LINE('',#4626,#990);
#580=LINE('',#4629,#991);
#581=LINE('',#4631,#992);
#582=LINE('',#4632,#993);
#583=LINE('',#4634,#994);
#584=LINE('',#4636,#995);
#585=LINE('',#4637,#996);
#586=LINE('',#4638,#997);
#587=LINE('',#4642,#998);
#588=LINE('',#4644,#999);
#589=LINE('',#4646,#1000);
#590=LINE('',#4647,#1001);
#591=LINE('',#4650,#1002);
#592=LINE('',#4652,#1003);
#593=LINE('',#4653,#1004);
#594=LINE('',#4656,#1005);
#595=LINE('',#4658,#1006);
#596=LINE('',#4659,#1007);
#597=LINE('',#4662,#1008);
#598=LINE('',#4663,#1009);
#599=LINE('',#4666,#1010);
#600=LINE('',#4668,#1011);
#601=LINE('',#4669,#1012);
#602=LINE('',#4672,#1013);
#603=LINE('',#4674,#1014);
#604=LINE('',#4676,#1015);
#605=LINE('',#4677,#1016);
#606=LINE('',#4679,#1017);
#607=LINE('',#4681,#1018);
#608=LINE('',#4682,#1019);
#609=LINE('',#4684,#1020);
#610=LINE('',#4686,#1021);
#611=LINE('',#4688,#1022);
#612=LINE('',#4689,#1023);
#613=LINE('',#4691,#1024);
#614=LINE('',#4693,#1025);
#615=LINE('',#4694,#1026);
#616=LINE('',#4697,#1027);
#617=LINE('',#4698,#1028);
#618=LINE('',#4702,#1029);
#619=LINE('',#4704,#1030);
#620=LINE('',#4706,#1031);
#621=LINE('',#4707,#1032);
#622=LINE('',#4710,#1033);
#623=LINE('',#4712,#1034);
#624=LINE('',#4714,#1035);
#625=LINE('',#4716,#1036);
#626=LINE('',#4718,#1037);
#627=LINE('',#4720,#1038);
#628=LINE('',#4721,#1039);
#629=LINE('',#4724,#1040);
#630=LINE('',#4725,#1041);
#631=LINE('',#4728,#1042);
#632=LINE('',#4730,#1043);
#633=LINE('',#4732,#1044);
#634=LINE('',#4734,#1045);
#635=LINE('',#4736,#1046);
#636=LINE('',#4737,#1047);
#637=LINE('',#4739,#1048);
#638=LINE('',#4740,#1049);
#639=LINE('',#4742,#1050);
#640=LINE('',#4743,#1051);
#641=LINE('',#4745,#1052);
#642=LINE('',#4746,#1053);
#643=LINE('',#4748,#1054);
#644=LINE('',#4751,#1055);
#645=LINE('',#4753,#1056);
#646=LINE('',#4757,#1057);
#647=LINE('',#4759,#1058);
#648=LINE('',#4760,#1059);
#649=LINE('',#4762,#1060);
#650=LINE('',#4763,#1061);
#651=LINE('',#4765,#1062);
#652=LINE('',#4771,#1063);
#653=LINE('',#4775,#1064);
#654=LINE('',#4776,#1065);
#655=LINE('',#4780,#1066);
#656=LINE('',#4782,#1067);
#657=LINE('',#4786,#1068);
#658=LINE('',#4787,#1069);
#659=LINE('',#4791,#1070);
#660=LINE('',#4793,#1071);
#661=LINE('',#4797,#1072);
#662=LINE('',#4798,#1073);
#663=LINE('',#4802,#1074);
#664=LINE('',#4804,#1075);
#665=LINE('',#4808,#1076);
#666=LINE('',#4809,#1077);
#667=LINE('',#4813,#1078);
#668=LINE('',#4815,#1079);
#669=LINE('',#4819,#1080);
#670=LINE('',#4820,#1081);
#671=LINE('',#4824,#1082);
#672=LINE('',#4826,#1083);
#673=LINE('',#4830,#1084);
#674=LINE('',#4831,#1085);
#675=LINE('',#4835,#1086);
#676=LINE('',#4837,#1087);
#677=LINE('',#4841,#1088);
#678=LINE('',#4842,#1089);
#679=LINE('',#4846,#1090);
#680=LINE('',#4848,#1091);
#681=LINE('',#4852,#1092);
#682=LINE('',#4853,#1093);
#683=LINE('',#4857,#1094);
#684=LINE('',#4859,#1095);
#685=LINE('',#4863,#1096);
#686=LINE('',#4864,#1097);
#687=LINE('',#4868,#1098);
#688=LINE('',#4870,#1099);
#689=LINE('',#4874,#1100);
#690=LINE('',#4875,#1101);
#691=LINE('',#4879,#1102);
#692=LINE('',#4881,#1103);
#693=LINE('',#4887,#1104);
#694=LINE('',#4889,#1105);
#695=LINE('',#4891,#1106);
#696=LINE('',#4893,#1107);
#697=LINE('',#4895,#1108);
#698=LINE('',#4896,#1109);
#699=LINE('',#4900,#1110);
#700=LINE('',#4902,#1111);
#701=LINE('',#4904,#1112);
#702=LINE('',#4906,#1113);
#703=LINE('',#4908,#1114);
#704=LINE('',#4910,#1115);
#705=LINE('',#4912,#1116);
#706=LINE('',#4914,#1117);
#707=LINE('',#4916,#1118);
#708=LINE('',#4917,#1119);
#709=LINE('',#4919,#1120);
#710=LINE('',#4921,#1121);
#711=LINE('',#4923,#1122);
#712=LINE('',#4925,#1123);
#713=LINE('',#4927,#1124);
#714=LINE('',#4929,#1125);
#715=LINE('',#4931,#1126);
#716=LINE('',#4933,#1127);
#717=LINE('',#4935,#1128);
#718=LINE('',#4936,#1129);
#719=LINE('',#4939,#1130);
#720=LINE('',#4941,#1131);
#721=LINE('',#4942,#1132);
#722=LINE('',#4945,#1133);
#723=LINE('',#4947,#1134);
#724=LINE('',#4948,#1135);
#725=LINE('',#4951,#1136);
#726=LINE('',#4953,#1137);
#727=LINE('',#4954,#1138);
#728=LINE('',#4957,#1139);
#729=LINE('',#4959,#1140);
#730=LINE('',#4961,#1141);
#731=LINE('',#4962,#1142);
#732=LINE('',#4965,#1143);
#733=LINE('',#4967,#1144);
#734=LINE('',#4968,#1145);
#735=LINE('',#4971,#1146);
#736=LINE('',#4973,#1147);
#737=LINE('',#4975,#1148);
#738=LINE('',#4977,#1149);
#739=LINE('',#4979,#1150);
#740=LINE('',#4981,#1151);
#741=LINE('',#4982,#1152);
#742=LINE('',#4986,#1153);
#743=LINE('',#4987,#1154);
#744=LINE('',#4988,#1155);
#745=LINE('',#4992,#1156);
#746=LINE('',#4993,#1157);
#747=LINE('',#4995,#1158);
#748=LINE('',#4997,#1159);
#749=LINE('',#4999,#1160);
#750=LINE('',#5001,#1161);
#751=LINE('',#5002,#1162);
#752=LINE('',#5005,#1163);
#753=LINE('',#5007,#1164);
#754=LINE('',#5008,#1165);
#755=LINE('',#5011,#1166);
#756=LINE('',#5013,#1167);
#757=LINE('',#5014,#1168);
#758=LINE('',#5017,#1169);
#759=LINE('',#5018,#1170);
#760=LINE('',#5020,#1171);
#761=LINE('',#5022,#1172);
#762=LINE('',#5023,#1173);
#763=LINE('',#5025,#1174);
#764=LINE('',#5027,#1175);
#765=LINE('',#5029,#1176);
#766=LINE('',#5030,#1177);
#767=LINE('',#5032,#1178);
#768=LINE('',#5036,#1179);
#769=LINE('',#5037,#1180);
#770=LINE('',#5040,#1181);
#771=LINE('',#5041,#1182);
#772=LINE('',#5043,#1183);
#773=LINE('',#5047,#1184);
#774=LINE('',#5048,#1185);
#775=LINE('',#5049,#1186);
#776=LINE('',#5051,#1187);
#777=LINE('',#5052,#1188);
#778=LINE('',#5054,#1189);
#779=LINE('',#5056,#1190);
#780=LINE('',#5058,#1191);
#781=LINE('',#5060,#1192);
#782=LINE('',#5062,#1193);
#783=LINE('',#5063,#1194);
#784=LINE('',#5065,#1195);
#785=LINE('',#5067,#1196);
#786=LINE('',#5068,#1197);
#787=LINE('',#5070,#1198);
#788=LINE('',#5071,#1199);
#789=LINE('',#5074,#1200);
#790=LINE('',#5076,#1201);
#791=LINE('',#5079,#1202);
#792=LINE('',#5087,#1203);
#793=LINE('',#5089,#1204);
#794=LINE('',#5091,#1205);
#795=LINE('',#5095,#1206);
#796=LINE('',#5097,#1207);
#797=LINE('',#5098,#1208);
#798=LINE('',#5101,#1209);
#799=LINE('',#5102,#1210);
#800=LINE('',#5105,#1211);
#801=LINE('',#5106,#1212);
#802=LINE('',#5113,#1213);
#803=LINE('',#5115,#1214);
#804=LINE('',#5117,#1215);
#805=LINE('',#5121,#1216);
#806=LINE('',#5123,#1217);
#807=LINE('',#5124,#1218);
#808=LINE('',#5127,#1219);
#809=LINE('',#5128,#1220);
#810=LINE('',#5131,#1221);
#811=LINE('',#5132,#1222);
#812=LINE('',#5139,#1223);
#813=LINE('',#5141,#1224);
#814=LINE('',#5143,#1225);
#815=LINE('',#5147,#1226);
#816=LINE('',#5149,#1227);
#817=LINE('',#5150,#1228);
#818=LINE('',#5153,#1229);
#819=LINE('',#5154,#1230);
#820=LINE('',#5157,#1231);
#821=LINE('',#5158,#1232);
#822=LINE('',#5165,#1233);
#823=LINE('',#5167,#1234);
#824=LINE('',#5169,#1235);
#825=LINE('',#5173,#1236);
#826=LINE('',#5175,#1237);
#827=LINE('',#5176,#1238);
#828=LINE('',#5179,#1239);
#829=LINE('',#5180,#1240);
#830=LINE('',#5183,#1241);
#831=LINE('',#5184,#1242);
#832=LINE('',#5191,#1243);
#833=LINE('',#5195,#1244);
#834=LINE('',#5196,#1245);
#835=LINE('',#5199,#1246);
#836=LINE('',#5201,#1247);
#837=LINE('',#5202,#1248);
#838=LINE('',#5206,#1249);
#839=LINE('',#5209,#1250);
#840=LINE('',#5210,#1251);
#841=LINE('',#5212,#1252);
#842=LINE('',#5217,#1253);
#843=LINE('',#5221,#1254);
#844=LINE('',#5222,#1255);
#845=LINE('',#5225,#1256);
#846=LINE('',#5227,#1257);
#847=LINE('',#5228,#1258);
#848=LINE('',#5232,#1259);
#849=LINE('',#5235,#1260);
#850=LINE('',#5236,#1261);
#851=LINE('',#5238,#1262);
#852=LINE('',#5243,#1263);
#853=LINE('',#5247,#1264);
#854=LINE('',#5248,#1265);
#855=LINE('',#5251,#1266);
#856=LINE('',#5253,#1267);
#857=LINE('',#5254,#1268);
#858=LINE('',#5258,#1269);
#859=LINE('',#5261,#1270);
#860=LINE('',#5262,#1271);
#861=LINE('',#5264,#1272);
#862=LINE('',#5269,#1273);
#863=LINE('',#5273,#1274);
#864=LINE('',#5274,#1275);
#865=LINE('',#5277,#1276);
#866=LINE('',#5279,#1277);
#867=LINE('',#5280,#1278);
#868=LINE('',#5284,#1279);
#869=LINE('',#5287,#1280);
#870=LINE('',#5288,#1281);
#871=LINE('',#5290,#1282);
#872=LINE('',#5295,#1283);
#873=LINE('',#5297,#1284);
#874=LINE('',#5299,#1285);
#875=LINE('',#5303,#1286);
#876=LINE('',#5305,#1287);
#877=LINE('',#5306,#1288);
#878=LINE('',#5309,#1289);
#879=LINE('',#5310,#1290);
#880=LINE('',#5313,#1291);
#881=LINE('',#5314,#1292);
#882=LINE('',#5321,#1293);
#883=LINE('',#5325,#1294);
#884=LINE('',#5326,#1295);
#885=LINE('',#5329,#1296);
#886=LINE('',#5331,#1297);
#887=LINE('',#5332,#1298);
#888=LINE('',#5336,#1299);
#889=LINE('',#5339,#1300);
#890=LINE('',#5340,#1301);
#891=LINE('',#5342,#1302);
#892=LINE('',#5348,#1303);
#893=VECTOR('',#3564,0.38);
#894=VECTOR('',#3565,1.125);
#895=VECTOR('',#3566,0.3);
#896=VECTOR('',#3567,0.15);
#897=VECTOR('',#3568,0.424264068711872);
#898=VECTOR('',#3569,2.1);
#899=VECTOR('',#3570,0.45);
#900=VECTOR('',#3571,0.3);
#901=VECTOR('',#3572,1.125);
#902=VECTOR('',#3573,0.38);
#903=VECTOR('',#3574,0.28);
#904=VECTOR('',#3577,0.28);
#905=VECTOR('',#3578,0.26);
#906=VECTOR('',#3579,0.28);
#907=VECTOR('',#3582,0.28);
#908=VECTOR('',#3583,0.26);
#909=VECTOR('',#3584,0.28);
#910=VECTOR('',#3587,0.28);
#911=VECTOR('',#3588,0.26);
#912=VECTOR('',#3589,0.28);
#913=VECTOR('',#3592,0.28);
#914=VECTOR('',#3593,0.26);
#915=VECTOR('',#3594,0.28);
#916=VECTOR('',#3597,0.28);
#917=VECTOR('',#3600,0.25);
#918=VECTOR('',#3601,0.3);
#919=VECTOR('',#3602,0.25);
#920=VECTOR('',#3603,0.3);
#921=VECTOR('',#3606,1.125);
#922=VECTOR('',#3607,0.3);
#923=VECTOR('',#3608,0.45);
#924=VECTOR('',#3609,2.4);
#925=VECTOR('',#3610,0.45);
#926=VECTOR('',#3611,0.3);
#927=VECTOR('',#3612,1.125);
#928=VECTOR('',#3613,0.38);
#929=VECTOR('',#3614,0.28);
#930=VECTOR('',#3617,0.28);
#931=VECTOR('',#3618,0.26);
#932=VECTOR('',#3619,0.28);
#933=VECTOR('',#3622,0.28);
#934=VECTOR('',#3623,0.26);
#935=VECTOR('',#3624,0.28);
#936=VECTOR('',#3627,0.28);
#937=VECTOR('',#3628,0.26);
#938=VECTOR('',#3629,0.28);
#939=VECTOR('',#3632,0.28);
#940=VECTOR('',#3633,0.26);
#941=VECTOR('',#3634,0.28);
#942=VECTOR('',#3637,0.28);
#943=VECTOR('',#3638,0.38);
#944=VECTOR('',#3641,0.25);
#945=VECTOR('',#3642,0.3);
#946=VECTOR('',#3643,0.25);
#947=VECTOR('',#3644,0.3);
#948=VECTOR('',#3647,0.175);
#949=VECTOR('',#3648,0.24);
#950=VECTOR('',#3649,0.175);
#951=VECTOR('',#3650,0.175);
#952=VECTOR('',#3651,0.24);
#953=VECTOR('',#3652,0.175);
#954=VECTOR('',#3653,0.175);
#955=VECTOR('',#3654,0.24);
#956=VECTOR('',#3655,0.175);
#957=VECTOR('',#3656,0.175);
#958=VECTOR('',#3657,0.24);
#959=VECTOR('',#3658,0.175);
#960=VECTOR('',#3659,0.175);
#961=VECTOR('',#3660,0.24);
#962=VECTOR('',#3661,0.175);
#963=VECTOR('',#3662,0.975);
#964=VECTOR('',#3663,3.);
#965=VECTOR('',#3664,0.975);
#966=VECTOR('',#3667,0.175);
#967=VECTOR('',#3668,0.25);
#968=VECTOR('',#3669,0.175);
#969=VECTOR('',#3670,0.175);
#970=VECTOR('',#3671,0.25);
#971=VECTOR('',#3672,0.175);
#972=VECTOR('',#3673,3.);
#973=VECTOR('',#3674,0.975);
#974=VECTOR('',#3677,0.175);
#975=VECTOR('',#3678,0.24);
#976=VECTOR('',#3679,0.175);
#977=VECTOR('',#3680,0.175);
#978=VECTOR('',#3681,0.24);
#979=VECTOR('',#3682,0.175);
#980=VECTOR('',#3683,0.175);
#981=VECTOR('',#3684,0.24);
#982=VECTOR('',#3685,0.175);
#983=VECTOR('',#3686,0.175);
#984=VECTOR('',#3687,0.24);
#985=VECTOR('',#3688,0.175);
#986=VECTOR('',#3689,0.175);
#987=VECTOR('',#3690,0.24);
#988=VECTOR('',#3691,0.175);
#989=VECTOR('',#3692,3.);
#990=VECTOR('',#3693,0.975);
#991=VECTOR('',#3696,0.175);
#992=VECTOR('',#3697,0.25);
#993=VECTOR('',#3698,0.175);
#994=VECTOR('',#3699,0.175);
#995=VECTOR('',#3700,0.25);
#996=VECTOR('',#3701,0.175);
#997=VECTOR('',#3702,3.);
#998=VECTOR('',#3707,0.15);
#999=VECTOR('',#3708,0.1);
#1000=VECTOR('',#3709,0.15);
#1001=VECTOR('',#3710,0.075);
#1002=VECTOR('',#3713,0.075);
#1003=VECTOR('',#3714,0.45);
#1004=VECTOR('',#3715,0.075);
#1005=VECTOR('',#3718,0.075);
#1006=VECTOR('',#3719,0.25);
#1007=VECTOR('',#3720,0.075);
#1008=VECTOR('',#3723,0.075);
#1009=VECTOR('',#3724,0.45);
#1010=VECTOR('',#3727,0.15);
#1011=VECTOR('',#3728,0.1);
#1012=VECTOR('',#3729,0.15);
#1013=VECTOR('',#3732,0.575);
#1014=VECTOR('',#3733,2.7);
#1015=VECTOR('',#3734,0.575);
#1016=VECTOR('',#3735,0.15);
#1017=VECTOR('',#3736,0.15);
#1018=VECTOR('',#3737,0.25);
#1019=VECTOR('',#3738,0.15);
#1020=VECTOR('',#3739,0.15);
#1021=VECTOR('',#3740,0.575);
#1022=VECTOR('',#3741,2.7);
#1023=VECTOR('',#3742,0.575);
#1024=VECTOR('',#3743,0.15);
#1025=VECTOR('',#3744,0.25);
#1026=VECTOR('',#3745,0.15);
#1027=VECTOR('',#3748,0.1);
#1028=VECTOR('',#3749,0.15);
#1029=VECTOR('',#3752,0.25);
#1030=VECTOR('',#3753,0.15);
#1031=VECTOR('',#3754,0.25);
#1032=VECTOR('',#3755,0.15);
#1033=VECTOR('',#3758,0.575);
#1034=VECTOR('',#3759,2.1);
#1035=VECTOR('',#3760,0.424264068711872);
#1036=VECTOR('',#3761,0.15);
#1037=VECTOR('',#3762,0.15);
#1038=VECTOR('',#3763,0.575);
#1039=VECTOR('',#3764,2.7);
#1040=VECTOR('',#3767,0.25);
#1041=VECTOR('',#3768,0.15);
#1042=VECTOR('',#3771,0.575);
#1043=VECTOR('',#3772,2.7);
#1044=VECTOR('',#3773,0.575);
#1045=VECTOR('',#3774,0.15);
#1046=VECTOR('',#3775,0.45);
#1047=VECTOR('',#3776,2.4);
#1048=VECTOR('',#3779,0.1);
#1049=VECTOR('',#3780,0.1);
#1050=VECTOR('',#3783,0.1);
#1051=VECTOR('',#3784,0.1);
#1052=VECTOR('',#3787,0.1);
#1053=VECTOR('',#3788,0.1);
#1054=VECTOR('',#3791,0.1);
#1055=VECTOR('',#3796,0.1);
#1056=VECTOR('',#3799,0.1);
#1057=VECTOR('',#3806,0.075);
#1058=VECTOR('',#3809,0.075);
#1059=VECTOR('',#3810,0.075);
#1060=VECTOR('',#3813,0.075);
#1061=VECTOR('',#3814,0.075);
#1062=VECTOR('',#3817,0.075);
#1063=VECTOR('',#3828,0.075);
#1064=VECTOR('',#3833,0.28);
#1065=VECTOR('',#3834,0.175);
#1066=VECTOR('',#3839,0.175);
#1067=VECTOR('',#3842,0.28);
#1068=VECTOR('',#3847,0.28);
#1069=VECTOR('',#3848,0.175);
#1070=VECTOR('',#3853,0.175);
#1071=VECTOR('',#3856,0.28);
#1072=VECTOR('',#3861,0.28);
#1073=VECTOR('',#3862,0.175);
#1074=VECTOR('',#3867,0.175);
#1075=VECTOR('',#3870,0.28);
#1076=VECTOR('',#3875,0.28);
#1077=VECTOR('',#3876,0.175);
#1078=VECTOR('',#3881,0.175);
#1079=VECTOR('',#3884,0.28);
#1080=VECTOR('',#3889,0.28);
#1081=VECTOR('',#3890,0.175);
#1082=VECTOR('',#3895,0.175);
#1083=VECTOR('',#3898,0.28);
#1084=VECTOR('',#3903,0.28);
#1085=VECTOR('',#3904,0.175);
#1086=VECTOR('',#3909,0.175);
#1087=VECTOR('',#3912,0.28);
#1088=VECTOR('',#3917,0.28);
#1089=VECTOR('',#3918,0.175);
#1090=VECTOR('',#3923,0.175);
#1091=VECTOR('',#3926,0.28);
#1092=VECTOR('',#3931,0.28);
#1093=VECTOR('',#3932,0.175);
#1094=VECTOR('',#3937,0.175);
#1095=VECTOR('',#3940,0.28);
#1096=VECTOR('',#3945,0.28);
#1097=VECTOR('',#3946,0.175);
#1098=VECTOR('',#3951,0.175);
#1099=VECTOR('',#3954,0.28);
#1100=VECTOR('',#3959,0.28);
#1101=VECTOR('',#3960,0.175);
#1102=VECTOR('',#3965,0.175);
#1103=VECTOR('',#3968,0.28);
#1104=VECTOR('',#3975,0.3);
#1105=VECTOR('',#3976,0.2);
#1106=VECTOR('',#3977,0.15);
#1107=VECTOR('',#3978,0.1);
#1108=VECTOR('',#3979,0.15);
#1109=VECTOR('',#3980,0.1);
#1110=VECTOR('',#3983,0.25);
#1111=VECTOR('',#3984,0.3);
#1112=VECTOR('',#3985,0.25);
#1113=VECTOR('',#3986,0.3);
#1114=VECTOR('',#3987,0.45);
#1115=VECTOR('',#3988,2.1);
#1116=VECTOR('',#3989,0.424264068711872);
#1117=VECTOR('',#3990,0.15);
#1118=VECTOR('',#3991,0.3);
#1119=VECTOR('',#3992,0.25);
#1120=VECTOR('',#3993,0.25);
#1121=VECTOR('',#3994,0.3);
#1122=VECTOR('',#3995,0.25);
#1123=VECTOR('',#3996,0.3);
#1124=VECTOR('',#3997,0.45);
#1125=VECTOR('',#3998,2.4);
#1126=VECTOR('',#3999,0.45);
#1127=VECTOR('',#4000,0.3);
#1128=VECTOR('',#4001,0.25);
#1129=VECTOR('',#4002,0.3);
#1130=VECTOR('',#4005,0.1);
#1131=VECTOR('',#4006,0.45);
#1132=VECTOR('',#4007,0.1);
#1133=VECTOR('',#4010,0.1);
#1134=VECTOR('',#4011,0.25);
#1135=VECTOR('',#4012,0.1);
#1136=VECTOR('',#4015,0.1);
#1137=VECTOR('',#4016,0.1);
#1138=VECTOR('',#4017,0.45);
#1139=VECTOR('',#4020,0.2);
#1140=VECTOR('',#4021,0.15);
#1141=VECTOR('',#4022,0.1);
#1142=VECTOR('',#4023,0.15);
#1143=VECTOR('',#4026,0.25);
#1144=VECTOR('',#4027,0.15);
#1145=VECTOR('',#4028,0.25);
#1146=VECTOR('',#4031,0.575);
#1147=VECTOR('',#4032,2.7);
#1148=VECTOR('',#4033,0.575);
#1149=VECTOR('',#4034,0.15);
#1150=VECTOR('',#4035,0.15);
#1151=VECTOR('',#4036,0.424264068711872);
#1152=VECTOR('',#4037,2.1);
#1153=VECTOR('',#4040,0.25);
#1154=VECTOR('',#4041,0.15);
#1155=VECTOR('',#4042,0.15);
#1156=VECTOR('',#4045,0.575);
#1157=VECTOR('',#4046,0.15);
#1158=VECTOR('',#4047,2.4);
#1159=VECTOR('',#4048,0.45);
#1160=VECTOR('',#4049,0.15);
#1161=VECTOR('',#4050,0.575);
#1162=VECTOR('',#4051,2.7);
#1163=VECTOR('',#4054,0.1);
#1164=VECTOR('',#4055,0.575);
#1165=VECTOR('',#4056,0.1);
#1166=VECTOR('',#4059,0.1);
#1167=VECTOR('',#4060,0.575);
#1168=VECTOR('',#4061,0.1);
#1169=VECTOR('',#4064,0.25);
#1170=VECTOR('',#4065,0.1);
#1171=VECTOR('',#4068,0.1);
#1172=VECTOR('',#4069,0.15);
#1173=VECTOR('',#4070,0.2);
#1174=VECTOR('',#4073,0.1);
#1175=VECTOR('',#4076,0.1);
#1176=VECTOR('',#4079,0.1);
#1177=VECTOR('',#4080,0.1);
#1178=VECTOR('',#4083,0.1);
#1179=VECTOR('',#4088,0.15);
#1180=VECTOR('',#4089,0.2);
#1181=VECTOR('',#4092,0.25);
#1182=VECTOR('',#4093,0.2);
#1183=VECTOR('',#4096,0.15);
#1184=VECTOR('',#4099,0.575);
#1185=VECTOR('',#4100,2.7);
#1186=VECTOR('',#4101,0.25);
#1187=VECTOR('',#4102,2.7);
#1188=VECTOR('',#4103,0.575);
#1189=VECTOR('',#4104,0.25);
#1190=VECTOR('',#4105,0.15);
#1191=VECTOR('',#4106,0.25);
#1192=VECTOR('',#4107,0.15);
#1193=VECTOR('',#4108,0.25);
#1194=VECTOR('',#4109,0.15);
#1195=VECTOR('',#4112,0.1);
#1196=VECTOR('',#4115,0.1);
#1197=VECTOR('',#4116,0.1);
#1198=VECTOR('',#4119,0.1);
#1199=VECTOR('',#4120,0.1);
#1200=VECTOR('',#4125,0.2);
#1201=VECTOR('',#4128,0.2);
#1202=VECTOR('',#4133,0.2);
#1203=VECTOR('',#4144,0.28);
#1204=VECTOR('',#4145,0.24);
#1205=VECTOR('',#4146,0.28);
#1206=VECTOR('',#4151,0.2);
#1207=VECTOR('',#4152,0.28);
#1208=VECTOR('',#4153,0.2);
#1209=VECTOR('',#4156,0.24);
#1210=VECTOR('',#4157,0.2);
#1211=VECTOR('',#4160,0.28);
#1212=VECTOR('',#4161,0.2);
#1213=VECTOR('',#4170,0.28);
#1214=VECTOR('',#4171,0.24);
#1215=VECTOR('',#4172,0.28);
#1216=VECTOR('',#4177,0.2);
#1217=VECTOR('',#4178,0.28);
#1218=VECTOR('',#4179,0.2);
#1219=VECTOR('',#4182,0.24);
#1220=VECTOR('',#4183,0.2);
#1221=VECTOR('',#4186,0.28);
#1222=VECTOR('',#4187,0.2);
#1223=VECTOR('',#4196,0.28);
#1224=VECTOR('',#4197,0.24);
#1225=VECTOR('',#4198,0.28);
#1226=VECTOR('',#4203,0.2);
#1227=VECTOR('',#4204,0.28);
#1228=VECTOR('',#4205,0.2);
#1229=VECTOR('',#4208,0.24);
#1230=VECTOR('',#4209,0.2);
#1231=VECTOR('',#4212,0.28);
#1232=VECTOR('',#4213,0.2);
#1233=VECTOR('',#4222,0.28);
#1234=VECTOR('',#4223,0.24);
#1235=VECTOR('',#4224,0.28);
#1236=VECTOR('',#4229,0.2);
#1237=VECTOR('',#4230,0.28);
#1238=VECTOR('',#4231,0.2);
#1239=VECTOR('',#4234,0.24);
#1240=VECTOR('',#4235,0.2);
#1241=VECTOR('',#4238,0.28);
#1242=VECTOR('',#4239,0.2);
#1243=VECTOR('',#4248,0.28);
#1244=VECTOR('',#4251,0.28);
#1245=VECTOR('',#4252,0.24);
#1246=VECTOR('',#4255,0.2);
#1247=VECTOR('',#4256,0.28);
#1248=VECTOR('',#4257,0.2);
#1249=VECTOR('',#4262,0.2);
#1250=VECTOR('',#4265,0.28);
#1251=VECTOR('',#4266,0.2);
#1252=VECTOR('',#4269,0.24);
#1253=VECTOR('',#4274,0.28);
#1254=VECTOR('',#4277,0.28);
#1255=VECTOR('',#4278,0.24);
#1256=VECTOR('',#4281,0.2);
#1257=VECTOR('',#4282,0.28);
#1258=VECTOR('',#4283,0.2);
#1259=VECTOR('',#4288,0.2);
#1260=VECTOR('',#4291,0.28);
#1261=VECTOR('',#4292,0.2);
#1262=VECTOR('',#4295,0.24);
#1263=VECTOR('',#4300,0.28);
#1264=VECTOR('',#4303,0.28);
#1265=VECTOR('',#4304,0.24);
#1266=VECTOR('',#4307,0.2);
#1267=VECTOR('',#4308,0.28);
#1268=VECTOR('',#4309,0.2);
#1269=VECTOR('',#4314,0.2);
#1270=VECTOR('',#4317,0.28);
#1271=VECTOR('',#4318,0.2);
#1272=VECTOR('',#4321,0.24);
#1273=VECTOR('',#4326,0.28);
#1274=VECTOR('',#4329,0.28);
#1275=VECTOR('',#4330,0.24);
#1276=VECTOR('',#4333,0.2);
#1277=VECTOR('',#4334,0.28);
#1278=VECTOR('',#4335,0.2);
#1279=VECTOR('',#4340,0.2);
#1280=VECTOR('',#4343,0.28);
#1281=VECTOR('',#4344,0.2);
#1282=VECTOR('',#4347,0.24);
#1283=VECTOR('',#4352,0.28);
#1284=VECTOR('',#4353,0.24);
#1285=VECTOR('',#4354,0.28);
#1286=VECTOR('',#4359,0.2);
#1287=VECTOR('',#4360,0.28);
#1288=VECTOR('',#4361,0.2);
#1289=VECTOR('',#4364,0.24);
#1290=VECTOR('',#4365,0.2);
#1291=VECTOR('',#4368,0.28);
#1292=VECTOR('',#4369,0.2);
#1293=VECTOR('',#4378,0.28);
#1294=VECTOR('',#4381,0.28);
#1295=VECTOR('',#4382,0.24);
#1296=VECTOR('',#4385,0.2);
#1297=VECTOR('',#4386,0.28);
#1298=VECTOR('',#4387,0.2);
#1299=VECTOR('',#4392,0.2);
#1300=VECTOR('',#4395,0.28);
#1301=VECTOR('',#4396,0.2);
#1302=VECTOR('',#4399,0.24);
#1303=VECTOR('',#4406,0.125);
#1304=VERTEX_POINT('',#4420);
#1305=VERTEX_POINT('',#4421);
#1306=VERTEX_POINT('',#4423);
#1307=VERTEX_POINT('',#4425);
#1308=VERTEX_POINT('',#4427);
#1309=VERTEX_POINT('',#4429);
#1310=VERTEX_POINT('',#4431);
#1311=VERTEX_POINT('',#4433);
#1312=VERTEX_POINT('',#4435);
#1313=VERTEX_POINT('',#4437);
#1314=VERTEX_POINT('',#4439);
#1315=VERTEX_POINT('',#4441);
#1316=VERTEX_POINT('',#4443);
#1317=VERTEX_POINT('',#4445);
#1318=VERTEX_POINT('',#4447);
#1319=VERTEX_POINT('',#4449);
#1320=VERTEX_POINT('',#4451);
#1321=VERTEX_POINT('',#4453);
#1322=VERTEX_POINT('',#4455);
#1323=VERTEX_POINT('',#4457);
#1324=VERTEX_POINT('',#4459);
#1325=VERTEX_POINT('',#4461);
#1326=VERTEX_POINT('',#4463);
#1327=VERTEX_POINT('',#4465);
#1328=VERTEX_POINT('',#4467);
#1329=VERTEX_POINT('',#4469);
#1330=VERTEX_POINT('',#4471);
#1331=VERTEX_POINT('',#4473);
#1332=VERTEX_POINT('',#4475);
#1333=VERTEX_POINT('',#4479);
#1334=VERTEX_POINT('',#4480);
#1335=VERTEX_POINT('',#4482);
#1336=VERTEX_POINT('',#4484);
#1337=VERTEX_POINT('',#4488);
#1338=VERTEX_POINT('',#4489);
#1339=VERTEX_POINT('',#4491);
#1340=VERTEX_POINT('',#4493);
#1341=VERTEX_POINT('',#4495);
#1342=VERTEX_POINT('',#4497);
#1343=VERTEX_POINT('',#4499);
#1344=VERTEX_POINT('',#4501);
#1345=VERTEX_POINT('',#4503);
#1346=VERTEX_POINT('',#4505);
#1347=VERTEX_POINT('',#4507);
#1348=VERTEX_POINT('',#4509);
#1349=VERTEX_POINT('',#4511);
#1350=VERTEX_POINT('',#4513);
#1351=VERTEX_POINT('',#4515);
#1352=VERTEX_POINT('',#4517);
#1353=VERTEX_POINT('',#4519);
#1354=VERTEX_POINT('',#4521);
#1355=VERTEX_POINT('',#4523);
#1356=VERTEX_POINT('',#4525);
#1357=VERTEX_POINT('',#4527);
#1358=VERTEX_POINT('',#4529);
#1359=VERTEX_POINT('',#4531);
#1360=VERTEX_POINT('',#4533);
#1361=VERTEX_POINT('',#4535);
#1362=VERTEX_POINT('',#4537);
#1363=VERTEX_POINT('',#4539);
#1364=VERTEX_POINT('',#4541);
#1365=VERTEX_POINT('',#4545);
#1366=VERTEX_POINT('',#4546);
#1367=VERTEX_POINT('',#4548);
#1368=VERTEX_POINT('',#4550);
#1369=VERTEX_POINT('',#4554);
#1370=VERTEX_POINT('',#4556);
#1371=VERTEX_POINT('',#4559);
#1372=VERTEX_POINT('',#4561);
#1373=VERTEX_POINT('',#4564);
#1374=VERTEX_POINT('',#4566);
#1375=VERTEX_POINT('',#4569);
#1376=VERTEX_POINT('',#4571);
#1377=VERTEX_POINT('',#4574);
#1378=VERTEX_POINT('',#4576);
#1379=VERTEX_POINT('',#4579);
#1380=VERTEX_POINT('',#4581);
#1381=VERTEX_POINT('',#4585);
#1382=VERTEX_POINT('',#4587);
#1383=VERTEX_POINT('',#4590);
#1384=VERTEX_POINT('',#4592);
#1385=VERTEX_POINT('',#4595);
#1386=VERTEX_POINT('',#4599);
#1387=VERTEX_POINT('',#4601);
#1388=VERTEX_POINT('',#4604);
#1389=VERTEX_POINT('',#4606);
#1390=VERTEX_POINT('',#4609);
#1391=VERTEX_POINT('',#4611);
#1392=VERTEX_POINT('',#4614);
#1393=VERTEX_POINT('',#4616);
#1394=VERTEX_POINT('',#4619);
#1395=VERTEX_POINT('',#4621);
#1396=VERTEX_POINT('',#4624);
#1397=VERTEX_POINT('',#4628);
#1398=VERTEX_POINT('',#4630);
#1399=VERTEX_POINT('',#4633);
#1400=VERTEX_POINT('',#4635);
#1401=VERTEX_POINT('',#4641);
#1402=VERTEX_POINT('',#4643);
#1403=VERTEX_POINT('',#4645);
#1404=VERTEX_POINT('',#4649);
#1405=VERTEX_POINT('',#4651);
#1406=VERTEX_POINT('',#4655);
#1407=VERTEX_POINT('',#4657);
#1408=VERTEX_POINT('',#4661);
#1409=VERTEX_POINT('',#4665);
#1410=VERTEX_POINT('',#4667);
#1411=VERTEX_POINT('',#4671);
#1412=VERTEX_POINT('',#4673);
#1413=VERTEX_POINT('',#4675);
#1414=VERTEX_POINT('',#4678);
#1415=VERTEX_POINT('',#4680);
#1416=VERTEX_POINT('',#4683);
#1417=VERTEX_POINT('',#4685);
#1418=VERTEX_POINT('',#4687);
#1419=VERTEX_POINT('',#4690);
#1420=VERTEX_POINT('',#4692);
#1421=VERTEX_POINT('',#4696);
#1422=VERTEX_POINT('',#4700);
#1423=VERTEX_POINT('',#4701);
#1424=VERTEX_POINT('',#4703);
#1425=VERTEX_POINT('',#4705);
#1426=VERTEX_POINT('',#4709);
#1427=VERTEX_POINT('',#4711);
#1428=VERTEX_POINT('',#4713);
#1429=VERTEX_POINT('',#4715);
#1430=VERTEX_POINT('',#4717);
#1431=VERTEX_POINT('',#4719);
#1432=VERTEX_POINT('',#4723);
#1433=VERTEX_POINT('',#4727);
#1434=VERTEX_POINT('',#4729);
#1435=VERTEX_POINT('',#4731);
#1436=VERTEX_POINT('',#4733);
#1437=VERTEX_POINT('',#4735);
#1438=VERTEX_POINT('',#4774);
#1439=VERTEX_POINT('',#4778);
#1440=VERTEX_POINT('',#4785);
#1441=VERTEX_POINT('',#4789);
#1442=VERTEX_POINT('',#4796);
#1443=VERTEX_POINT('',#4800);
#1444=VERTEX_POINT('',#4807);
#1445=VERTEX_POINT('',#4811);
#1446=VERTEX_POINT('',#4818);
#1447=VERTEX_POINT('',#4822);
#1448=VERTEX_POINT('',#4829);
#1449=VERTEX_POINT('',#4833);
#1450=VERTEX_POINT('',#4840);
#1451=VERTEX_POINT('',#4844);
#1452=VERTEX_POINT('',#4851);
#1453=VERTEX_POINT('',#4855);
#1454=VERTEX_POINT('',#4862);
#1455=VERTEX_POINT('',#4866);
#1456=VERTEX_POINT('',#4873);
#1457=VERTEX_POINT('',#4877);
#1458=VERTEX_POINT('',#4885);
#1459=VERTEX_POINT('',#4886);
#1460=VERTEX_POINT('',#4888);
#1461=VERTEX_POINT('',#4890);
#1462=VERTEX_POINT('',#4892);
#1463=VERTEX_POINT('',#4894);
#1464=VERTEX_POINT('',#4898);
#1465=VERTEX_POINT('',#4899);
#1466=VERTEX_POINT('',#4901);
#1467=VERTEX_POINT('',#4903);
#1468=VERTEX_POINT('',#4905);
#1469=VERTEX_POINT('',#4907);
#1470=VERTEX_POINT('',#4909);
#1471=VERTEX_POINT('',#4911);
#1472=VERTEX_POINT('',#4913);
#1473=VERTEX_POINT('',#4915);
#1474=VERTEX_POINT('',#4918);
#1475=VERTEX_POINT('',#4920);
#1476=VERTEX_POINT('',#4922);
#1477=VERTEX_POINT('',#4924);
#1478=VERTEX_POINT('',#4926);
#1479=VERTEX_POINT('',#4928);
#1480=VERTEX_POINT('',#4930);
#1481=VERTEX_POINT('',#4932);
#1482=VERTEX_POINT('',#4934);
#1483=VERTEX_POINT('',#4938);
#1484=VERTEX_POINT('',#4940);
#1485=VERTEX_POINT('',#4944);
#1486=VERTEX_POINT('',#4946);
#1487=VERTEX_POINT('',#4950);
#1488=VERTEX_POINT('',#4952);
#1489=VERTEX_POINT('',#4956);
#1490=VERTEX_POINT('',#4958);
#1491=VERTEX_POINT('',#4960);
#1492=VERTEX_POINT('',#4964);
#1493=VERTEX_POINT('',#4966);
#1494=VERTEX_POINT('',#4970);
#1495=VERTEX_POINT('',#4972);
#1496=VERTEX_POINT('',#4974);
#1497=VERTEX_POINT('',#4976);
#1498=VERTEX_POINT('',#4978);
#1499=VERTEX_POINT('',#4980);
#1500=VERTEX_POINT('',#4984);
#1501=VERTEX_POINT('',#4985);
#1502=VERTEX_POINT('',#4990);
#1503=VERTEX_POINT('',#4991);
#1504=VERTEX_POINT('',#4994);
#1505=VERTEX_POINT('',#4996);
#1506=VERTEX_POINT('',#4998);
#1507=VERTEX_POINT('',#5000);
#1508=VERTEX_POINT('',#5004);
#1509=VERTEX_POINT('',#5006);
#1510=VERTEX_POINT('',#5010);
#1511=VERTEX_POINT('',#5012);
#1512=VERTEX_POINT('',#5016);
#1513=VERTEX_POINT('',#5021);
#1514=VERTEX_POINT('',#5035);
#1515=VERTEX_POINT('',#5039);
#1516=VERTEX_POINT('',#5045);
#1517=VERTEX_POINT('',#5046);
#1518=VERTEX_POINT('',#5050);
#1519=VERTEX_POINT('',#5053);
#1520=VERTEX_POINT('',#5055);
#1521=VERTEX_POINT('',#5057);
#1522=VERTEX_POINT('',#5059);
#1523=VERTEX_POINT('',#5061);
#1524=VERTEX_POINT('',#5085);
#1525=VERTEX_POINT('',#5086);
#1526=VERTEX_POINT('',#5088);
#1527=VERTEX_POINT('',#5090);
#1528=VERTEX_POINT('',#5094);
#1529=VERTEX_POINT('',#5096);
#1530=VERTEX_POINT('',#5100);
#1531=VERTEX_POINT('',#5104);
#1532=VERTEX_POINT('',#5111);
#1533=VERTEX_POINT('',#5112);
#1534=VERTEX_POINT('',#5114);
#1535=VERTEX_POINT('',#5116);
#1536=VERTEX_POINT('',#5120);
#1537=VERTEX_POINT('',#5122);
#1538=VERTEX_POINT('',#5126);
#1539=VERTEX_POINT('',#5130);
#1540=VERTEX_POINT('',#5137);
#1541=VERTEX_POINT('',#5138);
#1542=VERTEX_POINT('',#5140);
#1543=VERTEX_POINT('',#5142);
#1544=VERTEX_POINT('',#5146);
#1545=VERTEX_POINT('',#5148);
#1546=VERTEX_POINT('',#5152);
#1547=VERTEX_POINT('',#5156);
#1548=VERTEX_POINT('',#5163);
#1549=VERTEX_POINT('',#5164);
#1550=VERTEX_POINT('',#5166);
#1551=VERTEX_POINT('',#5168);
#1552=VERTEX_POINT('',#5172);
#1553=VERTEX_POINT('',#5174);
#1554=VERTEX_POINT('',#5178);
#1555=VERTEX_POINT('',#5182);
#1556=VERTEX_POINT('',#5189);
#1557=VERTEX_POINT('',#5190);
#1558=VERTEX_POINT('',#5192);
#1559=VERTEX_POINT('',#5194);
#1560=VERTEX_POINT('',#5198);
#1561=VERTEX_POINT('',#5200);
#1562=VERTEX_POINT('',#5204);
#1563=VERTEX_POINT('',#5208);
#1564=VERTEX_POINT('',#5215);
#1565=VERTEX_POINT('',#5216);
#1566=VERTEX_POINT('',#5218);
#1567=VERTEX_POINT('',#5220);
#1568=VERTEX_POINT('',#5224);
#1569=VERTEX_POINT('',#5226);
#1570=VERTEX_POINT('',#5230);
#1571=VERTEX_POINT('',#5234);
#1572=VERTEX_POINT('',#5241);
#1573=VERTEX_POINT('',#5242);
#1574=VERTEX_POINT('',#5244);
#1575=VERTEX_POINT('',#5246);
#1576=VERTEX_POINT('',#5250);
#1577=VERTEX_POINT('',#5252);
#1578=VERTEX_POINT('',#5256);
#1579=VERTEX_POINT('',#5260);
#1580=VERTEX_POINT('',#5267);
#1581=VERTEX_POINT('',#5268);
#1582=VERTEX_POINT('',#5270);
#1583=VERTEX_POINT('',#5272);
#1584=VERTEX_POINT('',#5276);
#1585=VERTEX_POINT('',#5278);
#1586=VERTEX_POINT('',#5282);
#1587=VERTEX_POINT('',#5286);
#1588=VERTEX_POINT('',#5293);
#1589=VERTEX_POINT('',#5294);
#1590=VERTEX_POINT('',#5296);
#1591=VERTEX_POINT('',#5298);
#1592=VERTEX_POINT('',#5302);
#1593=VERTEX_POINT('',#5304);
#1594=VERTEX_POINT('',#5308);
#1595=VERTEX_POINT('',#5312);
#1596=VERTEX_POINT('',#5319);
#1597=VERTEX_POINT('',#5320);
#1598=VERTEX_POINT('',#5322);
#1599=VERTEX_POINT('',#5324);
#1600=VERTEX_POINT('',#5328);
#1601=VERTEX_POINT('',#5330);
#1602=VERTEX_POINT('',#5334);
#1603=VERTEX_POINT('',#5338);
#1604=VERTEX_POINT('',#5345);
#1605=VERTEX_POINT('',#5347);
#1606=EDGE_CURVE('',#1304,#1305,#482,.T.);
#1607=EDGE_CURVE('',#1306,#1304,#483,.T.);
#1608=EDGE_CURVE('',#1306,#1307,#484,.T.);
#1609=EDGE_CURVE('',#1307,#1308,#485,.T.);
#1610=EDGE_CURVE('',#1309,#1308,#486,.T.);
#1611=EDGE_CURVE('',#1309,#1310,#487,.T.);
#1612=EDGE_CURVE('',#1310,#1311,#488,.T.);
#1613=EDGE_CURVE('',#1312,#1311,#489,.T.);
#1614=EDGE_CURVE('',#1313,#1312,#490,.T.);
#1615=EDGE_CURVE('',#1314,#1313,#491,.T.);
#1616=EDGE_CURVE('',#1314,#1315,#492,.T.);
#1617=EDGE_CURVE('',#1316,#1315,#440,.T.);
#1618=EDGE_CURVE('',#1317,#1316,#493,.T.);
#1619=EDGE_CURVE('',#1318,#1317,#494,.T.);
#1620=EDGE_CURVE('',#1318,#1319,#495,.T.);
#1621=EDGE_CURVE('',#1320,#1319,#441,.T.);
#1622=EDGE_CURVE('',#1321,#1320,#496,.T.);
#1623=EDGE_CURVE('',#1322,#1321,#497,.T.);
#1624=EDGE_CURVE('',#1322,#1323,#498,.T.);
#1625=EDGE_CURVE('',#1324,#1323,#442,.T.);
#1626=EDGE_CURVE('',#1325,#1324,#499,.T.);
#1627=EDGE_CURVE('',#1326,#1325,#500,.T.);
#1628=EDGE_CURVE('',#1326,#1327,#501,.T.);
#1629=EDGE_CURVE('',#1328,#1327,#443,.T.);
#1630=EDGE_CURVE('',#1329,#1328,#502,.T.);
#1631=EDGE_CURVE('',#1330,#1329,#503,.T.);
#1632=EDGE_CURVE('',#1330,#1331,#504,.T.);
#1633=EDGE_CURVE('',#1332,#1331,#444,.T.);
#1634=EDGE_CURVE('',#1305,#1332,#505,.T.);
#1635=EDGE_CURVE('',#1333,#1334,#506,.T.);
#1636=EDGE_CURVE('',#1333,#1335,#507,.T.);
#1637=EDGE_CURVE('',#1335,#1336,#508,.T.);
#1638=EDGE_CURVE('',#1334,#1336,#509,.T.);
#1639=EDGE_CURVE('',#1337,#1338,#510,.T.);
#1640=EDGE_CURVE('',#1337,#1339,#511,.T.);
#1641=EDGE_CURVE('',#1339,#1340,#512,.T.);
#1642=EDGE_CURVE('',#1340,#1341,#513,.T.);
#1643=EDGE_CURVE('',#1341,#1342,#514,.T.);
#1644=EDGE_CURVE('',#1343,#1342,#515,.T.);
#1645=EDGE_CURVE('',#1344,#1343,#516,.T.);
#1646=EDGE_CURVE('',#1345,#1344,#517,.T.);
#1647=EDGE_CURVE('',#1345,#1346,#518,.T.);
#1648=EDGE_CURVE('',#1346,#1347,#445,.T.);
#1649=EDGE_CURVE('',#1348,#1347,#519,.T.);
#1650=EDGE_CURVE('',#1349,#1348,#520,.T.);
#1651=EDGE_CURVE('',#1349,#1350,#521,.T.);
#1652=EDGE_CURVE('',#1350,#1351,#446,.T.);
#1653=EDGE_CURVE('',#1352,#1351,#522,.T.);
#1654=EDGE_CURVE('',#1353,#1352,#523,.T.);
#1655=EDGE_CURVE('',#1353,#1354,#524,.T.);
#1656=EDGE_CURVE('',#1354,#1355,#447,.T.);
#1657=EDGE_CURVE('',#1356,#1355,#525,.T.);
#1658=EDGE_CURVE('',#1357,#1356,#526,.T.);
#1659=EDGE_CURVE('',#1357,#1358,#527,.T.);
#1660=EDGE_CURVE('',#1358,#1359,#448,.T.);
#1661=EDGE_CURVE('',#1360,#1359,#528,.T.);
#1662=EDGE_CURVE('',#1361,#1360,#529,.T.);
#1663=EDGE_CURVE('',#1361,#1362,#530,.T.);
#1664=EDGE_CURVE('',#1362,#1363,#449,.T.);
#1665=EDGE_CURVE('',#1364,#1363,#531,.T.);
#1666=EDGE_CURVE('',#1338,#1364,#532,.T.);
#1667=EDGE_CURVE('',#1365,#1366,#533,.T.);
#1668=EDGE_CURVE('',#1365,#1367,#534,.T.);
#1669=EDGE_CURVE('',#1367,#1368,#535,.T.);
#1670=EDGE_CURVE('',#1366,#1368,#536,.T.);
#1671=EDGE_CURVE('',#1305,#1369,#537,.T.);
#1672=EDGE_CURVE('',#1370,#1369,#538,.T.);
#1673=EDGE_CURVE('',#1330,#1370,#539,.T.);
#1674=EDGE_CURVE('',#1329,#1371,#540,.T.);
#1675=EDGE_CURVE('',#1372,#1371,#541,.T.);
#1676=EDGE_CURVE('',#1326,#1372,#542,.T.);
#1677=EDGE_CURVE('',#1325,#1373,#543,.T.);
#1678=EDGE_CURVE('',#1374,#1373,#544,.T.);
#1679=EDGE_CURVE('',#1322,#1374,#545,.T.);
#1680=EDGE_CURVE('',#1321,#1375,#546,.T.);
#1681=EDGE_CURVE('',#1376,#1375,#547,.T.);
#1682=EDGE_CURVE('',#1318,#1376,#548,.T.);
#1683=EDGE_CURVE('',#1317,#1377,#549,.T.);
#1684=EDGE_CURVE('',#1378,#1377,#550,.T.);
#1685=EDGE_CURVE('',#1314,#1378,#551,.T.);
#1686=EDGE_CURVE('',#1313,#1379,#552,.T.);
#1687=EDGE_CURVE('',#1380,#1379,#553,.T.);
#1688=EDGE_CURVE('',#1304,#1380,#554,.T.);
#1689=EDGE_CURVE('',#1343,#1381,#555,.T.);
#1690=EDGE_CURVE('',#1382,#1381,#556,.T.);
#1691=EDGE_CURVE('',#1365,#1382,#557,.T.);
#1692=EDGE_CURVE('',#1366,#1383,#558,.T.);
#1693=EDGE_CURVE('',#1384,#1383,#559,.T.);
#1694=EDGE_CURVE('',#1306,#1384,#560,.T.);
#1695=EDGE_CURVE('',#1385,#1380,#561,.T.);
#1696=EDGE_CURVE('',#1344,#1385,#562,.T.);
#1697=EDGE_CURVE('',#1364,#1386,#563,.T.);
#1698=EDGE_CURVE('',#1386,#1387,#564,.T.);
#1699=EDGE_CURVE('',#1361,#1387,#565,.T.);
#1700=EDGE_CURVE('',#1360,#1388,#566,.T.);
#1701=EDGE_CURVE('',#1388,#1389,#567,.T.);
#1702=EDGE_CURVE('',#1357,#1389,#568,.T.);
#1703=EDGE_CURVE('',#1356,#1390,#569,.T.);
#1704=EDGE_CURVE('',#1390,#1391,#570,.T.);
#1705=EDGE_CURVE('',#1353,#1391,#571,.T.);
#1706=EDGE_CURVE('',#1352,#1392,#572,.T.);
#1707=EDGE_CURVE('',#1392,#1393,#573,.T.);
#1708=EDGE_CURVE('',#1349,#1393,#574,.T.);
#1709=EDGE_CURVE('',#1348,#1394,#575,.T.);
#1710=EDGE_CURVE('',#1394,#1395,#576,.T.);
#1711=EDGE_CURVE('',#1345,#1395,#577,.T.);
#1712=EDGE_CURVE('',#1396,#1385,#578,.T.);
#1713=EDGE_CURVE('',#1338,#1396,#579,.T.);
#1714=EDGE_CURVE('',#1312,#1397,#580,.T.);
#1715=EDGE_CURVE('',#1397,#1398,#581,.T.);
#1716=EDGE_CURVE('',#1333,#1398,#582,.T.);
#1717=EDGE_CURVE('',#1334,#1399,#583,.T.);
#1718=EDGE_CURVE('',#1399,#1400,#584,.T.);
#1719=EDGE_CURVE('',#1337,#1400,#585,.T.);
#1720=EDGE_CURVE('',#1379,#1396,#586,.T.);
#1721=EDGE_CURVE('',#1400,#1401,#587,.T.);
#1722=EDGE_CURVE('',#1402,#1401,#588,.T.);
#1723=EDGE_CURVE('',#1402,#1403,#589,.T.);
#1724=EDGE_CURVE('',#1339,#1403,#590,.T.);
#1725=EDGE_CURVE('',#1404,#1310,#591,.T.);
#1726=EDGE_CURVE('',#1404,#1405,#592,.T.);
#1727=EDGE_CURVE('',#1311,#1405,#593,.T.);
#1728=EDGE_CURVE('',#1335,#1406,#594,.T.);
#1729=EDGE_CURVE('',#1406,#1407,#595,.T.);
#1730=EDGE_CURVE('',#1336,#1407,#596,.T.);
#1731=EDGE_CURVE('',#1408,#1340,#597,.T.);
#1732=EDGE_CURVE('',#1403,#1408,#598,.T.);
#1733=EDGE_CURVE('',#1409,#1405,#599,.T.);
#1734=EDGE_CURVE('',#1409,#1410,#600,.T.);
#1735=EDGE_CURVE('',#1397,#1410,#601,.T.);
#1736=EDGE_CURVE('',#1411,#1410,#602,.T.);
#1737=EDGE_CURVE('',#1412,#1411,#603,.T.);
#1738=EDGE_CURVE('',#1413,#1412,#604,.T.);
#1739=EDGE_CURVE('',#1384,#1413,#605,.T.);
#1740=EDGE_CURVE('',#1414,#1383,#606,.T.);
#1741=EDGE_CURVE('',#1415,#1414,#607,.T.);
#1742=EDGE_CURVE('',#1415,#1382,#608,.T.);
#1743=EDGE_CURVE('',#1381,#1416,#609,.T.);
#1744=EDGE_CURVE('',#1417,#1416,#610,.T.);
#1745=EDGE_CURVE('',#1418,#1417,#611,.T.);
#1746=EDGE_CURVE('',#1401,#1418,#612,.T.);
#1747=EDGE_CURVE('',#1419,#1399,#613,.T.);
#1748=EDGE_CURVE('',#1420,#1419,#614,.T.);
#1749=EDGE_CURVE('',#1420,#1398,#615,.T.);
#1750=EDGE_CURVE('',#1421,#1420,#616,.T.);
#1751=EDGE_CURVE('',#1421,#1406,#617,.T.);
#1752=EDGE_CURVE('',#1422,#1423,#618,.T.);
#1753=EDGE_CURVE('',#1423,#1424,#619,.T.);
#1754=EDGE_CURVE('',#1425,#1424,#620,.T.);
#1755=EDGE_CURVE('',#1422,#1425,#621,.T.);
#1756=EDGE_CURVE('',#1426,#1409,#622,.T.);
#1757=EDGE_CURVE('',#1427,#1404,#623,.T.);
#1758=EDGE_CURVE('',#1427,#1428,#624,.T.);
#1759=EDGE_CURVE('',#1429,#1428,#625,.T.);
#1760=EDGE_CURVE('',#1430,#1429,#626,.T.);
#1761=EDGE_CURVE('',#1430,#1431,#627,.T.);
#1762=EDGE_CURVE('',#1431,#1426,#628,.T.);
#1763=EDGE_CURVE('',#1421,#1432,#629,.T.);
#1764=EDGE_CURVE('',#1432,#1407,#630,.T.);
#1765=EDGE_CURVE('',#1402,#1433,#631,.T.);
#1766=EDGE_CURVE('',#1433,#1434,#632,.T.);
#1767=EDGE_CURVE('',#1434,#1435,#633,.T.);
#1768=EDGE_CURVE('',#1435,#1436,#634,.T.);
#1769=EDGE_CURVE('',#1437,#1436,#635,.T.);
#1770=EDGE_CURVE('',#1408,#1437,#636,.T.);
#1771=EDGE_CURVE('',#1430,#1413,#637,.T.);
#1772=EDGE_CURVE('',#1431,#1412,#638,.T.);
#1773=EDGE_CURVE('',#1434,#1417,#639,.T.);
#1774=EDGE_CURVE('',#1435,#1416,#640,.T.);
#1775=EDGE_CURVE('',#1422,#1415,#641,.T.);
#1776=EDGE_CURVE('',#1423,#1414,#642,.T.);
#1777=EDGE_CURVE('',#1426,#1411,#643,.T.);
#1778=EDGE_CURVE('',#1432,#1419,#644,.T.);
#1779=EDGE_CURVE('',#1433,#1418,#645,.T.);
#1780=EDGE_CURVE('',#1307,#1429,#646,.T.);
#1781=EDGE_CURVE('',#1437,#1341,#647,.T.);
#1782=EDGE_CURVE('',#1342,#1436,#648,.T.);
#1783=EDGE_CURVE('',#1367,#1425,#649,.T.);
#1784=EDGE_CURVE('',#1368,#1424,#650,.T.);
#1785=EDGE_CURVE('',#1428,#1308,#651,.T.);
#1786=EDGE_CURVE('',#1427,#1309,#652,.T.);
#1787=EDGE_CURVE('',#1395,#1438,#653,.T.);
#1788=EDGE_CURVE('',#1346,#1438,#654,.T.);
#1789=EDGE_CURVE('',#1438,#1439,#450,.T.);
#1790=EDGE_CURVE('',#1347,#1439,#655,.T.);
#1791=EDGE_CURVE('',#1439,#1394,#656,.T.);
#1792=EDGE_CURVE('',#1393,#1440,#657,.T.);
#1793=EDGE_CURVE('',#1350,#1440,#658,.T.);
#1794=EDGE_CURVE('',#1440,#1441,#451,.T.);
#1795=EDGE_CURVE('',#1351,#1441,#659,.T.);
#1796=EDGE_CURVE('',#1441,#1392,#660,.T.);
#1797=EDGE_CURVE('',#1391,#1442,#661,.T.);
#1798=EDGE_CURVE('',#1354,#1442,#662,.T.);
#1799=EDGE_CURVE('',#1442,#1443,#452,.T.);
#1800=EDGE_CURVE('',#1355,#1443,#663,.T.);
#1801=EDGE_CURVE('',#1443,#1390,#664,.T.);
#1802=EDGE_CURVE('',#1389,#1444,#665,.T.);
#1803=EDGE_CURVE('',#1358,#1444,#666,.T.);
#1804=EDGE_CURVE('',#1444,#1445,#453,.T.);
#1805=EDGE_CURVE('',#1359,#1445,#667,.T.);
#1806=EDGE_CURVE('',#1445,#1388,#668,.T.);
#1807=EDGE_CURVE('',#1387,#1446,#669,.T.);
#1808=EDGE_CURVE('',#1362,#1446,#670,.T.);
#1809=EDGE_CURVE('',#1446,#1447,#454,.T.);
#1810=EDGE_CURVE('',#1363,#1447,#671,.T.);
#1811=EDGE_CURVE('',#1447,#1386,#672,.T.);
#1812=EDGE_CURVE('',#1448,#1378,#673,.T.);
#1813=EDGE_CURVE('',#1315,#1448,#674,.T.);
#1814=EDGE_CURVE('',#1449,#1448,#455,.T.);
#1815=EDGE_CURVE('',#1316,#1449,#675,.T.);
#1816=EDGE_CURVE('',#1377,#1449,#676,.T.);
#1817=EDGE_CURVE('',#1450,#1376,#677,.T.);
#1818=EDGE_CURVE('',#1319,#1450,#678,.T.);
#1819=EDGE_CURVE('',#1451,#1450,#456,.T.);
#1820=EDGE_CURVE('',#1320,#1451,#679,.T.);
#1821=EDGE_CURVE('',#1375,#1451,#680,.T.);
#1822=EDGE_CURVE('',#1452,#1374,#681,.T.);
#1823=EDGE_CURVE('',#1323,#1452,#682,.T.);
#1824=EDGE_CURVE('',#1453,#1452,#457,.T.);
#1825=EDGE_CURVE('',#1324,#1453,#683,.T.);
#1826=EDGE_CURVE('',#1373,#1453,#684,.T.);
#1827=EDGE_CURVE('',#1454,#1372,#685,.T.);
#1828=EDGE_CURVE('',#1327,#1454,#686,.T.);
#1829=EDGE_CURVE('',#1455,#1454,#458,.T.);
#1830=EDGE_CURVE('',#1328,#1455,#687,.T.);
#1831=EDGE_CURVE('',#1371,#1455,#688,.T.);
#1832=EDGE_CURVE('',#1456,#1370,#689,.T.);
#1833=EDGE_CURVE('',#1331,#1456,#690,.T.);
#1834=EDGE_CURVE('',#1457,#1456,#459,.T.);
#1835=EDGE_CURVE('',#1332,#1457,#691,.T.);
#1836=EDGE_CURVE('',#1369,#1457,#692,.T.);
#1837=EDGE_CURVE('',#1458,#1459,#693,.T.);
#1838=EDGE_CURVE('',#1459,#1460,#694,.T.);
#1839=EDGE_CURVE('',#1461,#1460,#695,.T.);
#1840=EDGE_CURVE('',#1462,#1461,#696,.T.);
#1841=EDGE_CURVE('',#1462,#1463,#697,.T.);
#1842=EDGE_CURVE('',#1458,#1463,#698,.T.);
#1843=EDGE_CURVE('',#1464,#1465,#699,.T.);
#1844=EDGE_CURVE('',#1465,#1466,#700,.T.);
#1845=EDGE_CURVE('',#1466,#1467,#701,.T.);
#1846=EDGE_CURVE('',#1467,#1468,#702,.T.);
#1847=EDGE_CURVE('',#1468,#1469,#703,.T.);
#1848=EDGE_CURVE('',#1469,#1470,#704,.T.);
#1849=EDGE_CURVE('',#1470,#1471,#705,.T.);
#1850=EDGE_CURVE('',#1471,#1472,#706,.T.);
#1851=EDGE_CURVE('',#1473,#1472,#707,.T.);
#1852=EDGE_CURVE('',#1459,#1473,#708,.T.);
#1853=EDGE_CURVE('',#1458,#1474,#709,.T.);
#1854=EDGE_CURVE('',#1474,#1475,#710,.T.);
#1855=EDGE_CURVE('',#1475,#1476,#711,.T.);
#1856=EDGE_CURVE('',#1476,#1477,#712,.T.);
#1857=EDGE_CURVE('',#1477,#1478,#713,.T.);
#1858=EDGE_CURVE('',#1478,#1479,#714,.T.);
#1859=EDGE_CURVE('',#1479,#1480,#715,.T.);
#1860=EDGE_CURVE('',#1481,#1480,#716,.T.);
#1861=EDGE_CURVE('',#1482,#1481,#717,.T.);
#1862=EDGE_CURVE('',#1464,#1482,#718,.T.);
#1863=EDGE_CURVE('',#1468,#1483,#719,.T.);
#1864=EDGE_CURVE('',#1484,#1483,#720,.T.);
#1865=EDGE_CURVE('',#1484,#1469,#721,.T.);
#1866=EDGE_CURVE('',#1464,#1485,#722,.T.);
#1867=EDGE_CURVE('',#1486,#1485,#723,.T.);
#1868=EDGE_CURVE('',#1465,#1486,#724,.T.);
#1869=EDGE_CURVE('',#1480,#1487,#725,.T.);
#1870=EDGE_CURVE('',#1488,#1479,#726,.T.);
#1871=EDGE_CURVE('',#1487,#1488,#727,.T.);
#1872=EDGE_CURVE('',#1467,#1489,#728,.T.);
#1873=EDGE_CURVE('',#1489,#1490,#729,.T.);
#1874=EDGE_CURVE('',#1491,#1490,#730,.T.);
#1875=EDGE_CURVE('',#1491,#1483,#731,.T.);
#1876=EDGE_CURVE('',#1492,#1462,#732,.T.);
#1877=EDGE_CURVE('',#1492,#1493,#733,.T.);
#1878=EDGE_CURVE('',#1493,#1463,#734,.T.);
#1879=EDGE_CURVE('',#1494,#1491,#735,.T.);
#1880=EDGE_CURVE('',#1495,#1494,#736,.T.);
#1881=EDGE_CURVE('',#1496,#1495,#737,.T.);
#1882=EDGE_CURVE('',#1496,#1497,#738,.T.);
#1883=EDGE_CURVE('',#1497,#1498,#739,.T.);
#1884=EDGE_CURVE('',#1499,#1498,#740,.T.);
#1885=EDGE_CURVE('',#1499,#1484,#741,.T.);
#1886=EDGE_CURVE('',#1500,#1501,#742,.T.);
#1887=EDGE_CURVE('',#1500,#1486,#743,.T.);
#1888=EDGE_CURVE('',#1501,#1485,#744,.T.);
#1889=EDGE_CURVE('',#1502,#1503,#745,.T.);
#1890=EDGE_CURVE('',#1502,#1487,#746,.T.);
#1891=EDGE_CURVE('',#1488,#1504,#747,.T.);
#1892=EDGE_CURVE('',#1504,#1505,#748,.T.);
#1893=EDGE_CURVE('',#1506,#1505,#749,.T.);
#1894=EDGE_CURVE('',#1507,#1506,#750,.T.);
#1895=EDGE_CURVE('',#1503,#1507,#751,.T.);
#1896=EDGE_CURVE('',#1495,#1508,#752,.T.);
#1897=EDGE_CURVE('',#1509,#1508,#753,.T.);
#1898=EDGE_CURVE('',#1496,#1509,#754,.T.);
#1899=EDGE_CURVE('',#1506,#1510,#755,.T.);
#1900=EDGE_CURVE('',#1511,#1510,#756,.T.);
#1901=EDGE_CURVE('',#1507,#1511,#757,.T.);
#1902=EDGE_CURVE('',#1512,#1461,#758,.T.);
#1903=EDGE_CURVE('',#1492,#1512,#759,.T.);
#1904=EDGE_CURVE('',#1472,#1497,#760,.T.);
#1905=EDGE_CURVE('',#1513,#1509,#761,.T.);
#1906=EDGE_CURVE('',#1473,#1513,#762,.T.);
#1907=EDGE_CURVE('',#1498,#1471,#763,.T.);
#1908=EDGE_CURVE('',#1474,#1493,#764,.T.);
#1909=EDGE_CURVE('',#1477,#1505,#765,.T.);
#1910=EDGE_CURVE('',#1504,#1478,#766,.T.);
#1911=EDGE_CURVE('',#1499,#1470,#767,.T.);
#1912=EDGE_CURVE('',#1512,#1514,#768,.T.);
#1913=EDGE_CURVE('',#1475,#1514,#769,.T.);
#1914=EDGE_CURVE('',#1514,#1515,#770,.T.);
#1915=EDGE_CURVE('',#1476,#1515,#771,.T.);
#1916=EDGE_CURVE('',#1515,#1510,#772,.T.);
#1917=EDGE_CURVE('',#1516,#1517,#773,.T.);
#1918=EDGE_CURVE('',#1517,#1511,#774,.T.);
#1919=EDGE_CURVE('',#1460,#1513,#775,.T.);
#1920=EDGE_CURVE('',#1508,#1518,#776,.T.);
#1921=EDGE_CURVE('',#1518,#1490,#777,.T.);
#1922=EDGE_CURVE('',#1519,#1489,#778,.T.);
#1923=EDGE_CURVE('',#1520,#1519,#779,.T.);
#1924=EDGE_CURVE('',#1520,#1521,#780,.T.);
#1925=EDGE_CURVE('',#1521,#1522,#781,.T.);
#1926=EDGE_CURVE('',#1522,#1523,#782,.T.);
#1927=EDGE_CURVE('',#1523,#1516,#783,.T.);
#1928=EDGE_CURVE('',#1494,#1518,#784,.T.);
#1929=EDGE_CURVE('',#1501,#1521,#785,.T.);
#1930=EDGE_CURVE('',#1500,#1520,#786,.T.);
#1931=EDGE_CURVE('',#1502,#1516,#787,.T.);
#1932=EDGE_CURVE('',#1503,#1517,#788,.T.);
#1933=EDGE_CURVE('',#1482,#1522,#789,.T.);
#1934=EDGE_CURVE('',#1481,#1523,#790,.T.);
#1935=EDGE_CURVE('',#1466,#1519,#791,.T.);
#1936=EDGE_CURVE('',#1524,#1525,#792,.T.);
#1937=EDGE_CURVE('',#1526,#1524,#793,.T.);
#1938=EDGE_CURVE('',#1527,#1526,#794,.T.);
#1939=EDGE_CURVE('',#1525,#1527,#460,.T.);
#1940=EDGE_CURVE('',#1525,#1528,#795,.T.);
#1941=EDGE_CURVE('',#1529,#1528,#796,.T.);
#1942=EDGE_CURVE('',#1524,#1529,#797,.T.);
#1943=EDGE_CURVE('',#1530,#1529,#798,.T.);
#1944=EDGE_CURVE('',#1526,#1530,#799,.T.);
#1945=EDGE_CURVE('',#1531,#1530,#800,.T.);
#1946=EDGE_CURVE('',#1527,#1531,#801,.T.);
#1947=EDGE_CURVE('',#1528,#1531,#461,.T.);
#1948=EDGE_CURVE('',#1532,#1533,#802,.T.);
#1949=EDGE_CURVE('',#1534,#1532,#803,.T.);
#1950=EDGE_CURVE('',#1535,#1534,#804,.T.);
#1951=EDGE_CURVE('',#1533,#1535,#462,.T.);
#1952=EDGE_CURVE('',#1533,#1536,#805,.T.);
#1953=EDGE_CURVE('',#1537,#1536,#806,.T.);
#1954=EDGE_CURVE('',#1532,#1537,#807,.T.);
#1955=EDGE_CURVE('',#1538,#1537,#808,.T.);
#1956=EDGE_CURVE('',#1534,#1538,#809,.T.);
#1957=EDGE_CURVE('',#1539,#1538,#810,.T.);
#1958=EDGE_CURVE('',#1535,#1539,#811,.T.);
#1959=EDGE_CURVE('',#1536,#1539,#463,.T.);
#1960=EDGE_CURVE('',#1540,#1541,#812,.T.);
#1961=EDGE_CURVE('',#1542,#1540,#813,.T.);
#1962=EDGE_CURVE('',#1543,#1542,#814,.T.);
#1963=EDGE_CURVE('',#1541,#1543,#464,.T.);
#1964=EDGE_CURVE('',#1541,#1544,#815,.T.);
#1965=EDGE_CURVE('',#1545,#1544,#816,.T.);
#1966=EDGE_CURVE('',#1540,#1545,#817,.T.);
#1967=EDGE_CURVE('',#1546,#1545,#818,.T.);
#1968=EDGE_CURVE('',#1542,#1546,#819,.T.);
#1969=EDGE_CURVE('',#1547,#1546,#820,.T.);
#1970=EDGE_CURVE('',#1543,#1547,#821,.T.);
#1971=EDGE_CURVE('',#1544,#1547,#465,.T.);
#1972=EDGE_CURVE('',#1548,#1549,#822,.T.);
#1973=EDGE_CURVE('',#1550,#1548,#823,.T.);
#1974=EDGE_CURVE('',#1551,#1550,#824,.T.);
#1975=EDGE_CURVE('',#1549,#1551,#466,.T.);
#1976=EDGE_CURVE('',#1549,#1552,#825,.T.);
#1977=EDGE_CURVE('',#1553,#1552,#826,.T.);
#1978=EDGE_CURVE('',#1548,#1553,#827,.T.);
#1979=EDGE_CURVE('',#1554,#1553,#828,.T.);
#1980=EDGE_CURVE('',#1550,#1554,#829,.T.);
#1981=EDGE_CURVE('',#1555,#1554,#830,.T.);
#1982=EDGE_CURVE('',#1551,#1555,#831,.T.);
#1983=EDGE_CURVE('',#1552,#1555,#467,.T.);
#1984=EDGE_CURVE('',#1556,#1557,#832,.T.);
#1985=EDGE_CURVE('',#1557,#1558,#468,.T.);
#1986=EDGE_CURVE('',#1558,#1559,#833,.T.);
#1987=EDGE_CURVE('',#1559,#1556,#834,.T.);
#1988=EDGE_CURVE('',#1556,#1560,#835,.T.);
#1989=EDGE_CURVE('',#1560,#1561,#836,.T.);
#1990=EDGE_CURVE('',#1557,#1561,#837,.T.);
#1991=EDGE_CURVE('',#1561,#1562,#469,.T.);
#1992=EDGE_CURVE('',#1558,#1562,#838,.T.);
#1993=EDGE_CURVE('',#1562,#1563,#839,.T.);
#1994=EDGE_CURVE('',#1559,#1563,#840,.T.);
#1995=EDGE_CURVE('',#1563,#1560,#841,.T.);
#1996=EDGE_CURVE('',#1564,#1565,#842,.T.);
#1997=EDGE_CURVE('',#1565,#1566,#470,.T.);
#1998=EDGE_CURVE('',#1566,#1567,#843,.T.);
#1999=EDGE_CURVE('',#1567,#1564,#844,.T.);
#2000=EDGE_CURVE('',#1564,#1568,#845,.T.);
#2001=EDGE_CURVE('',#1568,#1569,#846,.T.);
#2002=EDGE_CURVE('',#1565,#1569,#847,.T.);
#2003=EDGE_CURVE('',#1569,#1570,#471,.T.);
#2004=EDGE_CURVE('',#1566,#1570,#848,.T.);
#2005=EDGE_CURVE('',#1570,#1571,#849,.T.);
#2006=EDGE_CURVE('',#1567,#1571,#850,.T.);
#2007=EDGE_CURVE('',#1571,#1568,#851,.T.);
#2008=EDGE_CURVE('',#1572,#1573,#852,.T.);
#2009=EDGE_CURVE('',#1573,#1574,#472,.T.);
#2010=EDGE_CURVE('',#1574,#1575,#853,.T.);
#2011=EDGE_CURVE('',#1575,#1572,#854,.T.);
#2012=EDGE_CURVE('',#1572,#1576,#855,.T.);
#2013=EDGE_CURVE('',#1576,#1577,#856,.T.);
#2014=EDGE_CURVE('',#1573,#1577,#857,.T.);
#2015=EDGE_CURVE('',#1577,#1578,#473,.T.);
#2016=EDGE_CURVE('',#1574,#1578,#858,.T.);
#2017=EDGE_CURVE('',#1578,#1579,#859,.T.);
#2018=EDGE_CURVE('',#1575,#1579,#860,.T.);
#2019=EDGE_CURVE('',#1579,#1576,#861,.T.);
#2020=EDGE_CURVE('',#1580,#1581,#862,.T.);
#2021=EDGE_CURVE('',#1581,#1582,#474,.T.);
#2022=EDGE_CURVE('',#1582,#1583,#863,.T.);
#2023=EDGE_CURVE('',#1583,#1580,#864,.T.);
#2024=EDGE_CURVE('',#1580,#1584,#865,.T.);
#2025=EDGE_CURVE('',#1584,#1585,#866,.T.);
#2026=EDGE_CURVE('',#1581,#1585,#867,.T.);
#2027=EDGE_CURVE('',#1585,#1586,#475,.T.);
#2028=EDGE_CURVE('',#1582,#1586,#868,.T.);
#2029=EDGE_CURVE('',#1586,#1587,#869,.T.);
#2030=EDGE_CURVE('',#1583,#1587,#870,.T.);
#2031=EDGE_CURVE('',#1587,#1584,#871,.T.);
#2032=EDGE_CURVE('',#1588,#1589,#872,.T.);
#2033=EDGE_CURVE('',#1590,#1588,#873,.T.);
#2034=EDGE_CURVE('',#1591,#1590,#874,.T.);
#2035=EDGE_CURVE('',#1589,#1591,#476,.T.);
#2036=EDGE_CURVE('',#1589,#1592,#875,.T.);
#2037=EDGE_CURVE('',#1593,#1592,#876,.T.);
#2038=EDGE_CURVE('',#1588,#1593,#877,.T.);
#2039=EDGE_CURVE('',#1594,#1593,#878,.T.);
#2040=EDGE_CURVE('',#1590,#1594,#879,.T.);
#2041=EDGE_CURVE('',#1595,#1594,#880,.T.);
#2042=EDGE_CURVE('',#1591,#1595,#881,.T.);
#2043=EDGE_CURVE('',#1592,#1595,#477,.T.);
#2044=EDGE_CURVE('',#1596,#1597,#882,.T.);
#2045=EDGE_CURVE('',#1597,#1598,#478,.T.);
#2046=EDGE_CURVE('',#1598,#1599,#883,.T.);
#2047=EDGE_CURVE('',#1599,#1596,#884,.T.);
#2048=EDGE_CURVE('',#1596,#1600,#885,.T.);
#2049=EDGE_CURVE('',#1600,#1601,#886,.T.);
#2050=EDGE_CURVE('',#1597,#1601,#887,.T.);
#2051=EDGE_CURVE('',#1601,#1602,#479,.T.);
#2052=EDGE_CURVE('',#1598,#1602,#888,.T.);
#2053=EDGE_CURVE('',#1602,#1603,#889,.T.);
#2054=EDGE_CURVE('',#1599,#1603,#890,.T.);
#2055=EDGE_CURVE('',#1603,#1600,#891,.T.);
#2056=EDGE_CURVE('',#1604,#1604,#480,.T.);
#2057=EDGE_CURVE('',#1604,#1605,#892,.T.);
#2058=EDGE_CURVE('',#1605,#1605,#481,.T.);
#2059=ORIENTED_EDGE('',*,*,#1606,.F.);
#2060=ORIENTED_EDGE('',*,*,#1607,.F.);
#2061=ORIENTED_EDGE('',*,*,#1608,.T.);
#2062=ORIENTED_EDGE('',*,*,#1609,.T.);
#2063=ORIENTED_EDGE('',*,*,#1610,.F.);
#2064=ORIENTED_EDGE('',*,*,#1611,.T.);
#2065=ORIENTED_EDGE('',*,*,#1612,.T.);
#2066=ORIENTED_EDGE('',*,*,#1613,.F.);
#2067=ORIENTED_EDGE('',*,*,#1614,.F.);
#2068=ORIENTED_EDGE('',*,*,#1615,.F.);
#2069=ORIENTED_EDGE('',*,*,#1616,.T.);
#2070=ORIENTED_EDGE('',*,*,#1617,.F.);
#2071=ORIENTED_EDGE('',*,*,#1618,.F.);
#2072=ORIENTED_EDGE('',*,*,#1619,.F.);
#2073=ORIENTED_EDGE('',*,*,#1620,.T.);
#2074=ORIENTED_EDGE('',*,*,#1621,.F.);
#2075=ORIENTED_EDGE('',*,*,#1622,.F.);
#2076=ORIENTED_EDGE('',*,*,#1623,.F.);
#2077=ORIENTED_EDGE('',*,*,#1624,.T.);
#2078=ORIENTED_EDGE('',*,*,#1625,.F.);
#2079=ORIENTED_EDGE('',*,*,#1626,.F.);
#2080=ORIENTED_EDGE('',*,*,#1627,.F.);
#2081=ORIENTED_EDGE('',*,*,#1628,.T.);
#2082=ORIENTED_EDGE('',*,*,#1629,.F.);
#2083=ORIENTED_EDGE('',*,*,#1630,.F.);
#2084=ORIENTED_EDGE('',*,*,#1631,.F.);
#2085=ORIENTED_EDGE('',*,*,#1632,.T.);
#2086=ORIENTED_EDGE('',*,*,#1633,.F.);
#2087=ORIENTED_EDGE('',*,*,#1634,.F.);
#2088=ORIENTED_EDGE('',*,*,#1635,.F.);
#2089=ORIENTED_EDGE('',*,*,#1636,.T.);
#2090=ORIENTED_EDGE('',*,*,#1637,.T.);
#2091=ORIENTED_EDGE('',*,*,#1638,.F.);
#2092=ORIENTED_EDGE('',*,*,#1639,.F.);
#2093=ORIENTED_EDGE('',*,*,#1640,.T.);
#2094=ORIENTED_EDGE('',*,*,#1641,.T.);
#2095=ORIENTED_EDGE('',*,*,#1642,.T.);
#2096=ORIENTED_EDGE('',*,*,#1643,.T.);
#2097=ORIENTED_EDGE('',*,*,#1644,.F.);
#2098=ORIENTED_EDGE('',*,*,#1645,.F.);
#2099=ORIENTED_EDGE('',*,*,#1646,.F.);
#2100=ORIENTED_EDGE('',*,*,#1647,.T.);
#2101=ORIENTED_EDGE('',*,*,#1648,.T.);
#2102=ORIENTED_EDGE('',*,*,#1649,.F.);
#2103=ORIENTED_EDGE('',*,*,#1650,.F.);
#2104=ORIENTED_EDGE('',*,*,#1651,.T.);
#2105=ORIENTED_EDGE('',*,*,#1652,.T.);
#2106=ORIENTED_EDGE('',*,*,#1653,.F.);
#2107=ORIENTED_EDGE('',*,*,#1654,.F.);
#2108=ORIENTED_EDGE('',*,*,#1655,.T.);
#2109=ORIENTED_EDGE('',*,*,#1656,.T.);
#2110=ORIENTED_EDGE('',*,*,#1657,.F.);
#2111=ORIENTED_EDGE('',*,*,#1658,.F.);
#2112=ORIENTED_EDGE('',*,*,#1659,.T.);
#2113=ORIENTED_EDGE('',*,*,#1660,.T.);
#2114=ORIENTED_EDGE('',*,*,#1661,.F.);
#2115=ORIENTED_EDGE('',*,*,#1662,.F.);
#2116=ORIENTED_EDGE('',*,*,#1663,.T.);
#2117=ORIENTED_EDGE('',*,*,#1664,.T.);
#2118=ORIENTED_EDGE('',*,*,#1665,.F.);
#2119=ORIENTED_EDGE('',*,*,#1666,.F.);
#2120=ORIENTED_EDGE('',*,*,#1667,.F.);
#2121=ORIENTED_EDGE('',*,*,#1668,.T.);
#2122=ORIENTED_EDGE('',*,*,#1669,.T.);
#2123=ORIENTED_EDGE('',*,*,#1670,.F.);
#2124=ORIENTED_EDGE('',*,*,#1606,.T.);
#2125=ORIENTED_EDGE('',*,*,#1671,.T.);
#2126=ORIENTED_EDGE('',*,*,#1672,.F.);
#2127=ORIENTED_EDGE('',*,*,#1673,.F.);
#2128=ORIENTED_EDGE('',*,*,#1631,.T.);
#2129=ORIENTED_EDGE('',*,*,#1674,.T.);
#2130=ORIENTED_EDGE('',*,*,#1675,.F.);
#2131=ORIENTED_EDGE('',*,*,#1676,.F.);
#2132=ORIENTED_EDGE('',*,*,#1627,.T.);
#2133=ORIENTED_EDGE('',*,*,#1677,.T.);
#2134=ORIENTED_EDGE('',*,*,#1678,.F.);
#2135=ORIENTED_EDGE('',*,*,#1679,.F.);
#2136=ORIENTED_EDGE('',*,*,#1623,.T.);
#2137=ORIENTED_EDGE('',*,*,#1680,.T.);
#2138=ORIENTED_EDGE('',*,*,#1681,.F.);
#2139=ORIENTED_EDGE('',*,*,#1682,.F.);
#2140=ORIENTED_EDGE('',*,*,#1619,.T.);
#2141=ORIENTED_EDGE('',*,*,#1683,.T.);
#2142=ORIENTED_EDGE('',*,*,#1684,.F.);
#2143=ORIENTED_EDGE('',*,*,#1685,.F.);
#2144=ORIENTED_EDGE('',*,*,#1615,.T.);
#2145=ORIENTED_EDGE('',*,*,#1686,.T.);
#2146=ORIENTED_EDGE('',*,*,#1687,.F.);
#2147=ORIENTED_EDGE('',*,*,#1688,.F.);
#2148=ORIENTED_EDGE('',*,*,#1645,.T.);
#2149=ORIENTED_EDGE('',*,*,#1689,.T.);
#2150=ORIENTED_EDGE('',*,*,#1690,.F.);
#2151=ORIENTED_EDGE('',*,*,#1691,.F.);
#2152=ORIENTED_EDGE('',*,*,#1667,.T.);
#2153=ORIENTED_EDGE('',*,*,#1692,.T.);
#2154=ORIENTED_EDGE('',*,*,#1693,.F.);
#2155=ORIENTED_EDGE('',*,*,#1694,.F.);
#2156=ORIENTED_EDGE('',*,*,#1607,.T.);
#2157=ORIENTED_EDGE('',*,*,#1688,.T.);
#2158=ORIENTED_EDGE('',*,*,#1695,.F.);
#2159=ORIENTED_EDGE('',*,*,#1696,.F.);
#2160=ORIENTED_EDGE('',*,*,#1666,.T.);
#2161=ORIENTED_EDGE('',*,*,#1697,.T.);
#2162=ORIENTED_EDGE('',*,*,#1698,.T.);
#2163=ORIENTED_EDGE('',*,*,#1699,.F.);
#2164=ORIENTED_EDGE('',*,*,#1662,.T.);
#2165=ORIENTED_EDGE('',*,*,#1700,.T.);
#2166=ORIENTED_EDGE('',*,*,#1701,.T.);
#2167=ORIENTED_EDGE('',*,*,#1702,.F.);
#2168=ORIENTED_EDGE('',*,*,#1658,.T.);
#2169=ORIENTED_EDGE('',*,*,#1703,.T.);
#2170=ORIENTED_EDGE('',*,*,#1704,.T.);
#2171=ORIENTED_EDGE('',*,*,#1705,.F.);
#2172=ORIENTED_EDGE('',*,*,#1654,.T.);
#2173=ORIENTED_EDGE('',*,*,#1706,.T.);
#2174=ORIENTED_EDGE('',*,*,#1707,.T.);
#2175=ORIENTED_EDGE('',*,*,#1708,.F.);
#2176=ORIENTED_EDGE('',*,*,#1650,.T.);
#2177=ORIENTED_EDGE('',*,*,#1709,.T.);
#2178=ORIENTED_EDGE('',*,*,#1710,.T.);
#2179=ORIENTED_EDGE('',*,*,#1711,.F.);
#2180=ORIENTED_EDGE('',*,*,#1646,.T.);
#2181=ORIENTED_EDGE('',*,*,#1696,.T.);
#2182=ORIENTED_EDGE('',*,*,#1712,.F.);
#2183=ORIENTED_EDGE('',*,*,#1713,.F.);
#2184=ORIENTED_EDGE('',*,*,#1614,.T.);
#2185=ORIENTED_EDGE('',*,*,#1714,.T.);
#2186=ORIENTED_EDGE('',*,*,#1715,.T.);
#2187=ORIENTED_EDGE('',*,*,#1716,.F.);
#2188=ORIENTED_EDGE('',*,*,#1635,.T.);
#2189=ORIENTED_EDGE('',*,*,#1717,.T.);
#2190=ORIENTED_EDGE('',*,*,#1718,.T.);
#2191=ORIENTED_EDGE('',*,*,#1719,.F.);
#2192=ORIENTED_EDGE('',*,*,#1639,.T.);
#2193=ORIENTED_EDGE('',*,*,#1713,.T.);
#2194=ORIENTED_EDGE('',*,*,#1720,.F.);
#2195=ORIENTED_EDGE('',*,*,#1686,.F.);
#2196=ORIENTED_EDGE('',*,*,#1687,.T.);
#2197=ORIENTED_EDGE('',*,*,#1720,.T.);
#2198=ORIENTED_EDGE('',*,*,#1712,.T.);
#2199=ORIENTED_EDGE('',*,*,#1695,.T.);
#2200=ORIENTED_EDGE('',*,*,#1640,.F.);
#2201=ORIENTED_EDGE('',*,*,#1719,.T.);
#2202=ORIENTED_EDGE('',*,*,#1721,.T.);
#2203=ORIENTED_EDGE('',*,*,#1722,.F.);
#2204=ORIENTED_EDGE('',*,*,#1723,.T.);
#2205=ORIENTED_EDGE('',*,*,#1724,.F.);
#2206=ORIENTED_EDGE('',*,*,#1612,.F.);
#2207=ORIENTED_EDGE('',*,*,#1725,.F.);
#2208=ORIENTED_EDGE('',*,*,#1726,.T.);
#2209=ORIENTED_EDGE('',*,*,#1727,.F.);
#2210=ORIENTED_EDGE('',*,*,#1637,.F.);
#2211=ORIENTED_EDGE('',*,*,#1728,.T.);
#2212=ORIENTED_EDGE('',*,*,#1729,.T.);
#2213=ORIENTED_EDGE('',*,*,#1730,.F.);
#2214=ORIENTED_EDGE('',*,*,#1731,.T.);
#2215=ORIENTED_EDGE('',*,*,#1641,.F.);
#2216=ORIENTED_EDGE('',*,*,#1724,.T.);
#2217=ORIENTED_EDGE('',*,*,#1732,.T.);
#2218=ORIENTED_EDGE('',*,*,#1613,.T.);
#2219=ORIENTED_EDGE('',*,*,#1727,.T.);
#2220=ORIENTED_EDGE('',*,*,#1733,.F.);
#2221=ORIENTED_EDGE('',*,*,#1734,.T.);
#2222=ORIENTED_EDGE('',*,*,#1735,.F.);
#2223=ORIENTED_EDGE('',*,*,#1714,.F.);
#2224=ORIENTED_EDGE('',*,*,#1715,.F.);
#2225=ORIENTED_EDGE('',*,*,#1735,.T.);
#2226=ORIENTED_EDGE('',*,*,#1736,.F.);
#2227=ORIENTED_EDGE('',*,*,#1737,.F.);
#2228=ORIENTED_EDGE('',*,*,#1738,.F.);
#2229=ORIENTED_EDGE('',*,*,#1739,.F.);
#2230=ORIENTED_EDGE('',*,*,#1693,.T.);
#2231=ORIENTED_EDGE('',*,*,#1740,.F.);
#2232=ORIENTED_EDGE('',*,*,#1741,.F.);
#2233=ORIENTED_EDGE('',*,*,#1742,.T.);
#2234=ORIENTED_EDGE('',*,*,#1690,.T.);
#2235=ORIENTED_EDGE('',*,*,#1743,.T.);
#2236=ORIENTED_EDGE('',*,*,#1744,.F.);
#2237=ORIENTED_EDGE('',*,*,#1745,.F.);
#2238=ORIENTED_EDGE('',*,*,#1746,.F.);
#2239=ORIENTED_EDGE('',*,*,#1721,.F.);
#2240=ORIENTED_EDGE('',*,*,#1718,.F.);
#2241=ORIENTED_EDGE('',*,*,#1747,.F.);
#2242=ORIENTED_EDGE('',*,*,#1748,.F.);
#2243=ORIENTED_EDGE('',*,*,#1749,.T.);
#2244=ORIENTED_EDGE('',*,*,#1636,.F.);
#2245=ORIENTED_EDGE('',*,*,#1716,.T.);
#2246=ORIENTED_EDGE('',*,*,#1749,.F.);
#2247=ORIENTED_EDGE('',*,*,#1750,.F.);
#2248=ORIENTED_EDGE('',*,*,#1751,.T.);
#2249=ORIENTED_EDGE('',*,*,#1728,.F.);
#2250=ORIENTED_EDGE('',*,*,#1752,.T.);
#2251=ORIENTED_EDGE('',*,*,#1753,.T.);
#2252=ORIENTED_EDGE('',*,*,#1754,.F.);
#2253=ORIENTED_EDGE('',*,*,#1755,.F.);
#2254=ORIENTED_EDGE('',*,*,#1756,.T.);
#2255=ORIENTED_EDGE('',*,*,#1733,.T.);
#2256=ORIENTED_EDGE('',*,*,#1726,.F.);
#2257=ORIENTED_EDGE('',*,*,#1757,.F.);
#2258=ORIENTED_EDGE('',*,*,#1758,.T.);
#2259=ORIENTED_EDGE('',*,*,#1759,.F.);
#2260=ORIENTED_EDGE('',*,*,#1760,.F.);
#2261=ORIENTED_EDGE('',*,*,#1761,.T.);
#2262=ORIENTED_EDGE('',*,*,#1762,.T.);
#2263=ORIENTED_EDGE('',*,*,#1763,.T.);
#2264=ORIENTED_EDGE('',*,*,#1764,.T.);
#2265=ORIENTED_EDGE('',*,*,#1729,.F.);
#2266=ORIENTED_EDGE('',*,*,#1751,.F.);
#2267=ORIENTED_EDGE('',*,*,#1765,.T.);
#2268=ORIENTED_EDGE('',*,*,#1766,.T.);
#2269=ORIENTED_EDGE('',*,*,#1767,.T.);
#2270=ORIENTED_EDGE('',*,*,#1768,.T.);
#2271=ORIENTED_EDGE('',*,*,#1769,.F.);
#2272=ORIENTED_EDGE('',*,*,#1770,.F.);
#2273=ORIENTED_EDGE('',*,*,#1732,.F.);
#2274=ORIENTED_EDGE('',*,*,#1723,.F.);
#2275=ORIENTED_EDGE('',*,*,#1761,.F.);
#2276=ORIENTED_EDGE('',*,*,#1771,.T.);
#2277=ORIENTED_EDGE('',*,*,#1738,.T.);
#2278=ORIENTED_EDGE('',*,*,#1772,.F.);
#2279=ORIENTED_EDGE('',*,*,#1767,.F.);
#2280=ORIENTED_EDGE('',*,*,#1773,.T.);
#2281=ORIENTED_EDGE('',*,*,#1744,.T.);
#2282=ORIENTED_EDGE('',*,*,#1774,.F.);
#2283=ORIENTED_EDGE('',*,*,#1752,.F.);
#2284=ORIENTED_EDGE('',*,*,#1775,.T.);
#2285=ORIENTED_EDGE('',*,*,#1741,.T.);
#2286=ORIENTED_EDGE('',*,*,#1776,.F.);
#2287=ORIENTED_EDGE('',*,*,#1762,.F.);
#2288=ORIENTED_EDGE('',*,*,#1772,.T.);
#2289=ORIENTED_EDGE('',*,*,#1737,.T.);
#2290=ORIENTED_EDGE('',*,*,#1777,.F.);
#2291=ORIENTED_EDGE('',*,*,#1734,.F.);
#2292=ORIENTED_EDGE('',*,*,#1756,.F.);
#2293=ORIENTED_EDGE('',*,*,#1777,.T.);
#2294=ORIENTED_EDGE('',*,*,#1736,.T.);
#2295=ORIENTED_EDGE('',*,*,#1778,.F.);
#2296=ORIENTED_EDGE('',*,*,#1763,.F.);
#2297=ORIENTED_EDGE('',*,*,#1750,.T.);
#2298=ORIENTED_EDGE('',*,*,#1748,.T.);
#2299=ORIENTED_EDGE('',*,*,#1722,.T.);
#2300=ORIENTED_EDGE('',*,*,#1746,.T.);
#2301=ORIENTED_EDGE('',*,*,#1779,.F.);
#2302=ORIENTED_EDGE('',*,*,#1765,.F.);
#2303=ORIENTED_EDGE('',*,*,#1638,.T.);
#2304=ORIENTED_EDGE('',*,*,#1730,.T.);
#2305=ORIENTED_EDGE('',*,*,#1764,.F.);
#2306=ORIENTED_EDGE('',*,*,#1778,.T.);
#2307=ORIENTED_EDGE('',*,*,#1747,.T.);
#2308=ORIENTED_EDGE('',*,*,#1717,.F.);
#2309=ORIENTED_EDGE('',*,*,#1766,.F.);
#2310=ORIENTED_EDGE('',*,*,#1779,.T.);
#2311=ORIENTED_EDGE('',*,*,#1745,.T.);
#2312=ORIENTED_EDGE('',*,*,#1773,.F.);
#2313=ORIENTED_EDGE('',*,*,#1694,.T.);
#2314=ORIENTED_EDGE('',*,*,#1739,.T.);
#2315=ORIENTED_EDGE('',*,*,#1771,.F.);
#2316=ORIENTED_EDGE('',*,*,#1760,.T.);
#2317=ORIENTED_EDGE('',*,*,#1780,.F.);
#2318=ORIENTED_EDGE('',*,*,#1608,.F.);
#2319=ORIENTED_EDGE('',*,*,#1643,.F.);
#2320=ORIENTED_EDGE('',*,*,#1781,.F.);
#2321=ORIENTED_EDGE('',*,*,#1769,.T.);
#2322=ORIENTED_EDGE('',*,*,#1782,.F.);
#2323=ORIENTED_EDGE('',*,*,#1669,.F.);
#2324=ORIENTED_EDGE('',*,*,#1783,.T.);
#2325=ORIENTED_EDGE('',*,*,#1754,.T.);
#2326=ORIENTED_EDGE('',*,*,#1784,.F.);
#2327=ORIENTED_EDGE('',*,*,#1785,.T.);
#2328=ORIENTED_EDGE('',*,*,#1609,.F.);
#2329=ORIENTED_EDGE('',*,*,#1780,.T.);
#2330=ORIENTED_EDGE('',*,*,#1759,.T.);
#2331=ORIENTED_EDGE('',*,*,#1644,.T.);
#2332=ORIENTED_EDGE('',*,*,#1782,.T.);
#2333=ORIENTED_EDGE('',*,*,#1768,.F.);
#2334=ORIENTED_EDGE('',*,*,#1774,.T.);
#2335=ORIENTED_EDGE('',*,*,#1743,.F.);
#2336=ORIENTED_EDGE('',*,*,#1689,.F.);
#2337=ORIENTED_EDGE('',*,*,#1642,.F.);
#2338=ORIENTED_EDGE('',*,*,#1731,.F.);
#2339=ORIENTED_EDGE('',*,*,#1770,.T.);
#2340=ORIENTED_EDGE('',*,*,#1781,.T.);
#2341=ORIENTED_EDGE('',*,*,#1670,.T.);
#2342=ORIENTED_EDGE('',*,*,#1784,.T.);
#2343=ORIENTED_EDGE('',*,*,#1753,.F.);
#2344=ORIENTED_EDGE('',*,*,#1776,.T.);
#2345=ORIENTED_EDGE('',*,*,#1740,.T.);
#2346=ORIENTED_EDGE('',*,*,#1692,.F.);
#2347=ORIENTED_EDGE('',*,*,#1668,.F.);
#2348=ORIENTED_EDGE('',*,*,#1691,.T.);
#2349=ORIENTED_EDGE('',*,*,#1742,.F.);
#2350=ORIENTED_EDGE('',*,*,#1775,.F.);
#2351=ORIENTED_EDGE('',*,*,#1755,.T.);
#2352=ORIENTED_EDGE('',*,*,#1783,.F.);
#2353=ORIENTED_EDGE('',*,*,#1610,.T.);
#2354=ORIENTED_EDGE('',*,*,#1785,.F.);
#2355=ORIENTED_EDGE('',*,*,#1758,.F.);
#2356=ORIENTED_EDGE('',*,*,#1786,.T.);
#2357=ORIENTED_EDGE('',*,*,#1611,.F.);
#2358=ORIENTED_EDGE('',*,*,#1786,.F.);
#2359=ORIENTED_EDGE('',*,*,#1757,.T.);
#2360=ORIENTED_EDGE('',*,*,#1725,.T.);
#2361=ORIENTED_EDGE('',*,*,#1647,.F.);
#2362=ORIENTED_EDGE('',*,*,#1711,.T.);
#2363=ORIENTED_EDGE('',*,*,#1787,.T.);
#2364=ORIENTED_EDGE('',*,*,#1788,.F.);
#2365=ORIENTED_EDGE('',*,*,#1648,.F.);
#2366=ORIENTED_EDGE('',*,*,#1788,.T.);
#2367=ORIENTED_EDGE('',*,*,#1789,.T.);
#2368=ORIENTED_EDGE('',*,*,#1790,.F.);
#2369=ORIENTED_EDGE('',*,*,#1649,.T.);
#2370=ORIENTED_EDGE('',*,*,#1790,.T.);
#2371=ORIENTED_EDGE('',*,*,#1791,.T.);
#2372=ORIENTED_EDGE('',*,*,#1709,.F.);
#2373=ORIENTED_EDGE('',*,*,#1710,.F.);
#2374=ORIENTED_EDGE('',*,*,#1791,.F.);
#2375=ORIENTED_EDGE('',*,*,#1789,.F.);
#2376=ORIENTED_EDGE('',*,*,#1787,.F.);
#2377=ORIENTED_EDGE('',*,*,#1651,.F.);
#2378=ORIENTED_EDGE('',*,*,#1708,.T.);
#2379=ORIENTED_EDGE('',*,*,#1792,.T.);
#2380=ORIENTED_EDGE('',*,*,#1793,.F.);
#2381=ORIENTED_EDGE('',*,*,#1652,.F.);
#2382=ORIENTED_EDGE('',*,*,#1793,.T.);
#2383=ORIENTED_EDGE('',*,*,#1794,.T.);
#2384=ORIENTED_EDGE('',*,*,#1795,.F.);
#2385=ORIENTED_EDGE('',*,*,#1653,.T.);
#2386=ORIENTED_EDGE('',*,*,#1795,.T.);
#2387=ORIENTED_EDGE('',*,*,#1796,.T.);
#2388=ORIENTED_EDGE('',*,*,#1706,.F.);
#2389=ORIENTED_EDGE('',*,*,#1707,.F.);
#2390=ORIENTED_EDGE('',*,*,#1796,.F.);
#2391=ORIENTED_EDGE('',*,*,#1794,.F.);
#2392=ORIENTED_EDGE('',*,*,#1792,.F.);
#2393=ORIENTED_EDGE('',*,*,#1655,.F.);
#2394=ORIENTED_EDGE('',*,*,#1705,.T.);
#2395=ORIENTED_EDGE('',*,*,#1797,.T.);
#2396=ORIENTED_EDGE('',*,*,#1798,.F.);
#2397=ORIENTED_EDGE('',*,*,#1656,.F.);
#2398=ORIENTED_EDGE('',*,*,#1798,.T.);
#2399=ORIENTED_EDGE('',*,*,#1799,.T.);
#2400=ORIENTED_EDGE('',*,*,#1800,.F.);
#2401=ORIENTED_EDGE('',*,*,#1657,.T.);
#2402=ORIENTED_EDGE('',*,*,#1800,.T.);
#2403=ORIENTED_EDGE('',*,*,#1801,.T.);
#2404=ORIENTED_EDGE('',*,*,#1703,.F.);
#2405=ORIENTED_EDGE('',*,*,#1704,.F.);
#2406=ORIENTED_EDGE('',*,*,#1801,.F.);
#2407=ORIENTED_EDGE('',*,*,#1799,.F.);
#2408=ORIENTED_EDGE('',*,*,#1797,.F.);
#2409=ORIENTED_EDGE('',*,*,#1659,.F.);
#2410=ORIENTED_EDGE('',*,*,#1702,.T.);
#2411=ORIENTED_EDGE('',*,*,#1802,.T.);
#2412=ORIENTED_EDGE('',*,*,#1803,.F.);
#2413=ORIENTED_EDGE('',*,*,#1660,.F.);
#2414=ORIENTED_EDGE('',*,*,#1803,.T.);
#2415=ORIENTED_EDGE('',*,*,#1804,.T.);
#2416=ORIENTED_EDGE('',*,*,#1805,.F.);
#2417=ORIENTED_EDGE('',*,*,#1661,.T.);
#2418=ORIENTED_EDGE('',*,*,#1805,.T.);
#2419=ORIENTED_EDGE('',*,*,#1806,.T.);
#2420=ORIENTED_EDGE('',*,*,#1700,.F.);
#2421=ORIENTED_EDGE('',*,*,#1701,.F.);
#2422=ORIENTED_EDGE('',*,*,#1806,.F.);
#2423=ORIENTED_EDGE('',*,*,#1804,.F.);
#2424=ORIENTED_EDGE('',*,*,#1802,.F.);
#2425=ORIENTED_EDGE('',*,*,#1663,.F.);
#2426=ORIENTED_EDGE('',*,*,#1699,.T.);
#2427=ORIENTED_EDGE('',*,*,#1807,.T.);
#2428=ORIENTED_EDGE('',*,*,#1808,.F.);
#2429=ORIENTED_EDGE('',*,*,#1664,.F.);
#2430=ORIENTED_EDGE('',*,*,#1808,.T.);
#2431=ORIENTED_EDGE('',*,*,#1809,.T.);
#2432=ORIENTED_EDGE('',*,*,#1810,.F.);
#2433=ORIENTED_EDGE('',*,*,#1665,.T.);
#2434=ORIENTED_EDGE('',*,*,#1810,.T.);
#2435=ORIENTED_EDGE('',*,*,#1811,.T.);
#2436=ORIENTED_EDGE('',*,*,#1697,.F.);
#2437=ORIENTED_EDGE('',*,*,#1698,.F.);
#2438=ORIENTED_EDGE('',*,*,#1811,.F.);
#2439=ORIENTED_EDGE('',*,*,#1809,.F.);
#2440=ORIENTED_EDGE('',*,*,#1807,.F.);
#2441=ORIENTED_EDGE('',*,*,#1616,.F.);
#2442=ORIENTED_EDGE('',*,*,#1685,.T.);
#2443=ORIENTED_EDGE('',*,*,#1812,.F.);
#2444=ORIENTED_EDGE('',*,*,#1813,.F.);
#2445=ORIENTED_EDGE('',*,*,#1617,.T.);
#2446=ORIENTED_EDGE('',*,*,#1813,.T.);
#2447=ORIENTED_EDGE('',*,*,#1814,.F.);
#2448=ORIENTED_EDGE('',*,*,#1815,.F.);
#2449=ORIENTED_EDGE('',*,*,#1618,.T.);
#2450=ORIENTED_EDGE('',*,*,#1815,.T.);
#2451=ORIENTED_EDGE('',*,*,#1816,.F.);
#2452=ORIENTED_EDGE('',*,*,#1683,.F.);
#2453=ORIENTED_EDGE('',*,*,#1684,.T.);
#2454=ORIENTED_EDGE('',*,*,#1816,.T.);
#2455=ORIENTED_EDGE('',*,*,#1814,.T.);
#2456=ORIENTED_EDGE('',*,*,#1812,.T.);
#2457=ORIENTED_EDGE('',*,*,#1620,.F.);
#2458=ORIENTED_EDGE('',*,*,#1682,.T.);
#2459=ORIENTED_EDGE('',*,*,#1817,.F.);
#2460=ORIENTED_EDGE('',*,*,#1818,.F.);
#2461=ORIENTED_EDGE('',*,*,#1621,.T.);
#2462=ORIENTED_EDGE('',*,*,#1818,.T.);
#2463=ORIENTED_EDGE('',*,*,#1819,.F.);
#2464=ORIENTED_EDGE('',*,*,#1820,.F.);
#2465=ORIENTED_EDGE('',*,*,#1622,.T.);
#2466=ORIENTED_EDGE('',*,*,#1820,.T.);
#2467=ORIENTED_EDGE('',*,*,#1821,.F.);
#2468=ORIENTED_EDGE('',*,*,#1680,.F.);
#2469=ORIENTED_EDGE('',*,*,#1681,.T.);
#2470=ORIENTED_EDGE('',*,*,#1821,.T.);
#2471=ORIENTED_EDGE('',*,*,#1819,.T.);
#2472=ORIENTED_EDGE('',*,*,#1817,.T.);
#2473=ORIENTED_EDGE('',*,*,#1624,.F.);
#2474=ORIENTED_EDGE('',*,*,#1679,.T.);
#2475=ORIENTED_EDGE('',*,*,#1822,.F.);
#2476=ORIENTED_EDGE('',*,*,#1823,.F.);
#2477=ORIENTED_EDGE('',*,*,#1625,.T.);
#2478=ORIENTED_EDGE('',*,*,#1823,.T.);
#2479=ORIENTED_EDGE('',*,*,#1824,.F.);
#2480=ORIENTED_EDGE('',*,*,#1825,.F.);
#2481=ORIENTED_EDGE('',*,*,#1626,.T.);
#2482=ORIENTED_EDGE('',*,*,#1825,.T.);
#2483=ORIENTED_EDGE('',*,*,#1826,.F.);
#2484=ORIENTED_EDGE('',*,*,#1677,.F.);
#2485=ORIENTED_EDGE('',*,*,#1678,.T.);
#2486=ORIENTED_EDGE('',*,*,#1826,.T.);
#2487=ORIENTED_EDGE('',*,*,#1824,.T.);
#2488=ORIENTED_EDGE('',*,*,#1822,.T.);
#2489=ORIENTED_EDGE('',*,*,#1628,.F.);
#2490=ORIENTED_EDGE('',*,*,#1676,.T.);
#2491=ORIENTED_EDGE('',*,*,#1827,.F.);
#2492=ORIENTED_EDGE('',*,*,#1828,.F.);
#2493=ORIENTED_EDGE('',*,*,#1629,.T.);
#2494=ORIENTED_EDGE('',*,*,#1828,.T.);
#2495=ORIENTED_EDGE('',*,*,#1829,.F.);
#2496=ORIENTED_EDGE('',*,*,#1830,.F.);
#2497=ORIENTED_EDGE('',*,*,#1630,.T.);
#2498=ORIENTED_EDGE('',*,*,#1830,.T.);
#2499=ORIENTED_EDGE('',*,*,#1831,.F.);
#2500=ORIENTED_EDGE('',*,*,#1674,.F.);
#2501=ORIENTED_EDGE('',*,*,#1675,.T.);
#2502=ORIENTED_EDGE('',*,*,#1831,.T.);
#2503=ORIENTED_EDGE('',*,*,#1829,.T.);
#2504=ORIENTED_EDGE('',*,*,#1827,.T.);
#2505=ORIENTED_EDGE('',*,*,#1632,.F.);
#2506=ORIENTED_EDGE('',*,*,#1673,.T.);
#2507=ORIENTED_EDGE('',*,*,#1832,.F.);
#2508=ORIENTED_EDGE('',*,*,#1833,.F.);
#2509=ORIENTED_EDGE('',*,*,#1633,.T.);
#2510=ORIENTED_EDGE('',*,*,#1833,.T.);
#2511=ORIENTED_EDGE('',*,*,#1834,.F.);
#2512=ORIENTED_EDGE('',*,*,#1835,.F.);
#2513=ORIENTED_EDGE('',*,*,#1634,.T.);
#2514=ORIENTED_EDGE('',*,*,#1835,.T.);
#2515=ORIENTED_EDGE('',*,*,#1836,.F.);
#2516=ORIENTED_EDGE('',*,*,#1671,.F.);
#2517=ORIENTED_EDGE('',*,*,#1672,.T.);
#2518=ORIENTED_EDGE('',*,*,#1836,.T.);
#2519=ORIENTED_EDGE('',*,*,#1834,.T.);
#2520=ORIENTED_EDGE('',*,*,#1832,.T.);
#2521=ORIENTED_EDGE('',*,*,#1837,.T.);
#2522=ORIENTED_EDGE('',*,*,#1838,.T.);
#2523=ORIENTED_EDGE('',*,*,#1839,.F.);
#2524=ORIENTED_EDGE('',*,*,#1840,.F.);
#2525=ORIENTED_EDGE('',*,*,#1841,.T.);
#2526=ORIENTED_EDGE('',*,*,#1842,.F.);
#2527=ORIENTED_EDGE('',*,*,#1843,.T.);
#2528=ORIENTED_EDGE('',*,*,#1844,.T.);
#2529=ORIENTED_EDGE('',*,*,#1845,.T.);
#2530=ORIENTED_EDGE('',*,*,#1846,.T.);
#2531=ORIENTED_EDGE('',*,*,#1847,.T.);
#2532=ORIENTED_EDGE('',*,*,#1848,.T.);
#2533=ORIENTED_EDGE('',*,*,#1849,.T.);
#2534=ORIENTED_EDGE('',*,*,#1850,.T.);
#2535=ORIENTED_EDGE('',*,*,#1851,.F.);
#2536=ORIENTED_EDGE('',*,*,#1852,.F.);
#2537=ORIENTED_EDGE('',*,*,#1837,.F.);
#2538=ORIENTED_EDGE('',*,*,#1853,.T.);
#2539=ORIENTED_EDGE('',*,*,#1854,.T.);
#2540=ORIENTED_EDGE('',*,*,#1855,.T.);
#2541=ORIENTED_EDGE('',*,*,#1856,.T.);
#2542=ORIENTED_EDGE('',*,*,#1857,.T.);
#2543=ORIENTED_EDGE('',*,*,#1858,.T.);
#2544=ORIENTED_EDGE('',*,*,#1859,.T.);
#2545=ORIENTED_EDGE('',*,*,#1860,.F.);
#2546=ORIENTED_EDGE('',*,*,#1861,.F.);
#2547=ORIENTED_EDGE('',*,*,#1862,.F.);
#2548=ORIENTED_EDGE('',*,*,#1863,.T.);
#2549=ORIENTED_EDGE('',*,*,#1864,.F.);
#2550=ORIENTED_EDGE('',*,*,#1865,.T.);
#2551=ORIENTED_EDGE('',*,*,#1847,.F.);
#2552=ORIENTED_EDGE('',*,*,#1866,.T.);
#2553=ORIENTED_EDGE('',*,*,#1867,.F.);
#2554=ORIENTED_EDGE('',*,*,#1868,.F.);
#2555=ORIENTED_EDGE('',*,*,#1843,.F.);
#2556=ORIENTED_EDGE('',*,*,#1869,.F.);
#2557=ORIENTED_EDGE('',*,*,#1859,.F.);
#2558=ORIENTED_EDGE('',*,*,#1870,.F.);
#2559=ORIENTED_EDGE('',*,*,#1871,.F.);
#2560=ORIENTED_EDGE('',*,*,#1846,.F.);
#2561=ORIENTED_EDGE('',*,*,#1872,.T.);
#2562=ORIENTED_EDGE('',*,*,#1873,.T.);
#2563=ORIENTED_EDGE('',*,*,#1874,.F.);
#2564=ORIENTED_EDGE('',*,*,#1875,.T.);
#2565=ORIENTED_EDGE('',*,*,#1863,.F.);
#2566=ORIENTED_EDGE('',*,*,#1876,.F.);
#2567=ORIENTED_EDGE('',*,*,#1877,.T.);
#2568=ORIENTED_EDGE('',*,*,#1878,.T.);
#2569=ORIENTED_EDGE('',*,*,#1841,.F.);
#2570=ORIENTED_EDGE('',*,*,#1879,.F.);
#2571=ORIENTED_EDGE('',*,*,#1880,.F.);
#2572=ORIENTED_EDGE('',*,*,#1881,.F.);
#2573=ORIENTED_EDGE('',*,*,#1882,.T.);
#2574=ORIENTED_EDGE('',*,*,#1883,.T.);
#2575=ORIENTED_EDGE('',*,*,#1884,.F.);
#2576=ORIENTED_EDGE('',*,*,#1885,.T.);
#2577=ORIENTED_EDGE('',*,*,#1864,.T.);
#2578=ORIENTED_EDGE('',*,*,#1875,.F.);
#2579=ORIENTED_EDGE('',*,*,#1886,.F.);
#2580=ORIENTED_EDGE('',*,*,#1887,.T.);
#2581=ORIENTED_EDGE('',*,*,#1867,.T.);
#2582=ORIENTED_EDGE('',*,*,#1888,.F.);
#2583=ORIENTED_EDGE('',*,*,#1889,.F.);
#2584=ORIENTED_EDGE('',*,*,#1890,.T.);
#2585=ORIENTED_EDGE('',*,*,#1871,.T.);
#2586=ORIENTED_EDGE('',*,*,#1891,.T.);
#2587=ORIENTED_EDGE('',*,*,#1892,.T.);
#2588=ORIENTED_EDGE('',*,*,#1893,.F.);
#2589=ORIENTED_EDGE('',*,*,#1894,.F.);
#2590=ORIENTED_EDGE('',*,*,#1895,.F.);
#2591=ORIENTED_EDGE('',*,*,#1881,.T.);
#2592=ORIENTED_EDGE('',*,*,#1896,.T.);
#2593=ORIENTED_EDGE('',*,*,#1897,.F.);
#2594=ORIENTED_EDGE('',*,*,#1898,.F.);
#2595=ORIENTED_EDGE('',*,*,#1894,.T.);
#2596=ORIENTED_EDGE('',*,*,#1899,.T.);
#2597=ORIENTED_EDGE('',*,*,#1900,.F.);
#2598=ORIENTED_EDGE('',*,*,#1901,.F.);
#2599=ORIENTED_EDGE('',*,*,#1876,.T.);
#2600=ORIENTED_EDGE('',*,*,#1840,.T.);
#2601=ORIENTED_EDGE('',*,*,#1902,.F.);
#2602=ORIENTED_EDGE('',*,*,#1903,.F.);
#2603=ORIENTED_EDGE('',*,*,#1904,.T.);
#2604=ORIENTED_EDGE('',*,*,#1882,.F.);
#2605=ORIENTED_EDGE('',*,*,#1898,.T.);
#2606=ORIENTED_EDGE('',*,*,#1905,.F.);
#2607=ORIENTED_EDGE('',*,*,#1906,.F.);
#2608=ORIENTED_EDGE('',*,*,#1851,.T.);
#2609=ORIENTED_EDGE('',*,*,#1904,.F.);
#2610=ORIENTED_EDGE('',*,*,#1850,.F.);
#2611=ORIENTED_EDGE('',*,*,#1907,.F.);
#2612=ORIENTED_EDGE('',*,*,#1883,.F.);
#2613=ORIENTED_EDGE('',*,*,#1908,.F.);
#2614=ORIENTED_EDGE('',*,*,#1853,.F.);
#2615=ORIENTED_EDGE('',*,*,#1842,.T.);
#2616=ORIENTED_EDGE('',*,*,#1878,.F.);
#2617=ORIENTED_EDGE('',*,*,#1909,.T.);
#2618=ORIENTED_EDGE('',*,*,#1892,.F.);
#2619=ORIENTED_EDGE('',*,*,#1910,.T.);
#2620=ORIENTED_EDGE('',*,*,#1857,.F.);
#2621=ORIENTED_EDGE('',*,*,#1884,.T.);
#2622=ORIENTED_EDGE('',*,*,#1907,.T.);
#2623=ORIENTED_EDGE('',*,*,#1849,.F.);
#2624=ORIENTED_EDGE('',*,*,#1911,.F.);
#2625=ORIENTED_EDGE('',*,*,#1885,.F.);
#2626=ORIENTED_EDGE('',*,*,#1911,.T.);
#2627=ORIENTED_EDGE('',*,*,#1848,.F.);
#2628=ORIENTED_EDGE('',*,*,#1865,.F.);
#2629=ORIENTED_EDGE('',*,*,#1854,.F.);
#2630=ORIENTED_EDGE('',*,*,#1908,.T.);
#2631=ORIENTED_EDGE('',*,*,#1877,.F.);
#2632=ORIENTED_EDGE('',*,*,#1903,.T.);
#2633=ORIENTED_EDGE('',*,*,#1912,.T.);
#2634=ORIENTED_EDGE('',*,*,#1913,.F.);
#2635=ORIENTED_EDGE('',*,*,#1855,.F.);
#2636=ORIENTED_EDGE('',*,*,#1913,.T.);
#2637=ORIENTED_EDGE('',*,*,#1914,.T.);
#2638=ORIENTED_EDGE('',*,*,#1915,.F.);
#2639=ORIENTED_EDGE('',*,*,#1856,.F.);
#2640=ORIENTED_EDGE('',*,*,#1915,.T.);
#2641=ORIENTED_EDGE('',*,*,#1916,.T.);
#2642=ORIENTED_EDGE('',*,*,#1899,.F.);
#2643=ORIENTED_EDGE('',*,*,#1893,.T.);
#2644=ORIENTED_EDGE('',*,*,#1909,.F.);
#2645=ORIENTED_EDGE('',*,*,#1917,.T.);
#2646=ORIENTED_EDGE('',*,*,#1918,.T.);
#2647=ORIENTED_EDGE('',*,*,#1900,.T.);
#2648=ORIENTED_EDGE('',*,*,#1916,.F.);
#2649=ORIENTED_EDGE('',*,*,#1914,.F.);
#2650=ORIENTED_EDGE('',*,*,#1912,.F.);
#2651=ORIENTED_EDGE('',*,*,#1902,.T.);
#2652=ORIENTED_EDGE('',*,*,#1839,.T.);
#2653=ORIENTED_EDGE('',*,*,#1919,.T.);
#2654=ORIENTED_EDGE('',*,*,#1905,.T.);
#2655=ORIENTED_EDGE('',*,*,#1897,.T.);
#2656=ORIENTED_EDGE('',*,*,#1920,.T.);
#2657=ORIENTED_EDGE('',*,*,#1921,.T.);
#2658=ORIENTED_EDGE('',*,*,#1873,.F.);
#2659=ORIENTED_EDGE('',*,*,#1922,.F.);
#2660=ORIENTED_EDGE('',*,*,#1923,.F.);
#2661=ORIENTED_EDGE('',*,*,#1924,.T.);
#2662=ORIENTED_EDGE('',*,*,#1925,.T.);
#2663=ORIENTED_EDGE('',*,*,#1926,.T.);
#2664=ORIENTED_EDGE('',*,*,#1927,.T.);
#2665=ORIENTED_EDGE('',*,*,#1874,.T.);
#2666=ORIENTED_EDGE('',*,*,#1921,.F.);
#2667=ORIENTED_EDGE('',*,*,#1928,.F.);
#2668=ORIENTED_EDGE('',*,*,#1879,.T.);
#2669=ORIENTED_EDGE('',*,*,#1929,.T.);
#2670=ORIENTED_EDGE('',*,*,#1924,.F.);
#2671=ORIENTED_EDGE('',*,*,#1930,.F.);
#2672=ORIENTED_EDGE('',*,*,#1886,.T.);
#2673=ORIENTED_EDGE('',*,*,#1931,.F.);
#2674=ORIENTED_EDGE('',*,*,#1889,.T.);
#2675=ORIENTED_EDGE('',*,*,#1932,.T.);
#2676=ORIENTED_EDGE('',*,*,#1917,.F.);
#2677=ORIENTED_EDGE('',*,*,#1880,.T.);
#2678=ORIENTED_EDGE('',*,*,#1928,.T.);
#2679=ORIENTED_EDGE('',*,*,#1920,.F.);
#2680=ORIENTED_EDGE('',*,*,#1896,.F.);
#2681=ORIENTED_EDGE('',*,*,#1862,.T.);
#2682=ORIENTED_EDGE('',*,*,#1933,.T.);
#2683=ORIENTED_EDGE('',*,*,#1925,.F.);
#2684=ORIENTED_EDGE('',*,*,#1929,.F.);
#2685=ORIENTED_EDGE('',*,*,#1888,.T.);
#2686=ORIENTED_EDGE('',*,*,#1866,.F.);
#2687=ORIENTED_EDGE('',*,*,#1861,.T.);
#2688=ORIENTED_EDGE('',*,*,#1934,.T.);
#2689=ORIENTED_EDGE('',*,*,#1926,.F.);
#2690=ORIENTED_EDGE('',*,*,#1933,.F.);
#2691=ORIENTED_EDGE('',*,*,#1860,.T.);
#2692=ORIENTED_EDGE('',*,*,#1869,.T.);
#2693=ORIENTED_EDGE('',*,*,#1890,.F.);
#2694=ORIENTED_EDGE('',*,*,#1931,.T.);
#2695=ORIENTED_EDGE('',*,*,#1927,.F.);
#2696=ORIENTED_EDGE('',*,*,#1934,.F.);
#2697=ORIENTED_EDGE('',*,*,#1844,.F.);
#2698=ORIENTED_EDGE('',*,*,#1868,.T.);
#2699=ORIENTED_EDGE('',*,*,#1887,.F.);
#2700=ORIENTED_EDGE('',*,*,#1930,.T.);
#2701=ORIENTED_EDGE('',*,*,#1923,.T.);
#2702=ORIENTED_EDGE('',*,*,#1935,.F.);
#2703=ORIENTED_EDGE('',*,*,#1845,.F.);
#2704=ORIENTED_EDGE('',*,*,#1935,.T.);
#2705=ORIENTED_EDGE('',*,*,#1922,.T.);
#2706=ORIENTED_EDGE('',*,*,#1872,.F.);
#2707=ORIENTED_EDGE('',*,*,#1895,.T.);
#2708=ORIENTED_EDGE('',*,*,#1901,.T.);
#2709=ORIENTED_EDGE('',*,*,#1918,.F.);
#2710=ORIENTED_EDGE('',*,*,#1932,.F.);
#2711=ORIENTED_EDGE('',*,*,#1852,.T.);
#2712=ORIENTED_EDGE('',*,*,#1906,.T.);
#2713=ORIENTED_EDGE('',*,*,#1919,.F.);
#2714=ORIENTED_EDGE('',*,*,#1838,.F.);
#2715=ORIENTED_EDGE('',*,*,#1891,.F.);
#2716=ORIENTED_EDGE('',*,*,#1870,.T.);
#2717=ORIENTED_EDGE('',*,*,#1858,.F.);
#2718=ORIENTED_EDGE('',*,*,#1910,.F.);
#2719=ORIENTED_EDGE('',*,*,#1936,.F.);
#2720=ORIENTED_EDGE('',*,*,#1937,.F.);
#2721=ORIENTED_EDGE('',*,*,#1938,.F.);
#2722=ORIENTED_EDGE('',*,*,#1939,.F.);
#2723=ORIENTED_EDGE('',*,*,#1936,.T.);
#2724=ORIENTED_EDGE('',*,*,#1940,.T.);
#2725=ORIENTED_EDGE('',*,*,#1941,.F.);
#2726=ORIENTED_EDGE('',*,*,#1942,.F.);
#2727=ORIENTED_EDGE('',*,*,#1937,.T.);
#2728=ORIENTED_EDGE('',*,*,#1942,.T.);
#2729=ORIENTED_EDGE('',*,*,#1943,.F.);
#2730=ORIENTED_EDGE('',*,*,#1944,.F.);
#2731=ORIENTED_EDGE('',*,*,#1938,.T.);
#2732=ORIENTED_EDGE('',*,*,#1944,.T.);
#2733=ORIENTED_EDGE('',*,*,#1945,.F.);
#2734=ORIENTED_EDGE('',*,*,#1946,.F.);
#2735=ORIENTED_EDGE('',*,*,#1939,.T.);
#2736=ORIENTED_EDGE('',*,*,#1946,.T.);
#2737=ORIENTED_EDGE('',*,*,#1947,.F.);
#2738=ORIENTED_EDGE('',*,*,#1940,.F.);
#2739=ORIENTED_EDGE('',*,*,#1941,.T.);
#2740=ORIENTED_EDGE('',*,*,#1947,.T.);
#2741=ORIENTED_EDGE('',*,*,#1945,.T.);
#2742=ORIENTED_EDGE('',*,*,#1943,.T.);
#2743=ORIENTED_EDGE('',*,*,#1948,.F.);
#2744=ORIENTED_EDGE('',*,*,#1949,.F.);
#2745=ORIENTED_EDGE('',*,*,#1950,.F.);
#2746=ORIENTED_EDGE('',*,*,#1951,.F.);
#2747=ORIENTED_EDGE('',*,*,#1948,.T.);
#2748=ORIENTED_EDGE('',*,*,#1952,.T.);
#2749=ORIENTED_EDGE('',*,*,#1953,.F.);
#2750=ORIENTED_EDGE('',*,*,#1954,.F.);
#2751=ORIENTED_EDGE('',*,*,#1949,.T.);
#2752=ORIENTED_EDGE('',*,*,#1954,.T.);
#2753=ORIENTED_EDGE('',*,*,#1955,.F.);
#2754=ORIENTED_EDGE('',*,*,#1956,.F.);
#2755=ORIENTED_EDGE('',*,*,#1950,.T.);
#2756=ORIENTED_EDGE('',*,*,#1956,.T.);
#2757=ORIENTED_EDGE('',*,*,#1957,.F.);
#2758=ORIENTED_EDGE('',*,*,#1958,.F.);
#2759=ORIENTED_EDGE('',*,*,#1951,.T.);
#2760=ORIENTED_EDGE('',*,*,#1958,.T.);
#2761=ORIENTED_EDGE('',*,*,#1959,.F.);
#2762=ORIENTED_EDGE('',*,*,#1952,.F.);
#2763=ORIENTED_EDGE('',*,*,#1953,.T.);
#2764=ORIENTED_EDGE('',*,*,#1959,.T.);
#2765=ORIENTED_EDGE('',*,*,#1957,.T.);
#2766=ORIENTED_EDGE('',*,*,#1955,.T.);
#2767=ORIENTED_EDGE('',*,*,#1960,.F.);
#2768=ORIENTED_EDGE('',*,*,#1961,.F.);
#2769=ORIENTED_EDGE('',*,*,#1962,.F.);
#2770=ORIENTED_EDGE('',*,*,#1963,.F.);
#2771=ORIENTED_EDGE('',*,*,#1960,.T.);
#2772=ORIENTED_EDGE('',*,*,#1964,.T.);
#2773=ORIENTED_EDGE('',*,*,#1965,.F.);
#2774=ORIENTED_EDGE('',*,*,#1966,.F.);
#2775=ORIENTED_EDGE('',*,*,#1961,.T.);
#2776=ORIENTED_EDGE('',*,*,#1966,.T.);
#2777=ORIENTED_EDGE('',*,*,#1967,.F.);
#2778=ORIENTED_EDGE('',*,*,#1968,.F.);
#2779=ORIENTED_EDGE('',*,*,#1962,.T.);
#2780=ORIENTED_EDGE('',*,*,#1968,.T.);
#2781=ORIENTED_EDGE('',*,*,#1969,.F.);
#2782=ORIENTED_EDGE('',*,*,#1970,.F.);
#2783=ORIENTED_EDGE('',*,*,#1963,.T.);
#2784=ORIENTED_EDGE('',*,*,#1970,.T.);
#2785=ORIENTED_EDGE('',*,*,#1971,.F.);
#2786=ORIENTED_EDGE('',*,*,#1964,.F.);
#2787=ORIENTED_EDGE('',*,*,#1965,.T.);
#2788=ORIENTED_EDGE('',*,*,#1971,.T.);
#2789=ORIENTED_EDGE('',*,*,#1969,.T.);
#2790=ORIENTED_EDGE('',*,*,#1967,.T.);
#2791=ORIENTED_EDGE('',*,*,#1972,.F.);
#2792=ORIENTED_EDGE('',*,*,#1973,.F.);
#2793=ORIENTED_EDGE('',*,*,#1974,.F.);
#2794=ORIENTED_EDGE('',*,*,#1975,.F.);
#2795=ORIENTED_EDGE('',*,*,#1972,.T.);
#2796=ORIENTED_EDGE('',*,*,#1976,.T.);
#2797=ORIENTED_EDGE('',*,*,#1977,.F.);
#2798=ORIENTED_EDGE('',*,*,#1978,.F.);
#2799=ORIENTED_EDGE('',*,*,#1973,.T.);
#2800=ORIENTED_EDGE('',*,*,#1978,.T.);
#2801=ORIENTED_EDGE('',*,*,#1979,.F.);
#2802=ORIENTED_EDGE('',*,*,#1980,.F.);
#2803=ORIENTED_EDGE('',*,*,#1974,.T.);
#2804=ORIENTED_EDGE('',*,*,#1980,.T.);
#2805=ORIENTED_EDGE('',*,*,#1981,.F.);
#2806=ORIENTED_EDGE('',*,*,#1982,.F.);
#2807=ORIENTED_EDGE('',*,*,#1975,.T.);
#2808=ORIENTED_EDGE('',*,*,#1982,.T.);
#2809=ORIENTED_EDGE('',*,*,#1983,.F.);
#2810=ORIENTED_EDGE('',*,*,#1976,.F.);
#2811=ORIENTED_EDGE('',*,*,#1977,.T.);
#2812=ORIENTED_EDGE('',*,*,#1983,.T.);
#2813=ORIENTED_EDGE('',*,*,#1981,.T.);
#2814=ORIENTED_EDGE('',*,*,#1979,.T.);
#2815=ORIENTED_EDGE('',*,*,#1984,.T.);
#2816=ORIENTED_EDGE('',*,*,#1985,.T.);
#2817=ORIENTED_EDGE('',*,*,#1986,.T.);
#2818=ORIENTED_EDGE('',*,*,#1987,.T.);
#2819=ORIENTED_EDGE('',*,*,#1984,.F.);
#2820=ORIENTED_EDGE('',*,*,#1988,.T.);
#2821=ORIENTED_EDGE('',*,*,#1989,.T.);
#2822=ORIENTED_EDGE('',*,*,#1990,.F.);
#2823=ORIENTED_EDGE('',*,*,#1985,.F.);
#2824=ORIENTED_EDGE('',*,*,#1990,.T.);
#2825=ORIENTED_EDGE('',*,*,#1991,.T.);
#2826=ORIENTED_EDGE('',*,*,#1992,.F.);
#2827=ORIENTED_EDGE('',*,*,#1986,.F.);
#2828=ORIENTED_EDGE('',*,*,#1992,.T.);
#2829=ORIENTED_EDGE('',*,*,#1993,.T.);
#2830=ORIENTED_EDGE('',*,*,#1994,.F.);
#2831=ORIENTED_EDGE('',*,*,#1987,.F.);
#2832=ORIENTED_EDGE('',*,*,#1994,.T.);
#2833=ORIENTED_EDGE('',*,*,#1995,.T.);
#2834=ORIENTED_EDGE('',*,*,#1988,.F.);
#2835=ORIENTED_EDGE('',*,*,#1989,.F.);
#2836=ORIENTED_EDGE('',*,*,#1995,.F.);
#2837=ORIENTED_EDGE('',*,*,#1993,.F.);
#2838=ORIENTED_EDGE('',*,*,#1991,.F.);
#2839=ORIENTED_EDGE('',*,*,#1996,.T.);
#2840=ORIENTED_EDGE('',*,*,#1997,.T.);
#2841=ORIENTED_EDGE('',*,*,#1998,.T.);
#2842=ORIENTED_EDGE('',*,*,#1999,.T.);
#2843=ORIENTED_EDGE('',*,*,#1996,.F.);
#2844=ORIENTED_EDGE('',*,*,#2000,.T.);
#2845=ORIENTED_EDGE('',*,*,#2001,.T.);
#2846=ORIENTED_EDGE('',*,*,#2002,.F.);
#2847=ORIENTED_EDGE('',*,*,#1997,.F.);
#2848=ORIENTED_EDGE('',*,*,#2002,.T.);
#2849=ORIENTED_EDGE('',*,*,#2003,.T.);
#2850=ORIENTED_EDGE('',*,*,#2004,.F.);
#2851=ORIENTED_EDGE('',*,*,#1998,.F.);
#2852=ORIENTED_EDGE('',*,*,#2004,.T.);
#2853=ORIENTED_EDGE('',*,*,#2005,.T.);
#2854=ORIENTED_EDGE('',*,*,#2006,.F.);
#2855=ORIENTED_EDGE('',*,*,#1999,.F.);
#2856=ORIENTED_EDGE('',*,*,#2006,.T.);
#2857=ORIENTED_EDGE('',*,*,#2007,.T.);
#2858=ORIENTED_EDGE('',*,*,#2000,.F.);
#2859=ORIENTED_EDGE('',*,*,#2001,.F.);
#2860=ORIENTED_EDGE('',*,*,#2007,.F.);
#2861=ORIENTED_EDGE('',*,*,#2005,.F.);
#2862=ORIENTED_EDGE('',*,*,#2003,.F.);
#2863=ORIENTED_EDGE('',*,*,#2008,.T.);
#2864=ORIENTED_EDGE('',*,*,#2009,.T.);
#2865=ORIENTED_EDGE('',*,*,#2010,.T.);
#2866=ORIENTED_EDGE('',*,*,#2011,.T.);
#2867=ORIENTED_EDGE('',*,*,#2008,.F.);
#2868=ORIENTED_EDGE('',*,*,#2012,.T.);
#2869=ORIENTED_EDGE('',*,*,#2013,.T.);
#2870=ORIENTED_EDGE('',*,*,#2014,.F.);
#2871=ORIENTED_EDGE('',*,*,#2009,.F.);
#2872=ORIENTED_EDGE('',*,*,#2014,.T.);
#2873=ORIENTED_EDGE('',*,*,#2015,.T.);
#2874=ORIENTED_EDGE('',*,*,#2016,.F.);
#2875=ORIENTED_EDGE('',*,*,#2010,.F.);
#2876=ORIENTED_EDGE('',*,*,#2016,.T.);
#2877=ORIENTED_EDGE('',*,*,#2017,.T.);
#2878=ORIENTED_EDGE('',*,*,#2018,.F.);
#2879=ORIENTED_EDGE('',*,*,#2011,.F.);
#2880=ORIENTED_EDGE('',*,*,#2018,.T.);
#2881=ORIENTED_EDGE('',*,*,#2019,.T.);
#2882=ORIENTED_EDGE('',*,*,#2012,.F.);
#2883=ORIENTED_EDGE('',*,*,#2013,.F.);
#2884=ORIENTED_EDGE('',*,*,#2019,.F.);
#2885=ORIENTED_EDGE('',*,*,#2017,.F.);
#2886=ORIENTED_EDGE('',*,*,#2015,.F.);
#2887=ORIENTED_EDGE('',*,*,#2020,.T.);
#2888=ORIENTED_EDGE('',*,*,#2021,.T.);
#2889=ORIENTED_EDGE('',*,*,#2022,.T.);
#2890=ORIENTED_EDGE('',*,*,#2023,.T.);
#2891=ORIENTED_EDGE('',*,*,#2020,.F.);
#2892=ORIENTED_EDGE('',*,*,#2024,.T.);
#2893=ORIENTED_EDGE('',*,*,#2025,.T.);
#2894=ORIENTED_EDGE('',*,*,#2026,.F.);
#2895=ORIENTED_EDGE('',*,*,#2021,.F.);
#2896=ORIENTED_EDGE('',*,*,#2026,.T.);
#2897=ORIENTED_EDGE('',*,*,#2027,.T.);
#2898=ORIENTED_EDGE('',*,*,#2028,.F.);
#2899=ORIENTED_EDGE('',*,*,#2022,.F.);
#2900=ORIENTED_EDGE('',*,*,#2028,.T.);
#2901=ORIENTED_EDGE('',*,*,#2029,.T.);
#2902=ORIENTED_EDGE('',*,*,#2030,.F.);
#2903=ORIENTED_EDGE('',*,*,#2023,.F.);
#2904=ORIENTED_EDGE('',*,*,#2030,.T.);
#2905=ORIENTED_EDGE('',*,*,#2031,.T.);
#2906=ORIENTED_EDGE('',*,*,#2024,.F.);
#2907=ORIENTED_EDGE('',*,*,#2025,.F.);
#2908=ORIENTED_EDGE('',*,*,#2031,.F.);
#2909=ORIENTED_EDGE('',*,*,#2029,.F.);
#2910=ORIENTED_EDGE('',*,*,#2027,.F.);
#2911=ORIENTED_EDGE('',*,*,#2032,.F.);
#2912=ORIENTED_EDGE('',*,*,#2033,.F.);
#2913=ORIENTED_EDGE('',*,*,#2034,.F.);
#2914=ORIENTED_EDGE('',*,*,#2035,.F.);
#2915=ORIENTED_EDGE('',*,*,#2032,.T.);
#2916=ORIENTED_EDGE('',*,*,#2036,.T.);
#2917=ORIENTED_EDGE('',*,*,#2037,.F.);
#2918=ORIENTED_EDGE('',*,*,#2038,.F.);
#2919=ORIENTED_EDGE('',*,*,#2033,.T.);
#2920=ORIENTED_EDGE('',*,*,#2038,.T.);
#2921=ORIENTED_EDGE('',*,*,#2039,.F.);
#2922=ORIENTED_EDGE('',*,*,#2040,.F.);
#2923=ORIENTED_EDGE('',*,*,#2034,.T.);
#2924=ORIENTED_EDGE('',*,*,#2040,.T.);
#2925=ORIENTED_EDGE('',*,*,#2041,.F.);
#2926=ORIENTED_EDGE('',*,*,#2042,.F.);
#2927=ORIENTED_EDGE('',*,*,#2035,.T.);
#2928=ORIENTED_EDGE('',*,*,#2042,.T.);
#2929=ORIENTED_EDGE('',*,*,#2043,.F.);
#2930=ORIENTED_EDGE('',*,*,#2036,.F.);
#2931=ORIENTED_EDGE('',*,*,#2037,.T.);
#2932=ORIENTED_EDGE('',*,*,#2043,.T.);
#2933=ORIENTED_EDGE('',*,*,#2041,.T.);
#2934=ORIENTED_EDGE('',*,*,#2039,.T.);
#2935=ORIENTED_EDGE('',*,*,#2044,.T.);
#2936=ORIENTED_EDGE('',*,*,#2045,.T.);
#2937=ORIENTED_EDGE('',*,*,#2046,.T.);
#2938=ORIENTED_EDGE('',*,*,#2047,.T.);
#2939=ORIENTED_EDGE('',*,*,#2044,.F.);
#2940=ORIENTED_EDGE('',*,*,#2048,.T.);
#2941=ORIENTED_EDGE('',*,*,#2049,.T.);
#2942=ORIENTED_EDGE('',*,*,#2050,.F.);
#2943=ORIENTED_EDGE('',*,*,#2045,.F.);
#2944=ORIENTED_EDGE('',*,*,#2050,.T.);
#2945=ORIENTED_EDGE('',*,*,#2051,.T.);
#2946=ORIENTED_EDGE('',*,*,#2052,.F.);
#2947=ORIENTED_EDGE('',*,*,#2046,.F.);
#2948=ORIENTED_EDGE('',*,*,#2052,.T.);
#2949=ORIENTED_EDGE('',*,*,#2053,.T.);
#2950=ORIENTED_EDGE('',*,*,#2054,.F.);
#2951=ORIENTED_EDGE('',*,*,#2047,.F.);
#2952=ORIENTED_EDGE('',*,*,#2054,.T.);
#2953=ORIENTED_EDGE('',*,*,#2055,.T.);
#2954=ORIENTED_EDGE('',*,*,#2048,.F.);
#2955=ORIENTED_EDGE('',*,*,#2049,.F.);
#2956=ORIENTED_EDGE('',*,*,#2055,.F.);
#2957=ORIENTED_EDGE('',*,*,#2053,.F.);
#2958=ORIENTED_EDGE('',*,*,#2051,.F.);
#2959=ORIENTED_EDGE('',*,*,#2056,.F.);
#2960=ORIENTED_EDGE('',*,*,#2057,.T.);
#2961=ORIENTED_EDGE('',*,*,#2058,.T.);
#2962=ORIENTED_EDGE('',*,*,#2057,.F.);
#2963=ORIENTED_EDGE('',*,*,#2056,.T.);
#2964=ORIENTED_EDGE('',*,*,#2058,.F.);
#2965=PLANE('',#3336);
#2966=PLANE('',#3342);
#2967=PLANE('',#3343);
#2968=PLANE('',#3349);
#2969=PLANE('',#3350);
#2970=PLANE('',#3351);
#2971=PLANE('',#3352);
#2972=PLANE('',#3353);
#2973=PLANE('',#3354);
#2974=PLANE('',#3355);
#2975=PLANE('',#3356);
#2976=PLANE('',#3357);
#2977=PLANE('',#3358);
#2978=PLANE('',#3359);
#2979=PLANE('',#3360);
#2980=PLANE('',#3361);
#2981=PLANE('',#3362);
#2982=PLANE('',#3363);
#2983=PLANE('',#3364);
#2984=PLANE('',#3365);
#2985=PLANE('',#3366);
#2986=PLANE('',#3367);
#2987=PLANE('',#3368);
#2988=PLANE('',#3369);
#2989=PLANE('',#3370);
#2990=PLANE('',#3371);
#2991=PLANE('',#3372);
#2992=PLANE('',#3373);
#2993=PLANE('',#3374);
#2994=PLANE('',#3375);
#2995=PLANE('',#3376);
#2996=PLANE('',#3377);
#2997=PLANE('',#3378);
#2998=PLANE('',#3379);
#2999=PLANE('',#3380);
#3000=PLANE('',#3381);
#3001=PLANE('',#3382);
#3002=PLANE('',#3383);
#3003=PLANE('',#3384);
#3004=PLANE('',#3385);
#3005=PLANE('',#3388);
#3006=PLANE('',#3389);
#3007=PLANE('',#3390);
#3008=PLANE('',#3393);
#3009=PLANE('',#3394);
#3010=PLANE('',#3395);
#3011=PLANE('',#3398);
#3012=PLANE('',#3399);
#3013=PLANE('',#3400);
#3014=PLANE('',#3403);
#3015=PLANE('',#3404);
#3016=PLANE('',#3405);
#3017=PLANE('',#3408);
#3018=PLANE('',#3409);
#3019=PLANE('',#3410);
#3020=PLANE('',#3413);
#3021=PLANE('',#3414);
#3022=PLANE('',#3415);
#3023=PLANE('',#3418);
#3024=PLANE('',#3419);
#3025=PLANE('',#3420);
#3026=PLANE('',#3423);
#3027=PLANE('',#3424);
#3028=PLANE('',#3425);
#3029=PLANE('',#3428);
#3030=PLANE('',#3429);
#3031=PLANE('',#3430);
#3032=PLANE('',#3433);
#3033=PLANE('',#3434);
#3034=PLANE('',#3436);
#3035=PLANE('',#3437);
#3036=PLANE('',#3438);
#3037=PLANE('',#3439);
#3038=PLANE('',#3440);
#3039=PLANE('',#3441);
#3040=PLANE('',#3442);
#3041=PLANE('',#3443);
#3042=PLANE('',#3444);
#3043=PLANE('',#3445);
#3044=PLANE('',#3446);
#3045=PLANE('',#3447);
#3046=PLANE('',#3448);
#3047=PLANE('',#3449);
#3048=PLANE('',#3450);
#3049=PLANE('',#3451);
#3050=PLANE('',#3452);
#3051=PLANE('',#3453);
#3052=PLANE('',#3454);
#3053=PLANE('',#3455);
#3054=PLANE('',#3456);
#3055=PLANE('',#3457);
#3056=PLANE('',#3458);
#3057=PLANE('',#3459);
#3058=PLANE('',#3460);
#3059=PLANE('',#3461);
#3060=PLANE('',#3462);
#3061=PLANE('',#3463);
#3062=PLANE('',#3464);
#3063=PLANE('',#3465);
#3064=PLANE('',#3466);
#3065=PLANE('',#3467);
#3066=PLANE('',#3468);
#3067=PLANE('',#3469);
#3068=PLANE('',#3470);
#3069=PLANE('',#3471);
#3070=PLANE('',#3473);
#3071=PLANE('',#3474);
#3072=PLANE('',#3475);
#3073=PLANE('',#3478);
#3074=PLANE('',#3479);
#3075=PLANE('',#3481);
#3076=PLANE('',#3482);
#3077=PLANE('',#3483);
#3078=PLANE('',#3486);
#3079=PLANE('',#3487);
#3080=PLANE('',#3489);
#3081=PLANE('',#3490);
#3082=PLANE('',#3491);
#3083=PLANE('',#3494);
#3084=PLANE('',#3495);
#3085=PLANE('',#3497);
#3086=PLANE('',#3498);
#3087=PLANE('',#3499);
#3088=PLANE('',#3502);
#3089=PLANE('',#3503);
#3090=PLANE('',#3505);
#3091=PLANE('',#3508);
#3092=PLANE('',#3509);
#3093=PLANE('',#3510);
#3094=PLANE('',#3511);
#3095=PLANE('',#3513);
#3096=PLANE('',#3516);
#3097=PLANE('',#3517);
#3098=PLANE('',#3518);
#3099=PLANE('',#3519);
#3100=PLANE('',#3521);
#3101=PLANE('',#3524);
#3102=PLANE('',#3525);
#3103=PLANE('',#3526);
#3104=PLANE('',#3527);
#3105=PLANE('',#3529);
#3106=PLANE('',#3532);
#3107=PLANE('',#3533);
#3108=PLANE('',#3534);
#3109=PLANE('',#3535);
#3110=PLANE('',#3537);
#3111=PLANE('',#3538);
#3112=PLANE('',#3539);
#3113=PLANE('',#3542);
#3114=PLANE('',#3543);
#3115=PLANE('',#3545);
#3116=PLANE('',#3548);
#3117=PLANE('',#3549);
#3118=PLANE('',#3550);
#3119=PLANE('',#3554);
#3120=PLANE('',#3555);
#3121=ADVANCED_FACE('',(#86),#2965,.F.);
#3122=ADVANCED_FACE('',(#87),#2966,.F.);
#3123=ADVANCED_FACE('',(#88),#2967,.F.);
#3124=ADVANCED_FACE('',(#89),#2968,.F.);
#3125=ADVANCED_FACE('',(#90),#2969,.T.);
#3126=ADVANCED_FACE('',(#91),#2970,.T.);
#3127=ADVANCED_FACE('',(#92),#2971,.T.);
#3128=ADVANCED_FACE('',(#93),#2972,.T.);
#3129=ADVANCED_FACE('',(#94),#2973,.T.);
#3130=ADVANCED_FACE('',(#95),#2974,.F.);
#3131=ADVANCED_FACE('',(#96),#2975,.F.);
#3132=ADVANCED_FACE('',(#97),#2976,.F.);
#3133=ADVANCED_FACE('',(#98),#2977,.F.);
#3134=ADVANCED_FACE('',(#99),#2978,.T.);
#3135=ADVANCED_FACE('',(#100),#2979,.F.);
#3136=ADVANCED_FACE('',(#101),#2980,.T.);
#3137=ADVANCED_FACE('',(#102),#2981,.T.);
#3138=ADVANCED_FACE('',(#103),#2982,.T.);
#3139=ADVANCED_FACE('',(#104),#2983,.T.);
#3140=ADVANCED_FACE('',(#105),#2984,.T.);
#3141=ADVANCED_FACE('',(#106),#2985,.F.);
#3142=ADVANCED_FACE('',(#107),#2986,.F.);
#3143=ADVANCED_FACE('',(#108),#2987,.F.);
#3144=ADVANCED_FACE('',(#109),#2988,.F.);
#3145=ADVANCED_FACE('',(#110),#2989,.F.);
#3146=ADVANCED_FACE('',(#111),#2990,.F.);
#3147=ADVANCED_FACE('',(#112),#2991,.F.);
#3148=ADVANCED_FACE('',(#113),#2992,.F.);
#3149=ADVANCED_FACE('',(#114),#2993,.F.);
#3150=ADVANCED_FACE('',(#115),#2994,.F.);
#3151=ADVANCED_FACE('',(#116),#2995,.F.);
#3152=ADVANCED_FACE('',(#117),#2996,.F.);
#3153=ADVANCED_FACE('',(#118),#2997,.F.);
#3154=ADVANCED_FACE('',(#119),#2998,.T.);
#3155=ADVANCED_FACE('',(#120),#2999,.F.);
#3156=ADVANCED_FACE('',(#121),#3000,.F.);
#3157=ADVANCED_FACE('',(#122),#3001,.T.);
#3158=ADVANCED_FACE('',(#123),#3002,.F.);
#3159=ADVANCED_FACE('',(#124),#3003,.F.);
#3160=ADVANCED_FACE('',(#125),#3004,.F.);
#3161=ADVANCED_FACE('',(#126),#65,.F.);
#3162=ADVANCED_FACE('',(#127),#3005,.F.);
#3163=ADVANCED_FACE('',(#128),#3006,.F.);
#3164=ADVANCED_FACE('',(#129),#3007,.F.);
#3165=ADVANCED_FACE('',(#130),#66,.F.);
#3166=ADVANCED_FACE('',(#131),#3008,.F.);
#3167=ADVANCED_FACE('',(#132),#3009,.F.);
#3168=ADVANCED_FACE('',(#133),#3010,.F.);
#3169=ADVANCED_FACE('',(#134),#67,.F.);
#3170=ADVANCED_FACE('',(#135),#3011,.F.);
#3171=ADVANCED_FACE('',(#136),#3012,.F.);
#3172=ADVANCED_FACE('',(#137),#3013,.F.);
#3173=ADVANCED_FACE('',(#138),#68,.F.);
#3174=ADVANCED_FACE('',(#139),#3014,.F.);
#3175=ADVANCED_FACE('',(#140),#3015,.F.);
#3176=ADVANCED_FACE('',(#141),#3016,.F.);
#3177=ADVANCED_FACE('',(#142),#69,.F.);
#3178=ADVANCED_FACE('',(#143),#3017,.F.);
#3179=ADVANCED_FACE('',(#144),#3018,.F.);
#3180=ADVANCED_FACE('',(#145),#3019,.T.);
#3181=ADVANCED_FACE('',(#146),#70,.F.);
#3182=ADVANCED_FACE('',(#147),#3020,.T.);
#3183=ADVANCED_FACE('',(#148),#3021,.T.);
#3184=ADVANCED_FACE('',(#149),#3022,.T.);
#3185=ADVANCED_FACE('',(#150),#71,.F.);
#3186=ADVANCED_FACE('',(#151),#3023,.T.);
#3187=ADVANCED_FACE('',(#152),#3024,.T.);
#3188=ADVANCED_FACE('',(#153),#3025,.T.);
#3189=ADVANCED_FACE('',(#154),#72,.F.);
#3190=ADVANCED_FACE('',(#155),#3026,.T.);
#3191=ADVANCED_FACE('',(#156),#3027,.T.);
#3192=ADVANCED_FACE('',(#157),#3028,.T.);
#3193=ADVANCED_FACE('',(#158),#73,.F.);
#3194=ADVANCED_FACE('',(#159),#3029,.T.);
#3195=ADVANCED_FACE('',(#160),#3030,.T.);
#3196=ADVANCED_FACE('',(#161),#3031,.T.);
#3197=ADVANCED_FACE('',(#162),#74,.F.);
#3198=ADVANCED_FACE('',(#163),#3032,.T.);
#3199=ADVANCED_FACE('',(#164),#3033,.T.);
#3200=ADVANCED_FACE('',(#165),#3034,.T.);
#3201=ADVANCED_FACE('',(#166),#3035,.F.);
#3202=ADVANCED_FACE('',(#167),#3036,.T.);
#3203=ADVANCED_FACE('',(#168),#3037,.T.);
#3204=ADVANCED_FACE('',(#169),#3038,.T.);
#3205=ADVANCED_FACE('',(#170),#3039,.F.);
#3206=ADVANCED_FACE('',(#171),#3040,.F.);
#3207=ADVANCED_FACE('',(#172),#3041,.F.);
#3208=ADVANCED_FACE('',(#173),#3042,.F.);
#3209=ADVANCED_FACE('',(#174),#3043,.F.);
#3210=ADVANCED_FACE('',(#175),#3044,.T.);
#3211=ADVANCED_FACE('',(#176),#3045,.T.);
#3212=ADVANCED_FACE('',(#177),#3046,.T.);
#3213=ADVANCED_FACE('',(#178),#3047,.T.);
#3214=ADVANCED_FACE('',(#179),#3048,.T.);
#3215=ADVANCED_FACE('',(#180),#3049,.T.);
#3216=ADVANCED_FACE('',(#181),#3050,.T.);
#3217=ADVANCED_FACE('',(#182),#3051,.T.);
#3218=ADVANCED_FACE('',(#183),#3052,.T.);
#3219=ADVANCED_FACE('',(#184),#3053,.F.);
#3220=ADVANCED_FACE('',(#185),#3054,.F.);
#3221=ADVANCED_FACE('',(#186),#3055,.F.);
#3222=ADVANCED_FACE('',(#187),#3056,.T.);
#3223=ADVANCED_FACE('',(#188),#3057,.T.);
#3224=ADVANCED_FACE('',(#189),#3058,.T.);
#3225=ADVANCED_FACE('',(#190),#3059,.T.);
#3226=ADVANCED_FACE('',(#191),#3060,.T.);
#3227=ADVANCED_FACE('',(#192),#3061,.T.);
#3228=ADVANCED_FACE('',(#193),#3062,.T.);
#3229=ADVANCED_FACE('',(#194),#3063,.T.);
#3230=ADVANCED_FACE('',(#195),#3064,.F.);
#3231=ADVANCED_FACE('',(#196),#3065,.F.);
#3232=ADVANCED_FACE('',(#197),#3066,.T.);
#3233=ADVANCED_FACE('',(#198),#3067,.T.);
#3234=ADVANCED_FACE('',(#199),#3068,.T.);
#3235=ADVANCED_FACE('',(#200),#3069,.F.);
#3236=ADVANCED_FACE('',(#201),#3070,.T.);
#3237=ADVANCED_FACE('',(#202),#3071,.T.);
#3238=ADVANCED_FACE('',(#203),#3072,.T.);
#3239=ADVANCED_FACE('',(#204),#75,.T.);
#3240=ADVANCED_FACE('',(#205),#3073,.T.);
#3241=ADVANCED_FACE('',(#206),#3074,.F.);
#3242=ADVANCED_FACE('',(#207),#3075,.T.);
#3243=ADVANCED_FACE('',(#208),#3076,.T.);
#3244=ADVANCED_FACE('',(#209),#3077,.T.);
#3245=ADVANCED_FACE('',(#210),#76,.T.);
#3246=ADVANCED_FACE('',(#211),#3078,.T.);
#3247=ADVANCED_FACE('',(#212),#3079,.F.);
#3248=ADVANCED_FACE('',(#213),#3080,.T.);
#3249=ADVANCED_FACE('',(#214),#3081,.T.);
#3250=ADVANCED_FACE('',(#215),#3082,.T.);
#3251=ADVANCED_FACE('',(#216),#77,.T.);
#3252=ADVANCED_FACE('',(#217),#3083,.T.);
#3253=ADVANCED_FACE('',(#218),#3084,.F.);
#3254=ADVANCED_FACE('',(#219),#3085,.T.);
#3255=ADVANCED_FACE('',(#220),#3086,.T.);
#3256=ADVANCED_FACE('',(#221),#3087,.T.);
#3257=ADVANCED_FACE('',(#222),#78,.T.);
#3258=ADVANCED_FACE('',(#223),#3088,.T.);
#3259=ADVANCED_FACE('',(#224),#3089,.T.);
#3260=ADVANCED_FACE('',(#225),#3090,.F.);
#3261=ADVANCED_FACE('',(#226),#79,.T.);
#3262=ADVANCED_FACE('',(#227),#3091,.F.);
#3263=ADVANCED_FACE('',(#228),#3092,.F.);
#3264=ADVANCED_FACE('',(#229),#3093,.F.);
#3265=ADVANCED_FACE('',(#230),#3094,.T.);
#3266=ADVANCED_FACE('',(#231),#3095,.F.);
#3267=ADVANCED_FACE('',(#232),#80,.T.);
#3268=ADVANCED_FACE('',(#233),#3096,.F.);
#3269=ADVANCED_FACE('',(#234),#3097,.F.);
#3270=ADVANCED_FACE('',(#235),#3098,.F.);
#3271=ADVANCED_FACE('',(#236),#3099,.T.);
#3272=ADVANCED_FACE('',(#237),#3100,.F.);
#3273=ADVANCED_FACE('',(#238),#81,.T.);
#3274=ADVANCED_FACE('',(#239),#3101,.F.);
#3275=ADVANCED_FACE('',(#240),#3102,.F.);
#3276=ADVANCED_FACE('',(#241),#3103,.F.);
#3277=ADVANCED_FACE('',(#242),#3104,.T.);
#3278=ADVANCED_FACE('',(#243),#3105,.F.);
#3279=ADVANCED_FACE('',(#244),#82,.T.);
#3280=ADVANCED_FACE('',(#245),#3106,.F.);
#3281=ADVANCED_FACE('',(#246),#3107,.F.);
#3282=ADVANCED_FACE('',(#247),#3108,.F.);
#3283=ADVANCED_FACE('',(#248),#3109,.F.);
#3284=ADVANCED_FACE('',(#249),#3110,.T.);
#3285=ADVANCED_FACE('',(#250),#3111,.T.);
#3286=ADVANCED_FACE('',(#251),#3112,.T.);
#3287=ADVANCED_FACE('',(#252),#83,.T.);
#3288=ADVANCED_FACE('',(#253),#3113,.T.);
#3289=ADVANCED_FACE('',(#254),#3114,.T.);
#3290=ADVANCED_FACE('',(#255),#3115,.F.);
#3291=ADVANCED_FACE('',(#256),#84,.T.);
#3292=ADVANCED_FACE('',(#257),#3116,.F.);
#3293=ADVANCED_FACE('',(#258),#3117,.F.);
#3294=ADVANCED_FACE('',(#259),#3118,.F.);
#3295=ADVANCED_FACE('',(#260),#85,.T.);
#3296=ADVANCED_FACE('',(#261),#3119,.T.);
#3297=ADVANCED_FACE('',(#262),#3120,.F.);
#3298=CLOSED_SHELL('',(#3121,#3122,#3123,#3124,#3125,#3126,#3127,#3128,
#3129,#3130,#3131,#3132,#3133,#3134,#3135,#3136,#3137,#3138,#3139,#3140,
#3141,#3142,#3143,#3144,#3145,#3146,#3147,#3148,#3149,#3150,#3151,#3152,
#3153,#3154,#3155,#3156,#3157,#3158,#3159,#3160,#3161,#3162,#3163,#3164,
#3165,#3166,#3167,#3168,#3169,#3170,#3171,#3172,#3173,#3174,#3175,#3176,
#3177,#3178,#3179,#3180,#3181,#3182,#3183,#3184,#3185,#3186,#3187,#3188,
#3189,#3190,#3191,#3192,#3193,#3194,#3195,#3196,#3197,#3198,#3199));
#3299=CLOSED_SHELL('',(#3200,#3201,#3202,#3203,#3204,#3205,#3206,#3207,
#3208,#3209,#3210,#3211,#3212,#3213,#3214,#3215,#3216,#3217,#3218,#3219,
#3220,#3221,#3222,#3223,#3224,#3225,#3226,#3227,#3228,#3229,#3230,#3231,
#3232,#3233,#3234));
#3300=CLOSED_SHELL('',(#3235,#3236,#3237,#3238,#3239,#3240));
#3301=CLOSED_SHELL('',(#3241,#3242,#3243,#3244,#3245,#3246));
#3302=CLOSED_SHELL('',(#3247,#3248,#3249,#3250,#3251,#3252));
#3303=CLOSED_SHELL('',(#3253,#3254,#3255,#3256,#3257,#3258));
#3304=CLOSED_SHELL('',(#3259,#3260,#3261,#3262,#3263,#3264));
#3305=CLOSED_SHELL('',(#3265,#3266,#3267,#3268,#3269,#3270));
#3306=CLOSED_SHELL('',(#3271,#3272,#3273,#3274,#3275,#3276));
#3307=CLOSED_SHELL('',(#3277,#3278,#3279,#3280,#3281,#3282));
#3308=CLOSED_SHELL('',(#3283,#3284,#3285,#3286,#3287,#3288));
#3309=CLOSED_SHELL('',(#3289,#3290,#3291,#3292,#3293,#3294));
#3310=CLOSED_SHELL('',(#3295,#3296,#3297));
#3311=DERIVED_UNIT_ELEMENT(#3315,1.);
#3312=DERIVED_UNIT_ELEMENT(#5363,-3.);
#3313=DERIVED_UNIT_ELEMENT(#3315,1.);
#3314=DERIVED_UNIT_ELEMENT(#5363,-3.);
#3315=(
MASS_UNIT()
NAMED_UNIT(*)
SI_UNIT(.KILO.,.GRAM.)
);
#3316=DERIVED_UNIT((#3311,#3312));
#3317=DERIVED_UNIT((#3313,#3314));
#3318=MEASURE_REPRESENTATION_ITEM('density measure',
POSITIVE_RATIO_MEASURE(7850.),#3316);
#3319=MEASURE_REPRESENTATION_ITEM('density measure',
POSITIVE_RATIO_MEASURE(7850.),#3317);
#3320=PROPERTY_DEFINITION_REPRESENTATION(#3330,#3324);
#3321=PROPERTY_DEFINITION_REPRESENTATION(#3331,#3325);
#3322=PROPERTY_DEFINITION_REPRESENTATION(#3332,#3326);
#3323=PROPERTY_DEFINITION_REPRESENTATION(#3333,#3327);
#3324=REPRESENTATION('material name',(#3328),#5359);
#3325=REPRESENTATION('density',(#3318),#5359);
#3326=REPRESENTATION('material name',(#3329),#5360);
#3327=REPRESENTATION('density',(#3319),#5360);
#3328=DESCRIPTIVE_REPRESENTATION_ITEM('Steel','Steel');
#3329=DESCRIPTIVE_REPRESENTATION_ITEM('Steel','Steel');
#3330=PROPERTY_DEFINITION('material property','material name',#5379);
#3331=PROPERTY_DEFINITION('material property','density of part',#5379);
#3332=PROPERTY_DEFINITION('material property','material name',#5380);
#3333=PROPERTY_DEFINITION('material property','density of part',#5380);
#3334=AXIS2_PLACEMENT_3D('',#4417,#3558,#3559);
#3335=AXIS2_PLACEMENT_3D('',#4418,#3560,#3561);
#3336=AXIS2_PLACEMENT_3D('',#4419,#3562,#3563);
#3337=AXIS2_PLACEMENT_3D('',#4444,#3575,#3576);
#3338=AXIS2_PLACEMENT_3D('',#4452,#3580,#3581);
#3339=AXIS2_PLACEMENT_3D('',#4460,#3585,#3586);
#3340=AXIS2_PLACEMENT_3D('',#4468,#3590,#3591);
#3341=AXIS2_PLACEMENT_3D('',#4476,#3595,#3596);
#3342=AXIS2_PLACEMENT_3D('',#4478,#3598,#3599);
#3343=AXIS2_PLACEMENT_3D('',#4487,#3604,#3605);
#3344=AXIS2_PLACEMENT_3D('',#4508,#3615,#3616);
#3345=AXIS2_PLACEMENT_3D('',#4516,#3620,#3621);
#3346=AXIS2_PLACEMENT_3D('',#4524,#3625,#3626);
#3347=AXIS2_PLACEMENT_3D('',#4532,#3630,#3631);
#3348=AXIS2_PLACEMENT_3D('',#4540,#3635,#3636);
#3349=AXIS2_PLACEMENT_3D('',#4544,#3639,#3640);
#3350=AXIS2_PLACEMENT_3D('',#4553,#3645,#3646);
#3351=AXIS2_PLACEMENT_3D('',#4584,#3665,#3666);
#3352=AXIS2_PLACEMENT_3D('',#4598,#3675,#3676);
#3353=AXIS2_PLACEMENT_3D('',#4627,#3694,#3695);
#3354=AXIS2_PLACEMENT_3D('',#4639,#3703,#3704);
#3355=AXIS2_PLACEMENT_3D('',#4640,#3705,#3706);
#3356=AXIS2_PLACEMENT_3D('',#4648,#3711,#3712);
#3357=AXIS2_PLACEMENT_3D('',#4654,#3716,#3717);
#3358=AXIS2_PLACEMENT_3D('',#4660,#3721,#3722);
#3359=AXIS2_PLACEMENT_3D('',#4664,#3725,#3726);
#3360=AXIS2_PLACEMENT_3D('',#4670,#3730,#3731);
#3361=AXIS2_PLACEMENT_3D('',#4695,#3746,#3747);
#3362=AXIS2_PLACEMENT_3D('',#4699,#3750,#3751);
#3363=AXIS2_PLACEMENT_3D('',#4708,#3756,#3757);
#3364=AXIS2_PLACEMENT_3D('',#4722,#3765,#3766);
#3365=AXIS2_PLACEMENT_3D('',#4726,#3769,#3770);
#3366=AXIS2_PLACEMENT_3D('',#4738,#3777,#3778);
#3367=AXIS2_PLACEMENT_3D('',#4741,#3781,#3782);
#3368=AXIS2_PLACEMENT_3D('',#4744,#3785,#3786);
#3369=AXIS2_PLACEMENT_3D('',#4747,#3789,#3790);
#3370=AXIS2_PLACEMENT_3D('',#4749,#3792,#3793);
#3371=AXIS2_PLACEMENT_3D('',#4750,#3794,#3795);
#3372=AXIS2_PLACEMENT_3D('',#4752,#3797,#3798);
#3373=AXIS2_PLACEMENT_3D('',#4754,#3800,#3801);
#3374=AXIS2_PLACEMENT_3D('',#4755,#3802,#3803);
#3375=AXIS2_PLACEMENT_3D('',#4756,#3804,#3805);
#3376=AXIS2_PLACEMENT_3D('',#4758,#3807,#3808);
#3377=AXIS2_PLACEMENT_3D('',#4761,#3811,#3812);
#3378=AXIS2_PLACEMENT_3D('',#4764,#3815,#3816);
#3379=AXIS2_PLACEMENT_3D('',#4766,#3818,#3819);
#3380=AXIS2_PLACEMENT_3D('',#4767,#3820,#3821);
#3381=AXIS2_PLACEMENT_3D('',#4768,#3822,#3823);
#3382=AXIS2_PLACEMENT_3D('',#4769,#3824,#3825);
#3383=AXIS2_PLACEMENT_3D('',#4770,#3826,#3827);
#3384=AXIS2_PLACEMENT_3D('',#4772,#3829,#3830);
#3385=AXIS2_PLACEMENT_3D('',#4773,#3831,#3832);
#3386=AXIS2_PLACEMENT_3D('',#4777,#3835,#3836);
#3387=AXIS2_PLACEMENT_3D('',#4779,#3837,#3838);
#3388=AXIS2_PLACEMENT_3D('',#4781,#3840,#3841);
#3389=AXIS2_PLACEMENT_3D('',#4783,#3843,#3844);
#3390=AXIS2_PLACEMENT_3D('',#4784,#3845,#3846);
#3391=AXIS2_PLACEMENT_3D('',#4788,#3849,#3850);
#3392=AXIS2_PLACEMENT_3D('',#4790,#3851,#3852);
#3393=AXIS2_PLACEMENT_3D('',#4792,#3854,#3855);
#3394=AXIS2_PLACEMENT_3D('',#4794,#3857,#3858);
#3395=AXIS2_PLACEMENT_3D('',#4795,#3859,#3860);
#3396=AXIS2_PLACEMENT_3D('',#4799,#3863,#3864);
#3397=AXIS2_PLACEMENT_3D('',#4801,#3865,#3866);
#3398=AXIS2_PLACEMENT_3D('',#4803,#3868,#3869);
#3399=AXIS2_PLACEMENT_3D('',#4805,#3871,#3872);
#3400=AXIS2_PLACEMENT_3D('',#4806,#3873,#3874);
#3401=AXIS2_PLACEMENT_3D('',#4810,#3877,#3878);
#3402=AXIS2_PLACEMENT_3D('',#4812,#3879,#3880);
#3403=AXIS2_PLACEMENT_3D('',#4814,#3882,#3883);
#3404=AXIS2_PLACEMENT_3D('',#4816,#3885,#3886);
#3405=AXIS2_PLACEMENT_3D('',#4817,#3887,#3888);
#3406=AXIS2_PLACEMENT_3D('',#4821,#3891,#3892);
#3407=AXIS2_PLACEMENT_3D('',#4823,#3893,#3894);
#3408=AXIS2_PLACEMENT_3D('',#4825,#3896,#3897);
#3409=AXIS2_PLACEMENT_3D('',#4827,#3899,#3900);
#3410=AXIS2_PLACEMENT_3D('',#4828,#3901,#3902);
#3411=AXIS2_PLACEMENT_3D('',#4832,#3905,#3906);
#3412=AXIS2_PLACEMENT_3D('',#4834,#3907,#3908);
#3413=AXIS2_PLACEMENT_3D('',#4836,#3910,#3911);
#3414=AXIS2_PLACEMENT_3D('',#4838,#3913,#3914);
#3415=AXIS2_PLACEMENT_3D('',#4839,#3915,#3916);
#3416=AXIS2_PLACEMENT_3D('',#4843,#3919,#3920);
#3417=AXIS2_PLACEMENT_3D('',#4845,#3921,#3922);
#3418=AXIS2_PLACEMENT_3D('',#4847,#3924,#3925);
#3419=AXIS2_PLACEMENT_3D('',#4849,#3927,#3928);
#3420=AXIS2_PLACEMENT_3D('',#4850,#3929,#3930);
#3421=AXIS2_PLACEMENT_3D('',#4854,#3933,#3934);
#3422=AXIS2_PLACEMENT_3D('',#4856,#3935,#3936);
#3423=AXIS2_PLACEMENT_3D('',#4858,#3938,#3939);
#3424=AXIS2_PLACEMENT_3D('',#4860,#3941,#3942);
#3425=AXIS2_PLACEMENT_3D('',#4861,#3943,#3944);
#3426=AXIS2_PLACEMENT_3D('',#4865,#3947,#3948);
#3427=AXIS2_PLACEMENT_3D('',#4867,#3949,#3950);
#3428=AXIS2_PLACEMENT_3D('',#4869,#3952,#3953);
#3429=AXIS2_PLACEMENT_3D('',#4871,#3955,#3956);
#3430=AXIS2_PLACEMENT_3D('',#4872,#3957,#3958);
#3431=AXIS2_PLACEMENT_3D('',#4876,#3961,#3962);
#3432=AXIS2_PLACEMENT_3D('',#4878,#3963,#3964);
#3433=AXIS2_PLACEMENT_3D('',#4880,#3966,#3967);
#3434=AXIS2_PLACEMENT_3D('',#4882,#3969,#3970);
#3435=AXIS2_PLACEMENT_3D('',#4883,#3971,#3972);
#3436=AXIS2_PLACEMENT_3D('',#4884,#3973,#3974);
#3437=AXIS2_PLACEMENT_3D('',#4897,#3981,#3982);
#3438=AXIS2_PLACEMENT_3D('',#4937,#4003,#4004);
#3439=AXIS2_PLACEMENT_3D('',#4943,#4008,#4009);
#3440=AXIS2_PLACEMENT_3D('',#4949,#4013,#4014);
#3441=AXIS2_PLACEMENT_3D('',#4955,#4018,#4019);
#3442=AXIS2_PLACEMENT_3D('',#4963,#4024,#4025);
#3443=AXIS2_PLACEMENT_3D('',#4969,#4029,#4030);
#3444=AXIS2_PLACEMENT_3D('',#4983,#4038,#4039);
#3445=AXIS2_PLACEMENT_3D('',#4989,#4043,#4044);
#3446=AXIS2_PLACEMENT_3D('',#5003,#4052,#4053);
#3447=AXIS2_PLACEMENT_3D('',#5009,#4057,#4058);
#3448=AXIS2_PLACEMENT_3D('',#5015,#4062,#4063);
#3449=AXIS2_PLACEMENT_3D('',#5019,#4066,#4067);
#3450=AXIS2_PLACEMENT_3D('',#5024,#4071,#4072);
#3451=AXIS2_PLACEMENT_3D('',#5026,#4074,#4075);
#3452=AXIS2_PLACEMENT_3D('',#5028,#4077,#4078);
#3453=AXIS2_PLACEMENT_3D('',#5031,#4081,#4082);
#3454=AXIS2_PLACEMENT_3D('',#5033,#4084,#4085);
#3455=AXIS2_PLACEMENT_3D('',#5034,#4086,#4087);
#3456=AXIS2_PLACEMENT_3D('',#5038,#4090,#4091);
#3457=AXIS2_PLACEMENT_3D('',#5042,#4094,#4095);
#3458=AXIS2_PLACEMENT_3D('',#5044,#4097,#4098);
#3459=AXIS2_PLACEMENT_3D('',#5064,#4110,#4111);
#3460=AXIS2_PLACEMENT_3D('',#5066,#4113,#4114);
#3461=AXIS2_PLACEMENT_3D('',#5069,#4117,#4118);
#3462=AXIS2_PLACEMENT_3D('',#5072,#4121,#4122);
#3463=AXIS2_PLACEMENT_3D('',#5073,#4123,#4124);
#3464=AXIS2_PLACEMENT_3D('',#5075,#4126,#4127);
#3465=AXIS2_PLACEMENT_3D('',#5077,#4129,#4130);
#3466=AXIS2_PLACEMENT_3D('',#5078,#4131,#4132);
#3467=AXIS2_PLACEMENT_3D('',#5080,#4134,#4135);
#3468=AXIS2_PLACEMENT_3D('',#5081,#4136,#4137);
#3469=AXIS2_PLACEMENT_3D('',#5082,#4138,#4139);
#3470=AXIS2_PLACEMENT_3D('',#5083,#4140,#4141);
#3471=AXIS2_PLACEMENT_3D('',#5084,#4142,#4143);
#3472=AXIS2_PLACEMENT_3D('',#5092,#4147,#4148);
#3473=AXIS2_PLACEMENT_3D('',#5093,#4149,#4150);
#3474=AXIS2_PLACEMENT_3D('',#5099,#4154,#4155);
#3475=AXIS2_PLACEMENT_3D('',#5103,#4158,#4159);
#3476=AXIS2_PLACEMENT_3D('',#5107,#4162,#4163);
#3477=AXIS2_PLACEMENT_3D('',#5108,#4164,#4165);
#3478=AXIS2_PLACEMENT_3D('',#5109,#4166,#4167);
#3479=AXIS2_PLACEMENT_3D('',#5110,#4168,#4169);
#3480=AXIS2_PLACEMENT_3D('',#5118,#4173,#4174);
#3481=AXIS2_PLACEMENT_3D('',#5119,#4175,#4176);
#3482=AXIS2_PLACEMENT_3D('',#5125,#4180,#4181);
#3483=AXIS2_PLACEMENT_3D('',#5129,#4184,#4185);
#3484=AXIS2_PLACEMENT_3D('',#5133,#4188,#4189);
#3485=AXIS2_PLACEMENT_3D('',#5134,#4190,#4191);
#3486=AXIS2_PLACEMENT_3D('',#5135,#4192,#4193);
#3487=AXIS2_PLACEMENT_3D('',#5136,#4194,#4195);
#3488=AXIS2_PLACEMENT_3D('',#5144,#4199,#4200);
#3489=AXIS2_PLACEMENT_3D('',#5145,#4201,#4202);
#3490=AXIS2_PLACEMENT_3D('',#5151,#4206,#4207);
#3491=AXIS2_PLACEMENT_3D('',#5155,#4210,#4211);
#3492=AXIS2_PLACEMENT_3D('',#5159,#4214,#4215);
#3493=AXIS2_PLACEMENT_3D('',#5160,#4216,#4217);
#3494=AXIS2_PLACEMENT_3D('',#5161,#4218,#4219);
#3495=AXIS2_PLACEMENT_3D('',#5162,#4220,#4221);
#3496=AXIS2_PLACEMENT_3D('',#5170,#4225,#4226);
#3497=AXIS2_PLACEMENT_3D('',#5171,#4227,#4228);
#3498=AXIS2_PLACEMENT_3D('',#5177,#4232,#4233);
#3499=AXIS2_PLACEMENT_3D('',#5181,#4236,#4237);
#3500=AXIS2_PLACEMENT_3D('',#5185,#4240,#4241);
#3501=AXIS2_PLACEMENT_3D('',#5186,#4242,#4243);
#3502=AXIS2_PLACEMENT_3D('',#5187,#4244,#4245);
#3503=AXIS2_PLACEMENT_3D('',#5188,#4246,#4247);
#3504=AXIS2_PLACEMENT_3D('',#5193,#4249,#4250);
#3505=AXIS2_PLACEMENT_3D('',#5197,#4253,#4254);
#3506=AXIS2_PLACEMENT_3D('',#5203,#4258,#4259);
#3507=AXIS2_PLACEMENT_3D('',#5205,#4260,#4261);
#3508=AXIS2_PLACEMENT_3D('',#5207,#4263,#4264);
#3509=AXIS2_PLACEMENT_3D('',#5211,#4267,#4268);
#3510=AXIS2_PLACEMENT_3D('',#5213,#4270,#4271);
#3511=AXIS2_PLACEMENT_3D('',#5214,#4272,#4273);
#3512=AXIS2_PLACEMENT_3D('',#5219,#4275,#4276);
#3513=AXIS2_PLACEMENT_3D('',#5223,#4279,#4280);
#3514=AXIS2_PLACEMENT_3D('',#5229,#4284,#4285);
#3515=AXIS2_PLACEMENT_3D('',#5231,#4286,#4287);
#3516=AXIS2_PLACEMENT_3D('',#5233,#4289,#4290);
#3517=AXIS2_PLACEMENT_3D('',#5237,#4293,#4294);
#3518=AXIS2_PLACEMENT_3D('',#5239,#4296,#4297);
#3519=AXIS2_PLACEMENT_3D('',#5240,#4298,#4299);
#3520=AXIS2_PLACEMENT_3D('',#5245,#4301,#4302);
#3521=AXIS2_PLACEMENT_3D('',#5249,#4305,#4306);
#3522=AXIS2_PLACEMENT_3D('',#5255,#4310,#4311);
#3523=AXIS2_PLACEMENT_3D('',#5257,#4312,#4313);
#3524=AXIS2_PLACEMENT_3D('',#5259,#4315,#4316);
#3525=AXIS2_PLACEMENT_3D('',#5263,#4319,#4320);
#3526=AXIS2_PLACEMENT_3D('',#5265,#4322,#4323);
#3527=AXIS2_PLACEMENT_3D('',#5266,#4324,#4325);
#3528=AXIS2_PLACEMENT_3D('',#5271,#4327,#4328);
#3529=AXIS2_PLACEMENT_3D('',#5275,#4331,#4332);
#3530=AXIS2_PLACEMENT_3D('',#5281,#4336,#4337);
#3531=AXIS2_PLACEMENT_3D('',#5283,#4338,#4339);
#3532=AXIS2_PLACEMENT_3D('',#5285,#4341,#4342);
#3533=AXIS2_PLACEMENT_3D('',#5289,#4345,#4346);
#3534=AXIS2_PLACEMENT_3D('',#5291,#4348,#4349);
#3535=AXIS2_PLACEMENT_3D('',#5292,#4350,#4351);
#3536=AXIS2_PLACEMENT_3D('',#5300,#4355,#4356);
#3537=AXIS2_PLACEMENT_3D('',#5301,#4357,#4358);
#3538=AXIS2_PLACEMENT_3D('',#5307,#4362,#4363);
#3539=AXIS2_PLACEMENT_3D('',#5311,#4366,#4367);
#3540=AXIS2_PLACEMENT_3D('',#5315,#4370,#4371);
#3541=AXIS2_PLACEMENT_3D('',#5316,#4372,#4373);
#3542=AXIS2_PLACEMENT_3D('',#5317,#4374,#4375);
#3543=AXIS2_PLACEMENT_3D('',#5318,#4376,#4377);
#3544=AXIS2_PLACEMENT_3D('',#5323,#4379,#4380);
#3545=AXIS2_PLACEMENT_3D('',#5327,#4383,#4384);
#3546=AXIS2_PLACEMENT_3D('',#5333,#4388,#4389);
#3547=AXIS2_PLACEMENT_3D('',#5335,#4390,#4391);
#3548=AXIS2_PLACEMENT_3D('',#5337,#4393,#4394);
#3549=AXIS2_PLACEMENT_3D('',#5341,#4397,#4398);
#3550=AXIS2_PLACEMENT_3D('',#5343,#4400,#4401);
#3551=AXIS2_PLACEMENT_3D('',#5344,#4402,#4403);
#3552=AXIS2_PLACEMENT_3D('',#5346,#4404,#4405);
#3553=AXIS2_PLACEMENT_3D('',#5349,#4407,#4408);
#3554=AXIS2_PLACEMENT_3D('',#5350,#4409,#4410);
#3555=AXIS2_PLACEMENT_3D('',#5351,#4411,#4412);
#3556=AXIS2_PLACEMENT_3D('',#5352,#4413,#4414);
#3557=AXIS2_PLACEMENT_3D('',#5353,#4415,#4416);
#3558=DIRECTION('axis',(0.,0.,1.));
#3559=DIRECTION('refdir',(1.,0.,0.));
#3560=DIRECTION('axis',(0.,0.,1.));
#3561=DIRECTION('refdir',(1.,0.,0.));
#3562=DIRECTION('center_axis',(0.,1.,0.));
#3563=DIRECTION('ref_axis',(1.,0.,0.));
#3564=DIRECTION('',(0.,0.,1.));
#3565=DIRECTION('',(-1.,0.,0.));
#3566=DIRECTION('',(0.,0.,1.));
#3567=DIRECTION('',(-1.,0.,0.));
#3568=DIRECTION('',(0.707106781186548,0.,-0.707106781186548));
#3569=DIRECTION('',(0.,0.,1.));
#3570=DIRECTION('',(1.,0.,0.));
#3571=DIRECTION('',(0.,0.,-1.));
#3572=DIRECTION('',(1.,0.,0.));
#3573=DIRECTION('',(0.,0.,1.));
#3574=DIRECTION('',(1.,0.,0.));
#3575=DIRECTION('center_axis',(0.,-1.,0.));
#3576=DIRECTION('ref_axis',(0.,0.,-1.));
#3577=DIRECTION('',(1.,0.,0.));
#3578=DIRECTION('',(0.,0.,1.));
#3579=DIRECTION('',(1.,0.,0.));
#3580=DIRECTION('center_axis',(0.,-1.,0.));
#3581=DIRECTION('ref_axis',(0.,0.,-1.));
#3582=DIRECTION('',(1.,0.,0.));
#3583=DIRECTION('',(0.,0.,1.));
#3584=DIRECTION('',(1.,0.,0.));
#3585=DIRECTION('center_axis',(0.,-1.,0.));
#3586=DIRECTION('ref_axis',(0.,0.,-1.));
#3587=DIRECTION('',(1.,0.,0.));
#3588=DIRECTION('',(0.,0.,1.));
#3589=DIRECTION('',(1.,0.,0.));
#3590=DIRECTION('center_axis',(0.,-1.,0.));
#3591=DIRECTION('ref_axis',(0.,0.,-1.));
#3592=DIRECTION('',(1.,0.,0.));
#3593=DIRECTION('',(0.,0.,1.));
#3594=DIRECTION('',(1.,0.,0.));
#3595=DIRECTION('center_axis',(0.,-1.,0.));
#3596=DIRECTION('ref_axis',(0.,0.,-1.));
#3597=DIRECTION('',(1.,0.,0.));
#3598=DIRECTION('center_axis',(0.,1.,0.));
#3599=DIRECTION('ref_axis',(1.,0.,0.));
#3600=DIRECTION('',(1.,0.,0.));
#3601=DIRECTION('',(0.,0.,-1.));
#3602=DIRECTION('',(1.,0.,0.));
#3603=DIRECTION('',(0.,0.,-1.));
#3604=DIRECTION('center_axis',(0.,1.,0.));
#3605=DIRECTION('ref_axis',(1.,0.,0.));
#3606=DIRECTION('',(1.,0.,0.));
#3607=DIRECTION('',(0.,0.,-1.));
#3608=DIRECTION('',(1.,0.,0.));
#3609=DIRECTION('',(0.,0.,-1.));
#3610=DIRECTION('',(-1.,0.,0.));
#3611=DIRECTION('',(0.,0.,1.));
#3612=DIRECTION('',(-1.,0.,0.));
#3613=DIRECTION('',(0.,0.,-1.));
#3614=DIRECTION('',(-1.,0.,0.));
#3615=DIRECTION('center_axis',(0.,1.,0.));
#3616=DIRECTION('ref_axis',(0.,0.,-1.));
#3617=DIRECTION('',(-1.,0.,0.));
#3618=DIRECTION('',(0.,0.,-1.));
#3619=DIRECTION('',(-1.,0.,0.));
#3620=DIRECTION('center_axis',(0.,1.,0.));
#3621=DIRECTION('ref_axis',(0.,0.,-1.));
#3622=DIRECTION('',(-1.,0.,0.));
#3623=DIRECTION('',(0.,0.,-1.));
#3624=DIRECTION('',(-1.,0.,0.));
#3625=DIRECTION('center_axis',(0.,1.,0.));
#3626=DIRECTION('ref_axis',(0.,0.,-1.));
#3627=DIRECTION('',(-1.,0.,0.));
#3628=DIRECTION('',(0.,0.,-1.));
#3629=DIRECTION('',(-1.,0.,0.));
#3630=DIRECTION('center_axis',(0.,1.,0.));
#3631=DIRECTION('ref_axis',(0.,0.,-1.));
#3632=DIRECTION('',(-1.,0.,0.));
#3633=DIRECTION('',(0.,0.,-1.));
#3634=DIRECTION('',(-1.,0.,0.));
#3635=DIRECTION('center_axis',(0.,1.,0.));
#3636=DIRECTION('ref_axis',(0.,0.,-1.));
#3637=DIRECTION('',(-1.,0.,0.));
#3638=DIRECTION('',(0.,0.,-1.));
#3639=DIRECTION('center_axis',(0.,1.,0.));
#3640=DIRECTION('ref_axis',(1.,0.,0.));
#3641=DIRECTION('',(-1.,0.,0.));
#3642=DIRECTION('',(0.,0.,1.));
#3643=DIRECTION('',(-1.,0.,0.));
#3644=DIRECTION('',(0.,0.,1.));
#3645=DIRECTION('center_axis',(-1.,0.,0.));
#3646=DIRECTION('ref_axis',(0.,0.,1.));
#3647=DIRECTION('',(0.,1.,0.));
#3648=DIRECTION('',(0.,0.,-1.));
#3649=DIRECTION('',(0.,1.,0.));
#3650=DIRECTION('',(0.,1.,0.));
#3651=DIRECTION('',(0.,0.,-1.));
#3652=DIRECTION('',(0.,1.,0.));
#3653=DIRECTION('',(0.,1.,0.));
#3654=DIRECTION('',(0.,0.,-1.));
#3655=DIRECTION('',(0.,1.,0.));
#3656=DIRECTION('',(0.,1.,0.));
#3657=DIRECTION('',(0.,0.,-1.));
#3658=DIRECTION('',(0.,1.,0.));
#3659=DIRECTION('',(0.,1.,0.));
#3660=DIRECTION('',(0.,0.,-1.));
#3661=DIRECTION('',(0.,1.,0.));
#3662=DIRECTION('',(0.,1.,0.));
#3663=DIRECTION('',(0.,0.,1.));
#3664=DIRECTION('',(0.,1.,0.));
#3665=DIRECTION('center_axis',(0.,0.,-1.));
#3666=DIRECTION('ref_axis',(-1.,0.,0.));
#3667=DIRECTION('',(0.,1.,0.));
#3668=DIRECTION('',(1.,0.,0.));
#3669=DIRECTION('',(0.,1.,0.));
#3670=DIRECTION('',(0.,1.,0.));
#3671=DIRECTION('',(1.,0.,0.));
#3672=DIRECTION('',(0.,1.,0.));
#3673=DIRECTION('',(-1.,0.,0.));
#3674=DIRECTION('',(0.,1.,0.));
#3675=DIRECTION('center_axis',(1.,0.,0.));
#3676=DIRECTION('ref_axis',(0.,0.,-1.));
#3677=DIRECTION('',(0.,1.,0.));
#3678=DIRECTION('',(0.,0.,-1.));
#3679=DIRECTION('',(0.,1.,0.));
#3680=DIRECTION('',(0.,1.,0.));
#3681=DIRECTION('',(0.,0.,-1.));
#3682=DIRECTION('',(0.,1.,0.));
#3683=DIRECTION('',(0.,1.,0.));
#3684=DIRECTION('',(0.,0.,-1.));
#3685=DIRECTION('',(0.,1.,0.));
#3686=DIRECTION('',(0.,1.,0.));
#3687=DIRECTION('',(0.,0.,-1.));
#3688=DIRECTION('',(0.,1.,0.));
#3689=DIRECTION('',(0.,1.,0.));
#3690=DIRECTION('',(0.,0.,-1.));
#3691=DIRECTION('',(0.,1.,0.));
#3692=DIRECTION('',(0.,0.,-1.));
#3693=DIRECTION('',(0.,1.,0.));
#3694=DIRECTION('center_axis',(0.,0.,1.));
#3695=DIRECTION('ref_axis',(1.,0.,0.));
#3696=DIRECTION('',(0.,1.,0.));
#3697=DIRECTION('',(1.,0.,0.));
#3698=DIRECTION('',(0.,1.,0.));
#3699=DIRECTION('',(0.,1.,0.));
#3700=DIRECTION('',(1.,0.,0.));
#3701=DIRECTION('',(0.,1.,0.));
#3702=DIRECTION('',(1.,0.,0.));
#3703=DIRECTION('center_axis',(0.,1.,0.));
#3704=DIRECTION('ref_axis',(1.,0.,0.));
#3705=DIRECTION('center_axis',(1.,0.,0.));
#3706=DIRECTION('ref_axis',(0.,0.,-1.));
#3707=DIRECTION('',(0.,0.,-1.));
#3708=DIRECTION('',(0.,1.,0.));
#3709=DIRECTION('',(0.,0.,-1.));
#3710=DIRECTION('',(0.,1.,0.));
#3711=DIRECTION('center_axis',(0.,0.,1.));
#3712=DIRECTION('ref_axis',(1.,0.,0.));
#3713=DIRECTION('',(0.,-1.,0.));
#3714=DIRECTION('',(1.,0.,0.));
#3715=DIRECTION('',(0.,1.,0.));
#3716=DIRECTION('center_axis',(0.,0.,1.));
#3717=DIRECTION('ref_axis',(1.,0.,0.));
#3718=DIRECTION('',(0.,1.,0.));
#3719=DIRECTION('',(1.,0.,0.));
#3720=DIRECTION('',(0.,1.,0.));
#3721=DIRECTION('center_axis',(0.,0.,1.));
#3722=DIRECTION('ref_axis',(1.,0.,0.));
#3723=DIRECTION('',(0.,-1.,0.));
#3724=DIRECTION('',(1.,0.,0.));
#3725=DIRECTION('center_axis',(1.,0.,0.));
#3726=DIRECTION('ref_axis',(0.,0.,-1.));
#3727=DIRECTION('',(0.,0.,-1.));
#3728=DIRECTION('',(0.,1.,0.));
#3729=DIRECTION('',(0.,0.,-1.));
#3730=DIRECTION('center_axis',(0.,1.,0.));
#3731=DIRECTION('ref_axis',(1.,0.,0.));
#3732=DIRECTION('',(1.,0.,0.));
#3733=DIRECTION('',(0.,0.,1.));
#3734=DIRECTION('',(-1.,0.,0.));
#3735=DIRECTION('',(0.,0.,1.));
#3736=DIRECTION('',(0.,0.,-1.));
#3737=DIRECTION('',(-1.,0.,0.));
#3738=DIRECTION('',(0.,0.,-1.));
#3739=DIRECTION('',(0.,0.,1.));
#3740=DIRECTION('',(-1.,0.,0.));
#3741=DIRECTION('',(0.,0.,-1.));
#3742=DIRECTION('',(1.,0.,0.));
#3743=DIRECTION('',(0.,0.,1.));
#3744=DIRECTION('',(1.,0.,0.));
#3745=DIRECTION('',(0.,0.,1.));
#3746=DIRECTION('center_axis',(-1.,0.,0.));
#3747=DIRECTION('ref_axis',(0.,0.,1.));
#3748=DIRECTION('',(0.,1.,0.));
#3749=DIRECTION('',(0.,0.,-1.));
#3750=DIRECTION('center_axis',(0.,1.,0.));
#3751=DIRECTION('ref_axis',(1.,0.,0.));
#3752=DIRECTION('',(-1.,0.,0.));
#3753=DIRECTION('',(0.,0.,1.));
#3754=DIRECTION('',(-1.,0.,0.));
#3755=DIRECTION('',(0.,0.,1.));
#3756=DIRECTION('center_axis',(0.,1.,0.));
#3757=DIRECTION('ref_axis',(1.,0.,0.));
#3758=DIRECTION('',(1.,0.,0.));
#3759=DIRECTION('',(0.,0.,1.));
#3760=DIRECTION('',(0.707106781186548,0.,-0.707106781186548));
#3761=DIRECTION('',(-1.,0.,0.));
#3762=DIRECTION('',(0.,0.,1.));
#3763=DIRECTION('',(-1.,0.,0.));
#3764=DIRECTION('',(0.,0.,1.));
#3765=DIRECTION('center_axis',(0.,1.,0.));
#3766=DIRECTION('ref_axis',(1.,0.,0.));
#3767=DIRECTION('',(1.,0.,0.));
#3768=DIRECTION('',(0.,0.,-1.));
#3769=DIRECTION('center_axis',(0.,1.,0.));
#3770=DIRECTION('ref_axis',(1.,0.,0.));
#3771=DIRECTION('',(1.,0.,0.));
#3772=DIRECTION('',(0.,0.,-1.));
#3773=DIRECTION('',(-1.,0.,0.));
#3774=DIRECTION('',(0.,0.,1.));
#3775=DIRECTION('',(-1.,0.,0.));
#3776=DIRECTION('',(0.,0.,-1.));
#3777=DIRECTION('center_axis',(0.,0.,-1.));
#3778=DIRECTION('ref_axis',(-1.,0.,0.));
#3779=DIRECTION('',(0.,1.,0.));
#3780=DIRECTION('',(0.,1.,0.));
#3781=DIRECTION('center_axis',(0.,0.,-1.));
#3782=DIRECTION('ref_axis',(-1.,0.,0.));
#3783=DIRECTION('',(0.,1.,0.));
#3784=DIRECTION('',(0.,1.,0.));
#3785=DIRECTION('center_axis',(0.,0.,-1.));
#3786=DIRECTION('ref_axis',(-1.,0.,0.));
#3787=DIRECTION('',(0.,1.,0.));
#3788=DIRECTION('',(0.,1.,0.));
#3789=DIRECTION('center_axis',(-1.,0.,0.));
#3790=DIRECTION('ref_axis',(0.,0.,1.));
#3791=DIRECTION('',(0.,1.,0.));
#3792=DIRECTION('center_axis',(0.,0.,1.));
#3793=DIRECTION('ref_axis',(1.,0.,0.));
#3794=DIRECTION('center_axis',(0.,0.,1.));
#3795=DIRECTION('ref_axis',(1.,0.,0.));
#3796=DIRECTION('',(0.,1.,0.));
#3797=DIRECTION('center_axis',(0.,0.,1.));
#3798=DIRECTION('ref_axis',(1.,0.,0.));
#3799=DIRECTION('',(0.,1.,0.));
#3800=DIRECTION('center_axis',(-1.,0.,0.));
#3801=DIRECTION('ref_axis',(0.,0.,1.));
#3802=DIRECTION('center_axis',(1.,0.,0.));
#3803=DIRECTION('ref_axis',(0.,0.,-1.));
#3804=DIRECTION('center_axis',(-1.,0.,0.));
#3805=DIRECTION('ref_axis',(0.,0.,1.));
#3806=DIRECTION('',(0.,1.,0.));
#3807=DIRECTION('center_axis',(0.,0.,-1.));
#3808=DIRECTION('ref_axis',(-1.,0.,0.));
#3809=DIRECTION('',(0.,-1.,0.));
#3810=DIRECTION('',(0.,1.,0.));
#3811=DIRECTION('center_axis',(0.,0.,-1.));
#3812=DIRECTION('ref_axis',(-1.,0.,0.));
#3813=DIRECTION('',(0.,1.,0.));
#3814=DIRECTION('',(0.,1.,0.));
#3815=DIRECTION('center_axis',(0.,0.,-1.));
#3816=DIRECTION('ref_axis',(-1.,0.,0.));
#3817=DIRECTION('',(0.,-1.,0.));
#3818=DIRECTION('center_axis',(-1.,0.,0.));
#3819=DIRECTION('ref_axis',(0.,0.,1.));
#3820=DIRECTION('center_axis',(1.,0.,0.));
#3821=DIRECTION('ref_axis',(0.,0.,-1.));
#3822=DIRECTION('center_axis',(1.,0.,0.));
#3823=DIRECTION('ref_axis',(0.,0.,-1.));
#3824=DIRECTION('center_axis',(1.,0.,0.));
#3825=DIRECTION('ref_axis',(0.,0.,-1.));
#3826=DIRECTION('center_axis',(-0.707106781186548,0.,-0.707106781186548));
#3827=DIRECTION('ref_axis',(0.707106781186548,0.,-0.707106781186548));
#3828=DIRECTION('',(0.,-1.,0.));
#3829=DIRECTION('center_axis',(-1.,0.,0.));
#3830=DIRECTION('ref_axis',(0.,0.,1.));
#3831=DIRECTION('center_axis',(0.,0.,-1.));
#3832=DIRECTION('ref_axis',(-1.,0.,0.));
#3833=DIRECTION('',(-1.,0.,0.));
#3834=DIRECTION('',(0.,1.,0.));
#3835=DIRECTION('center_axis',(0.,1.,0.));
#3836=DIRECTION('ref_axis',(-1.,0.,-1.22464679914735E-16));
#3837=DIRECTION('center_axis',(0.,1.,0.));
#3838=DIRECTION('ref_axis',(0.,0.,-1.));
#3839=DIRECTION('',(0.,1.,0.));
#3840=DIRECTION('center_axis',(0.,0.,1.));
#3841=DIRECTION('ref_axis',(1.,0.,0.));
#3842=DIRECTION('',(1.,0.,0.));
#3843=DIRECTION('center_axis',(0.,1.,0.));
#3844=DIRECTION('ref_axis',(1.,0.,0.));
#3845=DIRECTION('center_axis',(0.,0.,-1.));
#3846=DIRECTION('ref_axis',(-1.,0.,0.));
#3847=DIRECTION('',(-1.,0.,0.));
#3848=DIRECTION('',(0.,1.,0.));
#3849=DIRECTION('center_axis',(0.,1.,0.));
#3850=DIRECTION('ref_axis',(-1.,0.,-1.22464679914735E-16));
#3851=DIRECTION('center_axis',(0.,1.,0.));
#3852=DIRECTION('ref_axis',(0.,0.,-1.));
#3853=DIRECTION('',(0.,1.,0.));
#3854=DIRECTION('center_axis',(0.,0.,1.));
#3855=DIRECTION('ref_axis',(1.,0.,0.));
#3856=DIRECTION('',(1.,0.,0.));
#3857=DIRECTION('center_axis',(0.,1.,0.));
#3858=DIRECTION('ref_axis',(1.,0.,0.));
#3859=DIRECTION('center_axis',(0.,0.,-1.));
#3860=DIRECTION('ref_axis',(-1.,0.,0.));
#3861=DIRECTION('',(-1.,0.,0.));
#3862=DIRECTION('',(0.,1.,0.));
#3863=DIRECTION('center_axis',(0.,1.,0.));
#3864=DIRECTION('ref_axis',(-1.,0.,-1.22464679914735E-16));
#3865=DIRECTION('center_axis',(0.,1.,0.));
#3866=DIRECTION('ref_axis',(0.,0.,-1.));
#3867=DIRECTION('',(0.,1.,0.));
#3868=DIRECTION('center_axis',(0.,0.,1.));
#3869=DIRECTION('ref_axis',(1.,0.,0.));
#3870=DIRECTION('',(1.,0.,0.));
#3871=DIRECTION('center_axis',(0.,1.,0.));
#3872=DIRECTION('ref_axis',(1.,0.,0.));
#3873=DIRECTION('center_axis',(0.,0.,-1.));
#3874=DIRECTION('ref_axis',(-1.,0.,0.));
#3875=DIRECTION('',(-1.,0.,0.));
#3876=DIRECTION('',(0.,1.,0.));
#3877=DIRECTION('center_axis',(0.,1.,0.));
#3878=DIRECTION('ref_axis',(-1.,0.,-1.22464679914735E-16));
#3879=DIRECTION('center_axis',(0.,1.,0.));
#3880=DIRECTION('ref_axis',(0.,0.,-1.));
#3881=DIRECTION('',(0.,1.,0.));
#3882=DIRECTION('center_axis',(0.,0.,1.));
#3883=DIRECTION('ref_axis',(1.,0.,0.));
#3884=DIRECTION('',(1.,0.,0.));
#3885=DIRECTION('center_axis',(0.,1.,0.));
#3886=DIRECTION('ref_axis',(1.,0.,0.));
#3887=DIRECTION('center_axis',(0.,0.,-1.));
#3888=DIRECTION('ref_axis',(-1.,0.,0.));
#3889=DIRECTION('',(-1.,0.,0.));
#3890=DIRECTION('',(0.,1.,0.));
#3891=DIRECTION('center_axis',(0.,1.,0.));
#3892=DIRECTION('ref_axis',(-1.,0.,-1.22464679914735E-16));
#3893=DIRECTION('center_axis',(0.,1.,0.));
#3894=DIRECTION('ref_axis',(0.,0.,-1.));
#3895=DIRECTION('',(0.,1.,0.));
#3896=DIRECTION('center_axis',(0.,0.,1.));
#3897=DIRECTION('ref_axis',(1.,0.,0.));
#3898=DIRECTION('',(1.,0.,0.));
#3899=DIRECTION('center_axis',(0.,1.,0.));
#3900=DIRECTION('ref_axis',(1.,0.,0.));
#3901=DIRECTION('center_axis',(0.,0.,-1.));
#3902=DIRECTION('ref_axis',(-1.,0.,0.));
#3903=DIRECTION('',(-1.,0.,0.));
#3904=DIRECTION('',(0.,1.,0.));
#3905=DIRECTION('center_axis',(0.,-1.,0.));
#3906=DIRECTION('ref_axis',(1.,0.,-1.22464679914735E-16));
#3907=DIRECTION('center_axis',(0.,-1.,0.));
#3908=DIRECTION('ref_axis',(0.,0.,-1.));
#3909=DIRECTION('',(0.,1.,0.));
#3910=DIRECTION('center_axis',(0.,0.,1.));
#3911=DIRECTION('ref_axis',(1.,0.,0.));
#3912=DIRECTION('',(1.,0.,0.));
#3913=DIRECTION('center_axis',(0.,-1.,0.));
#3914=DIRECTION('ref_axis',(-1.,0.,0.));
#3915=DIRECTION('center_axis',(0.,0.,-1.));
#3916=DIRECTION('ref_axis',(-1.,0.,0.));
#3917=DIRECTION('',(-1.,0.,0.));
#3918=DIRECTION('',(0.,1.,0.));
#3919=DIRECTION('center_axis',(0.,-1.,0.));
#3920=DIRECTION('ref_axis',(1.,0.,-1.22464679914735E-16));
#3921=DIRECTION('center_axis',(0.,-1.,0.));
#3922=DIRECTION('ref_axis',(0.,0.,-1.));
#3923=DIRECTION('',(0.,1.,0.));
#3924=DIRECTION('center_axis',(0.,0.,1.));
#3925=DIRECTION('ref_axis',(1.,0.,0.));
#3926=DIRECTION('',(1.,0.,0.));
#3927=DIRECTION('center_axis',(0.,-1.,0.));
#3928=DIRECTION('ref_axis',(-1.,0.,0.));
#3929=DIRECTION('center_axis',(0.,0.,-1.));
#3930=DIRECTION('ref_axis',(-1.,0.,0.));
#3931=DIRECTION('',(-1.,0.,0.));
#3932=DIRECTION('',(0.,1.,0.));
#3933=DIRECTION('center_axis',(0.,-1.,0.));
#3934=DIRECTION('ref_axis',(1.,0.,-1.22464679914735E-16));
#3935=DIRECTION('center_axis',(0.,-1.,0.));
#3936=DIRECTION('ref_axis',(0.,0.,-1.));
#3937=DIRECTION('',(0.,1.,0.));
#3938=DIRECTION('center_axis',(0.,0.,1.));
#3939=DIRECTION('ref_axis',(1.,0.,0.));
#3940=DIRECTION('',(1.,0.,0.));
#3941=DIRECTION('center_axis',(0.,-1.,0.));
#3942=DIRECTION('ref_axis',(-1.,0.,0.));
#3943=DIRECTION('center_axis',(0.,0.,-1.));
#3944=DIRECTION('ref_axis',(-1.,0.,0.));
#3945=DIRECTION('',(-1.,0.,0.));
#3946=DIRECTION('',(0.,1.,0.));
#3947=DIRECTION('center_axis',(0.,-1.,0.));
#3948=DIRECTION('ref_axis',(1.,0.,-1.22464679914735E-16));
#3949=DIRECTION('center_axis',(0.,-1.,0.));
#3950=DIRECTION('ref_axis',(0.,0.,-1.));
#3951=DIRECTION('',(0.,1.,0.));
#3952=DIRECTION('center_axis',(0.,0.,1.));
#3953=DIRECTION('ref_axis',(1.,0.,0.));
#3954=DIRECTION('',(1.,0.,0.));
#3955=DIRECTION('center_axis',(0.,-1.,0.));
#3956=DIRECTION('ref_axis',(-1.,0.,0.));
#3957=DIRECTION('center_axis',(0.,0.,-1.));
#3958=DIRECTION('ref_axis',(-1.,0.,0.));
#3959=DIRECTION('',(-1.,0.,0.));
#3960=DIRECTION('',(0.,1.,0.));
#3961=DIRECTION('center_axis',(0.,-1.,0.));
#3962=DIRECTION('ref_axis',(1.,0.,-1.22464679914735E-16));
#3963=DIRECTION('center_axis',(0.,-1.,0.));
#3964=DIRECTION('ref_axis',(0.,0.,-1.));
#3965=DIRECTION('',(0.,1.,0.));
#3966=DIRECTION('center_axis',(0.,0.,1.));
#3967=DIRECTION('ref_axis',(1.,0.,0.));
#3968=DIRECTION('',(1.,0.,0.));
#3969=DIRECTION('center_axis',(0.,-1.,0.));
#3970=DIRECTION('ref_axis',(-1.,0.,0.));
#3971=DIRECTION('axis',(0.,0.,1.));
#3972=DIRECTION('refdir',(1.,0.,0.));
#3973=DIRECTION('center_axis',(1.,0.,0.));
#3974=DIRECTION('ref_axis',(0.,0.,-1.));
#3975=DIRECTION('',(0.,0.,-1.));
#3976=DIRECTION('',(0.,1.,0.));
#3977=DIRECTION('',(0.,0.,-1.));
#3978=DIRECTION('',(0.,1.,0.));
#3979=DIRECTION('',(0.,0.,1.));
#3980=DIRECTION('',(0.,1.,0.));
#3981=DIRECTION('center_axis',(0.,1.,0.));
#3982=DIRECTION('ref_axis',(1.,0.,0.));
#3983=DIRECTION('',(-1.,0.,0.));
#3984=DIRECTION('',(0.,0.,1.));
#3985=DIRECTION('',(-1.,0.,0.));
#3986=DIRECTION('',(0.,0.,-1.));
#3987=DIRECTION('',(-1.,0.,0.));
#3988=DIRECTION('',(0.,0.,-1.));
#3989=DIRECTION('',(0.707106781186548,0.,-0.707106781186548));
#3990=DIRECTION('',(1.,0.,0.));
#3991=DIRECTION('',(0.,0.,1.));
#3992=DIRECTION('',(-1.,0.,0.));
#3993=DIRECTION('',(1.,0.,0.));
#3994=DIRECTION('',(0.,0.,-1.));
#3995=DIRECTION('',(1.,0.,0.));
#3996=DIRECTION('',(0.,0.,1.));
#3997=DIRECTION('',(1.,0.,0.));
#3998=DIRECTION('',(0.,0.,1.));
#3999=DIRECTION('',(-1.,0.,0.));
#4000=DIRECTION('',(0.,0.,-1.));
#4001=DIRECTION('',(1.,0.,0.));
#4002=DIRECTION('',(0.,0.,1.));
#4003=DIRECTION('center_axis',(0.,0.,1.));
#4004=DIRECTION('ref_axis',(1.,0.,0.));
#4005=DIRECTION('',(0.,1.,0.));
#4006=DIRECTION('',(1.,0.,0.));
#4007=DIRECTION('',(0.,-1.,0.));
#4008=DIRECTION('center_axis',(0.,0.,1.));
#4009=DIRECTION('ref_axis',(1.,0.,0.));
#4010=DIRECTION('',(0.,1.,0.));
#4011=DIRECTION('',(1.,0.,0.));
#4012=DIRECTION('',(0.,1.,0.));
#4013=DIRECTION('center_axis',(0.,0.,1.));
#4014=DIRECTION('ref_axis',(1.,0.,0.));
#4015=DIRECTION('',(0.,1.,0.));
#4016=DIRECTION('',(0.,-1.,0.));
#4017=DIRECTION('',(1.,0.,0.));
#4018=DIRECTION('center_axis',(1.,0.,0.));
#4019=DIRECTION('ref_axis',(0.,0.,-1.));
#4020=DIRECTION('',(0.,1.,0.));
#4021=DIRECTION('',(0.,0.,-1.));
#4022=DIRECTION('',(0.,1.,0.));
#4023=DIRECTION('',(0.,0.,-1.));
#4024=DIRECTION('center_axis',(0.,1.,0.));
#4025=DIRECTION('ref_axis',(1.,0.,0.));
#4026=DIRECTION('',(-1.,0.,0.));
#4027=DIRECTION('',(0.,0.,1.));
#4028=DIRECTION('',(-1.,0.,0.));
#4029=DIRECTION('center_axis',(0.,1.,0.));
#4030=DIRECTION('ref_axis',(1.,0.,0.));
#4031=DIRECTION('',(1.,0.,0.));
#4032=DIRECTION('',(0.,0.,1.));
#4033=DIRECTION('',(-1.,0.,0.));
#4034=DIRECTION('',(0.,0.,1.));
#4035=DIRECTION('',(-1.,0.,0.));
#4036=DIRECTION('',(0.707106781186548,0.,-0.707106781186548));
#4037=DIRECTION('',(0.,0.,1.));
#4038=DIRECTION('center_axis',(0.,1.,0.));
#4039=DIRECTION('ref_axis',(1.,0.,0.));
#4040=DIRECTION('',(1.,0.,0.));
#4041=DIRECTION('',(0.,0.,-1.));
#4042=DIRECTION('',(0.,0.,-1.));
#4043=DIRECTION('center_axis',(0.,1.,0.));
#4044=DIRECTION('ref_axis',(1.,0.,0.));
#4045=DIRECTION('',(1.,0.,0.));
#4046=DIRECTION('',(0.,0.,-1.));
#4047=DIRECTION('',(0.,0.,-1.));
#4048=DIRECTION('',(-1.,0.,0.));
#4049=DIRECTION('',(0.,0.,1.));
#4050=DIRECTION('',(-1.,0.,0.));
#4051=DIRECTION('',(0.,0.,-1.));
#4052=DIRECTION('center_axis',(0.,0.,-1.));
#4053=DIRECTION('ref_axis',(-1.,0.,0.));
#4054=DIRECTION('',(0.,1.,0.));
#4055=DIRECTION('',(-1.,0.,0.));
#4056=DIRECTION('',(0.,1.,0.));
#4057=DIRECTION('center_axis',(0.,0.,-1.));
#4058=DIRECTION('ref_axis',(-1.,0.,0.));
#4059=DIRECTION('',(0.,1.,0.));
#4060=DIRECTION('',(-1.,0.,0.));
#4061=DIRECTION('',(0.,1.,0.));
#4062=DIRECTION('center_axis',(0.,0.,-1.));
#4063=DIRECTION('ref_axis',(-1.,0.,0.));
#4064=DIRECTION('',(-1.,0.,0.));
#4065=DIRECTION('',(0.,1.,0.));
#4066=DIRECTION('center_axis',(-1.,0.,0.));
#4067=DIRECTION('ref_axis',(0.,0.,1.));
#4068=DIRECTION('',(0.,1.,0.));
#4069=DIRECTION('',(0.,0.,1.));
#4070=DIRECTION('',(0.,1.,0.));
#4071=DIRECTION('center_axis',(0.,0.,-1.));
#4072=DIRECTION('ref_axis',(-1.,0.,0.));
#4073=DIRECTION('',(0.,-1.,0.));
#4074=DIRECTION('center_axis',(0.,0.,-1.));
#4075=DIRECTION('ref_axis',(-1.,0.,0.));
#4076=DIRECTION('',(0.,1.,0.));
#4077=DIRECTION('center_axis',(0.,0.,-1.));
#4078=DIRECTION('ref_axis',(-1.,0.,0.));
#4079=DIRECTION('',(0.,1.,0.));
#4080=DIRECTION('',(0.,-1.,0.));
#4081=DIRECTION('center_axis',(-0.707106781186548,0.,-0.707106781186548));
#4082=DIRECTION('ref_axis',(0.707106781186548,0.,-0.707106781186548));
#4083=DIRECTION('',(0.,-1.,0.));
#4084=DIRECTION('center_axis',(-1.,0.,0.));
#4085=DIRECTION('ref_axis',(0.,0.,1.));
#4086=DIRECTION('center_axis',(1.,0.,0.));
#4087=DIRECTION('ref_axis',(0.,0.,-1.));
#4088=DIRECTION('',(0.,0.,-1.));
#4089=DIRECTION('',(0.,1.,0.));
#4090=DIRECTION('center_axis',(0.,0.,1.));
#4091=DIRECTION('ref_axis',(1.,0.,0.));
#4092=DIRECTION('',(1.,0.,0.));
#4093=DIRECTION('',(0.,1.,0.));
#4094=DIRECTION('center_axis',(-1.,0.,0.));
#4095=DIRECTION('ref_axis',(0.,0.,1.));
#4096=DIRECTION('',(0.,0.,1.));
#4097=DIRECTION('center_axis',(0.,1.,0.));
#4098=DIRECTION('ref_axis',(1.,0.,0.));
#4099=DIRECTION('',(1.,0.,0.));
#4100=DIRECTION('',(0.,0.,-1.));
#4101=DIRECTION('',(-1.,0.,0.));
#4102=DIRECTION('',(0.,0.,1.));
#4103=DIRECTION('',(1.,0.,0.));
#4104=DIRECTION('',(-1.,0.,0.));
#4105=DIRECTION('',(0.,0.,1.));
#4106=DIRECTION('',(1.,0.,0.));
#4107=DIRECTION('',(0.,0.,1.));
#4108=DIRECTION('',(1.,0.,0.));
#4109=DIRECTION('',(0.,0.,-1.));
#4110=DIRECTION('center_axis',(0.,0.,1.));
#4111=DIRECTION('ref_axis',(1.,0.,0.));
#4112=DIRECTION('',(0.,1.,0.));
#4113=DIRECTION('center_axis',(0.,0.,1.));
#4114=DIRECTION('ref_axis',(1.,0.,0.));
#4115=DIRECTION('',(0.,1.,0.));
#4116=DIRECTION('',(0.,1.,0.));
#4117=DIRECTION('center_axis',(0.,0.,1.));
#4118=DIRECTION('ref_axis',(1.,0.,0.));
#4119=DIRECTION('',(0.,1.,0.));
#4120=DIRECTION('',(0.,1.,0.));
#4121=DIRECTION('center_axis',(-1.,0.,0.));
#4122=DIRECTION('ref_axis',(0.,0.,1.));
#4123=DIRECTION('center_axis',(-1.,0.,0.));
#4124=DIRECTION('ref_axis',(0.,0.,1.));
#4125=DIRECTION('',(0.,1.,0.));
#4126=DIRECTION('center_axis',(0.,0.,1.));
#4127=DIRECTION('ref_axis',(1.,0.,0.));
#4128=DIRECTION('',(0.,1.,0.));
#4129=DIRECTION('center_axis',(1.,0.,0.));
#4130=DIRECTION('ref_axis',(0.,0.,-1.));
#4131=DIRECTION('center_axis',(-1.,0.,0.));
#4132=DIRECTION('ref_axis',(0.,0.,1.));
#4133=DIRECTION('',(0.,1.,0.));
#4134=DIRECTION('center_axis',(0.,0.,-1.));
#4135=DIRECTION('ref_axis',(-1.,0.,0.));
#4136=DIRECTION('center_axis',(1.,0.,0.));
#4137=DIRECTION('ref_axis',(0.,0.,-1.));
#4138=DIRECTION('center_axis',(0.,0.,-1.));
#4139=DIRECTION('ref_axis',(-1.,0.,0.));
#4140=DIRECTION('center_axis',(1.,0.,0.));
#4141=DIRECTION('ref_axis',(0.,0.,-1.));
#4142=DIRECTION('center_axis',(0.,1.,0.));
#4143=DIRECTION('ref_axis',(1.,0.,0.));
#4144=DIRECTION('',(-1.,0.,0.));
#4145=DIRECTION('',(0.,0.,-1.));
#4146=DIRECTION('',(1.,0.,0.));
#4147=DIRECTION('center_axis',(0.,1.,0.));
#4148=DIRECTION('ref_axis',(0.,0.,-1.));
#4149=DIRECTION('center_axis',(0.,0.,-1.));
#4150=DIRECTION('ref_axis',(-1.,0.,0.));
#4151=DIRECTION('',(0.,1.,0.));
#4152=DIRECTION('',(-1.,0.,0.));
#4153=DIRECTION('',(0.,1.,0.));
#4154=DIRECTION('center_axis',(1.,0.,0.));
#4155=DIRECTION('ref_axis',(0.,0.,-1.));
#4156=DIRECTION('',(0.,0.,-1.));
#4157=DIRECTION('',(0.,1.,0.));
#4158=DIRECTION('center_axis',(0.,0.,1.));
#4159=DIRECTION('ref_axis',(1.,0.,0.));
#4160=DIRECTION('',(1.,0.,0.));
#4161=DIRECTION('',(0.,1.,0.));
#4162=DIRECTION('center_axis',(0.,1.,0.));
#4163=DIRECTION('ref_axis',(-1.,0.,-1.22464679914735E-16));
#4164=DIRECTION('center_axis',(0.,1.,0.));
#4165=DIRECTION('ref_axis',(0.,0.,-1.));
#4166=DIRECTION('center_axis',(0.,1.,0.));
#4167=DIRECTION('ref_axis',(1.,0.,0.));
#4168=DIRECTION('center_axis',(0.,1.,0.));
#4169=DIRECTION('ref_axis',(1.,0.,0.));
#4170=DIRECTION('',(-1.,0.,0.));
#4171=DIRECTION('',(0.,0.,-1.));
#4172=DIRECTION('',(1.,0.,0.));
#4173=DIRECTION('center_axis',(0.,1.,0.));
#4174=DIRECTION('ref_axis',(0.,0.,-1.));
#4175=DIRECTION('center_axis',(0.,0.,-1.));
#4176=DIRECTION('ref_axis',(-1.,0.,0.));
#4177=DIRECTION('',(0.,1.,0.));
#4178=DIRECTION('',(-1.,0.,0.));
#4179=DIRECTION('',(0.,1.,0.));
#4180=DIRECTION('center_axis',(1.,0.,0.));
#4181=DIRECTION('ref_axis',(0.,0.,-1.));
#4182=DIRECTION('',(0.,0.,-1.));
#4183=DIRECTION('',(0.,1.,0.));
#4184=DIRECTION('center_axis',(0.,0.,1.));
#4185=DIRECTION('ref_axis',(1.,0.,0.));
#4186=DIRECTION('',(1.,0.,0.));
#4187=DIRECTION('',(0.,1.,0.));
#4188=DIRECTION('center_axis',(0.,1.,0.));
#4189=DIRECTION('ref_axis',(-1.,0.,-1.22464679914735E-16));
#4190=DIRECTION('center_axis',(0.,1.,0.));
#4191=DIRECTION('ref_axis',(0.,0.,-1.));
#4192=DIRECTION('center_axis',(0.,1.,0.));
#4193=DIRECTION('ref_axis',(1.,0.,0.));
#4194=DIRECTION('center_axis',(0.,1.,0.));
#4195=DIRECTION('ref_axis',(1.,0.,0.));
#4196=DIRECTION('',(-1.,0.,0.));
#4197=DIRECTION('',(0.,0.,-1.));
#4198=DIRECTION('',(1.,0.,0.));
#4199=DIRECTION('center_axis',(0.,1.,0.));
#4200=DIRECTION('ref_axis',(0.,0.,-1.));
#4201=DIRECTION('center_axis',(0.,0.,-1.));
#4202=DIRECTION('ref_axis',(-1.,0.,0.));
#4203=DIRECTION('',(0.,1.,0.));
#4204=DIRECTION('',(-1.,0.,0.));
#4205=DIRECTION('',(0.,1.,0.));
#4206=DIRECTION('center_axis',(1.,0.,0.));
#4207=DIRECTION('ref_axis',(0.,0.,-1.));
#4208=DIRECTION('',(0.,0.,-1.));
#4209=DIRECTION('',(0.,1.,0.));
#4210=DIRECTION('center_axis',(0.,0.,1.));
#4211=DIRECTION('ref_axis',(1.,0.,0.));
#4212=DIRECTION('',(1.,0.,0.));
#4213=DIRECTION('',(0.,1.,0.));
#4214=DIRECTION('center_axis',(0.,1.,0.));
#4215=DIRECTION('ref_axis',(-1.,0.,-1.22464679914735E-16));
#4216=DIRECTION('center_axis',(0.,1.,0.));
#4217=DIRECTION('ref_axis',(0.,0.,-1.));
#4218=DIRECTION('center_axis',(0.,1.,0.));
#4219=DIRECTION('ref_axis',(1.,0.,0.));
#4220=DIRECTION('center_axis',(0.,1.,0.));
#4221=DIRECTION('ref_axis',(1.,0.,0.));
#4222=DIRECTION('',(-1.,0.,0.));
#4223=DIRECTION('',(0.,0.,-1.));
#4224=DIRECTION('',(1.,0.,0.));
#4225=DIRECTION('center_axis',(0.,1.,0.));
#4226=DIRECTION('ref_axis',(0.,0.,-1.));
#4227=DIRECTION('center_axis',(0.,0.,-1.));
#4228=DIRECTION('ref_axis',(-1.,0.,0.));
#4229=DIRECTION('',(0.,1.,0.));
#4230=DIRECTION('',(-1.,0.,0.));
#4231=DIRECTION('',(0.,1.,0.));
#4232=DIRECTION('center_axis',(1.,0.,0.));
#4233=DIRECTION('ref_axis',(0.,0.,-1.));
#4234=DIRECTION('',(0.,0.,-1.));
#4235=DIRECTION('',(0.,1.,0.));
#4236=DIRECTION('center_axis',(0.,0.,1.));
#4237=DIRECTION('ref_axis',(1.,0.,0.));
#4238=DIRECTION('',(1.,0.,0.));
#4239=DIRECTION('',(0.,1.,0.));
#4240=DIRECTION('center_axis',(0.,1.,0.));
#4241=DIRECTION('ref_axis',(-1.,0.,-1.22464679914735E-16));
#4242=DIRECTION('center_axis',(0.,1.,0.));
#4243=DIRECTION('ref_axis',(0.,0.,-1.));
#4244=DIRECTION('center_axis',(0.,1.,0.));
#4245=DIRECTION('ref_axis',(1.,0.,0.));
#4246=DIRECTION('center_axis',(0.,-1.,0.));
#4247=DIRECTION('ref_axis',(-1.,0.,0.));
#4248=DIRECTION('',(1.,0.,0.));
#4249=DIRECTION('center_axis',(0.,-1.,0.));
#4250=DIRECTION('ref_axis',(0.,0.,-1.));
#4251=DIRECTION('',(-1.,0.,0.));
#4252=DIRECTION('',(0.,0.,-1.));
#4253=DIRECTION('center_axis',(0.,0.,1.));
#4254=DIRECTION('ref_axis',(1.,0.,0.));
#4255=DIRECTION('',(0.,1.,0.));
#4256=DIRECTION('',(1.,0.,0.));
#4257=DIRECTION('',(0.,1.,0.));
#4258=DIRECTION('center_axis',(0.,-1.,0.));
#4259=DIRECTION('ref_axis',(1.,0.,-1.22464679914735E-16));
#4260=DIRECTION('center_axis',(0.,-1.,0.));
#4261=DIRECTION('ref_axis',(0.,0.,-1.));
#4262=DIRECTION('',(0.,1.,0.));
#4263=DIRECTION('center_axis',(0.,0.,-1.));
#4264=DIRECTION('ref_axis',(-1.,0.,0.));
#4265=DIRECTION('',(-1.,0.,0.));
#4266=DIRECTION('',(0.,1.,0.));
#4267=DIRECTION('center_axis',(1.,0.,0.));
#4268=DIRECTION('ref_axis',(0.,0.,-1.));
#4269=DIRECTION('',(0.,0.,-1.));
#4270=DIRECTION('center_axis',(0.,-1.,0.));
#4271=DIRECTION('ref_axis',(-1.,0.,0.));
#4272=DIRECTION('center_axis',(0.,-1.,0.));
#4273=DIRECTION('ref_axis',(-1.,0.,0.));
#4274=DIRECTION('',(1.,0.,0.));
#4275=DIRECTION('center_axis',(0.,-1.,0.));
#4276=DIRECTION('ref_axis',(0.,0.,-1.));
#4277=DIRECTION('',(-1.,0.,0.));
#4278=DIRECTION('',(0.,0.,-1.));
#4279=DIRECTION('center_axis',(0.,0.,1.));
#4280=DIRECTION('ref_axis',(1.,0.,0.));
#4281=DIRECTION('',(0.,1.,0.));
#4282=DIRECTION('',(1.,0.,0.));
#4283=DIRECTION('',(0.,1.,0.));
#4284=DIRECTION('center_axis',(0.,-1.,0.));
#4285=DIRECTION('ref_axis',(1.,0.,-1.22464679914735E-16));
#4286=DIRECTION('center_axis',(0.,-1.,0.));
#4287=DIRECTION('ref_axis',(0.,0.,-1.));
#4288=DIRECTION('',(0.,1.,0.));
#4289=DIRECTION('center_axis',(0.,0.,-1.));
#4290=DIRECTION('ref_axis',(-1.,0.,0.));
#4291=DIRECTION('',(-1.,0.,0.));
#4292=DIRECTION('',(0.,1.,0.));
#4293=DIRECTION('center_axis',(1.,0.,0.));
#4294=DIRECTION('ref_axis',(0.,0.,-1.));
#4295=DIRECTION('',(0.,0.,-1.));
#4296=DIRECTION('center_axis',(0.,-1.,0.));
#4297=DIRECTION('ref_axis',(-1.,0.,0.));
#4298=DIRECTION('center_axis',(0.,-1.,0.));
#4299=DIRECTION('ref_axis',(-1.,0.,0.));
#4300=DIRECTION('',(1.,0.,0.));
#4301=DIRECTION('center_axis',(0.,-1.,0.));
#4302=DIRECTION('ref_axis',(0.,0.,-1.));
#4303=DIRECTION('',(-1.,0.,0.));
#4304=DIRECTION('',(0.,0.,-1.));
#4305=DIRECTION('center_axis',(0.,0.,1.));
#4306=DIRECTION('ref_axis',(1.,0.,0.));
#4307=DIRECTION('',(0.,1.,0.));
#4308=DIRECTION('',(1.,0.,0.));
#4309=DIRECTION('',(0.,1.,0.));
#4310=DIRECTION('center_axis',(0.,-1.,0.));
#4311=DIRECTION('ref_axis',(1.,0.,-1.22464679914735E-16));
#4312=DIRECTION('center_axis',(0.,-1.,0.));
#4313=DIRECTION('ref_axis',(0.,0.,-1.));
#4314=DIRECTION('',(0.,1.,0.));
#4315=DIRECTION('center_axis',(0.,0.,-1.));
#4316=DIRECTION('ref_axis',(-1.,0.,0.));
#4317=DIRECTION('',(-1.,0.,0.));
#4318=DIRECTION('',(0.,1.,0.));
#4319=DIRECTION('center_axis',(1.,0.,0.));
#4320=DIRECTION('ref_axis',(0.,0.,-1.));
#4321=DIRECTION('',(0.,0.,-1.));
#4322=DIRECTION('center_axis',(0.,-1.,0.));
#4323=DIRECTION('ref_axis',(-1.,0.,0.));
#4324=DIRECTION('center_axis',(0.,-1.,0.));
#4325=DIRECTION('ref_axis',(-1.,0.,0.));
#4326=DIRECTION('',(1.,0.,0.));
#4327=DIRECTION('center_axis',(0.,-1.,0.));
#4328=DIRECTION('ref_axis',(0.,0.,-1.));
#4329=DIRECTION('',(-1.,0.,0.));
#4330=DIRECTION('',(0.,0.,-1.));
#4331=DIRECTION('center_axis',(0.,0.,1.));
#4332=DIRECTION('ref_axis',(1.,0.,0.));
#4333=DIRECTION('',(0.,1.,0.));
#4334=DIRECTION('',(1.,0.,0.));
#4335=DIRECTION('',(0.,1.,0.));
#4336=DIRECTION('center_axis',(0.,-1.,0.));
#4337=DIRECTION('ref_axis',(1.,0.,-1.22464679914735E-16));
#4338=DIRECTION('center_axis',(0.,-1.,0.));
#4339=DIRECTION('ref_axis',(0.,0.,-1.));
#4340=DIRECTION('',(0.,1.,0.));
#4341=DIRECTION('center_axis',(0.,0.,-1.));
#4342=DIRECTION('ref_axis',(-1.,0.,0.));
#4343=DIRECTION('',(-1.,0.,0.));
#4344=DIRECTION('',(0.,1.,0.));
#4345=DIRECTION('center_axis',(1.,0.,0.));
#4346=DIRECTION('ref_axis',(0.,0.,-1.));
#4347=DIRECTION('',(0.,0.,-1.));
#4348=DIRECTION('center_axis',(0.,-1.,0.));
#4349=DIRECTION('ref_axis',(-1.,0.,0.));
#4350=DIRECTION('center_axis',(0.,1.,0.));
#4351=DIRECTION('ref_axis',(1.,0.,0.));
#4352=DIRECTION('',(-1.,0.,0.));
#4353=DIRECTION('',(0.,0.,-1.));
#4354=DIRECTION('',(1.,0.,0.));
#4355=DIRECTION('center_axis',(0.,1.,0.));
#4356=DIRECTION('ref_axis',(0.,0.,-1.));
#4357=DIRECTION('center_axis',(0.,0.,-1.));
#4358=DIRECTION('ref_axis',(-1.,0.,0.));
#4359=DIRECTION('',(0.,1.,0.));
#4360=DIRECTION('',(-1.,0.,0.));
#4361=DIRECTION('',(0.,1.,0.));
#4362=DIRECTION('center_axis',(1.,0.,0.));
#4363=DIRECTION('ref_axis',(0.,0.,-1.));
#4364=DIRECTION('',(0.,0.,-1.));
#4365=DIRECTION('',(0.,1.,0.));
#4366=DIRECTION('center_axis',(0.,0.,1.));
#4367=DIRECTION('ref_axis',(1.,0.,0.));
#4368=DIRECTION('',(1.,0.,0.));
#4369=DIRECTION('',(0.,1.,0.));
#4370=DIRECTION('center_axis',(0.,1.,0.));
#4371=DIRECTION('ref_axis',(-1.,0.,-1.22464679914735E-16));
#4372=DIRECTION('center_axis',(0.,1.,0.));
#4373=DIRECTION('ref_axis',(0.,0.,-1.));
#4374=DIRECTION('center_axis',(0.,1.,0.));
#4375=DIRECTION('ref_axis',(1.,0.,0.));
#4376=DIRECTION('center_axis',(0.,-1.,0.));
#4377=DIRECTION('ref_axis',(-1.,0.,0.));
#4378=DIRECTION('',(1.,0.,0.));
#4379=DIRECTION('center_axis',(0.,-1.,0.));
#4380=DIRECTION('ref_axis',(0.,0.,-1.));
#4381=DIRECTION('',(-1.,0.,0.));
#4382=DIRECTION('',(0.,0.,-1.));
#4383=DIRECTION('center_axis',(0.,0.,1.));
#4384=DIRECTION('ref_axis',(1.,0.,0.));
#4385=DIRECTION('',(0.,1.,0.));
#4386=DIRECTION('',(1.,0.,0.));
#4387=DIRECTION('',(0.,1.,0.));
#4388=DIRECTION('center_axis',(0.,-1.,0.));
#4389=DIRECTION('ref_axis',(1.,0.,-1.22464679914735E-16));
#4390=DIRECTION('center_axis',(0.,-1.,0.));
#4391=DIRECTION('ref_axis',(0.,0.,-1.));
#4392=DIRECTION('',(0.,1.,0.));
#4393=DIRECTION('center_axis',(0.,0.,-1.));
#4394=DIRECTION('ref_axis',(-1.,0.,0.));
#4395=DIRECTION('',(-1.,0.,0.));
#4396=DIRECTION('',(0.,1.,0.));
#4397=DIRECTION('center_axis',(1.,0.,0.));
#4398=DIRECTION('ref_axis',(0.,0.,-1.));
#4399=DIRECTION('',(0.,0.,-1.));
#4400=DIRECTION('center_axis',(0.,-1.,0.));
#4401=DIRECTION('ref_axis',(-1.,0.,0.));
#4402=DIRECTION('center_axis',(0.,0.,1.));
#4403=DIRECTION('ref_axis',(-1.,0.,0.));
#4404=DIRECTION('center_axis',(0.,0.,1.));
#4405=DIRECTION('ref_axis',(-1.,0.,0.));
#4406=DIRECTION('',(0.,0.,-1.));
#4407=DIRECTION('center_axis',(0.,0.,1.));
#4408=DIRECTION('ref_axis',(-1.,0.,0.));
#4409=DIRECTION('center_axis',(0.,0.,1.));
#4410=DIRECTION('ref_axis',(-1.,0.,0.));
#4411=DIRECTION('center_axis',(0.,0.,1.));
#4412=DIRECTION('ref_axis',(-1.,0.,0.));
#4413=DIRECTION('',(0.,-1.,0.));
#4414=DIRECTION('',(1.,0.,0.));
#4415=DIRECTION('',(0.,-1.,0.));
#4416=DIRECTION('',(1.,0.,0.));
#4417=CARTESIAN_POINT('',(0.,0.,0.));
#4418=CARTESIAN_POINT('',(0.,0.,0.));
#4419=CARTESIAN_POINT('Origin',(0.,0.,0.));
#4420=CARTESIAN_POINT('',(-1.5,0.,-1.5));
#4421=CARTESIAN_POINT('',(-1.5,0.,-1.12));
#4422=CARTESIAN_POINT('',(-1.5,0.,-1.5));
#4423=CARTESIAN_POINT('',(-0.375,0.,-1.5));
#4424=CARTESIAN_POINT('',(-0.375,0.,-1.5));
#4425=CARTESIAN_POINT('',(-0.375,0.,-1.2));
#4426=CARTESIAN_POINT('',(-0.375,0.,-1.5));
#4427=CARTESIAN_POINT('',(-0.525,0.,-1.2));
#4428=CARTESIAN_POINT('',(-0.375,0.,-1.2));
#4429=CARTESIAN_POINT('',(-0.825,0.,-0.9));
#4430=CARTESIAN_POINT('',(-0.825,0.,-0.9));
#4431=CARTESIAN_POINT('',(-0.825,0.,1.2));
#4432=CARTESIAN_POINT('',(-0.825,0.,-0.9));
#4433=CARTESIAN_POINT('',(-0.375,0.,1.2));
#4434=CARTESIAN_POINT('',(-0.825,0.,1.2));
#4435=CARTESIAN_POINT('',(-0.375,0.,1.5));
#4436=CARTESIAN_POINT('',(-0.375,0.,1.5));
#4437=CARTESIAN_POINT('',(-1.5,0.,1.5));
#4438=CARTESIAN_POINT('',(-1.5,0.,1.5));
#4439=CARTESIAN_POINT('',(-1.5,0.,1.12));
#4440=CARTESIAN_POINT('',(-1.5,0.,1.12));
#4441=CARTESIAN_POINT('',(-1.22,0.,1.12));
#4442=CARTESIAN_POINT('',(-1.5,0.,1.12));
#4443=CARTESIAN_POINT('',(-1.22,0.,0.88));
#4444=CARTESIAN_POINT('Origin',(-1.22,0.,1.));
#4445=CARTESIAN_POINT('',(-1.5,0.,0.88));
#4446=CARTESIAN_POINT('',(-1.5,0.,0.88));
#4447=CARTESIAN_POINT('',(-1.5,0.,0.62));
#4448=CARTESIAN_POINT('',(-1.5,0.,0.62));
#4449=CARTESIAN_POINT('',(-1.22,0.,0.62));
#4450=CARTESIAN_POINT('',(-1.5,0.,0.62));
#4451=CARTESIAN_POINT('',(-1.22,0.,0.38));
#4452=CARTESIAN_POINT('Origin',(-1.22,0.,0.5));
#4453=CARTESIAN_POINT('',(-1.5,0.,0.38));
#4454=CARTESIAN_POINT('',(-1.5,0.,0.38));
#4455=CARTESIAN_POINT('',(-1.5,0.,0.12));
#4456=CARTESIAN_POINT('',(-1.5,0.,0.12));
#4457=CARTESIAN_POINT('',(-1.22,0.,0.12));
#4458=CARTESIAN_POINT('',(-1.5,0.,0.12));
#4459=CARTESIAN_POINT('',(-1.22,0.,-0.12));
#4460=CARTESIAN_POINT('Origin',(-1.22,0.,0.));
#4461=CARTESIAN_POINT('',(-1.5,0.,-0.12));
#4462=CARTESIAN_POINT('',(-1.5,0.,-0.12));
#4463=CARTESIAN_POINT('',(-1.5,0.,-0.38));
#4464=CARTESIAN_POINT('',(-1.5,0.,-0.38));
#4465=CARTESIAN_POINT('',(-1.22,0.,-0.38));
#4466=CARTESIAN_POINT('',(-1.5,0.,-0.38));
#4467=CARTESIAN_POINT('',(-1.22,0.,-0.62));
#4468=CARTESIAN_POINT('Origin',(-1.22,0.,-0.5));
#4469=CARTESIAN_POINT('',(-1.5,0.,-0.62));
#4470=CARTESIAN_POINT('',(-1.5,0.,-0.62));
#4471=CARTESIAN_POINT('',(-1.5,0.,-0.88));
#4472=CARTESIAN_POINT('',(-1.5,0.,-0.88));
#4473=CARTESIAN_POINT('',(-1.22,0.,-0.88));
#4474=CARTESIAN_POINT('',(-1.5,0.,-0.88));
#4475=CARTESIAN_POINT('',(-1.22,0.,-1.12));
#4476=CARTESIAN_POINT('Origin',(-1.22,0.,-1.));
#4477=CARTESIAN_POINT('',(-1.5,0.,-1.12));
#4478=CARTESIAN_POINT('Origin',(0.,0.,0.));
#4479=CARTESIAN_POINT('',(-0.125,0.,1.5));
#4480=CARTESIAN_POINT('',(0.125,0.,1.5));
#4481=CARTESIAN_POINT('',(-0.125,0.,1.5));
#4482=CARTESIAN_POINT('',(-0.125,0.,1.2));
#4483=CARTESIAN_POINT('',(-0.125,0.,1.5));
#4484=CARTESIAN_POINT('',(0.125,0.,1.2));
#4485=CARTESIAN_POINT('',(-0.125,0.,1.2));
#4486=CARTESIAN_POINT('',(0.125,0.,1.5));
#4487=CARTESIAN_POINT('Origin',(0.,0.,0.));
#4488=CARTESIAN_POINT('',(0.375,0.,1.5));
#4489=CARTESIAN_POINT('',(1.5,0.,1.5));
#4490=CARTESIAN_POINT('',(0.375,0.,1.5));
#4491=CARTESIAN_POINT('',(0.375,0.,1.2));
#4492=CARTESIAN_POINT('',(0.375,0.,1.5));
#4493=CARTESIAN_POINT('',(0.825,0.,1.2));
#4494=CARTESIAN_POINT('',(0.375,0.,1.2));
#4495=CARTESIAN_POINT('',(0.825,0.,-1.2));
#4496=CARTESIAN_POINT('',(0.825,0.,1.2));
#4497=CARTESIAN_POINT('',(0.375,0.,-1.2));
#4498=CARTESIAN_POINT('',(0.825,0.,-1.2));
#4499=CARTESIAN_POINT('',(0.375,0.,-1.5));
#4500=CARTESIAN_POINT('',(0.375,0.,-1.5));
#4501=CARTESIAN_POINT('',(1.5,0.,-1.5));
#4502=CARTESIAN_POINT('',(1.5,0.,-1.5));
#4503=CARTESIAN_POINT('',(1.5,0.,-1.12));
#4504=CARTESIAN_POINT('',(1.5,0.,-1.12));
#4505=CARTESIAN_POINT('',(1.22,0.,-1.12));
#4506=CARTESIAN_POINT('',(1.5,0.,-1.12));
#4507=CARTESIAN_POINT('',(1.22,0.,-0.88));
#4508=CARTESIAN_POINT('Origin',(1.22,0.,-1.));
#4509=CARTESIAN_POINT('',(1.5,0.,-0.88));
#4510=CARTESIAN_POINT('',(1.5,0.,-0.88));
#4511=CARTESIAN_POINT('',(1.5,0.,-0.62));
#4512=CARTESIAN_POINT('',(1.5,0.,-0.62));
#4513=CARTESIAN_POINT('',(1.22,0.,-0.62));
#4514=CARTESIAN_POINT('',(1.5,0.,-0.62));
#4515=CARTESIAN_POINT('',(1.22,0.,-0.38));
#4516=CARTESIAN_POINT('Origin',(1.22,0.,-0.5));
#4517=CARTESIAN_POINT('',(1.5,0.,-0.38));
#4518=CARTESIAN_POINT('',(1.5,0.,-0.38));
#4519=CARTESIAN_POINT('',(1.5,0.,-0.12));
#4520=CARTESIAN_POINT('',(1.5,0.,-0.12));
#4521=CARTESIAN_POINT('',(1.22,0.,-0.12));
#4522=CARTESIAN_POINT('',(1.5,0.,-0.12));
#4523=CARTESIAN_POINT('',(1.22,0.,0.12));
#4524=CARTESIAN_POINT('Origin',(1.22,0.,0.));
#4525=CARTESIAN_POINT('',(1.5,0.,0.12));
#4526=CARTESIAN_POINT('',(1.5,0.,0.12));
#4527=CARTESIAN_POINT('',(1.5,0.,0.38));
#4528=CARTESIAN_POINT('',(1.5,0.,0.38));
#4529=CARTESIAN_POINT('',(1.22,0.,0.38));
#4530=CARTESIAN_POINT('',(1.5,0.,0.38));
#4531=CARTESIAN_POINT('',(1.22,0.,0.62));
#4532=CARTESIAN_POINT('Origin',(1.22,0.,0.5));
#4533=CARTESIAN_POINT('',(1.5,0.,0.62));
#4534=CARTESIAN_POINT('',(1.5,0.,0.62));
#4535=CARTESIAN_POINT('',(1.5,0.,0.88));
#4536=CARTESIAN_POINT('',(1.5,0.,0.88));
#4537=CARTESIAN_POINT('',(1.22,0.,0.88));
#4538=CARTESIAN_POINT('',(1.5,0.,0.88));
#4539=CARTESIAN_POINT('',(1.22,0.,1.12));
#4540=CARTESIAN_POINT('Origin',(1.22,0.,1.));
#4541=CARTESIAN_POINT('',(1.5,0.,1.12));
#4542=CARTESIAN_POINT('',(1.5,0.,1.12));
#4543=CARTESIAN_POINT('',(1.5,0.,1.5));
#4544=CARTESIAN_POINT('Origin',(0.,0.,0.));
#4545=CARTESIAN_POINT('',(0.125,0.,-1.5));
#4546=CARTESIAN_POINT('',(-0.125,0.,-1.5));
#4547=CARTESIAN_POINT('',(0.125,0.,-1.5));
#4548=CARTESIAN_POINT('',(0.125,0.,-1.2));
#4549=CARTESIAN_POINT('',(0.125,0.,-1.5));
#4550=CARTESIAN_POINT('',(-0.125,0.,-1.2));
#4551=CARTESIAN_POINT('',(0.125,0.,-1.2));
#4552=CARTESIAN_POINT('',(-0.125,0.,-1.5));
#4553=CARTESIAN_POINT('Origin',(-1.5,0.,-1.5));
#4554=CARTESIAN_POINT('',(-1.5,0.175,-1.12));
#4555=CARTESIAN_POINT('',(-1.5,0.,-1.12));
#4556=CARTESIAN_POINT('',(-1.5,0.175,-0.88));
#4557=CARTESIAN_POINT('',(-1.5,0.175,-0.88));
#4558=CARTESIAN_POINT('',(-1.5,0.,-0.88));
#4559=CARTESIAN_POINT('',(-1.5,0.175,-0.62));
#4560=CARTESIAN_POINT('',(-1.5,0.,-0.62));
#4561=CARTESIAN_POINT('',(-1.5,0.175,-0.38));
#4562=CARTESIAN_POINT('',(-1.5,0.175,-0.38));
#4563=CARTESIAN_POINT('',(-1.5,0.,-0.38));
#4564=CARTESIAN_POINT('',(-1.5,0.175,-0.12));
#4565=CARTESIAN_POINT('',(-1.5,0.,-0.12));
#4566=CARTESIAN_POINT('',(-1.5,0.175,0.12));
#4567=CARTESIAN_POINT('',(-1.5,0.175,0.12));
#4568=CARTESIAN_POINT('',(-1.5,0.,0.12));
#4569=CARTESIAN_POINT('',(-1.5,0.175,0.38));
#4570=CARTESIAN_POINT('',(-1.5,0.,0.38));
#4571=CARTESIAN_POINT('',(-1.5,0.175,0.62));
#4572=CARTESIAN_POINT('',(-1.5,0.175,0.62));
#4573=CARTESIAN_POINT('',(-1.5,0.,0.62));
#4574=CARTESIAN_POINT('',(-1.5,0.175,0.88));
#4575=CARTESIAN_POINT('',(-1.5,0.,0.88));
#4576=CARTESIAN_POINT('',(-1.5,0.175,1.12));
#4577=CARTESIAN_POINT('',(-1.5,0.175,1.12));
#4578=CARTESIAN_POINT('',(-1.5,0.,1.12));
#4579=CARTESIAN_POINT('',(-1.5,0.975,1.5));
#4580=CARTESIAN_POINT('',(-1.5,0.,1.5));
#4581=CARTESIAN_POINT('',(-1.5,0.975,-1.5));
#4582=CARTESIAN_POINT('',(-1.5,0.975,-1.5));
#4583=CARTESIAN_POINT('',(-1.5,0.,-1.5));
#4584=CARTESIAN_POINT('Origin',(1.5,0.,-1.5));
#4585=CARTESIAN_POINT('',(0.375,0.175,-1.5));
#4586=CARTESIAN_POINT('',(0.375,0.,-1.5));
#4587=CARTESIAN_POINT('',(0.125,0.175,-1.5));
#4588=CARTESIAN_POINT('',(0.125,0.175,-1.5));
#4589=CARTESIAN_POINT('',(0.125,0.,-1.5));
#4590=CARTESIAN_POINT('',(-0.125,0.175,-1.5));
#4591=CARTESIAN_POINT('',(-0.125,0.,-1.5));
#4592=CARTESIAN_POINT('',(-0.375,0.175,-1.5));
#4593=CARTESIAN_POINT('',(-0.375,0.175,-1.5));
#4594=CARTESIAN_POINT('',(-0.375,0.,-1.5));
#4595=CARTESIAN_POINT('',(1.5,0.975,-1.5));
#4596=CARTESIAN_POINT('',(1.5,0.975,-1.5));
#4597=CARTESIAN_POINT('',(1.5,0.,-1.5));
#4598=CARTESIAN_POINT('Origin',(1.5,0.,1.5));
#4599=CARTESIAN_POINT('',(1.5,0.175,1.12));
#4600=CARTESIAN_POINT('',(1.5,0.,1.12));
#4601=CARTESIAN_POINT('',(1.5,0.175,0.88));
#4602=CARTESIAN_POINT('',(1.5,0.175,1.12));
#4603=CARTESIAN_POINT('',(1.5,0.,0.88));
#4604=CARTESIAN_POINT('',(1.5,0.175,0.62));
#4605=CARTESIAN_POINT('',(1.5,0.,0.62));
#4606=CARTESIAN_POINT('',(1.5,0.175,0.38));
#4607=CARTESIAN_POINT('',(1.5,0.175,0.62));
#4608=CARTESIAN_POINT('',(1.5,0.,0.38));
#4609=CARTESIAN_POINT('',(1.5,0.175,0.12));
#4610=CARTESIAN_POINT('',(1.5,0.,0.12));
#4611=CARTESIAN_POINT('',(1.5,0.175,-0.12));
#4612=CARTESIAN_POINT('',(1.5,0.175,0.12));
#4613=CARTESIAN_POINT('',(1.5,0.,-0.12));
#4614=CARTESIAN_POINT('',(1.5,0.175,-0.38));
#4615=CARTESIAN_POINT('',(1.5,0.,-0.38));
#4616=CARTESIAN_POINT('',(1.5,0.175,-0.62));
#4617=CARTESIAN_POINT('',(1.5,0.175,-0.38));
#4618=CARTESIAN_POINT('',(1.5,0.,-0.62));
#4619=CARTESIAN_POINT('',(1.5,0.175,-0.88));
#4620=CARTESIAN_POINT('',(1.5,0.,-0.88));
#4621=CARTESIAN_POINT('',(1.5,0.175,-1.12));
#4622=CARTESIAN_POINT('',(1.5,0.175,-0.88));
#4623=CARTESIAN_POINT('',(1.5,0.,-1.12));
#4624=CARTESIAN_POINT('',(1.5,0.975,1.5));
#4625=CARTESIAN_POINT('',(1.5,0.975,1.5));
#4626=CARTESIAN_POINT('',(1.5,0.,1.5));
#4627=CARTESIAN_POINT('Origin',(-1.5,0.,1.5));
#4628=CARTESIAN_POINT('',(-0.375,0.175,1.5));
#4629=CARTESIAN_POINT('',(-0.375,0.,1.5));
#4630=CARTESIAN_POINT('',(-0.125,0.175,1.5));
#4631=CARTESIAN_POINT('',(-0.375,0.175,1.5));
#4632=CARTESIAN_POINT('',(-0.125,0.,1.5));
#4633=CARTESIAN_POINT('',(0.125,0.175,1.5));
#4634=CARTESIAN_POINT('',(0.125,0.,1.5));
#4635=CARTESIAN_POINT('',(0.375,0.175,1.5));
#4636=CARTESIAN_POINT('',(0.125,0.175,1.5));
#4637=CARTESIAN_POINT('',(0.375,0.,1.5));
#4638=CARTESIAN_POINT('',(-1.5,0.975,1.5));
#4639=CARTESIAN_POINT('Origin',(0.,0.975,0.));
#4640=CARTESIAN_POINT('Origin',(0.375,-0.025,1.5));
#4641=CARTESIAN_POINT('',(0.375,0.175,1.35));
#4642=CARTESIAN_POINT('',(0.375,0.175,1.5));
#4643=CARTESIAN_POINT('',(0.375,0.075,1.35));
#4644=CARTESIAN_POINT('',(0.375,0.075,1.35));
#4645=CARTESIAN_POINT('',(0.375,0.075,1.2));
#4646=CARTESIAN_POINT('',(0.375,0.075,1.35));
#4647=CARTESIAN_POINT('',(0.375,0.,1.2));
#4648=CARTESIAN_POINT('Origin',(-0.825,-0.025,1.2));
#4649=CARTESIAN_POINT('',(-0.825,0.075,1.2));
#4650=CARTESIAN_POINT('',(-0.825,0.075,1.2));
#4651=CARTESIAN_POINT('',(-0.375,0.075,1.2));
#4652=CARTESIAN_POINT('',(-0.825,0.075,1.2));
#4653=CARTESIAN_POINT('',(-0.375,0.,1.2));
#4654=CARTESIAN_POINT('Origin',(-0.825,-0.025,1.2));
#4655=CARTESIAN_POINT('',(-0.125,0.075,1.2));
#4656=CARTESIAN_POINT('',(-0.125,0.,1.2));
#4657=CARTESIAN_POINT('',(0.125,0.075,1.2));
#4658=CARTESIAN_POINT('',(-0.125,0.075,1.2));
#4659=CARTESIAN_POINT('',(0.125,0.,1.2));
#4660=CARTESIAN_POINT('Origin',(-0.825,-0.025,1.2));
#4661=CARTESIAN_POINT('',(0.825,0.075,1.2));
#4662=CARTESIAN_POINT('',(0.825,0.075,1.2));
#4663=CARTESIAN_POINT('',(0.375,0.075,1.2));
#4664=CARTESIAN_POINT('Origin',(-0.375,-0.025,1.5));
#4665=CARTESIAN_POINT('',(-0.375,0.075,1.35));
#4666=CARTESIAN_POINT('',(-0.375,0.075,1.35));
#4667=CARTESIAN_POINT('',(-0.375,0.175,1.35));
#4668=CARTESIAN_POINT('',(-0.375,0.075,1.35));
#4669=CARTESIAN_POINT('',(-0.375,0.175,1.5));
#4670=CARTESIAN_POINT('Origin',(0.,0.175,0.));
#4671=CARTESIAN_POINT('',(-0.95,0.175,1.35));
#4672=CARTESIAN_POINT('',(-0.95,0.175,1.35));
#4673=CARTESIAN_POINT('',(-0.95,0.175,-1.35));
#4674=CARTESIAN_POINT('',(-0.95,0.175,-1.35));
#4675=CARTESIAN_POINT('',(-0.375,0.175,-1.35));
#4676=CARTESIAN_POINT('',(-0.375,0.175,-1.35));
#4677=CARTESIAN_POINT('',(-0.375,0.175,-1.5));
#4678=CARTESIAN_POINT('',(-0.125,0.175,-1.35));
#4679=CARTESIAN_POINT('',(-0.125,0.175,-1.35));
#4680=CARTESIAN_POINT('',(0.125,0.175,-1.35));
#4681=CARTESIAN_POINT('',(0.125,0.175,-1.35));
#4682=CARTESIAN_POINT('',(0.125,0.175,-1.35));
#4683=CARTESIAN_POINT('',(0.375,0.175,-1.35));
#4684=CARTESIAN_POINT('',(0.375,0.175,-1.5));
#4685=CARTESIAN_POINT('',(0.95,0.175,-1.35));
#4686=CARTESIAN_POINT('',(0.95,0.175,-1.35));
#4687=CARTESIAN_POINT('',(0.95,0.175,1.35));
#4688=CARTESIAN_POINT('',(0.95,0.175,1.35));
#4689=CARTESIAN_POINT('',(0.375,0.175,1.35));
#4690=CARTESIAN_POINT('',(0.125,0.175,1.35));
#4691=CARTESIAN_POINT('',(0.125,0.175,1.35));
#4692=CARTESIAN_POINT('',(-0.125,0.175,1.35));
#4693=CARTESIAN_POINT('',(-0.125,0.175,1.35));
#4694=CARTESIAN_POINT('',(-0.125,0.175,1.35));
#4695=CARTESIAN_POINT('Origin',(-0.125,-0.025,1.2));
#4696=CARTESIAN_POINT('',(-0.125,0.075,1.35));
#4697=CARTESIAN_POINT('',(-0.125,0.075,1.35));
#4698=CARTESIAN_POINT('',(-0.125,0.075,1.35));
#4699=CARTESIAN_POINT('Origin',(0.,0.075,0.));
#4700=CARTESIAN_POINT('',(0.125,0.075,-1.35));
#4701=CARTESIAN_POINT('',(-0.125,0.075,-1.35));
#4702=CARTESIAN_POINT('',(0.125,0.075,-1.35));
#4703=CARTESIAN_POINT('',(-0.125,0.075,-1.2));
#4704=CARTESIAN_POINT('',(-0.125,0.075,-1.35));
#4705=CARTESIAN_POINT('',(0.125,0.075,-1.2));
#4706=CARTESIAN_POINT('',(0.125,0.075,-1.2));
#4707=CARTESIAN_POINT('',(0.125,0.075,-1.35));
#4708=CARTESIAN_POINT('Origin',(0.,0.075,0.));
#4709=CARTESIAN_POINT('',(-0.95,0.075,1.35));
#4710=CARTESIAN_POINT('',(-0.95,0.075,1.35));
#4711=CARTESIAN_POINT('',(-0.825,0.075,-0.9));
#4712=CARTESIAN_POINT('',(-0.825,0.075,-0.9));
#4713=CARTESIAN_POINT('',(-0.525,0.075,-1.2));
#4714=CARTESIAN_POINT('',(-0.825,0.075,-0.9));
#4715=CARTESIAN_POINT('',(-0.375,0.075,-1.2));
#4716=CARTESIAN_POINT('',(-0.375,0.075,-1.2));
#4717=CARTESIAN_POINT('',(-0.375,0.075,-1.35));
#4718=CARTESIAN_POINT('',(-0.375,0.075,-1.35));
#4719=CARTESIAN_POINT('',(-0.95,0.075,-1.35));
#4720=CARTESIAN_POINT('',(-0.375,0.075,-1.35));
#4721=CARTESIAN_POINT('',(-0.95,0.075,-1.35));
#4722=CARTESIAN_POINT('Origin',(0.,0.075,0.));
#4723=CARTESIAN_POINT('',(0.125,0.075,1.35));
#4724=CARTESIAN_POINT('',(-0.125,0.075,1.35));
#4725=CARTESIAN_POINT('',(0.125,0.075,1.35));
#4726=CARTESIAN_POINT('Origin',(0.,0.075,0.));
#4727=CARTESIAN_POINT('',(0.95,0.075,1.35));
#4728=CARTESIAN_POINT('',(0.375,0.075,1.35));
#4729=CARTESIAN_POINT('',(0.95,0.075,-1.35));
#4730=CARTESIAN_POINT('',(0.95,0.075,1.35));
#4731=CARTESIAN_POINT('',(0.375,0.075,-1.35));
#4732=CARTESIAN_POINT('',(0.95,0.075,-1.35));
#4733=CARTESIAN_POINT('',(0.375,0.075,-1.2));
#4734=CARTESIAN_POINT('',(0.375,0.075,-1.35));
#4735=CARTESIAN_POINT('',(0.825,0.075,-1.2));
#4736=CARTESIAN_POINT('',(0.825,0.075,-1.2));
#4737=CARTESIAN_POINT('',(0.825,0.075,1.2));
#4738=CARTESIAN_POINT('Origin',(0.95,0.075,-1.35));
#4739=CARTESIAN_POINT('',(-0.375,0.075,-1.35));
#4740=CARTESIAN_POINT('',(-0.95,0.075,-1.35));
#4741=CARTESIAN_POINT('Origin',(0.95,0.075,-1.35));
#4742=CARTESIAN_POINT('',(0.95,0.075,-1.35));
#4743=CARTESIAN_POINT('',(0.375,0.075,-1.35));
#4744=CARTESIAN_POINT('Origin',(0.95,0.075,-1.35));
#4745=CARTESIAN_POINT('',(0.125,0.075,-1.35));
#4746=CARTESIAN_POINT('',(-0.125,0.075,-1.35));
#4747=CARTESIAN_POINT('Origin',(-0.95,0.075,-1.35));
#4748=CARTESIAN_POINT('',(-0.95,0.075,1.35));
#4749=CARTESIAN_POINT('Origin',(-0.95,0.075,1.35));
#4750=CARTESIAN_POINT('Origin',(-0.95,0.075,1.35));
#4751=CARTESIAN_POINT('',(0.125,0.075,1.35));
#4752=CARTESIAN_POINT('Origin',(-0.95,0.075,1.35));
#4753=CARTESIAN_POINT('',(0.95,0.075,1.35));
#4754=CARTESIAN_POINT('Origin',(0.125,-0.025,1.2));
#4755=CARTESIAN_POINT('Origin',(0.95,0.075,1.35));
#4756=CARTESIAN_POINT('Origin',(-0.375,-0.025,-1.5));
#4757=CARTESIAN_POINT('',(-0.375,0.,-1.2));
#4758=CARTESIAN_POINT('Origin',(0.825,-0.025,-1.2));
#4759=CARTESIAN_POINT('',(0.825,0.075,-1.2));
#4760=CARTESIAN_POINT('',(0.375,0.,-1.2));
#4761=CARTESIAN_POINT('Origin',(0.825,-0.025,-1.2));
#4762=CARTESIAN_POINT('',(0.125,0.,-1.2));
#4763=CARTESIAN_POINT('',(-0.125,0.,-1.2));
#4764=CARTESIAN_POINT('Origin',(0.825,-0.025,-1.2));
#4765=CARTESIAN_POINT('',(-0.525,0.075,-1.2));
#4766=CARTESIAN_POINT('Origin',(0.375,-0.025,-1.5));
#4767=CARTESIAN_POINT('Origin',(0.825,-0.025,1.2));
#4768=CARTESIAN_POINT('Origin',(-0.125,-0.025,-1.2));
#4769=CARTESIAN_POINT('Origin',(0.125,-0.025,-1.2));
#4770=CARTESIAN_POINT('Origin',(-0.675,0.075,-1.05));
#4771=CARTESIAN_POINT('',(-0.825,0.075,-0.9));
#4772=CARTESIAN_POINT('Origin',(-0.825,-0.025,-1.2));
#4773=CARTESIAN_POINT('Origin',(1.5,-0.025,-1.12));
#4774=CARTESIAN_POINT('',(1.22,0.175,-1.12));
#4775=CARTESIAN_POINT('',(1.5,0.175,-1.12));
#4776=CARTESIAN_POINT('',(1.22,0.,-1.12));
#4777=CARTESIAN_POINT('Origin',(1.22,-0.025,-1.));
#4778=CARTESIAN_POINT('',(1.22,0.175,-0.88));
#4779=CARTESIAN_POINT('Origin',(1.22,0.175,-1.));
#4780=CARTESIAN_POINT('',(1.22,0.,-0.88));
#4781=CARTESIAN_POINT('Origin',(1.22,-0.025,-0.88));
#4782=CARTESIAN_POINT('',(1.22,0.175,-0.88));
#4783=CARTESIAN_POINT('Origin',(0.,0.175,0.));
#4784=CARTESIAN_POINT('Origin',(1.5,-0.025,-0.62));
#4785=CARTESIAN_POINT('',(1.22,0.175,-0.62));
#4786=CARTESIAN_POINT('',(1.5,0.175,-0.62));
#4787=CARTESIAN_POINT('',(1.22,0.,-0.62));
#4788=CARTESIAN_POINT('Origin',(1.22,-0.025,-0.5));
#4789=CARTESIAN_POINT('',(1.22,0.175,-0.38));
#4790=CARTESIAN_POINT('Origin',(1.22,0.175,-0.5));
#4791=CARTESIAN_POINT('',(1.22,0.,-0.38));
#4792=CARTESIAN_POINT('Origin',(1.22,-0.025,-0.38));
#4793=CARTESIAN_POINT('',(1.22,0.175,-0.38));
#4794=CARTESIAN_POINT('Origin',(0.,0.175,0.));
#4795=CARTESIAN_POINT('Origin',(1.5,-0.025,-0.12));
#4796=CARTESIAN_POINT('',(1.22,0.175,-0.12));
#4797=CARTESIAN_POINT('',(1.5,0.175,-0.12));
#4798=CARTESIAN_POINT('',(1.22,0.,-0.12));
#4799=CARTESIAN_POINT('Origin',(1.22,-0.025,0.));
#4800=CARTESIAN_POINT('',(1.22,0.175,0.12));
#4801=CARTESIAN_POINT('Origin',(1.22,0.175,0.));
#4802=CARTESIAN_POINT('',(1.22,0.,0.12));
#4803=CARTESIAN_POINT('Origin',(1.22,-0.025,0.12));
#4804=CARTESIAN_POINT('',(1.22,0.175,0.12));
#4805=CARTESIAN_POINT('Origin',(0.,0.175,0.));
#4806=CARTESIAN_POINT('Origin',(1.5,-0.025,0.38));
#4807=CARTESIAN_POINT('',(1.22,0.175,0.38));
#4808=CARTESIAN_POINT('',(1.5,0.175,0.38));
#4809=CARTESIAN_POINT('',(1.22,0.,0.38));
#4810=CARTESIAN_POINT('Origin',(1.22,-0.025,0.5));
#4811=CARTESIAN_POINT('',(1.22,0.175,0.62));
#4812=CARTESIAN_POINT('Origin',(1.22,0.175,0.5));
#4813=CARTESIAN_POINT('',(1.22,0.,0.62));
#4814=CARTESIAN_POINT('Origin',(1.22,-0.025,0.62));
#4815=CARTESIAN_POINT('',(1.22,0.175,0.62));
#4816=CARTESIAN_POINT('Origin',(0.,0.175,0.));
#4817=CARTESIAN_POINT('Origin',(1.5,-0.025,0.88));
#4818=CARTESIAN_POINT('',(1.22,0.175,0.88));
#4819=CARTESIAN_POINT('',(1.5,0.175,0.88));
#4820=CARTESIAN_POINT('',(1.22,0.,0.88));
#4821=CARTESIAN_POINT('Origin',(1.22,-0.025,1.));
#4822=CARTESIAN_POINT('',(1.22,0.175,1.12));
#4823=CARTESIAN_POINT('Origin',(1.22,0.175,1.));
#4824=CARTESIAN_POINT('',(1.22,0.,1.12));
#4825=CARTESIAN_POINT('Origin',(1.22,-0.025,1.12));
#4826=CARTESIAN_POINT('',(1.22,0.175,1.12));
#4827=CARTESIAN_POINT('Origin',(0.,0.175,0.));
#4828=CARTESIAN_POINT('Origin',(-1.22,-0.025,1.12));
#4829=CARTESIAN_POINT('',(-1.22,0.175,1.12));
#4830=CARTESIAN_POINT('',(-1.22,0.175,1.12));
#4831=CARTESIAN_POINT('',(-1.22,0.,1.12));
#4832=CARTESIAN_POINT('Origin',(-1.22,-0.025,1.));
#4833=CARTESIAN_POINT('',(-1.22,0.175,0.88));
#4834=CARTESIAN_POINT('Origin',(-1.22,0.175,1.));
#4835=CARTESIAN_POINT('',(-1.22,0.,0.88));
#4836=CARTESIAN_POINT('Origin',(-1.5,-0.025,0.88));
#4837=CARTESIAN_POINT('',(-1.5,0.175,0.88));
#4838=CARTESIAN_POINT('Origin',(0.,0.175,0.));
#4839=CARTESIAN_POINT('Origin',(-1.22,-0.025,0.62));
#4840=CARTESIAN_POINT('',(-1.22,0.175,0.62));
#4841=CARTESIAN_POINT('',(-1.22,0.175,0.62));
#4842=CARTESIAN_POINT('',(-1.22,0.,0.62));
#4843=CARTESIAN_POINT('Origin',(-1.22,-0.025,0.5));
#4844=CARTESIAN_POINT('',(-1.22,0.175,0.38));
#4845=CARTESIAN_POINT('Origin',(-1.22,0.175,0.5));
#4846=CARTESIAN_POINT('',(-1.22,0.,0.38));
#4847=CARTESIAN_POINT('Origin',(-1.5,-0.025,0.38));
#4848=CARTESIAN_POINT('',(-1.5,0.175,0.38));
#4849=CARTESIAN_POINT('Origin',(0.,0.175,0.));
#4850=CARTESIAN_POINT('Origin',(-1.22,-0.025,0.12));
#4851=CARTESIAN_POINT('',(-1.22,0.175,0.12));
#4852=CARTESIAN_POINT('',(-1.22,0.175,0.12));
#4853=CARTESIAN_POINT('',(-1.22,0.,0.12));
#4854=CARTESIAN_POINT('Origin',(-1.22,-0.025,0.));
#4855=CARTESIAN_POINT('',(-1.22,0.175,-0.12));
#4856=CARTESIAN_POINT('Origin',(-1.22,0.175,0.));
#4857=CARTESIAN_POINT('',(-1.22,0.,-0.12));
#4858=CARTESIAN_POINT('Origin',(-1.5,-0.025,-0.12));
#4859=CARTESIAN_POINT('',(-1.5,0.175,-0.12));
#4860=CARTESIAN_POINT('Origin',(0.,0.175,0.));
#4861=CARTESIAN_POINT('Origin',(-1.22,-0.025,-0.38));
#4862=CARTESIAN_POINT('',(-1.22,0.175,-0.38));
#4863=CARTESIAN_POINT('',(-1.22,0.175,-0.38));
#4864=CARTESIAN_POINT('',(-1.22,0.,-0.38));
#4865=CARTESIAN_POINT('Origin',(-1.22,-0.025,-0.5));
#4866=CARTESIAN_POINT('',(-1.22,0.175,-0.62));
#4867=CARTESIAN_POINT('Origin',(-1.22,0.175,-0.5));
#4868=CARTESIAN_POINT('',(-1.22,0.,-0.62));
#4869=CARTESIAN_POINT('Origin',(-1.5,-0.025,-0.62));
#4870=CARTESIAN_POINT('',(-1.5,0.175,-0.62));
#4871=CARTESIAN_POINT('Origin',(0.,0.175,0.));
#4872=CARTESIAN_POINT('Origin',(-1.22,-0.025,-0.88));
#4873=CARTESIAN_POINT('',(-1.22,0.175,-0.88));
#4874=CARTESIAN_POINT('',(-1.22,0.175,-0.88));
#4875=CARTESIAN_POINT('',(-1.22,0.,-0.88));
#4876=CARTESIAN_POINT('Origin',(-1.22,-0.025,-1.));
#4877=CARTESIAN_POINT('',(-1.22,0.175,-1.12));
#4878=CARTESIAN_POINT('Origin',(-1.22,0.175,-1.));
#4879=CARTESIAN_POINT('',(-1.22,0.,-1.12));
#4880=CARTESIAN_POINT('Origin',(-1.5,-0.025,-1.12));
#4881=CARTESIAN_POINT('',(-1.5,0.175,-1.12));
#4882=CARTESIAN_POINT('Origin',(0.,0.175,0.));
#4883=CARTESIAN_POINT('',(0.,0.,0.));
#4884=CARTESIAN_POINT('Origin',(-0.125,0.,-1.2));
#4885=CARTESIAN_POINT('',(-0.125,0.,-1.2));
#4886=CARTESIAN_POINT('',(-0.125,0.,-1.5));
#4887=CARTESIAN_POINT('',(-0.125,0.,-1.2));
#4888=CARTESIAN_POINT('',(-0.125,0.2,-1.5));
#4889=CARTESIAN_POINT('',(-0.125,0.,-1.5));
#4890=CARTESIAN_POINT('',(-0.125,0.2,-1.35));
#4891=CARTESIAN_POINT('',(-0.125,0.2,-1.35));
#4892=CARTESIAN_POINT('',(-0.125,0.1,-1.35));
#4893=CARTESIAN_POINT('',(-0.125,0.1,-1.35));
#4894=CARTESIAN_POINT('',(-0.125,0.1,-1.2));
#4895=CARTESIAN_POINT('',(-0.125,0.1,-1.35));
#4896=CARTESIAN_POINT('',(-0.125,0.,-1.2));
#4897=CARTESIAN_POINT('Origin',(0.,0.,0.));
#4898=CARTESIAN_POINT('',(0.125,0.,1.2));
#4899=CARTESIAN_POINT('',(-0.125,0.,1.2));
#4900=CARTESIAN_POINT('',(0.125,0.,1.2));
#4901=CARTESIAN_POINT('',(-0.125,0.,1.5));
#4902=CARTESIAN_POINT('',(-0.125,0.,1.2));
#4903=CARTESIAN_POINT('',(-0.375,0.,1.5));
#4904=CARTESIAN_POINT('',(-0.125,0.,1.5));
#4905=CARTESIAN_POINT('',(-0.375,0.,1.2));
#4906=CARTESIAN_POINT('',(-0.375,0.,1.5));
#4907=CARTESIAN_POINT('',(-0.825,0.,1.2));
#4908=CARTESIAN_POINT('',(-0.375,0.,1.2));
#4909=CARTESIAN_POINT('',(-0.825,0.,-0.9));
#4910=CARTESIAN_POINT('',(-0.825,0.,1.2));
#4911=CARTESIAN_POINT('',(-0.525,0.,-1.2));
#4912=CARTESIAN_POINT('',(-0.825,0.,-0.9));
#4913=CARTESIAN_POINT('',(-0.375,0.,-1.2));
#4914=CARTESIAN_POINT('',(-0.525,0.,-1.2));
#4915=CARTESIAN_POINT('',(-0.375,0.,-1.5));
#4916=CARTESIAN_POINT('',(-0.375,0.,-1.5));
#4917=CARTESIAN_POINT('',(-0.125,0.,-1.5));
#4918=CARTESIAN_POINT('',(0.125,0.,-1.2));
#4919=CARTESIAN_POINT('',(-0.125,0.,-1.2));
#4920=CARTESIAN_POINT('',(0.125,0.,-1.5));
#4921=CARTESIAN_POINT('',(0.125,0.,-1.2));
#4922=CARTESIAN_POINT('',(0.375,0.,-1.5));
#4923=CARTESIAN_POINT('',(0.125,0.,-1.5));
#4924=CARTESIAN_POINT('',(0.375,0.,-1.2));
#4925=CARTESIAN_POINT('',(0.375,0.,-1.5));
#4926=CARTESIAN_POINT('',(0.825,0.,-1.2));
#4927=CARTESIAN_POINT('',(0.375,0.,-1.2));
#4928=CARTESIAN_POINT('',(0.825,0.,1.2));
#4929=CARTESIAN_POINT('',(0.825,0.,-1.2));
#4930=CARTESIAN_POINT('',(0.375,0.,1.2));
#4931=CARTESIAN_POINT('',(0.825,0.,1.2));
#4932=CARTESIAN_POINT('',(0.375,0.,1.5));
#4933=CARTESIAN_POINT('',(0.375,0.,1.5));
#4934=CARTESIAN_POINT('',(0.125,0.,1.5));
#4935=CARTESIAN_POINT('',(0.125,0.,1.5));
#4936=CARTESIAN_POINT('',(0.125,0.,1.2));
#4937=CARTESIAN_POINT('Origin',(-0.825,0.,1.2));
#4938=CARTESIAN_POINT('',(-0.375,0.1,1.2));
#4939=CARTESIAN_POINT('',(-0.375,0.,1.2));
#4940=CARTESIAN_POINT('',(-0.825,0.1,1.2));
#4941=CARTESIAN_POINT('',(-0.825,0.1,1.2));
#4942=CARTESIAN_POINT('',(-0.825,0.1,1.2));
#4943=CARTESIAN_POINT('Origin',(-0.825,0.,1.2));
#4944=CARTESIAN_POINT('',(0.125,0.1,1.2));
#4945=CARTESIAN_POINT('',(0.125,0.,1.2));
#4946=CARTESIAN_POINT('',(-0.125,0.1,1.2));
#4947=CARTESIAN_POINT('',(-0.125,0.1,1.2));
#4948=CARTESIAN_POINT('',(-0.125,0.,1.2));
#4949=CARTESIAN_POINT('Origin',(-0.825,0.,1.2));
#4950=CARTESIAN_POINT('',(0.375,0.1,1.2));
#4951=CARTESIAN_POINT('',(0.375,0.,1.2));
#4952=CARTESIAN_POINT('',(0.825,0.1,1.2));
#4953=CARTESIAN_POINT('',(0.825,0.1,1.2));
#4954=CARTESIAN_POINT('',(0.375,0.1,1.2));
#4955=CARTESIAN_POINT('Origin',(-0.375,0.,1.5));
#4956=CARTESIAN_POINT('',(-0.375,0.2,1.5));
#4957=CARTESIAN_POINT('',(-0.375,0.,1.5));
#4958=CARTESIAN_POINT('',(-0.375,0.2,1.35));
#4959=CARTESIAN_POINT('',(-0.375,0.2,1.5));
#4960=CARTESIAN_POINT('',(-0.375,0.1,1.35));
#4961=CARTESIAN_POINT('',(-0.375,0.1,1.35));
#4962=CARTESIAN_POINT('',(-0.375,0.1,1.35));
#4963=CARTESIAN_POINT('Origin',(0.,0.1,0.));
#4964=CARTESIAN_POINT('',(0.125,0.1,-1.35));
#4965=CARTESIAN_POINT('',(0.125,0.1,-1.35));
#4966=CARTESIAN_POINT('',(0.125,0.1,-1.2));
#4967=CARTESIAN_POINT('',(0.125,0.1,-1.35));
#4968=CARTESIAN_POINT('',(0.125,0.1,-1.2));
#4969=CARTESIAN_POINT('Origin',(0.,0.1,0.));
#4970=CARTESIAN_POINT('',(-0.95,0.1,1.35));
#4971=CARTESIAN_POINT('',(-0.95,0.1,1.35));
#4972=CARTESIAN_POINT('',(-0.95,0.1,-1.35));
#4973=CARTESIAN_POINT('',(-0.95,0.1,-1.35));
#4974=CARTESIAN_POINT('',(-0.375,0.1,-1.35));
#4975=CARTESIAN_POINT('',(-0.375,0.1,-1.35));
#4976=CARTESIAN_POINT('',(-0.375,0.1,-1.2));
#4977=CARTESIAN_POINT('',(-0.375,0.1,-1.35));
#4978=CARTESIAN_POINT('',(-0.525,0.1,-1.2));
#4979=CARTESIAN_POINT('',(-0.375,0.1,-1.2));
#4980=CARTESIAN_POINT('',(-0.825,0.1,-0.9));
#4981=CARTESIAN_POINT('',(-0.825,0.1,-0.9));
#4982=CARTESIAN_POINT('',(-0.825,0.1,-0.9));
#4983=CARTESIAN_POINT('Origin',(0.,0.1,0.));
#4984=CARTESIAN_POINT('',(-0.125,0.1,1.35));
#4985=CARTESIAN_POINT('',(0.125,0.1,1.35));
#4986=CARTESIAN_POINT('',(-0.125,0.1,1.35));
#4987=CARTESIAN_POINT('',(-0.125,0.1,1.35));
#4988=CARTESIAN_POINT('',(0.125,0.1,1.35));
#4989=CARTESIAN_POINT('Origin',(0.,0.1,0.));
#4990=CARTESIAN_POINT('',(0.375,0.1,1.35));
#4991=CARTESIAN_POINT('',(0.95,0.1,1.35));
#4992=CARTESIAN_POINT('',(0.375,0.1,1.35));
#4993=CARTESIAN_POINT('',(0.375,0.1,1.35));
#4994=CARTESIAN_POINT('',(0.825,0.1,-1.2));
#4995=CARTESIAN_POINT('',(0.825,0.1,1.2));
#4996=CARTESIAN_POINT('',(0.375,0.1,-1.2));
#4997=CARTESIAN_POINT('',(0.825,0.1,-1.2));
#4998=CARTESIAN_POINT('',(0.375,0.1,-1.35));
#4999=CARTESIAN_POINT('',(0.375,0.1,-1.35));
#5000=CARTESIAN_POINT('',(0.95,0.1,-1.35));
#5001=CARTESIAN_POINT('',(0.95,0.1,-1.35));
#5002=CARTESIAN_POINT('',(0.95,0.1,1.35));
#5003=CARTESIAN_POINT('Origin',(0.95,0.1,-1.35));
#5004=CARTESIAN_POINT('',(-0.95,0.2,-1.35));
#5005=CARTESIAN_POINT('',(-0.95,0.1,-1.35));
#5006=CARTESIAN_POINT('',(-0.375,0.2,-1.35));
#5007=CARTESIAN_POINT('',(-0.375,0.2,-1.35));
#5008=CARTESIAN_POINT('',(-0.375,0.1,-1.35));
#5009=CARTESIAN_POINT('Origin',(0.95,0.1,-1.35));
#5010=CARTESIAN_POINT('',(0.375,0.2,-1.35));
#5011=CARTESIAN_POINT('',(0.375,0.1,-1.35));
#5012=CARTESIAN_POINT('',(0.95,0.2,-1.35));
#5013=CARTESIAN_POINT('',(0.95,0.2,-1.35));
#5014=CARTESIAN_POINT('',(0.95,0.1,-1.35));
#5015=CARTESIAN_POINT('Origin',(0.95,0.1,-1.35));
#5016=CARTESIAN_POINT('',(0.125,0.2,-1.35));
#5017=CARTESIAN_POINT('',(0.125,0.2,-1.35));
#5018=CARTESIAN_POINT('',(0.125,0.1,-1.35));
#5019=CARTESIAN_POINT('Origin',(-0.375,0.,-1.5));
#5020=CARTESIAN_POINT('',(-0.375,0.,-1.2));
#5021=CARTESIAN_POINT('',(-0.375,0.2,-1.5));
#5022=CARTESIAN_POINT('',(-0.375,0.2,-1.5));
#5023=CARTESIAN_POINT('',(-0.375,0.,-1.5));
#5024=CARTESIAN_POINT('Origin',(0.825,0.,-1.2));
#5025=CARTESIAN_POINT('',(-0.525,0.1,-1.2));
#5026=CARTESIAN_POINT('Origin',(0.825,0.,-1.2));
#5027=CARTESIAN_POINT('',(0.125,0.,-1.2));
#5028=CARTESIAN_POINT('Origin',(0.825,0.,-1.2));
#5029=CARTESIAN_POINT('',(0.375,0.,-1.2));
#5030=CARTESIAN_POINT('',(0.825,0.1,-1.2));
#5031=CARTESIAN_POINT('Origin',(-0.675,0.1,-1.05));
#5032=CARTESIAN_POINT('',(-0.825,0.1,-0.9));
#5033=CARTESIAN_POINT('Origin',(-0.825,0.,-1.2));
#5034=CARTESIAN_POINT('Origin',(0.125,0.,-1.2));
#5035=CARTESIAN_POINT('',(0.125,0.2,-1.5));
#5036=CARTESIAN_POINT('',(0.125,0.2,-1.35));
#5037=CARTESIAN_POINT('',(0.125,0.,-1.5));
#5038=CARTESIAN_POINT('Origin',(0.125,0.,-1.5));
#5039=CARTESIAN_POINT('',(0.375,0.2,-1.5));
#5040=CARTESIAN_POINT('',(0.125,0.2,-1.5));
#5041=CARTESIAN_POINT('',(0.375,0.,-1.5));
#5042=CARTESIAN_POINT('Origin',(0.375,0.,-1.5));
#5043=CARTESIAN_POINT('',(0.375,0.2,-1.5));
#5044=CARTESIAN_POINT('Origin',(0.,0.2,0.));
#5045=CARTESIAN_POINT('',(0.375,0.2,1.35));
#5046=CARTESIAN_POINT('',(0.95,0.2,1.35));
#5047=CARTESIAN_POINT('',(0.375,0.2,1.35));
#5048=CARTESIAN_POINT('',(0.95,0.2,1.35));
#5049=CARTESIAN_POINT('',(-0.125,0.2,-1.5));
#5050=CARTESIAN_POINT('',(-0.95,0.2,1.35));
#5051=CARTESIAN_POINT('',(-0.95,0.2,-1.35));
#5052=CARTESIAN_POINT('',(-0.95,0.2,1.35));
#5053=CARTESIAN_POINT('',(-0.125,0.2,1.5));
#5054=CARTESIAN_POINT('',(-0.125,0.2,1.5));
#5055=CARTESIAN_POINT('',(-0.125,0.2,1.35));
#5056=CARTESIAN_POINT('',(-0.125,0.2,1.35));
#5057=CARTESIAN_POINT('',(0.125,0.2,1.35));
#5058=CARTESIAN_POINT('',(-0.125,0.2,1.35));
#5059=CARTESIAN_POINT('',(0.125,0.2,1.5));
#5060=CARTESIAN_POINT('',(0.125,0.2,1.35));
#5061=CARTESIAN_POINT('',(0.375,0.2,1.5));
#5062=CARTESIAN_POINT('',(0.125,0.2,1.5));
#5063=CARTESIAN_POINT('',(0.375,0.2,1.5));
#5064=CARTESIAN_POINT('Origin',(-0.95,0.1,1.35));
#5065=CARTESIAN_POINT('',(-0.95,0.1,1.35));
#5066=CARTESIAN_POINT('Origin',(-0.95,0.1,1.35));
#5067=CARTESIAN_POINT('',(0.125,0.1,1.35));
#5068=CARTESIAN_POINT('',(-0.125,0.1,1.35));
#5069=CARTESIAN_POINT('Origin',(-0.95,0.1,1.35));
#5070=CARTESIAN_POINT('',(0.375,0.1,1.35));
#5071=CARTESIAN_POINT('',(0.95,0.1,1.35));
#5072=CARTESIAN_POINT('Origin',(-0.95,0.1,-1.35));
#5073=CARTESIAN_POINT('Origin',(0.125,0.,1.2));
#5074=CARTESIAN_POINT('',(0.125,0.,1.5));
#5075=CARTESIAN_POINT('Origin',(0.125,0.,1.5));
#5076=CARTESIAN_POINT('',(0.375,0.,1.5));
#5077=CARTESIAN_POINT('Origin',(0.375,0.,1.5));
#5078=CARTESIAN_POINT('Origin',(-0.125,0.,1.2));
#5079=CARTESIAN_POINT('',(-0.125,0.,1.5));
#5080=CARTESIAN_POINT('Origin',(-0.125,0.,1.5));
#5081=CARTESIAN_POINT('Origin',(0.95,0.1,1.35));
#5082=CARTESIAN_POINT('Origin',(-0.125,0.,-1.5));
#5083=CARTESIAN_POINT('Origin',(0.825,0.,1.2));
#5084=CARTESIAN_POINT('Origin',(0.,0.,0.));
#5085=CARTESIAN_POINT('',(1.5,0.,-1.12));
#5086=CARTESIAN_POINT('',(1.22,0.,-1.12));
#5087=CARTESIAN_POINT('',(1.5,0.,-1.12));
#5088=CARTESIAN_POINT('',(1.5,0.,-0.88));
#5089=CARTESIAN_POINT('',(1.5,0.,-0.88));
#5090=CARTESIAN_POINT('',(1.22,0.,-0.88));
#5091=CARTESIAN_POINT('',(1.22,0.,-0.88));
#5092=CARTESIAN_POINT('Origin',(1.22,0.,-1.));
#5093=CARTESIAN_POINT('Origin',(1.5,0.,-1.12));
#5094=CARTESIAN_POINT('',(1.22,0.2,-1.12));
#5095=CARTESIAN_POINT('',(1.22,0.,-1.12));
#5096=CARTESIAN_POINT('',(1.5,0.2,-1.12));
#5097=CARTESIAN_POINT('',(1.5,0.2,-1.12));
#5098=CARTESIAN_POINT('',(1.5,0.,-1.12));
#5099=CARTESIAN_POINT('Origin',(1.5,0.,-0.88));
#5100=CARTESIAN_POINT('',(1.5,0.2,-0.88));
#5101=CARTESIAN_POINT('',(1.5,0.2,-0.88));
#5102=CARTESIAN_POINT('',(1.5,0.,-0.88));
#5103=CARTESIAN_POINT('Origin',(1.22,0.,-0.88));
#5104=CARTESIAN_POINT('',(1.22,0.2,-0.88));
#5105=CARTESIAN_POINT('',(1.22,0.2,-0.88));
#5106=CARTESIAN_POINT('',(1.22,0.,-0.88));
#5107=CARTESIAN_POINT('Origin',(1.22,0.,-1.));
#5108=CARTESIAN_POINT('Origin',(1.22,0.2,-1.));
#5109=CARTESIAN_POINT('Origin',(0.,0.2,0.));
#5110=CARTESIAN_POINT('Origin',(0.,0.,0.));
#5111=CARTESIAN_POINT('',(1.5,0.,-0.62));
#5112=CARTESIAN_POINT('',(1.22,0.,-0.62));
#5113=CARTESIAN_POINT('',(1.5,0.,-0.62));
#5114=CARTESIAN_POINT('',(1.5,0.,-0.38));
#5115=CARTESIAN_POINT('',(1.5,0.,-0.38));
#5116=CARTESIAN_POINT('',(1.22,0.,-0.38));
#5117=CARTESIAN_POINT('',(1.22,0.,-0.38));
#5118=CARTESIAN_POINT('Origin',(1.22,0.,-0.5));
#5119=CARTESIAN_POINT('Origin',(1.5,0.,-0.62));
#5120=CARTESIAN_POINT('',(1.22,0.2,-0.62));
#5121=CARTESIAN_POINT('',(1.22,0.,-0.62));
#5122=CARTESIAN_POINT('',(1.5,0.2,-0.62));
#5123=CARTESIAN_POINT('',(1.5,0.2,-0.62));
#5124=CARTESIAN_POINT('',(1.5,0.,-0.62));
#5125=CARTESIAN_POINT('Origin',(1.5,0.,-0.38));
#5126=CARTESIAN_POINT('',(1.5,0.2,-0.38));
#5127=CARTESIAN_POINT('',(1.5,0.2,-0.38));
#5128=CARTESIAN_POINT('',(1.5,0.,-0.38));
#5129=CARTESIAN_POINT('Origin',(1.22,0.,-0.38));
#5130=CARTESIAN_POINT('',(1.22,0.2,-0.38));
#5131=CARTESIAN_POINT('',(1.22,0.2,-0.38));
#5132=CARTESIAN_POINT('',(1.22,0.,-0.38));
#5133=CARTESIAN_POINT('Origin',(1.22,0.,-0.5));
#5134=CARTESIAN_POINT('Origin',(1.22,0.2,-0.5));
#5135=CARTESIAN_POINT('Origin',(0.,0.2,0.));
#5136=CARTESIAN_POINT('Origin',(0.,0.,0.));
#5137=CARTESIAN_POINT('',(1.5,0.,-0.12));
#5138=CARTESIAN_POINT('',(1.22,0.,-0.12));
#5139=CARTESIAN_POINT('',(1.5,0.,-0.12));
#5140=CARTESIAN_POINT('',(1.5,0.,0.12));
#5141=CARTESIAN_POINT('',(1.5,0.,0.12));
#5142=CARTESIAN_POINT('',(1.22,0.,0.12));
#5143=CARTESIAN_POINT('',(1.22,0.,0.12));
#5144=CARTESIAN_POINT('Origin',(1.22,0.,0.));
#5145=CARTESIAN_POINT('Origin',(1.5,0.,-0.12));
#5146=CARTESIAN_POINT('',(1.22,0.2,-0.12));
#5147=CARTESIAN_POINT('',(1.22,0.,-0.12));
#5148=CARTESIAN_POINT('',(1.5,0.2,-0.12));
#5149=CARTESIAN_POINT('',(1.5,0.2,-0.12));
#5150=CARTESIAN_POINT('',(1.5,0.,-0.12));
#5151=CARTESIAN_POINT('Origin',(1.5,0.,0.12));
#5152=CARTESIAN_POINT('',(1.5,0.2,0.12));
#5153=CARTESIAN_POINT('',(1.5,0.2,0.12));
#5154=CARTESIAN_POINT('',(1.5,0.,0.12));
#5155=CARTESIAN_POINT('Origin',(1.22,0.,0.12));
#5156=CARTESIAN_POINT('',(1.22,0.2,0.12));
#5157=CARTESIAN_POINT('',(1.22,0.2,0.12));
#5158=CARTESIAN_POINT('',(1.22,0.,0.12));
#5159=CARTESIAN_POINT('Origin',(1.22,0.,0.));
#5160=CARTESIAN_POINT('Origin',(1.22,0.2,0.));
#5161=CARTESIAN_POINT('Origin',(0.,0.2,0.));
#5162=CARTESIAN_POINT('Origin',(0.,0.,0.));
#5163=CARTESIAN_POINT('',(1.5,0.,0.38));
#5164=CARTESIAN_POINT('',(1.22,0.,0.38));
#5165=CARTESIAN_POINT('',(1.5,0.,0.38));
#5166=CARTESIAN_POINT('',(1.5,0.,0.62));
#5167=CARTESIAN_POINT('',(1.5,0.,0.62));
#5168=CARTESIAN_POINT('',(1.22,0.,0.62));
#5169=CARTESIAN_POINT('',(1.22,0.,0.62));
#5170=CARTESIAN_POINT('Origin',(1.22,0.,0.5));
#5171=CARTESIAN_POINT('Origin',(1.5,0.,0.38));
#5172=CARTESIAN_POINT('',(1.22,0.2,0.38));
#5173=CARTESIAN_POINT('',(1.22,0.,0.38));
#5174=CARTESIAN_POINT('',(1.5,0.2,0.38));
#5175=CARTESIAN_POINT('',(1.5,0.2,0.38));
#5176=CARTESIAN_POINT('',(1.5,0.,0.38));
#5177=CARTESIAN_POINT('Origin',(1.5,0.,0.62));
#5178=CARTESIAN_POINT('',(1.5,0.2,0.62));
#5179=CARTESIAN_POINT('',(1.5,0.2,0.62));
#5180=CARTESIAN_POINT('',(1.5,0.,0.62));
#5181=CARTESIAN_POINT('Origin',(1.22,0.,0.62));
#5182=CARTESIAN_POINT('',(1.22,0.2,0.62));
#5183=CARTESIAN_POINT('',(1.22,0.2,0.62));
#5184=CARTESIAN_POINT('',(1.22,0.,0.62));
#5185=CARTESIAN_POINT('Origin',(1.22,0.,0.5));
#5186=CARTESIAN_POINT('Origin',(1.22,0.2,0.5));
#5187=CARTESIAN_POINT('Origin',(0.,0.2,0.));
#5188=CARTESIAN_POINT('Origin',(0.,0.,0.));
#5189=CARTESIAN_POINT('',(-1.5,0.,-1.12));
#5190=CARTESIAN_POINT('',(-1.22,0.,-1.12));
#5191=CARTESIAN_POINT('',(-1.5,0.,-1.12));
#5192=CARTESIAN_POINT('',(-1.22,0.,-0.88));
#5193=CARTESIAN_POINT('Origin',(-1.22,0.,-1.));
#5194=CARTESIAN_POINT('',(-1.5,0.,-0.88));
#5195=CARTESIAN_POINT('',(-1.22,0.,-0.88));
#5196=CARTESIAN_POINT('',(-1.5,0.,-0.88));
#5197=CARTESIAN_POINT('Origin',(-1.5,0.,-1.12));
#5198=CARTESIAN_POINT('',(-1.5,0.2,-1.12));
#5199=CARTESIAN_POINT('',(-1.5,0.,-1.12));
#5200=CARTESIAN_POINT('',(-1.22,0.2,-1.12));
#5201=CARTESIAN_POINT('',(-1.5,0.2,-1.12));
#5202=CARTESIAN_POINT('',(-1.22,0.,-1.12));
#5203=CARTESIAN_POINT('Origin',(-1.22,0.,-1.));
#5204=CARTESIAN_POINT('',(-1.22,0.2,-0.88));
#5205=CARTESIAN_POINT('Origin',(-1.22,0.2,-1.));
#5206=CARTESIAN_POINT('',(-1.22,0.,-0.88));
#5207=CARTESIAN_POINT('Origin',(-1.22,0.,-0.88));
#5208=CARTESIAN_POINT('',(-1.5,0.2,-0.88));
#5209=CARTESIAN_POINT('',(-1.22,0.2,-0.88));
#5210=CARTESIAN_POINT('',(-1.5,0.,-0.88));
#5211=CARTESIAN_POINT('Origin',(-1.5,0.,-0.88));
#5212=CARTESIAN_POINT('',(-1.5,0.2,-0.88));
#5213=CARTESIAN_POINT('Origin',(0.,0.2,0.));
#5214=CARTESIAN_POINT('Origin',(0.,0.,0.));
#5215=CARTESIAN_POINT('',(-1.5,0.,-0.62));
#5216=CARTESIAN_POINT('',(-1.22,0.,-0.62));
#5217=CARTESIAN_POINT('',(-1.5,0.,-0.62));
#5218=CARTESIAN_POINT('',(-1.22,0.,-0.38));
#5219=CARTESIAN_POINT('Origin',(-1.22,0.,-0.5));
#5220=CARTESIAN_POINT('',(-1.5,0.,-0.38));
#5221=CARTESIAN_POINT('',(-1.22,0.,-0.38));
#5222=CARTESIAN_POINT('',(-1.5,0.,-0.38));
#5223=CARTESIAN_POINT('Origin',(-1.5,0.,-0.62));
#5224=CARTESIAN_POINT('',(-1.5,0.2,-0.62));
#5225=CARTESIAN_POINT('',(-1.5,0.,-0.62));
#5226=CARTESIAN_POINT('',(-1.22,0.2,-0.62));
#5227=CARTESIAN_POINT('',(-1.5,0.2,-0.62));
#5228=CARTESIAN_POINT('',(-1.22,0.,-0.62));
#5229=CARTESIAN_POINT('Origin',(-1.22,0.,-0.5));
#5230=CARTESIAN_POINT('',(-1.22,0.2,-0.38));
#5231=CARTESIAN_POINT('Origin',(-1.22,0.2,-0.5));
#5232=CARTESIAN_POINT('',(-1.22,0.,-0.38));
#5233=CARTESIAN_POINT('Origin',(-1.22,0.,-0.38));
#5234=CARTESIAN_POINT('',(-1.5,0.2,-0.38));
#5235=CARTESIAN_POINT('',(-1.22,0.2,-0.38));
#5236=CARTESIAN_POINT('',(-1.5,0.,-0.38));
#5237=CARTESIAN_POINT('Origin',(-1.5,0.,-0.38));
#5238=CARTESIAN_POINT('',(-1.5,0.2,-0.38));
#5239=CARTESIAN_POINT('Origin',(0.,0.2,0.));
#5240=CARTESIAN_POINT('Origin',(0.,0.,0.));
#5241=CARTESIAN_POINT('',(-1.5,0.,-0.12));
#5242=CARTESIAN_POINT('',(-1.22,0.,-0.12));
#5243=CARTESIAN_POINT('',(-1.5,0.,-0.12));
#5244=CARTESIAN_POINT('',(-1.22,0.,0.12));
#5245=CARTESIAN_POINT('Origin',(-1.22,0.,0.));
#5246=CARTESIAN_POINT('',(-1.5,0.,0.12));
#5247=CARTESIAN_POINT('',(-1.22,0.,0.12));
#5248=CARTESIAN_POINT('',(-1.5,0.,0.12));
#5249=CARTESIAN_POINT('Origin',(-1.5,0.,-0.12));
#5250=CARTESIAN_POINT('',(-1.5,0.2,-0.12));
#5251=CARTESIAN_POINT('',(-1.5,0.,-0.12));
#5252=CARTESIAN_POINT('',(-1.22,0.2,-0.12));
#5253=CARTESIAN_POINT('',(-1.5,0.2,-0.12));
#5254=CARTESIAN_POINT('',(-1.22,0.,-0.12));
#5255=CARTESIAN_POINT('Origin',(-1.22,0.,0.));
#5256=CARTESIAN_POINT('',(-1.22,0.2,0.12));
#5257=CARTESIAN_POINT('Origin',(-1.22,0.2,0.));
#5258=CARTESIAN_POINT('',(-1.22,0.,0.12));
#5259=CARTESIAN_POINT('Origin',(-1.22,0.,0.12));
#5260=CARTESIAN_POINT('',(-1.5,0.2,0.12));
#5261=CARTESIAN_POINT('',(-1.22,0.2,0.12));
#5262=CARTESIAN_POINT('',(-1.5,0.,0.12));
#5263=CARTESIAN_POINT('Origin',(-1.5,0.,0.12));
#5264=CARTESIAN_POINT('',(-1.5,0.2,0.12));
#5265=CARTESIAN_POINT('Origin',(0.,0.2,0.));
#5266=CARTESIAN_POINT('Origin',(0.,0.,0.));
#5267=CARTESIAN_POINT('',(-1.5,0.,0.38));
#5268=CARTESIAN_POINT('',(-1.22,0.,0.38));
#5269=CARTESIAN_POINT('',(-1.5,0.,0.38));
#5270=CARTESIAN_POINT('',(-1.22,0.,0.62));
#5271=CARTESIAN_POINT('Origin',(-1.22,0.,0.5));
#5272=CARTESIAN_POINT('',(-1.5,0.,0.62));
#5273=CARTESIAN_POINT('',(-1.22,0.,0.62));
#5274=CARTESIAN_POINT('',(-1.5,0.,0.62));
#5275=CARTESIAN_POINT('Origin',(-1.5,0.,0.38));
#5276=CARTESIAN_POINT('',(-1.5,0.2,0.38));
#5277=CARTESIAN_POINT('',(-1.5,0.,0.38));
#5278=CARTESIAN_POINT('',(-1.22,0.2,0.38));
#5279=CARTESIAN_POINT('',(-1.5,0.2,0.38));
#5280=CARTESIAN_POINT('',(-1.22,0.,0.38));
#5281=CARTESIAN_POINT('Origin',(-1.22,0.,0.5));
#5282=CARTESIAN_POINT('',(-1.22,0.2,0.62));
#5283=CARTESIAN_POINT('Origin',(-1.22,0.2,0.5));
#5284=CARTESIAN_POINT('',(-1.22,0.,0.62));
#5285=CARTESIAN_POINT('Origin',(-1.22,0.,0.62));
#5286=CARTESIAN_POINT('',(-1.5,0.2,0.62));
#5287=CARTESIAN_POINT('',(-1.22,0.2,0.62));
#5288=CARTESIAN_POINT('',(-1.5,0.,0.62));
#5289=CARTESIAN_POINT('Origin',(-1.5,0.,0.62));
#5290=CARTESIAN_POINT('',(-1.5,0.2,0.62));
#5291=CARTESIAN_POINT('Origin',(0.,0.2,0.));
#5292=CARTESIAN_POINT('Origin',(0.,0.,0.));
#5293=CARTESIAN_POINT('',(1.5,0.,0.88));
#5294=CARTESIAN_POINT('',(1.22,0.,0.88));
#5295=CARTESIAN_POINT('',(1.5,0.,0.88));
#5296=CARTESIAN_POINT('',(1.5,0.,1.12));
#5297=CARTESIAN_POINT('',(1.5,0.,1.12));
#5298=CARTESIAN_POINT('',(1.22,0.,1.12));
#5299=CARTESIAN_POINT('',(1.22,0.,1.12));
#5300=CARTESIAN_POINT('Origin',(1.22,0.,1.));
#5301=CARTESIAN_POINT('Origin',(1.5,0.,0.88));
#5302=CARTESIAN_POINT('',(1.22,0.2,0.88));
#5303=CARTESIAN_POINT('',(1.22,0.,0.88));
#5304=CARTESIAN_POINT('',(1.5,0.2,0.88));
#5305=CARTESIAN_POINT('',(1.5,0.2,0.88));
#5306=CARTESIAN_POINT('',(1.5,0.,0.88));
#5307=CARTESIAN_POINT('Origin',(1.5,0.,1.12));
#5308=CARTESIAN_POINT('',(1.5,0.2,1.12));
#5309=CARTESIAN_POINT('',(1.5,0.2,1.12));
#5310=CARTESIAN_POINT('',(1.5,0.,1.12));
#5311=CARTESIAN_POINT('Origin',(1.22,0.,1.12));
#5312=CARTESIAN_POINT('',(1.22,0.2,1.12));
#5313=CARTESIAN_POINT('',(1.22,0.2,1.12));
#5314=CARTESIAN_POINT('',(1.22,0.,1.12));
#5315=CARTESIAN_POINT('Origin',(1.22,0.,1.));
#5316=CARTESIAN_POINT('Origin',(1.22,0.2,1.));
#5317=CARTESIAN_POINT('Origin',(0.,0.2,0.));
#5318=CARTESIAN_POINT('Origin',(0.,0.,0.));
#5319=CARTESIAN_POINT('',(-1.5,0.,0.88));
#5320=CARTESIAN_POINT('',(-1.22,0.,0.88));
#5321=CARTESIAN_POINT('',(-1.5,0.,0.88));
#5322=CARTESIAN_POINT('',(-1.22,0.,1.12));
#5323=CARTESIAN_POINT('Origin',(-1.22,0.,1.));
#5324=CARTESIAN_POINT('',(-1.5,0.,1.12));
#5325=CARTESIAN_POINT('',(-1.22,0.,1.12));
#5326=CARTESIAN_POINT('',(-1.5,0.,1.12));
#5327=CARTESIAN_POINT('Origin',(-1.5,0.,0.88));
#5328=CARTESIAN_POINT('',(-1.5,0.2,0.88));
#5329=CARTESIAN_POINT('',(-1.5,0.,0.88));
#5330=CARTESIAN_POINT('',(-1.22,0.2,0.88));
#5331=CARTESIAN_POINT('',(-1.5,0.2,0.88));
#5332=CARTESIAN_POINT('',(-1.22,0.,0.88));
#5333=CARTESIAN_POINT('Origin',(-1.22,0.,1.));
#5334=CARTESIAN_POINT('',(-1.22,0.2,1.12));
#5335=CARTESIAN_POINT('Origin',(-1.22,0.2,1.));
#5336=CARTESIAN_POINT('',(-1.22,0.,1.12));
#5337=CARTESIAN_POINT('Origin',(-1.22,0.,1.12));
#5338=CARTESIAN_POINT('',(-1.5,0.2,1.12));
#5339=CARTESIAN_POINT('',(-1.22,0.2,1.12));
#5340=CARTESIAN_POINT('',(-1.5,0.,1.12));
#5341=CARTESIAN_POINT('Origin',(-1.5,0.,1.12));
#5342=CARTESIAN_POINT('',(-1.5,0.2,1.12));
#5343=CARTESIAN_POINT('Origin',(0.,0.2,0.));
#5344=CARTESIAN_POINT('Origin',(-1.2,1.2,0.91));
#5345=CARTESIAN_POINT('',(-1.075,1.2,1.01));
#5346=CARTESIAN_POINT('Origin',(-1.2,1.2,1.01));
#5347=CARTESIAN_POINT('',(-1.075,1.2,0.91));
#5348=CARTESIAN_POINT('',(-1.075,1.2,0.91));
#5349=CARTESIAN_POINT('Origin',(-1.2,1.2,0.91));
#5350=CARTESIAN_POINT('Origin',(-1.2,1.2,1.01));
#5351=CARTESIAN_POINT('Origin',(-1.2,1.2,0.91));
#5352=CARTESIAN_POINT('',(0.,0.,0.025));
#5353=CARTESIAN_POINT('',(0.,0.,0.));
#5354=UNCERTAINTY_MEASURE_WITH_UNIT(LENGTH_MEASURE(0.01),#5362,
'DISTANCE_ACCURACY_VALUE',
'Maximum model space distance between geometric entities at asserted c
onnectivities');
#5355=UNCERTAINTY_MEASURE_WITH_UNIT(LENGTH_MEASURE(0.01),#5362,
'DISTANCE_ACCURACY_VALUE',
'Maximum model space distance between geometric entities at asserted c
onnectivities');
#5356=UNCERTAINTY_MEASURE_WITH_UNIT(LENGTH_MEASURE(0.01),#5362,
'DISTANCE_ACCURACY_VALUE',
'Maximum model space distance between geometric entities at asserted c
onnectivities');
#5357=UNCERTAINTY_MEASURE_WITH_UNIT(LENGTH_MEASURE(0.01),#5362,
'DISTANCE_ACCURACY_VALUE',
'Maximum model space distance between geometric entities at asserted c
onnectivities');
#5358=(
GEOMETRIC_REPRESENTATION_CONTEXT(3)
GLOBAL_UNCERTAINTY_ASSIGNED_CONTEXT((#5354))
GLOBAL_UNIT_ASSIGNED_CONTEXT((#5362,#5364,#5365))
REPRESENTATION_CONTEXT('','3D')
);
#5359=(
GEOMETRIC_REPRESENTATION_CONTEXT(3)
GLOBAL_UNCERTAINTY_ASSIGNED_CONTEXT((#5355))
GLOBAL_UNIT_ASSIGNED_CONTEXT((#5362,#5364,#5365))
REPRESENTATION_CONTEXT('','3D')
);
#5360=(
GEOMETRIC_REPRESENTATION_CONTEXT(3)
GLOBAL_UNCERTAINTY_ASSIGNED_CONTEXT((#5356))
GLOBAL_UNIT_ASSIGNED_CONTEXT((#5362,#5364,#5365))
REPRESENTATION_CONTEXT('','3D')
);
#5361=(
GEOMETRIC_REPRESENTATION_CONTEXT(3)
GLOBAL_UNCERTAINTY_ASSIGNED_CONTEXT((#5357))
GLOBAL_UNIT_ASSIGNED_CONTEXT((#5362,#5364,#5365))
REPRESENTATION_CONTEXT('','3D')
);
#5362=(
LENGTH_UNIT()
NAMED_UNIT(*)
SI_UNIT(.MILLI.,.METRE.)
);
#5363=(
LENGTH_UNIT()
NAMED_UNIT(*)
SI_UNIT($,.METRE.)
);
#5364=(
NAMED_UNIT(*)
PLANE_ANGLE_UNIT()
SI_UNIT($,.RADIAN.)
);
#5365=(
NAMED_UNIT(*)
SI_UNIT($,.STERADIAN.)
SOLID_ANGLE_UNIT()
);
#5366=SHAPE_DEFINITION_REPRESENTATION(#5369,#5374);
#5367=SHAPE_DEFINITION_REPRESENTATION(#5370,#5375);
#5368=SHAPE_DEFINITION_REPRESENTATION(#5371,#5376);
#5369=PRODUCT_DEFINITION_SHAPE('',$,#5378);
#5370=PRODUCT_DEFINITION_SHAPE('',$,#5379);
#5371=PRODUCT_DEFINITION_SHAPE('',$,#5380);
#5372=PRODUCT_DEFINITION_SHAPE($,$,#17);
#5373=PRODUCT_DEFINITION_SHAPE($,$,#18);
#5374=SHAPE_REPRESENTATION('',(#3334,#3556,#3557),#5358);
#5375=SHAPE_REPRESENTATION('',(#3335),#5359);
#5376=SHAPE_REPRESENTATION('',(#3435),#5360);
#5377=PRODUCT_DEFINITION_CONTEXT('part definition',#5388,'design');
#5378=PRODUCT_DEFINITION('DRC0010J_ASM','(Unsaved)',#5381,#5377);
#5379=PRODUCT_DEFINITION('BODY-SON','BODY-SON',#5382,#5377);
#5380=PRODUCT_DEFINITION('FRAME-DRC0010J','FRAME-DRC0010J',#5383,#5377);
#5381=PRODUCT_DEFINITION_FORMATION('',$,#5390);
#5382=PRODUCT_DEFINITION_FORMATION('',$,#5391);
#5383=PRODUCT_DEFINITION_FORMATION('',$,#5392);
#5384=PRODUCT_RELATED_PRODUCT_CATEGORY('(Unsaved)','(Unsaved)',(#5390));
#5385=PRODUCT_RELATED_PRODUCT_CATEGORY('BODY-SON','BODY-SON',(#5391));
#5386=PRODUCT_RELATED_PRODUCT_CATEGORY('FRAME-DRC0010J',
'FRAME-DRC0010J',(#5392));
#5387=APPLICATION_PROTOCOL_DEFINITION('international standard',
'automotive_design',2009,#5388);
#5388=APPLICATION_CONTEXT(
'Core Data for Automotive Mechanical Design Process');
#5389=PRODUCT_CONTEXT('part definition',#5388,'mechanical');
#5390=PRODUCT('DRC0010J_ASM','(Unsaved)',$,(#5389));
#5391=PRODUCT('BODY-SON','BODY-SON','NOT SPECIFIED',(#5389));
#5392=PRODUCT('FRAME-DRC0010J','FRAME-DRC0010J','NOT SPECIFIED',(#5389));
#5393=PRESENTATION_STYLE_ASSIGNMENT((#5398));
#5394=PRESENTATION_STYLE_ASSIGNMENT((#5399));
#5395=PRESENTATION_STYLE_ASSIGNMENT((#5400));
#5396=PRESENTATION_STYLE_ASSIGNMENT((#5401));
#5397=PRESENTATION_STYLE_ASSIGNMENT((#5402));
#5398=SURFACE_STYLE_USAGE(.BOTH.,#5403);
#5399=SURFACE_STYLE_USAGE(.BOTH.,#5404);
#5400=SURFACE_STYLE_USAGE(.BOTH.,#5405);
#5401=SURFACE_STYLE_USAGE(.BOTH.,#5406);
#5402=SURFACE_STYLE_USAGE(.BOTH.,#5407);
#5403=SURFACE_SIDE_STYLE('',(#5408));
#5404=SURFACE_SIDE_STYLE('',(#5409));
#5405=SURFACE_SIDE_STYLE('',(#5410));
#5406=SURFACE_SIDE_STYLE('',(#5411));
#5407=SURFACE_SIDE_STYLE('',(#5412));
#5408=SURFACE_STYLE_FILL_AREA(#5413);
#5409=SURFACE_STYLE_FILL_AREA(#5414);
#5410=SURFACE_STYLE_FILL_AREA(#5415);
#5411=SURFACE_STYLE_FILL_AREA(#5416);
#5412=SURFACE_STYLE_FILL_AREA(#5417);
#5413=FILL_AREA_STYLE('Steel - Satin',(#5418));
#5414=FILL_AREA_STYLE('ABS (White)',(#5419));
#5415=FILL_AREA_STYLE('Opaque(25,25,25)',(#5420));
#5416=FILL_AREA_STYLE('Opaque(200,200,200)',(#5421));
#5417=FILL_AREA_STYLE('Opaque(155,96,80)',(#5422));
#5418=FILL_AREA_STYLE_COLOUR('Steel - Satin',#5423);
#5419=FILL_AREA_STYLE_COLOUR('ABS (White)',#5424);
#5420=FILL_AREA_STYLE_COLOUR('Opaque(25,25,25)',#5425);
#5421=FILL_AREA_STYLE_COLOUR('Opaque(200,200,200)',#5426);
#5422=FILL_AREA_STYLE_COLOUR('Opaque(155,96,80)',#5427);
#5423=COLOUR_RGB('Steel - Satin',0.627450980392157,0.627450980392157,0.627450980392157);
#5424=COLOUR_RGB('ABS (White)',0.964705882352941,0.964705882352941,0.952941176470588);
#5425=COLOUR_RGB('Opaque(25,25,25)',0.0980392156862745,0.0980392156862745,
0.0980392156862745);
#5426=COLOUR_RGB('Opaque(200,200,200)',0.784313725490196,0.784313725490196,
0.784313725490196);
#5427=COLOUR_RGB('Opaque(155,96,80)',0.607843137254902,0.376470588235294,
0.313725490196078);
ENDSEC;
END-ISO-10303-21;
