ISO-10303-21;
HEADER;
/* Generated by software containing ST-Developer
 * from STEP Tools, Inc. (www.steptools.com) 
 */

FILE_DESCRIPTION(
/* description */ (''),
/* implementation_level */ '2;1');

FILE_NAME(
/* name */ 'RDN0011A.step',
/* time_stamp */ '2025-10-30T18:44:24+01:00',
/* author */ (''),
/* organization */ (''),
/* preprocessor_version */ 'ST-DEVELOPER v20.1',
/* originating_system */ 'Autodesk Translation Framework v14.17.0.0',
/* authorisation */ '');

FILE_SCHEMA (('AUTOMOTIVE_DESIGN { 1 0 10303 214 3 1 1 }'));
ENDSEC;

DATA;
#10=MECHANICAL_DESIGN_GEOMETRIC_PRESENTATION_REPRESENTATION('',(#126,#127,
#128,#129,#130,#131,#132,#133,#134,#135,#136,#137,#138,#139,#140,#141,#142,
#143,#144,#145,#146,#147,#148,#149,#150,#151,#152,#153,#154,#155,#156,#157,
#158,#159,#160,#161,#162,#163,#164,#165,#166,#167,#168,#169,#170,#171,#172,
#173,#174,#175,#176,#177,#178,#179,#180,#181,#182,#183,#184,#185,#186,#187,
#188,#189,#190,#191,#192,#193,#194,#195,#196,#197,#198,#199,#200,#201,#202,
#203,#204,#205,#206,#207,#208,#209,#210,#211,#212,#213,#214,#215,#216,#217,
#218,#219,#220,#221,#222,#223,#224,#225,#226,#227,#228,#229,#230,#231,#232,
#233,#234,#235,#236,#237,#238,#239,#240,#241,#242,#243,#244,#245,#246,#247,
#248,#249,#250,#251,#252,#253,#254,#255,#256,#257,#258,#259,#260,#261,#262,
#263,#264,#265,#266,#267,#268,#269,#270,#271,#272,#273,#274,#275,#276,#277,
#278,#279,#280,#281,#282,#283,#284,#285,#286,#287,#288,#289,#290,#291,#292,
#293,#294,#295,#296,#297,#298,#299,#300,#301,#302,#303,#304,#305,#306,#307,
#308,#309,#310,#311,#312,#313,#314,#315,#316,#317),#15713);
#11=ITEM_DEFINED_TRANSFORMATION($,$,#10203,#10496);
#12=ITEM_DEFINED_TRANSFORMATION($,$,#10266,#10497);
#13=ITEM_DEFINED_TRANSFORMATION($,$,#10288,#10498);
#14=ITEM_DEFINED_TRANSFORMATION($,$,#10303,#10499);
#15=ITEM_DEFINED_TRANSFORMATION($,$,#10320,#10500);
#16=ITEM_DEFINED_TRANSFORMATION($,$,#10337,#10501);
#17=ITEM_DEFINED_TRANSFORMATION($,$,#10354,#10502);
#18=ITEM_DEFINED_TRANSFORMATION($,$,#10369,#10503);
#19=ITEM_DEFINED_TRANSFORMATION($,$,#10392,#10504);
#20=ITEM_DEFINED_TRANSFORMATION($,$,#10409,#10505);
#21=ITEM_DEFINED_TRANSFORMATION($,$,#9951,#10511);
#22=ITEM_DEFINED_TRANSFORMATION($,$,#10202,#10512);
#23=(
REPRESENTATION_RELATIONSHIP($,$,#15759,#15758)
REPRESENTATION_RELATIONSHIP_WITH_TRANSFORMATION(#11)
SHAPE_REPRESENTATION_RELATIONSHIP()
);
#24=(
REPRESENTATION_RELATIONSHIP($,$,#15760,#15758)
REPRESENTATION_RELATIONSHIP_WITH_TRANSFORMATION(#12)
SHAPE_REPRESENTATION_RELATIONSHIP()
);
#25=(
REPRESENTATION_RELATIONSHIP($,$,#15761,#15758)
REPRESENTATION_RELATIONSHIP_WITH_TRANSFORMATION(#13)
SHAPE_REPRESENTATION_RELATIONSHIP()
);
#26=(
REPRESENTATION_RELATIONSHIP($,$,#15762,#15758)
REPRESENTATION_RELATIONSHIP_WITH_TRANSFORMATION(#14)
SHAPE_REPRESENTATION_RELATIONSHIP()
);
#27=(
REPRESENTATION_RELATIONSHIP($,$,#15763,#15758)
REPRESENTATION_RELATIONSHIP_WITH_TRANSFORMATION(#15)
SHAPE_REPRESENTATION_RELATIONSHIP()
);
#28=(
REPRESENTATION_RELATIONSHIP($,$,#15764,#15758)
REPRESENTATION_RELATIONSHIP_WITH_TRANSFORMATION(#16)
SHAPE_REPRESENTATION_RELATIONSHIP()
);
#29=(
REPRESENTATION_RELATIONSHIP($,$,#15765,#15758)
REPRESENTATION_RELATIONSHIP_WITH_TRANSFORMATION(#17)
SHAPE_REPRESENTATION_RELATIONSHIP()
);
#30=(
REPRESENTATION_RELATIONSHIP($,$,#15766,#15758)
REPRESENTATION_RELATIONSHIP_WITH_TRANSFORMATION(#18)
SHAPE_REPRESENTATION_RELATIONSHIP()
);
#31=(
REPRESENTATION_RELATIONSHIP($,$,#15767,#15758)
REPRESENTATION_RELATIONSHIP_WITH_TRANSFORMATION(#19)
SHAPE_REPRESENTATION_RELATIONSHIP()
);
#32=(
REPRESENTATION_RELATIONSHIP($,$,#15768,#15758)
REPRESENTATION_RELATIONSHIP_WITH_TRANSFORMATION(#20)
SHAPE_REPRESENTATION_RELATIONSHIP()
);
#33=(
REPRESENTATION_RELATIONSHIP($,$,#15757,#15756)
REPRESENTATION_RELATIONSHIP_WITH_TRANSFORMATION(#21)
SHAPE_REPRESENTATION_RELATIONSHIP()
);
#34=(
REPRESENTATION_RELATIONSHIP($,$,#15758,#15756)
REPRESENTATION_RELATIONSHIP_WITH_TRANSFORMATION(#22)
SHAPE_REPRESENTATION_RELATIONSHIP()
);
#35=CONTEXT_DEPENDENT_SHAPE_REPRESENTATION(#23,#15744);
#36=CONTEXT_DEPENDENT_SHAPE_REPRESENTATION(#24,#15745);
#37=CONTEXT_DEPENDENT_SHAPE_REPRESENTATION(#25,#15746);
#38=CONTEXT_DEPENDENT_SHAPE_REPRESENTATION(#26,#15747);
#39=CONTEXT_DEPENDENT_SHAPE_REPRESENTATION(#27,#15748);
#40=CONTEXT_DEPENDENT_SHAPE_REPRESENTATION(#28,#15749);
#41=CONTEXT_DEPENDENT_SHAPE_REPRESENTATION(#29,#15750);
#42=CONTEXT_DEPENDENT_SHAPE_REPRESENTATION(#30,#15751);
#43=CONTEXT_DEPENDENT_SHAPE_REPRESENTATION(#31,#15752);
#44=CONTEXT_DEPENDENT_SHAPE_REPRESENTATION(#32,#15753);
#45=CONTEXT_DEPENDENT_SHAPE_REPRESENTATION(#33,#15754);
#46=CONTEXT_DEPENDENT_SHAPE_REPRESENTATION(#34,#15755);
#47=NEXT_ASSEMBLY_USAGE_OCCURRENCE('SOLID1-489_AF0:1',
'SOLID1-489_AF0:1','SOLID1-489_AF0:1',#15772,#15773,'SOLID1-489_AF0:1');
#48=NEXT_ASSEMBLY_USAGE_OCCURRENCE('SOLID1-490_AF0:1',
'SOLID1-490_AF0:1','SOLID1-490_AF0:1',#15772,#15774,'SOLID1-490_AF0:1');
#49=NEXT_ASSEMBLY_USAGE_OCCURRENCE('SOLID1-491_AF0:1',
'SOLID1-491_AF0:1','SOLID1-491_AF0:1',#15772,#15775,'SOLID1-491_AF0:1');
#50=NEXT_ASSEMBLY_USAGE_OCCURRENCE('SOLID1-492_AF0:1',
'SOLID1-492_AF0:1','SOLID1-492_AF0:1',#15772,#15776,'SOLID1-492_AF0:1');
#51=NEXT_ASSEMBLY_USAGE_OCCURRENCE('SOLID1-493_AF0:1',
'SOLID1-493_AF0:1','SOLID1-493_AF0:1',#15772,#15777,'SOLID1-493_AF0:1');
#52=NEXT_ASSEMBLY_USAGE_OCCURRENCE('SOLID1-494_AF0:1',
'SOLID1-494_AF0:1','SOLID1-494_AF0:1',#15772,#15778,'SOLID1-494_AF0:1');
#53=NEXT_ASSEMBLY_USAGE_OCCURRENCE('SOLID1-495_AF0:1',
'SOLID1-495_AF0:1','SOLID1-495_AF0:1',#15772,#15779,'SOLID1-495_AF0:1');
#54=NEXT_ASSEMBLY_USAGE_OCCURRENCE('SOLID1-496_AF0:1',
'SOLID1-496_AF0:1','SOLID1-496_AF0:1',#15772,#15780,'SOLID1-496_AF0:1');
#55=NEXT_ASSEMBLY_USAGE_OCCURRENCE('SOLID1-497_AF0:1',
'SOLID1-497_AF0:1','SOLID1-497_AF0:1',#15772,#15781,'SOLID1-497_AF0:1');
#56=NEXT_ASSEMBLY_USAGE_OCCURRENCE('SOLID1-498_AF0:1',
'SOLID1-498_AF0:1','SOLID1-498_AF0:1',#15772,#15782,'SOLID1-498_AF0:1');
#57=NEXT_ASSEMBLY_USAGE_OCCURRENCE('MOLD_CPOMPOUND_AF0:1',
'MOLD_CPOMPOUND_AF0:1','MOLD_CPOMPOUND_AF0:1',#15770,#15771,
'MOLD_CPOMPOUND_AF0:1');
#58=NEXT_ASSEMBLY_USAGE_OCCURRENCE('LF_NEW_2_AF0_ASM:1',
'LF_NEW_2_AF0_ASM:1','LF_NEW_2_AF0_ASM:1',#15770,#15772,
'LF_NEW_2_AF0_ASM:1');
#59=SHAPE_REPRESENTATION_RELATIONSHIP('SRR','None',#15757,#71);
#60=SHAPE_REPRESENTATION_RELATIONSHIP('SRR','None',#15759,#72);
#61=SHAPE_REPRESENTATION_RELATIONSHIP('SRR','None',#15760,#73);
#62=SHAPE_REPRESENTATION_RELATIONSHIP('SRR','None',#15761,#74);
#63=SHAPE_REPRESENTATION_RELATIONSHIP('SRR','None',#15762,#75);
#64=SHAPE_REPRESENTATION_RELATIONSHIP('SRR','None',#15763,#76);
#65=SHAPE_REPRESENTATION_RELATIONSHIP('SRR','None',#15764,#77);
#66=SHAPE_REPRESENTATION_RELATIONSHIP('SRR','None',#15765,#78);
#67=SHAPE_REPRESENTATION_RELATIONSHIP('SRR','None',#15766,#79);
#68=SHAPE_REPRESENTATION_RELATIONSHIP('SRR','None',#15767,#80);
#69=SHAPE_REPRESENTATION_RELATIONSHIP('SRR','None',#15768,#81);
#70=SHAPE_REPRESENTATION_RELATIONSHIP('SRR','None',#15756,#82);
#71=ADVANCED_BREP_SHAPE_REPRESENTATION('',(#83),#15701);
#72=ADVANCED_BREP_SHAPE_REPRESENTATION('',(#84,#85),#15703);
#73=ADVANCED_BREP_SHAPE_REPRESENTATION('',(#86,#87),#15704);
#74=ADVANCED_BREP_SHAPE_REPRESENTATION('',(#88),#15705);
#75=ADVANCED_BREP_SHAPE_REPRESENTATION('',(#89),#15706);
#76=ADVANCED_BREP_SHAPE_REPRESENTATION('',(#90),#15707);
#77=ADVANCED_BREP_SHAPE_REPRESENTATION('',(#91),#15708);
#78=ADVANCED_BREP_SHAPE_REPRESENTATION('',(#92),#15709);
#79=ADVANCED_BREP_SHAPE_REPRESENTATION('',(#93),#15710);
#80=ADVANCED_BREP_SHAPE_REPRESENTATION('',(#94),#15711);
#81=ADVANCED_BREP_SHAPE_REPRESENTATION('',(#95,#96,#97),#15712);
#82=ADVANCED_BREP_SHAPE_REPRESENTATION('',(#98),#15700);
#83=MANIFOLD_SOLID_BREP('Body1',#9812);
#84=MANIFOLD_SOLID_BREP('Body1',#9813);
#85=MANIFOLD_SOLID_BREP('Body2',#9814);
#86=MANIFOLD_SOLID_BREP('Body1',#9815);
#87=MANIFOLD_SOLID_BREP('Body2',#9816);
#88=MANIFOLD_SOLID_BREP('Body1',#9817);
#89=MANIFOLD_SOLID_BREP('Body1',#9818);
#90=MANIFOLD_SOLID_BREP('Body1',#9819);
#91=MANIFOLD_SOLID_BREP('Body1',#9820);
#92=MANIFOLD_SOLID_BREP('Body1',#9821);
#93=MANIFOLD_SOLID_BREP('Body1',#9822);
#94=MANIFOLD_SOLID_BREP('Body1',#9823);
#95=MANIFOLD_SOLID_BREP('Body1',#9824);
#96=MANIFOLD_SOLID_BREP('Body2',#9825);
#97=MANIFOLD_SOLID_BREP('Body3',#9826);
#98=MANIFOLD_SOLID_BREP('Body1',#9827);
#99=CYLINDRICAL_SURFACE('',#9980,0.125);
#100=CYLINDRICAL_SURFACE('',#10011,0.1499999999942);
#101=CYLINDRICAL_SURFACE('',#10022,0.125);
#102=CYLINDRICAL_SURFACE('',#10086,0.1000000000029);
#103=CYLINDRICAL_SURFACE('',#10088,0.09999999999127);
#104=CYLINDRICAL_SURFACE('',#10095,0.125);
#105=CYLINDRICAL_SURFACE('',#10102,0.1);
#106=CYLINDRICAL_SURFACE('',#10105,0.1000000000029);
#107=CYLINDRICAL_SURFACE('',#10116,0.125);
#108=CYLINDRICAL_SURFACE('',#10128,0.125);
#109=CYLINDRICAL_SURFACE('',#10142,0.09999999999127);
#110=CYLINDRICAL_SURFACE('',#10145,0.1000000000029);
#111=CYLINDRICAL_SURFACE('',#10193,0.125);
#112=CYLINDRICAL_SURFACE('',#10249,0.1000000000029);
#113=CYLINDRICAL_SURFACE('',#10251,0.09999999999127);
#114=CYLINDRICAL_SURFACE('',#10294,0.125);
#115=CYLINDRICAL_SURFACE('',#10314,0.125);
#116=CYLINDRICAL_SURFACE('',#10327,0.125);
#117=CYLINDRICAL_SURFACE('',#10344,0.125);
#118=CYLINDRICAL_SURFACE('',#10360,0.125);
#119=CYLINDRICAL_SURFACE('',#10370,0.1);
#120=CYLINDRICAL_SURFACE('',#10384,0.1000000000029);
#121=CYLINDRICAL_SURFACE('',#10406,0.1499999999942);
#122=CYLINDRICAL_SURFACE('',#10419,0.125);
#123=CYLINDRICAL_SURFACE('',#10478,0.1000000000029);
#124=CYLINDRICAL_SURFACE('',#10480,0.09999999999127);
#125=CYLINDRICAL_SURFACE('',#10506,0.0999999977648258);
#126=STYLED_ITEM('',(#15828),#9340);
#127=STYLED_ITEM('',(#15828),#9341);
#128=STYLED_ITEM('',(#15828),#9343);
#129=STYLED_ITEM('',(#15828),#9346);
#130=STYLED_ITEM('',(#15828),#9349);
#131=STYLED_ITEM('',(#15828),#9350);
#132=STYLED_ITEM('',(#15828),#9352);
#133=STYLED_ITEM('',(#15828),#9353);
#134=STYLED_ITEM('',(#15828),#9355);
#135=STYLED_ITEM('',(#15828),#9357);
#136=STYLED_ITEM('',(#15828),#9358);
#137=STYLED_ITEM('',(#15828),#9361);
#138=STYLED_ITEM('',(#15828),#9363);
#139=STYLED_ITEM('',(#15828),#9367);
#140=STYLED_ITEM('',(#15828),#9371);
#141=STYLED_ITEM('',(#15828),#9373);
#142=STYLED_ITEM('',(#15828),#9377);
#143=STYLED_ITEM('',(#15828),#9381);
#144=STYLED_ITEM('',(#15828),#9382);
#145=STYLED_ITEM('',(#15828),#9384);
#146=STYLED_ITEM('',(#15828),#9389);
#147=STYLED_ITEM('',(#15828),#9396);
#148=STYLED_ITEM('',(#15828),#9397);
#149=STYLED_ITEM('',(#15828),#9398);
#150=STYLED_ITEM('',(#15828),#9399);
#151=STYLED_ITEM('',(#15828),#9400);
#152=STYLED_ITEM('',(#15828),#9401);
#153=STYLED_ITEM('',(#15828),#9416);
#154=STYLED_ITEM('',(#15828),#9417);
#155=STYLED_ITEM('',(#15828),#9418);
#156=STYLED_ITEM('',(#15828),#9419);
#157=STYLED_ITEM('',(#15828),#9420);
#158=STYLED_ITEM('',(#15828),#9422);
#159=STYLED_ITEM('',(#15828),#9423);
#160=STYLED_ITEM('',(#15828),#9425);
#161=STYLED_ITEM('',(#15828),#9427);
#162=STYLED_ITEM('',(#15828),#9430);
#163=STYLED_ITEM('',(#15828),#9432);
#164=STYLED_ITEM('',(#15828),#9435);
#165=STYLED_ITEM('',(#15828),#9437);
#166=STYLED_ITEM('',(#15828),#9439);
#167=STYLED_ITEM('',(#15828),#9440);
#168=STYLED_ITEM('',(#15828),#9448);
#169=STYLED_ITEM('',(#15828),#9449);
#170=STYLED_ITEM('',(#15828),#9450);
#171=STYLED_ITEM('',(#15828),#9451);
#172=STYLED_ITEM('',(#15828),#9453);
#173=STYLED_ITEM('',(#15828),#9454);
#174=STYLED_ITEM('',(#15828),#9456);
#175=STYLED_ITEM('',(#15828),#9458);
#176=STYLED_ITEM('',(#15828),#9460);
#177=STYLED_ITEM('',(#15828),#9462);
#178=STYLED_ITEM('',(#15828),#9463);
#179=STYLED_ITEM('',(#15828),#9466);
#180=STYLED_ITEM('',(#15828),#9469);
#181=STYLED_ITEM('',(#15828),#9470);
#182=STYLED_ITEM('',(#15828),#9472);
#183=STYLED_ITEM('',(#15828),#9473);
#184=STYLED_ITEM('',(#15828),#9476);
#185=STYLED_ITEM('',(#15828),#9480);
#186=STYLED_ITEM('',(#15828),#9481);
#187=STYLED_ITEM('',(#15828),#9483);
#188=STYLED_ITEM('',(#15828),#9488);
#189=STYLED_ITEM('',(#15828),#9492);
#190=STYLED_ITEM('',(#15828),#9500);
#191=STYLED_ITEM('',(#15828),#9504);
#192=STYLED_ITEM('',(#15828),#9505);
#193=STYLED_ITEM('',(#15828),#9506);
#194=STYLED_ITEM('',(#15828),#9507);
#195=STYLED_ITEM('',(#15828),#9508);
#196=STYLED_ITEM('',(#15828),#9520);
#197=STYLED_ITEM('',(#15828),#9521);
#198=STYLED_ITEM('',(#15828),#9522);
#199=STYLED_ITEM('',(#15828),#9523);
#200=STYLED_ITEM('',(#15828),#9524);
#201=STYLED_ITEM('',(#15828),#9526);
#202=STYLED_ITEM('',(#15828),#9527);
#203=STYLED_ITEM('',(#15828),#9528);
#204=STYLED_ITEM('',(#15828),#9530);
#205=STYLED_ITEM('',(#15828),#9533);
#206=STYLED_ITEM('',(#15828),#9535);
#207=STYLED_ITEM('',(#15828),#9537);
#208=STYLED_ITEM('',(#15828),#9538);
#209=STYLED_ITEM('',(#15828),#9540);
#210=STYLED_ITEM('',(#15828),#9542);
#211=STYLED_ITEM('',(#15828),#9543);
#212=STYLED_ITEM('',(#15828),#9545);
#213=STYLED_ITEM('',(#15828),#9549);
#214=STYLED_ITEM('',(#15827),#83);
#215=STYLED_ITEM('',(#15828),#9559);
#216=STYLED_ITEM('',(#15828),#9560);
#217=STYLED_ITEM('',(#15828),#9561);
#218=STYLED_ITEM('',(#15828),#9562);
#219=STYLED_ITEM('',(#15828),#9575);
#220=STYLED_ITEM('',(#15828),#9577);
#221=STYLED_ITEM('',(#15828),#9578);
#222=STYLED_ITEM('',(#15828),#9580);
#223=STYLED_ITEM('',(#15828),#9582);
#224=STYLED_ITEM('',(#15828),#9585);
#225=STYLED_ITEM('',(#15828),#9587);
#226=STYLED_ITEM('',(#15828),#9590);
#227=STYLED_ITEM('',(#15828),#9598);
#228=STYLED_ITEM('',(#15829),#84);
#229=STYLED_ITEM('',(#15828),#9601);
#230=STYLED_ITEM('',(#15828),#9602);
#231=STYLED_ITEM('',(#15828),#9603);
#232=STYLED_ITEM('',(#15828),#9604);
#233=STYLED_ITEM('',(#15828),#9605);
#234=STYLED_ITEM('',(#15828),#9606);
#235=STYLED_ITEM('',(#15828),#9608);
#236=STYLED_ITEM('',(#15828),#9609);
#237=STYLED_ITEM('',(#15829),#85);
#238=STYLED_ITEM('',(#15828),#9613);
#239=STYLED_ITEM('',(#15828),#9618);
#240=STYLED_ITEM('',(#15828),#9619);
#241=STYLED_ITEM('',(#15828),#9621);
#242=STYLED_ITEM('',(#15828),#9622);
#243=STYLED_ITEM('',(#15828),#9624);
#244=STYLED_ITEM('',(#15829),#86);
#245=STYLED_ITEM('',(#15828),#9625);
#246=STYLED_ITEM('',(#15828),#9627);
#247=STYLED_ITEM('',(#15828),#9628);
#248=STYLED_ITEM('',(#15828),#9630);
#249=STYLED_ITEM('',(#15829),#87);
#250=STYLED_ITEM('',(#15828),#9633);
#251=STYLED_ITEM('',(#15828),#9634);
#252=STYLED_ITEM('',(#15828),#9636);
#253=STYLED_ITEM('',(#15828),#9642);
#254=STYLED_ITEM('',(#15829),#88);
#255=STYLED_ITEM('',(#15828),#9648);
#256=STYLED_ITEM('',(#15828),#9650);
#257=STYLED_ITEM('',(#15828),#9651);
#258=STYLED_ITEM('',(#15828),#9653);
#259=STYLED_ITEM('',(#15828),#9654);
#260=STYLED_ITEM('',(#15829),#89);
#261=STYLED_ITEM('',(#15828),#9660);
#262=STYLED_ITEM('',(#15828),#9661);
#263=STYLED_ITEM('',(#15828),#9663);
#264=STYLED_ITEM('',(#15828),#9670);
#265=STYLED_ITEM('',(#15829),#90);
#266=STYLED_ITEM('',(#15828),#9674);
#267=STYLED_ITEM('',(#15828),#9675);
#268=STYLED_ITEM('',(#15828),#9677);
#269=STYLED_ITEM('',(#15828),#9684);
#270=STYLED_ITEM('',(#15829),#91);
#271=STYLED_ITEM('',(#15828),#9687);
#272=STYLED_ITEM('',(#15828),#9688);
#273=STYLED_ITEM('',(#15828),#9690);
#274=STYLED_ITEM('',(#15828),#9696);
#275=STYLED_ITEM('',(#15829),#92);
#276=STYLED_ITEM('',(#15828),#9703);
#277=STYLED_ITEM('',(#15828),#9705);
#278=STYLED_ITEM('',(#15828),#9706);
#279=STYLED_ITEM('',(#15828),#9708);
#280=STYLED_ITEM('',(#15828),#9709);
#281=STYLED_ITEM('',(#15828),#9714);
#282=STYLED_ITEM('',(#15829),#93);
#283=STYLED_ITEM('',(#15828),#9715);
#284=STYLED_ITEM('',(#15828),#9725);
#285=STYLED_ITEM('',(#15828),#9727);
#286=STYLED_ITEM('',(#15829),#94);
#287=STYLED_ITEM('',(#15828),#9734);
#288=STYLED_ITEM('',(#15828),#9735);
#289=STYLED_ITEM('',(#15828),#9737);
#290=STYLED_ITEM('',(#15828),#9738);
#291=STYLED_ITEM('',(#15828),#9740);
#292=STYLED_ITEM('',(#15829),#95);
#293=STYLED_ITEM('',(#15828),#9755);
#294=STYLED_ITEM('',(#15828),#9756);
#295=STYLED_ITEM('',(#15828),#9757);
#296=STYLED_ITEM('',(#15828),#9758);
#297=STYLED_ITEM('',(#15828),#9767);
#298=STYLED_ITEM('',(#15828),#9769);
#299=STYLED_ITEM('',(#15828),#9774);
#300=STYLED_ITEM('',(#15828),#9776);
#301=STYLED_ITEM('',(#15828),#9781);
#302=STYLED_ITEM('',(#15828),#9783);
#303=STYLED_ITEM('',(#15828),#9787);
#304=STYLED_ITEM('',(#15828),#9788);
#305=STYLED_ITEM('',(#15828),#9796);
#306=STYLED_ITEM('',(#15828),#9797);
#307=STYLED_ITEM('',(#15829),#96);
#308=STYLED_ITEM('',(#15828),#9800);
#309=STYLED_ITEM('',(#15828),#9801);
#310=STYLED_ITEM('',(#15828),#9802);
#311=STYLED_ITEM('',(#15828),#9803);
#312=STYLED_ITEM('',(#15828),#9804);
#313=STYLED_ITEM('',(#15828),#9805);
#314=STYLED_ITEM('',(#15828),#9807);
#315=STYLED_ITEM('',(#15828),#9808);
#316=STYLED_ITEM('',(#15829),#97);
#317=STYLED_ITEM('',(#15826),#98);
#318=CIRCLE('',#9958,0.125);
#319=CIRCLE('',#9959,0.1000000000029);
#320=CIRCLE('',#9960,0.09999999999127);
#321=CIRCLE('',#9961,0.09999999999127);
#322=CIRCLE('',#9962,0.1000000000029);
#323=CIRCLE('',#9963,0.125);
#324=CIRCLE('',#9964,0.125);
#325=CIRCLE('',#9965,0.125);
#326=CIRCLE('',#9966,0.1499999999942);
#327=CIRCLE('',#9967,0.125);
#328=CIRCLE('',#9968,0.1);
#329=CIRCLE('',#9969,0.1000000000029);
#330=CIRCLE('',#9970,0.125);
#331=CIRCLE('',#9977,0.125);
#332=CIRCLE('',#10007,0.1499999999942);
#333=CIRCLE('',#10023,0.125);
#334=CIRCLE('',#10034,0.09999999999127);
#335=CIRCLE('',#10035,0.1000000000029);
#336=CIRCLE('',#10037,0.125);
#337=CIRCLE('',#10103,0.1);
#338=CIRCLE('',#10106,0.1000000000029);
#339=CIRCLE('',#10117,0.125);
#340=CIRCLE('',#10129,0.125);
#341=CIRCLE('',#10143,0.09999999999127);
#342=CIRCLE('',#10146,0.1000000000029);
#343=CIRCLE('',#10194,0.125);
#344=CIRCLE('',#10205,0.1000000000029);
#345=CIRCLE('',#10206,0.09999999999127);
#346=CIRCLE('',#10212,0.09999999999127);
#347=CIRCLE('',#10213,0.1000000000029);
#348=CIRCLE('',#10290,0.125);
#349=CIRCLE('',#10295,0.125);
#350=CIRCLE('',#10305,0.125);
#351=CIRCLE('',#10315,0.125);
#352=CIRCLE('',#10322,0.125);
#353=CIRCLE('',#10328,0.125);
#354=CIRCLE('',#10339,0.125);
#355=CIRCLE('',#10345,0.125);
#356=CIRCLE('',#10356,0.125);
#357=CIRCLE('',#10361,0.125);
#358=CIRCLE('',#10371,0.1);
#359=CIRCLE('',#10372,0.1);
#360=CIRCLE('',#10374,0.1000000000029);
#361=CIRCLE('',#10377,0.1000000000029);
#362=CIRCLE('',#10396,0.1499999999942);
#363=CIRCLE('',#10402,0.1499999999942);
#364=CIRCLE('',#10412,0.125);
#365=CIRCLE('',#10415,0.125);
#366=CIRCLE('',#10428,0.1000000000029);
#367=CIRCLE('',#10429,0.09999999999127);
#368=CIRCLE('',#10458,0.09999999999127);
#369=CIRCLE('',#10459,0.1000000000029);
#370=CIRCLE('',#10507,0.0999999977648258);
#371=CIRCLE('',#10508,0.0999999977648258);
#372=FACE_BOUND('',#861,.T.);
#373=FACE_BOUND('',#862,.T.);
#374=FACE_BOUND('',#888,.T.);
#375=FACE_OUTER_BOUND('',#859,.T.);
#376=FACE_OUTER_BOUND('',#860,.T.);
#377=FACE_OUTER_BOUND('',#863,.T.);
#378=FACE_OUTER_BOUND('',#864,.T.);
#379=FACE_OUTER_BOUND('',#865,.T.);
#380=FACE_OUTER_BOUND('',#866,.T.);
#381=FACE_OUTER_BOUND('',#867,.T.);
#382=FACE_OUTER_BOUND('',#868,.T.);
#383=FACE_OUTER_BOUND('',#869,.T.);
#384=FACE_OUTER_BOUND('',#870,.T.);
#385=FACE_OUTER_BOUND('',#871,.T.);
#386=FACE_OUTER_BOUND('',#872,.T.);
#387=FACE_OUTER_BOUND('',#873,.T.);
#388=FACE_OUTER_BOUND('',#874,.T.);
#389=FACE_OUTER_BOUND('',#875,.T.);
#390=FACE_OUTER_BOUND('',#876,.T.);
#391=FACE_OUTER_BOUND('',#877,.T.);
#392=FACE_OUTER_BOUND('',#878,.T.);
#393=FACE_OUTER_BOUND('',#879,.T.);
#394=FACE_OUTER_BOUND('',#880,.T.);
#395=FACE_OUTER_BOUND('',#881,.T.);
#396=FACE_OUTER_BOUND('',#882,.T.);
#397=FACE_OUTER_BOUND('',#883,.T.);
#398=FACE_OUTER_BOUND('',#884,.T.);
#399=FACE_OUTER_BOUND('',#885,.T.);
#400=FACE_OUTER_BOUND('',#886,.T.);
#401=FACE_OUTER_BOUND('',#887,.T.);
#402=FACE_OUTER_BOUND('',#889,.T.);
#403=FACE_OUTER_BOUND('',#890,.T.);
#404=FACE_OUTER_BOUND('',#891,.T.);
#405=FACE_OUTER_BOUND('',#892,.T.);
#406=FACE_OUTER_BOUND('',#893,.T.);
#407=FACE_OUTER_BOUND('',#894,.T.);
#408=FACE_OUTER_BOUND('',#895,.T.);
#409=FACE_OUTER_BOUND('',#896,.T.);
#410=FACE_OUTER_BOUND('',#897,.T.);
#411=FACE_OUTER_BOUND('',#898,.T.);
#412=FACE_OUTER_BOUND('',#899,.T.);
#413=FACE_OUTER_BOUND('',#900,.T.);
#414=FACE_OUTER_BOUND('',#901,.T.);
#415=FACE_OUTER_BOUND('',#902,.T.);
#416=FACE_OUTER_BOUND('',#903,.T.);
#417=FACE_OUTER_BOUND('',#904,.T.);
#418=FACE_OUTER_BOUND('',#905,.T.);
#419=FACE_OUTER_BOUND('',#906,.T.);
#420=FACE_OUTER_BOUND('',#907,.T.);
#421=FACE_OUTER_BOUND('',#908,.T.);
#422=FACE_OUTER_BOUND('',#909,.T.);
#423=FACE_OUTER_BOUND('',#910,.T.);
#424=FACE_OUTER_BOUND('',#911,.T.);
#425=FACE_OUTER_BOUND('',#912,.T.);
#426=FACE_OUTER_BOUND('',#913,.T.);
#427=FACE_OUTER_BOUND('',#914,.T.);
#428=FACE_OUTER_BOUND('',#915,.T.);
#429=FACE_OUTER_BOUND('',#916,.T.);
#430=FACE_OUTER_BOUND('',#917,.T.);
#431=FACE_OUTER_BOUND('',#918,.T.);
#432=FACE_OUTER_BOUND('',#919,.T.);
#433=FACE_OUTER_BOUND('',#920,.T.);
#434=FACE_OUTER_BOUND('',#921,.T.);
#435=FACE_OUTER_BOUND('',#922,.T.);
#436=FACE_OUTER_BOUND('',#923,.T.);
#437=FACE_OUTER_BOUND('',#924,.T.);
#438=FACE_OUTER_BOUND('',#925,.T.);
#439=FACE_OUTER_BOUND('',#926,.T.);
#440=FACE_OUTER_BOUND('',#927,.T.);
#441=FACE_OUTER_BOUND('',#928,.T.);
#442=FACE_OUTER_BOUND('',#929,.T.);
#443=FACE_OUTER_BOUND('',#930,.T.);
#444=FACE_OUTER_BOUND('',#931,.T.);
#445=FACE_OUTER_BOUND('',#932,.T.);
#446=FACE_OUTER_BOUND('',#933,.T.);
#447=FACE_OUTER_BOUND('',#934,.T.);
#448=FACE_OUTER_BOUND('',#935,.T.);
#449=FACE_OUTER_BOUND('',#936,.T.);
#450=FACE_OUTER_BOUND('',#937,.T.);
#451=FACE_OUTER_BOUND('',#938,.T.);
#452=FACE_OUTER_BOUND('',#939,.T.);
#453=FACE_OUTER_BOUND('',#940,.T.);
#454=FACE_OUTER_BOUND('',#941,.T.);
#455=FACE_OUTER_BOUND('',#942,.T.);
#456=FACE_OUTER_BOUND('',#943,.T.);
#457=FACE_OUTER_BOUND('',#944,.T.);
#458=FACE_OUTER_BOUND('',#945,.T.);
#459=FACE_OUTER_BOUND('',#946,.T.);
#460=FACE_OUTER_BOUND('',#947,.T.);
#461=FACE_OUTER_BOUND('',#948,.T.);
#462=FACE_OUTER_BOUND('',#949,.T.);
#463=FACE_OUTER_BOUND('',#950,.T.);
#464=FACE_OUTER_BOUND('',#951,.T.);
#465=FACE_OUTER_BOUND('',#952,.T.);
#466=FACE_OUTER_BOUND('',#953,.T.);
#467=FACE_OUTER_BOUND('',#954,.T.);
#468=FACE_OUTER_BOUND('',#955,.T.);
#469=FACE_OUTER_BOUND('',#956,.T.);
#470=FACE_OUTER_BOUND('',#957,.T.);
#471=FACE_OUTER_BOUND('',#958,.T.);
#472=FACE_OUTER_BOUND('',#959,.T.);
#473=FACE_OUTER_BOUND('',#960,.T.);
#474=FACE_OUTER_BOUND('',#961,.T.);
#475=FACE_OUTER_BOUND('',#962,.T.);
#476=FACE_OUTER_BOUND('',#963,.T.);
#477=FACE_OUTER_BOUND('',#964,.T.);
#478=FACE_OUTER_BOUND('',#965,.T.);
#479=FACE_OUTER_BOUND('',#966,.T.);
#480=FACE_OUTER_BOUND('',#967,.T.);
#481=FACE_OUTER_BOUND('',#968,.T.);
#482=FACE_OUTER_BOUND('',#969,.T.);
#483=FACE_OUTER_BOUND('',#970,.T.);
#484=FACE_OUTER_BOUND('',#971,.T.);
#485=FACE_OUTER_BOUND('',#972,.T.);
#486=FACE_OUTER_BOUND('',#973,.T.);
#487=FACE_OUTER_BOUND('',#974,.T.);
#488=FACE_OUTER_BOUND('',#975,.T.);
#489=FACE_OUTER_BOUND('',#976,.T.);
#490=FACE_OUTER_BOUND('',#977,.T.);
#491=FACE_OUTER_BOUND('',#978,.T.);
#492=FACE_OUTER_BOUND('',#979,.T.);
#493=FACE_OUTER_BOUND('',#980,.T.);
#494=FACE_OUTER_BOUND('',#981,.T.);
#495=FACE_OUTER_BOUND('',#982,.T.);
#496=FACE_OUTER_BOUND('',#983,.T.);
#497=FACE_OUTER_BOUND('',#984,.T.);
#498=FACE_OUTER_BOUND('',#985,.T.);
#499=FACE_OUTER_BOUND('',#986,.T.);
#500=FACE_OUTER_BOUND('',#987,.T.);
#501=FACE_OUTER_BOUND('',#988,.T.);
#502=FACE_OUTER_BOUND('',#989,.T.);
#503=FACE_OUTER_BOUND('',#990,.T.);
#504=FACE_OUTER_BOUND('',#991,.T.);
#505=FACE_OUTER_BOUND('',#992,.T.);
#506=FACE_OUTER_BOUND('',#993,.T.);
#507=FACE_OUTER_BOUND('',#994,.T.);
#508=FACE_OUTER_BOUND('',#995,.T.);
#509=FACE_OUTER_BOUND('',#996,.T.);
#510=FACE_OUTER_BOUND('',#997,.T.);
#511=FACE_OUTER_BOUND('',#998,.T.);
#512=FACE_OUTER_BOUND('',#999,.T.);
#513=FACE_OUTER_BOUND('',#1000,.T.);
#514=FACE_OUTER_BOUND('',#1001,.T.);
#515=FACE_OUTER_BOUND('',#1002,.T.);
#516=FACE_OUTER_BOUND('',#1003,.T.);
#517=FACE_OUTER_BOUND('',#1004,.T.);
#518=FACE_OUTER_BOUND('',#1005,.T.);
#519=FACE_OUTER_BOUND('',#1006,.T.);
#520=FACE_OUTER_BOUND('',#1007,.T.);
#521=FACE_OUTER_BOUND('',#1008,.T.);
#522=FACE_OUTER_BOUND('',#1009,.T.);
#523=FACE_OUTER_BOUND('',#1010,.T.);
#524=FACE_OUTER_BOUND('',#1011,.T.);
#525=FACE_OUTER_BOUND('',#1012,.T.);
#526=FACE_OUTER_BOUND('',#1013,.T.);
#527=FACE_OUTER_BOUND('',#1014,.T.);
#528=FACE_OUTER_BOUND('',#1015,.T.);
#529=FACE_OUTER_BOUND('',#1016,.T.);
#530=FACE_OUTER_BOUND('',#1017,.T.);
#531=FACE_OUTER_BOUND('',#1018,.T.);
#532=FACE_OUTER_BOUND('',#1019,.T.);
#533=FACE_OUTER_BOUND('',#1020,.T.);
#534=FACE_OUTER_BOUND('',#1021,.T.);
#535=FACE_OUTER_BOUND('',#1022,.T.);
#536=FACE_OUTER_BOUND('',#1023,.T.);
#537=FACE_OUTER_BOUND('',#1024,.T.);
#538=FACE_OUTER_BOUND('',#1025,.T.);
#539=FACE_OUTER_BOUND('',#1026,.T.);
#540=FACE_OUTER_BOUND('',#1027,.T.);
#541=FACE_OUTER_BOUND('',#1028,.T.);
#542=FACE_OUTER_BOUND('',#1029,.T.);
#543=FACE_OUTER_BOUND('',#1030,.T.);
#544=FACE_OUTER_BOUND('',#1031,.T.);
#545=FACE_OUTER_BOUND('',#1032,.T.);
#546=FACE_OUTER_BOUND('',#1033,.T.);
#547=FACE_OUTER_BOUND('',#1034,.T.);
#548=FACE_OUTER_BOUND('',#1035,.T.);
#549=FACE_OUTER_BOUND('',#1036,.T.);
#550=FACE_OUTER_BOUND('',#1037,.T.);
#551=FACE_OUTER_BOUND('',#1038,.T.);
#552=FACE_OUTER_BOUND('',#1039,.T.);
#553=FACE_OUTER_BOUND('',#1040,.T.);
#554=FACE_OUTER_BOUND('',#1041,.T.);
#555=FACE_OUTER_BOUND('',#1042,.T.);
#556=FACE_OUTER_BOUND('',#1043,.T.);
#557=FACE_OUTER_BOUND('',#1044,.T.);
#558=FACE_OUTER_BOUND('',#1045,.T.);
#559=FACE_OUTER_BOUND('',#1046,.T.);
#560=FACE_OUTER_BOUND('',#1047,.T.);
#561=FACE_OUTER_BOUND('',#1048,.T.);
#562=FACE_OUTER_BOUND('',#1049,.T.);
#563=FACE_OUTER_BOUND('',#1050,.T.);
#564=FACE_OUTER_BOUND('',#1051,.T.);
#565=FACE_OUTER_BOUND('',#1052,.T.);
#566=FACE_OUTER_BOUND('',#1053,.T.);
#567=FACE_OUTER_BOUND('',#1054,.T.);
#568=FACE_OUTER_BOUND('',#1055,.T.);
#569=FACE_OUTER_BOUND('',#1056,.T.);
#570=FACE_OUTER_BOUND('',#1057,.T.);
#571=FACE_OUTER_BOUND('',#1058,.T.);
#572=FACE_OUTER_BOUND('',#1059,.T.);
#573=FACE_OUTER_BOUND('',#1060,.T.);
#574=FACE_OUTER_BOUND('',#1061,.T.);
#575=FACE_OUTER_BOUND('',#1062,.T.);
#576=FACE_OUTER_BOUND('',#1063,.T.);
#577=FACE_OUTER_BOUND('',#1064,.T.);
#578=FACE_OUTER_BOUND('',#1065,.T.);
#579=FACE_OUTER_BOUND('',#1066,.T.);
#580=FACE_OUTER_BOUND('',#1067,.T.);
#581=FACE_OUTER_BOUND('',#1068,.T.);
#582=FACE_OUTER_BOUND('',#1069,.T.);
#583=FACE_OUTER_BOUND('',#1070,.T.);
#584=FACE_OUTER_BOUND('',#1071,.T.);
#585=FACE_OUTER_BOUND('',#1072,.T.);
#586=FACE_OUTER_BOUND('',#1073,.T.);
#587=FACE_OUTER_BOUND('',#1074,.T.);
#588=FACE_OUTER_BOUND('',#1075,.T.);
#589=FACE_OUTER_BOUND('',#1076,.T.);
#590=FACE_OUTER_BOUND('',#1077,.T.);
#591=FACE_OUTER_BOUND('',#1078,.T.);
#592=FACE_OUTER_BOUND('',#1079,.T.);
#593=FACE_OUTER_BOUND('',#1080,.T.);
#594=FACE_OUTER_BOUND('',#1081,.T.);
#595=FACE_OUTER_BOUND('',#1082,.T.);
#596=FACE_OUTER_BOUND('',#1083,.T.);
#597=FACE_OUTER_BOUND('',#1084,.T.);
#598=FACE_OUTER_BOUND('',#1085,.T.);
#599=FACE_OUTER_BOUND('',#1086,.T.);
#600=FACE_OUTER_BOUND('',#1087,.T.);
#601=FACE_OUTER_BOUND('',#1088,.T.);
#602=FACE_OUTER_BOUND('',#1089,.T.);
#603=FACE_OUTER_BOUND('',#1090,.T.);
#604=FACE_OUTER_BOUND('',#1091,.T.);
#605=FACE_OUTER_BOUND('',#1092,.T.);
#606=FACE_OUTER_BOUND('',#1093,.T.);
#607=FACE_OUTER_BOUND('',#1094,.T.);
#608=FACE_OUTER_BOUND('',#1095,.T.);
#609=FACE_OUTER_BOUND('',#1096,.T.);
#610=FACE_OUTER_BOUND('',#1097,.T.);
#611=FACE_OUTER_BOUND('',#1098,.T.);
#612=FACE_OUTER_BOUND('',#1099,.T.);
#613=FACE_OUTER_BOUND('',#1100,.T.);
#614=FACE_OUTER_BOUND('',#1101,.T.);
#615=FACE_OUTER_BOUND('',#1102,.T.);
#616=FACE_OUTER_BOUND('',#1103,.T.);
#617=FACE_OUTER_BOUND('',#1104,.T.);
#618=FACE_OUTER_BOUND('',#1105,.T.);
#619=FACE_OUTER_BOUND('',#1106,.T.);
#620=FACE_OUTER_BOUND('',#1107,.T.);
#621=FACE_OUTER_BOUND('',#1108,.T.);
#622=FACE_OUTER_BOUND('',#1109,.T.);
#623=FACE_OUTER_BOUND('',#1110,.T.);
#624=FACE_OUTER_BOUND('',#1111,.T.);
#625=FACE_OUTER_BOUND('',#1112,.T.);
#626=FACE_OUTER_BOUND('',#1113,.T.);
#627=FACE_OUTER_BOUND('',#1114,.T.);
#628=FACE_OUTER_BOUND('',#1115,.T.);
#629=FACE_OUTER_BOUND('',#1116,.T.);
#630=FACE_OUTER_BOUND('',#1117,.T.);
#631=FACE_OUTER_BOUND('',#1118,.T.);
#632=FACE_OUTER_BOUND('',#1119,.T.);
#633=FACE_OUTER_BOUND('',#1120,.T.);
#634=FACE_OUTER_BOUND('',#1121,.T.);
#635=FACE_OUTER_BOUND('',#1122,.T.);
#636=FACE_OUTER_BOUND('',#1123,.T.);
#637=FACE_OUTER_BOUND('',#1124,.T.);
#638=FACE_OUTER_BOUND('',#1125,.T.);
#639=FACE_OUTER_BOUND('',#1126,.T.);
#640=FACE_OUTER_BOUND('',#1127,.T.);
#641=FACE_OUTER_BOUND('',#1128,.T.);
#642=FACE_OUTER_BOUND('',#1129,.T.);
#643=FACE_OUTER_BOUND('',#1130,.T.);
#644=FACE_OUTER_BOUND('',#1131,.T.);
#645=FACE_OUTER_BOUND('',#1132,.T.);
#646=FACE_OUTER_BOUND('',#1133,.T.);
#647=FACE_OUTER_BOUND('',#1134,.T.);
#648=FACE_OUTER_BOUND('',#1135,.T.);
#649=FACE_OUTER_BOUND('',#1136,.T.);
#650=FACE_OUTER_BOUND('',#1137,.T.);
#651=FACE_OUTER_BOUND('',#1138,.T.);
#652=FACE_OUTER_BOUND('',#1139,.T.);
#653=FACE_OUTER_BOUND('',#1140,.T.);
#654=FACE_OUTER_BOUND('',#1141,.T.);
#655=FACE_OUTER_BOUND('',#1142,.T.);
#656=FACE_OUTER_BOUND('',#1143,.T.);
#657=FACE_OUTER_BOUND('',#1144,.T.);
#658=FACE_OUTER_BOUND('',#1145,.T.);
#659=FACE_OUTER_BOUND('',#1146,.T.);
#660=FACE_OUTER_BOUND('',#1147,.T.);
#661=FACE_OUTER_BOUND('',#1148,.T.);
#662=FACE_OUTER_BOUND('',#1149,.T.);
#663=FACE_OUTER_BOUND('',#1150,.T.);
#664=FACE_OUTER_BOUND('',#1151,.T.);
#665=FACE_OUTER_BOUND('',#1152,.T.);
#666=FACE_OUTER_BOUND('',#1153,.T.);
#667=FACE_OUTER_BOUND('',#1154,.T.);
#668=FACE_OUTER_BOUND('',#1155,.T.);
#669=FACE_OUTER_BOUND('',#1156,.T.);
#670=FACE_OUTER_BOUND('',#1157,.T.);
#671=FACE_OUTER_BOUND('',#1158,.T.);
#672=FACE_OUTER_BOUND('',#1159,.T.);
#673=FACE_OUTER_BOUND('',#1160,.T.);
#674=FACE_OUTER_BOUND('',#1161,.T.);
#675=FACE_OUTER_BOUND('',#1162,.T.);
#676=FACE_OUTER_BOUND('',#1163,.T.);
#677=FACE_OUTER_BOUND('',#1164,.T.);
#678=FACE_OUTER_BOUND('',#1165,.T.);
#679=FACE_OUTER_BOUND('',#1166,.T.);
#680=FACE_OUTER_BOUND('',#1167,.T.);
#681=FACE_OUTER_BOUND('',#1168,.T.);
#682=FACE_OUTER_BOUND('',#1169,.T.);
#683=FACE_OUTER_BOUND('',#1170,.T.);
#684=FACE_OUTER_BOUND('',#1171,.T.);
#685=FACE_OUTER_BOUND('',#1172,.T.);
#686=FACE_OUTER_BOUND('',#1173,.T.);
#687=FACE_OUTER_BOUND('',#1174,.T.);
#688=FACE_OUTER_BOUND('',#1175,.T.);
#689=FACE_OUTER_BOUND('',#1176,.T.);
#690=FACE_OUTER_BOUND('',#1177,.T.);
#691=FACE_OUTER_BOUND('',#1178,.T.);
#692=FACE_OUTER_BOUND('',#1179,.T.);
#693=FACE_OUTER_BOUND('',#1180,.T.);
#694=FACE_OUTER_BOUND('',#1181,.T.);
#695=FACE_OUTER_BOUND('',#1182,.T.);
#696=FACE_OUTER_BOUND('',#1183,.T.);
#697=FACE_OUTER_BOUND('',#1184,.T.);
#698=FACE_OUTER_BOUND('',#1185,.T.);
#699=FACE_OUTER_BOUND('',#1186,.T.);
#700=FACE_OUTER_BOUND('',#1187,.T.);
#701=FACE_OUTER_BOUND('',#1188,.T.);
#702=FACE_OUTER_BOUND('',#1189,.T.);
#703=FACE_OUTER_BOUND('',#1190,.T.);
#704=FACE_OUTER_BOUND('',#1191,.T.);
#705=FACE_OUTER_BOUND('',#1192,.T.);
#706=FACE_OUTER_BOUND('',#1193,.T.);
#707=FACE_OUTER_BOUND('',#1194,.T.);
#708=FACE_OUTER_BOUND('',#1195,.T.);
#709=FACE_OUTER_BOUND('',#1196,.T.);
#710=FACE_OUTER_BOUND('',#1197,.T.);
#711=FACE_OUTER_BOUND('',#1198,.T.);
#712=FACE_OUTER_BOUND('',#1199,.T.);
#713=FACE_OUTER_BOUND('',#1200,.T.);
#714=FACE_OUTER_BOUND('',#1201,.T.);
#715=FACE_OUTER_BOUND('',#1202,.T.);
#716=FACE_OUTER_BOUND('',#1203,.T.);
#717=FACE_OUTER_BOUND('',#1204,.T.);
#718=FACE_OUTER_BOUND('',#1205,.T.);
#719=FACE_OUTER_BOUND('',#1206,.T.);
#720=FACE_OUTER_BOUND('',#1207,.T.);
#721=FACE_OUTER_BOUND('',#1208,.T.);
#722=FACE_OUTER_BOUND('',#1209,.T.);
#723=FACE_OUTER_BOUND('',#1210,.T.);
#724=FACE_OUTER_BOUND('',#1211,.T.);
#725=FACE_OUTER_BOUND('',#1212,.T.);
#726=FACE_OUTER_BOUND('',#1213,.T.);
#727=FACE_OUTER_BOUND('',#1214,.T.);
#728=FACE_OUTER_BOUND('',#1215,.T.);
#729=FACE_OUTER_BOUND('',#1216,.T.);
#730=FACE_OUTER_BOUND('',#1217,.T.);
#731=FACE_OUTER_BOUND('',#1218,.T.);
#732=FACE_OUTER_BOUND('',#1219,.T.);
#733=FACE_OUTER_BOUND('',#1220,.T.);
#734=FACE_OUTER_BOUND('',#1221,.T.);
#735=FACE_OUTER_BOUND('',#1222,.T.);
#736=FACE_OUTER_BOUND('',#1223,.T.);
#737=FACE_OUTER_BOUND('',#1224,.T.);
#738=FACE_OUTER_BOUND('',#1225,.T.);
#739=FACE_OUTER_BOUND('',#1226,.T.);
#740=FACE_OUTER_BOUND('',#1227,.T.);
#741=FACE_OUTER_BOUND('',#1228,.T.);
#742=FACE_OUTER_BOUND('',#1229,.T.);
#743=FACE_OUTER_BOUND('',#1230,.T.);
#744=FACE_OUTER_BOUND('',#1231,.T.);
#745=FACE_OUTER_BOUND('',#1232,.T.);
#746=FACE_OUTER_BOUND('',#1233,.T.);
#747=FACE_OUTER_BOUND('',#1234,.T.);
#748=FACE_OUTER_BOUND('',#1235,.T.);
#749=FACE_OUTER_BOUND('',#1236,.T.);
#750=FACE_OUTER_BOUND('',#1237,.T.);
#751=FACE_OUTER_BOUND('',#1238,.T.);
#752=FACE_OUTER_BOUND('',#1239,.T.);
#753=FACE_OUTER_BOUND('',#1240,.T.);
#754=FACE_OUTER_BOUND('',#1241,.T.);
#755=FACE_OUTER_BOUND('',#1242,.T.);
#756=FACE_OUTER_BOUND('',#1243,.T.);
#757=FACE_OUTER_BOUND('',#1244,.T.);
#758=FACE_OUTER_BOUND('',#1245,.T.);
#759=FACE_OUTER_BOUND('',#1246,.T.);
#760=FACE_OUTER_BOUND('',#1247,.T.);
#761=FACE_OUTER_BOUND('',#1248,.T.);
#762=FACE_OUTER_BOUND('',#1249,.T.);
#763=FACE_OUTER_BOUND('',#1250,.T.);
#764=FACE_OUTER_BOUND('',#1251,.T.);
#765=FACE_OUTER_BOUND('',#1252,.T.);
#766=FACE_OUTER_BOUND('',#1253,.T.);
#767=FACE_OUTER_BOUND('',#1254,.T.);
#768=FACE_OUTER_BOUND('',#1255,.T.);
#769=FACE_OUTER_BOUND('',#1256,.T.);
#770=FACE_OUTER_BOUND('',#1257,.T.);
#771=FACE_OUTER_BOUND('',#1258,.T.);
#772=FACE_OUTER_BOUND('',#1259,.T.);
#773=FACE_OUTER_BOUND('',#1260,.T.);
#774=FACE_OUTER_BOUND('',#1261,.T.);
#775=FACE_OUTER_BOUND('',#1262,.T.);
#776=FACE_OUTER_BOUND('',#1263,.T.);
#777=FACE_OUTER_BOUND('',#1264,.T.);
#778=FACE_OUTER_BOUND('',#1265,.T.);
#779=FACE_OUTER_BOUND('',#1266,.T.);
#780=FACE_OUTER_BOUND('',#1267,.T.);
#781=FACE_OUTER_BOUND('',#1268,.T.);
#782=FACE_OUTER_BOUND('',#1269,.T.);
#783=FACE_OUTER_BOUND('',#1270,.T.);
#784=FACE_OUTER_BOUND('',#1271,.T.);
#785=FACE_OUTER_BOUND('',#1272,.T.);
#786=FACE_OUTER_BOUND('',#1273,.T.);
#787=FACE_OUTER_BOUND('',#1274,.T.);
#788=FACE_OUTER_BOUND('',#1275,.T.);
#789=FACE_OUTER_BOUND('',#1276,.T.);
#790=FACE_OUTER_BOUND('',#1277,.T.);
#791=FACE_OUTER_BOUND('',#1278,.T.);
#792=FACE_OUTER_BOUND('',#1279,.T.);
#793=FACE_OUTER_BOUND('',#1280,.T.);
#794=FACE_OUTER_BOUND('',#1281,.T.);
#795=FACE_OUTER_BOUND('',#1282,.T.);
#796=FACE_OUTER_BOUND('',#1283,.T.);
#797=FACE_OUTER_BOUND('',#1284,.T.);
#798=FACE_OUTER_BOUND('',#1285,.T.);
#799=FACE_OUTER_BOUND('',#1286,.T.);
#800=FACE_OUTER_BOUND('',#1287,.T.);
#801=FACE_OUTER_BOUND('',#1288,.T.);
#802=FACE_OUTER_BOUND('',#1289,.T.);
#803=FACE_OUTER_BOUND('',#1290,.T.);
#804=FACE_OUTER_BOUND('',#1291,.T.);
#805=FACE_OUTER_BOUND('',#1292,.T.);
#806=FACE_OUTER_BOUND('',#1293,.T.);
#807=FACE_OUTER_BOUND('',#1294,.T.);
#808=FACE_OUTER_BOUND('',#1295,.T.);
#809=FACE_OUTER_BOUND('',#1296,.T.);
#810=FACE_OUTER_BOUND('',#1297,.T.);
#811=FACE_OUTER_BOUND('',#1298,.T.);
#812=FACE_OUTER_BOUND('',#1299,.T.);
#813=FACE_OUTER_BOUND('',#1300,.T.);
#814=FACE_OUTER_BOUND('',#1301,.T.);
#815=FACE_OUTER_BOUND('',#1302,.T.);
#816=FACE_OUTER_BOUND('',#1303,.T.);
#817=FACE_OUTER_BOUND('',#1304,.T.);
#818=FACE_OUTER_BOUND('',#1305,.T.);
#819=FACE_OUTER_BOUND('',#1306,.T.);
#820=FACE_OUTER_BOUND('',#1307,.T.);
#821=FACE_OUTER_BOUND('',#1308,.T.);
#822=FACE_OUTER_BOUND('',#1309,.T.);
#823=FACE_OUTER_BOUND('',#1310,.T.);
#824=FACE_OUTER_BOUND('',#1311,.T.);
#825=FACE_OUTER_BOUND('',#1312,.T.);
#826=FACE_OUTER_BOUND('',#1313,.T.);
#827=FACE_OUTER_BOUND('',#1314,.T.);
#828=FACE_OUTER_BOUND('',#1315,.T.);
#829=FACE_OUTER_BOUND('',#1316,.T.);
#830=FACE_OUTER_BOUND('',#1317,.T.);
#831=FACE_OUTER_BOUND('',#1318,.T.);
#832=FACE_OUTER_BOUND('',#1319,.T.);
#833=FACE_OUTER_BOUND('',#1320,.T.);
#834=FACE_OUTER_BOUND('',#1321,.T.);
#835=FACE_OUTER_BOUND('',#1322,.T.);
#836=FACE_OUTER_BOUND('',#1323,.T.);
#837=FACE_OUTER_BOUND('',#1324,.T.);
#838=FACE_OUTER_BOUND('',#1325,.T.);
#839=FACE_OUTER_BOUND('',#1326,.T.);
#840=FACE_OUTER_BOUND('',#1327,.T.);
#841=FACE_OUTER_BOUND('',#1328,.T.);
#842=FACE_OUTER_BOUND('',#1329,.T.);
#843=FACE_OUTER_BOUND('',#1330,.T.);
#844=FACE_OUTER_BOUND('',#1331,.T.);
#845=FACE_OUTER_BOUND('',#1332,.T.);
#846=FACE_OUTER_BOUND('',#1333,.T.);
#847=FACE_OUTER_BOUND('',#1334,.T.);
#848=FACE_OUTER_BOUND('',#1335,.T.);
#849=FACE_OUTER_BOUND('',#1336,.T.);
#850=FACE_OUTER_BOUND('',#1337,.T.);
#851=FACE_OUTER_BOUND('',#1338,.T.);
#852=FACE_OUTER_BOUND('',#1339,.T.);
#853=FACE_OUTER_BOUND('',#1340,.T.);
#854=FACE_OUTER_BOUND('',#1341,.T.);
#855=FACE_OUTER_BOUND('',#1342,.T.);
#856=FACE_OUTER_BOUND('',#1343,.T.);
#857=FACE_OUTER_BOUND('',#1344,.T.);
#858=FACE_OUTER_BOUND('',#1345,.T.);
#859=EDGE_LOOP('',(#6177,#6178,#6179,#6180));
#860=EDGE_LOOP('',(#6181,#6182,#6183,#6184));
#861=EDGE_LOOP('',(#6185,#6186,#6187,#6188));
#862=EDGE_LOOP('',(#6189,#6190,#6191,#6192));
#863=EDGE_LOOP('',(#6193,#6194,#6195,#6196,#6197,#6198));
#864=EDGE_LOOP('',(#6199,#6200,#6201,#6202,#6203,#6204));
#865=EDGE_LOOP('',(#6205,#6206,#6207,#6208,#6209,#6210));
#866=EDGE_LOOP('',(#6211,#6212,#6213,#6214,#6215,#6216,#6217,#6218,#6219,
#6220,#6221,#6222,#6223,#6224,#6225,#6226,#6227,#6228,#6229,#6230,#6231,
#6232,#6233,#6234,#6235,#6236,#6237,#6238,#6239,#6240,#6241,#6242,#6243,
#6244,#6245,#6246,#6247,#6248,#6249,#6250,#6251,#6252,#6253,#6254,#6255,
#6256,#6257,#6258,#6259,#6260,#6261,#6262,#6263,#6264,#6265,#6266,#6267,
#6268,#6269,#6270,#6271,#6272,#6273,#6274,#6275,#6276,#6277,#6278,#6279,
#6280,#6281,#6282,#6283,#6284,#6285,#6286,#6287,#6288,#6289,#6290,#6291,
#6292,#6293,#6294,#6295,#6296,#6297,#6298,#6299,#6300,#6301,#6302,#6303,
#6304,#6305));
#867=EDGE_LOOP('',(#6306,#6307,#6308,#6309,#6310,#6311));
#868=EDGE_LOOP('',(#6312,#6313,#6314,#6315,#6316,#6317));
#869=EDGE_LOOP('',(#6318,#6319,#6320,#6321,#6322,#6323));
#870=EDGE_LOOP('',(#6324,#6325,#6326,#6327));
#871=EDGE_LOOP('',(#6328,#6329,#6330,#6331,#6332,#6333,#6334,#6335,#6336,
#6337,#6338,#6339,#6340,#6341,#6342,#6343,#6344,#6345,#6346,#6347,#6348,
#6349,#6350,#6351,#6352,#6353,#6354,#6355,#6356,#6357,#6358,#6359,#6360,
#6361,#6362,#6363,#6364,#6365,#6366,#6367,#6368,#6369,#6370,#6371,#6372,
#6373,#6374,#6375,#6376,#6377,#6378,#6379,#6380,#6381,#6382,#6383,#6384,
#6385,#6386,#6387));
#872=EDGE_LOOP('',(#6388,#6389,#6390,#6391,#6392,#6393,#6394,#6395,#6396,
#6397));
#873=EDGE_LOOP('',(#6398,#6399,#6400,#6401));
#874=EDGE_LOOP('',(#6402,#6403,#6404,#6405));
#875=EDGE_LOOP('',(#6406,#6407,#6408,#6409));
#876=EDGE_LOOP('',(#6410,#6411,#6412,#6413));
#877=EDGE_LOOP('',(#6414,#6415,#6416,#6417));
#878=EDGE_LOOP('',(#6418,#6419,#6420,#6421));
#879=EDGE_LOOP('',(#6422,#6423,#6424,#6425));
#880=EDGE_LOOP('',(#6426,#6427,#6428,#6429));
#881=EDGE_LOOP('',(#6430,#6431,#6432,#6433));
#882=EDGE_LOOP('',(#6434,#6435,#6436,#6437));
#883=EDGE_LOOP('',(#6438,#6439,#6440,#6441));
#884=EDGE_LOOP('',(#6442,#6443,#6444,#6445));
#885=EDGE_LOOP('',(#6446,#6447,#6448,#6449));
#886=EDGE_LOOP('',(#6450,#6451,#6452,#6453));
#887=EDGE_LOOP('',(#6454,#6455,#6456,#6457,#6458,#6459,#6460,#6461,#6462,
#6463,#6464,#6465,#6466,#6467,#6468,#6469,#6470,#6471,#6472,#6473,#6474,
#6475,#6476,#6477,#6478,#6479,#6480,#6481));
#888=EDGE_LOOP('',(#6482,#6483,#6484,#6485));
#889=EDGE_LOOP('',(#6486,#6487,#6488,#6489));
#890=EDGE_LOOP('',(#6490,#6491,#6492,#6493));
#891=EDGE_LOOP('',(#6494,#6495,#6496,#6497));
#892=EDGE_LOOP('',(#6498,#6499,#6500,#6501));
#893=EDGE_LOOP('',(#6502,#6503,#6504,#6505));
#894=EDGE_LOOP('',(#6506,#6507,#6508,#6509,#6510,#6511,#6512,#6513,#6514,
#6515,#6516,#6517,#6518));
#895=EDGE_LOOP('',(#6519,#6520,#6521,#6522));
#896=EDGE_LOOP('',(#6523,#6524,#6525,#6526));
#897=EDGE_LOOP('',(#6527,#6528,#6529,#6530));
#898=EDGE_LOOP('',(#6531,#6532,#6533,#6534));
#899=EDGE_LOOP('',(#6535,#6536,#6537,#6538));
#900=EDGE_LOOP('',(#6539,#6540,#6541,#6542));
#901=EDGE_LOOP('',(#6543,#6544,#6545,#6546));
#902=EDGE_LOOP('',(#6547,#6548,#6549,#6550,#6551,#6552,#6553,#6554,#6555,
#6556,#6557,#6558));
#903=EDGE_LOOP('',(#6559,#6560,#6561,#6562));
#904=EDGE_LOOP('',(#6563,#6564,#6565,#6566));
#905=EDGE_LOOP('',(#6567,#6568,#6569,#6570));
#906=EDGE_LOOP('',(#6571,#6572,#6573,#6574));
#907=EDGE_LOOP('',(#6575,#6576,#6577,#6578));
#908=EDGE_LOOP('',(#6579,#6580,#6581,#6582));
#909=EDGE_LOOP('',(#6583,#6584,#6585,#6586));
#910=EDGE_LOOP('',(#6587,#6588,#6589,#6590));
#911=EDGE_LOOP('',(#6591,#6592,#6593,#6594));
#912=EDGE_LOOP('',(#6595,#6596,#6597,#6598));
#913=EDGE_LOOP('',(#6599,#6600,#6601,#6602));
#914=EDGE_LOOP('',(#6603,#6604,#6605,#6606));
#915=EDGE_LOOP('',(#6607,#6608,#6609,#6610));
#916=EDGE_LOOP('',(#6611,#6612,#6613,#6614));
#917=EDGE_LOOP('',(#6615,#6616,#6617,#6618));
#918=EDGE_LOOP('',(#6619,#6620,#6621,#6622));
#919=EDGE_LOOP('',(#6623,#6624,#6625,#6626));
#920=EDGE_LOOP('',(#6627,#6628,#6629,#6630));
#921=EDGE_LOOP('',(#6631,#6632,#6633,#6634,#6635,#6636,#6637,#6638,#6639,
#6640,#6641,#6642));
#922=EDGE_LOOP('',(#6643,#6644,#6645,#6646));
#923=EDGE_LOOP('',(#6647,#6648,#6649,#6650));
#924=EDGE_LOOP('',(#6651,#6652,#6653,#6654));
#925=EDGE_LOOP('',(#6655,#6656,#6657,#6658));
#926=EDGE_LOOP('',(#6659,#6660,#6661,#6662,#6663,#6664,#6665,#6666,#6667,
#6668,#6669,#6670,#6671,#6672,#6673,#6674,#6675,#6676,#6677,#6678,#6679,
#6680,#6681,#6682,#6683,#6684,#6685,#6686,#6687,#6688,#6689,#6690,#6691,
#6692,#6693,#6694,#6695,#6696,#6697,#6698,#6699,#6700,#6701,#6702,#6703,
#6704,#6705,#6706,#6707,#6708,#6709,#6710,#6711,#6712,#6713,#6714,#6715,
#6716,#6717,#6718));
#927=EDGE_LOOP('',(#6719,#6720,#6721,#6722,#6723,#6724,#6725,#6726,#6727,
#6728,#6729,#6730,#6731,#6732,#6733,#6734,#6735,#6736,#6737,#6738,#6739,
#6740,#6741,#6742,#6743,#6744,#6745,#6746,#6747,#6748,#6749,#6750,#6751,
#6752,#6753,#6754,#6755,#6756,#6757,#6758,#6759,#6760,#6761,#6762,#6763,
#6764));
#928=EDGE_LOOP('',(#6765,#6766,#6767,#6768,#6769,#6770,#6771,#6772,#6773,
#6774));
#929=EDGE_LOOP('',(#6775,#6776,#6777,#6778));
#930=EDGE_LOOP('',(#6779,#6780,#6781,#6782));
#931=EDGE_LOOP('',(#6783,#6784,#6785,#6786));
#932=EDGE_LOOP('',(#6787,#6788,#6789,#6790));
#933=EDGE_LOOP('',(#6791,#6792,#6793,#6794));
#934=EDGE_LOOP('',(#6795,#6796,#6797,#6798));
#935=EDGE_LOOP('',(#6799,#6800,#6801,#6802,#6803,#6804,#6805,#6806));
#936=EDGE_LOOP('',(#6807,#6808,#6809,#6810));
#937=EDGE_LOOP('',(#6811,#6812,#6813,#6814));
#938=EDGE_LOOP('',(#6815,#6816,#6817,#6818));
#939=EDGE_LOOP('',(#6819,#6820,#6821,#6822));
#940=EDGE_LOOP('',(#6823,#6824,#6825,#6826));
#941=EDGE_LOOP('',(#6827,#6828,#6829,#6830));
#942=EDGE_LOOP('',(#6831,#6832,#6833,#6834));
#943=EDGE_LOOP('',(#6835,#6836,#6837,#6838));
#944=EDGE_LOOP('',(#6839,#6840,#6841,#6842));
#945=EDGE_LOOP('',(#6843,#6844,#6845,#6846));
#946=EDGE_LOOP('',(#6847,#6848,#6849,#6850));
#947=EDGE_LOOP('',(#6851,#6852,#6853,#6854));
#948=EDGE_LOOP('',(#6855,#6856,#6857,#6858));
#949=EDGE_LOOP('',(#6859,#6860,#6861,#6862));
#950=EDGE_LOOP('',(#6863,#6864,#6865,#6866));
#951=EDGE_LOOP('',(#6867,#6868,#6869,#6870,#6871,#6872,#6873,#6874));
#952=EDGE_LOOP('',(#6875,#6876,#6877,#6878));
#953=EDGE_LOOP('',(#6879,#6880,#6881,#6882));
#954=EDGE_LOOP('',(#6883,#6884,#6885,#6886));
#955=EDGE_LOOP('',(#6887,#6888,#6889,#6890));
#956=EDGE_LOOP('',(#6891,#6892,#6893,#6894));
#957=EDGE_LOOP('',(#6895,#6896,#6897,#6898));
#958=EDGE_LOOP('',(#6899,#6900,#6901,#6902));
#959=EDGE_LOOP('',(#6903,#6904,#6905,#6906));
#960=EDGE_LOOP('',(#6907,#6908,#6909,#6910));
#961=EDGE_LOOP('',(#6911,#6912,#6913,#6914));
#962=EDGE_LOOP('',(#6915,#6916,#6917,#6918));
#963=EDGE_LOOP('',(#6919,#6920,#6921,#6922));
#964=EDGE_LOOP('',(#6923,#6924,#6925,#6926));
#965=EDGE_LOOP('',(#6927,#6928,#6929,#6930));
#966=EDGE_LOOP('',(#6931,#6932,#6933,#6934));
#967=EDGE_LOOP('',(#6935,#6936,#6937,#6938));
#968=EDGE_LOOP('',(#6939,#6940,#6941,#6942));
#969=EDGE_LOOP('',(#6943,#6944,#6945,#6946));
#970=EDGE_LOOP('',(#6947,#6948,#6949,#6950));
#971=EDGE_LOOP('',(#6951,#6952,#6953,#6954));
#972=EDGE_LOOP('',(#6955,#6956,#6957,#6958));
#973=EDGE_LOOP('',(#6959,#6960,#6961,#6962));
#974=EDGE_LOOP('',(#6963,#6964,#6965,#6966));
#975=EDGE_LOOP('',(#6967,#6968,#6969,#6970));
#976=EDGE_LOOP('',(#6971,#6972,#6973,#6974));
#977=EDGE_LOOP('',(#6975,#6976,#6977,#6978));
#978=EDGE_LOOP('',(#6979,#6980,#6981,#6982));
#979=EDGE_LOOP('',(#6983,#6984,#6985,#6986));
#980=EDGE_LOOP('',(#6987,#6988,#6989,#6990));
#981=EDGE_LOOP('',(#6991,#6992,#6993,#6994));
#982=EDGE_LOOP('',(#6995,#6996,#6997,#6998));
#983=EDGE_LOOP('',(#6999,#7000,#7001,#7002));
#984=EDGE_LOOP('',(#7003,#7004,#7005,#7006));
#985=EDGE_LOOP('',(#7007,#7008,#7009,#7010));
#986=EDGE_LOOP('',(#7011,#7012,#7013,#7014));
#987=EDGE_LOOP('',(#7015,#7016,#7017,#7018));
#988=EDGE_LOOP('',(#7019,#7020,#7021,#7022));
#989=EDGE_LOOP('',(#7023,#7024,#7025,#7026));
#990=EDGE_LOOP('',(#7027,#7028,#7029,#7030));
#991=EDGE_LOOP('',(#7031,#7032,#7033,#7034));
#992=EDGE_LOOP('',(#7035,#7036,#7037,#7038));
#993=EDGE_LOOP('',(#7039,#7040,#7041,#7042));
#994=EDGE_LOOP('',(#7043,#7044,#7045,#7046));
#995=EDGE_LOOP('',(#7047,#7048,#7049,#7050));
#996=EDGE_LOOP('',(#7051,#7052,#7053,#7054));
#997=EDGE_LOOP('',(#7055,#7056,#7057,#7058));
#998=EDGE_LOOP('',(#7059,#7060,#7061,#7062,#7063,#7064,#7065,#7066,#7067,
#7068,#7069,#7070,#7071,#7072));
#999=EDGE_LOOP('',(#7073,#7074,#7075,#7076));
#1000=EDGE_LOOP('',(#7077,#7078,#7079,#7080));
#1001=EDGE_LOOP('',(#7081,#7082,#7083,#7084));
#1002=EDGE_LOOP('',(#7085,#7086,#7087,#7088));
#1003=EDGE_LOOP('',(#7089,#7090,#7091,#7092));
#1004=EDGE_LOOP('',(#7093,#7094,#7095,#7096));
#1005=EDGE_LOOP('',(#7097,#7098,#7099,#7100));
#1006=EDGE_LOOP('',(#7101,#7102,#7103,#7104));
#1007=EDGE_LOOP('',(#7105,#7106,#7107,#7108));
#1008=EDGE_LOOP('',(#7109,#7110,#7111,#7112,#7113,#7114,#7115,#7116,#7117,
#7118));
#1009=EDGE_LOOP('',(#7119,#7120,#7121,#7122));
#1010=EDGE_LOOP('',(#7123,#7124,#7125,#7126));
#1011=EDGE_LOOP('',(#7127,#7128,#7129,#7130));
#1012=EDGE_LOOP('',(#7131,#7132,#7133,#7134));
#1013=EDGE_LOOP('',(#7135,#7136,#7137,#7138));
#1014=EDGE_LOOP('',(#7139,#7140,#7141,#7142));
#1015=EDGE_LOOP('',(#7143,#7144,#7145,#7146));
#1016=EDGE_LOOP('',(#7147,#7148,#7149,#7150));
#1017=EDGE_LOOP('',(#7151,#7152,#7153,#7154));
#1018=EDGE_LOOP('',(#7155,#7156,#7157,#7158));
#1019=EDGE_LOOP('',(#7159,#7160,#7161,#7162));
#1020=EDGE_LOOP('',(#7163,#7164,#7165,#7166,#7167,#7168,#7169,#7170,#7171,
#7172,#7173,#7174));
#1021=EDGE_LOOP('',(#7175,#7176,#7177,#7178));
#1022=EDGE_LOOP('',(#7179,#7180,#7181,#7182));
#1023=EDGE_LOOP('',(#7183,#7184,#7185,#7186));
#1024=EDGE_LOOP('',(#7187,#7188,#7189,#7190));
#1025=EDGE_LOOP('',(#7191,#7192,#7193,#7194));
#1026=EDGE_LOOP('',(#7195,#7196,#7197,#7198));
#1027=EDGE_LOOP('',(#7199,#7200,#7201,#7202));
#1028=EDGE_LOOP('',(#7203,#7204,#7205,#7206));
#1029=EDGE_LOOP('',(#7207,#7208,#7209,#7210));
#1030=EDGE_LOOP('',(#7211,#7212,#7213,#7214));
#1031=EDGE_LOOP('',(#7215,#7216,#7217,#7218));
#1032=EDGE_LOOP('',(#7219,#7220,#7221,#7222));
#1033=EDGE_LOOP('',(#7223,#7224,#7225,#7226));
#1034=EDGE_LOOP('',(#7227,#7228,#7229,#7230));
#1035=EDGE_LOOP('',(#7231,#7232,#7233,#7234));
#1036=EDGE_LOOP('',(#7235,#7236,#7237,#7238,#7239,#7240,#7241,#7242,#7243,
#7244,#7245,#7246,#7247,#7248,#7249,#7250,#7251,#7252,#7253,#7254,#7255,
#7256,#7257,#7258,#7259,#7260,#7261,#7262,#7263,#7264,#7265,#7266,#7267,
#7268,#7269,#7270,#7271,#7272,#7273,#7274,#7275,#7276,#7277,#7278,#7279,
#7280));
#1037=EDGE_LOOP('',(#7281,#7282,#7283,#7284));
#1038=EDGE_LOOP('',(#7285,#7286,#7287,#7288));
#1039=EDGE_LOOP('',(#7289,#7290,#7291,#7292));
#1040=EDGE_LOOP('',(#7293,#7294,#7295,#7296));
#1041=EDGE_LOOP('',(#7297,#7298,#7299,#7300));
#1042=EDGE_LOOP('',(#7301,#7302,#7303,#7304,#7305,#7306,#7307,#7308));
#1043=EDGE_LOOP('',(#7309,#7310,#7311,#7312));
#1044=EDGE_LOOP('',(#7313,#7314,#7315,#7316));
#1045=EDGE_LOOP('',(#7317,#7318,#7319,#7320));
#1046=EDGE_LOOP('',(#7321,#7322,#7323,#7324));
#1047=EDGE_LOOP('',(#7325,#7326,#7327,#7328));
#1048=EDGE_LOOP('',(#7329,#7330,#7331,#7332));
#1049=EDGE_LOOP('',(#7333,#7334,#7335,#7336));
#1050=EDGE_LOOP('',(#7337,#7338,#7339,#7340));
#1051=EDGE_LOOP('',(#7341,#7342,#7343,#7344));
#1052=EDGE_LOOP('',(#7345,#7346,#7347,#7348));
#1053=EDGE_LOOP('',(#7349,#7350,#7351,#7352));
#1054=EDGE_LOOP('',(#7353,#7354,#7355,#7356));
#1055=EDGE_LOOP('',(#7357,#7358,#7359,#7360,#7361,#7362,#7363,#7364));
#1056=EDGE_LOOP('',(#7365,#7366,#7367,#7368));
#1057=EDGE_LOOP('',(#7369,#7370,#7371,#7372));
#1058=EDGE_LOOP('',(#7373,#7374,#7375,#7376));
#1059=EDGE_LOOP('',(#7377,#7378,#7379,#7380));
#1060=EDGE_LOOP('',(#7381,#7382,#7383,#7384));
#1061=EDGE_LOOP('',(#7385,#7386,#7387,#7388));
#1062=EDGE_LOOP('',(#7389,#7390,#7391,#7392));
#1063=EDGE_LOOP('',(#7393,#7394,#7395,#7396));
#1064=EDGE_LOOP('',(#7397,#7398,#7399,#7400));
#1065=EDGE_LOOP('',(#7401,#7402,#7403,#7404));
#1066=EDGE_LOOP('',(#7405,#7406,#7407,#7408));
#1067=EDGE_LOOP('',(#7409,#7410,#7411,#7412));
#1068=EDGE_LOOP('',(#7413,#7414,#7415,#7416));
#1069=EDGE_LOOP('',(#7417,#7418,#7419,#7420));
#1070=EDGE_LOOP('',(#7421,#7422,#7423,#7424));
#1071=EDGE_LOOP('',(#7425,#7426,#7427,#7428));
#1072=EDGE_LOOP('',(#7429,#7430,#7431,#7432));
#1073=EDGE_LOOP('',(#7433,#7434,#7435,#7436));
#1074=EDGE_LOOP('',(#7437,#7438,#7439,#7440));
#1075=EDGE_LOOP('',(#7441,#7442,#7443,#7444));
#1076=EDGE_LOOP('',(#7445,#7446,#7447,#7448));
#1077=EDGE_LOOP('',(#7449,#7450,#7451,#7452));
#1078=EDGE_LOOP('',(#7453,#7454,#7455,#7456));
#1079=EDGE_LOOP('',(#7457,#7458,#7459,#7460));
#1080=EDGE_LOOP('',(#7461,#7462,#7463,#7464));
#1081=EDGE_LOOP('',(#7465,#7466,#7467,#7468,#7469,#7470,#7471,#7472,#7473,
#7474));
#1082=EDGE_LOOP('',(#7475,#7476,#7477,#7478));
#1083=EDGE_LOOP('',(#7479,#7480,#7481,#7482));
#1084=EDGE_LOOP('',(#7483,#7484,#7485,#7486));
#1085=EDGE_LOOP('',(#7487,#7488,#7489,#7490));
#1086=EDGE_LOOP('',(#7491,#7492,#7493,#7494,#7495,#7496,#7497,#7498,#7499,
#7500,#7501,#7502,#7503,#7504,#7505,#7506,#7507,#7508,#7509,#7510,#7511,
#7512,#7513,#7514,#7515,#7516,#7517,#7518,#7519,#7520));
#1087=EDGE_LOOP('',(#7521,#7522,#7523,#7524,#7525,#7526,#7527,#7528));
#1088=EDGE_LOOP('',(#7529,#7530,#7531,#7532,#7533,#7534,#7535,#7536));
#1089=EDGE_LOOP('',(#7537,#7538,#7539,#7540,#7541,#7542,#7543,#7544));
#1090=EDGE_LOOP('',(#7545,#7546,#7547,#7548,#7549,#7550,#7551,#7552));
#1091=EDGE_LOOP('',(#7553,#7554,#7555,#7556,#7557,#7558,#7559,#7560,#7561,
#7562,#7563,#7564,#7565,#7566,#7567,#7568,#7569,#7570,#7571,#7572,#7573,
#7574,#7575,#7576,#7577,#7578,#7579,#7580,#7581,#7582,#7583,#7584,#7585,
#7586,#7587,#7588,#7589,#7590,#7591,#7592,#7593,#7594,#7595,#7596,#7597,
#7598));
#1092=EDGE_LOOP('',(#7599,#7600,#7601,#7602));
#1093=EDGE_LOOP('',(#7603,#7604,#7605,#7606));
#1094=EDGE_LOOP('',(#7607,#7608,#7609,#7610));
#1095=EDGE_LOOP('',(#7611,#7612,#7613,#7614));
#1096=EDGE_LOOP('',(#7615,#7616,#7617,#7618));
#1097=EDGE_LOOP('',(#7619,#7620,#7621,#7622));
#1098=EDGE_LOOP('',(#7623,#7624,#7625,#7626));
#1099=EDGE_LOOP('',(#7627,#7628,#7629,#7630));
#1100=EDGE_LOOP('',(#7631,#7632,#7633,#7634));
#1101=EDGE_LOOP('',(#7635,#7636,#7637,#7638));
#1102=EDGE_LOOP('',(#7639,#7640,#7641,#7642));
#1103=EDGE_LOOP('',(#7643,#7644,#7645,#7646));
#1104=EDGE_LOOP('',(#7647,#7648,#7649,#7650));
#1105=EDGE_LOOP('',(#7651,#7652,#7653,#7654));
#1106=EDGE_LOOP('',(#7655,#7656,#7657,#7658));
#1107=EDGE_LOOP('',(#7659,#7660,#7661,#7662));
#1108=EDGE_LOOP('',(#7663,#7664,#7665,#7666));
#1109=EDGE_LOOP('',(#7667,#7668,#7669,#7670));
#1110=EDGE_LOOP('',(#7671,#7672,#7673,#7674));
#1111=EDGE_LOOP('',(#7675,#7676,#7677,#7678));
#1112=EDGE_LOOP('',(#7679,#7680,#7681,#7682));
#1113=EDGE_LOOP('',(#7683,#7684,#7685,#7686));
#1114=EDGE_LOOP('',(#7687,#7688,#7689,#7690));
#1115=EDGE_LOOP('',(#7691,#7692,#7693,#7694));
#1116=EDGE_LOOP('',(#7695,#7696,#7697,#7698));
#1117=EDGE_LOOP('',(#7699,#7700,#7701,#7702));
#1118=EDGE_LOOP('',(#7703,#7704,#7705,#7706));
#1119=EDGE_LOOP('',(#7707,#7708,#7709,#7710));
#1120=EDGE_LOOP('',(#7711,#7712,#7713,#7714));
#1121=EDGE_LOOP('',(#7715,#7716,#7717,#7718));
#1122=EDGE_LOOP('',(#7719,#7720,#7721,#7722));
#1123=EDGE_LOOP('',(#7723,#7724,#7725,#7726));
#1124=EDGE_LOOP('',(#7727,#7728,#7729,#7730));
#1125=EDGE_LOOP('',(#7731,#7732,#7733,#7734));
#1126=EDGE_LOOP('',(#7735,#7736,#7737,#7738));
#1127=EDGE_LOOP('',(#7739,#7740,#7741,#7742));
#1128=EDGE_LOOP('',(#7743,#7744,#7745,#7746));
#1129=EDGE_LOOP('',(#7747,#7748,#7749,#7750));
#1130=EDGE_LOOP('',(#7751,#7752,#7753,#7754));
#1131=EDGE_LOOP('',(#7755,#7756,#7757,#7758));
#1132=EDGE_LOOP('',(#7759,#7760,#7761,#7762));
#1133=EDGE_LOOP('',(#7763,#7764,#7765,#7766));
#1134=EDGE_LOOP('',(#7767,#7768,#7769,#7770));
#1135=EDGE_LOOP('',(#7771,#7772,#7773,#7774,#7775,#7776,#7777,#7778));
#1136=EDGE_LOOP('',(#7779,#7780,#7781,#7782));
#1137=EDGE_LOOP('',(#7783,#7784,#7785,#7786,#7787,#7788,#7789,#7790));
#1138=EDGE_LOOP('',(#7791,#7792,#7793,#7794));
#1139=EDGE_LOOP('',(#7795,#7796,#7797,#7798));
#1140=EDGE_LOOP('',(#7799,#7800,#7801,#7802));
#1141=EDGE_LOOP('',(#7803,#7804,#7805,#7806));
#1142=EDGE_LOOP('',(#7807,#7808,#7809,#7810));
#1143=EDGE_LOOP('',(#7811,#7812,#7813,#7814));
#1144=EDGE_LOOP('',(#7815,#7816,#7817,#7818,#7819,#7820,#7821,#7822));
#1145=EDGE_LOOP('',(#7823,#7824,#7825,#7826,#7827,#7828,#7829,#7830,#7831,
#7832,#7833,#7834,#7835));
#1146=EDGE_LOOP('',(#7836,#7837,#7838,#7839));
#1147=EDGE_LOOP('',(#7840,#7841,#7842,#7843));
#1148=EDGE_LOOP('',(#7844,#7845,#7846,#7847));
#1149=EDGE_LOOP('',(#7848,#7849,#7850,#7851));
#1150=EDGE_LOOP('',(#7852,#7853,#7854,#7855));
#1151=EDGE_LOOP('',(#7856,#7857,#7858,#7859,#7860,#7861,#7862,#7863,#7864));
#1152=EDGE_LOOP('',(#7865,#7866,#7867,#7868));
#1153=EDGE_LOOP('',(#7869,#7870,#7871,#7872));
#1154=EDGE_LOOP('',(#7873,#7874,#7875,#7876));
#1155=EDGE_LOOP('',(#7877,#7878,#7879,#7880));
#1156=EDGE_LOOP('',(#7881,#7882,#7883,#7884));
#1157=EDGE_LOOP('',(#7885,#7886,#7887,#7888));
#1158=EDGE_LOOP('',(#7889,#7890,#7891,#7892));
#1159=EDGE_LOOP('',(#7893,#7894,#7895,#7896));
#1160=EDGE_LOOP('',(#7897,#7898,#7899,#7900));
#1161=EDGE_LOOP('',(#7901,#7902,#7903,#7904));
#1162=EDGE_LOOP('',(#7905,#7906,#7907,#7908));
#1163=EDGE_LOOP('',(#7909,#7910,#7911,#7912));
#1164=EDGE_LOOP('',(#7913,#7914,#7915,#7916));
#1165=EDGE_LOOP('',(#7917,#7918,#7919,#7920,#7921,#7922,#7923,#7924,#7925,
#7926));
#1166=EDGE_LOOP('',(#7927,#7928,#7929,#7930,#7931,#7932,#7933,#7934));
#1167=EDGE_LOOP('',(#7935,#7936,#7937,#7938));
#1168=EDGE_LOOP('',(#7939,#7940,#7941,#7942));
#1169=EDGE_LOOP('',(#7943,#7944,#7945,#7946));
#1170=EDGE_LOOP('',(#7947,#7948,#7949,#7950));
#1171=EDGE_LOOP('',(#7951,#7952,#7953,#7954));
#1172=EDGE_LOOP('',(#7955,#7956,#7957,#7958,#7959,#7960));
#1173=EDGE_LOOP('',(#7961,#7962,#7963,#7964));
#1174=EDGE_LOOP('',(#7965,#7966,#7967,#7968));
#1175=EDGE_LOOP('',(#7969,#7970,#7971,#7972));
#1176=EDGE_LOOP('',(#7973,#7974,#7975,#7976));
#1177=EDGE_LOOP('',(#7977,#7978,#7979,#7980,#7981,#7982,#7983,#7984,#7985,
#7986,#7987,#7988));
#1178=EDGE_LOOP('',(#7989,#7990,#7991,#7992,#7993,#7994,#7995,#7996));
#1179=EDGE_LOOP('',(#7997,#7998,#7999,#8000));
#1180=EDGE_LOOP('',(#8001,#8002,#8003,#8004));
#1181=EDGE_LOOP('',(#8005,#8006,#8007,#8008));
#1182=EDGE_LOOP('',(#8009,#8010,#8011,#8012));
#1183=EDGE_LOOP('',(#8013,#8014,#8015,#8016));
#1184=EDGE_LOOP('',(#8017,#8018,#8019,#8020));
#1185=EDGE_LOOP('',(#8021,#8022,#8023,#8024));
#1186=EDGE_LOOP('',(#8025,#8026,#8027,#8028));
#1187=EDGE_LOOP('',(#8029,#8030,#8031,#8032));
#1188=EDGE_LOOP('',(#8033,#8034,#8035,#8036));
#1189=EDGE_LOOP('',(#8037,#8038,#8039,#8040));
#1190=EDGE_LOOP('',(#8041,#8042,#8043,#8044,#8045,#8046,#8047,#8048));
#1191=EDGE_LOOP('',(#8049,#8050,#8051,#8052,#8053,#8054,#8055,#8056,#8057,
#8058,#8059,#8060));
#1192=EDGE_LOOP('',(#8061,#8062,#8063,#8064,#8065,#8066,#8067,#8068));
#1193=EDGE_LOOP('',(#8069,#8070,#8071,#8072));
#1194=EDGE_LOOP('',(#8073,#8074,#8075,#8076));
#1195=EDGE_LOOP('',(#8077,#8078,#8079,#8080));
#1196=EDGE_LOOP('',(#8081,#8082,#8083,#8084));
#1197=EDGE_LOOP('',(#8085,#8086,#8087,#8088));
#1198=EDGE_LOOP('',(#8089,#8090,#8091,#8092));
#1199=EDGE_LOOP('',(#8093,#8094,#8095,#8096));
#1200=EDGE_LOOP('',(#8097,#8098,#8099,#8100,#8101,#8102,#8103,#8104));
#1201=EDGE_LOOP('',(#8105,#8106,#8107,#8108));
#1202=EDGE_LOOP('',(#8109,#8110,#8111,#8112));
#1203=EDGE_LOOP('',(#8113,#8114,#8115,#8116));
#1204=EDGE_LOOP('',(#8117,#8118,#8119,#8120));
#1205=EDGE_LOOP('',(#8121,#8122,#8123,#8124,#8125,#8126,#8127,#8128,#8129,
#8130,#8131,#8132));
#1206=EDGE_LOOP('',(#8133,#8134,#8135,#8136,#8137,#8138,#8139,#8140));
#1207=EDGE_LOOP('',(#8141,#8142,#8143,#8144));
#1208=EDGE_LOOP('',(#8145,#8146,#8147,#8148));
#1209=EDGE_LOOP('',(#8149,#8150,#8151,#8152));
#1210=EDGE_LOOP('',(#8153,#8154,#8155,#8156));
#1211=EDGE_LOOP('',(#8157,#8158,#8159,#8160));
#1212=EDGE_LOOP('',(#8161,#8162,#8163,#8164));
#1213=EDGE_LOOP('',(#8165,#8166,#8167,#8168));
#1214=EDGE_LOOP('',(#8169,#8170,#8171,#8172,#8173,#8174,#8175,#8176));
#1215=EDGE_LOOP('',(#8177,#8178,#8179,#8180));
#1216=EDGE_LOOP('',(#8181,#8182,#8183,#8184));
#1217=EDGE_LOOP('',(#8185,#8186,#8187,#8188));
#1218=EDGE_LOOP('',(#8189,#8190,#8191,#8192));
#1219=EDGE_LOOP('',(#8193,#8194,#8195,#8196,#8197,#8198,#8199,#8200,#8201,
#8202));
#1220=EDGE_LOOP('',(#8203,#8204,#8205,#8206,#8207,#8208,#8209,#8210));
#1221=EDGE_LOOP('',(#8211,#8212,#8213,#8214));
#1222=EDGE_LOOP('',(#8215,#8216,#8217,#8218));
#1223=EDGE_LOOP('',(#8219,#8220,#8221,#8222));
#1224=EDGE_LOOP('',(#8223,#8224,#8225,#8226));
#1225=EDGE_LOOP('',(#8227,#8228,#8229,#8230));
#1226=EDGE_LOOP('',(#8231,#8232,#8233,#8234,#8235,#8236));
#1227=EDGE_LOOP('',(#8237,#8238,#8239,#8240));
#1228=EDGE_LOOP('',(#8241,#8242,#8243,#8244));
#1229=EDGE_LOOP('',(#8245,#8246,#8247,#8248));
#1230=EDGE_LOOP('',(#8249,#8250,#8251,#8252));
#1231=EDGE_LOOP('',(#8253,#8254,#8255,#8256));
#1232=EDGE_LOOP('',(#8257,#8258,#8259,#8260,#8261,#8262,#8263,#8264,#8265,
#8266,#8267,#8268,#8269,#8270,#8271,#8272));
#1233=EDGE_LOOP('',(#8273,#8274,#8275,#8276,#8277,#8278,#8279,#8280));
#1234=EDGE_LOOP('',(#8281,#8282,#8283,#8284,#8285,#8286,#8287,#8288,#8289,
#8290,#8291,#8292));
#1235=EDGE_LOOP('',(#8293,#8294,#8295,#8296));
#1236=EDGE_LOOP('',(#8297,#8298,#8299,#8300));
#1237=EDGE_LOOP('',(#8301,#8302,#8303,#8304));
#1238=EDGE_LOOP('',(#8305,#8306,#8307,#8308));
#1239=EDGE_LOOP('',(#8309,#8310,#8311,#8312));
#1240=EDGE_LOOP('',(#8313,#8314,#8315,#8316));
#1241=EDGE_LOOP('',(#8317,#8318,#8319,#8320));
#1242=EDGE_LOOP('',(#8321,#8322,#8323,#8324));
#1243=EDGE_LOOP('',(#8325,#8326,#8327,#8328));
#1244=EDGE_LOOP('',(#8329,#8330,#8331,#8332));
#1245=EDGE_LOOP('',(#8333,#8334,#8335,#8336));
#1246=EDGE_LOOP('',(#8337,#8338,#8339,#8340));
#1247=EDGE_LOOP('',(#8341,#8342,#8343,#8344));
#1248=EDGE_LOOP('',(#8345,#8346,#8347,#8348));
#1249=EDGE_LOOP('',(#8349,#8350,#8351,#8352));
#1250=EDGE_LOOP('',(#8353,#8354,#8355,#8356,#8357,#8358,#8359,#8360));
#1251=EDGE_LOOP('',(#8361,#8362,#8363,#8364,#8365,#8366,#8367,#8368,#8369,
#8370,#8371,#8372));
#1252=EDGE_LOOP('',(#8373,#8374,#8375,#8376));
#1253=EDGE_LOOP('',(#8377,#8378,#8379,#8380));
#1254=EDGE_LOOP('',(#8381,#8382,#8383,#8384));
#1255=EDGE_LOOP('',(#8385,#8386,#8387,#8388));
#1256=EDGE_LOOP('',(#8389,#8390,#8391,#8392,#8393,#8394,#8395,#8396));
#1257=EDGE_LOOP('',(#8397,#8398,#8399,#8400));
#1258=EDGE_LOOP('',(#8401,#8402,#8403,#8404));
#1259=EDGE_LOOP('',(#8405,#8406,#8407,#8408));
#1260=EDGE_LOOP('',(#8409,#8410,#8411,#8412));
#1261=EDGE_LOOP('',(#8413,#8414,#8415,#8416));
#1262=EDGE_LOOP('',(#8417,#8418,#8419,#8420));
#1263=EDGE_LOOP('',(#8421,#8422,#8423,#8424,#8425,#8426,#8427,#8428));
#1264=EDGE_LOOP('',(#8429,#8430,#8431,#8432,#8433,#8434,#8435,#8436,#8437,
#8438,#8439,#8440));
#1265=EDGE_LOOP('',(#8441,#8442,#8443,#8444));
#1266=EDGE_LOOP('',(#8445,#8446,#8447,#8448,#8449,#8450,#8451,#8452));
#1267=EDGE_LOOP('',(#8453,#8454,#8455,#8456));
#1268=EDGE_LOOP('',(#8457,#8458,#8459,#8460));
#1269=EDGE_LOOP('',(#8461,#8462,#8463,#8464));
#1270=EDGE_LOOP('',(#8465,#8466,#8467,#8468));
#1271=EDGE_LOOP('',(#8469,#8470,#8471,#8472));
#1272=EDGE_LOOP('',(#8473,#8474,#8475,#8476));
#1273=EDGE_LOOP('',(#8477,#8478,#8479,#8480));
#1274=EDGE_LOOP('',(#8481,#8482,#8483,#8484));
#1275=EDGE_LOOP('',(#8485,#8486,#8487,#8488));
#1276=EDGE_LOOP('',(#8489,#8490,#8491,#8492));
#1277=EDGE_LOOP('',(#8493,#8494,#8495,#8496));
#1278=EDGE_LOOP('',(#8497,#8498,#8499,#8500,#8501,#8502,#8503,#8504,#8505,
#8506,#8507,#8508,#8509,#8510,#8511,#8512,#8513,#8514,#8515,#8516,#8517,
#8518,#8519,#8520,#8521,#8522,#8523,#8524,#8525,#8526,#8527,#8528,#8529,
#8530,#8531,#8532,#8533,#8534,#8535,#8536,#8537,#8538,#8539,#8540,#8541,
#8542,#8543,#8544,#8545,#8546,#8547,#8548,#8549,#8550));
#1279=EDGE_LOOP('',(#8551,#8552,#8553,#8554,#8555,#8556,#8557,#8558));
#1280=EDGE_LOOP('',(#8559,#8560,#8561,#8562,#8563,#8564,#8565,#8566));
#1281=EDGE_LOOP('',(#8567,#8568,#8569,#8570,#8571,#8572,#8573,#8574));
#1282=EDGE_LOOP('',(#8575,#8576,#8577,#8578,#8579,#8580,#8581,#8582));
#1283=EDGE_LOOP('',(#8583,#8584,#8585,#8586));
#1284=EDGE_LOOP('',(#8587,#8588,#8589,#8590));
#1285=EDGE_LOOP('',(#8591,#8592,#8593,#8594));
#1286=EDGE_LOOP('',(#8595,#8596,#8597,#8598));
#1287=EDGE_LOOP('',(#8599,#8600,#8601,#8602));
#1288=EDGE_LOOP('',(#8603,#8604,#8605,#8606));
#1289=EDGE_LOOP('',(#8607,#8608,#8609,#8610));
#1290=EDGE_LOOP('',(#8611,#8612,#8613,#8614));
#1291=EDGE_LOOP('',(#8615,#8616,#8617,#8618));
#1292=EDGE_LOOP('',(#8619,#8620,#8621,#8622));
#1293=EDGE_LOOP('',(#8623,#8624,#8625,#8626));
#1294=EDGE_LOOP('',(#8627,#8628,#8629,#8630));
#1295=EDGE_LOOP('',(#8631,#8632,#8633,#8634));
#1296=EDGE_LOOP('',(#8635,#8636,#8637,#8638));
#1297=EDGE_LOOP('',(#8639,#8640,#8641,#8642));
#1298=EDGE_LOOP('',(#8643,#8644,#8645,#8646));
#1299=EDGE_LOOP('',(#8647,#8648,#8649,#8650));
#1300=EDGE_LOOP('',(#8651,#8652,#8653,#8654));
#1301=EDGE_LOOP('',(#8655,#8656,#8657,#8658));
#1302=EDGE_LOOP('',(#8659,#8660,#8661,#8662));
#1303=EDGE_LOOP('',(#8663,#8664,#8665,#8666));
#1304=EDGE_LOOP('',(#8667,#8668,#8669,#8670));
#1305=EDGE_LOOP('',(#8671,#8672,#8673,#8674));
#1306=EDGE_LOOP('',(#8675,#8676,#8677,#8678,#8679,#8680,#8681,#8682,#8683,
#8684,#8685,#8686,#8687,#8688,#8689,#8690,#8691,#8692,#8693,#8694,#8695,
#8696,#8697,#8698,#8699,#8700,#8701,#8702,#8703,#8704,#8705,#8706,#8707,
#8708,#8709,#8710,#8711,#8712));
#1307=EDGE_LOOP('',(#8713,#8714,#8715,#8716));
#1308=EDGE_LOOP('',(#8717,#8718,#8719,#8720));
#1309=EDGE_LOOP('',(#8721,#8722,#8723,#8724));
#1310=EDGE_LOOP('',(#8725,#8726,#8727,#8728));
#1311=EDGE_LOOP('',(#8729,#8730,#8731,#8732));
#1312=EDGE_LOOP('',(#8733,#8734,#8735,#8736));
#1313=EDGE_LOOP('',(#8737,#8738,#8739,#8740));
#1314=EDGE_LOOP('',(#8741,#8742,#8743,#8744));
#1315=EDGE_LOOP('',(#8745,#8746,#8747,#8748));
#1316=EDGE_LOOP('',(#8749,#8750,#8751,#8752));
#1317=EDGE_LOOP('',(#8753,#8754,#8755,#8756));
#1318=EDGE_LOOP('',(#8757,#8758,#8759,#8760));
#1319=EDGE_LOOP('',(#8761,#8762,#8763,#8764));
#1320=EDGE_LOOP('',(#8765,#8766,#8767,#8768));
#1321=EDGE_LOOP('',(#8769,#8770,#8771,#8772));
#1322=EDGE_LOOP('',(#8773,#8774,#8775,#8776));
#1323=EDGE_LOOP('',(#8777,#8778,#8779,#8780));
#1324=EDGE_LOOP('',(#8781,#8782,#8783,#8784));
#1325=EDGE_LOOP('',(#8785,#8786,#8787,#8788));
#1326=EDGE_LOOP('',(#8789,#8790,#8791,#8792));
#1327=EDGE_LOOP('',(#8793,#8794,#8795,#8796));
#1328=EDGE_LOOP('',(#8797,#8798,#8799,#8800));
#1329=EDGE_LOOP('',(#8801,#8802,#8803,#8804));
#1330=EDGE_LOOP('',(#8805,#8806,#8807,#8808));
#1331=EDGE_LOOP('',(#8809,#8810,#8811,#8812));
#1332=EDGE_LOOP('',(#8813,#8814,#8815,#8816));
#1333=EDGE_LOOP('',(#8817,#8818,#8819,#8820));
#1334=EDGE_LOOP('',(#8821,#8822,#8823,#8824,#8825,#8826,#8827,#8828));
#1335=EDGE_LOOP('',(#8829,#8830,#8831,#8832));
#1336=EDGE_LOOP('',(#8833,#8834,#8835,#8836,#8837,#8838,#8839,#8840));
#1337=EDGE_LOOP('',(#8841,#8842,#8843,#8844));
#1338=EDGE_LOOP('',(#8845,#8846,#8847,#8848));
#1339=EDGE_LOOP('',(#8849,#8850,#8851,#8852));
#1340=EDGE_LOOP('',(#8853,#8854,#8855,#8856));
#1341=EDGE_LOOP('',(#8857,#8858,#8859,#8860));
#1342=EDGE_LOOP('',(#8861,#8862,#8863,#8864));
#1343=EDGE_LOOP('',(#8865,#8866,#8867,#8868));
#1344=EDGE_LOOP('',(#8869));
#1345=EDGE_LOOP('',(#8870));
#1346=LINE('',#12937,#2639);
#1347=LINE('',#12939,#2640);
#1348=LINE('',#12941,#2641);
#1349=LINE('',#12942,#2642);
#1350=LINE('',#12946,#2643);
#1351=LINE('',#12947,#2644);
#1352=LINE('',#12948,#2645);
#1353=LINE('',#12951,#2646);
#1354=LINE('',#12953,#2647);
#1355=LINE('',#12955,#2648);
#1356=LINE('',#12956,#2649);
#1357=LINE('',#12959,#2650);
#1358=LINE('',#12961,#2651);
#1359=LINE('',#12963,#2652);
#1360=LINE('',#12964,#2653);
#1361=LINE('',#12968,#2654);
#1362=LINE('',#12970,#2655);
#1363=LINE('',#12972,#2656);
#1364=LINE('',#12974,#2657);
#1365=LINE('',#12976,#2658);
#1366=LINE('',#12977,#2659);
#1367=LINE('',#12981,#2660);
#1368=LINE('',#12983,#2661);
#1369=LINE('',#12985,#2662);
#1370=LINE('',#12987,#2663);
#1371=LINE('',#12989,#2664);
#1372=LINE('',#12990,#2665);
#1373=LINE('',#12994,#2666);
#1374=LINE('',#12996,#2667);
#1375=LINE('',#12998,#2668);
#1376=LINE('',#13000,#2669);
#1377=LINE('',#13002,#2670);
#1378=LINE('',#13003,#2671);
#1379=LINE('',#13009,#2672);
#1380=LINE('',#13011,#2673);
#1381=LINE('',#13013,#2674);
#1382=LINE('',#13015,#2675);
#1383=LINE('',#13017,#2676);
#1384=LINE('',#13019,#2677);
#1385=LINE('',#13021,#2678);
#1386=LINE('',#13025,#2679);
#1387=LINE('',#13029,#2680);
#1388=LINE('',#13031,#2681);
#1389=LINE('',#13033,#2682);
#1390=LINE('',#13035,#2683);
#1391=LINE('',#13036,#2684);
#1392=LINE('',#13038,#2685);
#1393=LINE('',#13040,#2686);
#1394=LINE('',#13042,#2687);
#1395=LINE('',#13044,#2688);
#1396=LINE('',#13046,#2689);
#1397=LINE('',#13050,#2690);
#1398=LINE('',#13054,#2691);
#1399=LINE('',#13056,#2692);
#1400=LINE('',#13058,#2693);
#1401=LINE('',#13060,#2694);
#1402=LINE('',#13062,#2695);
#1403=LINE('',#13064,#2696);
#1404=LINE('',#13066,#2697);
#1405=LINE('',#13070,#2698);
#1406=LINE('',#13072,#2699);
#1407=LINE('',#13074,#2700);
#1408=LINE('',#13076,#2701);
#1409=LINE('',#13078,#2702);
#1410=LINE('',#13082,#2703);
#1411=LINE('',#13084,#2704);
#1412=LINE('',#13086,#2705);
#1413=LINE('',#13088,#2706);
#1414=LINE('',#13090,#2707);
#1415=LINE('',#13092,#2708);
#1416=LINE('',#13094,#2709);
#1417=LINE('',#13096,#2710);
#1418=LINE('',#13098,#2711);
#1419=LINE('',#13100,#2712);
#1420=LINE('',#13102,#2713);
#1421=LINE('',#13104,#2714);
#1422=LINE('',#13106,#2715);
#1423=LINE('',#13108,#2716);
#1424=LINE('',#13110,#2717);
#1425=LINE('',#13112,#2718);
#1426=LINE('',#13116,#2719);
#1427=LINE('',#13118,#2720);
#1428=LINE('',#13120,#2721);
#1429=LINE('',#13122,#2722);
#1430=LINE('',#13124,#2723);
#1431=LINE('',#13126,#2724);
#1432=LINE('',#13128,#2725);
#1433=LINE('',#13132,#2726);
#1434=LINE('',#13134,#2727);
#1435=LINE('',#13136,#2728);
#1436=LINE('',#13138,#2729);
#1437=LINE('',#13140,#2730);
#1438=LINE('',#13142,#2731);
#1439=LINE('',#13144,#2732);
#1440=LINE('',#13148,#2733);
#1441=LINE('',#13150,#2734);
#1442=LINE('',#13152,#2735);
#1443=LINE('',#13154,#2736);
#1444=LINE('',#13156,#2737);
#1445=LINE('',#13158,#2738);
#1446=LINE('',#13160,#2739);
#1447=LINE('',#13162,#2740);
#1448=LINE('',#13164,#2741);
#1449=LINE('',#13168,#2742);
#1450=LINE('',#13172,#2743);
#1451=LINE('',#13174,#2744);
#1452=LINE('',#13176,#2745);
#1453=LINE('',#13178,#2746);
#1454=LINE('',#13180,#2747);
#1455=LINE('',#13184,#2748);
#1456=LINE('',#13186,#2749);
#1457=LINE('',#13188,#2750);
#1458=LINE('',#13190,#2751);
#1459=LINE('',#13191,#2752);
#1460=LINE('',#13195,#2753);
#1461=LINE('',#13197,#2754);
#1462=LINE('',#13199,#2755);
#1463=LINE('',#13201,#2756);
#1464=LINE('',#13203,#2757);
#1465=LINE('',#13204,#2758);
#1466=LINE('',#13208,#2759);
#1467=LINE('',#13210,#2760);
#1468=LINE('',#13212,#2761);
#1469=LINE('',#13214,#2762);
#1470=LINE('',#13216,#2763);
#1471=LINE('',#13217,#2764);
#1472=LINE('',#13221,#2765);
#1473=LINE('',#13223,#2766);
#1474=LINE('',#13225,#2767);
#1475=LINE('',#13227,#2768);
#1476=LINE('',#13229,#2769);
#1477=LINE('',#13230,#2770);
#1478=LINE('',#13233,#2771);
#1479=LINE('',#13235,#2772);
#1480=LINE('',#13236,#2773);
#1481=LINE('',#13240,#2774);
#1482=LINE('',#13241,#2775);
#1483=LINE('',#13243,#2776);
#1484=LINE('',#13245,#2777);
#1485=LINE('',#13247,#2778);
#1486=LINE('',#13249,#2779);
#1487=LINE('',#13251,#2780);
#1488=LINE('',#13253,#2781);
#1489=LINE('',#13254,#2782);
#1490=LINE('',#13256,#2783);
#1491=LINE('',#13258,#2784);
#1492=LINE('',#13260,#2785);
#1493=LINE('',#13262,#2786);
#1494=LINE('',#13264,#2787);
#1495=LINE('',#13265,#2788);
#1496=LINE('',#13267,#2789);
#1497=LINE('',#13269,#2790);
#1498=LINE('',#13271,#2791);
#1499=LINE('',#13273,#2792);
#1500=LINE('',#13275,#2793);
#1501=LINE('',#13277,#2794);
#1502=LINE('',#13278,#2795);
#1503=LINE('',#13280,#2796);
#1504=LINE('',#13282,#2797);
#1505=LINE('',#13284,#2798);
#1506=LINE('',#13286,#2799);
#1507=LINE('',#13288,#2800);
#1508=LINE('',#13290,#2801);
#1509=LINE('',#13291,#2802);
#1510=LINE('',#13293,#2803);
#1511=LINE('',#13295,#2804);
#1512=LINE('',#13297,#2805);
#1513=LINE('',#13299,#2806);
#1514=LINE('',#13301,#2807);
#1515=LINE('',#13303,#2808);
#1516=LINE('',#13304,#2809);
#1517=LINE('',#13305,#2810);
#1518=LINE('',#13307,#2811);
#1519=LINE('',#13309,#2812);
#1520=LINE('',#13311,#2813);
#1521=LINE('',#13313,#2814);
#1522=LINE('',#13315,#2815);
#1523=LINE('',#13317,#2816);
#1524=LINE('',#13318,#2817);
#1525=LINE('',#13320,#2818);
#1526=LINE('',#13322,#2819);
#1527=LINE('',#13324,#2820);
#1528=LINE('',#13326,#2821);
#1529=LINE('',#13327,#2822);
#1530=LINE('',#13330,#2823);
#1531=LINE('',#13332,#2824);
#1532=LINE('',#13333,#2825);
#1533=LINE('',#13335,#2826);
#1534=LINE('',#13337,#2827);
#1535=LINE('',#13341,#2828);
#1536=LINE('',#13342,#2829);
#1537=LINE('',#13344,#2830);
#1538=LINE('',#13346,#2831);
#1539=LINE('',#13348,#2832);
#1540=LINE('',#13350,#2833);
#1541=LINE('',#13354,#2834);
#1542=LINE('',#13355,#2835);
#1543=LINE('',#13358,#2836);
#1544=LINE('',#13359,#2837);
#1545=LINE('',#13361,#2838);
#1546=LINE('',#13365,#2839);
#1547=LINE('',#13366,#2840);
#1548=LINE('',#13369,#2841);
#1549=LINE('',#13370,#2842);
#1550=LINE('',#13373,#2843);
#1551=LINE('',#13374,#2844);
#1552=LINE('',#13378,#2845);
#1553=LINE('',#13380,#2846);
#1554=LINE('',#13382,#2847);
#1555=LINE('',#13383,#2848);
#1556=LINE('',#13386,#2849);
#1557=LINE('',#13387,#2850);
#1558=LINE('',#13391,#2851);
#1559=LINE('',#13392,#2852);
#1560=LINE('',#13394,#2853);
#1561=LINE('',#13396,#2854);
#1562=LINE('',#13398,#2855);
#1563=LINE('',#13400,#2856);
#1564=LINE('',#13402,#2857);
#1565=LINE('',#13404,#2858);
#1566=LINE('',#13405,#2859);
#1567=LINE('',#13406,#2860);
#1568=LINE('',#13408,#2861);
#1569=LINE('',#13410,#2862);
#1570=LINE('',#13412,#2863);
#1571=LINE('',#13414,#2864);
#1572=LINE('',#13416,#2865);
#1573=LINE('',#13418,#2866);
#1574=LINE('',#13419,#2867);
#1575=LINE('',#13421,#2868);
#1576=LINE('',#13423,#2869);
#1577=LINE('',#13425,#2870);
#1578=LINE('',#13427,#2871);
#1579=LINE('',#13428,#2872);
#1580=LINE('',#13430,#2873);
#1581=LINE('',#13432,#2874);
#1582=LINE('',#13433,#2875);
#1583=LINE('',#13436,#2876);
#1584=LINE('',#13437,#2877);
#1585=LINE('',#13440,#2878);
#1586=LINE('',#13441,#2879);
#1587=LINE('',#13444,#2880);
#1588=LINE('',#13446,#2881);
#1589=LINE('',#13447,#2882);
#1590=LINE('',#13449,#2883);
#1591=LINE('',#13452,#2884);
#1592=LINE('',#13453,#2885);
#1593=LINE('',#13456,#2886);
#1594=LINE('',#13457,#2887);
#1595=LINE('',#13459,#2888);
#1596=LINE('',#13461,#2889);
#1597=LINE('',#13463,#2890);
#1598=LINE('',#13464,#2891);
#1599=LINE('',#13466,#2892);
#1600=LINE('',#13468,#2893);
#1601=LINE('',#13470,#2894);
#1602=LINE('',#13473,#2895);
#1603=LINE('',#13478,#2896);
#1604=LINE('',#13480,#2897);
#1605=LINE('',#13481,#2898);
#1606=LINE('',#13483,#2899);
#1607=LINE('',#13485,#2900);
#1608=LINE('',#13487,#2901);
#1609=LINE('',#13491,#2902);
#1610=LINE('',#13493,#2903);
#1611=LINE('',#13494,#2904);
#1612=LINE('',#13496,#2905);
#1613=LINE('',#13498,#2906);
#1614=LINE('',#13500,#2907);
#1615=LINE('',#13502,#2908);
#1616=LINE('',#13504,#2909);
#1617=LINE('',#13506,#2910);
#1618=LINE('',#13510,#2911);
#1619=LINE('',#13511,#2912);
#1620=LINE('',#13514,#2913);
#1621=LINE('',#13515,#2914);
#1622=LINE('',#13517,#2915);
#1623=LINE('',#13521,#2916);
#1624=LINE('',#13522,#2917);
#1625=LINE('',#13525,#2918);
#1626=LINE('',#13526,#2919);
#1627=LINE('',#13529,#2920);
#1628=LINE('',#13530,#2921);
#1629=LINE('',#13534,#2922);
#1630=LINE('',#13537,#2923);
#1631=LINE('',#13538,#2924);
#1632=LINE('',#13541,#2925);
#1633=LINE('',#13542,#2926);
#1634=LINE('',#13544,#2927);
#1635=LINE('',#13547,#2928);
#1636=LINE('',#13549,#2929);
#1637=LINE('',#13550,#2930);
#1638=LINE('',#13553,#2931);
#1639=LINE('',#13554,#2932);
#1640=LINE('',#13557,#2933);
#1641=LINE('',#13558,#2934);
#1642=LINE('',#13560,#2935);
#1643=LINE('',#13565,#2936);
#1644=LINE('',#13567,#2937);
#1645=LINE('',#13569,#2938);
#1646=LINE('',#13571,#2939);
#1647=LINE('',#13573,#2940);
#1648=LINE('',#13574,#2941);
#1649=LINE('',#13576,#2942);
#1650=LINE('',#13578,#2943);
#1651=LINE('',#13580,#2944);
#1652=LINE('',#13582,#2945);
#1653=LINE('',#13584,#2946);
#1654=LINE('',#13586,#2947);
#1655=LINE('',#13587,#2948);
#1656=LINE('',#13589,#2949);
#1657=LINE('',#13591,#2950);
#1658=LINE('',#13593,#2951);
#1659=LINE('',#13595,#2952);
#1660=LINE('',#13597,#2953);
#1661=LINE('',#13599,#2954);
#1662=LINE('',#13600,#2955);
#1663=LINE('',#13602,#2956);
#1664=LINE('',#13604,#2957);
#1665=LINE('',#13606,#2958);
#1666=LINE('',#13608,#2959);
#1667=LINE('',#13610,#2960);
#1668=LINE('',#13612,#2961);
#1669=LINE('',#13613,#2962);
#1670=LINE('',#13615,#2963);
#1671=LINE('',#13617,#2964);
#1672=LINE('',#13619,#2965);
#1673=LINE('',#13621,#2966);
#1674=LINE('',#13623,#2967);
#1675=LINE('',#13625,#2968);
#1676=LINE('',#13626,#2969);
#1677=LINE('',#13628,#2970);
#1678=LINE('',#13630,#2971);
#1679=LINE('',#13632,#2972);
#1680=LINE('',#13634,#2973);
#1681=LINE('',#13636,#2974);
#1682=LINE('',#13638,#2975);
#1683=LINE('',#13639,#2976);
#1684=LINE('',#13641,#2977);
#1685=LINE('',#13643,#2978);
#1686=LINE('',#13645,#2979);
#1687=LINE('',#13647,#2980);
#1688=LINE('',#13649,#2981);
#1689=LINE('',#13651,#2982);
#1690=LINE('',#13652,#2983);
#1691=LINE('',#13653,#2984);
#1692=LINE('',#13656,#2985);
#1693=LINE('',#13658,#2986);
#1694=LINE('',#13660,#2987);
#1695=LINE('',#13662,#2988);
#1696=LINE('',#13666,#2989);
#1697=LINE('',#13670,#2990);
#1698=LINE('',#13672,#2991);
#1699=LINE('',#13674,#2992);
#1700=LINE('',#13675,#2993);
#1701=LINE('',#13677,#2994);
#1702=LINE('',#13679,#2995);
#1703=LINE('',#13680,#2996);
#1704=LINE('',#13682,#2997);
#1705=LINE('',#13684,#2998);
#1706=LINE('',#13686,#2999);
#1707=LINE('',#13688,#3000);
#1708=LINE('',#13689,#3001);
#1709=LINE('',#13691,#3002);
#1710=LINE('',#13693,#3003);
#1711=LINE('',#13694,#3004);
#1712=LINE('',#13696,#3005);
#1713=LINE('',#13698,#3006);
#1714=LINE('',#13700,#3007);
#1715=LINE('',#13702,#3008);
#1716=LINE('',#13703,#3009);
#1717=LINE('',#13705,#3010);
#1718=LINE('',#13707,#3011);
#1719=LINE('',#13708,#3012);
#1720=LINE('',#13710,#3013);
#1721=LINE('',#13712,#3014);
#1722=LINE('',#13714,#3015);
#1723=LINE('',#13716,#3016);
#1724=LINE('',#13717,#3017);
#1725=LINE('',#13719,#3018);
#1726=LINE('',#13721,#3019);
#1727=LINE('',#13722,#3020);
#1728=LINE('',#13725,#3021);
#1729=LINE('',#13727,#3022);
#1730=LINE('',#13731,#3023);
#1731=LINE('',#13732,#3024);
#1732=LINE('',#13734,#3025);
#1733=LINE('',#13736,#3026);
#1734=LINE('',#13737,#3027);
#1735=LINE('',#13740,#3028);
#1736=LINE('',#13741,#3029);
#1737=LINE('',#13744,#3030);
#1738=LINE('',#13745,#3031);
#1739=LINE('',#13748,#3032);
#1740=LINE('',#13750,#3033);
#1741=LINE('',#13751,#3034);
#1742=LINE('',#13754,#3035);
#1743=LINE('',#13756,#3036);
#1744=LINE('',#13757,#3037);
#1745=LINE('',#13760,#3038);
#1746=LINE('',#13762,#3039);
#1747=LINE('',#13763,#3040);
#1748=LINE('',#13766,#3041);
#1749=LINE('',#13768,#3042);
#1750=LINE('',#13769,#3043);
#1751=LINE('',#13772,#3044);
#1752=LINE('',#13774,#3045);
#1753=LINE('',#13776,#3046);
#1754=LINE('',#13778,#3047);
#1755=LINE('',#13780,#3048);
#1756=LINE('',#13782,#3049);
#1757=LINE('',#13783,#3050);
#1758=LINE('',#13785,#3051);
#1759=LINE('',#13787,#3052);
#1760=LINE('',#13788,#3053);
#1761=LINE('',#13790,#3054);
#1762=LINE('',#13791,#3055);
#1763=LINE('',#13793,#3056);
#1764=LINE('',#13794,#3057);
#1765=LINE('',#13796,#3058);
#1766=LINE('',#13797,#3059);
#1767=LINE('',#13809,#3060);
#1768=LINE('',#13810,#3061);
#1769=LINE('',#13813,#3062);
#1770=LINE('',#13815,#3063);
#1771=LINE('',#13817,#3064);
#1772=LINE('',#13819,#3065);
#1773=LINE('',#13821,#3066);
#1774=LINE('',#13822,#3067);
#1775=LINE('',#13824,#3068);
#1776=LINE('',#13826,#3069);
#1777=LINE('',#13828,#3070);
#1778=LINE('',#13830,#3071);
#1779=LINE('',#13832,#3072);
#1780=LINE('',#13835,#3073);
#1781=LINE('',#13837,#3074);
#1782=LINE('',#13839,#3075);
#1783=LINE('',#13841,#3076);
#1784=LINE('',#13844,#3077);
#1785=LINE('',#13846,#3078);
#1786=LINE('',#13848,#3079);
#1787=LINE('',#13850,#3080);
#1788=LINE('',#13853,#3081);
#1789=LINE('',#13855,#3082);
#1790=LINE('',#13857,#3083);
#1791=LINE('',#13859,#3084);
#1792=LINE('',#13862,#3085);
#1793=LINE('',#13864,#3086);
#1794=LINE('',#13866,#3087);
#1795=LINE('',#13868,#3088);
#1796=LINE('',#13870,#3089);
#1797=LINE('',#13872,#3090);
#1798=LINE('',#13874,#3091);
#1799=LINE('',#13876,#3092);
#1800=LINE('',#13878,#3093);
#1801=LINE('',#13880,#3094);
#1802=LINE('',#13883,#3095);
#1803=LINE('',#13885,#3096);
#1804=LINE('',#13887,#3097);
#1805=LINE('',#13889,#3098);
#1806=LINE('',#13893,#3099);
#1807=LINE('',#13894,#3100);
#1808=LINE('',#13897,#3101);
#1809=LINE('',#13898,#3102);
#1810=LINE('',#13901,#3103);
#1811=LINE('',#13902,#3104);
#1812=LINE('',#13905,#3105);
#1813=LINE('',#13906,#3106);
#1814=LINE('',#13910,#3107);
#1815=LINE('',#13913,#3108);
#1816=LINE('',#13914,#3109);
#1817=LINE('',#13918,#3110);
#1818=LINE('',#13921,#3111);
#1819=LINE('',#13922,#3112);
#1820=LINE('',#13924,#3113);
#1821=LINE('',#13927,#3114);
#1822=LINE('',#13929,#3115);
#1823=LINE('',#13930,#3116);
#1824=LINE('',#13933,#3117);
#1825=LINE('',#13934,#3118);
#1826=LINE('',#13937,#3119);
#1827=LINE('',#13938,#3120);
#1828=LINE('',#13940,#3121);
#1829=LINE('',#13944,#3122);
#1830=LINE('',#13945,#3123);
#1831=LINE('',#13948,#3124);
#1832=LINE('',#13949,#3125);
#1833=LINE('',#13953,#3126);
#1834=LINE('',#13956,#3127);
#1835=LINE('',#13957,#3128);
#1836=LINE('',#13959,#3129);
#1837=LINE('',#13962,#3130);
#1838=LINE('',#13964,#3131);
#1839=LINE('',#13965,#3132);
#1840=LINE('',#13968,#3133);
#1841=LINE('',#13969,#3134);
#1842=LINE('',#13972,#3135);
#1843=LINE('',#13973,#3136);
#1844=LINE('',#13975,#3137);
#1845=LINE('',#13979,#3138);
#1846=LINE('',#13980,#3139);
#1847=LINE('',#13983,#3140);
#1848=LINE('',#13984,#3141);
#1849=LINE('',#13987,#3142);
#1850=LINE('',#13988,#3143);
#1851=LINE('',#13992,#3144);
#1852=LINE('',#13995,#3145);
#1853=LINE('',#13996,#3146);
#1854=LINE('',#13999,#3147);
#1855=LINE('',#14000,#3148);
#1856=LINE('',#14002,#3149);
#1857=LINE('',#14005,#3150);
#1858=LINE('',#14007,#3151);
#1859=LINE('',#14008,#3152);
#1860=LINE('',#14011,#3153);
#1861=LINE('',#14012,#3154);
#1862=LINE('',#14015,#3155);
#1863=LINE('',#14016,#3156);
#1864=LINE('',#14018,#3157);
#1865=LINE('',#14022,#3158);
#1866=LINE('',#14023,#3159);
#1867=LINE('',#14026,#3160);
#1868=LINE('',#14027,#3161);
#1869=LINE('',#14030,#3162);
#1870=LINE('',#14031,#3163);
#1871=LINE('',#14034,#3164);
#1872=LINE('',#14035,#3165);
#1873=LINE('',#14039,#3166);
#1874=LINE('',#14042,#3167);
#1875=LINE('',#14043,#3168);
#1876=LINE('',#14047,#3169);
#1877=LINE('',#14050,#3170);
#1878=LINE('',#14051,#3171);
#1879=LINE('',#14054,#3172);
#1880=LINE('',#14055,#3173);
#1881=LINE('',#14058,#3174);
#1882=LINE('',#14059,#3175);
#1883=LINE('',#14061,#3176);
#1884=LINE('',#14064,#3177);
#1885=LINE('',#14066,#3178);
#1886=LINE('',#14067,#3179);
#1887=LINE('',#14069,#3180);
#1888=LINE('',#14071,#3181);
#1889=LINE('',#14073,#3182);
#1890=LINE('',#14075,#3183);
#1891=LINE('',#14076,#3184);
#1892=LINE('',#14078,#3185);
#1893=LINE('',#14080,#3186);
#1894=LINE('',#14081,#3187);
#1895=LINE('',#14083,#3188);
#1896=LINE('',#14085,#3189);
#1897=LINE('',#14087,#3190);
#1898=LINE('',#14089,#3191);
#1899=LINE('',#14090,#3192);
#1900=LINE('',#14092,#3193);
#1901=LINE('',#14094,#3194);
#1902=LINE('',#14095,#3195);
#1903=LINE('',#14097,#3196);
#1904=LINE('',#14099,#3197);
#1905=LINE('',#14101,#3198);
#1906=LINE('',#14102,#3199);
#1907=LINE('',#14104,#3200);
#1908=LINE('',#14106,#3201);
#1909=LINE('',#14107,#3202);
#1910=LINE('',#14110,#3203);
#1911=LINE('',#14111,#3204);
#1912=LINE('',#14114,#3205);
#1913=LINE('',#14116,#3206);
#1914=LINE('',#14117,#3207);
#1915=LINE('',#14120,#3208);
#1916=LINE('',#14122,#3209);
#1917=LINE('',#14123,#3210);
#1918=LINE('',#14126,#3211);
#1919=LINE('',#14128,#3212);
#1920=LINE('',#14129,#3213);
#1921=LINE('',#14132,#3214);
#1922=LINE('',#14133,#3215);
#1923=LINE('',#14136,#3216);
#1924=LINE('',#14138,#3217);
#1925=LINE('',#14140,#3218);
#1926=LINE('',#14142,#3219);
#1927=LINE('',#14144,#3220);
#1928=LINE('',#14146,#3221);
#1929=LINE('',#14147,#3222);
#1930=LINE('',#14149,#3223);
#1931=LINE('',#14151,#3224);
#1932=LINE('',#14153,#3225);
#1933=LINE('',#14154,#3226);
#1934=LINE('',#14156,#3227);
#1935=LINE('',#14158,#3228);
#1936=LINE('',#14159,#3229);
#1937=LINE('',#14168,#3230);
#1938=LINE('',#14169,#3231);
#1939=LINE('',#14172,#3232);
#1940=LINE('',#14174,#3233);
#1941=LINE('',#14176,#3234);
#1942=LINE('',#14178,#3235);
#1943=LINE('',#14180,#3236);
#1944=LINE('',#14181,#3237);
#1945=LINE('',#14183,#3238);
#1946=LINE('',#14185,#3239);
#1947=LINE('',#14187,#3240);
#1948=LINE('',#14189,#3241);
#1949=LINE('',#14191,#3242);
#1950=LINE('',#14194,#3243);
#1951=LINE('',#14196,#3244);
#1952=LINE('',#14198,#3245);
#1953=LINE('',#14201,#3246);
#1954=LINE('',#14203,#3247);
#1955=LINE('',#14205,#3248);
#1956=LINE('',#14207,#3249);
#1957=LINE('',#14210,#3250);
#1958=LINE('',#14212,#3251);
#1959=LINE('',#14214,#3252);
#1960=LINE('',#14216,#3253);
#1961=LINE('',#14220,#3254);
#1962=LINE('',#14221,#3255);
#1963=LINE('',#14224,#3256);
#1964=LINE('',#14225,#3257);
#1965=LINE('',#14229,#3258);
#1966=LINE('',#14232,#3259);
#1967=LINE('',#14233,#3260);
#1968=LINE('',#14235,#3261);
#1969=LINE('',#14238,#3262);
#1970=LINE('',#14240,#3263);
#1971=LINE('',#14241,#3264);
#1972=LINE('',#14244,#3265);
#1973=LINE('',#14245,#3266);
#1974=LINE('',#14248,#3267);
#1975=LINE('',#14249,#3268);
#1976=LINE('',#14251,#3269);
#1977=LINE('',#14258,#3270);
#1978=LINE('',#14260,#3271);
#1979=LINE('',#14262,#3272);
#1980=LINE('',#14264,#3273);
#1981=LINE('',#14266,#3274);
#1982=LINE('',#14268,#3275);
#1983=LINE('',#14270,#3276);
#1984=LINE('',#14272,#3277);
#1985=LINE('',#14274,#3278);
#1986=LINE('',#14276,#3279);
#1987=LINE('',#14278,#3280);
#1988=LINE('',#14280,#3281);
#1989=LINE('',#14282,#3282);
#1990=LINE('',#14284,#3283);
#1991=LINE('',#14286,#3284);
#1992=LINE('',#14288,#3285);
#1993=LINE('',#14290,#3286);
#1994=LINE('',#14292,#3287);
#1995=LINE('',#14294,#3288);
#1996=LINE('',#14296,#3289);
#1997=LINE('',#14298,#3290);
#1998=LINE('',#14300,#3291);
#1999=LINE('',#14302,#3292);
#2000=LINE('',#14306,#3293);
#2001=LINE('',#14310,#3294);
#2002=LINE('',#14312,#3295);
#2003=LINE('',#14314,#3296);
#2004=LINE('',#14315,#3297);
#2005=LINE('',#14319,#3298);
#2006=LINE('',#14321,#3299);
#2007=LINE('',#14323,#3300);
#2008=LINE('',#14325,#3301);
#2009=LINE('',#14327,#3302);
#2010=LINE('',#14328,#3303);
#2011=LINE('',#14329,#3304);
#2012=LINE('',#14333,#3305);
#2013=LINE('',#14335,#3306);
#2014=LINE('',#14337,#3307);
#2015=LINE('',#14339,#3308);
#2016=LINE('',#14341,#3309);
#2017=LINE('',#14342,#3310);
#2018=LINE('',#14343,#3311);
#2019=LINE('',#14347,#3312);
#2020=LINE('',#14349,#3313);
#2021=LINE('',#14351,#3314);
#2022=LINE('',#14353,#3315);
#2023=LINE('',#14355,#3316);
#2024=LINE('',#14356,#3317);
#2025=LINE('',#14357,#3318);
#2026=LINE('',#14361,#3319);
#2027=LINE('',#14363,#3320);
#2028=LINE('',#14365,#3321);
#2029=LINE('',#14367,#3322);
#2030=LINE('',#14369,#3323);
#2031=LINE('',#14370,#3324);
#2032=LINE('',#14371,#3325);
#2033=LINE('',#14374,#3326);
#2034=LINE('',#14376,#3327);
#2035=LINE('',#14378,#3328);
#2036=LINE('',#14380,#3329);
#2037=LINE('',#14384,#3330);
#2038=LINE('',#14388,#3331);
#2039=LINE('',#14390,#3332);
#2040=LINE('',#14392,#3333);
#2041=LINE('',#14393,#3334);
#2042=LINE('',#14395,#3335);
#2043=LINE('',#14397,#3336);
#2044=LINE('',#14398,#3337);
#2045=LINE('',#14400,#3338);
#2046=LINE('',#14402,#3339);
#2047=LINE('',#14404,#3340);
#2048=LINE('',#14406,#3341);
#2049=LINE('',#14407,#3342);
#2050=LINE('',#14409,#3343);
#2051=LINE('',#14411,#3344);
#2052=LINE('',#14412,#3345);
#2053=LINE('',#14414,#3346);
#2054=LINE('',#14416,#3347);
#2055=LINE('',#14418,#3348);
#2056=LINE('',#14420,#3349);
#2057=LINE('',#14421,#3350);
#2058=LINE('',#14423,#3351);
#2059=LINE('',#14425,#3352);
#2060=LINE('',#14426,#3353);
#2061=LINE('',#14428,#3354);
#2062=LINE('',#14430,#3355);
#2063=LINE('',#14432,#3356);
#2064=LINE('',#14434,#3357);
#2065=LINE('',#14435,#3358);
#2066=LINE('',#14437,#3359);
#2067=LINE('',#14439,#3360);
#2068=LINE('',#14440,#3361);
#2069=LINE('',#14443,#3362);
#2070=LINE('',#14444,#3363);
#2071=LINE('',#14447,#3364);
#2072=LINE('',#14449,#3365);
#2073=LINE('',#14450,#3366);
#2074=LINE('',#14453,#3367);
#2075=LINE('',#14455,#3368);
#2076=LINE('',#14456,#3369);
#2077=LINE('',#14459,#3370);
#2078=LINE('',#14461,#3371);
#2079=LINE('',#14462,#3372);
#2080=LINE('',#14465,#3373);
#2081=LINE('',#14466,#3374);
#2082=LINE('',#14468,#3375);
#2083=LINE('',#14470,#3376);
#2084=LINE('',#14472,#3377);
#2085=LINE('',#14473,#3378);
#2086=LINE('',#14475,#3379);
#2087=LINE('',#14477,#3380);
#2088=LINE('',#14478,#3381);
#2089=LINE('',#14486,#3382);
#2090=LINE('',#14488,#3383);
#2091=LINE('',#14490,#3384);
#2092=LINE('',#14492,#3385);
#2093=LINE('',#14495,#3386);
#2094=LINE('',#14497,#3387);
#2095=LINE('',#14499,#3388);
#2096=LINE('',#14501,#3389);
#2097=LINE('',#14504,#3390);
#2098=LINE('',#14506,#3391);
#2099=LINE('',#14508,#3392);
#2100=LINE('',#14510,#3393);
#2101=LINE('',#14513,#3394);
#2102=LINE('',#14515,#3395);
#2103=LINE('',#14517,#3396);
#2104=LINE('',#14519,#3397);
#2105=LINE('',#14521,#3398);
#2106=LINE('',#14523,#3399);
#2107=LINE('',#14525,#3400);
#2108=LINE('',#14527,#3401);
#2109=LINE('',#14529,#3402);
#2110=LINE('',#14531,#3403);
#2111=LINE('',#14536,#3404);
#2112=LINE('',#14538,#3405);
#2113=LINE('',#14540,#3406);
#2114=LINE('',#14541,#3407);
#2115=LINE('',#14544,#3408);
#2116=LINE('',#14546,#3409);
#2117=LINE('',#14548,#3410);
#2118=LINE('',#14550,#3411);
#2119=LINE('',#14552,#3412);
#2120=LINE('',#14554,#3413);
#2121=LINE('',#14555,#3414);
#2122=LINE('',#14558,#3415);
#2123=LINE('',#14559,#3416);
#2124=LINE('',#14562,#3417);
#2125=LINE('',#14564,#3418);
#2126=LINE('',#14566,#3419);
#2127=LINE('',#14568,#3420);
#2128=LINE('',#14570,#3421);
#2129=LINE('',#14571,#3422);
#2130=LINE('',#14573,#3423);
#2131=LINE('',#14575,#3424);
#2132=LINE('',#14577,#3425);
#2133=LINE('',#14579,#3426);
#2134=LINE('',#14581,#3427);
#2135=LINE('',#14587,#3428);
#2136=LINE('',#14589,#3429);
#2137=LINE('',#14591,#3430);
#2138=LINE('',#14593,#3431);
#2139=LINE('',#14595,#3432);
#2140=LINE('',#14597,#3433);
#2141=LINE('',#14599,#3434);
#2142=LINE('',#14600,#3435);
#2143=LINE('',#14603,#3436);
#2144=LINE('',#14605,#3437);
#2145=LINE('',#14607,#3438);
#2146=LINE('',#14609,#3439);
#2147=LINE('',#14611,#3440);
#2148=LINE('',#14613,#3441);
#2149=LINE('',#14615,#3442);
#2150=LINE('',#14616,#3443);
#2151=LINE('',#14618,#3444);
#2152=LINE('',#14620,#3445);
#2153=LINE('',#14621,#3446);
#2154=LINE('',#14624,#3447);
#2155=LINE('',#14625,#3448);
#2156=LINE('',#14628,#3449);
#2157=LINE('',#14629,#3450);
#2158=LINE('',#14631,#3451);
#2159=LINE('',#14635,#3452);
#2160=LINE('',#14636,#3453);
#2161=LINE('',#14639,#3454);
#2162=LINE('',#14641,#3455);
#2163=LINE('',#14643,#3456);
#2164=LINE('',#14645,#3457);
#2165=LINE('',#14647,#3458);
#2166=LINE('',#14649,#3459);
#2167=LINE('',#14650,#3460);
#2168=LINE('',#14652,#3461);
#2169=LINE('',#14654,#3462);
#2170=LINE('',#14656,#3463);
#2171=LINE('',#14658,#3464);
#2172=LINE('',#14660,#3465);
#2173=LINE('',#14662,#3466);
#2174=LINE('',#14667,#3467);
#2175=LINE('',#14669,#3468);
#2176=LINE('',#14671,#3469);
#2177=LINE('',#14672,#3470);
#2178=LINE('',#14676,#3471);
#2179=LINE('',#14677,#3472);
#2180=LINE('',#14678,#3473);
#2181=LINE('',#14681,#3474);
#2182=LINE('',#14683,#3475);
#2183=LINE('',#14684,#3476);
#2184=LINE('',#14686,#3477);
#2185=LINE('',#14688,#3478);
#2186=LINE('',#14694,#3479);
#2187=LINE('',#14696,#3480);
#2188=LINE('',#14698,#3481);
#2189=LINE('',#14702,#3482);
#2190=LINE('',#14704,#3483);
#2191=LINE('',#14706,#3484);
#2192=LINE('',#14708,#3485);
#2193=LINE('',#14710,#3486);
#2194=LINE('',#14711,#3487);
#2195=LINE('',#14714,#3488);
#2196=LINE('',#14716,#3489);
#2197=LINE('',#14717,#3490);
#2198=LINE('',#14719,#3491);
#2199=LINE('',#14721,#3492);
#2200=LINE('',#14722,#3493);
#2201=LINE('',#14725,#3494);
#2202=LINE('',#14726,#3495);
#2203=LINE('',#14729,#3496);
#2204=LINE('',#14730,#3497);
#2205=LINE('',#14734,#3498);
#2206=LINE('',#14737,#3499);
#2207=LINE('',#14738,#3500);
#2208=LINE('',#14740,#3501);
#2209=LINE('',#14744,#3502);
#2210=LINE('',#14745,#3503);
#2211=LINE('',#14748,#3504);
#2212=LINE('',#14749,#3505);
#2213=LINE('',#14751,#3506);
#2214=LINE('',#14757,#3507);
#2215=LINE('',#14759,#3508);
#2216=LINE('',#14761,#3509);
#2217=LINE('',#14763,#3510);
#2218=LINE('',#14765,#3511);
#2219=LINE('',#14767,#3512);
#2220=LINE('',#14769,#3513);
#2221=LINE('',#14771,#3514);
#2222=LINE('',#14775,#3515);
#2223=LINE('',#14777,#3516);
#2224=LINE('',#14778,#3517);
#2225=LINE('',#14781,#3518);
#2226=LINE('',#14783,#3519);
#2227=LINE('',#14784,#3520);
#2228=LINE('',#14786,#3521);
#2229=LINE('',#14788,#3522);
#2230=LINE('',#14789,#3523);
#2231=LINE('',#14792,#3524);
#2232=LINE('',#14793,#3525);
#2233=LINE('',#14796,#3526);
#2234=LINE('',#14797,#3527);
#2235=LINE('',#14799,#3528);
#2236=LINE('',#14803,#3529);
#2237=LINE('',#14804,#3530);
#2238=LINE('',#14807,#3531);
#2239=LINE('',#14808,#3532);
#2240=LINE('',#14811,#3533);
#2241=LINE('',#14812,#3534);
#2242=LINE('',#14816,#3535);
#2243=LINE('',#14819,#3536);
#2244=LINE('',#14820,#3537);
#2245=LINE('',#14823,#3538);
#2246=LINE('',#14824,#3539);
#2247=LINE('',#14826,#3540);
#2248=LINE('',#14832,#3541);
#2249=LINE('',#14834,#3542);
#2250=LINE('',#14836,#3543);
#2251=LINE('',#14838,#3544);
#2252=LINE('',#14842,#3545);
#2253=LINE('',#14844,#3546);
#2254=LINE('',#14846,#3547);
#2255=LINE('',#14848,#3548);
#2256=LINE('',#14850,#3549);
#2257=LINE('',#14852,#3550);
#2258=LINE('',#14853,#3551);
#2259=LINE('',#14856,#3552);
#2260=LINE('',#14858,#3553);
#2261=LINE('',#14859,#3554);
#2262=LINE('',#14861,#3555);
#2263=LINE('',#14863,#3556);
#2264=LINE('',#14864,#3557);
#2265=LINE('',#14867,#3558);
#2266=LINE('',#14868,#3559);
#2267=LINE('',#14871,#3560);
#2268=LINE('',#14872,#3561);
#2269=LINE('',#14875,#3562);
#2270=LINE('',#14876,#3563);
#2271=LINE('',#14880,#3564);
#2272=LINE('',#14883,#3565);
#2273=LINE('',#14884,#3566);
#2274=LINE('',#14887,#3567);
#2275=LINE('',#14888,#3568);
#2276=LINE('',#14890,#3569);
#2277=LINE('',#14894,#3570);
#2278=LINE('',#14895,#3571);
#2279=LINE('',#14898,#3572);
#2280=LINE('',#14899,#3573);
#2281=LINE('',#14901,#3574);
#2282=LINE('',#14907,#3575);
#2283=LINE('',#14909,#3576);
#2284=LINE('',#14911,#3577);
#2285=LINE('',#14913,#3578);
#2286=LINE('',#14917,#3579);
#2287=LINE('',#14919,#3580);
#2288=LINE('',#14921,#3581);
#2289=LINE('',#14923,#3582);
#2290=LINE('',#14925,#3583);
#2291=LINE('',#14927,#3584);
#2292=LINE('',#14928,#3585);
#2293=LINE('',#14931,#3586);
#2294=LINE('',#14933,#3587);
#2295=LINE('',#14934,#3588);
#2296=LINE('',#14936,#3589);
#2297=LINE('',#14938,#3590);
#2298=LINE('',#14939,#3591);
#2299=LINE('',#14942,#3592);
#2300=LINE('',#14943,#3593);
#2301=LINE('',#14946,#3594);
#2302=LINE('',#14947,#3595);
#2303=LINE('',#14950,#3596);
#2304=LINE('',#14951,#3597);
#2305=LINE('',#14955,#3598);
#2306=LINE('',#14958,#3599);
#2307=LINE('',#14959,#3600);
#2308=LINE('',#14962,#3601);
#2309=LINE('',#14963,#3602);
#2310=LINE('',#14965,#3603);
#2311=LINE('',#14969,#3604);
#2312=LINE('',#14970,#3605);
#2313=LINE('',#14973,#3606);
#2314=LINE('',#14974,#3607);
#2315=LINE('',#14976,#3608);
#2316=LINE('',#14982,#3609);
#2317=LINE('',#14984,#3610);
#2318=LINE('',#14986,#3611);
#2319=LINE('',#14990,#3612);
#2320=LINE('',#14992,#3613);
#2321=LINE('',#14994,#3614);
#2322=LINE('',#14996,#3615);
#2323=LINE('',#14998,#3616);
#2324=LINE('',#14999,#3617);
#2325=LINE('',#15002,#3618);
#2326=LINE('',#15004,#3619);
#2327=LINE('',#15005,#3620);
#2328=LINE('',#15007,#3621);
#2329=LINE('',#15009,#3622);
#2330=LINE('',#15010,#3623);
#2331=LINE('',#15013,#3624);
#2332=LINE('',#15014,#3625);
#2333=LINE('',#15017,#3626);
#2334=LINE('',#15018,#3627);
#2335=LINE('',#15022,#3628);
#2336=LINE('',#15025,#3629);
#2337=LINE('',#15026,#3630);
#2338=LINE('',#15028,#3631);
#2339=LINE('',#15032,#3632);
#2340=LINE('',#15033,#3633);
#2341=LINE('',#15036,#3634);
#2342=LINE('',#15037,#3635);
#2343=LINE('',#15039,#3636);
#2344=LINE('',#15047,#3637);
#2345=LINE('',#15050,#3638);
#2346=LINE('',#15054,#3639);
#2347=LINE('',#15056,#3640);
#2348=LINE('',#15058,#3641);
#2349=LINE('',#15060,#3642);
#2350=LINE('',#15062,#3643);
#2351=LINE('',#15064,#3644);
#2352=LINE('',#15066,#3645);
#2353=LINE('',#15068,#3646);
#2354=LINE('',#15070,#3647);
#2355=LINE('',#15071,#3648);
#2356=LINE('',#15073,#3649);
#2357=LINE('',#15077,#3650);
#2358=LINE('',#15079,#3651);
#2359=LINE('',#15080,#3652);
#2360=LINE('',#15084,#3653);
#2361=LINE('',#15085,#3654);
#2362=LINE('',#15087,#3655);
#2363=LINE('',#15089,#3656);
#2364=LINE('',#15090,#3657);
#2365=LINE('',#15091,#3658);
#2366=LINE('',#15094,#3659);
#2367=LINE('',#15096,#3660);
#2368=LINE('',#15098,#3661);
#2369=LINE('',#15101,#3662);
#2370=LINE('',#15103,#3663);
#2371=LINE('',#15105,#3664);
#2372=LINE('',#15107,#3665);
#2373=LINE('',#15109,#3666);
#2374=LINE('',#15110,#3667);
#2375=LINE('',#15112,#3668);
#2376=LINE('',#15114,#3669);
#2377=LINE('',#15116,#3670);
#2378=LINE('',#15118,#3671);
#2379=LINE('',#15121,#3672);
#2380=LINE('',#15123,#3673);
#2381=LINE('',#15125,#3674);
#2382=LINE('',#15127,#3675);
#2383=LINE('',#15131,#3676);
#2384=LINE('',#15132,#3677);
#2385=LINE('',#15135,#3678);
#2386=LINE('',#15136,#3679);
#2387=LINE('',#15138,#3680);
#2388=LINE('',#15144,#3681);
#2389=LINE('',#15146,#3682);
#2390=LINE('',#15148,#3683);
#2391=LINE('',#15149,#3684);
#2392=LINE('',#15153,#3685);
#2393=LINE('',#15154,#3686);
#2394=LINE('',#15156,#3687);
#2395=LINE('',#15158,#3688);
#2396=LINE('',#15160,#3689);
#2397=LINE('',#15162,#3690);
#2398=LINE('',#15163,#3691);
#2399=LINE('',#15166,#3692);
#2400=LINE('',#15168,#3693);
#2401=LINE('',#15170,#3694);
#2402=LINE('',#15174,#3695);
#2403=LINE('',#15176,#3696);
#2404=LINE('',#15177,#3697);
#2405=LINE('',#15179,#3698);
#2406=LINE('',#15181,#3699);
#2407=LINE('',#15182,#3700);
#2408=LINE('',#15184,#3701);
#2409=LINE('',#15186,#3702);
#2410=LINE('',#15190,#3703);
#2411=LINE('',#15191,#3704);
#2412=LINE('',#15194,#3705);
#2413=LINE('',#15196,#3706);
#2414=LINE('',#15200,#3707);
#2415=LINE('',#15202,#3708);
#2416=LINE('',#15203,#3709);
#2417=LINE('',#15205,#3710);
#2418=LINE('',#15207,#3711);
#2419=LINE('',#15209,#3712);
#2420=LINE('',#15211,#3713);
#2421=LINE('',#15213,#3714);
#2422=LINE('',#15219,#3715);
#2423=LINE('',#15221,#3716);
#2424=LINE('',#15223,#3717);
#2425=LINE('',#15225,#3718);
#2426=LINE('',#15227,#3719);
#2427=LINE('',#15229,#3720);
#2428=LINE('',#15231,#3721);
#2429=LINE('',#15232,#3722);
#2430=LINE('',#15235,#3723);
#2431=LINE('',#15237,#3724);
#2432=LINE('',#15238,#3725);
#2433=LINE('',#15240,#3726);
#2434=LINE('',#15242,#3727);
#2435=LINE('',#15244,#3728);
#2436=LINE('',#15248,#3729);
#2437=LINE('',#15250,#3730);
#2438=LINE('',#15251,#3731);
#2439=LINE('',#15254,#3732);
#2440=LINE('',#15255,#3733);
#2441=LINE('',#15258,#3734);
#2442=LINE('',#15260,#3735);
#2443=LINE('',#15264,#3736);
#2444=LINE('',#15266,#3737);
#2445=LINE('',#15267,#3738);
#2446=LINE('',#15269,#3739);
#2447=LINE('',#15271,#3740);
#2448=LINE('',#15273,#3741);
#2449=LINE('',#15275,#3742);
#2450=LINE('',#15277,#3743);
#2451=LINE('',#15281,#3744);
#2452=LINE('',#15282,#3745);
#2453=LINE('',#15285,#3746);
#2454=LINE('',#15286,#3747);
#2455=LINE('',#15288,#3748);
#2456=LINE('',#15293,#3749);
#2457=LINE('',#15295,#3750);
#2458=LINE('',#15297,#3751);
#2459=LINE('',#15298,#3752);
#2460=LINE('',#15302,#3753);
#2461=LINE('',#15304,#3754);
#2462=LINE('',#15306,#3755);
#2463=LINE('',#15308,#3756);
#2464=LINE('',#15310,#3757);
#2465=LINE('',#15312,#3758);
#2466=LINE('',#15314,#3759);
#2467=LINE('',#15316,#3760);
#2468=LINE('',#15318,#3761);
#2469=LINE('',#15320,#3762);
#2470=LINE('',#15322,#3763);
#2471=LINE('',#15324,#3764);
#2472=LINE('',#15326,#3765);
#2473=LINE('',#15328,#3766);
#2474=LINE('',#15330,#3767);
#2475=LINE('',#15332,#3768);
#2476=LINE('',#15334,#3769);
#2477=LINE('',#15335,#3770);
#2478=LINE('',#15337,#3771);
#2479=LINE('',#15339,#3772);
#2480=LINE('',#15341,#3773);
#2481=LINE('',#15343,#3774);
#2482=LINE('',#15345,#3775);
#2483=LINE('',#15347,#3776);
#2484=LINE('',#15349,#3777);
#2485=LINE('',#15351,#3778);
#2486=LINE('',#15353,#3779);
#2487=LINE('',#15355,#3780);
#2488=LINE('',#15357,#3781);
#2489=LINE('',#15359,#3782);
#2490=LINE('',#15361,#3783);
#2491=LINE('',#15363,#3784);
#2492=LINE('',#15365,#3785);
#2493=LINE('',#15367,#3786);
#2494=LINE('',#15369,#3787);
#2495=LINE('',#15371,#3788);
#2496=LINE('',#15373,#3789);
#2497=LINE('',#15375,#3790);
#2498=LINE('',#15377,#3791);
#2499=LINE('',#15379,#3792);
#2500=LINE('',#15381,#3793);
#2501=LINE('',#15383,#3794);
#2502=LINE('',#15385,#3795);
#2503=LINE('',#15387,#3796);
#2504=LINE('',#15389,#3797);
#2505=LINE('',#15393,#3798);
#2506=LINE('',#15397,#3799);
#2507=LINE('',#15399,#3800);
#2508=LINE('',#15401,#3801);
#2509=LINE('',#15403,#3802);
#2510=LINE('',#15404,#3803);
#2511=LINE('',#15407,#3804);
#2512=LINE('',#15409,#3805);
#2513=LINE('',#15410,#3806);
#2514=LINE('',#15412,#3807);
#2515=LINE('',#15414,#3808);
#2516=LINE('',#15415,#3809);
#2517=LINE('',#15418,#3810);
#2518=LINE('',#15420,#3811);
#2519=LINE('',#15421,#3812);
#2520=LINE('',#15423,#3813);
#2521=LINE('',#15425,#3814);
#2522=LINE('',#15426,#3815);
#2523=LINE('',#15429,#3816);
#2524=LINE('',#15431,#3817);
#2525=LINE('',#15432,#3818);
#2526=LINE('',#15434,#3819);
#2527=LINE('',#15436,#3820);
#2528=LINE('',#15437,#3821);
#2529=LINE('',#15440,#3822);
#2530=LINE('',#15442,#3823);
#2531=LINE('',#15443,#3824);
#2532=LINE('',#15445,#3825);
#2533=LINE('',#15447,#3826);
#2534=LINE('',#15448,#3827);
#2535=LINE('',#15451,#3828);
#2536=LINE('',#15452,#3829);
#2537=LINE('',#15455,#3830);
#2538=LINE('',#15457,#3831);
#2539=LINE('',#15458,#3832);
#2540=LINE('',#15461,#3833);
#2541=LINE('',#15463,#3834);
#2542=LINE('',#15464,#3835);
#2543=LINE('',#15467,#3836);
#2544=LINE('',#15469,#3837);
#2545=LINE('',#15470,#3838);
#2546=LINE('',#15473,#3839);
#2547=LINE('',#15474,#3840);
#2548=LINE('',#15476,#3841);
#2549=LINE('',#15478,#3842);
#2550=LINE('',#15479,#3843);
#2551=LINE('',#15481,#3844);
#2552=LINE('',#15482,#3845);
#2553=LINE('',#15484,#3846);
#2554=LINE('',#15486,#3847);
#2555=LINE('',#15495,#3848);
#2556=LINE('',#15496,#3849);
#2557=LINE('',#15499,#3850);
#2558=LINE('',#15500,#3851);
#2559=LINE('',#15503,#3852);
#2560=LINE('',#15504,#3853);
#2561=LINE('',#15507,#3854);
#2562=LINE('',#15508,#3855);
#2563=LINE('',#15511,#3856);
#2564=LINE('',#15512,#3857);
#2565=LINE('',#15515,#3858);
#2566=LINE('',#15516,#3859);
#2567=LINE('',#15518,#3860);
#2568=LINE('',#15521,#3861);
#2569=LINE('',#15523,#3862);
#2570=LINE('',#15525,#3863);
#2571=LINE('',#15527,#3864);
#2572=LINE('',#15529,#3865);
#2573=LINE('',#15533,#3866);
#2574=LINE('',#15537,#3867);
#2575=LINE('',#15539,#3868);
#2576=LINE('',#15541,#3869);
#2577=LINE('',#15543,#3870);
#2578=LINE('',#15544,#3871);
#2579=LINE('',#15546,#3872);
#2580=LINE('',#15548,#3873);
#2581=LINE('',#15550,#3874);
#2582=LINE('',#15552,#3875);
#2583=LINE('',#15554,#3876);
#2584=LINE('',#15556,#3877);
#2585=LINE('',#15557,#3878);
#2586=LINE('',#15559,#3879);
#2587=LINE('',#15561,#3880);
#2588=LINE('',#15563,#3881);
#2589=LINE('',#15565,#3882);
#2590=LINE('',#15566,#3883);
#2591=LINE('',#15567,#3884);
#2592=LINE('',#15570,#3885);
#2593=LINE('',#15572,#3886);
#2594=LINE('',#15574,#3887);
#2595=LINE('',#15576,#3888);
#2596=LINE('',#15579,#3889);
#2597=LINE('',#15581,#3890);
#2598=LINE('',#15583,#3891);
#2599=LINE('',#15585,#3892);
#2600=LINE('',#15587,#3893);
#2601=LINE('',#15589,#3894);
#2602=LINE('',#15592,#3895);
#2603=LINE('',#15594,#3896);
#2604=LINE('',#15596,#3897);
#2605=LINE('',#15598,#3898);
#2606=LINE('',#15600,#3899);
#2607=LINE('',#15602,#3900);
#2608=LINE('',#15604,#3901);
#2609=LINE('',#15606,#3902);
#2610=LINE('',#15608,#3903);
#2611=LINE('',#15610,#3904);
#2612=LINE('',#15612,#3905);
#2613=LINE('',#15614,#3906);
#2614=LINE('',#15619,#3907);
#2615=LINE('',#15621,#3908);
#2616=LINE('',#15623,#3909);
#2617=LINE('',#15624,#3910);
#2618=LINE('',#15627,#3911);
#2619=LINE('',#15629,#3912);
#2620=LINE('',#15631,#3913);
#2621=LINE('',#15633,#3914);
#2622=LINE('',#15635,#3915);
#2623=LINE('',#15637,#3916);
#2624=LINE('',#15638,#3917);
#2625=LINE('',#15641,#3918);
#2626=LINE('',#15642,#3919);
#2627=LINE('',#15645,#3920);
#2628=LINE('',#15647,#3921);
#2629=LINE('',#15649,#3922);
#2630=LINE('',#15651,#3923);
#2631=LINE('',#15653,#3924);
#2632=LINE('',#15654,#3925);
#2633=LINE('',#15656,#3926);
#2634=LINE('',#15658,#3927);
#2635=LINE('',#15660,#3928);
#2636=LINE('',#15662,#3929);
#2637=LINE('',#15664,#3930);
#2638=LINE('',#15680,#3931);
#2639=VECTOR('',#10519,3.5);
#2640=VECTOR('',#10520,4.5);
#2641=VECTOR('',#10521,3.5);
#2642=VECTOR('',#10522,4.5);
#2643=VECTOR('',#10525,3.5);
#2644=VECTOR('',#10526,1.9);
#2645=VECTOR('',#10527,1.9);
#2646=VECTOR('',#10528,0.1999999999862);
#2647=VECTOR('',#10529,0.1);
#2648=VECTOR('',#10530,0.1999999999862);
#2649=VECTOR('',#10531,0.1);
#2650=VECTOR('',#10532,0.1999999999862);
#2651=VECTOR('',#10533,0.1);
#2652=VECTOR('',#10534,0.1999999999862);
#2653=VECTOR('',#10535,0.1);
#2654=VECTOR('',#10538,0.0821710713156308);
#2655=VECTOR('',#10539,0.1250000000036);
#2656=VECTOR('',#10540,0.2499999999964);
#2657=VECTOR('',#10541,0.1250000000024);
#2658=VECTOR('',#10542,0.0821710713169708);
#2659=VECTOR('',#10543,0.3194979034589);
#2660=VECTOR('',#10546,0.0821710713198878);
#2661=VECTOR('',#10547,0.125);
#2662=VECTOR('',#10548,0.2499999999964);
#2663=VECTOR('',#10549,0.1250000000073);
#2664=VECTOR('',#10550,0.0821710713118178);
#2665=VECTOR('',#10551,0.3194979034594);
#2666=VECTOR('',#10554,0.2500000000055);
#2667=VECTOR('',#10555,0.1250000000109);
#2668=VECTOR('',#10556,0.0821710713077878);
#2669=VECTOR('',#10557,0.3194979065509);
#2670=VECTOR('',#10558,0.0821710786009612);
#2671=VECTOR('',#10559,0.1249999934043);
#2672=VECTOR('',#10564,0.6999999934241);
#2673=VECTOR('',#10565,0.0833583822506518);
#2674=VECTOR('',#10566,0.770502099623);
#2675=VECTOR('',#10567,0.0833583895582878);
#2676=VECTOR('',#10568,0.1249999933861);
#2677=VECTOR('',#10569,0.19990685271121);
#2678=VECTOR('',#10570,0.9999594843065);
#2679=VECTOR('',#10573,1.849906848526);
#2680=VECTOR('',#10576,0.9999999999812);
#2681=VECTOR('',#10577,0.1000000000022);
#2682=VECTOR('',#10578,0.1249999933862);
#2683=VECTOR('',#10579,0.0833583895572618);
#2684=VECTOR('',#10580,0.3459437128572);
#2685=VECTOR('',#10581,0.3454416132281);
#2686=VECTOR('',#10582,0.0821710713075507);
#2687=VECTOR('',#10583,0.1250000000109);
#2688=VECTOR('',#10584,0.1000000000022);
#2689=VECTOR('',#10585,1.000000000028);
#2690=VECTOR('',#10588,1.849906848526);
#2691=VECTOR('',#10591,0.9999594842605);
#2692=VECTOR('',#10592,0.199906852710606);
#2693=VECTOR('',#10593,0.1249999999987);
#2694=VECTOR('',#10594,0.0821710713209908);
#2695=VECTOR('',#10595,0.7694979034579);
#2696=VECTOR('',#10596,0.0821710713108517);
#2697=VECTOR('',#10597,0.6999999934242);
#2698=VECTOR('',#10600,0.6999999934073);
#2699=VECTOR('',#10601,0.0821710700172408);
#2700=VECTOR('',#10602,0.3194979003962);
#2701=VECTOR('',#10603,0.0821710713146813);
#2702=VECTOR('',#10604,0.6999999934054);
#2703=VECTOR('',#10607,0.6999999933981);
#2704=VECTOR('',#10608,0.0821710700223598);
#2705=VECTOR('',#10609,0.5694979034775);
#2706=VECTOR('',#10610,0.0821710785981578);
#2707=VECTOR('',#10611,0.6499999934073);
#2708=VECTOR('',#10612,0.282842712470301);
#2709=VECTOR('',#10613,0.1749999999998);
#2710=VECTOR('',#10614,0.7250000000022);
#2711=VECTOR('',#10615,0.1249999999982);
#2712=VECTOR('',#10616,0.1250000000048);
#2713=VECTOR('',#10617,0.0821710713145178);
#2714=VECTOR('',#10618,0.2740562902351);
#2715=VECTOR('',#10619,1.15946203942);
#2716=VECTOR('',#10620,0.01430733850382);
#2717=VECTOR('',#10621,0.0827647267866213);
#2718=VECTOR('',#10622,0.3999999999863);
#2719=VECTOR('',#10625,0.4000000000691);
#2720=VECTOR('',#10626,0.0827647267461702);
#2721=VECTOR('',#10627,0.01430733850325);
#2722=VECTOR('',#10628,0.3200000000106);
#2723=VECTOR('',#10629,0.01430733850041);
#2724=VECTOR('',#10630,0.0960468635712863);
#2725=VECTOR('',#10631,1.125000000001);
#2726=VECTOR('',#10634,1.125000000069);
#2727=VECTOR('',#10635,0.0960468635285938);
#2728=VECTOR('',#10636,0.01430733850325);
#2729=VECTOR('',#10637,0.3200000000106);
#2730=VECTOR('',#10638,0.01430733850382);
#2731=VECTOR('',#10639,0.0827647267866112);
#2732=VECTOR('',#10640,0.4000000000327);
#2733=VECTOR('',#10643,0.3999999999844);
#2734=VECTOR('',#10644,0.0827647267820143);
#2735=VECTOR('',#10645,0.01430733850268);
#2736=VECTOR('',#10646,1.160537960576);
#2737=VECTOR('',#10647,0.2745583867744);
#2738=VECTOR('',#10648,0.0833583822543078);
#2739=VECTOR('',#10649,0.1250000000048);
#2740=VECTOR('',#10650,0.1249999999982);
#2741=VECTOR('',#10651,0.6250000000022);
#2742=VECTOR('',#10654,0.1749999999985);
#2743=VECTOR('',#10657,0.749999993399);
#2744=VECTOR('',#10658,0.0833583895572518);
#2745=VECTOR('',#10659,0.5705020996253);
#2746=VECTOR('',#10660,0.0833583822506618);
#2747=VECTOR('',#10661,0.6999999934054);
#2748=VECTOR('',#10664,0.6999999934054);
#2749=VECTOR('',#10665,0.0833583822545213);
#2750=VECTOR('',#10666,0.3205020965392);
#2751=VECTOR('',#10667,0.0833583822506618);
#2752=VECTOR('',#10668,0.6999999934098);
#2753=VECTOR('',#10671,0.0833583822556577);
#2754=VECTOR('',#10672,0.1250000000036);
#2755=VECTOR('',#10673,0.2499999999964);
#2756=VECTOR('',#10674,0.1250000000036);
#2757=VECTOR('',#10675,0.0833583822556577);
#2758=VECTOR('',#10676,0.320502096538);
#2759=VECTOR('',#10679,0.0833583822473507);
#2760=VECTOR('',#10680,0.1250000000109);
#2761=VECTOR('',#10681,0.2500000000055);
#2762=VECTOR('',#10682,0.1250000000146);
#2763=VECTOR('',#10683,0.0833583822433108);
#2764=VECTOR('',#10684,0.3205020965374);
#2765=VECTOR('',#10687,0.0833583822513808);
#2766=VECTOR('',#10688,0.1250000000073);
#2767=VECTOR('',#10689,0.2499999999964);
#2768=VECTOR('',#10690,0.125);
#2769=VECTOR('',#10691,0.0833583822596877);
#2770=VECTOR('',#10692,0.3205020965374);
#2771=VECTOR('',#10695,0.09314404469578);
#2772=VECTOR('',#10696,0.0821710713156308);
#2773=VECTOR('',#10697,0.09314404469578);
#2774=VECTOR('',#10700,0.05054230327383);
#2775=VECTOR('',#10701,0.09314404469578);
#2776=VECTOR('',#10702,0.09314404469578);
#2777=VECTOR('',#10703,0.04995979632912);
#2778=VECTOR('',#10704,0.1);
#2779=VECTOR('',#10705,0.08000000000266);
#2780=VECTOR('',#10706,0.1);
#2781=VECTOR('',#10707,0.05054230327377);
#2782=VECTOR('',#10708,0.09314404469578);
#2783=VECTOR('',#10709,0.09314404469578);
#2784=VECTOR('',#10710,0.04995979171756);
#2785=VECTOR('',#10711,0.1);
#2786=VECTOR('',#10712,0.07999999999811);
#2787=VECTOR('',#10713,0.1);
#2788=VECTOR('',#10714,0.0505423048256);
#2789=VECTOR('',#10715,0.09314404469578);
#2790=VECTOR('',#10716,0.04995979171926);
#2791=VECTOR('',#10717,0.1);
#2792=VECTOR('',#10718,0.07999999999811);
#2793=VECTOR('',#10719,0.1);
#2794=VECTOR('',#10720,0.05054230482333);
#2795=VECTOR('',#10721,0.09314404469578);
#2796=VECTOR('',#10722,0.09314404469578);
#2797=VECTOR('',#10723,0.04995979171643);
#2798=VECTOR('',#10724,0.1);
#2799=VECTOR('',#10725,0.08000000000266);
#2800=VECTOR('',#10726,0.1);
#2801=VECTOR('',#10727,0.05054230173011);
#2802=VECTOR('',#10728,0.09314404469578);
#2803=VECTOR('',#10729,0.09314404469578);
#2804=VECTOR('',#10730,0.04995979171359);
#2805=VECTOR('',#10731,0.1);
#2806=VECTOR('',#10732,0.08000000000266);
#2807=VECTOR('',#10733,0.1);
#2808=VECTOR('',#10734,0.05054230482447);
#2809=VECTOR('',#10735,0.09314404469578);
#2810=VECTOR('',#10736,1.9);
#2811=VECTOR('',#10737,0.09314404469578);
#2812=VECTOR('',#10738,0.04995979171983);
#2813=VECTOR('',#10739,0.1);
#2814=VECTOR('',#10740,0.07999999999811);
#2815=VECTOR('',#10741,0.1);
#2816=VECTOR('',#10742,0.05054230173673);
#2817=VECTOR('',#10743,0.09314404469578);
#2818=VECTOR('',#10744,0.09314404469578);
#2819=VECTOR('',#10745,0.04995979633196);
#2820=VECTOR('',#10746,0.1);
#2821=VECTOR('',#10747,0.07999999999811);
#2822=VECTOR('',#10748,0.1);
#2823=VECTOR('',#10751,0.04214317369718);
#2824=VECTOR('',#10752,0.07999999999811);
#2825=VECTOR('',#10753,0.04214317369718);
#2826=VECTOR('',#10754,0.0821710700223598);
#2827=VECTOR('',#10755,0.6999999933958);
#2828=VECTOR('',#10758,0.6999999934031);
#2829=VECTOR('',#10759,0.0821710713146912);
#2830=VECTOR('',#10762,0.09314404469578);
#2831=VECTOR('',#10765,0.09314404469578);
#2832=VECTOR('',#10768,0.09314404469578);
#2833=VECTOR('',#10771,0.09314404469578);
#2834=VECTOR('',#10776,0.1);
#2835=VECTOR('',#10777,0.04214317369718);
#2836=VECTOR('',#10780,0.07999999999811);
#2837=VECTOR('',#10781,0.04214317369718);
#2838=VECTOR('',#10784,0.1);
#2839=VECTOR('',#10789,0.0821710785981618);
#2840=VECTOR('',#10790,0.09314404469578);
#2841=VECTOR('',#10793,0.6499999934073);
#2842=VECTOR('',#10794,0.09314404469578);
#2843=VECTOR('',#10797,0.282842712470301);
#2844=VECTOR('',#10798,0.09314404469578);
#2845=VECTOR('',#10801,0.1);
#2846=VECTOR('',#10802,0.09772435342909);
#2847=VECTOR('',#10803,0.1);
#2848=VECTOR('',#10804,0.09772435342909);
#2849=VECTOR('',#10807,0.1749999999998);
#2850=VECTOR('',#10808,0.09314404469578);
#2851=VECTOR('',#10811,0.04979663886843);
#2852=VECTOR('',#10812,0.09314404469578);
#2853=VECTOR('',#10813,0.09314404469578);
#2854=VECTOR('',#10814,0.05020336113376);
#2855=VECTOR('',#10815,0.1);
#2856=VECTOR('',#10816,0.07999999999811);
#2857=VECTOR('',#10817,0.1);
#2858=VECTOR('',#10818,0.04979663886842);
#2859=VECTOR('',#10819,0.09314404469578);
#2860=VECTOR('',#10820,1.9);
#2861=VECTOR('',#10821,0.09314404469578);
#2862=VECTOR('',#10822,0.05020336113375);
#2863=VECTOR('',#10823,0.1);
#2864=VECTOR('',#10824,0.07999999999811);
#2865=VECTOR('',#10825,0.1);
#2866=VECTOR('',#10826,0.04979663886843);
#2867=VECTOR('',#10827,0.09314404469578);
#2868=VECTOR('',#10828,0.09314404469578);
#2869=VECTOR('',#10829,0.05020336111556);
#2870=VECTOR('',#10830,0.1);
#2871=VECTOR('',#10831,0.07999999999811);
#2872=VECTOR('',#10832,0.1);
#2873=VECTOR('',#10833,0.1000000000204);
#2874=VECTOR('',#10834,0.1000000000204);
#2875=VECTOR('',#10835,0.1);
#2876=VECTOR('',#10838,0.09772435342909);
#2877=VECTOR('',#10839,0.1000000000204);
#2878=VECTOR('',#10842,0.1);
#2879=VECTOR('',#10843,0.1000000000204);
#2880=VECTOR('',#10846,0.04531728712997);
#2881=VECTOR('',#10847,0.07999999999811);
#2882=VECTOR('',#10848,0.04531728712997);
#2883=VECTOR('',#10851,0.09772435342909);
#2884=VECTOR('',#10854,0.1);
#2885=VECTOR('',#10855,0.04531728712997);
#2886=VECTOR('',#10858,0.07999999999811);
#2887=VECTOR('',#10859,0.04531728712997);
#2888=VECTOR('',#10860,0.0821710713145178);
#2889=VECTOR('',#10861,0.1250000000048);
#2890=VECTOR('',#10862,0.1249999999982);
#2891=VECTOR('',#10863,0.7250000000022);
#2892=VECTOR('',#10866,0.09314404469578);
#2893=VECTOR('',#10869,0.09314404469578);
#2894=VECTOR('',#10872,0.09314404469578);
#2895=VECTOR('',#10877,0.1);
#2896=VECTOR('',#10884,0.06115554745897);
#2897=VECTOR('',#10885,0.07999999999811);
#2898=VECTOR('',#10886,0.06115554745897);
#2899=VECTOR('',#10887,0.01430733850325);
#2900=VECTOR('',#10888,0.0960468635285938);
#2901=VECTOR('',#10889,1.125000000089);
#2902=VECTOR('',#10892,1.125000000001);
#2903=VECTOR('',#10893,0.0960468635712863);
#2904=VECTOR('',#10894,0.01430733850041);
#2905=VECTOR('',#10897,0.09314404469578);
#2906=VECTOR('',#10900,0.09314404469578);
#2907=VECTOR('',#10903,0.09314404469578);
#2908=VECTOR('',#10906,0.09314404469578);
#2909=VECTOR('',#10909,0.09314404469578);
#2910=VECTOR('',#10912,0.09314404469578);
#2911=VECTOR('',#10917,0.1);
#2912=VECTOR('',#10918,0.06115554745897);
#2913=VECTOR('',#10921,0.07999999999811);
#2914=VECTOR('',#10922,0.06115554745897);
#2915=VECTOR('',#10925,0.1);
#2916=VECTOR('',#10930,0.01430733850382);
#2917=VECTOR('',#10931,0.09314404469578);
#2918=VECTOR('',#10934,0.0827647267866112);
#2919=VECTOR('',#10935,0.09314404469578);
#2920=VECTOR('',#10938,0.4000000000486);
#2921=VECTOR('',#10939,0.09314404469578);
#2922=VECTOR('',#10944,0.09314404469578);
#2923=VECTOR('',#10947,0.3999999999738);
#2924=VECTOR('',#10948,0.09314404469578);
#2925=VECTOR('',#10951,0.0827647267820143);
#2926=VECTOR('',#10952,0.09314404469578);
#2927=VECTOR('',#10955,0.01430733850268);
#2928=VECTOR('',#10958,0.06134265465032);
#2929=VECTOR('',#10959,0.07999999999811);
#2930=VECTOR('',#10960,0.06134265465032);
#2931=VECTOR('',#10963,0.1);
#2932=VECTOR('',#10964,0.06134265465032);
#2933=VECTOR('',#10967,0.07999999999811);
#2934=VECTOR('',#10968,0.06134265465032);
#2935=VECTOR('',#10971,0.1);
#2936=VECTOR('',#10976,0.05004020519534);
#2937=VECTOR('',#10977,0.1);
#2938=VECTOR('',#10978,0.08000000000266);
#2939=VECTOR('',#10979,0.1);
#2940=VECTOR('',#10980,0.04945769517487);
#2941=VECTOR('',#10981,0.09314404469578);
#2942=VECTOR('',#10982,0.09314404469578);
#2943=VECTOR('',#10983,0.05004020828234);
#2944=VECTOR('',#10984,0.1);
#2945=VECTOR('',#10985,0.08000000000266);
#2946=VECTOR('',#10986,0.1);
#2947=VECTOR('',#10987,0.04945769517771);
#2948=VECTOR('',#10988,0.09314404469578);
#2949=VECTOR('',#10989,0.09314404469578);
#2950=VECTOR('',#10990,0.05004020828404);
#2951=VECTOR('',#10991,0.1);
#2952=VECTOR('',#10992,0.07999999999811);
#2953=VECTOR('',#10993,0.1);
#2954=VECTOR('',#10994,0.04945769517997);
#2955=VECTOR('',#10995,0.09314404469578);
#2956=VECTOR('',#10996,0.09314404469578);
#2957=VECTOR('',#10997,0.05004020828574);
#2958=VECTOR('',#10998,0.1);
#2959=VECTOR('',#10999,0.07999999999811);
#2960=VECTOR('',#11000,0.1);
#2961=VECTOR('',#11001,0.04945769209167);
#2962=VECTOR('',#11002,0.09314404469578);
#2963=VECTOR('',#11003,0.09314404469578);
#2964=VECTOR('',#11004,0.05004020673451);
#2965=VECTOR('',#11005,0.1);
#2966=VECTOR('',#11006,0.08000000000266);
#2967=VECTOR('',#11007,0.1);
#2968=VECTOR('',#11008,0.04945769672556);
#2969=VECTOR('',#11009,0.09314404469578);
#2970=VECTOR('',#11010,0.09314404469578);
#2971=VECTOR('',#11011,0.05004020673445);
#2972=VECTOR('',#11012,0.1);
#2973=VECTOR('',#11013,0.07999999999811);
#2974=VECTOR('',#11014,0.1);
#2975=VECTOR('',#11015,0.04945769673011);
#2976=VECTOR('',#11016,0.09314404469578);
#2977=VECTOR('',#11017,0.09314404469578);
#2978=VECTOR('',#11018,0.05004020519079);
#2979=VECTOR('',#11019,0.1);
#2980=VECTOR('',#11020,0.07999999999811);
#2981=VECTOR('',#11021,0.1);
#2982=VECTOR('',#11022,0.04945769518055);
#2983=VECTOR('',#11023,0.09314404469578);
#2984=VECTOR('',#11024,0.09314404469578);
#2985=VECTOR('',#11027,0.0833583895572618);
#2986=VECTOR('',#11028,0.1249999933862);
#2987=VECTOR('',#11029,0.1000000000022);
#2988=VECTOR('',#11030,0.9999999999713);
#2989=VECTOR('',#11033,1.849906848523);
#2990=VECTOR('',#11036,0.9999594843065);
#2991=VECTOR('',#11037,0.19990685271121);
#2992=VECTOR('',#11038,0.1249999933861);
#2993=VECTOR('',#11039,0.0833583895582878);
#2994=VECTOR('',#11040,0.05003320815492);
#2995=VECTOR('',#11041,0.07999999999811);
#2996=VECTOR('',#11042,0.05003320815492);
#2997=VECTOR('',#11043,0.0833583822556577);
#2998=VECTOR('',#11044,0.1250000000036);
#2999=VECTOR('',#11045,0.2499999999964);
#3000=VECTOR('',#11046,0.1250000000036);
#3001=VECTOR('',#11047,0.0833583822556577);
#3002=VECTOR('',#11048,0.05003320815492);
#3003=VECTOR('',#11049,0.07999999999811);
#3004=VECTOR('',#11050,0.05003320815493);
#3005=VECTOR('',#11051,0.0833583822596777);
#3006=VECTOR('',#11052,0.125);
#3007=VECTOR('',#11053,0.2499999999964);
#3008=VECTOR('',#11054,0.1250000000073);
#3009=VECTOR('',#11055,0.0833583822513808);
#3010=VECTOR('',#11056,0.05003320815493);
#3011=VECTOR('',#11057,0.08000000000266);
#3012=VECTOR('',#11058,0.05003320815493);
#3013=VECTOR('',#11059,0.0833583822433108);
#3014=VECTOR('',#11060,0.1250000000146);
#3015=VECTOR('',#11061,0.2500000000055);
#3016=VECTOR('',#11062,0.1250000000109);
#3017=VECTOR('',#11063,0.0833583822473507);
#3018=VECTOR('',#11064,0.05003320815493);
#3019=VECTOR('',#11065,0.08000000000266);
#3020=VECTOR('',#11066,0.05003320815493);
#3021=VECTOR('',#11069,0.0833583822506518);
#3022=VECTOR('',#11070,0.6999999934251);
#3023=VECTOR('',#11073,0.6999999934095);
#3024=VECTOR('',#11074,0.0833583822506618);
#3025=VECTOR('',#11075,0.05003320815492);
#3026=VECTOR('',#11076,0.08000000000266);
#3027=VECTOR('',#11077,0.05003320815492);
#3028=VECTOR('',#11080,0.1);
#3029=VECTOR('',#11081,0.05003320815493);
#3030=VECTOR('',#11084,0.08000000000266);
#3031=VECTOR('',#11085,0.05003320815493);
#3032=VECTOR('',#11088,0.05003320815493);
#3033=VECTOR('',#11089,0.08000000000266);
#3034=VECTOR('',#11090,0.05003320815493);
#3035=VECTOR('',#11093,0.05003320815493);
#3036=VECTOR('',#11094,0.07999999999811);
#3037=VECTOR('',#11095,0.05003320815493);
#3038=VECTOR('',#11098,0.05003320815492);
#3039=VECTOR('',#11099,0.07999999999811);
#3040=VECTOR('',#11100,0.05003320815492);
#3041=VECTOR('',#11103,0.05003320815492);
#3042=VECTOR('',#11104,0.08000000000266);
#3043=VECTOR('',#11105,0.05003320815492);
#3044=VECTOR('',#11108,0.002032407414415);
#3045=VECTOR('',#11109,0.0800000000018497);
#3046=VECTOR('',#11110,0.07707720799359);
#3047=VECTOR('',#11111,0.2750000000015);
#3048=VECTOR('',#11112,0.07707720793902);
#3049=VECTOR('',#11113,0.0700000000045709);
#3050=VECTOR('',#11114,0.0106926615031);
#3051=VECTOR('',#11117,0.1);
#3052=VECTOR('',#11120,0.1);
#3053=VECTOR('',#11121,0.1);
#3054=VECTOR('',#11124,0.1);
#3055=VECTOR('',#11125,0.1);
#3056=VECTOR('',#11128,0.1);
#3057=VECTOR('',#11129,0.1);
#3058=VECTOR('',#11132,0.1);
#3059=VECTOR('',#11133,0.1);
#3060=VECTOR('',#11154,0.1);
#3061=VECTOR('',#11155,0.0106926615031);
#3062=VECTOR('',#11158,0.0700000000045709);
#3063=VECTOR('',#11159,0.07707720793902);
#3064=VECTOR('',#11160,0.2750000000015);
#3065=VECTOR('',#11161,0.07707720799359);
#3066=VECTOR('',#11162,0.0800000000018497);
#3067=VECTOR('',#11163,0.002032407414415);
#3068=VECTOR('',#11166,0.1);
#3069=VECTOR('',#11169,0.1);
#3070=VECTOR('',#11172,0.1);
#3071=VECTOR('',#11175,0.1);
#3072=VECTOR('',#11178,0.1);
#3073=VECTOR('',#11183,0.09314404469578);
#3074=VECTOR('',#11186,0.09314404469578);
#3075=VECTOR('',#11189,0.09314404469578);
#3076=VECTOR('',#11192,0.09314404469578);
#3077=VECTOR('',#11197,0.09314404469578);
#3078=VECTOR('',#11200,0.09314404469578);
#3079=VECTOR('',#11203,0.09314404469578);
#3080=VECTOR('',#11206,0.09314404469578);
#3081=VECTOR('',#11211,0.09314404469578);
#3082=VECTOR('',#11214,0.09314404469578);
#3083=VECTOR('',#11217,0.09314404469578);
#3084=VECTOR('',#11220,0.09314404469578);
#3085=VECTOR('',#11225,0.09314404469578);
#3086=VECTOR('',#11228,0.09314404469578);
#3087=VECTOR('',#11231,0.09314404469578);
#3088=VECTOR('',#11234,0.09314404469578);
#3089=VECTOR('',#11237,0.09314404469578);
#3090=VECTOR('',#11240,0.09314404469578);
#3091=VECTOR('',#11243,0.09314404469578);
#3092=VECTOR('',#11246,0.09314404469578);
#3093=VECTOR('',#11249,0.09314404469578);
#3094=VECTOR('',#11252,0.09314404469578);
#3095=VECTOR('',#11257,0.09314404469578);
#3096=VECTOR('',#11260,0.09314404469578);
#3097=VECTOR('',#11263,0.09314404469578);
#3098=VECTOR('',#11266,0.09314404469578);
#3099=VECTOR('',#11271,0.0833583822543078);
#3100=VECTOR('',#11272,0.09314404469578);
#3101=VECTOR('',#11275,0.1250000000048);
#3102=VECTOR('',#11276,0.09314404469578);
#3103=VECTOR('',#11279,0.1249999999982);
#3104=VECTOR('',#11280,0.09314404469578);
#3105=VECTOR('',#11283,0.6250000000022);
#3106=VECTOR('',#11284,0.09314404469578);
#3107=VECTOR('',#11289,0.09314404469578);
#3108=VECTOR('',#11292,0.1750000000001);
#3109=VECTOR('',#11293,0.09314404469578);
#3110=VECTOR('',#11298,0.09314404469578);
#3111=VECTOR('',#11301,0.7499999934034);
#3112=VECTOR('',#11302,0.09314404469578);
#3113=VECTOR('',#11305,0.0833583895572518);
#3114=VECTOR('',#11308,0.05321636497441);
#3115=VECTOR('',#11309,0.07999999999811);
#3116=VECTOR('',#11310,0.05321636497441);
#3117=VECTOR('',#11313,0.1);
#3118=VECTOR('',#11314,0.05321636497441);
#3119=VECTOR('',#11317,0.07999999999811);
#3120=VECTOR('',#11318,0.05321636497441);
#3121=VECTOR('',#11321,0.1);
#3122=VECTOR('',#11326,0.0833583822506618);
#3123=VECTOR('',#11327,0.09314404469578);
#3124=VECTOR('',#11330,0.6999999934031);
#3125=VECTOR('',#11331,0.09314404469578);
#3126=VECTOR('',#11336,0.09314404469578);
#3127=VECTOR('',#11339,0.6999999934031);
#3128=VECTOR('',#11340,0.09314404469578);
#3129=VECTOR('',#11343,0.0833583822545213);
#3130=VECTOR('',#11346,0.04924387650769);
#3131=VECTOR('',#11347,0.07999999999811);
#3132=VECTOR('',#11348,0.04924387650769);
#3133=VECTOR('',#11351,0.1);
#3134=VECTOR('',#11352,0.04924387650769);
#3135=VECTOR('',#11355,0.07999999999811);
#3136=VECTOR('',#11356,0.04924387650769);
#3137=VECTOR('',#11359,0.1);
#3138=VECTOR('',#11364,0.01430733850382);
#3139=VECTOR('',#11365,0.09314404469578);
#3140=VECTOR('',#11368,0.0827647267866213);
#3141=VECTOR('',#11369,0.09314404469578);
#3142=VECTOR('',#11372,0.3999999999751);
#3143=VECTOR('',#11373,0.09314404469578);
#3144=VECTOR('',#11378,0.09314404469578);
#3145=VECTOR('',#11381,0.4000000000859);
#3146=VECTOR('',#11382,0.09314404469578);
#3147=VECTOR('',#11385,0.0827647267461702);
#3148=VECTOR('',#11386,0.09314404469578);
#3149=VECTOR('',#11389,0.01430733850325);
#3150=VECTOR('',#11392,0.04567003592577);
#3151=VECTOR('',#11393,0.07999999999811);
#3152=VECTOR('',#11394,0.04567003592577);
#3153=VECTOR('',#11397,0.1);
#3154=VECTOR('',#11398,0.04567003592577);
#3155=VECTOR('',#11401,0.07999999999811);
#3156=VECTOR('',#11402,0.04567003592577);
#3157=VECTOR('',#11405,0.1);
#3158=VECTOR('',#11410,0.0821710713075507);
#3159=VECTOR('',#11411,0.09314404469578);
#3160=VECTOR('',#11414,0.1250000000109);
#3161=VECTOR('',#11415,0.09314404469578);
#3162=VECTOR('',#11418,0.1000000000022);
#3163=VECTOR('',#11419,0.09314404469578);
#3164=VECTOR('',#11422,1.000000000004);
#3165=VECTOR('',#11423,0.09314404469578);
#3166=VECTOR('',#11428,0.09314404469578);
#3167=VECTOR('',#11431,1.849906848523);
#3168=VECTOR('',#11432,0.09314404469578);
#3169=VECTOR('',#11437,0.09314404469578);
#3170=VECTOR('',#11440,0.9999594842548);
#3171=VECTOR('',#11441,0.09314404469578);
#3172=VECTOR('',#11444,0.199906852710606);
#3173=VECTOR('',#11445,0.09314404469578);
#3174=VECTOR('',#11448,0.1249999999987);
#3175=VECTOR('',#11449,0.09314404469578);
#3176=VECTOR('',#11452,0.0821710713209908);
#3177=VECTOR('',#11455,0.04317709717066);
#3178=VECTOR('',#11456,0.08000000000266);
#3179=VECTOR('',#11457,0.04317709717066);
#3180=VECTOR('',#11458,0.0821710713077878);
#3181=VECTOR('',#11459,0.1250000000109);
#3182=VECTOR('',#11460,0.2500000000055);
#3183=VECTOR('',#11461,0.1249999934043);
#3184=VECTOR('',#11462,0.0821710786009612);
#3185=VECTOR('',#11463,0.04317709717066);
#3186=VECTOR('',#11464,0.08000000000266);
#3187=VECTOR('',#11465,0.04317709717066);
#3188=VECTOR('',#11466,0.0821710713118178);
#3189=VECTOR('',#11467,0.1250000000073);
#3190=VECTOR('',#11468,0.2499999999964);
#3191=VECTOR('',#11469,0.125);
#3192=VECTOR('',#11470,0.0821710713198778);
#3193=VECTOR('',#11471,0.04317709717066);
#3194=VECTOR('',#11472,0.07999999999811);
#3195=VECTOR('',#11473,0.04317709717066);
#3196=VECTOR('',#11474,0.0821710713169708);
#3197=VECTOR('',#11475,0.1250000000024);
#3198=VECTOR('',#11476,0.2499999999964);
#3199=VECTOR('',#11477,0.1250000000036);
#3200=VECTOR('',#11478,0.04317709717067);
#3201=VECTOR('',#11479,0.07999999999811);
#3202=VECTOR('',#11480,0.04317709717067);
#3203=VECTOR('',#11483,0.1);
#3204=VECTOR('',#11484,0.04317709717067);
#3205=VECTOR('',#11487,0.04317709717066);
#3206=VECTOR('',#11488,0.08000000000266);
#3207=VECTOR('',#11489,0.04317709717066);
#3208=VECTOR('',#11492,0.04317709717066);
#3209=VECTOR('',#11493,0.08000000000266);
#3210=VECTOR('',#11494,0.04317709717066);
#3211=VECTOR('',#11497,0.04317709717066);
#3212=VECTOR('',#11498,0.07999999999811);
#3213=VECTOR('',#11499,0.04317709717066);
#3214=VECTOR('',#11502,0.07999999999811);
#3215=VECTOR('',#11503,0.04317709717067);
#3216=VECTOR('',#11506,0.0106926615031);
#3217=VECTOR('',#11507,0.0700000000045709);
#3218=VECTOR('',#11508,0.06650644425252);
#3219=VECTOR('',#11509,0.2750000000015);
#3220=VECTOR('',#11510,0.06650644430709);
#3221=VECTOR('',#11511,0.0800000000254686);
#3222=VECTOR('',#11512,0.002032407387131);
#3223=VECTOR('',#11515,0.1);
#3224=VECTOR('',#11518,0.1);
#3225=VECTOR('',#11521,0.1);
#3226=VECTOR('',#11522,0.1);
#3227=VECTOR('',#11525,0.1);
#3228=VECTOR('',#11528,0.1);
#3229=VECTOR('',#11529,0.1);
#3230=VECTOR('',#11544,0.1);
#3231=VECTOR('',#11545,0.002032407387132);
#3232=VECTOR('',#11548,0.0800000000254686);
#3233=VECTOR('',#11549,0.06650644430709);
#3234=VECTOR('',#11550,0.2750000000015);
#3235=VECTOR('',#11551,0.06650644425252);
#3236=VECTOR('',#11552,0.0700000000045709);
#3237=VECTOR('',#11553,0.0106926615031);
#3238=VECTOR('',#11556,0.1);
#3239=VECTOR('',#11559,0.1);
#3240=VECTOR('',#11562,0.1);
#3241=VECTOR('',#11565,0.1);
#3242=VECTOR('',#11568,0.1);
#3243=VECTOR('',#11573,0.09314404469578);
#3244=VECTOR('',#11576,0.09314404469578);
#3245=VECTOR('',#11579,0.09314404469578);
#3246=VECTOR('',#11584,0.09314404469578);
#3247=VECTOR('',#11587,0.09314404469578);
#3248=VECTOR('',#11590,0.09314404469578);
#3249=VECTOR('',#11593,0.09314404469578);
#3250=VECTOR('',#11598,0.09314404469578);
#3251=VECTOR('',#11601,0.09314404469578);
#3252=VECTOR('',#11604,0.09314404469578);
#3253=VECTOR('',#11607,0.09314404469578);
#3254=VECTOR('',#11612,0.0821710713108517);
#3255=VECTOR('',#11613,0.09314404469578);
#3256=VECTOR('',#11616,0.6999999934271);
#3257=VECTOR('',#11617,0.09314404469578);
#3258=VECTOR('',#11622,0.09314404469578);
#3259=VECTOR('',#11625,0.6999999934067);
#3260=VECTOR('',#11626,0.09314404469578);
#3261=VECTOR('',#11629,0.0821710700172408);
#3262=VECTOR('',#11632,0.05645545809334);
#3263=VECTOR('',#11633,0.08000000000266);
#3264=VECTOR('',#11634,0.05645545809334);
#3265=VECTOR('',#11637,0.1);
#3266=VECTOR('',#11638,0.05645545809334);
#3267=VECTOR('',#11641,0.08000000000266);
#3268=VECTOR('',#11642,0.05645545809334);
#3269=VECTOR('',#11645,0.1);
#3270=VECTOR('',#11654,0.1805020965407);
#3271=VECTOR('',#11655,0.0821710713115807);
#3272=VECTOR('',#11656,0.1250000000073);
#3273=VECTOR('',#11657,0.2500000000017);
#3274=VECTOR('',#11658,0.1249999996132);
#3275=VECTOR('',#11659,0.0821710726184493);
#3276=VECTOR('',#11660,0.1805020934492);
#3277=VECTOR('',#11661,0.0821710713118178);
#3278=VECTOR('',#11662,0.1250000000073);
#3279=VECTOR('',#11663,0.2499999999986);
#3280=VECTOR('',#11664,0.1250000000073);
#3281=VECTOR('',#11665,0.0821710713122958);
#3282=VECTOR('',#11666,0.1805020965407);
#3283=VECTOR('',#11667,0.0821710713119068);
#3284=VECTOR('',#11668,0.1250000000073);
#3285=VECTOR('',#11669,0.249999999999);
#3286=VECTOR('',#11670,0.1250000000073);
#3287=VECTOR('',#11671,0.0821710713118178);
#3288=VECTOR('',#11672,0.1805020965413);
#3289=VECTOR('',#11673,0.0821710713121413);
#3290=VECTOR('',#11674,0.1250000000073);
#3291=VECTOR('',#11675,0.199906852712906);
#3292=VECTOR('',#11676,0.9999594842551);
#3293=VECTOR('',#11679,1.849906848523);
#3294=VECTOR('',#11682,1.000000000004);
#3295=VECTOR('',#11683,0.1000000000007);
#3296=VECTOR('',#11684,0.1250000000073);
#3297=VECTOR('',#11685,0.0821710713113363);
#3298=VECTOR('',#11688,0.05054230482447);
#3299=VECTOR('',#11689,0.1);
#3300=VECTOR('',#11690,0.08000000000266);
#3301=VECTOR('',#11691,0.1);
#3302=VECTOR('',#11692,0.04995979171359);
#3303=VECTOR('',#11693,0.1);
#3304=VECTOR('',#11694,0.1);
#3305=VECTOR('',#11697,0.05054230173011);
#3306=VECTOR('',#11698,0.1);
#3307=VECTOR('',#11699,0.08000000000266);
#3308=VECTOR('',#11700,0.1);
#3309=VECTOR('',#11701,0.04995979171643);
#3310=VECTOR('',#11702,0.1);
#3311=VECTOR('',#11703,0.1);
#3312=VECTOR('',#11706,0.05054230482333);
#3313=VECTOR('',#11707,0.1);
#3314=VECTOR('',#11708,0.07999999999811);
#3315=VECTOR('',#11709,0.1);
#3316=VECTOR('',#11710,0.04995979171926);
#3317=VECTOR('',#11711,0.1);
#3318=VECTOR('',#11712,0.1);
#3319=VECTOR('',#11715,0.0505423048256);
#3320=VECTOR('',#11716,0.1);
#3321=VECTOR('',#11717,0.07999999999811);
#3322=VECTOR('',#11718,0.1);
#3323=VECTOR('',#11719,0.04995979171756);
#3324=VECTOR('',#11720,0.1);
#3325=VECTOR('',#11721,0.1);
#3326=VECTOR('',#11724,0.0821710713075507);
#3327=VECTOR('',#11725,0.1250000000109);
#3328=VECTOR('',#11726,0.1000000000022);
#3329=VECTOR('',#11727,1.000000000004);
#3330=VECTOR('',#11730,1.849906848523);
#3331=VECTOR('',#11733,0.9999594842548);
#3332=VECTOR('',#11734,0.199906852710606);
#3333=VECTOR('',#11735,0.1249999999987);
#3334=VECTOR('',#11736,0.0821710713209908);
#3335=VECTOR('',#11737,0.04317709717066);
#3336=VECTOR('',#11738,0.07999999999811);
#3337=VECTOR('',#11739,0.04317709717066);
#3338=VECTOR('',#11740,0.0821710713156207);
#3339=VECTOR('',#11741,0.1250000000036);
#3340=VECTOR('',#11742,0.2499999999964);
#3341=VECTOR('',#11743,0.1250000000024);
#3342=VECTOR('',#11744,0.0821710713169708);
#3343=VECTOR('',#11745,0.04317709717066);
#3344=VECTOR('',#11746,0.07999999999811);
#3345=VECTOR('',#11747,0.04317709717066);
#3346=VECTOR('',#11748,0.0821710713198778);
#3347=VECTOR('',#11749,0.125);
#3348=VECTOR('',#11750,0.2499999999964);
#3349=VECTOR('',#11751,0.1250000000073);
#3350=VECTOR('',#11752,0.0821710713118178);
#3351=VECTOR('',#11753,0.04317709717066);
#3352=VECTOR('',#11754,0.08000000000266);
#3353=VECTOR('',#11755,0.04317709717066);
#3354=VECTOR('',#11756,0.0821710786009612);
#3355=VECTOR('',#11757,0.1249999934043);
#3356=VECTOR('',#11758,0.2500000000055);
#3357=VECTOR('',#11759,0.1250000000109);
#3358=VECTOR('',#11760,0.0821710713077878);
#3359=VECTOR('',#11761,0.04317709717066);
#3360=VECTOR('',#11762,0.08000000000266);
#3361=VECTOR('',#11763,0.04317709717066);
#3362=VECTOR('',#11766,0.1);
#3363=VECTOR('',#11767,0.04317709717066);
#3364=VECTOR('',#11770,0.04317709717066);
#3365=VECTOR('',#11771,0.07999999999811);
#3366=VECTOR('',#11772,0.04317709717066);
#3367=VECTOR('',#11775,0.04317709717066);
#3368=VECTOR('',#11776,0.07999999999811);
#3369=VECTOR('',#11777,0.04317709717066);
#3370=VECTOR('',#11780,0.04317709717066);
#3371=VECTOR('',#11781,0.08000000000266);
#3372=VECTOR('',#11782,0.04317709717066);
#3373=VECTOR('',#11785,0.08000000000266);
#3374=VECTOR('',#11786,0.04317709717066);
#3375=VECTOR('',#11789,0.1);
#3376=VECTOR('',#11792,0.1);
#3377=VECTOR('',#11795,0.1);
#3378=VECTOR('',#11796,0.1);
#3379=VECTOR('',#11799,0.1);
#3380=VECTOR('',#11802,0.1);
#3381=VECTOR('',#11803,0.1);
#3382=VECTOR('',#11818,0.1);
#3383=VECTOR('',#11821,0.1);
#3384=VECTOR('',#11824,0.1);
#3385=VECTOR('',#11827,0.1);
#3386=VECTOR('',#11832,0.1);
#3387=VECTOR('',#11835,0.1);
#3388=VECTOR('',#11838,0.1);
#3389=VECTOR('',#11841,0.1);
#3390=VECTOR('',#11846,0.1);
#3391=VECTOR('',#11849,0.1);
#3392=VECTOR('',#11852,0.1);
#3393=VECTOR('',#11855,0.1);
#3394=VECTOR('',#11860,0.1);
#3395=VECTOR('',#11863,0.1);
#3396=VECTOR('',#11866,0.1);
#3397=VECTOR('',#11869,0.1);
#3398=VECTOR('',#11872,0.1);
#3399=VECTOR('',#11875,0.1);
#3400=VECTOR('',#11878,0.1);
#3401=VECTOR('',#11881,0.1);
#3402=VECTOR('',#11884,0.1);
#3403=VECTOR('',#11887,0.1);
#3404=VECTOR('',#11892,0.1999999999862);
#3405=VECTOR('',#11893,0.1);
#3406=VECTOR('',#11894,0.1999999999862);
#3407=VECTOR('',#11895,0.1);
#3408=VECTOR('',#11898,0.0106926615031);
#3409=VECTOR('',#11899,0.0700000000045709);
#3410=VECTOR('',#11900,0.06650644425252);
#3411=VECTOR('',#11901,0.2750000000015);
#3412=VECTOR('',#11902,0.06650644430709);
#3413=VECTOR('',#11903,0.0800000000254686);
#3414=VECTOR('',#11904,0.002032407387128);
#3415=VECTOR('',#11907,0.1);
#3416=VECTOR('',#11908,0.002032407387128);
#3417=VECTOR('',#11911,0.0800000000254686);
#3418=VECTOR('',#11912,0.06650644430709);
#3419=VECTOR('',#11913,0.2750000000015);
#3420=VECTOR('',#11914,0.06650644425252);
#3421=VECTOR('',#11915,0.0700000000045709);
#3422=VECTOR('',#11916,0.0106926615031);
#3423=VECTOR('',#11919,0.1);
#3424=VECTOR('',#11922,0.1);
#3425=VECTOR('',#11925,0.1);
#3426=VECTOR('',#11928,0.1);
#3427=VECTOR('',#11931,0.1);
#3428=VECTOR('',#11938,0.05054230173673);
#3429=VECTOR('',#11939,0.1);
#3430=VECTOR('',#11940,0.07999999999811);
#3431=VECTOR('',#11941,0.1);
#3432=VECTOR('',#11942,0.04995979171983);
#3433=VECTOR('',#11943,0.1);
#3434=VECTOR('',#11944,0.1805020934547);
#3435=VECTOR('',#11945,0.1);
#3436=VECTOR('',#11948,0.0821710785981652);
#3437=VECTOR('',#11949,0.6499999934073);
#3438=VECTOR('',#11950,0.282842712470301);
#3439=VECTOR('',#11951,0.1749999999998);
#3440=VECTOR('',#11952,0.7250000000022);
#3441=VECTOR('',#11953,0.1249999999982);
#3442=VECTOR('',#11954,0.1250000000048);
#3443=VECTOR('',#11955,0.0821710713145178);
#3444=VECTOR('',#11956,0.04531728712997);
#3445=VECTOR('',#11957,0.07999999999811);
#3446=VECTOR('',#11958,0.04531728712997);
#3447=VECTOR('',#11961,0.1);
#3448=VECTOR('',#11962,0.04531728712997);
#3449=VECTOR('',#11965,0.07999999999811);
#3450=VECTOR('',#11966,0.04531728712997);
#3451=VECTOR('',#11969,0.1);
#3452=VECTOR('',#11974,0.1);
#3453=VECTOR('',#11975,0.0821710713119832);
#3454=VECTOR('',#11978,0.1250000000073);
#3455=VECTOR('',#11979,0.1249999999997);
#3456=VECTOR('',#11980,0.7250000000022);
#3457=VECTOR('',#11981,0.1750000000014);
#3458=VECTOR('',#11982,0.282842712476401);
#3459=VECTOR('',#11983,0.6499999956031);
#3460=VECTOR('',#11984,0.0821710766043868);
#3461=VECTOR('',#11987,0.1);
#3462=VECTOR('',#11990,0.1);
#3463=VECTOR('',#11993,0.1);
#3464=VECTOR('',#11996,0.1);
#3465=VECTOR('',#11999,0.1);
#3466=VECTOR('',#12002,0.1);
#3467=VECTOR('',#12007,0.1000000000204);
#3468=VECTOR('',#12008,0.09772435342909);
#3469=VECTOR('',#12009,0.1000000000204);
#3470=VECTOR('',#12010,0.09772435342909);
#3471=VECTOR('',#12013,0.1000000000204);
#3472=VECTOR('',#12014,0.1);
#3473=VECTOR('',#12015,0.1);
#3474=VECTOR('',#12018,0.09772435342909);
#3475=VECTOR('',#12019,0.1000000000204);
#3476=VECTOR('',#12020,0.09772435342909);
#3477=VECTOR('',#12023,0.1);
#3478=VECTOR('',#12026,0.1);
#3479=VECTOR('',#12033,0.05054230327377);
#3480=VECTOR('',#12034,0.0821710713108517);
#3481=VECTOR('',#12035,0.6999999934271);
#3482=VECTOR('',#12038,0.6999999934067);
#3483=VECTOR('',#12039,0.0821710700172408);
#3484=VECTOR('',#12040,0.04995979632912);
#3485=VECTOR('',#12041,0.05645545809334);
#3486=VECTOR('',#12042,0.08000000000266);
#3487=VECTOR('',#12043,0.05645545809334);
#3488=VECTOR('',#12046,0.1);
#3489=VECTOR('',#12047,0.08000000000266);
#3490=VECTOR('',#12048,0.1);
#3491=VECTOR('',#12049,0.1);
#3492=VECTOR('',#12050,0.1805020996055);
#3493=VECTOR('',#12051,0.1);
#3494=VECTOR('',#12054,0.0821710713115768);
#3495=VECTOR('',#12055,0.1);
#3496=VECTOR('',#12058,0.6999999934127);
#3497=VECTOR('',#12059,0.1);
#3498=VECTOR('',#12064,0.1);
#3499=VECTOR('',#12067,0.6999999934128);
#3500=VECTOR('',#12068,0.1);
#3501=VECTOR('',#12071,0.0821710700146988);
#3502=VECTOR('',#12076,0.05645545809334);
#3503=VECTOR('',#12077,0.1);
#3504=VECTOR('',#12080,0.1);
#3505=VECTOR('',#12081,0.08000000000266);
#3506=VECTOR('',#12084,0.05645545809334);
#3507=VECTOR('',#12091,0.0502912550041);
#3508=VECTOR('',#12092,0.04924387650768);
#3509=VECTOR('',#12093,0.07999999999811);
#3510=VECTOR('',#12094,0.04924387650768);
#3511=VECTOR('',#12095,0.04970874499378);
#3512=VECTOR('',#12096,0.0005379605650031);
#3513=VECTOR('',#12097,0.0827647267948618);
#3514=VECTOR('',#12098,0.6999999934031);
#3515=VECTOR('',#12101,0.6999999934031);
#3516=VECTOR('',#12102,0.0827647267846913);
#3517=VECTOR('',#12103,0.0005379605776974);
#3518=VECTOR('',#12106,0.1);
#3519=VECTOR('',#12107,0.179999999996);
#3520=VECTOR('',#12108,0.1);
#3521=VECTOR('',#12109,0.1);
#3522=VECTOR('',#12110,0.07999999999811);
#3523=VECTOR('',#12111,0.1);
#3524=VECTOR('',#12114,0.04924387650768);
#3525=VECTOR('',#12115,0.1);
#3526=VECTOR('',#12118,0.07999999999811);
#3527=VECTOR('',#12119,0.1);
#3528=VECTOR('',#12122,0.04924387650768);
#3529=VECTOR('',#12127,0.0005379605650031);
#3530=VECTOR('',#12128,0.1);
#3531=VECTOR('',#12131,0.0827647267938898);
#3532=VECTOR('',#12132,0.1);
#3533=VECTOR('',#12135,0.6999999934132);
#3534=VECTOR('',#12136,0.1);
#3535=VECTOR('',#12141,0.1);
#3536=VECTOR('',#12144,0.6999999934131);
#3537=VECTOR('',#12145,0.1);
#3538=VECTOR('',#12148,0.0827647267840413);
#3539=VECTOR('',#12149,0.1);
#3540=VECTOR('',#12152,0.0005379605776974);
#3541=VECTOR('',#12159,0.04979663886842);
#3542=VECTOR('',#12160,0.01430733850382);
#3543=VECTOR('',#12161,0.0827647267866213);
#3544=VECTOR('',#12162,0.3999999999751);
#3545=VECTOR('',#12165,0.4000000000859);
#3546=VECTOR('',#12166,0.0827647267461702);
#3547=VECTOR('',#12167,0.01430733850325);
#3548=VECTOR('',#12168,0.05020336113376);
#3549=VECTOR('',#12169,0.04567003592577);
#3550=VECTOR('',#12170,0.07999999999811);
#3551=VECTOR('',#12171,0.04567003592577);
#3552=VECTOR('',#12174,0.1);
#3553=VECTOR('',#12175,0.07999999999811);
#3554=VECTOR('',#12176,0.1);
#3555=VECTOR('',#12177,0.1);
#3556=VECTOR('',#12178,0.1800000000003);
#3557=VECTOR('',#12179,0.1);
#3558=VECTOR('',#12182,0.01430733850382);
#3559=VECTOR('',#12183,0.1);
#3560=VECTOR('',#12186,0.0827647267873023);
#3561=VECTOR('',#12187,0.1);
#3562=VECTOR('',#12190,0.3999999999745);
#3563=VECTOR('',#12191,0.1);
#3564=VECTOR('',#12196,0.1);
#3565=VECTOR('',#12199,0.3999999999737);
#3566=VECTOR('',#12200,0.1);
#3567=VECTOR('',#12203,0.0827647267866208);
#3568=VECTOR('',#12204,0.1);
#3569=VECTOR('',#12207,0.01430733850325);
#3570=VECTOR('',#12212,0.04567003592577);
#3571=VECTOR('',#12213,0.1);
#3572=VECTOR('',#12216,0.1);
#3573=VECTOR('',#12217,0.07999999999811);
#3574=VECTOR('',#12220,0.04567003592577);
#3575=VECTOR('',#12227,0.04979663886843);
#3576=VECTOR('',#12228,0.01430733850382);
#3577=VECTOR('',#12229,0.0827647267866112);
#3578=VECTOR('',#12230,0.4000000000486);
#3579=VECTOR('',#12233,0.3999999999738);
#3580=VECTOR('',#12234,0.0827647267820143);
#3581=VECTOR('',#12235,0.01430733850268);
#3582=VECTOR('',#12236,0.05020336113375);
#3583=VECTOR('',#12237,0.06134265465032);
#3584=VECTOR('',#12238,0.07999999999811);
#3585=VECTOR('',#12239,0.06134265465032);
#3586=VECTOR('',#12242,0.1);
#3587=VECTOR('',#12243,0.07999999999811);
#3588=VECTOR('',#12244,0.1);
#3589=VECTOR('',#12245,0.1);
#3590=VECTOR('',#12246,0.1800000000003);
#3591=VECTOR('',#12247,0.1);
#3592=VECTOR('',#12250,0.01430733850382);
#3593=VECTOR('',#12251,0.1);
#3594=VECTOR('',#12254,0.0827647267872988);
#3595=VECTOR('',#12255,0.1);
#3596=VECTOR('',#12258,0.4000000000477);
#3597=VECTOR('',#12259,0.1);
#3598=VECTOR('',#12264,0.1);
#3599=VECTOR('',#12267,0.3999999999738);
#3600=VECTOR('',#12268,0.1);
#3601=VECTOR('',#12271,0.0827647267820143);
#3602=VECTOR('',#12272,0.1);
#3603=VECTOR('',#12275,0.01430733850268);
#3604=VECTOR('',#12280,0.06134265465032);
#3605=VECTOR('',#12281,0.1);
#3606=VECTOR('',#12284,0.07999999999811);
#3607=VECTOR('',#12285,0.1);
#3608=VECTOR('',#12288,0.06134265465032);
#3609=VECTOR('',#12295,0.05054230327383);
#3610=VECTOR('',#12296,0.0821710713146813);
#3611=VECTOR('',#12297,0.6999999934031);
#3612=VECTOR('',#12300,0.6999999933958);
#3613=VECTOR('',#12301,0.0821710700223598);
#3614=VECTOR('',#12302,0.04995979633196);
#3615=VECTOR('',#12303,0.04214317369718);
#3616=VECTOR('',#12304,0.07999999999811);
#3617=VECTOR('',#12305,0.04214317369718);
#3618=VECTOR('',#12308,0.1);
#3619=VECTOR('',#12309,0.07999999999811);
#3620=VECTOR('',#12310,0.1);
#3621=VECTOR('',#12311,0.1);
#3622=VECTOR('',#12312,0.1805020996039);
#3623=VECTOR('',#12313,0.1);
#3624=VECTOR('',#12316,0.0821710713143678);
#3625=VECTOR('',#12317,0.1);
#3626=VECTOR('',#12320,0.6999999934127);
#3627=VECTOR('',#12321,0.1);
#3628=VECTOR('',#12326,0.1);
#3629=VECTOR('',#12329,0.6999999934127);
#3630=VECTOR('',#12330,0.1);
#3631=VECTOR('',#12333,0.0821710700147778);
#3632=VECTOR('',#12338,0.04214317369718);
#3633=VECTOR('',#12339,0.1);
#3634=VECTOR('',#12342,0.07999999999811);
#3635=VECTOR('',#12343,0.1);
#3636=VECTOR('',#12346,0.04214317369718);
#3637=VECTOR('',#12355,0.1);
#3638=VECTOR('',#12358,0.1);
#3639=VECTOR('',#12361,0.05029125401264);
#3640=VECTOR('',#12362,0.0532163649744);
#3641=VECTOR('',#12363,0.07999999999811);
#3642=VECTOR('',#12364,0.0532163649744);
#3643=VECTOR('',#12365,0.04970874344934);
#3644=VECTOR('',#12366,0.0005379605759526);
#3645=VECTOR('',#12367,0.0827647267864278);
#3646=VECTOR('',#12368,0.1250000000048);
#3647=VECTOR('',#12369,0.1249999999982);
#3648=VECTOR('',#12370,0.6250000000022);
#3649=VECTOR('',#12371,0.1750000000001);
#3650=VECTOR('',#12374,0.7499999934034);
#3651=VECTOR('',#12375,0.0827647327815118);
#3652=VECTOR('',#12376,0.0005379617611125);
#3653=VECTOR('',#12379,0.1799999974601);
#3654=VECTOR('',#12380,0.1);
#3655=VECTOR('',#12381,0.1);
#3656=VECTOR('',#12382,0.07999999999811);
#3657=VECTOR('',#12383,0.1);
#3658=VECTOR('',#12384,0.1);
#3659=VECTOR('',#12387,0.0005379617611125);
#3660=VECTOR('',#12388,0.0827647267830063);
#3661=VECTOR('',#12389,0.7499999996118);
#3662=VECTOR('',#12392,0.1750000000021);
#3663=VECTOR('',#12393,0.624999999995);
#3664=VECTOR('',#12394,0.1249999999997);
#3665=VECTOR('',#12395,0.1250000000073);
#3666=VECTOR('',#12396,0.0827647267838898);
#3667=VECTOR('',#12397,0.0005379605759526);
#3668=VECTOR('',#12400,0.1);
#3669=VECTOR('',#12403,0.1);
#3670=VECTOR('',#12406,0.1);
#3671=VECTOR('',#12409,0.1);
#3672=VECTOR('',#12414,0.1);
#3673=VECTOR('',#12417,0.1);
#3674=VECTOR('',#12420,0.1);
#3675=VECTOR('',#12423,0.1);
#3676=VECTOR('',#12428,0.0532163649744);
#3677=VECTOR('',#12429,0.1);
#3678=VECTOR('',#12432,0.1);
#3679=VECTOR('',#12433,0.07999999999811);
#3680=VECTOR('',#12436,0.0532163649744);
#3681=VECTOR('',#12443,0.07999999999811);
#3682=VECTOR('',#12444,0.06115554745897);
#3683=VECTOR('',#12445,0.07999999999811);
#3684=VECTOR('',#12446,0.06115554745897);
#3685=VECTOR('',#12449,0.04979663886843);
#3686=VECTOR('',#12450,0.1);
#3687=VECTOR('',#12451,0.1);
#3688=VECTOR('',#12452,0.05020336111556);
#3689=VECTOR('',#12453,0.1);
#3690=VECTOR('',#12454,0.1799999999821);
#3691=VECTOR('',#12455,0.1);
#3692=VECTOR('',#12458,0.01430733850041);
#3693=VECTOR('',#12459,0.0960468635712863);
#3694=VECTOR('',#12460,1.125000000001);
#3695=VECTOR('',#12463,1.125000000089);
#3696=VECTOR('',#12464,0.0960468635285938);
#3697=VECTOR('',#12465,0.01430733850325);
#3698=VECTOR('',#12466,0.06115554745897);
#3699=VECTOR('',#12467,0.07999999999811);
#3700=VECTOR('',#12468,0.06115554745897);
#3701=VECTOR('',#12471,0.1);
#3702=VECTOR('',#12474,0.1);
#3703=VECTOR('',#12479,0.1);
#3704=VECTOR('',#12480,0.01430733850325);
#3705=VECTOR('',#12483,0.0960468635539238);
#3706=VECTOR('',#12484,1.125000000001);
#3707=VECTOR('',#12487,1.125000000001);
#3708=VECTOR('',#12488,0.0960468635712863);
#3709=VECTOR('',#12489,0.01430733850041);
#3710=VECTOR('',#12492,0.1);
#3711=VECTOR('',#12495,0.1);
#3712=VECTOR('',#12498,0.1);
#3713=VECTOR('',#12501,0.1);
#3714=VECTOR('',#12504,0.1);
#3715=VECTOR('',#12511,0.05029125500379);
#3716=VECTOR('',#12512,0.1);
#3717=VECTOR('',#12513,0.1799999999974);
#3718=VECTOR('',#12514,0.1);
#3719=VECTOR('',#12515,0.04970874499093);
#3720=VECTOR('',#12516,0.1);
#3721=VECTOR('',#12517,0.08000000000266);
#3722=VECTOR('',#12518,0.1);
#3723=VECTOR('',#12521,0.05003320815491);
#3724=VECTOR('',#12522,0.08000000000266);
#3725=VECTOR('',#12523,0.05003320815491);
#3726=VECTOR('',#12524,0.0005379605686469);
#3727=VECTOR('',#12525,0.0827647267908417);
#3728=VECTOR('',#12526,0.6999999934095);
#3729=VECTOR('',#12529,0.6999999934251);
#3730=VECTOR('',#12530,0.0827647267815618);
#3731=VECTOR('',#12531,0.0005379605770437);
#3732=VECTOR('',#12534,0.1);
#3733=VECTOR('',#12535,0.0005379605770437);
#3734=VECTOR('',#12538,0.0827647267830108);
#3735=VECTOR('',#12539,0.699999993412);
#3736=VECTOR('',#12542,0.6999999934128);
#3737=VECTOR('',#12543,0.0827647267905098);
#3738=VECTOR('',#12544,0.0005379605686469);
#3739=VECTOR('',#12547,0.1);
#3740=VECTOR('',#12550,0.1);
#3741=VECTOR('',#12553,0.1);
#3742=VECTOR('',#12556,0.1);
#3743=VECTOR('',#12559,0.1);
#3744=VECTOR('',#12564,0.1);
#3745=VECTOR('',#12565,0.05003320815491);
#3746=VECTOR('',#12568,0.08000000000266);
#3747=VECTOR('',#12569,0.05003320815491);
#3748=VECTOR('',#12572,0.1);
#3749=VECTOR('',#12577,0.0827647267834908);
#3750=VECTOR('',#12578,0.1);
#3751=VECTOR('',#12579,0.0827647267834908);
#3752=VECTOR('',#12580,0.1);
#3753=VECTOR('',#12583,0.05029125401669);
#3754=VECTOR('',#12584,0.05003320815492);
#3755=VECTOR('',#12585,0.08000000000266);
#3756=VECTOR('',#12586,0.05003320815492);
#3757=VECTOR('',#12587,0.04970874344366);
#3758=VECTOR('',#12588,0.0005379605759583);
#3759=VECTOR('',#12589,0.0827647267794608);
#3760=VECTOR('',#12590,0.1250000000109);
#3761=VECTOR('',#12591,0.2500000000055);
#3762=VECTOR('',#12592,0.1250000000146);
#3763=VECTOR('',#12593,0.0827647267754208);
#3764=VECTOR('',#12594,0.0005379605759575);
#3765=VECTOR('',#12595,0.05029125655113);
#3766=VECTOR('',#12596,0.05003320815492);
#3767=VECTOR('',#12597,0.08000000000266);
#3768=VECTOR('',#12598,0.05003320815492);
#3769=VECTOR('',#12599,0.0497087434465);
#3770=VECTOR('',#12600,0.0005379605759575);
#3771=VECTOR('',#12601,0.1250000000073);
#3772=VECTOR('',#12602,0.2499999999964);
#3773=VECTOR('',#12603,0.125);
#3774=VECTOR('',#12604,0.0827647267917878);
#3775=VECTOR('',#12605,0.000537960575957);
#3776=VECTOR('',#12606,0.05029125655284);
#3777=VECTOR('',#12607,0.05003320815492);
#3778=VECTOR('',#12608,0.07999999999811);
#3779=VECTOR('',#12609,0.05003320815492);
#3780=VECTOR('',#12610,0.04970874344877);
#3781=VECTOR('',#12611,0.0005379605759548);
#3782=VECTOR('',#12612,0.0827647267877678);
#3783=VECTOR('',#12613,0.1250000000036);
#3784=VECTOR('',#12614,0.2499999999964);
#3785=VECTOR('',#12615,0.1250000000036);
#3786=VECTOR('',#12616,0.0827647267877678);
#3787=VECTOR('',#12617,0.0005379605759566);
#3788=VECTOR('',#12618,0.05029125655454);
#3789=VECTOR('',#12619,0.05003320815492);
#3790=VECTOR('',#12620,0.07999999999811);
#3791=VECTOR('',#12621,0.05003320815492);
#3792=VECTOR('',#12622,0.04970874344707);
#3793=VECTOR('',#12623,0.0005379671900974);
#3794=VECTOR('',#12624,0.0827647267914978);
#3795=VECTOR('',#12625,0.1249999933861);
#3796=VECTOR('',#12626,0.19990685271121);
#3797=VECTOR('',#12627,0.9999594843065);
#3798=VECTOR('',#12630,1.849906848523);
#3799=VECTOR('',#12633,0.9999999999713);
#3800=VECTOR('',#12634,0.1000000000022);
#3801=VECTOR('',#12635,0.1249999933862);
#3802=VECTOR('',#12636,0.0827647327827118);
#3803=VECTOR('',#12637,0.0005379617600259);
#3804=VECTOR('',#12640,0.1);
#3805=VECTOR('',#12641,0.179999997463);
#3806=VECTOR('',#12642,0.1);
#3807=VECTOR('',#12643,0.1);
#3808=VECTOR('',#12644,0.08000000000266);
#3809=VECTOR('',#12645,0.1);
#3810=VECTOR('',#12648,0.1);
#3811=VECTOR('',#12649,0.1800000000003);
#3812=VECTOR('',#12650,0.1);
#3813=VECTOR('',#12651,0.1);
#3814=VECTOR('',#12652,0.08000000000266);
#3815=VECTOR('',#12653,0.1);
#3816=VECTOR('',#12656,0.1);
#3817=VECTOR('',#12657,0.1799999999997);
#3818=VECTOR('',#12658,0.1);
#3819=VECTOR('',#12659,0.1);
#3820=VECTOR('',#12660,0.07999999999811);
#3821=VECTOR('',#12661,0.1);
#3822=VECTOR('',#12664,0.1);
#3823=VECTOR('',#12665,0.1799999999997);
#3824=VECTOR('',#12666,0.1);
#3825=VECTOR('',#12667,0.1);
#3826=VECTOR('',#12668,0.07999999999811);
#3827=VECTOR('',#12669,0.1);
#3828=VECTOR('',#12672,0.05003320815492);
#3829=VECTOR('',#12673,0.1);
#3830=VECTOR('',#12676,0.1);
#3831=VECTOR('',#12677,0.08000000000266);
#3832=VECTOR('',#12678,0.1);
#3833=VECTOR('',#12681,0.1);
#3834=VECTOR('',#12682,0.07999999999811);
#3835=VECTOR('',#12683,0.1);
#3836=VECTOR('',#12686,0.1);
#3837=VECTOR('',#12687,0.1);
#3838=VECTOR('',#12688,0.07999999999811);
#3839=VECTOR('',#12691,0.1);
#3840=VECTOR('',#12692,0.08000000000266);
#3841=VECTOR('',#12695,0.05003320815492);
#3842=VECTOR('',#12698,0.05003320815492);
#3843=VECTOR('',#12699,0.05003320815492);
#3844=VECTOR('',#12702,0.05003320815492);
#3845=VECTOR('',#12703,0.05003320815492);
#3846=VECTOR('',#12706,0.05003320815492);
#3847=VECTOR('',#12709,0.05003320815492);
#3848=VECTOR('',#12724,0.0005379605759583);
#3849=VECTOR('',#12725,0.1);
#3850=VECTOR('',#12728,0.0827647267832498);
#3851=VECTOR('',#12729,0.1);
#3852=VECTOR('',#12732,0.1250000000073);
#3853=VECTOR('',#12733,0.1);
#3854=VECTOR('',#12736,0.2500000000017);
#3855=VECTOR('',#12737,0.1);
#3856=VECTOR('',#12740,0.1250000000073);
#3857=VECTOR('',#12741,0.1);
#3858=VECTOR('',#12744,0.0827647267830053);
#3859=VECTOR('',#12745,0.1);
#3860=VECTOR('',#12748,0.0005379605759575);
#3861=VECTOR('',#12751,0.0005379617600263);
#3862=VECTOR('',#12752,0.0827647267832483);
#3863=VECTOR('',#12753,0.1249999996124);
#3864=VECTOR('',#12754,0.1000000000007);
#3865=VECTOR('',#12755,0.9999999999715);
#3866=VECTOR('',#12758,1.849906848523);
#3867=VECTOR('',#12761,0.9999594843065);
#3868=VECTOR('',#12762,0.19990685271341);
#3869=VECTOR('',#12763,0.124999999613);
#3870=VECTOR('',#12764,0.0827647207905928);
#3871=VECTOR('',#12765,0.0005379671900982);
#3872=VECTOR('',#12766,0.0005379605759561);
#3873=VECTOR('',#12767,0.0827647267839687);
#3874=VECTOR('',#12768,0.1250000000073);
#3875=VECTOR('',#12769,0.249999999999);
#3876=VECTOR('',#12770,0.1250000000073);
#3877=VECTOR('',#12771,0.0827647267839687);
#3878=VECTOR('',#12772,0.0005379605759543);
#3879=VECTOR('',#12773,0.000537960575957);
#3880=VECTOR('',#12774,0.0827647267842098);
#3881=VECTOR('',#12775,0.1250000000073);
#3882=VECTOR('',#12776,0.2499999999986);
#3883=VECTOR('',#12777,0.1250000000073);
#3884=VECTOR('',#12778,0.0005379605759575);
#3885=VECTOR('',#12783,0.1);
#3886=VECTOR('',#12786,0.1);
#3887=VECTOR('',#12789,0.1);
#3888=VECTOR('',#12792,0.1);
#3889=VECTOR('',#12797,0.1);
#3890=VECTOR('',#12800,0.1);
#3891=VECTOR('',#12803,0.1);
#3892=VECTOR('',#12806,0.1);
#3893=VECTOR('',#12809,0.1);
#3894=VECTOR('',#12812,0.1);
#3895=VECTOR('',#12817,0.1);
#3896=VECTOR('',#12820,0.1);
#3897=VECTOR('',#12823,0.1);
#3898=VECTOR('',#12826,0.1);
#3899=VECTOR('',#12829,0.1);
#3900=VECTOR('',#12832,0.1);
#3901=VECTOR('',#12835,0.1);
#3902=VECTOR('',#12838,0.1);
#3903=VECTOR('',#12841,0.1);
#3904=VECTOR('',#12844,0.1);
#3905=VECTOR('',#12847,0.1);
#3906=VECTOR('',#12850,0.1);
#3907=VECTOR('',#12855,0.1999999999862);
#3908=VECTOR('',#12856,0.1);
#3909=VECTOR('',#12857,0.1999999999862);
#3910=VECTOR('',#12858,0.1);
#3911=VECTOR('',#12861,0.01069266150309);
#3912=VECTOR('',#12862,0.0700000000045709);
#3913=VECTOR('',#12863,0.07707720793902);
#3914=VECTOR('',#12864,0.2750000000015);
#3915=VECTOR('',#12865,0.07707720799359);
#3916=VECTOR('',#12866,0.0800000000018397);
#3917=VECTOR('',#12867,0.002032407414413);
#3918=VECTOR('',#12870,0.1);
#3919=VECTOR('',#12871,0.002032407414413);
#3920=VECTOR('',#12874,0.0800000000018397);
#3921=VECTOR('',#12875,0.07707720799359);
#3922=VECTOR('',#12876,0.2750000000015);
#3923=VECTOR('',#12877,0.07707720793902);
#3924=VECTOR('',#12878,0.0700000000045709);
#3925=VECTOR('',#12879,0.01069266150309);
#3926=VECTOR('',#12882,0.1);
#3927=VECTOR('',#12885,0.1);
#3928=VECTOR('',#12888,0.1);
#3929=VECTOR('',#12891,0.1);
#3930=VECTOR('',#12894,0.1);
#3931=VECTOR('',#12921,0.0999999977648258);
#3932=VERTEX_POINT('',#12935);
#3933=VERTEX_POINT('',#12936);
#3934=VERTEX_POINT('',#12938);
#3935=VERTEX_POINT('',#12940);
#3936=VERTEX_POINT('',#12944);
#3937=VERTEX_POINT('',#12945);
#3938=VERTEX_POINT('',#12949);
#3939=VERTEX_POINT('',#12950);
#3940=VERTEX_POINT('',#12952);
#3941=VERTEX_POINT('',#12954);
#3942=VERTEX_POINT('',#12957);
#3943=VERTEX_POINT('',#12958);
#3944=VERTEX_POINT('',#12960);
#3945=VERTEX_POINT('',#12962);
#3946=VERTEX_POINT('',#12966);
#3947=VERTEX_POINT('',#12967);
#3948=VERTEX_POINT('',#12969);
#3949=VERTEX_POINT('',#12971);
#3950=VERTEX_POINT('',#12973);
#3951=VERTEX_POINT('',#12975);
#3952=VERTEX_POINT('',#12979);
#3953=VERTEX_POINT('',#12980);
#3954=VERTEX_POINT('',#12982);
#3955=VERTEX_POINT('',#12984);
#3956=VERTEX_POINT('',#12986);
#3957=VERTEX_POINT('',#12988);
#3958=VERTEX_POINT('',#12992);
#3959=VERTEX_POINT('',#12993);
#3960=VERTEX_POINT('',#12995);
#3961=VERTEX_POINT('',#12997);
#3962=VERTEX_POINT('',#12999);
#3963=VERTEX_POINT('',#13001);
#3964=VERTEX_POINT('',#13005);
#3965=VERTEX_POINT('',#13006);
#3966=VERTEX_POINT('',#13008);
#3967=VERTEX_POINT('',#13010);
#3968=VERTEX_POINT('',#13012);
#3969=VERTEX_POINT('',#13014);
#3970=VERTEX_POINT('',#13016);
#3971=VERTEX_POINT('',#13018);
#3972=VERTEX_POINT('',#13020);
#3973=VERTEX_POINT('',#13022);
#3974=VERTEX_POINT('',#13024);
#3975=VERTEX_POINT('',#13026);
#3976=VERTEX_POINT('',#13028);
#3977=VERTEX_POINT('',#13030);
#3978=VERTEX_POINT('',#13032);
#3979=VERTEX_POINT('',#13034);
#3980=VERTEX_POINT('',#13037);
#3981=VERTEX_POINT('',#13039);
#3982=VERTEX_POINT('',#13041);
#3983=VERTEX_POINT('',#13043);
#3984=VERTEX_POINT('',#13045);
#3985=VERTEX_POINT('',#13047);
#3986=VERTEX_POINT('',#13049);
#3987=VERTEX_POINT('',#13051);
#3988=VERTEX_POINT('',#13053);
#3989=VERTEX_POINT('',#13055);
#3990=VERTEX_POINT('',#13057);
#3991=VERTEX_POINT('',#13059);
#3992=VERTEX_POINT('',#13061);
#3993=VERTEX_POINT('',#13063);
#3994=VERTEX_POINT('',#13065);
#3995=VERTEX_POINT('',#13067);
#3996=VERTEX_POINT('',#13069);
#3997=VERTEX_POINT('',#13071);
#3998=VERTEX_POINT('',#13073);
#3999=VERTEX_POINT('',#13075);
#4000=VERTEX_POINT('',#13077);
#4001=VERTEX_POINT('',#13079);
#4002=VERTEX_POINT('',#13081);
#4003=VERTEX_POINT('',#13083);
#4004=VERTEX_POINT('',#13085);
#4005=VERTEX_POINT('',#13087);
#4006=VERTEX_POINT('',#13089);
#4007=VERTEX_POINT('',#13091);
#4008=VERTEX_POINT('',#13093);
#4009=VERTEX_POINT('',#13095);
#4010=VERTEX_POINT('',#13097);
#4011=VERTEX_POINT('',#13099);
#4012=VERTEX_POINT('',#13101);
#4013=VERTEX_POINT('',#13103);
#4014=VERTEX_POINT('',#13105);
#4015=VERTEX_POINT('',#13107);
#4016=VERTEX_POINT('',#13109);
#4017=VERTEX_POINT('',#13111);
#4018=VERTEX_POINT('',#13113);
#4019=VERTEX_POINT('',#13115);
#4020=VERTEX_POINT('',#13117);
#4021=VERTEX_POINT('',#13119);
#4022=VERTEX_POINT('',#13121);
#4023=VERTEX_POINT('',#13123);
#4024=VERTEX_POINT('',#13125);
#4025=VERTEX_POINT('',#13127);
#4026=VERTEX_POINT('',#13129);
#4027=VERTEX_POINT('',#13131);
#4028=VERTEX_POINT('',#13133);
#4029=VERTEX_POINT('',#13135);
#4030=VERTEX_POINT('',#13137);
#4031=VERTEX_POINT('',#13139);
#4032=VERTEX_POINT('',#13141);
#4033=VERTEX_POINT('',#13143);
#4034=VERTEX_POINT('',#13145);
#4035=VERTEX_POINT('',#13147);
#4036=VERTEX_POINT('',#13149);
#4037=VERTEX_POINT('',#13151);
#4038=VERTEX_POINT('',#13153);
#4039=VERTEX_POINT('',#13155);
#4040=VERTEX_POINT('',#13157);
#4041=VERTEX_POINT('',#13159);
#4042=VERTEX_POINT('',#13161);
#4043=VERTEX_POINT('',#13163);
#4044=VERTEX_POINT('',#13165);
#4045=VERTEX_POINT('',#13167);
#4046=VERTEX_POINT('',#13169);
#4047=VERTEX_POINT('',#13171);
#4048=VERTEX_POINT('',#13173);
#4049=VERTEX_POINT('',#13175);
#4050=VERTEX_POINT('',#13177);
#4051=VERTEX_POINT('',#13179);
#4052=VERTEX_POINT('',#13181);
#4053=VERTEX_POINT('',#13183);
#4054=VERTEX_POINT('',#13185);
#4055=VERTEX_POINT('',#13187);
#4056=VERTEX_POINT('',#13189);
#4057=VERTEX_POINT('',#13193);
#4058=VERTEX_POINT('',#13194);
#4059=VERTEX_POINT('',#13196);
#4060=VERTEX_POINT('',#13198);
#4061=VERTEX_POINT('',#13200);
#4062=VERTEX_POINT('',#13202);
#4063=VERTEX_POINT('',#13206);
#4064=VERTEX_POINT('',#13207);
#4065=VERTEX_POINT('',#13209);
#4066=VERTEX_POINT('',#13211);
#4067=VERTEX_POINT('',#13213);
#4068=VERTEX_POINT('',#13215);
#4069=VERTEX_POINT('',#13219);
#4070=VERTEX_POINT('',#13220);
#4071=VERTEX_POINT('',#13222);
#4072=VERTEX_POINT('',#13224);
#4073=VERTEX_POINT('',#13226);
#4074=VERTEX_POINT('',#13228);
#4075=VERTEX_POINT('',#13232);
#4076=VERTEX_POINT('',#13234);
#4077=VERTEX_POINT('',#13238);
#4078=VERTEX_POINT('',#13239);
#4079=VERTEX_POINT('',#13242);
#4080=VERTEX_POINT('',#13244);
#4081=VERTEX_POINT('',#13246);
#4082=VERTEX_POINT('',#13248);
#4083=VERTEX_POINT('',#13250);
#4084=VERTEX_POINT('',#13252);
#4085=VERTEX_POINT('',#13255);
#4086=VERTEX_POINT('',#13257);
#4087=VERTEX_POINT('',#13259);
#4088=VERTEX_POINT('',#13261);
#4089=VERTEX_POINT('',#13263);
#4090=VERTEX_POINT('',#13266);
#4091=VERTEX_POINT('',#13268);
#4092=VERTEX_POINT('',#13270);
#4093=VERTEX_POINT('',#13272);
#4094=VERTEX_POINT('',#13274);
#4095=VERTEX_POINT('',#13276);
#4096=VERTEX_POINT('',#13279);
#4097=VERTEX_POINT('',#13281);
#4098=VERTEX_POINT('',#13283);
#4099=VERTEX_POINT('',#13285);
#4100=VERTEX_POINT('',#13287);
#4101=VERTEX_POINT('',#13289);
#4102=VERTEX_POINT('',#13292);
#4103=VERTEX_POINT('',#13294);
#4104=VERTEX_POINT('',#13296);
#4105=VERTEX_POINT('',#13298);
#4106=VERTEX_POINT('',#13300);
#4107=VERTEX_POINT('',#13302);
#4108=VERTEX_POINT('',#13306);
#4109=VERTEX_POINT('',#13308);
#4110=VERTEX_POINT('',#13310);
#4111=VERTEX_POINT('',#13312);
#4112=VERTEX_POINT('',#13314);
#4113=VERTEX_POINT('',#13316);
#4114=VERTEX_POINT('',#13319);
#4115=VERTEX_POINT('',#13321);
#4116=VERTEX_POINT('',#13323);
#4117=VERTEX_POINT('',#13325);
#4118=VERTEX_POINT('',#13329);
#4119=VERTEX_POINT('',#13331);
#4120=VERTEX_POINT('',#13334);
#4121=VERTEX_POINT('',#13336);
#4122=VERTEX_POINT('',#13338);
#4123=VERTEX_POINT('',#13340);
#4124=VERTEX_POINT('',#13353);
#4125=VERTEX_POINT('',#13357);
#4126=VERTEX_POINT('',#13364);
#4127=VERTEX_POINT('',#13368);
#4128=VERTEX_POINT('',#13372);
#4129=VERTEX_POINT('',#13376);
#4130=VERTEX_POINT('',#13377);
#4131=VERTEX_POINT('',#13379);
#4132=VERTEX_POINT('',#13381);
#4133=VERTEX_POINT('',#13385);
#4134=VERTEX_POINT('',#13389);
#4135=VERTEX_POINT('',#13390);
#4136=VERTEX_POINT('',#13393);
#4137=VERTEX_POINT('',#13395);
#4138=VERTEX_POINT('',#13397);
#4139=VERTEX_POINT('',#13399);
#4140=VERTEX_POINT('',#13401);
#4141=VERTEX_POINT('',#13403);
#4142=VERTEX_POINT('',#13407);
#4143=VERTEX_POINT('',#13409);
#4144=VERTEX_POINT('',#13411);
#4145=VERTEX_POINT('',#13413);
#4146=VERTEX_POINT('',#13415);
#4147=VERTEX_POINT('',#13417);
#4148=VERTEX_POINT('',#13420);
#4149=VERTEX_POINT('',#13422);
#4150=VERTEX_POINT('',#13424);
#4151=VERTEX_POINT('',#13426);
#4152=VERTEX_POINT('',#13429);
#4153=VERTEX_POINT('',#13431);
#4154=VERTEX_POINT('',#13435);
#4155=VERTEX_POINT('',#13439);
#4156=VERTEX_POINT('',#13443);
#4157=VERTEX_POINT('',#13445);
#4158=VERTEX_POINT('',#13451);
#4159=VERTEX_POINT('',#13455);
#4160=VERTEX_POINT('',#13458);
#4161=VERTEX_POINT('',#13460);
#4162=VERTEX_POINT('',#13462);
#4163=VERTEX_POINT('',#13477);
#4164=VERTEX_POINT('',#13479);
#4165=VERTEX_POINT('',#13482);
#4166=VERTEX_POINT('',#13484);
#4167=VERTEX_POINT('',#13486);
#4168=VERTEX_POINT('',#13488);
#4169=VERTEX_POINT('',#13490);
#4170=VERTEX_POINT('',#13492);
#4171=VERTEX_POINT('',#13509);
#4172=VERTEX_POINT('',#13513);
#4173=VERTEX_POINT('',#13520);
#4174=VERTEX_POINT('',#13524);
#4175=VERTEX_POINT('',#13528);
#4176=VERTEX_POINT('',#13532);
#4177=VERTEX_POINT('',#13536);
#4178=VERTEX_POINT('',#13540);
#4179=VERTEX_POINT('',#13546);
#4180=VERTEX_POINT('',#13548);
#4181=VERTEX_POINT('',#13552);
#4182=VERTEX_POINT('',#13556);
#4183=VERTEX_POINT('',#13563);
#4184=VERTEX_POINT('',#13564);
#4185=VERTEX_POINT('',#13566);
#4186=VERTEX_POINT('',#13568);
#4187=VERTEX_POINT('',#13570);
#4188=VERTEX_POINT('',#13572);
#4189=VERTEX_POINT('',#13575);
#4190=VERTEX_POINT('',#13577);
#4191=VERTEX_POINT('',#13579);
#4192=VERTEX_POINT('',#13581);
#4193=VERTEX_POINT('',#13583);
#4194=VERTEX_POINT('',#13585);
#4195=VERTEX_POINT('',#13588);
#4196=VERTEX_POINT('',#13590);
#4197=VERTEX_POINT('',#13592);
#4198=VERTEX_POINT('',#13594);
#4199=VERTEX_POINT('',#13596);
#4200=VERTEX_POINT('',#13598);
#4201=VERTEX_POINT('',#13601);
#4202=VERTEX_POINT('',#13603);
#4203=VERTEX_POINT('',#13605);
#4204=VERTEX_POINT('',#13607);
#4205=VERTEX_POINT('',#13609);
#4206=VERTEX_POINT('',#13611);
#4207=VERTEX_POINT('',#13614);
#4208=VERTEX_POINT('',#13616);
#4209=VERTEX_POINT('',#13618);
#4210=VERTEX_POINT('',#13620);
#4211=VERTEX_POINT('',#13622);
#4212=VERTEX_POINT('',#13624);
#4213=VERTEX_POINT('',#13627);
#4214=VERTEX_POINT('',#13629);
#4215=VERTEX_POINT('',#13631);
#4216=VERTEX_POINT('',#13633);
#4217=VERTEX_POINT('',#13635);
#4218=VERTEX_POINT('',#13637);
#4219=VERTEX_POINT('',#13640);
#4220=VERTEX_POINT('',#13642);
#4221=VERTEX_POINT('',#13644);
#4222=VERTEX_POINT('',#13646);
#4223=VERTEX_POINT('',#13648);
#4224=VERTEX_POINT('',#13650);
#4225=VERTEX_POINT('',#13655);
#4226=VERTEX_POINT('',#13657);
#4227=VERTEX_POINT('',#13659);
#4228=VERTEX_POINT('',#13661);
#4229=VERTEX_POINT('',#13663);
#4230=VERTEX_POINT('',#13665);
#4231=VERTEX_POINT('',#13667);
#4232=VERTEX_POINT('',#13669);
#4233=VERTEX_POINT('',#13671);
#4234=VERTEX_POINT('',#13673);
#4235=VERTEX_POINT('',#13676);
#4236=VERTEX_POINT('',#13678);
#4237=VERTEX_POINT('',#13681);
#4238=VERTEX_POINT('',#13683);
#4239=VERTEX_POINT('',#13685);
#4240=VERTEX_POINT('',#13687);
#4241=VERTEX_POINT('',#13690);
#4242=VERTEX_POINT('',#13692);
#4243=VERTEX_POINT('',#13695);
#4244=VERTEX_POINT('',#13697);
#4245=VERTEX_POINT('',#13699);
#4246=VERTEX_POINT('',#13701);
#4247=VERTEX_POINT('',#13704);
#4248=VERTEX_POINT('',#13706);
#4249=VERTEX_POINT('',#13709);
#4250=VERTEX_POINT('',#13711);
#4251=VERTEX_POINT('',#13713);
#4252=VERTEX_POINT('',#13715);
#4253=VERTEX_POINT('',#13718);
#4254=VERTEX_POINT('',#13720);
#4255=VERTEX_POINT('',#13724);
#4256=VERTEX_POINT('',#13726);
#4257=VERTEX_POINT('',#13728);
#4258=VERTEX_POINT('',#13730);
#4259=VERTEX_POINT('',#13733);
#4260=VERTEX_POINT('',#13735);
#4261=VERTEX_POINT('',#13739);
#4262=VERTEX_POINT('',#13743);
#4263=VERTEX_POINT('',#13747);
#4264=VERTEX_POINT('',#13749);
#4265=VERTEX_POINT('',#13753);
#4266=VERTEX_POINT('',#13755);
#4267=VERTEX_POINT('',#13759);
#4268=VERTEX_POINT('',#13761);
#4269=VERTEX_POINT('',#13765);
#4270=VERTEX_POINT('',#13767);
#4271=VERTEX_POINT('',#13771);
#4272=VERTEX_POINT('',#13773);
#4273=VERTEX_POINT('',#13775);
#4274=VERTEX_POINT('',#13777);
#4275=VERTEX_POINT('',#13779);
#4276=VERTEX_POINT('',#13781);
#4277=VERTEX_POINT('',#13808);
#4278=VERTEX_POINT('',#13812);
#4279=VERTEX_POINT('',#13814);
#4280=VERTEX_POINT('',#13816);
#4281=VERTEX_POINT('',#13818);
#4282=VERTEX_POINT('',#13820);
#4283=VERTEX_POINT('',#13892);
#4284=VERTEX_POINT('',#13896);
#4285=VERTEX_POINT('',#13900);
#4286=VERTEX_POINT('',#13904);
#4287=VERTEX_POINT('',#13908);
#4288=VERTEX_POINT('',#13912);
#4289=VERTEX_POINT('',#13916);
#4290=VERTEX_POINT('',#13920);
#4291=VERTEX_POINT('',#13926);
#4292=VERTEX_POINT('',#13928);
#4293=VERTEX_POINT('',#13932);
#4294=VERTEX_POINT('',#13936);
#4295=VERTEX_POINT('',#13943);
#4296=VERTEX_POINT('',#13947);
#4297=VERTEX_POINT('',#13951);
#4298=VERTEX_POINT('',#13955);
#4299=VERTEX_POINT('',#13961);
#4300=VERTEX_POINT('',#13963);
#4301=VERTEX_POINT('',#13967);
#4302=VERTEX_POINT('',#13971);
#4303=VERTEX_POINT('',#13978);
#4304=VERTEX_POINT('',#13982);
#4305=VERTEX_POINT('',#13986);
#4306=VERTEX_POINT('',#13990);
#4307=VERTEX_POINT('',#13994);
#4308=VERTEX_POINT('',#13998);
#4309=VERTEX_POINT('',#14004);
#4310=VERTEX_POINT('',#14006);
#4311=VERTEX_POINT('',#14010);
#4312=VERTEX_POINT('',#14014);
#4313=VERTEX_POINT('',#14021);
#4314=VERTEX_POINT('',#14025);
#4315=VERTEX_POINT('',#14029);
#4316=VERTEX_POINT('',#14033);
#4317=VERTEX_POINT('',#14037);
#4318=VERTEX_POINT('',#14041);
#4319=VERTEX_POINT('',#14045);
#4320=VERTEX_POINT('',#14049);
#4321=VERTEX_POINT('',#14053);
#4322=VERTEX_POINT('',#14057);
#4323=VERTEX_POINT('',#14063);
#4324=VERTEX_POINT('',#14065);
#4325=VERTEX_POINT('',#14068);
#4326=VERTEX_POINT('',#14070);
#4327=VERTEX_POINT('',#14072);
#4328=VERTEX_POINT('',#14074);
#4329=VERTEX_POINT('',#14077);
#4330=VERTEX_POINT('',#14079);
#4331=VERTEX_POINT('',#14082);
#4332=VERTEX_POINT('',#14084);
#4333=VERTEX_POINT('',#14086);
#4334=VERTEX_POINT('',#14088);
#4335=VERTEX_POINT('',#14091);
#4336=VERTEX_POINT('',#14093);
#4337=VERTEX_POINT('',#14096);
#4338=VERTEX_POINT('',#14098);
#4339=VERTEX_POINT('',#14100);
#4340=VERTEX_POINT('',#14103);
#4341=VERTEX_POINT('',#14105);
#4342=VERTEX_POINT('',#14109);
#4343=VERTEX_POINT('',#14113);
#4344=VERTEX_POINT('',#14115);
#4345=VERTEX_POINT('',#14119);
#4346=VERTEX_POINT('',#14121);
#4347=VERTEX_POINT('',#14125);
#4348=VERTEX_POINT('',#14127);
#4349=VERTEX_POINT('',#14131);
#4350=VERTEX_POINT('',#14135);
#4351=VERTEX_POINT('',#14137);
#4352=VERTEX_POINT('',#14139);
#4353=VERTEX_POINT('',#14141);
#4354=VERTEX_POINT('',#14143);
#4355=VERTEX_POINT('',#14145);
#4356=VERTEX_POINT('',#14167);
#4357=VERTEX_POINT('',#14171);
#4358=VERTEX_POINT('',#14173);
#4359=VERTEX_POINT('',#14175);
#4360=VERTEX_POINT('',#14177);
#4361=VERTEX_POINT('',#14179);
#4362=VERTEX_POINT('',#14219);
#4363=VERTEX_POINT('',#14223);
#4364=VERTEX_POINT('',#14227);
#4365=VERTEX_POINT('',#14231);
#4366=VERTEX_POINT('',#14237);
#4367=VERTEX_POINT('',#14239);
#4368=VERTEX_POINT('',#14243);
#4369=VERTEX_POINT('',#14247);
#4370=VERTEX_POINT('',#14256);
#4371=VERTEX_POINT('',#14257);
#4372=VERTEX_POINT('',#14259);
#4373=VERTEX_POINT('',#14261);
#4374=VERTEX_POINT('',#14263);
#4375=VERTEX_POINT('',#14265);
#4376=VERTEX_POINT('',#14267);
#4377=VERTEX_POINT('',#14269);
#4378=VERTEX_POINT('',#14271);
#4379=VERTEX_POINT('',#14273);
#4380=VERTEX_POINT('',#14275);
#4381=VERTEX_POINT('',#14277);
#4382=VERTEX_POINT('',#14279);
#4383=VERTEX_POINT('',#14281);
#4384=VERTEX_POINT('',#14283);
#4385=VERTEX_POINT('',#14285);
#4386=VERTEX_POINT('',#14287);
#4387=VERTEX_POINT('',#14289);
#4388=VERTEX_POINT('',#14291);
#4389=VERTEX_POINT('',#14293);
#4390=VERTEX_POINT('',#14295);
#4391=VERTEX_POINT('',#14297);
#4392=VERTEX_POINT('',#14299);
#4393=VERTEX_POINT('',#14301);
#4394=VERTEX_POINT('',#14303);
#4395=VERTEX_POINT('',#14305);
#4396=VERTEX_POINT('',#14307);
#4397=VERTEX_POINT('',#14309);
#4398=VERTEX_POINT('',#14311);
#4399=VERTEX_POINT('',#14313);
#4400=VERTEX_POINT('',#14317);
#4401=VERTEX_POINT('',#14318);
#4402=VERTEX_POINT('',#14320);
#4403=VERTEX_POINT('',#14322);
#4404=VERTEX_POINT('',#14324);
#4405=VERTEX_POINT('',#14326);
#4406=VERTEX_POINT('',#14331);
#4407=VERTEX_POINT('',#14332);
#4408=VERTEX_POINT('',#14334);
#4409=VERTEX_POINT('',#14336);
#4410=VERTEX_POINT('',#14338);
#4411=VERTEX_POINT('',#14340);
#4412=VERTEX_POINT('',#14345);
#4413=VERTEX_POINT('',#14346);
#4414=VERTEX_POINT('',#14348);
#4415=VERTEX_POINT('',#14350);
#4416=VERTEX_POINT('',#14352);
#4417=VERTEX_POINT('',#14354);
#4418=VERTEX_POINT('',#14359);
#4419=VERTEX_POINT('',#14360);
#4420=VERTEX_POINT('',#14362);
#4421=VERTEX_POINT('',#14364);
#4422=VERTEX_POINT('',#14366);
#4423=VERTEX_POINT('',#14368);
#4424=VERTEX_POINT('',#14373);
#4425=VERTEX_POINT('',#14375);
#4426=VERTEX_POINT('',#14377);
#4427=VERTEX_POINT('',#14379);
#4428=VERTEX_POINT('',#14381);
#4429=VERTEX_POINT('',#14383);
#4430=VERTEX_POINT('',#14385);
#4431=VERTEX_POINT('',#14387);
#4432=VERTEX_POINT('',#14389);
#4433=VERTEX_POINT('',#14391);
#4434=VERTEX_POINT('',#14394);
#4435=VERTEX_POINT('',#14396);
#4436=VERTEX_POINT('',#14399);
#4437=VERTEX_POINT('',#14401);
#4438=VERTEX_POINT('',#14403);
#4439=VERTEX_POINT('',#14405);
#4440=VERTEX_POINT('',#14408);
#4441=VERTEX_POINT('',#14410);
#4442=VERTEX_POINT('',#14413);
#4443=VERTEX_POINT('',#14415);
#4444=VERTEX_POINT('',#14417);
#4445=VERTEX_POINT('',#14419);
#4446=VERTEX_POINT('',#14422);
#4447=VERTEX_POINT('',#14424);
#4448=VERTEX_POINT('',#14427);
#4449=VERTEX_POINT('',#14429);
#4450=VERTEX_POINT('',#14431);
#4451=VERTEX_POINT('',#14433);
#4452=VERTEX_POINT('',#14436);
#4453=VERTEX_POINT('',#14438);
#4454=VERTEX_POINT('',#14442);
#4455=VERTEX_POINT('',#14446);
#4456=VERTEX_POINT('',#14448);
#4457=VERTEX_POINT('',#14452);
#4458=VERTEX_POINT('',#14454);
#4459=VERTEX_POINT('',#14458);
#4460=VERTEX_POINT('',#14460);
#4461=VERTEX_POINT('',#14464);
#4462=VERTEX_POINT('',#14534);
#4463=VERTEX_POINT('',#14535);
#4464=VERTEX_POINT('',#14537);
#4465=VERTEX_POINT('',#14539);
#4466=VERTEX_POINT('',#14543);
#4467=VERTEX_POINT('',#14545);
#4468=VERTEX_POINT('',#14547);
#4469=VERTEX_POINT('',#14549);
#4470=VERTEX_POINT('',#14551);
#4471=VERTEX_POINT('',#14553);
#4472=VERTEX_POINT('',#14557);
#4473=VERTEX_POINT('',#14561);
#4474=VERTEX_POINT('',#14563);
#4475=VERTEX_POINT('',#14565);
#4476=VERTEX_POINT('',#14567);
#4477=VERTEX_POINT('',#14569);
#4478=VERTEX_POINT('',#14585);
#4479=VERTEX_POINT('',#14586);
#4480=VERTEX_POINT('',#14588);
#4481=VERTEX_POINT('',#14590);
#4482=VERTEX_POINT('',#14592);
#4483=VERTEX_POINT('',#14594);
#4484=VERTEX_POINT('',#14596);
#4485=VERTEX_POINT('',#14598);
#4486=VERTEX_POINT('',#14602);
#4487=VERTEX_POINT('',#14604);
#4488=VERTEX_POINT('',#14606);
#4489=VERTEX_POINT('',#14608);
#4490=VERTEX_POINT('',#14610);
#4491=VERTEX_POINT('',#14612);
#4492=VERTEX_POINT('',#14614);
#4493=VERTEX_POINT('',#14617);
#4494=VERTEX_POINT('',#14619);
#4495=VERTEX_POINT('',#14623);
#4496=VERTEX_POINT('',#14627);
#4497=VERTEX_POINT('',#14634);
#4498=VERTEX_POINT('',#14638);
#4499=VERTEX_POINT('',#14640);
#4500=VERTEX_POINT('',#14642);
#4501=VERTEX_POINT('',#14644);
#4502=VERTEX_POINT('',#14646);
#4503=VERTEX_POINT('',#14648);
#4504=VERTEX_POINT('',#14665);
#4505=VERTEX_POINT('',#14666);
#4506=VERTEX_POINT('',#14668);
#4507=VERTEX_POINT('',#14670);
#4508=VERTEX_POINT('',#14674);
#4509=VERTEX_POINT('',#14675);
#4510=VERTEX_POINT('',#14680);
#4511=VERTEX_POINT('',#14682);
#4512=VERTEX_POINT('',#14692);
#4513=VERTEX_POINT('',#14693);
#4514=VERTEX_POINT('',#14695);
#4515=VERTEX_POINT('',#14697);
#4516=VERTEX_POINT('',#14699);
#4517=VERTEX_POINT('',#14701);
#4518=VERTEX_POINT('',#14703);
#4519=VERTEX_POINT('',#14705);
#4520=VERTEX_POINT('',#14707);
#4521=VERTEX_POINT('',#14709);
#4522=VERTEX_POINT('',#14713);
#4523=VERTEX_POINT('',#14715);
#4524=VERTEX_POINT('',#14718);
#4525=VERTEX_POINT('',#14720);
#4526=VERTEX_POINT('',#14724);
#4527=VERTEX_POINT('',#14728);
#4528=VERTEX_POINT('',#14732);
#4529=VERTEX_POINT('',#14736);
#4530=VERTEX_POINT('',#14743);
#4531=VERTEX_POINT('',#14747);
#4532=VERTEX_POINT('',#14755);
#4533=VERTEX_POINT('',#14756);
#4534=VERTEX_POINT('',#14758);
#4535=VERTEX_POINT('',#14760);
#4536=VERTEX_POINT('',#14762);
#4537=VERTEX_POINT('',#14764);
#4538=VERTEX_POINT('',#14766);
#4539=VERTEX_POINT('',#14768);
#4540=VERTEX_POINT('',#14770);
#4541=VERTEX_POINT('',#14772);
#4542=VERTEX_POINT('',#14774);
#4543=VERTEX_POINT('',#14776);
#4544=VERTEX_POINT('',#14780);
#4545=VERTEX_POINT('',#14782);
#4546=VERTEX_POINT('',#14785);
#4547=VERTEX_POINT('',#14787);
#4548=VERTEX_POINT('',#14791);
#4549=VERTEX_POINT('',#14795);
#4550=VERTEX_POINT('',#14802);
#4551=VERTEX_POINT('',#14806);
#4552=VERTEX_POINT('',#14810);
#4553=VERTEX_POINT('',#14814);
#4554=VERTEX_POINT('',#14818);
#4555=VERTEX_POINT('',#14822);
#4556=VERTEX_POINT('',#14830);
#4557=VERTEX_POINT('',#14831);
#4558=VERTEX_POINT('',#14833);
#4559=VERTEX_POINT('',#14835);
#4560=VERTEX_POINT('',#14837);
#4561=VERTEX_POINT('',#14839);
#4562=VERTEX_POINT('',#14841);
#4563=VERTEX_POINT('',#14843);
#4564=VERTEX_POINT('',#14845);
#4565=VERTEX_POINT('',#14847);
#4566=VERTEX_POINT('',#14849);
#4567=VERTEX_POINT('',#14851);
#4568=VERTEX_POINT('',#14855);
#4569=VERTEX_POINT('',#14857);
#4570=VERTEX_POINT('',#14860);
#4571=VERTEX_POINT('',#14862);
#4572=VERTEX_POINT('',#14866);
#4573=VERTEX_POINT('',#14870);
#4574=VERTEX_POINT('',#14874);
#4575=VERTEX_POINT('',#14878);
#4576=VERTEX_POINT('',#14882);
#4577=VERTEX_POINT('',#14886);
#4578=VERTEX_POINT('',#14893);
#4579=VERTEX_POINT('',#14897);
#4580=VERTEX_POINT('',#14905);
#4581=VERTEX_POINT('',#14906);
#4582=VERTEX_POINT('',#14908);
#4583=VERTEX_POINT('',#14910);
#4584=VERTEX_POINT('',#14912);
#4585=VERTEX_POINT('',#14914);
#4586=VERTEX_POINT('',#14916);
#4587=VERTEX_POINT('',#14918);
#4588=VERTEX_POINT('',#14920);
#4589=VERTEX_POINT('',#14922);
#4590=VERTEX_POINT('',#14924);
#4591=VERTEX_POINT('',#14926);
#4592=VERTEX_POINT('',#14930);
#4593=VERTEX_POINT('',#14932);
#4594=VERTEX_POINT('',#14935);
#4595=VERTEX_POINT('',#14937);
#4596=VERTEX_POINT('',#14941);
#4597=VERTEX_POINT('',#14945);
#4598=VERTEX_POINT('',#14949);
#4599=VERTEX_POINT('',#14953);
#4600=VERTEX_POINT('',#14957);
#4601=VERTEX_POINT('',#14961);
#4602=VERTEX_POINT('',#14968);
#4603=VERTEX_POINT('',#14972);
#4604=VERTEX_POINT('',#14980);
#4605=VERTEX_POINT('',#14981);
#4606=VERTEX_POINT('',#14983);
#4607=VERTEX_POINT('',#14985);
#4608=VERTEX_POINT('',#14987);
#4609=VERTEX_POINT('',#14989);
#4610=VERTEX_POINT('',#14991);
#4611=VERTEX_POINT('',#14993);
#4612=VERTEX_POINT('',#14995);
#4613=VERTEX_POINT('',#14997);
#4614=VERTEX_POINT('',#15001);
#4615=VERTEX_POINT('',#15003);
#4616=VERTEX_POINT('',#15006);
#4617=VERTEX_POINT('',#15008);
#4618=VERTEX_POINT('',#15012);
#4619=VERTEX_POINT('',#15016);
#4620=VERTEX_POINT('',#15020);
#4621=VERTEX_POINT('',#15024);
#4622=VERTEX_POINT('',#15031);
#4623=VERTEX_POINT('',#15035);
#4624=VERTEX_POINT('',#15043);
#4625=VERTEX_POINT('',#15044);
#4626=VERTEX_POINT('',#15046);
#4627=VERTEX_POINT('',#15048);
#4628=VERTEX_POINT('',#15052);
#4629=VERTEX_POINT('',#15053);
#4630=VERTEX_POINT('',#15055);
#4631=VERTEX_POINT('',#15057);
#4632=VERTEX_POINT('',#15059);
#4633=VERTEX_POINT('',#15061);
#4634=VERTEX_POINT('',#15063);
#4635=VERTEX_POINT('',#15065);
#4636=VERTEX_POINT('',#15067);
#4637=VERTEX_POINT('',#15069);
#4638=VERTEX_POINT('',#15072);
#4639=VERTEX_POINT('',#15074);
#4640=VERTEX_POINT('',#15076);
#4641=VERTEX_POINT('',#15078);
#4642=VERTEX_POINT('',#15082);
#4643=VERTEX_POINT('',#15083);
#4644=VERTEX_POINT('',#15086);
#4645=VERTEX_POINT('',#15088);
#4646=VERTEX_POINT('',#15093);
#4647=VERTEX_POINT('',#15095);
#4648=VERTEX_POINT('',#15097);
#4649=VERTEX_POINT('',#15099);
#4650=VERTEX_POINT('',#15102);
#4651=VERTEX_POINT('',#15104);
#4652=VERTEX_POINT('',#15106);
#4653=VERTEX_POINT('',#15108);
#4654=VERTEX_POINT('',#15130);
#4655=VERTEX_POINT('',#15134);
#4656=VERTEX_POINT('',#15142);
#4657=VERTEX_POINT('',#15143);
#4658=VERTEX_POINT('',#15145);
#4659=VERTEX_POINT('',#15147);
#4660=VERTEX_POINT('',#15151);
#4661=VERTEX_POINT('',#15152);
#4662=VERTEX_POINT('',#15155);
#4663=VERTEX_POINT('',#15157);
#4664=VERTEX_POINT('',#15159);
#4665=VERTEX_POINT('',#15161);
#4666=VERTEX_POINT('',#15165);
#4667=VERTEX_POINT('',#15167);
#4668=VERTEX_POINT('',#15169);
#4669=VERTEX_POINT('',#15171);
#4670=VERTEX_POINT('',#15173);
#4671=VERTEX_POINT('',#15175);
#4672=VERTEX_POINT('',#15178);
#4673=VERTEX_POINT('',#15180);
#4674=VERTEX_POINT('',#15189);
#4675=VERTEX_POINT('',#15193);
#4676=VERTEX_POINT('',#15195);
#4677=VERTEX_POINT('',#15197);
#4678=VERTEX_POINT('',#15199);
#4679=VERTEX_POINT('',#15201);
#4680=VERTEX_POINT('',#15217);
#4681=VERTEX_POINT('',#15218);
#4682=VERTEX_POINT('',#15220);
#4683=VERTEX_POINT('',#15222);
#4684=VERTEX_POINT('',#15224);
#4685=VERTEX_POINT('',#15226);
#4686=VERTEX_POINT('',#15228);
#4687=VERTEX_POINT('',#15230);
#4688=VERTEX_POINT('',#15234);
#4689=VERTEX_POINT('',#15236);
#4690=VERTEX_POINT('',#15239);
#4691=VERTEX_POINT('',#15241);
#4692=VERTEX_POINT('',#15243);
#4693=VERTEX_POINT('',#15245);
#4694=VERTEX_POINT('',#15247);
#4695=VERTEX_POINT('',#15249);
#4696=VERTEX_POINT('',#15253);
#4697=VERTEX_POINT('',#15257);
#4698=VERTEX_POINT('',#15259);
#4699=VERTEX_POINT('',#15261);
#4700=VERTEX_POINT('',#15263);
#4701=VERTEX_POINT('',#15265);
#4702=VERTEX_POINT('',#15280);
#4703=VERTEX_POINT('',#15284);
#4704=VERTEX_POINT('',#15291);
#4705=VERTEX_POINT('',#15292);
#4706=VERTEX_POINT('',#15294);
#4707=VERTEX_POINT('',#15296);
#4708=VERTEX_POINT('',#15300);
#4709=VERTEX_POINT('',#15301);
#4710=VERTEX_POINT('',#15303);
#4711=VERTEX_POINT('',#15305);
#4712=VERTEX_POINT('',#15307);
#4713=VERTEX_POINT('',#15309);
#4714=VERTEX_POINT('',#15311);
#4715=VERTEX_POINT('',#15313);
#4716=VERTEX_POINT('',#15315);
#4717=VERTEX_POINT('',#15317);
#4718=VERTEX_POINT('',#15319);
#4719=VERTEX_POINT('',#15321);
#4720=VERTEX_POINT('',#15323);
#4721=VERTEX_POINT('',#15325);
#4722=VERTEX_POINT('',#15327);
#4723=VERTEX_POINT('',#15329);
#4724=VERTEX_POINT('',#15331);
#4725=VERTEX_POINT('',#15333);
#4726=VERTEX_POINT('',#15336);
#4727=VERTEX_POINT('',#15338);
#4728=VERTEX_POINT('',#15340);
#4729=VERTEX_POINT('',#15342);
#4730=VERTEX_POINT('',#15344);
#4731=VERTEX_POINT('',#15346);
#4732=VERTEX_POINT('',#15348);
#4733=VERTEX_POINT('',#15350);
#4734=VERTEX_POINT('',#15352);
#4735=VERTEX_POINT('',#15354);
#4736=VERTEX_POINT('',#15356);
#4737=VERTEX_POINT('',#15358);
#4738=VERTEX_POINT('',#15360);
#4739=VERTEX_POINT('',#15362);
#4740=VERTEX_POINT('',#15364);
#4741=VERTEX_POINT('',#15366);
#4742=VERTEX_POINT('',#15368);
#4743=VERTEX_POINT('',#15370);
#4744=VERTEX_POINT('',#15372);
#4745=VERTEX_POINT('',#15374);
#4746=VERTEX_POINT('',#15376);
#4747=VERTEX_POINT('',#15378);
#4748=VERTEX_POINT('',#15380);
#4749=VERTEX_POINT('',#15382);
#4750=VERTEX_POINT('',#15384);
#4751=VERTEX_POINT('',#15386);
#4752=VERTEX_POINT('',#15388);
#4753=VERTEX_POINT('',#15390);
#4754=VERTEX_POINT('',#15392);
#4755=VERTEX_POINT('',#15394);
#4756=VERTEX_POINT('',#15396);
#4757=VERTEX_POINT('',#15398);
#4758=VERTEX_POINT('',#15400);
#4759=VERTEX_POINT('',#15402);
#4760=VERTEX_POINT('',#15406);
#4761=VERTEX_POINT('',#15408);
#4762=VERTEX_POINT('',#15411);
#4763=VERTEX_POINT('',#15413);
#4764=VERTEX_POINT('',#15417);
#4765=VERTEX_POINT('',#15419);
#4766=VERTEX_POINT('',#15422);
#4767=VERTEX_POINT('',#15424);
#4768=VERTEX_POINT('',#15428);
#4769=VERTEX_POINT('',#15430);
#4770=VERTEX_POINT('',#15433);
#4771=VERTEX_POINT('',#15435);
#4772=VERTEX_POINT('',#15439);
#4773=VERTEX_POINT('',#15441);
#4774=VERTEX_POINT('',#15444);
#4775=VERTEX_POINT('',#15446);
#4776=VERTEX_POINT('',#15450);
#4777=VERTEX_POINT('',#15454);
#4778=VERTEX_POINT('',#15456);
#4779=VERTEX_POINT('',#15460);
#4780=VERTEX_POINT('',#15462);
#4781=VERTEX_POINT('',#15466);
#4782=VERTEX_POINT('',#15468);
#4783=VERTEX_POINT('',#15472);
#4784=VERTEX_POINT('',#15494);
#4785=VERTEX_POINT('',#15498);
#4786=VERTEX_POINT('',#15502);
#4787=VERTEX_POINT('',#15506);
#4788=VERTEX_POINT('',#15510);
#4789=VERTEX_POINT('',#15514);
#4790=VERTEX_POINT('',#15520);
#4791=VERTEX_POINT('',#15522);
#4792=VERTEX_POINT('',#15524);
#4793=VERTEX_POINT('',#15526);
#4794=VERTEX_POINT('',#15528);
#4795=VERTEX_POINT('',#15530);
#4796=VERTEX_POINT('',#15532);
#4797=VERTEX_POINT('',#15534);
#4798=VERTEX_POINT('',#15536);
#4799=VERTEX_POINT('',#15538);
#4800=VERTEX_POINT('',#15540);
#4801=VERTEX_POINT('',#15542);
#4802=VERTEX_POINT('',#15545);
#4803=VERTEX_POINT('',#15547);
#4804=VERTEX_POINT('',#15549);
#4805=VERTEX_POINT('',#15551);
#4806=VERTEX_POINT('',#15553);
#4807=VERTEX_POINT('',#15555);
#4808=VERTEX_POINT('',#15558);
#4809=VERTEX_POINT('',#15560);
#4810=VERTEX_POINT('',#15562);
#4811=VERTEX_POINT('',#15564);
#4812=VERTEX_POINT('',#15617);
#4813=VERTEX_POINT('',#15618);
#4814=VERTEX_POINT('',#15620);
#4815=VERTEX_POINT('',#15622);
#4816=VERTEX_POINT('',#15626);
#4817=VERTEX_POINT('',#15628);
#4818=VERTEX_POINT('',#15630);
#4819=VERTEX_POINT('',#15632);
#4820=VERTEX_POINT('',#15634);
#4821=VERTEX_POINT('',#15636);
#4822=VERTEX_POINT('',#15640);
#4823=VERTEX_POINT('',#15644);
#4824=VERTEX_POINT('',#15646);
#4825=VERTEX_POINT('',#15648);
#4826=VERTEX_POINT('',#15650);
#4827=VERTEX_POINT('',#15652);
#4828=VERTEX_POINT('',#15677);
#4829=VERTEX_POINT('',#15679);
#4830=EDGE_CURVE('',#3932,#3933,#1346,.T.);
#4831=EDGE_CURVE('',#3934,#3932,#1347,.T.);
#4832=EDGE_CURVE('',#3935,#3934,#1348,.T.);
#4833=EDGE_CURVE('',#3933,#3935,#1349,.T.);
#4834=EDGE_CURVE('',#3936,#3937,#1350,.T.);
#4835=EDGE_CURVE('',#3932,#3936,#1351,.T.);
#4836=EDGE_CURVE('',#3933,#3937,#1352,.T.);
#4837=EDGE_CURVE('',#3938,#3939,#1353,.T.);
#4838=EDGE_CURVE('',#3938,#3940,#1354,.T.);
#4839=EDGE_CURVE('',#3940,#3941,#1355,.T.);
#4840=EDGE_CURVE('',#3939,#3941,#1356,.T.);
#4841=EDGE_CURVE('',#3942,#3943,#1357,.T.);
#4842=EDGE_CURVE('',#3944,#3942,#1358,.T.);
#4843=EDGE_CURVE('',#3945,#3944,#1359,.T.);
#4844=EDGE_CURVE('',#3945,#3943,#1360,.T.);
#4845=EDGE_CURVE('',#3946,#3947,#1361,.T.);
#4846=EDGE_CURVE('',#3946,#3948,#1362,.T.);
#4847=EDGE_CURVE('',#3949,#3948,#1363,.T.);
#4848=EDGE_CURVE('',#3949,#3950,#1364,.T.);
#4849=EDGE_CURVE('',#3951,#3950,#1365,.T.);
#4850=EDGE_CURVE('',#3951,#3947,#1366,.T.);
#4851=EDGE_CURVE('',#3952,#3953,#1367,.T.);
#4852=EDGE_CURVE('',#3952,#3954,#1368,.T.);
#4853=EDGE_CURVE('',#3955,#3954,#1369,.T.);
#4854=EDGE_CURVE('',#3955,#3956,#1370,.T.);
#4855=EDGE_CURVE('',#3957,#3956,#1371,.T.);
#4856=EDGE_CURVE('',#3957,#3953,#1372,.T.);
#4857=EDGE_CURVE('',#3958,#3959,#1373,.T.);
#4858=EDGE_CURVE('',#3958,#3960,#1374,.T.);
#4859=EDGE_CURVE('',#3961,#3960,#1375,.T.);
#4860=EDGE_CURVE('',#3961,#3962,#1376,.T.);
#4861=EDGE_CURVE('',#3962,#3963,#1377,.T.);
#4862=EDGE_CURVE('',#3963,#3959,#1378,.T.);
#4863=EDGE_CURVE('',#3964,#3965,#318,.T.);
#4864=EDGE_CURVE('',#3964,#3966,#1379,.T.);
#4865=EDGE_CURVE('',#3966,#3967,#1380,.T.);
#4866=EDGE_CURVE('',#3967,#3968,#1381,.T.);
#4867=EDGE_CURVE('',#3968,#3969,#1382,.T.);
#4868=EDGE_CURVE('',#3969,#3970,#1383,.T.);
#4869=EDGE_CURVE('',#3971,#3970,#1384,.T.);
#4870=EDGE_CURVE('',#3972,#3971,#1385,.T.);
#4871=EDGE_CURVE('',#3973,#3972,#319,.T.);
#4872=EDGE_CURVE('',#3974,#3973,#1386,.T.);
#4873=EDGE_CURVE('',#3975,#3974,#320,.T.);
#4874=EDGE_CURVE('',#3976,#3975,#1387,.T.);
#4875=EDGE_CURVE('',#3977,#3976,#1388,.T.);
#4876=EDGE_CURVE('',#3977,#3978,#1389,.T.);
#4877=EDGE_CURVE('',#3978,#3979,#1390,.T.);
#4878=EDGE_CURVE('',#3979,#3936,#1391,.T.);
#4879=EDGE_CURVE('',#3937,#3980,#1392,.T.);
#4880=EDGE_CURVE('',#3981,#3980,#1393,.T.);
#4881=EDGE_CURVE('',#3981,#3982,#1394,.T.);
#4882=EDGE_CURVE('',#3983,#3982,#1395,.T.);
#4883=EDGE_CURVE('',#3984,#3983,#1396,.T.);
#4884=EDGE_CURVE('',#3985,#3984,#321,.T.);
#4885=EDGE_CURVE('',#3986,#3985,#1397,.T.);
#4886=EDGE_CURVE('',#3987,#3986,#322,.T.);
#4887=EDGE_CURVE('',#3988,#3987,#1398,.T.);
#4888=EDGE_CURVE('',#3989,#3988,#1399,.T.);
#4889=EDGE_CURVE('',#3989,#3990,#1400,.T.);
#4890=EDGE_CURVE('',#3991,#3990,#1401,.T.);
#4891=EDGE_CURVE('',#3991,#3992,#1402,.T.);
#4892=EDGE_CURVE('',#3992,#3993,#1403,.T.);
#4893=EDGE_CURVE('',#3993,#3994,#1404,.T.);
#4894=EDGE_CURVE('',#3995,#3994,#323,.T.);
#4895=EDGE_CURVE('',#3995,#3996,#1405,.T.);
#4896=EDGE_CURVE('',#3997,#3996,#1406,.T.);
#4897=EDGE_CURVE('',#3997,#3998,#1407,.T.);
#4898=EDGE_CURVE('',#3998,#3999,#1408,.T.);
#4899=EDGE_CURVE('',#3999,#4000,#1409,.T.);
#4900=EDGE_CURVE('',#4001,#4000,#324,.T.);
#4901=EDGE_CURVE('',#4001,#4002,#1410,.T.);
#4902=EDGE_CURVE('',#4003,#4002,#1411,.T.);
#4903=EDGE_CURVE('',#4003,#4004,#1412,.T.);
#4904=EDGE_CURVE('',#4004,#4005,#1413,.T.);
#4905=EDGE_CURVE('',#4005,#4006,#1414,.T.);
#4906=EDGE_CURVE('',#4007,#4006,#1415,.T.);
#4907=EDGE_CURVE('',#4008,#4007,#1416,.T.);
#4908=EDGE_CURVE('',#4008,#4009,#1417,.T.);
#4909=EDGE_CURVE('',#4010,#4009,#1418,.T.);
#4910=EDGE_CURVE('',#4010,#4011,#1419,.T.);
#4911=EDGE_CURVE('',#4012,#4011,#1420,.T.);
#4912=EDGE_CURVE('',#4012,#4013,#1421,.T.);
#4913=EDGE_CURVE('',#4013,#4014,#1422,.T.);
#4914=EDGE_CURVE('',#4014,#4015,#1423,.T.);
#4915=EDGE_CURVE('',#4015,#4016,#1424,.T.);
#4916=EDGE_CURVE('',#4016,#4017,#1425,.T.);
#4917=EDGE_CURVE('',#4018,#4017,#325,.T.);
#4918=EDGE_CURVE('',#4018,#4019,#1426,.T.);
#4919=EDGE_CURVE('',#4020,#4019,#1427,.T.);
#4920=EDGE_CURVE('',#4021,#4020,#1428,.T.);
#4921=EDGE_CURVE('',#4021,#4022,#1429,.T.);
#4922=EDGE_CURVE('',#4022,#4023,#1430,.T.);
#4923=EDGE_CURVE('',#4024,#4023,#1431,.T.);
#4924=EDGE_CURVE('',#4024,#4025,#1432,.T.);
#4925=EDGE_CURVE('',#4026,#4025,#326,.T.);
#4926=EDGE_CURVE('',#4026,#4027,#1433,.T.);
#4927=EDGE_CURVE('',#4028,#4027,#1434,.T.);
#4928=EDGE_CURVE('',#4029,#4028,#1435,.T.);
#4929=EDGE_CURVE('',#4029,#4030,#1436,.T.);
#4930=EDGE_CURVE('',#4030,#4031,#1437,.T.);
#4931=EDGE_CURVE('',#4031,#4032,#1438,.T.);
#4932=EDGE_CURVE('',#4032,#4033,#1439,.T.);
#4933=EDGE_CURVE('',#4034,#4033,#327,.T.);
#4934=EDGE_CURVE('',#4034,#4035,#1440,.T.);
#4935=EDGE_CURVE('',#4036,#4035,#1441,.T.);
#4936=EDGE_CURVE('',#4037,#4036,#1442,.T.);
#4937=EDGE_CURVE('',#4037,#4038,#1443,.T.);
#4938=EDGE_CURVE('',#4038,#4039,#1444,.T.);
#4939=EDGE_CURVE('',#4040,#4039,#1445,.T.);
#4940=EDGE_CURVE('',#4040,#4041,#1446,.T.);
#4941=EDGE_CURVE('',#4042,#4041,#1447,.T.);
#4942=EDGE_CURVE('',#4042,#4043,#1448,.T.);
#4943=EDGE_CURVE('',#4044,#4043,#328,.T.);
#4944=EDGE_CURVE('',#4044,#4045,#1449,.T.);
#4945=EDGE_CURVE('',#4046,#4045,#329,.T.);
#4946=EDGE_CURVE('',#4046,#4047,#1450,.T.);
#4947=EDGE_CURVE('',#4047,#4048,#1451,.T.);
#4948=EDGE_CURVE('',#4048,#4049,#1452,.T.);
#4949=EDGE_CURVE('',#4049,#4050,#1453,.T.);
#4950=EDGE_CURVE('',#4050,#4051,#1454,.T.);
#4951=EDGE_CURVE('',#4052,#4051,#330,.T.);
#4952=EDGE_CURVE('',#4052,#4053,#1455,.T.);
#4953=EDGE_CURVE('',#4053,#4054,#1456,.T.);
#4954=EDGE_CURVE('',#4054,#4055,#1457,.T.);
#4955=EDGE_CURVE('',#4055,#4056,#1458,.T.);
#4956=EDGE_CURVE('',#4056,#3965,#1459,.T.);
#4957=EDGE_CURVE('',#4057,#4058,#1460,.T.);
#4958=EDGE_CURVE('',#4057,#4059,#1461,.T.);
#4959=EDGE_CURVE('',#4060,#4059,#1462,.T.);
#4960=EDGE_CURVE('',#4060,#4061,#1463,.T.);
#4961=EDGE_CURVE('',#4062,#4061,#1464,.T.);
#4962=EDGE_CURVE('',#4062,#4058,#1465,.T.);
#4963=EDGE_CURVE('',#4063,#4064,#1466,.T.);
#4964=EDGE_CURVE('',#4063,#4065,#1467,.T.);
#4965=EDGE_CURVE('',#4066,#4065,#1468,.T.);
#4966=EDGE_CURVE('',#4066,#4067,#1469,.T.);
#4967=EDGE_CURVE('',#4068,#4067,#1470,.T.);
#4968=EDGE_CURVE('',#4068,#4064,#1471,.T.);
#4969=EDGE_CURVE('',#4069,#4070,#1472,.T.);
#4970=EDGE_CURVE('',#4069,#4071,#1473,.T.);
#4971=EDGE_CURVE('',#4072,#4071,#1474,.T.);
#4972=EDGE_CURVE('',#4072,#4073,#1475,.T.);
#4973=EDGE_CURVE('',#4074,#4073,#1476,.T.);
#4974=EDGE_CURVE('',#4074,#4070,#1477,.T.);
#4975=EDGE_CURVE('',#3947,#4075,#1478,.T.);
#4976=EDGE_CURVE('',#4076,#4075,#1479,.T.);
#4977=EDGE_CURVE('',#4076,#3946,#1480,.T.);
#4978=EDGE_CURVE('',#4077,#4078,#1481,.T.);
#4979=EDGE_CURVE('',#3998,#4077,#1482,.T.);
#4980=EDGE_CURVE('',#3997,#4079,#1483,.T.);
#4981=EDGE_CURVE('',#4080,#4079,#1484,.T.);
#4982=EDGE_CURVE('',#4081,#4080,#1485,.T.);
#4983=EDGE_CURVE('',#4082,#4081,#1486,.T.);
#4984=EDGE_CURVE('',#4082,#4083,#1487,.T.);
#4985=EDGE_CURVE('',#4084,#4083,#1488,.T.);
#4986=EDGE_CURVE('',#3992,#4084,#1489,.T.);
#4987=EDGE_CURVE('',#3991,#4085,#1490,.T.);
#4988=EDGE_CURVE('',#4086,#4085,#1491,.T.);
#4989=EDGE_CURVE('',#4087,#4086,#1492,.T.);
#4990=EDGE_CURVE('',#4088,#4087,#1493,.T.);
#4991=EDGE_CURVE('',#4088,#4089,#1494,.T.);
#4992=EDGE_CURVE('',#4075,#4089,#1495,.T.);
#4993=EDGE_CURVE('',#3951,#4090,#1496,.T.);
#4994=EDGE_CURVE('',#4091,#4090,#1497,.T.);
#4995=EDGE_CURVE('',#4092,#4091,#1498,.T.);
#4996=EDGE_CURVE('',#4093,#4092,#1499,.T.);
#4997=EDGE_CURVE('',#4093,#4094,#1500,.T.);
#4998=EDGE_CURVE('',#4095,#4094,#1501,.T.);
#4999=EDGE_CURVE('',#3953,#4095,#1502,.T.);
#5000=EDGE_CURVE('',#3957,#4096,#1503,.T.);
#5001=EDGE_CURVE('',#4097,#4096,#1504,.T.);
#5002=EDGE_CURVE('',#4098,#4097,#1505,.T.);
#5003=EDGE_CURVE('',#4099,#4098,#1506,.T.);
#5004=EDGE_CURVE('',#4099,#4100,#1507,.T.);
#5005=EDGE_CURVE('',#4101,#4100,#1508,.T.);
#5006=EDGE_CURVE('',#3962,#4101,#1509,.T.);
#5007=EDGE_CURVE('',#3961,#4102,#1510,.T.);
#5008=EDGE_CURVE('',#4103,#4102,#1511,.T.);
#5009=EDGE_CURVE('',#4104,#4103,#1512,.T.);
#5010=EDGE_CURVE('',#4105,#4104,#1513,.T.);
#5011=EDGE_CURVE('',#4105,#4106,#1514,.T.);
#5012=EDGE_CURVE('',#4107,#4106,#1515,.T.);
#5013=EDGE_CURVE('',#3980,#4107,#1516,.T.);
#5014=EDGE_CURVE('',#3935,#4013,#1517,.T.);
#5015=EDGE_CURVE('',#4012,#4108,#1518,.T.);
#5016=EDGE_CURVE('',#4109,#4108,#1519,.T.);
#5017=EDGE_CURVE('',#4110,#4109,#1520,.T.);
#5018=EDGE_CURVE('',#4110,#4111,#1521,.T.);
#5019=EDGE_CURVE('',#4111,#4112,#1522,.T.);
#5020=EDGE_CURVE('',#4113,#4112,#1523,.T.);
#5021=EDGE_CURVE('',#4004,#4113,#1524,.T.);
#5022=EDGE_CURVE('',#4003,#4114,#1525,.T.);
#5023=EDGE_CURVE('',#4115,#4114,#1526,.T.);
#5024=EDGE_CURVE('',#4116,#4115,#1527,.T.);
#5025=EDGE_CURVE('',#4117,#4116,#1528,.T.);
#5026=EDGE_CURVE('',#4117,#4078,#1529,.T.);
#5027=EDGE_CURVE('',#4118,#4078,#1530,.T.);
#5028=EDGE_CURVE('',#4119,#4118,#1531,.T.);
#5029=EDGE_CURVE('',#4115,#4119,#1532,.T.);
#5030=EDGE_CURVE('',#4114,#4120,#1533,.T.);
#5031=EDGE_CURVE('',#4121,#4120,#1534,.T.);
#5032=EDGE_CURVE('',#4121,#4122,#331,.T.);
#5033=EDGE_CURVE('',#4123,#4122,#1535,.T.);
#5034=EDGE_CURVE('',#4123,#4077,#1536,.T.);
#5035=EDGE_CURVE('',#4123,#3999,#1537,.T.);
#5036=EDGE_CURVE('',#4122,#4000,#1538,.T.);
#5037=EDGE_CURVE('',#4001,#4121,#1539,.T.);
#5038=EDGE_CURVE('',#4002,#4120,#1540,.T.);
#5039=EDGE_CURVE('',#4124,#4119,#1541,.T.);
#5040=EDGE_CURVE('',#4124,#4116,#1542,.T.);
#5041=EDGE_CURVE('',#4125,#4124,#1543,.T.);
#5042=EDGE_CURVE('',#4125,#4117,#1544,.T.);
#5043=EDGE_CURVE('',#4125,#4118,#1545,.T.);
#5044=EDGE_CURVE('',#4126,#4113,#1546,.T.);
#5045=EDGE_CURVE('',#4126,#4005,#1547,.T.);
#5046=EDGE_CURVE('',#4126,#4127,#1548,.T.);
#5047=EDGE_CURVE('',#4006,#4127,#1549,.T.);
#5048=EDGE_CURVE('',#4128,#4127,#1550,.T.);
#5049=EDGE_CURVE('',#4007,#4128,#1551,.T.);
#5050=EDGE_CURVE('',#4129,#4130,#1552,.T.);
#5051=EDGE_CURVE('',#4131,#4129,#1553,.T.);
#5052=EDGE_CURVE('',#4132,#4131,#1554,.T.);
#5053=EDGE_CURVE('',#4132,#4130,#1555,.T.);
#5054=EDGE_CURVE('',#4128,#4133,#1556,.T.);
#5055=EDGE_CURVE('',#4008,#4133,#1557,.T.);
#5056=EDGE_CURVE('',#4134,#4135,#1558,.T.);
#5057=EDGE_CURVE('',#4022,#4134,#1559,.T.);
#5058=EDGE_CURVE('',#4021,#4136,#1560,.T.);
#5059=EDGE_CURVE('',#4137,#4136,#1561,.T.);
#5060=EDGE_CURVE('',#4138,#4137,#1562,.T.);
#5061=EDGE_CURVE('',#4139,#4138,#1563,.T.);
#5062=EDGE_CURVE('',#4139,#4140,#1564,.T.);
#5063=EDGE_CURVE('',#4141,#4140,#1565,.T.);
#5064=EDGE_CURVE('',#4014,#4141,#1566,.T.);
#5065=EDGE_CURVE('',#3934,#4038,#1567,.T.);
#5066=EDGE_CURVE('',#4037,#4142,#1568,.T.);
#5067=EDGE_CURVE('',#4143,#4142,#1569,.T.);
#5068=EDGE_CURVE('',#4144,#4143,#1570,.T.);
#5069=EDGE_CURVE('',#4145,#4144,#1571,.T.);
#5070=EDGE_CURVE('',#4145,#4146,#1572,.T.);
#5071=EDGE_CURVE('',#4147,#4146,#1573,.T.);
#5072=EDGE_CURVE('',#4030,#4147,#1574,.T.);
#5073=EDGE_CURVE('',#4029,#4148,#1575,.T.);
#5074=EDGE_CURVE('',#4149,#4148,#1576,.T.);
#5075=EDGE_CURVE('',#4150,#4149,#1577,.T.);
#5076=EDGE_CURVE('',#4151,#4150,#1578,.T.);
#5077=EDGE_CURVE('',#4151,#4135,#1579,.T.);
#5078=EDGE_CURVE('',#4152,#4129,#1580,.T.);
#5079=EDGE_CURVE('',#4153,#4130,#1581,.T.);
#5080=EDGE_CURVE('',#4152,#4153,#1582,.T.);
#5081=EDGE_CURVE('',#4152,#4154,#1583,.T.);
#5082=EDGE_CURVE('',#4154,#4131,#1584,.T.);
#5083=EDGE_CURVE('',#4154,#4155,#1585,.T.);
#5084=EDGE_CURVE('',#4132,#4155,#1586,.T.);
#5085=EDGE_CURVE('',#4156,#4110,#1587,.T.);
#5086=EDGE_CURVE('',#4157,#4156,#1588,.T.);
#5087=EDGE_CURVE('',#4111,#4157,#1589,.T.);
#5088=EDGE_CURVE('',#4155,#4153,#1590,.T.);
#5089=EDGE_CURVE('',#4157,#4158,#1591,.T.);
#5090=EDGE_CURVE('',#4158,#4112,#1592,.T.);
#5091=EDGE_CURVE('',#4159,#4158,#1593,.T.);
#5092=EDGE_CURVE('',#4159,#4109,#1594,.T.);
#5093=EDGE_CURVE('',#4108,#4160,#1595,.T.);
#5094=EDGE_CURVE('',#4161,#4160,#1596,.T.);
#5095=EDGE_CURVE('',#4161,#4162,#1597,.T.);
#5096=EDGE_CURVE('',#4133,#4162,#1598,.T.);
#5097=EDGE_CURVE('',#4009,#4162,#1599,.T.);
#5098=EDGE_CURVE('',#4010,#4161,#1600,.T.);
#5099=EDGE_CURVE('',#4011,#4160,#1601,.T.);
#5100=EDGE_CURVE('',#4156,#4159,#1602,.T.);
#5101=EDGE_CURVE('',#4163,#4135,#1603,.T.);
#5102=EDGE_CURVE('',#4164,#4163,#1604,.T.);
#5103=EDGE_CURVE('',#4149,#4164,#1605,.T.);
#5104=EDGE_CURVE('',#4165,#4148,#1606,.T.);
#5105=EDGE_CURVE('',#4165,#4166,#1607,.T.);
#5106=EDGE_CURVE('',#4167,#4166,#1608,.T.);
#5107=EDGE_CURVE('',#4167,#4168,#332,.T.);
#5108=EDGE_CURVE('',#4169,#4168,#1609,.T.);
#5109=EDGE_CURVE('',#4169,#4170,#1610,.T.);
#5110=EDGE_CURVE('',#4170,#4134,#1611,.T.);
#5111=EDGE_CURVE('',#4170,#4023,#1612,.T.);
#5112=EDGE_CURVE('',#4169,#4024,#1613,.T.);
#5113=EDGE_CURVE('',#4168,#4025,#1614,.T.);
#5114=EDGE_CURVE('',#4026,#4167,#1615,.T.);
#5115=EDGE_CURVE('',#4027,#4166,#1616,.T.);
#5116=EDGE_CURVE('',#4165,#4028,#1617,.T.);
#5117=EDGE_CURVE('',#4171,#4164,#1618,.T.);
#5118=EDGE_CURVE('',#4171,#4150,#1619,.T.);
#5119=EDGE_CURVE('',#4172,#4171,#1620,.T.);
#5120=EDGE_CURVE('',#4172,#4151,#1621,.T.);
#5121=EDGE_CURVE('',#4172,#4163,#1622,.T.);
#5122=EDGE_CURVE('',#4173,#4147,#1623,.T.);
#5123=EDGE_CURVE('',#4031,#4173,#1624,.T.);
#5124=EDGE_CURVE('',#4174,#4173,#1625,.T.);
#5125=EDGE_CURVE('',#4174,#4032,#1626,.T.);
#5126=EDGE_CURVE('',#4174,#4175,#1627,.T.);
#5127=EDGE_CURVE('',#4175,#4033,#1628,.T.);
#5128=EDGE_CURVE('',#4176,#4175,#333,.T.);
#5129=EDGE_CURVE('',#4034,#4176,#1629,.T.);
#5130=EDGE_CURVE('',#4176,#4177,#1630,.T.);
#5131=EDGE_CURVE('',#4035,#4177,#1631,.T.);
#5132=EDGE_CURVE('',#4178,#4177,#1632,.T.);
#5133=EDGE_CURVE('',#4178,#4036,#1633,.T.);
#5134=EDGE_CURVE('',#4178,#4142,#1634,.T.);
#5135=EDGE_CURVE('',#4179,#4146,#1635,.T.);
#5136=EDGE_CURVE('',#4180,#4179,#1636,.T.);
#5137=EDGE_CURVE('',#4143,#4180,#1637,.T.);
#5138=EDGE_CURVE('',#4181,#4180,#1638,.T.);
#5139=EDGE_CURVE('',#4181,#4144,#1639,.T.);
#5140=EDGE_CURVE('',#4182,#4181,#1640,.T.);
#5141=EDGE_CURVE('',#4182,#4145,#1641,.T.);
#5142=EDGE_CURVE('',#4182,#4179,#1642,.T.);
#5143=EDGE_CURVE('',#4183,#4184,#1643,.T.);
#5144=EDGE_CURVE('',#4185,#4184,#1644,.T.);
#5145=EDGE_CURVE('',#4185,#4186,#1645,.T.);
#5146=EDGE_CURVE('',#4186,#4187,#1646,.T.);
#5147=EDGE_CURVE('',#4187,#4188,#1647,.T.);
#5148=EDGE_CURVE('',#4064,#4188,#1648,.T.);
#5149=EDGE_CURVE('',#4068,#4189,#1649,.T.);
#5150=EDGE_CURVE('',#4189,#4190,#1650,.T.);
#5151=EDGE_CURVE('',#4191,#4190,#1651,.T.);
#5152=EDGE_CURVE('',#4191,#4192,#1652,.T.);
#5153=EDGE_CURVE('',#4192,#4193,#1653,.T.);
#5154=EDGE_CURVE('',#4193,#4194,#1654,.T.);
#5155=EDGE_CURVE('',#4070,#4194,#1655,.T.);
#5156=EDGE_CURVE('',#4074,#4195,#1656,.T.);
#5157=EDGE_CURVE('',#4195,#4196,#1657,.T.);
#5158=EDGE_CURVE('',#4197,#4196,#1658,.T.);
#5159=EDGE_CURVE('',#4197,#4198,#1659,.T.);
#5160=EDGE_CURVE('',#4198,#4199,#1660,.T.);
#5161=EDGE_CURVE('',#4199,#4200,#1661,.T.);
#5162=EDGE_CURVE('',#4058,#4200,#1662,.T.);
#5163=EDGE_CURVE('',#4062,#4201,#1663,.T.);
#5164=EDGE_CURVE('',#4201,#4202,#1664,.T.);
#5165=EDGE_CURVE('',#4203,#4202,#1665,.T.);
#5166=EDGE_CURVE('',#4203,#4204,#1666,.T.);
#5167=EDGE_CURVE('',#4204,#4205,#1667,.T.);
#5168=EDGE_CURVE('',#4205,#4206,#1668,.T.);
#5169=EDGE_CURVE('',#3968,#4206,#1669,.T.);
#5170=EDGE_CURVE('',#3967,#4207,#1670,.T.);
#5171=EDGE_CURVE('',#4207,#4208,#1671,.T.);
#5172=EDGE_CURVE('',#4209,#4208,#1672,.T.);
#5173=EDGE_CURVE('',#4209,#4210,#1673,.T.);
#5174=EDGE_CURVE('',#4210,#4211,#1674,.T.);
#5175=EDGE_CURVE('',#4211,#4212,#1675,.T.);
#5176=EDGE_CURVE('',#4055,#4212,#1676,.T.);
#5177=EDGE_CURVE('',#4054,#4213,#1677,.T.);
#5178=EDGE_CURVE('',#4213,#4214,#1678,.T.);
#5179=EDGE_CURVE('',#4215,#4214,#1679,.T.);
#5180=EDGE_CURVE('',#4215,#4216,#1680,.T.);
#5181=EDGE_CURVE('',#4216,#4217,#1681,.T.);
#5182=EDGE_CURVE('',#4217,#4218,#1682,.T.);
#5183=EDGE_CURVE('',#4049,#4218,#1683,.T.);
#5184=EDGE_CURVE('',#4048,#4219,#1684,.T.);
#5185=EDGE_CURVE('',#4219,#4220,#1685,.T.);
#5186=EDGE_CURVE('',#4221,#4220,#1686,.T.);
#5187=EDGE_CURVE('',#4221,#4222,#1687,.T.);
#5188=EDGE_CURVE('',#4222,#4223,#1688,.T.);
#5189=EDGE_CURVE('',#4223,#4224,#1689,.T.);
#5190=EDGE_CURVE('',#4039,#4224,#1690,.T.);
#5191=EDGE_CURVE('',#3979,#4183,#1691,.T.);
#5192=EDGE_CURVE('',#4183,#4225,#1692,.T.);
#5193=EDGE_CURVE('',#4226,#4225,#1693,.T.);
#5194=EDGE_CURVE('',#4226,#4227,#1694,.T.);
#5195=EDGE_CURVE('',#4227,#4228,#1695,.T.);
#5196=EDGE_CURVE('',#4228,#4229,#334,.T.);
#5197=EDGE_CURVE('',#4229,#4230,#1696,.T.);
#5198=EDGE_CURVE('',#4230,#4231,#335,.T.);
#5199=EDGE_CURVE('',#4231,#4232,#1697,.T.);
#5200=EDGE_CURVE('',#4232,#4233,#1698,.T.);
#5201=EDGE_CURVE('',#4234,#4233,#1699,.T.);
#5202=EDGE_CURVE('',#4234,#4206,#1700,.T.);
#5203=EDGE_CURVE('',#4235,#4205,#1701,.T.);
#5204=EDGE_CURVE('',#4236,#4235,#1702,.T.);
#5205=EDGE_CURVE('',#4202,#4236,#1703,.T.);
#5206=EDGE_CURVE('',#4201,#4237,#1704,.T.);
#5207=EDGE_CURVE('',#4238,#4237,#1705,.T.);
#5208=EDGE_CURVE('',#4238,#4239,#1706,.T.);
#5209=EDGE_CURVE('',#4240,#4239,#1707,.T.);
#5210=EDGE_CURVE('',#4240,#4200,#1708,.T.);
#5211=EDGE_CURVE('',#4241,#4199,#1709,.T.);
#5212=EDGE_CURVE('',#4242,#4241,#1710,.T.);
#5213=EDGE_CURVE('',#4242,#4196,#1711,.T.);
#5214=EDGE_CURVE('',#4195,#4243,#1712,.T.);
#5215=EDGE_CURVE('',#4244,#4243,#1713,.T.);
#5216=EDGE_CURVE('',#4244,#4245,#1714,.T.);
#5217=EDGE_CURVE('',#4246,#4245,#1715,.T.);
#5218=EDGE_CURVE('',#4246,#4194,#1716,.T.);
#5219=EDGE_CURVE('',#4247,#4193,#1717,.T.);
#5220=EDGE_CURVE('',#4248,#4247,#1718,.T.);
#5221=EDGE_CURVE('',#4190,#4248,#1719,.T.);
#5222=EDGE_CURVE('',#4189,#4249,#1720,.T.);
#5223=EDGE_CURVE('',#4250,#4249,#1721,.T.);
#5224=EDGE_CURVE('',#4250,#4251,#1722,.T.);
#5225=EDGE_CURVE('',#4252,#4251,#1723,.T.);
#5226=EDGE_CURVE('',#4252,#4188,#1724,.T.);
#5227=EDGE_CURVE('',#4253,#4187,#1725,.T.);
#5228=EDGE_CURVE('',#4254,#4253,#1726,.T.);
#5229=EDGE_CURVE('',#4184,#4254,#1727,.T.);
#5230=EDGE_CURVE('',#4207,#4255,#1728,.T.);
#5231=EDGE_CURVE('',#4256,#4255,#1729,.T.);
#5232=EDGE_CURVE('',#4256,#4257,#336,.T.);
#5233=EDGE_CURVE('',#4258,#4257,#1730,.T.);
#5234=EDGE_CURVE('',#4258,#4212,#1731,.T.);
#5235=EDGE_CURVE('',#4259,#4211,#1732,.T.);
#5236=EDGE_CURVE('',#4260,#4259,#1733,.T.);
#5237=EDGE_CURVE('',#4260,#4208,#1734,.T.);
#5238=EDGE_CURVE('',#4261,#4254,#1735,.T.);
#5239=EDGE_CURVE('',#4261,#4185,#1736,.T.);
#5240=EDGE_CURVE('',#4262,#4261,#1737,.T.);
#5241=EDGE_CURVE('',#4262,#4186,#1738,.T.);
#5242=EDGE_CURVE('',#4263,#4191,#1739,.T.);
#5243=EDGE_CURVE('',#4264,#4263,#1740,.T.);
#5244=EDGE_CURVE('',#4192,#4264,#1741,.T.);
#5245=EDGE_CURVE('',#4265,#4197,#1742,.T.);
#5246=EDGE_CURVE('',#4266,#4265,#1743,.T.);
#5247=EDGE_CURVE('',#4198,#4266,#1744,.T.);
#5248=EDGE_CURVE('',#4267,#4203,#1745,.T.);
#5249=EDGE_CURVE('',#4268,#4267,#1746,.T.);
#5250=EDGE_CURVE('',#4204,#4268,#1747,.T.);
#5251=EDGE_CURVE('',#4269,#4209,#1748,.T.);
#5252=EDGE_CURVE('',#4270,#4269,#1749,.T.);
#5253=EDGE_CURVE('',#4210,#4270,#1750,.T.);
#5254=EDGE_CURVE('',#3943,#4271,#1751,.T.);
#5255=EDGE_CURVE('',#4272,#4271,#1752,.T.);
#5256=EDGE_CURVE('',#4272,#4273,#1753,.T.);
#5257=EDGE_CURVE('',#4273,#4274,#1754,.T.);
#5258=EDGE_CURVE('',#4274,#4275,#1755,.T.);
#5259=EDGE_CURVE('',#4276,#4275,#1756,.T.);
#5260=EDGE_CURVE('',#4276,#3942,#1757,.T.);
#5261=EDGE_CURVE('',#4262,#4253,#1758,.T.);
#5262=EDGE_CURVE('',#4263,#4248,#1759,.T.);
#5263=EDGE_CURVE('',#4264,#4247,#1760,.T.);
#5264=EDGE_CURVE('',#4267,#4236,#1761,.T.);
#5265=EDGE_CURVE('',#4268,#4235,#1762,.T.);
#5266=EDGE_CURVE('',#4270,#4259,#1763,.T.);
#5267=EDGE_CURVE('',#4269,#4260,#1764,.T.);
#5268=EDGE_CURVE('',#4266,#4241,#1765,.T.);
#5269=EDGE_CURVE('',#4265,#4242,#1766,.T.);
#5270=EDGE_CURVE('',#4276,#4277,#1767,.T.);
#5271=EDGE_CURVE('',#3944,#4277,#1768,.T.);
#5272=EDGE_CURVE('',#4278,#4277,#1769,.T.);
#5273=EDGE_CURVE('',#4278,#4279,#1770,.T.);
#5274=EDGE_CURVE('',#4280,#4279,#1771,.T.);
#5275=EDGE_CURVE('',#4280,#4281,#1772,.T.);
#5276=EDGE_CURVE('',#4282,#4281,#1773,.T.);
#5277=EDGE_CURVE('',#4282,#3945,#1774,.T.);
#5278=EDGE_CURVE('',#4271,#4282,#1775,.T.);
#5279=EDGE_CURVE('',#4272,#4281,#1776,.T.);
#5280=EDGE_CURVE('',#4280,#4273,#1777,.T.);
#5281=EDGE_CURVE('',#4279,#4274,#1778,.T.);
#5282=EDGE_CURVE('',#4275,#4278,#1779,.T.);
#5283=EDGE_CURVE('',#4252,#4063,#1780,.T.);
#5284=EDGE_CURVE('',#4065,#4251,#1781,.T.);
#5285=EDGE_CURVE('',#4066,#4250,#1782,.T.);
#5286=EDGE_CURVE('',#4067,#4249,#1783,.T.);
#5287=EDGE_CURVE('',#4246,#4069,#1784,.T.);
#5288=EDGE_CURVE('',#4071,#4245,#1785,.T.);
#5289=EDGE_CURVE('',#4072,#4244,#1786,.T.);
#5290=EDGE_CURVE('',#4073,#4243,#1787,.T.);
#5291=EDGE_CURVE('',#4240,#4057,#1788,.T.);
#5292=EDGE_CURVE('',#4059,#4239,#1789,.T.);
#5293=EDGE_CURVE('',#4060,#4238,#1790,.T.);
#5294=EDGE_CURVE('',#4061,#4237,#1791,.T.);
#5295=EDGE_CURVE('',#3969,#4234,#1792,.T.);
#5296=EDGE_CURVE('',#3970,#4233,#1793,.T.);
#5297=EDGE_CURVE('',#3971,#4232,#1794,.T.);
#5298=EDGE_CURVE('',#4231,#3972,#1795,.T.);
#5299=EDGE_CURVE('',#3973,#4230,#1796,.T.);
#5300=EDGE_CURVE('',#4229,#3974,#1797,.T.);
#5301=EDGE_CURVE('',#3975,#4228,#1798,.T.);
#5302=EDGE_CURVE('',#3976,#4227,#1799,.T.);
#5303=EDGE_CURVE('',#3977,#4226,#1800,.T.);
#5304=EDGE_CURVE('',#3978,#4225,#1801,.T.);
#5305=EDGE_CURVE('',#4056,#4258,#1802,.T.);
#5306=EDGE_CURVE('',#4257,#3965,#1803,.T.);
#5307=EDGE_CURVE('',#3964,#4256,#1804,.T.);
#5308=EDGE_CURVE('',#3966,#4255,#1805,.T.);
#5309=EDGE_CURVE('',#4283,#4224,#1806,.T.);
#5310=EDGE_CURVE('',#4283,#4040,#1807,.T.);
#5311=EDGE_CURVE('',#4283,#4284,#1808,.T.);
#5312=EDGE_CURVE('',#4041,#4284,#1809,.T.);
#5313=EDGE_CURVE('',#4285,#4284,#1810,.T.);
#5314=EDGE_CURVE('',#4042,#4285,#1811,.T.);
#5315=EDGE_CURVE('',#4285,#4286,#1812,.T.);
#5316=EDGE_CURVE('',#4286,#4043,#1813,.T.);
#5317=EDGE_CURVE('',#4287,#4286,#337,.T.);
#5318=EDGE_CURVE('',#4044,#4287,#1814,.T.);
#5319=EDGE_CURVE('',#4287,#4288,#1815,.T.);
#5320=EDGE_CURVE('',#4288,#4045,#1816,.T.);
#5321=EDGE_CURVE('',#4289,#4288,#338,.T.);
#5322=EDGE_CURVE('',#4046,#4289,#1817,.T.);
#5323=EDGE_CURVE('',#4289,#4290,#1818,.T.);
#5324=EDGE_CURVE('',#4047,#4290,#1819,.T.);
#5325=EDGE_CURVE('',#4219,#4290,#1820,.T.);
#5326=EDGE_CURVE('',#4291,#4223,#1821,.T.);
#5327=EDGE_CURVE('',#4292,#4291,#1822,.T.);
#5328=EDGE_CURVE('',#4220,#4292,#1823,.T.);
#5329=EDGE_CURVE('',#4293,#4292,#1824,.T.);
#5330=EDGE_CURVE('',#4293,#4221,#1825,.T.);
#5331=EDGE_CURVE('',#4293,#4294,#1826,.T.);
#5332=EDGE_CURVE('',#4294,#4222,#1827,.T.);
#5333=EDGE_CURVE('',#4294,#4291,#1828,.T.);
#5334=EDGE_CURVE('',#4295,#4218,#1829,.T.);
#5335=EDGE_CURVE('',#4050,#4295,#1830,.T.);
#5336=EDGE_CURVE('',#4295,#4296,#1831,.T.);
#5337=EDGE_CURVE('',#4296,#4051,#1832,.T.);
#5338=EDGE_CURVE('',#4297,#4296,#339,.T.);
#5339=EDGE_CURVE('',#4052,#4297,#1833,.T.);
#5340=EDGE_CURVE('',#4297,#4298,#1834,.T.);
#5341=EDGE_CURVE('',#4053,#4298,#1835,.T.);
#5342=EDGE_CURVE('',#4213,#4298,#1836,.T.);
#5343=EDGE_CURVE('',#4299,#4217,#1837,.T.);
#5344=EDGE_CURVE('',#4300,#4299,#1838,.T.);
#5345=EDGE_CURVE('',#4214,#4300,#1839,.T.);
#5346=EDGE_CURVE('',#4301,#4300,#1840,.T.);
#5347=EDGE_CURVE('',#4301,#4215,#1841,.T.);
#5348=EDGE_CURVE('',#4301,#4302,#1842,.T.);
#5349=EDGE_CURVE('',#4302,#4216,#1843,.T.);
#5350=EDGE_CURVE('',#4302,#4299,#1844,.T.);
#5351=EDGE_CURVE('',#4303,#4141,#1845,.T.);
#5352=EDGE_CURVE('',#4015,#4303,#1846,.T.);
#5353=EDGE_CURVE('',#4304,#4303,#1847,.T.);
#5354=EDGE_CURVE('',#4304,#4016,#1848,.T.);
#5355=EDGE_CURVE('',#4304,#4305,#1849,.T.);
#5356=EDGE_CURVE('',#4305,#4017,#1850,.T.);
#5357=EDGE_CURVE('',#4306,#4305,#340,.T.);
#5358=EDGE_CURVE('',#4018,#4306,#1851,.T.);
#5359=EDGE_CURVE('',#4306,#4307,#1852,.T.);
#5360=EDGE_CURVE('',#4019,#4307,#1853,.T.);
#5361=EDGE_CURVE('',#4308,#4307,#1854,.T.);
#5362=EDGE_CURVE('',#4308,#4020,#1855,.T.);
#5363=EDGE_CURVE('',#4308,#4136,#1856,.T.);
#5364=EDGE_CURVE('',#4309,#4140,#1857,.T.);
#5365=EDGE_CURVE('',#4310,#4309,#1858,.T.);
#5366=EDGE_CURVE('',#4310,#4137,#1859,.T.);
#5367=EDGE_CURVE('',#4311,#4310,#1860,.T.);
#5368=EDGE_CURVE('',#4311,#4138,#1861,.T.);
#5369=EDGE_CURVE('',#4312,#4311,#1862,.T.);
#5370=EDGE_CURVE('',#4139,#4312,#1863,.T.);
#5371=EDGE_CURVE('',#4312,#4309,#1864,.T.);
#5372=EDGE_CURVE('',#4313,#4107,#1865,.T.);
#5373=EDGE_CURVE('',#4313,#3981,#1866,.T.);
#5374=EDGE_CURVE('',#4313,#4314,#1867,.T.);
#5375=EDGE_CURVE('',#3982,#4314,#1868,.T.);
#5376=EDGE_CURVE('',#4315,#4314,#1869,.T.);
#5377=EDGE_CURVE('',#3983,#4315,#1870,.T.);
#5378=EDGE_CURVE('',#4316,#4315,#1871,.T.);
#5379=EDGE_CURVE('',#4316,#3984,#1872,.T.);
#5380=EDGE_CURVE('',#4317,#4316,#341,.T.);
#5381=EDGE_CURVE('',#3985,#4317,#1873,.T.);
#5382=EDGE_CURVE('',#4318,#4317,#1874,.T.);
#5383=EDGE_CURVE('',#4318,#3986,#1875,.T.);
#5384=EDGE_CURVE('',#4319,#4318,#342,.T.);
#5385=EDGE_CURVE('',#3987,#4319,#1876,.T.);
#5386=EDGE_CURVE('',#4320,#4319,#1877,.T.);
#5387=EDGE_CURVE('',#3988,#4320,#1878,.T.);
#5388=EDGE_CURVE('',#4321,#4320,#1879,.T.);
#5389=EDGE_CURVE('',#3989,#4321,#1880,.T.);
#5390=EDGE_CURVE('',#4321,#4322,#1881,.T.);
#5391=EDGE_CURVE('',#3990,#4322,#1882,.T.);
#5392=EDGE_CURVE('',#4085,#4322,#1883,.T.);
#5393=EDGE_CURVE('',#4323,#4106,#1884,.T.);
#5394=EDGE_CURVE('',#4324,#4323,#1885,.T.);
#5395=EDGE_CURVE('',#4324,#4103,#1886,.T.);
#5396=EDGE_CURVE('',#4102,#4325,#1887,.T.);
#5397=EDGE_CURVE('',#4326,#4325,#1888,.T.);
#5398=EDGE_CURVE('',#4326,#4327,#1889,.T.);
#5399=EDGE_CURVE('',#4328,#4327,#1890,.T.);
#5400=EDGE_CURVE('',#4328,#4101,#1891,.T.);
#5401=EDGE_CURVE('',#4329,#4100,#1892,.T.);
#5402=EDGE_CURVE('',#4330,#4329,#1893,.T.);
#5403=EDGE_CURVE('',#4097,#4330,#1894,.T.);
#5404=EDGE_CURVE('',#4096,#4331,#1895,.T.);
#5405=EDGE_CURVE('',#4332,#4331,#1896,.T.);
#5406=EDGE_CURVE('',#4332,#4333,#1897,.T.);
#5407=EDGE_CURVE('',#4334,#4333,#1898,.T.);
#5408=EDGE_CURVE('',#4334,#4095,#1899,.T.);
#5409=EDGE_CURVE('',#4335,#4094,#1900,.T.);
#5410=EDGE_CURVE('',#4336,#4335,#1901,.T.);
#5411=EDGE_CURVE('',#4091,#4336,#1902,.T.);
#5412=EDGE_CURVE('',#4090,#4337,#1903,.T.);
#5413=EDGE_CURVE('',#4338,#4337,#1904,.T.);
#5414=EDGE_CURVE('',#4338,#4339,#1905,.T.);
#5415=EDGE_CURVE('',#4076,#4339,#1906,.T.);
#5416=EDGE_CURVE('',#4340,#4089,#1907,.T.);
#5417=EDGE_CURVE('',#4341,#4340,#1908,.T.);
#5418=EDGE_CURVE('',#4086,#4341,#1909,.T.);
#5419=EDGE_CURVE('',#4342,#4341,#1910,.T.);
#5420=EDGE_CURVE('',#4342,#4087,#1911,.T.);
#5421=EDGE_CURVE('',#4343,#4104,#1912,.T.);
#5422=EDGE_CURVE('',#4343,#4344,#1913,.T.);
#5423=EDGE_CURVE('',#4105,#4344,#1914,.T.);
#5424=EDGE_CURVE('',#4345,#4098,#1915,.T.);
#5425=EDGE_CURVE('',#4345,#4346,#1916,.T.);
#5426=EDGE_CURVE('',#4099,#4346,#1917,.T.);
#5427=EDGE_CURVE('',#4347,#4092,#1918,.T.);
#5428=EDGE_CURVE('',#4347,#4348,#1919,.T.);
#5429=EDGE_CURVE('',#4348,#4093,#1920,.T.);
#5430=EDGE_CURVE('',#4342,#4349,#1921,.T.);
#5431=EDGE_CURVE('',#4349,#4088,#1922,.T.);
#5432=EDGE_CURVE('',#3940,#4350,#1923,.T.);
#5433=EDGE_CURVE('',#4351,#4350,#1924,.T.);
#5434=EDGE_CURVE('',#4351,#4352,#1925,.T.);
#5435=EDGE_CURVE('',#4353,#4352,#1926,.T.);
#5436=EDGE_CURVE('',#4353,#4354,#1927,.T.);
#5437=EDGE_CURVE('',#4355,#4354,#1928,.T.);
#5438=EDGE_CURVE('',#4355,#3941,#1929,.T.);
#5439=EDGE_CURVE('',#4344,#4323,#1930,.T.);
#5440=EDGE_CURVE('',#4343,#4324,#1931,.T.);
#5441=EDGE_CURVE('',#4348,#4335,#1932,.T.);
#5442=EDGE_CURVE('',#4347,#4336,#1933,.T.);
#5443=EDGE_CURVE('',#4349,#4340,#1934,.T.);
#5444=EDGE_CURVE('',#4345,#4330,#1935,.T.);
#5445=EDGE_CURVE('',#4346,#4329,#1936,.T.);
#5446=EDGE_CURVE('',#4355,#4356,#1937,.T.);
#5447=EDGE_CURVE('',#3939,#4356,#1938,.T.);
#5448=EDGE_CURVE('',#4357,#4356,#1939,.T.);
#5449=EDGE_CURVE('',#4357,#4358,#1940,.T.);
#5450=EDGE_CURVE('',#4359,#4358,#1941,.T.);
#5451=EDGE_CURVE('',#4359,#4360,#1942,.T.);
#5452=EDGE_CURVE('',#4361,#4360,#1943,.T.);
#5453=EDGE_CURVE('',#4361,#3938,#1944,.T.);
#5454=EDGE_CURVE('',#4350,#4361,#1945,.T.);
#5455=EDGE_CURVE('',#4351,#4360,#1946,.T.);
#5456=EDGE_CURVE('',#4359,#4352,#1947,.T.);
#5457=EDGE_CURVE('',#4358,#4353,#1948,.T.);
#5458=EDGE_CURVE('',#4354,#4357,#1949,.T.);
#5459=EDGE_CURVE('',#3948,#4339,#1950,.T.);
#5460=EDGE_CURVE('',#3949,#4338,#1951,.T.);
#5461=EDGE_CURVE('',#3950,#4337,#1952,.T.);
#5462=EDGE_CURVE('',#4334,#3952,#1953,.T.);
#5463=EDGE_CURVE('',#3954,#4333,#1954,.T.);
#5464=EDGE_CURVE('',#3955,#4332,#1955,.T.);
#5465=EDGE_CURVE('',#3956,#4331,#1956,.T.);
#5466=EDGE_CURVE('',#3963,#4328,#1957,.T.);
#5467=EDGE_CURVE('',#3959,#4327,#1958,.T.);
#5468=EDGE_CURVE('',#3958,#4326,#1959,.T.);
#5469=EDGE_CURVE('',#3960,#4325,#1960,.T.);
#5470=EDGE_CURVE('',#4362,#4084,#1961,.T.);
#5471=EDGE_CURVE('',#4362,#3993,#1962,.T.);
#5472=EDGE_CURVE('',#4362,#4363,#1963,.T.);
#5473=EDGE_CURVE('',#4363,#3994,#1964,.T.);
#5474=EDGE_CURVE('',#4364,#4363,#343,.T.);
#5475=EDGE_CURVE('',#3995,#4364,#1965,.T.);
#5476=EDGE_CURVE('',#4364,#4365,#1966,.T.);
#5477=EDGE_CURVE('',#3996,#4365,#1967,.T.);
#5478=EDGE_CURVE('',#4079,#4365,#1968,.T.);
#5479=EDGE_CURVE('',#4366,#4083,#1969,.T.);
#5480=EDGE_CURVE('',#4367,#4366,#1970,.T.);
#5481=EDGE_CURVE('',#4080,#4367,#1971,.T.);
#5482=EDGE_CURVE('',#4368,#4367,#1972,.T.);
#5483=EDGE_CURVE('',#4368,#4081,#1973,.T.);
#5484=EDGE_CURVE('',#4369,#4368,#1974,.T.);
#5485=EDGE_CURVE('',#4369,#4082,#1975,.T.);
#5486=EDGE_CURVE('',#4369,#4366,#1976,.T.);
#5487=EDGE_CURVE('',#4370,#4371,#1977,.T.);
#5488=EDGE_CURVE('',#4371,#4372,#1978,.T.);
#5489=EDGE_CURVE('',#4373,#4372,#1979,.T.);
#5490=EDGE_CURVE('',#4374,#4373,#1980,.T.);
#5491=EDGE_CURVE('',#4375,#4374,#1981,.T.);
#5492=EDGE_CURVE('',#4375,#4376,#1982,.T.);
#5493=EDGE_CURVE('',#4376,#4377,#1983,.T.);
#5494=EDGE_CURVE('',#4377,#4378,#1984,.T.);
#5495=EDGE_CURVE('',#4379,#4378,#1985,.T.);
#5496=EDGE_CURVE('',#4380,#4379,#1986,.T.);
#5497=EDGE_CURVE('',#4381,#4380,#1987,.T.);
#5498=EDGE_CURVE('',#4381,#4382,#1988,.T.);
#5499=EDGE_CURVE('',#4382,#4383,#1989,.T.);
#5500=EDGE_CURVE('',#4383,#4384,#1990,.T.);
#5501=EDGE_CURVE('',#4385,#4384,#1991,.T.);
#5502=EDGE_CURVE('',#4386,#4385,#1992,.T.);
#5503=EDGE_CURVE('',#4387,#4386,#1993,.T.);
#5504=EDGE_CURVE('',#4387,#4388,#1994,.T.);
#5505=EDGE_CURVE('',#4388,#4389,#1995,.T.);
#5506=EDGE_CURVE('',#4389,#4390,#1996,.T.);
#5507=EDGE_CURVE('',#4391,#4390,#1997,.T.);
#5508=EDGE_CURVE('',#4392,#4391,#1998,.T.);
#5509=EDGE_CURVE('',#4393,#4392,#1999,.T.);
#5510=EDGE_CURVE('',#4393,#4394,#344,.T.);
#5511=EDGE_CURVE('',#4395,#4394,#2000,.T.);
#5512=EDGE_CURVE('',#4395,#4396,#345,.T.);
#5513=EDGE_CURVE('',#4397,#4396,#2001,.T.);
#5514=EDGE_CURVE('',#4398,#4397,#2002,.T.);
#5515=EDGE_CURVE('',#4399,#4398,#2003,.T.);
#5516=EDGE_CURVE('',#4399,#4370,#2004,.T.);
#5517=EDGE_CURVE('',#4400,#4401,#2005,.T.);
#5518=EDGE_CURVE('',#4402,#4401,#2006,.T.);
#5519=EDGE_CURVE('',#4403,#4402,#2007,.T.);
#5520=EDGE_CURVE('',#4403,#4404,#2008,.T.);
#5521=EDGE_CURVE('',#4404,#4405,#2009,.T.);
#5522=EDGE_CURVE('',#4405,#4371,#2010,.T.);
#5523=EDGE_CURVE('',#4400,#4370,#2011,.T.);
#5524=EDGE_CURVE('',#4406,#4407,#2012,.T.);
#5525=EDGE_CURVE('',#4408,#4407,#2013,.T.);
#5526=EDGE_CURVE('',#4409,#4408,#2014,.T.);
#5527=EDGE_CURVE('',#4409,#4410,#2015,.T.);
#5528=EDGE_CURVE('',#4410,#4411,#2016,.T.);
#5529=EDGE_CURVE('',#4411,#4377,#2017,.T.);
#5530=EDGE_CURVE('',#4376,#4406,#2018,.T.);
#5531=EDGE_CURVE('',#4412,#4413,#2019,.T.);
#5532=EDGE_CURVE('',#4414,#4413,#2020,.T.);
#5533=EDGE_CURVE('',#4415,#4414,#2021,.T.);
#5534=EDGE_CURVE('',#4415,#4416,#2022,.T.);
#5535=EDGE_CURVE('',#4416,#4417,#2023,.T.);
#5536=EDGE_CURVE('',#4417,#4383,#2024,.T.);
#5537=EDGE_CURVE('',#4412,#4382,#2025,.T.);
#5538=EDGE_CURVE('',#4418,#4419,#2026,.T.);
#5539=EDGE_CURVE('',#4420,#4419,#2027,.T.);
#5540=EDGE_CURVE('',#4421,#4420,#2028,.T.);
#5541=EDGE_CURVE('',#4421,#4422,#2029,.T.);
#5542=EDGE_CURVE('',#4422,#4423,#2030,.T.);
#5543=EDGE_CURVE('',#4423,#4389,#2031,.T.);
#5544=EDGE_CURVE('',#4418,#4388,#2032,.T.);
#5545=EDGE_CURVE('',#4424,#4400,#2033,.T.);
#5546=EDGE_CURVE('',#4424,#4425,#2034,.T.);
#5547=EDGE_CURVE('',#4426,#4425,#2035,.T.);
#5548=EDGE_CURVE('',#4427,#4426,#2036,.T.);
#5549=EDGE_CURVE('',#4428,#4427,#346,.T.);
#5550=EDGE_CURVE('',#4429,#4428,#2037,.T.);
#5551=EDGE_CURVE('',#4430,#4429,#347,.T.);
#5552=EDGE_CURVE('',#4431,#4430,#2038,.T.);
#5553=EDGE_CURVE('',#4432,#4431,#2039,.T.);
#5554=EDGE_CURVE('',#4432,#4433,#2040,.T.);
#5555=EDGE_CURVE('',#4423,#4433,#2041,.T.);
#5556=EDGE_CURVE('',#4422,#4434,#2042,.T.);
#5557=EDGE_CURVE('',#4434,#4435,#2043,.T.);
#5558=EDGE_CURVE('',#4435,#4419,#2044,.T.);
#5559=EDGE_CURVE('',#4436,#4418,#2045,.T.);
#5560=EDGE_CURVE('',#4436,#4437,#2046,.T.);
#5561=EDGE_CURVE('',#4438,#4437,#2047,.T.);
#5562=EDGE_CURVE('',#4438,#4439,#2048,.T.);
#5563=EDGE_CURVE('',#4417,#4439,#2049,.T.);
#5564=EDGE_CURVE('',#4416,#4440,#2050,.T.);
#5565=EDGE_CURVE('',#4440,#4441,#2051,.T.);
#5566=EDGE_CURVE('',#4441,#4413,#2052,.T.);
#5567=EDGE_CURVE('',#4442,#4412,#2053,.T.);
#5568=EDGE_CURVE('',#4442,#4443,#2054,.T.);
#5569=EDGE_CURVE('',#4444,#4443,#2055,.T.);
#5570=EDGE_CURVE('',#4444,#4445,#2056,.T.);
#5571=EDGE_CURVE('',#4411,#4445,#2057,.T.);
#5572=EDGE_CURVE('',#4410,#4446,#2058,.T.);
#5573=EDGE_CURVE('',#4446,#4447,#2059,.T.);
#5574=EDGE_CURVE('',#4447,#4407,#2060,.T.);
#5575=EDGE_CURVE('',#4448,#4406,#2061,.T.);
#5576=EDGE_CURVE('',#4448,#4449,#2062,.T.);
#5577=EDGE_CURVE('',#4450,#4449,#2063,.T.);
#5578=EDGE_CURVE('',#4450,#4451,#2064,.T.);
#5579=EDGE_CURVE('',#4405,#4451,#2065,.T.);
#5580=EDGE_CURVE('',#4452,#4404,#2066,.T.);
#5581=EDGE_CURVE('',#4452,#4453,#2067,.T.);
#5582=EDGE_CURVE('',#4453,#4401,#2068,.T.);
#5583=EDGE_CURVE('',#4454,#4453,#2069,.T.);
#5584=EDGE_CURVE('',#4402,#4454,#2070,.T.);
#5585=EDGE_CURVE('',#4455,#4420,#2071,.T.);
#5586=EDGE_CURVE('',#4456,#4455,#2072,.T.);
#5587=EDGE_CURVE('',#4456,#4421,#2073,.T.);
#5588=EDGE_CURVE('',#4457,#4414,#2074,.T.);
#5589=EDGE_CURVE('',#4458,#4457,#2075,.T.);
#5590=EDGE_CURVE('',#4458,#4415,#2076,.T.);
#5591=EDGE_CURVE('',#4408,#4459,#2077,.T.);
#5592=EDGE_CURVE('',#4460,#4459,#2078,.T.);
#5593=EDGE_CURVE('',#4460,#4409,#2079,.T.);
#5594=EDGE_CURVE('',#4461,#4454,#2080,.T.);
#5595=EDGE_CURVE('',#4461,#4403,#2081,.T.);
#5596=EDGE_CURVE('',#4456,#4434,#2082,.T.);
#5597=EDGE_CURVE('',#4461,#4452,#2083,.T.);
#5598=EDGE_CURVE('',#4457,#4441,#2084,.T.);
#5599=EDGE_CURVE('',#4458,#4440,#2085,.T.);
#5600=EDGE_CURVE('',#4455,#4435,#2086,.T.);
#5601=EDGE_CURVE('',#4460,#4446,#2087,.T.);
#5602=EDGE_CURVE('',#4459,#4447,#2088,.T.);
#5603=EDGE_CURVE('',#4372,#4451,#2089,.T.);
#5604=EDGE_CURVE('',#4373,#4450,#2090,.T.);
#5605=EDGE_CURVE('',#4374,#4449,#2091,.T.);
#5606=EDGE_CURVE('',#4375,#4448,#2092,.T.);
#5607=EDGE_CURVE('',#4378,#4445,#2093,.T.);
#5608=EDGE_CURVE('',#4379,#4444,#2094,.T.);
#5609=EDGE_CURVE('',#4380,#4443,#2095,.T.);
#5610=EDGE_CURVE('',#4442,#4381,#2096,.T.);
#5611=EDGE_CURVE('',#4384,#4439,#2097,.T.);
#5612=EDGE_CURVE('',#4385,#4438,#2098,.T.);
#5613=EDGE_CURVE('',#4386,#4437,#2099,.T.);
#5614=EDGE_CURVE('',#4436,#4387,#2100,.T.);
#5615=EDGE_CURVE('',#4390,#4433,#2101,.T.);
#5616=EDGE_CURVE('',#4391,#4432,#2102,.T.);
#5617=EDGE_CURVE('',#4392,#4431,#2103,.T.);
#5618=EDGE_CURVE('',#4393,#4430,#2104,.T.);
#5619=EDGE_CURVE('',#4429,#4394,#2105,.T.);
#5620=EDGE_CURVE('',#4395,#4428,#2106,.T.);
#5621=EDGE_CURVE('',#4427,#4396,#2107,.T.);
#5622=EDGE_CURVE('',#4397,#4426,#2108,.T.);
#5623=EDGE_CURVE('',#4398,#4425,#2109,.T.);
#5624=EDGE_CURVE('',#4424,#4399,#2110,.T.);
#5625=EDGE_CURVE('',#4462,#4463,#2111,.T.);
#5626=EDGE_CURVE('',#4463,#4464,#2112,.T.);
#5627=EDGE_CURVE('',#4464,#4465,#2113,.T.);
#5628=EDGE_CURVE('',#4462,#4465,#2114,.T.);
#5629=EDGE_CURVE('',#4466,#4462,#2115,.T.);
#5630=EDGE_CURVE('',#4466,#4467,#2116,.T.);
#5631=EDGE_CURVE('',#4468,#4467,#2117,.T.);
#5632=EDGE_CURVE('',#4468,#4469,#2118,.T.);
#5633=EDGE_CURVE('',#4470,#4469,#2119,.T.);
#5634=EDGE_CURVE('',#4470,#4471,#2120,.T.);
#5635=EDGE_CURVE('',#4463,#4471,#2121,.T.);
#5636=EDGE_CURVE('',#4472,#4471,#2122,.T.);
#5637=EDGE_CURVE('',#4472,#4464,#2123,.T.);
#5638=EDGE_CURVE('',#4472,#4473,#2124,.T.);
#5639=EDGE_CURVE('',#4474,#4473,#2125,.T.);
#5640=EDGE_CURVE('',#4474,#4475,#2126,.T.);
#5641=EDGE_CURVE('',#4476,#4475,#2127,.T.);
#5642=EDGE_CURVE('',#4476,#4477,#2128,.T.);
#5643=EDGE_CURVE('',#4465,#4477,#2129,.T.);
#5644=EDGE_CURVE('',#4477,#4466,#2130,.T.);
#5645=EDGE_CURVE('',#4476,#4467,#2131,.T.);
#5646=EDGE_CURVE('',#4468,#4475,#2132,.T.);
#5647=EDGE_CURVE('',#4469,#4474,#2133,.T.);
#5648=EDGE_CURVE('',#4473,#4470,#2134,.T.);
#5649=EDGE_CURVE('',#4478,#4479,#2135,.T.);
#5650=EDGE_CURVE('',#4480,#4479,#2136,.T.);
#5651=EDGE_CURVE('',#4480,#4481,#2137,.T.);
#5652=EDGE_CURVE('',#4481,#4482,#2138,.T.);
#5653=EDGE_CURVE('',#4482,#4483,#2139,.T.);
#5654=EDGE_CURVE('',#4483,#4484,#2140,.T.);
#5655=EDGE_CURVE('',#4485,#4484,#2141,.T.);
#5656=EDGE_CURVE('',#4485,#4478,#2142,.T.);
#5657=EDGE_CURVE('',#4486,#4478,#2143,.T.);
#5658=EDGE_CURVE('',#4486,#4487,#2144,.T.);
#5659=EDGE_CURVE('',#4488,#4487,#2145,.T.);
#5660=EDGE_CURVE('',#4488,#4489,#2146,.T.);
#5661=EDGE_CURVE('',#4489,#4490,#2147,.T.);
#5662=EDGE_CURVE('',#4491,#4490,#2148,.T.);
#5663=EDGE_CURVE('',#4491,#4492,#2149,.T.);
#5664=EDGE_CURVE('',#4483,#4492,#2150,.T.);
#5665=EDGE_CURVE('',#4493,#4482,#2151,.T.);
#5666=EDGE_CURVE('',#4493,#4494,#2152,.T.);
#5667=EDGE_CURVE('',#4494,#4479,#2153,.T.);
#5668=EDGE_CURVE('',#4495,#4494,#2154,.T.);
#5669=EDGE_CURVE('',#4480,#4495,#2155,.T.);
#5670=EDGE_CURVE('',#4495,#4496,#2156,.T.);
#5671=EDGE_CURVE('',#4496,#4481,#2157,.T.);
#5672=EDGE_CURVE('',#4496,#4493,#2158,.T.);
#5673=EDGE_CURVE('',#4497,#4492,#2159,.T.);
#5674=EDGE_CURVE('',#4484,#4497,#2160,.T.);
#5675=EDGE_CURVE('',#4498,#4497,#2161,.T.);
#5676=EDGE_CURVE('',#4499,#4498,#2162,.T.);
#5677=EDGE_CURVE('',#4500,#4499,#2163,.T.);
#5678=EDGE_CURVE('',#4501,#4500,#2164,.T.);
#5679=EDGE_CURVE('',#4501,#4502,#2165,.T.);
#5680=EDGE_CURVE('',#4503,#4502,#2166,.T.);
#5681=EDGE_CURVE('',#4503,#4485,#2167,.T.);
#5682=EDGE_CURVE('',#4486,#4503,#2168,.T.);
#5683=EDGE_CURVE('',#4502,#4487,#2169,.T.);
#5684=EDGE_CURVE('',#4501,#4488,#2170,.T.);
#5685=EDGE_CURVE('',#4500,#4489,#2171,.T.);
#5686=EDGE_CURVE('',#4499,#4490,#2172,.T.);
#5687=EDGE_CURVE('',#4498,#4491,#2173,.T.);
#5688=EDGE_CURVE('',#4504,#4505,#2174,.T.);
#5689=EDGE_CURVE('',#4506,#4505,#2175,.T.);
#5690=EDGE_CURVE('',#4507,#4506,#2176,.T.);
#5691=EDGE_CURVE('',#4507,#4504,#2177,.T.);
#5692=EDGE_CURVE('',#4508,#4509,#2178,.T.);
#5693=EDGE_CURVE('',#4508,#4505,#2179,.T.);
#5694=EDGE_CURVE('',#4509,#4504,#2180,.T.);
#5695=EDGE_CURVE('',#4510,#4509,#2181,.T.);
#5696=EDGE_CURVE('',#4511,#4510,#2182,.T.);
#5697=EDGE_CURVE('',#4508,#4511,#2183,.T.);
#5698=EDGE_CURVE('',#4511,#4506,#2184,.T.);
#5699=EDGE_CURVE('',#4507,#4510,#2185,.T.);
#5700=EDGE_CURVE('',#4512,#4513,#2186,.T.);
#5701=EDGE_CURVE('',#4514,#4512,#2187,.T.);
#5702=EDGE_CURVE('',#4514,#4515,#2188,.T.);
#5703=EDGE_CURVE('',#4516,#4515,#348,.T.);
#5704=EDGE_CURVE('',#4516,#4517,#2189,.T.);
#5705=EDGE_CURVE('',#4518,#4517,#2190,.T.);
#5706=EDGE_CURVE('',#4519,#4518,#2191,.T.);
#5707=EDGE_CURVE('',#4519,#4520,#2192,.T.);
#5708=EDGE_CURVE('',#4520,#4521,#2193,.T.);
#5709=EDGE_CURVE('',#4521,#4513,#2194,.T.);
#5710=EDGE_CURVE('',#4522,#4513,#2195,.T.);
#5711=EDGE_CURVE('',#4522,#4523,#2196,.T.);
#5712=EDGE_CURVE('',#4523,#4519,#2197,.T.);
#5713=EDGE_CURVE('',#4518,#4524,#2198,.T.);
#5714=EDGE_CURVE('',#4525,#4524,#2199,.T.);
#5715=EDGE_CURVE('',#4525,#4512,#2200,.T.);
#5716=EDGE_CURVE('',#4526,#4525,#2201,.T.);
#5717=EDGE_CURVE('',#4514,#4526,#2202,.T.);
#5718=EDGE_CURVE('',#4526,#4527,#2203,.T.);
#5719=EDGE_CURVE('',#4515,#4527,#2204,.T.);
#5720=EDGE_CURVE('',#4528,#4527,#349,.T.);
#5721=EDGE_CURVE('',#4528,#4516,#2205,.T.);
#5722=EDGE_CURVE('',#4528,#4529,#2206,.T.);
#5723=EDGE_CURVE('',#4529,#4517,#2207,.T.);
#5724=EDGE_CURVE('',#4524,#4529,#2208,.T.);
#5725=EDGE_CURVE('',#4530,#4523,#2209,.T.);
#5726=EDGE_CURVE('',#4530,#4520,#2210,.T.);
#5727=EDGE_CURVE('',#4531,#4521,#2211,.T.);
#5728=EDGE_CURVE('',#4531,#4530,#2212,.T.);
#5729=EDGE_CURVE('',#4531,#4522,#2213,.T.);
#5730=EDGE_CURVE('',#4532,#4533,#2214,.T.);
#5731=EDGE_CURVE('',#4533,#4534,#2215,.T.);
#5732=EDGE_CURVE('',#4534,#4535,#2216,.T.);
#5733=EDGE_CURVE('',#4535,#4536,#2217,.T.);
#5734=EDGE_CURVE('',#4536,#4537,#2218,.T.);
#5735=EDGE_CURVE('',#4538,#4537,#2219,.T.);
#5736=EDGE_CURVE('',#4539,#4538,#2220,.T.);
#5737=EDGE_CURVE('',#4539,#4540,#2221,.T.);
#5738=EDGE_CURVE('',#4541,#4540,#350,.T.);
#5739=EDGE_CURVE('',#4541,#4542,#2222,.T.);
#5740=EDGE_CURVE('',#4543,#4542,#2223,.T.);
#5741=EDGE_CURVE('',#4543,#4532,#2224,.T.);
#5742=EDGE_CURVE('',#4532,#4544,#2225,.T.);
#5743=EDGE_CURVE('',#4544,#4545,#2226,.T.);
#5744=EDGE_CURVE('',#4545,#4537,#2227,.T.);
#5745=EDGE_CURVE('',#4546,#4536,#2228,.T.);
#5746=EDGE_CURVE('',#4547,#4546,#2229,.T.);
#5747=EDGE_CURVE('',#4547,#4533,#2230,.T.);
#5748=EDGE_CURVE('',#4548,#4547,#2231,.T.);
#5749=EDGE_CURVE('',#4548,#4534,#2232,.T.);
#5750=EDGE_CURVE('',#4548,#4549,#2233,.T.);
#5751=EDGE_CURVE('',#4549,#4535,#2234,.T.);
#5752=EDGE_CURVE('',#4549,#4546,#2235,.T.);
#5753=EDGE_CURVE('',#4550,#4545,#2236,.T.);
#5754=EDGE_CURVE('',#4550,#4538,#2237,.T.);
#5755=EDGE_CURVE('',#4551,#4550,#2238,.T.);
#5756=EDGE_CURVE('',#4551,#4539,#2239,.T.);
#5757=EDGE_CURVE('',#4551,#4552,#2240,.T.);
#5758=EDGE_CURVE('',#4540,#4552,#2241,.T.);
#5759=EDGE_CURVE('',#4553,#4552,#351,.T.);
#5760=EDGE_CURVE('',#4553,#4541,#2242,.T.);
#5761=EDGE_CURVE('',#4553,#4554,#2243,.T.);
#5762=EDGE_CURVE('',#4554,#4542,#2244,.T.);
#5763=EDGE_CURVE('',#4555,#4554,#2245,.T.);
#5764=EDGE_CURVE('',#4555,#4543,#2246,.T.);
#5765=EDGE_CURVE('',#4555,#4544,#2247,.T.);
#5766=EDGE_CURVE('',#4556,#4557,#2248,.T.);
#5767=EDGE_CURVE('',#4558,#4556,#2249,.T.);
#5768=EDGE_CURVE('',#4559,#4558,#2250,.T.);
#5769=EDGE_CURVE('',#4559,#4560,#2251,.T.);
#5770=EDGE_CURVE('',#4561,#4560,#352,.T.);
#5771=EDGE_CURVE('',#4561,#4562,#2252,.T.);
#5772=EDGE_CURVE('',#4563,#4562,#2253,.T.);
#5773=EDGE_CURVE('',#4563,#4564,#2254,.T.);
#5774=EDGE_CURVE('',#4565,#4564,#2255,.T.);
#5775=EDGE_CURVE('',#4566,#4565,#2256,.T.);
#5776=EDGE_CURVE('',#4566,#4567,#2257,.T.);
#5777=EDGE_CURVE('',#4567,#4557,#2258,.T.);
#5778=EDGE_CURVE('',#4568,#4557,#2259,.T.);
#5779=EDGE_CURVE('',#4568,#4569,#2260,.T.);
#5780=EDGE_CURVE('',#4569,#4565,#2261,.T.);
#5781=EDGE_CURVE('',#4564,#4570,#2262,.T.);
#5782=EDGE_CURVE('',#4571,#4570,#2263,.T.);
#5783=EDGE_CURVE('',#4571,#4556,#2264,.T.);
#5784=EDGE_CURVE('',#4572,#4571,#2265,.T.);
#5785=EDGE_CURVE('',#4572,#4558,#2266,.T.);
#5786=EDGE_CURVE('',#4573,#4572,#2267,.T.);
#5787=EDGE_CURVE('',#4559,#4573,#2268,.T.);
#5788=EDGE_CURVE('',#4573,#4574,#2269,.T.);
#5789=EDGE_CURVE('',#4560,#4574,#2270,.T.);
#5790=EDGE_CURVE('',#4575,#4574,#353,.T.);
#5791=EDGE_CURVE('',#4575,#4561,#2271,.T.);
#5792=EDGE_CURVE('',#4575,#4576,#2272,.T.);
#5793=EDGE_CURVE('',#4576,#4562,#2273,.T.);
#5794=EDGE_CURVE('',#4577,#4576,#2274,.T.);
#5795=EDGE_CURVE('',#4563,#4577,#2275,.T.);
#5796=EDGE_CURVE('',#4577,#4570,#2276,.T.);
#5797=EDGE_CURVE('',#4578,#4569,#2277,.T.);
#5798=EDGE_CURVE('',#4578,#4566,#2278,.T.);
#5799=EDGE_CURVE('',#4579,#4567,#2279,.T.);
#5800=EDGE_CURVE('',#4579,#4578,#2280,.T.);
#5801=EDGE_CURVE('',#4568,#4579,#2281,.T.);
#5802=EDGE_CURVE('',#4580,#4581,#2282,.T.);
#5803=EDGE_CURVE('',#4582,#4580,#2283,.T.);
#5804=EDGE_CURVE('',#4583,#4582,#2284,.T.);
#5805=EDGE_CURVE('',#4583,#4584,#2285,.T.);
#5806=EDGE_CURVE('',#4585,#4584,#354,.T.);
#5807=EDGE_CURVE('',#4585,#4586,#2286,.T.);
#5808=EDGE_CURVE('',#4587,#4586,#2287,.T.);
#5809=EDGE_CURVE('',#4587,#4588,#2288,.T.);
#5810=EDGE_CURVE('',#4589,#4588,#2289,.T.);
#5811=EDGE_CURVE('',#4589,#4590,#2290,.T.);
#5812=EDGE_CURVE('',#4590,#4591,#2291,.T.);
#5813=EDGE_CURVE('',#4591,#4581,#2292,.T.);
#5814=EDGE_CURVE('',#4592,#4581,#2293,.T.);
#5815=EDGE_CURVE('',#4592,#4593,#2294,.T.);
#5816=EDGE_CURVE('',#4593,#4589,#2295,.T.);
#5817=EDGE_CURVE('',#4588,#4594,#2296,.T.);
#5818=EDGE_CURVE('',#4595,#4594,#2297,.T.);
#5819=EDGE_CURVE('',#4595,#4580,#2298,.T.);
#5820=EDGE_CURVE('',#4596,#4595,#2299,.T.);
#5821=EDGE_CURVE('',#4596,#4582,#2300,.T.);
#5822=EDGE_CURVE('',#4597,#4596,#2301,.T.);
#5823=EDGE_CURVE('',#4583,#4597,#2302,.T.);
#5824=EDGE_CURVE('',#4597,#4598,#2303,.T.);
#5825=EDGE_CURVE('',#4584,#4598,#2304,.T.);
#5826=EDGE_CURVE('',#4599,#4598,#355,.T.);
#5827=EDGE_CURVE('',#4599,#4585,#2305,.T.);
#5828=EDGE_CURVE('',#4599,#4600,#2306,.T.);
#5829=EDGE_CURVE('',#4600,#4586,#2307,.T.);
#5830=EDGE_CURVE('',#4601,#4600,#2308,.T.);
#5831=EDGE_CURVE('',#4587,#4601,#2309,.T.);
#5832=EDGE_CURVE('',#4601,#4594,#2310,.T.);
#5833=EDGE_CURVE('',#4602,#4593,#2311,.T.);
#5834=EDGE_CURVE('',#4602,#4590,#2312,.T.);
#5835=EDGE_CURVE('',#4603,#4602,#2313,.T.);
#5836=EDGE_CURVE('',#4603,#4591,#2314,.T.);
#5837=EDGE_CURVE('',#4603,#4592,#2315,.T.);
#5838=EDGE_CURVE('',#4604,#4605,#2316,.T.);
#5839=EDGE_CURVE('',#4606,#4604,#2317,.T.);
#5840=EDGE_CURVE('',#4606,#4607,#2318,.T.);
#5841=EDGE_CURVE('',#4608,#4607,#356,.T.);
#5842=EDGE_CURVE('',#4608,#4609,#2319,.T.);
#5843=EDGE_CURVE('',#4610,#4609,#2320,.T.);
#5844=EDGE_CURVE('',#4611,#4610,#2321,.T.);
#5845=EDGE_CURVE('',#4611,#4612,#2322,.T.);
#5846=EDGE_CURVE('',#4612,#4613,#2323,.T.);
#5847=EDGE_CURVE('',#4613,#4605,#2324,.T.);
#5848=EDGE_CURVE('',#4614,#4605,#2325,.T.);
#5849=EDGE_CURVE('',#4614,#4615,#2326,.T.);
#5850=EDGE_CURVE('',#4615,#4611,#2327,.T.);
#5851=EDGE_CURVE('',#4610,#4616,#2328,.T.);
#5852=EDGE_CURVE('',#4617,#4616,#2329,.T.);
#5853=EDGE_CURVE('',#4617,#4604,#2330,.T.);
#5854=EDGE_CURVE('',#4618,#4617,#2331,.T.);
#5855=EDGE_CURVE('',#4606,#4618,#2332,.T.);
#5856=EDGE_CURVE('',#4618,#4619,#2333,.T.);
#5857=EDGE_CURVE('',#4607,#4619,#2334,.T.);
#5858=EDGE_CURVE('',#4620,#4619,#357,.T.);
#5859=EDGE_CURVE('',#4620,#4608,#2335,.T.);
#5860=EDGE_CURVE('',#4620,#4621,#2336,.T.);
#5861=EDGE_CURVE('',#4621,#4609,#2337,.T.);
#5862=EDGE_CURVE('',#4616,#4621,#2338,.T.);
#5863=EDGE_CURVE('',#4622,#4615,#2339,.T.);
#5864=EDGE_CURVE('',#4622,#4612,#2340,.T.);
#5865=EDGE_CURVE('',#4623,#4622,#2341,.T.);
#5866=EDGE_CURVE('',#4623,#4613,#2342,.T.);
#5867=EDGE_CURVE('',#4623,#4614,#2343,.T.);
#5868=EDGE_CURVE('',#4624,#4625,#358,.T.);
#5869=EDGE_CURVE('',#4625,#4626,#2344,.T.);
#5870=EDGE_CURVE('',#4627,#4626,#359,.T.);
#5871=EDGE_CURVE('',#4627,#4624,#2345,.T.);
#5872=EDGE_CURVE('',#4628,#4629,#2346,.T.);
#5873=EDGE_CURVE('',#4629,#4630,#2347,.T.);
#5874=EDGE_CURVE('',#4630,#4631,#2348,.T.);
#5875=EDGE_CURVE('',#4631,#4632,#2349,.T.);
#5876=EDGE_CURVE('',#4632,#4633,#2350,.T.);
#5877=EDGE_CURVE('',#4634,#4633,#2351,.T.);
#5878=EDGE_CURVE('',#4635,#4634,#2352,.T.);
#5879=EDGE_CURVE('',#4635,#4636,#2353,.T.);
#5880=EDGE_CURVE('',#4637,#4636,#2354,.T.);
#5881=EDGE_CURVE('',#4637,#4625,#2355,.T.);
#5882=EDGE_CURVE('',#4624,#4638,#2356,.T.);
#5883=EDGE_CURVE('',#4639,#4638,#360,.T.);
#5884=EDGE_CURVE('',#4639,#4640,#2357,.T.);
#5885=EDGE_CURVE('',#4641,#4640,#2358,.T.);
#5886=EDGE_CURVE('',#4641,#4628,#2359,.T.);
#5887=EDGE_CURVE('',#4642,#4643,#2360,.T.);
#5888=EDGE_CURVE('',#4643,#4633,#2361,.T.);
#5889=EDGE_CURVE('',#4644,#4632,#2362,.T.);
#5890=EDGE_CURVE('',#4645,#4644,#2363,.T.);
#5891=EDGE_CURVE('',#4645,#4629,#2364,.T.);
#5892=EDGE_CURVE('',#4628,#4642,#2365,.T.);
#5893=EDGE_CURVE('',#4646,#4642,#2366,.T.);
#5894=EDGE_CURVE('',#4646,#4647,#2367,.T.);
#5895=EDGE_CURVE('',#4648,#4647,#2368,.T.);
#5896=EDGE_CURVE('',#4648,#4649,#361,.T.);
#5897=EDGE_CURVE('',#4627,#4649,#2369,.T.);
#5898=EDGE_CURVE('',#4650,#4626,#2370,.T.);
#5899=EDGE_CURVE('',#4651,#4650,#2371,.T.);
#5900=EDGE_CURVE('',#4652,#4651,#2372,.T.);
#5901=EDGE_CURVE('',#4652,#4653,#2373,.T.);
#5902=EDGE_CURVE('',#4653,#4643,#2374,.T.);
#5903=EDGE_CURVE('',#4634,#4653,#2375,.T.);
#5904=EDGE_CURVE('',#4635,#4652,#2376,.T.);
#5905=EDGE_CURVE('',#4651,#4636,#2377,.T.);
#5906=EDGE_CURVE('',#4650,#4637,#2378,.T.);
#5907=EDGE_CURVE('',#4638,#4649,#2379,.T.);
#5908=EDGE_CURVE('',#4648,#4639,#2380,.T.);
#5909=EDGE_CURVE('',#4647,#4640,#2381,.T.);
#5910=EDGE_CURVE('',#4641,#4646,#2382,.T.);
#5911=EDGE_CURVE('',#4654,#4645,#2383,.T.);
#5912=EDGE_CURVE('',#4654,#4630,#2384,.T.);
#5913=EDGE_CURVE('',#4655,#4631,#2385,.T.);
#5914=EDGE_CURVE('',#4654,#4655,#2386,.T.);
#5915=EDGE_CURVE('',#4655,#4644,#2387,.T.);
#5916=EDGE_CURVE('',#4656,#4657,#2388,.T.);
#5917=EDGE_CURVE('',#4658,#4656,#2389,.T.);
#5918=EDGE_CURVE('',#4658,#4659,#2390,.T.);
#5919=EDGE_CURVE('',#4659,#4657,#2391,.T.);
#5920=EDGE_CURVE('',#4660,#4661,#2392,.T.);
#5921=EDGE_CURVE('',#4656,#4661,#2393,.T.);
#5922=EDGE_CURVE('',#4657,#4662,#2394,.T.);
#5923=EDGE_CURVE('',#4662,#4663,#2395,.T.);
#5924=EDGE_CURVE('',#4663,#4664,#2396,.T.);
#5925=EDGE_CURVE('',#4665,#4664,#2397,.T.);
#5926=EDGE_CURVE('',#4665,#4660,#2398,.T.);
#5927=EDGE_CURVE('',#4666,#4660,#2399,.T.);
#5928=EDGE_CURVE('',#4667,#4666,#2400,.T.);
#5929=EDGE_CURVE('',#4667,#4668,#2401,.T.);
#5930=EDGE_CURVE('',#4669,#4668,#362,.T.);
#5931=EDGE_CURVE('',#4669,#4670,#2402,.T.);
#5932=EDGE_CURVE('',#4671,#4670,#2403,.T.);
#5933=EDGE_CURVE('',#4671,#4663,#2404,.T.);
#5934=EDGE_CURVE('',#4662,#4672,#2405,.T.);
#5935=EDGE_CURVE('',#4672,#4673,#2406,.T.);
#5936=EDGE_CURVE('',#4673,#4661,#2407,.T.);
#5937=EDGE_CURVE('',#4658,#4673,#2408,.T.);
#5938=EDGE_CURVE('',#4659,#4672,#2409,.T.);
#5939=EDGE_CURVE('',#4671,#4674,#2410,.T.);
#5940=EDGE_CURVE('',#4674,#4664,#2411,.T.);
#5941=EDGE_CURVE('',#4674,#4675,#2412,.T.);
#5942=EDGE_CURVE('',#4676,#4675,#2413,.T.);
#5943=EDGE_CURVE('',#4676,#4677,#363,.T.);
#5944=EDGE_CURVE('',#4678,#4677,#2414,.T.);
#5945=EDGE_CURVE('',#4678,#4679,#2415,.T.);
#5946=EDGE_CURVE('',#4679,#4665,#2416,.T.);
#5947=EDGE_CURVE('',#4666,#4679,#2417,.T.);
#5948=EDGE_CURVE('',#4667,#4678,#2418,.T.);
#5949=EDGE_CURVE('',#4668,#4677,#2419,.T.);
#5950=EDGE_CURVE('',#4676,#4669,#2420,.T.);
#5951=EDGE_CURVE('',#4675,#4670,#2421,.T.);
#5952=EDGE_CURVE('',#4680,#4681,#2422,.T.);
#5953=EDGE_CURVE('',#4680,#4682,#2423,.T.);
#5954=EDGE_CURVE('',#4682,#4683,#2424,.T.);
#5955=EDGE_CURVE('',#4683,#4684,#2425,.T.);
#5956=EDGE_CURVE('',#4685,#4684,#2426,.T.);
#5957=EDGE_CURVE('',#4686,#4685,#2427,.T.);
#5958=EDGE_CURVE('',#4686,#4687,#2428,.T.);
#5959=EDGE_CURVE('',#4687,#4681,#2429,.T.);
#5960=EDGE_CURVE('',#4688,#4681,#2430,.T.);
#5961=EDGE_CURVE('',#4688,#4689,#2431,.T.);
#5962=EDGE_CURVE('',#4689,#4685,#2432,.T.);
#5963=EDGE_CURVE('',#4690,#4684,#2433,.T.);
#5964=EDGE_CURVE('',#4691,#4690,#2434,.T.);
#5965=EDGE_CURVE('',#4691,#4692,#2435,.T.);
#5966=EDGE_CURVE('',#4693,#4692,#364,.T.);
#5967=EDGE_CURVE('',#4693,#4694,#2436,.T.);
#5968=EDGE_CURVE('',#4695,#4694,#2437,.T.);
#5969=EDGE_CURVE('',#4695,#4680,#2438,.T.);
#5970=EDGE_CURVE('',#4696,#4695,#2439,.T.);
#5971=EDGE_CURVE('',#4696,#4682,#2440,.T.);
#5972=EDGE_CURVE('',#4696,#4697,#2441,.T.);
#5973=EDGE_CURVE('',#4698,#4697,#2442,.T.);
#5974=EDGE_CURVE('',#4698,#4699,#365,.T.);
#5975=EDGE_CURVE('',#4700,#4699,#2443,.T.);
#5976=EDGE_CURVE('',#4700,#4701,#2444,.T.);
#5977=EDGE_CURVE('',#4701,#4683,#2445,.T.);
#5978=EDGE_CURVE('',#4701,#4690,#2446,.T.);
#5979=EDGE_CURVE('',#4700,#4691,#2447,.T.);
#5980=EDGE_CURVE('',#4692,#4699,#2448,.T.);
#5981=EDGE_CURVE('',#4698,#4693,#2449,.T.);
#5982=EDGE_CURVE('',#4697,#4694,#2450,.T.);
#5983=EDGE_CURVE('',#4702,#4689,#2451,.T.);
#5984=EDGE_CURVE('',#4686,#4702,#2452,.T.);
#5985=EDGE_CURVE('',#4702,#4703,#2453,.T.);
#5986=EDGE_CURVE('',#4703,#4687,#2454,.T.);
#5987=EDGE_CURVE('',#4703,#4688,#2455,.T.);
#5988=EDGE_CURVE('',#4704,#4705,#2456,.T.);
#5989=EDGE_CURVE('',#4705,#4706,#2457,.T.);
#5990=EDGE_CURVE('',#4707,#4706,#2458,.T.);
#5991=EDGE_CURVE('',#4704,#4707,#2459,.T.);
#5992=EDGE_CURVE('',#4708,#4709,#2460,.T.);
#5993=EDGE_CURVE('',#4709,#4710,#2461,.T.);
#5994=EDGE_CURVE('',#4710,#4711,#2462,.T.);
#5995=EDGE_CURVE('',#4711,#4712,#2463,.T.);
#5996=EDGE_CURVE('',#4712,#4713,#2464,.T.);
#5997=EDGE_CURVE('',#4714,#4713,#2465,.T.);
#5998=EDGE_CURVE('',#4715,#4714,#2466,.T.);
#5999=EDGE_CURVE('',#4715,#4716,#2467,.T.);
#6000=EDGE_CURVE('',#4717,#4716,#2468,.T.);
#6001=EDGE_CURVE('',#4717,#4718,#2469,.T.);
#6002=EDGE_CURVE('',#4719,#4718,#2470,.T.);
#6003=EDGE_CURVE('',#4719,#4720,#2471,.T.);
#6004=EDGE_CURVE('',#4720,#4721,#2472,.T.);
#6005=EDGE_CURVE('',#4721,#4722,#2473,.T.);
#6006=EDGE_CURVE('',#4722,#4723,#2474,.T.);
#6007=EDGE_CURVE('',#4723,#4724,#2475,.T.);
#6008=EDGE_CURVE('',#4724,#4725,#2476,.T.);
#6009=EDGE_CURVE('',#4705,#4725,#2477,.T.);
#6010=EDGE_CURVE('',#4704,#4726,#2478,.T.);
#6011=EDGE_CURVE('',#4727,#4726,#2479,.T.);
#6012=EDGE_CURVE('',#4727,#4728,#2480,.T.);
#6013=EDGE_CURVE('',#4729,#4728,#2481,.T.);
#6014=EDGE_CURVE('',#4729,#4730,#2482,.T.);
#6015=EDGE_CURVE('',#4730,#4731,#2483,.T.);
#6016=EDGE_CURVE('',#4732,#4731,#2484,.T.);
#6017=EDGE_CURVE('',#4732,#4733,#2485,.T.);
#6018=EDGE_CURVE('',#4733,#4734,#2486,.T.);
#6019=EDGE_CURVE('',#4734,#4735,#2487,.T.);
#6020=EDGE_CURVE('',#4736,#4735,#2488,.T.);
#6021=EDGE_CURVE('',#4737,#4736,#2489,.T.);
#6022=EDGE_CURVE('',#4737,#4738,#2490,.T.);
#6023=EDGE_CURVE('',#4739,#4738,#2491,.T.);
#6024=EDGE_CURVE('',#4739,#4740,#2492,.T.);
#6025=EDGE_CURVE('',#4741,#4740,#2493,.T.);
#6026=EDGE_CURVE('',#4741,#4742,#2494,.T.);
#6027=EDGE_CURVE('',#4742,#4743,#2495,.T.);
#6028=EDGE_CURVE('',#4743,#4744,#2496,.T.);
#6029=EDGE_CURVE('',#4744,#4745,#2497,.T.);
#6030=EDGE_CURVE('',#4745,#4746,#2498,.T.);
#6031=EDGE_CURVE('',#4746,#4747,#2499,.T.);
#6032=EDGE_CURVE('',#4748,#4747,#2500,.T.);
#6033=EDGE_CURVE('',#4749,#4748,#2501,.T.);
#6034=EDGE_CURVE('',#4749,#4750,#2502,.T.);
#6035=EDGE_CURVE('',#4751,#4750,#2503,.T.);
#6036=EDGE_CURVE('',#4752,#4751,#2504,.T.);
#6037=EDGE_CURVE('',#4753,#4752,#366,.T.);
#6038=EDGE_CURVE('',#4754,#4753,#2505,.T.);
#6039=EDGE_CURVE('',#4755,#4754,#367,.T.);
#6040=EDGE_CURVE('',#4756,#4755,#2506,.T.);
#6041=EDGE_CURVE('',#4757,#4756,#2507,.T.);
#6042=EDGE_CURVE('',#4757,#4758,#2508,.T.);
#6043=EDGE_CURVE('',#4759,#4758,#2509,.T.);
#6044=EDGE_CURVE('',#4759,#4708,#2510,.T.);
#6045=EDGE_CURVE('',#4708,#4760,#2511,.T.);
#6046=EDGE_CURVE('',#4760,#4761,#2512,.T.);
#6047=EDGE_CURVE('',#4761,#4713,#2513,.T.);
#6048=EDGE_CURVE('',#4762,#4712,#2514,.T.);
#6049=EDGE_CURVE('',#4762,#4763,#2515,.T.);
#6050=EDGE_CURVE('',#4763,#4709,#2516,.T.);
#6051=EDGE_CURVE('',#4720,#4764,#2517,.T.);
#6052=EDGE_CURVE('',#4764,#4765,#2518,.T.);
#6053=EDGE_CURVE('',#4765,#4725,#2519,.T.);
#6054=EDGE_CURVE('',#4766,#4724,#2520,.T.);
#6055=EDGE_CURVE('',#4766,#4767,#2521,.T.);
#6056=EDGE_CURVE('',#4767,#4721,#2522,.T.);
#6057=EDGE_CURVE('',#4730,#4768,#2523,.T.);
#6058=EDGE_CURVE('',#4768,#4769,#2524,.T.);
#6059=EDGE_CURVE('',#4769,#4735,#2525,.T.);
#6060=EDGE_CURVE('',#4770,#4734,#2526,.T.);
#6061=EDGE_CURVE('',#4770,#4771,#2527,.T.);
#6062=EDGE_CURVE('',#4771,#4731,#2528,.T.);
#6063=EDGE_CURVE('',#4742,#4772,#2529,.T.);
#6064=EDGE_CURVE('',#4772,#4773,#2530,.T.);
#6065=EDGE_CURVE('',#4773,#4747,#2531,.T.);
#6066=EDGE_CURVE('',#4774,#4746,#2532,.T.);
#6067=EDGE_CURVE('',#4774,#4775,#2533,.T.);
#6068=EDGE_CURVE('',#4775,#4743,#2534,.T.);
#6069=EDGE_CURVE('',#4776,#4763,#2535,.T.);
#6070=EDGE_CURVE('',#4776,#4710,#2536,.T.);
#6071=EDGE_CURVE('',#4777,#4722,#2537,.T.);
#6072=EDGE_CURVE('',#4778,#4777,#2538,.T.);
#6073=EDGE_CURVE('',#4778,#4723,#2539,.T.);
#6074=EDGE_CURVE('',#4779,#4744,#2540,.T.);
#6075=EDGE_CURVE('',#4780,#4779,#2541,.T.);
#6076=EDGE_CURVE('',#4780,#4745,#2542,.T.);
#6077=EDGE_CURVE('',#4781,#4733,#2543,.T.);
#6078=EDGE_CURVE('',#4782,#4732,#2544,.T.);
#6079=EDGE_CURVE('',#4781,#4782,#2545,.T.);
#6080=EDGE_CURVE('',#4783,#4711,#2546,.T.);
#6081=EDGE_CURVE('',#4783,#4776,#2547,.T.);
#6082=EDGE_CURVE('',#4777,#4767,#2548,.T.);
#6083=EDGE_CURVE('',#4774,#4780,#2549,.T.);
#6084=EDGE_CURVE('',#4779,#4775,#2550,.T.);
#6085=EDGE_CURVE('',#4770,#4781,#2551,.T.);
#6086=EDGE_CURVE('',#4782,#4771,#2552,.T.);
#6087=EDGE_CURVE('',#4766,#4778,#2553,.T.);
#6088=EDGE_CURVE('',#4783,#4762,#2554,.T.);
#6089=EDGE_CURVE('',#4784,#4761,#2555,.T.);
#6090=EDGE_CURVE('',#4714,#4784,#2556,.T.);
#6091=EDGE_CURVE('',#4785,#4784,#2557,.T.);
#6092=EDGE_CURVE('',#4715,#4785,#2558,.T.);
#6093=EDGE_CURVE('',#4785,#4786,#2559,.T.);
#6094=EDGE_CURVE('',#4786,#4716,#2560,.T.);
#6095=EDGE_CURVE('',#4786,#4787,#2561,.T.);
#6096=EDGE_CURVE('',#4787,#4717,#2562,.T.);
#6097=EDGE_CURVE('',#4787,#4788,#2563,.T.);
#6098=EDGE_CURVE('',#4788,#4718,#2564,.T.);
#6099=EDGE_CURVE('',#4789,#4788,#2565,.T.);
#6100=EDGE_CURVE('',#4719,#4789,#2566,.T.);
#6101=EDGE_CURVE('',#4789,#4764,#2567,.T.);
#6102=EDGE_CURVE('',#4790,#4760,#2568,.T.);
#6103=EDGE_CURVE('',#4790,#4791,#2569,.T.);
#6104=EDGE_CURVE('',#4792,#4791,#2570,.T.);
#6105=EDGE_CURVE('',#4793,#4792,#2571,.T.);
#6106=EDGE_CURVE('',#4794,#4793,#2572,.T.);
#6107=EDGE_CURVE('',#4794,#4795,#368,.T.);
#6108=EDGE_CURVE('',#4796,#4795,#2573,.T.);
#6109=EDGE_CURVE('',#4796,#4797,#369,.T.);
#6110=EDGE_CURVE('',#4798,#4797,#2574,.T.);
#6111=EDGE_CURVE('',#4799,#4798,#2575,.T.);
#6112=EDGE_CURVE('',#4800,#4799,#2576,.T.);
#6113=EDGE_CURVE('',#4800,#4801,#2577,.T.);
#6114=EDGE_CURVE('',#4801,#4773,#2578,.T.);
#6115=EDGE_CURVE('',#4802,#4772,#2579,.T.);
#6116=EDGE_CURVE('',#4802,#4803,#2580,.T.);
#6117=EDGE_CURVE('',#4804,#4803,#2581,.T.);
#6118=EDGE_CURVE('',#4805,#4804,#2582,.T.);
#6119=EDGE_CURVE('',#4806,#4805,#2583,.T.);
#6120=EDGE_CURVE('',#4806,#4807,#2584,.T.);
#6121=EDGE_CURVE('',#4807,#4769,#2585,.T.);
#6122=EDGE_CURVE('',#4808,#4768,#2586,.T.);
#6123=EDGE_CURVE('',#4808,#4809,#2587,.T.);
#6124=EDGE_CURVE('',#4810,#4809,#2588,.T.);
#6125=EDGE_CURVE('',#4811,#4810,#2589,.T.);
#6126=EDGE_CURVE('',#4707,#4811,#2590,.T.);
#6127=EDGE_CURVE('',#4706,#4765,#2591,.T.);
#6128=EDGE_CURVE('',#4811,#4726,#2592,.T.);
#6129=EDGE_CURVE('',#4810,#4727,#2593,.T.);
#6130=EDGE_CURVE('',#4809,#4728,#2594,.T.);
#6131=EDGE_CURVE('',#4729,#4808,#2595,.T.);
#6132=EDGE_CURVE('',#4736,#4807,#2596,.T.);
#6133=EDGE_CURVE('',#4737,#4806,#2597,.T.);
#6134=EDGE_CURVE('',#4805,#4738,#2598,.T.);
#6135=EDGE_CURVE('',#4804,#4739,#2599,.T.);
#6136=EDGE_CURVE('',#4803,#4740,#2600,.T.);
#6137=EDGE_CURVE('',#4741,#4802,#2601,.T.);
#6138=EDGE_CURVE('',#4801,#4748,#2602,.T.);
#6139=EDGE_CURVE('',#4800,#4749,#2603,.T.);
#6140=EDGE_CURVE('',#4799,#4750,#2604,.T.);
#6141=EDGE_CURVE('',#4798,#4751,#2605,.T.);
#6142=EDGE_CURVE('',#4752,#4797,#2606,.T.);
#6143=EDGE_CURVE('',#4796,#4753,#2607,.T.);
#6144=EDGE_CURVE('',#4754,#4795,#2608,.T.);
#6145=EDGE_CURVE('',#4794,#4755,#2609,.T.);
#6146=EDGE_CURVE('',#4793,#4756,#2610,.T.);
#6147=EDGE_CURVE('',#4792,#4757,#2611,.T.);
#6148=EDGE_CURVE('',#4791,#4758,#2612,.T.);
#6149=EDGE_CURVE('',#4759,#4790,#2613,.T.);
#6150=EDGE_CURVE('',#4812,#4813,#2614,.T.);
#6151=EDGE_CURVE('',#4814,#4812,#2615,.T.);
#6152=EDGE_CURVE('',#4814,#4815,#2616,.T.);
#6153=EDGE_CURVE('',#4815,#4813,#2617,.T.);
#6154=EDGE_CURVE('',#4816,#4813,#2618,.T.);
#6155=EDGE_CURVE('',#4816,#4817,#2619,.T.);
#6156=EDGE_CURVE('',#4818,#4817,#2620,.T.);
#6157=EDGE_CURVE('',#4819,#4818,#2621,.T.);
#6158=EDGE_CURVE('',#4820,#4819,#2622,.T.);
#6159=EDGE_CURVE('',#4820,#4821,#2623,.T.);
#6160=EDGE_CURVE('',#4812,#4821,#2624,.T.);
#6161=EDGE_CURVE('',#4821,#4822,#2625,.T.);
#6162=EDGE_CURVE('',#4822,#4814,#2626,.T.);
#6163=EDGE_CURVE('',#4822,#4823,#2627,.T.);
#6164=EDGE_CURVE('',#4824,#4823,#2628,.T.);
#6165=EDGE_CURVE('',#4824,#4825,#2629,.T.);
#6166=EDGE_CURVE('',#4826,#4825,#2630,.T.);
#6167=EDGE_CURVE('',#4826,#4827,#2631,.T.);
#6168=EDGE_CURVE('',#4815,#4827,#2632,.T.);
#6169=EDGE_CURVE('',#4816,#4827,#2633,.T.);
#6170=EDGE_CURVE('',#4817,#4826,#2634,.T.);
#6171=EDGE_CURVE('',#4825,#4818,#2635,.T.);
#6172=EDGE_CURVE('',#4824,#4819,#2636,.T.);
#6173=EDGE_CURVE('',#4820,#4823,#2637,.T.);
#6174=EDGE_CURVE('',#4828,#4828,#370,.T.);
#6175=EDGE_CURVE('',#4828,#4829,#2638,.T.);
#6176=EDGE_CURVE('',#4829,#4829,#371,.T.);
#6177=ORIENTED_EDGE('',*,*,#4830,.F.);
#6178=ORIENTED_EDGE('',*,*,#4831,.F.);
#6179=ORIENTED_EDGE('',*,*,#4832,.F.);
#6180=ORIENTED_EDGE('',*,*,#4833,.F.);
#6181=ORIENTED_EDGE('',*,*,#4834,.F.);
#6182=ORIENTED_EDGE('',*,*,#4835,.F.);
#6183=ORIENTED_EDGE('',*,*,#4830,.T.);
#6184=ORIENTED_EDGE('',*,*,#4836,.T.);
#6185=ORIENTED_EDGE('',*,*,#4837,.F.);
#6186=ORIENTED_EDGE('',*,*,#4838,.T.);
#6187=ORIENTED_EDGE('',*,*,#4839,.T.);
#6188=ORIENTED_EDGE('',*,*,#4840,.F.);
#6189=ORIENTED_EDGE('',*,*,#4841,.F.);
#6190=ORIENTED_EDGE('',*,*,#4842,.F.);
#6191=ORIENTED_EDGE('',*,*,#4843,.F.);
#6192=ORIENTED_EDGE('',*,*,#4844,.T.);
#6193=ORIENTED_EDGE('',*,*,#4845,.F.);
#6194=ORIENTED_EDGE('',*,*,#4846,.T.);
#6195=ORIENTED_EDGE('',*,*,#4847,.F.);
#6196=ORIENTED_EDGE('',*,*,#4848,.T.);
#6197=ORIENTED_EDGE('',*,*,#4849,.F.);
#6198=ORIENTED_EDGE('',*,*,#4850,.T.);
#6199=ORIENTED_EDGE('',*,*,#4851,.F.);
#6200=ORIENTED_EDGE('',*,*,#4852,.T.);
#6201=ORIENTED_EDGE('',*,*,#4853,.F.);
#6202=ORIENTED_EDGE('',*,*,#4854,.T.);
#6203=ORIENTED_EDGE('',*,*,#4855,.F.);
#6204=ORIENTED_EDGE('',*,*,#4856,.T.);
#6205=ORIENTED_EDGE('',*,*,#4857,.F.);
#6206=ORIENTED_EDGE('',*,*,#4858,.T.);
#6207=ORIENTED_EDGE('',*,*,#4859,.F.);
#6208=ORIENTED_EDGE('',*,*,#4860,.T.);
#6209=ORIENTED_EDGE('',*,*,#4861,.T.);
#6210=ORIENTED_EDGE('',*,*,#4862,.T.);
#6211=ORIENTED_EDGE('',*,*,#4863,.F.);
#6212=ORIENTED_EDGE('',*,*,#4864,.T.);
#6213=ORIENTED_EDGE('',*,*,#4865,.T.);
#6214=ORIENTED_EDGE('',*,*,#4866,.T.);
#6215=ORIENTED_EDGE('',*,*,#4867,.T.);
#6216=ORIENTED_EDGE('',*,*,#4868,.T.);
#6217=ORIENTED_EDGE('',*,*,#4869,.F.);
#6218=ORIENTED_EDGE('',*,*,#4870,.F.);
#6219=ORIENTED_EDGE('',*,*,#4871,.F.);
#6220=ORIENTED_EDGE('',*,*,#4872,.F.);
#6221=ORIENTED_EDGE('',*,*,#4873,.F.);
#6222=ORIENTED_EDGE('',*,*,#4874,.F.);
#6223=ORIENTED_EDGE('',*,*,#4875,.F.);
#6224=ORIENTED_EDGE('',*,*,#4876,.T.);
#6225=ORIENTED_EDGE('',*,*,#4877,.T.);
#6226=ORIENTED_EDGE('',*,*,#4878,.T.);
#6227=ORIENTED_EDGE('',*,*,#4834,.T.);
#6228=ORIENTED_EDGE('',*,*,#4879,.T.);
#6229=ORIENTED_EDGE('',*,*,#4880,.F.);
#6230=ORIENTED_EDGE('',*,*,#4881,.T.);
#6231=ORIENTED_EDGE('',*,*,#4882,.F.);
#6232=ORIENTED_EDGE('',*,*,#4883,.F.);
#6233=ORIENTED_EDGE('',*,*,#4884,.F.);
#6234=ORIENTED_EDGE('',*,*,#4885,.F.);
#6235=ORIENTED_EDGE('',*,*,#4886,.F.);
#6236=ORIENTED_EDGE('',*,*,#4887,.F.);
#6237=ORIENTED_EDGE('',*,*,#4888,.F.);
#6238=ORIENTED_EDGE('',*,*,#4889,.T.);
#6239=ORIENTED_EDGE('',*,*,#4890,.F.);
#6240=ORIENTED_EDGE('',*,*,#4891,.T.);
#6241=ORIENTED_EDGE('',*,*,#4892,.T.);
#6242=ORIENTED_EDGE('',*,*,#4893,.T.);
#6243=ORIENTED_EDGE('',*,*,#4894,.F.);
#6244=ORIENTED_EDGE('',*,*,#4895,.T.);
#6245=ORIENTED_EDGE('',*,*,#4896,.F.);
#6246=ORIENTED_EDGE('',*,*,#4897,.T.);
#6247=ORIENTED_EDGE('',*,*,#4898,.T.);
#6248=ORIENTED_EDGE('',*,*,#4899,.T.);
#6249=ORIENTED_EDGE('',*,*,#4900,.F.);
#6250=ORIENTED_EDGE('',*,*,#4901,.T.);
#6251=ORIENTED_EDGE('',*,*,#4902,.F.);
#6252=ORIENTED_EDGE('',*,*,#4903,.T.);
#6253=ORIENTED_EDGE('',*,*,#4904,.T.);
#6254=ORIENTED_EDGE('',*,*,#4905,.T.);
#6255=ORIENTED_EDGE('',*,*,#4906,.F.);
#6256=ORIENTED_EDGE('',*,*,#4907,.F.);
#6257=ORIENTED_EDGE('',*,*,#4908,.T.);
#6258=ORIENTED_EDGE('',*,*,#4909,.F.);
#6259=ORIENTED_EDGE('',*,*,#4910,.T.);
#6260=ORIENTED_EDGE('',*,*,#4911,.F.);
#6261=ORIENTED_EDGE('',*,*,#4912,.T.);
#6262=ORIENTED_EDGE('',*,*,#4913,.T.);
#6263=ORIENTED_EDGE('',*,*,#4914,.T.);
#6264=ORIENTED_EDGE('',*,*,#4915,.T.);
#6265=ORIENTED_EDGE('',*,*,#4916,.T.);
#6266=ORIENTED_EDGE('',*,*,#4917,.F.);
#6267=ORIENTED_EDGE('',*,*,#4918,.T.);
#6268=ORIENTED_EDGE('',*,*,#4919,.F.);
#6269=ORIENTED_EDGE('',*,*,#4920,.F.);
#6270=ORIENTED_EDGE('',*,*,#4921,.T.);
#6271=ORIENTED_EDGE('',*,*,#4922,.T.);
#6272=ORIENTED_EDGE('',*,*,#4923,.F.);
#6273=ORIENTED_EDGE('',*,*,#4924,.T.);
#6274=ORIENTED_EDGE('',*,*,#4925,.F.);
#6275=ORIENTED_EDGE('',*,*,#4926,.T.);
#6276=ORIENTED_EDGE('',*,*,#4927,.F.);
#6277=ORIENTED_EDGE('',*,*,#4928,.F.);
#6278=ORIENTED_EDGE('',*,*,#4929,.T.);
#6279=ORIENTED_EDGE('',*,*,#4930,.T.);
#6280=ORIENTED_EDGE('',*,*,#4931,.T.);
#6281=ORIENTED_EDGE('',*,*,#4932,.T.);
#6282=ORIENTED_EDGE('',*,*,#4933,.F.);
#6283=ORIENTED_EDGE('',*,*,#4934,.T.);
#6284=ORIENTED_EDGE('',*,*,#4935,.F.);
#6285=ORIENTED_EDGE('',*,*,#4936,.F.);
#6286=ORIENTED_EDGE('',*,*,#4937,.T.);
#6287=ORIENTED_EDGE('',*,*,#4938,.T.);
#6288=ORIENTED_EDGE('',*,*,#4939,.F.);
#6289=ORIENTED_EDGE('',*,*,#4940,.T.);
#6290=ORIENTED_EDGE('',*,*,#4941,.F.);
#6291=ORIENTED_EDGE('',*,*,#4942,.T.);
#6292=ORIENTED_EDGE('',*,*,#4943,.F.);
#6293=ORIENTED_EDGE('',*,*,#4944,.T.);
#6294=ORIENTED_EDGE('',*,*,#4945,.F.);
#6295=ORIENTED_EDGE('',*,*,#4946,.T.);
#6296=ORIENTED_EDGE('',*,*,#4947,.T.);
#6297=ORIENTED_EDGE('',*,*,#4948,.T.);
#6298=ORIENTED_EDGE('',*,*,#4949,.T.);
#6299=ORIENTED_EDGE('',*,*,#4950,.T.);
#6300=ORIENTED_EDGE('',*,*,#4951,.F.);
#6301=ORIENTED_EDGE('',*,*,#4952,.T.);
#6302=ORIENTED_EDGE('',*,*,#4953,.T.);
#6303=ORIENTED_EDGE('',*,*,#4954,.T.);
#6304=ORIENTED_EDGE('',*,*,#4955,.T.);
#6305=ORIENTED_EDGE('',*,*,#4956,.T.);
#6306=ORIENTED_EDGE('',*,*,#4957,.F.);
#6307=ORIENTED_EDGE('',*,*,#4958,.T.);
#6308=ORIENTED_EDGE('',*,*,#4959,.F.);
#6309=ORIENTED_EDGE('',*,*,#4960,.T.);
#6310=ORIENTED_EDGE('',*,*,#4961,.F.);
#6311=ORIENTED_EDGE('',*,*,#4962,.T.);
#6312=ORIENTED_EDGE('',*,*,#4963,.F.);
#6313=ORIENTED_EDGE('',*,*,#4964,.T.);
#6314=ORIENTED_EDGE('',*,*,#4965,.F.);
#6315=ORIENTED_EDGE('',*,*,#4966,.T.);
#6316=ORIENTED_EDGE('',*,*,#4967,.F.);
#6317=ORIENTED_EDGE('',*,*,#4968,.T.);
#6318=ORIENTED_EDGE('',*,*,#4969,.F.);
#6319=ORIENTED_EDGE('',*,*,#4970,.T.);
#6320=ORIENTED_EDGE('',*,*,#4971,.F.);
#6321=ORIENTED_EDGE('',*,*,#4972,.T.);
#6322=ORIENTED_EDGE('',*,*,#4973,.F.);
#6323=ORIENTED_EDGE('',*,*,#4974,.T.);
#6324=ORIENTED_EDGE('',*,*,#4975,.T.);
#6325=ORIENTED_EDGE('',*,*,#4976,.F.);
#6326=ORIENTED_EDGE('',*,*,#4977,.T.);
#6327=ORIENTED_EDGE('',*,*,#4845,.T.);
#6328=ORIENTED_EDGE('',*,*,#4978,.F.);
#6329=ORIENTED_EDGE('',*,*,#4979,.F.);
#6330=ORIENTED_EDGE('',*,*,#4897,.F.);
#6331=ORIENTED_EDGE('',*,*,#4980,.T.);
#6332=ORIENTED_EDGE('',*,*,#4981,.F.);
#6333=ORIENTED_EDGE('',*,*,#4982,.F.);
#6334=ORIENTED_EDGE('',*,*,#4983,.F.);
#6335=ORIENTED_EDGE('',*,*,#4984,.T.);
#6336=ORIENTED_EDGE('',*,*,#4985,.F.);
#6337=ORIENTED_EDGE('',*,*,#4986,.F.);
#6338=ORIENTED_EDGE('',*,*,#4891,.F.);
#6339=ORIENTED_EDGE('',*,*,#4987,.T.);
#6340=ORIENTED_EDGE('',*,*,#4988,.F.);
#6341=ORIENTED_EDGE('',*,*,#4989,.F.);
#6342=ORIENTED_EDGE('',*,*,#4990,.F.);
#6343=ORIENTED_EDGE('',*,*,#4991,.T.);
#6344=ORIENTED_EDGE('',*,*,#4992,.F.);
#6345=ORIENTED_EDGE('',*,*,#4975,.F.);
#6346=ORIENTED_EDGE('',*,*,#4850,.F.);
#6347=ORIENTED_EDGE('',*,*,#4993,.T.);
#6348=ORIENTED_EDGE('',*,*,#4994,.F.);
#6349=ORIENTED_EDGE('',*,*,#4995,.F.);
#6350=ORIENTED_EDGE('',*,*,#4996,.F.);
#6351=ORIENTED_EDGE('',*,*,#4997,.T.);
#6352=ORIENTED_EDGE('',*,*,#4998,.F.);
#6353=ORIENTED_EDGE('',*,*,#4999,.F.);
#6354=ORIENTED_EDGE('',*,*,#4856,.F.);
#6355=ORIENTED_EDGE('',*,*,#5000,.T.);
#6356=ORIENTED_EDGE('',*,*,#5001,.F.);
#6357=ORIENTED_EDGE('',*,*,#5002,.F.);
#6358=ORIENTED_EDGE('',*,*,#5003,.F.);
#6359=ORIENTED_EDGE('',*,*,#5004,.T.);
#6360=ORIENTED_EDGE('',*,*,#5005,.F.);
#6361=ORIENTED_EDGE('',*,*,#5006,.F.);
#6362=ORIENTED_EDGE('',*,*,#4860,.F.);
#6363=ORIENTED_EDGE('',*,*,#5007,.T.);
#6364=ORIENTED_EDGE('',*,*,#5008,.F.);
#6365=ORIENTED_EDGE('',*,*,#5009,.F.);
#6366=ORIENTED_EDGE('',*,*,#5010,.F.);
#6367=ORIENTED_EDGE('',*,*,#5011,.T.);
#6368=ORIENTED_EDGE('',*,*,#5012,.F.);
#6369=ORIENTED_EDGE('',*,*,#5013,.F.);
#6370=ORIENTED_EDGE('',*,*,#4879,.F.);
#6371=ORIENTED_EDGE('',*,*,#4836,.F.);
#6372=ORIENTED_EDGE('',*,*,#4833,.T.);
#6373=ORIENTED_EDGE('',*,*,#5014,.T.);
#6374=ORIENTED_EDGE('',*,*,#4912,.F.);
#6375=ORIENTED_EDGE('',*,*,#5015,.T.);
#6376=ORIENTED_EDGE('',*,*,#5016,.F.);
#6377=ORIENTED_EDGE('',*,*,#5017,.F.);
#6378=ORIENTED_EDGE('',*,*,#5018,.T.);
#6379=ORIENTED_EDGE('',*,*,#5019,.T.);
#6380=ORIENTED_EDGE('',*,*,#5020,.F.);
#6381=ORIENTED_EDGE('',*,*,#5021,.F.);
#6382=ORIENTED_EDGE('',*,*,#4903,.F.);
#6383=ORIENTED_EDGE('',*,*,#5022,.T.);
#6384=ORIENTED_EDGE('',*,*,#5023,.F.);
#6385=ORIENTED_EDGE('',*,*,#5024,.F.);
#6386=ORIENTED_EDGE('',*,*,#5025,.F.);
#6387=ORIENTED_EDGE('',*,*,#5026,.T.);
#6388=ORIENTED_EDGE('',*,*,#4978,.T.);
#6389=ORIENTED_EDGE('',*,*,#5027,.F.);
#6390=ORIENTED_EDGE('',*,*,#5028,.F.);
#6391=ORIENTED_EDGE('',*,*,#5029,.F.);
#6392=ORIENTED_EDGE('',*,*,#5023,.T.);
#6393=ORIENTED_EDGE('',*,*,#5030,.T.);
#6394=ORIENTED_EDGE('',*,*,#5031,.F.);
#6395=ORIENTED_EDGE('',*,*,#5032,.T.);
#6396=ORIENTED_EDGE('',*,*,#5033,.F.);
#6397=ORIENTED_EDGE('',*,*,#5034,.T.);
#6398=ORIENTED_EDGE('',*,*,#4979,.T.);
#6399=ORIENTED_EDGE('',*,*,#5034,.F.);
#6400=ORIENTED_EDGE('',*,*,#5035,.T.);
#6401=ORIENTED_EDGE('',*,*,#4898,.F.);
#6402=ORIENTED_EDGE('',*,*,#4899,.F.);
#6403=ORIENTED_EDGE('',*,*,#5035,.F.);
#6404=ORIENTED_EDGE('',*,*,#5033,.T.);
#6405=ORIENTED_EDGE('',*,*,#5036,.T.);
#6406=ORIENTED_EDGE('',*,*,#4900,.T.);
#6407=ORIENTED_EDGE('',*,*,#5036,.F.);
#6408=ORIENTED_EDGE('',*,*,#5032,.F.);
#6409=ORIENTED_EDGE('',*,*,#5037,.F.);
#6410=ORIENTED_EDGE('',*,*,#4901,.F.);
#6411=ORIENTED_EDGE('',*,*,#5037,.T.);
#6412=ORIENTED_EDGE('',*,*,#5031,.T.);
#6413=ORIENTED_EDGE('',*,*,#5038,.F.);
#6414=ORIENTED_EDGE('',*,*,#5022,.F.);
#6415=ORIENTED_EDGE('',*,*,#4902,.T.);
#6416=ORIENTED_EDGE('',*,*,#5038,.T.);
#6417=ORIENTED_EDGE('',*,*,#5030,.F.);
#6418=ORIENTED_EDGE('',*,*,#5024,.T.);
#6419=ORIENTED_EDGE('',*,*,#5029,.T.);
#6420=ORIENTED_EDGE('',*,*,#5039,.F.);
#6421=ORIENTED_EDGE('',*,*,#5040,.T.);
#6422=ORIENTED_EDGE('',*,*,#5025,.T.);
#6423=ORIENTED_EDGE('',*,*,#5040,.F.);
#6424=ORIENTED_EDGE('',*,*,#5041,.F.);
#6425=ORIENTED_EDGE('',*,*,#5042,.T.);
#6426=ORIENTED_EDGE('',*,*,#5026,.F.);
#6427=ORIENTED_EDGE('',*,*,#5042,.F.);
#6428=ORIENTED_EDGE('',*,*,#5043,.T.);
#6429=ORIENTED_EDGE('',*,*,#5027,.T.);
#6430=ORIENTED_EDGE('',*,*,#5039,.T.);
#6431=ORIENTED_EDGE('',*,*,#5028,.T.);
#6432=ORIENTED_EDGE('',*,*,#5043,.F.);
#6433=ORIENTED_EDGE('',*,*,#5041,.T.);
#6434=ORIENTED_EDGE('',*,*,#5021,.T.);
#6435=ORIENTED_EDGE('',*,*,#5044,.F.);
#6436=ORIENTED_EDGE('',*,*,#5045,.T.);
#6437=ORIENTED_EDGE('',*,*,#4904,.F.);
#6438=ORIENTED_EDGE('',*,*,#4905,.F.);
#6439=ORIENTED_EDGE('',*,*,#5045,.F.);
#6440=ORIENTED_EDGE('',*,*,#5046,.T.);
#6441=ORIENTED_EDGE('',*,*,#5047,.F.);
#6442=ORIENTED_EDGE('',*,*,#4906,.T.);
#6443=ORIENTED_EDGE('',*,*,#5047,.T.);
#6444=ORIENTED_EDGE('',*,*,#5048,.F.);
#6445=ORIENTED_EDGE('',*,*,#5049,.F.);
#6446=ORIENTED_EDGE('',*,*,#5050,.F.);
#6447=ORIENTED_EDGE('',*,*,#5051,.F.);
#6448=ORIENTED_EDGE('',*,*,#5052,.F.);
#6449=ORIENTED_EDGE('',*,*,#5053,.T.);
#6450=ORIENTED_EDGE('',*,*,#4907,.T.);
#6451=ORIENTED_EDGE('',*,*,#5049,.T.);
#6452=ORIENTED_EDGE('',*,*,#5054,.T.);
#6453=ORIENTED_EDGE('',*,*,#5055,.F.);
#6454=ORIENTED_EDGE('',*,*,#5056,.F.);
#6455=ORIENTED_EDGE('',*,*,#5057,.F.);
#6456=ORIENTED_EDGE('',*,*,#4921,.F.);
#6457=ORIENTED_EDGE('',*,*,#5058,.T.);
#6458=ORIENTED_EDGE('',*,*,#5059,.F.);
#6459=ORIENTED_EDGE('',*,*,#5060,.F.);
#6460=ORIENTED_EDGE('',*,*,#5061,.F.);
#6461=ORIENTED_EDGE('',*,*,#5062,.T.);
#6462=ORIENTED_EDGE('',*,*,#5063,.F.);
#6463=ORIENTED_EDGE('',*,*,#5064,.F.);
#6464=ORIENTED_EDGE('',*,*,#4913,.F.);
#6465=ORIENTED_EDGE('',*,*,#5014,.F.);
#6466=ORIENTED_EDGE('',*,*,#4832,.T.);
#6467=ORIENTED_EDGE('',*,*,#5065,.T.);
#6468=ORIENTED_EDGE('',*,*,#4937,.F.);
#6469=ORIENTED_EDGE('',*,*,#5066,.T.);
#6470=ORIENTED_EDGE('',*,*,#5067,.F.);
#6471=ORIENTED_EDGE('',*,*,#5068,.F.);
#6472=ORIENTED_EDGE('',*,*,#5069,.F.);
#6473=ORIENTED_EDGE('',*,*,#5070,.T.);
#6474=ORIENTED_EDGE('',*,*,#5071,.F.);
#6475=ORIENTED_EDGE('',*,*,#5072,.F.);
#6476=ORIENTED_EDGE('',*,*,#4929,.F.);
#6477=ORIENTED_EDGE('',*,*,#5073,.T.);
#6478=ORIENTED_EDGE('',*,*,#5074,.F.);
#6479=ORIENTED_EDGE('',*,*,#5075,.F.);
#6480=ORIENTED_EDGE('',*,*,#5076,.F.);
#6481=ORIENTED_EDGE('',*,*,#5077,.T.);
#6482=ORIENTED_EDGE('',*,*,#5078,.T.);
#6483=ORIENTED_EDGE('',*,*,#5050,.T.);
#6484=ORIENTED_EDGE('',*,*,#5079,.F.);
#6485=ORIENTED_EDGE('',*,*,#5080,.F.);
#6486=ORIENTED_EDGE('',*,*,#5078,.F.);
#6487=ORIENTED_EDGE('',*,*,#5081,.T.);
#6488=ORIENTED_EDGE('',*,*,#5082,.T.);
#6489=ORIENTED_EDGE('',*,*,#5051,.T.);
#6490=ORIENTED_EDGE('',*,*,#5082,.F.);
#6491=ORIENTED_EDGE('',*,*,#5083,.T.);
#6492=ORIENTED_EDGE('',*,*,#5084,.F.);
#6493=ORIENTED_EDGE('',*,*,#5052,.T.);
#6494=ORIENTED_EDGE('',*,*,#5018,.F.);
#6495=ORIENTED_EDGE('',*,*,#5085,.F.);
#6496=ORIENTED_EDGE('',*,*,#5086,.F.);
#6497=ORIENTED_EDGE('',*,*,#5087,.F.);
#6498=ORIENTED_EDGE('',*,*,#5079,.T.);
#6499=ORIENTED_EDGE('',*,*,#5053,.F.);
#6500=ORIENTED_EDGE('',*,*,#5084,.T.);
#6501=ORIENTED_EDGE('',*,*,#5088,.T.);
#6502=ORIENTED_EDGE('',*,*,#5019,.F.);
#6503=ORIENTED_EDGE('',*,*,#5087,.T.);
#6504=ORIENTED_EDGE('',*,*,#5089,.T.);
#6505=ORIENTED_EDGE('',*,*,#5090,.T.);
#6506=ORIENTED_EDGE('',*,*,#5020,.T.);
#6507=ORIENTED_EDGE('',*,*,#5090,.F.);
#6508=ORIENTED_EDGE('',*,*,#5091,.F.);
#6509=ORIENTED_EDGE('',*,*,#5092,.T.);
#6510=ORIENTED_EDGE('',*,*,#5016,.T.);
#6511=ORIENTED_EDGE('',*,*,#5093,.T.);
#6512=ORIENTED_EDGE('',*,*,#5094,.F.);
#6513=ORIENTED_EDGE('',*,*,#5095,.T.);
#6514=ORIENTED_EDGE('',*,*,#5096,.F.);
#6515=ORIENTED_EDGE('',*,*,#5054,.F.);
#6516=ORIENTED_EDGE('',*,*,#5048,.T.);
#6517=ORIENTED_EDGE('',*,*,#5046,.F.);
#6518=ORIENTED_EDGE('',*,*,#5044,.T.);
#6519=ORIENTED_EDGE('',*,*,#4908,.F.);
#6520=ORIENTED_EDGE('',*,*,#5055,.T.);
#6521=ORIENTED_EDGE('',*,*,#5096,.T.);
#6522=ORIENTED_EDGE('',*,*,#5097,.F.);
#6523=ORIENTED_EDGE('',*,*,#4909,.T.);
#6524=ORIENTED_EDGE('',*,*,#5097,.T.);
#6525=ORIENTED_EDGE('',*,*,#5095,.F.);
#6526=ORIENTED_EDGE('',*,*,#5098,.F.);
#6527=ORIENTED_EDGE('',*,*,#4910,.F.);
#6528=ORIENTED_EDGE('',*,*,#5098,.T.);
#6529=ORIENTED_EDGE('',*,*,#5094,.T.);
#6530=ORIENTED_EDGE('',*,*,#5099,.F.);
#6531=ORIENTED_EDGE('',*,*,#5015,.F.);
#6532=ORIENTED_EDGE('',*,*,#4911,.T.);
#6533=ORIENTED_EDGE('',*,*,#5099,.T.);
#6534=ORIENTED_EDGE('',*,*,#5093,.F.);
#6535=ORIENTED_EDGE('',*,*,#5017,.T.);
#6536=ORIENTED_EDGE('',*,*,#5092,.F.);
#6537=ORIENTED_EDGE('',*,*,#5100,.F.);
#6538=ORIENTED_EDGE('',*,*,#5085,.T.);
#6539=ORIENTED_EDGE('',*,*,#5089,.F.);
#6540=ORIENTED_EDGE('',*,*,#5086,.T.);
#6541=ORIENTED_EDGE('',*,*,#5100,.T.);
#6542=ORIENTED_EDGE('',*,*,#5091,.T.);
#6543=ORIENTED_EDGE('',*,*,#5080,.T.);
#6544=ORIENTED_EDGE('',*,*,#5088,.F.);
#6545=ORIENTED_EDGE('',*,*,#5083,.F.);
#6546=ORIENTED_EDGE('',*,*,#5081,.F.);
#6547=ORIENTED_EDGE('',*,*,#5056,.T.);
#6548=ORIENTED_EDGE('',*,*,#5101,.F.);
#6549=ORIENTED_EDGE('',*,*,#5102,.F.);
#6550=ORIENTED_EDGE('',*,*,#5103,.F.);
#6551=ORIENTED_EDGE('',*,*,#5074,.T.);
#6552=ORIENTED_EDGE('',*,*,#5104,.F.);
#6553=ORIENTED_EDGE('',*,*,#5105,.T.);
#6554=ORIENTED_EDGE('',*,*,#5106,.F.);
#6555=ORIENTED_EDGE('',*,*,#5107,.T.);
#6556=ORIENTED_EDGE('',*,*,#5108,.F.);
#6557=ORIENTED_EDGE('',*,*,#5109,.T.);
#6558=ORIENTED_EDGE('',*,*,#5110,.T.);
#6559=ORIENTED_EDGE('',*,*,#5057,.T.);
#6560=ORIENTED_EDGE('',*,*,#5110,.F.);
#6561=ORIENTED_EDGE('',*,*,#5111,.T.);
#6562=ORIENTED_EDGE('',*,*,#4922,.F.);
#6563=ORIENTED_EDGE('',*,*,#4923,.T.);
#6564=ORIENTED_EDGE('',*,*,#5111,.F.);
#6565=ORIENTED_EDGE('',*,*,#5109,.F.);
#6566=ORIENTED_EDGE('',*,*,#5112,.T.);
#6567=ORIENTED_EDGE('',*,*,#4924,.F.);
#6568=ORIENTED_EDGE('',*,*,#5112,.F.);
#6569=ORIENTED_EDGE('',*,*,#5108,.T.);
#6570=ORIENTED_EDGE('',*,*,#5113,.T.);
#6571=ORIENTED_EDGE('',*,*,#4925,.T.);
#6572=ORIENTED_EDGE('',*,*,#5113,.F.);
#6573=ORIENTED_EDGE('',*,*,#5107,.F.);
#6574=ORIENTED_EDGE('',*,*,#5114,.F.);
#6575=ORIENTED_EDGE('',*,*,#4926,.F.);
#6576=ORIENTED_EDGE('',*,*,#5114,.T.);
#6577=ORIENTED_EDGE('',*,*,#5106,.T.);
#6578=ORIENTED_EDGE('',*,*,#5115,.F.);
#6579=ORIENTED_EDGE('',*,*,#4927,.T.);
#6580=ORIENTED_EDGE('',*,*,#5115,.T.);
#6581=ORIENTED_EDGE('',*,*,#5105,.F.);
#6582=ORIENTED_EDGE('',*,*,#5116,.T.);
#6583=ORIENTED_EDGE('',*,*,#5073,.F.);
#6584=ORIENTED_EDGE('',*,*,#4928,.T.);
#6585=ORIENTED_EDGE('',*,*,#5116,.F.);
#6586=ORIENTED_EDGE('',*,*,#5104,.T.);
#6587=ORIENTED_EDGE('',*,*,#5075,.T.);
#6588=ORIENTED_EDGE('',*,*,#5103,.T.);
#6589=ORIENTED_EDGE('',*,*,#5117,.F.);
#6590=ORIENTED_EDGE('',*,*,#5118,.T.);
#6591=ORIENTED_EDGE('',*,*,#5076,.T.);
#6592=ORIENTED_EDGE('',*,*,#5118,.F.);
#6593=ORIENTED_EDGE('',*,*,#5119,.F.);
#6594=ORIENTED_EDGE('',*,*,#5120,.T.);
#6595=ORIENTED_EDGE('',*,*,#5077,.F.);
#6596=ORIENTED_EDGE('',*,*,#5120,.F.);
#6597=ORIENTED_EDGE('',*,*,#5121,.T.);
#6598=ORIENTED_EDGE('',*,*,#5101,.T.);
#6599=ORIENTED_EDGE('',*,*,#5117,.T.);
#6600=ORIENTED_EDGE('',*,*,#5102,.T.);
#6601=ORIENTED_EDGE('',*,*,#5121,.F.);
#6602=ORIENTED_EDGE('',*,*,#5119,.T.);
#6603=ORIENTED_EDGE('',*,*,#5072,.T.);
#6604=ORIENTED_EDGE('',*,*,#5122,.F.);
#6605=ORIENTED_EDGE('',*,*,#5123,.F.);
#6606=ORIENTED_EDGE('',*,*,#4930,.F.);
#6607=ORIENTED_EDGE('',*,*,#4931,.F.);
#6608=ORIENTED_EDGE('',*,*,#5123,.T.);
#6609=ORIENTED_EDGE('',*,*,#5124,.F.);
#6610=ORIENTED_EDGE('',*,*,#5125,.T.);
#6611=ORIENTED_EDGE('',*,*,#4932,.F.);
#6612=ORIENTED_EDGE('',*,*,#5125,.F.);
#6613=ORIENTED_EDGE('',*,*,#5126,.T.);
#6614=ORIENTED_EDGE('',*,*,#5127,.T.);
#6615=ORIENTED_EDGE('',*,*,#4933,.T.);
#6616=ORIENTED_EDGE('',*,*,#5127,.F.);
#6617=ORIENTED_EDGE('',*,*,#5128,.F.);
#6618=ORIENTED_EDGE('',*,*,#5129,.F.);
#6619=ORIENTED_EDGE('',*,*,#4934,.F.);
#6620=ORIENTED_EDGE('',*,*,#5129,.T.);
#6621=ORIENTED_EDGE('',*,*,#5130,.T.);
#6622=ORIENTED_EDGE('',*,*,#5131,.F.);
#6623=ORIENTED_EDGE('',*,*,#4935,.T.);
#6624=ORIENTED_EDGE('',*,*,#5131,.T.);
#6625=ORIENTED_EDGE('',*,*,#5132,.F.);
#6626=ORIENTED_EDGE('',*,*,#5133,.T.);
#6627=ORIENTED_EDGE('',*,*,#5066,.F.);
#6628=ORIENTED_EDGE('',*,*,#4936,.T.);
#6629=ORIENTED_EDGE('',*,*,#5133,.F.);
#6630=ORIENTED_EDGE('',*,*,#5134,.T.);
#6631=ORIENTED_EDGE('',*,*,#5071,.T.);
#6632=ORIENTED_EDGE('',*,*,#5135,.F.);
#6633=ORIENTED_EDGE('',*,*,#5136,.F.);
#6634=ORIENTED_EDGE('',*,*,#5137,.F.);
#6635=ORIENTED_EDGE('',*,*,#5067,.T.);
#6636=ORIENTED_EDGE('',*,*,#5134,.F.);
#6637=ORIENTED_EDGE('',*,*,#5132,.T.);
#6638=ORIENTED_EDGE('',*,*,#5130,.F.);
#6639=ORIENTED_EDGE('',*,*,#5128,.T.);
#6640=ORIENTED_EDGE('',*,*,#5126,.F.);
#6641=ORIENTED_EDGE('',*,*,#5124,.T.);
#6642=ORIENTED_EDGE('',*,*,#5122,.T.);
#6643=ORIENTED_EDGE('',*,*,#5068,.T.);
#6644=ORIENTED_EDGE('',*,*,#5137,.T.);
#6645=ORIENTED_EDGE('',*,*,#5138,.F.);
#6646=ORIENTED_EDGE('',*,*,#5139,.T.);
#6647=ORIENTED_EDGE('',*,*,#5069,.T.);
#6648=ORIENTED_EDGE('',*,*,#5139,.F.);
#6649=ORIENTED_EDGE('',*,*,#5140,.F.);
#6650=ORIENTED_EDGE('',*,*,#5141,.T.);
#6651=ORIENTED_EDGE('',*,*,#5070,.F.);
#6652=ORIENTED_EDGE('',*,*,#5141,.F.);
#6653=ORIENTED_EDGE('',*,*,#5142,.T.);
#6654=ORIENTED_EDGE('',*,*,#5135,.T.);
#6655=ORIENTED_EDGE('',*,*,#5138,.T.);
#6656=ORIENTED_EDGE('',*,*,#5136,.T.);
#6657=ORIENTED_EDGE('',*,*,#5142,.F.);
#6658=ORIENTED_EDGE('',*,*,#5140,.T.);
#6659=ORIENTED_EDGE('',*,*,#5143,.T.);
#6660=ORIENTED_EDGE('',*,*,#5144,.F.);
#6661=ORIENTED_EDGE('',*,*,#5145,.T.);
#6662=ORIENTED_EDGE('',*,*,#5146,.T.);
#6663=ORIENTED_EDGE('',*,*,#5147,.T.);
#6664=ORIENTED_EDGE('',*,*,#5148,.F.);
#6665=ORIENTED_EDGE('',*,*,#4968,.F.);
#6666=ORIENTED_EDGE('',*,*,#5149,.T.);
#6667=ORIENTED_EDGE('',*,*,#5150,.T.);
#6668=ORIENTED_EDGE('',*,*,#5151,.F.);
#6669=ORIENTED_EDGE('',*,*,#5152,.T.);
#6670=ORIENTED_EDGE('',*,*,#5153,.T.);
#6671=ORIENTED_EDGE('',*,*,#5154,.T.);
#6672=ORIENTED_EDGE('',*,*,#5155,.F.);
#6673=ORIENTED_EDGE('',*,*,#4974,.F.);
#6674=ORIENTED_EDGE('',*,*,#5156,.T.);
#6675=ORIENTED_EDGE('',*,*,#5157,.T.);
#6676=ORIENTED_EDGE('',*,*,#5158,.F.);
#6677=ORIENTED_EDGE('',*,*,#5159,.T.);
#6678=ORIENTED_EDGE('',*,*,#5160,.T.);
#6679=ORIENTED_EDGE('',*,*,#5161,.T.);
#6680=ORIENTED_EDGE('',*,*,#5162,.F.);
#6681=ORIENTED_EDGE('',*,*,#4962,.F.);
#6682=ORIENTED_EDGE('',*,*,#5163,.T.);
#6683=ORIENTED_EDGE('',*,*,#5164,.T.);
#6684=ORIENTED_EDGE('',*,*,#5165,.F.);
#6685=ORIENTED_EDGE('',*,*,#5166,.T.);
#6686=ORIENTED_EDGE('',*,*,#5167,.T.);
#6687=ORIENTED_EDGE('',*,*,#5168,.T.);
#6688=ORIENTED_EDGE('',*,*,#5169,.F.);
#6689=ORIENTED_EDGE('',*,*,#4866,.F.);
#6690=ORIENTED_EDGE('',*,*,#5170,.T.);
#6691=ORIENTED_EDGE('',*,*,#5171,.T.);
#6692=ORIENTED_EDGE('',*,*,#5172,.F.);
#6693=ORIENTED_EDGE('',*,*,#5173,.T.);
#6694=ORIENTED_EDGE('',*,*,#5174,.T.);
#6695=ORIENTED_EDGE('',*,*,#5175,.T.);
#6696=ORIENTED_EDGE('',*,*,#5176,.F.);
#6697=ORIENTED_EDGE('',*,*,#4954,.F.);
#6698=ORIENTED_EDGE('',*,*,#5177,.T.);
#6699=ORIENTED_EDGE('',*,*,#5178,.T.);
#6700=ORIENTED_EDGE('',*,*,#5179,.F.);
#6701=ORIENTED_EDGE('',*,*,#5180,.T.);
#6702=ORIENTED_EDGE('',*,*,#5181,.T.);
#6703=ORIENTED_EDGE('',*,*,#5182,.T.);
#6704=ORIENTED_EDGE('',*,*,#5183,.F.);
#6705=ORIENTED_EDGE('',*,*,#4948,.F.);
#6706=ORIENTED_EDGE('',*,*,#5184,.T.);
#6707=ORIENTED_EDGE('',*,*,#5185,.T.);
#6708=ORIENTED_EDGE('',*,*,#5186,.F.);
#6709=ORIENTED_EDGE('',*,*,#5187,.T.);
#6710=ORIENTED_EDGE('',*,*,#5188,.T.);
#6711=ORIENTED_EDGE('',*,*,#5189,.T.);
#6712=ORIENTED_EDGE('',*,*,#5190,.F.);
#6713=ORIENTED_EDGE('',*,*,#4938,.F.);
#6714=ORIENTED_EDGE('',*,*,#5065,.F.);
#6715=ORIENTED_EDGE('',*,*,#4831,.T.);
#6716=ORIENTED_EDGE('',*,*,#4835,.T.);
#6717=ORIENTED_EDGE('',*,*,#4878,.F.);
#6718=ORIENTED_EDGE('',*,*,#5191,.T.);
#6719=ORIENTED_EDGE('',*,*,#5143,.F.);
#6720=ORIENTED_EDGE('',*,*,#5192,.T.);
#6721=ORIENTED_EDGE('',*,*,#5193,.F.);
#6722=ORIENTED_EDGE('',*,*,#5194,.T.);
#6723=ORIENTED_EDGE('',*,*,#5195,.T.);
#6724=ORIENTED_EDGE('',*,*,#5196,.T.);
#6725=ORIENTED_EDGE('',*,*,#5197,.T.);
#6726=ORIENTED_EDGE('',*,*,#5198,.T.);
#6727=ORIENTED_EDGE('',*,*,#5199,.T.);
#6728=ORIENTED_EDGE('',*,*,#5200,.T.);
#6729=ORIENTED_EDGE('',*,*,#5201,.F.);
#6730=ORIENTED_EDGE('',*,*,#5202,.T.);
#6731=ORIENTED_EDGE('',*,*,#5168,.F.);
#6732=ORIENTED_EDGE('',*,*,#5203,.F.);
#6733=ORIENTED_EDGE('',*,*,#5204,.F.);
#6734=ORIENTED_EDGE('',*,*,#5205,.F.);
#6735=ORIENTED_EDGE('',*,*,#5164,.F.);
#6736=ORIENTED_EDGE('',*,*,#5206,.T.);
#6737=ORIENTED_EDGE('',*,*,#5207,.F.);
#6738=ORIENTED_EDGE('',*,*,#5208,.T.);
#6739=ORIENTED_EDGE('',*,*,#5209,.F.);
#6740=ORIENTED_EDGE('',*,*,#5210,.T.);
#6741=ORIENTED_EDGE('',*,*,#5161,.F.);
#6742=ORIENTED_EDGE('',*,*,#5211,.F.);
#6743=ORIENTED_EDGE('',*,*,#5212,.F.);
#6744=ORIENTED_EDGE('',*,*,#5213,.T.);
#6745=ORIENTED_EDGE('',*,*,#5157,.F.);
#6746=ORIENTED_EDGE('',*,*,#5214,.T.);
#6747=ORIENTED_EDGE('',*,*,#5215,.F.);
#6748=ORIENTED_EDGE('',*,*,#5216,.T.);
#6749=ORIENTED_EDGE('',*,*,#5217,.F.);
#6750=ORIENTED_EDGE('',*,*,#5218,.T.);
#6751=ORIENTED_EDGE('',*,*,#5154,.F.);
#6752=ORIENTED_EDGE('',*,*,#5219,.F.);
#6753=ORIENTED_EDGE('',*,*,#5220,.F.);
#6754=ORIENTED_EDGE('',*,*,#5221,.F.);
#6755=ORIENTED_EDGE('',*,*,#5150,.F.);
#6756=ORIENTED_EDGE('',*,*,#5222,.T.);
#6757=ORIENTED_EDGE('',*,*,#5223,.F.);
#6758=ORIENTED_EDGE('',*,*,#5224,.T.);
#6759=ORIENTED_EDGE('',*,*,#5225,.F.);
#6760=ORIENTED_EDGE('',*,*,#5226,.T.);
#6761=ORIENTED_EDGE('',*,*,#5147,.F.);
#6762=ORIENTED_EDGE('',*,*,#5227,.F.);
#6763=ORIENTED_EDGE('',*,*,#5228,.F.);
#6764=ORIENTED_EDGE('',*,*,#5229,.F.);
#6765=ORIENTED_EDGE('',*,*,#5171,.F.);
#6766=ORIENTED_EDGE('',*,*,#5230,.T.);
#6767=ORIENTED_EDGE('',*,*,#5231,.F.);
#6768=ORIENTED_EDGE('',*,*,#5232,.T.);
#6769=ORIENTED_EDGE('',*,*,#5233,.F.);
#6770=ORIENTED_EDGE('',*,*,#5234,.T.);
#6771=ORIENTED_EDGE('',*,*,#5175,.F.);
#6772=ORIENTED_EDGE('',*,*,#5235,.F.);
#6773=ORIENTED_EDGE('',*,*,#5236,.F.);
#6774=ORIENTED_EDGE('',*,*,#5237,.T.);
#6775=ORIENTED_EDGE('',*,*,#5144,.T.);
#6776=ORIENTED_EDGE('',*,*,#5229,.T.);
#6777=ORIENTED_EDGE('',*,*,#5238,.F.);
#6778=ORIENTED_EDGE('',*,*,#5239,.T.);
#6779=ORIENTED_EDGE('',*,*,#5145,.F.);
#6780=ORIENTED_EDGE('',*,*,#5239,.F.);
#6781=ORIENTED_EDGE('',*,*,#5240,.F.);
#6782=ORIENTED_EDGE('',*,*,#5241,.T.);
#6783=ORIENTED_EDGE('',*,*,#5152,.F.);
#6784=ORIENTED_EDGE('',*,*,#5242,.F.);
#6785=ORIENTED_EDGE('',*,*,#5243,.F.);
#6786=ORIENTED_EDGE('',*,*,#5244,.F.);
#6787=ORIENTED_EDGE('',*,*,#5159,.F.);
#6788=ORIENTED_EDGE('',*,*,#5245,.F.);
#6789=ORIENTED_EDGE('',*,*,#5246,.F.);
#6790=ORIENTED_EDGE('',*,*,#5247,.F.);
#6791=ORIENTED_EDGE('',*,*,#5166,.F.);
#6792=ORIENTED_EDGE('',*,*,#5248,.F.);
#6793=ORIENTED_EDGE('',*,*,#5249,.F.);
#6794=ORIENTED_EDGE('',*,*,#5250,.F.);
#6795=ORIENTED_EDGE('',*,*,#5173,.F.);
#6796=ORIENTED_EDGE('',*,*,#5251,.F.);
#6797=ORIENTED_EDGE('',*,*,#5252,.F.);
#6798=ORIENTED_EDGE('',*,*,#5253,.F.);
#6799=ORIENTED_EDGE('',*,*,#4841,.T.);
#6800=ORIENTED_EDGE('',*,*,#5254,.T.);
#6801=ORIENTED_EDGE('',*,*,#5255,.F.);
#6802=ORIENTED_EDGE('',*,*,#5256,.T.);
#6803=ORIENTED_EDGE('',*,*,#5257,.T.);
#6804=ORIENTED_EDGE('',*,*,#5258,.T.);
#6805=ORIENTED_EDGE('',*,*,#5259,.F.);
#6806=ORIENTED_EDGE('',*,*,#5260,.T.);
#6807=ORIENTED_EDGE('',*,*,#5146,.F.);
#6808=ORIENTED_EDGE('',*,*,#5241,.F.);
#6809=ORIENTED_EDGE('',*,*,#5261,.T.);
#6810=ORIENTED_EDGE('',*,*,#5227,.T.);
#6811=ORIENTED_EDGE('',*,*,#5262,.T.);
#6812=ORIENTED_EDGE('',*,*,#5220,.T.);
#6813=ORIENTED_EDGE('',*,*,#5263,.F.);
#6814=ORIENTED_EDGE('',*,*,#5243,.T.);
#6815=ORIENTED_EDGE('',*,*,#5264,.T.);
#6816=ORIENTED_EDGE('',*,*,#5204,.T.);
#6817=ORIENTED_EDGE('',*,*,#5265,.F.);
#6818=ORIENTED_EDGE('',*,*,#5249,.T.);
#6819=ORIENTED_EDGE('',*,*,#5266,.F.);
#6820=ORIENTED_EDGE('',*,*,#5252,.T.);
#6821=ORIENTED_EDGE('',*,*,#5267,.T.);
#6822=ORIENTED_EDGE('',*,*,#5236,.T.);
#6823=ORIENTED_EDGE('',*,*,#5268,.F.);
#6824=ORIENTED_EDGE('',*,*,#5246,.T.);
#6825=ORIENTED_EDGE('',*,*,#5269,.T.);
#6826=ORIENTED_EDGE('',*,*,#5212,.T.);
#6827=ORIENTED_EDGE('',*,*,#5261,.F.);
#6828=ORIENTED_EDGE('',*,*,#5240,.T.);
#6829=ORIENTED_EDGE('',*,*,#5238,.T.);
#6830=ORIENTED_EDGE('',*,*,#5228,.T.);
#6831=ORIENTED_EDGE('',*,*,#5151,.T.);
#6832=ORIENTED_EDGE('',*,*,#5221,.T.);
#6833=ORIENTED_EDGE('',*,*,#5262,.F.);
#6834=ORIENTED_EDGE('',*,*,#5242,.T.);
#6835=ORIENTED_EDGE('',*,*,#5153,.F.);
#6836=ORIENTED_EDGE('',*,*,#5244,.T.);
#6837=ORIENTED_EDGE('',*,*,#5263,.T.);
#6838=ORIENTED_EDGE('',*,*,#5219,.T.);
#6839=ORIENTED_EDGE('',*,*,#5165,.T.);
#6840=ORIENTED_EDGE('',*,*,#5205,.T.);
#6841=ORIENTED_EDGE('',*,*,#5264,.F.);
#6842=ORIENTED_EDGE('',*,*,#5248,.T.);
#6843=ORIENTED_EDGE('',*,*,#5167,.F.);
#6844=ORIENTED_EDGE('',*,*,#5250,.T.);
#6845=ORIENTED_EDGE('',*,*,#5265,.T.);
#6846=ORIENTED_EDGE('',*,*,#5203,.T.);
#6847=ORIENTED_EDGE('',*,*,#5174,.F.);
#6848=ORIENTED_EDGE('',*,*,#5253,.T.);
#6849=ORIENTED_EDGE('',*,*,#5266,.T.);
#6850=ORIENTED_EDGE('',*,*,#5235,.T.);
#6851=ORIENTED_EDGE('',*,*,#5172,.T.);
#6852=ORIENTED_EDGE('',*,*,#5237,.F.);
#6853=ORIENTED_EDGE('',*,*,#5267,.F.);
#6854=ORIENTED_EDGE('',*,*,#5251,.T.);
#6855=ORIENTED_EDGE('',*,*,#5160,.F.);
#6856=ORIENTED_EDGE('',*,*,#5247,.T.);
#6857=ORIENTED_EDGE('',*,*,#5268,.T.);
#6858=ORIENTED_EDGE('',*,*,#5211,.T.);
#6859=ORIENTED_EDGE('',*,*,#5158,.T.);
#6860=ORIENTED_EDGE('',*,*,#5213,.F.);
#6861=ORIENTED_EDGE('',*,*,#5269,.F.);
#6862=ORIENTED_EDGE('',*,*,#5245,.T.);
#6863=ORIENTED_EDGE('',*,*,#4842,.T.);
#6864=ORIENTED_EDGE('',*,*,#5260,.F.);
#6865=ORIENTED_EDGE('',*,*,#5270,.T.);
#6866=ORIENTED_EDGE('',*,*,#5271,.F.);
#6867=ORIENTED_EDGE('',*,*,#4843,.T.);
#6868=ORIENTED_EDGE('',*,*,#5271,.T.);
#6869=ORIENTED_EDGE('',*,*,#5272,.F.);
#6870=ORIENTED_EDGE('',*,*,#5273,.T.);
#6871=ORIENTED_EDGE('',*,*,#5274,.F.);
#6872=ORIENTED_EDGE('',*,*,#5275,.T.);
#6873=ORIENTED_EDGE('',*,*,#5276,.F.);
#6874=ORIENTED_EDGE('',*,*,#5277,.T.);
#6875=ORIENTED_EDGE('',*,*,#4844,.F.);
#6876=ORIENTED_EDGE('',*,*,#5277,.F.);
#6877=ORIENTED_EDGE('',*,*,#5278,.F.);
#6878=ORIENTED_EDGE('',*,*,#5254,.F.);
#6879=ORIENTED_EDGE('',*,*,#5276,.T.);
#6880=ORIENTED_EDGE('',*,*,#5279,.F.);
#6881=ORIENTED_EDGE('',*,*,#5255,.T.);
#6882=ORIENTED_EDGE('',*,*,#5278,.T.);
#6883=ORIENTED_EDGE('',*,*,#5280,.T.);
#6884=ORIENTED_EDGE('',*,*,#5256,.F.);
#6885=ORIENTED_EDGE('',*,*,#5279,.T.);
#6886=ORIENTED_EDGE('',*,*,#5275,.F.);
#6887=ORIENTED_EDGE('',*,*,#5257,.F.);
#6888=ORIENTED_EDGE('',*,*,#5280,.F.);
#6889=ORIENTED_EDGE('',*,*,#5274,.T.);
#6890=ORIENTED_EDGE('',*,*,#5281,.T.);
#6891=ORIENTED_EDGE('',*,*,#5281,.F.);
#6892=ORIENTED_EDGE('',*,*,#5273,.F.);
#6893=ORIENTED_EDGE('',*,*,#5282,.F.);
#6894=ORIENTED_EDGE('',*,*,#5258,.F.);
#6895=ORIENTED_EDGE('',*,*,#5272,.T.);
#6896=ORIENTED_EDGE('',*,*,#5270,.F.);
#6897=ORIENTED_EDGE('',*,*,#5259,.T.);
#6898=ORIENTED_EDGE('',*,*,#5282,.T.);
#6899=ORIENTED_EDGE('',*,*,#5148,.T.);
#6900=ORIENTED_EDGE('',*,*,#5226,.F.);
#6901=ORIENTED_EDGE('',*,*,#5283,.T.);
#6902=ORIENTED_EDGE('',*,*,#4963,.T.);
#6903=ORIENTED_EDGE('',*,*,#4964,.F.);
#6904=ORIENTED_EDGE('',*,*,#5283,.F.);
#6905=ORIENTED_EDGE('',*,*,#5225,.T.);
#6906=ORIENTED_EDGE('',*,*,#5284,.F.);
#6907=ORIENTED_EDGE('',*,*,#4965,.T.);
#6908=ORIENTED_EDGE('',*,*,#5284,.T.);
#6909=ORIENTED_EDGE('',*,*,#5224,.F.);
#6910=ORIENTED_EDGE('',*,*,#5285,.F.);
#6911=ORIENTED_EDGE('',*,*,#4966,.F.);
#6912=ORIENTED_EDGE('',*,*,#5285,.T.);
#6913=ORIENTED_EDGE('',*,*,#5223,.T.);
#6914=ORIENTED_EDGE('',*,*,#5286,.F.);
#6915=ORIENTED_EDGE('',*,*,#5149,.F.);
#6916=ORIENTED_EDGE('',*,*,#4967,.T.);
#6917=ORIENTED_EDGE('',*,*,#5286,.T.);
#6918=ORIENTED_EDGE('',*,*,#5222,.F.);
#6919=ORIENTED_EDGE('',*,*,#5155,.T.);
#6920=ORIENTED_EDGE('',*,*,#5218,.F.);
#6921=ORIENTED_EDGE('',*,*,#5287,.T.);
#6922=ORIENTED_EDGE('',*,*,#4969,.T.);
#6923=ORIENTED_EDGE('',*,*,#4970,.F.);
#6924=ORIENTED_EDGE('',*,*,#5287,.F.);
#6925=ORIENTED_EDGE('',*,*,#5217,.T.);
#6926=ORIENTED_EDGE('',*,*,#5288,.F.);
#6927=ORIENTED_EDGE('',*,*,#4971,.T.);
#6928=ORIENTED_EDGE('',*,*,#5288,.T.);
#6929=ORIENTED_EDGE('',*,*,#5216,.F.);
#6930=ORIENTED_EDGE('',*,*,#5289,.F.);
#6931=ORIENTED_EDGE('',*,*,#4972,.F.);
#6932=ORIENTED_EDGE('',*,*,#5289,.T.);
#6933=ORIENTED_EDGE('',*,*,#5215,.T.);
#6934=ORIENTED_EDGE('',*,*,#5290,.F.);
#6935=ORIENTED_EDGE('',*,*,#5156,.F.);
#6936=ORIENTED_EDGE('',*,*,#4973,.T.);
#6937=ORIENTED_EDGE('',*,*,#5290,.T.);
#6938=ORIENTED_EDGE('',*,*,#5214,.F.);
#6939=ORIENTED_EDGE('',*,*,#5162,.T.);
#6940=ORIENTED_EDGE('',*,*,#5210,.F.);
#6941=ORIENTED_EDGE('',*,*,#5291,.T.);
#6942=ORIENTED_EDGE('',*,*,#4957,.T.);
#6943=ORIENTED_EDGE('',*,*,#4958,.F.);
#6944=ORIENTED_EDGE('',*,*,#5291,.F.);
#6945=ORIENTED_EDGE('',*,*,#5209,.T.);
#6946=ORIENTED_EDGE('',*,*,#5292,.F.);
#6947=ORIENTED_EDGE('',*,*,#4959,.T.);
#6948=ORIENTED_EDGE('',*,*,#5292,.T.);
#6949=ORIENTED_EDGE('',*,*,#5208,.F.);
#6950=ORIENTED_EDGE('',*,*,#5293,.F.);
#6951=ORIENTED_EDGE('',*,*,#4960,.F.);
#6952=ORIENTED_EDGE('',*,*,#5293,.T.);
#6953=ORIENTED_EDGE('',*,*,#5207,.T.);
#6954=ORIENTED_EDGE('',*,*,#5294,.F.);
#6955=ORIENTED_EDGE('',*,*,#5163,.F.);
#6956=ORIENTED_EDGE('',*,*,#4961,.T.);
#6957=ORIENTED_EDGE('',*,*,#5294,.T.);
#6958=ORIENTED_EDGE('',*,*,#5206,.F.);
#6959=ORIENTED_EDGE('',*,*,#5169,.T.);
#6960=ORIENTED_EDGE('',*,*,#5202,.F.);
#6961=ORIENTED_EDGE('',*,*,#5295,.F.);
#6962=ORIENTED_EDGE('',*,*,#4867,.F.);
#6963=ORIENTED_EDGE('',*,*,#4868,.F.);
#6964=ORIENTED_EDGE('',*,*,#5295,.T.);
#6965=ORIENTED_EDGE('',*,*,#5201,.T.);
#6966=ORIENTED_EDGE('',*,*,#5296,.F.);
#6967=ORIENTED_EDGE('',*,*,#4869,.T.);
#6968=ORIENTED_EDGE('',*,*,#5296,.T.);
#6969=ORIENTED_EDGE('',*,*,#5200,.F.);
#6970=ORIENTED_EDGE('',*,*,#5297,.F.);
#6971=ORIENTED_EDGE('',*,*,#4870,.T.);
#6972=ORIENTED_EDGE('',*,*,#5297,.T.);
#6973=ORIENTED_EDGE('',*,*,#5199,.F.);
#6974=ORIENTED_EDGE('',*,*,#5298,.T.);
#6975=ORIENTED_EDGE('',*,*,#4871,.T.);
#6976=ORIENTED_EDGE('',*,*,#5298,.F.);
#6977=ORIENTED_EDGE('',*,*,#5198,.F.);
#6978=ORIENTED_EDGE('',*,*,#5299,.F.);
#6979=ORIENTED_EDGE('',*,*,#4872,.T.);
#6980=ORIENTED_EDGE('',*,*,#5299,.T.);
#6981=ORIENTED_EDGE('',*,*,#5197,.F.);
#6982=ORIENTED_EDGE('',*,*,#5300,.T.);
#6983=ORIENTED_EDGE('',*,*,#4873,.T.);
#6984=ORIENTED_EDGE('',*,*,#5300,.F.);
#6985=ORIENTED_EDGE('',*,*,#5196,.F.);
#6986=ORIENTED_EDGE('',*,*,#5301,.F.);
#6987=ORIENTED_EDGE('',*,*,#4874,.T.);
#6988=ORIENTED_EDGE('',*,*,#5301,.T.);
#6989=ORIENTED_EDGE('',*,*,#5195,.F.);
#6990=ORIENTED_EDGE('',*,*,#5302,.F.);
#6991=ORIENTED_EDGE('',*,*,#4875,.T.);
#6992=ORIENTED_EDGE('',*,*,#5302,.T.);
#6993=ORIENTED_EDGE('',*,*,#5194,.F.);
#6994=ORIENTED_EDGE('',*,*,#5303,.F.);
#6995=ORIENTED_EDGE('',*,*,#4876,.F.);
#6996=ORIENTED_EDGE('',*,*,#5303,.T.);
#6997=ORIENTED_EDGE('',*,*,#5193,.T.);
#6998=ORIENTED_EDGE('',*,*,#5304,.F.);
#6999=ORIENTED_EDGE('',*,*,#5191,.F.);
#7000=ORIENTED_EDGE('',*,*,#4877,.F.);
#7001=ORIENTED_EDGE('',*,*,#5304,.T.);
#7002=ORIENTED_EDGE('',*,*,#5192,.F.);
#7003=ORIENTED_EDGE('',*,*,#5176,.T.);
#7004=ORIENTED_EDGE('',*,*,#5234,.F.);
#7005=ORIENTED_EDGE('',*,*,#5305,.F.);
#7006=ORIENTED_EDGE('',*,*,#4955,.F.);
#7007=ORIENTED_EDGE('',*,*,#4956,.F.);
#7008=ORIENTED_EDGE('',*,*,#5305,.T.);
#7009=ORIENTED_EDGE('',*,*,#5233,.T.);
#7010=ORIENTED_EDGE('',*,*,#5306,.T.);
#7011=ORIENTED_EDGE('',*,*,#4863,.T.);
#7012=ORIENTED_EDGE('',*,*,#5306,.F.);
#7013=ORIENTED_EDGE('',*,*,#5232,.F.);
#7014=ORIENTED_EDGE('',*,*,#5307,.F.);
#7015=ORIENTED_EDGE('',*,*,#4864,.F.);
#7016=ORIENTED_EDGE('',*,*,#5307,.T.);
#7017=ORIENTED_EDGE('',*,*,#5231,.T.);
#7018=ORIENTED_EDGE('',*,*,#5308,.F.);
#7019=ORIENTED_EDGE('',*,*,#5170,.F.);
#7020=ORIENTED_EDGE('',*,*,#4865,.F.);
#7021=ORIENTED_EDGE('',*,*,#5308,.T.);
#7022=ORIENTED_EDGE('',*,*,#5230,.F.);
#7023=ORIENTED_EDGE('',*,*,#5190,.T.);
#7024=ORIENTED_EDGE('',*,*,#5309,.F.);
#7025=ORIENTED_EDGE('',*,*,#5310,.T.);
#7026=ORIENTED_EDGE('',*,*,#4939,.T.);
#7027=ORIENTED_EDGE('',*,*,#4940,.F.);
#7028=ORIENTED_EDGE('',*,*,#5310,.F.);
#7029=ORIENTED_EDGE('',*,*,#5311,.T.);
#7030=ORIENTED_EDGE('',*,*,#5312,.F.);
#7031=ORIENTED_EDGE('',*,*,#4941,.T.);
#7032=ORIENTED_EDGE('',*,*,#5312,.T.);
#7033=ORIENTED_EDGE('',*,*,#5313,.F.);
#7034=ORIENTED_EDGE('',*,*,#5314,.F.);
#7035=ORIENTED_EDGE('',*,*,#4942,.F.);
#7036=ORIENTED_EDGE('',*,*,#5314,.T.);
#7037=ORIENTED_EDGE('',*,*,#5315,.T.);
#7038=ORIENTED_EDGE('',*,*,#5316,.T.);
#7039=ORIENTED_EDGE('',*,*,#4943,.T.);
#7040=ORIENTED_EDGE('',*,*,#5316,.F.);
#7041=ORIENTED_EDGE('',*,*,#5317,.F.);
#7042=ORIENTED_EDGE('',*,*,#5318,.F.);
#7043=ORIENTED_EDGE('',*,*,#4944,.F.);
#7044=ORIENTED_EDGE('',*,*,#5318,.T.);
#7045=ORIENTED_EDGE('',*,*,#5319,.T.);
#7046=ORIENTED_EDGE('',*,*,#5320,.T.);
#7047=ORIENTED_EDGE('',*,*,#4945,.T.);
#7048=ORIENTED_EDGE('',*,*,#5320,.F.);
#7049=ORIENTED_EDGE('',*,*,#5321,.F.);
#7050=ORIENTED_EDGE('',*,*,#5322,.F.);
#7051=ORIENTED_EDGE('',*,*,#4946,.F.);
#7052=ORIENTED_EDGE('',*,*,#5322,.T.);
#7053=ORIENTED_EDGE('',*,*,#5323,.T.);
#7054=ORIENTED_EDGE('',*,*,#5324,.F.);
#7055=ORIENTED_EDGE('',*,*,#5184,.F.);
#7056=ORIENTED_EDGE('',*,*,#4947,.F.);
#7057=ORIENTED_EDGE('',*,*,#5324,.T.);
#7058=ORIENTED_EDGE('',*,*,#5325,.F.);
#7059=ORIENTED_EDGE('',*,*,#5185,.F.);
#7060=ORIENTED_EDGE('',*,*,#5325,.T.);
#7061=ORIENTED_EDGE('',*,*,#5323,.F.);
#7062=ORIENTED_EDGE('',*,*,#5321,.T.);
#7063=ORIENTED_EDGE('',*,*,#5319,.F.);
#7064=ORIENTED_EDGE('',*,*,#5317,.T.);
#7065=ORIENTED_EDGE('',*,*,#5315,.F.);
#7066=ORIENTED_EDGE('',*,*,#5313,.T.);
#7067=ORIENTED_EDGE('',*,*,#5311,.F.);
#7068=ORIENTED_EDGE('',*,*,#5309,.T.);
#7069=ORIENTED_EDGE('',*,*,#5189,.F.);
#7070=ORIENTED_EDGE('',*,*,#5326,.F.);
#7071=ORIENTED_EDGE('',*,*,#5327,.F.);
#7072=ORIENTED_EDGE('',*,*,#5328,.F.);
#7073=ORIENTED_EDGE('',*,*,#5186,.T.);
#7074=ORIENTED_EDGE('',*,*,#5328,.T.);
#7075=ORIENTED_EDGE('',*,*,#5329,.F.);
#7076=ORIENTED_EDGE('',*,*,#5330,.T.);
#7077=ORIENTED_EDGE('',*,*,#5187,.F.);
#7078=ORIENTED_EDGE('',*,*,#5330,.F.);
#7079=ORIENTED_EDGE('',*,*,#5331,.T.);
#7080=ORIENTED_EDGE('',*,*,#5332,.T.);
#7081=ORIENTED_EDGE('',*,*,#5188,.F.);
#7082=ORIENTED_EDGE('',*,*,#5332,.F.);
#7083=ORIENTED_EDGE('',*,*,#5333,.T.);
#7084=ORIENTED_EDGE('',*,*,#5326,.T.);
#7085=ORIENTED_EDGE('',*,*,#5333,.F.);
#7086=ORIENTED_EDGE('',*,*,#5331,.F.);
#7087=ORIENTED_EDGE('',*,*,#5329,.T.);
#7088=ORIENTED_EDGE('',*,*,#5327,.T.);
#7089=ORIENTED_EDGE('',*,*,#5183,.T.);
#7090=ORIENTED_EDGE('',*,*,#5334,.F.);
#7091=ORIENTED_EDGE('',*,*,#5335,.F.);
#7092=ORIENTED_EDGE('',*,*,#4949,.F.);
#7093=ORIENTED_EDGE('',*,*,#4950,.F.);
#7094=ORIENTED_EDGE('',*,*,#5335,.T.);
#7095=ORIENTED_EDGE('',*,*,#5336,.T.);
#7096=ORIENTED_EDGE('',*,*,#5337,.T.);
#7097=ORIENTED_EDGE('',*,*,#4951,.T.);
#7098=ORIENTED_EDGE('',*,*,#5337,.F.);
#7099=ORIENTED_EDGE('',*,*,#5338,.F.);
#7100=ORIENTED_EDGE('',*,*,#5339,.F.);
#7101=ORIENTED_EDGE('',*,*,#4952,.F.);
#7102=ORIENTED_EDGE('',*,*,#5339,.T.);
#7103=ORIENTED_EDGE('',*,*,#5340,.T.);
#7104=ORIENTED_EDGE('',*,*,#5341,.F.);
#7105=ORIENTED_EDGE('',*,*,#5177,.F.);
#7106=ORIENTED_EDGE('',*,*,#4953,.F.);
#7107=ORIENTED_EDGE('',*,*,#5341,.T.);
#7108=ORIENTED_EDGE('',*,*,#5342,.F.);
#7109=ORIENTED_EDGE('',*,*,#5178,.F.);
#7110=ORIENTED_EDGE('',*,*,#5342,.T.);
#7111=ORIENTED_EDGE('',*,*,#5340,.F.);
#7112=ORIENTED_EDGE('',*,*,#5338,.T.);
#7113=ORIENTED_EDGE('',*,*,#5336,.F.);
#7114=ORIENTED_EDGE('',*,*,#5334,.T.);
#7115=ORIENTED_EDGE('',*,*,#5182,.F.);
#7116=ORIENTED_EDGE('',*,*,#5343,.F.);
#7117=ORIENTED_EDGE('',*,*,#5344,.F.);
#7118=ORIENTED_EDGE('',*,*,#5345,.F.);
#7119=ORIENTED_EDGE('',*,*,#5179,.T.);
#7120=ORIENTED_EDGE('',*,*,#5345,.T.);
#7121=ORIENTED_EDGE('',*,*,#5346,.F.);
#7122=ORIENTED_EDGE('',*,*,#5347,.T.);
#7123=ORIENTED_EDGE('',*,*,#5180,.F.);
#7124=ORIENTED_EDGE('',*,*,#5347,.F.);
#7125=ORIENTED_EDGE('',*,*,#5348,.T.);
#7126=ORIENTED_EDGE('',*,*,#5349,.T.);
#7127=ORIENTED_EDGE('',*,*,#5181,.F.);
#7128=ORIENTED_EDGE('',*,*,#5349,.F.);
#7129=ORIENTED_EDGE('',*,*,#5350,.T.);
#7130=ORIENTED_EDGE('',*,*,#5343,.T.);
#7131=ORIENTED_EDGE('',*,*,#5346,.T.);
#7132=ORIENTED_EDGE('',*,*,#5344,.T.);
#7133=ORIENTED_EDGE('',*,*,#5350,.F.);
#7134=ORIENTED_EDGE('',*,*,#5348,.F.);
#7135=ORIENTED_EDGE('',*,*,#5064,.T.);
#7136=ORIENTED_EDGE('',*,*,#5351,.F.);
#7137=ORIENTED_EDGE('',*,*,#5352,.F.);
#7138=ORIENTED_EDGE('',*,*,#4914,.F.);
#7139=ORIENTED_EDGE('',*,*,#4915,.F.);
#7140=ORIENTED_EDGE('',*,*,#5352,.T.);
#7141=ORIENTED_EDGE('',*,*,#5353,.F.);
#7142=ORIENTED_EDGE('',*,*,#5354,.T.);
#7143=ORIENTED_EDGE('',*,*,#4916,.F.);
#7144=ORIENTED_EDGE('',*,*,#5354,.F.);
#7145=ORIENTED_EDGE('',*,*,#5355,.T.);
#7146=ORIENTED_EDGE('',*,*,#5356,.T.);
#7147=ORIENTED_EDGE('',*,*,#4917,.T.);
#7148=ORIENTED_EDGE('',*,*,#5356,.F.);
#7149=ORIENTED_EDGE('',*,*,#5357,.F.);
#7150=ORIENTED_EDGE('',*,*,#5358,.F.);
#7151=ORIENTED_EDGE('',*,*,#4918,.F.);
#7152=ORIENTED_EDGE('',*,*,#5358,.T.);
#7153=ORIENTED_EDGE('',*,*,#5359,.T.);
#7154=ORIENTED_EDGE('',*,*,#5360,.F.);
#7155=ORIENTED_EDGE('',*,*,#4919,.T.);
#7156=ORIENTED_EDGE('',*,*,#5360,.T.);
#7157=ORIENTED_EDGE('',*,*,#5361,.F.);
#7158=ORIENTED_EDGE('',*,*,#5362,.T.);
#7159=ORIENTED_EDGE('',*,*,#5058,.F.);
#7160=ORIENTED_EDGE('',*,*,#4920,.T.);
#7161=ORIENTED_EDGE('',*,*,#5362,.F.);
#7162=ORIENTED_EDGE('',*,*,#5363,.T.);
#7163=ORIENTED_EDGE('',*,*,#5063,.T.);
#7164=ORIENTED_EDGE('',*,*,#5364,.F.);
#7165=ORIENTED_EDGE('',*,*,#5365,.F.);
#7166=ORIENTED_EDGE('',*,*,#5366,.T.);
#7167=ORIENTED_EDGE('',*,*,#5059,.T.);
#7168=ORIENTED_EDGE('',*,*,#5363,.F.);
#7169=ORIENTED_EDGE('',*,*,#5361,.T.);
#7170=ORIENTED_EDGE('',*,*,#5359,.F.);
#7171=ORIENTED_EDGE('',*,*,#5357,.T.);
#7172=ORIENTED_EDGE('',*,*,#5355,.F.);
#7173=ORIENTED_EDGE('',*,*,#5353,.T.);
#7174=ORIENTED_EDGE('',*,*,#5351,.T.);
#7175=ORIENTED_EDGE('',*,*,#5060,.T.);
#7176=ORIENTED_EDGE('',*,*,#5366,.F.);
#7177=ORIENTED_EDGE('',*,*,#5367,.F.);
#7178=ORIENTED_EDGE('',*,*,#5368,.T.);
#7179=ORIENTED_EDGE('',*,*,#5061,.T.);
#7180=ORIENTED_EDGE('',*,*,#5368,.F.);
#7181=ORIENTED_EDGE('',*,*,#5369,.F.);
#7182=ORIENTED_EDGE('',*,*,#5370,.F.);
#7183=ORIENTED_EDGE('',*,*,#5062,.F.);
#7184=ORIENTED_EDGE('',*,*,#5370,.T.);
#7185=ORIENTED_EDGE('',*,*,#5371,.T.);
#7186=ORIENTED_EDGE('',*,*,#5364,.T.);
#7187=ORIENTED_EDGE('',*,*,#5371,.F.);
#7188=ORIENTED_EDGE('',*,*,#5369,.T.);
#7189=ORIENTED_EDGE('',*,*,#5367,.T.);
#7190=ORIENTED_EDGE('',*,*,#5365,.T.);
#7191=ORIENTED_EDGE('',*,*,#5013,.T.);
#7192=ORIENTED_EDGE('',*,*,#5372,.F.);
#7193=ORIENTED_EDGE('',*,*,#5373,.T.);
#7194=ORIENTED_EDGE('',*,*,#4880,.T.);
#7195=ORIENTED_EDGE('',*,*,#4881,.F.);
#7196=ORIENTED_EDGE('',*,*,#5373,.F.);
#7197=ORIENTED_EDGE('',*,*,#5374,.T.);
#7198=ORIENTED_EDGE('',*,*,#5375,.F.);
#7199=ORIENTED_EDGE('',*,*,#4882,.T.);
#7200=ORIENTED_EDGE('',*,*,#5375,.T.);
#7201=ORIENTED_EDGE('',*,*,#5376,.F.);
#7202=ORIENTED_EDGE('',*,*,#5377,.F.);
#7203=ORIENTED_EDGE('',*,*,#4883,.T.);
#7204=ORIENTED_EDGE('',*,*,#5377,.T.);
#7205=ORIENTED_EDGE('',*,*,#5378,.F.);
#7206=ORIENTED_EDGE('',*,*,#5379,.T.);
#7207=ORIENTED_EDGE('',*,*,#4884,.T.);
#7208=ORIENTED_EDGE('',*,*,#5379,.F.);
#7209=ORIENTED_EDGE('',*,*,#5380,.F.);
#7210=ORIENTED_EDGE('',*,*,#5381,.F.);
#7211=ORIENTED_EDGE('',*,*,#4885,.T.);
#7212=ORIENTED_EDGE('',*,*,#5381,.T.);
#7213=ORIENTED_EDGE('',*,*,#5382,.F.);
#7214=ORIENTED_EDGE('',*,*,#5383,.T.);
#7215=ORIENTED_EDGE('',*,*,#4886,.T.);
#7216=ORIENTED_EDGE('',*,*,#5383,.F.);
#7217=ORIENTED_EDGE('',*,*,#5384,.F.);
#7218=ORIENTED_EDGE('',*,*,#5385,.F.);
#7219=ORIENTED_EDGE('',*,*,#4887,.T.);
#7220=ORIENTED_EDGE('',*,*,#5385,.T.);
#7221=ORIENTED_EDGE('',*,*,#5386,.F.);
#7222=ORIENTED_EDGE('',*,*,#5387,.F.);
#7223=ORIENTED_EDGE('',*,*,#4888,.T.);
#7224=ORIENTED_EDGE('',*,*,#5387,.T.);
#7225=ORIENTED_EDGE('',*,*,#5388,.F.);
#7226=ORIENTED_EDGE('',*,*,#5389,.F.);
#7227=ORIENTED_EDGE('',*,*,#4889,.F.);
#7228=ORIENTED_EDGE('',*,*,#5389,.T.);
#7229=ORIENTED_EDGE('',*,*,#5390,.T.);
#7230=ORIENTED_EDGE('',*,*,#5391,.F.);
#7231=ORIENTED_EDGE('',*,*,#4987,.F.);
#7232=ORIENTED_EDGE('',*,*,#4890,.T.);
#7233=ORIENTED_EDGE('',*,*,#5391,.T.);
#7234=ORIENTED_EDGE('',*,*,#5392,.F.);
#7235=ORIENTED_EDGE('',*,*,#5012,.T.);
#7236=ORIENTED_EDGE('',*,*,#5393,.F.);
#7237=ORIENTED_EDGE('',*,*,#5394,.F.);
#7238=ORIENTED_EDGE('',*,*,#5395,.T.);
#7239=ORIENTED_EDGE('',*,*,#5008,.T.);
#7240=ORIENTED_EDGE('',*,*,#5396,.T.);
#7241=ORIENTED_EDGE('',*,*,#5397,.F.);
#7242=ORIENTED_EDGE('',*,*,#5398,.T.);
#7243=ORIENTED_EDGE('',*,*,#5399,.F.);
#7244=ORIENTED_EDGE('',*,*,#5400,.T.);
#7245=ORIENTED_EDGE('',*,*,#5005,.T.);
#7246=ORIENTED_EDGE('',*,*,#5401,.F.);
#7247=ORIENTED_EDGE('',*,*,#5402,.F.);
#7248=ORIENTED_EDGE('',*,*,#5403,.F.);
#7249=ORIENTED_EDGE('',*,*,#5001,.T.);
#7250=ORIENTED_EDGE('',*,*,#5404,.T.);
#7251=ORIENTED_EDGE('',*,*,#5405,.F.);
#7252=ORIENTED_EDGE('',*,*,#5406,.T.);
#7253=ORIENTED_EDGE('',*,*,#5407,.F.);
#7254=ORIENTED_EDGE('',*,*,#5408,.T.);
#7255=ORIENTED_EDGE('',*,*,#4998,.T.);
#7256=ORIENTED_EDGE('',*,*,#5409,.F.);
#7257=ORIENTED_EDGE('',*,*,#5410,.F.);
#7258=ORIENTED_EDGE('',*,*,#5411,.F.);
#7259=ORIENTED_EDGE('',*,*,#4994,.T.);
#7260=ORIENTED_EDGE('',*,*,#5412,.T.);
#7261=ORIENTED_EDGE('',*,*,#5413,.F.);
#7262=ORIENTED_EDGE('',*,*,#5414,.T.);
#7263=ORIENTED_EDGE('',*,*,#5415,.F.);
#7264=ORIENTED_EDGE('',*,*,#4976,.T.);
#7265=ORIENTED_EDGE('',*,*,#4992,.T.);
#7266=ORIENTED_EDGE('',*,*,#5416,.F.);
#7267=ORIENTED_EDGE('',*,*,#5417,.F.);
#7268=ORIENTED_EDGE('',*,*,#5418,.F.);
#7269=ORIENTED_EDGE('',*,*,#4988,.T.);
#7270=ORIENTED_EDGE('',*,*,#5392,.T.);
#7271=ORIENTED_EDGE('',*,*,#5390,.F.);
#7272=ORIENTED_EDGE('',*,*,#5388,.T.);
#7273=ORIENTED_EDGE('',*,*,#5386,.T.);
#7274=ORIENTED_EDGE('',*,*,#5384,.T.);
#7275=ORIENTED_EDGE('',*,*,#5382,.T.);
#7276=ORIENTED_EDGE('',*,*,#5380,.T.);
#7277=ORIENTED_EDGE('',*,*,#5378,.T.);
#7278=ORIENTED_EDGE('',*,*,#5376,.T.);
#7279=ORIENTED_EDGE('',*,*,#5374,.F.);
#7280=ORIENTED_EDGE('',*,*,#5372,.T.);
#7281=ORIENTED_EDGE('',*,*,#4989,.T.);
#7282=ORIENTED_EDGE('',*,*,#5418,.T.);
#7283=ORIENTED_EDGE('',*,*,#5419,.F.);
#7284=ORIENTED_EDGE('',*,*,#5420,.T.);
#7285=ORIENTED_EDGE('',*,*,#5010,.T.);
#7286=ORIENTED_EDGE('',*,*,#5421,.F.);
#7287=ORIENTED_EDGE('',*,*,#5422,.T.);
#7288=ORIENTED_EDGE('',*,*,#5423,.F.);
#7289=ORIENTED_EDGE('',*,*,#5003,.T.);
#7290=ORIENTED_EDGE('',*,*,#5424,.F.);
#7291=ORIENTED_EDGE('',*,*,#5425,.T.);
#7292=ORIENTED_EDGE('',*,*,#5426,.F.);
#7293=ORIENTED_EDGE('',*,*,#4996,.T.);
#7294=ORIENTED_EDGE('',*,*,#5427,.F.);
#7295=ORIENTED_EDGE('',*,*,#5428,.T.);
#7296=ORIENTED_EDGE('',*,*,#5429,.T.);
#7297=ORIENTED_EDGE('',*,*,#4990,.T.);
#7298=ORIENTED_EDGE('',*,*,#5420,.F.);
#7299=ORIENTED_EDGE('',*,*,#5430,.T.);
#7300=ORIENTED_EDGE('',*,*,#5431,.T.);
#7301=ORIENTED_EDGE('',*,*,#4839,.F.);
#7302=ORIENTED_EDGE('',*,*,#5432,.T.);
#7303=ORIENTED_EDGE('',*,*,#5433,.F.);
#7304=ORIENTED_EDGE('',*,*,#5434,.T.);
#7305=ORIENTED_EDGE('',*,*,#5435,.F.);
#7306=ORIENTED_EDGE('',*,*,#5436,.T.);
#7307=ORIENTED_EDGE('',*,*,#5437,.F.);
#7308=ORIENTED_EDGE('',*,*,#5438,.T.);
#7309=ORIENTED_EDGE('',*,*,#5011,.F.);
#7310=ORIENTED_EDGE('',*,*,#5423,.T.);
#7311=ORIENTED_EDGE('',*,*,#5439,.T.);
#7312=ORIENTED_EDGE('',*,*,#5393,.T.);
#7313=ORIENTED_EDGE('',*,*,#5439,.F.);
#7314=ORIENTED_EDGE('',*,*,#5422,.F.);
#7315=ORIENTED_EDGE('',*,*,#5440,.T.);
#7316=ORIENTED_EDGE('',*,*,#5394,.T.);
#7317=ORIENTED_EDGE('',*,*,#5441,.F.);
#7318=ORIENTED_EDGE('',*,*,#5428,.F.);
#7319=ORIENTED_EDGE('',*,*,#5442,.T.);
#7320=ORIENTED_EDGE('',*,*,#5410,.T.);
#7321=ORIENTED_EDGE('',*,*,#5419,.T.);
#7322=ORIENTED_EDGE('',*,*,#5417,.T.);
#7323=ORIENTED_EDGE('',*,*,#5443,.F.);
#7324=ORIENTED_EDGE('',*,*,#5430,.F.);
#7325=ORIENTED_EDGE('',*,*,#5444,.T.);
#7326=ORIENTED_EDGE('',*,*,#5402,.T.);
#7327=ORIENTED_EDGE('',*,*,#5445,.F.);
#7328=ORIENTED_EDGE('',*,*,#5425,.F.);
#7329=ORIENTED_EDGE('',*,*,#5009,.T.);
#7330=ORIENTED_EDGE('',*,*,#5395,.F.);
#7331=ORIENTED_EDGE('',*,*,#5440,.F.);
#7332=ORIENTED_EDGE('',*,*,#5421,.T.);
#7333=ORIENTED_EDGE('',*,*,#4997,.F.);
#7334=ORIENTED_EDGE('',*,*,#5429,.F.);
#7335=ORIENTED_EDGE('',*,*,#5441,.T.);
#7336=ORIENTED_EDGE('',*,*,#5409,.T.);
#7337=ORIENTED_EDGE('',*,*,#4995,.T.);
#7338=ORIENTED_EDGE('',*,*,#5411,.T.);
#7339=ORIENTED_EDGE('',*,*,#5442,.F.);
#7340=ORIENTED_EDGE('',*,*,#5427,.T.);
#7341=ORIENTED_EDGE('',*,*,#4991,.F.);
#7342=ORIENTED_EDGE('',*,*,#5431,.F.);
#7343=ORIENTED_EDGE('',*,*,#5443,.T.);
#7344=ORIENTED_EDGE('',*,*,#5416,.T.);
#7345=ORIENTED_EDGE('',*,*,#5002,.T.);
#7346=ORIENTED_EDGE('',*,*,#5403,.T.);
#7347=ORIENTED_EDGE('',*,*,#5444,.F.);
#7348=ORIENTED_EDGE('',*,*,#5424,.T.);
#7349=ORIENTED_EDGE('',*,*,#5004,.F.);
#7350=ORIENTED_EDGE('',*,*,#5426,.T.);
#7351=ORIENTED_EDGE('',*,*,#5445,.T.);
#7352=ORIENTED_EDGE('',*,*,#5401,.T.);
#7353=ORIENTED_EDGE('',*,*,#4840,.T.);
#7354=ORIENTED_EDGE('',*,*,#5438,.F.);
#7355=ORIENTED_EDGE('',*,*,#5446,.T.);
#7356=ORIENTED_EDGE('',*,*,#5447,.F.);
#7357=ORIENTED_EDGE('',*,*,#4837,.T.);
#7358=ORIENTED_EDGE('',*,*,#5447,.T.);
#7359=ORIENTED_EDGE('',*,*,#5448,.F.);
#7360=ORIENTED_EDGE('',*,*,#5449,.T.);
#7361=ORIENTED_EDGE('',*,*,#5450,.F.);
#7362=ORIENTED_EDGE('',*,*,#5451,.T.);
#7363=ORIENTED_EDGE('',*,*,#5452,.F.);
#7364=ORIENTED_EDGE('',*,*,#5453,.T.);
#7365=ORIENTED_EDGE('',*,*,#4838,.F.);
#7366=ORIENTED_EDGE('',*,*,#5453,.F.);
#7367=ORIENTED_EDGE('',*,*,#5454,.F.);
#7368=ORIENTED_EDGE('',*,*,#5432,.F.);
#7369=ORIENTED_EDGE('',*,*,#5452,.T.);
#7370=ORIENTED_EDGE('',*,*,#5455,.F.);
#7371=ORIENTED_EDGE('',*,*,#5433,.T.);
#7372=ORIENTED_EDGE('',*,*,#5454,.T.);
#7373=ORIENTED_EDGE('',*,*,#5456,.T.);
#7374=ORIENTED_EDGE('',*,*,#5434,.F.);
#7375=ORIENTED_EDGE('',*,*,#5455,.T.);
#7376=ORIENTED_EDGE('',*,*,#5451,.F.);
#7377=ORIENTED_EDGE('',*,*,#5450,.T.);
#7378=ORIENTED_EDGE('',*,*,#5457,.T.);
#7379=ORIENTED_EDGE('',*,*,#5435,.T.);
#7380=ORIENTED_EDGE('',*,*,#5456,.F.);
#7381=ORIENTED_EDGE('',*,*,#5457,.F.);
#7382=ORIENTED_EDGE('',*,*,#5449,.F.);
#7383=ORIENTED_EDGE('',*,*,#5458,.F.);
#7384=ORIENTED_EDGE('',*,*,#5436,.F.);
#7385=ORIENTED_EDGE('',*,*,#5448,.T.);
#7386=ORIENTED_EDGE('',*,*,#5446,.F.);
#7387=ORIENTED_EDGE('',*,*,#5437,.T.);
#7388=ORIENTED_EDGE('',*,*,#5458,.T.);
#7389=ORIENTED_EDGE('',*,*,#4846,.F.);
#7390=ORIENTED_EDGE('',*,*,#4977,.F.);
#7391=ORIENTED_EDGE('',*,*,#5415,.T.);
#7392=ORIENTED_EDGE('',*,*,#5459,.F.);
#7393=ORIENTED_EDGE('',*,*,#4847,.T.);
#7394=ORIENTED_EDGE('',*,*,#5459,.T.);
#7395=ORIENTED_EDGE('',*,*,#5414,.F.);
#7396=ORIENTED_EDGE('',*,*,#5460,.F.);
#7397=ORIENTED_EDGE('',*,*,#4848,.F.);
#7398=ORIENTED_EDGE('',*,*,#5460,.T.);
#7399=ORIENTED_EDGE('',*,*,#5413,.T.);
#7400=ORIENTED_EDGE('',*,*,#5461,.F.);
#7401=ORIENTED_EDGE('',*,*,#4993,.F.);
#7402=ORIENTED_EDGE('',*,*,#4849,.T.);
#7403=ORIENTED_EDGE('',*,*,#5461,.T.);
#7404=ORIENTED_EDGE('',*,*,#5412,.F.);
#7405=ORIENTED_EDGE('',*,*,#4999,.T.);
#7406=ORIENTED_EDGE('',*,*,#5408,.F.);
#7407=ORIENTED_EDGE('',*,*,#5462,.T.);
#7408=ORIENTED_EDGE('',*,*,#4851,.T.);
#7409=ORIENTED_EDGE('',*,*,#4852,.F.);
#7410=ORIENTED_EDGE('',*,*,#5462,.F.);
#7411=ORIENTED_EDGE('',*,*,#5407,.T.);
#7412=ORIENTED_EDGE('',*,*,#5463,.F.);
#7413=ORIENTED_EDGE('',*,*,#4853,.T.);
#7414=ORIENTED_EDGE('',*,*,#5463,.T.);
#7415=ORIENTED_EDGE('',*,*,#5406,.F.);
#7416=ORIENTED_EDGE('',*,*,#5464,.F.);
#7417=ORIENTED_EDGE('',*,*,#4854,.F.);
#7418=ORIENTED_EDGE('',*,*,#5464,.T.);
#7419=ORIENTED_EDGE('',*,*,#5405,.T.);
#7420=ORIENTED_EDGE('',*,*,#5465,.F.);
#7421=ORIENTED_EDGE('',*,*,#5000,.F.);
#7422=ORIENTED_EDGE('',*,*,#4855,.T.);
#7423=ORIENTED_EDGE('',*,*,#5465,.T.);
#7424=ORIENTED_EDGE('',*,*,#5404,.F.);
#7425=ORIENTED_EDGE('',*,*,#5006,.T.);
#7426=ORIENTED_EDGE('',*,*,#5400,.F.);
#7427=ORIENTED_EDGE('',*,*,#5466,.F.);
#7428=ORIENTED_EDGE('',*,*,#4861,.F.);
#7429=ORIENTED_EDGE('',*,*,#4862,.F.);
#7430=ORIENTED_EDGE('',*,*,#5466,.T.);
#7431=ORIENTED_EDGE('',*,*,#5399,.T.);
#7432=ORIENTED_EDGE('',*,*,#5467,.F.);
#7433=ORIENTED_EDGE('',*,*,#4857,.T.);
#7434=ORIENTED_EDGE('',*,*,#5467,.T.);
#7435=ORIENTED_EDGE('',*,*,#5398,.F.);
#7436=ORIENTED_EDGE('',*,*,#5468,.F.);
#7437=ORIENTED_EDGE('',*,*,#4858,.F.);
#7438=ORIENTED_EDGE('',*,*,#5468,.T.);
#7439=ORIENTED_EDGE('',*,*,#5397,.T.);
#7440=ORIENTED_EDGE('',*,*,#5469,.F.);
#7441=ORIENTED_EDGE('',*,*,#5007,.F.);
#7442=ORIENTED_EDGE('',*,*,#4859,.T.);
#7443=ORIENTED_EDGE('',*,*,#5469,.T.);
#7444=ORIENTED_EDGE('',*,*,#5396,.F.);
#7445=ORIENTED_EDGE('',*,*,#4986,.T.);
#7446=ORIENTED_EDGE('',*,*,#5470,.F.);
#7447=ORIENTED_EDGE('',*,*,#5471,.T.);
#7448=ORIENTED_EDGE('',*,*,#4892,.F.);
#7449=ORIENTED_EDGE('',*,*,#4893,.F.);
#7450=ORIENTED_EDGE('',*,*,#5471,.F.);
#7451=ORIENTED_EDGE('',*,*,#5472,.T.);
#7452=ORIENTED_EDGE('',*,*,#5473,.T.);
#7453=ORIENTED_EDGE('',*,*,#4894,.T.);
#7454=ORIENTED_EDGE('',*,*,#5473,.F.);
#7455=ORIENTED_EDGE('',*,*,#5474,.F.);
#7456=ORIENTED_EDGE('',*,*,#5475,.F.);
#7457=ORIENTED_EDGE('',*,*,#4895,.F.);
#7458=ORIENTED_EDGE('',*,*,#5475,.T.);
#7459=ORIENTED_EDGE('',*,*,#5476,.T.);
#7460=ORIENTED_EDGE('',*,*,#5477,.F.);
#7461=ORIENTED_EDGE('',*,*,#4980,.F.);
#7462=ORIENTED_EDGE('',*,*,#4896,.T.);
#7463=ORIENTED_EDGE('',*,*,#5477,.T.);
#7464=ORIENTED_EDGE('',*,*,#5478,.F.);
#7465=ORIENTED_EDGE('',*,*,#4985,.T.);
#7466=ORIENTED_EDGE('',*,*,#5479,.F.);
#7467=ORIENTED_EDGE('',*,*,#5480,.F.);
#7468=ORIENTED_EDGE('',*,*,#5481,.F.);
#7469=ORIENTED_EDGE('',*,*,#4981,.T.);
#7470=ORIENTED_EDGE('',*,*,#5478,.T.);
#7471=ORIENTED_EDGE('',*,*,#5476,.F.);
#7472=ORIENTED_EDGE('',*,*,#5474,.T.);
#7473=ORIENTED_EDGE('',*,*,#5472,.F.);
#7474=ORIENTED_EDGE('',*,*,#5470,.T.);
#7475=ORIENTED_EDGE('',*,*,#4982,.T.);
#7476=ORIENTED_EDGE('',*,*,#5481,.T.);
#7477=ORIENTED_EDGE('',*,*,#5482,.F.);
#7478=ORIENTED_EDGE('',*,*,#5483,.T.);
#7479=ORIENTED_EDGE('',*,*,#4983,.T.);
#7480=ORIENTED_EDGE('',*,*,#5483,.F.);
#7481=ORIENTED_EDGE('',*,*,#5484,.F.);
#7482=ORIENTED_EDGE('',*,*,#5485,.T.);
#7483=ORIENTED_EDGE('',*,*,#4984,.F.);
#7484=ORIENTED_EDGE('',*,*,#5485,.F.);
#7485=ORIENTED_EDGE('',*,*,#5486,.T.);
#7486=ORIENTED_EDGE('',*,*,#5479,.T.);
#7487=ORIENTED_EDGE('',*,*,#5486,.F.);
#7488=ORIENTED_EDGE('',*,*,#5484,.T.);
#7489=ORIENTED_EDGE('',*,*,#5482,.T.);
#7490=ORIENTED_EDGE('',*,*,#5480,.T.);
#7491=ORIENTED_EDGE('',*,*,#5487,.T.);
#7492=ORIENTED_EDGE('',*,*,#5488,.T.);
#7493=ORIENTED_EDGE('',*,*,#5489,.F.);
#7494=ORIENTED_EDGE('',*,*,#5490,.F.);
#7495=ORIENTED_EDGE('',*,*,#5491,.F.);
#7496=ORIENTED_EDGE('',*,*,#5492,.T.);
#7497=ORIENTED_EDGE('',*,*,#5493,.T.);
#7498=ORIENTED_EDGE('',*,*,#5494,.T.);
#7499=ORIENTED_EDGE('',*,*,#5495,.F.);
#7500=ORIENTED_EDGE('',*,*,#5496,.F.);
#7501=ORIENTED_EDGE('',*,*,#5497,.F.);
#7502=ORIENTED_EDGE('',*,*,#5498,.T.);
#7503=ORIENTED_EDGE('',*,*,#5499,.T.);
#7504=ORIENTED_EDGE('',*,*,#5500,.T.);
#7505=ORIENTED_EDGE('',*,*,#5501,.F.);
#7506=ORIENTED_EDGE('',*,*,#5502,.F.);
#7507=ORIENTED_EDGE('',*,*,#5503,.F.);
#7508=ORIENTED_EDGE('',*,*,#5504,.T.);
#7509=ORIENTED_EDGE('',*,*,#5505,.T.);
#7510=ORIENTED_EDGE('',*,*,#5506,.T.);
#7511=ORIENTED_EDGE('',*,*,#5507,.F.);
#7512=ORIENTED_EDGE('',*,*,#5508,.F.);
#7513=ORIENTED_EDGE('',*,*,#5509,.F.);
#7514=ORIENTED_EDGE('',*,*,#5510,.T.);
#7515=ORIENTED_EDGE('',*,*,#5511,.F.);
#7516=ORIENTED_EDGE('',*,*,#5512,.T.);
#7517=ORIENTED_EDGE('',*,*,#5513,.F.);
#7518=ORIENTED_EDGE('',*,*,#5514,.F.);
#7519=ORIENTED_EDGE('',*,*,#5515,.F.);
#7520=ORIENTED_EDGE('',*,*,#5516,.T.);
#7521=ORIENTED_EDGE('',*,*,#5517,.T.);
#7522=ORIENTED_EDGE('',*,*,#5518,.F.);
#7523=ORIENTED_EDGE('',*,*,#5519,.F.);
#7524=ORIENTED_EDGE('',*,*,#5520,.T.);
#7525=ORIENTED_EDGE('',*,*,#5521,.T.);
#7526=ORIENTED_EDGE('',*,*,#5522,.T.);
#7527=ORIENTED_EDGE('',*,*,#5487,.F.);
#7528=ORIENTED_EDGE('',*,*,#5523,.F.);
#7529=ORIENTED_EDGE('',*,*,#5524,.T.);
#7530=ORIENTED_EDGE('',*,*,#5525,.F.);
#7531=ORIENTED_EDGE('',*,*,#5526,.F.);
#7532=ORIENTED_EDGE('',*,*,#5527,.T.);
#7533=ORIENTED_EDGE('',*,*,#5528,.T.);
#7534=ORIENTED_EDGE('',*,*,#5529,.T.);
#7535=ORIENTED_EDGE('',*,*,#5493,.F.);
#7536=ORIENTED_EDGE('',*,*,#5530,.T.);
#7537=ORIENTED_EDGE('',*,*,#5531,.T.);
#7538=ORIENTED_EDGE('',*,*,#5532,.F.);
#7539=ORIENTED_EDGE('',*,*,#5533,.F.);
#7540=ORIENTED_EDGE('',*,*,#5534,.T.);
#7541=ORIENTED_EDGE('',*,*,#5535,.T.);
#7542=ORIENTED_EDGE('',*,*,#5536,.T.);
#7543=ORIENTED_EDGE('',*,*,#5499,.F.);
#7544=ORIENTED_EDGE('',*,*,#5537,.F.);
#7545=ORIENTED_EDGE('',*,*,#5538,.T.);
#7546=ORIENTED_EDGE('',*,*,#5539,.F.);
#7547=ORIENTED_EDGE('',*,*,#5540,.F.);
#7548=ORIENTED_EDGE('',*,*,#5541,.T.);
#7549=ORIENTED_EDGE('',*,*,#5542,.T.);
#7550=ORIENTED_EDGE('',*,*,#5543,.T.);
#7551=ORIENTED_EDGE('',*,*,#5505,.F.);
#7552=ORIENTED_EDGE('',*,*,#5544,.F.);
#7553=ORIENTED_EDGE('',*,*,#5517,.F.);
#7554=ORIENTED_EDGE('',*,*,#5545,.F.);
#7555=ORIENTED_EDGE('',*,*,#5546,.T.);
#7556=ORIENTED_EDGE('',*,*,#5547,.F.);
#7557=ORIENTED_EDGE('',*,*,#5548,.F.);
#7558=ORIENTED_EDGE('',*,*,#5549,.F.);
#7559=ORIENTED_EDGE('',*,*,#5550,.F.);
#7560=ORIENTED_EDGE('',*,*,#5551,.F.);
#7561=ORIENTED_EDGE('',*,*,#5552,.F.);
#7562=ORIENTED_EDGE('',*,*,#5553,.F.);
#7563=ORIENTED_EDGE('',*,*,#5554,.T.);
#7564=ORIENTED_EDGE('',*,*,#5555,.F.);
#7565=ORIENTED_EDGE('',*,*,#5542,.F.);
#7566=ORIENTED_EDGE('',*,*,#5556,.T.);
#7567=ORIENTED_EDGE('',*,*,#5557,.T.);
#7568=ORIENTED_EDGE('',*,*,#5558,.T.);
#7569=ORIENTED_EDGE('',*,*,#5538,.F.);
#7570=ORIENTED_EDGE('',*,*,#5559,.F.);
#7571=ORIENTED_EDGE('',*,*,#5560,.T.);
#7572=ORIENTED_EDGE('',*,*,#5561,.F.);
#7573=ORIENTED_EDGE('',*,*,#5562,.T.);
#7574=ORIENTED_EDGE('',*,*,#5563,.F.);
#7575=ORIENTED_EDGE('',*,*,#5535,.F.);
#7576=ORIENTED_EDGE('',*,*,#5564,.T.);
#7577=ORIENTED_EDGE('',*,*,#5565,.T.);
#7578=ORIENTED_EDGE('',*,*,#5566,.T.);
#7579=ORIENTED_EDGE('',*,*,#5531,.F.);
#7580=ORIENTED_EDGE('',*,*,#5567,.F.);
#7581=ORIENTED_EDGE('',*,*,#5568,.T.);
#7582=ORIENTED_EDGE('',*,*,#5569,.F.);
#7583=ORIENTED_EDGE('',*,*,#5570,.T.);
#7584=ORIENTED_EDGE('',*,*,#5571,.F.);
#7585=ORIENTED_EDGE('',*,*,#5528,.F.);
#7586=ORIENTED_EDGE('',*,*,#5572,.T.);
#7587=ORIENTED_EDGE('',*,*,#5573,.T.);
#7588=ORIENTED_EDGE('',*,*,#5574,.T.);
#7589=ORIENTED_EDGE('',*,*,#5524,.F.);
#7590=ORIENTED_EDGE('',*,*,#5575,.F.);
#7591=ORIENTED_EDGE('',*,*,#5576,.T.);
#7592=ORIENTED_EDGE('',*,*,#5577,.F.);
#7593=ORIENTED_EDGE('',*,*,#5578,.T.);
#7594=ORIENTED_EDGE('',*,*,#5579,.F.);
#7595=ORIENTED_EDGE('',*,*,#5521,.F.);
#7596=ORIENTED_EDGE('',*,*,#5580,.F.);
#7597=ORIENTED_EDGE('',*,*,#5581,.T.);
#7598=ORIENTED_EDGE('',*,*,#5582,.T.);
#7599=ORIENTED_EDGE('',*,*,#5518,.T.);
#7600=ORIENTED_EDGE('',*,*,#5582,.F.);
#7601=ORIENTED_EDGE('',*,*,#5583,.F.);
#7602=ORIENTED_EDGE('',*,*,#5584,.F.);
#7603=ORIENTED_EDGE('',*,*,#5540,.T.);
#7604=ORIENTED_EDGE('',*,*,#5585,.F.);
#7605=ORIENTED_EDGE('',*,*,#5586,.F.);
#7606=ORIENTED_EDGE('',*,*,#5587,.T.);
#7607=ORIENTED_EDGE('',*,*,#5533,.T.);
#7608=ORIENTED_EDGE('',*,*,#5588,.F.);
#7609=ORIENTED_EDGE('',*,*,#5589,.F.);
#7610=ORIENTED_EDGE('',*,*,#5590,.T.);
#7611=ORIENTED_EDGE('',*,*,#5526,.T.);
#7612=ORIENTED_EDGE('',*,*,#5591,.T.);
#7613=ORIENTED_EDGE('',*,*,#5592,.F.);
#7614=ORIENTED_EDGE('',*,*,#5593,.T.);
#7615=ORIENTED_EDGE('',*,*,#5519,.T.);
#7616=ORIENTED_EDGE('',*,*,#5584,.T.);
#7617=ORIENTED_EDGE('',*,*,#5594,.F.);
#7618=ORIENTED_EDGE('',*,*,#5595,.T.);
#7619=ORIENTED_EDGE('',*,*,#5541,.F.);
#7620=ORIENTED_EDGE('',*,*,#5587,.F.);
#7621=ORIENTED_EDGE('',*,*,#5596,.T.);
#7622=ORIENTED_EDGE('',*,*,#5556,.F.);
#7623=ORIENTED_EDGE('',*,*,#5583,.T.);
#7624=ORIENTED_EDGE('',*,*,#5581,.F.);
#7625=ORIENTED_EDGE('',*,*,#5597,.F.);
#7626=ORIENTED_EDGE('',*,*,#5594,.T.);
#7627=ORIENTED_EDGE('',*,*,#5598,.T.);
#7628=ORIENTED_EDGE('',*,*,#5565,.F.);
#7629=ORIENTED_EDGE('',*,*,#5599,.F.);
#7630=ORIENTED_EDGE('',*,*,#5589,.T.);
#7631=ORIENTED_EDGE('',*,*,#5596,.F.);
#7632=ORIENTED_EDGE('',*,*,#5586,.T.);
#7633=ORIENTED_EDGE('',*,*,#5600,.T.);
#7634=ORIENTED_EDGE('',*,*,#5557,.F.);
#7635=ORIENTED_EDGE('',*,*,#5601,.F.);
#7636=ORIENTED_EDGE('',*,*,#5592,.T.);
#7637=ORIENTED_EDGE('',*,*,#5602,.T.);
#7638=ORIENTED_EDGE('',*,*,#5573,.F.);
#7639=ORIENTED_EDGE('',*,*,#5520,.F.);
#7640=ORIENTED_EDGE('',*,*,#5595,.F.);
#7641=ORIENTED_EDGE('',*,*,#5597,.T.);
#7642=ORIENTED_EDGE('',*,*,#5580,.T.);
#7643=ORIENTED_EDGE('',*,*,#5532,.T.);
#7644=ORIENTED_EDGE('',*,*,#5566,.F.);
#7645=ORIENTED_EDGE('',*,*,#5598,.F.);
#7646=ORIENTED_EDGE('',*,*,#5588,.T.);
#7647=ORIENTED_EDGE('',*,*,#5534,.F.);
#7648=ORIENTED_EDGE('',*,*,#5590,.F.);
#7649=ORIENTED_EDGE('',*,*,#5599,.T.);
#7650=ORIENTED_EDGE('',*,*,#5564,.F.);
#7651=ORIENTED_EDGE('',*,*,#5539,.T.);
#7652=ORIENTED_EDGE('',*,*,#5558,.F.);
#7653=ORIENTED_EDGE('',*,*,#5600,.F.);
#7654=ORIENTED_EDGE('',*,*,#5585,.T.);
#7655=ORIENTED_EDGE('',*,*,#5527,.F.);
#7656=ORIENTED_EDGE('',*,*,#5593,.F.);
#7657=ORIENTED_EDGE('',*,*,#5601,.T.);
#7658=ORIENTED_EDGE('',*,*,#5572,.F.);
#7659=ORIENTED_EDGE('',*,*,#5525,.T.);
#7660=ORIENTED_EDGE('',*,*,#5574,.F.);
#7661=ORIENTED_EDGE('',*,*,#5602,.F.);
#7662=ORIENTED_EDGE('',*,*,#5591,.F.);
#7663=ORIENTED_EDGE('',*,*,#5522,.F.);
#7664=ORIENTED_EDGE('',*,*,#5579,.T.);
#7665=ORIENTED_EDGE('',*,*,#5603,.F.);
#7666=ORIENTED_EDGE('',*,*,#5488,.F.);
#7667=ORIENTED_EDGE('',*,*,#5578,.F.);
#7668=ORIENTED_EDGE('',*,*,#5604,.F.);
#7669=ORIENTED_EDGE('',*,*,#5489,.T.);
#7670=ORIENTED_EDGE('',*,*,#5603,.T.);
#7671=ORIENTED_EDGE('',*,*,#5577,.T.);
#7672=ORIENTED_EDGE('',*,*,#5605,.F.);
#7673=ORIENTED_EDGE('',*,*,#5490,.T.);
#7674=ORIENTED_EDGE('',*,*,#5604,.T.);
#7675=ORIENTED_EDGE('',*,*,#5576,.F.);
#7676=ORIENTED_EDGE('',*,*,#5606,.F.);
#7677=ORIENTED_EDGE('',*,*,#5491,.T.);
#7678=ORIENTED_EDGE('',*,*,#5605,.T.);
#7679=ORIENTED_EDGE('',*,*,#5530,.F.);
#7680=ORIENTED_EDGE('',*,*,#5492,.F.);
#7681=ORIENTED_EDGE('',*,*,#5606,.T.);
#7682=ORIENTED_EDGE('',*,*,#5575,.T.);
#7683=ORIENTED_EDGE('',*,*,#5529,.F.);
#7684=ORIENTED_EDGE('',*,*,#5571,.T.);
#7685=ORIENTED_EDGE('',*,*,#5607,.F.);
#7686=ORIENTED_EDGE('',*,*,#5494,.F.);
#7687=ORIENTED_EDGE('',*,*,#5570,.F.);
#7688=ORIENTED_EDGE('',*,*,#5608,.F.);
#7689=ORIENTED_EDGE('',*,*,#5495,.T.);
#7690=ORIENTED_EDGE('',*,*,#5607,.T.);
#7691=ORIENTED_EDGE('',*,*,#5569,.T.);
#7692=ORIENTED_EDGE('',*,*,#5609,.F.);
#7693=ORIENTED_EDGE('',*,*,#5496,.T.);
#7694=ORIENTED_EDGE('',*,*,#5608,.T.);
#7695=ORIENTED_EDGE('',*,*,#5568,.F.);
#7696=ORIENTED_EDGE('',*,*,#5610,.T.);
#7697=ORIENTED_EDGE('',*,*,#5497,.T.);
#7698=ORIENTED_EDGE('',*,*,#5609,.T.);
#7699=ORIENTED_EDGE('',*,*,#5537,.T.);
#7700=ORIENTED_EDGE('',*,*,#5498,.F.);
#7701=ORIENTED_EDGE('',*,*,#5610,.F.);
#7702=ORIENTED_EDGE('',*,*,#5567,.T.);
#7703=ORIENTED_EDGE('',*,*,#5536,.F.);
#7704=ORIENTED_EDGE('',*,*,#5563,.T.);
#7705=ORIENTED_EDGE('',*,*,#5611,.F.);
#7706=ORIENTED_EDGE('',*,*,#5500,.F.);
#7707=ORIENTED_EDGE('',*,*,#5562,.F.);
#7708=ORIENTED_EDGE('',*,*,#5612,.F.);
#7709=ORIENTED_EDGE('',*,*,#5501,.T.);
#7710=ORIENTED_EDGE('',*,*,#5611,.T.);
#7711=ORIENTED_EDGE('',*,*,#5561,.T.);
#7712=ORIENTED_EDGE('',*,*,#5613,.F.);
#7713=ORIENTED_EDGE('',*,*,#5502,.T.);
#7714=ORIENTED_EDGE('',*,*,#5612,.T.);
#7715=ORIENTED_EDGE('',*,*,#5560,.F.);
#7716=ORIENTED_EDGE('',*,*,#5614,.T.);
#7717=ORIENTED_EDGE('',*,*,#5503,.T.);
#7718=ORIENTED_EDGE('',*,*,#5613,.T.);
#7719=ORIENTED_EDGE('',*,*,#5544,.T.);
#7720=ORIENTED_EDGE('',*,*,#5504,.F.);
#7721=ORIENTED_EDGE('',*,*,#5614,.F.);
#7722=ORIENTED_EDGE('',*,*,#5559,.T.);
#7723=ORIENTED_EDGE('',*,*,#5543,.F.);
#7724=ORIENTED_EDGE('',*,*,#5555,.T.);
#7725=ORIENTED_EDGE('',*,*,#5615,.F.);
#7726=ORIENTED_EDGE('',*,*,#5506,.F.);
#7727=ORIENTED_EDGE('',*,*,#5554,.F.);
#7728=ORIENTED_EDGE('',*,*,#5616,.F.);
#7729=ORIENTED_EDGE('',*,*,#5507,.T.);
#7730=ORIENTED_EDGE('',*,*,#5615,.T.);
#7731=ORIENTED_EDGE('',*,*,#5553,.T.);
#7732=ORIENTED_EDGE('',*,*,#5617,.F.);
#7733=ORIENTED_EDGE('',*,*,#5508,.T.);
#7734=ORIENTED_EDGE('',*,*,#5616,.T.);
#7735=ORIENTED_EDGE('',*,*,#5552,.T.);
#7736=ORIENTED_EDGE('',*,*,#5618,.F.);
#7737=ORIENTED_EDGE('',*,*,#5509,.T.);
#7738=ORIENTED_EDGE('',*,*,#5617,.T.);
#7739=ORIENTED_EDGE('',*,*,#5551,.T.);
#7740=ORIENTED_EDGE('',*,*,#5619,.T.);
#7741=ORIENTED_EDGE('',*,*,#5510,.F.);
#7742=ORIENTED_EDGE('',*,*,#5618,.T.);
#7743=ORIENTED_EDGE('',*,*,#5550,.T.);
#7744=ORIENTED_EDGE('',*,*,#5620,.F.);
#7745=ORIENTED_EDGE('',*,*,#5511,.T.);
#7746=ORIENTED_EDGE('',*,*,#5619,.F.);
#7747=ORIENTED_EDGE('',*,*,#5549,.T.);
#7748=ORIENTED_EDGE('',*,*,#5621,.T.);
#7749=ORIENTED_EDGE('',*,*,#5512,.F.);
#7750=ORIENTED_EDGE('',*,*,#5620,.T.);
#7751=ORIENTED_EDGE('',*,*,#5548,.T.);
#7752=ORIENTED_EDGE('',*,*,#5622,.F.);
#7753=ORIENTED_EDGE('',*,*,#5513,.T.);
#7754=ORIENTED_EDGE('',*,*,#5621,.F.);
#7755=ORIENTED_EDGE('',*,*,#5547,.T.);
#7756=ORIENTED_EDGE('',*,*,#5623,.F.);
#7757=ORIENTED_EDGE('',*,*,#5514,.T.);
#7758=ORIENTED_EDGE('',*,*,#5622,.T.);
#7759=ORIENTED_EDGE('',*,*,#5546,.F.);
#7760=ORIENTED_EDGE('',*,*,#5624,.T.);
#7761=ORIENTED_EDGE('',*,*,#5515,.T.);
#7762=ORIENTED_EDGE('',*,*,#5623,.T.);
#7763=ORIENTED_EDGE('',*,*,#5523,.T.);
#7764=ORIENTED_EDGE('',*,*,#5516,.F.);
#7765=ORIENTED_EDGE('',*,*,#5624,.F.);
#7766=ORIENTED_EDGE('',*,*,#5545,.T.);
#7767=ORIENTED_EDGE('',*,*,#5625,.T.);
#7768=ORIENTED_EDGE('',*,*,#5626,.T.);
#7769=ORIENTED_EDGE('',*,*,#5627,.T.);
#7770=ORIENTED_EDGE('',*,*,#5628,.F.);
#7771=ORIENTED_EDGE('',*,*,#5625,.F.);
#7772=ORIENTED_EDGE('',*,*,#5629,.F.);
#7773=ORIENTED_EDGE('',*,*,#5630,.T.);
#7774=ORIENTED_EDGE('',*,*,#5631,.F.);
#7775=ORIENTED_EDGE('',*,*,#5632,.T.);
#7776=ORIENTED_EDGE('',*,*,#5633,.F.);
#7777=ORIENTED_EDGE('',*,*,#5634,.T.);
#7778=ORIENTED_EDGE('',*,*,#5635,.F.);
#7779=ORIENTED_EDGE('',*,*,#5626,.F.);
#7780=ORIENTED_EDGE('',*,*,#5635,.T.);
#7781=ORIENTED_EDGE('',*,*,#5636,.F.);
#7782=ORIENTED_EDGE('',*,*,#5637,.T.);
#7783=ORIENTED_EDGE('',*,*,#5627,.F.);
#7784=ORIENTED_EDGE('',*,*,#5637,.F.);
#7785=ORIENTED_EDGE('',*,*,#5638,.T.);
#7786=ORIENTED_EDGE('',*,*,#5639,.F.);
#7787=ORIENTED_EDGE('',*,*,#5640,.T.);
#7788=ORIENTED_EDGE('',*,*,#5641,.F.);
#7789=ORIENTED_EDGE('',*,*,#5642,.T.);
#7790=ORIENTED_EDGE('',*,*,#5643,.F.);
#7791=ORIENTED_EDGE('',*,*,#5628,.T.);
#7792=ORIENTED_EDGE('',*,*,#5643,.T.);
#7793=ORIENTED_EDGE('',*,*,#5644,.T.);
#7794=ORIENTED_EDGE('',*,*,#5629,.T.);
#7795=ORIENTED_EDGE('',*,*,#5630,.F.);
#7796=ORIENTED_EDGE('',*,*,#5644,.F.);
#7797=ORIENTED_EDGE('',*,*,#5642,.F.);
#7798=ORIENTED_EDGE('',*,*,#5645,.T.);
#7799=ORIENTED_EDGE('',*,*,#5646,.F.);
#7800=ORIENTED_EDGE('',*,*,#5631,.T.);
#7801=ORIENTED_EDGE('',*,*,#5645,.F.);
#7802=ORIENTED_EDGE('',*,*,#5641,.T.);
#7803=ORIENTED_EDGE('',*,*,#5632,.F.);
#7804=ORIENTED_EDGE('',*,*,#5646,.T.);
#7805=ORIENTED_EDGE('',*,*,#5640,.F.);
#7806=ORIENTED_EDGE('',*,*,#5647,.F.);
#7807=ORIENTED_EDGE('',*,*,#5647,.T.);
#7808=ORIENTED_EDGE('',*,*,#5639,.T.);
#7809=ORIENTED_EDGE('',*,*,#5648,.T.);
#7810=ORIENTED_EDGE('',*,*,#5633,.T.);
#7811=ORIENTED_EDGE('',*,*,#5634,.F.);
#7812=ORIENTED_EDGE('',*,*,#5648,.F.);
#7813=ORIENTED_EDGE('',*,*,#5638,.F.);
#7814=ORIENTED_EDGE('',*,*,#5636,.T.);
#7815=ORIENTED_EDGE('',*,*,#5649,.T.);
#7816=ORIENTED_EDGE('',*,*,#5650,.F.);
#7817=ORIENTED_EDGE('',*,*,#5651,.T.);
#7818=ORIENTED_EDGE('',*,*,#5652,.T.);
#7819=ORIENTED_EDGE('',*,*,#5653,.T.);
#7820=ORIENTED_EDGE('',*,*,#5654,.T.);
#7821=ORIENTED_EDGE('',*,*,#5655,.F.);
#7822=ORIENTED_EDGE('',*,*,#5656,.T.);
#7823=ORIENTED_EDGE('',*,*,#5649,.F.);
#7824=ORIENTED_EDGE('',*,*,#5657,.F.);
#7825=ORIENTED_EDGE('',*,*,#5658,.T.);
#7826=ORIENTED_EDGE('',*,*,#5659,.F.);
#7827=ORIENTED_EDGE('',*,*,#5660,.T.);
#7828=ORIENTED_EDGE('',*,*,#5661,.T.);
#7829=ORIENTED_EDGE('',*,*,#5662,.F.);
#7830=ORIENTED_EDGE('',*,*,#5663,.T.);
#7831=ORIENTED_EDGE('',*,*,#5664,.F.);
#7832=ORIENTED_EDGE('',*,*,#5653,.F.);
#7833=ORIENTED_EDGE('',*,*,#5665,.F.);
#7834=ORIENTED_EDGE('',*,*,#5666,.T.);
#7835=ORIENTED_EDGE('',*,*,#5667,.T.);
#7836=ORIENTED_EDGE('',*,*,#5650,.T.);
#7837=ORIENTED_EDGE('',*,*,#5667,.F.);
#7838=ORIENTED_EDGE('',*,*,#5668,.F.);
#7839=ORIENTED_EDGE('',*,*,#5669,.F.);
#7840=ORIENTED_EDGE('',*,*,#5651,.F.);
#7841=ORIENTED_EDGE('',*,*,#5669,.T.);
#7842=ORIENTED_EDGE('',*,*,#5670,.T.);
#7843=ORIENTED_EDGE('',*,*,#5671,.T.);
#7844=ORIENTED_EDGE('',*,*,#5652,.F.);
#7845=ORIENTED_EDGE('',*,*,#5671,.F.);
#7846=ORIENTED_EDGE('',*,*,#5672,.T.);
#7847=ORIENTED_EDGE('',*,*,#5665,.T.);
#7848=ORIENTED_EDGE('',*,*,#5668,.T.);
#7849=ORIENTED_EDGE('',*,*,#5666,.F.);
#7850=ORIENTED_EDGE('',*,*,#5672,.F.);
#7851=ORIENTED_EDGE('',*,*,#5670,.F.);
#7852=ORIENTED_EDGE('',*,*,#5654,.F.);
#7853=ORIENTED_EDGE('',*,*,#5664,.T.);
#7854=ORIENTED_EDGE('',*,*,#5673,.F.);
#7855=ORIENTED_EDGE('',*,*,#5674,.F.);
#7856=ORIENTED_EDGE('',*,*,#5655,.T.);
#7857=ORIENTED_EDGE('',*,*,#5674,.T.);
#7858=ORIENTED_EDGE('',*,*,#5675,.F.);
#7859=ORIENTED_EDGE('',*,*,#5676,.F.);
#7860=ORIENTED_EDGE('',*,*,#5677,.F.);
#7861=ORIENTED_EDGE('',*,*,#5678,.F.);
#7862=ORIENTED_EDGE('',*,*,#5679,.T.);
#7863=ORIENTED_EDGE('',*,*,#5680,.F.);
#7864=ORIENTED_EDGE('',*,*,#5681,.T.);
#7865=ORIENTED_EDGE('',*,*,#5656,.F.);
#7866=ORIENTED_EDGE('',*,*,#5681,.F.);
#7867=ORIENTED_EDGE('',*,*,#5682,.F.);
#7868=ORIENTED_EDGE('',*,*,#5657,.T.);
#7869=ORIENTED_EDGE('',*,*,#5658,.F.);
#7870=ORIENTED_EDGE('',*,*,#5682,.T.);
#7871=ORIENTED_EDGE('',*,*,#5680,.T.);
#7872=ORIENTED_EDGE('',*,*,#5683,.T.);
#7873=ORIENTED_EDGE('',*,*,#5659,.T.);
#7874=ORIENTED_EDGE('',*,*,#5683,.F.);
#7875=ORIENTED_EDGE('',*,*,#5679,.F.);
#7876=ORIENTED_EDGE('',*,*,#5684,.T.);
#7877=ORIENTED_EDGE('',*,*,#5660,.F.);
#7878=ORIENTED_EDGE('',*,*,#5684,.F.);
#7879=ORIENTED_EDGE('',*,*,#5678,.T.);
#7880=ORIENTED_EDGE('',*,*,#5685,.T.);
#7881=ORIENTED_EDGE('',*,*,#5661,.F.);
#7882=ORIENTED_EDGE('',*,*,#5685,.F.);
#7883=ORIENTED_EDGE('',*,*,#5677,.T.);
#7884=ORIENTED_EDGE('',*,*,#5686,.T.);
#7885=ORIENTED_EDGE('',*,*,#5662,.T.);
#7886=ORIENTED_EDGE('',*,*,#5686,.F.);
#7887=ORIENTED_EDGE('',*,*,#5676,.T.);
#7888=ORIENTED_EDGE('',*,*,#5687,.T.);
#7889=ORIENTED_EDGE('',*,*,#5663,.F.);
#7890=ORIENTED_EDGE('',*,*,#5687,.F.);
#7891=ORIENTED_EDGE('',*,*,#5675,.T.);
#7892=ORIENTED_EDGE('',*,*,#5673,.T.);
#7893=ORIENTED_EDGE('',*,*,#5688,.T.);
#7894=ORIENTED_EDGE('',*,*,#5689,.F.);
#7895=ORIENTED_EDGE('',*,*,#5690,.F.);
#7896=ORIENTED_EDGE('',*,*,#5691,.T.);
#7897=ORIENTED_EDGE('',*,*,#5692,.F.);
#7898=ORIENTED_EDGE('',*,*,#5693,.T.);
#7899=ORIENTED_EDGE('',*,*,#5688,.F.);
#7900=ORIENTED_EDGE('',*,*,#5694,.F.);
#7901=ORIENTED_EDGE('',*,*,#5692,.T.);
#7902=ORIENTED_EDGE('',*,*,#5695,.F.);
#7903=ORIENTED_EDGE('',*,*,#5696,.F.);
#7904=ORIENTED_EDGE('',*,*,#5697,.F.);
#7905=ORIENTED_EDGE('',*,*,#5693,.F.);
#7906=ORIENTED_EDGE('',*,*,#5697,.T.);
#7907=ORIENTED_EDGE('',*,*,#5698,.T.);
#7908=ORIENTED_EDGE('',*,*,#5689,.T.);
#7909=ORIENTED_EDGE('',*,*,#5696,.T.);
#7910=ORIENTED_EDGE('',*,*,#5699,.F.);
#7911=ORIENTED_EDGE('',*,*,#5690,.T.);
#7912=ORIENTED_EDGE('',*,*,#5698,.F.);
#7913=ORIENTED_EDGE('',*,*,#5694,.T.);
#7914=ORIENTED_EDGE('',*,*,#5691,.F.);
#7915=ORIENTED_EDGE('',*,*,#5699,.T.);
#7916=ORIENTED_EDGE('',*,*,#5695,.T.);
#7917=ORIENTED_EDGE('',*,*,#5700,.F.);
#7918=ORIENTED_EDGE('',*,*,#5701,.F.);
#7919=ORIENTED_EDGE('',*,*,#5702,.T.);
#7920=ORIENTED_EDGE('',*,*,#5703,.F.);
#7921=ORIENTED_EDGE('',*,*,#5704,.T.);
#7922=ORIENTED_EDGE('',*,*,#5705,.F.);
#7923=ORIENTED_EDGE('',*,*,#5706,.F.);
#7924=ORIENTED_EDGE('',*,*,#5707,.T.);
#7925=ORIENTED_EDGE('',*,*,#5708,.T.);
#7926=ORIENTED_EDGE('',*,*,#5709,.T.);
#7927=ORIENTED_EDGE('',*,*,#5700,.T.);
#7928=ORIENTED_EDGE('',*,*,#5710,.F.);
#7929=ORIENTED_EDGE('',*,*,#5711,.T.);
#7930=ORIENTED_EDGE('',*,*,#5712,.T.);
#7931=ORIENTED_EDGE('',*,*,#5706,.T.);
#7932=ORIENTED_EDGE('',*,*,#5713,.T.);
#7933=ORIENTED_EDGE('',*,*,#5714,.F.);
#7934=ORIENTED_EDGE('',*,*,#5715,.T.);
#7935=ORIENTED_EDGE('',*,*,#5715,.F.);
#7936=ORIENTED_EDGE('',*,*,#5716,.F.);
#7937=ORIENTED_EDGE('',*,*,#5717,.F.);
#7938=ORIENTED_EDGE('',*,*,#5701,.T.);
#7939=ORIENTED_EDGE('',*,*,#5702,.F.);
#7940=ORIENTED_EDGE('',*,*,#5717,.T.);
#7941=ORIENTED_EDGE('',*,*,#5718,.T.);
#7942=ORIENTED_EDGE('',*,*,#5719,.F.);
#7943=ORIENTED_EDGE('',*,*,#5703,.T.);
#7944=ORIENTED_EDGE('',*,*,#5719,.T.);
#7945=ORIENTED_EDGE('',*,*,#5720,.F.);
#7946=ORIENTED_EDGE('',*,*,#5721,.T.);
#7947=ORIENTED_EDGE('',*,*,#5704,.F.);
#7948=ORIENTED_EDGE('',*,*,#5721,.F.);
#7949=ORIENTED_EDGE('',*,*,#5722,.T.);
#7950=ORIENTED_EDGE('',*,*,#5723,.T.);
#7951=ORIENTED_EDGE('',*,*,#5713,.F.);
#7952=ORIENTED_EDGE('',*,*,#5705,.T.);
#7953=ORIENTED_EDGE('',*,*,#5723,.F.);
#7954=ORIENTED_EDGE('',*,*,#5724,.F.);
#7955=ORIENTED_EDGE('',*,*,#5714,.T.);
#7956=ORIENTED_EDGE('',*,*,#5724,.T.);
#7957=ORIENTED_EDGE('',*,*,#5722,.F.);
#7958=ORIENTED_EDGE('',*,*,#5720,.T.);
#7959=ORIENTED_EDGE('',*,*,#5718,.F.);
#7960=ORIENTED_EDGE('',*,*,#5716,.T.);
#7961=ORIENTED_EDGE('',*,*,#5712,.F.);
#7962=ORIENTED_EDGE('',*,*,#5725,.F.);
#7963=ORIENTED_EDGE('',*,*,#5726,.T.);
#7964=ORIENTED_EDGE('',*,*,#5707,.F.);
#7965=ORIENTED_EDGE('',*,*,#5727,.T.);
#7966=ORIENTED_EDGE('',*,*,#5708,.F.);
#7967=ORIENTED_EDGE('',*,*,#5726,.F.);
#7968=ORIENTED_EDGE('',*,*,#5728,.F.);
#7969=ORIENTED_EDGE('',*,*,#5710,.T.);
#7970=ORIENTED_EDGE('',*,*,#5709,.F.);
#7971=ORIENTED_EDGE('',*,*,#5727,.F.);
#7972=ORIENTED_EDGE('',*,*,#5729,.T.);
#7973=ORIENTED_EDGE('',*,*,#5711,.F.);
#7974=ORIENTED_EDGE('',*,*,#5729,.F.);
#7975=ORIENTED_EDGE('',*,*,#5728,.T.);
#7976=ORIENTED_EDGE('',*,*,#5725,.T.);
#7977=ORIENTED_EDGE('',*,*,#5730,.T.);
#7978=ORIENTED_EDGE('',*,*,#5731,.T.);
#7979=ORIENTED_EDGE('',*,*,#5732,.T.);
#7980=ORIENTED_EDGE('',*,*,#5733,.T.);
#7981=ORIENTED_EDGE('',*,*,#5734,.T.);
#7982=ORIENTED_EDGE('',*,*,#5735,.F.);
#7983=ORIENTED_EDGE('',*,*,#5736,.F.);
#7984=ORIENTED_EDGE('',*,*,#5737,.T.);
#7985=ORIENTED_EDGE('',*,*,#5738,.F.);
#7986=ORIENTED_EDGE('',*,*,#5739,.T.);
#7987=ORIENTED_EDGE('',*,*,#5740,.F.);
#7988=ORIENTED_EDGE('',*,*,#5741,.T.);
#7989=ORIENTED_EDGE('',*,*,#5730,.F.);
#7990=ORIENTED_EDGE('',*,*,#5742,.T.);
#7991=ORIENTED_EDGE('',*,*,#5743,.T.);
#7992=ORIENTED_EDGE('',*,*,#5744,.T.);
#7993=ORIENTED_EDGE('',*,*,#5734,.F.);
#7994=ORIENTED_EDGE('',*,*,#5745,.F.);
#7995=ORIENTED_EDGE('',*,*,#5746,.F.);
#7996=ORIENTED_EDGE('',*,*,#5747,.T.);
#7997=ORIENTED_EDGE('',*,*,#5747,.F.);
#7998=ORIENTED_EDGE('',*,*,#5748,.F.);
#7999=ORIENTED_EDGE('',*,*,#5749,.T.);
#8000=ORIENTED_EDGE('',*,*,#5731,.F.);
#8001=ORIENTED_EDGE('',*,*,#5749,.F.);
#8002=ORIENTED_EDGE('',*,*,#5750,.T.);
#8003=ORIENTED_EDGE('',*,*,#5751,.T.);
#8004=ORIENTED_EDGE('',*,*,#5732,.F.);
#8005=ORIENTED_EDGE('',*,*,#5745,.T.);
#8006=ORIENTED_EDGE('',*,*,#5733,.F.);
#8007=ORIENTED_EDGE('',*,*,#5751,.F.);
#8008=ORIENTED_EDGE('',*,*,#5752,.T.);
#8009=ORIENTED_EDGE('',*,*,#5746,.T.);
#8010=ORIENTED_EDGE('',*,*,#5752,.F.);
#8011=ORIENTED_EDGE('',*,*,#5750,.F.);
#8012=ORIENTED_EDGE('',*,*,#5748,.T.);
#8013=ORIENTED_EDGE('',*,*,#5744,.F.);
#8014=ORIENTED_EDGE('',*,*,#5753,.F.);
#8015=ORIENTED_EDGE('',*,*,#5754,.T.);
#8016=ORIENTED_EDGE('',*,*,#5735,.T.);
#8017=ORIENTED_EDGE('',*,*,#5736,.T.);
#8018=ORIENTED_EDGE('',*,*,#5754,.F.);
#8019=ORIENTED_EDGE('',*,*,#5755,.F.);
#8020=ORIENTED_EDGE('',*,*,#5756,.T.);
#8021=ORIENTED_EDGE('',*,*,#5737,.F.);
#8022=ORIENTED_EDGE('',*,*,#5756,.F.);
#8023=ORIENTED_EDGE('',*,*,#5757,.T.);
#8024=ORIENTED_EDGE('',*,*,#5758,.F.);
#8025=ORIENTED_EDGE('',*,*,#5738,.T.);
#8026=ORIENTED_EDGE('',*,*,#5758,.T.);
#8027=ORIENTED_EDGE('',*,*,#5759,.F.);
#8028=ORIENTED_EDGE('',*,*,#5760,.T.);
#8029=ORIENTED_EDGE('',*,*,#5739,.F.);
#8030=ORIENTED_EDGE('',*,*,#5760,.F.);
#8031=ORIENTED_EDGE('',*,*,#5761,.T.);
#8032=ORIENTED_EDGE('',*,*,#5762,.T.);
#8033=ORIENTED_EDGE('',*,*,#5740,.T.);
#8034=ORIENTED_EDGE('',*,*,#5762,.F.);
#8035=ORIENTED_EDGE('',*,*,#5763,.F.);
#8036=ORIENTED_EDGE('',*,*,#5764,.T.);
#8037=ORIENTED_EDGE('',*,*,#5742,.F.);
#8038=ORIENTED_EDGE('',*,*,#5741,.F.);
#8039=ORIENTED_EDGE('',*,*,#5764,.F.);
#8040=ORIENTED_EDGE('',*,*,#5765,.T.);
#8041=ORIENTED_EDGE('',*,*,#5743,.F.);
#8042=ORIENTED_EDGE('',*,*,#5765,.F.);
#8043=ORIENTED_EDGE('',*,*,#5763,.T.);
#8044=ORIENTED_EDGE('',*,*,#5761,.F.);
#8045=ORIENTED_EDGE('',*,*,#5759,.T.);
#8046=ORIENTED_EDGE('',*,*,#5757,.F.);
#8047=ORIENTED_EDGE('',*,*,#5755,.T.);
#8048=ORIENTED_EDGE('',*,*,#5753,.T.);
#8049=ORIENTED_EDGE('',*,*,#5766,.F.);
#8050=ORIENTED_EDGE('',*,*,#5767,.F.);
#8051=ORIENTED_EDGE('',*,*,#5768,.F.);
#8052=ORIENTED_EDGE('',*,*,#5769,.T.);
#8053=ORIENTED_EDGE('',*,*,#5770,.F.);
#8054=ORIENTED_EDGE('',*,*,#5771,.T.);
#8055=ORIENTED_EDGE('',*,*,#5772,.F.);
#8056=ORIENTED_EDGE('',*,*,#5773,.T.);
#8057=ORIENTED_EDGE('',*,*,#5774,.F.);
#8058=ORIENTED_EDGE('',*,*,#5775,.F.);
#8059=ORIENTED_EDGE('',*,*,#5776,.T.);
#8060=ORIENTED_EDGE('',*,*,#5777,.T.);
#8061=ORIENTED_EDGE('',*,*,#5766,.T.);
#8062=ORIENTED_EDGE('',*,*,#5778,.F.);
#8063=ORIENTED_EDGE('',*,*,#5779,.T.);
#8064=ORIENTED_EDGE('',*,*,#5780,.T.);
#8065=ORIENTED_EDGE('',*,*,#5774,.T.);
#8066=ORIENTED_EDGE('',*,*,#5781,.T.);
#8067=ORIENTED_EDGE('',*,*,#5782,.F.);
#8068=ORIENTED_EDGE('',*,*,#5783,.T.);
#8069=ORIENTED_EDGE('',*,*,#5783,.F.);
#8070=ORIENTED_EDGE('',*,*,#5784,.F.);
#8071=ORIENTED_EDGE('',*,*,#5785,.T.);
#8072=ORIENTED_EDGE('',*,*,#5767,.T.);
#8073=ORIENTED_EDGE('',*,*,#5768,.T.);
#8074=ORIENTED_EDGE('',*,*,#5785,.F.);
#8075=ORIENTED_EDGE('',*,*,#5786,.F.);
#8076=ORIENTED_EDGE('',*,*,#5787,.F.);
#8077=ORIENTED_EDGE('',*,*,#5769,.F.);
#8078=ORIENTED_EDGE('',*,*,#5787,.T.);
#8079=ORIENTED_EDGE('',*,*,#5788,.T.);
#8080=ORIENTED_EDGE('',*,*,#5789,.F.);
#8081=ORIENTED_EDGE('',*,*,#5770,.T.);
#8082=ORIENTED_EDGE('',*,*,#5789,.T.);
#8083=ORIENTED_EDGE('',*,*,#5790,.F.);
#8084=ORIENTED_EDGE('',*,*,#5791,.T.);
#8085=ORIENTED_EDGE('',*,*,#5771,.F.);
#8086=ORIENTED_EDGE('',*,*,#5791,.F.);
#8087=ORIENTED_EDGE('',*,*,#5792,.T.);
#8088=ORIENTED_EDGE('',*,*,#5793,.T.);
#8089=ORIENTED_EDGE('',*,*,#5772,.T.);
#8090=ORIENTED_EDGE('',*,*,#5793,.F.);
#8091=ORIENTED_EDGE('',*,*,#5794,.F.);
#8092=ORIENTED_EDGE('',*,*,#5795,.F.);
#8093=ORIENTED_EDGE('',*,*,#5781,.F.);
#8094=ORIENTED_EDGE('',*,*,#5773,.F.);
#8095=ORIENTED_EDGE('',*,*,#5795,.T.);
#8096=ORIENTED_EDGE('',*,*,#5796,.T.);
#8097=ORIENTED_EDGE('',*,*,#5782,.T.);
#8098=ORIENTED_EDGE('',*,*,#5796,.F.);
#8099=ORIENTED_EDGE('',*,*,#5794,.T.);
#8100=ORIENTED_EDGE('',*,*,#5792,.F.);
#8101=ORIENTED_EDGE('',*,*,#5790,.T.);
#8102=ORIENTED_EDGE('',*,*,#5788,.F.);
#8103=ORIENTED_EDGE('',*,*,#5786,.T.);
#8104=ORIENTED_EDGE('',*,*,#5784,.T.);
#8105=ORIENTED_EDGE('',*,*,#5780,.F.);
#8106=ORIENTED_EDGE('',*,*,#5797,.F.);
#8107=ORIENTED_EDGE('',*,*,#5798,.T.);
#8108=ORIENTED_EDGE('',*,*,#5775,.T.);
#8109=ORIENTED_EDGE('',*,*,#5799,.T.);
#8110=ORIENTED_EDGE('',*,*,#5776,.F.);
#8111=ORIENTED_EDGE('',*,*,#5798,.F.);
#8112=ORIENTED_EDGE('',*,*,#5800,.F.);
#8113=ORIENTED_EDGE('',*,*,#5778,.T.);
#8114=ORIENTED_EDGE('',*,*,#5777,.F.);
#8115=ORIENTED_EDGE('',*,*,#5799,.F.);
#8116=ORIENTED_EDGE('',*,*,#5801,.F.);
#8117=ORIENTED_EDGE('',*,*,#5779,.F.);
#8118=ORIENTED_EDGE('',*,*,#5801,.T.);
#8119=ORIENTED_EDGE('',*,*,#5800,.T.);
#8120=ORIENTED_EDGE('',*,*,#5797,.T.);
#8121=ORIENTED_EDGE('',*,*,#5802,.F.);
#8122=ORIENTED_EDGE('',*,*,#5803,.F.);
#8123=ORIENTED_EDGE('',*,*,#5804,.F.);
#8124=ORIENTED_EDGE('',*,*,#5805,.T.);
#8125=ORIENTED_EDGE('',*,*,#5806,.F.);
#8126=ORIENTED_EDGE('',*,*,#5807,.T.);
#8127=ORIENTED_EDGE('',*,*,#5808,.F.);
#8128=ORIENTED_EDGE('',*,*,#5809,.T.);
#8129=ORIENTED_EDGE('',*,*,#5810,.F.);
#8130=ORIENTED_EDGE('',*,*,#5811,.T.);
#8131=ORIENTED_EDGE('',*,*,#5812,.T.);
#8132=ORIENTED_EDGE('',*,*,#5813,.T.);
#8133=ORIENTED_EDGE('',*,*,#5802,.T.);
#8134=ORIENTED_EDGE('',*,*,#5814,.F.);
#8135=ORIENTED_EDGE('',*,*,#5815,.T.);
#8136=ORIENTED_EDGE('',*,*,#5816,.T.);
#8137=ORIENTED_EDGE('',*,*,#5810,.T.);
#8138=ORIENTED_EDGE('',*,*,#5817,.T.);
#8139=ORIENTED_EDGE('',*,*,#5818,.F.);
#8140=ORIENTED_EDGE('',*,*,#5819,.T.);
#8141=ORIENTED_EDGE('',*,*,#5819,.F.);
#8142=ORIENTED_EDGE('',*,*,#5820,.F.);
#8143=ORIENTED_EDGE('',*,*,#5821,.T.);
#8144=ORIENTED_EDGE('',*,*,#5803,.T.);
#8145=ORIENTED_EDGE('',*,*,#5804,.T.);
#8146=ORIENTED_EDGE('',*,*,#5821,.F.);
#8147=ORIENTED_EDGE('',*,*,#5822,.F.);
#8148=ORIENTED_EDGE('',*,*,#5823,.F.);
#8149=ORIENTED_EDGE('',*,*,#5805,.F.);
#8150=ORIENTED_EDGE('',*,*,#5823,.T.);
#8151=ORIENTED_EDGE('',*,*,#5824,.T.);
#8152=ORIENTED_EDGE('',*,*,#5825,.F.);
#8153=ORIENTED_EDGE('',*,*,#5806,.T.);
#8154=ORIENTED_EDGE('',*,*,#5825,.T.);
#8155=ORIENTED_EDGE('',*,*,#5826,.F.);
#8156=ORIENTED_EDGE('',*,*,#5827,.T.);
#8157=ORIENTED_EDGE('',*,*,#5807,.F.);
#8158=ORIENTED_EDGE('',*,*,#5827,.F.);
#8159=ORIENTED_EDGE('',*,*,#5828,.T.);
#8160=ORIENTED_EDGE('',*,*,#5829,.T.);
#8161=ORIENTED_EDGE('',*,*,#5808,.T.);
#8162=ORIENTED_EDGE('',*,*,#5829,.F.);
#8163=ORIENTED_EDGE('',*,*,#5830,.F.);
#8164=ORIENTED_EDGE('',*,*,#5831,.F.);
#8165=ORIENTED_EDGE('',*,*,#5817,.F.);
#8166=ORIENTED_EDGE('',*,*,#5809,.F.);
#8167=ORIENTED_EDGE('',*,*,#5831,.T.);
#8168=ORIENTED_EDGE('',*,*,#5832,.T.);
#8169=ORIENTED_EDGE('',*,*,#5818,.T.);
#8170=ORIENTED_EDGE('',*,*,#5832,.F.);
#8171=ORIENTED_EDGE('',*,*,#5830,.T.);
#8172=ORIENTED_EDGE('',*,*,#5828,.F.);
#8173=ORIENTED_EDGE('',*,*,#5826,.T.);
#8174=ORIENTED_EDGE('',*,*,#5824,.F.);
#8175=ORIENTED_EDGE('',*,*,#5822,.T.);
#8176=ORIENTED_EDGE('',*,*,#5820,.T.);
#8177=ORIENTED_EDGE('',*,*,#5816,.F.);
#8178=ORIENTED_EDGE('',*,*,#5833,.F.);
#8179=ORIENTED_EDGE('',*,*,#5834,.T.);
#8180=ORIENTED_EDGE('',*,*,#5811,.F.);
#8181=ORIENTED_EDGE('',*,*,#5834,.F.);
#8182=ORIENTED_EDGE('',*,*,#5835,.F.);
#8183=ORIENTED_EDGE('',*,*,#5836,.T.);
#8184=ORIENTED_EDGE('',*,*,#5812,.F.);
#8185=ORIENTED_EDGE('',*,*,#5814,.T.);
#8186=ORIENTED_EDGE('',*,*,#5813,.F.);
#8187=ORIENTED_EDGE('',*,*,#5836,.F.);
#8188=ORIENTED_EDGE('',*,*,#5837,.T.);
#8189=ORIENTED_EDGE('',*,*,#5815,.F.);
#8190=ORIENTED_EDGE('',*,*,#5837,.F.);
#8191=ORIENTED_EDGE('',*,*,#5835,.T.);
#8192=ORIENTED_EDGE('',*,*,#5833,.T.);
#8193=ORIENTED_EDGE('',*,*,#5838,.F.);
#8194=ORIENTED_EDGE('',*,*,#5839,.F.);
#8195=ORIENTED_EDGE('',*,*,#5840,.T.);
#8196=ORIENTED_EDGE('',*,*,#5841,.F.);
#8197=ORIENTED_EDGE('',*,*,#5842,.T.);
#8198=ORIENTED_EDGE('',*,*,#5843,.F.);
#8199=ORIENTED_EDGE('',*,*,#5844,.F.);
#8200=ORIENTED_EDGE('',*,*,#5845,.T.);
#8201=ORIENTED_EDGE('',*,*,#5846,.T.);
#8202=ORIENTED_EDGE('',*,*,#5847,.T.);
#8203=ORIENTED_EDGE('',*,*,#5838,.T.);
#8204=ORIENTED_EDGE('',*,*,#5848,.F.);
#8205=ORIENTED_EDGE('',*,*,#5849,.T.);
#8206=ORIENTED_EDGE('',*,*,#5850,.T.);
#8207=ORIENTED_EDGE('',*,*,#5844,.T.);
#8208=ORIENTED_EDGE('',*,*,#5851,.T.);
#8209=ORIENTED_EDGE('',*,*,#5852,.F.);
#8210=ORIENTED_EDGE('',*,*,#5853,.T.);
#8211=ORIENTED_EDGE('',*,*,#5853,.F.);
#8212=ORIENTED_EDGE('',*,*,#5854,.F.);
#8213=ORIENTED_EDGE('',*,*,#5855,.F.);
#8214=ORIENTED_EDGE('',*,*,#5839,.T.);
#8215=ORIENTED_EDGE('',*,*,#5840,.F.);
#8216=ORIENTED_EDGE('',*,*,#5855,.T.);
#8217=ORIENTED_EDGE('',*,*,#5856,.T.);
#8218=ORIENTED_EDGE('',*,*,#5857,.F.);
#8219=ORIENTED_EDGE('',*,*,#5841,.T.);
#8220=ORIENTED_EDGE('',*,*,#5857,.T.);
#8221=ORIENTED_EDGE('',*,*,#5858,.F.);
#8222=ORIENTED_EDGE('',*,*,#5859,.T.);
#8223=ORIENTED_EDGE('',*,*,#5842,.F.);
#8224=ORIENTED_EDGE('',*,*,#5859,.F.);
#8225=ORIENTED_EDGE('',*,*,#5860,.T.);
#8226=ORIENTED_EDGE('',*,*,#5861,.T.);
#8227=ORIENTED_EDGE('',*,*,#5851,.F.);
#8228=ORIENTED_EDGE('',*,*,#5843,.T.);
#8229=ORIENTED_EDGE('',*,*,#5861,.F.);
#8230=ORIENTED_EDGE('',*,*,#5862,.F.);
#8231=ORIENTED_EDGE('',*,*,#5852,.T.);
#8232=ORIENTED_EDGE('',*,*,#5862,.T.);
#8233=ORIENTED_EDGE('',*,*,#5860,.F.);
#8234=ORIENTED_EDGE('',*,*,#5858,.T.);
#8235=ORIENTED_EDGE('',*,*,#5856,.F.);
#8236=ORIENTED_EDGE('',*,*,#5854,.T.);
#8237=ORIENTED_EDGE('',*,*,#5850,.F.);
#8238=ORIENTED_EDGE('',*,*,#5863,.F.);
#8239=ORIENTED_EDGE('',*,*,#5864,.T.);
#8240=ORIENTED_EDGE('',*,*,#5845,.F.);
#8241=ORIENTED_EDGE('',*,*,#5864,.F.);
#8242=ORIENTED_EDGE('',*,*,#5865,.F.);
#8243=ORIENTED_EDGE('',*,*,#5866,.T.);
#8244=ORIENTED_EDGE('',*,*,#5846,.F.);
#8245=ORIENTED_EDGE('',*,*,#5848,.T.);
#8246=ORIENTED_EDGE('',*,*,#5847,.F.);
#8247=ORIENTED_EDGE('',*,*,#5866,.F.);
#8248=ORIENTED_EDGE('',*,*,#5867,.T.);
#8249=ORIENTED_EDGE('',*,*,#5849,.F.);
#8250=ORIENTED_EDGE('',*,*,#5867,.F.);
#8251=ORIENTED_EDGE('',*,*,#5865,.T.);
#8252=ORIENTED_EDGE('',*,*,#5863,.T.);
#8253=ORIENTED_EDGE('',*,*,#5868,.T.);
#8254=ORIENTED_EDGE('',*,*,#5869,.T.);
#8255=ORIENTED_EDGE('',*,*,#5870,.F.);
#8256=ORIENTED_EDGE('',*,*,#5871,.T.);
#8257=ORIENTED_EDGE('',*,*,#5872,.T.);
#8258=ORIENTED_EDGE('',*,*,#5873,.T.);
#8259=ORIENTED_EDGE('',*,*,#5874,.T.);
#8260=ORIENTED_EDGE('',*,*,#5875,.T.);
#8261=ORIENTED_EDGE('',*,*,#5876,.T.);
#8262=ORIENTED_EDGE('',*,*,#5877,.F.);
#8263=ORIENTED_EDGE('',*,*,#5878,.F.);
#8264=ORIENTED_EDGE('',*,*,#5879,.T.);
#8265=ORIENTED_EDGE('',*,*,#5880,.F.);
#8266=ORIENTED_EDGE('',*,*,#5881,.T.);
#8267=ORIENTED_EDGE('',*,*,#5868,.F.);
#8268=ORIENTED_EDGE('',*,*,#5882,.T.);
#8269=ORIENTED_EDGE('',*,*,#5883,.F.);
#8270=ORIENTED_EDGE('',*,*,#5884,.T.);
#8271=ORIENTED_EDGE('',*,*,#5885,.F.);
#8272=ORIENTED_EDGE('',*,*,#5886,.T.);
#8273=ORIENTED_EDGE('',*,*,#5887,.T.);
#8274=ORIENTED_EDGE('',*,*,#5888,.T.);
#8275=ORIENTED_EDGE('',*,*,#5876,.F.);
#8276=ORIENTED_EDGE('',*,*,#5889,.F.);
#8277=ORIENTED_EDGE('',*,*,#5890,.F.);
#8278=ORIENTED_EDGE('',*,*,#5891,.T.);
#8279=ORIENTED_EDGE('',*,*,#5872,.F.);
#8280=ORIENTED_EDGE('',*,*,#5892,.T.);
#8281=ORIENTED_EDGE('',*,*,#5887,.F.);
#8282=ORIENTED_EDGE('',*,*,#5893,.F.);
#8283=ORIENTED_EDGE('',*,*,#5894,.T.);
#8284=ORIENTED_EDGE('',*,*,#5895,.F.);
#8285=ORIENTED_EDGE('',*,*,#5896,.T.);
#8286=ORIENTED_EDGE('',*,*,#5897,.F.);
#8287=ORIENTED_EDGE('',*,*,#5870,.T.);
#8288=ORIENTED_EDGE('',*,*,#5898,.F.);
#8289=ORIENTED_EDGE('',*,*,#5899,.F.);
#8290=ORIENTED_EDGE('',*,*,#5900,.F.);
#8291=ORIENTED_EDGE('',*,*,#5901,.T.);
#8292=ORIENTED_EDGE('',*,*,#5902,.T.);
#8293=ORIENTED_EDGE('',*,*,#5888,.F.);
#8294=ORIENTED_EDGE('',*,*,#5902,.F.);
#8295=ORIENTED_EDGE('',*,*,#5903,.F.);
#8296=ORIENTED_EDGE('',*,*,#5877,.T.);
#8297=ORIENTED_EDGE('',*,*,#5878,.T.);
#8298=ORIENTED_EDGE('',*,*,#5903,.T.);
#8299=ORIENTED_EDGE('',*,*,#5901,.F.);
#8300=ORIENTED_EDGE('',*,*,#5904,.F.);
#8301=ORIENTED_EDGE('',*,*,#5879,.F.);
#8302=ORIENTED_EDGE('',*,*,#5904,.T.);
#8303=ORIENTED_EDGE('',*,*,#5900,.T.);
#8304=ORIENTED_EDGE('',*,*,#5905,.T.);
#8305=ORIENTED_EDGE('',*,*,#5880,.T.);
#8306=ORIENTED_EDGE('',*,*,#5905,.F.);
#8307=ORIENTED_EDGE('',*,*,#5899,.T.);
#8308=ORIENTED_EDGE('',*,*,#5906,.T.);
#8309=ORIENTED_EDGE('',*,*,#5881,.F.);
#8310=ORIENTED_EDGE('',*,*,#5906,.F.);
#8311=ORIENTED_EDGE('',*,*,#5898,.T.);
#8312=ORIENTED_EDGE('',*,*,#5869,.F.);
#8313=ORIENTED_EDGE('',*,*,#5882,.F.);
#8314=ORIENTED_EDGE('',*,*,#5871,.F.);
#8315=ORIENTED_EDGE('',*,*,#5897,.T.);
#8316=ORIENTED_EDGE('',*,*,#5907,.F.);
#8317=ORIENTED_EDGE('',*,*,#5883,.T.);
#8318=ORIENTED_EDGE('',*,*,#5907,.T.);
#8319=ORIENTED_EDGE('',*,*,#5896,.F.);
#8320=ORIENTED_EDGE('',*,*,#5908,.T.);
#8321=ORIENTED_EDGE('',*,*,#5884,.F.);
#8322=ORIENTED_EDGE('',*,*,#5908,.F.);
#8323=ORIENTED_EDGE('',*,*,#5895,.T.);
#8324=ORIENTED_EDGE('',*,*,#5909,.T.);
#8325=ORIENTED_EDGE('',*,*,#5885,.T.);
#8326=ORIENTED_EDGE('',*,*,#5909,.F.);
#8327=ORIENTED_EDGE('',*,*,#5894,.F.);
#8328=ORIENTED_EDGE('',*,*,#5910,.F.);
#8329=ORIENTED_EDGE('',*,*,#5892,.F.);
#8330=ORIENTED_EDGE('',*,*,#5886,.F.);
#8331=ORIENTED_EDGE('',*,*,#5910,.T.);
#8332=ORIENTED_EDGE('',*,*,#5893,.T.);
#8333=ORIENTED_EDGE('',*,*,#5891,.F.);
#8334=ORIENTED_EDGE('',*,*,#5911,.F.);
#8335=ORIENTED_EDGE('',*,*,#5912,.T.);
#8336=ORIENTED_EDGE('',*,*,#5873,.F.);
#8337=ORIENTED_EDGE('',*,*,#5913,.T.);
#8338=ORIENTED_EDGE('',*,*,#5874,.F.);
#8339=ORIENTED_EDGE('',*,*,#5912,.F.);
#8340=ORIENTED_EDGE('',*,*,#5914,.T.);
#8341=ORIENTED_EDGE('',*,*,#5889,.T.);
#8342=ORIENTED_EDGE('',*,*,#5875,.F.);
#8343=ORIENTED_EDGE('',*,*,#5913,.F.);
#8344=ORIENTED_EDGE('',*,*,#5915,.T.);
#8345=ORIENTED_EDGE('',*,*,#5890,.T.);
#8346=ORIENTED_EDGE('',*,*,#5915,.F.);
#8347=ORIENTED_EDGE('',*,*,#5914,.F.);
#8348=ORIENTED_EDGE('',*,*,#5911,.T.);
#8349=ORIENTED_EDGE('',*,*,#5916,.F.);
#8350=ORIENTED_EDGE('',*,*,#5917,.F.);
#8351=ORIENTED_EDGE('',*,*,#5918,.T.);
#8352=ORIENTED_EDGE('',*,*,#5919,.T.);
#8353=ORIENTED_EDGE('',*,*,#5920,.T.);
#8354=ORIENTED_EDGE('',*,*,#5921,.F.);
#8355=ORIENTED_EDGE('',*,*,#5916,.T.);
#8356=ORIENTED_EDGE('',*,*,#5922,.T.);
#8357=ORIENTED_EDGE('',*,*,#5923,.T.);
#8358=ORIENTED_EDGE('',*,*,#5924,.T.);
#8359=ORIENTED_EDGE('',*,*,#5925,.F.);
#8360=ORIENTED_EDGE('',*,*,#5926,.T.);
#8361=ORIENTED_EDGE('',*,*,#5920,.F.);
#8362=ORIENTED_EDGE('',*,*,#5927,.F.);
#8363=ORIENTED_EDGE('',*,*,#5928,.F.);
#8364=ORIENTED_EDGE('',*,*,#5929,.T.);
#8365=ORIENTED_EDGE('',*,*,#5930,.F.);
#8366=ORIENTED_EDGE('',*,*,#5931,.T.);
#8367=ORIENTED_EDGE('',*,*,#5932,.F.);
#8368=ORIENTED_EDGE('',*,*,#5933,.T.);
#8369=ORIENTED_EDGE('',*,*,#5923,.F.);
#8370=ORIENTED_EDGE('',*,*,#5934,.T.);
#8371=ORIENTED_EDGE('',*,*,#5935,.T.);
#8372=ORIENTED_EDGE('',*,*,#5936,.T.);
#8373=ORIENTED_EDGE('',*,*,#5921,.T.);
#8374=ORIENTED_EDGE('',*,*,#5936,.F.);
#8375=ORIENTED_EDGE('',*,*,#5937,.F.);
#8376=ORIENTED_EDGE('',*,*,#5917,.T.);
#8377=ORIENTED_EDGE('',*,*,#5938,.F.);
#8378=ORIENTED_EDGE('',*,*,#5918,.F.);
#8379=ORIENTED_EDGE('',*,*,#5937,.T.);
#8380=ORIENTED_EDGE('',*,*,#5935,.F.);
#8381=ORIENTED_EDGE('',*,*,#5922,.F.);
#8382=ORIENTED_EDGE('',*,*,#5919,.F.);
#8383=ORIENTED_EDGE('',*,*,#5938,.T.);
#8384=ORIENTED_EDGE('',*,*,#5934,.F.);
#8385=ORIENTED_EDGE('',*,*,#5924,.F.);
#8386=ORIENTED_EDGE('',*,*,#5933,.F.);
#8387=ORIENTED_EDGE('',*,*,#5939,.T.);
#8388=ORIENTED_EDGE('',*,*,#5940,.T.);
#8389=ORIENTED_EDGE('',*,*,#5925,.T.);
#8390=ORIENTED_EDGE('',*,*,#5940,.F.);
#8391=ORIENTED_EDGE('',*,*,#5941,.T.);
#8392=ORIENTED_EDGE('',*,*,#5942,.F.);
#8393=ORIENTED_EDGE('',*,*,#5943,.T.);
#8394=ORIENTED_EDGE('',*,*,#5944,.F.);
#8395=ORIENTED_EDGE('',*,*,#5945,.T.);
#8396=ORIENTED_EDGE('',*,*,#5946,.T.);
#8397=ORIENTED_EDGE('',*,*,#5926,.F.);
#8398=ORIENTED_EDGE('',*,*,#5946,.F.);
#8399=ORIENTED_EDGE('',*,*,#5947,.F.);
#8400=ORIENTED_EDGE('',*,*,#5927,.T.);
#8401=ORIENTED_EDGE('',*,*,#5928,.T.);
#8402=ORIENTED_EDGE('',*,*,#5947,.T.);
#8403=ORIENTED_EDGE('',*,*,#5945,.F.);
#8404=ORIENTED_EDGE('',*,*,#5948,.F.);
#8405=ORIENTED_EDGE('',*,*,#5929,.F.);
#8406=ORIENTED_EDGE('',*,*,#5948,.T.);
#8407=ORIENTED_EDGE('',*,*,#5944,.T.);
#8408=ORIENTED_EDGE('',*,*,#5949,.F.);
#8409=ORIENTED_EDGE('',*,*,#5930,.T.);
#8410=ORIENTED_EDGE('',*,*,#5949,.T.);
#8411=ORIENTED_EDGE('',*,*,#5943,.F.);
#8412=ORIENTED_EDGE('',*,*,#5950,.T.);
#8413=ORIENTED_EDGE('',*,*,#5951,.T.);
#8414=ORIENTED_EDGE('',*,*,#5931,.F.);
#8415=ORIENTED_EDGE('',*,*,#5950,.F.);
#8416=ORIENTED_EDGE('',*,*,#5942,.T.);
#8417=ORIENTED_EDGE('',*,*,#5932,.T.);
#8418=ORIENTED_EDGE('',*,*,#5951,.F.);
#8419=ORIENTED_EDGE('',*,*,#5941,.F.);
#8420=ORIENTED_EDGE('',*,*,#5939,.F.);
#8421=ORIENTED_EDGE('',*,*,#5952,.F.);
#8422=ORIENTED_EDGE('',*,*,#5953,.T.);
#8423=ORIENTED_EDGE('',*,*,#5954,.T.);
#8424=ORIENTED_EDGE('',*,*,#5955,.T.);
#8425=ORIENTED_EDGE('',*,*,#5956,.F.);
#8426=ORIENTED_EDGE('',*,*,#5957,.F.);
#8427=ORIENTED_EDGE('',*,*,#5958,.T.);
#8428=ORIENTED_EDGE('',*,*,#5959,.T.);
#8429=ORIENTED_EDGE('',*,*,#5952,.T.);
#8430=ORIENTED_EDGE('',*,*,#5960,.F.);
#8431=ORIENTED_EDGE('',*,*,#5961,.T.);
#8432=ORIENTED_EDGE('',*,*,#5962,.T.);
#8433=ORIENTED_EDGE('',*,*,#5956,.T.);
#8434=ORIENTED_EDGE('',*,*,#5963,.F.);
#8435=ORIENTED_EDGE('',*,*,#5964,.F.);
#8436=ORIENTED_EDGE('',*,*,#5965,.T.);
#8437=ORIENTED_EDGE('',*,*,#5966,.F.);
#8438=ORIENTED_EDGE('',*,*,#5967,.T.);
#8439=ORIENTED_EDGE('',*,*,#5968,.F.);
#8440=ORIENTED_EDGE('',*,*,#5969,.T.);
#8441=ORIENTED_EDGE('',*,*,#5953,.F.);
#8442=ORIENTED_EDGE('',*,*,#5969,.F.);
#8443=ORIENTED_EDGE('',*,*,#5970,.F.);
#8444=ORIENTED_EDGE('',*,*,#5971,.T.);
#8445=ORIENTED_EDGE('',*,*,#5954,.F.);
#8446=ORIENTED_EDGE('',*,*,#5971,.F.);
#8447=ORIENTED_EDGE('',*,*,#5972,.T.);
#8448=ORIENTED_EDGE('',*,*,#5973,.F.);
#8449=ORIENTED_EDGE('',*,*,#5974,.T.);
#8450=ORIENTED_EDGE('',*,*,#5975,.F.);
#8451=ORIENTED_EDGE('',*,*,#5976,.T.);
#8452=ORIENTED_EDGE('',*,*,#5977,.T.);
#8453=ORIENTED_EDGE('',*,*,#5955,.F.);
#8454=ORIENTED_EDGE('',*,*,#5977,.F.);
#8455=ORIENTED_EDGE('',*,*,#5978,.T.);
#8456=ORIENTED_EDGE('',*,*,#5963,.T.);
#8457=ORIENTED_EDGE('',*,*,#5964,.T.);
#8458=ORIENTED_EDGE('',*,*,#5978,.F.);
#8459=ORIENTED_EDGE('',*,*,#5976,.F.);
#8460=ORIENTED_EDGE('',*,*,#5979,.T.);
#8461=ORIENTED_EDGE('',*,*,#5965,.F.);
#8462=ORIENTED_EDGE('',*,*,#5979,.F.);
#8463=ORIENTED_EDGE('',*,*,#5975,.T.);
#8464=ORIENTED_EDGE('',*,*,#5980,.F.);
#8465=ORIENTED_EDGE('',*,*,#5966,.T.);
#8466=ORIENTED_EDGE('',*,*,#5980,.T.);
#8467=ORIENTED_EDGE('',*,*,#5974,.F.);
#8468=ORIENTED_EDGE('',*,*,#5981,.T.);
#8469=ORIENTED_EDGE('',*,*,#5967,.F.);
#8470=ORIENTED_EDGE('',*,*,#5981,.F.);
#8471=ORIENTED_EDGE('',*,*,#5973,.T.);
#8472=ORIENTED_EDGE('',*,*,#5982,.T.);
#8473=ORIENTED_EDGE('',*,*,#5968,.T.);
#8474=ORIENTED_EDGE('',*,*,#5982,.F.);
#8475=ORIENTED_EDGE('',*,*,#5972,.F.);
#8476=ORIENTED_EDGE('',*,*,#5970,.T.);
#8477=ORIENTED_EDGE('',*,*,#5957,.T.);
#8478=ORIENTED_EDGE('',*,*,#5962,.F.);
#8479=ORIENTED_EDGE('',*,*,#5983,.F.);
#8480=ORIENTED_EDGE('',*,*,#5984,.F.);
#8481=ORIENTED_EDGE('',*,*,#5958,.F.);
#8482=ORIENTED_EDGE('',*,*,#5984,.T.);
#8483=ORIENTED_EDGE('',*,*,#5985,.T.);
#8484=ORIENTED_EDGE('',*,*,#5986,.T.);
#8485=ORIENTED_EDGE('',*,*,#5959,.F.);
#8486=ORIENTED_EDGE('',*,*,#5986,.F.);
#8487=ORIENTED_EDGE('',*,*,#5987,.T.);
#8488=ORIENTED_EDGE('',*,*,#5960,.T.);
#8489=ORIENTED_EDGE('',*,*,#5983,.T.);
#8490=ORIENTED_EDGE('',*,*,#5961,.F.);
#8491=ORIENTED_EDGE('',*,*,#5987,.F.);
#8492=ORIENTED_EDGE('',*,*,#5985,.F.);
#8493=ORIENTED_EDGE('',*,*,#5988,.T.);
#8494=ORIENTED_EDGE('',*,*,#5989,.T.);
#8495=ORIENTED_EDGE('',*,*,#5990,.F.);
#8496=ORIENTED_EDGE('',*,*,#5991,.F.);
#8497=ORIENTED_EDGE('',*,*,#5992,.T.);
#8498=ORIENTED_EDGE('',*,*,#5993,.T.);
#8499=ORIENTED_EDGE('',*,*,#5994,.T.);
#8500=ORIENTED_EDGE('',*,*,#5995,.T.);
#8501=ORIENTED_EDGE('',*,*,#5996,.T.);
#8502=ORIENTED_EDGE('',*,*,#5997,.F.);
#8503=ORIENTED_EDGE('',*,*,#5998,.F.);
#8504=ORIENTED_EDGE('',*,*,#5999,.T.);
#8505=ORIENTED_EDGE('',*,*,#6000,.F.);
#8506=ORIENTED_EDGE('',*,*,#6001,.T.);
#8507=ORIENTED_EDGE('',*,*,#6002,.F.);
#8508=ORIENTED_EDGE('',*,*,#6003,.T.);
#8509=ORIENTED_EDGE('',*,*,#6004,.T.);
#8510=ORIENTED_EDGE('',*,*,#6005,.T.);
#8511=ORIENTED_EDGE('',*,*,#6006,.T.);
#8512=ORIENTED_EDGE('',*,*,#6007,.T.);
#8513=ORIENTED_EDGE('',*,*,#6008,.T.);
#8514=ORIENTED_EDGE('',*,*,#6009,.F.);
#8515=ORIENTED_EDGE('',*,*,#5988,.F.);
#8516=ORIENTED_EDGE('',*,*,#6010,.T.);
#8517=ORIENTED_EDGE('',*,*,#6011,.F.);
#8518=ORIENTED_EDGE('',*,*,#6012,.T.);
#8519=ORIENTED_EDGE('',*,*,#6013,.F.);
#8520=ORIENTED_EDGE('',*,*,#6014,.T.);
#8521=ORIENTED_EDGE('',*,*,#6015,.T.);
#8522=ORIENTED_EDGE('',*,*,#6016,.F.);
#8523=ORIENTED_EDGE('',*,*,#6017,.T.);
#8524=ORIENTED_EDGE('',*,*,#6018,.T.);
#8525=ORIENTED_EDGE('',*,*,#6019,.T.);
#8526=ORIENTED_EDGE('',*,*,#6020,.F.);
#8527=ORIENTED_EDGE('',*,*,#6021,.F.);
#8528=ORIENTED_EDGE('',*,*,#6022,.T.);
#8529=ORIENTED_EDGE('',*,*,#6023,.F.);
#8530=ORIENTED_EDGE('',*,*,#6024,.T.);
#8531=ORIENTED_EDGE('',*,*,#6025,.F.);
#8532=ORIENTED_EDGE('',*,*,#6026,.T.);
#8533=ORIENTED_EDGE('',*,*,#6027,.T.);
#8534=ORIENTED_EDGE('',*,*,#6028,.T.);
#8535=ORIENTED_EDGE('',*,*,#6029,.T.);
#8536=ORIENTED_EDGE('',*,*,#6030,.T.);
#8537=ORIENTED_EDGE('',*,*,#6031,.T.);
#8538=ORIENTED_EDGE('',*,*,#6032,.F.);
#8539=ORIENTED_EDGE('',*,*,#6033,.F.);
#8540=ORIENTED_EDGE('',*,*,#6034,.T.);
#8541=ORIENTED_EDGE('',*,*,#6035,.F.);
#8542=ORIENTED_EDGE('',*,*,#6036,.F.);
#8543=ORIENTED_EDGE('',*,*,#6037,.F.);
#8544=ORIENTED_EDGE('',*,*,#6038,.F.);
#8545=ORIENTED_EDGE('',*,*,#6039,.F.);
#8546=ORIENTED_EDGE('',*,*,#6040,.F.);
#8547=ORIENTED_EDGE('',*,*,#6041,.F.);
#8548=ORIENTED_EDGE('',*,*,#6042,.T.);
#8549=ORIENTED_EDGE('',*,*,#6043,.F.);
#8550=ORIENTED_EDGE('',*,*,#6044,.T.);
#8551=ORIENTED_EDGE('',*,*,#5992,.F.);
#8552=ORIENTED_EDGE('',*,*,#6045,.T.);
#8553=ORIENTED_EDGE('',*,*,#6046,.T.);
#8554=ORIENTED_EDGE('',*,*,#6047,.T.);
#8555=ORIENTED_EDGE('',*,*,#5996,.F.);
#8556=ORIENTED_EDGE('',*,*,#6048,.F.);
#8557=ORIENTED_EDGE('',*,*,#6049,.T.);
#8558=ORIENTED_EDGE('',*,*,#6050,.T.);
#8559=ORIENTED_EDGE('',*,*,#6004,.F.);
#8560=ORIENTED_EDGE('',*,*,#6051,.T.);
#8561=ORIENTED_EDGE('',*,*,#6052,.T.);
#8562=ORIENTED_EDGE('',*,*,#6053,.T.);
#8563=ORIENTED_EDGE('',*,*,#6008,.F.);
#8564=ORIENTED_EDGE('',*,*,#6054,.F.);
#8565=ORIENTED_EDGE('',*,*,#6055,.T.);
#8566=ORIENTED_EDGE('',*,*,#6056,.T.);
#8567=ORIENTED_EDGE('',*,*,#6015,.F.);
#8568=ORIENTED_EDGE('',*,*,#6057,.T.);
#8569=ORIENTED_EDGE('',*,*,#6058,.T.);
#8570=ORIENTED_EDGE('',*,*,#6059,.T.);
#8571=ORIENTED_EDGE('',*,*,#6019,.F.);
#8572=ORIENTED_EDGE('',*,*,#6060,.F.);
#8573=ORIENTED_EDGE('',*,*,#6061,.T.);
#8574=ORIENTED_EDGE('',*,*,#6062,.T.);
#8575=ORIENTED_EDGE('',*,*,#6027,.F.);
#8576=ORIENTED_EDGE('',*,*,#6063,.T.);
#8577=ORIENTED_EDGE('',*,*,#6064,.T.);
#8578=ORIENTED_EDGE('',*,*,#6065,.T.);
#8579=ORIENTED_EDGE('',*,*,#6031,.F.);
#8580=ORIENTED_EDGE('',*,*,#6066,.F.);
#8581=ORIENTED_EDGE('',*,*,#6067,.T.);
#8582=ORIENTED_EDGE('',*,*,#6068,.T.);
#8583=ORIENTED_EDGE('',*,*,#6050,.F.);
#8584=ORIENTED_EDGE('',*,*,#6069,.F.);
#8585=ORIENTED_EDGE('',*,*,#6070,.T.);
#8586=ORIENTED_EDGE('',*,*,#5993,.F.);
#8587=ORIENTED_EDGE('',*,*,#6071,.F.);
#8588=ORIENTED_EDGE('',*,*,#6072,.F.);
#8589=ORIENTED_EDGE('',*,*,#6073,.T.);
#8590=ORIENTED_EDGE('',*,*,#6006,.F.);
#8591=ORIENTED_EDGE('',*,*,#6074,.F.);
#8592=ORIENTED_EDGE('',*,*,#6075,.F.);
#8593=ORIENTED_EDGE('',*,*,#6076,.T.);
#8594=ORIENTED_EDGE('',*,*,#6029,.F.);
#8595=ORIENTED_EDGE('',*,*,#6077,.T.);
#8596=ORIENTED_EDGE('',*,*,#6017,.F.);
#8597=ORIENTED_EDGE('',*,*,#6078,.F.);
#8598=ORIENTED_EDGE('',*,*,#6079,.F.);
#8599=ORIENTED_EDGE('',*,*,#6080,.T.);
#8600=ORIENTED_EDGE('',*,*,#5994,.F.);
#8601=ORIENTED_EDGE('',*,*,#6070,.F.);
#8602=ORIENTED_EDGE('',*,*,#6081,.F.);
#8603=ORIENTED_EDGE('',*,*,#6056,.F.);
#8604=ORIENTED_EDGE('',*,*,#6082,.F.);
#8605=ORIENTED_EDGE('',*,*,#6071,.T.);
#8606=ORIENTED_EDGE('',*,*,#6005,.F.);
#8607=ORIENTED_EDGE('',*,*,#6067,.F.);
#8608=ORIENTED_EDGE('',*,*,#6083,.T.);
#8609=ORIENTED_EDGE('',*,*,#6075,.T.);
#8610=ORIENTED_EDGE('',*,*,#6084,.T.);
#8611=ORIENTED_EDGE('',*,*,#6061,.F.);
#8612=ORIENTED_EDGE('',*,*,#6085,.T.);
#8613=ORIENTED_EDGE('',*,*,#6079,.T.);
#8614=ORIENTED_EDGE('',*,*,#6086,.T.);
#8615=ORIENTED_EDGE('',*,*,#6055,.F.);
#8616=ORIENTED_EDGE('',*,*,#6087,.T.);
#8617=ORIENTED_EDGE('',*,*,#6072,.T.);
#8618=ORIENTED_EDGE('',*,*,#6082,.T.);
#8619=ORIENTED_EDGE('',*,*,#6049,.F.);
#8620=ORIENTED_EDGE('',*,*,#6088,.F.);
#8621=ORIENTED_EDGE('',*,*,#6081,.T.);
#8622=ORIENTED_EDGE('',*,*,#6069,.T.);
#8623=ORIENTED_EDGE('',*,*,#6068,.F.);
#8624=ORIENTED_EDGE('',*,*,#6084,.F.);
#8625=ORIENTED_EDGE('',*,*,#6074,.T.);
#8626=ORIENTED_EDGE('',*,*,#6028,.F.);
#8627=ORIENTED_EDGE('',*,*,#6066,.T.);
#8628=ORIENTED_EDGE('',*,*,#6030,.F.);
#8629=ORIENTED_EDGE('',*,*,#6076,.F.);
#8630=ORIENTED_EDGE('',*,*,#6083,.F.);
#8631=ORIENTED_EDGE('',*,*,#6062,.F.);
#8632=ORIENTED_EDGE('',*,*,#6086,.F.);
#8633=ORIENTED_EDGE('',*,*,#6078,.T.);
#8634=ORIENTED_EDGE('',*,*,#6016,.T.);
#8635=ORIENTED_EDGE('',*,*,#6060,.T.);
#8636=ORIENTED_EDGE('',*,*,#6018,.F.);
#8637=ORIENTED_EDGE('',*,*,#6077,.F.);
#8638=ORIENTED_EDGE('',*,*,#6085,.F.);
#8639=ORIENTED_EDGE('',*,*,#6054,.T.);
#8640=ORIENTED_EDGE('',*,*,#6007,.F.);
#8641=ORIENTED_EDGE('',*,*,#6073,.F.);
#8642=ORIENTED_EDGE('',*,*,#6087,.F.);
#8643=ORIENTED_EDGE('',*,*,#6048,.T.);
#8644=ORIENTED_EDGE('',*,*,#5995,.F.);
#8645=ORIENTED_EDGE('',*,*,#6080,.F.);
#8646=ORIENTED_EDGE('',*,*,#6088,.T.);
#8647=ORIENTED_EDGE('',*,*,#6047,.F.);
#8648=ORIENTED_EDGE('',*,*,#6089,.F.);
#8649=ORIENTED_EDGE('',*,*,#6090,.F.);
#8650=ORIENTED_EDGE('',*,*,#5997,.T.);
#8651=ORIENTED_EDGE('',*,*,#5998,.T.);
#8652=ORIENTED_EDGE('',*,*,#6090,.T.);
#8653=ORIENTED_EDGE('',*,*,#6091,.F.);
#8654=ORIENTED_EDGE('',*,*,#6092,.F.);
#8655=ORIENTED_EDGE('',*,*,#5999,.F.);
#8656=ORIENTED_EDGE('',*,*,#6092,.T.);
#8657=ORIENTED_EDGE('',*,*,#6093,.T.);
#8658=ORIENTED_EDGE('',*,*,#6094,.T.);
#8659=ORIENTED_EDGE('',*,*,#6000,.T.);
#8660=ORIENTED_EDGE('',*,*,#6094,.F.);
#8661=ORIENTED_EDGE('',*,*,#6095,.T.);
#8662=ORIENTED_EDGE('',*,*,#6096,.T.);
#8663=ORIENTED_EDGE('',*,*,#6001,.F.);
#8664=ORIENTED_EDGE('',*,*,#6096,.F.);
#8665=ORIENTED_EDGE('',*,*,#6097,.T.);
#8666=ORIENTED_EDGE('',*,*,#6098,.T.);
#8667=ORIENTED_EDGE('',*,*,#6002,.T.);
#8668=ORIENTED_EDGE('',*,*,#6098,.F.);
#8669=ORIENTED_EDGE('',*,*,#6099,.F.);
#8670=ORIENTED_EDGE('',*,*,#6100,.F.);
#8671=ORIENTED_EDGE('',*,*,#6051,.F.);
#8672=ORIENTED_EDGE('',*,*,#6003,.F.);
#8673=ORIENTED_EDGE('',*,*,#6100,.T.);
#8674=ORIENTED_EDGE('',*,*,#6101,.T.);
#8675=ORIENTED_EDGE('',*,*,#6046,.F.);
#8676=ORIENTED_EDGE('',*,*,#6102,.F.);
#8677=ORIENTED_EDGE('',*,*,#6103,.T.);
#8678=ORIENTED_EDGE('',*,*,#6104,.F.);
#8679=ORIENTED_EDGE('',*,*,#6105,.F.);
#8680=ORIENTED_EDGE('',*,*,#6106,.F.);
#8681=ORIENTED_EDGE('',*,*,#6107,.T.);
#8682=ORIENTED_EDGE('',*,*,#6108,.F.);
#8683=ORIENTED_EDGE('',*,*,#6109,.T.);
#8684=ORIENTED_EDGE('',*,*,#6110,.F.);
#8685=ORIENTED_EDGE('',*,*,#6111,.F.);
#8686=ORIENTED_EDGE('',*,*,#6112,.F.);
#8687=ORIENTED_EDGE('',*,*,#6113,.T.);
#8688=ORIENTED_EDGE('',*,*,#6114,.T.);
#8689=ORIENTED_EDGE('',*,*,#6064,.F.);
#8690=ORIENTED_EDGE('',*,*,#6115,.F.);
#8691=ORIENTED_EDGE('',*,*,#6116,.T.);
#8692=ORIENTED_EDGE('',*,*,#6117,.F.);
#8693=ORIENTED_EDGE('',*,*,#6118,.F.);
#8694=ORIENTED_EDGE('',*,*,#6119,.F.);
#8695=ORIENTED_EDGE('',*,*,#6120,.T.);
#8696=ORIENTED_EDGE('',*,*,#6121,.T.);
#8697=ORIENTED_EDGE('',*,*,#6058,.F.);
#8698=ORIENTED_EDGE('',*,*,#6122,.F.);
#8699=ORIENTED_EDGE('',*,*,#6123,.T.);
#8700=ORIENTED_EDGE('',*,*,#6124,.F.);
#8701=ORIENTED_EDGE('',*,*,#6125,.F.);
#8702=ORIENTED_EDGE('',*,*,#6126,.F.);
#8703=ORIENTED_EDGE('',*,*,#5990,.T.);
#8704=ORIENTED_EDGE('',*,*,#6127,.T.);
#8705=ORIENTED_EDGE('',*,*,#6052,.F.);
#8706=ORIENTED_EDGE('',*,*,#6101,.F.);
#8707=ORIENTED_EDGE('',*,*,#6099,.T.);
#8708=ORIENTED_EDGE('',*,*,#6097,.F.);
#8709=ORIENTED_EDGE('',*,*,#6095,.F.);
#8710=ORIENTED_EDGE('',*,*,#6093,.F.);
#8711=ORIENTED_EDGE('',*,*,#6091,.T.);
#8712=ORIENTED_EDGE('',*,*,#6089,.T.);
#8713=ORIENTED_EDGE('',*,*,#6053,.F.);
#8714=ORIENTED_EDGE('',*,*,#6127,.F.);
#8715=ORIENTED_EDGE('',*,*,#5989,.F.);
#8716=ORIENTED_EDGE('',*,*,#6009,.T.);
#8717=ORIENTED_EDGE('',*,*,#6010,.F.);
#8718=ORIENTED_EDGE('',*,*,#5991,.T.);
#8719=ORIENTED_EDGE('',*,*,#6126,.T.);
#8720=ORIENTED_EDGE('',*,*,#6128,.T.);
#8721=ORIENTED_EDGE('',*,*,#6011,.T.);
#8722=ORIENTED_EDGE('',*,*,#6128,.F.);
#8723=ORIENTED_EDGE('',*,*,#6125,.T.);
#8724=ORIENTED_EDGE('',*,*,#6129,.T.);
#8725=ORIENTED_EDGE('',*,*,#6012,.F.);
#8726=ORIENTED_EDGE('',*,*,#6129,.F.);
#8727=ORIENTED_EDGE('',*,*,#6124,.T.);
#8728=ORIENTED_EDGE('',*,*,#6130,.T.);
#8729=ORIENTED_EDGE('',*,*,#6013,.T.);
#8730=ORIENTED_EDGE('',*,*,#6130,.F.);
#8731=ORIENTED_EDGE('',*,*,#6123,.F.);
#8732=ORIENTED_EDGE('',*,*,#6131,.F.);
#8733=ORIENTED_EDGE('',*,*,#6057,.F.);
#8734=ORIENTED_EDGE('',*,*,#6014,.F.);
#8735=ORIENTED_EDGE('',*,*,#6131,.T.);
#8736=ORIENTED_EDGE('',*,*,#6122,.T.);
#8737=ORIENTED_EDGE('',*,*,#6059,.F.);
#8738=ORIENTED_EDGE('',*,*,#6121,.F.);
#8739=ORIENTED_EDGE('',*,*,#6132,.F.);
#8740=ORIENTED_EDGE('',*,*,#6020,.T.);
#8741=ORIENTED_EDGE('',*,*,#6021,.T.);
#8742=ORIENTED_EDGE('',*,*,#6132,.T.);
#8743=ORIENTED_EDGE('',*,*,#6120,.F.);
#8744=ORIENTED_EDGE('',*,*,#6133,.F.);
#8745=ORIENTED_EDGE('',*,*,#6022,.F.);
#8746=ORIENTED_EDGE('',*,*,#6133,.T.);
#8747=ORIENTED_EDGE('',*,*,#6119,.T.);
#8748=ORIENTED_EDGE('',*,*,#6134,.T.);
#8749=ORIENTED_EDGE('',*,*,#6023,.T.);
#8750=ORIENTED_EDGE('',*,*,#6134,.F.);
#8751=ORIENTED_EDGE('',*,*,#6118,.T.);
#8752=ORIENTED_EDGE('',*,*,#6135,.T.);
#8753=ORIENTED_EDGE('',*,*,#6024,.F.);
#8754=ORIENTED_EDGE('',*,*,#6135,.F.);
#8755=ORIENTED_EDGE('',*,*,#6117,.T.);
#8756=ORIENTED_EDGE('',*,*,#6136,.T.);
#8757=ORIENTED_EDGE('',*,*,#6025,.T.);
#8758=ORIENTED_EDGE('',*,*,#6136,.F.);
#8759=ORIENTED_EDGE('',*,*,#6116,.F.);
#8760=ORIENTED_EDGE('',*,*,#6137,.F.);
#8761=ORIENTED_EDGE('',*,*,#6063,.F.);
#8762=ORIENTED_EDGE('',*,*,#6026,.F.);
#8763=ORIENTED_EDGE('',*,*,#6137,.T.);
#8764=ORIENTED_EDGE('',*,*,#6115,.T.);
#8765=ORIENTED_EDGE('',*,*,#6065,.F.);
#8766=ORIENTED_EDGE('',*,*,#6114,.F.);
#8767=ORIENTED_EDGE('',*,*,#6138,.T.);
#8768=ORIENTED_EDGE('',*,*,#6032,.T.);
#8769=ORIENTED_EDGE('',*,*,#6033,.T.);
#8770=ORIENTED_EDGE('',*,*,#6138,.F.);
#8771=ORIENTED_EDGE('',*,*,#6113,.F.);
#8772=ORIENTED_EDGE('',*,*,#6139,.T.);
#8773=ORIENTED_EDGE('',*,*,#6034,.F.);
#8774=ORIENTED_EDGE('',*,*,#6139,.F.);
#8775=ORIENTED_EDGE('',*,*,#6112,.T.);
#8776=ORIENTED_EDGE('',*,*,#6140,.T.);
#8777=ORIENTED_EDGE('',*,*,#6035,.T.);
#8778=ORIENTED_EDGE('',*,*,#6140,.F.);
#8779=ORIENTED_EDGE('',*,*,#6111,.T.);
#8780=ORIENTED_EDGE('',*,*,#6141,.T.);
#8781=ORIENTED_EDGE('',*,*,#6036,.T.);
#8782=ORIENTED_EDGE('',*,*,#6141,.F.);
#8783=ORIENTED_EDGE('',*,*,#6110,.T.);
#8784=ORIENTED_EDGE('',*,*,#6142,.F.);
#8785=ORIENTED_EDGE('',*,*,#6037,.T.);
#8786=ORIENTED_EDGE('',*,*,#6142,.T.);
#8787=ORIENTED_EDGE('',*,*,#6109,.F.);
#8788=ORIENTED_EDGE('',*,*,#6143,.T.);
#8789=ORIENTED_EDGE('',*,*,#6038,.T.);
#8790=ORIENTED_EDGE('',*,*,#6143,.F.);
#8791=ORIENTED_EDGE('',*,*,#6108,.T.);
#8792=ORIENTED_EDGE('',*,*,#6144,.F.);
#8793=ORIENTED_EDGE('',*,*,#6039,.T.);
#8794=ORIENTED_EDGE('',*,*,#6144,.T.);
#8795=ORIENTED_EDGE('',*,*,#6107,.F.);
#8796=ORIENTED_EDGE('',*,*,#6145,.T.);
#8797=ORIENTED_EDGE('',*,*,#6040,.T.);
#8798=ORIENTED_EDGE('',*,*,#6145,.F.);
#8799=ORIENTED_EDGE('',*,*,#6106,.T.);
#8800=ORIENTED_EDGE('',*,*,#6146,.T.);
#8801=ORIENTED_EDGE('',*,*,#6041,.T.);
#8802=ORIENTED_EDGE('',*,*,#6146,.F.);
#8803=ORIENTED_EDGE('',*,*,#6105,.T.);
#8804=ORIENTED_EDGE('',*,*,#6147,.T.);
#8805=ORIENTED_EDGE('',*,*,#6042,.F.);
#8806=ORIENTED_EDGE('',*,*,#6147,.F.);
#8807=ORIENTED_EDGE('',*,*,#6104,.T.);
#8808=ORIENTED_EDGE('',*,*,#6148,.T.);
#8809=ORIENTED_EDGE('',*,*,#6043,.T.);
#8810=ORIENTED_EDGE('',*,*,#6148,.F.);
#8811=ORIENTED_EDGE('',*,*,#6103,.F.);
#8812=ORIENTED_EDGE('',*,*,#6149,.F.);
#8813=ORIENTED_EDGE('',*,*,#6045,.F.);
#8814=ORIENTED_EDGE('',*,*,#6044,.F.);
#8815=ORIENTED_EDGE('',*,*,#6149,.T.);
#8816=ORIENTED_EDGE('',*,*,#6102,.T.);
#8817=ORIENTED_EDGE('',*,*,#6150,.F.);
#8818=ORIENTED_EDGE('',*,*,#6151,.F.);
#8819=ORIENTED_EDGE('',*,*,#6152,.T.);
#8820=ORIENTED_EDGE('',*,*,#6153,.T.);
#8821=ORIENTED_EDGE('',*,*,#6150,.T.);
#8822=ORIENTED_EDGE('',*,*,#6154,.F.);
#8823=ORIENTED_EDGE('',*,*,#6155,.T.);
#8824=ORIENTED_EDGE('',*,*,#6156,.F.);
#8825=ORIENTED_EDGE('',*,*,#6157,.F.);
#8826=ORIENTED_EDGE('',*,*,#6158,.F.);
#8827=ORIENTED_EDGE('',*,*,#6159,.T.);
#8828=ORIENTED_EDGE('',*,*,#6160,.F.);
#8829=ORIENTED_EDGE('',*,*,#6151,.T.);
#8830=ORIENTED_EDGE('',*,*,#6160,.T.);
#8831=ORIENTED_EDGE('',*,*,#6161,.T.);
#8832=ORIENTED_EDGE('',*,*,#6162,.T.);
#8833=ORIENTED_EDGE('',*,*,#6152,.F.);
#8834=ORIENTED_EDGE('',*,*,#6162,.F.);
#8835=ORIENTED_EDGE('',*,*,#6163,.T.);
#8836=ORIENTED_EDGE('',*,*,#6164,.F.);
#8837=ORIENTED_EDGE('',*,*,#6165,.T.);
#8838=ORIENTED_EDGE('',*,*,#6166,.F.);
#8839=ORIENTED_EDGE('',*,*,#6167,.T.);
#8840=ORIENTED_EDGE('',*,*,#6168,.F.);
#8841=ORIENTED_EDGE('',*,*,#6153,.F.);
#8842=ORIENTED_EDGE('',*,*,#6168,.T.);
#8843=ORIENTED_EDGE('',*,*,#6169,.F.);
#8844=ORIENTED_EDGE('',*,*,#6154,.T.);
#8845=ORIENTED_EDGE('',*,*,#6167,.F.);
#8846=ORIENTED_EDGE('',*,*,#6170,.F.);
#8847=ORIENTED_EDGE('',*,*,#6155,.F.);
#8848=ORIENTED_EDGE('',*,*,#6169,.T.);
#8849=ORIENTED_EDGE('',*,*,#6171,.T.);
#8850=ORIENTED_EDGE('',*,*,#6156,.T.);
#8851=ORIENTED_EDGE('',*,*,#6170,.T.);
#8852=ORIENTED_EDGE('',*,*,#6166,.T.);
#8853=ORIENTED_EDGE('',*,*,#6157,.T.);
#8854=ORIENTED_EDGE('',*,*,#6171,.F.);
#8855=ORIENTED_EDGE('',*,*,#6165,.F.);
#8856=ORIENTED_EDGE('',*,*,#6172,.T.);
#8857=ORIENTED_EDGE('',*,*,#6172,.F.);
#8858=ORIENTED_EDGE('',*,*,#6164,.T.);
#8859=ORIENTED_EDGE('',*,*,#6173,.F.);
#8860=ORIENTED_EDGE('',*,*,#6158,.T.);
#8861=ORIENTED_EDGE('',*,*,#6163,.F.);
#8862=ORIENTED_EDGE('',*,*,#6161,.F.);
#8863=ORIENTED_EDGE('',*,*,#6159,.F.);
#8864=ORIENTED_EDGE('',*,*,#6173,.T.);
#8865=ORIENTED_EDGE('',*,*,#6174,.F.);
#8866=ORIENTED_EDGE('',*,*,#6175,.T.);
#8867=ORIENTED_EDGE('',*,*,#6176,.T.);
#8868=ORIENTED_EDGE('',*,*,#6175,.F.);
#8869=ORIENTED_EDGE('',*,*,#6174,.T.);
#8870=ORIENTED_EDGE('',*,*,#6176,.F.);
#8871=PLANE('',#9952);
#8872=PLANE('',#9953);
#8873=PLANE('',#9954);
#8874=PLANE('',#9955);
#8875=PLANE('',#9956);
#8876=PLANE('',#9957);
#8877=PLANE('',#9971);
#8878=PLANE('',#9972);
#8879=PLANE('',#9973);
#8880=PLANE('',#9974);
#8881=PLANE('',#9975);
#8882=PLANE('',#9976);
#8883=PLANE('',#9978);
#8884=PLANE('',#9979);
#8885=PLANE('',#9981);
#8886=PLANE('',#9982);
#8887=PLANE('',#9983);
#8888=PLANE('',#9984);
#8889=PLANE('',#9985);
#8890=PLANE('',#9986);
#8891=PLANE('',#9987);
#8892=PLANE('',#9988);
#8893=PLANE('',#9989);
#8894=PLANE('',#9990);
#8895=PLANE('',#9991);
#8896=PLANE('',#9992);
#8897=PLANE('',#9993);
#8898=PLANE('',#9994);
#8899=PLANE('',#9995);
#8900=PLANE('',#9996);
#8901=PLANE('',#9997);
#8902=PLANE('',#9998);
#8903=PLANE('',#9999);
#8904=PLANE('',#10000);
#8905=PLANE('',#10001);
#8906=PLANE('',#10002);
#8907=PLANE('',#10003);
#8908=PLANE('',#10004);
#8909=PLANE('',#10005);
#8910=PLANE('',#10006);
#8911=PLANE('',#10008);
#8912=PLANE('',#10009);
#8913=PLANE('',#10010);
#8914=PLANE('',#10012);
#8915=PLANE('',#10013);
#8916=PLANE('',#10014);
#8917=PLANE('',#10015);
#8918=PLANE('',#10016);
#8919=PLANE('',#10017);
#8920=PLANE('',#10018);
#8921=PLANE('',#10019);
#8922=PLANE('',#10020);
#8923=PLANE('',#10021);
#8924=PLANE('',#10024);
#8925=PLANE('',#10025);
#8926=PLANE('',#10026);
#8927=PLANE('',#10027);
#8928=PLANE('',#10028);
#8929=PLANE('',#10029);
#8930=PLANE('',#10030);
#8931=PLANE('',#10031);
#8932=PLANE('',#10032);
#8933=PLANE('',#10033);
#8934=PLANE('',#10036);
#8935=PLANE('',#10038);
#8936=PLANE('',#10039);
#8937=PLANE('',#10040);
#8938=PLANE('',#10041);
#8939=PLANE('',#10042);
#8940=PLANE('',#10043);
#8941=PLANE('',#10044);
#8942=PLANE('',#10045);
#8943=PLANE('',#10046);
#8944=PLANE('',#10047);
#8945=PLANE('',#10048);
#8946=PLANE('',#10049);
#8947=PLANE('',#10050);
#8948=PLANE('',#10051);
#8949=PLANE('',#10052);
#8950=PLANE('',#10053);
#8951=PLANE('',#10054);
#8952=PLANE('',#10055);
#8953=PLANE('',#10056);
#8954=PLANE('',#10057);
#8955=PLANE('',#10058);
#8956=PLANE('',#10059);
#8957=PLANE('',#10060);
#8958=PLANE('',#10061);
#8959=PLANE('',#10062);
#8960=PLANE('',#10063);
#8961=PLANE('',#10064);
#8962=PLANE('',#10065);
#8963=PLANE('',#10066);
#8964=PLANE('',#10067);
#8965=PLANE('',#10068);
#8966=PLANE('',#10069);
#8967=PLANE('',#10070);
#8968=PLANE('',#10071);
#8969=PLANE('',#10072);
#8970=PLANE('',#10073);
#8971=PLANE('',#10074);
#8972=PLANE('',#10075);
#8973=PLANE('',#10076);
#8974=PLANE('',#10077);
#8975=PLANE('',#10078);
#8976=PLANE('',#10079);
#8977=PLANE('',#10080);
#8978=PLANE('',#10081);
#8979=PLANE('',#10082);
#8980=PLANE('',#10083);
#8981=PLANE('',#10084);
#8982=PLANE('',#10085);
#8983=PLANE('',#10087);
#8984=PLANE('',#10089);
#8985=PLANE('',#10090);
#8986=PLANE('',#10091);
#8987=PLANE('',#10092);
#8988=PLANE('',#10093);
#8989=PLANE('',#10094);
#8990=PLANE('',#10096);
#8991=PLANE('',#10097);
#8992=PLANE('',#10098);
#8993=PLANE('',#10099);
#8994=PLANE('',#10100);
#8995=PLANE('',#10101);
#8996=PLANE('',#10104);
#8997=PLANE('',#10107);
#8998=PLANE('',#10108);
#8999=PLANE('',#10109);
#9000=PLANE('',#10110);
#9001=PLANE('',#10111);
#9002=PLANE('',#10112);
#9003=PLANE('',#10113);
#9004=PLANE('',#10114);
#9005=PLANE('',#10115);
#9006=PLANE('',#10118);
#9007=PLANE('',#10119);
#9008=PLANE('',#10120);
#9009=PLANE('',#10121);
#9010=PLANE('',#10122);
#9011=PLANE('',#10123);
#9012=PLANE('',#10124);
#9013=PLANE('',#10125);
#9014=PLANE('',#10126);
#9015=PLANE('',#10127);
#9016=PLANE('',#10130);
#9017=PLANE('',#10131);
#9018=PLANE('',#10132);
#9019=PLANE('',#10133);
#9020=PLANE('',#10134);
#9021=PLANE('',#10135);
#9022=PLANE('',#10136);
#9023=PLANE('',#10137);
#9024=PLANE('',#10138);
#9025=PLANE('',#10139);
#9026=PLANE('',#10140);
#9027=PLANE('',#10141);
#9028=PLANE('',#10144);
#9029=PLANE('',#10147);
#9030=PLANE('',#10148);
#9031=PLANE('',#10149);
#9032=PLANE('',#10150);
#9033=PLANE('',#10151);
#9034=PLANE('',#10152);
#9035=PLANE('',#10153);
#9036=PLANE('',#10154);
#9037=PLANE('',#10155);
#9038=PLANE('',#10156);
#9039=PLANE('',#10157);
#9040=PLANE('',#10158);
#9041=PLANE('',#10159);
#9042=PLANE('',#10160);
#9043=PLANE('',#10161);
#9044=PLANE('',#10162);
#9045=PLANE('',#10163);
#9046=PLANE('',#10164);
#9047=PLANE('',#10165);
#9048=PLANE('',#10166);
#9049=PLANE('',#10167);
#9050=PLANE('',#10168);
#9051=PLANE('',#10169);
#9052=PLANE('',#10170);
#9053=PLANE('',#10171);
#9054=PLANE('',#10172);
#9055=PLANE('',#10173);
#9056=PLANE('',#10174);
#9057=PLANE('',#10175);
#9058=PLANE('',#10176);
#9059=PLANE('',#10177);
#9060=PLANE('',#10178);
#9061=PLANE('',#10179);
#9062=PLANE('',#10180);
#9063=PLANE('',#10181);
#9064=PLANE('',#10182);
#9065=PLANE('',#10183);
#9066=PLANE('',#10184);
#9067=PLANE('',#10185);
#9068=PLANE('',#10186);
#9069=PLANE('',#10187);
#9070=PLANE('',#10188);
#9071=PLANE('',#10189);
#9072=PLANE('',#10190);
#9073=PLANE('',#10191);
#9074=PLANE('',#10192);
#9075=PLANE('',#10195);
#9076=PLANE('',#10196);
#9077=PLANE('',#10197);
#9078=PLANE('',#10198);
#9079=PLANE('',#10199);
#9080=PLANE('',#10200);
#9081=PLANE('',#10201);
#9082=PLANE('',#10204);
#9083=PLANE('',#10207);
#9084=PLANE('',#10208);
#9085=PLANE('',#10209);
#9086=PLANE('',#10210);
#9087=PLANE('',#10211);
#9088=PLANE('',#10214);
#9089=PLANE('',#10215);
#9090=PLANE('',#10216);
#9091=PLANE('',#10217);
#9092=PLANE('',#10218);
#9093=PLANE('',#10219);
#9094=PLANE('',#10220);
#9095=PLANE('',#10221);
#9096=PLANE('',#10222);
#9097=PLANE('',#10223);
#9098=PLANE('',#10224);
#9099=PLANE('',#10225);
#9100=PLANE('',#10226);
#9101=PLANE('',#10227);
#9102=PLANE('',#10228);
#9103=PLANE('',#10229);
#9104=PLANE('',#10230);
#9105=PLANE('',#10231);
#9106=PLANE('',#10232);
#9107=PLANE('',#10233);
#9108=PLANE('',#10234);
#9109=PLANE('',#10235);
#9110=PLANE('',#10236);
#9111=PLANE('',#10237);
#9112=PLANE('',#10238);
#9113=PLANE('',#10239);
#9114=PLANE('',#10240);
#9115=PLANE('',#10241);
#9116=PLANE('',#10242);
#9117=PLANE('',#10243);
#9118=PLANE('',#10244);
#9119=PLANE('',#10245);
#9120=PLANE('',#10246);
#9121=PLANE('',#10247);
#9122=PLANE('',#10248);
#9123=PLANE('',#10250);
#9124=PLANE('',#10252);
#9125=PLANE('',#10253);
#9126=PLANE('',#10254);
#9127=PLANE('',#10255);
#9128=PLANE('',#10256);
#9129=PLANE('',#10257);
#9130=PLANE('',#10258);
#9131=PLANE('',#10259);
#9132=PLANE('',#10260);
#9133=PLANE('',#10261);
#9134=PLANE('',#10262);
#9135=PLANE('',#10263);
#9136=PLANE('',#10264);
#9137=PLANE('',#10265);
#9138=PLANE('',#10267);
#9139=PLANE('',#10268);
#9140=PLANE('',#10269);
#9141=PLANE('',#10270);
#9142=PLANE('',#10271);
#9143=PLANE('',#10272);
#9144=PLANE('',#10273);
#9145=PLANE('',#10274);
#9146=PLANE('',#10275);
#9147=PLANE('',#10276);
#9148=PLANE('',#10277);
#9149=PLANE('',#10278);
#9150=PLANE('',#10279);
#9151=PLANE('',#10280);
#9152=PLANE('',#10281);
#9153=PLANE('',#10282);
#9154=PLANE('',#10283);
#9155=PLANE('',#10284);
#9156=PLANE('',#10285);
#9157=PLANE('',#10286);
#9158=PLANE('',#10287);
#9159=PLANE('',#10289);
#9160=PLANE('',#10291);
#9161=PLANE('',#10292);
#9162=PLANE('',#10293);
#9163=PLANE('',#10296);
#9164=PLANE('',#10297);
#9165=PLANE('',#10298);
#9166=PLANE('',#10299);
#9167=PLANE('',#10300);
#9168=PLANE('',#10301);
#9169=PLANE('',#10302);
#9170=PLANE('',#10304);
#9171=PLANE('',#10306);
#9172=PLANE('',#10307);
#9173=PLANE('',#10308);
#9174=PLANE('',#10309);
#9175=PLANE('',#10310);
#9176=PLANE('',#10311);
#9177=PLANE('',#10312);
#9178=PLANE('',#10313);
#9179=PLANE('',#10316);
#9180=PLANE('',#10317);
#9181=PLANE('',#10318);
#9182=PLANE('',#10319);
#9183=PLANE('',#10321);
#9184=PLANE('',#10323);
#9185=PLANE('',#10324);
#9186=PLANE('',#10325);
#9187=PLANE('',#10326);
#9188=PLANE('',#10329);
#9189=PLANE('',#10330);
#9190=PLANE('',#10331);
#9191=PLANE('',#10332);
#9192=PLANE('',#10333);
#9193=PLANE('',#10334);
#9194=PLANE('',#10335);
#9195=PLANE('',#10336);
#9196=PLANE('',#10338);
#9197=PLANE('',#10340);
#9198=PLANE('',#10341);
#9199=PLANE('',#10342);
#9200=PLANE('',#10343);
#9201=PLANE('',#10346);
#9202=PLANE('',#10347);
#9203=PLANE('',#10348);
#9204=PLANE('',#10349);
#9205=PLANE('',#10350);
#9206=PLANE('',#10351);
#9207=PLANE('',#10352);
#9208=PLANE('',#10353);
#9209=PLANE('',#10355);
#9210=PLANE('',#10357);
#9211=PLANE('',#10358);
#9212=PLANE('',#10359);
#9213=PLANE('',#10362);
#9214=PLANE('',#10363);
#9215=PLANE('',#10364);
#9216=PLANE('',#10365);
#9217=PLANE('',#10366);
#9218=PLANE('',#10367);
#9219=PLANE('',#10368);
#9220=PLANE('',#10373);
#9221=PLANE('',#10375);
#9222=PLANE('',#10376);
#9223=PLANE('',#10378);
#9224=PLANE('',#10379);
#9225=PLANE('',#10380);
#9226=PLANE('',#10381);
#9227=PLANE('',#10382);
#9228=PLANE('',#10383);
#9229=PLANE('',#10385);
#9230=PLANE('',#10386);
#9231=PLANE('',#10387);
#9232=PLANE('',#10388);
#9233=PLANE('',#10389);
#9234=PLANE('',#10390);
#9235=PLANE('',#10391);
#9236=PLANE('',#10393);
#9237=PLANE('',#10394);
#9238=PLANE('',#10395);
#9239=PLANE('',#10397);
#9240=PLANE('',#10398);
#9241=PLANE('',#10399);
#9242=PLANE('',#10400);
#9243=PLANE('',#10401);
#9244=PLANE('',#10403);
#9245=PLANE('',#10404);
#9246=PLANE('',#10405);
#9247=PLANE('',#10407);
#9248=PLANE('',#10408);
#9249=PLANE('',#10410);
#9250=PLANE('',#10411);
#9251=PLANE('',#10413);
#9252=PLANE('',#10414);
#9253=PLANE('',#10416);
#9254=PLANE('',#10417);
#9255=PLANE('',#10418);
#9256=PLANE('',#10420);
#9257=PLANE('',#10421);
#9258=PLANE('',#10422);
#9259=PLANE('',#10423);
#9260=PLANE('',#10424);
#9261=PLANE('',#10425);
#9262=PLANE('',#10426);
#9263=PLANE('',#10427);
#9264=PLANE('',#10430);
#9265=PLANE('',#10431);
#9266=PLANE('',#10432);
#9267=PLANE('',#10433);
#9268=PLANE('',#10434);
#9269=PLANE('',#10435);
#9270=PLANE('',#10436);
#9271=PLANE('',#10437);
#9272=PLANE('',#10438);
#9273=PLANE('',#10439);
#9274=PLANE('',#10440);
#9275=PLANE('',#10441);
#9276=PLANE('',#10442);
#9277=PLANE('',#10443);
#9278=PLANE('',#10444);
#9279=PLANE('',#10445);
#9280=PLANE('',#10446);
#9281=PLANE('',#10447);
#9282=PLANE('',#10448);
#9283=PLANE('',#10449);
#9284=PLANE('',#10450);
#9285=PLANE('',#10451);
#9286=PLANE('',#10452);
#9287=PLANE('',#10453);
#9288=PLANE('',#10454);
#9289=PLANE('',#10455);
#9290=PLANE('',#10456);
#9291=PLANE('',#10457);
#9292=PLANE('',#10460);
#9293=PLANE('',#10461);
#9294=PLANE('',#10462);
#9295=PLANE('',#10463);
#9296=PLANE('',#10464);
#9297=PLANE('',#10465);
#9298=PLANE('',#10466);
#9299=PLANE('',#10467);
#9300=PLANE('',#10468);
#9301=PLANE('',#10469);
#9302=PLANE('',#10470);
#9303=PLANE('',#10471);
#9304=PLANE('',#10472);
#9305=PLANE('',#10473);
#9306=PLANE('',#10474);
#9307=PLANE('',#10475);
#9308=PLANE('',#10476);
#9309=PLANE('',#10477);
#9310=PLANE('',#10479);
#9311=PLANE('',#10481);
#9312=PLANE('',#10482);
#9313=PLANE('',#10483);
#9314=PLANE('',#10484);
#9315=PLANE('',#10485);
#9316=PLANE('',#10486);
#9317=PLANE('',#10487);
#9318=PLANE('',#10488);
#9319=PLANE('',#10489);
#9320=PLANE('',#10490);
#9321=PLANE('',#10491);
#9322=PLANE('',#10492);
#9323=PLANE('',#10493);
#9324=PLANE('',#10494);
#9325=PLANE('',#10495);
#9326=PLANE('',#10509);
#9327=PLANE('',#10510);
#9328=ADVANCED_FACE('',(#375),#8871,.T.);
#9329=ADVANCED_FACE('',(#376,#372,#373),#8872,.T.);
#9330=ADVANCED_FACE('',(#377),#8873,.F.);
#9331=ADVANCED_FACE('',(#378),#8874,.F.);
#9332=ADVANCED_FACE('',(#379),#8875,.F.);
#9333=ADVANCED_FACE('',(#380),#8876,.F.);
#9334=ADVANCED_FACE('',(#381),#8877,.F.);
#9335=ADVANCED_FACE('',(#382),#8878,.F.);
#9336=ADVANCED_FACE('',(#383),#8879,.F.);
#9337=ADVANCED_FACE('',(#384),#8880,.F.);
#9338=ADVANCED_FACE('',(#385),#8881,.T.);
#9339=ADVANCED_FACE('',(#386),#8882,.F.);
#9340=ADVANCED_FACE('',(#387),#8883,.F.);
#9341=ADVANCED_FACE('',(#388),#8884,.F.);
#9342=ADVANCED_FACE('',(#389),#99,.F.);
#9343=ADVANCED_FACE('',(#390),#8885,.F.);
#9344=ADVANCED_FACE('',(#391),#8886,.F.);
#9345=ADVANCED_FACE('',(#392),#8887,.T.);
#9346=ADVANCED_FACE('',(#393),#8888,.F.);
#9347=ADVANCED_FACE('',(#394),#8889,.T.);
#9348=ADVANCED_FACE('',(#395),#8890,.T.);
#9349=ADVANCED_FACE('',(#396),#8891,.F.);
#9350=ADVANCED_FACE('',(#397),#8892,.F.);
#9351=ADVANCED_FACE('',(#398),#8893,.F.);
#9352=ADVANCED_FACE('',(#399),#8894,.F.);
#9353=ADVANCED_FACE('',(#400),#8895,.F.);
#9354=ADVANCED_FACE('',(#401,#374),#8896,.T.);
#9355=ADVANCED_FACE('',(#402),#8897,.T.);
#9356=ADVANCED_FACE('',(#403),#8898,.T.);
#9357=ADVANCED_FACE('',(#404),#8899,.F.);
#9358=ADVANCED_FACE('',(#405),#8900,.F.);
#9359=ADVANCED_FACE('',(#406),#8901,.T.);
#9360=ADVANCED_FACE('',(#407),#8902,.F.);
#9361=ADVANCED_FACE('',(#408),#8903,.F.);
#9362=ADVANCED_FACE('',(#409),#8904,.F.);
#9363=ADVANCED_FACE('',(#410),#8905,.F.);
#9364=ADVANCED_FACE('',(#411),#8906,.F.);
#9365=ADVANCED_FACE('',(#412),#8907,.T.);
#9366=ADVANCED_FACE('',(#413),#8908,.T.);
#9367=ADVANCED_FACE('',(#414),#8909,.F.);
#9368=ADVANCED_FACE('',(#415),#8910,.F.);
#9369=ADVANCED_FACE('',(#416),#8911,.F.);
#9370=ADVANCED_FACE('',(#417),#8912,.F.);
#9371=ADVANCED_FACE('',(#418),#8913,.F.);
#9372=ADVANCED_FACE('',(#419),#100,.F.);
#9373=ADVANCED_FACE('',(#420),#8914,.F.);
#9374=ADVANCED_FACE('',(#421),#8915,.F.);
#9375=ADVANCED_FACE('',(#422),#8916,.F.);
#9376=ADVANCED_FACE('',(#423),#8917,.T.);
#9377=ADVANCED_FACE('',(#424),#8918,.F.);
#9378=ADVANCED_FACE('',(#425),#8919,.T.);
#9379=ADVANCED_FACE('',(#426),#8920,.T.);
#9380=ADVANCED_FACE('',(#427),#8921,.F.);
#9381=ADVANCED_FACE('',(#428),#8922,.F.);
#9382=ADVANCED_FACE('',(#429),#8923,.F.);
#9383=ADVANCED_FACE('',(#430),#101,.F.);
#9384=ADVANCED_FACE('',(#431),#8924,.F.);
#9385=ADVANCED_FACE('',(#432),#8925,.F.);
#9386=ADVANCED_FACE('',(#433),#8926,.F.);
#9387=ADVANCED_FACE('',(#434),#8927,.F.);
#9388=ADVANCED_FACE('',(#435),#8928,.T.);
#9389=ADVANCED_FACE('',(#436),#8929,.F.);
#9390=ADVANCED_FACE('',(#437),#8930,.T.);
#9391=ADVANCED_FACE('',(#438),#8931,.T.);
#9392=ADVANCED_FACE('',(#439),#8932,.T.);
#9393=ADVANCED_FACE('',(#440),#8933,.F.);
#9394=ADVANCED_FACE('',(#441),#8934,.F.);
#9395=ADVANCED_FACE('',(#442),#8935,.T.);
#9396=ADVANCED_FACE('',(#443),#8936,.F.);
#9397=ADVANCED_FACE('',(#444),#8937,.F.);
#9398=ADVANCED_FACE('',(#445),#8938,.F.);
#9399=ADVANCED_FACE('',(#446),#8939,.F.);
#9400=ADVANCED_FACE('',(#447),#8940,.F.);
#9401=ADVANCED_FACE('',(#448),#8941,.F.);
#9402=ADVANCED_FACE('',(#449),#8942,.T.);
#9403=ADVANCED_FACE('',(#450),#8943,.T.);
#9404=ADVANCED_FACE('',(#451),#8944,.T.);
#9405=ADVANCED_FACE('',(#452),#8945,.T.);
#9406=ADVANCED_FACE('',(#453),#8946,.T.);
#9407=ADVANCED_FACE('',(#454),#8947,.T.);
#9408=ADVANCED_FACE('',(#455),#8948,.T.);
#9409=ADVANCED_FACE('',(#456),#8949,.T.);
#9410=ADVANCED_FACE('',(#457),#8950,.T.);
#9411=ADVANCED_FACE('',(#458),#8951,.T.);
#9412=ADVANCED_FACE('',(#459),#8952,.T.);
#9413=ADVANCED_FACE('',(#460),#8953,.T.);
#9414=ADVANCED_FACE('',(#461),#8954,.T.);
#9415=ADVANCED_FACE('',(#462),#8955,.T.);
#9416=ADVANCED_FACE('',(#463),#8956,.F.);
#9417=ADVANCED_FACE('',(#464),#8957,.T.);
#9418=ADVANCED_FACE('',(#465),#8958,.F.);
#9419=ADVANCED_FACE('',(#466),#8959,.F.);
#9420=ADVANCED_FACE('',(#467),#8960,.F.);
#9421=ADVANCED_FACE('',(#468),#8961,.T.);
#9422=ADVANCED_FACE('',(#469),#8962,.F.);
#9423=ADVANCED_FACE('',(#470),#8963,.F.);
#9424=ADVANCED_FACE('',(#471),#8964,.F.);
#9425=ADVANCED_FACE('',(#472),#8965,.F.);
#9426=ADVANCED_FACE('',(#473),#8966,.F.);
#9427=ADVANCED_FACE('',(#474),#8967,.F.);
#9428=ADVANCED_FACE('',(#475),#8968,.F.);
#9429=ADVANCED_FACE('',(#476),#8969,.F.);
#9430=ADVANCED_FACE('',(#477),#8970,.F.);
#9431=ADVANCED_FACE('',(#478),#8971,.F.);
#9432=ADVANCED_FACE('',(#479),#8972,.F.);
#9433=ADVANCED_FACE('',(#480),#8973,.F.);
#9434=ADVANCED_FACE('',(#481),#8974,.F.);
#9435=ADVANCED_FACE('',(#482),#8975,.F.);
#9436=ADVANCED_FACE('',(#483),#8976,.F.);
#9437=ADVANCED_FACE('',(#484),#8977,.F.);
#9438=ADVANCED_FACE('',(#485),#8978,.F.);
#9439=ADVANCED_FACE('',(#486),#8979,.F.);
#9440=ADVANCED_FACE('',(#487),#8980,.F.);
#9441=ADVANCED_FACE('',(#488),#8981,.F.);
#9442=ADVANCED_FACE('',(#489),#8982,.F.);
#9443=ADVANCED_FACE('',(#490),#102,.F.);
#9444=ADVANCED_FACE('',(#491),#8983,.F.);
#9445=ADVANCED_FACE('',(#492),#103,.F.);
#9446=ADVANCED_FACE('',(#493),#8984,.F.);
#9447=ADVANCED_FACE('',(#494),#8985,.F.);
#9448=ADVANCED_FACE('',(#495),#8986,.F.);
#9449=ADVANCED_FACE('',(#496),#8987,.F.);
#9450=ADVANCED_FACE('',(#497),#8988,.F.);
#9451=ADVANCED_FACE('',(#498),#8989,.F.);
#9452=ADVANCED_FACE('',(#499),#104,.F.);
#9453=ADVANCED_FACE('',(#500),#8990,.F.);
#9454=ADVANCED_FACE('',(#501),#8991,.F.);
#9455=ADVANCED_FACE('',(#502),#8992,.F.);
#9456=ADVANCED_FACE('',(#503),#8993,.F.);
#9457=ADVANCED_FACE('',(#504),#8994,.F.);
#9458=ADVANCED_FACE('',(#505),#8995,.F.);
#9459=ADVANCED_FACE('',(#506),#105,.F.);
#9460=ADVANCED_FACE('',(#507),#8996,.F.);
#9461=ADVANCED_FACE('',(#508),#106,.F.);
#9462=ADVANCED_FACE('',(#509),#8997,.F.);
#9463=ADVANCED_FACE('',(#510),#8998,.F.);
#9464=ADVANCED_FACE('',(#511),#8999,.F.);
#9465=ADVANCED_FACE('',(#512),#9000,.T.);
#9466=ADVANCED_FACE('',(#513),#9001,.F.);
#9467=ADVANCED_FACE('',(#514),#9002,.T.);
#9468=ADVANCED_FACE('',(#515),#9003,.T.);
#9469=ADVANCED_FACE('',(#516),#9004,.F.);
#9470=ADVANCED_FACE('',(#517),#9005,.F.);
#9471=ADVANCED_FACE('',(#518),#107,.F.);
#9472=ADVANCED_FACE('',(#519),#9006,.F.);
#9473=ADVANCED_FACE('',(#520),#9007,.F.);
#9474=ADVANCED_FACE('',(#521),#9008,.F.);
#9475=ADVANCED_FACE('',(#522),#9009,.T.);
#9476=ADVANCED_FACE('',(#523),#9010,.F.);
#9477=ADVANCED_FACE('',(#524),#9011,.T.);
#9478=ADVANCED_FACE('',(#525),#9012,.T.);
#9479=ADVANCED_FACE('',(#526),#9013,.F.);
#9480=ADVANCED_FACE('',(#527),#9014,.F.);
#9481=ADVANCED_FACE('',(#528),#9015,.F.);
#9482=ADVANCED_FACE('',(#529),#108,.F.);
#9483=ADVANCED_FACE('',(#530),#9016,.F.);
#9484=ADVANCED_FACE('',(#531),#9017,.F.);
#9485=ADVANCED_FACE('',(#532),#9018,.F.);
#9486=ADVANCED_FACE('',(#533),#9019,.F.);
#9487=ADVANCED_FACE('',(#534),#9020,.T.);
#9488=ADVANCED_FACE('',(#535),#9021,.F.);
#9489=ADVANCED_FACE('',(#536),#9022,.T.);
#9490=ADVANCED_FACE('',(#537),#9023,.T.);
#9491=ADVANCED_FACE('',(#538),#9024,.F.);
#9492=ADVANCED_FACE('',(#539),#9025,.F.);
#9493=ADVANCED_FACE('',(#540),#9026,.F.);
#9494=ADVANCED_FACE('',(#541),#9027,.F.);
#9495=ADVANCED_FACE('',(#542),#109,.F.);
#9496=ADVANCED_FACE('',(#543),#9028,.F.);
#9497=ADVANCED_FACE('',(#544),#110,.F.);
#9498=ADVANCED_FACE('',(#545),#9029,.F.);
#9499=ADVANCED_FACE('',(#546),#9030,.F.);
#9500=ADVANCED_FACE('',(#547),#9031,.F.);
#9501=ADVANCED_FACE('',(#548),#9032,.F.);
#9502=ADVANCED_FACE('',(#549),#9033,.F.);
#9503=ADVANCED_FACE('',(#550),#9034,.T.);
#9504=ADVANCED_FACE('',(#551),#9035,.F.);
#9505=ADVANCED_FACE('',(#552),#9036,.F.);
#9506=ADVANCED_FACE('',(#553),#9037,.F.);
#9507=ADVANCED_FACE('',(#554),#9038,.F.);
#9508=ADVANCED_FACE('',(#555),#9039,.F.);
#9509=ADVANCED_FACE('',(#556),#9040,.T.);
#9510=ADVANCED_FACE('',(#557),#9041,.T.);
#9511=ADVANCED_FACE('',(#558),#9042,.T.);
#9512=ADVANCED_FACE('',(#559),#9043,.T.);
#9513=ADVANCED_FACE('',(#560),#9044,.T.);
#9514=ADVANCED_FACE('',(#561),#9045,.T.);
#9515=ADVANCED_FACE('',(#562),#9046,.T.);
#9516=ADVANCED_FACE('',(#563),#9047,.T.);
#9517=ADVANCED_FACE('',(#564),#9048,.T.);
#9518=ADVANCED_FACE('',(#565),#9049,.T.);
#9519=ADVANCED_FACE('',(#566),#9050,.T.);
#9520=ADVANCED_FACE('',(#567),#9051,.F.);
#9521=ADVANCED_FACE('',(#568),#9052,.T.);
#9522=ADVANCED_FACE('',(#569),#9053,.F.);
#9523=ADVANCED_FACE('',(#570),#9054,.F.);
#9524=ADVANCED_FACE('',(#571),#9055,.F.);
#9525=ADVANCED_FACE('',(#572),#9056,.T.);
#9526=ADVANCED_FACE('',(#573),#9057,.F.);
#9527=ADVANCED_FACE('',(#574),#9058,.F.);
#9528=ADVANCED_FACE('',(#575),#9059,.F.);
#9529=ADVANCED_FACE('',(#576),#9060,.F.);
#9530=ADVANCED_FACE('',(#577),#9061,.F.);
#9531=ADVANCED_FACE('',(#578),#9062,.F.);
#9532=ADVANCED_FACE('',(#579),#9063,.F.);
#9533=ADVANCED_FACE('',(#580),#9064,.F.);
#9534=ADVANCED_FACE('',(#581),#9065,.F.);
#9535=ADVANCED_FACE('',(#582),#9066,.F.);
#9536=ADVANCED_FACE('',(#583),#9067,.F.);
#9537=ADVANCED_FACE('',(#584),#9068,.F.);
#9538=ADVANCED_FACE('',(#585),#9069,.F.);
#9539=ADVANCED_FACE('',(#586),#9070,.F.);
#9540=ADVANCED_FACE('',(#587),#9071,.F.);
#9541=ADVANCED_FACE('',(#588),#9072,.F.);
#9542=ADVANCED_FACE('',(#589),#9073,.F.);
#9543=ADVANCED_FACE('',(#590),#9074,.F.);
#9544=ADVANCED_FACE('',(#591),#111,.F.);
#9545=ADVANCED_FACE('',(#592),#9075,.F.);
#9546=ADVANCED_FACE('',(#593),#9076,.F.);
#9547=ADVANCED_FACE('',(#594),#9077,.F.);
#9548=ADVANCED_FACE('',(#595),#9078,.T.);
#9549=ADVANCED_FACE('',(#596),#9079,.F.);
#9550=ADVANCED_FACE('',(#597),#9080,.T.);
#9551=ADVANCED_FACE('',(#598),#9081,.T.);
#9552=ADVANCED_FACE('',(#599),#9082,.F.);
#9553=ADVANCED_FACE('',(#600),#9083,.F.);
#9554=ADVANCED_FACE('',(#601),#9084,.F.);
#9555=ADVANCED_FACE('',(#602),#9085,.F.);
#9556=ADVANCED_FACE('',(#603),#9086,.F.);
#9557=ADVANCED_FACE('',(#604),#9087,.T.);
#9558=ADVANCED_FACE('',(#605),#9088,.F.);
#9559=ADVANCED_FACE('',(#606),#9089,.T.);
#9560=ADVANCED_FACE('',(#607),#9090,.T.);
#9561=ADVANCED_FACE('',(#608),#9091,.T.);
#9562=ADVANCED_FACE('',(#609),#9092,.T.);
#9563=ADVANCED_FACE('',(#610),#9093,.F.);
#9564=ADVANCED_FACE('',(#611),#9094,.F.);
#9565=ADVANCED_FACE('',(#612),#9095,.F.);
#9566=ADVANCED_FACE('',(#613),#9096,.F.);
#9567=ADVANCED_FACE('',(#614),#9097,.F.);
#9568=ADVANCED_FACE('',(#615),#9098,.F.);
#9569=ADVANCED_FACE('',(#616),#9099,.F.);
#9570=ADVANCED_FACE('',(#617),#9100,.F.);
#9571=ADVANCED_FACE('',(#618),#9101,.F.);
#9572=ADVANCED_FACE('',(#619),#9102,.F.);
#9573=ADVANCED_FACE('',(#620),#9103,.F.);
#9574=ADVANCED_FACE('',(#621),#9104,.T.);
#9575=ADVANCED_FACE('',(#622),#9105,.T.);
#9576=ADVANCED_FACE('',(#623),#9106,.T.);
#9577=ADVANCED_FACE('',(#624),#9107,.T.);
#9578=ADVANCED_FACE('',(#625),#9108,.T.);
#9579=ADVANCED_FACE('',(#626),#9109,.T.);
#9580=ADVANCED_FACE('',(#627),#9110,.T.);
#9581=ADVANCED_FACE('',(#628),#9111,.T.);
#9582=ADVANCED_FACE('',(#629),#9112,.T.);
#9583=ADVANCED_FACE('',(#630),#9113,.T.);
#9584=ADVANCED_FACE('',(#631),#9114,.T.);
#9585=ADVANCED_FACE('',(#632),#9115,.T.);
#9586=ADVANCED_FACE('',(#633),#9116,.T.);
#9587=ADVANCED_FACE('',(#634),#9117,.T.);
#9588=ADVANCED_FACE('',(#635),#9118,.T.);
#9589=ADVANCED_FACE('',(#636),#9119,.T.);
#9590=ADVANCED_FACE('',(#637),#9120,.T.);
#9591=ADVANCED_FACE('',(#638),#9121,.T.);
#9592=ADVANCED_FACE('',(#639),#9122,.T.);
#9593=ADVANCED_FACE('',(#640),#112,.T.);
#9594=ADVANCED_FACE('',(#641),#9123,.T.);
#9595=ADVANCED_FACE('',(#642),#113,.T.);
#9596=ADVANCED_FACE('',(#643),#9124,.T.);
#9597=ADVANCED_FACE('',(#644),#9125,.T.);
#9598=ADVANCED_FACE('',(#645),#9126,.T.);
#9599=ADVANCED_FACE('',(#646),#9127,.T.);
#9600=ADVANCED_FACE('',(#647),#9128,.F.);
#9601=ADVANCED_FACE('',(#648),#9129,.F.);
#9602=ADVANCED_FACE('',(#649),#9130,.T.);
#9603=ADVANCED_FACE('',(#650),#9131,.T.);
#9604=ADVANCED_FACE('',(#651),#9132,.T.);
#9605=ADVANCED_FACE('',(#652),#9133,.T.);
#9606=ADVANCED_FACE('',(#653),#9134,.T.);
#9607=ADVANCED_FACE('',(#654),#9135,.F.);
#9608=ADVANCED_FACE('',(#655),#9136,.T.);
#9609=ADVANCED_FACE('',(#656),#9137,.T.);
#9610=ADVANCED_FACE('',(#657),#9138,.F.);
#9611=ADVANCED_FACE('',(#658),#9139,.T.);
#9612=ADVANCED_FACE('',(#659),#9140,.F.);
#9613=ADVANCED_FACE('',(#660),#9141,.T.);
#9614=ADVANCED_FACE('',(#661),#9142,.F.);
#9615=ADVANCED_FACE('',(#662),#9143,.F.);
#9616=ADVANCED_FACE('',(#663),#9144,.T.);
#9617=ADVANCED_FACE('',(#664),#9145,.T.);
#9618=ADVANCED_FACE('',(#665),#9146,.T.);
#9619=ADVANCED_FACE('',(#666),#9147,.T.);
#9620=ADVANCED_FACE('',(#667),#9148,.T.);
#9621=ADVANCED_FACE('',(#668),#9149,.T.);
#9622=ADVANCED_FACE('',(#669),#9150,.T.);
#9623=ADVANCED_FACE('',(#670),#9151,.T.);
#9624=ADVANCED_FACE('',(#671),#9152,.T.);
#9625=ADVANCED_FACE('',(#672),#9153,.T.);
#9626=ADVANCED_FACE('',(#673),#9154,.F.);
#9627=ADVANCED_FACE('',(#674),#9155,.F.);
#9628=ADVANCED_FACE('',(#675),#9156,.T.);
#9629=ADVANCED_FACE('',(#676),#9157,.F.);
#9630=ADVANCED_FACE('',(#677),#9158,.T.);
#9631=ADVANCED_FACE('',(#678),#9159,.T.);
#9632=ADVANCED_FACE('',(#679),#9160,.F.);
#9633=ADVANCED_FACE('',(#680),#9161,.T.);
#9634=ADVANCED_FACE('',(#681),#9162,.T.);
#9635=ADVANCED_FACE('',(#682),#114,.T.);
#9636=ADVANCED_FACE('',(#683),#9163,.T.);
#9637=ADVANCED_FACE('',(#684),#9164,.T.);
#9638=ADVANCED_FACE('',(#685),#9165,.F.);
#9639=ADVANCED_FACE('',(#686),#9166,.F.);
#9640=ADVANCED_FACE('',(#687),#9167,.F.);
#9641=ADVANCED_FACE('',(#688),#9168,.F.);
#9642=ADVANCED_FACE('',(#689),#9169,.T.);
#9643=ADVANCED_FACE('',(#690),#9170,.T.);
#9644=ADVANCED_FACE('',(#691),#9171,.F.);
#9645=ADVANCED_FACE('',(#692),#9172,.F.);
#9646=ADVANCED_FACE('',(#693),#9173,.F.);
#9647=ADVANCED_FACE('',(#694),#9174,.F.);
#9648=ADVANCED_FACE('',(#695),#9175,.T.);
#9649=ADVANCED_FACE('',(#696),#9176,.T.);
#9650=ADVANCED_FACE('',(#697),#9177,.T.);
#9651=ADVANCED_FACE('',(#698),#9178,.T.);
#9652=ADVANCED_FACE('',(#699),#115,.T.);
#9653=ADVANCED_FACE('',(#700),#9179,.T.);
#9654=ADVANCED_FACE('',(#701),#9180,.T.);
#9655=ADVANCED_FACE('',(#702),#9181,.T.);
#9656=ADVANCED_FACE('',(#703),#9182,.F.);
#9657=ADVANCED_FACE('',(#704),#9183,.T.);
#9658=ADVANCED_FACE('',(#705),#9184,.F.);
#9659=ADVANCED_FACE('',(#706),#9185,.T.);
#9660=ADVANCED_FACE('',(#707),#9186,.T.);
#9661=ADVANCED_FACE('',(#708),#9187,.T.);
#9662=ADVANCED_FACE('',(#709),#116,.T.);
#9663=ADVANCED_FACE('',(#710),#9188,.T.);
#9664=ADVANCED_FACE('',(#711),#9189,.T.);
#9665=ADVANCED_FACE('',(#712),#9190,.T.);
#9666=ADVANCED_FACE('',(#713),#9191,.F.);
#9667=ADVANCED_FACE('',(#714),#9192,.F.);
#9668=ADVANCED_FACE('',(#715),#9193,.F.);
#9669=ADVANCED_FACE('',(#716),#9194,.F.);
#9670=ADVANCED_FACE('',(#717),#9195,.T.);
#9671=ADVANCED_FACE('',(#718),#9196,.T.);
#9672=ADVANCED_FACE('',(#719),#9197,.F.);
#9673=ADVANCED_FACE('',(#720),#9198,.T.);
#9674=ADVANCED_FACE('',(#721),#9199,.T.);
#9675=ADVANCED_FACE('',(#722),#9200,.T.);
#9676=ADVANCED_FACE('',(#723),#117,.T.);
#9677=ADVANCED_FACE('',(#724),#9201,.T.);
#9678=ADVANCED_FACE('',(#725),#9202,.T.);
#9679=ADVANCED_FACE('',(#726),#9203,.T.);
#9680=ADVANCED_FACE('',(#727),#9204,.F.);
#9681=ADVANCED_FACE('',(#728),#9205,.F.);
#9682=ADVANCED_FACE('',(#729),#9206,.F.);
#9683=ADVANCED_FACE('',(#730),#9207,.F.);
#9684=ADVANCED_FACE('',(#731),#9208,.T.);
#9685=ADVANCED_FACE('',(#732),#9209,.T.);
#9686=ADVANCED_FACE('',(#733),#9210,.F.);
#9687=ADVANCED_FACE('',(#734),#9211,.T.);
#9688=ADVANCED_FACE('',(#735),#9212,.T.);
#9689=ADVANCED_FACE('',(#736),#118,.T.);
#9690=ADVANCED_FACE('',(#737),#9213,.T.);
#9691=ADVANCED_FACE('',(#738),#9214,.T.);
#9692=ADVANCED_FACE('',(#739),#9215,.F.);
#9693=ADVANCED_FACE('',(#740),#9216,.F.);
#9694=ADVANCED_FACE('',(#741),#9217,.F.);
#9695=ADVANCED_FACE('',(#742),#9218,.F.);
#9696=ADVANCED_FACE('',(#743),#9219,.T.);
#9697=ADVANCED_FACE('',(#744),#119,.T.);
#9698=ADVANCED_FACE('',(#745),#9220,.T.);
#9699=ADVANCED_FACE('',(#746),#9221,.F.);
#9700=ADVANCED_FACE('',(#747),#9222,.F.);
#9701=ADVANCED_FACE('',(#748),#9223,.T.);
#9702=ADVANCED_FACE('',(#749),#9224,.T.);
#9703=ADVANCED_FACE('',(#750),#9225,.T.);
#9704=ADVANCED_FACE('',(#751),#9226,.T.);
#9705=ADVANCED_FACE('',(#752),#9227,.T.);
#9706=ADVANCED_FACE('',(#753),#9228,.T.);
#9707=ADVANCED_FACE('',(#754),#120,.T.);
#9708=ADVANCED_FACE('',(#755),#9229,.T.);
#9709=ADVANCED_FACE('',(#756),#9230,.T.);
#9710=ADVANCED_FACE('',(#757),#9231,.T.);
#9711=ADVANCED_FACE('',(#758),#9232,.F.);
#9712=ADVANCED_FACE('',(#759),#9233,.F.);
#9713=ADVANCED_FACE('',(#760),#9234,.F.);
#9714=ADVANCED_FACE('',(#761),#9235,.T.);
#9715=ADVANCED_FACE('',(#762),#9236,.T.);
#9716=ADVANCED_FACE('',(#763),#9237,.F.);
#9717=ADVANCED_FACE('',(#764),#9238,.T.);
#9718=ADVANCED_FACE('',(#765),#9239,.F.);
#9719=ADVANCED_FACE('',(#766),#9240,.F.);
#9720=ADVANCED_FACE('',(#767),#9241,.F.);
#9721=ADVANCED_FACE('',(#768),#9242,.T.);
#9722=ADVANCED_FACE('',(#769),#9243,.F.);
#9723=ADVANCED_FACE('',(#770),#9244,.T.);
#9724=ADVANCED_FACE('',(#771),#9245,.T.);
#9725=ADVANCED_FACE('',(#772),#9246,.T.);
#9726=ADVANCED_FACE('',(#773),#121,.T.);
#9727=ADVANCED_FACE('',(#774),#9247,.T.);
#9728=ADVANCED_FACE('',(#775),#9248,.T.);
#9729=ADVANCED_FACE('',(#776),#9249,.F.);
#9730=ADVANCED_FACE('',(#777),#9250,.T.);
#9731=ADVANCED_FACE('',(#778),#9251,.T.);
#9732=ADVANCED_FACE('',(#779),#9252,.F.);
#9733=ADVANCED_FACE('',(#780),#9253,.T.);
#9734=ADVANCED_FACE('',(#781),#9254,.T.);
#9735=ADVANCED_FACE('',(#782),#9255,.T.);
#9736=ADVANCED_FACE('',(#783),#122,.T.);
#9737=ADVANCED_FACE('',(#784),#9256,.T.);
#9738=ADVANCED_FACE('',(#785),#9257,.T.);
#9739=ADVANCED_FACE('',(#786),#9258,.F.);
#9740=ADVANCED_FACE('',(#787),#9259,.T.);
#9741=ADVANCED_FACE('',(#788),#9260,.F.);
#9742=ADVANCED_FACE('',(#789),#9261,.F.);
#9743=ADVANCED_FACE('',(#790),#9262,.T.);
#9744=ADVANCED_FACE('',(#791),#9263,.T.);
#9745=ADVANCED_FACE('',(#792),#9264,.F.);
#9746=ADVANCED_FACE('',(#793),#9265,.F.);
#9747=ADVANCED_FACE('',(#794),#9266,.F.);
#9748=ADVANCED_FACE('',(#795),#9267,.F.);
#9749=ADVANCED_FACE('',(#796),#9268,.F.);
#9750=ADVANCED_FACE('',(#797),#9269,.F.);
#9751=ADVANCED_FACE('',(#798),#9270,.F.);
#9752=ADVANCED_FACE('',(#799),#9271,.F.);
#9753=ADVANCED_FACE('',(#800),#9272,.F.);
#9754=ADVANCED_FACE('',(#801),#9273,.F.);
#9755=ADVANCED_FACE('',(#802),#9274,.T.);
#9756=ADVANCED_FACE('',(#803),#9275,.T.);
#9757=ADVANCED_FACE('',(#804),#9276,.T.);
#9758=ADVANCED_FACE('',(#805),#9277,.T.);
#9759=ADVANCED_FACE('',(#806),#9278,.F.);
#9760=ADVANCED_FACE('',(#807),#9279,.F.);
#9761=ADVANCED_FACE('',(#808),#9280,.F.);
#9762=ADVANCED_FACE('',(#809),#9281,.F.);
#9763=ADVANCED_FACE('',(#810),#9282,.F.);
#9764=ADVANCED_FACE('',(#811),#9283,.F.);
#9765=ADVANCED_FACE('',(#812),#9284,.T.);
#9766=ADVANCED_FACE('',(#813),#9285,.T.);
#9767=ADVANCED_FACE('',(#814),#9286,.T.);
#9768=ADVANCED_FACE('',(#815),#9287,.T.);
#9769=ADVANCED_FACE('',(#816),#9288,.T.);
#9770=ADVANCED_FACE('',(#817),#9289,.T.);
#9771=ADVANCED_FACE('',(#818),#9290,.T.);
#9772=ADVANCED_FACE('',(#819),#9291,.F.);
#9773=ADVANCED_FACE('',(#820),#9292,.T.);
#9774=ADVANCED_FACE('',(#821),#9293,.T.);
#9775=ADVANCED_FACE('',(#822),#9294,.T.);
#9776=ADVANCED_FACE('',(#823),#9295,.T.);
#9777=ADVANCED_FACE('',(#824),#9296,.T.);
#9778=ADVANCED_FACE('',(#825),#9297,.T.);
#9779=ADVANCED_FACE('',(#826),#9298,.T.);
#9780=ADVANCED_FACE('',(#827),#9299,.T.);
#9781=ADVANCED_FACE('',(#828),#9300,.T.);
#9782=ADVANCED_FACE('',(#829),#9301,.T.);
#9783=ADVANCED_FACE('',(#830),#9302,.T.);
#9784=ADVANCED_FACE('',(#831),#9303,.T.);
#9785=ADVANCED_FACE('',(#832),#9304,.T.);
#9786=ADVANCED_FACE('',(#833),#9305,.T.);
#9787=ADVANCED_FACE('',(#834),#9306,.T.);
#9788=ADVANCED_FACE('',(#835),#9307,.T.);
#9789=ADVANCED_FACE('',(#836),#9308,.T.);
#9790=ADVANCED_FACE('',(#837),#9309,.T.);
#9791=ADVANCED_FACE('',(#838),#123,.T.);
#9792=ADVANCED_FACE('',(#839),#9310,.T.);
#9793=ADVANCED_FACE('',(#840),#124,.T.);
#9794=ADVANCED_FACE('',(#841),#9311,.T.);
#9795=ADVANCED_FACE('',(#842),#9312,.T.);
#9796=ADVANCED_FACE('',(#843),#9313,.T.);
#9797=ADVANCED_FACE('',(#844),#9314,.T.);
#9798=ADVANCED_FACE('',(#845),#9315,.T.);
#9799=ADVANCED_FACE('',(#846),#9316,.F.);
#9800=ADVANCED_FACE('',(#847),#9317,.T.);
#9801=ADVANCED_FACE('',(#848),#9318,.T.);
#9802=ADVANCED_FACE('',(#849),#9319,.F.);
#9803=ADVANCED_FACE('',(#850),#9320,.T.);
#9804=ADVANCED_FACE('',(#851),#9321,.T.);
#9805=ADVANCED_FACE('',(#852),#9322,.T.);
#9806=ADVANCED_FACE('',(#853),#9323,.F.);
#9807=ADVANCED_FACE('',(#854),#9324,.T.);
#9808=ADVANCED_FACE('',(#855),#9325,.T.);
#9809=ADVANCED_FACE('',(#856),#125,.T.);
#9810=ADVANCED_FACE('',(#857),#9326,.T.);
#9811=ADVANCED_FACE('',(#858),#9327,.F.);
#9812=CLOSED_SHELL('',(#9328,#9329,#9330,#9331,#9332,#9333,#9334,#9335,
#9336,#9337,#9338,#9339,#9340,#9341,#9342,#9343,#9344,#9345,#9346,#9347,
#9348,#9349,#9350,#9351,#9352,#9353,#9354,#9355,#9356,#9357,#9358,#9359,
#9360,#9361,#9362,#9363,#9364,#9365,#9366,#9367,#9368,#9369,#9370,#9371,
#9372,#9373,#9374,#9375,#9376,#9377,#9378,#9379,#9380,#9381,#9382,#9383,
#9384,#9385,#9386,#9387,#9388,#9389,#9390,#9391,#9392,#9393,#9394,#9395,
#9396,#9397,#9398,#9399,#9400,#9401,#9402,#9403,#9404,#9405,#9406,#9407,
#9408,#9409,#9410,#9411,#9412,#9413,#9414,#9415,#9416,#9417,#9418,#9419,
#9420,#9421,#9422,#9423,#9424,#9425,#9426,#9427,#9428,#9429,#9430,#9431,
#9432,#9433,#9434,#9435,#9436,#9437,#9438,#9439,#9440,#9441,#9442,#9443,
#9444,#9445,#9446,#9447,#9448,#9449,#9450,#9451,#9452,#9453,#9454,#9455,
#9456,#9457,#9458,#9459,#9460,#9461,#9462,#9463,#9464,#9465,#9466,#9467,
#9468,#9469,#9470,#9471,#9472,#9473,#9474,#9475,#9476,#9477,#9478,#9479,
#9480,#9481,#9482,#9483,#9484,#9485,#9486,#9487,#9488,#9489,#9490,#9491,
#9492,#9493,#9494,#9495,#9496,#9497,#9498,#9499,#9500,#9501,#9502,#9503,
#9504,#9505,#9506,#9507,#9508,#9509,#9510,#9511,#9512,#9513,#9514,#9515,
#9516,#9517,#9518,#9519,#9520,#9521,#9522,#9523,#9524,#9525,#9526,#9527,
#9528,#9529,#9530,#9531,#9532,#9533,#9534,#9535,#9536,#9537,#9538,#9539,
#9540,#9541,#9542,#9543,#9544,#9545,#9546,#9547,#9548,#9549,#9550,#9551));
#9813=CLOSED_SHELL('',(#9552,#9553,#9554,#9555,#9556,#9557,#9558,#9559,
#9560,#9561,#9562,#9563,#9564,#9565,#9566,#9567,#9568,#9569,#9570,#9571,
#9572,#9573,#9574,#9575,#9576,#9577,#9578,#9579,#9580,#9581,#9582,#9583,
#9584,#9585,#9586,#9587,#9588,#9589,#9590,#9591,#9592,#9593,#9594,#9595,
#9596,#9597,#9598,#9599));
#9814=CLOSED_SHELL('',(#9600,#9601,#9602,#9603,#9604,#9605,#9606,#9607,
#9608,#9609));
#9815=CLOSED_SHELL('',(#9610,#9611,#9612,#9613,#9614,#9615,#9616,#9617,
#9618,#9619,#9620,#9621,#9622,#9623,#9624));
#9816=CLOSED_SHELL('',(#9625,#9626,#9627,#9628,#9629,#9630));
#9817=CLOSED_SHELL('',(#9631,#9632,#9633,#9634,#9635,#9636,#9637,#9638,
#9639,#9640,#9641,#9642));
#9818=CLOSED_SHELL('',(#9643,#9644,#9645,#9646,#9647,#9648,#9649,#9650,
#9651,#9652,#9653,#9654,#9655,#9656));
#9819=CLOSED_SHELL('',(#9657,#9658,#9659,#9660,#9661,#9662,#9663,#9664,
#9665,#9666,#9667,#9668,#9669,#9670));
#9820=CLOSED_SHELL('',(#9671,#9672,#9673,#9674,#9675,#9676,#9677,#9678,
#9679,#9680,#9681,#9682,#9683,#9684));
#9821=CLOSED_SHELL('',(#9685,#9686,#9687,#9688,#9689,#9690,#9691,#9692,
#9693,#9694,#9695,#9696));
#9822=CLOSED_SHELL('',(#9697,#9698,#9699,#9700,#9701,#9702,#9703,#9704,
#9705,#9706,#9707,#9708,#9709,#9710,#9711,#9712,#9713,#9714));
#9823=CLOSED_SHELL('',(#9715,#9716,#9717,#9718,#9719,#9720,#9721,#9722,
#9723,#9724,#9725,#9726,#9727,#9728));
#9824=CLOSED_SHELL('',(#9729,#9730,#9731,#9732,#9733,#9734,#9735,#9736,
#9737,#9738,#9739,#9740,#9741,#9742));
#9825=CLOSED_SHELL('',(#9743,#9744,#9745,#9746,#9747,#9748,#9749,#9750,
#9751,#9752,#9753,#9754,#9755,#9756,#9757,#9758,#9759,#9760,#9761,#9762,
#9763,#9764,#9765,#9766,#9767,#9768,#9769,#9770,#9771,#9772,#9773,#9774,
#9775,#9776,#9777,#9778,#9779,#9780,#9781,#9782,#9783,#9784,#9785,#9786,
#9787,#9788,#9789,#9790,#9791,#9792,#9793,#9794,#9795,#9796,#9797,#9798));
#9826=CLOSED_SHELL('',(#9799,#9800,#9801,#9802,#9803,#9804,#9805,#9806,
#9807,#9808));
#9827=CLOSED_SHELL('',(#9809,#9810,#9811));
#9828=DERIVED_UNIT_ELEMENT(#9850,1.);
#9829=DERIVED_UNIT_ELEMENT(#15715,-3.);
#9830=DERIVED_UNIT_ELEMENT(#9850,1.);
#9831=DERIVED_UNIT_ELEMENT(#15715,-3.);
#9832=DERIVED_UNIT_ELEMENT(#9850,1.);
#9833=DERIVED_UNIT_ELEMENT(#15715,-3.);
#9834=DERIVED_UNIT_ELEMENT(#9850,1.);
#9835=DERIVED_UNIT_ELEMENT(#15715,-3.);
#9836=DERIVED_UNIT_ELEMENT(#9850,1.);
#9837=DERIVED_UNIT_ELEMENT(#15715,-3.);
#9838=DERIVED_UNIT_ELEMENT(#9850,1.);
#9839=DERIVED_UNIT_ELEMENT(#15715,-3.);
#9840=DERIVED_UNIT_ELEMENT(#9850,1.);
#9841=DERIVED_UNIT_ELEMENT(#15715,-3.);
#9842=DERIVED_UNIT_ELEMENT(#9850,1.);
#9843=DERIVED_UNIT_ELEMENT(#15715,-3.);
#9844=DERIVED_UNIT_ELEMENT(#9850,1.);
#9845=DERIVED_UNIT_ELEMENT(#15715,-3.);
#9846=DERIVED_UNIT_ELEMENT(#9850,1.);
#9847=DERIVED_UNIT_ELEMENT(#15715,-3.);
#9848=DERIVED_UNIT_ELEMENT(#9850,1.);
#9849=DERIVED_UNIT_ELEMENT(#15715,-3.);
#9850=(
MASS_UNIT()
NAMED_UNIT(*)
SI_UNIT(.KILO.,.GRAM.)
);
#9851=DERIVED_UNIT((#9828,#9829));
#9852=DERIVED_UNIT((#9830,#9831));
#9853=DERIVED_UNIT((#9832,#9833));
#9854=DERIVED_UNIT((#9834,#9835));
#9855=DERIVED_UNIT((#9836,#9837));
#9856=DERIVED_UNIT((#9838,#9839));
#9857=DERIVED_UNIT((#9840,#9841));
#9858=DERIVED_UNIT((#9842,#9843));
#9859=DERIVED_UNIT((#9844,#9845));
#9860=DERIVED_UNIT((#9846,#9847));
#9861=DERIVED_UNIT((#9848,#9849));
#9862=MEASURE_REPRESENTATION_ITEM('density measure',
POSITIVE_RATIO_MEASURE(7850.),#9851);
#9863=MEASURE_REPRESENTATION_ITEM('density measure',
POSITIVE_RATIO_MEASURE(7850.),#9852);
#9864=MEASURE_REPRESENTATION_ITEM('density measure',
POSITIVE_RATIO_MEASURE(7850.),#9853);
#9865=MEASURE_REPRESENTATION_ITEM('density measure',
POSITIVE_RATIO_MEASURE(7850.),#9854);
#9866=MEASURE_REPRESENTATION_ITEM('density measure',
POSITIVE_RATIO_MEASURE(7850.),#9855);
#9867=MEASURE_REPRESENTATION_ITEM('density measure',
POSITIVE_RATIO_MEASURE(7850.),#9856);
#9868=MEASURE_REPRESENTATION_ITEM('density measure',
POSITIVE_RATIO_MEASURE(7850.),#9857);
#9869=MEASURE_REPRESENTATION_ITEM('density measure',
POSITIVE_RATIO_MEASURE(7850.),#9858);
#9870=MEASURE_REPRESENTATION_ITEM('density measure',
POSITIVE_RATIO_MEASURE(7850.),#9859);
#9871=MEASURE_REPRESENTATION_ITEM('density measure',
POSITIVE_RATIO_MEASURE(7850.),#9860);
#9872=MEASURE_REPRESENTATION_ITEM('density measure',
POSITIVE_RATIO_MEASURE(7850.),#9861);
#9873=PROPERTY_DEFINITION_REPRESENTATION(#9928,#9895);
#9874=PROPERTY_DEFINITION_REPRESENTATION(#9929,#9896);
#9875=PROPERTY_DEFINITION_REPRESENTATION(#9930,#9897);
#9876=PROPERTY_DEFINITION_REPRESENTATION(#9931,#9898);
#9877=PROPERTY_DEFINITION_REPRESENTATION(#9932,#9899);
#9878=PROPERTY_DEFINITION_REPRESENTATION(#9933,#9900);
#9879=PROPERTY_DEFINITION_REPRESENTATION(#9934,#9901);
#9880=PROPERTY_DEFINITION_REPRESENTATION(#9935,#9902);
#9881=PROPERTY_DEFINITION_REPRESENTATION(#9936,#9903);
#9882=PROPERTY_DEFINITION_REPRESENTATION(#9937,#9904);
#9883=PROPERTY_DEFINITION_REPRESENTATION(#9938,#9905);
#9884=PROPERTY_DEFINITION_REPRESENTATION(#9939,#9906);
#9885=PROPERTY_DEFINITION_REPRESENTATION(#9940,#9907);
#9886=PROPERTY_DEFINITION_REPRESENTATION(#9941,#9908);
#9887=PROPERTY_DEFINITION_REPRESENTATION(#9942,#9909);
#9888=PROPERTY_DEFINITION_REPRESENTATION(#9943,#9910);
#9889=PROPERTY_DEFINITION_REPRESENTATION(#9944,#9911);
#9890=PROPERTY_DEFINITION_REPRESENTATION(#9945,#9912);
#9891=PROPERTY_DEFINITION_REPRESENTATION(#9946,#9913);
#9892=PROPERTY_DEFINITION_REPRESENTATION(#9947,#9914);
#9893=PROPERTY_DEFINITION_REPRESENTATION(#9948,#9915);
#9894=PROPERTY_DEFINITION_REPRESENTATION(#9949,#9916);
#9895=REPRESENTATION('material name',(#9917),#15701);
#9896=REPRESENTATION('density',(#9862),#15701);
#9897=REPRESENTATION('material name',(#9918),#15703);
#9898=REPRESENTATION('density',(#9863),#15703);
#9899=REPRESENTATION('material name',(#9919),#15704);
#9900=REPRESENTATION('density',(#9864),#15704);
#9901=REPRESENTATION('material name',(#9920),#15705);
#9902=REPRESENTATION('density',(#9865),#15705);
#9903=REPRESENTATION('material name',(#9921),#15706);
#9904=REPRESENTATION('density',(#9866),#15706);
#9905=REPRESENTATION('material name',(#9922),#15707);
#9906=REPRESENTATION('density',(#9867),#15707);
#9907=REPRESENTATION('material name',(#9923),#15708);
#9908=REPRESENTATION('density',(#9868),#15708);
#9909=REPRESENTATION('material name',(#9924),#15709);
#9910=REPRESENTATION('density',(#9869),#15709);
#9911=REPRESENTATION('material name',(#9925),#15710);
#9912=REPRESENTATION('density',(#9870),#15710);
#9913=REPRESENTATION('material name',(#9926),#15711);
#9914=REPRESENTATION('density',(#9871),#15711);
#9915=REPRESENTATION('material name',(#9927),#15712);
#9916=REPRESENTATION('density',(#9872),#15712);
#9917=DESCRIPTIVE_REPRESENTATION_ITEM('Steel','Steel');
#9918=DESCRIPTIVE_REPRESENTATION_ITEM('Steel','Steel');
#9919=DESCRIPTIVE_REPRESENTATION_ITEM('Steel','Steel');
#9920=DESCRIPTIVE_REPRESENTATION_ITEM('Steel','Steel');
#9921=DESCRIPTIVE_REPRESENTATION_ITEM('Steel','Steel');
#9922=DESCRIPTIVE_REPRESENTATION_ITEM('Steel','Steel');
#9923=DESCRIPTIVE_REPRESENTATION_ITEM('Steel','Steel');
#9924=DESCRIPTIVE_REPRESENTATION_ITEM('Steel','Steel');
#9925=DESCRIPTIVE_REPRESENTATION_ITEM('Steel','Steel');
#9926=DESCRIPTIVE_REPRESENTATION_ITEM('Steel','Steel');
#9927=DESCRIPTIVE_REPRESENTATION_ITEM('Steel','Steel');
#9928=PROPERTY_DEFINITION('material property','material name',#15771);
#9929=PROPERTY_DEFINITION('material property','density of part',#15771);
#9930=PROPERTY_DEFINITION('material property','material name',#15773);
#9931=PROPERTY_DEFINITION('material property','density of part',#15773);
#9932=PROPERTY_DEFINITION('material property','material name',#15774);
#9933=PROPERTY_DEFINITION('material property','density of part',#15774);
#9934=PROPERTY_DEFINITION('material property','material name',#15775);
#9935=PROPERTY_DEFINITION('material property','density of part',#15775);
#9936=PROPERTY_DEFINITION('material property','material name',#15776);
#9937=PROPERTY_DEFINITION('material property','density of part',#15776);
#9938=PROPERTY_DEFINITION('material property','material name',#15777);
#9939=PROPERTY_DEFINITION('material property','density of part',#15777);
#9940=PROPERTY_DEFINITION('material property','material name',#15778);
#9941=PROPERTY_DEFINITION('material property','density of part',#15778);
#9942=PROPERTY_DEFINITION('material property','material name',#15779);
#9943=PROPERTY_DEFINITION('material property','density of part',#15779);
#9944=PROPERTY_DEFINITION('material property','material name',#15780);
#9945=PROPERTY_DEFINITION('material property','density of part',#15780);
#9946=PROPERTY_DEFINITION('material property','material name',#15781);
#9947=PROPERTY_DEFINITION('material property','density of part',#15781);
#9948=PROPERTY_DEFINITION('material property','material name',#15782);
#9949=PROPERTY_DEFINITION('material property','density of part',#15782);
#9950=AXIS2_PLACEMENT_3D('',#12932,#10513,#10514);
#9951=AXIS2_PLACEMENT_3D('',#12933,#10515,#10516);
#9952=AXIS2_PLACEMENT_3D('',#12934,#10517,#10518);
#9953=AXIS2_PLACEMENT_3D('',#12943,#10523,#10524);
#9954=AXIS2_PLACEMENT_3D('',#12965,#10536,#10537);
#9955=AXIS2_PLACEMENT_3D('',#12978,#10544,#10545);
#9956=AXIS2_PLACEMENT_3D('',#12991,#10552,#10553);
#9957=AXIS2_PLACEMENT_3D('',#13004,#10560,#10561);
#9958=AXIS2_PLACEMENT_3D('',#13007,#10562,#10563);
#9959=AXIS2_PLACEMENT_3D('',#13023,#10571,#10572);
#9960=AXIS2_PLACEMENT_3D('',#13027,#10574,#10575);
#9961=AXIS2_PLACEMENT_3D('',#13048,#10586,#10587);
#9962=AXIS2_PLACEMENT_3D('',#13052,#10589,#10590);
#9963=AXIS2_PLACEMENT_3D('',#13068,#10598,#10599);
#9964=AXIS2_PLACEMENT_3D('',#13080,#10605,#10606);
#9965=AXIS2_PLACEMENT_3D('',#13114,#10623,#10624);
#9966=AXIS2_PLACEMENT_3D('',#13130,#10632,#10633);
#9967=AXIS2_PLACEMENT_3D('',#13146,#10641,#10642);
#9968=AXIS2_PLACEMENT_3D('',#13166,#10652,#10653);
#9969=AXIS2_PLACEMENT_3D('',#13170,#10655,#10656);
#9970=AXIS2_PLACEMENT_3D('',#13182,#10662,#10663);
#9971=AXIS2_PLACEMENT_3D('',#13192,#10669,#10670);
#9972=AXIS2_PLACEMENT_3D('',#13205,#10677,#10678);
#9973=AXIS2_PLACEMENT_3D('',#13218,#10685,#10686);
#9974=AXIS2_PLACEMENT_3D('',#13231,#10693,#10694);
#9975=AXIS2_PLACEMENT_3D('',#13237,#10698,#10699);
#9976=AXIS2_PLACEMENT_3D('',#13328,#10749,#10750);
#9977=AXIS2_PLACEMENT_3D('',#13339,#10756,#10757);
#9978=AXIS2_PLACEMENT_3D('',#13343,#10760,#10761);
#9979=AXIS2_PLACEMENT_3D('',#13345,#10763,#10764);
#9980=AXIS2_PLACEMENT_3D('',#13347,#10766,#10767);
#9981=AXIS2_PLACEMENT_3D('',#13349,#10769,#10770);
#9982=AXIS2_PLACEMENT_3D('',#13351,#10772,#10773);
#9983=AXIS2_PLACEMENT_3D('',#13352,#10774,#10775);
#9984=AXIS2_PLACEMENT_3D('',#13356,#10778,#10779);
#9985=AXIS2_PLACEMENT_3D('',#13360,#10782,#10783);
#9986=AXIS2_PLACEMENT_3D('',#13362,#10785,#10786);
#9987=AXIS2_PLACEMENT_3D('',#13363,#10787,#10788);
#9988=AXIS2_PLACEMENT_3D('',#13367,#10791,#10792);
#9989=AXIS2_PLACEMENT_3D('',#13371,#10795,#10796);
#9990=AXIS2_PLACEMENT_3D('',#13375,#10799,#10800);
#9991=AXIS2_PLACEMENT_3D('',#13384,#10805,#10806);
#9992=AXIS2_PLACEMENT_3D('',#13388,#10809,#10810);
#9993=AXIS2_PLACEMENT_3D('',#13434,#10836,#10837);
#9994=AXIS2_PLACEMENT_3D('',#13438,#10840,#10841);
#9995=AXIS2_PLACEMENT_3D('',#13442,#10844,#10845);
#9996=AXIS2_PLACEMENT_3D('',#13448,#10849,#10850);
#9997=AXIS2_PLACEMENT_3D('',#13450,#10852,#10853);
#9998=AXIS2_PLACEMENT_3D('',#13454,#10856,#10857);
#9999=AXIS2_PLACEMENT_3D('',#13465,#10864,#10865);
#10000=AXIS2_PLACEMENT_3D('',#13467,#10867,#10868);
#10001=AXIS2_PLACEMENT_3D('',#13469,#10870,#10871);
#10002=AXIS2_PLACEMENT_3D('',#13471,#10873,#10874);
#10003=AXIS2_PLACEMENT_3D('',#13472,#10875,#10876);
#10004=AXIS2_PLACEMENT_3D('',#13474,#10878,#10879);
#10005=AXIS2_PLACEMENT_3D('',#13475,#10880,#10881);
#10006=AXIS2_PLACEMENT_3D('',#13476,#10882,#10883);
#10007=AXIS2_PLACEMENT_3D('',#13489,#10890,#10891);
#10008=AXIS2_PLACEMENT_3D('',#13495,#10895,#10896);
#10009=AXIS2_PLACEMENT_3D('',#13497,#10898,#10899);
#10010=AXIS2_PLACEMENT_3D('',#13499,#10901,#10902);
#10011=AXIS2_PLACEMENT_3D('',#13501,#10904,#10905);
#10012=AXIS2_PLACEMENT_3D('',#13503,#10907,#10908);
#10013=AXIS2_PLACEMENT_3D('',#13505,#10910,#10911);
#10014=AXIS2_PLACEMENT_3D('',#13507,#10913,#10914);
#10015=AXIS2_PLACEMENT_3D('',#13508,#10915,#10916);
#10016=AXIS2_PLACEMENT_3D('',#13512,#10919,#10920);
#10017=AXIS2_PLACEMENT_3D('',#13516,#10923,#10924);
#10018=AXIS2_PLACEMENT_3D('',#13518,#10926,#10927);
#10019=AXIS2_PLACEMENT_3D('',#13519,#10928,#10929);
#10020=AXIS2_PLACEMENT_3D('',#13523,#10932,#10933);
#10021=AXIS2_PLACEMENT_3D('',#13527,#10936,#10937);
#10022=AXIS2_PLACEMENT_3D('',#13531,#10940,#10941);
#10023=AXIS2_PLACEMENT_3D('',#13533,#10942,#10943);
#10024=AXIS2_PLACEMENT_3D('',#13535,#10945,#10946);
#10025=AXIS2_PLACEMENT_3D('',#13539,#10949,#10950);
#10026=AXIS2_PLACEMENT_3D('',#13543,#10953,#10954);
#10027=AXIS2_PLACEMENT_3D('',#13545,#10956,#10957);
#10028=AXIS2_PLACEMENT_3D('',#13551,#10961,#10962);
#10029=AXIS2_PLACEMENT_3D('',#13555,#10965,#10966);
#10030=AXIS2_PLACEMENT_3D('',#13559,#10969,#10970);
#10031=AXIS2_PLACEMENT_3D('',#13561,#10972,#10973);
#10032=AXIS2_PLACEMENT_3D('',#13562,#10974,#10975);
#10033=AXIS2_PLACEMENT_3D('',#13654,#11025,#11026);
#10034=AXIS2_PLACEMENT_3D('',#13664,#11031,#11032);
#10035=AXIS2_PLACEMENT_3D('',#13668,#11034,#11035);
#10036=AXIS2_PLACEMENT_3D('',#13723,#11067,#11068);
#10037=AXIS2_PLACEMENT_3D('',#13729,#11071,#11072);
#10038=AXIS2_PLACEMENT_3D('',#13738,#11078,#11079);
#10039=AXIS2_PLACEMENT_3D('',#13742,#11082,#11083);
#10040=AXIS2_PLACEMENT_3D('',#13746,#11086,#11087);
#10041=AXIS2_PLACEMENT_3D('',#13752,#11091,#11092);
#10042=AXIS2_PLACEMENT_3D('',#13758,#11096,#11097);
#10043=AXIS2_PLACEMENT_3D('',#13764,#11101,#11102);
#10044=AXIS2_PLACEMENT_3D('',#13770,#11106,#11107);
#10045=AXIS2_PLACEMENT_3D('',#13784,#11115,#11116);
#10046=AXIS2_PLACEMENT_3D('',#13786,#11118,#11119);
#10047=AXIS2_PLACEMENT_3D('',#13789,#11122,#11123);
#10048=AXIS2_PLACEMENT_3D('',#13792,#11126,#11127);
#10049=AXIS2_PLACEMENT_3D('',#13795,#11130,#11131);
#10050=AXIS2_PLACEMENT_3D('',#13798,#11134,#11135);
#10051=AXIS2_PLACEMENT_3D('',#13799,#11136,#11137);
#10052=AXIS2_PLACEMENT_3D('',#13800,#11138,#11139);
#10053=AXIS2_PLACEMENT_3D('',#13801,#11140,#11141);
#10054=AXIS2_PLACEMENT_3D('',#13802,#11142,#11143);
#10055=AXIS2_PLACEMENT_3D('',#13803,#11144,#11145);
#10056=AXIS2_PLACEMENT_3D('',#13804,#11146,#11147);
#10057=AXIS2_PLACEMENT_3D('',#13805,#11148,#11149);
#10058=AXIS2_PLACEMENT_3D('',#13806,#11150,#11151);
#10059=AXIS2_PLACEMENT_3D('',#13807,#11152,#11153);
#10060=AXIS2_PLACEMENT_3D('',#13811,#11156,#11157);
#10061=AXIS2_PLACEMENT_3D('',#13823,#11164,#11165);
#10062=AXIS2_PLACEMENT_3D('',#13825,#11167,#11168);
#10063=AXIS2_PLACEMENT_3D('',#13827,#11170,#11171);
#10064=AXIS2_PLACEMENT_3D('',#13829,#11173,#11174);
#10065=AXIS2_PLACEMENT_3D('',#13831,#11176,#11177);
#10066=AXIS2_PLACEMENT_3D('',#13833,#11179,#11180);
#10067=AXIS2_PLACEMENT_3D('',#13834,#11181,#11182);
#10068=AXIS2_PLACEMENT_3D('',#13836,#11184,#11185);
#10069=AXIS2_PLACEMENT_3D('',#13838,#11187,#11188);
#10070=AXIS2_PLACEMENT_3D('',#13840,#11190,#11191);
#10071=AXIS2_PLACEMENT_3D('',#13842,#11193,#11194);
#10072=AXIS2_PLACEMENT_3D('',#13843,#11195,#11196);
#10073=AXIS2_PLACEMENT_3D('',#13845,#11198,#11199);
#10074=AXIS2_PLACEMENT_3D('',#13847,#11201,#11202);
#10075=AXIS2_PLACEMENT_3D('',#13849,#11204,#11205);
#10076=AXIS2_PLACEMENT_3D('',#13851,#11207,#11208);
#10077=AXIS2_PLACEMENT_3D('',#13852,#11209,#11210);
#10078=AXIS2_PLACEMENT_3D('',#13854,#11212,#11213);
#10079=AXIS2_PLACEMENT_3D('',#13856,#11215,#11216);
#10080=AXIS2_PLACEMENT_3D('',#13858,#11218,#11219);
#10081=AXIS2_PLACEMENT_3D('',#13860,#11221,#11222);
#10082=AXIS2_PLACEMENT_3D('',#13861,#11223,#11224);
#10083=AXIS2_PLACEMENT_3D('',#13863,#11226,#11227);
#10084=AXIS2_PLACEMENT_3D('',#13865,#11229,#11230);
#10085=AXIS2_PLACEMENT_3D('',#13867,#11232,#11233);
#10086=AXIS2_PLACEMENT_3D('',#13869,#11235,#11236);
#10087=AXIS2_PLACEMENT_3D('',#13871,#11238,#11239);
#10088=AXIS2_PLACEMENT_3D('',#13873,#11241,#11242);
#10089=AXIS2_PLACEMENT_3D('',#13875,#11244,#11245);
#10090=AXIS2_PLACEMENT_3D('',#13877,#11247,#11248);
#10091=AXIS2_PLACEMENT_3D('',#13879,#11250,#11251);
#10092=AXIS2_PLACEMENT_3D('',#13881,#11253,#11254);
#10093=AXIS2_PLACEMENT_3D('',#13882,#11255,#11256);
#10094=AXIS2_PLACEMENT_3D('',#13884,#11258,#11259);
#10095=AXIS2_PLACEMENT_3D('',#13886,#11261,#11262);
#10096=AXIS2_PLACEMENT_3D('',#13888,#11264,#11265);
#10097=AXIS2_PLACEMENT_3D('',#13890,#11267,#11268);
#10098=AXIS2_PLACEMENT_3D('',#13891,#11269,#11270);
#10099=AXIS2_PLACEMENT_3D('',#13895,#11273,#11274);
#10100=AXIS2_PLACEMENT_3D('',#13899,#11277,#11278);
#10101=AXIS2_PLACEMENT_3D('',#13903,#11281,#11282);
#10102=AXIS2_PLACEMENT_3D('',#13907,#11285,#11286);
#10103=AXIS2_PLACEMENT_3D('',#13909,#11287,#11288);
#10104=AXIS2_PLACEMENT_3D('',#13911,#11290,#11291);
#10105=AXIS2_PLACEMENT_3D('',#13915,#11294,#11295);
#10106=AXIS2_PLACEMENT_3D('',#13917,#11296,#11297);
#10107=AXIS2_PLACEMENT_3D('',#13919,#11299,#11300);
#10108=AXIS2_PLACEMENT_3D('',#13923,#11303,#11304);
#10109=AXIS2_PLACEMENT_3D('',#13925,#11306,#11307);
#10110=AXIS2_PLACEMENT_3D('',#13931,#11311,#11312);
#10111=AXIS2_PLACEMENT_3D('',#13935,#11315,#11316);
#10112=AXIS2_PLACEMENT_3D('',#13939,#11319,#11320);
#10113=AXIS2_PLACEMENT_3D('',#13941,#11322,#11323);
#10114=AXIS2_PLACEMENT_3D('',#13942,#11324,#11325);
#10115=AXIS2_PLACEMENT_3D('',#13946,#11328,#11329);
#10116=AXIS2_PLACEMENT_3D('',#13950,#11332,#11333);
#10117=AXIS2_PLACEMENT_3D('',#13952,#11334,#11335);
#10118=AXIS2_PLACEMENT_3D('',#13954,#11337,#11338);
#10119=AXIS2_PLACEMENT_3D('',#13958,#11341,#11342);
#10120=AXIS2_PLACEMENT_3D('',#13960,#11344,#11345);
#10121=AXIS2_PLACEMENT_3D('',#13966,#11349,#11350);
#10122=AXIS2_PLACEMENT_3D('',#13970,#11353,#11354);
#10123=AXIS2_PLACEMENT_3D('',#13974,#11357,#11358);
#10124=AXIS2_PLACEMENT_3D('',#13976,#11360,#11361);
#10125=AXIS2_PLACEMENT_3D('',#13977,#11362,#11363);
#10126=AXIS2_PLACEMENT_3D('',#13981,#11366,#11367);
#10127=AXIS2_PLACEMENT_3D('',#13985,#11370,#11371);
#10128=AXIS2_PLACEMENT_3D('',#13989,#11374,#11375);
#10129=AXIS2_PLACEMENT_3D('',#13991,#11376,#11377);
#10130=AXIS2_PLACEMENT_3D('',#13993,#11379,#11380);
#10131=AXIS2_PLACEMENT_3D('',#13997,#11383,#11384);
#10132=AXIS2_PLACEMENT_3D('',#14001,#11387,#11388);
#10133=AXIS2_PLACEMENT_3D('',#14003,#11390,#11391);
#10134=AXIS2_PLACEMENT_3D('',#14009,#11395,#11396);
#10135=AXIS2_PLACEMENT_3D('',#14013,#11399,#11400);
#10136=AXIS2_PLACEMENT_3D('',#14017,#11403,#11404);
#10137=AXIS2_PLACEMENT_3D('',#14019,#11406,#11407);
#10138=AXIS2_PLACEMENT_3D('',#14020,#11408,#11409);
#10139=AXIS2_PLACEMENT_3D('',#14024,#11412,#11413);
#10140=AXIS2_PLACEMENT_3D('',#14028,#11416,#11417);
#10141=AXIS2_PLACEMENT_3D('',#14032,#11420,#11421);
#10142=AXIS2_PLACEMENT_3D('',#14036,#11424,#11425);
#10143=AXIS2_PLACEMENT_3D('',#14038,#11426,#11427);
#10144=AXIS2_PLACEMENT_3D('',#14040,#11429,#11430);
#10145=AXIS2_PLACEMENT_3D('',#14044,#11433,#11434);
#10146=AXIS2_PLACEMENT_3D('',#14046,#11435,#11436);
#10147=AXIS2_PLACEMENT_3D('',#14048,#11438,#11439);
#10148=AXIS2_PLACEMENT_3D('',#14052,#11442,#11443);
#10149=AXIS2_PLACEMENT_3D('',#14056,#11446,#11447);
#10150=AXIS2_PLACEMENT_3D('',#14060,#11450,#11451);
#10151=AXIS2_PLACEMENT_3D('',#14062,#11453,#11454);
#10152=AXIS2_PLACEMENT_3D('',#14108,#11481,#11482);
#10153=AXIS2_PLACEMENT_3D('',#14112,#11485,#11486);
#10154=AXIS2_PLACEMENT_3D('',#14118,#11490,#11491);
#10155=AXIS2_PLACEMENT_3D('',#14124,#11495,#11496);
#10156=AXIS2_PLACEMENT_3D('',#14130,#11500,#11501);
#10157=AXIS2_PLACEMENT_3D('',#14134,#11504,#11505);
#10158=AXIS2_PLACEMENT_3D('',#14148,#11513,#11514);
#10159=AXIS2_PLACEMENT_3D('',#14150,#11516,#11517);
#10160=AXIS2_PLACEMENT_3D('',#14152,#11519,#11520);
#10161=AXIS2_PLACEMENT_3D('',#14155,#11523,#11524);
#10162=AXIS2_PLACEMENT_3D('',#14157,#11526,#11527);
#10163=AXIS2_PLACEMENT_3D('',#14160,#11530,#11531);
#10164=AXIS2_PLACEMENT_3D('',#14161,#11532,#11533);
#10165=AXIS2_PLACEMENT_3D('',#14162,#11534,#11535);
#10166=AXIS2_PLACEMENT_3D('',#14163,#11536,#11537);
#10167=AXIS2_PLACEMENT_3D('',#14164,#11538,#11539);
#10168=AXIS2_PLACEMENT_3D('',#14165,#11540,#11541);
#10169=AXIS2_PLACEMENT_3D('',#14166,#11542,#11543);
#10170=AXIS2_PLACEMENT_3D('',#14170,#11546,#11547);
#10171=AXIS2_PLACEMENT_3D('',#14182,#11554,#11555);
#10172=AXIS2_PLACEMENT_3D('',#14184,#11557,#11558);
#10173=AXIS2_PLACEMENT_3D('',#14186,#11560,#11561);
#10174=AXIS2_PLACEMENT_3D('',#14188,#11563,#11564);
#10175=AXIS2_PLACEMENT_3D('',#14190,#11566,#11567);
#10176=AXIS2_PLACEMENT_3D('',#14192,#11569,#11570);
#10177=AXIS2_PLACEMENT_3D('',#14193,#11571,#11572);
#10178=AXIS2_PLACEMENT_3D('',#14195,#11574,#11575);
#10179=AXIS2_PLACEMENT_3D('',#14197,#11577,#11578);
#10180=AXIS2_PLACEMENT_3D('',#14199,#11580,#11581);
#10181=AXIS2_PLACEMENT_3D('',#14200,#11582,#11583);
#10182=AXIS2_PLACEMENT_3D('',#14202,#11585,#11586);
#10183=AXIS2_PLACEMENT_3D('',#14204,#11588,#11589);
#10184=AXIS2_PLACEMENT_3D('',#14206,#11591,#11592);
#10185=AXIS2_PLACEMENT_3D('',#14208,#11594,#11595);
#10186=AXIS2_PLACEMENT_3D('',#14209,#11596,#11597);
#10187=AXIS2_PLACEMENT_3D('',#14211,#11599,#11600);
#10188=AXIS2_PLACEMENT_3D('',#14213,#11602,#11603);
#10189=AXIS2_PLACEMENT_3D('',#14215,#11605,#11606);
#10190=AXIS2_PLACEMENT_3D('',#14217,#11608,#11609);
#10191=AXIS2_PLACEMENT_3D('',#14218,#11610,#11611);
#10192=AXIS2_PLACEMENT_3D('',#14222,#11614,#11615);
#10193=AXIS2_PLACEMENT_3D('',#14226,#11618,#11619);
#10194=AXIS2_PLACEMENT_3D('',#14228,#11620,#11621);
#10195=AXIS2_PLACEMENT_3D('',#14230,#11623,#11624);
#10196=AXIS2_PLACEMENT_3D('',#14234,#11627,#11628);
#10197=AXIS2_PLACEMENT_3D('',#14236,#11630,#11631);
#10198=AXIS2_PLACEMENT_3D('',#14242,#11635,#11636);
#10199=AXIS2_PLACEMENT_3D('',#14246,#11639,#11640);
#10200=AXIS2_PLACEMENT_3D('',#14250,#11643,#11644);
#10201=AXIS2_PLACEMENT_3D('',#14252,#11646,#11647);
#10202=AXIS2_PLACEMENT_3D('',#14253,#11648,#11649);
#10203=AXIS2_PLACEMENT_3D('',#14254,#11650,#11651);
#10204=AXIS2_PLACEMENT_3D('',#14255,#11652,#11653);
#10205=AXIS2_PLACEMENT_3D('',#14304,#11677,#11678);
#10206=AXIS2_PLACEMENT_3D('',#14308,#11680,#11681);
#10207=AXIS2_PLACEMENT_3D('',#14316,#11686,#11687);
#10208=AXIS2_PLACEMENT_3D('',#14330,#11695,#11696);
#10209=AXIS2_PLACEMENT_3D('',#14344,#11704,#11705);
#10210=AXIS2_PLACEMENT_3D('',#14358,#11713,#11714);
#10211=AXIS2_PLACEMENT_3D('',#14372,#11722,#11723);
#10212=AXIS2_PLACEMENT_3D('',#14382,#11728,#11729);
#10213=AXIS2_PLACEMENT_3D('',#14386,#11731,#11732);
#10214=AXIS2_PLACEMENT_3D('',#14441,#11764,#11765);
#10215=AXIS2_PLACEMENT_3D('',#14445,#11768,#11769);
#10216=AXIS2_PLACEMENT_3D('',#14451,#11773,#11774);
#10217=AXIS2_PLACEMENT_3D('',#14457,#11778,#11779);
#10218=AXIS2_PLACEMENT_3D('',#14463,#11783,#11784);
#10219=AXIS2_PLACEMENT_3D('',#14467,#11787,#11788);
#10220=AXIS2_PLACEMENT_3D('',#14469,#11790,#11791);
#10221=AXIS2_PLACEMENT_3D('',#14471,#11793,#11794);
#10222=AXIS2_PLACEMENT_3D('',#14474,#11797,#11798);
#10223=AXIS2_PLACEMENT_3D('',#14476,#11800,#11801);
#10224=AXIS2_PLACEMENT_3D('',#14479,#11804,#11805);
#10225=AXIS2_PLACEMENT_3D('',#14480,#11806,#11807);
#10226=AXIS2_PLACEMENT_3D('',#14481,#11808,#11809);
#10227=AXIS2_PLACEMENT_3D('',#14482,#11810,#11811);
#10228=AXIS2_PLACEMENT_3D('',#14483,#11812,#11813);
#10229=AXIS2_PLACEMENT_3D('',#14484,#11814,#11815);
#10230=AXIS2_PLACEMENT_3D('',#14485,#11816,#11817);
#10231=AXIS2_PLACEMENT_3D('',#14487,#11819,#11820);
#10232=AXIS2_PLACEMENT_3D('',#14489,#11822,#11823);
#10233=AXIS2_PLACEMENT_3D('',#14491,#11825,#11826);
#10234=AXIS2_PLACEMENT_3D('',#14493,#11828,#11829);
#10235=AXIS2_PLACEMENT_3D('',#14494,#11830,#11831);
#10236=AXIS2_PLACEMENT_3D('',#14496,#11833,#11834);
#10237=AXIS2_PLACEMENT_3D('',#14498,#11836,#11837);
#10238=AXIS2_PLACEMENT_3D('',#14500,#11839,#11840);
#10239=AXIS2_PLACEMENT_3D('',#14502,#11842,#11843);
#10240=AXIS2_PLACEMENT_3D('',#14503,#11844,#11845);
#10241=AXIS2_PLACEMENT_3D('',#14505,#11847,#11848);
#10242=AXIS2_PLACEMENT_3D('',#14507,#11850,#11851);
#10243=AXIS2_PLACEMENT_3D('',#14509,#11853,#11854);
#10244=AXIS2_PLACEMENT_3D('',#14511,#11856,#11857);
#10245=AXIS2_PLACEMENT_3D('',#14512,#11858,#11859);
#10246=AXIS2_PLACEMENT_3D('',#14514,#11861,#11862);
#10247=AXIS2_PLACEMENT_3D('',#14516,#11864,#11865);
#10248=AXIS2_PLACEMENT_3D('',#14518,#11867,#11868);
#10249=AXIS2_PLACEMENT_3D('',#14520,#11870,#11871);
#10250=AXIS2_PLACEMENT_3D('',#14522,#11873,#11874);
#10251=AXIS2_PLACEMENT_3D('',#14524,#11876,#11877);
#10252=AXIS2_PLACEMENT_3D('',#14526,#11879,#11880);
#10253=AXIS2_PLACEMENT_3D('',#14528,#11882,#11883);
#10254=AXIS2_PLACEMENT_3D('',#14530,#11885,#11886);
#10255=AXIS2_PLACEMENT_3D('',#14532,#11888,#11889);
#10256=AXIS2_PLACEMENT_3D('',#14533,#11890,#11891);
#10257=AXIS2_PLACEMENT_3D('',#14542,#11896,#11897);
#10258=AXIS2_PLACEMENT_3D('',#14556,#11905,#11906);
#10259=AXIS2_PLACEMENT_3D('',#14560,#11909,#11910);
#10260=AXIS2_PLACEMENT_3D('',#14572,#11917,#11918);
#10261=AXIS2_PLACEMENT_3D('',#14574,#11920,#11921);
#10262=AXIS2_PLACEMENT_3D('',#14576,#11923,#11924);
#10263=AXIS2_PLACEMENT_3D('',#14578,#11926,#11927);
#10264=AXIS2_PLACEMENT_3D('',#14580,#11929,#11930);
#10265=AXIS2_PLACEMENT_3D('',#14582,#11932,#11933);
#10266=AXIS2_PLACEMENT_3D('',#14583,#11934,#11935);
#10267=AXIS2_PLACEMENT_3D('',#14584,#11936,#11937);
#10268=AXIS2_PLACEMENT_3D('',#14601,#11946,#11947);
#10269=AXIS2_PLACEMENT_3D('',#14622,#11959,#11960);
#10270=AXIS2_PLACEMENT_3D('',#14626,#11963,#11964);
#10271=AXIS2_PLACEMENT_3D('',#14630,#11967,#11968);
#10272=AXIS2_PLACEMENT_3D('',#14632,#11970,#11971);
#10273=AXIS2_PLACEMENT_3D('',#14633,#11972,#11973);
#10274=AXIS2_PLACEMENT_3D('',#14637,#11976,#11977);
#10275=AXIS2_PLACEMENT_3D('',#14651,#11985,#11986);
#10276=AXIS2_PLACEMENT_3D('',#14653,#11988,#11989);
#10277=AXIS2_PLACEMENT_3D('',#14655,#11991,#11992);
#10278=AXIS2_PLACEMENT_3D('',#14657,#11994,#11995);
#10279=AXIS2_PLACEMENT_3D('',#14659,#11997,#11998);
#10280=AXIS2_PLACEMENT_3D('',#14661,#12000,#12001);
#10281=AXIS2_PLACEMENT_3D('',#14663,#12003,#12004);
#10282=AXIS2_PLACEMENT_3D('',#14664,#12005,#12006);
#10283=AXIS2_PLACEMENT_3D('',#14673,#12011,#12012);
#10284=AXIS2_PLACEMENT_3D('',#14679,#12016,#12017);
#10285=AXIS2_PLACEMENT_3D('',#14685,#12021,#12022);
#10286=AXIS2_PLACEMENT_3D('',#14687,#12024,#12025);
#10287=AXIS2_PLACEMENT_3D('',#14689,#12027,#12028);
#10288=AXIS2_PLACEMENT_3D('',#14690,#12029,#12030);
#10289=AXIS2_PLACEMENT_3D('',#14691,#12031,#12032);
#10290=AXIS2_PLACEMENT_3D('',#14700,#12036,#12037);
#10291=AXIS2_PLACEMENT_3D('',#14712,#12044,#12045);
#10292=AXIS2_PLACEMENT_3D('',#14723,#12052,#12053);
#10293=AXIS2_PLACEMENT_3D('',#14727,#12056,#12057);
#10294=AXIS2_PLACEMENT_3D('',#14731,#12060,#12061);
#10295=AXIS2_PLACEMENT_3D('',#14733,#12062,#12063);
#10296=AXIS2_PLACEMENT_3D('',#14735,#12065,#12066);
#10297=AXIS2_PLACEMENT_3D('',#14739,#12069,#12070);
#10298=AXIS2_PLACEMENT_3D('',#14741,#12072,#12073);
#10299=AXIS2_PLACEMENT_3D('',#14742,#12074,#12075);
#10300=AXIS2_PLACEMENT_3D('',#14746,#12078,#12079);
#10301=AXIS2_PLACEMENT_3D('',#14750,#12082,#12083);
#10302=AXIS2_PLACEMENT_3D('',#14752,#12085,#12086);
#10303=AXIS2_PLACEMENT_3D('',#14753,#12087,#12088);
#10304=AXIS2_PLACEMENT_3D('',#14754,#12089,#12090);
#10305=AXIS2_PLACEMENT_3D('',#14773,#12099,#12100);
#10306=AXIS2_PLACEMENT_3D('',#14779,#12104,#12105);
#10307=AXIS2_PLACEMENT_3D('',#14790,#12112,#12113);
#10308=AXIS2_PLACEMENT_3D('',#14794,#12116,#12117);
#10309=AXIS2_PLACEMENT_3D('',#14798,#12120,#12121);
#10310=AXIS2_PLACEMENT_3D('',#14800,#12123,#12124);
#10311=AXIS2_PLACEMENT_3D('',#14801,#12125,#12126);
#10312=AXIS2_PLACEMENT_3D('',#14805,#12129,#12130);
#10313=AXIS2_PLACEMENT_3D('',#14809,#12133,#12134);
#10314=AXIS2_PLACEMENT_3D('',#14813,#12137,#12138);
#10315=AXIS2_PLACEMENT_3D('',#14815,#12139,#12140);
#10316=AXIS2_PLACEMENT_3D('',#14817,#12142,#12143);
#10317=AXIS2_PLACEMENT_3D('',#14821,#12146,#12147);
#10318=AXIS2_PLACEMENT_3D('',#14825,#12150,#12151);
#10319=AXIS2_PLACEMENT_3D('',#14827,#12153,#12154);
#10320=AXIS2_PLACEMENT_3D('',#14828,#12155,#12156);
#10321=AXIS2_PLACEMENT_3D('',#14829,#12157,#12158);
#10322=AXIS2_PLACEMENT_3D('',#14840,#12163,#12164);
#10323=AXIS2_PLACEMENT_3D('',#14854,#12172,#12173);
#10324=AXIS2_PLACEMENT_3D('',#14865,#12180,#12181);
#10325=AXIS2_PLACEMENT_3D('',#14869,#12184,#12185);
#10326=AXIS2_PLACEMENT_3D('',#14873,#12188,#12189);
#10327=AXIS2_PLACEMENT_3D('',#14877,#12192,#12193);
#10328=AXIS2_PLACEMENT_3D('',#14879,#12194,#12195);
#10329=AXIS2_PLACEMENT_3D('',#14881,#12197,#12198);
#10330=AXIS2_PLACEMENT_3D('',#14885,#12201,#12202);
#10331=AXIS2_PLACEMENT_3D('',#14889,#12205,#12206);
#10332=AXIS2_PLACEMENT_3D('',#14891,#12208,#12209);
#10333=AXIS2_PLACEMENT_3D('',#14892,#12210,#12211);
#10334=AXIS2_PLACEMENT_3D('',#14896,#12214,#12215);
#10335=AXIS2_PLACEMENT_3D('',#14900,#12218,#12219);
#10336=AXIS2_PLACEMENT_3D('',#14902,#12221,#12222);
#10337=AXIS2_PLACEMENT_3D('',#14903,#12223,#12224);
#10338=AXIS2_PLACEMENT_3D('',#14904,#12225,#12226);
#10339=AXIS2_PLACEMENT_3D('',#14915,#12231,#12232);
#10340=AXIS2_PLACEMENT_3D('',#14929,#12240,#12241);
#10341=AXIS2_PLACEMENT_3D('',#14940,#12248,#12249);
#10342=AXIS2_PLACEMENT_3D('',#14944,#12252,#12253);
#10343=AXIS2_PLACEMENT_3D('',#14948,#12256,#12257);
#10344=AXIS2_PLACEMENT_3D('',#14952,#12260,#12261);
#10345=AXIS2_PLACEMENT_3D('',#14954,#12262,#12263);
#10346=AXIS2_PLACEMENT_3D('',#14956,#12265,#12266);
#10347=AXIS2_PLACEMENT_3D('',#14960,#12269,#12270);
#10348=AXIS2_PLACEMENT_3D('',#14964,#12273,#12274);
#10349=AXIS2_PLACEMENT_3D('',#14966,#12276,#12277);
#10350=AXIS2_PLACEMENT_3D('',#14967,#12278,#12279);
#10351=AXIS2_PLACEMENT_3D('',#14971,#12282,#12283);
#10352=AXIS2_PLACEMENT_3D('',#14975,#12286,#12287);
#10353=AXIS2_PLACEMENT_3D('',#14977,#12289,#12290);
#10354=AXIS2_PLACEMENT_3D('',#14978,#12291,#12292);
#10355=AXIS2_PLACEMENT_3D('',#14979,#12293,#12294);
#10356=AXIS2_PLACEMENT_3D('',#14988,#12298,#12299);
#10357=AXIS2_PLACEMENT_3D('',#15000,#12306,#12307);
#10358=AXIS2_PLACEMENT_3D('',#15011,#12314,#12315);
#10359=AXIS2_PLACEMENT_3D('',#15015,#12318,#12319);
#10360=AXIS2_PLACEMENT_3D('',#15019,#12322,#12323);
#10361=AXIS2_PLACEMENT_3D('',#15021,#12324,#12325);
#10362=AXIS2_PLACEMENT_3D('',#15023,#12327,#12328);
#10363=AXIS2_PLACEMENT_3D('',#15027,#12331,#12332);
#10364=AXIS2_PLACEMENT_3D('',#15029,#12334,#12335);
#10365=AXIS2_PLACEMENT_3D('',#15030,#12336,#12337);
#10366=AXIS2_PLACEMENT_3D('',#15034,#12340,#12341);
#10367=AXIS2_PLACEMENT_3D('',#15038,#12344,#12345);
#10368=AXIS2_PLACEMENT_3D('',#15040,#12347,#12348);
#10369=AXIS2_PLACEMENT_3D('',#15041,#12349,#12350);
#10370=AXIS2_PLACEMENT_3D('',#15042,#12351,#12352);
#10371=AXIS2_PLACEMENT_3D('',#15045,#12353,#12354);
#10372=AXIS2_PLACEMENT_3D('',#15049,#12356,#12357);
#10373=AXIS2_PLACEMENT_3D('',#15051,#12359,#12360);
#10374=AXIS2_PLACEMENT_3D('',#15075,#12372,#12373);
#10375=AXIS2_PLACEMENT_3D('',#15081,#12377,#12378);
#10376=AXIS2_PLACEMENT_3D('',#15092,#12385,#12386);
#10377=AXIS2_PLACEMENT_3D('',#15100,#12390,#12391);
#10378=AXIS2_PLACEMENT_3D('',#15111,#12398,#12399);
#10379=AXIS2_PLACEMENT_3D('',#15113,#12401,#12402);
#10380=AXIS2_PLACEMENT_3D('',#15115,#12404,#12405);
#10381=AXIS2_PLACEMENT_3D('',#15117,#12407,#12408);
#10382=AXIS2_PLACEMENT_3D('',#15119,#12410,#12411);
#10383=AXIS2_PLACEMENT_3D('',#15120,#12412,#12413);
#10384=AXIS2_PLACEMENT_3D('',#15122,#12415,#12416);
#10385=AXIS2_PLACEMENT_3D('',#15124,#12418,#12419);
#10386=AXIS2_PLACEMENT_3D('',#15126,#12421,#12422);
#10387=AXIS2_PLACEMENT_3D('',#15128,#12424,#12425);
#10388=AXIS2_PLACEMENT_3D('',#15129,#12426,#12427);
#10389=AXIS2_PLACEMENT_3D('',#15133,#12430,#12431);
#10390=AXIS2_PLACEMENT_3D('',#15137,#12434,#12435);
#10391=AXIS2_PLACEMENT_3D('',#15139,#12437,#12438);
#10392=AXIS2_PLACEMENT_3D('',#15140,#12439,#12440);
#10393=AXIS2_PLACEMENT_3D('',#15141,#12441,#12442);
#10394=AXIS2_PLACEMENT_3D('',#15150,#12447,#12448);
#10395=AXIS2_PLACEMENT_3D('',#15164,#12456,#12457);
#10396=AXIS2_PLACEMENT_3D('',#15172,#12461,#12462);
#10397=AXIS2_PLACEMENT_3D('',#15183,#12469,#12470);
#10398=AXIS2_PLACEMENT_3D('',#15185,#12472,#12473);
#10399=AXIS2_PLACEMENT_3D('',#15187,#12475,#12476);
#10400=AXIS2_PLACEMENT_3D('',#15188,#12477,#12478);
#10401=AXIS2_PLACEMENT_3D('',#15192,#12481,#12482);
#10402=AXIS2_PLACEMENT_3D('',#15198,#12485,#12486);
#10403=AXIS2_PLACEMENT_3D('',#15204,#12490,#12491);
#10404=AXIS2_PLACEMENT_3D('',#15206,#12493,#12494);
#10405=AXIS2_PLACEMENT_3D('',#15208,#12496,#12497);
#10406=AXIS2_PLACEMENT_3D('',#15210,#12499,#12500);
#10407=AXIS2_PLACEMENT_3D('',#15212,#12502,#12503);
#10408=AXIS2_PLACEMENT_3D('',#15214,#12505,#12506);
#10409=AXIS2_PLACEMENT_3D('',#15215,#12507,#12508);
#10410=AXIS2_PLACEMENT_3D('',#15216,#12509,#12510);
#10411=AXIS2_PLACEMENT_3D('',#15233,#12519,#12520);
#10412=AXIS2_PLACEMENT_3D('',#15246,#12527,#12528);
#10413=AXIS2_PLACEMENT_3D('',#15252,#12532,#12533);
#10414=AXIS2_PLACEMENT_3D('',#15256,#12536,#12537);
#10415=AXIS2_PLACEMENT_3D('',#15262,#12540,#12541);
#10416=AXIS2_PLACEMENT_3D('',#15268,#12545,#12546);
#10417=AXIS2_PLACEMENT_3D('',#15270,#12548,#12549);
#10418=AXIS2_PLACEMENT_3D('',#15272,#12551,#12552);
#10419=AXIS2_PLACEMENT_3D('',#15274,#12554,#12555);
#10420=AXIS2_PLACEMENT_3D('',#15276,#12557,#12558);
#10421=AXIS2_PLACEMENT_3D('',#15278,#12560,#12561);
#10422=AXIS2_PLACEMENT_3D('',#15279,#12562,#12563);
#10423=AXIS2_PLACEMENT_3D('',#15283,#12566,#12567);
#10424=AXIS2_PLACEMENT_3D('',#15287,#12570,#12571);
#10425=AXIS2_PLACEMENT_3D('',#15289,#12573,#12574);
#10426=AXIS2_PLACEMENT_3D('',#15290,#12575,#12576);
#10427=AXIS2_PLACEMENT_3D('',#15299,#12581,#12582);
#10428=AXIS2_PLACEMENT_3D('',#15391,#12628,#12629);
#10429=AXIS2_PLACEMENT_3D('',#15395,#12631,#12632);
#10430=AXIS2_PLACEMENT_3D('',#15405,#12638,#12639);
#10431=AXIS2_PLACEMENT_3D('',#15416,#12646,#12647);
#10432=AXIS2_PLACEMENT_3D('',#15427,#12654,#12655);
#10433=AXIS2_PLACEMENT_3D('',#15438,#12662,#12663);
#10434=AXIS2_PLACEMENT_3D('',#15449,#12670,#12671);
#10435=AXIS2_PLACEMENT_3D('',#15453,#12674,#12675);
#10436=AXIS2_PLACEMENT_3D('',#15459,#12679,#12680);
#10437=AXIS2_PLACEMENT_3D('',#15465,#12684,#12685);
#10438=AXIS2_PLACEMENT_3D('',#15471,#12689,#12690);
#10439=AXIS2_PLACEMENT_3D('',#15475,#12693,#12694);
#10440=AXIS2_PLACEMENT_3D('',#15477,#12696,#12697);
#10441=AXIS2_PLACEMENT_3D('',#15480,#12700,#12701);
#10442=AXIS2_PLACEMENT_3D('',#15483,#12704,#12705);
#10443=AXIS2_PLACEMENT_3D('',#15485,#12707,#12708);
#10444=AXIS2_PLACEMENT_3D('',#15487,#12710,#12711);
#10445=AXIS2_PLACEMENT_3D('',#15488,#12712,#12713);
#10446=AXIS2_PLACEMENT_3D('',#15489,#12714,#12715);
#10447=AXIS2_PLACEMENT_3D('',#15490,#12716,#12717);
#10448=AXIS2_PLACEMENT_3D('',#15491,#12718,#12719);
#10449=AXIS2_PLACEMENT_3D('',#15492,#12720,#12721);
#10450=AXIS2_PLACEMENT_3D('',#15493,#12722,#12723);
#10451=AXIS2_PLACEMENT_3D('',#15497,#12726,#12727);
#10452=AXIS2_PLACEMENT_3D('',#15501,#12730,#12731);
#10453=AXIS2_PLACEMENT_3D('',#15505,#12734,#12735);
#10454=AXIS2_PLACEMENT_3D('',#15509,#12738,#12739);
#10455=AXIS2_PLACEMENT_3D('',#15513,#12742,#12743);
#10456=AXIS2_PLACEMENT_3D('',#15517,#12746,#12747);
#10457=AXIS2_PLACEMENT_3D('',#15519,#12749,#12750);
#10458=AXIS2_PLACEMENT_3D('',#15531,#12756,#12757);
#10459=AXIS2_PLACEMENT_3D('',#15535,#12759,#12760);
#10460=AXIS2_PLACEMENT_3D('',#15568,#12779,#12780);
#10461=AXIS2_PLACEMENT_3D('',#15569,#12781,#12782);
#10462=AXIS2_PLACEMENT_3D('',#15571,#12784,#12785);
#10463=AXIS2_PLACEMENT_3D('',#15573,#12787,#12788);
#10464=AXIS2_PLACEMENT_3D('',#15575,#12790,#12791);
#10465=AXIS2_PLACEMENT_3D('',#15577,#12793,#12794);
#10466=AXIS2_PLACEMENT_3D('',#15578,#12795,#12796);
#10467=AXIS2_PLACEMENT_3D('',#15580,#12798,#12799);
#10468=AXIS2_PLACEMENT_3D('',#15582,#12801,#12802);
#10469=AXIS2_PLACEMENT_3D('',#15584,#12804,#12805);
#10470=AXIS2_PLACEMENT_3D('',#15586,#12807,#12808);
#10471=AXIS2_PLACEMENT_3D('',#15588,#12810,#12811);
#10472=AXIS2_PLACEMENT_3D('',#15590,#12813,#12814);
#10473=AXIS2_PLACEMENT_3D('',#15591,#12815,#12816);
#10474=AXIS2_PLACEMENT_3D('',#15593,#12818,#12819);
#10475=AXIS2_PLACEMENT_3D('',#15595,#12821,#12822);
#10476=AXIS2_PLACEMENT_3D('',#15597,#12824,#12825);
#10477=AXIS2_PLACEMENT_3D('',#15599,#12827,#12828);
#10478=AXIS2_PLACEMENT_3D('',#15601,#12830,#12831);
#10479=AXIS2_PLACEMENT_3D('',#15603,#12833,#12834);
#10480=AXIS2_PLACEMENT_3D('',#15605,#12836,#12837);
#10481=AXIS2_PLACEMENT_3D('',#15607,#12839,#12840);
#10482=AXIS2_PLACEMENT_3D('',#15609,#12842,#12843);
#10483=AXIS2_PLACEMENT_3D('',#15611,#12845,#12846);
#10484=AXIS2_PLACEMENT_3D('',#15613,#12848,#12849);
#10485=AXIS2_PLACEMENT_3D('',#15615,#12851,#12852);
#10486=AXIS2_PLACEMENT_3D('',#15616,#12853,#12854);
#10487=AXIS2_PLACEMENT_3D('',#15625,#12859,#12860);
#10488=AXIS2_PLACEMENT_3D('',#15639,#12868,#12869);
#10489=AXIS2_PLACEMENT_3D('',#15643,#12872,#12873);
#10490=AXIS2_PLACEMENT_3D('',#15655,#12880,#12881);
#10491=AXIS2_PLACEMENT_3D('',#15657,#12883,#12884);
#10492=AXIS2_PLACEMENT_3D('',#15659,#12886,#12887);
#10493=AXIS2_PLACEMENT_3D('',#15661,#12889,#12890);
#10494=AXIS2_PLACEMENT_3D('',#15663,#12892,#12893);
#10495=AXIS2_PLACEMENT_3D('',#15665,#12895,#12896);
#10496=AXIS2_PLACEMENT_3D('',#15666,#12897,#12898);
#10497=AXIS2_PLACEMENT_3D('',#15667,#12899,#12900);
#10498=AXIS2_PLACEMENT_3D('',#15668,#12901,#12902);
#10499=AXIS2_PLACEMENT_3D('',#15669,#12903,#12904);
#10500=AXIS2_PLACEMENT_3D('',#15670,#12905,#12906);
#10501=AXIS2_PLACEMENT_3D('',#15671,#12907,#12908);
#10502=AXIS2_PLACEMENT_3D('',#15672,#12909,#12910);
#10503=AXIS2_PLACEMENT_3D('',#15673,#12911,#12912);
#10504=AXIS2_PLACEMENT_3D('',#15674,#12913,#12914);
#10505=AXIS2_PLACEMENT_3D('',#15675,#12915,#12916);
#10506=AXIS2_PLACEMENT_3D('',#15676,#12917,#12918);
#10507=AXIS2_PLACEMENT_3D('',#15678,#12919,#12920);
#10508=AXIS2_PLACEMENT_3D('',#15681,#12922,#12923);
#10509=AXIS2_PLACEMENT_3D('',#15682,#12924,#12925);
#10510=AXIS2_PLACEMENT_3D('',#15683,#12926,#12927);
#10511=AXIS2_PLACEMENT_3D('',#15684,#12928,#12929);
#10512=AXIS2_PLACEMENT_3D('',#15685,#12930,#12931);
#10513=DIRECTION('axis',(0.,0.,1.));
#10514=DIRECTION('refdir',(1.,0.,0.));
#10515=DIRECTION('axis',(0.,0.,1.));
#10516=DIRECTION('refdir',(1.,0.,0.));
#10517=DIRECTION('center_axis',(0.,0.,1.));
#10518=DIRECTION('ref_axis',(1.,0.,0.));
#10519=DIRECTION('',(-1.,0.,0.));
#10520=DIRECTION('',(0.,-1.,0.));
#10521=DIRECTION('',(1.,0.,0.));
#10522=DIRECTION('',(0.,1.,0.));
#10523=DIRECTION('center_axis',(0.,-1.,0.));
#10524=DIRECTION('ref_axis',(1.,0.,0.));
#10525=DIRECTION('',(-1.,0.,0.));
#10526=DIRECTION('',(0.,0.,-1.));
#10527=DIRECTION('',(0.,0.,-1.));
#10528=DIRECTION('',(1.,0.,0.));
#10529=DIRECTION('',(0.,0.,1.));
#10530=DIRECTION('',(1.,0.,0.));
#10531=DIRECTION('',(0.,0.,1.));
#10532=DIRECTION('',(-1.,0.,0.));
#10533=DIRECTION('',(0.,0.,1.));
#10534=DIRECTION('',(1.,0.,0.));
#10535=DIRECTION('',(0.,0.,1.));
#10536=DIRECTION('center_axis',(0.,0.,1.));
#10537=DIRECTION('ref_axis',(1.,0.,0.));
#10538=DIRECTION('',(-0.906183139990192,0.422885465341996,0.));
#10539=DIRECTION('',(1.,0.,0.));
#10540=DIRECTION('',(0.,1.,0.));
#10541=DIRECTION('',(-1.,0.,0.));
#10542=DIRECTION('',(0.906183139990192,0.422885465341996,0.));
#10543=DIRECTION('',(0.,1.,0.));
#10544=DIRECTION('center_axis',(0.,0.,1.));
#10545=DIRECTION('ref_axis',(1.,0.,0.));
#10546=DIRECTION('',(-0.906183139987525,0.422885465347711,0.));
#10547=DIRECTION('',(1.,0.,0.));
#10548=DIRECTION('',(0.,1.,0.));
#10549=DIRECTION('',(-1.,0.,0.));
#10550=DIRECTION('',(0.906183139987525,0.422885465347711,0.));
#10551=DIRECTION('',(0.,1.,0.));
#10552=DIRECTION('center_axis',(0.,0.,1.));
#10553=DIRECTION('ref_axis',(1.,0.,0.));
#10554=DIRECTION('',(0.,1.,0.));
#10555=DIRECTION('',(-1.,0.,0.));
#10556=DIRECTION('',(0.906183139987525,0.422885465347711,0.));
#10557=DIRECTION('',(0.,1.,0.));
#10558=DIRECTION('',(0.906183139958786,-0.422885465409294,0.));
#10559=DIRECTION('',(1.,0.,0.));
#10560=DIRECTION('center_axis',(0.,0.,1.));
#10561=DIRECTION('ref_axis',(1.,0.,0.));
#10562=DIRECTION('center_axis',(0.,0.,-1.));
#10563=DIRECTION('ref_axis',(-2.831512802004E-10,-1.,0.));
#10564=DIRECTION('',(1.,2.216639591132E-12,0.));
#10565=DIRECTION('',(0.906183139998081,0.422885465325091,0.));
#10566=DIRECTION('',(0.,-1.,0.));
#10567=DIRECTION('',(-0.906183139986825,0.422885465349211,0.));
#10568=DIRECTION('',(-1.,0.,0.));
#10569=DIRECTION('',(0.00020267287732749,-0.999999979461852,0.));
#10570=DIRECTION('',(1.,0.,0.));
#10571=DIRECTION('center_axis',(0.,0.,-1.));
#10572=DIRECTION('ref_axis',(-1.,5.126565838362E-11,0.));
#10573=DIRECTION('',(-2.088044568489E-12,1.,0.));
#10574=DIRECTION('center_axis',(0.,0.,-1.));
#10575=DIRECTION('ref_axis',(7.766987054193E-10,-1.,0.));
#10576=DIRECTION('',(-1.,5.593539520559E-11,0.));
#10577=DIRECTION('',(0.,-1.,0.));
#10578=DIRECTION('',(1.,0.,0.));
#10579=DIRECTION('',(0.906183139998081,0.422885465325091,0.));
#10580=DIRECTION('',(0.,-1.,0.));
#10581=DIRECTION('',(0.,1.,0.));
#10582=DIRECTION('',(-0.906183139990192,0.422885465341996,0.));
#10583=DIRECTION('',(1.,0.,0.));
#10584=DIRECTION('',(0.,1.,0.));
#10585=DIRECTION('',(-1.,-6.308550903711E-11,0.));
#10586=DIRECTION('center_axis',(0.,0.,-1.));
#10587=DIRECTION('ref_axis',(1.,-5.521305635397E-10,0.));
#10588=DIRECTION('',(4.464401568199E-12,-1.,0.));
#10589=DIRECTION('center_axis',(0.,0.,-1.));
#10590=DIRECTION('ref_axis',(-1.347362221754E-9,1.,0.));
#10591=DIRECTION('',(1.,1.178527285084E-11,0.));
#10592=DIRECTION('',(0.000202672786338394,0.999999979461871,0.));
#10593=DIRECTION('',(-1.,0.,0.));
#10594=DIRECTION('',(0.906183139990192,0.422885465341996,0.));
#10595=DIRECTION('',(0.,1.,0.));
#10596=DIRECTION('',(0.906183139998081,-0.422885465325091,0.));
#10597=DIRECTION('',(1.,-2.220446070109E-12,0.));
#10598=DIRECTION('center_axis',(0.,0.,-1.));
#10599=DIRECTION('ref_axis',(-6.199041280297E-11,1.,0.));
#10600=DIRECTION('',(-1.,4.865948959471E-13,0.));
#10601=DIRECTION('',(0.906183154293991,0.422885434690996,0.));
#10602=DIRECTION('',(0.,1.,0.));
#10603=DIRECTION('',(0.906183139955986,-0.422885465415294,0.));
#10604=DIRECTION('',(1.,1.297374918141E-12,0.));
#10605=DIRECTION('center_axis',(0.,0.,-1.));
#10606=DIRECTION('ref_axis',(-1.6587797802E-10,1.,0.));
#10607=DIRECTION('',(-1.,1.30054698397E-12,0.));
#10608=DIRECTION('',(0.906183154296602,0.422885434685401,0.));
#10609=DIRECTION('',(0.,1.,0.));
#10610=DIRECTION('',(0.906183139989625,-0.422885465343211,0.));
#10611=DIRECTION('',(1.,0.,0.));
#10612=DIRECTION('',(-0.707106781194598,-0.707106781178498,0.));
#10613=DIRECTION('',(0.,-1.,0.));
#10614=DIRECTION('',(-1.,0.,0.));
#10615=DIRECTION('',(0.,1.,0.));
#10616=DIRECTION('',(-1.,0.,0.));
#10617=DIRECTION('',(0.906183139987525,0.422885465347711,0.));
#10618=DIRECTION('',(0.,1.,0.));
#10619=DIRECTION('',(1.,0.,0.));
#10620=DIRECTION('',(0.,-1.,0.));
#10621=DIRECTION('',(-0.422885465415294,-0.906183139955986,0.));
#10622=DIRECTION('',(6.061817714661E-12,-1.,0.));
#10623=DIRECTION('center_axis',(0.,0.,-1.));
#10624=DIRECTION('ref_axis',(1.,-6.629505833189E-10,0.));
#10625=DIRECTION('',(-9.090506124061E-12,1.,0.));
#10626=DIRECTION('',(0.422885465402199,-0.906183139962097,0.));
#10627=DIRECTION('',(0.,-1.,0.));
#10628=DIRECTION('',(1.,0.,0.));
#10629=DIRECTION('',(0.,-1.,0.));
#10630=DIRECTION('',(0.624695047617924,0.78086880939223,0.));
#10631=DIRECTION('',(0.,-1.,0.));
#10632=DIRECTION('center_axis',(0.,0.,-1.));
#10633=DIRECTION('ref_axis',(1.,-9.210587848332E-10,0.));
#10634=DIRECTION('',(-5.387690293568E-12,1.,0.));
#10635=DIRECTION('',(0.624695047516876,-0.780868809473069,0.));
#10636=DIRECTION('',(0.,-1.,0.));
#10637=DIRECTION('',(1.,0.,0.));
#10638=DIRECTION('',(0.,-1.,0.));
#10639=DIRECTION('',(-0.422885465415294,-0.906183139955986,0.));
#10640=DIRECTION('',(-9.092726570938E-12,-1.,0.));
#10641=DIRECTION('center_axis',(0.,0.,-1.));
#10642=DIRECTION('ref_axis',(1.,4.417870513862E-10,0.));
#10643=DIRECTION('',(6.058487045616E-12,1.,0.));
#10644=DIRECTION('',(0.422885465219078,-0.906183140047554,0.));
#10645=DIRECTION('',(0.,-1.,0.));
#10646=DIRECTION('',(1.,0.,0.));
#10647=DIRECTION('',(0.,-1.,0.));
#10648=DIRECTION('',(0.906183139987525,-0.422885465347711,0.));
#10649=DIRECTION('',(-1.,0.,0.));
#10650=DIRECTION('',(0.,-1.,0.));
#10651=DIRECTION('',(-1.,0.,0.));
#10652=DIRECTION('center_axis',(0.,0.,-1.));
#10653=DIRECTION('ref_axis',(-1.,-1.7763568394E-14,0.));
#10654=DIRECTION('',(-1.301815798029E-12,-1.,0.));
#10655=DIRECTION('center_axis',(0.,0.,-1.));
#10656=DIRECTION('ref_axis',(-3.862288266876E-10,-1.,0.));
#10657=DIRECTION('',(1.,2.259525919604E-12,0.));
#10658=DIRECTION('',(0.906183139998081,0.422885465325091,0.));
#10659=DIRECTION('',(0.,-1.,0.));
#10660=DIRECTION('',(-0.906183139998081,0.422885465325091,0.));
#10661=DIRECTION('',(-1.,-1.298643744467E-12,0.));
#10662=DIRECTION('center_axis',(0.,0.,-1.));
#10663=DIRECTION('ref_axis',(1.659081760863E-10,-1.,0.));
#10664=DIRECTION('',(1.,-1.301815810282E-12,0.));
#10665=DIRECTION('',(0.906183139955986,0.422885465415294,0.));
#10666=DIRECTION('',(0.,-1.,0.));
#10667=DIRECTION('',(-0.906183139998081,0.422885465325091,0.));
#10668=DIRECTION('',(-1.,-4.846916564567E-13,0.));
#10669=DIRECTION('center_axis',(0.,0.,1.));
#10670=DIRECTION('ref_axis',(1.,0.,0.));
#10671=DIRECTION('',(0.906183139987525,-0.422885465347711,0.));
#10672=DIRECTION('',(-1.,0.,0.));
#10673=DIRECTION('',(0.,-1.,0.));
#10674=DIRECTION('',(1.,0.,0.));
#10675=DIRECTION('',(-0.906183139987525,-0.422885465347711,0.));
#10676=DIRECTION('',(0.,-1.,0.));
#10677=DIRECTION('center_axis',(0.,0.,1.));
#10678=DIRECTION('ref_axis',(1.,0.,0.));
#10679=DIRECTION('',(0.906183139990192,-0.422885465341996,0.));
#10680=DIRECTION('',(-1.,0.,0.));
#10681=DIRECTION('',(0.,-1.,0.));
#10682=DIRECTION('',(1.,0.,0.));
#10683=DIRECTION('',(-0.906183139990192,-0.422885465341996,0.));
#10684=DIRECTION('',(0.,-1.,0.));
#10685=DIRECTION('center_axis',(0.,0.,1.));
#10686=DIRECTION('ref_axis',(1.,0.,0.));
#10687=DIRECTION('',(0.906183139990192,-0.422885465341996,0.));
#10688=DIRECTION('',(-1.,0.,0.));
#10689=DIRECTION('',(0.,-1.,0.));
#10690=DIRECTION('',(1.,0.,0.));
#10691=DIRECTION('',(-0.906183139987525,-0.422885465347711,0.));
#10692=DIRECTION('',(0.,-1.,0.));
#10693=DIRECTION('center_axis',(-0.422885465341996,-0.906183139990192,0.));
#10694=DIRECTION('ref_axis',(-0.906183139990192,0.422885465341996,0.));
#10695=DIRECTION('',(0.,0.,1.));
#10696=DIRECTION('',(-0.906183139990192,0.422885465341996,0.));
#10697=DIRECTION('',(0.,0.,-1.));
#10698=DIRECTION('center_axis',(-1.,0.,0.));
#10699=DIRECTION('ref_axis',(0.,-1.,0.));
#10700=DIRECTION('',(0.,1.,0.));
#10701=DIRECTION('',(0.,0.,1.));
#10702=DIRECTION('',(0.,0.,1.));
#10703=DIRECTION('',(0.,1.,0.));
#10704=DIRECTION('',(0.,0.,-1.));
#10705=DIRECTION('',(0.,1.,0.));
#10706=DIRECTION('',(0.,0.,-1.));
#10707=DIRECTION('',(0.,1.,0.));
#10708=DIRECTION('',(0.,0.,1.));
#10709=DIRECTION('',(0.,0.,1.));
#10710=DIRECTION('',(0.,1.,0.));
#10711=DIRECTION('',(0.,0.,-1.));
#10712=DIRECTION('',(0.,1.,0.));
#10713=DIRECTION('',(0.,0.,-1.));
#10714=DIRECTION('',(0.,1.,0.));
#10715=DIRECTION('',(0.,0.,1.));
#10716=DIRECTION('',(0.,1.,0.));
#10717=DIRECTION('',(0.,0.,-1.));
#10718=DIRECTION('',(0.,1.,0.));
#10719=DIRECTION('',(0.,0.,-1.));
#10720=DIRECTION('',(0.,1.,0.));
#10721=DIRECTION('',(0.,0.,1.));
#10722=DIRECTION('',(0.,0.,1.));
#10723=DIRECTION('',(0.,1.,0.));
#10724=DIRECTION('',(0.,0.,-1.));
#10725=DIRECTION('',(0.,1.,0.));
#10726=DIRECTION('',(0.,0.,-1.));
#10727=DIRECTION('',(0.,1.,0.));
#10728=DIRECTION('',(0.,0.,1.));
#10729=DIRECTION('',(0.,0.,1.));
#10730=DIRECTION('',(0.,1.,0.));
#10731=DIRECTION('',(0.,0.,-1.));
#10732=DIRECTION('',(0.,1.,0.));
#10733=DIRECTION('',(0.,0.,-1.));
#10734=DIRECTION('',(0.,1.,0.));
#10735=DIRECTION('',(0.,0.,1.));
#10736=DIRECTION('',(0.,0.,-1.));
#10737=DIRECTION('',(0.,0.,1.));
#10738=DIRECTION('',(0.,1.,0.));
#10739=DIRECTION('',(0.,0.,-1.));
#10740=DIRECTION('',(0.,-1.,0.));
#10741=DIRECTION('',(0.,0.,-1.));
#10742=DIRECTION('',(0.,1.,0.));
#10743=DIRECTION('',(0.,0.,1.));
#10744=DIRECTION('',(0.,0.,1.));
#10745=DIRECTION('',(0.,1.,0.));
#10746=DIRECTION('',(0.,0.,-1.));
#10747=DIRECTION('',(0.,1.,0.));
#10748=DIRECTION('',(0.,0.,-1.));
#10749=DIRECTION('center_axis',(0.,0.,1.));
#10750=DIRECTION('ref_axis',(1.,0.,0.));
#10751=DIRECTION('',(-1.,0.,0.));
#10752=DIRECTION('',(0.,-1.,0.));
#10753=DIRECTION('',(1.,0.,0.));
#10754=DIRECTION('',(0.906183154296602,0.422885434685401,0.));
#10755=DIRECTION('',(-1.,1.300546983974E-12,0.));
#10756=DIRECTION('center_axis',(0.,0.,-1.));
#10757=DIRECTION('ref_axis',(-2.217284134076E-10,1.,0.));
#10758=DIRECTION('',(1.,1.298009331309E-12,0.));
#10759=DIRECTION('',(-0.906183139955986,0.422885465415294,0.));
#10760=DIRECTION('center_axis',(-0.422885465415294,-0.906183139955986,0.));
#10761=DIRECTION('ref_axis',(0.906183139955986,-0.422885465415294,0.));
#10762=DIRECTION('',(0.,0.,-1.));
#10763=DIRECTION('center_axis',(0.,-1.,0.));
#10764=DIRECTION('ref_axis',(1.,0.,0.));
#10765=DIRECTION('',(2.498787288469E-11,0.,-1.));
#10766=DIRECTION('center_axis',(0.,0.,-1.));
#10767=DIRECTION('ref_axis',(1.,6.12323399573677E-17,0.));
#10768=DIRECTION('',(-2.498548900061E-11,0.,1.));
#10769=DIRECTION('center_axis',(0.,1.,0.));
#10770=DIRECTION('ref_axis',(-1.,0.,0.));
#10771=DIRECTION('',(0.,0.,1.));
#10772=DIRECTION('center_axis',(-0.422885434685401,0.906183154296602,0.));
#10773=DIRECTION('ref_axis',(0.906183154296602,0.422885434685401,0.));
#10774=DIRECTION('center_axis',(0.,-1.,0.));
#10775=DIRECTION('ref_axis',(-1.,0.,0.));
#10776=DIRECTION('',(0.,0.,-1.));
#10777=DIRECTION('',(-1.,0.,0.));
#10778=DIRECTION('center_axis',(0.,0.,1.));
#10779=DIRECTION('ref_axis',(1.,0.,0.));
#10780=DIRECTION('',(0.,1.,0.));
#10781=DIRECTION('',(-1.,0.,0.));
#10782=DIRECTION('center_axis',(0.,1.,0.));
#10783=DIRECTION('ref_axis',(1.,0.,0.));
#10784=DIRECTION('',(0.,0.,-1.));
#10785=DIRECTION('center_axis',(-1.,0.,0.));
#10786=DIRECTION('ref_axis',(0.,-1.,0.));
#10787=DIRECTION('center_axis',(-0.422885465343211,-0.906183139989625,0.));
#10788=DIRECTION('ref_axis',(0.906183139989625,-0.422885465343211,0.));
#10789=DIRECTION('',(-0.906183139989681,0.422885465343091,0.));
#10790=DIRECTION('',(1.609121751304E-14,-1.907107260804E-14,-1.));
#10791=DIRECTION('center_axis',(0.,-1.,0.));
#10792=DIRECTION('ref_axis',(1.,0.,0.));
#10793=DIRECTION('',(1.,0.,0.));
#10794=DIRECTION('',(0.,0.,1.));
#10795=DIRECTION('center_axis',(0.707106781178498,-0.707106781194598,0.));
#10796=DIRECTION('ref_axis',(-0.707106781194598,-0.707106781178498,0.));
#10797=DIRECTION('',(-0.707106781194598,-0.707106781178498,0.));
#10798=DIRECTION('',(0.,0.,1.));
#10799=DIRECTION('center_axis',(1.,0.,0.));
#10800=DIRECTION('ref_axis',(0.,1.,0.));
#10801=DIRECTION('',(0.,0.,1.));
#10802=DIRECTION('',(0.,1.,0.));
#10803=DIRECTION('',(0.,0.,-1.));
#10804=DIRECTION('',(0.,1.,0.));
#10805=DIRECTION('center_axis',(1.,0.,0.));
#10806=DIRECTION('ref_axis',(0.,1.,0.));
#10807=DIRECTION('',(0.,1.,0.));
#10808=DIRECTION('',(0.,0.,1.));
#10809=DIRECTION('center_axis',(0.,1.,0.));
#10810=DIRECTION('ref_axis',(-1.,0.,0.));
#10811=DIRECTION('',(1.,0.,0.));
#10812=DIRECTION('',(0.,0.,1.));
#10813=DIRECTION('',(0.,0.,1.));
#10814=DIRECTION('',(1.,0.,0.));
#10815=DIRECTION('',(0.,0.,-1.));
#10816=DIRECTION('',(1.,0.,0.));
#10817=DIRECTION('',(0.,0.,-1.));
#10818=DIRECTION('',(1.,0.,0.));
#10819=DIRECTION('',(0.,0.,1.));
#10820=DIRECTION('',(0.,0.,-1.));
#10821=DIRECTION('',(0.,0.,1.));
#10822=DIRECTION('',(1.,0.,0.));
#10823=DIRECTION('',(0.,0.,-1.));
#10824=DIRECTION('',(1.,0.,0.));
#10825=DIRECTION('',(0.,0.,-1.));
#10826=DIRECTION('',(1.,0.,0.));
#10827=DIRECTION('',(0.,0.,1.));
#10828=DIRECTION('',(0.,0.,1.));
#10829=DIRECTION('',(1.,0.,0.));
#10830=DIRECTION('',(0.,0.,-1.));
#10831=DIRECTION('',(1.,0.,0.));
#10832=DIRECTION('',(0.,0.,-1.));
#10833=DIRECTION('',(1.,0.,0.));
#10834=DIRECTION('',(1.,0.,0.));
#10835=DIRECTION('',(0.,0.,1.));
#10836=DIRECTION('center_axis',(0.,0.,1.));
#10837=DIRECTION('ref_axis',(1.,0.,0.));
#10838=DIRECTION('',(0.,-1.,0.));
#10839=DIRECTION('',(1.,0.,0.));
#10840=DIRECTION('center_axis',(0.,1.,0.));
#10841=DIRECTION('ref_axis',(-1.,0.,0.));
#10842=DIRECTION('',(0.,0.,1.));
#10843=DIRECTION('',(-1.,0.,0.));
#10844=DIRECTION('center_axis',(0.,0.,1.));
#10845=DIRECTION('ref_axis',(1.,0.,0.));
#10846=DIRECTION('',(-1.,0.,0.));
#10847=DIRECTION('',(0.,1.,0.));
#10848=DIRECTION('',(1.,-1.95991083304E-14,0.));
#10849=DIRECTION('center_axis',(0.,0.,1.));
#10850=DIRECTION('ref_axis',(1.,0.,0.));
#10851=DIRECTION('',(0.,1.,0.));
#10852=DIRECTION('center_axis',(0.,1.,0.));
#10853=DIRECTION('ref_axis',(1.,0.,0.));
#10854=DIRECTION('',(0.,0.,-1.));
#10855=DIRECTION('',(-1.,0.,0.));
#10856=DIRECTION('center_axis',(0.,0.,1.));
#10857=DIRECTION('ref_axis',(1.,0.,0.));
#10858=DIRECTION('',(0.,-1.,0.));
#10859=DIRECTION('',(-1.,0.,0.));
#10860=DIRECTION('',(0.906183139987525,0.422885465347711,0.));
#10861=DIRECTION('',(-1.,0.,0.));
#10862=DIRECTION('',(0.,1.,0.));
#10863=DIRECTION('',(-1.,0.,0.));
#10864=DIRECTION('center_axis',(0.,1.,0.));
#10865=DIRECTION('ref_axis',(-1.,0.,0.));
#10866=DIRECTION('',(0.,0.,1.));
#10867=DIRECTION('center_axis',(-1.,0.,0.));
#10868=DIRECTION('ref_axis',(0.,1.,0.));
#10869=DIRECTION('',(0.,0.,1.));
#10870=DIRECTION('center_axis',(0.,1.,0.));
#10871=DIRECTION('ref_axis',(-1.,0.,0.));
#10872=DIRECTION('',(0.,0.,1.));
#10873=DIRECTION('center_axis',(-0.422885465347711,0.906183139987525,0.));
#10874=DIRECTION('ref_axis',(0.906183139987525,0.422885465347711,0.));
#10875=DIRECTION('center_axis',(0.,-1.,0.));
#10876=DIRECTION('ref_axis',(-1.,0.,0.));
#10877=DIRECTION('',(0.,0.,-1.));
#10878=DIRECTION('center_axis',(-1.,0.,0.));
#10879=DIRECTION('ref_axis',(0.,-1.,0.));
#10880=DIRECTION('center_axis',(-1.,0.,0.));
#10881=DIRECTION('ref_axis',(0.,-1.,0.));
#10882=DIRECTION('center_axis',(0.,0.,1.));
#10883=DIRECTION('ref_axis',(1.,0.,0.));
#10884=DIRECTION('',(0.,1.,0.));
#10885=DIRECTION('',(-1.,0.,0.));
#10886=DIRECTION('',(-1.089245117497E-14,-1.,0.));
#10887=DIRECTION('',(0.,1.,0.));
#10888=DIRECTION('',(0.624695047516876,-0.780868809473069,0.));
#10889=DIRECTION('',(-5.387690293475E-12,1.,0.));
#10890=DIRECTION('center_axis',(0.,0.,-1.));
#10891=DIRECTION('ref_axis',(1.,-1.3086065565E-9,0.));
#10892=DIRECTION('',(0.,-1.,0.));
#10893=DIRECTION('',(0.624695047617924,0.78086880939223,0.));
#10894=DIRECTION('',(0.,1.,0.));
#10895=DIRECTION('center_axis',(-1.,0.,0.));
#10896=DIRECTION('ref_axis',(0.,0.,1.));
#10897=DIRECTION('',(0.,0.,-1.));
#10898=DIRECTION('center_axis',(-0.78086880939223,0.624695047617924,0.));
#10899=DIRECTION('ref_axis',(0.624695047617924,0.78086880939223,0.));
#10900=DIRECTION('',(0.,0.,-1.));
#10901=DIRECTION('center_axis',(-1.,0.,0.));
#10902=DIRECTION('ref_axis',(0.,-1.,0.));
#10903=DIRECTION('',(0.,1.001231311922E-13,-1.));
#10904=DIRECTION('center_axis',(0.,0.,-1.));
#10905=DIRECTION('ref_axis',(-1.,0.,0.));
#10906=DIRECTION('',(0.,-2.080367955449E-10,1.));
#10907=DIRECTION('center_axis',(1.,0.,0.));
#10908=DIRECTION('ref_axis',(0.,1.,0.));
#10909=DIRECTION('',(0.,0.,1.));
#10910=DIRECTION('center_axis',(0.780868809473069,0.624695047516875,0.));
#10911=DIRECTION('ref_axis',(0.624695047516875,-0.780868809473069,0.));
#10912=DIRECTION('',(0.,0.,-1.));
#10913=DIRECTION('center_axis',(1.,0.,0.));
#10914=DIRECTION('ref_axis',(0.,0.,-1.));
#10915=DIRECTION('center_axis',(-1.,0.,0.));
#10916=DIRECTION('ref_axis',(0.,1.,0.));
#10917=DIRECTION('',(0.,0.,-1.));
#10918=DIRECTION('',(0.,1.,0.));
#10919=DIRECTION('center_axis',(0.,0.,1.));
#10920=DIRECTION('ref_axis',(1.,0.,0.));
#10921=DIRECTION('',(1.,0.,0.));
#10922=DIRECTION('',(0.,1.,0.));
#10923=DIRECTION('center_axis',(1.,0.,0.));
#10924=DIRECTION('ref_axis',(0.,-1.,0.));
#10925=DIRECTION('',(0.,0.,-1.));
#10926=DIRECTION('center_axis',(0.,1.,0.));
#10927=DIRECTION('ref_axis',(-1.,0.,0.));
#10928=DIRECTION('center_axis',(-1.,0.,0.));
#10929=DIRECTION('ref_axis',(0.,0.,1.));
#10930=DIRECTION('',(0.,1.,0.));
#10931=DIRECTION('',(0.,0.,1.));
#10932=DIRECTION('center_axis',(-0.906183139955986,0.422885465415294,0.));
#10933=DIRECTION('ref_axis',(-0.422885465415294,-0.906183139955986,0.));
#10934=DIRECTION('',(0.422885465415294,0.906183139955986,0.));
#10935=DIRECTION('',(0.,1.907107260804E-14,-1.));
#10936=DIRECTION('center_axis',(-1.,0.,0.));
#10937=DIRECTION('ref_axis',(0.,-1.,0.));
#10938=DIRECTION('',(-9.092726570574E-12,-1.,0.));
#10939=DIRECTION('',(0.,1.715729047183E-10,-1.));
#10940=DIRECTION('center_axis',(0.,0.,-1.));
#10941=DIRECTION('ref_axis',(4.64075534761449E-10,-1.,0.));
#10942=DIRECTION('center_axis',(0.,0.,-1.));
#10943=DIRECTION('ref_axis',(1.,6.995435342105E-10,0.));
#10944=DIRECTION('',(0.,1.13224958074E-10,1.));
#10945=DIRECTION('center_axis',(1.,0.,0.));
#10946=DIRECTION('ref_axis',(0.,1.,0.));
#10947=DIRECTION('',(6.058487045776E-12,1.,0.));
#10948=DIRECTION('',(0.,0.,1.));
#10949=DIRECTION('center_axis',(0.906183140047553,0.422885465219078,0.));
#10950=DIRECTION('ref_axis',(0.422885465219078,-0.906183140047553,0.));
#10951=DIRECTION('',(0.422885465219078,-0.906183140047554,0.));
#10952=DIRECTION('',(0.,0.,-1.));
#10953=DIRECTION('center_axis',(1.,0.,0.));
#10954=DIRECTION('ref_axis',(0.,0.,-1.));
#10955=DIRECTION('',(0.,1.,0.));
#10956=DIRECTION('center_axis',(0.,0.,1.));
#10957=DIRECTION('ref_axis',(1.,0.,0.));
#10958=DIRECTION('',(0.,1.,0.));
#10959=DIRECTION('',(-1.,0.,0.));
#10960=DIRECTION('',(0.,-1.,0.));
#10961=DIRECTION('center_axis',(-1.,0.,0.));
#10962=DIRECTION('ref_axis',(0.,1.,0.));
#10963=DIRECTION('',(0.,0.,-1.));
#10964=DIRECTION('',(0.,1.,0.));
#10965=DIRECTION('center_axis',(0.,0.,1.));
#10966=DIRECTION('ref_axis',(1.,0.,0.));
#10967=DIRECTION('',(1.,0.,0.));
#10968=DIRECTION('',(0.,1.,0.));
#10969=DIRECTION('center_axis',(1.,0.,0.));
#10970=DIRECTION('ref_axis',(0.,-1.,0.));
#10971=DIRECTION('',(0.,0.,-1.));
#10972=DIRECTION('center_axis',(0.,1.,0.));
#10973=DIRECTION('ref_axis',(-1.,0.,0.));
#10974=DIRECTION('center_axis',(1.,0.,0.));
#10975=DIRECTION('ref_axis',(0.,1.,0.));
#10976=DIRECTION('',(0.,1.,0.));
#10977=DIRECTION('',(0.,0.,-1.));
#10978=DIRECTION('',(0.,1.,0.));
#10979=DIRECTION('',(0.,0.,-1.));
#10980=DIRECTION('',(0.,1.,0.));
#10981=DIRECTION('',(0.,0.,1.));
#10982=DIRECTION('',(0.,0.,1.));
#10983=DIRECTION('',(0.,1.,0.));
#10984=DIRECTION('',(0.,0.,-1.));
#10985=DIRECTION('',(1.110223024588E-14,1.,0.));
#10986=DIRECTION('',(0.,0.,-1.));
#10987=DIRECTION('',(0.,1.,0.));
#10988=DIRECTION('',(0.,0.,1.));
#10989=DIRECTION('',(0.,0.,1.));
#10990=DIRECTION('',(0.,1.,0.));
#10991=DIRECTION('',(0.,0.,-1.));
#10992=DIRECTION('',(-1.110223024651E-14,1.,0.));
#10993=DIRECTION('',(0.,0.,-1.));
#10994=DIRECTION('',(0.,1.,0.));
#10995=DIRECTION('',(0.,0.,1.));
#10996=DIRECTION('',(0.,0.,1.));
#10997=DIRECTION('',(0.,1.,0.));
#10998=DIRECTION('',(0.,0.,-1.));
#10999=DIRECTION('',(0.,1.,0.));
#11000=DIRECTION('',(0.,0.,-1.));
#11001=DIRECTION('',(0.,1.,0.));
#11002=DIRECTION('',(-1.430330445603E-14,0.,1.));
#11003=DIRECTION('',(0.,0.,1.));
#11004=DIRECTION('',(0.,1.,0.));
#11005=DIRECTION('',(0.,0.,-1.));
#11006=DIRECTION('',(0.,1.,0.));
#11007=DIRECTION('',(0.,0.,-1.));
#11008=DIRECTION('',(0.,1.,0.));
#11009=DIRECTION('',(0.,0.,1.));
#11010=DIRECTION('',(0.,0.,1.));
#11011=DIRECTION('',(0.,1.,0.));
#11012=DIRECTION('',(0.,0.,-1.));
#11013=DIRECTION('',(0.,1.,0.));
#11014=DIRECTION('',(0.,0.,-1.));
#11015=DIRECTION('',(0.,1.,0.));
#11016=DIRECTION('',(0.,0.,1.));
#11017=DIRECTION('',(0.,0.,1.));
#11018=DIRECTION('',(0.,1.,0.));
#11019=DIRECTION('',(0.,0.,-1.));
#11020=DIRECTION('',(0.,1.,0.));
#11021=DIRECTION('',(0.,0.,-1.));
#11022=DIRECTION('',(0.,1.,0.));
#11023=DIRECTION('',(0.,0.,1.));
#11024=DIRECTION('',(0.,0.,1.));
#11025=DIRECTION('center_axis',(0.,0.,1.));
#11026=DIRECTION('ref_axis',(1.,0.,0.));
#11027=DIRECTION('',(-0.906183139998081,-0.422885465325091,0.));
#11028=DIRECTION('',(1.,0.,0.));
#11029=DIRECTION('',(0.,-1.,0.));
#11030=DIRECTION('',(-1.,5.593553398402E-11,0.));
#11031=DIRECTION('center_axis',(0.,0.,-1.));
#11032=DIRECTION('ref_axis',(9.686340619332E-10,-1.,0.));
#11033=DIRECTION('',(-2.088284628802E-12,1.,0.));
#11034=DIRECTION('center_axis',(0.,0.,-1.));
#11035=DIRECTION('ref_axis',(-1.,8.970602038714E-11,0.));
#11036=DIRECTION('',(1.,0.,0.));
#11037=DIRECTION('',(0.00020267287732749,-0.999999979461852,0.));
#11038=DIRECTION('',(-1.,0.,0.));
#11039=DIRECTION('',(0.906183139986825,-0.422885465349211,0.));
#11040=DIRECTION('',(1.,0.,0.));
#11041=DIRECTION('',(0.,1.,0.));
#11042=DIRECTION('',(-1.,0.,0.));
#11043=DIRECTION('',(-0.906183139987525,-0.422885465347711,0.));
#11044=DIRECTION('',(1.,0.,0.));
#11045=DIRECTION('',(0.,-1.,0.));
#11046=DIRECTION('',(-1.,0.,0.));
#11047=DIRECTION('',(0.906183139987525,-0.422885465347711,0.));
#11048=DIRECTION('',(1.,0.,0.));
#11049=DIRECTION('',(1.110223024651E-14,1.,0.));
#11050=DIRECTION('',(1.,0.,0.));
#11051=DIRECTION('',(-0.906183139987525,-0.422885465347711,0.));
#11052=DIRECTION('',(1.,0.,0.));
#11053=DIRECTION('',(0.,-1.,0.));
#11054=DIRECTION('',(-1.,0.,0.));
#11055=DIRECTION('',(0.906183139990192,-0.422885465341996,0.));
#11056=DIRECTION('',(1.,0.,0.));
#11057=DIRECTION('',(0.,1.,0.));
#11058=DIRECTION('',(-1.,0.,0.));
#11059=DIRECTION('',(-0.906183139990192,-0.422885465341996,0.));
#11060=DIRECTION('',(1.,0.,0.));
#11061=DIRECTION('',(0.,-1.,0.));
#11062=DIRECTION('',(-1.,0.,0.));
#11063=DIRECTION('',(0.906183139990192,-0.422885465341996,0.));
#11064=DIRECTION('',(1.,0.,0.));
#11065=DIRECTION('',(0.,1.,0.));
#11066=DIRECTION('',(-1.,0.,0.));
#11067=DIRECTION('center_axis',(0.,0.,1.));
#11068=DIRECTION('ref_axis',(1.,0.,0.));
#11069=DIRECTION('',(-0.906183139998081,-0.422885465325091,0.));
#11070=DIRECTION('',(1.,2.217908417455E-12,0.));
#11071=DIRECTION('center_axis',(0.,0.,-1.));
#11072=DIRECTION('ref_axis',(-3.070184106946E-10,-1.,0.));
#11073=DIRECTION('',(-1.,-4.846916564568E-13,0.));
#11074=DIRECTION('',(0.906183139998081,-0.422885465325091,0.));
#11075=DIRECTION('',(1.,0.,0.));
#11076=DIRECTION('',(0.,1.,0.));
#11077=DIRECTION('',(1.,0.,0.));
#11078=DIRECTION('center_axis',(0.,1.,0.));
#11079=DIRECTION('ref_axis',(1.,0.,0.));
#11080=DIRECTION('',(0.,0.,-1.));
#11081=DIRECTION('',(1.,0.,0.));
#11082=DIRECTION('center_axis',(0.,0.,1.));
#11083=DIRECTION('ref_axis',(1.,0.,0.));
#11084=DIRECTION('',(0.,-1.,0.));
#11085=DIRECTION('',(1.,0.,0.));
#11086=DIRECTION('center_axis',(0.,0.,1.));
#11087=DIRECTION('ref_axis',(1.,0.,0.));
#11088=DIRECTION('',(1.,0.,0.));
#11089=DIRECTION('',(0.,-1.,0.));
#11090=DIRECTION('',(-1.,0.,0.));
#11091=DIRECTION('center_axis',(0.,0.,1.));
#11092=DIRECTION('ref_axis',(1.,0.,0.));
#11093=DIRECTION('',(1.,0.,0.));
#11094=DIRECTION('',(0.,-1.,0.));
#11095=DIRECTION('',(-1.,0.,0.));
#11096=DIRECTION('center_axis',(0.,0.,1.));
#11097=DIRECTION('ref_axis',(1.,0.,0.));
#11098=DIRECTION('',(1.,0.,0.));
#11099=DIRECTION('',(0.,-1.,0.));
#11100=DIRECTION('',(-1.,0.,0.));
#11101=DIRECTION('center_axis',(0.,0.,1.));
#11102=DIRECTION('ref_axis',(1.,0.,0.));
#11103=DIRECTION('',(1.,0.,0.));
#11104=DIRECTION('',(0.,-1.,0.));
#11105=DIRECTION('',(-1.,0.,0.));
#11106=DIRECTION('center_axis',(0.,0.,1.));
#11107=DIRECTION('ref_axis',(1.,0.,0.));
#11108=DIRECTION('',(0.,1.,-1.365650185035E-14));
#11109=DIRECTION('',(0.500000000090302,-0.866025403732303,0.));
#11110=DIRECTION('',(0.,1.,0.));
#11111=DIRECTION('',(1.,0.,0.));
#11112=DIRECTION('',(0.,-1.,0.));
#11113=DIRECTION('',(0.500000000069194,0.86602540374449,0.));
#11114=DIRECTION('',(0.,-1.,0.));
#11115=DIRECTION('center_axis',(0.,-1.,0.));
#11116=DIRECTION('ref_axis',(-1.,0.,0.));
#11117=DIRECTION('',(0.,0.,-1.));
#11118=DIRECTION('center_axis',(1.,0.,0.));
#11119=DIRECTION('ref_axis',(0.,1.,0.));
#11120=DIRECTION('',(0.,0.,-1.));
#11121=DIRECTION('',(0.,0.,-1.));
#11122=DIRECTION('center_axis',(1.,0.,0.));
#11123=DIRECTION('ref_axis',(0.,1.,0.));
#11124=DIRECTION('',(0.,0.,-1.));
#11125=DIRECTION('',(0.,0.,-1.));
#11126=DIRECTION('center_axis',(1.,0.,0.));
#11127=DIRECTION('ref_axis',(0.,1.,0.));
#11128=DIRECTION('',(0.,0.,-1.));
#11129=DIRECTION('',(0.,0.,-1.));
#11130=DIRECTION('center_axis',(1.,0.,0.));
#11131=DIRECTION('ref_axis',(0.,1.,0.));
#11132=DIRECTION('',(0.,0.,-1.));
#11133=DIRECTION('',(0.,0.,-1.));
#11134=DIRECTION('center_axis',(1.,0.,0.));
#11135=DIRECTION('ref_axis',(0.,1.,0.));
#11136=DIRECTION('center_axis',(0.,1.,0.));
#11137=DIRECTION('ref_axis',(1.,0.,0.));
#11138=DIRECTION('center_axis',(0.,-1.,0.));
#11139=DIRECTION('ref_axis',(-1.,0.,0.));
#11140=DIRECTION('center_axis',(0.,1.,0.));
#11141=DIRECTION('ref_axis',(1.,0.,0.));
#11142=DIRECTION('center_axis',(0.,-1.,0.));
#11143=DIRECTION('ref_axis',(-1.,0.,0.));
#11144=DIRECTION('center_axis',(0.,-1.,0.));
#11145=DIRECTION('ref_axis',(-1.,0.,0.));
#11146=DIRECTION('center_axis',(0.,1.,0.));
#11147=DIRECTION('ref_axis',(1.,0.,0.));
#11148=DIRECTION('center_axis',(0.,-1.,0.));
#11149=DIRECTION('ref_axis',(-1.,0.,0.));
#11150=DIRECTION('center_axis',(0.,1.,0.));
#11151=DIRECTION('ref_axis',(1.,0.,0.));
#11152=DIRECTION('center_axis',(1.,0.,0.));
#11153=DIRECTION('ref_axis',(0.,1.,0.));
#11154=DIRECTION('',(0.,0.,-1.));
#11155=DIRECTION('',(0.,1.,0.));
#11156=DIRECTION('center_axis',(0.,0.,1.));
#11157=DIRECTION('ref_axis',(1.,0.,0.));
#11158=DIRECTION('',(-0.500000000069194,-0.86602540374449,0.));
#11159=DIRECTION('',(0.,1.,0.));
#11160=DIRECTION('',(1.,0.,0.));
#11161=DIRECTION('',(0.,-1.,0.));
#11162=DIRECTION('',(-0.500000000090302,0.866025403732303,0.));
#11163=DIRECTION('',(0.,-1.,0.));
#11164=DIRECTION('center_axis',(-1.,0.,0.));
#11165=DIRECTION('ref_axis',(0.,-1.,0.));
#11166=DIRECTION('',(0.,0.,-1.));
#11167=DIRECTION('center_axis',(-0.866025403732303,-0.500000000090302,0.));
#11168=DIRECTION('ref_axis',(0.500000000090302,-0.866025403732303,0.));
#11169=DIRECTION('',(0.,0.,-1.));
#11170=DIRECTION('center_axis',(-1.,0.,0.));
#11171=DIRECTION('ref_axis',(0.,-1.,0.));
#11172=DIRECTION('',(0.,0.,1.));
#11173=DIRECTION('center_axis',(0.,-1.,0.));
#11174=DIRECTION('ref_axis',(1.,0.,0.));
#11175=DIRECTION('',(0.,0.,1.));
#11176=DIRECTION('center_axis',(1.,0.,0.));
#11177=DIRECTION('ref_axis',(0.,1.,0.));
#11178=DIRECTION('',(0.,0.,-1.));
#11179=DIRECTION('center_axis',(0.86602540374449,-0.500000000069194,0.));
#11180=DIRECTION('ref_axis',(0.500000000069194,0.866025403744489,0.));
#11181=DIRECTION('center_axis',(0.422885465341996,0.906183139990192,0.));
#11182=DIRECTION('ref_axis',(0.906183139990192,-0.422885465341996,0.));
#11183=DIRECTION('',(0.,0.,-1.));
#11184=DIRECTION('center_axis',(0.,1.,0.));
#11185=DIRECTION('ref_axis',(-1.,0.,0.));
#11186=DIRECTION('',(0.,0.,1.));
#11187=DIRECTION('center_axis',(1.,0.,0.));
#11188=DIRECTION('ref_axis',(0.,-1.,0.));
#11189=DIRECTION('',(0.,0.,1.));
#11190=DIRECTION('center_axis',(0.,-1.,0.));
#11191=DIRECTION('ref_axis',(1.,0.,0.));
#11192=DIRECTION('',(0.,0.,1.));
#11193=DIRECTION('center_axis',(0.422885465341996,-0.906183139990192,0.));
#11194=DIRECTION('ref_axis',(-0.906183139990192,-0.422885465341996,0.));
#11195=DIRECTION('center_axis',(0.422885465341996,0.906183139990192,0.));
#11196=DIRECTION('ref_axis',(0.906183139990192,-0.422885465341996,0.));
#11197=DIRECTION('',(0.,0.,-1.));
#11198=DIRECTION('center_axis',(0.,1.,0.));
#11199=DIRECTION('ref_axis',(-1.,0.,0.));
#11200=DIRECTION('',(0.,0.,1.));
#11201=DIRECTION('center_axis',(1.,0.,0.));
#11202=DIRECTION('ref_axis',(0.,-1.,0.));
#11203=DIRECTION('',(0.,0.,1.));
#11204=DIRECTION('center_axis',(0.,-1.,0.));
#11205=DIRECTION('ref_axis',(1.,0.,0.));
#11206=DIRECTION('',(0.,0.,1.));
#11207=DIRECTION('center_axis',(0.422885465347711,-0.906183139987525,0.));
#11208=DIRECTION('ref_axis',(-0.906183139987525,-0.422885465347711,0.));
#11209=DIRECTION('center_axis',(0.422885465347711,0.906183139987525,0.));
#11210=DIRECTION('ref_axis',(0.906183139987525,-0.422885465347711,0.));
#11211=DIRECTION('',(0.,0.,-1.));
#11212=DIRECTION('center_axis',(0.,1.,0.));
#11213=DIRECTION('ref_axis',(-1.,0.,0.));
#11214=DIRECTION('',(0.,0.,1.));
#11215=DIRECTION('center_axis',(1.,0.,0.));
#11216=DIRECTION('ref_axis',(0.,-1.,0.));
#11217=DIRECTION('',(0.,0.,1.));
#11218=DIRECTION('center_axis',(0.,-1.,0.));
#11219=DIRECTION('ref_axis',(1.,0.,0.));
#11220=DIRECTION('',(0.,0.,1.));
#11221=DIRECTION('center_axis',(0.422885465347711,-0.906183139987525,0.));
#11222=DIRECTION('ref_axis',(-0.906183139987525,-0.422885465347711,0.));
#11223=DIRECTION('center_axis',(0.422885465349212,0.906183139986825,0.));
#11224=DIRECTION('ref_axis',(-0.906183139986825,0.422885465349211,0.));
#11225=DIRECTION('',(0.,0.,1.));
#11226=DIRECTION('center_axis',(0.,1.,0.));
#11227=DIRECTION('ref_axis',(-1.,0.,0.));
#11228=DIRECTION('',(0.,0.,1.));
#11229=DIRECTION('center_axis',(0.999999979461852,0.00020267287732699,0.));
#11230=DIRECTION('ref_axis',(0.00020267287732699,-0.999999979461852,0.));
#11231=DIRECTION('',(0.,0.,1.));
#11232=DIRECTION('center_axis',(0.,1.,0.));
#11233=DIRECTION('ref_axis',(1.,0.,0.));
#11234=DIRECTION('',(-1.144264356483E-13,0.,-1.));
#11235=DIRECTION('center_axis',(0.,0.,-1.));
#11236=DIRECTION('ref_axis',(1.,-2.984422084397E-11,0.));
#11237=DIRECTION('',(0.,3.50907735988E-11,1.));
#11238=DIRECTION('center_axis',(-1.,0.,0.));
#11239=DIRECTION('ref_axis',(0.,1.,0.));
#11240=DIRECTION('',(0.,-6.832092567628E-11,-1.));
#11241=DIRECTION('center_axis',(0.,0.,-1.));
#11242=DIRECTION('ref_axis',(-0.707106780964162,-0.707106781408933,0.));
#11243=DIRECTION('',(1.061162157593E-10,0.,1.));
#11244=DIRECTION('center_axis',(-5.229737129445E-11,-1.,0.));
#11245=DIRECTION('ref_axis',(-1.,5.229737129445E-11,0.));
#11246=DIRECTION('',(0.,0.,1.));
#11247=DIRECTION('center_axis',(1.,0.,0.));
#11248=DIRECTION('ref_axis',(0.,-1.,0.));
#11249=DIRECTION('',(0.,0.,1.));
#11250=DIRECTION('center_axis',(0.,-1.,0.));
#11251=DIRECTION('ref_axis',(1.,0.,0.));
#11252=DIRECTION('',(0.,0.,1.));
#11253=DIRECTION('center_axis',(0.422885465325091,-0.906183139998081,0.));
#11254=DIRECTION('ref_axis',(0.906183139998081,0.422885465325091,0.));
#11255=DIRECTION('center_axis',(0.422885465325091,0.906183139998081,0.));
#11256=DIRECTION('ref_axis',(-0.906183139998081,0.422885465325091,0.));
#11257=DIRECTION('',(0.,0.,1.));
#11258=DIRECTION('center_axis',(0.,1.,0.));
#11259=DIRECTION('ref_axis',(-1.,0.,0.));
#11260=DIRECTION('',(-2.360045235246E-12,0.,-1.));
#11261=DIRECTION('center_axis',(0.,0.,-1.));
#11262=DIRECTION('ref_axis',(0.,-1.,0.));
#11263=DIRECTION('',(-1.067980066051E-11,0.,1.));
#11264=DIRECTION('center_axis',(0.,-1.,0.));
#11265=DIRECTION('ref_axis',(1.,0.,0.));
#11266=DIRECTION('',(0.,0.,1.));
#11267=DIRECTION('center_axis',(0.422885465325091,-0.906183139998081,0.));
#11268=DIRECTION('ref_axis',(0.906183139998081,0.422885465325091,0.));
#11269=DIRECTION('center_axis',(0.422885465347711,0.906183139987525,0.));
#11270=DIRECTION('ref_axis',(0.906183139987525,-0.422885465347711,0.));
#11271=DIRECTION('',(0.906183139987525,-0.422885465347711,0.));
#11272=DIRECTION('',(0.,0.,-1.));
#11273=DIRECTION('center_axis',(0.,1.,0.));
#11274=DIRECTION('ref_axis',(-1.,0.,0.));
#11275=DIRECTION('',(-1.,0.,0.));
#11276=DIRECTION('',(0.,0.,1.));
#11277=DIRECTION('center_axis',(1.,0.,0.));
#11278=DIRECTION('ref_axis',(0.,-1.,0.));
#11279=DIRECTION('',(0.,-1.,0.));
#11280=DIRECTION('',(0.,0.,1.));
#11281=DIRECTION('center_axis',(0.,1.,0.));
#11282=DIRECTION('ref_axis',(-1.,0.,0.));
#11283=DIRECTION('',(-1.,0.,0.));
#11284=DIRECTION('',(-2.383884076006E-14,0.,-1.));
#11285=DIRECTION('center_axis',(0.,0.,-1.));
#11286=DIRECTION('ref_axis',(-0.707106781186548,0.707106781186548,0.));
#11287=DIRECTION('center_axis',(0.,0.,-1.));
#11288=DIRECTION('ref_axis',(-1.,0.,0.));
#11289=DIRECTION('',(0.,0.,1.));
#11290=DIRECTION('center_axis',(-1.,0.,0.));
#11291=DIRECTION('ref_axis',(0.,-1.,0.));
#11292=DIRECTION('',(-1.304353450645E-12,-1.,0.));
#11293=DIRECTION('',(0.,1.696371908486E-11,-1.));
#11294=DIRECTION('center_axis',(0.,0.,-1.));
#11295=DIRECTION('ref_axis',(0.,-1.,0.));
#11296=DIRECTION('center_axis',(0.,0.,-1.));
#11297=DIRECTION('ref_axis',(-5.162714700043E-10,-1.,0.));
#11298=DIRECTION('',(-4.653818493178E-11,0.,1.));
#11299=DIRECTION('center_axis',(0.,-1.,0.));
#11300=DIRECTION('ref_axis',(1.,0.,0.));
#11301=DIRECTION('',(1.,2.257157443784E-12,0.));
#11302=DIRECTION('',(0.,0.,1.));
#11303=DIRECTION('center_axis',(0.422885465325091,-0.906183139998081,0.));
#11304=DIRECTION('ref_axis',(0.906183139998081,0.422885465325091,0.));
#11305=DIRECTION('',(-0.906183139998081,-0.422885465325091,0.));
#11306=DIRECTION('center_axis',(0.,0.,1.));
#11307=DIRECTION('ref_axis',(1.,0.,0.));
#11308=DIRECTION('',(1.,-1.668994904344E-14,0.));
#11309=DIRECTION('',(0.,1.,0.));
#11310=DIRECTION('',(-1.,0.,0.));
#11311=DIRECTION('center_axis',(0.,1.,0.));
#11312=DIRECTION('ref_axis',(1.,0.,0.));
#11313=DIRECTION('',(0.,0.,-1.));
#11314=DIRECTION('',(1.,0.,0.));
#11315=DIRECTION('center_axis',(0.,0.,1.));
#11316=DIRECTION('ref_axis',(1.,0.,0.));
#11317=DIRECTION('',(0.,1.,0.));
#11318=DIRECTION('',(1.,0.,0.));
#11319=DIRECTION('center_axis',(0.,-1.,0.));
#11320=DIRECTION('ref_axis',(-1.,0.,0.));
#11321=DIRECTION('',(0.,0.,-1.));
#11322=DIRECTION('center_axis',(1.,0.,0.));
#11323=DIRECTION('ref_axis',(0.,1.,0.));
#11324=DIRECTION('center_axis',(0.422885465325091,0.906183139998081,0.));
#11325=DIRECTION('ref_axis',(-0.906183139998081,0.422885465325091,0.));
#11326=DIRECTION('',(0.906183139998081,-0.422885465325091,0.));
#11327=DIRECTION('',(0.,0.,1.));
#11328=DIRECTION('center_axis',(0.,1.,0.));
#11329=DIRECTION('ref_axis',(-1.,0.,0.));
#11330=DIRECTION('',(-1.,-1.298643744472E-12,0.));
#11331=DIRECTION('',(-2.500217618915E-11,0.,-1.));
#11332=DIRECTION('center_axis',(0.,0.,-1.));
#11333=DIRECTION('ref_axis',(-1.,-6.12323399573677E-17,0.));
#11334=DIRECTION('center_axis',(0.,0.,-1.));
#11335=DIRECTION('ref_axis',(2.217639405444E-10,-1.,0.));
#11336=DIRECTION('',(2.498310511654E-11,0.,1.));
#11337=DIRECTION('center_axis',(0.,-1.,0.));
#11338=DIRECTION('ref_axis',(1.,0.,0.));
#11339=DIRECTION('',(1.,-1.301815810286E-12,0.));
#11340=DIRECTION('',(-1.430330445603E-14,0.,1.));
#11341=DIRECTION('center_axis',(0.422885465415294,-0.906183139955986,0.));
#11342=DIRECTION('ref_axis',(0.906183139955986,0.422885465415294,0.));
#11343=DIRECTION('',(-0.906183139955986,-0.422885465415294,0.));
#11344=DIRECTION('center_axis',(0.,0.,1.));
#11345=DIRECTION('ref_axis',(1.,0.,0.));
#11346=DIRECTION('',(1.,0.,0.));
#11347=DIRECTION('',(0.,1.,0.));
#11348=DIRECTION('',(-1.,0.,0.));
#11349=DIRECTION('center_axis',(0.,1.,0.));
#11350=DIRECTION('ref_axis',(1.,0.,0.));
#11351=DIRECTION('',(0.,0.,-1.));
#11352=DIRECTION('',(1.,0.,0.));
#11353=DIRECTION('center_axis',(0.,0.,1.));
#11354=DIRECTION('ref_axis',(1.,0.,0.));
#11355=DIRECTION('',(0.,1.,0.));
#11356=DIRECTION('',(1.,0.,0.));
#11357=DIRECTION('center_axis',(0.,-1.,0.));
#11358=DIRECTION('ref_axis',(-1.,0.,0.));
#11359=DIRECTION('',(0.,0.,-1.));
#11360=DIRECTION('center_axis',(1.,0.,0.));
#11361=DIRECTION('ref_axis',(0.,1.,0.));
#11362=DIRECTION('center_axis',(-1.,0.,0.));
#11363=DIRECTION('ref_axis',(0.,0.,1.));
#11364=DIRECTION('',(0.,1.,0.));
#11365=DIRECTION('',(0.,0.,1.));
#11366=DIRECTION('center_axis',(-0.906183139955986,0.422885465415294,0.));
#11367=DIRECTION('ref_axis',(-0.422885465415294,-0.906183139955986,0.));
#11368=DIRECTION('',(0.422885465415294,0.906183139955986,0.));
#11369=DIRECTION('',(0.,-1.907107260804E-14,-1.));
#11370=DIRECTION('center_axis',(-1.,0.,0.));
#11371=DIRECTION('ref_axis',(0.,-1.,0.));
#11372=DIRECTION('',(6.060707491806E-12,-1.,0.));
#11373=DIRECTION('',(0.,-1.205101078102E-10,-1.));
#11374=DIRECTION('center_axis',(0.,0.,-1.));
#11375=DIRECTION('ref_axis',(-1.,4.548899451297E-12,0.));
#11376=DIRECTION('center_axis',(0.,0.,-1.));
#11377=DIRECTION('ref_axis',(1.,-1.057870235854E-9,0.));
#11378=DIRECTION('',(0.,-1.807365551064E-10,1.));
#11379=DIRECTION('center_axis',(1.,0.,0.));
#11380=DIRECTION('ref_axis',(0.,1.,0.));
#11381=DIRECTION('',(-9.090506123678E-12,1.,0.));
#11382=DIRECTION('',(0.,-1.907107260804E-14,1.));
#11383=DIRECTION('center_axis',(0.906183139962097,0.422885465402199,0.));
#11384=DIRECTION('ref_axis',(0.422885465402199,-0.906183139962097,0.));
#11385=DIRECTION('',(0.422885465402199,-0.906183139962097,0.));
#11386=DIRECTION('',(0.,0.,-1.));
#11387=DIRECTION('center_axis',(1.,0.,0.));
#11388=DIRECTION('ref_axis',(0.,0.,-1.));
#11389=DIRECTION('',(0.,1.,0.));
#11390=DIRECTION('center_axis',(0.,0.,1.));
#11391=DIRECTION('ref_axis',(1.,0.,0.));
#11392=DIRECTION('',(0.,1.,0.));
#11393=DIRECTION('',(-1.,1.110223024651E-14,0.));
#11394=DIRECTION('',(0.,1.,0.));
#11395=DIRECTION('center_axis',(-1.,0.,0.));
#11396=DIRECTION('ref_axis',(0.,1.,0.));
#11397=DIRECTION('',(0.,0.,-1.));
#11398=DIRECTION('',(0.,1.,0.));
#11399=DIRECTION('center_axis',(0.,0.,1.));
#11400=DIRECTION('ref_axis',(1.,0.,0.));
#11401=DIRECTION('',(1.,0.,0.));
#11402=DIRECTION('',(0.,-1.,0.));
#11403=DIRECTION('center_axis',(1.,0.,0.));
#11404=DIRECTION('ref_axis',(0.,-1.,0.));
#11405=DIRECTION('',(0.,0.,-1.));
#11406=DIRECTION('center_axis',(0.,1.,0.));
#11407=DIRECTION('ref_axis',(-1.,0.,0.));
#11408=DIRECTION('center_axis',(-0.422885465341996,-0.906183139990192,0.));
#11409=DIRECTION('ref_axis',(-0.906183139990192,0.422885465341996,0.));
#11410=DIRECTION('',(-0.906183139990192,0.422885465341996,0.));
#11411=DIRECTION('',(0.,0.,-1.));
#11412=DIRECTION('center_axis',(0.,-1.,0.));
#11413=DIRECTION('ref_axis',(1.,0.,0.));
#11414=DIRECTION('',(1.,0.,0.));
#11415=DIRECTION('',(0.,0.,1.));
#11416=DIRECTION('center_axis',(-1.,0.,0.));
#11417=DIRECTION('ref_axis',(0.,1.,0.));
#11418=DIRECTION('',(0.,1.,0.));
#11419=DIRECTION('',(0.,0.,1.));
#11420=DIRECTION('center_axis',(6.309476899257E-11,-1.,0.));
#11421=DIRECTION('ref_axis',(-1.,-6.309476899257E-11,0.));
#11422=DIRECTION('',(-1.,-6.308537026077E-11,0.));
#11423=DIRECTION('',(2.62897119786E-10,0.,-1.));
#11424=DIRECTION('center_axis',(0.,0.,-1.));
#11425=DIRECTION('ref_axis',(1.,1.847268519002E-11,0.));
#11426=DIRECTION('center_axis',(0.,0.,-1.));
#11427=DIRECTION('ref_axis',(1.,-6.266553942972E-10,0.));
#11428=DIRECTION('',(0.,-1.345166186988E-11,1.));
#11429=DIRECTION('center_axis',(1.,0.,0.));
#11430=DIRECTION('ref_axis',(0.,-1.,0.));
#11431=DIRECTION('',(4.464281538052E-12,-1.,0.));
#11432=DIRECTION('',(0.,4.359647198199E-11,-1.));
#11433=DIRECTION('center_axis',(0.,0.,-1.));
#11434=DIRECTION('ref_axis',(0.,1.,0.));
#11435=DIRECTION('center_axis',(0.,0.,-1.));
#11436=DIRECTION('ref_axis',(-1.55373935935E-9,1.,0.));
#11437=DIRECTION('',(-6.123959802851E-11,0.,1.));
#11438=DIRECTION('center_axis',(-1.762074787874E-11,1.,0.));
#11439=DIRECTION('ref_axis',(1.,1.762074787874E-11,0.));
#11440=DIRECTION('',(1.,1.17843846365E-11,0.));
#11441=DIRECTION('',(0.,0.,1.));
#11442=DIRECTION('center_axis',(-0.999999979461871,0.000202672786338594,
0.));
#11443=DIRECTION('ref_axis',(0.000202672786338594,0.999999979461871,0.));
#11444=DIRECTION('',(0.000202672786338494,0.999999979461871,0.));
#11445=DIRECTION('',(0.,0.,1.));
#11446=DIRECTION('center_axis',(0.,1.,0.));
#11447=DIRECTION('ref_axis',(-1.,0.,0.));
#11448=DIRECTION('',(-1.,0.,0.));
#11449=DIRECTION('',(0.,0.,1.));
#11450=DIRECTION('center_axis',(-0.422885465341996,0.906183139990192,0.));
#11451=DIRECTION('ref_axis',(0.906183139990192,0.422885465341996,0.));
#11452=DIRECTION('',(0.906183139990192,0.422885465341996,0.));
#11453=DIRECTION('center_axis',(0.,0.,1.));
#11454=DIRECTION('ref_axis',(1.,0.,0.));
#11455=DIRECTION('',(-1.,0.,0.));
#11456=DIRECTION('',(0.,-1.,0.));
#11457=DIRECTION('',(-1.,0.,0.));
#11458=DIRECTION('',(0.906183139987525,0.422885465347711,0.));
#11459=DIRECTION('',(-1.,0.,0.));
#11460=DIRECTION('',(0.,1.,0.));
#11461=DIRECTION('',(1.,0.,0.));
#11462=DIRECTION('',(-0.906183139958786,0.422885465409294,0.));
#11463=DIRECTION('',(-1.,0.,0.));
#11464=DIRECTION('',(0.,-1.,0.));
#11465=DIRECTION('',(1.,0.,0.));
#11466=DIRECTION('',(0.906183139987525,0.422885465347711,0.));
#11467=DIRECTION('',(-1.,0.,0.));
#11468=DIRECTION('',(0.,1.,0.));
#11469=DIRECTION('',(1.,0.,0.));
#11470=DIRECTION('',(-0.906183139987525,0.422885465347711,0.));
#11471=DIRECTION('',(-1.,0.,0.));
#11472=DIRECTION('',(0.,-1.,0.));
#11473=DIRECTION('',(1.,0.,0.));
#11474=DIRECTION('',(0.906183139990192,0.422885465341996,0.));
#11475=DIRECTION('',(-1.,0.,0.));
#11476=DIRECTION('',(0.,1.,0.));
#11477=DIRECTION('',(1.,0.,0.));
#11478=DIRECTION('',(-1.,0.,0.));
#11479=DIRECTION('',(0.,-1.,0.));
#11480=DIRECTION('',(1.,0.,0.));
#11481=DIRECTION('center_axis',(0.,-1.,0.));
#11482=DIRECTION('ref_axis',(-1.,0.,0.));
#11483=DIRECTION('',(0.,0.,-1.));
#11484=DIRECTION('',(-1.,0.,0.));
#11485=DIRECTION('center_axis',(0.,0.,1.));
#11486=DIRECTION('ref_axis',(1.,0.,0.));
#11487=DIRECTION('',(-1.,0.,0.));
#11488=DIRECTION('',(0.,-1.,0.));
#11489=DIRECTION('',(1.,0.,0.));
#11490=DIRECTION('center_axis',(0.,0.,1.));
#11491=DIRECTION('ref_axis',(1.,0.,0.));
#11492=DIRECTION('',(-1.,0.,0.));
#11493=DIRECTION('',(0.,-1.,0.));
#11494=DIRECTION('',(1.,0.,0.));
#11495=DIRECTION('center_axis',(0.,0.,1.));
#11496=DIRECTION('ref_axis',(1.,0.,0.));
#11497=DIRECTION('',(-1.,0.,0.));
#11498=DIRECTION('',(0.,-1.,0.));
#11499=DIRECTION('',(-1.,0.,0.));
#11500=DIRECTION('center_axis',(0.,0.,1.));
#11501=DIRECTION('ref_axis',(1.,0.,0.));
#11502=DIRECTION('',(0.,-1.,0.));
#11503=DIRECTION('',(-1.,0.,0.));
#11504=DIRECTION('center_axis',(0.,0.,1.));
#11505=DIRECTION('ref_axis',(1.,0.,0.));
#11506=DIRECTION('',(0.,1.,0.));
#11507=DIRECTION('',(0.500000000069194,-0.86602540374449,0.));
#11508=DIRECTION('',(0.,1.,0.));
#11509=DIRECTION('',(-1.,0.,0.));
#11510=DIRECTION('',(0.,-1.,0.));
#11511=DIRECTION('',(0.499999999942709,0.866025403817516,0.));
#11512=DIRECTION('',(0.,-1.,0.));
#11513=DIRECTION('center_axis',(0.,1.,0.));
#11514=DIRECTION('ref_axis',(1.,0.,0.));
#11515=DIRECTION('',(0.,0.,-1.));
#11516=DIRECTION('center_axis',(-1.,0.,0.));
#11517=DIRECTION('ref_axis',(0.,-1.,0.));
#11518=DIRECTION('',(0.,0.,-1.));
#11519=DIRECTION('center_axis',(-1.,0.,0.));
#11520=DIRECTION('ref_axis',(0.,-1.,0.));
#11521=DIRECTION('',(0.,0.,-1.));
#11522=DIRECTION('',(0.,0.,-1.));
#11523=DIRECTION('center_axis',(-1.,0.,0.));
#11524=DIRECTION('ref_axis',(0.,-1.,0.));
#11525=DIRECTION('',(0.,0.,-1.));
#11526=DIRECTION('center_axis',(-1.,0.,0.));
#11527=DIRECTION('ref_axis',(0.,-1.,0.));
#11528=DIRECTION('',(0.,0.,-1.));
#11529=DIRECTION('',(0.,0.,-1.));
#11530=DIRECTION('center_axis',(0.,-1.,0.));
#11531=DIRECTION('ref_axis',(-1.,0.,0.));
#11532=DIRECTION('center_axis',(0.,1.,0.));
#11533=DIRECTION('ref_axis',(1.,0.,0.));
#11534=DIRECTION('center_axis',(0.,-1.,0.));
#11535=DIRECTION('ref_axis',(-1.,0.,0.));
#11536=DIRECTION('center_axis',(0.,1.,0.));
#11537=DIRECTION('ref_axis',(1.,0.,0.));
#11538=DIRECTION('center_axis',(0.,-1.,0.));
#11539=DIRECTION('ref_axis',(-1.,0.,0.));
#11540=DIRECTION('center_axis',(0.,1.,0.));
#11541=DIRECTION('ref_axis',(1.,0.,0.));
#11542=DIRECTION('center_axis',(1.,0.,0.));
#11543=DIRECTION('ref_axis',(0.,1.,0.));
#11544=DIRECTION('',(0.,0.,-1.));
#11545=DIRECTION('',(0.,1.,0.));
#11546=DIRECTION('center_axis',(0.,0.,1.));
#11547=DIRECTION('ref_axis',(1.,0.,0.));
#11548=DIRECTION('',(-0.499999999942709,-0.866025403817516,0.));
#11549=DIRECTION('',(0.,1.,0.));
#11550=DIRECTION('',(1.,0.,0.));
#11551=DIRECTION('',(0.,-1.,0.));
#11552=DIRECTION('',(-0.500000000069194,0.86602540374449,0.));
#11553=DIRECTION('',(0.,-1.,0.));
#11554=DIRECTION('center_axis',(-1.,0.,0.));
#11555=DIRECTION('ref_axis',(0.,-1.,0.));
#11556=DIRECTION('',(0.,0.,-1.));
#11557=DIRECTION('center_axis',(-0.86602540374449,-0.500000000069194,0.));
#11558=DIRECTION('ref_axis',(0.500000000069194,-0.866025403744489,0.));
#11559=DIRECTION('',(0.,0.,-1.));
#11560=DIRECTION('center_axis',(-1.,0.,0.));
#11561=DIRECTION('ref_axis',(0.,-1.,0.));
#11562=DIRECTION('',(0.,0.,1.));
#11563=DIRECTION('center_axis',(0.,-1.,0.));
#11564=DIRECTION('ref_axis',(1.,0.,0.));
#11565=DIRECTION('',(0.,0.,1.));
#11566=DIRECTION('center_axis',(1.,0.,0.));
#11567=DIRECTION('ref_axis',(0.,1.,0.));
#11568=DIRECTION('',(0.,0.,-1.));
#11569=DIRECTION('center_axis',(0.866025403817516,-0.499999999942709,0.));
#11570=DIRECTION('ref_axis',(0.499999999942709,0.866025403817516,0.));
#11571=DIRECTION('center_axis',(0.,-1.,0.));
#11572=DIRECTION('ref_axis',(1.,0.,0.));
#11573=DIRECTION('',(0.,0.,1.));
#11574=DIRECTION('center_axis',(-1.,0.,0.));
#11575=DIRECTION('ref_axis',(0.,1.,0.));
#11576=DIRECTION('',(0.,0.,1.));
#11577=DIRECTION('center_axis',(0.,1.,0.));
#11578=DIRECTION('ref_axis',(-1.,0.,0.));
#11579=DIRECTION('',(0.,0.,1.));
#11580=DIRECTION('center_axis',(-0.422885465341996,0.906183139990192,0.));
#11581=DIRECTION('ref_axis',(0.906183139990192,0.422885465341996,0.));
#11582=DIRECTION('center_axis',(-0.422885465347711,-0.906183139987525,0.));
#11583=DIRECTION('ref_axis',(-0.906183139987525,0.422885465347711,0.));
#11584=DIRECTION('',(0.,0.,-1.));
#11585=DIRECTION('center_axis',(0.,-1.,0.));
#11586=DIRECTION('ref_axis',(1.,0.,0.));
#11587=DIRECTION('',(0.,0.,1.));
#11588=DIRECTION('center_axis',(-1.,0.,0.));
#11589=DIRECTION('ref_axis',(0.,1.,0.));
#11590=DIRECTION('',(0.,0.,1.));
#11591=DIRECTION('center_axis',(0.,1.,0.));
#11592=DIRECTION('ref_axis',(-1.,0.,0.));
#11593=DIRECTION('',(0.,0.,1.));
#11594=DIRECTION('center_axis',(-0.422885465347711,0.906183139987525,0.));
#11595=DIRECTION('ref_axis',(0.906183139987525,0.422885465347711,0.));
#11596=DIRECTION('center_axis',(-0.422885465409294,-0.906183139958786,0.));
#11597=DIRECTION('ref_axis',(0.906183139958786,-0.422885465409294,0.));
#11598=DIRECTION('',(0.,0.,1.));
#11599=DIRECTION('center_axis',(0.,-1.,0.));
#11600=DIRECTION('ref_axis',(1.,0.,0.));
#11601=DIRECTION('',(0.,0.,1.));
#11602=DIRECTION('center_axis',(-1.,0.,0.));
#11603=DIRECTION('ref_axis',(0.,1.,0.));
#11604=DIRECTION('',(0.,0.,1.));
#11605=DIRECTION('center_axis',(0.,1.,0.));
#11606=DIRECTION('ref_axis',(-1.,0.,0.));
#11607=DIRECTION('',(0.,0.,1.));
#11608=DIRECTION('center_axis',(-0.422885465347711,0.906183139987525,0.));
#11609=DIRECTION('ref_axis',(0.906183139987525,0.422885465347711,0.));
#11610=DIRECTION('center_axis',(-0.422885465325091,-0.906183139998081,0.));
#11611=DIRECTION('ref_axis',(0.906183139998081,-0.422885465325091,0.));
#11612=DIRECTION('',(-0.906183139998081,0.422885465325091,0.));
#11613=DIRECTION('',(0.,0.,-1.));
#11614=DIRECTION('center_axis',(0.,-1.,0.));
#11615=DIRECTION('ref_axis',(1.,0.,0.));
#11616=DIRECTION('',(1.,-2.2204460701E-12,0.));
#11617=DIRECTION('',(-3.19917243E-11,0.,-1.));
#11618=DIRECTION('center_axis',(0.,0.,-1.));
#11619=DIRECTION('ref_axis',(0.,1.,0.));
#11620=DIRECTION('center_axis',(0.,0.,-1.));
#11621=DIRECTION('ref_axis',(-7.764100473651E-11,1.,0.));
#11622=DIRECTION('',(-7.00027558919E-12,0.,1.));
#11623=DIRECTION('center_axis',(0.,1.,0.));
#11624=DIRECTION('ref_axis',(-1.,0.,0.));
#11625=DIRECTION('',(-1.,4.872293091104E-13,0.));
#11626=DIRECTION('',(0.,0.,1.));
#11627=DIRECTION('center_axis',(-0.422885434690996,0.906183154293991,0.));
#11628=DIRECTION('ref_axis',(0.906183154293991,0.422885434690996,0.));
#11629=DIRECTION('',(0.906183154293991,0.422885434690996,0.));
#11630=DIRECTION('center_axis',(0.,0.,1.));
#11631=DIRECTION('ref_axis',(1.,0.,0.));
#11632=DIRECTION('',(-1.,0.,0.));
#11633=DIRECTION('',(0.,-1.,0.));
#11634=DIRECTION('',(1.,0.,0.));
#11635=DIRECTION('center_axis',(0.,-1.,0.));
#11636=DIRECTION('ref_axis',(-1.,0.,0.));
#11637=DIRECTION('',(0.,0.,-1.));
#11638=DIRECTION('',(-1.,0.,0.));
#11639=DIRECTION('center_axis',(0.,0.,1.));
#11640=DIRECTION('ref_axis',(1.,0.,0.));
#11641=DIRECTION('',(0.,1.,0.));
#11642=DIRECTION('',(-1.,0.,0.));
#11643=DIRECTION('center_axis',(0.,1.,0.));
#11644=DIRECTION('ref_axis',(1.,0.,0.));
#11645=DIRECTION('',(0.,0.,-1.));
#11646=DIRECTION('center_axis',(-1.,0.,0.));
#11647=DIRECTION('ref_axis',(0.,-1.,0.));
#11648=DIRECTION('axis',(0.,0.,1.));
#11649=DIRECTION('refdir',(1.,0.,0.));
#11650=DIRECTION('axis',(0.,0.,1.));
#11651=DIRECTION('refdir',(1.,0.,0.));
#11652=DIRECTION('center_axis',(0.,0.,1.));
#11653=DIRECTION('ref_axis',(1.,0.,0.));
#11654=DIRECTION('',(0.,1.,0.));
#11655=DIRECTION('',(0.906183139990192,0.422885465341996,0.));
#11656=DIRECTION('',(-1.,0.,0.));
#11657=DIRECTION('',(0.,-1.,0.));
#11658=DIRECTION('',(1.,-6.758019942359E-9,0.));
#11659=DIRECTION('',(-0.906183130373308,0.422885485949604,0.));
#11660=DIRECTION('',(0.,1.,0.));
#11661=DIRECTION('',(0.906183139987525,0.422885465347711,0.));
#11662=DIRECTION('',(-1.,0.,0.));
#11663=DIRECTION('',(0.,-1.,0.));
#11664=DIRECTION('',(1.,0.,0.));
#11665=DIRECTION('',(-0.906183139982246,0.422885465359022,0.));
#11666=DIRECTION('',(0.,1.,0.));
#11667=DIRECTION('',(0.906183139986635,0.422885465349617,0.));
#11668=DIRECTION('',(-1.,-1.776356839297E-14,0.));
#11669=DIRECTION('',(0.,-1.,0.));
#11670=DIRECTION('',(1.,0.,0.));
#11671=DIRECTION('',(-0.906183139987525,0.422885465347711,0.));
#11672=DIRECTION('',(0.,1.,0.));
#11673=DIRECTION('',(0.906183139983986,0.422885465355294,0.));
#11674=DIRECTION('',(-1.,-3.035793838358E-12,0.));
#11675=DIRECTION('',(-0.000202672786338494,-0.999999979461871,0.));
#11676=DIRECTION('',(-1.,-1.178638311891E-11,0.));
#11677=DIRECTION('center_axis',(0.,0.,-1.));
#11678=DIRECTION('ref_axis',(-1.54604551379E-9,1.,0.));
#11679=DIRECTION('',(-4.46584193006E-12,1.,0.));
#11680=DIRECTION('center_axis',(0.,0.,-1.));
#11681=DIRECTION('ref_axis',(1.,-6.234508743142E-10,0.));
#11682=DIRECTION('',(1.,6.30868135507E-11,0.));
#11683=DIRECTION('',(0.,-1.,0.));
#11684=DIRECTION('',(1.,-3.033129303099E-12,0.));
#11685=DIRECTION('',(-0.906183139992841,0.422885465336319,0.));
#11686=DIRECTION('center_axis',(1.,0.,0.));
#11687=DIRECTION('ref_axis',(0.,1.,0.));
#11688=DIRECTION('',(0.,1.,0.));
#11689=DIRECTION('',(0.,0.,-1.));
#11690=DIRECTION('',(0.,-1.,0.));
#11691=DIRECTION('',(0.,0.,-1.));
#11692=DIRECTION('',(0.,1.,0.));
#11693=DIRECTION('',(0.,0.,-1.));
#11694=DIRECTION('',(0.,0.,-1.));
#11695=DIRECTION('center_axis',(1.,0.,0.));
#11696=DIRECTION('ref_axis',(0.,1.,0.));
#11697=DIRECTION('',(0.,1.,0.));
#11698=DIRECTION('',(0.,0.,-1.));
#11699=DIRECTION('',(0.,-1.,0.));
#11700=DIRECTION('',(0.,0.,-1.));
#11701=DIRECTION('',(0.,1.,0.));
#11702=DIRECTION('',(0.,0.,-1.));
#11703=DIRECTION('',(0.,0.,1.));
#11704=DIRECTION('center_axis',(1.,0.,0.));
#11705=DIRECTION('ref_axis',(0.,1.,0.));
#11706=DIRECTION('',(0.,1.,0.));
#11707=DIRECTION('',(0.,0.,-1.));
#11708=DIRECTION('',(0.,-1.,0.));
#11709=DIRECTION('',(0.,0.,-1.));
#11710=DIRECTION('',(0.,1.,0.));
#11711=DIRECTION('',(0.,0.,-1.));
#11712=DIRECTION('',(0.,0.,-1.));
#11713=DIRECTION('center_axis',(1.,0.,0.));
#11714=DIRECTION('ref_axis',(0.,1.,0.));
#11715=DIRECTION('',(0.,1.,0.));
#11716=DIRECTION('',(0.,0.,-1.));
#11717=DIRECTION('',(0.,-1.,0.));
#11718=DIRECTION('',(0.,0.,-1.));
#11719=DIRECTION('',(0.,1.,0.));
#11720=DIRECTION('',(0.,0.,-1.));
#11721=DIRECTION('',(0.,0.,-1.));
#11722=DIRECTION('center_axis',(0.,0.,1.));
#11723=DIRECTION('ref_axis',(1.,0.,0.));
#11724=DIRECTION('',(-0.906183139990192,0.422885465341996,0.));
#11725=DIRECTION('',(1.,0.,0.));
#11726=DIRECTION('',(0.,1.,0.));
#11727=DIRECTION('',(-1.,-6.308689681743E-11,0.));
#11728=DIRECTION('center_axis',(0.,0.,-1.));
#11729=DIRECTION('ref_axis',(1.,-6.266538677405E-10,0.));
#11730=DIRECTION('',(4.465841930061E-12,-1.,0.));
#11731=DIRECTION('center_axis',(0.,0.,-1.));
#11732=DIRECTION('ref_axis',(-1.55373935935E-9,1.,0.));
#11733=DIRECTION('',(1.,1.178638311891E-11,0.));
#11734=DIRECTION('',(0.000202672786337094,0.999999979461871,0.));
#11735=DIRECTION('',(-1.,0.,0.));
#11736=DIRECTION('',(0.906183139990192,0.422885465341996,0.));
#11737=DIRECTION('',(1.,0.,0.));
#11738=DIRECTION('',(0.,-1.,0.));
#11739=DIRECTION('',(-1.,0.,0.));
#11740=DIRECTION('',(-0.906183139990192,0.422885465341996,0.));
#11741=DIRECTION('',(1.,0.,0.));
#11742=DIRECTION('',(0.,1.,0.));
#11743=DIRECTION('',(-1.,0.,0.));
#11744=DIRECTION('',(0.906183139990192,0.422885465341996,0.));
#11745=DIRECTION('',(1.,0.,0.));
#11746=DIRECTION('',(0.,-1.,0.));
#11747=DIRECTION('',(-1.,0.,0.));
#11748=DIRECTION('',(-0.906183139987525,0.422885465347711,0.));
#11749=DIRECTION('',(1.,0.,0.));
#11750=DIRECTION('',(0.,1.,0.));
#11751=DIRECTION('',(-1.,0.,0.));
#11752=DIRECTION('',(0.906183139987525,0.422885465347711,0.));
#11753=DIRECTION('',(1.,0.,0.));
#11754=DIRECTION('',(0.,-1.,0.));
#11755=DIRECTION('',(-1.,0.,0.));
#11756=DIRECTION('',(-0.906183139958786,0.422885465409294,0.));
#11757=DIRECTION('',(1.,0.,0.));
#11758=DIRECTION('',(0.,1.,0.));
#11759=DIRECTION('',(-1.,0.,0.));
#11760=DIRECTION('',(0.906183139987525,0.422885465347711,0.));
#11761=DIRECTION('',(-1.,0.,0.));
#11762=DIRECTION('',(0.,-1.,0.));
#11763=DIRECTION('',(-1.,0.,0.));
#11764=DIRECTION('center_axis',(0.,1.,0.));
#11765=DIRECTION('ref_axis',(1.,0.,0.));
#11766=DIRECTION('',(0.,0.,-1.));
#11767=DIRECTION('',(1.,0.,0.));
#11768=DIRECTION('center_axis',(0.,0.,1.));
#11769=DIRECTION('ref_axis',(1.,0.,0.));
#11770=DIRECTION('',(-1.,0.,0.));
#11771=DIRECTION('',(0.,-1.,0.));
#11772=DIRECTION('',(-1.,0.,0.));
#11773=DIRECTION('center_axis',(0.,0.,1.));
#11774=DIRECTION('ref_axis',(1.,0.,0.));
#11775=DIRECTION('',(-1.,0.,0.));
#11776=DIRECTION('',(0.,-1.,0.));
#11777=DIRECTION('',(-1.,0.,0.));
#11778=DIRECTION('center_axis',(0.,0.,1.));
#11779=DIRECTION('ref_axis',(1.,0.,0.));
#11780=DIRECTION('',(1.,0.,0.));
#11781=DIRECTION('',(0.,-1.,0.));
#11782=DIRECTION('',(-1.,0.,0.));
#11783=DIRECTION('center_axis',(0.,0.,1.));
#11784=DIRECTION('ref_axis',(1.,0.,0.));
#11785=DIRECTION('',(0.,-1.,0.));
#11786=DIRECTION('',(-1.,0.,0.));
#11787=DIRECTION('center_axis',(0.,-1.,0.));
#11788=DIRECTION('ref_axis',(-1.,0.,0.));
#11789=DIRECTION('',(0.,0.,-1.));
#11790=DIRECTION('center_axis',(-1.,0.,0.));
#11791=DIRECTION('ref_axis',(0.,-1.,0.));
#11792=DIRECTION('',(0.,0.,-1.));
#11793=DIRECTION('center_axis',(-1.,0.,0.));
#11794=DIRECTION('ref_axis',(0.,-1.,0.));
#11795=DIRECTION('',(0.,0.,-1.));
#11796=DIRECTION('',(0.,0.,-1.));
#11797=DIRECTION('center_axis',(-1.,0.,0.));
#11798=DIRECTION('ref_axis',(0.,-1.,0.));
#11799=DIRECTION('',(0.,0.,-1.));
#11800=DIRECTION('center_axis',(-1.,0.,0.));
#11801=DIRECTION('ref_axis',(0.,-1.,0.));
#11802=DIRECTION('',(0.,0.,-1.));
#11803=DIRECTION('',(0.,0.,-1.));
#11804=DIRECTION('center_axis',(0.,-1.,0.));
#11805=DIRECTION('ref_axis',(-1.,0.,0.));
#11806=DIRECTION('center_axis',(0.,1.,0.));
#11807=DIRECTION('ref_axis',(1.,0.,0.));
#11808=DIRECTION('center_axis',(0.,-1.,0.));
#11809=DIRECTION('ref_axis',(-1.,0.,0.));
#11810=DIRECTION('center_axis',(0.,1.,0.));
#11811=DIRECTION('ref_axis',(1.,0.,0.));
#11812=DIRECTION('center_axis',(0.,-1.,0.));
#11813=DIRECTION('ref_axis',(-1.,0.,0.));
#11814=DIRECTION('center_axis',(0.,1.,0.));
#11815=DIRECTION('ref_axis',(1.,0.,0.));
#11816=DIRECTION('center_axis',(-0.422885465347711,0.906183139987525,0.));
#11817=DIRECTION('ref_axis',(0.906183139987525,0.422885465347711,0.));
#11818=DIRECTION('',(-3.653785607405E-11,-1.136674088187E-11,1.));
#11819=DIRECTION('center_axis',(0.,1.,0.));
#11820=DIRECTION('ref_axis',(-1.,0.,0.));
#11821=DIRECTION('',(0.,-1.136674088187E-11,1.));
#11822=DIRECTION('center_axis',(-1.,0.,0.));
#11823=DIRECTION('ref_axis',(0.,1.,0.));
#11824=DIRECTION('',(0.,2.652711383888E-11,1.));
#11825=DIRECTION('center_axis',(0.,-1.,0.));
#11826=DIRECTION('ref_axis',(1.,0.,0.));
#11827=DIRECTION('',(6.20888961078099E-8,-8.42099778797198E-9,0.999999999999998));
#11828=DIRECTION('center_axis',(-0.422885465409294,-0.906183139958786,0.));
#11829=DIRECTION('ref_axis',(0.906183139958786,-0.422885465409294,0.));
#11830=DIRECTION('center_axis',(-0.422885465347711,0.906183139987525,0.));
#11831=DIRECTION('ref_axis',(0.906183139987525,0.422885465347711,0.));
#11832=DIRECTION('',(0.,0.,1.));
#11833=DIRECTION('center_axis',(0.,1.,0.));
#11834=DIRECTION('ref_axis',(-1.,0.,0.));
#11835=DIRECTION('',(0.,0.,1.));
#11836=DIRECTION('center_axis',(-1.,0.,0.));
#11837=DIRECTION('ref_axis',(0.,1.,0.));
#11838=DIRECTION('',(0.,-2.273847776735E-11,1.));
#11839=DIRECTION('center_axis',(0.,-1.,0.));
#11840=DIRECTION('ref_axis',(1.,0.,0.));
#11841=DIRECTION('',(-7.309056138105E-11,2.273958799037E-11,-1.));
#11842=DIRECTION('center_axis',(-0.422885465347711,-0.906183139987525,0.));
#11843=DIRECTION('ref_axis',(-0.906183139987525,0.422885465347711,0.));
#11844=DIRECTION('center_axis',(-0.422885465341996,0.906183139990192,0.));
#11845=DIRECTION('ref_axis',(0.906183139990192,0.422885465341996,0.));
#11846=DIRECTION('',(4.876765657968E-11,1.515898517823E-11,1.));
#11847=DIRECTION('center_axis',(0.,1.,0.));
#11848=DIRECTION('ref_axis',(-1.,0.,0.));
#11849=DIRECTION('',(0.,1.513456027169E-11,1.));
#11850=DIRECTION('center_axis',(-1.,0.,0.));
#11851=DIRECTION('ref_axis',(0.,1.,0.));
#11852=DIRECTION('',(0.,-1.14019904629E-11,1.));
#11853=DIRECTION('center_axis',(0.,-1.,0.));
#11854=DIRECTION('ref_axis',(1.,0.,0.));
#11855=DIRECTION('',(-3.66451313738E-11,1.14019904629E-11,-1.));
#11856=DIRECTION('center_axis',(-0.422885465341996,-0.906183139990192,0.));
#11857=DIRECTION('ref_axis',(-0.906183139990192,0.422885465341996,0.));
#11858=DIRECTION('center_axis',(-0.422885465341996,0.906183139990192,0.));
#11859=DIRECTION('ref_axis',(0.906183139990192,0.422885465341996,0.));
#11860=DIRECTION('',(8.527831218963E-11,2.653210984249E-11,1.));
#11861=DIRECTION('center_axis',(0.,1.,0.));
#11862=DIRECTION('ref_axis',(-1.,0.,0.));
#11863=DIRECTION('',(0.,2.273736754432E-11,1.));
#11864=DIRECTION('center_axis',(-0.999999979461871,0.000202672786337194,
0.));
#11865=DIRECTION('ref_axis',(0.000202672786337194,0.999999979461871,0.));
#11866=DIRECTION('',(0.,0.,1.));
#11867=DIRECTION('center_axis',(-1.762217382144E-11,1.,0.));
#11868=DIRECTION('ref_axis',(1.,1.762217382144E-11,0.));
#11869=DIRECTION('',(-2.562394740835E-12,0.,1.));
#11870=DIRECTION('center_axis',(0.,0.,-1.));
#11871=DIRECTION('ref_axis',(0.,1.,0.));
#11872=DIRECTION('',(0.,2.573496971081E-12,-1.));
#11873=DIRECTION('center_axis',(1.,0.,0.));
#11874=DIRECTION('ref_axis',(0.,-1.,0.));
#11875=DIRECTION('',(0.,-1.067618216055E-12,1.));
#11876=DIRECTION('center_axis',(0.,0.,-1.));
#11877=DIRECTION('ref_axis',(1.,1.847411113272E-11,0.));
#11878=DIRECTION('',(0.,0.,-1.));
#11879=DIRECTION('center_axis',(6.309619493527E-11,-1.,0.));
#11880=DIRECTION('ref_axis',(-1.,-6.309619493527E-11,0.));
#11881=DIRECTION('',(0.,0.,1.));
#11882=DIRECTION('center_axis',(-1.,0.,0.));
#11883=DIRECTION('ref_axis',(0.,1.,0.));
#11884=DIRECTION('',(0.,1.515995662338E-11,1.));
#11885=DIRECTION('center_axis',(0.,-1.,0.));
#11886=DIRECTION('ref_axis',(1.,0.,0.));
#11887=DIRECTION('',(3.653979896434E-11,-1.136826743853E-11,-1.));
#11888=DIRECTION('center_axis',(-0.422885465341996,-0.906183139990192,0.));
#11889=DIRECTION('ref_axis',(-0.906183139990192,0.422885465341996,0.));
#11890=DIRECTION('center_axis',(0.,1.,0.));
#11891=DIRECTION('ref_axis',(-1.,0.,0.));
#11892=DIRECTION('',(1.,0.,0.));
#11893=DIRECTION('',(0.,0.,1.));
#11894=DIRECTION('',(-1.,0.,0.));
#11895=DIRECTION('',(0.,0.,1.));
#11896=DIRECTION('center_axis',(0.,0.,1.));
#11897=DIRECTION('ref_axis',(1.,0.,0.));
#11898=DIRECTION('',(0.,-1.,0.));
#11899=DIRECTION('',(-0.500000000069194,0.86602540374449,0.));
#11900=DIRECTION('',(0.,-1.,0.));
#11901=DIRECTION('',(1.,0.,0.));
#11902=DIRECTION('',(0.,1.,0.));
#11903=DIRECTION('',(-0.499999999942709,-0.866025403817516,0.));
#11904=DIRECTION('',(0.,1.,0.));
#11905=DIRECTION('center_axis',(1.,0.,0.));
#11906=DIRECTION('ref_axis',(0.,1.,0.));
#11907=DIRECTION('',(0.,0.,-1.));
#11908=DIRECTION('',(0.,-1.,0.));
#11909=DIRECTION('center_axis',(0.,0.,1.));
#11910=DIRECTION('ref_axis',(1.,0.,0.));
#11911=DIRECTION('',(0.499999999942709,0.866025403817516,0.));
#11912=DIRECTION('',(0.,-1.,0.));
#11913=DIRECTION('',(-1.,0.,0.));
#11914=DIRECTION('',(0.,1.,0.));
#11915=DIRECTION('',(0.500000000069194,-0.86602540374449,0.));
#11916=DIRECTION('',(0.,1.,0.));
#11917=DIRECTION('center_axis',(-1.,0.,0.));
#11918=DIRECTION('ref_axis',(0.,-1.,0.));
#11919=DIRECTION('',(0.,0.,-1.));
#11920=DIRECTION('center_axis',(-0.86602540374449,-0.500000000069194,0.));
#11921=DIRECTION('ref_axis',(0.500000000069194,-0.866025403744489,0.));
#11922=DIRECTION('',(0.,0.,-1.));
#11923=DIRECTION('center_axis',(-1.,0.,0.));
#11924=DIRECTION('ref_axis',(0.,-1.,0.));
#11925=DIRECTION('',(0.,0.,1.));
#11926=DIRECTION('center_axis',(0.,-1.,0.));
#11927=DIRECTION('ref_axis',(1.,0.,0.));
#11928=DIRECTION('',(0.,0.,1.));
#11929=DIRECTION('center_axis',(1.,0.,0.));
#11930=DIRECTION('ref_axis',(0.,1.,0.));
#11931=DIRECTION('',(0.,0.,-1.));
#11932=DIRECTION('center_axis',(0.866025403817516,-0.499999999942709,0.));
#11933=DIRECTION('ref_axis',(0.499999999942709,0.866025403817516,0.));
#11934=DIRECTION('axis',(0.,0.,1.));
#11935=DIRECTION('refdir',(1.,0.,0.));
#11936=DIRECTION('center_axis',(1.,0.,0.));
#11937=DIRECTION('ref_axis',(0.,1.,0.));
#11938=DIRECTION('',(0.,1.,0.));
#11939=DIRECTION('',(0.,0.,-1.));
#11940=DIRECTION('',(0.,1.,0.));
#11941=DIRECTION('',(0.,0.,-1.));
#11942=DIRECTION('',(0.,1.,0.));
#11943=DIRECTION('',(0.,0.,-1.));
#11944=DIRECTION('',(0.,1.,0.));
#11945=DIRECTION('',(0.,0.,1.));
#11946=DIRECTION('center_axis',(0.,0.,1.));
#11947=DIRECTION('ref_axis',(1.,0.,0.));
#11948=DIRECTION('',(-0.906183139989642,0.422885465343173,0.));
#11949=DIRECTION('',(1.,0.,0.));
#11950=DIRECTION('',(-0.707106781194598,-0.707106781178498,0.));
#11951=DIRECTION('',(0.,1.,0.));
#11952=DIRECTION('',(-1.,0.,0.));
#11953=DIRECTION('',(0.,1.,0.));
#11954=DIRECTION('',(-1.,0.,0.));
#11955=DIRECTION('',(0.906183139987525,0.422885465347711,0.));
#11956=DIRECTION('',(-1.,0.,0.));
#11957=DIRECTION('',(0.,-1.,0.));
#11958=DIRECTION('',(-1.,0.,0.));
#11959=DIRECTION('center_axis',(0.,1.,0.));
#11960=DIRECTION('ref_axis',(1.,0.,0.));
#11961=DIRECTION('',(0.,0.,-1.));
#11962=DIRECTION('',(1.,0.,0.));
#11963=DIRECTION('center_axis',(0.,0.,1.));
#11964=DIRECTION('ref_axis',(1.,0.,0.));
#11965=DIRECTION('',(0.,1.,0.));
#11966=DIRECTION('',(-1.,0.,0.));
#11967=DIRECTION('center_axis',(0.,-1.,0.));
#11968=DIRECTION('ref_axis',(-1.,0.,0.));
#11969=DIRECTION('',(0.,0.,-1.));
#11970=DIRECTION('center_axis',(-1.,0.,0.));
#11971=DIRECTION('ref_axis',(0.,-1.,0.));
#11972=DIRECTION('center_axis',(-0.422885465347711,0.906183139987525,0.));
#11973=DIRECTION('ref_axis',(0.906183139987525,0.422885465347711,0.));
#11974=DIRECTION('',(2.444572322347E-11,7.607248164732E-12,1.));
#11975=DIRECTION('',(0.906183139985764,0.422885465351483,0.));
#11976=DIRECTION('center_axis',(0.,0.,-1.));
#11977=DIRECTION('ref_axis',(-1.,0.,0.));
#11978=DIRECTION('',(-1.,0.,0.));
#11979=DIRECTION('',(0.,-1.,0.));
#11980=DIRECTION('',(-1.,-1.042537703672E-12,0.));
#11981=DIRECTION('',(0.,1.,0.));
#11982=DIRECTION('',(-0.707106781197598,-0.707106781175498,0.));
#11983=DIRECTION('',(1.,-2.623542426707E-12,0.));
#11984=DIRECTION('',(-0.906183135191635,0.422885475624617,0.));
#11985=DIRECTION('center_axis',(-0.422885465343173,-0.906183139989643,0.));
#11986=DIRECTION('ref_axis',(0.906183139989643,-0.422885465343173,0.));
#11987=DIRECTION('',(-2.200972626376E-8,-1.707523011873E-11,-1.));
#11988=DIRECTION('center_axis',(0.,-1.,0.));
#11989=DIRECTION('ref_axis',(1.,0.,0.));
#11990=DIRECTION('',(5.118905299639E-11,3.412825577698E-11,1.));
#11991=DIRECTION('center_axis',(0.707106781178498,-0.707106781194598,0.));
#11992=DIRECTION('ref_axis',(-0.707106781194598,-0.707106781178498,0.));
#11993=DIRECTION('',(0.,0.,1.));
#11994=DIRECTION('center_axis',(1.,0.,0.));
#11995=DIRECTION('ref_axis',(0.,1.,0.));
#11996=DIRECTION('',(0.,-1.516120562428E-11,1.));
#11997=DIRECTION('center_axis',(0.,1.,0.));
#11998=DIRECTION('ref_axis',(-1.,0.,0.));
#11999=DIRECTION('',(0.,-7.602807272633E-12,1.));
#12000=DIRECTION('center_axis',(-1.,0.,0.));
#12001=DIRECTION('ref_axis',(0.,1.,0.));
#12002=DIRECTION('',(0.,7.602807272633E-12,1.));
#12003=DIRECTION('center_axis',(0.,1.,0.));
#12004=DIRECTION('ref_axis',(-1.,0.,0.));
#12005=DIRECTION('center_axis',(0.,0.,1.));
#12006=DIRECTION('ref_axis',(1.,0.,0.));
#12007=DIRECTION('',(-1.,0.,0.));
#12008=DIRECTION('',(0.,1.,0.));
#12009=DIRECTION('',(-1.,0.,0.));
#12010=DIRECTION('',(0.,1.,0.));
#12011=DIRECTION('center_axis',(0.,-1.,0.));
#12012=DIRECTION('ref_axis',(1.,0.,0.));
#12013=DIRECTION('',(1.,0.,0.));
#12014=DIRECTION('',(0.,0.,1.));
#12015=DIRECTION('',(0.,0.,1.));
#12016=DIRECTION('center_axis',(0.,0.,1.));
#12017=DIRECTION('ref_axis',(1.,0.,0.));
#12018=DIRECTION('',(0.,1.,0.));
#12019=DIRECTION('',(1.,0.,0.));
#12020=DIRECTION('',(0.,-1.,0.));
#12021=DIRECTION('center_axis',(-1.,0.,0.));
#12022=DIRECTION('ref_axis',(0.,-1.,0.));
#12023=DIRECTION('',(0.,0.,1.));
#12024=DIRECTION('center_axis',(0.,1.,0.));
#12025=DIRECTION('ref_axis',(-1.,0.,0.));
#12026=DIRECTION('',(0.,0.,-1.));
#12027=DIRECTION('center_axis',(1.,0.,0.));
#12028=DIRECTION('ref_axis',(0.,1.,0.));
#12029=DIRECTION('axis',(0.,0.,1.));
#12030=DIRECTION('refdir',(1.,0.,0.));
#12031=DIRECTION('center_axis',(0.,0.,1.));
#12032=DIRECTION('ref_axis',(1.,0.,0.));
#12033=DIRECTION('',(0.,1.,0.));
#12034=DIRECTION('',(-0.906183139998081,0.422885465325091,0.));
#12035=DIRECTION('',(1.,-2.218542830611E-12,0.));
#12036=DIRECTION('center_axis',(0.,0.,-1.));
#12037=DIRECTION('ref_axis',(-7.764278109335E-11,1.,0.));
#12038=DIRECTION('',(-1.,4.853260696217E-13,0.));
#12039=DIRECTION('',(0.906183154293991,0.422885434690996,0.));
#12040=DIRECTION('',(0.,1.,0.));
#12041=DIRECTION('',(1.,0.,0.));
#12042=DIRECTION('',(0.,-1.,0.));
#12043=DIRECTION('',(-1.,0.,0.));
#12044=DIRECTION('center_axis',(1.,0.,0.));
#12045=DIRECTION('ref_axis',(0.,1.,0.));
#12046=DIRECTION('',(0.,0.,-1.));
#12047=DIRECTION('',(0.,1.,0.));
#12048=DIRECTION('',(0.,0.,-1.));
#12049=DIRECTION('',(0.,0.,-1.));
#12050=DIRECTION('',(0.,1.,0.));
#12051=DIRECTION('',(0.,0.,1.));
#12052=DIRECTION('center_axis',(-0.422885465325091,-0.906183139998081,0.));
#12053=DIRECTION('ref_axis',(0.906183139998081,-0.422885465325091,0.));
#12054=DIRECTION('',(-0.906183139990136,0.422885465342117,0.));
#12055=DIRECTION('',(8.562595077422E-14,-1.707078922664E-11,-1.));
#12056=DIRECTION('center_axis',(0.,-1.,0.));
#12057=DIRECTION('ref_axis',(1.,0.,0.));
#12058=DIRECTION('',(1.,-1.946379583773E-12,0.));
#12059=DIRECTION('',(-1.440769725747E-10,-1.516120562428E-11,-1.));
#12060=DIRECTION('center_axis',(0.,0.,-1.));
#12061=DIRECTION('ref_axis',(0.,1.,0.));
#12062=DIRECTION('center_axis',(0.,0.,-1.));
#12063=DIRECTION('ref_axis',(9.737988193592E-12,1.,0.));
#12064=DIRECTION('',(-3.640754364653E-11,3.801403636317E-12,1.));
#12065=DIRECTION('center_axis',(0.,1.,0.));
#12066=DIRECTION('ref_axis',(-1.,0.,0.));
#12067=DIRECTION('',(-1.,-5.773159782378E-14,0.));
#12068=DIRECTION('',(2.443781288441E-11,7.598366380535E-12,1.));
#12069=DIRECTION('center_axis',(-0.422885434690996,0.906183154293991,0.));
#12070=DIRECTION('ref_axis',(0.906183154293991,0.422885434690996,0.));
#12071=DIRECTION('',(0.906183154292213,0.422885434694806,0.));
#12072=DIRECTION('center_axis',(0.,0.,1.));
#12073=DIRECTION('ref_axis',(1.,0.,0.));
#12074=DIRECTION('center_axis',(0.,-1.,0.));
#12075=DIRECTION('ref_axis',(-1.,0.,0.));
#12076=DIRECTION('',(-1.,0.,0.));
#12077=DIRECTION('',(0.,0.,-1.));
#12078=DIRECTION('center_axis',(-1.,0.,0.));
#12079=DIRECTION('ref_axis',(0.,-1.,0.));
#12080=DIRECTION('',(0.,0.,-1.));
#12081=DIRECTION('',(0.,1.,0.));
#12082=DIRECTION('center_axis',(0.,1.,0.));
#12083=DIRECTION('ref_axis',(1.,0.,0.));
#12084=DIRECTION('',(-1.,0.,0.));
#12085=DIRECTION('center_axis',(0.,0.,1.));
#12086=DIRECTION('ref_axis',(1.,0.,0.));
#12087=DIRECTION('axis',(0.,0.,1.));
#12088=DIRECTION('refdir',(1.,0.,0.));
#12089=DIRECTION('center_axis',(0.,0.,1.));
#12090=DIRECTION('ref_axis',(1.,0.,0.));
#12091=DIRECTION('',(0.,1.,0.));
#12092=DIRECTION('',(-1.,0.,0.));
#12093=DIRECTION('',(0.,1.,0.));
#12094=DIRECTION('',(1.,0.,0.));
#12095=DIRECTION('',(0.,1.,0.));
#12096=DIRECTION('',(1.,0.,-3.439604737009E-14));
#12097=DIRECTION('',(0.906183139998081,-0.422885465325091,0.));
#12098=DIRECTION('',(-1.,-1.299278157634E-12,0.));
#12099=DIRECTION('center_axis',(0.,0.,-1.));
#12100=DIRECTION('ref_axis',(2.217674932581E-10,-1.,0.));
#12101=DIRECTION('',(1.,-1.299912570797E-12,0.));
#12102=DIRECTION('',(-0.906183139955986,-0.422885465415294,0.));
#12103=DIRECTION('',(1.,0.,-2.579703491883E-14));
#12104=DIRECTION('center_axis',(-1.,0.,0.));
#12105=DIRECTION('ref_axis',(0.,-1.,0.));
#12106=DIRECTION('',(0.,0.,-1.));
#12107=DIRECTION('',(0.,1.,0.));
#12108=DIRECTION('',(0.,0.,1.));
#12109=DIRECTION('',(0.,0.,-1.));
#12110=DIRECTION('',(0.,1.,0.));
#12111=DIRECTION('',(0.,0.,-1.));
#12112=DIRECTION('center_axis',(0.,1.,0.));
#12113=DIRECTION('ref_axis',(1.,0.,0.));
#12114=DIRECTION('',(1.,0.,0.));
#12115=DIRECTION('',(0.,0.,-1.));
#12116=DIRECTION('center_axis',(1.,0.,0.));
#12117=DIRECTION('ref_axis',(0.,1.,0.));
#12118=DIRECTION('',(0.,1.,0.));
#12119=DIRECTION('',(0.,0.,-1.));
#12120=DIRECTION('center_axis',(0.,-1.,0.));
#12121=DIRECTION('ref_axis',(-1.,0.,0.));
#12122=DIRECTION('',(1.,0.,0.));
#12123=DIRECTION('center_axis',(0.,0.,1.));
#12124=DIRECTION('ref_axis',(1.,0.,0.));
#12125=DIRECTION('center_axis',(0.,1.,0.));
#12126=DIRECTION('ref_axis',(0.,0.,1.));
#12127=DIRECTION('',(1.,0.,-2.579703552757E-14));
#12128=DIRECTION('',(0.,0.,1.));
#12129=DIRECTION('center_axis',(0.422885465325091,0.906183139998081,0.));
#12130=DIRECTION('ref_axis',(-0.906183139998081,0.422885465325091,0.));
#12131=DIRECTION('',(0.906183140003303,-0.422885465313901,0.));
#12132=DIRECTION('',(-4.432010314304E-12,1.341149413747E-11,1.));
#12133=DIRECTION('center_axis',(0.,1.,0.));
#12134=DIRECTION('ref_axis',(-1.,0.,0.));
#12135=DIRECTION('',(-1.,-7.371880952879E-13,0.));
#12136=DIRECTION('',(-9.632739050858E-11,-9.467981954003E-12,-1.));
#12137=DIRECTION('center_axis',(0.,0.,-1.));
#12138=DIRECTION('ref_axis',(-1.,-6.12323399573677E-17,0.));
#12139=DIRECTION('center_axis',(0.,0.,-1.));
#12140=DIRECTION('ref_axis',(-1.020694639919E-11,-1.,0.));
#12141=DIRECTION('',(9.666045741596E-11,-9.499068198693E-12,1.));
#12142=DIRECTION('center_axis',(0.,-1.,0.));
#12143=DIRECTION('ref_axis',(1.,0.,0.));
#12144=DIRECTION('',(1.,-1.377310976652E-12,0.));
#12145=DIRECTION('',(-2.988720382291E-12,-8.952838470577E-12,1.));
#12146=DIRECTION('center_axis',(0.422885465415294,-0.906183139955986,0.));
#12147=DIRECTION('ref_axis',(0.906183139955986,0.422885465415294,0.));
#12148=DIRECTION('',(-0.906183139959486,-0.422885465407794,0.));
#12149=DIRECTION('',(0.,0.,1.));
#12150=DIRECTION('center_axis',(0.,-1.,0.));
#12151=DIRECTION('ref_axis',(0.,0.,-1.));
#12152=DIRECTION('',(1.,0.,-2.579703491883E-14));
#12153=DIRECTION('center_axis',(0.,0.,1.));
#12154=DIRECTION('ref_axis',(1.,0.,0.));
#12155=DIRECTION('axis',(0.,0.,1.));
#12156=DIRECTION('refdir',(1.,0.,0.));
#12157=DIRECTION('center_axis',(0.,0.,1.));
#12158=DIRECTION('ref_axis',(1.,0.,0.));
#12159=DIRECTION('',(1.,0.,0.));
#12160=DIRECTION('',(0.,1.,0.));
#12161=DIRECTION('',(0.422885465415294,0.906183139955986,0.));
#12162=DIRECTION('',(6.062650382099E-12,-1.,0.));
#12163=DIRECTION('center_axis',(0.,0.,-1.));
#12164=DIRECTION('ref_axis',(1.,-1.057866683141E-9,0.));
#12165=DIRECTION('',(-9.091616346703E-12,1.,0.));
#12166=DIRECTION('',(0.422885465402199,-0.906183139962097,0.));
#12167=DIRECTION('',(0.,1.,0.));
#12168=DIRECTION('',(1.,0.,0.));
#12169=DIRECTION('',(0.,1.,0.));
#12170=DIRECTION('',(-1.,0.,0.));
#12171=DIRECTION('',(0.,1.,0.));
#12172=DIRECTION('center_axis',(0.,-1.,0.));
#12173=DIRECTION('ref_axis',(1.,0.,0.));
#12174=DIRECTION('',(0.,0.,-1.));
#12175=DIRECTION('',(1.,1.110223024651E-14,0.));
#12176=DIRECTION('',(0.,0.,-1.));
#12177=DIRECTION('',(0.,0.,-1.));
#12178=DIRECTION('',(1.,0.,0.));
#12179=DIRECTION('',(0.,0.,1.));
#12180=DIRECTION('center_axis',(-1.,0.,0.));
#12181=DIRECTION('ref_axis',(0.,0.,1.));
#12182=DIRECTION('',(0.,1.,0.));
#12183=DIRECTION('',(0.,0.,1.));
#12184=DIRECTION('center_axis',(-0.906183139955986,0.422885465415294,0.));
#12185=DIRECTION('ref_axis',(-0.422885465415294,-0.906183139955986,0.));
#12186=DIRECTION('',(0.422885465411889,0.906183139957575,0.));
#12187=DIRECTION('',(1.221245327088E-14,-7.496225862269E-12,-1.));
#12188=DIRECTION('center_axis',(-1.,0.,0.));
#12189=DIRECTION('ref_axis',(0.,-1.,0.));
#12190=DIRECTION('',(6.059319713034E-12,-1.,0.));
#12191=DIRECTION('',(0.,-1.492139745096E-12,-1.));
#12192=DIRECTION('center_axis',(0.,0.,-1.));
#12193=DIRECTION('ref_axis',(-4.00130501282438E-12,-1.,0.));
#12194=DIRECTION('center_axis',(0.,0.,-1.));
#12195=DIRECTION('ref_axis',(1.,6.990994450007E-10,0.));
#12196=DIRECTION('',(-6.063372026688E-11,-7.320677397615E-10,1.));
#12197=DIRECTION('center_axis',(1.,0.,0.));
#12198=DIRECTION('ref_axis',(0.,1.,0.));
#12199=DIRECTION('',(6.06625860695E-12,1.,0.));
#12200=DIRECTION('',(-1.212652200877E-10,3.897726585933E-10,1.));
#12201=DIRECTION('center_axis',(0.906183139962097,0.422885465402199,0.));
#12202=DIRECTION('ref_axis',(0.422885465402199,-0.906183139962097,0.));
#12203=DIRECTION('',(0.422885465341996,-0.906183139990192,0.));
#12204=DIRECTION('',(0.,0.,-1.));
#12205=DIRECTION('center_axis',(1.,0.,0.));
#12206=DIRECTION('ref_axis',(0.,0.,-1.));
#12207=DIRECTION('',(-1.551963035436E-14,1.,0.));
#12208=DIRECTION('center_axis',(0.,0.,1.));
#12209=DIRECTION('ref_axis',(1.,0.,0.));
#12210=DIRECTION('center_axis',(-1.,0.,0.));
#12211=DIRECTION('ref_axis',(0.,1.,0.));
#12212=DIRECTION('',(0.,1.,0.));
#12213=DIRECTION('',(0.,0.,-1.));
#12214=DIRECTION('center_axis',(0.,1.,0.));
#12215=DIRECTION('ref_axis',(-1.,0.,0.));
#12216=DIRECTION('',(0.,0.,-1.));
#12217=DIRECTION('',(1.,0.,0.));
#12218=DIRECTION('center_axis',(1.,0.,0.));
#12219=DIRECTION('ref_axis',(0.,-1.,0.));
#12220=DIRECTION('',(0.,-1.,0.));
#12221=DIRECTION('center_axis',(0.,0.,1.));
#12222=DIRECTION('ref_axis',(1.,0.,0.));
#12223=DIRECTION('axis',(0.,0.,1.));
#12224=DIRECTION('refdir',(1.,0.,0.));
#12225=DIRECTION('center_axis',(0.,0.,1.));
#12226=DIRECTION('ref_axis',(1.,0.,0.));
#12227=DIRECTION('',(1.,1.78361118317E-14,0.));
#12228=DIRECTION('',(0.,1.,0.));
#12229=DIRECTION('',(0.422885465415294,0.906183139955986,0.));
#12230=DIRECTION('',(-9.09161634755E-12,-1.,0.));
#12231=DIRECTION('center_axis',(0.,0.,-1.));
#12232=DIRECTION('ref_axis',(1.,6.995435342105E-10,0.));
#12233=DIRECTION('',(6.057376822751E-12,1.,0.));
#12234=DIRECTION('',(0.422885465219078,-0.906183140047554,0.));
#12235=DIRECTION('',(0.,1.,0.));
#12236=DIRECTION('',(1.,0.,0.));
#12237=DIRECTION('',(0.,-1.,0.));
#12238=DIRECTION('',(-1.,0.,0.));
#12239=DIRECTION('',(0.,1.,0.));
#12240=DIRECTION('center_axis',(0.,-1.,0.));
#12241=DIRECTION('ref_axis',(1.,0.,0.));
#12242=DIRECTION('',(0.,0.,-1.));
#12243=DIRECTION('',(1.,2.220446049303E-14,0.));
#12244=DIRECTION('',(0.,0.,-1.));
#12245=DIRECTION('',(0.,0.,-1.));
#12246=DIRECTION('',(1.,0.,0.));
#12247=DIRECTION('',(0.,0.,1.));
#12248=DIRECTION('center_axis',(-1.,0.,0.));
#12249=DIRECTION('ref_axis',(0.,0.,1.));
#12250=DIRECTION('',(-3.103926070747E-14,1.,0.));
#12251=DIRECTION('',(0.,0.,1.));
#12252=DIRECTION('center_axis',(-0.906183139955986,0.422885465415294,0.));
#12253=DIRECTION('ref_axis',(-0.422885465415294,-0.906183139955986,0.));
#12254=DIRECTION('',(0.422885465411806,0.906183139957614,0.));
#12255=DIRECTION('',(0.,-7.576161920042E-12,-1.));
#12256=DIRECTION('center_axis',(-1.,0.,0.));
#12257=DIRECTION('ref_axis',(0.,-1.,0.));
#12258=DIRECTION('',(-9.090506124548E-12,-1.,0.));
#12259=DIRECTION('',(0.,2.238209617644E-12,-1.));
#12260=DIRECTION('center_axis',(0.,0.,-1.));
#12261=DIRECTION('ref_axis',(5.23106186655836E-10,-1.,0.));
#12262=DIRECTION('center_axis',(0.,0.,-1.));
#12263=DIRECTION('ref_axis',(1.,7.003855273524E-10,0.));
#12264=DIRECTION('',(0.,-3.508304757815E-13,1.));
#12265=DIRECTION('center_axis',(1.,0.,0.));
#12266=DIRECTION('ref_axis',(0.,1.,0.));
#12267=DIRECTION('',(6.059597268801E-12,1.,0.));
#12268=DIRECTION('',(0.,2.22044604925E-14,1.));
#12269=DIRECTION('center_axis',(0.906183140047553,0.422885465219078,0.));
#12270=DIRECTION('ref_axis',(0.422885465219078,-0.906183140047553,0.));
#12271=DIRECTION('',(0.422885465219078,-0.906183140047554,0.));
#12272=DIRECTION('',(0.,0.,-1.));
#12273=DIRECTION('center_axis',(1.,0.,0.));
#12274=DIRECTION('ref_axis',(0.,0.,-1.));
#12275=DIRECTION('',(-3.103926070995E-14,1.,0.));
#12276=DIRECTION('center_axis',(0.,0.,1.));
#12277=DIRECTION('ref_axis',(1.,0.,0.));
#12278=DIRECTION('center_axis',(-1.,0.,0.));
#12279=DIRECTION('ref_axis',(0.,1.,0.));
#12280=DIRECTION('',(0.,1.,0.));
#12281=DIRECTION('',(0.,0.,-1.));
#12282=DIRECTION('center_axis',(0.,1.,0.));
#12283=DIRECTION('ref_axis',(-1.,0.,0.));
#12284=DIRECTION('',(1.,0.,0.));
#12285=DIRECTION('',(0.,0.,-1.));
#12286=DIRECTION('center_axis',(1.,0.,0.));
#12287=DIRECTION('ref_axis',(0.,-1.,0.));
#12288=DIRECTION('',(0.,1.,0.));
#12289=DIRECTION('center_axis',(0.,0.,1.));
#12290=DIRECTION('ref_axis',(1.,0.,0.));
#12291=DIRECTION('axis',(0.,0.,1.));
#12292=DIRECTION('refdir',(1.,0.,0.));
#12293=DIRECTION('center_axis',(0.,0.,1.));
#12294=DIRECTION('ref_axis',(1.,0.,0.));
#12295=DIRECTION('',(0.,1.,0.));
#12296=DIRECTION('',(-0.906183139955986,0.422885465415294,0.));
#12297=DIRECTION('',(1.,1.299912570797E-12,0.));
#12298=DIRECTION('center_axis',(0.,0.,-1.));
#12299=DIRECTION('ref_axis',(-2.217301897645E-10,1.,0.));
#12300=DIRECTION('',(-1.,1.299278157648E-12,0.));
#12301=DIRECTION('',(0.906183154296602,0.422885434685401,0.));
#12302=DIRECTION('',(0.,1.,0.));
#12303=DIRECTION('',(1.,0.,0.));
#12304=DIRECTION('',(0.,-1.,0.));
#12305=DIRECTION('',(-1.,0.,0.));
#12306=DIRECTION('center_axis',(1.,0.,0.));
#12307=DIRECTION('ref_axis',(0.,1.,0.));
#12308=DIRECTION('',(0.,0.,-1.));
#12309=DIRECTION('',(0.,1.,0.));
#12310=DIRECTION('',(0.,0.,-1.));
#12311=DIRECTION('',(0.,0.,-1.));
#12312=DIRECTION('',(0.,1.,0.));
#12313=DIRECTION('',(0.,0.,1.));
#12314=DIRECTION('center_axis',(-0.422885465415294,-0.906183139955986,0.));
#12315=DIRECTION('ref_axis',(0.906183139955986,-0.422885465415294,0.));
#12316=DIRECTION('',(-0.906183139959525,0.422885465407711,0.));
#12317=DIRECTION('',(6.369904603787E-14,7.571721027944E-12,-1.));
#12318=DIRECTION('center_axis',(0.,-1.,0.));
#12319=DIRECTION('ref_axis',(1.,0.,0.));
#12320=DIRECTION('',(1.,1.570806991337E-12,0.));
#12321=DIRECTION('',(9.63285007316E-11,9.467981954003E-12,-1.));
#12322=DIRECTION('center_axis',(0.,0.,-1.));
#12323=DIRECTION('ref_axis',(1.,2.83276944882399E-16,0.));
#12324=DIRECTION('center_axis',(0.,0.,-1.));
#12325=DIRECTION('ref_axis',(9.627854069549E-12,1.,0.));
#12326=DIRECTION('',(-9.64006652282E-11,9.472422846102E-12,1.));
#12327=DIRECTION('center_axis',(0.,1.,0.));
#12328=DIRECTION('ref_axis',(-1.,0.,0.));
#12329=DIRECTION('',(-1.,-5.944451336361E-13,0.));
#12330=DIRECTION('',(7.306169558241E-11,2.273736754432E-11,1.));
#12331=DIRECTION('center_axis',(-0.422885434685401,0.906183154296602,0.));
#12332=DIRECTION('ref_axis',(0.906183154296602,0.422885434685401,0.));
#12333=DIRECTION('',(0.906183154291324,0.422885434696711,0.));
#12334=DIRECTION('center_axis',(0.,0.,1.));
#12335=DIRECTION('ref_axis',(1.,0.,0.));
#12336=DIRECTION('center_axis',(0.,-1.,0.));
#12337=DIRECTION('ref_axis',(-1.,0.,0.));
#12338=DIRECTION('',(-1.,0.,0.));
#12339=DIRECTION('',(0.,0.,-1.));
#12340=DIRECTION('center_axis',(-1.,0.,0.));
#12341=DIRECTION('ref_axis',(0.,-1.,0.));
#12342=DIRECTION('',(0.,1.,0.));
#12343=DIRECTION('',(0.,0.,-1.));
#12344=DIRECTION('center_axis',(0.,1.,0.));
#12345=DIRECTION('ref_axis',(1.,0.,0.));
#12346=DIRECTION('',(-1.,0.,0.));
#12347=DIRECTION('center_axis',(0.,0.,1.));
#12348=DIRECTION('ref_axis',(1.,0.,0.));
#12349=DIRECTION('axis',(0.,0.,1.));
#12350=DIRECTION('refdir',(1.,0.,0.));
#12351=DIRECTION('center_axis',(0.,0.,-1.));
#12352=DIRECTION('ref_axis',(-0.707106781186548,0.707106781186548,0.));
#12353=DIRECTION('center_axis',(0.,0.,-1.));
#12354=DIRECTION('ref_axis',(-1.,0.,0.));
#12355=DIRECTION('',(7.13740178071E-11,7.04769576032E-12,-1.));
#12356=DIRECTION('center_axis',(0.,0.,-1.));
#12357=DIRECTION('ref_axis',(-1.,0.,0.));
#12358=DIRECTION('',(0.,0.,1.));
#12359=DIRECTION('center_axis',(0.,0.,1.));
#12360=DIRECTION('ref_axis',(1.,0.,0.));
#12361=DIRECTION('',(0.,1.,0.));
#12362=DIRECTION('',(-1.,0.,0.));
#12363=DIRECTION('',(0.,1.,0.));
#12364=DIRECTION('',(1.,0.,0.));
#12365=DIRECTION('',(0.,1.,0.));
#12366=DIRECTION('',(1.,0.,-3.439604667E-14));
#12367=DIRECTION('',(0.906183139987525,-0.422885465347711,0.));
#12368=DIRECTION('',(-1.,0.,0.));
#12369=DIRECTION('',(0.,-1.,0.));
#12370=DIRECTION('',(-1.,0.,0.));
#12371=DIRECTION('',(-1.304353450645E-12,-1.,0.));
#12372=DIRECTION('center_axis',(0.,0.,-1.));
#12373=DIRECTION('ref_axis',(-5.162714700043E-10,-1.,0.));
#12374=DIRECTION('',(1.,2.260710157494E-12,0.));
#12375=DIRECTION('',(-0.906183139998081,-0.422885465325091,0.));
#12376=DIRECTION('',(1.,0.,-2.579697817019E-14));
#12377=DIRECTION('center_axis',(-1.,0.,0.));
#12378=DIRECTION('ref_axis',(0.,-1.,0.));
#12379=DIRECTION('',(0.,1.,0.));
#12380=DIRECTION('',(0.,0.,1.));
#12381=DIRECTION('',(0.,0.,-1.));
#12382=DIRECTION('',(0.,1.,0.));
#12383=DIRECTION('',(0.,0.,-1.));
#12384=DIRECTION('',(0.,0.,-1.));
#12385=DIRECTION('center_axis',(0.,0.,1.));
#12386=DIRECTION('ref_axis',(1.,0.,0.));
#12387=DIRECTION('',(1.,0.,-2.579697817019E-14));
#12388=DIRECTION('',(-0.906183130452541,-0.422885485779819,0.));
#12389=DIRECTION('',(1.,1.129537945244E-9,0.));
#12390=DIRECTION('center_axis',(0.,0.,-1.));
#12391=DIRECTION('ref_axis',(3.557154570797E-12,-1.,0.));
#12392=DIRECTION('',(-1.306891103258E-12,-1.,0.));
#12393=DIRECTION('',(-1.,-8.526512829189E-14,0.));
#12394=DIRECTION('',(0.,1.,0.));
#12395=DIRECTION('',(-1.,0.,0.));
#12396=DIRECTION('',(0.906183139985803,-0.422885465351401,0.));
#12397=DIRECTION('',(1.,0.,-2.57970350025E-14));
#12398=DIRECTION('center_axis',(0.,1.,0.));
#12399=DIRECTION('ref_axis',(0.,0.,1.));
#12400=DIRECTION('',(0.,0.,-1.));
#12401=DIRECTION('center_axis',(0.422885465347711,0.906183139987525,0.));
#12402=DIRECTION('ref_axis',(0.906183139987525,-0.422885465347711,0.));
#12403=DIRECTION('',(2.442490654175E-11,-7.602807272633E-12,-1.));
#12404=DIRECTION('center_axis',(0.,1.,0.));
#12405=DIRECTION('ref_axis',(-1.,0.,0.));
#12406=DIRECTION('',(0.,7.602807272633E-12,1.));
#12407=DIRECTION('center_axis',(1.,0.,0.));
#12408=DIRECTION('ref_axis',(0.,-1.,0.));
#12409=DIRECTION('',(0.,-7.580602812141E-12,1.));
#12410=DIRECTION('center_axis',(0.,1.,0.));
#12411=DIRECTION('ref_axis',(-1.,0.,0.));
#12412=DIRECTION('center_axis',(-1.,0.,0.));
#12413=DIRECTION('ref_axis',(0.,-1.,0.));
#12414=DIRECTION('',(0.,-1.989075570918E-11,-1.));
#12415=DIRECTION('center_axis',(0.,0.,-1.));
#12416=DIRECTION('ref_axis',(0.,-1.,0.));
#12417=DIRECTION('',(-1.732747278993E-10,1.706190744244E-11,1.));
#12418=DIRECTION('center_axis',(0.,-1.,0.));
#12419=DIRECTION('ref_axis',(1.,0.,0.));
#12420=DIRECTION('',(-6.22577589481899E-8,-8.43751291057498E-9,0.999999999999998));
#12421=DIRECTION('center_axis',(0.422885465325091,-0.906183139998081,0.));
#12422=DIRECTION('ref_axis',(0.906183139998081,0.422885465325091,0.));
#12423=DIRECTION('',(0.,0.,-1.));
#12424=DIRECTION('center_axis',(0.,-1.,0.));
#12425=DIRECTION('ref_axis',(0.,0.,-1.));
#12426=DIRECTION('center_axis',(0.,1.,0.));
#12427=DIRECTION('ref_axis',(1.,0.,0.));
#12428=DIRECTION('',(1.,0.,0.));
#12429=DIRECTION('',(0.,0.,-1.));
#12430=DIRECTION('center_axis',(1.,0.,0.));
#12431=DIRECTION('ref_axis',(0.,1.,0.));
#12432=DIRECTION('',(0.,0.,-1.));
#12433=DIRECTION('',(0.,1.,0.));
#12434=DIRECTION('center_axis',(0.,-1.,0.));
#12435=DIRECTION('ref_axis',(-1.,0.,0.));
#12436=DIRECTION('',(1.,0.,0.));
#12437=DIRECTION('center_axis',(0.,0.,1.));
#12438=DIRECTION('ref_axis',(1.,0.,0.));
#12439=DIRECTION('axis',(0.,0.,1.));
#12440=DIRECTION('refdir',(1.,0.,0.));
#12441=DIRECTION('center_axis',(0.,0.,1.));
#12442=DIRECTION('ref_axis',(1.,0.,0.));
#12443=DIRECTION('',(1.,0.,0.));
#12444=DIRECTION('',(0.,1.,0.));
#12445=DIRECTION('',(1.,0.,0.));
#12446=DIRECTION('',(0.,1.,0.));
#12447=DIRECTION('center_axis',(0.,-1.,0.));
#12448=DIRECTION('ref_axis',(1.,0.,0.));
#12449=DIRECTION('',(1.,0.,0.));
#12450=DIRECTION('',(0.,0.,-1.));
#12451=DIRECTION('',(0.,0.,-1.));
#12452=DIRECTION('',(1.,0.,0.));
#12453=DIRECTION('',(0.,0.,-1.));
#12454=DIRECTION('',(1.,0.,0.));
#12455=DIRECTION('',(0.,0.,1.));
#12456=DIRECTION('center_axis',(0.,0.,1.));
#12457=DIRECTION('ref_axis',(1.,0.,0.));
#12458=DIRECTION('',(0.,1.,0.));
#12459=DIRECTION('',(0.624695047617924,0.78086880939223,0.));
#12460=DIRECTION('',(0.,-1.,0.));
#12461=DIRECTION('center_axis',(0.,0.,-1.));
#12462=DIRECTION('ref_axis',(1.,-1.308603595905E-9,0.));
#12463=DIRECTION('',(-5.389664023297E-12,1.,0.));
#12464=DIRECTION('',(0.624695047516876,-0.780868809473069,0.));
#12465=DIRECTION('',(0.,1.,0.));
#12466=DIRECTION('',(0.,-1.,0.));
#12467=DIRECTION('',(-1.,0.,0.));
#12468=DIRECTION('',(0.,1.,0.));
#12469=DIRECTION('center_axis',(1.,0.,0.));
#12470=DIRECTION('ref_axis',(0.,-1.,0.));
#12471=DIRECTION('',(0.,0.,-1.));
#12472=DIRECTION('center_axis',(0.,1.,0.));
#12473=DIRECTION('ref_axis',(-1.,0.,0.));
#12474=DIRECTION('',(0.,0.,-1.));
#12475=DIRECTION('center_axis',(-1.,0.,0.));
#12476=DIRECTION('ref_axis',(0.,1.,0.));
#12477=DIRECTION('center_axis',(1.,0.,0.));
#12478=DIRECTION('ref_axis',(0.,0.,-1.));
#12479=DIRECTION('',(0.,0.,-1.));
#12480=DIRECTION('',(0.,1.,0.));
#12481=DIRECTION('center_axis',(0.,0.,1.));
#12482=DIRECTION('ref_axis',(1.,0.,0.));
#12483=DIRECTION('',(0.624695047478375,-0.780868809503869,0.));
#12484=DIRECTION('',(0.,1.,0.));
#12485=DIRECTION('center_axis',(0.,0.,-1.));
#12486=DIRECTION('ref_axis',(1.,6.217248938142E-14,0.));
#12487=DIRECTION('',(0.,-1.,0.));
#12488=DIRECTION('',(0.624695047617924,0.78086880939223,0.));
#12489=DIRECTION('',(0.,1.,0.));
#12490=DIRECTION('center_axis',(-1.,0.,0.));
#12491=DIRECTION('ref_axis',(0.,0.,1.));
#12492=DIRECTION('',(0.,0.,-1.));
#12493=DIRECTION('center_axis',(-0.78086880939223,0.624695047617924,0.));
#12494=DIRECTION('ref_axis',(0.624695047617924,0.78086880939223,0.));
#12495=DIRECTION('',(0.,0.,-1.));
#12496=DIRECTION('center_axis',(-1.,0.,0.));
#12497=DIRECTION('ref_axis',(0.,-1.,0.));
#12498=DIRECTION('',(0.,0.,-1.));
#12499=DIRECTION('center_axis',(0.,0.,-1.));
#12500=DIRECTION('ref_axis',(-1.,0.,0.));
#12501=DIRECTION('',(-6.063149982083E-11,-6.543343644694E-10,1.));
#12502=DIRECTION('center_axis',(1.,0.,0.));
#12503=DIRECTION('ref_axis',(0.,1.,0.));
#12504=DIRECTION('',(-1.212741018719E-10,2.2740920258E-10,1.));
#12505=DIRECTION('center_axis',(0.780868809473069,0.624695047516875,0.));
#12506=DIRECTION('ref_axis',(0.624695047516875,-0.780868809473069,0.));
#12507=DIRECTION('axis',(0.,0.,1.));
#12508=DIRECTION('refdir',(1.,0.,0.));
#12509=DIRECTION('center_axis',(-1.,0.,0.));
#12510=DIRECTION('ref_axis',(0.,-1.,0.));
#12511=DIRECTION('',(0.,1.,0.));
#12512=DIRECTION('',(0.,0.,-1.));
#12513=DIRECTION('',(0.,1.,0.));
#12514=DIRECTION('',(0.,0.,1.));
#12515=DIRECTION('',(0.,1.,0.));
#12516=DIRECTION('',(0.,0.,-1.));
#12517=DIRECTION('',(0.,-1.,0.));
#12518=DIRECTION('',(0.,0.,-1.));
#12519=DIRECTION('center_axis',(0.,0.,1.));
#12520=DIRECTION('ref_axis',(1.,0.,0.));
#12521=DIRECTION('',(1.,0.,0.));
#12522=DIRECTION('',(0.,1.,0.));
#12523=DIRECTION('',(1.,0.,0.));
#12524=DIRECTION('',(1.,0.,-3.439604713711E-14));
#12525=DIRECTION('',(0.906183139998081,-0.422885465325091,0.));
#12526=DIRECTION('',(-1.,-4.853260696197E-13,0.));
#12527=DIRECTION('center_axis',(0.,0.,-1.));
#12528=DIRECTION('ref_axis',(-3.070184106946E-10,-1.,0.));
#12529=DIRECTION('',(1.,2.218542830618E-12,0.));
#12530=DIRECTION('',(-0.906183139998081,-0.422885465325091,0.));
#12531=DIRECTION('',(1.,0.,-2.579703495018E-14));
#12532=DIRECTION('center_axis',(0.,-1.,0.));
#12533=DIRECTION('ref_axis',(0.,0.,-1.));
#12534=DIRECTION('',(0.,0.,1.));
#12535=DIRECTION('',(1.,0.,-2.579703495018E-14));
#12536=DIRECTION('center_axis',(0.,0.,1.));
#12537=DIRECTION('ref_axis',(1.,0.,0.));
#12538=DIRECTION('',(-0.906183139990192,-0.422885465341996,0.));
#12539=DIRECTION('',(1.,1.512440980352E-12,0.));
#12540=DIRECTION('center_axis',(0.,0.,-1.));
#12541=DIRECTION('ref_axis',(-7.130296353353E-12,-1.,0.));
#12542=DIRECTION('',(-1.,-3.869920293682E-13,0.));
#12543=DIRECTION('',(0.906183139999803,-0.422885465321401,0.));
#12544=DIRECTION('',(1.,0.,-2.579703535284E-14));
#12545=DIRECTION('center_axis',(0.,1.,0.));
#12546=DIRECTION('ref_axis',(0.,0.,1.));
#12547=DIRECTION('',(0.,0.,1.));
#12548=DIRECTION('center_axis',(0.422885465325091,0.906183139998081,0.));
#12549=DIRECTION('ref_axis',(-0.906183139998081,0.422885465325091,0.));
#12550=DIRECTION('',(-1.54098955818E-12,4.494182803683E-12,1.));
#12551=DIRECTION('center_axis',(0.,1.,0.));
#12552=DIRECTION('ref_axis',(-1.,0.,0.));
#12553=DIRECTION('',(-3.128164394184E-11,-3.801403636317E-12,-1.));
#12554=DIRECTION('center_axis',(0.,0.,-1.));
#12555=DIRECTION('ref_axis',(0.,-1.,0.));
#12556=DIRECTION('',(-1.249533809755E-10,1.517008740848E-11,1.));
#12557=DIRECTION('center_axis',(0.,-1.,0.));
#12558=DIRECTION('ref_axis',(1.,0.,0.));
#12559=DIRECTION('',(6.541434061091E-12,2.012168209831E-11,1.));
#12560=DIRECTION('center_axis',(0.422885465325091,-0.906183139998081,0.));
#12561=DIRECTION('ref_axis',(0.906183139998081,0.422885465325091,0.));
#12562=DIRECTION('center_axis',(0.,-1.,0.));
#12563=DIRECTION('ref_axis',(-1.,0.,0.));
#12564=DIRECTION('',(0.,0.,-1.));
#12565=DIRECTION('',(-1.,0.,0.));
#12566=DIRECTION('center_axis',(0.,0.,1.));
#12567=DIRECTION('ref_axis',(1.,0.,0.));
#12568=DIRECTION('',(0.,-1.,0.));
#12569=DIRECTION('',(1.,0.,0.));
#12570=DIRECTION('center_axis',(0.,1.,0.));
#12571=DIRECTION('ref_axis',(1.,0.,0.));
#12572=DIRECTION('',(0.,0.,-1.));
#12573=DIRECTION('center_axis',(1.,0.,0.));
#12574=DIRECTION('ref_axis',(0.,1.,0.));
#12575=DIRECTION('center_axis',(0.422885465341996,0.906183139990192,0.));
#12576=DIRECTION('ref_axis',(0.906183139990192,-0.422885465341996,0.));
#12577=DIRECTION('',(0.906183139990192,-0.422885465341996,0.));
#12578=DIRECTION('',(0.,0.,-1.));
#12579=DIRECTION('',(0.906183139990192,-0.422885465341996,0.));
#12580=DIRECTION('',(0.,0.,-1.));
#12581=DIRECTION('center_axis',(0.,0.,1.));
#12582=DIRECTION('ref_axis',(1.,0.,0.));
#12583=DIRECTION('',(0.,1.,0.));
#12584=DIRECTION('',(-1.,0.,0.));
#12585=DIRECTION('',(0.,1.,0.));
#12586=DIRECTION('',(1.,0.,0.));
#12587=DIRECTION('',(0.,1.,0.));
#12588=DIRECTION('',(1.,0.,-3.439604666963E-14));
#12589=DIRECTION('',(0.906183139990192,-0.422885465341996,0.));
#12590=DIRECTION('',(-1.,0.,0.));
#12591=DIRECTION('',(0.,-1.,0.));
#12592=DIRECTION('',(1.,0.,0.));
#12593=DIRECTION('',(-0.906183139990192,-0.422885465341996,0.));
#12594=DIRECTION('',(1.,0.,-2.579703500227E-14));
#12595=DIRECTION('',(0.,1.,0.));
#12596=DIRECTION('',(-1.,0.,0.));
#12597=DIRECTION('',(0.,1.,0.));
#12598=DIRECTION('',(1.,0.,0.));
#12599=DIRECTION('',(0.,1.,0.));
#12600=DIRECTION('',(1.,2.063762800181E-13,-3.439604666969E-14));
#12601=DIRECTION('',(-1.,0.,0.));
#12602=DIRECTION('',(0.,-1.,0.));
#12603=DIRECTION('',(1.,0.,0.));
#12604=DIRECTION('',(-0.906183139987525,-0.422885465347711,0.));
#12605=DIRECTION('',(1.,0.,-2.579703500229E-14));
#12606=DIRECTION('',(0.,1.,0.));
#12607=DIRECTION('',(1.,0.,0.));
#12608=DIRECTION('',(0.,1.,0.));
#12609=DIRECTION('',(1.,0.,0.));
#12610=DIRECTION('',(-1.786764979516E-14,1.,0.));
#12611=DIRECTION('',(1.,0.,-3.439604666986E-14));
#12612=DIRECTION('',(0.906183139987525,-0.422885465347711,0.));
#12613=DIRECTION('',(-1.,0.,0.));
#12614=DIRECTION('',(0.,-1.,0.));
#12615=DIRECTION('',(1.,0.,0.));
#12616=DIRECTION('',(-0.906183139987525,-0.422885465347711,0.));
#12617=DIRECTION('',(1.,8.255051200739E-13,-2.579703500231E-14));
#12618=DIRECTION('',(0.,1.,0.));
#12619=DIRECTION('',(-1.,0.,0.));
#12620=DIRECTION('',(0.,1.,0.));
#12621=DIRECTION('',(1.,0.,0.));
#12622=DIRECTION('',(0.,1.,0.));
#12623=DIRECTION('',(1.,0.,-3.439562378095E-14));
#12624=DIRECTION('',(0.906183139986825,-0.422885465349212,0.));
#12625=DIRECTION('',(-1.,0.,0.));
#12626=DIRECTION('',(0.00020267287732969,-0.999999979461852,0.));
#12627=DIRECTION('',(1.,0.,0.));
#12628=DIRECTION('center_axis',(0.,0.,-1.));
#12629=DIRECTION('ref_axis',(-1.,8.9699359049E-11,0.));
#12630=DIRECTION('',(-2.089484930347E-12,1.,0.));
#12631=DIRECTION('center_axis',(0.,0.,-1.));
#12632=DIRECTION('ref_axis',(9.686385028253E-10,-1.,0.));
#12633=DIRECTION('',(-1.,5.593400742736E-11,0.));
#12634=DIRECTION('',(0.,-1.,0.));
#12635=DIRECTION('',(1.,0.,0.));
#12636=DIRECTION('',(-0.906183139998081,-0.422885465325091,0.));
#12637=DIRECTION('',(1.,-2.063758257784E-13,-2.57969782223E-14));
#12638=DIRECTION('center_axis',(-1.,0.,0.));
#12639=DIRECTION('ref_axis',(0.,-1.,0.));
#12640=DIRECTION('',(0.,0.,-1.));
#12641=DIRECTION('',(0.,1.,0.));
#12642=DIRECTION('',(0.,0.,1.));
#12643=DIRECTION('',(0.,0.,-1.));
#12644=DIRECTION('',(0.,-1.,0.));
#12645=DIRECTION('',(0.,0.,-1.));
#12646=DIRECTION('center_axis',(-1.,0.,0.));
#12647=DIRECTION('ref_axis',(0.,-1.,0.));
#12648=DIRECTION('',(0.,0.,-1.));
#12649=DIRECTION('',(0.,1.,0.));
#12650=DIRECTION('',(0.,0.,1.));
#12651=DIRECTION('',(0.,0.,-1.));
#12652=DIRECTION('',(0.,-1.,0.));
#12653=DIRECTION('',(0.,0.,-1.));
#12654=DIRECTION('center_axis',(-1.,0.,0.));
#12655=DIRECTION('ref_axis',(0.,-1.,0.));
#12656=DIRECTION('',(0.,0.,-1.));
#12657=DIRECTION('',(0.,1.,0.));
#12658=DIRECTION('',(0.,0.,1.));
#12659=DIRECTION('',(0.,0.,-1.));
#12660=DIRECTION('',(0.,-1.,0.));
#12661=DIRECTION('',(0.,0.,-1.));
#12662=DIRECTION('center_axis',(-1.,0.,0.));
#12663=DIRECTION('ref_axis',(0.,-1.,0.));
#12664=DIRECTION('',(0.,0.,-1.));
#12665=DIRECTION('',(0.,1.,0.));
#12666=DIRECTION('',(0.,0.,1.));
#12667=DIRECTION('',(0.,0.,-1.));
#12668=DIRECTION('',(0.,-1.,0.));
#12669=DIRECTION('',(0.,0.,-1.));
#12670=DIRECTION('center_axis',(0.,1.,0.));
#12671=DIRECTION('ref_axis',(1.,0.,0.));
#12672=DIRECTION('',(1.,0.,0.));
#12673=DIRECTION('',(0.,0.,-1.));
#12674=DIRECTION('center_axis',(1.,0.,0.));
#12675=DIRECTION('ref_axis',(0.,1.,0.));
#12676=DIRECTION('',(0.,0.,-1.));
#12677=DIRECTION('',(0.,-1.,0.));
#12678=DIRECTION('',(0.,0.,-1.));
#12679=DIRECTION('center_axis',(1.,0.,0.));
#12680=DIRECTION('ref_axis',(0.,1.,0.));
#12681=DIRECTION('',(0.,0.,-1.));
#12682=DIRECTION('',(0.,-1.,0.));
#12683=DIRECTION('',(0.,0.,-1.));
#12684=DIRECTION('center_axis',(1.,0.,0.));
#12685=DIRECTION('ref_axis',(0.,1.,0.));
#12686=DIRECTION('',(0.,0.,-1.));
#12687=DIRECTION('',(0.,0.,-1.));
#12688=DIRECTION('',(0.,-1.,0.));
#12689=DIRECTION('center_axis',(1.,0.,0.));
#12690=DIRECTION('ref_axis',(0.,1.,0.));
#12691=DIRECTION('',(0.,0.,-1.));
#12692=DIRECTION('',(0.,-1.,0.));
#12693=DIRECTION('center_axis',(0.,1.,0.));
#12694=DIRECTION('ref_axis',(1.,0.,0.));
#12695=DIRECTION('',(1.,0.,0.));
#12696=DIRECTION('center_axis',(0.,0.,1.));
#12697=DIRECTION('ref_axis',(1.,0.,0.));
#12698=DIRECTION('',(-1.,0.,0.));
#12699=DIRECTION('',(1.,0.,0.));
#12700=DIRECTION('center_axis',(0.,0.,1.));
#12701=DIRECTION('ref_axis',(1.,0.,0.));
#12702=DIRECTION('',(-1.,0.,0.));
#12703=DIRECTION('',(1.,0.,0.));
#12704=DIRECTION('center_axis',(0.,0.,1.));
#12705=DIRECTION('ref_axis',(1.,0.,0.));
#12706=DIRECTION('',(-1.,0.,0.));
#12707=DIRECTION('center_axis',(0.,0.,1.));
#12708=DIRECTION('ref_axis',(1.,0.,0.));
#12709=DIRECTION('',(1.,0.,0.));
#12710=DIRECTION('center_axis',(0.,1.,0.));
#12711=DIRECTION('ref_axis',(1.,0.,0.));
#12712=DIRECTION('center_axis',(0.,-1.,0.));
#12713=DIRECTION('ref_axis',(-1.,0.,0.));
#12714=DIRECTION('center_axis',(0.,1.,0.));
#12715=DIRECTION('ref_axis',(1.,0.,0.));
#12716=DIRECTION('center_axis',(0.,-1.,0.));
#12717=DIRECTION('ref_axis',(-1.,0.,0.));
#12718=DIRECTION('center_axis',(0.,-1.,0.));
#12719=DIRECTION('ref_axis',(-1.,0.,0.));
#12720=DIRECTION('center_axis',(0.,-1.,0.));
#12721=DIRECTION('ref_axis',(-1.,0.,0.));
#12722=DIRECTION('center_axis',(0.,1.,0.));
#12723=DIRECTION('ref_axis',(0.,0.,1.));
#12724=DIRECTION('',(1.,7.739110500668E-14,-2.579703500223E-14));
#12725=DIRECTION('',(0.,0.,-1.));
#12726=DIRECTION('center_axis',(0.422885465341996,0.906183139990192,0.));
#12727=DIRECTION('ref_axis',(0.906183139990192,-0.422885465341996,0.));
#12728=DIRECTION('',(0.906183139992803,-0.422885465336401,0.));
#12729=DIRECTION('',(-3.652189661807E-11,1.136618577036E-11,-1.));
#12730=DIRECTION('center_axis',(0.,1.,0.));
#12731=DIRECTION('ref_axis',(-1.,0.,0.));
#12732=DIRECTION('',(-1.,0.,0.));
#12733=DIRECTION('',(0.,-1.136646332611E-11,1.));
#12734=DIRECTION('center_axis',(1.,0.,0.));
#12735=DIRECTION('ref_axis',(0.,-1.,0.));
#12736=DIRECTION('',(0.,1.,0.));
#12737=DIRECTION('',(0.,2.652711383888E-11,1.));
#12738=DIRECTION('center_axis',(0.,-1.,0.));
#12739=DIRECTION('ref_axis',(1.,0.,0.));
#12740=DIRECTION('',(1.,3.03046476784E-12,0.));
#12741=DIRECTION('',(7.309708394132E-11,2.273903287886E-11,1.));
#12742=DIRECTION('center_axis',(0.422885465341996,-0.906183139990192,0.));
#12743=DIRECTION('ref_axis',(-0.906183139990192,-0.422885465341996,0.));
#12744=DIRECTION('',(-0.906183139995452,-0.422885465330724,0.));
#12745=DIRECTION('',(0.,0.,-1.));
#12746=DIRECTION('center_axis',(0.,-1.,0.));
#12747=DIRECTION('ref_axis',(0.,0.,-1.));
#12748=DIRECTION('',(1.,2.063762800181E-13,0.));
#12749=DIRECTION('center_axis',(0.,0.,1.));
#12750=DIRECTION('ref_axis',(1.,0.,0.));
#12751=DIRECTION('',(1.,-1.805788475559E-13,-2.579697822227E-14));
#12752=DIRECTION('',(-0.906183130457819,-0.422885485768509,0.));
#12753=DIRECTION('',(1.,6.772874726521E-9,0.));
#12754=DIRECTION('',(0.,1.,0.));
#12755=DIRECTION('',(1.,-5.593397967178E-11,0.));
#12756=DIRECTION('center_axis',(0.,0.,-1.));
#12757=DIRECTION('ref_axis',(9.638290166822E-10,-1.,0.));
#12758=DIRECTION('',(2.089484930347E-12,-1.,0.));
#12759=DIRECTION('center_axis',(0.,0.,-1.));
#12760=DIRECTION('ref_axis',(-1.,8.941292150865E-11,0.));
#12761=DIRECTION('',(-1.,0.,0.));
#12762=DIRECTION('',(-0.00020267287731629,0.999999979461852,0.));
#12763=DIRECTION('',(-1.,6.758646996337E-9,0.));
#12764=DIRECTION('',(0.90618313045447,-0.422885485775686,0.));
#12765=DIRECTION('',(1.,0.,-2.579671783567E-14));
#12766=DIRECTION('',(1.,0.,0.));
#12767=DIRECTION('',(-0.906183139984914,-0.422885465353306,0.));
#12768=DIRECTION('',(1.,0.,0.));
#12769=DIRECTION('',(0.,1.,0.));
#12770=DIRECTION('',(-1.,-3.009148485769E-12,0.));
#12771=DIRECTION('',(0.906183139984914,-0.422885465353306,0.));
#12772=DIRECTION('',(1.,0.,0.));
#12773=DIRECTION('',(1.,2.063762800183E-13,0.));
#12774=DIRECTION('',(-0.906183139982303,-0.422885465358901,0.));
#12775=DIRECTION('',(1.,0.,0.));
#12776=DIRECTION('',(0.,1.,0.));
#12777=DIRECTION('',(-1.,0.,0.));
#12778=DIRECTION('',(1.,0.,0.));
#12779=DIRECTION('center_axis',(0.,1.,0.));
#12780=DIRECTION('ref_axis',(0.,0.,1.));
#12781=DIRECTION('center_axis',(0.,1.,0.));
#12782=DIRECTION('ref_axis',(-1.,0.,0.));
#12783=DIRECTION('',(0.,0.,1.));
#12784=DIRECTION('center_axis',(1.,0.,0.));
#12785=DIRECTION('ref_axis',(0.,-1.,0.));
#12786=DIRECTION('',(0.,-2.273958799037E-11,1.));
#12787=DIRECTION('center_axis',(0.,-1.,0.));
#12788=DIRECTION('ref_axis',(1.,0.,0.));
#12789=DIRECTION('',(-7.307932037293E-11,-2.273847776735E-11,1.));
#12790=DIRECTION('center_axis',(0.422885465347711,-0.906183139987525,0.));
#12791=DIRECTION('ref_axis',(-0.906183139987525,-0.422885465347711,0.));
#12792=DIRECTION('',(0.,0.,-1.));
#12793=DIRECTION('center_axis',(0.,-1.,0.));
#12794=DIRECTION('ref_axis',(0.,0.,-1.));
#12795=DIRECTION('center_axis',(0.,1.,0.));
#12796=DIRECTION('ref_axis',(0.,0.,1.));
#12797=DIRECTION('',(0.,0.,-1.));
#12798=DIRECTION('center_axis',(0.422885465347711,0.906183139987525,0.));
#12799=DIRECTION('ref_axis',(0.906183139987525,-0.422885465347711,0.));
#12800=DIRECTION('',(3.664180070473E-11,-1.139977001685E-11,-1.));
#12801=DIRECTION('center_axis',(0.,1.,0.));
#12802=DIRECTION('ref_axis',(-1.,0.,0.));
#12803=DIRECTION('',(0.,1.516120562428E-11,1.));
#12804=DIRECTION('center_axis',(1.,0.,0.));
#12805=DIRECTION('ref_axis',(0.,-1.,0.));
#12806=DIRECTION('',(0.,-1.14019904629E-11,1.));
#12807=DIRECTION('center_axis',(0.,-1.,0.));
#12808=DIRECTION('ref_axis',(1.,0.,0.));
#12809=DIRECTION('',(-3.665956427312E-11,-1.14019904629E-11,1.));
#12810=DIRECTION('center_axis',(0.422885465347711,-0.906183139987525,0.));
#12811=DIRECTION('ref_axis',(-0.906183139987525,-0.422885465347711,0.));
#12812=DIRECTION('',(0.,0.,-1.));
#12813=DIRECTION('center_axis',(0.,-1.,0.));
#12814=DIRECTION('ref_axis',(0.,0.,-1.));
#12815=DIRECTION('center_axis',(0.,1.,0.));
#12816=DIRECTION('ref_axis',(0.,0.,1.));
#12817=DIRECTION('',(0.,0.,1.));
#12818=DIRECTION('center_axis',(0.422885465349212,0.906183139986825,0.));
#12819=DIRECTION('ref_axis',(-0.906183139986825,0.422885465349211,0.));
#12820=DIRECTION('',(-6.22687146289999E-8,8.47103942547298E-9,0.999999999999998));
#12821=DIRECTION('center_axis',(0.,1.,0.));
#12822=DIRECTION('ref_axis',(-1.,0.,0.));
#12823=DIRECTION('',(4.440892098501E-14,2.273514709827E-11,1.));
#12824=DIRECTION('center_axis',(0.999999979461852,0.00020267287732839,0.));
#12825=DIRECTION('ref_axis',(0.00020267287732839,-0.999999979461852,0.));
#12826=DIRECTION('',(2.22044604925E-14,0.,1.));
#12827=DIRECTION('center_axis',(0.,1.,0.));
#12828=DIRECTION('ref_axis',(1.,0.,0.));
#12829=DIRECTION('',(-1.33226762955E-14,0.,-1.));
#12830=DIRECTION('center_axis',(0.,0.,-1.));
#12831=DIRECTION('ref_axis',(1.,-2.984279490127E-11,0.));
#12832=DIRECTION('',(0.,9.547918011776E-14,1.));
#12833=DIRECTION('center_axis',(-1.,0.,0.));
#12834=DIRECTION('ref_axis',(0.,1.,0.));
#12835=DIRECTION('',(0.,-1.605382493608E-12,-1.));
#12836=DIRECTION('center_axis',(0.,0.,-1.));
#12837=DIRECTION('ref_axis',(-0.707106780963808,-0.707106781409287,0.));
#12838=DIRECTION('',(1.59872115546E-12,0.,1.));
#12839=DIRECTION('center_axis',(-5.229594535175E-11,-1.,0.));
#12840=DIRECTION('ref_axis',(-1.,5.229594535175E-11,0.));
#12841=DIRECTION('',(0.,0.,1.));
#12842=DIRECTION('center_axis',(1.,0.,0.));
#12843=DIRECTION('ref_axis',(0.,-1.,0.));
#12844=DIRECTION('',(0.,1.515995662338E-11,1.));
#12845=DIRECTION('center_axis',(0.,-1.,0.));
#12846=DIRECTION('ref_axis',(1.,0.,0.));
#12847=DIRECTION('',(-6.22621199042299E-8,-8.45093300894098E-9,0.999999999999998));
#12848=DIRECTION('center_axis',(0.422885465325091,-0.906183139998081,0.));
#12849=DIRECTION('ref_axis',(0.906183139998081,0.422885465325091,0.));
#12850=DIRECTION('',(0.,0.,-1.));
#12851=DIRECTION('center_axis',(0.,-1.,0.));
#12852=DIRECTION('ref_axis',(0.,0.,-1.));
#12853=DIRECTION('center_axis',(0.,1.,0.));
#12854=DIRECTION('ref_axis',(-1.,0.,0.));
#12855=DIRECTION('',(1.,0.,0.));
#12856=DIRECTION('',(0.,0.,1.));
#12857=DIRECTION('',(1.,0.,0.));
#12858=DIRECTION('',(0.,0.,1.));
#12859=DIRECTION('center_axis',(0.,0.,1.));
#12860=DIRECTION('ref_axis',(1.,0.,0.));
#12861=DIRECTION('',(0.,-1.,0.));
#12862=DIRECTION('',(0.500000000069194,0.86602540374449,0.));
#12863=DIRECTION('',(0.,-1.,0.));
#12864=DIRECTION('',(1.,0.,0.));
#12865=DIRECTION('',(0.,1.,0.));
#12866=DIRECTION('',(0.500000000090302,-0.866025403732303,0.));
#12867=DIRECTION('',(0.,1.,0.));
#12868=DIRECTION('center_axis',(-1.,0.,0.));
#12869=DIRECTION('ref_axis',(0.,-1.,0.));
#12870=DIRECTION('',(0.,0.,-1.));
#12871=DIRECTION('',(0.,-1.,0.));
#12872=DIRECTION('center_axis',(0.,0.,1.));
#12873=DIRECTION('ref_axis',(1.,0.,0.));
#12874=DIRECTION('',(-0.500000000090302,0.866025403732303,0.));
#12875=DIRECTION('',(0.,-1.,0.));
#12876=DIRECTION('',(1.,0.,0.));
#12877=DIRECTION('',(0.,1.,0.));
#12878=DIRECTION('',(-0.500000000069194,-0.86602540374449,0.));
#12879=DIRECTION('',(0.,1.,0.));
#12880=DIRECTION('center_axis',(1.,0.,0.));
#12881=DIRECTION('ref_axis',(0.,1.,0.));
#12882=DIRECTION('',(0.,0.,-1.));
#12883=DIRECTION('center_axis',(0.86602540374449,-0.500000000069194,0.));
#12884=DIRECTION('ref_axis',(0.500000000069194,0.866025403744489,0.));
#12885=DIRECTION('',(0.,0.,-1.));
#12886=DIRECTION('center_axis',(1.,0.,0.));
#12887=DIRECTION('ref_axis',(0.,1.,0.));
#12888=DIRECTION('',(0.,0.,1.));
#12889=DIRECTION('center_axis',(0.,-1.,0.));
#12890=DIRECTION('ref_axis',(1.,0.,0.));
#12891=DIRECTION('',(0.,0.,1.));
#12892=DIRECTION('center_axis',(-1.,0.,0.));
#12893=DIRECTION('ref_axis',(0.,-1.,0.));
#12894=DIRECTION('',(0.,0.,-1.));
#12895=DIRECTION('center_axis',(-0.866025403732303,-0.500000000090302,0.));
#12896=DIRECTION('ref_axis',(0.500000000090302,-0.866025403732303,0.));
#12897=DIRECTION('',(0.,0.,1.));
#12898=DIRECTION('',(1.,0.,0.));
#12899=DIRECTION('',(0.,0.,1.));
#12900=DIRECTION('',(1.,0.,0.));
#12901=DIRECTION('',(0.,0.,1.));
#12902=DIRECTION('',(1.,0.,0.));
#12903=DIRECTION('',(0.,0.,1.));
#12904=DIRECTION('',(1.,0.,0.));
#12905=DIRECTION('',(0.,0.,1.));
#12906=DIRECTION('',(1.,0.,0.));
#12907=DIRECTION('',(0.,0.,1.));
#12908=DIRECTION('',(1.,0.,0.));
#12909=DIRECTION('',(0.,0.,1.));
#12910=DIRECTION('',(1.,0.,0.));
#12911=DIRECTION('',(0.,0.,1.));
#12912=DIRECTION('',(1.,0.,0.));
#12913=DIRECTION('',(0.,0.,1.));
#12914=DIRECTION('',(1.,0.,0.));
#12915=DIRECTION('',(0.,0.,1.));
#12916=DIRECTION('',(1.,0.,0.));
#12917=DIRECTION('center_axis',(0.,0.,1.));
#12918=DIRECTION('ref_axis',(-1.,0.,0.));
#12919=DIRECTION('center_axis',(0.,0.,1.));
#12920=DIRECTION('ref_axis',(-1.,0.,0.));
#12921=DIRECTION('',(0.,0.,-1.));
#12922=DIRECTION('center_axis',(0.,0.,1.));
#12923=DIRECTION('ref_axis',(-1.,0.,0.));
#12924=DIRECTION('center_axis',(0.,0.,1.));
#12925=DIRECTION('ref_axis',(-1.,0.,0.));
#12926=DIRECTION('center_axis',(0.,0.,1.));
#12927=DIRECTION('ref_axis',(-1.,0.,0.));
#12928=DIRECTION('',(0.,0.,1.));
#12929=DIRECTION('',(1.,0.,0.));
#12930=DIRECTION('',(0.,0.,1.));
#12931=DIRECTION('',(1.,0.,0.));
#12932=CARTESIAN_POINT('',(0.,0.,0.));
#12933=CARTESIAN_POINT('',(0.,0.,0.));
#12934=CARTESIAN_POINT('Origin',(1.75,2.25,1.9));
#12935=CARTESIAN_POINT('',(3.5,0.,1.9));
#12936=CARTESIAN_POINT('',(0.,0.,1.9));
#12937=CARTESIAN_POINT('',(3.5,0.,1.9));
#12938=CARTESIAN_POINT('',(3.5,4.5,1.9));
#12939=CARTESIAN_POINT('',(3.5,4.5,1.9));
#12940=CARTESIAN_POINT('',(0.,4.5,1.9));
#12941=CARTESIAN_POINT('',(0.,4.5,1.9));
#12942=CARTESIAN_POINT('',(0.,0.,1.9));
#12943=CARTESIAN_POINT('Origin',(0.,0.,0.));
#12944=CARTESIAN_POINT('',(3.5,0.,0.));
#12945=CARTESIAN_POINT('',(0.,0.,0.));
#12946=CARTESIAN_POINT('',(3.5,0.,0.));
#12947=CARTESIAN_POINT('',(3.5,0.,1.9));
#12948=CARTESIAN_POINT('',(0.,0.,1.9));
#12949=CARTESIAN_POINT('',(1.059462039418,0.,0.09314404469578));
#12950=CARTESIAN_POINT('',(1.259462039404,0.,0.09314404469578));
#12951=CARTESIAN_POINT('',(1.059462039418,0.,0.09314404469578));
#12952=CARTESIAN_POINT('',(1.059462039418,0.,0.1931440446958));
#12953=CARTESIAN_POINT('',(1.059462039418,0.,0.09314404469578));
#12954=CARTESIAN_POINT('',(1.259462039404,0.,0.1931440446958));
#12955=CARTESIAN_POINT('',(1.059462039418,0.,0.1931440446958));
#12956=CARTESIAN_POINT('',(1.259462039404,0.,0.09314404469578));
#12957=CARTESIAN_POINT('',(2.439462039408,0.,0.1931440446958));
#12958=CARTESIAN_POINT('',(2.239462039422,0.,0.1931440446958));
#12959=CARTESIAN_POINT('',(2.439462039408,0.,0.1931440446958));
#12960=CARTESIAN_POINT('',(2.439462039408,0.,0.09314404469578));
#12961=CARTESIAN_POINT('',(2.439462039408,0.,0.09314404469578));
#12962=CARTESIAN_POINT('',(2.239462039422,0.,0.09314404469578));
#12963=CARTESIAN_POINT('',(2.239462039422,0.,0.09314404469578));
#12964=CARTESIAN_POINT('',(2.239462039422,0.,0.09314404469578));
#12965=CARTESIAN_POINT('Origin',(1.75,2.25,0.));
#12966=CARTESIAN_POINT('',(0.07446203942115,1.810692661497,0.));
#12967=CARTESIAN_POINT('',(0.,1.845441613228,0.));
#12968=CARTESIAN_POINT('',(0.07446203942115,1.810692661497,0.));
#12969=CARTESIAN_POINT('',(0.1994620394248,1.810692661497,0.));
#12970=CARTESIAN_POINT('',(0.07446203942115,1.810692661497,0.));
#12971=CARTESIAN_POINT('',(0.1994620394248,1.560692661501,0.));
#12972=CARTESIAN_POINT('',(0.1994620394248,1.560692661501,0.));
#12973=CARTESIAN_POINT('',(0.07446203942237,1.560692661501,0.));
#12974=CARTESIAN_POINT('',(0.1994620394248,1.560692661501,0.));
#12975=CARTESIAN_POINT('',(0.,1.525943709769,0.));
#12976=CARTESIAN_POINT('',(0.,1.525943709769,0.));
#12977=CARTESIAN_POINT('',(0.,1.525943709769,0.));
#12978=CARTESIAN_POINT('Origin',(1.75,2.25,0.));
#12979=CARTESIAN_POINT('',(0.07446203942479,1.310692661495,0.));
#12980=CARTESIAN_POINT('',(0.,1.345441613228,0.));
#12981=CARTESIAN_POINT('',(0.07446203942479,1.310692661495,0.));
#12982=CARTESIAN_POINT('',(0.1994620394248,1.310692661495,0.));
#12983=CARTESIAN_POINT('',(0.07446203942479,1.310692661495,0.));
#12984=CARTESIAN_POINT('',(0.1994620394248,1.060692661499,0.));
#12985=CARTESIAN_POINT('',(0.1994620394248,1.060692661499,0.));
#12986=CARTESIAN_POINT('',(0.07446203941748,1.060692661499,0.));
#12987=CARTESIAN_POINT('',(0.1994620394248,1.060692661499,0.));
#12988=CARTESIAN_POINT('',(0.,1.025943709769,0.));
#12989=CARTESIAN_POINT('',(0.,1.025943709769,0.));
#12990=CARTESIAN_POINT('',(0.,1.025943709769,0.));
#12991=CARTESIAN_POINT('Origin',(1.75,2.25,0.));
#12992=CARTESIAN_POINT('',(0.1994620394248,0.5606926614969,0.));
#12993=CARTESIAN_POINT('',(0.1994620394248,0.8106926615024,0.));
#12994=CARTESIAN_POINT('',(0.1994620394248,0.5606926614969,0.));
#12995=CARTESIAN_POINT('',(0.07446203941383,0.5606926614969,0.));
#12996=CARTESIAN_POINT('',(0.1994620394248,0.5606926614969,0.));
#12997=CARTESIAN_POINT('',(0.,0.5259437097688,0.));
#12998=CARTESIAN_POINT('',(0.,0.5259437097688,0.));
#12999=CARTESIAN_POINT('',(0.,0.8454416163197,0.));
#13000=CARTESIAN_POINT('',(0.,0.5259437097688,0.));
#13001=CARTESIAN_POINT('',(0.07446204602041,0.8106926615024,0.));
#13002=CARTESIAN_POINT('',(0.,0.8454416163197,0.));
#13003=CARTESIAN_POINT('',(0.07446204602041,0.8106926615024,0.));
#13004=CARTESIAN_POINT('Origin',(1.75,2.25,0.));
#13005=CARTESIAN_POINT('',(2.724462045979,2.760692661495,0.));
#13006=CARTESIAN_POINT('',(2.724462046022,3.010692661495,0.));
#13007=CARTESIAN_POINT('Origin',(2.724462046015,2.885692661495,0.));
#13008=CARTESIAN_POINT('',(3.424462039427,2.760692661499,0.));
#13009=CARTESIAN_POINT('',(2.724462046003,2.760692661498,0.));
#13010=CARTESIAN_POINT('',(3.5,2.795943709766,0.));
#13011=CARTESIAN_POINT('',(3.424462039427,2.760692661499,0.));
#13012=CARTESIAN_POINT('',(3.5,2.025441610143,0.));
#13013=CARTESIAN_POINT('',(3.5,2.795943709766,0.));
#13014=CARTESIAN_POINT('',(3.424462032806,2.060692661502,0.));
#13015=CARTESIAN_POINT('',(3.5,2.025441610143,0.));
#13016=CARTESIAN_POINT('',(3.29946203942,2.060692661502,0.));
#13017=CARTESIAN_POINT('',(3.424462032806,2.060692661502,0.));
#13018=CARTESIAN_POINT('',(3.299421523723,2.260599510108,0.));
#13019=CARTESIAN_POINT('',(3.299421523723,2.260599510108,0.));
#13020=CARTESIAN_POINT('',(2.299462039416,2.260599510108,0.));
#13021=CARTESIAN_POINT('',(2.299462039416,2.260599510108,0.));
#13022=CARTESIAN_POINT('',(2.199462039413,2.16059951011,0.));
#13023=CARTESIAN_POINT('Origin',(2.299462039416,2.160599510105,0.));
#13024=CARTESIAN_POINT('',(2.199462039417,0.3106926615805,0.));
#13025=CARTESIAN_POINT('',(2.199462039417,0.3106926615805,0.));
#13026=CARTESIAN_POINT('',(2.299462039494,0.2106926615616,0.));
#13027=CARTESIAN_POINT('Origin',(2.299462039416,0.3106926615528,0.));
#13028=CARTESIAN_POINT('',(3.29946203942,0.2106926614984,0.));
#13029=CARTESIAN_POINT('',(3.29946203942,0.2106926614984,0.));
#13030=CARTESIAN_POINT('',(3.29946203942,0.3106926615005,0.));
#13031=CARTESIAN_POINT('',(3.29946203942,0.3106926615005,0.));
#13032=CARTESIAN_POINT('',(3.424462032806,0.3106926615005,0.));
#13033=CARTESIAN_POINT('',(3.29946203942,0.3106926615005,0.));
#13034=CARTESIAN_POINT('',(3.5,0.3459437128572,0.));
#13035=CARTESIAN_POINT('',(3.424462032806,0.3106926615005,0.));
#13036=CARTESIAN_POINT('',(3.5,0.3459437128572,0.));
#13037=CARTESIAN_POINT('',(0.,0.3454416132281,0.));
#13038=CARTESIAN_POINT('',(0.,0.,0.));
#13039=CARTESIAN_POINT('',(0.07446203941383,0.3106926615006,0.));
#13040=CARTESIAN_POINT('',(0.07446203941383,0.3106926615006,0.));
#13041=CARTESIAN_POINT('',(0.1994620394248,0.3106926615006,0.));
#13042=CARTESIAN_POINT('',(0.07446203941383,0.3106926615006,0.));
#13043=CARTESIAN_POINT('',(0.1994620394248,0.2106926614984,0.));
#13044=CARTESIAN_POINT('',(0.1994620394248,0.2106926614984,0.));
#13045=CARTESIAN_POINT('',(1.199462039453,0.2106926615615,0.));
#13046=CARTESIAN_POINT('',(1.199462039453,0.2106926615615,0.));
#13047=CARTESIAN_POINT('',(1.299462039438,0.3106926614975,0.));
#13048=CARTESIAN_POINT('Origin',(1.199462039447,0.3106926615527,0.));
#13049=CARTESIAN_POINT('',(1.299462039425,2.16059951006,0.));
#13050=CARTESIAN_POINT('',(1.299462039425,2.16059951006,0.));
#13051=CARTESIAN_POINT('',(1.199462039275,2.260599510107,0.));
#13052=CARTESIAN_POINT('Origin',(1.19946203941,2.160599510105,0.));
#13053=CARTESIAN_POINT('',(0.1995025551036,2.260599510107,0.));
#13054=CARTESIAN_POINT('',(0.1995025551036,2.260599510107,0.));
#13055=CARTESIAN_POINT('',(0.1994620394248,2.060692661502,0.));
#13056=CARTESIAN_POINT('',(0.1994620394248,2.060692661502,0.));
#13057=CARTESIAN_POINT('',(0.07446203942601,2.060692661502,0.));
#13058=CARTESIAN_POINT('',(0.1994620394248,2.060692661502,0.));
#13059=CARTESIAN_POINT('',(0.,2.025943709769,0.));
#13060=CARTESIAN_POINT('',(0.,2.025943709769,0.));
#13061=CARTESIAN_POINT('',(0.,2.795441613227,0.));
#13062=CARTESIAN_POINT('',(0.,2.025943709769,0.));
#13063=CARTESIAN_POINT('',(0.07446203941748,2.760692661499,0.));
#13064=CARTESIAN_POINT('',(0.,2.795441613227,0.));
#13065=CARTESIAN_POINT('',(0.7744620328652,2.760692661495,0.));
#13066=CARTESIAN_POINT('',(0.07446203941748,2.760692661499,0.));
#13067=CARTESIAN_POINT('',(0.7744620328221,3.010692661495,0.));
#13068=CARTESIAN_POINT('Origin',(0.7744620328298,2.885692661495,0.));
#13069=CARTESIAN_POINT('',(0.07446203941993,3.010692661496,0.));
#13070=CARTESIAN_POINT('',(0.7744620328273,3.010692661495,0.));
#13071=CARTESIAN_POINT('',(0.,2.975943712833,0.));
#13072=CARTESIAN_POINT('',(0.,2.975943712833,0.));
#13073=CARTESIAN_POINT('',(0.,3.295441613229,0.));
#13074=CARTESIAN_POINT('',(0.,2.975943712833,0.));
#13075=CARTESIAN_POINT('',(0.07446203941749,3.260692661492,0.));
#13076=CARTESIAN_POINT('',(0.,3.295441613229,0.));
#13077=CARTESIAN_POINT('',(0.7744620328091,3.260692661495,0.));
#13078=CARTESIAN_POINT('',(0.07446203941749,3.260692661492,0.));
#13079=CARTESIAN_POINT('',(0.7744620328091,3.510692661495,0.));
#13080=CARTESIAN_POINT('Origin',(0.7744620328298,3.385692661495,0.));
#13081=CARTESIAN_POINT('',(0.07446203942479,3.510692661498,0.));
#13082=CARTESIAN_POINT('',(0.7744620328229,3.510692661497,0.));
#13083=CARTESIAN_POINT('',(0.,3.475943712833,0.));
#13084=CARTESIAN_POINT('',(0.,3.475943712833,0.));
#13085=CARTESIAN_POINT('',(0.,4.04544161631,0.));
#13086=CARTESIAN_POINT('',(0.,3.475943712833,0.));
#13087=CARTESIAN_POINT('',(0.07446204602042,4.010692661499,0.));
#13088=CARTESIAN_POINT('',(0.,4.04544161631,0.));
#13089=CARTESIAN_POINT('',(0.7244620394277,4.010692661499,0.));
#13090=CARTESIAN_POINT('',(0.07446204602042,4.010692661499,0.));
#13091=CARTESIAN_POINT('',(0.9244620394269,4.210692661494,0.));
#13092=CARTESIAN_POINT('',(0.9244620394269,4.210692661494,0.));
#13093=CARTESIAN_POINT('',(0.9244620394269,4.385692661494,0.));
#13094=CARTESIAN_POINT('',(0.9244620394269,4.385692661494,0.));
#13095=CARTESIAN_POINT('',(0.1994620394248,4.385692661494,0.));
#13096=CARTESIAN_POINT('',(0.9244620394269,4.385692661494,0.));
#13097=CARTESIAN_POINT('',(0.1994620394248,4.260692661496,0.));
#13098=CARTESIAN_POINT('',(0.1994620394248,4.260692661496,0.));
#13099=CARTESIAN_POINT('',(0.07446203941993,4.260692661496,0.));
#13100=CARTESIAN_POINT('',(0.1994620394248,4.260692661496,0.));
#13101=CARTESIAN_POINT('',(0.,4.225943709765,0.));
#13102=CARTESIAN_POINT('',(0.,4.225943709765,0.));
#13103=CARTESIAN_POINT('',(0.,4.5,0.));
#13104=CARTESIAN_POINT('',(0.,4.225943709765,0.));
#13105=CARTESIAN_POINT('',(1.15946203942,4.5,0.));
#13106=CARTESIAN_POINT('',(0.,4.5,0.));
#13107=CARTESIAN_POINT('',(1.15946203942,4.485692661496,0.));
#13108=CARTESIAN_POINT('',(1.15946203942,4.5,0.));
#13109=CARTESIAN_POINT('',(1.124462039413,4.410692661499,0.));
#13110=CARTESIAN_POINT('',(1.15946203942,4.485692661496,0.));
#13111=CARTESIAN_POINT('',(1.12446203942,4.01069266155,0.));
#13112=CARTESIAN_POINT('',(1.124462039413,4.410692661499,0.));
#13113=CARTESIAN_POINT('',(1.37446203942,4.010692661411,0.));
#13114=CARTESIAN_POINT('Origin',(1.24946203942,4.010692661494,0.));
#13115=CARTESIAN_POINT('',(1.374462039409,4.410692661536,0.));
#13116=CARTESIAN_POINT('',(1.374462039413,4.010692661467,0.));
#13117=CARTESIAN_POINT('',(1.339462039421,4.485692661497,0.));
#13118=CARTESIAN_POINT('',(1.339462039421,4.485692661497,0.));
#13119=CARTESIAN_POINT('',(1.339462039421,4.5,0.));
#13120=CARTESIAN_POINT('',(1.339462039421,4.5,0.));
#13121=CARTESIAN_POINT('',(1.659462039431,4.5,0.));
#13122=CARTESIAN_POINT('',(1.339462039421,4.5,0.));
#13123=CARTESIAN_POINT('',(1.659462039431,4.4856926615,0.));
#13124=CARTESIAN_POINT('',(1.659462039431,4.5,0.));
#13125=CARTESIAN_POINT('',(1.599462039419,4.410692661497,0.));
#13126=CARTESIAN_POINT('',(1.599462039419,4.410692661497,0.));
#13127=CARTESIAN_POINT('',(1.599462039419,3.285692661496,0.));
#13128=CARTESIAN_POINT('',(1.599462039419,4.410692661497,0.));
#13129=CARTESIAN_POINT('',(1.899462039407,3.285692661358,0.));
#13130=CARTESIAN_POINT('Origin',(1.749462039413,3.285692661496,0.));
#13131=CARTESIAN_POINT('',(1.899462039389,4.41069266152,0.));
#13132=CARTESIAN_POINT('',(1.899462039395,3.28569266145,0.));
#13133=CARTESIAN_POINT('',(1.839462039413,4.485692661497,0.));
#13134=CARTESIAN_POINT('',(1.839462039413,4.485692661497,0.));
#13135=CARTESIAN_POINT('',(1.839462039413,4.5,0.));
#13136=CARTESIAN_POINT('',(1.839462039413,4.5,0.));
#13137=CARTESIAN_POINT('',(2.159462039424,4.5,0.));
#13138=CARTESIAN_POINT('',(1.839462039413,4.5,0.));
#13139=CARTESIAN_POINT('',(2.159462039424,4.485692661496,0.));
#13140=CARTESIAN_POINT('',(2.159462039424,4.5,0.));
#13141=CARTESIAN_POINT('',(2.124462039417,4.410692661499,0.));
#13142=CARTESIAN_POINT('',(2.159462039424,4.485692661496,0.));
#13143=CARTESIAN_POINT('',(2.124462039406,4.010692661411,0.));
#13144=CARTESIAN_POINT('',(2.124462039417,4.410692661499,0.));
#13145=CARTESIAN_POINT('',(2.374462039406,4.010692661549,0.));
#13146=CARTESIAN_POINT('Origin',(2.249462039406,4.010692661494,0.));
#13147=CARTESIAN_POINT('',(2.374462039413,4.410692661497,0.));
#13148=CARTESIAN_POINT('',(2.374462039411,4.010692661512,0.));
#13149=CARTESIAN_POINT('',(2.339462039424,4.485692661497,0.));
#13150=CARTESIAN_POINT('',(2.339462039424,4.485692661497,0.));
#13151=CARTESIAN_POINT('',(2.339462039424,4.5,0.));
#13152=CARTESIAN_POINT('',(2.339462039424,4.5,0.));
#13153=CARTESIAN_POINT('',(3.5,4.5,0.));
#13154=CARTESIAN_POINT('',(2.339462039424,4.5,0.));
#13155=CARTESIAN_POINT('',(3.5,4.225441613226,0.));
#13156=CARTESIAN_POINT('',(3.5,4.5,0.));
#13157=CARTESIAN_POINT('',(3.424462039425,4.260692661496,0.));
#13158=CARTESIAN_POINT('',(3.424462039425,4.260692661496,0.));
#13159=CARTESIAN_POINT('',(3.29946203942,4.260692661496,0.));
#13160=CARTESIAN_POINT('',(3.424462039425,4.260692661496,0.));
#13161=CARTESIAN_POINT('',(3.29946203942,4.385692661494,0.));
#13162=CARTESIAN_POINT('',(3.29946203942,4.385692661494,0.));
#13163=CARTESIAN_POINT('',(2.674462039417,4.385692661494,0.));
#13164=CARTESIAN_POINT('',(3.29946203942,4.385692661494,0.));
#13165=CARTESIAN_POINT('',(2.574462039417,4.285692661494,0.));
#13166=CARTESIAN_POINT('Origin',(2.674462039417,4.285692661494,0.));
#13167=CARTESIAN_POINT('',(2.574462039417,4.110692661496,0.));
#13168=CARTESIAN_POINT('',(2.574462039417,4.285692661494,0.));
#13169=CARTESIAN_POINT('',(2.674462039381,4.010692661494,0.));
#13170=CARTESIAN_POINT('Origin',(2.67446203942,4.110692661497,0.));
#13171=CARTESIAN_POINT('',(3.424462032806,4.010692661499,0.));
#13172=CARTESIAN_POINT('',(2.674462039407,4.010692661498,0.));
#13173=CARTESIAN_POINT('',(3.5,4.045943712856,0.));
#13174=CARTESIAN_POINT('',(3.424462032806,4.010692661499,0.));
#13175=CARTESIAN_POINT('',(3.5,3.475441613231,0.));
#13176=CARTESIAN_POINT('',(3.5,4.045943712856,0.));
#13177=CARTESIAN_POINT('',(3.424462039427,3.510692661498,0.));
#13178=CARTESIAN_POINT('',(3.5,3.475441613231,0.));
#13179=CARTESIAN_POINT('',(2.724462046035,3.510692661495,0.));
#13180=CARTESIAN_POINT('',(3.424462039427,3.510692661498,0.));
#13181=CARTESIAN_POINT('',(2.724462046035,3.260692661495,0.));
#13182=CARTESIAN_POINT('Origin',(2.724462046015,3.385692661495,0.));
#13183=CARTESIAN_POINT('',(3.424462039427,3.260692661492,0.));
#13184=CARTESIAN_POINT('',(2.724462046022,3.260692661493,0.));
#13185=CARTESIAN_POINT('',(3.5,3.295943709768,0.));
#13186=CARTESIAN_POINT('',(3.424462039427,3.260692661492,0.));
#13187=CARTESIAN_POINT('',(3.5,2.975441613229,0.));
#13188=CARTESIAN_POINT('',(3.5,3.295943709768,0.));
#13189=CARTESIAN_POINT('',(3.424462039427,3.010692661496,0.));
#13190=CARTESIAN_POINT('',(3.5,2.975441613229,0.));
#13191=CARTESIAN_POINT('',(3.424462039427,3.010692661496,0.));
#13192=CARTESIAN_POINT('Origin',(1.75,2.25,0.));
#13193=CARTESIAN_POINT('',(3.424462039423,1.560692661501,0.));
#13194=CARTESIAN_POINT('',(3.5,1.52544161323,0.));
#13195=CARTESIAN_POINT('',(3.424462039423,1.560692661501,0.));
#13196=CARTESIAN_POINT('',(3.29946203942,1.560692661501,0.));
#13197=CARTESIAN_POINT('',(3.424462039423,1.560692661501,0.));
#13198=CARTESIAN_POINT('',(3.29946203942,1.810692661497,0.));
#13199=CARTESIAN_POINT('',(3.29946203942,1.810692661497,0.));
#13200=CARTESIAN_POINT('',(3.424462039423,1.810692661497,0.));
#13201=CARTESIAN_POINT('',(3.29946203942,1.810692661497,0.));
#13202=CARTESIAN_POINT('',(3.5,1.845943709768,0.));
#13203=CARTESIAN_POINT('',(3.5,1.845943709768,0.));
#13204=CARTESIAN_POINT('',(3.5,1.845943709768,0.));
#13205=CARTESIAN_POINT('Origin',(1.75,2.25,0.));
#13206=CARTESIAN_POINT('',(3.424462039431,0.5606926614969,0.));
#13207=CARTESIAN_POINT('',(3.5,0.5254416132301,0.));
#13208=CARTESIAN_POINT('',(3.424462039431,0.5606926614969,0.));
#13209=CARTESIAN_POINT('',(3.29946203942,0.5606926614969,0.));
#13210=CARTESIAN_POINT('',(3.424462039431,0.5606926614969,0.));
#13211=CARTESIAN_POINT('',(3.29946203942,0.8106926615024,0.));
#13212=CARTESIAN_POINT('',(3.29946203942,0.8106926615024,0.));
#13213=CARTESIAN_POINT('',(3.424462039434,0.8106926615024,0.));
#13214=CARTESIAN_POINT('',(3.29946203942,0.8106926615024,0.));
#13215=CARTESIAN_POINT('',(3.5,0.8459437097675,0.));
#13216=CARTESIAN_POINT('',(3.5,0.8459437097675,0.));
#13217=CARTESIAN_POINT('',(3.5,0.8459437097675,0.));
#13218=CARTESIAN_POINT('Origin',(1.75,2.25,0.));
#13219=CARTESIAN_POINT('',(3.424462039427,1.060692661499,0.));
#13220=CARTESIAN_POINT('',(3.5,1.02544161323,0.));
#13221=CARTESIAN_POINT('',(3.424462039427,1.060692661499,0.));
#13222=CARTESIAN_POINT('',(3.29946203942,1.060692661499,0.));
#13223=CARTESIAN_POINT('',(3.424462039427,1.060692661499,0.));
#13224=CARTESIAN_POINT('',(3.29946203942,1.310692661495,0.));
#13225=CARTESIAN_POINT('',(3.29946203942,1.310692661495,0.));
#13226=CARTESIAN_POINT('',(3.42446203942,1.310692661495,0.));
#13227=CARTESIAN_POINT('',(3.29946203942,1.310692661495,0.));
#13228=CARTESIAN_POINT('',(3.5,1.345943709768,0.));
#13229=CARTESIAN_POINT('',(3.5,1.345943709768,0.));
#13230=CARTESIAN_POINT('',(3.5,1.345943709768,0.));
#13231=CARTESIAN_POINT('Origin',(0.07446203941749,1.810692661499,0.09314404469578));
#13232=CARTESIAN_POINT('',(0.,1.845441613228,0.09314404469578));
#13233=CARTESIAN_POINT('',(0.,1.845441613228,0.));
#13234=CARTESIAN_POINT('',(0.07446203942115,1.810692661497,0.09314404469578));
#13235=CARTESIAN_POINT('',(0.07446203942115,1.810692661497,0.09314404469578));
#13236=CARTESIAN_POINT('',(0.07446203942115,1.810692661497,0.09314404469578));
#13237=CARTESIAN_POINT('Origin',(0.,4.5,0.));
#13238=CARTESIAN_POINT('',(0.,3.295441613229,0.09314404469578));
#13239=CARTESIAN_POINT('',(0.,3.345983916503,0.09314404469578));
#13240=CARTESIAN_POINT('',(0.,3.295441613229,0.09314404469578));
#13241=CARTESIAN_POINT('',(0.,3.295441613229,0.));
#13242=CARTESIAN_POINT('',(0.,2.975943712833,0.09314404469578));
#13243=CARTESIAN_POINT('',(0.,2.975943712833,0.));
#13244=CARTESIAN_POINT('',(0.,2.925983916503,0.09314404469578));
#13245=CARTESIAN_POINT('',(0.,2.925983916503,0.09314404469578));
#13246=CARTESIAN_POINT('',(0.,2.925983916503,0.1931440446958));
#13247=CARTESIAN_POINT('',(0.,2.925983916503,0.1931440446958));
#13248=CARTESIAN_POINT('',(0.,2.845983916501,0.1931440446958));
#13249=CARTESIAN_POINT('',(0.,2.845983916501,0.1931440446958));
#13250=CARTESIAN_POINT('',(0.,2.845983916501,0.09314404469578));
#13251=CARTESIAN_POINT('',(0.,2.845983916501,0.1931440446958));
#13252=CARTESIAN_POINT('',(0.,2.795441613227,0.09314404469578));
#13253=CARTESIAN_POINT('',(0.,2.795441613227,0.09314404469578));
#13254=CARTESIAN_POINT('',(0.,2.795441613227,0.));
#13255=CARTESIAN_POINT('',(0.,2.025943709769,0.09314404469578));
#13256=CARTESIAN_POINT('',(0.,2.025943709769,0.));
#13257=CARTESIAN_POINT('',(0.,1.975983918052,0.09314404469578));
#13258=CARTESIAN_POINT('',(0.,1.975983918052,0.09314404469578));
#13259=CARTESIAN_POINT('',(0.,1.975983918052,0.1931440446958));
#13260=CARTESIAN_POINT('',(0.,1.975983918052,0.1931440446958));
#13261=CARTESIAN_POINT('',(0.,1.895983918053,0.1931440446958));
#13262=CARTESIAN_POINT('',(0.,1.895983918053,0.1931440446958));
#13263=CARTESIAN_POINT('',(0.,1.895983918053,0.09314404469578));
#13264=CARTESIAN_POINT('',(0.,1.895983918053,0.1931440446958));
#13265=CARTESIAN_POINT('',(0.,1.845441613228,0.09314404469578));
#13266=CARTESIAN_POINT('',(0.,1.525943709769,0.09314404469578));
#13267=CARTESIAN_POINT('',(0.,1.525943709769,0.));
#13268=CARTESIAN_POINT('',(0.,1.47598391805,0.09314404469578));
#13269=CARTESIAN_POINT('',(0.,1.47598391805,0.09314404469578));
#13270=CARTESIAN_POINT('',(0.,1.47598391805,0.1931440446958));
#13271=CARTESIAN_POINT('',(0.,1.47598391805,0.1931440446958));
#13272=CARTESIAN_POINT('',(0.,1.395983918052,0.1931440446958));
#13273=CARTESIAN_POINT('',(0.,1.395983918052,0.1931440446958));
#13274=CARTESIAN_POINT('',(0.,1.395983918052,0.09314404469578));
#13275=CARTESIAN_POINT('',(0.,1.395983918052,0.1931440446958));
#13276=CARTESIAN_POINT('',(0.,1.345441613228,0.09314404469578));
#13277=CARTESIAN_POINT('',(0.,1.345441613228,0.09314404469578));
#13278=CARTESIAN_POINT('',(0.,1.345441613228,0.));
#13279=CARTESIAN_POINT('',(0.,1.025943709769,0.09314404469578));
#13280=CARTESIAN_POINT('',(0.,1.025943709769,0.));
#13281=CARTESIAN_POINT('',(0.,0.9759839180525,0.09314404469578));
#13282=CARTESIAN_POINT('',(0.,0.9759839180525,0.09314404469578));
#13283=CARTESIAN_POINT('',(0.,0.9759839180525,0.1931440446958));
#13284=CARTESIAN_POINT('',(0.,0.9759839180525,0.1931440446958));
#13285=CARTESIAN_POINT('',(0.,0.8959839180498,0.1931440446958));
#13286=CARTESIAN_POINT('',(0.,0.8959839180498,0.1931440446958));
#13287=CARTESIAN_POINT('',(0.,0.8959839180498,0.09314404469578));
#13288=CARTESIAN_POINT('',(0.,0.8959839180498,0.1931440446958));
#13289=CARTESIAN_POINT('',(0.,0.8454416163197,0.09314404469578));
#13290=CARTESIAN_POINT('',(0.,0.8454416163197,0.09314404469578));
#13291=CARTESIAN_POINT('',(0.,0.8454416163197,0.));
#13292=CARTESIAN_POINT('',(0.,0.5259437097688,0.09314404469578));
#13293=CARTESIAN_POINT('',(0.,0.5259437097688,0.));
#13294=CARTESIAN_POINT('',(0.,0.4759839180552,0.09314404469578));
#13295=CARTESIAN_POINT('',(0.,0.4759839180552,0.09314404469578));
#13296=CARTESIAN_POINT('',(0.,0.4759839180552,0.1931440446958));
#13297=CARTESIAN_POINT('',(0.,0.4759839180552,0.1931440446958));
#13298=CARTESIAN_POINT('',(0.,0.3959839180526,0.1931440446958));
#13299=CARTESIAN_POINT('',(0.,0.3959839180526,0.1931440446958));
#13300=CARTESIAN_POINT('',(0.,0.3959839180526,0.09314404469578));
#13301=CARTESIAN_POINT('',(0.,0.3959839180526,0.1931440446958));
#13302=CARTESIAN_POINT('',(0.,0.3454416132281,0.09314404469578));
#13303=CARTESIAN_POINT('',(0.,0.3454416132281,0.09314404469578));
#13304=CARTESIAN_POINT('',(0.,0.3454416132281,0.));
#13305=CARTESIAN_POINT('',(0.,4.5,1.9));
#13306=CARTESIAN_POINT('',(0.,4.225943709765,0.09314404469578));
#13307=CARTESIAN_POINT('',(0.,4.225943709765,0.));
#13308=CARTESIAN_POINT('',(0.,4.175983918045,0.09314404469578));
#13309=CARTESIAN_POINT('',(0.,4.175983918045,0.09314404469578));
#13310=CARTESIAN_POINT('',(0.,4.175983918045,0.1931440446958));
#13311=CARTESIAN_POINT('',(0.,4.175983918045,0.1931440446958));
#13312=CARTESIAN_POINT('',(0.,4.095983918047,0.1931440446958));
#13313=CARTESIAN_POINT('',(0.,4.175983918045,0.1931440446958));
#13314=CARTESIAN_POINT('',(0.,4.095983918047,0.09314404469578));
#13315=CARTESIAN_POINT('',(0.,4.095983918047,0.1931440446958));
#13316=CARTESIAN_POINT('',(0.,4.04544161631,0.09314404469578));
#13317=CARTESIAN_POINT('',(0.,4.04544161631,0.09314404469578));
#13318=CARTESIAN_POINT('',(0.,4.04544161631,0.));
#13319=CARTESIAN_POINT('',(0.,3.475943712833,0.09314404469578));
#13320=CARTESIAN_POINT('',(0.,3.475943712833,0.));
#13321=CARTESIAN_POINT('',(0.,3.425983916501,0.09314404469578));
#13322=CARTESIAN_POINT('',(0.,3.425983916501,0.09314404469578));
#13323=CARTESIAN_POINT('',(0.,3.425983916501,0.1931440446958));
#13324=CARTESIAN_POINT('',(0.,3.425983916501,0.1931440446958));
#13325=CARTESIAN_POINT('',(0.,3.345983916503,0.1931440446958));
#13326=CARTESIAN_POINT('',(0.,3.345983916503,0.1931440446958));
#13327=CARTESIAN_POINT('',(0.,3.345983916503,0.1931440446958));
#13328=CARTESIAN_POINT('Origin',(0.4175399327928,3.385692661811,0.09314404469578));
#13329=CARTESIAN_POINT('',(0.04214317369718,3.345983916503,0.09314404469578));
#13330=CARTESIAN_POINT('',(0.04214317369718,3.345983916503,0.09314404469578));
#13331=CARTESIAN_POINT('',(0.04214317369718,3.425983916501,0.09314404469578));
#13332=CARTESIAN_POINT('',(0.04214317369718,3.425983916501,0.09314404469578));
#13333=CARTESIAN_POINT('',(0.,3.425983916501,0.09314404469578));
#13334=CARTESIAN_POINT('',(0.07446203942479,3.510692661498,0.09314404469578));
#13335=CARTESIAN_POINT('',(0.,3.475943712833,0.09314404469578));
#13336=CARTESIAN_POINT('',(0.7744620328021,3.510692661495,0.09314404469578));
#13337=CARTESIAN_POINT('',(0.7744620328206,3.510692661497,0.09314404469578));
#13338=CARTESIAN_POINT('',(0.7744620328021,3.260692661495,0.09314404469578));
#13339=CARTESIAN_POINT('Origin',(0.7744620328298,3.385692661495,0.09314404469578));
#13340=CARTESIAN_POINT('',(0.07446203941749,3.260692661492,0.09314404469578));
#13341=CARTESIAN_POINT('',(0.07446203941749,3.260692661492,0.09314404469578));
#13342=CARTESIAN_POINT('',(0.07446203941749,3.260692661492,0.09314404469578));
#13343=CARTESIAN_POINT('Origin',(-0.0005379605796021,3.295692661499,0.09314404469578));
#13344=CARTESIAN_POINT('',(0.07446203941749,3.260692661492,0.09314404469578));
#13345=CARTESIAN_POINT('Origin',(0.07446203941749,3.260692661492,0.09314404469578));
#13346=CARTESIAN_POINT('',(0.7744620328206,3.260692661493,0.09314404469578));
#13347=CARTESIAN_POINT('Origin',(0.7744620328298,3.385692661495,0.09314404469578));
#13348=CARTESIAN_POINT('',(0.7744620328229,3.510692661497,0.));
#13349=CARTESIAN_POINT('Origin',(0.1494620393964,3.510692661498,0.09314404469578));
#13350=CARTESIAN_POINT('',(0.07446203942479,3.510692661498,0.));
#13351=CARTESIAN_POINT('Origin',(-0.0005379672007239,3.475692661494,0.09314404469578));
#13352=CARTESIAN_POINT('Origin',(0.05925868158323,3.425983916501,0.1931440446958));
#13353=CARTESIAN_POINT('',(0.04214317369718,3.425983916501,0.1931440446958));
#13354=CARTESIAN_POINT('',(0.04214317369718,3.425983916501,0.1931440446958));
#13355=CARTESIAN_POINT('',(0.04214317369718,3.425983916501,0.1931440446958));
#13356=CARTESIAN_POINT('Origin',(0.6689822399891,3.350961726702,0.1931440446958));
#13357=CARTESIAN_POINT('',(0.04214317369718,3.345983916503,0.1931440446958));
#13358=CARTESIAN_POINT('',(0.04214317369718,3.345983916503,0.1931440446958));
#13359=CARTESIAN_POINT('',(0.04214317369718,3.345983916503,0.1931440446958));
#13360=CARTESIAN_POINT('Origin',(-0.07574131842608,3.345983916503,0.1931440446958));
#13361=CARTESIAN_POINT('',(0.04214317369718,3.345983916503,0.1931440446958));
#13362=CARTESIAN_POINT('Origin',(0.04214317369718,3.597892775472,0.1931440446958));
#13363=CARTESIAN_POINT('Origin',(-0.0005379605796011,4.045692664581,0.09314404469578));
#13364=CARTESIAN_POINT('',(0.07446204602041,4.010692661499,0.09314404469578));
#13365=CARTESIAN_POINT('',(0.07446204602041,4.010692661499,0.09314404469578));
#13366=CARTESIAN_POINT('',(0.07446204602041,4.010692661499,0.09314404469578));
#13367=CARTESIAN_POINT('Origin',(0.07446204602042,4.010692661499,0.09314404469578));
#13368=CARTESIAN_POINT('',(0.7244620394277,4.010692661499,0.09314404469578));
#13369=CARTESIAN_POINT('',(0.07446204602041,4.010692661499,0.09314404469578));
#13370=CARTESIAN_POINT('',(0.7244620394277,4.010692661499,0.));
#13371=CARTESIAN_POINT('Origin',(0.9244620394269,4.210692661494,0.09314404469578));
#13372=CARTESIAN_POINT('',(0.9244620394269,4.210692661494,0.09314404469578));
#13373=CARTESIAN_POINT('',(0.9244620394269,4.210692661494,0.09314404469578));
#13374=CARTESIAN_POINT('',(0.9244620394269,4.210692661494,0.));
#13375=CARTESIAN_POINT('Origin',(0.9244620394269,3.912894220607,0.09314404469578));
#13376=CARTESIAN_POINT('',(0.9244620394269,4.5,0.09314404469578));
#13377=CARTESIAN_POINT('',(0.9244620394269,4.5,0.1931440446958));
#13378=CARTESIAN_POINT('',(0.9244620394269,4.5,0.09314404469578));
#13379=CARTESIAN_POINT('',(0.9244620394269,4.402275646571,0.09314404469578));
#13380=CARTESIAN_POINT('',(0.9244620394269,4.402275646571,0.09314404469578));
#13381=CARTESIAN_POINT('',(0.9244620394269,4.402275646571,0.1931440446958));
#13382=CARTESIAN_POINT('',(0.9244620394269,4.402275646571,0.1931440446958));
#13383=CARTESIAN_POINT('',(0.9244620394269,4.402275646571,0.1931440446958));
#13384=CARTESIAN_POINT('Origin',(0.9244620394269,3.912894220607,0.09314404469578));
#13385=CARTESIAN_POINT('',(0.9244620394269,4.385692661494,0.09314404469578));
#13386=CARTESIAN_POINT('',(0.9244620394269,4.210692661494,0.09314404469578));
#13387=CARTESIAN_POINT('',(0.9244620394269,4.385692661494,0.));
#13388=CARTESIAN_POINT('Origin',(3.5,4.5,0.));
#13389=CARTESIAN_POINT('',(1.659462039431,4.5,0.09314404469578));
#13390=CARTESIAN_POINT('',(1.7092586783,4.5,0.09314404469578));
#13391=CARTESIAN_POINT('',(1.659462039431,4.5,0.09314404469578));
#13392=CARTESIAN_POINT('',(1.659462039431,4.5,0.));
#13393=CARTESIAN_POINT('',(1.339462039421,4.5,0.09314404469578));
#13394=CARTESIAN_POINT('',(1.339462039421,4.5,0.));
#13395=CARTESIAN_POINT('',(1.289258678287,4.5,0.09314404469578));
#13396=CARTESIAN_POINT('',(1.289258678287,4.5,0.09314404469578));
#13397=CARTESIAN_POINT('',(1.289258678287,4.5,0.1931440446958));
#13398=CARTESIAN_POINT('',(1.289258678287,4.5,0.1931440446958));
#13399=CARTESIAN_POINT('',(1.209258678289,4.5,0.1931440446958));
#13400=CARTESIAN_POINT('',(1.209258678289,4.5,0.1931440446958));
#13401=CARTESIAN_POINT('',(1.209258678289,4.5,0.09314404469578));
#13402=CARTESIAN_POINT('',(1.209258678289,4.5,0.1931440446958));
#13403=CARTESIAN_POINT('',(1.15946203942,4.5,0.09314404469578));
#13404=CARTESIAN_POINT('',(1.15946203942,4.5,0.09314404469578));
#13405=CARTESIAN_POINT('',(1.15946203942,4.5,0.));
#13406=CARTESIAN_POINT('',(3.5,4.5,1.9));
#13407=CARTESIAN_POINT('',(2.339462039424,4.5,0.09314404469578));
#13408=CARTESIAN_POINT('',(2.339462039424,4.5,0.));
#13409=CARTESIAN_POINT('',(2.28925867829,4.5,0.09314404469578));
#13410=CARTESIAN_POINT('',(2.28925867829,4.5,0.09314404469578));
#13411=CARTESIAN_POINT('',(2.28925867829,4.5,0.1931440446958));
#13412=CARTESIAN_POINT('',(2.28925867829,4.5,0.1931440446958));
#13413=CARTESIAN_POINT('',(2.209258678292,4.5,0.1931440446958));
#13414=CARTESIAN_POINT('',(2.209258678292,4.5,0.1931440446958));
#13415=CARTESIAN_POINT('',(2.209258678292,4.5,0.09314404469578));
#13416=CARTESIAN_POINT('',(2.209258678292,4.5,0.1931440446958));
#13417=CARTESIAN_POINT('',(2.159462039424,4.5,0.09314404469578));
#13418=CARTESIAN_POINT('',(2.159462039424,4.5,0.09314404469578));
#13419=CARTESIAN_POINT('',(2.159462039424,4.5,0.));
#13420=CARTESIAN_POINT('',(1.839462039413,4.5,0.09314404469578));
#13421=CARTESIAN_POINT('',(1.839462039413,4.5,0.));
#13422=CARTESIAN_POINT('',(1.789258678298,4.5,0.09314404469578));
#13423=CARTESIAN_POINT('',(1.789258678298,4.5,0.09314404469578));
#13424=CARTESIAN_POINT('',(1.789258678298,4.5,0.1931440446958));
#13425=CARTESIAN_POINT('',(1.789258678298,4.5,0.1931440446958));
#13426=CARTESIAN_POINT('',(1.7092586783,4.5,0.1931440446958));
#13427=CARTESIAN_POINT('',(1.7092586783,4.5,0.1931440446958));
#13428=CARTESIAN_POINT('',(1.7092586783,4.5,0.1931440446958));
#13429=CARTESIAN_POINT('',(0.8244620394066,4.5,0.09314404469578));
#13430=CARTESIAN_POINT('',(0.8244620394066,4.5,0.09314404469578));
#13431=CARTESIAN_POINT('',(0.8244620394066,4.5,0.1931440446958));
#13432=CARTESIAN_POINT('',(0.8244620394066,4.5,0.1931440446958));
#13433=CARTESIAN_POINT('',(0.8244620394066,4.5,0.09314404469578));
#13434=CARTESIAN_POINT('Origin',(0.701675974295,4.003933868083,0.09314404469578));
#13435=CARTESIAN_POINT('',(0.8244620394066,4.402275646571,0.09314404469578));
#13436=CARTESIAN_POINT('',(0.8244620394066,4.5,0.09314404469578));
#13437=CARTESIAN_POINT('',(0.8244620394066,4.402275646571,0.09314404469578));
#13438=CARTESIAN_POINT('Origin',(1.393162497442,4.402275646571,0.1931440446958));
#13439=CARTESIAN_POINT('',(0.8244620394066,4.402275646571,0.1931440446958));
#13440=CARTESIAN_POINT('',(0.8244620394066,4.402275646571,0.09314404469578));
#13441=CARTESIAN_POINT('',(0.9244620394269,4.402275646571,0.1931440446958));
#13442=CARTESIAN_POINT('Origin',(0.701675974295,4.003933868083,0.1931440446958));
#13443=CARTESIAN_POINT('',(0.04531728712997,4.175983918045,0.1931440446958));
#13444=CARTESIAN_POINT('',(0.04531728712997,4.175983918045,0.1931440446958));
#13445=CARTESIAN_POINT('',(0.04531728712997,4.095983918047,0.1931440446958));
#13446=CARTESIAN_POINT('',(0.04531728712997,4.095983918047,0.1931440446958));
#13447=CARTESIAN_POINT('',(0.,4.095983918047,0.1931440446958));
#13448=CARTESIAN_POINT('Origin',(0.701675974295,4.003933868083,0.1931440446958));
#13449=CARTESIAN_POINT('',(0.8244620394066,4.402275646571,0.1931440446958));
#13450=CARTESIAN_POINT('Origin',(-0.07574131511552,4.095983918047,0.1931440446958));
#13451=CARTESIAN_POINT('',(0.04531728712997,4.095983918047,0.09314404469578));
#13452=CARTESIAN_POINT('',(0.04531728712997,4.095983918047,0.1931440446958));
#13453=CARTESIAN_POINT('',(0.04531728712997,4.095983918047,0.09314404469578));
#13454=CARTESIAN_POINT('Origin',(0.4571462477343,4.201757054108,0.09314404469578));
#13455=CARTESIAN_POINT('',(0.04531728712997,4.175983918045,0.09314404469578));
#13456=CARTESIAN_POINT('',(0.04531728712997,4.175983918045,0.09314404469578));
#13457=CARTESIAN_POINT('',(0.04531728712997,4.175983918045,0.09314404469578));
#13458=CARTESIAN_POINT('',(0.07446203941993,4.260692661496,0.09314404469578));
#13459=CARTESIAN_POINT('',(0.,4.225943709765,0.09314404469578));
#13460=CARTESIAN_POINT('',(0.1994620394248,4.260692661496,0.09314404469578));
#13461=CARTESIAN_POINT('',(0.1994620394248,4.260692661496,0.09314404469578));
#13462=CARTESIAN_POINT('',(0.1994620394248,4.385692661494,0.09314404469578));
#13463=CARTESIAN_POINT('',(0.1994620394248,4.260692661496,0.09314404469578));
#13464=CARTESIAN_POINT('',(0.9244620394269,4.385692661494,0.09314404469578));
#13465=CARTESIAN_POINT('Origin',(0.8244620394066,4.385692661494,0.09314404469578));
#13466=CARTESIAN_POINT('',(0.1994620394248,4.385692661494,0.));
#13467=CARTESIAN_POINT('Origin',(0.1994620394248,4.260692661495,0.09314404469578));
#13468=CARTESIAN_POINT('',(0.1994620394248,4.260692661496,0.));
#13469=CARTESIAN_POINT('Origin',(0.1494620460175,4.260692661496,0.09314404469578));
#13470=CARTESIAN_POINT('',(0.07446203941993,4.260692661496,0.));
#13471=CARTESIAN_POINT('Origin',(-0.0005379605796008,4.225692661494,0.09314404469578));
#13472=CARTESIAN_POINT('Origin',(0.0592586848938,4.175983918045,0.1931440446958));
#13473=CARTESIAN_POINT('',(0.04531728712997,4.175983918045,0.1931440446958));
#13474=CARTESIAN_POINT('Origin',(0.04531728712997,4.402275646571,0.1931440446958));
#13475=CARTESIAN_POINT('Origin',(0.8244620394066,4.485692661496,0.09314404469578));
#13476=CARTESIAN_POINT('Origin',(1.749462039413,3.8473349245,0.09314404469578));
#13477=CARTESIAN_POINT('',(1.7092586783,4.438844452541,0.09314404469578));
#13478=CARTESIAN_POINT('',(1.7092586783,4.438844452541,0.09314404469578));
#13479=CARTESIAN_POINT('',(1.789258678298,4.438844452541,0.09314404469578));
#13480=CARTESIAN_POINT('',(1.789258678298,4.438844452541,0.09314404469578));
#13481=CARTESIAN_POINT('',(1.789258678298,4.5,0.09314404469578));
#13482=CARTESIAN_POINT('',(1.839462039413,4.485692661497,0.09314404469578));
#13483=CARTESIAN_POINT('',(1.839462039413,4.485692661497,0.09314404469578));
#13484=CARTESIAN_POINT('',(1.899462039389,4.41069266152,0.09314404469578));
#13485=CARTESIAN_POINT('',(1.839462039413,4.485692661497,0.09314404469578));
#13486=CARTESIAN_POINT('',(1.899462039407,3.2856926613,0.09314404469578));
#13487=CARTESIAN_POINT('',(1.899462039395,3.285692661431,0.09314404469578));
#13488=CARTESIAN_POINT('',(1.599462039419,3.285692661496,0.09314404469578));
#13489=CARTESIAN_POINT('Origin',(1.749462039413,3.285692661496,0.09314404469578));
#13490=CARTESIAN_POINT('',(1.599462039419,4.410692661497,0.09314404469578));
#13491=CARTESIAN_POINT('',(1.599462039419,4.410692661497,0.09314404469578));
#13492=CARTESIAN_POINT('',(1.659462039431,4.4856926615,0.09314404469578));
#13493=CARTESIAN_POINT('',(1.599462039419,4.410692661497,0.09314404469578));
#13494=CARTESIAN_POINT('',(1.659462039431,4.4856926615,0.09314404469578));
#13495=CARTESIAN_POINT('Origin',(1.659462039431,4.485692661496,-0.006855955304215));
#13496=CARTESIAN_POINT('',(1.659462039431,4.4856926615,0.09314404469578));
#13497=CARTESIAN_POINT('Origin',(1.599462039419,4.410692661497,0.09314404469578));
#13498=CARTESIAN_POINT('',(1.599462039419,4.410692661497,0.09314404469578));
#13499=CARTESIAN_POINT('Origin',(1.599462039419,4.410692661499,0.09314404469578));
#13500=CARTESIAN_POINT('',(1.599462039419,3.285692661496,0.09314404469578));
#13501=CARTESIAN_POINT('Origin',(1.749462039413,3.285692661496,0.09314404469578));
#13502=CARTESIAN_POINT('',(1.899462039395,3.28569266145,0.));
#13503=CARTESIAN_POINT('Origin',(1.899462039389,4.335692661502,0.09314404469578));
#13504=CARTESIAN_POINT('',(1.899462039389,4.41069266152,0.));
#13505=CARTESIAN_POINT('Origin',(1.839462039413,4.485692661497,0.09314404469578));
#13506=CARTESIAN_POINT('',(1.839462039413,4.485692661497,0.09314404469578));
#13507=CARTESIAN_POINT('Origin',(1.839462039413,4.485692661496,0.09314404469578));
#13508=CARTESIAN_POINT('Origin',(1.789258678298,4.425983911448,0.1931440446958));
#13509=CARTESIAN_POINT('',(1.789258678298,4.438844452541,0.1931440446958));
#13510=CARTESIAN_POINT('',(1.789258678298,4.438844452541,0.1931440446958));
#13511=CARTESIAN_POINT('',(1.789258678298,4.438844452541,0.1931440446958));
#13512=CARTESIAN_POINT('Origin',(1.757854474328,3.758446184763,0.1931440446958));
#13513=CARTESIAN_POINT('',(1.7092586783,4.438844452541,0.1931440446958));
#13514=CARTESIAN_POINT('',(1.7092586783,4.438844452541,0.1931440446958));
#13515=CARTESIAN_POINT('',(1.7092586783,4.438844452541,0.1931440446958));
#13516=CARTESIAN_POINT('Origin',(1.7092586783,4.560983911448,0.1931440446958));
#13517=CARTESIAN_POINT('',(1.7092586783,4.438844452541,0.1931440446958));
#13518=CARTESIAN_POINT('Origin',(2.033570722679,4.438844452541,0.1931440446958));
#13519=CARTESIAN_POINT('Origin',(2.159462039424,4.485692661496,-0.006855955304215));
#13520=CARTESIAN_POINT('',(2.159462039424,4.485692661496,0.09314404469578));
#13521=CARTESIAN_POINT('',(2.159462039424,4.485692661496,0.09314404469578));
#13522=CARTESIAN_POINT('',(2.159462039424,4.485692661496,0.));
#13523=CARTESIAN_POINT('Origin',(2.159462039424,4.485692661496,0.09314404469578));
#13524=CARTESIAN_POINT('',(2.124462039417,4.410692661499,0.09314404469578));
#13525=CARTESIAN_POINT('',(2.124462039417,4.410692661499,0.09314404469578));
#13526=CARTESIAN_POINT('',(2.124462039417,4.410692661499,0.09314404469578));
#13527=CARTESIAN_POINT('Origin',(2.124462039417,4.410692661499,0.09314404469578));
#13528=CARTESIAN_POINT('',(2.124462039406,4.010692661363,0.09314404469578));
#13529=CARTESIAN_POINT('',(2.124462039417,4.410692661499,0.09314404469578));
#13530=CARTESIAN_POINT('',(2.124462039413,4.01069266145,0.09314404469578));
#13531=CARTESIAN_POINT('Origin',(2.249462039406,4.010692661494,0.09314404469578));
#13532=CARTESIAN_POINT('',(2.374462039406,4.010692661582,0.09314404469578));
#13533=CARTESIAN_POINT('Origin',(2.249462039406,4.010692661494,0.09314404469578));
#13534=CARTESIAN_POINT('',(2.374462039411,4.010692661512,0.));
#13535=CARTESIAN_POINT('Origin',(2.374462039413,4.335692661502,0.09314404469578));
#13536=CARTESIAN_POINT('',(2.374462039413,4.410692661497,0.09314404469578));
#13537=CARTESIAN_POINT('',(2.374462039411,4.010692661523,0.09314404469578));
#13538=CARTESIAN_POINT('',(2.374462039413,4.410692661497,0.));
#13539=CARTESIAN_POINT('Origin',(2.339462039424,4.485692661497,0.09314404469578));
#13540=CARTESIAN_POINT('',(2.339462039424,4.485692661497,0.09314404469578));
#13541=CARTESIAN_POINT('',(2.339462039424,4.485692661497,0.09314404469578));
#13542=CARTESIAN_POINT('',(2.339462039424,4.485692661497,0.09314404469578));
#13543=CARTESIAN_POINT('Origin',(2.339462039424,4.485692661496,0.09314404469578));
#13544=CARTESIAN_POINT('',(2.339462039424,4.485692661497,0.09314404469578));
#13545=CARTESIAN_POINT('Origin',(2.249462039414,4.215183972022,0.09314404469578));
#13546=CARTESIAN_POINT('',(2.209258678292,4.43865734535,0.09314404469578));
#13547=CARTESIAN_POINT('',(2.209258678292,4.43865734535,0.09314404469578));
#13548=CARTESIAN_POINT('',(2.28925867829,4.43865734535,0.09314404469578));
#13549=CARTESIAN_POINT('',(2.28925867829,4.43865734535,0.09314404469578));
#13550=CARTESIAN_POINT('',(2.28925867829,4.5,0.09314404469578));
#13551=CARTESIAN_POINT('Origin',(2.28925867829,4.425983911448,0.1931440446958));
#13552=CARTESIAN_POINT('',(2.28925867829,4.43865734535,0.1931440446958));
#13553=CARTESIAN_POINT('',(2.28925867829,4.43865734535,0.1931440446958));
#13554=CARTESIAN_POINT('',(2.28925867829,4.43865734535,0.1931440446958));
#13555=CARTESIAN_POINT('Origin',(2.25181286836,4.16638978575,0.1931440446958));
#13556=CARTESIAN_POINT('',(2.209258678292,4.43865734535,0.1931440446958));
#13557=CARTESIAN_POINT('',(2.209258678292,4.43865734535,0.1931440446958));
#13558=CARTESIAN_POINT('',(2.209258678292,4.43865734535,0.1931440446958));
#13559=CARTESIAN_POINT('Origin',(2.209258678292,4.560983911448,0.1931440446958));
#13560=CARTESIAN_POINT('',(2.209258678292,4.43865734535,0.1931440446958));
#13561=CARTESIAN_POINT('Origin',(2.443947504768,4.43865734535,0.1931440446958));
#13562=CARTESIAN_POINT('Origin',(3.5,0.,0.));
#13563=CARTESIAN_POINT('',(3.5,0.3459437128572,0.09314404469578));
#13564=CARTESIAN_POINT('',(3.5,0.3959839180526,0.09314404469578));
#13565=CARTESIAN_POINT('',(3.5,0.3459437128572,0.09314404469578));
#13566=CARTESIAN_POINT('',(3.5,0.3959839180526,0.1931440446958));
#13567=CARTESIAN_POINT('',(3.5,0.3959839180526,0.1931440446958));
#13568=CARTESIAN_POINT('',(3.5,0.4759839180552,0.1931440446958));
#13569=CARTESIAN_POINT('',(3.5,0.3959839180526,0.1931440446958));
#13570=CARTESIAN_POINT('',(3.5,0.4759839180552,0.09314404469578));
#13571=CARTESIAN_POINT('',(3.5,0.4759839180552,0.1931440446958));
#13572=CARTESIAN_POINT('',(3.5,0.5254416132301,0.09314404469578));
#13573=CARTESIAN_POINT('',(3.5,0.4759839180552,0.09314404469578));
#13574=CARTESIAN_POINT('',(3.5,0.5254416132301,0.));
#13575=CARTESIAN_POINT('',(3.5,0.8459437097675,0.09314404469578));
#13576=CARTESIAN_POINT('',(3.5,0.8459437097675,0.));
#13577=CARTESIAN_POINT('',(3.5,0.8959839180498,0.09314404469578));
#13578=CARTESIAN_POINT('',(3.5,0.8459437097675,0.09314404469578));
#13579=CARTESIAN_POINT('',(3.5,0.8959839180498,0.1931440446958));
#13580=CARTESIAN_POINT('',(3.5,0.8959839180498,0.1931440446958));
#13581=CARTESIAN_POINT('',(3.5,0.9759839180525,0.1931440446958));
#13582=CARTESIAN_POINT('',(3.5,0.8959839180498,0.1931440446958));
#13583=CARTESIAN_POINT('',(3.5,0.9759839180525,0.09314404469578));
#13584=CARTESIAN_POINT('',(3.5,0.9759839180525,0.1931440446958));
#13585=CARTESIAN_POINT('',(3.5,1.02544161323,0.09314404469578));
#13586=CARTESIAN_POINT('',(3.5,0.9759839180525,0.09314404469578));
#13587=CARTESIAN_POINT('',(3.5,1.02544161323,0.));
#13588=CARTESIAN_POINT('',(3.5,1.345943709768,0.09314404469578));
#13589=CARTESIAN_POINT('',(3.5,1.345943709768,0.));
#13590=CARTESIAN_POINT('',(3.5,1.395983918052,0.09314404469578));
#13591=CARTESIAN_POINT('',(3.5,1.345943709768,0.09314404469578));
#13592=CARTESIAN_POINT('',(3.5,1.395983918052,0.1931440446958));
#13593=CARTESIAN_POINT('',(3.5,1.395983918052,0.1931440446958));
#13594=CARTESIAN_POINT('',(3.5,1.47598391805,0.1931440446958));
#13595=CARTESIAN_POINT('',(3.5,1.395983918052,0.1931440446958));
#13596=CARTESIAN_POINT('',(3.5,1.47598391805,0.09314404469578));
#13597=CARTESIAN_POINT('',(3.5,1.47598391805,0.1931440446958));
#13598=CARTESIAN_POINT('',(3.5,1.52544161323,0.09314404469578));
#13599=CARTESIAN_POINT('',(3.5,1.47598391805,0.09314404469578));
#13600=CARTESIAN_POINT('',(3.5,1.52544161323,0.));
#13601=CARTESIAN_POINT('',(3.5,1.845943709768,0.09314404469578));
#13602=CARTESIAN_POINT('',(3.5,1.845943709768,0.));
#13603=CARTESIAN_POINT('',(3.5,1.895983918053,0.09314404469578));
#13604=CARTESIAN_POINT('',(3.5,1.845943709768,0.09314404469578));
#13605=CARTESIAN_POINT('',(3.5,1.895983918053,0.1931440446958));
#13606=CARTESIAN_POINT('',(3.5,1.895983918053,0.1931440446958));
#13607=CARTESIAN_POINT('',(3.5,1.975983918052,0.1931440446958));
#13608=CARTESIAN_POINT('',(3.5,1.895983918053,0.1931440446958));
#13609=CARTESIAN_POINT('',(3.5,1.975983918052,0.09314404469578));
#13610=CARTESIAN_POINT('',(3.5,1.975983918052,0.1931440446958));
#13611=CARTESIAN_POINT('',(3.5,2.025441610143,0.09314404469578));
#13612=CARTESIAN_POINT('',(3.5,1.975983918052,0.09314404469578));
#13613=CARTESIAN_POINT('',(3.5,2.025441610143,0.));
#13614=CARTESIAN_POINT('',(3.5,2.795943709766,0.09314404469578));
#13615=CARTESIAN_POINT('',(3.5,2.795943709766,0.));
#13616=CARTESIAN_POINT('',(3.5,2.845983916501,0.09314404469578));
#13617=CARTESIAN_POINT('',(3.5,2.795943709766,0.09314404469578));
#13618=CARTESIAN_POINT('',(3.5,2.845983916501,0.1931440446958));
#13619=CARTESIAN_POINT('',(3.5,2.845983916501,0.1931440446958));
#13620=CARTESIAN_POINT('',(3.5,2.925983916503,0.1931440446958));
#13621=CARTESIAN_POINT('',(3.5,2.845983916501,0.1931440446958));
#13622=CARTESIAN_POINT('',(3.5,2.925983916503,0.09314404469578));
#13623=CARTESIAN_POINT('',(3.5,2.925983916503,0.1931440446958));
#13624=CARTESIAN_POINT('',(3.5,2.975441613229,0.09314404469578));
#13625=CARTESIAN_POINT('',(3.5,2.925983916503,0.09314404469578));
#13626=CARTESIAN_POINT('',(3.5,2.975441613229,0.));
#13627=CARTESIAN_POINT('',(3.5,3.295943709768,0.09314404469578));
#13628=CARTESIAN_POINT('',(3.5,3.295943709768,0.));
#13629=CARTESIAN_POINT('',(3.5,3.345983916503,0.09314404469578));
#13630=CARTESIAN_POINT('',(3.5,3.295943709768,0.09314404469578));
#13631=CARTESIAN_POINT('',(3.5,3.345983916503,0.1931440446958));
#13632=CARTESIAN_POINT('',(3.5,3.345983916503,0.1931440446958));
#13633=CARTESIAN_POINT('',(3.5,3.425983916501,0.1931440446958));
#13634=CARTESIAN_POINT('',(3.5,3.345983916503,0.1931440446958));
#13635=CARTESIAN_POINT('',(3.5,3.425983916501,0.09314404469578));
#13636=CARTESIAN_POINT('',(3.5,3.425983916501,0.1931440446958));
#13637=CARTESIAN_POINT('',(3.5,3.475441613231,0.09314404469578));
#13638=CARTESIAN_POINT('',(3.5,3.425983916501,0.09314404469578));
#13639=CARTESIAN_POINT('',(3.5,3.475441613231,0.));
#13640=CARTESIAN_POINT('',(3.5,4.045943712856,0.09314404469578));
#13641=CARTESIAN_POINT('',(3.5,4.045943712856,0.));
#13642=CARTESIAN_POINT('',(3.5,4.095983918047,0.09314404469578));
#13643=CARTESIAN_POINT('',(3.5,4.045943712856,0.09314404469578));
#13644=CARTESIAN_POINT('',(3.5,4.095983918047,0.1931440446958));
#13645=CARTESIAN_POINT('',(3.5,4.095983918047,0.1931440446958));
#13646=CARTESIAN_POINT('',(3.5,4.175983918045,0.1931440446958));
#13647=CARTESIAN_POINT('',(3.5,4.095983918047,0.1931440446958));
#13648=CARTESIAN_POINT('',(3.5,4.175983918045,0.09314404469578));
#13649=CARTESIAN_POINT('',(3.5,4.175983918045,0.1931440446958));
#13650=CARTESIAN_POINT('',(3.5,4.225441613226,0.09314404469578));
#13651=CARTESIAN_POINT('',(3.5,4.175983918045,0.09314404469578));
#13652=CARTESIAN_POINT('',(3.5,4.225441613226,0.));
#13653=CARTESIAN_POINT('',(3.5,0.3459437128572,0.));
#13654=CARTESIAN_POINT('Origin',(3.081382693608,2.885692661495,0.09314404469578));
#13655=CARTESIAN_POINT('',(3.424462032806,0.3106926615005,0.09314404469578));
#13656=CARTESIAN_POINT('',(3.5,0.3459437128572,0.09314404469578));
#13657=CARTESIAN_POINT('',(3.29946203942,0.3106926615005,0.09314404469578));
#13658=CARTESIAN_POINT('',(3.29946203942,0.3106926615005,0.09314404469578));
#13659=CARTESIAN_POINT('',(3.29946203942,0.2106926614984,0.09314404469578));
#13660=CARTESIAN_POINT('',(3.29946203942,0.3106926615005,0.09314404469578));
#13661=CARTESIAN_POINT('',(2.299462039513,0.2106926615616,0.09314404469578));
#13662=CARTESIAN_POINT('',(3.29946203942,0.2106926614984,0.09314404469578));
#13663=CARTESIAN_POINT('',(2.199462039417,0.3106926615869,0.09314404469578));
#13664=CARTESIAN_POINT('Origin',(2.299462039416,0.3106926615528,0.09314404469578));
#13665=CARTESIAN_POINT('',(2.199462039413,2.160599510114,0.09314404469578));
#13666=CARTESIAN_POINT('',(2.199462039417,0.3106926615869,0.09314404469578));
#13667=CARTESIAN_POINT('',(2.299462039416,2.260599510108,0.09314404469578));
#13668=CARTESIAN_POINT('Origin',(2.299462039416,2.160599510105,0.09314404469578));
#13669=CARTESIAN_POINT('',(3.299421523723,2.260599510108,0.09314404469578));
#13670=CARTESIAN_POINT('',(2.299462039416,2.260599510108,0.09314404469578));
#13671=CARTESIAN_POINT('',(3.29946203942,2.060692661502,0.09314404469578));
#13672=CARTESIAN_POINT('',(3.299421523723,2.260599510108,0.09314404469578));
#13673=CARTESIAN_POINT('',(3.424462032806,2.060692661502,0.09314404469578));
#13674=CARTESIAN_POINT('',(3.424462032806,2.060692661502,0.09314404469578));
#13675=CARTESIAN_POINT('',(3.424462032806,2.060692661502,0.09314404469578));
#13676=CARTESIAN_POINT('',(3.449966791845,1.975983918052,0.09314404469578));
#13677=CARTESIAN_POINT('',(3.449966791845,1.975983918052,0.09314404469578));
#13678=CARTESIAN_POINT('',(3.449966791845,1.895983918053,0.09314404469578));
#13679=CARTESIAN_POINT('',(3.449966791845,1.895983918053,0.09314404469578));
#13680=CARTESIAN_POINT('',(3.5,1.895983918053,0.09314404469578));
#13681=CARTESIAN_POINT('',(3.424462039423,1.810692661497,0.09314404469578));
#13682=CARTESIAN_POINT('',(3.5,1.845943709768,0.09314404469578));
#13683=CARTESIAN_POINT('',(3.29946203942,1.810692661497,0.09314404469578));
#13684=CARTESIAN_POINT('',(3.29946203942,1.810692661497,0.09314404469578));
#13685=CARTESIAN_POINT('',(3.29946203942,1.560692661501,0.09314404469578));
#13686=CARTESIAN_POINT('',(3.29946203942,1.810692661497,0.09314404469578));
#13687=CARTESIAN_POINT('',(3.424462039423,1.560692661501,0.09314404469578));
#13688=CARTESIAN_POINT('',(3.424462039423,1.560692661501,0.09314404469578));
#13689=CARTESIAN_POINT('',(3.424462039423,1.560692661501,0.09314404469578));
#13690=CARTESIAN_POINT('',(3.449966791845,1.47598391805,0.09314404469578));
#13691=CARTESIAN_POINT('',(3.449966791845,1.47598391805,0.09314404469578));
#13692=CARTESIAN_POINT('',(3.449966791845,1.395983918052,0.09314404469578));
#13693=CARTESIAN_POINT('',(3.449966791845,1.395983918052,0.09314404469578));
#13694=CARTESIAN_POINT('',(3.449966791845,1.395983918052,0.09314404469578));
#13695=CARTESIAN_POINT('',(3.42446203942,1.310692661495,0.09314404469578));
#13696=CARTESIAN_POINT('',(3.5,1.345943709768,0.09314404469578));
#13697=CARTESIAN_POINT('',(3.29946203942,1.310692661495,0.09314404469578));
#13698=CARTESIAN_POINT('',(3.29946203942,1.310692661495,0.09314404469578));
#13699=CARTESIAN_POINT('',(3.29946203942,1.060692661499,0.09314404469578));
#13700=CARTESIAN_POINT('',(3.29946203942,1.310692661495,0.09314404469578));
#13701=CARTESIAN_POINT('',(3.424462039427,1.060692661499,0.09314404469578));
#13702=CARTESIAN_POINT('',(3.424462039427,1.060692661499,0.09314404469578));
#13703=CARTESIAN_POINT('',(3.424462039427,1.060692661499,0.09314404469578));
#13704=CARTESIAN_POINT('',(3.449966791845,0.9759839180525,0.09314404469578));
#13705=CARTESIAN_POINT('',(3.449966791845,0.9759839180525,0.09314404469578));
#13706=CARTESIAN_POINT('',(3.449966791845,0.8959839180498,0.09314404469578));
#13707=CARTESIAN_POINT('',(3.449966791845,0.8959839180498,0.09314404469578));
#13708=CARTESIAN_POINT('',(3.5,0.8959839180498,0.09314404469578));
#13709=CARTESIAN_POINT('',(3.424462039434,0.8106926615024,0.09314404469578));
#13710=CARTESIAN_POINT('',(3.5,0.8459437097675,0.09314404469578));
#13711=CARTESIAN_POINT('',(3.29946203942,0.8106926615024,0.09314404469578));
#13712=CARTESIAN_POINT('',(3.29946203942,0.8106926615024,0.09314404469578));
#13713=CARTESIAN_POINT('',(3.29946203942,0.5606926614969,0.09314404469578));
#13714=CARTESIAN_POINT('',(3.29946203942,0.8106926615024,0.09314404469578));
#13715=CARTESIAN_POINT('',(3.424462039431,0.5606926614969,0.09314404469578));
#13716=CARTESIAN_POINT('',(3.424462039431,0.5606926614969,0.09314404469578));
#13717=CARTESIAN_POINT('',(3.424462039431,0.5606926614969,0.09314404469578));
#13718=CARTESIAN_POINT('',(3.449966791845,0.4759839180552,0.09314404469578));
#13719=CARTESIAN_POINT('',(3.449966791845,0.4759839180552,0.09314404469578));
#13720=CARTESIAN_POINT('',(3.449966791845,0.3959839180526,0.09314404469578));
#13721=CARTESIAN_POINT('',(3.449966791845,0.3959839180526,0.09314404469578));
#13722=CARTESIAN_POINT('',(3.5,0.3959839180526,0.09314404469578));
#13723=CARTESIAN_POINT('Origin',(3.081382693608,2.885692661495,0.09314404469578));
#13724=CARTESIAN_POINT('',(3.424462039427,2.760692661499,0.09314404469578));
#13725=CARTESIAN_POINT('',(3.5,2.795943709766,0.09314404469578));
#13726=CARTESIAN_POINT('',(2.724462045976,2.760692661495,0.09314404469578));
#13727=CARTESIAN_POINT('',(2.724462046002,2.760692661498,0.09314404469578));
#13728=CARTESIAN_POINT('',(2.724462046023,3.010692661495,0.09314404469578));
#13729=CARTESIAN_POINT('Origin',(2.724462046015,2.885692661495,0.09314404469578));
#13730=CARTESIAN_POINT('',(3.424462039427,3.010692661496,0.09314404469578));
#13731=CARTESIAN_POINT('',(3.424462039427,3.010692661496,0.09314404469578));
#13732=CARTESIAN_POINT('',(3.424462039427,3.010692661496,0.09314404469578));
#13733=CARTESIAN_POINT('',(3.449966791845,2.925983916503,0.09314404469578));
#13734=CARTESIAN_POINT('',(3.449966791845,2.925983916503,0.09314404469578));
#13735=CARTESIAN_POINT('',(3.449966791845,2.845983916501,0.09314404469578));
#13736=CARTESIAN_POINT('',(3.449966791845,2.845983916501,0.09314404469578));
#13737=CARTESIAN_POINT('',(3.449966791845,2.845983916501,0.09314404469578));
#13738=CARTESIAN_POINT('Origin',(3.439258671704,0.3959839180526,0.1931440446958));
#13739=CARTESIAN_POINT('',(3.449966791845,0.3959839180526,0.1931440446958));
#13740=CARTESIAN_POINT('',(3.449966791845,0.3959839180526,0.1931440446958));
#13741=CARTESIAN_POINT('',(3.449966791845,0.3959839180526,0.1931440446958));
#13742=CARTESIAN_POINT('Origin',(2.789096054456,1.727467110448,0.1931440446958));
#13743=CARTESIAN_POINT('',(3.449966791845,0.4759839180552,0.1931440446958));
#13744=CARTESIAN_POINT('',(3.449966791845,0.4759839180552,0.1931440446958));
#13745=CARTESIAN_POINT('',(3.449966791845,0.4759839180552,0.1931440446958));
#13746=CARTESIAN_POINT('Origin',(2.789096054456,1.727467110448,0.1931440446958));
#13747=CARTESIAN_POINT('',(3.449966791845,0.8959839180498,0.1931440446958));
#13748=CARTESIAN_POINT('',(3.449966791845,0.8959839180498,0.1931440446958));
#13749=CARTESIAN_POINT('',(3.449966791845,0.9759839180525,0.1931440446958));
#13750=CARTESIAN_POINT('',(3.449966791845,0.9759839180525,0.1931440446958));
#13751=CARTESIAN_POINT('',(3.5,0.9759839180525,0.1931440446958));
#13752=CARTESIAN_POINT('Origin',(2.789096054456,1.727467110448,0.1931440446958));
#13753=CARTESIAN_POINT('',(3.449966791845,1.395983918052,0.1931440446958));
#13754=CARTESIAN_POINT('',(3.449966791845,1.395983918052,0.1931440446958));
#13755=CARTESIAN_POINT('',(3.449966791845,1.47598391805,0.1931440446958));
#13756=CARTESIAN_POINT('',(3.449966791845,1.47598391805,0.1931440446958));
#13757=CARTESIAN_POINT('',(3.5,1.47598391805,0.1931440446958));
#13758=CARTESIAN_POINT('Origin',(2.789096054456,1.727467110448,0.1931440446958));
#13759=CARTESIAN_POINT('',(3.449966791845,1.895983918053,0.1931440446958));
#13760=CARTESIAN_POINT('',(3.449966791845,1.895983918053,0.1931440446958));
#13761=CARTESIAN_POINT('',(3.449966791845,1.975983918052,0.1931440446958));
#13762=CARTESIAN_POINT('',(3.449966791845,1.975983918052,0.1931440446958));
#13763=CARTESIAN_POINT('',(3.5,1.975983918052,0.1931440446958));
#13764=CARTESIAN_POINT('Origin',(2.789096054456,1.727467110448,0.1931440446958));
#13765=CARTESIAN_POINT('',(3.449966791845,2.845983916501,0.1931440446958));
#13766=CARTESIAN_POINT('',(3.449966791845,2.845983916501,0.1931440446958));
#13767=CARTESIAN_POINT('',(3.449966791845,2.925983916503,0.1931440446958));
#13768=CARTESIAN_POINT('',(3.449966791845,2.925983916503,0.1931440446958));
#13769=CARTESIAN_POINT('',(3.5,2.925983916503,0.1931440446958));
#13770=CARTESIAN_POINT('Origin',(2.789096054456,1.727467110448,0.1931440446958));
#13771=CARTESIAN_POINT('',(2.239462039422,0.002032407414415,0.1931440446958));
#13772=CARTESIAN_POINT('',(2.239462039422,0.,0.1931440446958));
#13773=CARTESIAN_POINT('',(2.199462039414,0.0713144397146,0.1931440446958));
#13774=CARTESIAN_POINT('',(2.199462039414,0.0713144397146,0.1931440446958));
#13775=CARTESIAN_POINT('',(2.199462039414,0.1483916477082,0.1931440446958));
#13776=CARTESIAN_POINT('',(2.199462039414,0.0713144397146,0.1931440446958));
#13777=CARTESIAN_POINT('',(2.474462039415,0.1483916477082,0.1931440446958));
#13778=CARTESIAN_POINT('',(2.199462039414,0.1483916477082,0.1931440446958));
#13779=CARTESIAN_POINT('',(2.474462039415,0.07131443976916,0.1931440446958));
#13780=CARTESIAN_POINT('',(2.474462039415,0.1483916477082,0.1931440446958));
#13781=CARTESIAN_POINT('',(2.439462039408,0.0106926615031,0.1931440446958));
#13782=CARTESIAN_POINT('',(2.439462039408,0.0106926615031,0.1931440446958));
#13783=CARTESIAN_POINT('',(2.439462039408,0.0106926615031,0.1931440446958));
#13784=CARTESIAN_POINT('Origin',(3.574258671713,0.4759839180552,0.1931440446958));
#13785=CARTESIAN_POINT('',(3.449966791845,0.4759839180552,0.1931440446958));
#13786=CARTESIAN_POINT('Origin',(3.449966791845,0.1483916477082,0.1931440446958));
#13787=CARTESIAN_POINT('',(3.449966791845,0.8959839180498,0.1931440446958));
#13788=CARTESIAN_POINT('',(3.449966791845,0.9759839180525,0.1931440446958));
#13789=CARTESIAN_POINT('Origin',(3.449966791845,0.1483916477082,0.1931440446958));
#13790=CARTESIAN_POINT('',(3.449966791845,1.895983918053,0.1931440446958));
#13791=CARTESIAN_POINT('',(3.449966791845,1.975983918052,0.1931440446958));
#13792=CARTESIAN_POINT('Origin',(3.449966791845,0.1483916477082,0.1931440446958));
#13793=CARTESIAN_POINT('',(3.449966791845,2.925983916503,0.1931440446958));
#13794=CARTESIAN_POINT('',(3.449966791845,2.845983916501,0.1931440446958));
#13795=CARTESIAN_POINT('Origin',(3.449966791845,0.1483916477082,0.1931440446958));
#13796=CARTESIAN_POINT('',(3.449966791845,1.47598391805,0.1931440446958));
#13797=CARTESIAN_POINT('',(3.449966791845,1.395983918052,0.1931440446958));
#13798=CARTESIAN_POINT('Origin',(3.449966791845,0.1483916477082,0.1931440446958));
#13799=CARTESIAN_POINT('Origin',(3.439258671704,0.8959839180498,0.1931440446958));
#13800=CARTESIAN_POINT('Origin',(3.574258671713,0.9759839180525,0.1931440446958));
#13801=CARTESIAN_POINT('Origin',(3.439258671704,1.895983918053,0.1931440446958));
#13802=CARTESIAN_POINT('Origin',(3.574258671713,1.975983918052,0.1931440446958));
#13803=CARTESIAN_POINT('Origin',(3.574258675005,2.925983916503,0.1931440446958));
#13804=CARTESIAN_POINT('Origin',(3.439258674996,2.845983916501,0.1931440446958));
#13805=CARTESIAN_POINT('Origin',(3.574258671713,1.47598391805,0.1931440446958));
#13806=CARTESIAN_POINT('Origin',(3.439258671704,1.395983918052,0.1931440446958));
#13807=CARTESIAN_POINT('Origin',(2.439462039408,-0.014307338502,0.09314404469578));
#13808=CARTESIAN_POINT('',(2.439462039408,0.0106926615031,0.09314404469578));
#13809=CARTESIAN_POINT('',(2.439462039408,0.0106926615031,0.1931440446958));
#13810=CARTESIAN_POINT('',(2.439462039408,0.,0.09314404469578));
#13811=CARTESIAN_POINT('Origin',(2.789096054456,1.727467110448,0.09314404469578));
#13812=CARTESIAN_POINT('',(2.474462039415,0.07131443976916,0.09314404469578));
#13813=CARTESIAN_POINT('',(2.474462039415,0.07131443976916,0.09314404469578));
#13814=CARTESIAN_POINT('',(2.474462039415,0.1483916477082,0.09314404469578));
#13815=CARTESIAN_POINT('',(2.474462039415,0.07131443976916,0.09314404469578));
#13816=CARTESIAN_POINT('',(2.199462039414,0.1483916477082,0.09314404469578));
#13817=CARTESIAN_POINT('',(2.199462039414,0.1483916477082,0.09314404469578));
#13818=CARTESIAN_POINT('',(2.199462039414,0.0713144397146,0.09314404469578));
#13819=CARTESIAN_POINT('',(2.199462039414,0.1483916477082,0.09314404469578));
#13820=CARTESIAN_POINT('',(2.239462039422,0.002032407414415,0.09314404469578));
#13821=CARTESIAN_POINT('',(2.239462039422,0.002032407414415,0.09314404469578));
#13822=CARTESIAN_POINT('',(2.239462039422,0.002032407414415,0.09314404469578));
#13823=CARTESIAN_POINT('Origin',(2.239462039422,0.002032407414415,0.09314404469578));
#13824=CARTESIAN_POINT('',(2.239462039422,0.002032407414415,0.1931440446958));
#13825=CARTESIAN_POINT('Origin',(2.199462039414,0.0713144397146,0.09314404469578));
#13826=CARTESIAN_POINT('',(2.199462039414,0.0713144397146,0.1931440446958));
#13827=CARTESIAN_POINT('Origin',(2.199462039414,0.1606926614973,0.09314404469578));
#13828=CARTESIAN_POINT('',(2.199462039414,0.1483916477082,0.09314404469578));
#13829=CARTESIAN_POINT('Origin',(1.822021177074,0.1483916477082,0.1931440446958));
#13830=CARTESIAN_POINT('',(2.474462039415,0.1483916477082,0.09314404469578));
#13831=CARTESIAN_POINT('Origin',(2.474462039415,0.07131443976916,0.09314404469578));
#13832=CARTESIAN_POINT('',(2.474462039415,0.07131443976916,0.1931440446958));
#13833=CARTESIAN_POINT('Origin',(2.439462039408,0.0106926615031,0.09314404469578));
#13834=CARTESIAN_POINT('Origin',(3.424462039427,0.5606926614986,0.09314404469578));
#13835=CARTESIAN_POINT('',(3.424462039431,0.5606926614969,0.09314404469578));
#13836=CARTESIAN_POINT('Origin',(3.424462032806,0.5606926614969,0.09314404469578));
#13837=CARTESIAN_POINT('',(3.29946203942,0.5606926614969,0.));
#13838=CARTESIAN_POINT('Origin',(3.29946203942,0.8106926614984,0.09314404469578));
#13839=CARTESIAN_POINT('',(3.29946203942,0.8106926615024,0.));
#13840=CARTESIAN_POINT('Origin',(3.349462039412,0.8106926615024,0.09314404469578));
#13841=CARTESIAN_POINT('',(3.424462039434,0.8106926615024,0.));
#13842=CARTESIAN_POINT('Origin',(3.499462039424,0.8456926614987,0.09314404469578));
#13843=CARTESIAN_POINT('Origin',(3.424462039427,1.060692661499,0.09314404469578));
#13844=CARTESIAN_POINT('',(3.424462039427,1.060692661499,0.09314404469578));
#13845=CARTESIAN_POINT('Origin',(3.424462032806,1.060692661499,0.09314404469578));
#13846=CARTESIAN_POINT('',(3.29946203942,1.060692661499,0.));
#13847=CARTESIAN_POINT('Origin',(3.29946203942,1.310692661499,0.09314404469578));
#13848=CARTESIAN_POINT('',(3.29946203942,1.310692661495,0.));
#13849=CARTESIAN_POINT('Origin',(3.349462032809,1.310692661495,0.09314404469578));
#13850=CARTESIAN_POINT('',(3.42446203942,1.310692661495,0.));
#13851=CARTESIAN_POINT('Origin',(3.499462039424,1.345692661499,0.09314404469578));
#13852=CARTESIAN_POINT('Origin',(3.424462039427,1.560692661499,0.09314404469578));
#13853=CARTESIAN_POINT('',(3.424462039423,1.560692661501,0.09314404469578));
#13854=CARTESIAN_POINT('Origin',(3.424462032806,1.560692661501,0.09314404469578));
#13855=CARTESIAN_POINT('',(3.29946203942,1.560692661501,0.));
#13856=CARTESIAN_POINT('Origin',(3.29946203942,1.810692661499,0.09314404469578));
#13857=CARTESIAN_POINT('',(3.29946203942,1.810692661497,0.));
#13858=CARTESIAN_POINT('Origin',(3.349462039412,1.810692661497,0.09314404469578));
#13859=CARTESIAN_POINT('',(3.424462039423,1.810692661497,0.));
#13860=CARTESIAN_POINT('Origin',(3.499462039424,1.845692661499,0.09314404469578));
#13861=CARTESIAN_POINT('Origin',(3.499462039424,2.025692658412,0.09314404469578));
#13862=CARTESIAN_POINT('',(3.424462032806,2.060692661502,0.));
#13863=CARTESIAN_POINT('Origin',(3.424462032806,2.060692661502,0.09314404469578));
#13864=CARTESIAN_POINT('',(3.29946203942,2.060692661502,0.));
#13865=CARTESIAN_POINT('Origin',(3.299421523723,2.260599510108,0.09314404469578));
#13866=CARTESIAN_POINT('',(3.299421523723,2.260599510108,0.));
#13867=CARTESIAN_POINT('Origin',(2.299462039416,2.260599510108,0.09314404469578));
#13868=CARTESIAN_POINT('',(2.299462039416,2.260599510108,0.09314404469578));
#13869=CARTESIAN_POINT('Origin',(2.299462039416,2.160599510105,0.09314404469578));
#13870=CARTESIAN_POINT('',(2.199462039414,2.160599510107,0.));
#13871=CARTESIAN_POINT('Origin',(2.199462039414,0.3106926615546,0.09314404469578));
#13872=CARTESIAN_POINT('',(2.199462039417,0.3106926615869,0.09314404469578));
#13873=CARTESIAN_POINT('Origin',(2.299462039416,0.3106926615528,0.09314404469578));
#13874=CARTESIAN_POINT('',(2.299462039438,0.2106926615543,0.));
#13875=CARTESIAN_POINT('Origin',(3.29946203942,0.2106926614984,0.09314404469578));
#13876=CARTESIAN_POINT('',(3.29946203942,0.2106926614984,0.));
#13877=CARTESIAN_POINT('Origin',(3.29946203942,0.3106926614983,0.09314404469578));
#13878=CARTESIAN_POINT('',(3.29946203942,0.3106926615005,0.));
#13879=CARTESIAN_POINT('Origin',(3.349462032809,0.3106926615005,0.09314404469578));
#13880=CARTESIAN_POINT('',(3.424462032806,0.3106926615005,0.));
#13881=CARTESIAN_POINT('Origin',(3.424462032806,0.3106926615005,0.09314404469578));
#13882=CARTESIAN_POINT('Origin',(3.499462039424,2.975692661498,0.09314404469578));
#13883=CARTESIAN_POINT('',(3.424462039427,3.010692661496,0.));
#13884=CARTESIAN_POINT('Origin',(3.424462039427,3.010692661496,0.09314404469578));
#13885=CARTESIAN_POINT('',(2.724462046017,3.010692661495,0.09314404469578));
#13886=CARTESIAN_POINT('Origin',(2.724462046015,2.885692661495,0.09314404469578));
#13887=CARTESIAN_POINT('',(2.724462046003,2.760692661498,0.));
#13888=CARTESIAN_POINT('Origin',(3.349462032809,2.760692661499,0.09314404469578));
#13889=CARTESIAN_POINT('',(3.424462039427,2.760692661499,0.));
#13890=CARTESIAN_POINT('Origin',(3.424462039427,2.760692661499,0.09314404469578));
#13891=CARTESIAN_POINT('Origin',(3.424462039427,4.260692661495,0.09314404469578));
#13892=CARTESIAN_POINT('',(3.424462039425,4.260692661496,0.09314404469578));
#13893=CARTESIAN_POINT('',(3.424462039425,4.260692661496,0.09314404469578));
#13894=CARTESIAN_POINT('',(3.424462039425,4.260692661496,0.09314404469578));
#13895=CARTESIAN_POINT('Origin',(3.424462032806,4.260692661496,0.09314404469578));
#13896=CARTESIAN_POINT('',(3.29946203942,4.260692661496,0.09314404469578));
#13897=CARTESIAN_POINT('',(3.424462039425,4.260692661496,0.09314404469578));
#13898=CARTESIAN_POINT('',(3.29946203942,4.260692661496,0.));
#13899=CARTESIAN_POINT('Origin',(3.29946203942,4.385692661495,0.09314404469578));
#13900=CARTESIAN_POINT('',(3.29946203942,4.385692661494,0.09314404469578));
#13901=CARTESIAN_POINT('',(3.29946203942,4.385692661494,0.09314404469578));
#13902=CARTESIAN_POINT('',(3.29946203942,4.385692661494,0.));
#13903=CARTESIAN_POINT('Origin',(3.349462032809,4.385692661494,0.09314404469578));
#13904=CARTESIAN_POINT('',(2.674462039417,4.385692661494,0.09314404469578));
#13905=CARTESIAN_POINT('',(3.29946203942,4.385692661494,0.09314404469578));
#13906=CARTESIAN_POINT('',(2.674462039417,4.385692661494,0.09314404469578));
#13907=CARTESIAN_POINT('Origin',(2.674462039417,4.285692661494,0.09314404469578));
#13908=CARTESIAN_POINT('',(2.574462039417,4.285692661494,0.09314404469578));
#13909=CARTESIAN_POINT('Origin',(2.674462039417,4.285692661494,0.09314404469578));
#13910=CARTESIAN_POINT('',(2.574462039417,4.285692661494,0.));
#13911=CARTESIAN_POINT('Origin',(2.574462039417,4.485692661496,0.09314404469578));
#13912=CARTESIAN_POINT('',(2.574462039417,4.110692661494,0.09314404469578));
#13913=CARTESIAN_POINT('',(2.574462039417,4.285692661494,0.09314404469578));
#13914=CARTESIAN_POINT('',(2.574462039417,4.110692661494,0.09314404469578));
#13915=CARTESIAN_POINT('Origin',(2.67446203942,4.110692661497,0.09314404469578));
#13916=CARTESIAN_POINT('',(2.674462039368,4.010692661494,0.09314404469578));
#13917=CARTESIAN_POINT('Origin',(2.67446203942,4.110692661497,0.09314404469578));
#13918=CARTESIAN_POINT('',(2.674462039407,4.010692661498,0.));
#13919=CARTESIAN_POINT('Origin',(3.349462032809,4.010692661499,0.09314404469578));
#13920=CARTESIAN_POINT('',(3.424462032806,4.010692661499,0.09314404469578));
#13921=CARTESIAN_POINT('',(2.674462039402,4.010692661498,0.09314404469578));
#13922=CARTESIAN_POINT('',(3.424462032806,4.010692661499,0.));
#13923=CARTESIAN_POINT('Origin',(3.424462032806,4.010692661499,0.09314404469578));
#13924=CARTESIAN_POINT('',(3.5,4.045943712856,0.09314404469578));
#13925=CARTESIAN_POINT('Origin',(3.031489382077,4.195389983861,0.09314404469578));
#13926=CARTESIAN_POINT('',(3.446783635026,4.175983918045,0.09314404469578));
#13927=CARTESIAN_POINT('',(3.446783635026,4.175983918045,0.09314404469578));
#13928=CARTESIAN_POINT('',(3.446783635026,4.095983918047,0.09314404469578));
#13929=CARTESIAN_POINT('',(3.446783635026,4.095983918047,0.09314404469578));
#13930=CARTESIAN_POINT('',(3.5,4.095983918047,0.09314404469578));
#13931=CARTESIAN_POINT('Origin',(3.439258671685,4.095983918047,0.1931440446958));
#13932=CARTESIAN_POINT('',(3.446783635026,4.095983918047,0.1931440446958));
#13933=CARTESIAN_POINT('',(3.446783635026,4.095983918047,0.1931440446958));
#13934=CARTESIAN_POINT('',(3.446783635026,4.095983918047,0.1931440446958));
#13935=CARTESIAN_POINT('Origin',(2.808430401428,4.009344833768,0.1931440446958));
#13936=CARTESIAN_POINT('',(3.446783635026,4.175983918045,0.1931440446958));
#13937=CARTESIAN_POINT('',(3.446783635026,4.095983918047,0.1931440446958));
#13938=CARTESIAN_POINT('',(3.446783635026,4.175983918045,0.1931440446958));
#13939=CARTESIAN_POINT('Origin',(3.574258671695,4.175983918045,0.1931440446958));
#13940=CARTESIAN_POINT('',(3.446783635026,4.175983918045,0.1931440446958));
#13941=CARTESIAN_POINT('Origin',(3.446783635026,3.503781429475,0.1931440446958));
#13942=CARTESIAN_POINT('Origin',(3.499462039424,3.4756926615,0.09314404469578));
#13943=CARTESIAN_POINT('',(3.424462039427,3.510692661498,0.09314404469578));
#13944=CARTESIAN_POINT('',(3.424462039427,3.510692661498,0.09314404469578));
#13945=CARTESIAN_POINT('',(3.424462039427,3.510692661498,0.));
#13946=CARTESIAN_POINT('Origin',(3.424462039427,3.510692661498,0.09314404469578));
#13947=CARTESIAN_POINT('',(2.724462046042,3.510692661495,0.09314404469578));
#13948=CARTESIAN_POINT('',(3.424462039427,3.510692661498,0.09314404469578));
#13949=CARTESIAN_POINT('',(2.724462046024,3.510692661497,0.09314404469578));
#13950=CARTESIAN_POINT('Origin',(2.724462046015,3.385692661495,0.09314404469578));
#13951=CARTESIAN_POINT('',(2.724462046042,3.260692661495,0.09314404469578));
#13952=CARTESIAN_POINT('Origin',(2.724462046015,3.385692661495,0.09314404469578));
#13953=CARTESIAN_POINT('',(2.724462046022,3.260692661493,0.));
#13954=CARTESIAN_POINT('Origin',(3.349462039412,3.260692661492,0.09314404469578));
#13955=CARTESIAN_POINT('',(3.424462039427,3.260692661492,0.09314404469578));
#13956=CARTESIAN_POINT('',(2.724462046024,3.260692661493,0.09314404469578));
#13957=CARTESIAN_POINT('',(3.424462039427,3.260692661492,0.));
#13958=CARTESIAN_POINT('Origin',(3.424462039427,3.260692661492,0.09314404469578));
#13959=CARTESIAN_POINT('',(3.5,3.295943709768,0.09314404469578));
#13960=CARTESIAN_POINT('Origin',(3.081382693608,3.385692661495,0.09314404469578));
#13961=CARTESIAN_POINT('',(3.450756123492,3.425983916501,0.09314404469578));
#13962=CARTESIAN_POINT('',(3.450756123492,3.425983916501,0.09314404469578));
#13963=CARTESIAN_POINT('',(3.450756123492,3.345983916503,0.09314404469578));
#13964=CARTESIAN_POINT('',(3.450756123492,3.345983916503,0.09314404469578));
#13965=CARTESIAN_POINT('',(3.5,3.345983916503,0.09314404469578));
#13966=CARTESIAN_POINT('Origin',(3.439258674996,3.345983916503,0.1931440446958));
#13967=CARTESIAN_POINT('',(3.450756123492,3.345983916503,0.1931440446958));
#13968=CARTESIAN_POINT('',(3.450756123492,3.345983916503,0.1931440446958));
#13969=CARTESIAN_POINT('',(3.450756123492,3.345983916503,0.1931440446958));
#13970=CARTESIAN_POINT('Origin',(2.845614862582,3.353072849675,0.1931440446958));
#13971=CARTESIAN_POINT('',(3.450756123492,3.425983916501,0.1931440446958));
#13972=CARTESIAN_POINT('',(3.450756123492,3.345983916503,0.1931440446958));
#13973=CARTESIAN_POINT('',(3.450756123492,3.425983916501,0.1931440446958));
#13974=CARTESIAN_POINT('Origin',(3.574258675005,3.425983916501,0.1931440446958));
#13975=CARTESIAN_POINT('',(3.450756123492,3.425983916501,0.1931440446958));
#13976=CARTESIAN_POINT('Origin',(3.450756123492,3.121602300574,0.1931440446958));
#13977=CARTESIAN_POINT('Origin',(1.15946203942,4.485692661496,-0.006855955304216));
#13978=CARTESIAN_POINT('',(1.15946203942,4.485692661496,0.09314404469578));
#13979=CARTESIAN_POINT('',(1.15946203942,4.485692661496,0.09314404469578));
#13980=CARTESIAN_POINT('',(1.15946203942,4.485692661496,0.));
#13981=CARTESIAN_POINT('Origin',(1.15946203942,4.485692661496,0.09314404469578));
#13982=CARTESIAN_POINT('',(1.124462039413,4.410692661499,0.09314404469578));
#13983=CARTESIAN_POINT('',(1.124462039413,4.410692661499,0.09314404469578));
#13984=CARTESIAN_POINT('',(1.124462039413,4.410692661499,0.09314404469578));
#13985=CARTESIAN_POINT('Origin',(1.124462039413,4.410692661499,0.09314404469578));
#13986=CARTESIAN_POINT('',(1.12446203942,4.010692661583,0.09314404469578));
#13987=CARTESIAN_POINT('',(1.124462039413,4.410692661499,0.09314404469578));
#13988=CARTESIAN_POINT('',(1.124462039416,4.010692661524,0.09314404469578));
#13989=CARTESIAN_POINT('Origin',(1.24946203942,4.010692661494,0.09314404469578));
#13990=CARTESIAN_POINT('',(1.37446203942,4.010692661362,0.09314404469578));
#13991=CARTESIAN_POINT('Origin',(1.24946203942,4.010692661494,0.09314404469578));
#13992=CARTESIAN_POINT('',(1.374462039413,4.010692661467,0.));
#13993=CARTESIAN_POINT('Origin',(1.374462039409,4.335692661502,0.09314404469578));
#13994=CARTESIAN_POINT('',(1.374462039409,4.410692661536,0.09314404469578));
#13995=CARTESIAN_POINT('',(1.374462039413,4.01069266145,0.09314404469578));
#13996=CARTESIAN_POINT('',(1.374462039409,4.410692661536,0.));
#13997=CARTESIAN_POINT('Origin',(1.339462039421,4.485692661497,0.09314404469578));
#13998=CARTESIAN_POINT('',(1.339462039421,4.485692661497,0.09314404469578));
#13999=CARTESIAN_POINT('',(1.339462039421,4.485692661497,0.09314404469578));
#14000=CARTESIAN_POINT('',(1.339462039421,4.485692661497,0.09314404469578));
#14001=CARTESIAN_POINT('Origin',(1.339462039421,4.485692661496,0.09314404469578));
#14002=CARTESIAN_POINT('',(1.339462039421,4.485692661497,0.09314404469578));
#14003=CARTESIAN_POINT('Origin',(1.249462039421,4.215183972023,0.09314404469578));
#14004=CARTESIAN_POINT('',(1.209258678289,4.454329964074,0.09314404469578));
#14005=CARTESIAN_POINT('',(1.209258678289,4.454329964074,0.09314404469578));
#14006=CARTESIAN_POINT('',(1.289258678287,4.454329964074,0.09314404469578));
#14007=CARTESIAN_POINT('',(1.289258678287,4.454329964074,0.09314404469578));
#14008=CARTESIAN_POINT('',(1.289258678287,4.454329964074,0.09314404469578));
#14009=CARTESIAN_POINT('Origin',(1.289258678287,4.425983911448,0.1931440446958));
#14010=CARTESIAN_POINT('',(1.289258678287,4.454329964074,0.1931440446958));
#14011=CARTESIAN_POINT('',(1.289258678287,4.454329964074,0.1931440446958));
#14012=CARTESIAN_POINT('',(1.289258678287,4.454329964074,0.1931440446958));
#14013=CARTESIAN_POINT('Origin',(1.247111210467,4.166389785752,0.1931440446958));
#14014=CARTESIAN_POINT('',(1.209258678289,4.454329964074,0.1931440446958));
#14015=CARTESIAN_POINT('',(1.209258678289,4.454329964074,0.1931440446958));
#14016=CARTESIAN_POINT('',(1.209258678289,4.5,0.1931440446958));
#14017=CARTESIAN_POINT('Origin',(1.209258678289,4.560983911448,0.1931440446958));
#14018=CARTESIAN_POINT('',(1.209258678289,4.454329964074,0.1931440446958));
#14019=CARTESIAN_POINT('Origin',(1.461796731363,4.454329964074,0.1931440446958));
#14020=CARTESIAN_POINT('Origin',(0.07446203941748,0.3106926614988,0.09314404469578));
#14021=CARTESIAN_POINT('',(0.07446203941383,0.3106926615006,0.09314404469578));
#14022=CARTESIAN_POINT('',(0.07446203941383,0.3106926615006,0.09314404469578));
#14023=CARTESIAN_POINT('',(0.07446203941383,0.3106926615006,0.09314404469578));
#14024=CARTESIAN_POINT('Origin',(0.07446204602041,0.3106926615006,0.09314404469578));
#14025=CARTESIAN_POINT('',(0.1994620394248,0.3106926615006,0.09314404469578));
#14026=CARTESIAN_POINT('',(0.07446203941383,0.3106926615006,0.09314404469578));
#14027=CARTESIAN_POINT('',(0.1994620394248,0.3106926615006,0.));
#14028=CARTESIAN_POINT('Origin',(0.1994620394248,0.2106926614984,0.09314404469578));
#14029=CARTESIAN_POINT('',(0.1994620394248,0.2106926614984,0.09314404469578));
#14030=CARTESIAN_POINT('',(0.1994620394248,0.2106926614984,0.09314404469578));
#14031=CARTESIAN_POINT('',(0.1994620394248,0.2106926614984,0.));
#14032=CARTESIAN_POINT('Origin',(1.199462039428,0.2106926615615,0.09314404469578));
#14033=CARTESIAN_POINT('',(1.199462039428,0.2106926615615,0.09314404469578));
#14034=CARTESIAN_POINT('',(1.199462039428,0.2106926615615,0.09314404469578));
#14035=CARTESIAN_POINT('',(1.199462039428,0.2106926615615,0.09314404469578));
#14036=CARTESIAN_POINT('Origin',(1.199462039447,0.3106926615527,0.09314404469578));
#14037=CARTESIAN_POINT('',(1.299462039438,0.31069266149,0.09314404469578));
#14038=CARTESIAN_POINT('Origin',(1.199462039447,0.3106926615527,0.09314404469578));
#14039=CARTESIAN_POINT('',(1.299462039433,0.3106926615343,0.));
#14040=CARTESIAN_POINT('Origin',(1.299462039431,2.160599510108,0.09314404469578));
#14041=CARTESIAN_POINT('',(1.299462039425,2.160599510056,0.09314404469578));
#14042=CARTESIAN_POINT('',(1.299462039425,2.160599510056,0.09314404469578));
#14043=CARTESIAN_POINT('',(1.299462039425,2.160599510056,0.09314404469578));
#14044=CARTESIAN_POINT('Origin',(1.19946203941,2.160599510105,0.09314404469578));
#14045=CARTESIAN_POINT('',(1.199462039255,2.260599510107,0.09314404469578));
#14046=CARTESIAN_POINT('Origin',(1.19946203941,2.160599510105,0.09314404469578));
#14047=CARTESIAN_POINT('',(1.199462039364,2.260599510119,0.));
#14048=CARTESIAN_POINT('Origin',(0.1995025551036,2.260599510107,0.09314404469578));
#14049=CARTESIAN_POINT('',(0.1995025551036,2.260599510107,0.09314404469578));
#14050=CARTESIAN_POINT('',(0.1995025551036,2.260599510107,0.09314404469578));
#14051=CARTESIAN_POINT('',(0.1995025551036,2.260599510107,0.));
#14052=CARTESIAN_POINT('Origin',(0.1994620394248,2.060692661499,0.09314404469578));
#14053=CARTESIAN_POINT('',(0.1994620394248,2.060692661502,0.09314404469578));
#14054=CARTESIAN_POINT('',(0.1994620394248,2.060692661502,0.09314404469578));
#14055=CARTESIAN_POINT('',(0.1994620394248,2.060692661502,0.));
#14056=CARTESIAN_POINT('Origin',(0.1494620460175,2.060692661502,0.09314404469578));
#14057=CARTESIAN_POINT('',(0.07446203942601,2.060692661502,0.09314404469578));
#14058=CARTESIAN_POINT('',(0.1994620394248,2.060692661502,0.09314404469578));
#14059=CARTESIAN_POINT('',(0.07446203942601,2.060692661502,0.));
#14060=CARTESIAN_POINT('Origin',(-0.0005379605796039,2.025692661499,0.09314404469578));
#14061=CARTESIAN_POINT('',(0.,2.025943709769,0.09314404469578));
#14062=CARTESIAN_POINT('Origin',(0.5947294506772,1.226456468988,0.09314404469578));
#14063=CARTESIAN_POINT('',(0.04317709717066,0.3959839180526,0.09314404469578));
#14064=CARTESIAN_POINT('',(0.04317709717066,0.3959839180526,0.09314404469578));
#14065=CARTESIAN_POINT('',(0.04317709717066,0.4759839180552,0.09314404469578));
#14066=CARTESIAN_POINT('',(0.04317709717066,0.4759839180552,0.09314404469578));
#14067=CARTESIAN_POINT('',(0.04317709717066,0.4759839180552,0.09314404469578));
#14068=CARTESIAN_POINT('',(0.07446203941383,0.5606926614969,0.09314404469578));
#14069=CARTESIAN_POINT('',(0.,0.5259437097688,0.09314404469578));
#14070=CARTESIAN_POINT('',(0.1994620394248,0.5606926614969,0.09314404469578));
#14071=CARTESIAN_POINT('',(0.1994620394248,0.5606926614969,0.09314404469578));
#14072=CARTESIAN_POINT('',(0.1994620394248,0.8106926615024,0.09314404469578));
#14073=CARTESIAN_POINT('',(0.1994620394248,0.5606926614969,0.09314404469578));
#14074=CARTESIAN_POINT('',(0.07446204602041,0.8106926615024,0.09314404469578));
#14075=CARTESIAN_POINT('',(0.07446204602041,0.8106926615024,0.09314404469578));
#14076=CARTESIAN_POINT('',(0.07446204602041,0.8106926615024,0.09314404469578));
#14077=CARTESIAN_POINT('',(0.04317709717066,0.8959839180498,0.09314404469578));
#14078=CARTESIAN_POINT('',(0.04317709717066,0.8959839180498,0.09314404469578));
#14079=CARTESIAN_POINT('',(0.04317709717066,0.9759839180525,0.09314404469578));
#14080=CARTESIAN_POINT('',(0.04317709717066,0.9759839180525,0.09314404469578));
#14081=CARTESIAN_POINT('',(0.,0.9759839180525,0.09314404469578));
#14082=CARTESIAN_POINT('',(0.07446203941748,1.060692661499,0.09314404469578));
#14083=CARTESIAN_POINT('',(0.,1.025943709769,0.09314404469578));
#14084=CARTESIAN_POINT('',(0.1994620394248,1.060692661499,0.09314404469578));
#14085=CARTESIAN_POINT('',(0.1994620394248,1.060692661499,0.09314404469578));
#14086=CARTESIAN_POINT('',(0.1994620394248,1.310692661495,0.09314404469578));
#14087=CARTESIAN_POINT('',(0.1994620394248,1.060692661499,0.09314404469578));
#14088=CARTESIAN_POINT('',(0.07446203942479,1.310692661495,0.09314404469578));
#14089=CARTESIAN_POINT('',(0.07446203942479,1.310692661495,0.09314404469578));
#14090=CARTESIAN_POINT('',(0.07446203942479,1.310692661495,0.09314404469578));
#14091=CARTESIAN_POINT('',(0.04317709717066,1.395983918052,0.09314404469578));
#14092=CARTESIAN_POINT('',(0.04317709717066,1.395983918052,0.09314404469578));
#14093=CARTESIAN_POINT('',(0.04317709717066,1.47598391805,0.09314404469578));
#14094=CARTESIAN_POINT('',(0.04317709717066,1.47598391805,0.09314404469578));
#14095=CARTESIAN_POINT('',(0.,1.47598391805,0.09314404469578));
#14096=CARTESIAN_POINT('',(0.07446203942237,1.560692661501,0.09314404469578));
#14097=CARTESIAN_POINT('',(0.,1.525943709769,0.09314404469578));
#14098=CARTESIAN_POINT('',(0.1994620394248,1.560692661501,0.09314404469578));
#14099=CARTESIAN_POINT('',(0.1994620394248,1.560692661501,0.09314404469578));
#14100=CARTESIAN_POINT('',(0.1994620394248,1.810692661497,0.09314404469578));
#14101=CARTESIAN_POINT('',(0.1994620394248,1.560692661501,0.09314404469578));
#14102=CARTESIAN_POINT('',(0.07446203942115,1.810692661497,0.09314404469578));
#14103=CARTESIAN_POINT('',(0.04317709717066,1.895983918053,0.09314404469578));
#14104=CARTESIAN_POINT('',(0.04317709717066,1.895983918053,0.09314404469578));
#14105=CARTESIAN_POINT('',(0.04317709717067,1.975983918052,0.09314404469578));
#14106=CARTESIAN_POINT('',(0.04317709717067,1.975983918052,0.09314404469578));
#14107=CARTESIAN_POINT('',(0.,1.975983918052,0.09314404469578));
#14108=CARTESIAN_POINT('Origin',(0.0592586848756,1.975983918052,0.1931440446958));
#14109=CARTESIAN_POINT('',(0.04317709717066,1.975983918052,0.1931440446958));
#14110=CARTESIAN_POINT('',(0.04317709717066,1.975983918052,0.1931440446958));
#14111=CARTESIAN_POINT('',(0.04317709717066,1.975983918052,0.1931440446958));
#14112=CARTESIAN_POINT('Origin',(0.6877632260123,1.251276520802,0.1931440446958));
#14113=CARTESIAN_POINT('',(0.04317709717066,0.4759839180552,0.1931440446958));
#14114=CARTESIAN_POINT('',(0.04317709717066,0.4759839180552,0.1931440446958));
#14115=CARTESIAN_POINT('',(0.04317709717066,0.3959839180526,0.1931440446958));
#14116=CARTESIAN_POINT('',(0.04317709717066,0.4759839180552,0.1931440446958));
#14117=CARTESIAN_POINT('',(0.,0.3959839180526,0.1931440446958));
#14118=CARTESIAN_POINT('Origin',(0.6877632260123,1.251276520802,0.1931440446958));
#14119=CARTESIAN_POINT('',(0.04317709717066,0.9759839180525,0.1931440446958));
#14120=CARTESIAN_POINT('',(0.04317709717066,0.9759839180525,0.1931440446958));
#14121=CARTESIAN_POINT('',(0.04317709717066,0.8959839180498,0.1931440446958));
#14122=CARTESIAN_POINT('',(0.04317709717066,0.9759839180525,0.1931440446958));
#14123=CARTESIAN_POINT('',(0.,0.8959839180498,0.1931440446958));
#14124=CARTESIAN_POINT('Origin',(0.6877632260123,1.251276520802,0.1931440446958));
#14125=CARTESIAN_POINT('',(0.04317709717066,1.47598391805,0.1931440446958));
#14126=CARTESIAN_POINT('',(0.04317709717066,1.47598391805,0.1931440446958));
#14127=CARTESIAN_POINT('',(0.04317709717066,1.395983918052,0.1931440446958));
#14128=CARTESIAN_POINT('',(0.04317709717066,1.47598391805,0.1931440446958));
#14129=CARTESIAN_POINT('',(0.04317709717066,1.395983918052,0.1931440446958));
#14130=CARTESIAN_POINT('Origin',(0.6877632260123,1.251276520802,0.1931440446958));
#14131=CARTESIAN_POINT('',(0.04317709717066,1.895983918053,0.1931440446958));
#14132=CARTESIAN_POINT('',(0.04317709717066,1.975983918052,0.1931440446958));
#14133=CARTESIAN_POINT('',(0.04317709717066,1.895983918053,0.1931440446958));
#14134=CARTESIAN_POINT('Origin',(0.6877632260123,1.251276520802,0.1931440446958));
#14135=CARTESIAN_POINT('',(1.059462039418,0.0106926615031,0.1931440446958));
#14136=CARTESIAN_POINT('',(1.059462039418,0.,0.1931440446958));
#14137=CARTESIAN_POINT('',(1.024462039411,0.07131443976917,0.1931440446958));
#14138=CARTESIAN_POINT('',(1.024462039411,0.07131443976917,0.1931440446958));
#14139=CARTESIAN_POINT('',(1.024462039411,0.1378208840217,0.1931440446958));
#14140=CARTESIAN_POINT('',(1.024462039411,0.07131443976917,0.1931440446958));
#14141=CARTESIAN_POINT('',(1.299462039412,0.1378208840217,0.1931440446958));
#14142=CARTESIAN_POINT('',(1.299462039412,0.1378208840217,0.1931440446958));
#14143=CARTESIAN_POINT('',(1.299462039412,0.0713144397146,0.1931440446958));
#14144=CARTESIAN_POINT('',(1.299462039412,0.1378208840217,0.1931440446958));
#14145=CARTESIAN_POINT('',(1.259462039404,0.002032407387131,0.1931440446958));
#14146=CARTESIAN_POINT('',(1.259462039404,0.002032407387131,0.1931440446958));
#14147=CARTESIAN_POINT('',(1.259462039404,0.002032407387131,0.1931440446958));
#14148=CARTESIAN_POINT('Origin',(-0.07574131513371,0.3959839180526,0.1931440446958));
#14149=CARTESIAN_POINT('',(0.04317709717066,0.3959839180526,0.1931440446958));
#14150=CARTESIAN_POINT('Origin',(0.04317709717067,2.489734045486,0.1931440446958));
#14151=CARTESIAN_POINT('',(0.04317709717066,0.4759839180552,0.1931440446958));
#14152=CARTESIAN_POINT('Origin',(0.04317709717067,2.489734045486,0.1931440446958));
#14153=CARTESIAN_POINT('',(0.04317709717066,1.395983918052,0.1931440446958));
#14154=CARTESIAN_POINT('',(0.04317709717066,1.47598391805,0.1931440446958));
#14155=CARTESIAN_POINT('Origin',(0.04317709717067,2.489734045486,0.1931440446958));
#14156=CARTESIAN_POINT('',(0.04317709717066,1.895983918053,0.1931440446958));
#14157=CARTESIAN_POINT('Origin',(0.04317709717067,2.489734045486,0.1931440446958));
#14158=CARTESIAN_POINT('',(0.04317709717066,0.9759839180525,0.1931440446958));
#14159=CARTESIAN_POINT('',(0.04317709717066,0.8959839180498,0.1931440446958));
#14160=CARTESIAN_POINT('Origin',(0.0592586848756,0.4759839180552,0.1931440446958));
#14161=CARTESIAN_POINT('Origin',(-0.07574131513371,1.395983918052,0.1931440446958));
#14162=CARTESIAN_POINT('Origin',(0.0592586848756,1.47598391805,0.1931440446958));
#14163=CARTESIAN_POINT('Origin',(-0.07574131513371,1.895983918053,0.1931440446958));
#14164=CARTESIAN_POINT('Origin',(0.0592586848756,0.9759839180525,0.1931440446958));
#14165=CARTESIAN_POINT('Origin',(-0.07574131513371,0.8959839180498,0.1931440446958));
#14166=CARTESIAN_POINT('Origin',(1.259462039404,-0.014307338502,0.09314404469578));
#14167=CARTESIAN_POINT('',(1.259462039404,0.002032407387132,0.09314404469578));
#14168=CARTESIAN_POINT('',(1.259462039404,0.002032407387131,0.1931440446958));
#14169=CARTESIAN_POINT('',(1.259462039404,0.,0.09314404469578));
#14170=CARTESIAN_POINT('Origin',(0.6877632260123,1.251276520802,0.09314404469578));
#14171=CARTESIAN_POINT('',(1.299462039412,0.0713144397146,0.09314404469578));
#14172=CARTESIAN_POINT('',(1.299462039412,0.0713144397146,0.09314404469578));
#14173=CARTESIAN_POINT('',(1.299462039412,0.1378208840217,0.09314404469578));
#14174=CARTESIAN_POINT('',(1.299462039412,0.0713144397146,0.09314404469578));
#14175=CARTESIAN_POINT('',(1.024462039411,0.1378208840217,0.09314404469578));
#14176=CARTESIAN_POINT('',(1.024462039411,0.1378208840217,0.09314404469578));
#14177=CARTESIAN_POINT('',(1.024462039411,0.07131443976917,0.09314404469578));
#14178=CARTESIAN_POINT('',(1.024462039411,0.1378208840217,0.09314404469578));
#14179=CARTESIAN_POINT('',(1.059462039418,0.0106926615031,0.09314404469578));
#14180=CARTESIAN_POINT('',(1.059462039418,0.0106926615031,0.09314404469578));
#14181=CARTESIAN_POINT('',(1.059462039418,0.0106926615031,0.09314404469578));
#14182=CARTESIAN_POINT('Origin',(1.059462039418,0.0106926615031,0.09314404469578));
#14183=CARTESIAN_POINT('',(1.059462039418,0.0106926615031,0.1931440446958));
#14184=CARTESIAN_POINT('Origin',(1.024462039411,0.07131443976917,0.09314404469578));
#14185=CARTESIAN_POINT('',(1.024462039411,0.07131443976917,0.1931440446958));
#14186=CARTESIAN_POINT('Origin',(1.024462039411,0.1606926615428,0.09314404469578));
#14187=CARTESIAN_POINT('',(1.024462039411,0.1378208840217,0.09314404469578));
#14188=CARTESIAN_POINT('Origin',(0.04317709717066,0.1378208840217,0.1931440446958));
#14189=CARTESIAN_POINT('',(1.299462039412,0.1378208840217,0.09314404469578));
#14190=CARTESIAN_POINT('Origin',(1.299462039412,0.0713144397146,0.09314404469578));
#14191=CARTESIAN_POINT('',(1.299462039412,0.0713144397146,0.1931440446958));
#14192=CARTESIAN_POINT('Origin',(1.259462039404,0.002032407387132,0.09314404469578));
#14193=CARTESIAN_POINT('Origin',(0.07446204602042,1.810692661497,0.09314404469578));
#14194=CARTESIAN_POINT('',(0.1994620394248,1.810692661497,0.));
#14195=CARTESIAN_POINT('Origin',(0.1994620394248,1.560692661498,0.09314404469578));
#14196=CARTESIAN_POINT('',(0.1994620394248,1.560692661501,0.));
#14197=CARTESIAN_POINT('Origin',(0.1494620460175,1.560692661501,0.09314404469578));
#14198=CARTESIAN_POINT('',(0.07446203942237,1.560692661501,0.));
#14199=CARTESIAN_POINT('Origin',(-0.0005379605796046,1.525692661499,0.09314404469578));
#14200=CARTESIAN_POINT('Origin',(0.07446203941748,1.310692661499,0.09314404469578));
#14201=CARTESIAN_POINT('',(0.07446203942479,1.310692661495,0.09314404469578));
#14202=CARTESIAN_POINT('Origin',(0.07446204602042,1.310692661495,0.09314404469578));
#14203=CARTESIAN_POINT('',(0.1994620394248,1.310692661495,0.));
#14204=CARTESIAN_POINT('Origin',(0.1994620394248,1.060692661499,0.09314404469578));
#14205=CARTESIAN_POINT('',(0.1994620394248,1.060692661499,0.));
#14206=CARTESIAN_POINT('Origin',(0.1494620460175,1.060692661499,0.09314404469578));
#14207=CARTESIAN_POINT('',(0.07446203941748,1.060692661499,0.));
#14208=CARTESIAN_POINT('Origin',(-0.0005379605796054,1.025692661498,0.09314404469578));
#14209=CARTESIAN_POINT('Origin',(-0.0005379539584846,0.8456926615004,0.09314404469578));
#14210=CARTESIAN_POINT('',(0.07446204602041,0.8106926615024,0.));
#14211=CARTESIAN_POINT('Origin',(0.07446204602042,0.8106926615024,0.09314404469578));
#14212=CARTESIAN_POINT('',(0.1994620394248,0.8106926615024,0.));
#14213=CARTESIAN_POINT('Origin',(0.1994620394248,0.5606926614986,0.09314404469578));
#14214=CARTESIAN_POINT('',(0.1994620394248,0.5606926614969,0.));
#14215=CARTESIAN_POINT('Origin',(0.1494620460175,0.5606926614969,0.09314404469578));
#14216=CARTESIAN_POINT('',(0.07446203941383,0.5606926614969,0.));
#14217=CARTESIAN_POINT('Origin',(-0.0005379605796061,0.5256926614983,0.09314404469578));
#14218=CARTESIAN_POINT('Origin',(-0.0005379605796028,2.795692661497,0.09314404469578));
#14219=CARTESIAN_POINT('',(0.07446203941748,2.760692661499,0.09314404469578));
#14220=CARTESIAN_POINT('',(0.07446203941748,2.760692661499,0.09314404469578));
#14221=CARTESIAN_POINT('',(0.07446203941748,2.760692661499,0.09314404469578));
#14222=CARTESIAN_POINT('Origin',(0.07446203941749,2.760692661499,0.09314404469578));
#14223=CARTESIAN_POINT('',(0.7744620328742,2.760692661495,0.09314404469578));
#14224=CARTESIAN_POINT('',(0.07446203941748,2.760692661499,0.09314404469578));
#14225=CARTESIAN_POINT('',(0.7744620328446,2.760692661498,0.09314404469578));
#14226=CARTESIAN_POINT('Origin',(0.7744620328298,2.885692661495,0.09314404469578));
#14227=CARTESIAN_POINT('',(0.7744620328201,3.010692661495,0.09314404469578));
#14228=CARTESIAN_POINT('Origin',(0.7744620328298,2.885692661495,0.09314404469578));
#14229=CARTESIAN_POINT('',(0.7744620328273,3.010692661495,0.));
#14230=CARTESIAN_POINT('Origin',(0.1494620393964,3.010692661496,0.09314404469578));
#14231=CARTESIAN_POINT('',(0.07446203941993,3.010692661496,0.09314404469578));
#14232=CARTESIAN_POINT('',(0.7744620328266,3.010692661495,0.09314404469578));
#14233=CARTESIAN_POINT('',(0.07446203941993,3.010692661496,0.));
#14234=CARTESIAN_POINT('Origin',(-0.0005379672007246,2.975692661494,0.09314404469578));
#14235=CARTESIAN_POINT('',(0.,2.975943712833,0.09314404469578));
#14236=CARTESIAN_POINT('Origin',(0.4175399327928,2.885692661811,0.09314404469578));
#14237=CARTESIAN_POINT('',(0.05645545809334,2.845983916501,0.09314404469578));
#14238=CARTESIAN_POINT('',(0.05645545809334,2.845983916501,0.09314404469578));
#14239=CARTESIAN_POINT('',(0.05645545809334,2.925983916503,0.09314404469578));
#14240=CARTESIAN_POINT('',(0.05645545809334,2.925983916503,0.09314404469578));
#14241=CARTESIAN_POINT('',(0.,2.925983916503,0.09314404469578));
#14242=CARTESIAN_POINT('Origin',(0.05925868158323,2.925983916503,0.1931440446958));
#14243=CARTESIAN_POINT('',(0.05645545809334,2.925983916503,0.1931440446958));
#14244=CARTESIAN_POINT('',(0.05645545809334,2.925983916503,0.1931440446958));
#14245=CARTESIAN_POINT('',(0.05645545809334,2.925983916503,0.1931440446958));
#14246=CARTESIAN_POINT('Origin',(0.8205290931857,2.871666071784,0.1931440446958));
#14247=CARTESIAN_POINT('',(0.05645545809334,2.845983916501,0.1931440446958));
#14248=CARTESIAN_POINT('',(0.05645545809334,2.845983916501,0.1931440446958));
#14249=CARTESIAN_POINT('',(0.05645545809334,2.845983916501,0.1931440446958));
#14250=CARTESIAN_POINT('Origin',(-0.07574131842608,2.845983916501,0.1931440446958));
#14251=CARTESIAN_POINT('',(0.05645545809334,2.845983916501,0.1931440446958));
#14252=CARTESIAN_POINT('Origin',(0.05645545809334,3.084616552949,0.1931440446958));
#14253=CARTESIAN_POINT('',(0.,0.,0.));
#14254=CARTESIAN_POINT('',(0.,0.,0.));
#14255=CARTESIAN_POINT('Origin',(0.4452674112808,0.7907638074894,-0.1));
#14256=CARTESIAN_POINT('',(-0.1494620393964,-0.09025104827064,-0.1));
#14257=CARTESIAN_POINT('',(-0.1494620393964,0.09025104827007,-0.1));
#14258=CARTESIAN_POINT('',(-0.1494620393964,-0.09025104827064,-0.1));
#14259=CARTESIAN_POINT('',(-0.0749999999789,0.1249999999993,-0.1));
#14260=CARTESIAN_POINT('',(-0.1494620393964,0.09025104827007,-0.1));
#14261=CARTESIAN_POINT('',(0.05000000002838,0.1249999999993,-0.1));
#14262=CARTESIAN_POINT('',(0.05000000002838,0.1249999999993,-0.1));
#14263=CARTESIAN_POINT('',(0.05000000002838,0.375000000001,-0.1));
#14264=CARTESIAN_POINT('',(0.05000000002838,0.375000000001,-0.1));
#14265=CARTESIAN_POINT('',(-0.0749999993223043,0.375000001127619,-0.1));
#14266=CARTESIAN_POINT('',(-0.07499999958486,0.3750000008457,-0.1));
#14267=CARTESIAN_POINT('',(-0.1494620393964,0.409748954821,-0.1));
#14268=CARTESIAN_POINT('',(-0.07499999958486,0.3750000008457,-0.1));
#14269=CARTESIAN_POINT('',(-0.1494620393964,0.5902510482702,-0.1));
#14270=CARTESIAN_POINT('',(-0.1494620393964,0.409748954821,-0.1));
#14271=CARTESIAN_POINT('',(-0.0749999999789,0.625,-0.1));
#14272=CARTESIAN_POINT('',(-0.1494620393964,0.5902510482702,-0.1));
#14273=CARTESIAN_POINT('',(0.05000000002838,0.625,-0.1));
#14274=CARTESIAN_POINT('',(0.05000000002838,0.625,-0.1));
#14275=CARTESIAN_POINT('',(0.05000000002838,0.8749999999986,-0.1));
#14276=CARTESIAN_POINT('',(0.05000000002838,0.8749999999986,-0.1));
#14277=CARTESIAN_POINT('',(-0.0749999999789,0.8749999999986,-0.1));
#14278=CARTESIAN_POINT('',(-0.0749999999789,0.8749999999986,-0.1));
#14279=CARTESIAN_POINT('',(-0.1494620393964,0.9097489517296,-0.1));
#14280=CARTESIAN_POINT('',(-0.0749999999789,0.8749999999986,-0.1));
#14281=CARTESIAN_POINT('',(-0.1494620393964,1.09025104827,-0.1));
#14282=CARTESIAN_POINT('',(-0.1494620393964,0.9097489517296,-0.1));
#14283=CARTESIAN_POINT('',(-0.07499999997889,1.125,-0.1));
#14284=CARTESIAN_POINT('',(-0.1494620393964,1.09025104827,-0.1));
#14285=CARTESIAN_POINT('',(0.05000000002838,1.125,-0.1));
#14286=CARTESIAN_POINT('',(0.05000000002838,1.125,-0.1));
#14287=CARTESIAN_POINT('',(0.05000000002838,1.374999999999,-0.1));
#14288=CARTESIAN_POINT('',(0.05000000002838,1.374999999999,-0.1));
#14289=CARTESIAN_POINT('',(-0.0749999999789,1.374999999999,-0.1));
#14290=CARTESIAN_POINT('',(-0.0749999999789,1.374999999999,-0.1));
#14291=CARTESIAN_POINT('',(-0.1494620393964,1.409748951729,-0.1));
#14292=CARTESIAN_POINT('',(-0.0749999999789,1.374999999999,-0.1));
#14293=CARTESIAN_POINT('',(-0.1494620393964,1.59025104827,-0.1));
#14294=CARTESIAN_POINT('',(-0.1494620393964,1.409748951729,-0.1));
#14295=CARTESIAN_POINT('',(-0.0749999999789,1.625000000001,-0.1));
#14296=CARTESIAN_POINT('',(-0.1494620393964,1.59025104827,-0.1));
#14297=CARTESIAN_POINT('',(0.05000000002838,1.625000000001,-0.1));
#14298=CARTESIAN_POINT('',(0.05000000002838,1.625000000001,-0.1));
#14299=CARTESIAN_POINT('',(0.05004051570722,1.824906848609,-0.1));
#14300=CARTESIAN_POINT('',(0.05004051570722,1.824906848609,-0.1));
#14301=CARTESIAN_POINT('',(1.049999999859,1.824906848609,-0.1));
#14302=CARTESIAN_POINT('',(1.049999999962,1.82490684862,-0.1));
#14303=CARTESIAN_POINT('',(1.150000000028,1.724906848558,-0.1));
#14304=CARTESIAN_POINT('Origin',(1.050000000014,1.724906848606,-0.1));
#14305=CARTESIAN_POINT('',(1.150000000041,-0.1250000000084,-0.1));
#14306=CARTESIAN_POINT('',(1.150000000037,-0.1249999999656,-0.1));
#14307=CARTESIAN_POINT('',(1.050000000032,-0.2249999999373,-0.1));
#14308=CARTESIAN_POINT('Origin',(1.05000000005,-0.124999999946,-0.1));
#14309=CARTESIAN_POINT('',(0.05000000002838,-0.2250000000004,-0.1));
#14310=CARTESIAN_POINT('',(0.05000000002838,-0.2250000000004,-0.1));
#14311=CARTESIAN_POINT('',(0.05000000002838,-0.1249999999997,-0.1));
#14312=CARTESIAN_POINT('',(0.05000000002838,-0.1249999999997,-0.1));
#14313=CARTESIAN_POINT('',(-0.0749999999789,-0.1249999999993,-0.1));
#14314=CARTESIAN_POINT('',(-0.0749999999789,-0.1249999999993,-0.1));
#14315=CARTESIAN_POINT('',(-0.0749999999789,-0.1249999999993,-0.1));
#14316=CARTESIAN_POINT('Origin',(-0.1494620393964,-0.4356926614987,-0.125));
#14317=CARTESIAN_POINT('',(-0.1494620393964,-0.09025104827064,0.));
#14318=CARTESIAN_POINT('',(-0.1494620393964,-0.03970874344617,0.));
#14319=CARTESIAN_POINT('',(-0.1494620393964,-0.09025104827064,0.));
#14320=CARTESIAN_POINT('',(-0.1494620393964,-0.03970874344617,0.1));
#14321=CARTESIAN_POINT('',(-0.1494620393964,-0.03970874344617,0.1));
#14322=CARTESIAN_POINT('',(-0.1494620393964,0.04029125655649,0.1));
#14323=CARTESIAN_POINT('',(-0.1494620393964,0.04029125655649,0.1));
#14324=CARTESIAN_POINT('',(-0.1494620393964,0.04029125655649,0.));
#14325=CARTESIAN_POINT('',(-0.1494620393964,0.04029125655649,0.1));
#14326=CARTESIAN_POINT('',(-0.1494620393964,0.09025104827007,0.));
#14327=CARTESIAN_POINT('',(-0.1494620393964,0.04029125655649,0.));
#14328=CARTESIAN_POINT('',(-0.1494620393964,0.09025104827007,0.));
#14329=CARTESIAN_POINT('',(-0.1494620393964,-0.09025104827064,0.));
#14330=CARTESIAN_POINT('Origin',(-0.1494620393964,-0.4356926614987,-0.125));
#14331=CARTESIAN_POINT('',(-0.1494620393964,0.409748954821,0.));
#14332=CARTESIAN_POINT('',(-0.1494620393964,0.4602912565511,0.));
#14333=CARTESIAN_POINT('',(-0.1494620393964,0.409748954821,0.));
#14334=CARTESIAN_POINT('',(-0.1494620393964,0.4602912565511,0.1));
#14335=CARTESIAN_POINT('',(-0.1494620393964,0.4602912565511,0.1));
#14336=CARTESIAN_POINT('',(-0.1494620393964,0.5402912565538,0.1));
#14337=CARTESIAN_POINT('',(-0.1494620393964,0.5402912565538,0.1));
#14338=CARTESIAN_POINT('',(-0.1494620393964,0.5402912565538,0.));
#14339=CARTESIAN_POINT('',(-0.1494620393964,0.5402912565538,0.1));
#14340=CARTESIAN_POINT('',(-0.1494620393964,0.5902510482702,0.));
#14341=CARTESIAN_POINT('',(-0.1494620393964,0.5402912565538,0.));
#14342=CARTESIAN_POINT('',(-0.1494620393964,0.5902510482702,0.));
#14343=CARTESIAN_POINT('',(-0.1494620393964,0.409748954821,-0.1));
#14344=CARTESIAN_POINT('Origin',(-0.1494620393964,-0.4356926614987,-0.125));
#14345=CARTESIAN_POINT('',(-0.1494620393964,0.9097489517296,0.));
#14346=CARTESIAN_POINT('',(-0.1494620393964,0.9602912565529,0.));
#14347=CARTESIAN_POINT('',(-0.1494620393964,0.9097489517296,0.));
#14348=CARTESIAN_POINT('',(-0.1494620393964,0.9602912565529,0.1));
#14349=CARTESIAN_POINT('',(-0.1494620393964,0.9602912565529,0.1));
#14350=CARTESIAN_POINT('',(-0.1494620393964,1.040291256551,0.1));
#14351=CARTESIAN_POINT('',(-0.1494620393964,1.040291256551,0.1));
#14352=CARTESIAN_POINT('',(-0.1494620393964,1.040291256551,0.));
#14353=CARTESIAN_POINT('',(-0.1494620393964,1.040291256551,0.1));
#14354=CARTESIAN_POINT('',(-0.1494620393964,1.09025104827,0.));
#14355=CARTESIAN_POINT('',(-0.1494620393964,1.040291256551,0.));
#14356=CARTESIAN_POINT('',(-0.1494620393964,1.09025104827,0.));
#14357=CARTESIAN_POINT('',(-0.1494620393964,0.9097489517296,0.));
#14358=CARTESIAN_POINT('Origin',(-0.1494620393964,-0.4356926614987,-0.125));
#14359=CARTESIAN_POINT('',(-0.1494620393964,1.409748951729,0.));
#14360=CARTESIAN_POINT('',(-0.1494620393964,1.460291256555,0.));
#14361=CARTESIAN_POINT('',(-0.1494620393964,1.409748951729,0.));
#14362=CARTESIAN_POINT('',(-0.1494620393964,1.460291256555,0.1));
#14363=CARTESIAN_POINT('',(-0.1494620393964,1.460291256555,0.1));
#14364=CARTESIAN_POINT('',(-0.1494620393964,1.540291256553,0.1));
#14365=CARTESIAN_POINT('',(-0.1494620393964,1.540291256553,0.1));
#14366=CARTESIAN_POINT('',(-0.1494620393964,1.540291256553,0.));
#14367=CARTESIAN_POINT('',(-0.1494620393964,1.540291256553,0.1));
#14368=CARTESIAN_POINT('',(-0.1494620393964,1.59025104827,0.));
#14369=CARTESIAN_POINT('',(-0.1494620393964,1.540291256553,0.));
#14370=CARTESIAN_POINT('',(-0.1494620393964,1.59025104827,0.));
#14371=CARTESIAN_POINT('',(-0.1494620393964,1.409748951729,0.));
#14372=CARTESIAN_POINT('Origin',(0.4452674112808,0.7907638074894,0.));
#14373=CARTESIAN_POINT('',(-0.07499999998255,-0.1249999999982,0.));
#14374=CARTESIAN_POINT('',(-0.07499999998255,-0.1249999999982,0.));
#14375=CARTESIAN_POINT('',(0.05000000002838,-0.1249999999982,0.));
#14376=CARTESIAN_POINT('',(-0.07499999998255,-0.1249999999982,0.));
#14377=CARTESIAN_POINT('',(0.05000000002838,-0.2250000000004,0.));
#14378=CARTESIAN_POINT('',(0.05000000002838,-0.2250000000004,0.));
#14379=CARTESIAN_POINT('',(1.050000000032,-0.2249999999373,0.));
#14380=CARTESIAN_POINT('',(1.050000000032,-0.2249999999373,0.));
#14381=CARTESIAN_POINT('',(1.150000000041,-0.1250000000087,0.));
#14382=CARTESIAN_POINT('Origin',(1.05000000005,-0.124999999946,0.));
#14383=CARTESIAN_POINT('',(1.150000000028,1.724906848557,0.));
#14384=CARTESIAN_POINT('',(1.150000000028,1.724906848557,0.));
#14385=CARTESIAN_POINT('',(1.049999999858,1.824906848609,0.));
#14386=CARTESIAN_POINT('Origin',(1.050000000014,1.724906848606,0.));
#14387=CARTESIAN_POINT('',(0.05004051570722,1.824906848609,0.));
#14388=CARTESIAN_POINT('',(0.05004051570722,1.824906848609,0.));
#14389=CARTESIAN_POINT('',(0.05000000002838,1.625000000004,0.));
#14390=CARTESIAN_POINT('',(0.05000000002838,1.625000000004,0.));
#14391=CARTESIAN_POINT('',(-0.07499999997037,1.625000000004,0.));
#14392=CARTESIAN_POINT('',(0.05000000002838,1.625000000004,0.));
#14393=CARTESIAN_POINT('',(-0.1494620393964,1.59025104827,0.));
#14394=CARTESIAN_POINT('',(-0.1062849422257,1.540291256553,0.));
#14395=CARTESIAN_POINT('',(-0.1494620393964,1.540291256553,0.));
#14396=CARTESIAN_POINT('',(-0.1062849422257,1.460291256555,0.));
#14397=CARTESIAN_POINT('',(-0.1062849422257,1.540291256553,0.));
#14398=CARTESIAN_POINT('',(-0.1062849422257,1.460291256555,0.));
#14399=CARTESIAN_POINT('',(-0.07499999997524,1.374999999998,0.));
#14400=CARTESIAN_POINT('',(-0.07499999997524,1.374999999998,0.));
#14401=CARTESIAN_POINT('',(0.05000000002838,1.374999999998,0.));
#14402=CARTESIAN_POINT('',(-0.07499999997524,1.374999999998,0.));
#14403=CARTESIAN_POINT('',(0.05000000002838,1.125000000002,0.));
#14404=CARTESIAN_POINT('',(0.05000000002838,1.125000000002,0.));
#14405=CARTESIAN_POINT('',(-0.07499999997402,1.125000000002,0.));
#14406=CARTESIAN_POINT('',(0.05000000002838,1.125000000002,0.));
#14407=CARTESIAN_POINT('',(-0.1494620393964,1.09025104827,0.));
#14408=CARTESIAN_POINT('',(-0.1062849422257,1.040291256551,0.));
#14409=CARTESIAN_POINT('',(-0.1494620393964,1.040291256551,0.));
#14410=CARTESIAN_POINT('',(-0.1062849422257,0.9602912565529,0.));
#14411=CARTESIAN_POINT('',(-0.1062849422257,1.040291256551,0.));
#14412=CARTESIAN_POINT('',(-0.1062849422257,0.9602912565529,0.));
#14413=CARTESIAN_POINT('',(-0.07499999997159,0.8749999999964,0.));
#14414=CARTESIAN_POINT('',(-0.07499999997159,0.8749999999964,0.));
#14415=CARTESIAN_POINT('',(0.05000000002838,0.8749999999964,0.));
#14416=CARTESIAN_POINT('',(-0.07499999997159,0.8749999999964,0.));
#14417=CARTESIAN_POINT('',(0.05000000002838,0.625,0.));
#14418=CARTESIAN_POINT('',(0.05000000002838,0.625,0.));
#14419=CARTESIAN_POINT('',(-0.0749999999789,0.625,0.));
#14420=CARTESIAN_POINT('',(0.05000000002838,0.625,0.));
#14421=CARTESIAN_POINT('',(-0.1494620393964,0.5902510482702,0.));
#14422=CARTESIAN_POINT('',(-0.1062849422257,0.5402912565538,0.));
#14423=CARTESIAN_POINT('',(-0.1494620393964,0.5402912565538,0.));
#14424=CARTESIAN_POINT('',(-0.1062849422257,0.4602912565511,0.));
#14425=CARTESIAN_POINT('',(-0.1062849422257,0.5402912565538,0.));
#14426=CARTESIAN_POINT('',(-0.1062849422257,0.4602912565511,0.));
#14427=CARTESIAN_POINT('',(-0.07499999337597,0.3750000000036,0.));
#14428=CARTESIAN_POINT('',(-0.07499999337597,0.3750000000036,0.));
#14429=CARTESIAN_POINT('',(0.05000000002838,0.3750000000036,0.));
#14430=CARTESIAN_POINT('',(-0.07499999337597,0.3750000000036,0.));
#14431=CARTESIAN_POINT('',(0.05000000002838,0.1249999999982,0.));
#14432=CARTESIAN_POINT('',(0.05000000002838,0.1249999999982,0.));
#14433=CARTESIAN_POINT('',(-0.07499999998255,0.1249999999982,0.));
#14434=CARTESIAN_POINT('',(0.05000000002838,0.1249999999982,0.));
#14435=CARTESIAN_POINT('',(-0.1494620393964,0.09025104827007,0.));
#14436=CARTESIAN_POINT('',(-0.1062849422257,0.04029125655649,0.));
#14437=CARTESIAN_POINT('',(-0.1062849422257,0.04029125655649,0.));
#14438=CARTESIAN_POINT('',(-0.1062849422257,-0.03970874344617,0.));
#14439=CARTESIAN_POINT('',(-0.1062849422257,0.04029125655649,0.));
#14440=CARTESIAN_POINT('',(-0.1062849422257,-0.03970874344617,0.));
#14441=CARTESIAN_POINT('Origin',(-0.2252033545301,-0.03970874344617,0.1));
#14442=CARTESIAN_POINT('',(-0.1062849422257,-0.03970874344617,0.1));
#14443=CARTESIAN_POINT('',(-0.1062849422257,-0.03970874344617,0.1));
#14444=CARTESIAN_POINT('',(-0.1494620393964,-0.03970874344617,0.1));
#14445=CARTESIAN_POINT('Origin',(0.538301186616,0.8155838593032,0.1));
#14446=CARTESIAN_POINT('',(-0.1062849422257,1.460291256555,0.1));
#14447=CARTESIAN_POINT('',(-0.1062849422257,1.460291256555,0.1));
#14448=CARTESIAN_POINT('',(-0.1062849422257,1.540291256553,0.1));
#14449=CARTESIAN_POINT('',(-0.1062849422257,1.540291256553,0.1));
#14450=CARTESIAN_POINT('',(-0.1062849422257,1.540291256553,0.1));
#14451=CARTESIAN_POINT('Origin',(0.538301186616,0.8155838593032,0.1));
#14452=CARTESIAN_POINT('',(-0.1062849422257,0.9602912565529,0.1));
#14453=CARTESIAN_POINT('',(-0.1062849422257,0.9602912565529,0.1));
#14454=CARTESIAN_POINT('',(-0.1062849422257,1.040291256551,0.1));
#14455=CARTESIAN_POINT('',(-0.1062849422257,1.040291256551,0.1));
#14456=CARTESIAN_POINT('',(-0.1062849422257,1.040291256551,0.1));
#14457=CARTESIAN_POINT('Origin',(0.538301186616,0.8155838593032,0.1));
#14458=CARTESIAN_POINT('',(-0.1062849422257,0.4602912565511,0.1));
#14459=CARTESIAN_POINT('',(-0.1494620393964,0.4602912565511,0.1));
#14460=CARTESIAN_POINT('',(-0.1062849422257,0.5402912565538,0.1));
#14461=CARTESIAN_POINT('',(-0.1062849422257,0.5402912565538,0.1));
#14462=CARTESIAN_POINT('',(-0.1062849422257,0.5402912565538,0.1));
#14463=CARTESIAN_POINT('Origin',(0.538301186616,0.8155838593032,0.1));
#14464=CARTESIAN_POINT('',(-0.1062849422257,0.04029125655649,0.1));
#14465=CARTESIAN_POINT('',(-0.1062849422257,0.04029125655649,0.1));
#14466=CARTESIAN_POINT('',(-0.1062849422257,0.04029125655649,0.1));
#14467=CARTESIAN_POINT('Origin',(-0.09020335452078,1.540291256553,0.1));
#14468=CARTESIAN_POINT('',(-0.1062849422257,1.540291256553,0.1));
#14469=CARTESIAN_POINT('Origin',(-0.1062849422257,2.054041383987,0.1));
#14470=CARTESIAN_POINT('',(-0.1062849422257,0.04029125655649,0.1));
#14471=CARTESIAN_POINT('Origin',(-0.1062849422257,2.054041383987,0.1));
#14472=CARTESIAN_POINT('',(-0.1062849422257,0.9602912565529,0.1));
#14473=CARTESIAN_POINT('',(-0.1062849422257,1.040291256551,0.1));
#14474=CARTESIAN_POINT('Origin',(-0.1062849422257,2.054041383987,0.1));
#14475=CARTESIAN_POINT('',(-0.1062849422257,1.460291256555,0.1));
#14476=CARTESIAN_POINT('Origin',(-0.1062849422257,2.054041383987,0.1));
#14477=CARTESIAN_POINT('',(-0.1062849422257,0.5402912565538,0.1));
#14478=CARTESIAN_POINT('',(-0.1062849422257,0.4602912565511,0.1));
#14479=CARTESIAN_POINT('Origin',(-0.09020335452078,0.04029125655649,0.1));
#14480=CARTESIAN_POINT('Origin',(-0.2252033545301,0.9602912565529,0.1));
#14481=CARTESIAN_POINT('Origin',(-0.09020335452078,1.040291256551,0.1));
#14482=CARTESIAN_POINT('Origin',(-0.2252033545301,1.460291256555,0.1));
#14483=CARTESIAN_POINT('Origin',(-0.09020335452078,0.5402912565538,0.1));
#14484=CARTESIAN_POINT('Origin',(-0.2252033545301,0.4602912565511,0.1));
#14485=CARTESIAN_POINT('Origin',(-0.149999999976,0.08999999999958,0.));
#14486=CARTESIAN_POINT('',(-0.0749999999789,0.1249999999993,-0.1));
#14487=CARTESIAN_POINT('Origin',(6.621121428907E-9,0.1249999999982,0.));
#14488=CARTESIAN_POINT('',(0.05000000002838,0.1249999999993,-0.1));
#14489=CARTESIAN_POINT('Origin',(0.05000000002838,0.1249999999999,0.));
#14490=CARTESIAN_POINT('',(0.05000000002838,0.375000000001,-0.1));
#14491=CARTESIAN_POINT('Origin',(-0.07499999337597,0.3750000000036,0.));
#14492=CARTESIAN_POINT('',(-0.07499999958486,0.3750000008457,-0.1));
#14493=CARTESIAN_POINT('Origin',(-0.1499999933549,0.4100000000017,0.));
#14494=CARTESIAN_POINT('Origin',(-0.149999999976,0.5899999999997,0.));
#14495=CARTESIAN_POINT('',(-0.0749999999789,0.625,-0.1));
#14496=CARTESIAN_POINT('Origin',(6.621121428907E-9,0.625,0.));
#14497=CARTESIAN_POINT('',(0.05000000002838,0.625,-0.1));
#14498=CARTESIAN_POINT('Origin',(0.05000000002838,0.625,0.));
#14499=CARTESIAN_POINT('',(0.05000000002838,0.8749999999986,-0.1));
#14500=CARTESIAN_POINT('Origin',(-0.07499999337597,0.8749999999964,0.));
#14501=CARTESIAN_POINT('',(-0.07499999997159,0.8749999999964,0.));
#14502=CARTESIAN_POINT('Origin',(-0.0749999999789,0.8749999999998,0.));
#14503=CARTESIAN_POINT('Origin',(-0.149999999976,1.09,0.));
#14504=CARTESIAN_POINT('',(-0.07499999997889,1.125,-0.1));
#14505=CARTESIAN_POINT('Origin',(6.621121428907E-9,1.125000000002,0.));
#14506=CARTESIAN_POINT('',(0.05000000002838,1.125,-0.1));
#14507=CARTESIAN_POINT('Origin',(0.05000000002838,1.125,0.));
#14508=CARTESIAN_POINT('',(0.05000000002838,1.374999999999,-0.1));
#14509=CARTESIAN_POINT('Origin',(-0.07499999337597,1.374999999998,0.));
#14510=CARTESIAN_POINT('',(-0.07499999997524,1.374999999998,0.));
#14511=CARTESIAN_POINT('Origin',(-0.0749999999789,1.375,0.));
#14512=CARTESIAN_POINT('Origin',(-0.149999999976,1.59,0.));
#14513=CARTESIAN_POINT('',(-0.0749999999789,1.625000000001,-0.1));
#14514=CARTESIAN_POINT('Origin',(6.621121428907E-9,1.625000000004,0.));
#14515=CARTESIAN_POINT('',(0.05000000002838,1.625000000001,-0.1));
#14516=CARTESIAN_POINT('Origin',(0.05000000002838,1.625,0.));
#14517=CARTESIAN_POINT('',(0.05004051570722,1.824906848609,-0.1));
#14518=CARTESIAN_POINT('Origin',(0.05004051570722,1.824906848609,0.));
#14519=CARTESIAN_POINT('',(1.049999999962,1.82490684862,-0.1));
#14520=CARTESIAN_POINT('Origin',(1.050000000014,1.724906848606,0.));
#14521=CARTESIAN_POINT('',(1.150000000028,1.724906848557,0.));
#14522=CARTESIAN_POINT('Origin',(1.150000000034,1.724906848609,0.));
#14523=CARTESIAN_POINT('',(1.150000000037,-0.1249999999656,-0.1));
#14524=CARTESIAN_POINT('Origin',(1.05000000005,-0.124999999946,0.));
#14525=CARTESIAN_POINT('',(1.050000000032,-0.2249999999373,0.));
#14526=CARTESIAN_POINT('Origin',(1.050000000032,-0.2249999999373,0.));
#14527=CARTESIAN_POINT('',(0.05000000002838,-0.2250000000004,-0.1));
#14528=CARTESIAN_POINT('Origin',(0.05000000002838,-0.2250000000004,0.));
#14529=CARTESIAN_POINT('',(0.05000000002838,-0.1249999999997,-0.1));
#14530=CARTESIAN_POINT('Origin',(-0.07499999337597,-0.1249999999982,0.));
#14531=CARTESIAN_POINT('',(-0.07499999998255,-0.1249999999982,0.));
#14532=CARTESIAN_POINT('Origin',(-0.0749999999789,-0.1249999999999,0.));
#14533=CARTESIAN_POINT('Origin',(3.350537960604,-0.4356926614987,-0.125));
#14534=CARTESIAN_POINT('',(0.9100000000217,-0.4356926614987,0.));
#14535=CARTESIAN_POINT('',(1.110000000008,-0.4356926614987,0.));
#14536=CARTESIAN_POINT('',(0.9100000000217,-0.4356926614987,0.));
#14537=CARTESIAN_POINT('',(1.110000000008,-0.4356926614987,0.1));
#14538=CARTESIAN_POINT('',(1.110000000008,-0.4356926614987,0.));
#14539=CARTESIAN_POINT('',(0.9100000000217,-0.4356926614987,0.1));
#14540=CARTESIAN_POINT('',(1.110000000008,-0.4356926614987,0.1));
#14541=CARTESIAN_POINT('',(0.9100000000217,-0.4356926614987,0.));
#14542=CARTESIAN_POINT('Origin',(0.538301186616,0.8155838593032,0.));
#14543=CARTESIAN_POINT('',(0.9100000000217,-0.4249999999956,0.));
#14544=CARTESIAN_POINT('',(0.9100000000217,-0.4249999999956,0.));
#14545=CARTESIAN_POINT('',(0.8750000000146,-0.3643782217296,0.));
#14546=CARTESIAN_POINT('',(0.9100000000217,-0.4249999999956,0.));
#14547=CARTESIAN_POINT('',(0.8750000000146,-0.297871777477,0.));
#14548=CARTESIAN_POINT('',(0.8750000000146,-0.297871777477,0.));
#14549=CARTESIAN_POINT('',(1.150000000016,-0.297871777477,0.));
#14550=CARTESIAN_POINT('',(0.8750000000146,-0.297871777477,0.));
#14551=CARTESIAN_POINT('',(1.150000000016,-0.3643782217841,0.));
#14552=CARTESIAN_POINT('',(1.150000000016,-0.3643782217841,0.));
#14553=CARTESIAN_POINT('',(1.110000000008,-0.4336602541116,0.));
#14554=CARTESIAN_POINT('',(1.150000000016,-0.3643782217841,0.));
#14555=CARTESIAN_POINT('',(1.110000000008,-0.4356926614987,0.));
#14556=CARTESIAN_POINT('Origin',(1.110000000008,-0.4500000000007,0.));
#14557=CARTESIAN_POINT('',(1.110000000008,-0.4336602541116,0.1));
#14558=CARTESIAN_POINT('',(1.110000000008,-0.4336602541116,0.1));
#14559=CARTESIAN_POINT('',(1.110000000008,-0.4336602541116,0.1));
#14560=CARTESIAN_POINT('Origin',(0.538301186616,0.8155838593032,0.1));
#14561=CARTESIAN_POINT('',(1.150000000016,-0.3643782217841,0.1));
#14562=CARTESIAN_POINT('',(1.110000000008,-0.4336602541116,0.1));
#14563=CARTESIAN_POINT('',(1.150000000016,-0.297871777477,0.1));
#14564=CARTESIAN_POINT('',(1.150000000016,-0.297871777477,0.1));
#14565=CARTESIAN_POINT('',(0.8750000000146,-0.297871777477,0.1));
#14566=CARTESIAN_POINT('',(1.150000000016,-0.297871777477,0.1));
#14567=CARTESIAN_POINT('',(0.8750000000146,-0.3643782217296,0.1));
#14568=CARTESIAN_POINT('',(0.8750000000146,-0.3643782217296,0.1));
#14569=CARTESIAN_POINT('',(0.9100000000217,-0.4249999999956,0.1));
#14570=CARTESIAN_POINT('',(0.8750000000146,-0.3643782217296,0.1));
#14571=CARTESIAN_POINT('',(0.9100000000217,-0.4356926614987,0.1));
#14572=CARTESIAN_POINT('Origin',(0.9100000000217,-0.4249999999956,0.));
#14573=CARTESIAN_POINT('',(0.9100000000217,-0.4249999999956,0.1));
#14574=CARTESIAN_POINT('Origin',(0.8750000000146,-0.3643782217296,0.));
#14575=CARTESIAN_POINT('',(0.8750000000146,-0.3643782217296,0.1));
#14576=CARTESIAN_POINT('Origin',(0.8750000000146,-0.274999999956,0.));
#14577=CARTESIAN_POINT('',(0.8750000000146,-0.297871777477,0.));
#14578=CARTESIAN_POINT('Origin',(-0.1062849422257,-0.2978717774771,0.1));
#14579=CARTESIAN_POINT('',(1.150000000016,-0.297871777477,0.));
#14580=CARTESIAN_POINT('Origin',(1.150000000016,-0.3643782217841,0.));
#14581=CARTESIAN_POINT('',(1.150000000016,-0.3643782217841,0.1));
#14582=CARTESIAN_POINT('Origin',(1.110000000008,-0.4336602541116,0.));
#14583=CARTESIAN_POINT('',(0.,0.,0.));
#14584=CARTESIAN_POINT('Origin',(-0.1494620393964,-0.4356926614987,-0.125));
#14585=CARTESIAN_POINT('',(-0.1494620393964,3.609748954811,0.));
#14586=CARTESIAN_POINT('',(-0.1494620393964,3.660291256548,0.));
#14587=CARTESIAN_POINT('',(-0.1494620393964,3.609748954811,0.));
#14588=CARTESIAN_POINT('',(-0.1494620393964,3.660291256548,0.1));
#14589=CARTESIAN_POINT('',(-0.1494620393964,3.660291256548,0.1));
#14590=CARTESIAN_POINT('',(-0.1494620393964,3.740291256546,0.1));
#14591=CARTESIAN_POINT('',(-0.1494620393964,3.660291256548,0.1));
#14592=CARTESIAN_POINT('',(-0.1494620393964,3.740291256546,0.));
#14593=CARTESIAN_POINT('',(-0.1494620393964,3.740291256546,0.1));
#14594=CARTESIAN_POINT('',(-0.1494620393964,3.790251048266,0.));
#14595=CARTESIAN_POINT('',(-0.1494620393964,3.740291256546,0.));
#14596=CARTESIAN_POINT('',(-0.1494620393964,3.790251048266,-0.1));
#14597=CARTESIAN_POINT('',(-0.1494620393964,3.790251048266,0.));
#14598=CARTESIAN_POINT('',(-0.1494620393964,3.609748954811,-0.1));
#14599=CARTESIAN_POINT('',(-0.1494620393964,3.609748954811,-0.1));
#14600=CARTESIAN_POINT('',(-0.1494620393964,3.609748954811,-0.1));
#14601=CARTESIAN_POINT('Origin',(0.3076842083379,3.766064392609,0.));
#14602=CARTESIAN_POINT('',(-0.07499999337597,3.575000000001,0.));
#14603=CARTESIAN_POINT('',(-0.07499999337597,3.575000000001,0.));
#14604=CARTESIAN_POINT('',(0.5750000000313,3.575000000001,0.));
#14605=CARTESIAN_POINT('',(-0.07499999337597,3.575000000001,0.));
#14606=CARTESIAN_POINT('',(0.7750000000306,3.774999999995,0.));
#14607=CARTESIAN_POINT('',(0.7750000000306,3.774999999995,0.));
#14608=CARTESIAN_POINT('',(0.7750000000306,3.949999999995,0.));
#14609=CARTESIAN_POINT('',(0.7750000000306,3.774999999995,0.));
#14610=CARTESIAN_POINT('',(0.05000000002838,3.949999999995,0.));
#14611=CARTESIAN_POINT('',(0.7750000000306,3.949999999995,0.));
#14612=CARTESIAN_POINT('',(0.05000000002838,3.824999999997,0.));
#14613=CARTESIAN_POINT('',(0.05000000002838,3.824999999997,0.));
#14614=CARTESIAN_POINT('',(-0.07499999997645,3.824999999997,0.));
#14615=CARTESIAN_POINT('',(0.05000000002838,3.824999999997,0.));
#14616=CARTESIAN_POINT('',(-0.1494620393964,3.790251048266,0.));
#14617=CARTESIAN_POINT('',(-0.1041447522664,3.740291256546,0.));
#14618=CARTESIAN_POINT('',(-0.1041447522664,3.740291256546,0.));
#14619=CARTESIAN_POINT('',(-0.1041447522664,3.660291256548,0.));
#14620=CARTESIAN_POINT('',(-0.1041447522664,3.740291256546,0.));
#14621=CARTESIAN_POINT('',(-0.1041447522664,3.660291256548,0.));
#14622=CARTESIAN_POINT('Origin',(-0.2252033545119,3.660291256548,0.1));
#14623=CARTESIAN_POINT('',(-0.1041447522664,3.660291256548,0.1));
#14624=CARTESIAN_POINT('',(-0.1041447522664,3.660291256548,0.1));
#14625=CARTESIAN_POINT('',(-0.1494620393964,3.660291256548,0.1));
#14626=CARTESIAN_POINT('Origin',(0.5522139348986,3.568241206585,0.1));
#14627=CARTESIAN_POINT('',(-0.1041447522664,3.740291256546,0.1));
#14628=CARTESIAN_POINT('',(-0.1041447522664,3.660291256548,0.1));
#14629=CARTESIAN_POINT('',(-0.1041447522664,3.740291256546,0.1));
#14630=CARTESIAN_POINT('Origin',(-0.09020335450259,3.740291256546,0.1));
#14631=CARTESIAN_POINT('',(-0.1041447522664,3.740291256546,0.1));
#14632=CARTESIAN_POINT('Origin',(-0.1041447522664,3.966582985072,0.1));
#14633=CARTESIAN_POINT('Origin',(-0.149999999976,3.789999999996,0.));
#14634=CARTESIAN_POINT('',(-0.0749999999789,3.824999999996,-0.1));
#14635=CARTESIAN_POINT('',(-0.0749999999789,3.824999999996,-0.1));
#14636=CARTESIAN_POINT('',(-0.1494620393964,3.790251048266,-0.1));
#14637=CARTESIAN_POINT('Origin',(0.3076842083379,3.766064392609,-0.1));
#14638=CARTESIAN_POINT('',(0.05000000002838,3.824999999996,-0.1));
#14639=CARTESIAN_POINT('',(0.05000000002838,3.824999999996,-0.1));
#14640=CARTESIAN_POINT('',(0.05000000002838,3.949999999996,-0.1));
#14641=CARTESIAN_POINT('',(0.05000000002838,3.949999999996,-0.1));
#14642=CARTESIAN_POINT('',(0.7750000000306,3.949999999997,-0.1));
#14643=CARTESIAN_POINT('',(0.7750000000306,3.949999999997,-0.1));
#14644=CARTESIAN_POINT('',(0.7750000000306,3.774999999995,-0.1));
#14645=CARTESIAN_POINT('',(0.7750000000306,3.774999999995,-0.1));
#14646=CARTESIAN_POINT('',(0.5750000000262,3.574999999997,-0.1));
#14647=CARTESIAN_POINT('',(0.7750000000306,3.774999999995,-0.1));
#14648=CARTESIAN_POINT('',(-0.07499999557695,3.574999999999,-0.1));
#14649=CARTESIAN_POINT('',(-0.07499999557695,3.574999999999,-0.1));
#14650=CARTESIAN_POINT('',(-0.07499999557695,3.574999999999,-0.1));
#14651=CARTESIAN_POINT('Origin',(-0.149999999976,3.610000003082,0.));
#14652=CARTESIAN_POINT('',(-0.07499999337597,3.575000000001,0.));
#14653=CARTESIAN_POINT('Origin',(-0.07499999337597,3.575000000001,0.));
#14654=CARTESIAN_POINT('',(0.5750000000262,3.574999999997,-0.1));
#14655=CARTESIAN_POINT('Origin',(0.7750000000306,3.774999999995,0.));
#14656=CARTESIAN_POINT('',(0.7750000000306,3.774999999995,-0.1));
#14657=CARTESIAN_POINT('Origin',(0.7750000000306,3.477201559108,0.));
#14658=CARTESIAN_POINT('',(0.7750000000306,3.949999999997,-0.1));
#14659=CARTESIAN_POINT('Origin',(0.6750000000102,3.949999999995,0.));
#14660=CARTESIAN_POINT('',(0.05000000002838,3.949999999996,-0.1));
#14661=CARTESIAN_POINT('Origin',(0.05000000002838,3.824999999996,0.));
#14662=CARTESIAN_POINT('',(0.05000000002838,3.824999999996,-0.1));
#14663=CARTESIAN_POINT('Origin',(6.621121428907E-9,3.824999999997,0.));
#14664=CARTESIAN_POINT('Origin',(0.5522139348986,3.568241206585,0.1));
#14665=CARTESIAN_POINT('',(0.7750000000306,4.064307338501,0.1));
#14666=CARTESIAN_POINT('',(0.6750000000102,4.064307338501,0.1));
#14667=CARTESIAN_POINT('',(0.7750000000306,4.064307338501,0.1));
#14668=CARTESIAN_POINT('',(0.6750000000102,3.966582985072,0.1));
#14669=CARTESIAN_POINT('',(0.6750000000102,3.966582985072,0.1));
#14670=CARTESIAN_POINT('',(0.7750000000306,3.966582985072,0.1));
#14671=CARTESIAN_POINT('',(0.7750000000306,3.966582985072,0.1));
#14672=CARTESIAN_POINT('',(0.7750000000306,3.966582985072,0.1));
#14673=CARTESIAN_POINT('Origin',(-0.1494620393964,4.064307338501,-0.125));
#14674=CARTESIAN_POINT('',(0.6750000000102,4.064307338501,0.));
#14675=CARTESIAN_POINT('',(0.7750000000306,4.064307338501,0.));
#14676=CARTESIAN_POINT('',(0.6750000000102,4.064307338501,0.));
#14677=CARTESIAN_POINT('',(0.6750000000102,4.064307338501,0.));
#14678=CARTESIAN_POINT('',(0.7750000000306,4.064307338501,0.));
#14679=CARTESIAN_POINT('Origin',(0.5522139348986,3.568241206585,0.));
#14680=CARTESIAN_POINT('',(0.7750000000306,3.966582985072,0.));
#14681=CARTESIAN_POINT('',(0.7750000000306,3.966582985072,0.));
#14682=CARTESIAN_POINT('',(0.6750000000102,3.966582985072,0.));
#14683=CARTESIAN_POINT('',(0.6750000000102,3.966582985072,0.));
#14684=CARTESIAN_POINT('',(0.6750000000102,4.064307338501,0.));
#14685=CARTESIAN_POINT('Origin',(0.6750000000102,4.049999999997,0.));
#14686=CARTESIAN_POINT('',(0.6750000000102,3.966582985072,0.));
#14687=CARTESIAN_POINT('Origin',(1.243700458045,3.966582985072,0.1));
#14688=CARTESIAN_POINT('',(0.7750000000306,3.966582985072,0.1));
#14689=CARTESIAN_POINT('Origin',(0.7750000000306,3.477201559108,0.));
#14690=CARTESIAN_POINT('',(0.,0.,0.));
#14691=CARTESIAN_POINT('Origin',(0.2680778933964,2.450000000312,0.));
#14692=CARTESIAN_POINT('',(-0.1494620393964,2.359748951728,0.));
#14693=CARTESIAN_POINT('',(-0.1494620393964,2.410291255002,0.));
#14694=CARTESIAN_POINT('',(-0.1494620393964,2.359748951728,0.));
#14695=CARTESIAN_POINT('',(-0.07499999997891,2.325000000001,0.));
#14696=CARTESIAN_POINT('',(-0.07499999997891,2.325000000001,0.));
#14697=CARTESIAN_POINT('',(0.6249999934778,2.324999999996,0.));
#14698=CARTESIAN_POINT('',(-0.07499999997891,2.325000000001,0.));
#14699=CARTESIAN_POINT('',(0.6249999934237,2.574999999996,0.));
#14700=CARTESIAN_POINT('Origin',(0.6249999934334,2.449999999996,0.));
#14701=CARTESIAN_POINT('',(-0.07499999997646,2.574999999997,0.));
#14702=CARTESIAN_POINT('',(0.6249999934302,2.574999999997,0.));
#14703=CARTESIAN_POINT('',(-0.1494620393964,2.540251051334,0.));
#14704=CARTESIAN_POINT('',(-0.1494620393964,2.540251051334,0.));
#14705=CARTESIAN_POINT('',(-0.1494620393964,2.490291255005,0.));
#14706=CARTESIAN_POINT('',(-0.1494620393964,2.490291255005,0.));
#14707=CARTESIAN_POINT('',(-0.09300658130305,2.490291255005,0.));
#14708=CARTESIAN_POINT('',(-0.1494620393964,2.490291255005,0.));
#14709=CARTESIAN_POINT('',(-0.09300658130305,2.410291255002,0.));
#14710=CARTESIAN_POINT('',(-0.09300658130305,2.490291255005,0.));
#14711=CARTESIAN_POINT('',(-0.09300658130305,2.410291255002,0.));
#14712=CARTESIAN_POINT('Origin',(-0.1494620393964,-0.4356926614987,-0.125));
#14713=CARTESIAN_POINT('',(-0.1494620393964,2.410291255002,0.1));
#14714=CARTESIAN_POINT('',(-0.1494620393964,2.410291255002,0.1));
#14715=CARTESIAN_POINT('',(-0.1494620393964,2.490291255005,0.1));
#14716=CARTESIAN_POINT('',(-0.1494620393964,2.410291255002,0.1));
#14717=CARTESIAN_POINT('',(-0.1494620393964,2.490291255005,0.1));
#14718=CARTESIAN_POINT('',(-0.1494620393964,2.540251051334,-0.1));
#14719=CARTESIAN_POINT('',(-0.1494620393964,2.540251051334,0.));
#14720=CARTESIAN_POINT('',(-0.1494620393964,2.359748951728,-0.1));
#14721=CARTESIAN_POINT('',(-0.1494620393964,2.359748951728,-0.1));
#14722=CARTESIAN_POINT('',(-0.1494620393964,2.359748951728,-0.1));
#14723=CARTESIAN_POINT('Origin',(-0.149999999976,2.359999999999,0.));
#14724=CARTESIAN_POINT('',(-0.0749999999789,2.324999999999,-0.1));
#14725=CARTESIAN_POINT('',(-0.0749999999789,2.324999999999,-0.1));
#14726=CARTESIAN_POINT('',(-0.07499999997891,2.325000000001,0.));
#14727=CARTESIAN_POINT('Origin',(-0.0749999999789,2.325000000001,0.));
#14728=CARTESIAN_POINT('',(0.6249999934346,2.324999999996,-0.1));
#14729=CARTESIAN_POINT('',(-0.0749999999789,2.324999999999,-0.1));
#14730=CARTESIAN_POINT('',(0.6249999934482,2.324999999999,0.));
#14731=CARTESIAN_POINT('Origin',(0.6249999934334,2.449999999996,0.));
#14732=CARTESIAN_POINT('',(0.6249999934347,2.574999999996,-0.1));
#14733=CARTESIAN_POINT('Origin',(0.6249999934334,2.449999999996,-0.1));
#14734=CARTESIAN_POINT('',(0.6249999934339,2.574999999996,-0.1));
#14735=CARTESIAN_POINT('Origin',(0.,2.574999999997,0.));
#14736=CARTESIAN_POINT('',(-0.0749999999789,2.574999999996,-0.1));
#14737=CARTESIAN_POINT('',(0.6249999934339,2.574999999996,-0.1));
#14738=CARTESIAN_POINT('',(-0.0749999999789,2.574999999996,-0.1));
#14739=CARTESIAN_POINT('Origin',(-0.1500000065971,2.539999999996,0.));
#14740=CARTESIAN_POINT('',(-0.1494620393964,2.540251051334,-0.1));
#14741=CARTESIAN_POINT('Origin',(0.2680778933964,2.450000000312,-0.1));
#14742=CARTESIAN_POINT('Origin',(-0.09020335781315,2.490291255005,0.1));
#14743=CARTESIAN_POINT('',(-0.09300658130305,2.490291255005,0.1));
#14744=CARTESIAN_POINT('',(-0.09300658130305,2.490291255005,0.1));
#14745=CARTESIAN_POINT('',(-0.09300658130305,2.490291255005,0.1));
#14746=CARTESIAN_POINT('Origin',(-0.09300658130305,2.64892389145,0.1));
#14747=CARTESIAN_POINT('',(-0.09300658130305,2.410291255002,0.1));
#14748=CARTESIAN_POINT('',(-0.09300658130305,2.410291255002,0.1));
#14749=CARTESIAN_POINT('',(-0.09300658130305,2.410291255002,0.1));
#14750=CARTESIAN_POINT('Origin',(-0.2252033578225,2.410291255002,0.1));
#14751=CARTESIAN_POINT('',(-0.09300658130305,2.410291255002,0.1));
#14752=CARTESIAN_POINT('Origin',(0.6710670537893,2.435973410285,0.1));
#14753=CARTESIAN_POINT('',(0.,0.,0.));
#14754=CARTESIAN_POINT('Origin',(2.931920654212,2.949999999996,0.));
#14755=CARTESIAN_POINT('',(3.350537960604,2.86,0.));
#14756=CARTESIAN_POINT('',(3.350537960604,2.910291255004,0.));
#14757=CARTESIAN_POINT('',(3.350537960604,2.86,0.));
#14758=CARTESIAN_POINT('',(3.301294084096,2.910291255004,0.));
#14759=CARTESIAN_POINT('',(3.350537960604,2.910291255004,0.));
#14760=CARTESIAN_POINT('',(3.301294084096,2.990291255002,0.));
#14761=CARTESIAN_POINT('',(3.301294084096,2.910291255004,0.));
#14762=CARTESIAN_POINT('',(3.350537960604,2.990291255002,0.));
#14763=CARTESIAN_POINT('',(3.301294084096,2.990291255002,0.));
#14764=CARTESIAN_POINT('',(3.350537960604,3.039999999996,0.));
#14765=CARTESIAN_POINT('',(3.350537960604,2.990291255002,0.));
#14766=CARTESIAN_POINT('',(3.350000000039,3.039999999996,0.));
#14767=CARTESIAN_POINT('',(3.350000000039,3.039999999996,0.));
#14768=CARTESIAN_POINT('',(3.275000000031,3.074999999999,0.));
#14769=CARTESIAN_POINT('',(3.275000000031,3.074999999999,0.));
#14770=CARTESIAN_POINT('',(2.575000006646,3.074999999996,0.));
#14771=CARTESIAN_POINT('',(3.275000000031,3.074999999999,0.));
#14772=CARTESIAN_POINT('',(2.575000006646,2.824999999996,0.));
#14773=CARTESIAN_POINT('Origin',(2.575000006618,2.949999999996,0.));
#14774=CARTESIAN_POINT('',(3.275000000031,2.824999999993,0.));
#14775=CARTESIAN_POINT('',(2.575000006627,2.824999999994,0.));
#14776=CARTESIAN_POINT('',(3.350000000026,2.86,0.));
#14777=CARTESIAN_POINT('',(3.350000000026,2.86,0.));
#14778=CARTESIAN_POINT('',(3.350000000026,2.86,0.));
#14779=CARTESIAN_POINT('Origin',(3.350537960604,4.064307338501,-0.125));
#14780=CARTESIAN_POINT('',(3.350537960604,2.86,-0.1));
#14781=CARTESIAN_POINT('',(3.350537960604,2.86,0.));
#14782=CARTESIAN_POINT('',(3.350537960604,3.039999999996,-0.1));
#14783=CARTESIAN_POINT('',(3.350537960604,2.86,-0.1));
#14784=CARTESIAN_POINT('',(3.350537960604,3.039999999996,-0.1));
#14785=CARTESIAN_POINT('',(3.350537960604,2.990291255002,0.1));
#14786=CARTESIAN_POINT('',(3.350537960604,2.990291255002,0.1));
#14787=CARTESIAN_POINT('',(3.350537960604,2.910291255004,0.1));
#14788=CARTESIAN_POINT('',(3.350537960604,2.910291255004,0.1));
#14789=CARTESIAN_POINT('',(3.350537960604,2.910291255004,0.1));
#14790=CARTESIAN_POINT('Origin',(3.289796635599,2.910291255004,0.1));
#14791=CARTESIAN_POINT('',(3.301294084096,2.910291255004,0.1));
#14792=CARTESIAN_POINT('',(3.301294084096,2.910291255004,0.1));
#14793=CARTESIAN_POINT('',(3.301294084096,2.910291255004,0.1));
#14794=CARTESIAN_POINT('Origin',(3.301294084096,2.685909639075,0.1));
#14795=CARTESIAN_POINT('',(3.301294084096,2.990291255002,0.1));
#14796=CARTESIAN_POINT('',(3.301294084096,2.910291255004,0.1));
#14797=CARTESIAN_POINT('',(3.301294084096,2.990291255002,0.1));
#14798=CARTESIAN_POINT('Origin',(3.424796635609,2.990291255002,0.1));
#14799=CARTESIAN_POINT('',(3.301294084096,2.990291255002,0.1));
#14800=CARTESIAN_POINT('Origin',(2.696152823186,2.917380188176,0.1));
#14801=CARTESIAN_POINT('Origin',(3.350000000028,3.039999999996,-0.1));
#14802=CARTESIAN_POINT('',(3.350000000039,3.039999999996,-0.1));
#14803=CARTESIAN_POINT('',(3.350000000039,3.039999999996,-0.1));
#14804=CARTESIAN_POINT('',(3.350000000039,3.039999999996,-0.1));
#14805=CARTESIAN_POINT('Origin',(3.350000000028,3.040000000001,0.));
#14806=CARTESIAN_POINT('',(3.275000000031,3.074999999998,-0.1));
#14807=CARTESIAN_POINT('',(3.275000000031,3.074999999998,-0.1));
#14808=CARTESIAN_POINT('',(3.275000000031,3.074999999998,-0.1));
#14809=CARTESIAN_POINT('Origin',(3.275000000031,3.074999999999,0.));
#14810=CARTESIAN_POINT('',(2.575000006617,3.074999999996,-0.1));
#14811=CARTESIAN_POINT('',(3.275000000031,3.074999999998,-0.1));
#14812=CARTESIAN_POINT('',(2.575000006627,3.074999999998,0.));
#14813=CARTESIAN_POINT('Origin',(2.575000006618,2.949999999996,0.));
#14814=CARTESIAN_POINT('',(2.575000006617,2.824999999996,-0.1));
#14815=CARTESIAN_POINT('Origin',(2.575000006618,2.949999999996,-0.1));
#14816=CARTESIAN_POINT('',(2.575000006618,2.824999999995,-0.1));
#14817=CARTESIAN_POINT('Origin',(3.200000000015,2.824999999993,0.));
#14818=CARTESIAN_POINT('',(3.275000000031,2.824999999994,-0.1));
#14819=CARTESIAN_POINT('',(2.575000006618,2.824999999995,-0.1));
#14820=CARTESIAN_POINT('',(3.275000000031,2.824999999994,-0.1));
#14821=CARTESIAN_POINT('Origin',(3.275000000031,2.824999999993,0.));
#14822=CARTESIAN_POINT('',(3.350000000026,2.86,-0.1));
#14823=CARTESIAN_POINT('',(3.350000000026,2.86,-0.1));
#14824=CARTESIAN_POINT('',(3.350000000026,2.86,-0.1));
#14825=CARTESIAN_POINT('Origin',(3.350000000028,2.86,0.));
#14826=CARTESIAN_POINT('',(3.350000000026,2.86,-0.1));
#14827=CARTESIAN_POINT('Origin',(2.931920654212,2.949999999996,-0.1));
#14828=CARTESIAN_POINT('',(0.,0.,0.));
#14829=CARTESIAN_POINT('Origin',(1.100000000024,3.779491310524,0.));
#14830=CARTESIAN_POINT('',(1.010000000024,4.064307338501,0.));
#14831=CARTESIAN_POINT('',(1.059796638892,4.064307338501,0.));
#14832=CARTESIAN_POINT('',(1.010000000024,4.064307338501,0.));
#14833=CARTESIAN_POINT('',(1.010000000024,4.049999999997,0.));
#14834=CARTESIAN_POINT('',(1.010000000024,4.049999999997,0.));
#14835=CARTESIAN_POINT('',(0.9750000000167,3.975,0.));
#14836=CARTESIAN_POINT('',(0.9750000000167,3.975,0.));
#14837=CARTESIAN_POINT('',(0.975000000024,3.575000000084,0.));
#14838=CARTESIAN_POINT('',(0.9750000000167,3.975,0.));
#14839=CARTESIAN_POINT('',(1.225000000024,3.574999999863,0.));
#14840=CARTESIAN_POINT('Origin',(1.100000000024,3.574999999996,0.));
#14841=CARTESIAN_POINT('',(1.225000000013,3.975000000037,0.));
#14842=CARTESIAN_POINT('',(1.225000000017,3.574999999951,0.));
#14843=CARTESIAN_POINT('',(1.190000000024,4.049999999998,0.));
#14844=CARTESIAN_POINT('',(1.190000000024,4.049999999998,0.));
#14845=CARTESIAN_POINT('',(1.190000000024,4.064307338501,0.));
#14846=CARTESIAN_POINT('',(1.190000000024,4.049999999998,0.));
#14847=CARTESIAN_POINT('',(1.13979663889,4.064307338501,0.));
#14848=CARTESIAN_POINT('',(1.13979663889,4.064307338501,0.));
#14849=CARTESIAN_POINT('',(1.13979663889,4.018637302575,0.));
#14850=CARTESIAN_POINT('',(1.13979663889,4.018637302575,0.));
#14851=CARTESIAN_POINT('',(1.059796638892,4.018637302575,0.));
#14852=CARTESIAN_POINT('',(1.13979663889,4.018637302575,0.));
#14853=CARTESIAN_POINT('',(1.059796638892,4.018637302575,0.));
#14854=CARTESIAN_POINT('Origin',(-0.1494620393964,4.064307338501,-0.125));
#14855=CARTESIAN_POINT('',(1.059796638892,4.064307338501,0.1));
#14856=CARTESIAN_POINT('',(1.059796638892,4.064307338501,0.1));
#14857=CARTESIAN_POINT('',(1.13979663889,4.064307338501,0.1));
#14858=CARTESIAN_POINT('',(1.059796638892,4.064307338501,0.1));
#14859=CARTESIAN_POINT('',(1.13979663889,4.064307338501,0.1));
#14860=CARTESIAN_POINT('',(1.190000000024,4.064307338501,-0.1));
#14861=CARTESIAN_POINT('',(1.190000000024,4.064307338501,0.));
#14862=CARTESIAN_POINT('',(1.010000000024,4.064307338501,-0.1));
#14863=CARTESIAN_POINT('',(1.010000000024,4.064307338501,-0.1));
#14864=CARTESIAN_POINT('',(1.010000000024,4.064307338501,-0.1));
#14865=CARTESIAN_POINT('Origin',(1.010000000024,4.049999999997,-0.1));
#14866=CARTESIAN_POINT('',(1.010000000024,4.049999999997,-0.1));
#14867=CARTESIAN_POINT('',(1.010000000024,4.049999999997,-0.1));
#14868=CARTESIAN_POINT('',(1.010000000024,4.049999999997,-0.1));
#14869=CARTESIAN_POINT('Origin',(1.010000000024,4.049999999997,0.));
#14870=CARTESIAN_POINT('',(0.9750000000167,3.975,-0.1));
#14871=CARTESIAN_POINT('',(0.9750000000167,3.975,-0.1));
#14872=CARTESIAN_POINT('',(0.9750000000167,3.975,0.));
#14873=CARTESIAN_POINT('Origin',(0.9750000000167,3.975,0.));
#14874=CARTESIAN_POINT('',(0.975000000024,3.575000000084,-0.1));
#14875=CARTESIAN_POINT('',(0.9750000000167,3.975,-0.1));
#14876=CARTESIAN_POINT('',(0.9750000000192,3.575000000025,0.));
#14877=CARTESIAN_POINT('Origin',(1.100000000024,3.574999999996,0.));
#14878=CARTESIAN_POINT('',(1.225000000024,3.575000000083,-0.1));
#14879=CARTESIAN_POINT('Origin',(1.100000000024,3.574999999996,-0.1));
#14880=CARTESIAN_POINT('',(1.225000000023,3.575000000024,-0.1));
#14881=CARTESIAN_POINT('Origin',(1.225000000013,3.900000000003,0.));
#14882=CARTESIAN_POINT('',(1.225000000025,3.974999999998,-0.1));
#14883=CARTESIAN_POINT('',(1.225000000023,3.575000000024,-0.1));
#14884=CARTESIAN_POINT('',(1.225000000025,3.974999999998,-0.1));
#14885=CARTESIAN_POINT('Origin',(1.190000000024,4.049999999998,0.));
#14886=CARTESIAN_POINT('',(1.190000000024,4.049999999998,-0.1));
#14887=CARTESIAN_POINT('',(1.190000000024,4.049999999998,-0.1));
#14888=CARTESIAN_POINT('',(1.190000000024,4.049999999998,0.));
#14889=CARTESIAN_POINT('Origin',(1.190000000024,4.049999999997,0.));
#14890=CARTESIAN_POINT('',(1.190000000024,4.049999999998,-0.1));
#14891=CARTESIAN_POINT('Origin',(1.100000000024,3.779491310524,-0.1));
#14892=CARTESIAN_POINT('Origin',(1.13979663889,3.990291249949,0.1));
#14893=CARTESIAN_POINT('',(1.13979663889,4.018637302575,0.1));
#14894=CARTESIAN_POINT('',(1.13979663889,4.018637302575,0.1));
#14895=CARTESIAN_POINT('',(1.13979663889,4.018637302575,0.1));
#14896=CARTESIAN_POINT('Origin',(1.312334691966,4.018637302575,0.1));
#14897=CARTESIAN_POINT('',(1.059796638892,4.018637302575,0.1));
#14898=CARTESIAN_POINT('',(1.059796638892,4.018637302575,0.1));
#14899=CARTESIAN_POINT('',(1.059796638892,4.018637302575,0.1));
#14900=CARTESIAN_POINT('Origin',(1.059796638892,4.125291249949,0.1));
#14901=CARTESIAN_POINT('',(1.059796638892,4.064307338501,0.1));
#14902=CARTESIAN_POINT('Origin',(1.09764917107,3.730697124253,0.1));
#14903=CARTESIAN_POINT('',(0.,0.,0.));
#14904=CARTESIAN_POINT('Origin',(2.100000000018,3.779491310524,0.));
#14905=CARTESIAN_POINT('',(2.010000000027,4.064307338501,0.));
#14906=CARTESIAN_POINT('',(2.059796638896,4.064307338501,0.));
#14907=CARTESIAN_POINT('',(2.010000000027,4.064307338501,0.));
#14908=CARTESIAN_POINT('',(2.010000000027,4.049999999997,0.));
#14909=CARTESIAN_POINT('',(2.010000000027,4.049999999997,0.));
#14910=CARTESIAN_POINT('',(1.97500000002,3.975,0.));
#14911=CARTESIAN_POINT('',(1.97500000002,3.975,0.));
#14912=CARTESIAN_POINT('',(1.975000000009,3.574999999864,0.));
#14913=CARTESIAN_POINT('',(1.97500000002,3.975,0.));
#14914=CARTESIAN_POINT('',(2.225000000009,3.575000000083,0.));
#14915=CARTESIAN_POINT('Origin',(2.100000000009,3.574999999995,0.));
#14916=CARTESIAN_POINT('',(2.225000000017,3.974999999998,0.));
#14917=CARTESIAN_POINT('',(2.225000000014,3.575000000024,0.));
#14918=CARTESIAN_POINT('',(2.190000000028,4.049999999999,0.));
#14919=CARTESIAN_POINT('',(2.190000000028,4.049999999999,0.));
#14920=CARTESIAN_POINT('',(2.190000000028,4.064307338501,0.));
#14921=CARTESIAN_POINT('',(2.190000000028,4.049999999999,0.));
#14922=CARTESIAN_POINT('',(2.139796638894,4.064307338501,0.));
#14923=CARTESIAN_POINT('',(2.139796638894,4.064307338501,0.));
#14924=CARTESIAN_POINT('',(2.139796638894,4.002964683851,0.));
#14925=CARTESIAN_POINT('',(2.139796638894,4.064307338501,0.));
#14926=CARTESIAN_POINT('',(2.059796638896,4.002964683851,0.));
#14927=CARTESIAN_POINT('',(2.139796638894,4.002964683851,0.));
#14928=CARTESIAN_POINT('',(2.059796638896,4.002964683851,0.));
#14929=CARTESIAN_POINT('Origin',(-0.1494620393964,4.064307338501,-0.125));
#14930=CARTESIAN_POINT('',(2.059796638896,4.064307338501,0.1));
#14931=CARTESIAN_POINT('',(2.059796638896,4.064307338501,0.1));
#14932=CARTESIAN_POINT('',(2.139796638894,4.064307338501,0.1));
#14933=CARTESIAN_POINT('',(2.059796638896,4.064307338501,0.1));
#14934=CARTESIAN_POINT('',(2.139796638894,4.064307338501,0.1));
#14935=CARTESIAN_POINT('',(2.190000000028,4.064307338501,-0.1));
#14936=CARTESIAN_POINT('',(2.190000000028,4.064307338501,0.));
#14937=CARTESIAN_POINT('',(2.010000000027,4.064307338501,-0.1));
#14938=CARTESIAN_POINT('',(2.010000000027,4.064307338501,-0.1));
#14939=CARTESIAN_POINT('',(2.010000000027,4.064307338501,-0.1));
#14940=CARTESIAN_POINT('Origin',(2.010000000028,4.049999999997,-0.1));
#14941=CARTESIAN_POINT('',(2.010000000028,4.049999999997,-0.1));
#14942=CARTESIAN_POINT('',(2.010000000028,4.049999999997,-0.1));
#14943=CARTESIAN_POINT('',(2.010000000028,4.049999999997,-0.1));
#14944=CARTESIAN_POINT('Origin',(2.010000000028,4.049999999997,0.));
#14945=CARTESIAN_POINT('',(1.97500000002,3.975,-0.1));
#14946=CARTESIAN_POINT('',(1.97500000002,3.975,-0.1));
#14947=CARTESIAN_POINT('',(1.97500000002,3.975,0.));
#14948=CARTESIAN_POINT('Origin',(1.97500000002,3.975,0.));
#14949=CARTESIAN_POINT('',(1.975000000009,3.574999999865,-0.1));
#14950=CARTESIAN_POINT('',(1.97500000002,3.975,-0.1));
#14951=CARTESIAN_POINT('',(1.975000000017,3.574999999952,0.));
#14952=CARTESIAN_POINT('Origin',(2.100000000009,3.574999999995,0.));
#14953=CARTESIAN_POINT('',(2.225000000009,3.575000000083,-0.1));
#14954=CARTESIAN_POINT('Origin',(2.100000000009,3.574999999995,-0.1));
#14955=CARTESIAN_POINT('',(2.225000000014,3.575000000024,-0.1));
#14956=CARTESIAN_POINT('Origin',(2.225000000017,3.900000000003,0.));
#14957=CARTESIAN_POINT('',(2.225000000017,3.974999999998,-0.1));
#14958=CARTESIAN_POINT('',(2.225000000014,3.575000000024,-0.1));
#14959=CARTESIAN_POINT('',(2.225000000017,3.974999999998,-0.1));
#14960=CARTESIAN_POINT('Origin',(2.190000000028,4.049999999999,0.));
#14961=CARTESIAN_POINT('',(2.190000000028,4.049999999999,-0.1));
#14962=CARTESIAN_POINT('',(2.190000000028,4.049999999999,-0.1));
#14963=CARTESIAN_POINT('',(2.190000000028,4.049999999999,0.));
#14964=CARTESIAN_POINT('Origin',(2.190000000028,4.049999999997,0.));
#14965=CARTESIAN_POINT('',(2.190000000028,4.049999999999,-0.1));
#14966=CARTESIAN_POINT('Origin',(2.100000000018,3.779491310524,-0.1));
#14967=CARTESIAN_POINT('Origin',(2.139796638894,3.990291249949,0.1));
#14968=CARTESIAN_POINT('',(2.139796638894,4.002964683851,0.1));
#14969=CARTESIAN_POINT('',(2.139796638894,4.002964683851,0.1));
#14970=CARTESIAN_POINT('',(2.139796638894,4.002964683851,0.1));
#14971=CARTESIAN_POINT('Origin',(2.294485465372,4.002964683851,0.1));
#14972=CARTESIAN_POINT('',(2.059796638896,4.002964683851,0.1));
#14973=CARTESIAN_POINT('',(2.059796638896,4.002964683851,0.1));
#14974=CARTESIAN_POINT('',(2.059796638896,4.002964683851,0.1));
#14975=CARTESIAN_POINT('Origin',(2.059796638896,4.125291249949,0.1));
#14976=CARTESIAN_POINT('',(2.059796638896,4.002964683851,0.1));
#14977=CARTESIAN_POINT('Origin',(2.102350828964,3.730697124252,0.1));
#14978=CARTESIAN_POINT('',(0.,0.,0.));
#14979=CARTESIAN_POINT('Origin',(0.2680778933964,2.950000000312,0.));
#14980=CARTESIAN_POINT('',(-0.1494620393964,2.85974895173,0.));
#14981=CARTESIAN_POINT('',(-0.1494620393964,2.910291255004,0.));
#14982=CARTESIAN_POINT('',(-0.1494620393964,2.85974895173,0.));
#14983=CARTESIAN_POINT('',(-0.0749999999789,2.824999999993,0.));
#14984=CARTESIAN_POINT('',(-0.0749999999789,2.824999999993,0.));
#14985=CARTESIAN_POINT('',(0.6249999934057,2.824999999996,0.));
#14986=CARTESIAN_POINT('',(-0.0749999999789,2.824999999993,0.));
#14987=CARTESIAN_POINT('',(0.6249999934057,3.074999999996,0.));
#14988=CARTESIAN_POINT('Origin',(0.6249999934334,2.949999999996,0.));
#14989=CARTESIAN_POINT('',(-0.07499999997159,3.074999999999,0.));
#14990=CARTESIAN_POINT('',(0.6249999934242,3.074999999998,0.));
#14991=CARTESIAN_POINT('',(-0.1494620393964,3.040251051334,0.));
#14992=CARTESIAN_POINT('',(-0.1494620393964,3.040251051334,0.));
#14993=CARTESIAN_POINT('',(-0.1494620393964,2.990291255002,0.));
#14994=CARTESIAN_POINT('',(-0.1494620393964,2.990291255002,0.));
#14995=CARTESIAN_POINT('',(-0.1073188656992,2.990291255002,0.));
#14996=CARTESIAN_POINT('',(-0.1494620393964,2.990291255002,0.));
#14997=CARTESIAN_POINT('',(-0.1073188656992,2.910291255004,0.));
#14998=CARTESIAN_POINT('',(-0.1073188656992,2.990291255002,0.));
#14999=CARTESIAN_POINT('',(-0.1073188656992,2.910291255004,0.));
#15000=CARTESIAN_POINT('Origin',(-0.1494620393964,-0.4356926614987,-0.125));
#15001=CARTESIAN_POINT('',(-0.1494620393964,2.910291255004,0.1));
#15002=CARTESIAN_POINT('',(-0.1494620393964,2.910291255004,0.1));
#15003=CARTESIAN_POINT('',(-0.1494620393964,2.990291255002,0.1));
#15004=CARTESIAN_POINT('',(-0.1494620393964,2.910291255004,0.1));
#15005=CARTESIAN_POINT('',(-0.1494620393964,2.990291255002,0.1));
#15006=CARTESIAN_POINT('',(-0.1494620393964,3.040251051334,-0.1));
#15007=CARTESIAN_POINT('',(-0.1494620393964,3.040251051334,0.));
#15008=CARTESIAN_POINT('',(-0.1494620393964,2.85974895173,-0.1));
#15009=CARTESIAN_POINT('',(-0.1494620393964,2.85974895173,-0.1));
#15010=CARTESIAN_POINT('',(-0.1494620393964,2.85974895173,-0.1));
#15011=CARTESIAN_POINT('Origin',(-0.149999999976,2.860000000001,0.));
#15012=CARTESIAN_POINT('',(-0.07499999997889,2.824999999994,-0.1));
#15013=CARTESIAN_POINT('',(-0.07499999997889,2.824999999994,-0.1));
#15014=CARTESIAN_POINT('',(-0.0749999999789,2.824999999993,0.));
#15015=CARTESIAN_POINT('Origin',(-0.0749999999789,2.824999999993,0.));
#15016=CARTESIAN_POINT('',(0.6249999934346,2.824999999996,-0.1));
#15017=CARTESIAN_POINT('',(-0.07499999997889,2.824999999994,-0.1));
#15018=CARTESIAN_POINT('',(0.6249999934242,2.824999999994,0.));
#15019=CARTESIAN_POINT('Origin',(0.6249999934334,2.949999999996,0.));
#15020=CARTESIAN_POINT('',(0.6249999934347,3.074999999996,-0.1));
#15021=CARTESIAN_POINT('Origin',(0.6249999934334,2.949999999996,-0.1));
#15022=CARTESIAN_POINT('',(0.6249999934338,3.074999999997,-0.1));
#15023=CARTESIAN_POINT('Origin',(0.,3.074999999999,0.));
#15024=CARTESIAN_POINT('',(-0.0749999999789,3.074999999997,-0.1));
#15025=CARTESIAN_POINT('',(0.6249999934338,3.074999999997,-0.1));
#15026=CARTESIAN_POINT('',(-0.0749999999789,3.074999999997,-0.1));
#15027=CARTESIAN_POINT('Origin',(-0.1500000065971,3.039999999996,0.));
#15028=CARTESIAN_POINT('',(-0.1494620393964,3.040251051334,-0.1));
#15029=CARTESIAN_POINT('Origin',(0.2680778933964,2.950000000312,-0.1));
#15030=CARTESIAN_POINT('Origin',(-0.09020335781315,2.990291255002,0.1));
#15031=CARTESIAN_POINT('',(-0.1073188656992,2.990291255002,0.1));
#15032=CARTESIAN_POINT('',(-0.1073188656992,2.990291255002,0.1));
#15033=CARTESIAN_POINT('',(-0.1073188656992,2.990291255002,0.1));
#15034=CARTESIAN_POINT('Origin',(-0.1073188656992,3.162200113973,0.1));
#15035=CARTESIAN_POINT('',(-0.1073188656992,2.910291255004,0.1));
#15036=CARTESIAN_POINT('',(-0.1073188656992,2.910291255004,0.1));
#15037=CARTESIAN_POINT('',(-0.1073188656992,2.910291255004,0.1));
#15038=CARTESIAN_POINT('Origin',(-0.2252033578225,2.910291255004,0.1));
#15039=CARTESIAN_POINT('',(-0.1073188656992,2.910291255004,0.1));
#15040=CARTESIAN_POINT('Origin',(0.5195202005927,2.915269065203,0.1));
#15041=CARTESIAN_POINT('',(0.,0.,0.));
#15042=CARTESIAN_POINT('Origin',(2.525000000021,3.849999999995,0.));
#15043=CARTESIAN_POINT('',(2.425000000021,3.849999999995,0.));
#15044=CARTESIAN_POINT('',(2.525000000021,3.949999999995,0.));
#15045=CARTESIAN_POINT('Origin',(2.525000000021,3.849999999995,0.));
#15046=CARTESIAN_POINT('',(2.525000000043,3.949999999995,-0.1));
#15047=CARTESIAN_POINT('',(2.525000000021,3.949999999995,0.));
#15048=CARTESIAN_POINT('',(2.425000000021,3.849999999995,-0.1));
#15049=CARTESIAN_POINT('Origin',(2.525000000021,3.849999999995,-0.1));
#15050=CARTESIAN_POINT('',(2.425000000021,3.849999999995,-0.1));
#15051=CARTESIAN_POINT('Origin',(2.882027342681,3.759697322363,0.));
#15052=CARTESIAN_POINT('',(3.350537960604,3.610000002536,0.));
#15053=CARTESIAN_POINT('',(3.350537960604,3.660291256548,0.));
#15054=CARTESIAN_POINT('',(3.350537960604,3.610000002536,0.));
#15055=CARTESIAN_POINT('',(3.297321595629,3.660291256548,0.));
#15056=CARTESIAN_POINT('',(3.350537960604,3.660291256548,0.));
#15057=CARTESIAN_POINT('',(3.297321595629,3.740291256546,0.));
#15058=CARTESIAN_POINT('',(3.297321595629,3.660291256548,0.));
#15059=CARTESIAN_POINT('',(3.350537960604,3.740291256546,0.));
#15060=CARTESIAN_POINT('',(3.297321595629,3.740291256546,0.));
#15061=CARTESIAN_POINT('',(3.350537960604,3.789999999996,0.));
#15062=CARTESIAN_POINT('',(3.350537960604,3.740291256546,0.));
#15063=CARTESIAN_POINT('',(3.350000000028,3.789999999996,0.));
#15064=CARTESIAN_POINT('',(3.350000000028,3.789999999996,0.));
#15065=CARTESIAN_POINT('',(3.275000000028,3.824999999997,0.));
#15066=CARTESIAN_POINT('',(3.275000000028,3.824999999997,0.));
#15067=CARTESIAN_POINT('',(3.150000000023,3.824999999997,0.));
#15068=CARTESIAN_POINT('',(3.275000000028,3.824999999997,0.));
#15069=CARTESIAN_POINT('',(3.150000000023,3.949999999995,0.));
#15070=CARTESIAN_POINT('',(3.150000000023,3.949999999995,0.));
#15071=CARTESIAN_POINT('',(3.150000000023,3.949999999995,0.));
#15072=CARTESIAN_POINT('',(2.425000000021,3.674999999995,0.));
#15073=CARTESIAN_POINT('',(2.425000000021,3.849999999995,0.));
#15074=CARTESIAN_POINT('',(2.524999999972,3.574999999996,0.));
#15075=CARTESIAN_POINT('Origin',(2.525000000023,3.674999999999,0.));
#15076=CARTESIAN_POINT('',(3.274999993409,3.575000000001,0.));
#15077=CARTESIAN_POINT('',(2.525000000006,3.574999999999,0.));
#15078=CARTESIAN_POINT('',(3.349999998842,3.610000002536,0.));
#15079=CARTESIAN_POINT('',(3.349999998842,3.610000002536,0.));
#15080=CARTESIAN_POINT('',(3.349999998842,3.610000002536,0.));
#15081=CARTESIAN_POINT('Origin',(3.350537960604,4.064307338501,-0.125));
#15082=CARTESIAN_POINT('',(3.350537960604,3.610000002536,-0.1));
#15083=CARTESIAN_POINT('',(3.350537960604,3.789999999996,-0.1));
#15084=CARTESIAN_POINT('',(3.350537960604,3.610000002536,-0.1));
#15085=CARTESIAN_POINT('',(3.350537960604,3.789999999996,-0.1));
#15086=CARTESIAN_POINT('',(3.350537960604,3.740291256546,0.1));
#15087=CARTESIAN_POINT('',(3.350537960604,3.740291256546,0.1));
#15088=CARTESIAN_POINT('',(3.350537960604,3.660291256548,0.1));
#15089=CARTESIAN_POINT('',(3.350537960604,3.660291256548,0.1));
#15090=CARTESIAN_POINT('',(3.350537960604,3.660291256548,0.1));
#15091=CARTESIAN_POINT('',(3.350537960604,3.610000002536,0.));
#15092=CARTESIAN_POINT('Origin',(2.882027342681,3.759697322363,-0.1));
#15093=CARTESIAN_POINT('',(3.349999998842,3.610000002536,-0.1));
#15094=CARTESIAN_POINT('',(3.349999998842,3.610000002536,-0.1));
#15095=CARTESIAN_POINT('',(3.27499999937155,3.57500000112754,-0.1));
#15096=CARTESIAN_POINT('',(3.349999998842,3.610000002536,-0.1));
#15097=CARTESIAN_POINT('',(2.525000000023,3.574999999997,-0.1));
#15098=CARTESIAN_POINT('',(2.525000000023,3.574999999997,-0.1));
#15099=CARTESIAN_POINT('',(2.425000000021,3.674999999993,-0.1));
#15100=CARTESIAN_POINT('Origin',(2.525000000023,3.674999999999,-0.1));
#15101=CARTESIAN_POINT('',(2.425000000021,3.849999999995,-0.1));
#15102=CARTESIAN_POINT('',(3.150000000023,3.949999999996,-0.1));
#15103=CARTESIAN_POINT('',(3.150000000023,3.949999999996,-0.1));
#15104=CARTESIAN_POINT('',(3.150000000023,3.824999999996,-0.1));
#15105=CARTESIAN_POINT('',(3.150000000023,3.824999999996,-0.1));
#15106=CARTESIAN_POINT('',(3.275000000031,3.824999999996,-0.1));
#15107=CARTESIAN_POINT('',(3.275000000031,3.824999999996,-0.1));
#15108=CARTESIAN_POINT('',(3.350000000028,3.789999999996,-0.1));
#15109=CARTESIAN_POINT('',(3.275000000031,3.824999999996,-0.1));
#15110=CARTESIAN_POINT('',(3.350000000028,3.789999999996,-0.1));
#15111=CARTESIAN_POINT('Origin',(3.350000000028,3.789999999996,-0.1));
#15112=CARTESIAN_POINT('',(3.350000000028,3.789999999996,0.));
#15113=CARTESIAN_POINT('Origin',(3.275000000031,3.824999999996,0.));
#15114=CARTESIAN_POINT('',(3.275000000028,3.824999999997,0.));
#15115=CARTESIAN_POINT('Origin',(3.274999993409,3.824999999997,0.));
#15116=CARTESIAN_POINT('',(3.150000000023,3.824999999996,-0.1));
#15117=CARTESIAN_POINT('Origin',(3.150000000023,3.949999999996,0.));
#15118=CARTESIAN_POINT('',(3.150000000023,3.949999999996,-0.1));
#15119=CARTESIAN_POINT('Origin',(3.199999993412,3.949999999995,0.));
#15120=CARTESIAN_POINT('Origin',(2.425000000021,4.049999999997,0.));
#15121=CARTESIAN_POINT('',(2.425000000021,3.674999999995,0.));
#15122=CARTESIAN_POINT('Origin',(2.525000000023,3.674999999999,0.));
#15123=CARTESIAN_POINT('',(2.525000000023,3.574999999997,-0.1));
#15124=CARTESIAN_POINT('Origin',(3.199999993412,3.575000000001,0.));
#15125=CARTESIAN_POINT('',(3.274999999635,3.575000000844,-0.1));
#15126=CARTESIAN_POINT('Origin',(3.274999993409,3.575000000001,0.));
#15127=CARTESIAN_POINT('',(3.349999998842,3.610000002536,0.));
#15128=CARTESIAN_POINT('Origin',(3.350000000028,3.610000002536,0.));
#15129=CARTESIAN_POINT('Origin',(3.289796632289,3.660291256548,0.1));
#15130=CARTESIAN_POINT('',(3.297321595629,3.660291256548,0.1));
#15131=CARTESIAN_POINT('',(3.297321595629,3.660291256548,0.1));
#15132=CARTESIAN_POINT('',(3.297321595629,3.660291256548,0.1));
#15133=CARTESIAN_POINT('Origin',(3.297321595629,3.068088767976,0.1));
#15134=CARTESIAN_POINT('',(3.297321595629,3.740291256546,0.1));
#15135=CARTESIAN_POINT('',(3.297321595629,3.740291256546,0.1));
#15136=CARTESIAN_POINT('',(3.297321595629,3.660291256548,0.1));
#15137=CARTESIAN_POINT('Origin',(3.424796632298,3.740291256546,0.1));
#15138=CARTESIAN_POINT('',(3.297321595629,3.740291256546,0.1));
#15139=CARTESIAN_POINT('Origin',(2.658968362031,3.573652172269,0.1));
#15140=CARTESIAN_POINT('',(0.,0.,0.));
#15141=CARTESIAN_POINT('Origin',(1.608392434932,3.322753523265,0.1));
#15142=CARTESIAN_POINT('',(1.559796638903,4.064307338501,0.1));
#15143=CARTESIAN_POINT('',(1.639796638901,4.064307338501,0.1));
#15144=CARTESIAN_POINT('',(1.559796638903,4.064307338501,0.1));
#15145=CARTESIAN_POINT('',(1.559796638903,4.003151791042,0.1));
#15146=CARTESIAN_POINT('',(1.559796638903,4.003151791042,0.1));
#15147=CARTESIAN_POINT('',(1.639796638901,4.003151791042,0.1));
#15148=CARTESIAN_POINT('',(1.559796638903,4.003151791042,0.1));
#15149=CARTESIAN_POINT('',(1.639796638901,4.003151791042,0.1));
#15150=CARTESIAN_POINT('Origin',(-0.1494620393964,4.064307338501,-0.125));
#15151=CARTESIAN_POINT('',(1.510000000035,4.064307338501,0.));
#15152=CARTESIAN_POINT('',(1.559796638903,4.064307338501,0.));
#15153=CARTESIAN_POINT('',(1.510000000035,4.064307338501,0.));
#15154=CARTESIAN_POINT('',(1.559796638903,4.064307338501,0.1));
#15155=CARTESIAN_POINT('',(1.639796638901,4.064307338501,0.));
#15156=CARTESIAN_POINT('',(1.639796638901,4.064307338501,0.1));
#15157=CARTESIAN_POINT('',(1.690000000017,4.064307338501,0.));
#15158=CARTESIAN_POINT('',(1.639796638901,4.064307338501,0.));
#15159=CARTESIAN_POINT('',(1.690000000017,4.064307338501,-0.1));
#15160=CARTESIAN_POINT('',(1.690000000017,4.064307338501,0.));
#15161=CARTESIAN_POINT('',(1.510000000035,4.064307338501,-0.1));
#15162=CARTESIAN_POINT('',(1.510000000035,4.064307338501,-0.1));
#15163=CARTESIAN_POINT('',(1.510000000035,4.064307338501,-0.1));
#15164=CARTESIAN_POINT('Origin',(1.600000000017,3.411642263001,0.));
#15165=CARTESIAN_POINT('',(1.510000000035,4.050000000001,0.));
#15166=CARTESIAN_POINT('',(1.510000000035,4.050000000001,0.));
#15167=CARTESIAN_POINT('',(1.450000000023,3.974999999998,0.));
#15168=CARTESIAN_POINT('',(1.450000000023,3.974999999998,0.));
#15169=CARTESIAN_POINT('',(1.450000000023,2.849999999997,0.));
#15170=CARTESIAN_POINT('',(1.450000000023,3.974999999998,0.));
#15171=CARTESIAN_POINT('',(1.750000000011,2.849999999801,0.));
#15172=CARTESIAN_POINT('Origin',(1.600000000017,2.849999999997,0.));
#15173=CARTESIAN_POINT('',(1.749999999993,3.975000000021,0.));
#15174=CARTESIAN_POINT('',(1.749999999999,2.849999999932,0.));
#15175=CARTESIAN_POINT('',(1.690000000017,4.049999999998,0.));
#15176=CARTESIAN_POINT('',(1.690000000017,4.049999999998,0.));
#15177=CARTESIAN_POINT('',(1.690000000017,4.049999999998,0.));
#15178=CARTESIAN_POINT('',(1.639796638901,4.003151791042,0.));
#15179=CARTESIAN_POINT('',(1.639796638901,4.064307338501,0.));
#15180=CARTESIAN_POINT('',(1.559796638903,4.003151791042,0.));
#15181=CARTESIAN_POINT('',(1.639796638901,4.003151791042,0.));
#15182=CARTESIAN_POINT('',(1.559796638903,4.003151791042,0.));
#15183=CARTESIAN_POINT('Origin',(1.559796638903,4.125291249949,0.1));
#15184=CARTESIAN_POINT('',(1.559796638903,4.003151791042,0.1));
#15185=CARTESIAN_POINT('Origin',(1.884108683282,4.003151791042,0.1));
#15186=CARTESIAN_POINT('',(1.639796638901,4.003151791042,0.1));
#15187=CARTESIAN_POINT('Origin',(1.639796638901,3.990291249949,0.1));
#15188=CARTESIAN_POINT('Origin',(1.690000000017,4.049999999997,0.));
#15189=CARTESIAN_POINT('',(1.690000000017,4.049999999998,-0.1));
#15190=CARTESIAN_POINT('',(1.690000000017,4.049999999998,0.));
#15191=CARTESIAN_POINT('',(1.690000000017,4.049999999998,-0.1));
#15192=CARTESIAN_POINT('Origin',(1.600000000017,3.411642263001,-0.1));
#15193=CARTESIAN_POINT('',(1.750000000005,3.974999999998,-0.1));
#15194=CARTESIAN_POINT('',(1.690000000017,4.049999999998,-0.1));
#15195=CARTESIAN_POINT('',(1.750000000011,2.849999999997,-0.1));
#15196=CARTESIAN_POINT('',(1.750000000005,2.849999999997,-0.1));
#15197=CARTESIAN_POINT('',(1.450000000023,2.849999999997,-0.1));
#15198=CARTESIAN_POINT('Origin',(1.600000000017,2.849999999997,-0.1));
#15199=CARTESIAN_POINT('',(1.450000000023,3.974999999998,-0.1));
#15200=CARTESIAN_POINT('',(1.450000000023,3.974999999998,-0.1));
#15201=CARTESIAN_POINT('',(1.510000000035,4.050000000001,-0.1));
#15202=CARTESIAN_POINT('',(1.450000000023,3.974999999998,-0.1));
#15203=CARTESIAN_POINT('',(1.510000000035,4.050000000001,-0.1));
#15204=CARTESIAN_POINT('Origin',(1.510000000035,4.049999999997,-0.1));
#15205=CARTESIAN_POINT('',(1.510000000035,4.050000000001,0.));
#15206=CARTESIAN_POINT('Origin',(1.450000000023,3.974999999998,0.));
#15207=CARTESIAN_POINT('',(1.450000000023,3.974999999998,0.));
#15208=CARTESIAN_POINT('Origin',(1.450000000023,3.975,0.));
#15209=CARTESIAN_POINT('',(1.450000000023,2.849999999997,0.));
#15210=CARTESIAN_POINT('Origin',(1.600000000017,2.849999999997,0.));
#15211=CARTESIAN_POINT('',(1.750000000005,2.849999999997,-0.1));
#15212=CARTESIAN_POINT('Origin',(1.749999999993,3.900000000003,0.));
#15213=CARTESIAN_POINT('',(1.750000000005,3.974999999998,-0.1));
#15214=CARTESIAN_POINT('Origin',(1.690000000017,4.049999999998,0.));
#15215=CARTESIAN_POINT('',(0.,0.,0.));
#15216=CARTESIAN_POINT('Origin',(3.350537960604,4.064307338501,-0.125));
#15217=CARTESIAN_POINT('',(3.350537960604,2.359999999998,0.));
#15218=CARTESIAN_POINT('',(3.350537960604,2.410291255002,0.));
#15219=CARTESIAN_POINT('',(3.350537960604,2.359999999998,0.));
#15220=CARTESIAN_POINT('',(3.350537960604,2.359999999998,-0.1));
#15221=CARTESIAN_POINT('',(3.350537960604,2.359999999998,0.));
#15222=CARTESIAN_POINT('',(3.350537960604,2.539999999996,-0.1));
#15223=CARTESIAN_POINT('',(3.350537960604,2.359999999998,-0.1));
#15224=CARTESIAN_POINT('',(3.350537960604,2.539999999996,0.));
#15225=CARTESIAN_POINT('',(3.350537960604,2.539999999996,-0.1));
#15226=CARTESIAN_POINT('',(3.350537960604,2.490291255005,0.));
#15227=CARTESIAN_POINT('',(3.350537960604,2.490291255005,0.));
#15228=CARTESIAN_POINT('',(3.350537960604,2.490291255005,0.1));
#15229=CARTESIAN_POINT('',(3.350537960604,2.490291255005,0.1));
#15230=CARTESIAN_POINT('',(3.350537960604,2.410291255002,0.1));
#15231=CARTESIAN_POINT('',(3.350537960604,2.490291255005,0.1));
#15232=CARTESIAN_POINT('',(3.350537960604,2.410291255002,0.1));
#15233=CARTESIAN_POINT('Origin',(2.931920654212,2.449999999996,0.));
#15234=CARTESIAN_POINT('',(3.300504752449,2.410291255002,0.));
#15235=CARTESIAN_POINT('',(3.300504752449,2.410291255002,0.));
#15236=CARTESIAN_POINT('',(3.300504752449,2.490291255005,0.));
#15237=CARTESIAN_POINT('',(3.300504752449,2.410291255002,0.));
#15238=CARTESIAN_POINT('',(3.300504752449,2.490291255005,0.));
#15239=CARTESIAN_POINT('',(3.350000000035,2.539999999996,0.));
#15240=CARTESIAN_POINT('',(3.350000000035,2.539999999996,0.));
#15241=CARTESIAN_POINT('',(3.275000000031,2.574999999997,0.));
#15242=CARTESIAN_POINT('',(3.275000000031,2.574999999997,0.));
#15243=CARTESIAN_POINT('',(2.575000006627,2.574999999996,0.));
#15244=CARTESIAN_POINT('',(3.275000000031,2.574999999997,0.));
#15245=CARTESIAN_POINT('',(2.57500000658,2.324999999996,0.));
#15246=CARTESIAN_POINT('Origin',(2.575000006618,2.449999999996,0.));
#15247=CARTESIAN_POINT('',(3.275000000031,2.325000000001,0.));
#15248=CARTESIAN_POINT('',(2.575000006605,2.324999999999,0.));
#15249=CARTESIAN_POINT('',(3.350000000027,2.359999999998,0.));
#15250=CARTESIAN_POINT('',(3.350000000027,2.359999999998,0.));
#15251=CARTESIAN_POINT('',(3.350000000027,2.359999999998,0.));
#15252=CARTESIAN_POINT('Origin',(3.350000000028,2.359999999998,0.));
#15253=CARTESIAN_POINT('',(3.350000000027,2.359999999998,-0.1));
#15254=CARTESIAN_POINT('',(3.350000000027,2.359999999998,-0.1));
#15255=CARTESIAN_POINT('',(3.350000000027,2.359999999998,-0.1));
#15256=CARTESIAN_POINT('Origin',(2.931920654212,2.449999999996,-0.1));
#15257=CARTESIAN_POINT('',(3.27500000003,2.324999999999,-0.1));
#15258=CARTESIAN_POINT('',(3.350000000027,2.359999999998,-0.1));
#15259=CARTESIAN_POINT('',(2.575000006617,2.324999999996,-0.1));
#15260=CARTESIAN_POINT('',(2.575000006618,2.324999999998,-0.1));
#15261=CARTESIAN_POINT('',(2.575000006617,2.574999999996,-0.1));
#15262=CARTESIAN_POINT('Origin',(2.575000006618,2.449999999996,-0.1));
#15263=CARTESIAN_POINT('',(3.275000000031,2.574999999997,-0.1));
#15264=CARTESIAN_POINT('',(3.275000000031,2.574999999997,-0.1));
#15265=CARTESIAN_POINT('',(3.350000000035,2.539999999996,-0.1));
#15266=CARTESIAN_POINT('',(3.275000000031,2.574999999997,-0.1));
#15267=CARTESIAN_POINT('',(3.350000000035,2.539999999996,-0.1));
#15268=CARTESIAN_POINT('Origin',(3.350000000028,2.539999999996,-0.1));
#15269=CARTESIAN_POINT('',(3.350000000035,2.539999999996,-0.1));
#15270=CARTESIAN_POINT('Origin',(3.350000000028,2.539999999999,0.));
#15271=CARTESIAN_POINT('',(3.275000000031,2.574999999997,-0.1));
#15272=CARTESIAN_POINT('Origin',(3.275000000031,2.574999999997,0.));
#15273=CARTESIAN_POINT('',(2.575000006621,2.574999999997,0.));
#15274=CARTESIAN_POINT('Origin',(2.575000006618,2.449999999996,0.));
#15275=CARTESIAN_POINT('',(2.575000006618,2.324999999998,-0.1));
#15276=CARTESIAN_POINT('Origin',(3.199999993412,2.325000000001,0.));
#15277=CARTESIAN_POINT('',(3.27500000003,2.324999999999,-0.1));
#15278=CARTESIAN_POINT('Origin',(3.275000000031,2.325000000001,0.));
#15279=CARTESIAN_POINT('Origin',(3.424796635609,2.490291255005,0.1));
#15280=CARTESIAN_POINT('',(3.300504752449,2.490291255005,0.1));
#15281=CARTESIAN_POINT('',(3.300504752449,2.490291255005,0.1));
#15282=CARTESIAN_POINT('',(3.350537960604,2.490291255005,0.1));
#15283=CARTESIAN_POINT('Origin',(2.63963401506,1.291774448949,0.1));
#15284=CARTESIAN_POINT('',(3.300504752449,2.410291255002,0.1));
#15285=CARTESIAN_POINT('',(3.300504752449,2.490291255005,0.1));
#15286=CARTESIAN_POINT('',(3.300504752449,2.410291255002,0.1));
#15287=CARTESIAN_POINT('Origin',(3.289796635599,2.410291255002,0.1));
#15288=CARTESIAN_POINT('',(3.300504752449,2.410291255002,0.1));
#15289=CARTESIAN_POINT('Origin',(3.300504752449,-0.2873010137906,0.1));
#15290=CARTESIAN_POINT('Origin',(3.275000000031,0.625,0.));
#15291=CARTESIAN_POINT('',(3.275000000031,0.625,0.));
#15292=CARTESIAN_POINT('',(3.350000000028,0.5900000000003,0.));
#15293=CARTESIAN_POINT('',(3.275000000031,0.625,0.));
#15294=CARTESIAN_POINT('',(3.350000000028,0.5900000000003,-0.1));
#15295=CARTESIAN_POINT('',(3.350000000028,0.5900000000003,0.));
#15296=CARTESIAN_POINT('',(3.275000000031,0.625,-0.1));
#15297=CARTESIAN_POINT('',(3.275000000031,0.625,-0.1));
#15298=CARTESIAN_POINT('',(3.275000000031,0.625,0.));
#15299=CARTESIAN_POINT('Origin',(2.931920654212,2.449999999996,0.));
#15300=CARTESIAN_POINT('',(3.350537960604,-0.08999999746285,0.));
#15301=CARTESIAN_POINT('',(3.350537960604,-0.03970874344617,0.));
#15302=CARTESIAN_POINT('',(3.350537960604,-0.08999999746285,0.));
#15303=CARTESIAN_POINT('',(3.300504752449,-0.03970874344617,0.));
#15304=CARTESIAN_POINT('',(3.350537960604,-0.03970874344617,0.));
#15305=CARTESIAN_POINT('',(3.300504752449,0.04029125655649,0.));
#15306=CARTESIAN_POINT('',(3.300504752449,-0.03970874344617,0.));
#15307=CARTESIAN_POINT('',(3.350537960604,0.04029125655649,0.));
#15308=CARTESIAN_POINT('',(3.300504752449,0.04029125655649,0.));
#15309=CARTESIAN_POINT('',(3.350537960604,0.09000000000015,0.));
#15310=CARTESIAN_POINT('',(3.350537960604,0.04029125655649,0.));
#15311=CARTESIAN_POINT('',(3.350000000028,0.09000000000015,0.));
#15312=CARTESIAN_POINT('',(3.350000000028,0.09000000000015,0.));
#15313=CARTESIAN_POINT('',(3.275000000034,0.1249999999982,0.));
#15314=CARTESIAN_POINT('',(3.275000000034,0.1249999999982,0.));
#15315=CARTESIAN_POINT('',(3.150000000023,0.1249999999982,0.));
#15316=CARTESIAN_POINT('',(3.275000000034,0.1249999999982,0.));
#15317=CARTESIAN_POINT('',(3.150000000023,0.3750000000036,0.));
#15318=CARTESIAN_POINT('',(3.150000000023,0.3750000000036,0.));
#15319=CARTESIAN_POINT('',(3.275000000038,0.3750000000036,0.));
#15320=CARTESIAN_POINT('',(3.150000000023,0.3750000000036,0.));
#15321=CARTESIAN_POINT('',(3.350000000028,0.41,0.));
#15322=CARTESIAN_POINT('',(3.350000000028,0.41,0.));
#15323=CARTESIAN_POINT('',(3.350537960604,0.41,0.));
#15324=CARTESIAN_POINT('',(3.350000000028,0.41,0.));
#15325=CARTESIAN_POINT('',(3.350537960604,0.4602912565511,0.));
#15326=CARTESIAN_POINT('',(3.350537960604,0.41,0.));
#15327=CARTESIAN_POINT('',(3.300504752449,0.4602912565511,0.));
#15328=CARTESIAN_POINT('',(3.350537960604,0.4602912565511,0.));
#15329=CARTESIAN_POINT('',(3.300504752449,0.5402912565538,0.));
#15330=CARTESIAN_POINT('',(3.300504752449,0.4602912565511,0.));
#15331=CARTESIAN_POINT('',(3.350537960604,0.5402912565538,0.));
#15332=CARTESIAN_POINT('',(3.300504752449,0.5402912565538,0.));
#15333=CARTESIAN_POINT('',(3.350537960604,0.5900000000003,0.));
#15334=CARTESIAN_POINT('',(3.350537960604,0.5402912565538,0.));
#15335=CARTESIAN_POINT('',(3.350000000028,0.5900000000003,0.));
#15336=CARTESIAN_POINT('',(3.150000000023,0.625,0.));
#15337=CARTESIAN_POINT('',(3.275000000031,0.625,0.));
#15338=CARTESIAN_POINT('',(3.150000000023,0.8749999999964,0.));
#15339=CARTESIAN_POINT('',(3.150000000023,0.8749999999964,0.));
#15340=CARTESIAN_POINT('',(3.275000000023,0.8749999999964,0.));
#15341=CARTESIAN_POINT('',(3.150000000023,0.8749999999964,0.));
#15342=CARTESIAN_POINT('',(3.350000000028,0.9100000000001,0.));
#15343=CARTESIAN_POINT('',(3.350000000028,0.9100000000001,0.));
#15344=CARTESIAN_POINT('',(3.350537960604,0.9100000000001,0.));
#15345=CARTESIAN_POINT('',(3.350000000028,0.9100000000001,0.));
#15346=CARTESIAN_POINT('',(3.350537960604,0.9602912565529,0.));
#15347=CARTESIAN_POINT('',(3.350537960604,0.9100000000001,0.));
#15348=CARTESIAN_POINT('',(3.300504752449,0.9602912565529,0.));
#15349=CARTESIAN_POINT('',(3.300504752449,0.9602912565529,0.));
#15350=CARTESIAN_POINT('',(3.300504752449,1.040291256551,0.));
#15351=CARTESIAN_POINT('',(3.300504752449,0.9602912565529,0.));
#15352=CARTESIAN_POINT('',(3.350537960604,1.040291256551,0.));
#15353=CARTESIAN_POINT('',(3.300504752449,1.040291256551,0.));
#15354=CARTESIAN_POINT('',(3.350537960604,1.09,0.));
#15355=CARTESIAN_POINT('',(3.350537960604,1.040291256551,0.));
#15356=CARTESIAN_POINT('',(3.350000000028,1.09,0.));
#15357=CARTESIAN_POINT('',(3.350000000028,1.09,0.));
#15358=CARTESIAN_POINT('',(3.275000000027,1.125000000002,0.));
#15359=CARTESIAN_POINT('',(3.275000000027,1.125000000002,0.));
#15360=CARTESIAN_POINT('',(3.150000000023,1.125000000002,0.));
#15361=CARTESIAN_POINT('',(3.275000000027,1.125000000002,0.));
#15362=CARTESIAN_POINT('',(3.150000000023,1.374999999998,0.));
#15363=CARTESIAN_POINT('',(3.150000000023,1.374999999998,0.));
#15364=CARTESIAN_POINT('',(3.275000000027,1.374999999998,0.));
#15365=CARTESIAN_POINT('',(3.150000000023,1.374999999998,0.));
#15366=CARTESIAN_POINT('',(3.350000000028,1.41,0.));
#15367=CARTESIAN_POINT('',(3.350000000028,1.41,0.));
#15368=CARTESIAN_POINT('',(3.350537960604,1.41,0.));
#15369=CARTESIAN_POINT('',(3.350000000028,1.41,0.));
#15370=CARTESIAN_POINT('',(3.350537960604,1.460291256555,0.));
#15371=CARTESIAN_POINT('',(3.350537960604,1.41,0.));
#15372=CARTESIAN_POINT('',(3.300504752449,1.460291256555,0.));
#15373=CARTESIAN_POINT('',(3.350537960604,1.460291256555,0.));
#15374=CARTESIAN_POINT('',(3.300504752449,1.540291256553,0.));
#15375=CARTESIAN_POINT('',(3.300504752449,1.460291256555,0.));
#15376=CARTESIAN_POINT('',(3.350537960604,1.540291256553,0.));
#15377=CARTESIAN_POINT('',(3.300504752449,1.540291256553,0.));
#15378=CARTESIAN_POINT('',(3.350537960604,1.59,0.));
#15379=CARTESIAN_POINT('',(3.350537960604,1.540291256553,0.));
#15380=CARTESIAN_POINT('',(3.349999993414,1.59,0.));
#15381=CARTESIAN_POINT('',(3.349999993414,1.59,0.));
#15382=CARTESIAN_POINT('',(3.274999993409,1.625000000004,0.));
#15383=CARTESIAN_POINT('',(3.274999993409,1.625000000004,0.));
#15384=CARTESIAN_POINT('',(3.150000000023,1.625000000004,0.));
#15385=CARTESIAN_POINT('',(3.274999993409,1.625000000004,0.));
#15386=CARTESIAN_POINT('',(3.149959484326,1.824906848609,0.));
#15387=CARTESIAN_POINT('',(3.149959484326,1.824906848609,0.));
#15388=CARTESIAN_POINT('',(2.15000000002,1.824906848609,0.));
#15389=CARTESIAN_POINT('',(2.15000000002,1.824906848609,0.));
#15390=CARTESIAN_POINT('',(2.050000000017,1.724906848615,0.));
#15391=CARTESIAN_POINT('Origin',(2.15000000002,1.724906848606,0.));
#15392=CARTESIAN_POINT('',(2.050000000021,-0.1249999999119,0.));
#15393=CARTESIAN_POINT('',(2.050000000021,-0.1249999999119,0.));
#15394=CARTESIAN_POINT('',(2.150000000117,-0.2249999999372,0.));
#15395=CARTESIAN_POINT('Origin',(2.15000000002,-0.1249999999459,0.));
#15396=CARTESIAN_POINT('',(3.150000000023,-0.2250000000004,0.));
#15397=CARTESIAN_POINT('',(3.150000000023,-0.2250000000004,0.));
#15398=CARTESIAN_POINT('',(3.150000000023,-0.1249999999982,0.));
#15399=CARTESIAN_POINT('',(3.150000000023,-0.1249999999982,0.));
#15400=CARTESIAN_POINT('',(3.274999993409,-0.1249999999982,0.));
#15401=CARTESIAN_POINT('',(3.150000000023,-0.1249999999982,0.));
#15402=CARTESIAN_POINT('',(3.349999998844,-0.08999999746285,0.));
#15403=CARTESIAN_POINT('',(3.349999998844,-0.08999999746285,0.));
#15404=CARTESIAN_POINT('',(3.349999998844,-0.08999999746285,0.));
#15405=CARTESIAN_POINT('Origin',(3.350537960604,4.064307338501,-0.125));
#15406=CARTESIAN_POINT('',(3.350537960604,-0.08999999746285,-0.1));
#15407=CARTESIAN_POINT('',(3.350537960604,-0.08999999746285,0.));
#15408=CARTESIAN_POINT('',(3.350537960604,0.09000000000015,-0.1));
#15409=CARTESIAN_POINT('',(3.350537960604,-0.08999999746285,-0.1));
#15410=CARTESIAN_POINT('',(3.350537960604,0.09000000000015,-0.1));
#15411=CARTESIAN_POINT('',(3.350537960604,0.04029125655649,0.1));
#15412=CARTESIAN_POINT('',(3.350537960604,0.04029125655649,0.1));
#15413=CARTESIAN_POINT('',(3.350537960604,-0.03970874344617,0.1));
#15414=CARTESIAN_POINT('',(3.350537960604,0.04029125655649,0.1));
#15415=CARTESIAN_POINT('',(3.350537960604,-0.03970874344617,0.1));
#15416=CARTESIAN_POINT('Origin',(3.350537960604,4.064307338501,-0.125));
#15417=CARTESIAN_POINT('',(3.350537960604,0.41,-0.1));
#15418=CARTESIAN_POINT('',(3.350537960604,0.41,0.));
#15419=CARTESIAN_POINT('',(3.350537960604,0.5900000000003,-0.1));
#15420=CARTESIAN_POINT('',(3.350537960604,0.41,-0.1));
#15421=CARTESIAN_POINT('',(3.350537960604,0.5900000000003,-0.1));
#15422=CARTESIAN_POINT('',(3.350537960604,0.5402912565538,0.1));
#15423=CARTESIAN_POINT('',(3.350537960604,0.5402912565538,0.1));
#15424=CARTESIAN_POINT('',(3.350537960604,0.4602912565511,0.1));
#15425=CARTESIAN_POINT('',(3.350537960604,0.5402912565538,0.1));
#15426=CARTESIAN_POINT('',(3.350537960604,0.4602912565511,0.1));
#15427=CARTESIAN_POINT('Origin',(3.350537960604,4.064307338501,-0.125));
#15428=CARTESIAN_POINT('',(3.350537960604,0.9100000000001,-0.1));
#15429=CARTESIAN_POINT('',(3.350537960604,0.9100000000001,0.));
#15430=CARTESIAN_POINT('',(3.350537960604,1.09,-0.1));
#15431=CARTESIAN_POINT('',(3.350537960604,0.9100000000001,-0.1));
#15432=CARTESIAN_POINT('',(3.350537960604,1.09,-0.1));
#15433=CARTESIAN_POINT('',(3.350537960604,1.040291256551,0.1));
#15434=CARTESIAN_POINT('',(3.350537960604,1.040291256551,0.1));
#15435=CARTESIAN_POINT('',(3.350537960604,0.9602912565529,0.1));
#15436=CARTESIAN_POINT('',(3.350537960604,1.040291256551,0.1));
#15437=CARTESIAN_POINT('',(3.350537960604,0.9602912565529,0.1));
#15438=CARTESIAN_POINT('Origin',(3.350537960604,4.064307338501,-0.125));
#15439=CARTESIAN_POINT('',(3.350537960604,1.41,-0.1));
#15440=CARTESIAN_POINT('',(3.350537960604,1.41,0.));
#15441=CARTESIAN_POINT('',(3.350537960604,1.59,-0.1));
#15442=CARTESIAN_POINT('',(3.350537960604,1.41,-0.1));
#15443=CARTESIAN_POINT('',(3.350537960604,1.59,-0.1));
#15444=CARTESIAN_POINT('',(3.350537960604,1.540291256553,0.1));
#15445=CARTESIAN_POINT('',(3.350537960604,1.540291256553,0.1));
#15446=CARTESIAN_POINT('',(3.350537960604,1.460291256555,0.1));
#15447=CARTESIAN_POINT('',(3.350537960604,1.540291256553,0.1));
#15448=CARTESIAN_POINT('',(3.350537960604,1.460291256555,0.1));
#15449=CARTESIAN_POINT('Origin',(3.289796632307,-0.03970874344617,0.1));
#15450=CARTESIAN_POINT('',(3.300504752449,-0.03970874344617,0.1));
#15451=CARTESIAN_POINT('',(3.300504752449,-0.03970874344617,0.1));
#15452=CARTESIAN_POINT('',(3.300504752449,-0.03970874344617,0.1));
#15453=CARTESIAN_POINT('Origin',(3.300504752449,-0.2873010137906,0.1));
#15454=CARTESIAN_POINT('',(3.300504752449,0.4602912565511,0.1));
#15455=CARTESIAN_POINT('',(3.300504752449,0.4602912565511,0.1));
#15456=CARTESIAN_POINT('',(3.300504752449,0.5402912565538,0.1));
#15457=CARTESIAN_POINT('',(3.300504752449,0.5402912565538,0.1));
#15458=CARTESIAN_POINT('',(3.300504752449,0.5402912565538,0.1));
#15459=CARTESIAN_POINT('Origin',(3.300504752449,-0.2873010137906,0.1));
#15460=CARTESIAN_POINT('',(3.300504752449,1.460291256555,0.1));
#15461=CARTESIAN_POINT('',(3.300504752449,1.460291256555,0.1));
#15462=CARTESIAN_POINT('',(3.300504752449,1.540291256553,0.1));
#15463=CARTESIAN_POINT('',(3.300504752449,1.540291256553,0.1));
#15464=CARTESIAN_POINT('',(3.300504752449,1.540291256553,0.1));
#15465=CARTESIAN_POINT('Origin',(3.300504752449,-0.2873010137906,0.1));
#15466=CARTESIAN_POINT('',(3.300504752449,1.040291256551,0.1));
#15467=CARTESIAN_POINT('',(3.300504752449,1.040291256551,0.1));
#15468=CARTESIAN_POINT('',(3.300504752449,0.9602912565529,0.1));
#15469=CARTESIAN_POINT('',(3.300504752449,0.9602912565529,0.1));
#15470=CARTESIAN_POINT('',(3.300504752449,1.040291256551,0.1));
#15471=CARTESIAN_POINT('Origin',(3.300504752449,-0.2873010137906,0.1));
#15472=CARTESIAN_POINT('',(3.300504752449,0.04029125655649,0.1));
#15473=CARTESIAN_POINT('',(3.300504752449,0.04029125655649,0.1));
#15474=CARTESIAN_POINT('',(3.300504752449,0.04029125655649,0.1));
#15475=CARTESIAN_POINT('Origin',(3.289796632307,0.4602912565511,0.1));
#15476=CARTESIAN_POINT('',(3.300504752449,0.4602912565511,0.1));
#15477=CARTESIAN_POINT('Origin',(2.63963401506,1.291774448949,0.1));
#15478=CARTESIAN_POINT('',(3.350537960604,1.540291256553,0.1));
#15479=CARTESIAN_POINT('',(3.300504752449,1.460291256555,0.1));
#15480=CARTESIAN_POINT('Origin',(2.63963401506,1.291774448949,0.1));
#15481=CARTESIAN_POINT('',(3.350537960604,1.040291256551,0.1));
#15482=CARTESIAN_POINT('',(3.300504752449,0.9602912565529,0.1));
#15483=CARTESIAN_POINT('Origin',(2.63963401506,1.291774448949,0.1));
#15484=CARTESIAN_POINT('',(3.350537960604,0.5402912565538,0.1));
#15485=CARTESIAN_POINT('Origin',(2.63963401506,1.291774448949,0.1));
#15486=CARTESIAN_POINT('',(3.300504752449,0.04029125655649,0.1));
#15487=CARTESIAN_POINT('Origin',(3.289796632307,1.460291256555,0.1));
#15488=CARTESIAN_POINT('Origin',(3.424796632316,1.540291256553,0.1));
#15489=CARTESIAN_POINT('Origin',(3.289796632307,0.9602912565529,0.1));
#15490=CARTESIAN_POINT('Origin',(3.424796632316,1.040291256551,0.1));
#15491=CARTESIAN_POINT('Origin',(3.424796632316,0.5402912565538,0.1));
#15492=CARTESIAN_POINT('Origin',(3.424796632316,0.04029125655649,0.1));
#15493=CARTESIAN_POINT('Origin',(3.350000000028,0.09000000000015,-0.1));
#15494=CARTESIAN_POINT('',(3.350000000028,0.09000000000015,-0.1));
#15495=CARTESIAN_POINT('',(3.350000000028,0.09000000000015,-0.1));
#15496=CARTESIAN_POINT('',(3.350000000028,0.09000000000015,0.));
#15497=CARTESIAN_POINT('Origin',(3.275000000031,0.1249999999999,0.));
#15498=CARTESIAN_POINT('',(3.275000000031,0.1249999999993,-0.1));
#15499=CARTESIAN_POINT('',(3.275000000031,0.1249999999993,-0.1));
#15500=CARTESIAN_POINT('',(3.275000000034,0.1249999999982,0.));
#15501=CARTESIAN_POINT('Origin',(3.274999993409,0.1249999999982,0.));
#15502=CARTESIAN_POINT('',(3.150000000023,0.1249999999993,-0.1));
#15503=CARTESIAN_POINT('',(3.275000000031,0.1249999999993,-0.1));
#15504=CARTESIAN_POINT('',(3.150000000023,0.1249999999993,-0.1));
#15505=CARTESIAN_POINT('Origin',(3.150000000023,0.3749999999997,0.));
#15506=CARTESIAN_POINT('',(3.150000000023,0.375000000001,-0.1));
#15507=CARTESIAN_POINT('',(3.150000000023,0.1249999999993,-0.1));
#15508=CARTESIAN_POINT('',(3.150000000023,0.375000000001,-0.1));
#15509=CARTESIAN_POINT('Origin',(3.200000000015,0.3750000000036,0.));
#15510=CARTESIAN_POINT('',(3.275000000031,0.3750000000014,-0.1));
#15511=CARTESIAN_POINT('',(3.150000000023,0.375000000001,-0.1));
#15512=CARTESIAN_POINT('',(3.275000000031,0.3750000000014,-0.1));
#15513=CARTESIAN_POINT('Origin',(3.350000000028,0.41,0.));
#15514=CARTESIAN_POINT('',(3.350000000028,0.41,-0.1));
#15515=CARTESIAN_POINT('',(3.350000000028,0.41,-0.1));
#15516=CARTESIAN_POINT('',(3.350000000028,0.41,0.));
#15517=CARTESIAN_POINT('Origin',(3.350000000028,0.41,0.));
#15518=CARTESIAN_POINT('',(3.350000000028,0.41,-0.1));
#15519=CARTESIAN_POINT('Origin',(2.754732588769,0.7907638074896,-0.1));
#15520=CARTESIAN_POINT('',(3.349999998844,-0.08999999746285,-0.1));
#15521=CARTESIAN_POINT('',(3.349999998844,-0.08999999746285,-0.1));
#15522=CARTESIAN_POINT('',(3.27499999937275,-0.124999998870703,-0.1));
#15523=CARTESIAN_POINT('',(3.349999998844,-0.08999999746285,-0.1));
#15524=CARTESIAN_POINT('',(3.150000000023,-0.1249999999997,-0.1));
#15525=CARTESIAN_POINT('',(3.150000000023,-0.1249999999997,-0.1));
#15526=CARTESIAN_POINT('',(3.150000000023,-0.2250000000004,-0.1));
#15527=CARTESIAN_POINT('',(3.150000000023,-0.2250000000004,-0.1));
#15528=CARTESIAN_POINT('',(2.150000000116,-0.2249999999372,-0.1));
#15529=CARTESIAN_POINT('',(2.150000000052,-0.2249999999444,-0.1));
#15530=CARTESIAN_POINT('',(2.050000000021,-0.124999999912,-0.1));
#15531=CARTESIAN_POINT('Origin',(2.15000000002,-0.1249999999459,-0.1));
#15532=CARTESIAN_POINT('',(2.050000000017,1.724906848615,-0.1));
#15533=CARTESIAN_POINT('',(2.050000000017,1.724906848611,-0.1));
#15534=CARTESIAN_POINT('',(2.15000000002,1.824906848609,-0.1));
#15535=CARTESIAN_POINT('Origin',(2.15000000002,1.724906848606,-0.1));
#15536=CARTESIAN_POINT('',(3.149959484326,1.824906848609,-0.1));
#15537=CARTESIAN_POINT('',(3.149959484326,1.824906848609,-0.1));
#15538=CARTESIAN_POINT('',(3.150000000023,1.625000000001,-0.1));
#15539=CARTESIAN_POINT('',(3.150000000023,1.625000000001,-0.1));
#15540=CARTESIAN_POINT('',(3.27499999937296,1.62499999887567,-0.1));
#15541=CARTESIAN_POINT('',(3.274999999636,1.624999999157,-0.1));
#15542=CARTESIAN_POINT('',(3.349999993414,1.59,-0.1));
#15543=CARTESIAN_POINT('',(3.274999999636,1.624999999157,-0.1));
#15544=CARTESIAN_POINT('',(3.349999993414,1.59,-0.1));
#15545=CARTESIAN_POINT('',(3.350000000028,1.41,-0.1));
#15546=CARTESIAN_POINT('',(3.350000000028,1.41,-0.1));
#15547=CARTESIAN_POINT('',(3.275000000031,1.374999999999,-0.1));
#15548=CARTESIAN_POINT('',(3.350000000028,1.41,-0.1));
#15549=CARTESIAN_POINT('',(3.150000000023,1.374999999999,-0.1));
#15550=CARTESIAN_POINT('',(3.150000000023,1.374999999999,-0.1));
#15551=CARTESIAN_POINT('',(3.150000000023,1.125,-0.1));
#15552=CARTESIAN_POINT('',(3.150000000023,1.125,-0.1));
#15553=CARTESIAN_POINT('',(3.275000000031,1.125000000001,-0.1));
#15554=CARTESIAN_POINT('',(3.275000000031,1.125000000001,-0.1));
#15555=CARTESIAN_POINT('',(3.350000000028,1.09,-0.1));
#15556=CARTESIAN_POINT('',(3.275000000031,1.125000000001,-0.1));
#15557=CARTESIAN_POINT('',(3.350000000028,1.09,-0.1));
#15558=CARTESIAN_POINT('',(3.350000000028,0.9100000000001,-0.1));
#15559=CARTESIAN_POINT('',(3.350000000028,0.9100000000001,-0.1));
#15560=CARTESIAN_POINT('',(3.275000000031,0.8749999999986,-0.1));
#15561=CARTESIAN_POINT('',(3.350000000028,0.9100000000001,-0.1));
#15562=CARTESIAN_POINT('',(3.150000000023,0.8749999999986,-0.1));
#15563=CARTESIAN_POINT('',(3.150000000023,0.8749999999986,-0.1));
#15564=CARTESIAN_POINT('',(3.150000000023,0.625,-0.1));
#15565=CARTESIAN_POINT('',(3.150000000023,0.625,-0.1));
#15566=CARTESIAN_POINT('',(3.275000000031,0.625,-0.1));
#15567=CARTESIAN_POINT('',(3.350000000028,0.5900000000003,-0.1));
#15568=CARTESIAN_POINT('Origin',(3.350000000028,0.5900000000003,-0.1));
#15569=CARTESIAN_POINT('Origin',(3.274999993409,0.625,0.));
#15570=CARTESIAN_POINT('',(3.150000000023,0.625,-0.1));
#15571=CARTESIAN_POINT('Origin',(3.150000000023,0.8749999999998,0.));
#15572=CARTESIAN_POINT('',(3.150000000023,0.8749999999986,-0.1));
#15573=CARTESIAN_POINT('Origin',(3.199999993412,0.8749999999964,0.));
#15574=CARTESIAN_POINT('',(3.275000000031,0.8749999999986,-0.1));
#15575=CARTESIAN_POINT('Origin',(3.350000000028,0.9100000000001,0.));
#15576=CARTESIAN_POINT('',(3.350000000028,0.9100000000001,0.));
#15577=CARTESIAN_POINT('Origin',(3.350000000028,0.9100000000001,0.));
#15578=CARTESIAN_POINT('Origin',(3.350000000028,1.09,-0.1));
#15579=CARTESIAN_POINT('',(3.350000000028,1.09,0.));
#15580=CARTESIAN_POINT('Origin',(3.275000000031,1.125,0.));
#15581=CARTESIAN_POINT('',(3.275000000027,1.125000000002,0.));
#15582=CARTESIAN_POINT('Origin',(3.274999993409,1.125000000002,0.));
#15583=CARTESIAN_POINT('',(3.150000000023,1.125,-0.1));
#15584=CARTESIAN_POINT('Origin',(3.150000000023,1.375,0.));
#15585=CARTESIAN_POINT('',(3.150000000023,1.374999999999,-0.1));
#15586=CARTESIAN_POINT('Origin',(3.200000000015,1.374999999998,0.));
#15587=CARTESIAN_POINT('',(3.275000000031,1.374999999999,-0.1));
#15588=CARTESIAN_POINT('Origin',(3.350000000028,1.41,0.));
#15589=CARTESIAN_POINT('',(3.350000000028,1.41,0.));
#15590=CARTESIAN_POINT('Origin',(3.350000000028,1.41,0.));
#15591=CARTESIAN_POINT('Origin',(3.350000000028,1.59,-0.1));
#15592=CARTESIAN_POINT('',(3.349999993414,1.59,-0.1));
#15593=CARTESIAN_POINT('Origin',(3.350000000028,1.589999996913,0.));
#15594=CARTESIAN_POINT('',(3.274999999636,1.624999999157,-0.1));
#15595=CARTESIAN_POINT('Origin',(3.274999993409,1.625000000004,0.));
#15596=CARTESIAN_POINT('',(3.150000000023,1.625000000001,-0.1));
#15597=CARTESIAN_POINT('Origin',(3.149959484326,1.824906848609,0.));
#15598=CARTESIAN_POINT('',(3.149959484326,1.824906848609,-0.1));
#15599=CARTESIAN_POINT('Origin',(2.15000000002,1.824906848609,0.));
#15600=CARTESIAN_POINT('',(2.15000000002,1.824906848609,0.));
#15601=CARTESIAN_POINT('Origin',(2.15000000002,1.724906848606,0.));
#15602=CARTESIAN_POINT('',(2.050000000017,1.724906848611,-0.1));
#15603=CARTESIAN_POINT('Origin',(2.050000000017,-0.1249999999442,0.));
#15604=CARTESIAN_POINT('',(2.050000000021,-0.1249999999119,0.));
#15605=CARTESIAN_POINT('Origin',(2.15000000002,-0.1249999999459,0.));
#15606=CARTESIAN_POINT('',(2.150000000052,-0.2249999999444,-0.1));
#15607=CARTESIAN_POINT('Origin',(3.150000000023,-0.2250000000004,0.));
#15608=CARTESIAN_POINT('',(3.150000000023,-0.2250000000004,-0.1));
#15609=CARTESIAN_POINT('Origin',(3.150000000023,-0.1250000000005,0.));
#15610=CARTESIAN_POINT('',(3.150000000023,-0.1249999999997,-0.1));
#15611=CARTESIAN_POINT('Origin',(3.199999993412,-0.1249999999982,0.));
#15612=CARTESIAN_POINT('',(3.274999999636,-0.1249999991531,-0.1));
#15613=CARTESIAN_POINT('Origin',(3.274999993409,-0.1249999999982,0.));
#15614=CARTESIAN_POINT('',(3.349999998844,-0.08999999746285,0.));
#15615=CARTESIAN_POINT('Origin',(3.350000000028,-0.08999999746285,0.));
#15616=CARTESIAN_POINT('Origin',(3.350537960604,-0.4356926614987,-0.125));
#15617=CARTESIAN_POINT('',(2.090000000026,-0.4356926614987,0.1));
#15618=CARTESIAN_POINT('',(2.290000000012,-0.4356926614987,0.1));
#15619=CARTESIAN_POINT('',(2.090000000026,-0.4356926614987,0.1));
#15620=CARTESIAN_POINT('',(2.090000000026,-0.4356926614987,0.));
#15621=CARTESIAN_POINT('',(2.090000000026,-0.4356926614987,0.));
#15622=CARTESIAN_POINT('',(2.290000000012,-0.4356926614987,0.));
#15623=CARTESIAN_POINT('',(2.090000000026,-0.4356926614987,0.));
#15624=CARTESIAN_POINT('',(2.290000000012,-0.4356926614987,0.));
#15625=CARTESIAN_POINT('Origin',(2.63963401506,1.291774448949,0.1));
#15626=CARTESIAN_POINT('',(2.290000000012,-0.4249999999956,0.1));
#15627=CARTESIAN_POINT('',(2.290000000012,-0.4249999999956,0.1));
#15628=CARTESIAN_POINT('',(2.325000000019,-0.3643782217296,0.1));
#15629=CARTESIAN_POINT('',(2.290000000012,-0.4249999999956,0.1));
#15630=CARTESIAN_POINT('',(2.325000000019,-0.2873010137906,0.1));
#15631=CARTESIAN_POINT('',(2.325000000019,-0.2873010137906,0.1));
#15632=CARTESIAN_POINT('',(2.050000000017,-0.2873010137906,0.1));
#15633=CARTESIAN_POINT('',(2.050000000017,-0.2873010137906,0.1));
#15634=CARTESIAN_POINT('',(2.050000000017,-0.3643782217841,0.1));
#15635=CARTESIAN_POINT('',(2.050000000017,-0.3643782217841,0.1));
#15636=CARTESIAN_POINT('',(2.090000000026,-0.4336602540843,0.1));
#15637=CARTESIAN_POINT('',(2.050000000017,-0.3643782217841,0.1));
#15638=CARTESIAN_POINT('',(2.090000000026,-0.4356926614987,0.1));
#15639=CARTESIAN_POINT('Origin',(2.090000000026,-0.4336602540843,0.));
#15640=CARTESIAN_POINT('',(2.090000000026,-0.4336602540843,0.));
#15641=CARTESIAN_POINT('',(2.090000000026,-0.4336602540843,0.1));
#15642=CARTESIAN_POINT('',(2.090000000026,-0.4336602540843,0.));
#15643=CARTESIAN_POINT('Origin',(2.63963401506,1.291774448949,0.));
#15644=CARTESIAN_POINT('',(2.050000000017,-0.3643782217841,0.));
#15645=CARTESIAN_POINT('',(2.090000000026,-0.4336602540843,0.));
#15646=CARTESIAN_POINT('',(2.050000000017,-0.2873010137906,0.));
#15647=CARTESIAN_POINT('',(2.050000000017,-0.2873010137906,0.));
#15648=CARTESIAN_POINT('',(2.325000000019,-0.2873010137906,0.));
#15649=CARTESIAN_POINT('',(2.050000000017,-0.2873010137906,0.));
#15650=CARTESIAN_POINT('',(2.325000000019,-0.3643782217296,0.));
#15651=CARTESIAN_POINT('',(2.325000000019,-0.3643782217296,0.));
#15652=CARTESIAN_POINT('',(2.290000000012,-0.4249999999956,0.));
#15653=CARTESIAN_POINT('',(2.325000000019,-0.3643782217296,0.));
#15654=CARTESIAN_POINT('',(2.290000000012,-0.4356926614987,0.));
#15655=CARTESIAN_POINT('Origin',(2.290000000012,-0.4500000000007,0.));
#15656=CARTESIAN_POINT('',(2.290000000012,-0.4249999999956,0.1));
#15657=CARTESIAN_POINT('Origin',(2.290000000012,-0.4249999999956,0.));
#15658=CARTESIAN_POINT('',(2.325000000019,-0.3643782217296,0.1));
#15659=CARTESIAN_POINT('Origin',(2.325000000019,-0.3643782217296,0.));
#15660=CARTESIAN_POINT('',(2.325000000019,-0.2873010137906,0.));
#15661=CARTESIAN_POINT('Origin',(1.672559137678,-0.2873010137906,0.1));
#15662=CARTESIAN_POINT('',(2.050000000017,-0.2873010137906,0.));
#15663=CARTESIAN_POINT('Origin',(2.050000000017,-0.2750000000015,0.));
#15664=CARTESIAN_POINT('',(2.050000000017,-0.3643782217841,0.1));
#15665=CARTESIAN_POINT('Origin',(2.050000000017,-0.3643782217841,0.));
#15666=CARTESIAN_POINT('',(0.,0.,0.));
#15667=CARTESIAN_POINT('',(0.,0.,0.));
#15668=CARTESIAN_POINT('',(0.,0.,0.));
#15669=CARTESIAN_POINT('',(0.,0.,0.));
#15670=CARTESIAN_POINT('',(0.,0.,0.));
#15671=CARTESIAN_POINT('',(0.,0.,0.));
#15672=CARTESIAN_POINT('',(0.,0.,0.));
#15673=CARTESIAN_POINT('',(0.,0.,0.));
#15674=CARTESIAN_POINT('',(0.,0.,0.));
#15675=CARTESIAN_POINT('',(0.,0.,0.));
#15676=CARTESIAN_POINT('Origin',(-1.45,1.95,1.84185595530422));
#15677=CARTESIAN_POINT('',(-1.35000000223517,1.95,1.94185595530422));
#15678=CARTESIAN_POINT('Origin',(-1.45,1.95,1.94185595530422));
#15679=CARTESIAN_POINT('',(-1.35000000223517,1.95,1.84185595530422));
#15680=CARTESIAN_POINT('',(-1.35000000223517,1.95,1.84185595530422));
#15681=CARTESIAN_POINT('Origin',(-1.45,1.95,1.84185595530422));
#15682=CARTESIAN_POINT('Origin',(-1.45,1.95,1.94185595530422));
#15683=CARTESIAN_POINT('Origin',(-1.45,1.95,1.84185595530422));
#15684=CARTESIAN_POINT('',(-1.75,-2.25,0.03185595530422));
#15685=CARTESIAN_POINT('',(-1.600537960604,-1.814307338501,0.125));
#15686=UNCERTAINTY_MEASURE_WITH_UNIT(LENGTH_MEASURE(0.01),#15714,
'DISTANCE_ACCURACY_VALUE',
'Maximum model space distance between geometric entities at asserted c
onnectivities');
#15687=UNCERTAINTY_MEASURE_WITH_UNIT(LENGTH_MEASURE(0.01),#15714,
'DISTANCE_ACCURACY_VALUE',
'Maximum model space distance between geometric entities at asserted c
onnectivities');
#15688=UNCERTAINTY_MEASURE_WITH_UNIT(LENGTH_MEASURE(0.01),#15714,
'DISTANCE_ACCURACY_VALUE',
'Maximum model space distance between geometric entities at asserted c
onnectivities');
#15689=UNCERTAINTY_MEASURE_WITH_UNIT(LENGTH_MEASURE(0.01),#15714,
'DISTANCE_ACCURACY_VALUE',
'Maximum model space distance between geometric entities at asserted c
onnectivities');
#15690=UNCERTAINTY_MEASURE_WITH_UNIT(LENGTH_MEASURE(0.01),#15714,
'DISTANCE_ACCURACY_VALUE',
'Maximum model space distance between geometric entities at asserted c
onnectivities');
#15691=UNCERTAINTY_MEASURE_WITH_UNIT(LENGTH_MEASURE(0.01),#15714,
'DISTANCE_ACCURACY_VALUE',
'Maximum model space distance between geometric entities at asserted c
onnectivities');
#15692=UNCERTAINTY_MEASURE_WITH_UNIT(LENGTH_MEASURE(0.01),#15714,
'DISTANCE_ACCURACY_VALUE',
'Maximum model space distance between geometric entities at asserted c
onnectivities');
#15693=UNCERTAINTY_MEASURE_WITH_UNIT(LENGTH_MEASURE(0.01),#15714,
'DISTANCE_ACCURACY_VALUE',
'Maximum model space distance between geometric entities at asserted c
onnectivities');
#15694=UNCERTAINTY_MEASURE_WITH_UNIT(LENGTH_MEASURE(0.01),#15714,
'DISTANCE_ACCURACY_VALUE',
'Maximum model space distance between geometric entities at asserted c
onnectivities');
#15695=UNCERTAINTY_MEASURE_WITH_UNIT(LENGTH_MEASURE(0.01),#15714,
'DISTANCE_ACCURACY_VALUE',
'Maximum model space distance between geometric entities at asserted c
onnectivities');
#15696=UNCERTAINTY_MEASURE_WITH_UNIT(LENGTH_MEASURE(0.01),#15714,
'DISTANCE_ACCURACY_VALUE',
'Maximum model space distance between geometric entities at asserted c
onnectivities');
#15697=UNCERTAINTY_MEASURE_WITH_UNIT(LENGTH_MEASURE(0.01),#15714,
'DISTANCE_ACCURACY_VALUE',
'Maximum model space distance between geometric entities at asserted c
onnectivities');
#15698=UNCERTAINTY_MEASURE_WITH_UNIT(LENGTH_MEASURE(0.01),#15714,
'DISTANCE_ACCURACY_VALUE',
'Maximum model space distance between geometric entities at asserted c
onnectivities');
#15699=UNCERTAINTY_MEASURE_WITH_UNIT(LENGTH_MEASURE(0.01),#15714,
'DISTANCE_ACCURACY_VALUE',
'Maximum model space distance between geometric entities at asserted c
onnectivities');
#15700=(
GEOMETRIC_REPRESENTATION_CONTEXT(3)
GLOBAL_UNCERTAINTY_ASSIGNED_CONTEXT((#15686))
GLOBAL_UNIT_ASSIGNED_CONTEXT((#15714,#15716,#15717))
REPRESENTATION_CONTEXT('','3D')
);
#15701=(
GEOMETRIC_REPRESENTATION_CONTEXT(3)
GLOBAL_UNCERTAINTY_ASSIGNED_CONTEXT((#15687))
GLOBAL_UNIT_ASSIGNED_CONTEXT((#15714,#15716,#15717))
REPRESENTATION_CONTEXT('','3D')
);
#15702=(
GEOMETRIC_REPRESENTATION_CONTEXT(3)
GLOBAL_UNCERTAINTY_ASSIGNED_CONTEXT((#15688))
GLOBAL_UNIT_ASSIGNED_CONTEXT((#15714,#15716,#15717))
REPRESENTATION_CONTEXT('','3D')
);
#15703=(
GEOMETRIC_REPRESENTATION_CONTEXT(3)
GLOBAL_UNCERTAINTY_ASSIGNED_CONTEXT((#15689))
GLOBAL_UNIT_ASSIGNED_CONTEXT((#15714,#15716,#15717))
REPRESENTATION_CONTEXT('','3D')
);
#15704=(
GEOMETRIC_REPRESENTATION_CONTEXT(3)
GLOBAL_UNCERTAINTY_ASSIGNED_CONTEXT((#15690))
GLOBAL_UNIT_ASSIGNED_CONTEXT((#15714,#15716,#15717))
REPRESENTATION_CONTEXT('','3D')
);
#15705=(
GEOMETRIC_REPRESENTATION_CONTEXT(3)
GLOBAL_UNCERTAINTY_ASSIGNED_CONTEXT((#15691))
GLOBAL_UNIT_ASSIGNED_CONTEXT((#15714,#15716,#15717))
REPRESENTATION_CONTEXT('','3D')
);
#15706=(
GEOMETRIC_REPRESENTATION_CONTEXT(3)
GLOBAL_UNCERTAINTY_ASSIGNED_CONTEXT((#15692))
GLOBAL_UNIT_ASSIGNED_CONTEXT((#15714,#15716,#15717))
REPRESENTATION_CONTEXT('','3D')
);
#15707=(
GEOMETRIC_REPRESENTATION_CONTEXT(3)
GLOBAL_UNCERTAINTY_ASSIGNED_CONTEXT((#15693))
GLOBAL_UNIT_ASSIGNED_CONTEXT((#15714,#15716,#15717))
REPRESENTATION_CONTEXT('','3D')
);
#15708=(
GEOMETRIC_REPRESENTATION_CONTEXT(3)
GLOBAL_UNCERTAINTY_ASSIGNED_CONTEXT((#15694))
GLOBAL_UNIT_ASSIGNED_CONTEXT((#15714,#15716,#15717))
REPRESENTATION_CONTEXT('','3D')
);
#15709=(
GEOMETRIC_REPRESENTATION_CONTEXT(3)
GLOBAL_UNCERTAINTY_ASSIGNED_CONTEXT((#15695))
GLOBAL_UNIT_ASSIGNED_CONTEXT((#15714,#15716,#15717))
REPRESENTATION_CONTEXT('','3D')
);
#15710=(
GEOMETRIC_REPRESENTATION_CONTEXT(3)
GLOBAL_UNCERTAINTY_ASSIGNED_CONTEXT((#15696))
GLOBAL_UNIT_ASSIGNED_CONTEXT((#15714,#15716,#15717))
REPRESENTATION_CONTEXT('','3D')
);
#15711=(
GEOMETRIC_REPRESENTATION_CONTEXT(3)
GLOBAL_UNCERTAINTY_ASSIGNED_CONTEXT((#15697))
GLOBAL_UNIT_ASSIGNED_CONTEXT((#15714,#15716,#15717))
REPRESENTATION_CONTEXT('','3D')
);
#15712=(
GEOMETRIC_REPRESENTATION_CONTEXT(3)
GLOBAL_UNCERTAINTY_ASSIGNED_CONTEXT((#15698))
GLOBAL_UNIT_ASSIGNED_CONTEXT((#15714,#15716,#15717))
REPRESENTATION_CONTEXT('','3D')
);
#15713=(
GEOMETRIC_REPRESENTATION_CONTEXT(3)
GLOBAL_UNCERTAINTY_ASSIGNED_CONTEXT((#15699))
GLOBAL_UNIT_ASSIGNED_CONTEXT((#15714,#15716,#15717))
REPRESENTATION_CONTEXT('','3D')
);
#15714=(
LENGTH_UNIT()
NAMED_UNIT(*)
SI_UNIT(.MILLI.,.METRE.)
);
#15715=(
LENGTH_UNIT()
NAMED_UNIT(*)
SI_UNIT($,.METRE.)
);
#15716=(
NAMED_UNIT(*)
PLANE_ANGLE_UNIT()
SI_UNIT($,.RADIAN.)
);
#15717=(
NAMED_UNIT(*)
SI_UNIT($,.STERADIAN.)
SOLID_ANGLE_UNIT()
);
#15718=SHAPE_DEFINITION_REPRESENTATION(#15731,#15756);
#15719=SHAPE_DEFINITION_REPRESENTATION(#15732,#15757);
#15720=SHAPE_DEFINITION_REPRESENTATION(#15733,#15758);
#15721=SHAPE_DEFINITION_REPRESENTATION(#15734,#15759);
#15722=SHAPE_DEFINITION_REPRESENTATION(#15735,#15760);
#15723=SHAPE_DEFINITION_REPRESENTATION(#15736,#15761);
#15724=SHAPE_DEFINITION_REPRESENTATION(#15737,#15762);
#15725=SHAPE_DEFINITION_REPRESENTATION(#15738,#15763);
#15726=SHAPE_DEFINITION_REPRESENTATION(#15739,#15764);
#15727=SHAPE_DEFINITION_REPRESENTATION(#15740,#15765);
#15728=SHAPE_DEFINITION_REPRESENTATION(#15741,#15766);
#15729=SHAPE_DEFINITION_REPRESENTATION(#15742,#15767);
#15730=SHAPE_DEFINITION_REPRESENTATION(#15743,#15768);
#15731=PRODUCT_DEFINITION_SHAPE('',$,#15770);
#15732=PRODUCT_DEFINITION_SHAPE('',$,#15771);
#15733=PRODUCT_DEFINITION_SHAPE('',$,#15772);
#15734=PRODUCT_DEFINITION_SHAPE('',$,#15773);
#15735=PRODUCT_DEFINITION_SHAPE('',$,#15774);
#15736=PRODUCT_DEFINITION_SHAPE('',$,#15775);
#15737=PRODUCT_DEFINITION_SHAPE('',$,#15776);
#15738=PRODUCT_DEFINITION_SHAPE('',$,#15777);
#15739=PRODUCT_DEFINITION_SHAPE('',$,#15778);
#15740=PRODUCT_DEFINITION_SHAPE('',$,#15779);
#15741=PRODUCT_DEFINITION_SHAPE('',$,#15780);
#15742=PRODUCT_DEFINITION_SHAPE('',$,#15781);
#15743=PRODUCT_DEFINITION_SHAPE('',$,#15782);
#15744=PRODUCT_DEFINITION_SHAPE($,$,#47);
#15745=PRODUCT_DEFINITION_SHAPE($,$,#48);
#15746=PRODUCT_DEFINITION_SHAPE($,$,#49);
#15747=PRODUCT_DEFINITION_SHAPE($,$,#50);
#15748=PRODUCT_DEFINITION_SHAPE($,$,#51);
#15749=PRODUCT_DEFINITION_SHAPE($,$,#52);
#15750=PRODUCT_DEFINITION_SHAPE($,$,#53);
#15751=PRODUCT_DEFINITION_SHAPE($,$,#54);
#15752=PRODUCT_DEFINITION_SHAPE($,$,#55);
#15753=PRODUCT_DEFINITION_SHAPE($,$,#56);
#15754=PRODUCT_DEFINITION_SHAPE($,$,#57);
#15755=PRODUCT_DEFINITION_SHAPE($,$,#58);
#15756=SHAPE_REPRESENTATION('',(#9950,#10511,#10512),#15700);
#15757=SHAPE_REPRESENTATION('',(#9951),#15701);
#15758=SHAPE_REPRESENTATION('',(#10202,#10496,#10497,#10498,#10499,#10500,
#10501,#10502,#10503,#10504,#10505),#15702);
#15759=SHAPE_REPRESENTATION('',(#10203),#15703);
#15760=SHAPE_REPRESENTATION('',(#10266),#15704);
#15761=SHAPE_REPRESENTATION('',(#10288),#15705);
#15762=SHAPE_REPRESENTATION('',(#10303),#15706);
#15763=SHAPE_REPRESENTATION('',(#10320),#15707);
#15764=SHAPE_REPRESENTATION('',(#10337),#15708);
#15765=SHAPE_REPRESENTATION('',(#10354),#15709);
#15766=SHAPE_REPRESENTATION('',(#10369),#15710);
#15767=SHAPE_REPRESENTATION('',(#10392),#15711);
#15768=SHAPE_REPRESENTATION('',(#10409),#15712);
#15769=PRODUCT_DEFINITION_CONTEXT('part definition',#15810,'design');
#15770=PRODUCT_DEFINITION('RDN0011A_ASM','(Unsaved)',#15783,#15769);
#15771=PRODUCT_DEFINITION('MOLD_CPOMPOUND_AF0','MOLD_CPOMPOUND_AF0',#15784,
#15769);
#15772=PRODUCT_DEFINITION('LF_NEW_2_AF0_ASM','LF_NEW_2_AF0_ASM',#15785,
#15769);
#15773=PRODUCT_DEFINITION('SOLID1-489_AF0','SOLID1-489_AF0',#15786,#15769);
#15774=PRODUCT_DEFINITION('SOLID1-490_AF0','SOLID1-490_AF0',#15787,#15769);
#15775=PRODUCT_DEFINITION('SOLID1-491_AF0','SOLID1-491_AF0',#15788,#15769);
#15776=PRODUCT_DEFINITION('SOLID1-492_AF0','SOLID1-492_AF0',#15789,#15769);
#15777=PRODUCT_DEFINITION('SOLID1-493_AF0','SOLID1-493_AF0',#15790,#15769);
#15778=PRODUCT_DEFINITION('SOLID1-494_AF0','SOLID1-494_AF0',#15791,#15769);
#15779=PRODUCT_DEFINITION('SOLID1-495_AF0','SOLID1-495_AF0',#15792,#15769);
#15780=PRODUCT_DEFINITION('SOLID1-496_AF0','SOLID1-496_AF0',#15793,#15769);
#15781=PRODUCT_DEFINITION('SOLID1-497_AF0','SOLID1-497_AF0',#15794,#15769);
#15782=PRODUCT_DEFINITION('SOLID1-498_AF0','SOLID1-498_AF0',#15795,#15769);
#15783=PRODUCT_DEFINITION_FORMATION('',$,#15812);
#15784=PRODUCT_DEFINITION_FORMATION('',$,#15813);
#15785=PRODUCT_DEFINITION_FORMATION('',$,#15814);
#15786=PRODUCT_DEFINITION_FORMATION('',$,#15815);
#15787=PRODUCT_DEFINITION_FORMATION('',$,#15816);
#15788=PRODUCT_DEFINITION_FORMATION('',$,#15817);
#15789=PRODUCT_DEFINITION_FORMATION('',$,#15818);
#15790=PRODUCT_DEFINITION_FORMATION('',$,#15819);
#15791=PRODUCT_DEFINITION_FORMATION('',$,#15820);
#15792=PRODUCT_DEFINITION_FORMATION('',$,#15821);
#15793=PRODUCT_DEFINITION_FORMATION('',$,#15822);
#15794=PRODUCT_DEFINITION_FORMATION('',$,#15823);
#15795=PRODUCT_DEFINITION_FORMATION('',$,#15824);
#15796=PRODUCT_RELATED_PRODUCT_CATEGORY('(Unsaved)','(Unsaved)',(#15812));
#15797=PRODUCT_RELATED_PRODUCT_CATEGORY('MOLD_CPOMPOUND_AF0',
'MOLD_CPOMPOUND_AF0',(#15813));
#15798=PRODUCT_RELATED_PRODUCT_CATEGORY('LF_NEW_2_AF0_ASM',
'LF_NEW_2_AF0_ASM',(#15814));
#15799=PRODUCT_RELATED_PRODUCT_CATEGORY('SOLID1-489_AF0',
'SOLID1-489_AF0',(#15815));
#15800=PRODUCT_RELATED_PRODUCT_CATEGORY('SOLID1-490_AF0',
'SOLID1-490_AF0',(#15816));
#15801=PRODUCT_RELATED_PRODUCT_CATEGORY('SOLID1-491_AF0',
'SOLID1-491_AF0',(#15817));
#15802=PRODUCT_RELATED_PRODUCT_CATEGORY('SOLID1-492_AF0',
'SOLID1-492_AF0',(#15818));
#15803=PRODUCT_RELATED_PRODUCT_CATEGORY('SOLID1-493_AF0',
'SOLID1-493_AF0',(#15819));
#15804=PRODUCT_RELATED_PRODUCT_CATEGORY('SOLID1-494_AF0',
'SOLID1-494_AF0',(#15820));
#15805=PRODUCT_RELATED_PRODUCT_CATEGORY('SOLID1-495_AF0',
'SOLID1-495_AF0',(#15821));
#15806=PRODUCT_RELATED_PRODUCT_CATEGORY('SOLID1-496_AF0',
'SOLID1-496_AF0',(#15822));
#15807=PRODUCT_RELATED_PRODUCT_CATEGORY('SOLID1-497_AF0',
'SOLID1-497_AF0',(#15823));
#15808=PRODUCT_RELATED_PRODUCT_CATEGORY('SOLID1-498_AF0',
'SOLID1-498_AF0',(#15824));
#15809=APPLICATION_PROTOCOL_DEFINITION('international standard',
'automotive_design',2009,#15810);
#15810=APPLICATION_CONTEXT(
'Core Data for Automotive Mechanical Design Process');
#15811=PRODUCT_CONTEXT('part definition',#15810,'mechanical');
#15812=PRODUCT('RDN0011A_ASM','(Unsaved)',$,(#15811));
#15813=PRODUCT('MOLD_CPOMPOUND_AF0','MOLD_CPOMPOUND_AF0',
'NOT SPECIFIED',(#15811));
#15814=PRODUCT('LF_NEW_2_AF0_ASM','LF_NEW_2_AF0_ASM','NOT SPECIFIED',(#15811));
#15815=PRODUCT('SOLID1-489_AF0','SOLID1-489_AF0','NOT SPECIFIED',(#15811));
#15816=PRODUCT('SOLID1-490_AF0','SOLID1-490_AF0','NOT SPECIFIED',(#15811));
#15817=PRODUCT('SOLID1-491_AF0','SOLID1-491_AF0','NOT SPECIFIED',(#15811));
#15818=PRODUCT('SOLID1-492_AF0','SOLID1-492_AF0','NOT SPECIFIED',(#15811));
#15819=PRODUCT('SOLID1-493_AF0','SOLID1-493_AF0','NOT SPECIFIED',(#15811));
#15820=PRODUCT('SOLID1-494_AF0','SOLID1-494_AF0','NOT SPECIFIED',(#15811));
#15821=PRODUCT('SOLID1-495_AF0','SOLID1-495_AF0','NOT SPECIFIED',(#15811));
#15822=PRODUCT('SOLID1-496_AF0','SOLID1-496_AF0','NOT SPECIFIED',(#15811));
#15823=PRODUCT('SOLID1-497_AF0','SOLID1-497_AF0','NOT SPECIFIED',(#15811));
#15824=PRODUCT('SOLID1-498_AF0','SOLID1-498_AF0','NOT SPECIFIED',(#15811));
#15825=PRESENTATION_STYLE_ASSIGNMENT((#15830));
#15826=PRESENTATION_STYLE_ASSIGNMENT((#15831));
#15827=PRESENTATION_STYLE_ASSIGNMENT((#15832));
#15828=PRESENTATION_STYLE_ASSIGNMENT((#15833));
#15829=PRESENTATION_STYLE_ASSIGNMENT((#15834));
#15830=SURFACE_STYLE_USAGE(.BOTH.,#15835);
#15831=SURFACE_STYLE_USAGE(.BOTH.,#15836);
#15832=SURFACE_STYLE_USAGE(.BOTH.,#15837);
#15833=SURFACE_STYLE_USAGE(.BOTH.,#15838);
#15834=SURFACE_STYLE_USAGE(.BOTH.,#15839);
#15835=SURFACE_SIDE_STYLE('',(#15840));
#15836=SURFACE_SIDE_STYLE('',(#15841));
#15837=SURFACE_SIDE_STYLE('',(#15842));
#15838=SURFACE_SIDE_STYLE('',(#15843));
#15839=SURFACE_SIDE_STYLE('',(#15844));
#15840=SURFACE_STYLE_FILL_AREA(#15845);
#15841=SURFACE_STYLE_FILL_AREA(#15846);
#15842=SURFACE_STYLE_FILL_AREA(#15847);
#15843=SURFACE_STYLE_FILL_AREA(#15848);
#15844=SURFACE_STYLE_FILL_AREA(#15849);
#15845=FILL_AREA_STYLE('Steel - Satin',(#15850));
#15846=FILL_AREA_STYLE('ABS (White)',(#15851));
#15847=FILL_AREA_STYLE('Opaque(25,25,25)',(#15852));
#15848=FILL_AREA_STYLE('Opaque(188,80,47)',(#15853));
#15849=FILL_AREA_STYLE('Opaque(191,191,191)',(#15854));
#15850=FILL_AREA_STYLE_COLOUR('Steel - Satin',#15855);
#15851=FILL_AREA_STYLE_COLOUR('ABS (White)',#15856);
#15852=FILL_AREA_STYLE_COLOUR('Opaque(25,25,25)',#15857);
#15853=FILL_AREA_STYLE_COLOUR('Opaque(188,80,47)',#15858);
#15854=FILL_AREA_STYLE_COLOUR('Opaque(191,191,191)',#15859);
#15855=COLOUR_RGB('Steel - Satin',0.627450980392157,0.627450980392157,0.627450980392157);
#15856=COLOUR_RGB('ABS (White)',0.964705882352941,0.964705882352941,0.952941176470588);
#15857=COLOUR_RGB('Opaque(25,25,25)',0.0980392156862745,0.0980392156862745,
0.0980392156862745);
#15858=COLOUR_RGB('Opaque(188,80,47)',0.737254901960784,0.313725490196078,
0.184313725490196);
#15859=COLOUR_RGB('Opaque(191,191,191)',0.749019607843137,0.749019607843137,
0.749019607843137);
ENDSEC;
END-ISO-10303-21;
