ISO-10303-21;
HEADER;
/* Generated by software containing ST-Developer
 * from STEP Tools, Inc. (www.steptools.com) 
 */

FILE_DESCRIPTION(
/* description */ (''),
/* implementation_level */ '2;1');

FILE_NAME(
/* name */ 'REF0038A.step',
/* time_stamp */ '2025-12-24T18:51:13+01:00',
/* author */ (''),
/* organization */ (''),
/* preprocessor_version */ 'ST-DEVELOPER v20.1',
/* originating_system */ 'Autodesk Translation Framework v14.21.0.0',
/* authorisation */ '');

FILE_SCHEMA (('AUTOMOTIVE_DESIGN { 1 0 10303 214 3 1 1 }'));
ENDSEC;

DATA;
#10=MECHANICAL_DESIGN_GEOMETRIC_PRESENTATION_REPRESENTATION('',(#25,#26,
#27,#28,#29,#30,#31,#32,#33,#34,#35,#36,#37,#38,#39,#40,#41,#42,#43,#44,
#45,#46,#47,#48,#49,#50,#51,#52,#53,#54,#55,#56,#57,#58,#59,#60,#61,#62,
#63,#64,#65,#66,#67,#68,#69,#70,#71,#72,#73,#74,#75,#76,#77,#78,#79,#80,
#81,#82,#83,#84,#85,#86,#87,#88,#89,#90,#91,#92,#93,#94,#95,#96,#97,#98,
#99,#100,#101,#102,#103,#104,#105,#106,#107,#108,#109),#14235);
#11=ITEM_DEFINED_TRANSFORMATION($,$,#8801,#9430);
#12=ITEM_DEFINED_TRANSFORMATION($,$,#9079,#9431);
#13=(
REPRESENTATION_RELATIONSHIP($,$,#14249,#14248)
REPRESENTATION_RELATIONSHIP_WITH_TRANSFORMATION(#11)
SHAPE_REPRESENTATION_RELATIONSHIP()
);
#14=(
REPRESENTATION_RELATIONSHIP($,$,#14250,#14248)
REPRESENTATION_RELATIONSHIP_WITH_TRANSFORMATION(#12)
SHAPE_REPRESENTATION_RELATIONSHIP()
);
#15=CONTEXT_DEPENDENT_SHAPE_REPRESENTATION(#13,#14246);
#16=CONTEXT_DEPENDENT_SHAPE_REPRESENTATION(#14,#14247);
#17=NEXT_ASSEMBLY_USAGE_OCCURRENCE('BODY-QFN:1','BODY-QFN:1',
'BODY-QFN:1',#14252,#14253,'BODY-QFN:1');
#18=NEXT_ASSEMBLY_USAGE_OCCURRENCE('FRAME-REF0038A:1',
'FRAME-REF0038A:1','FRAME-REF0038A:1',#14252,#14254,'FRAME-REF0038A:1');
#19=SHAPE_REPRESENTATION_RELATIONSHIP('SRR','None',#14249,#22);
#20=SHAPE_REPRESENTATION_RELATIONSHIP('SRR','None',#14250,#23);
#21=SHAPE_REPRESENTATION_RELATIONSHIP('SRR','None',#14248,#24);
#22=ADVANCED_BREP_SHAPE_REPRESENTATION('',(#110),#14233);
#23=ADVANCED_BREP_SHAPE_REPRESENTATION('',(#111,#112,#113,#114,#115,#116,
#117,#118,#119,#120,#121,#122,#123,#124,#125,#126,#127,#128,#129,#130,#131,
#132,#133,#134,#135,#136,#137,#138,#139,#140,#141,#142,#143,#144,#145,#146,
#147),#14234);
#24=ADVANCED_BREP_SHAPE_REPRESENTATION('',(#148),#14232);
#25=STYLED_ITEM('',(#14269),#110);
#26=STYLED_ITEM('',(#14270),#111);
#27=STYLED_ITEM('',(#14271),#8486);
#28=STYLED_ITEM('',(#14271),#8490);
#29=STYLED_ITEM('',(#14271),#8494);
#30=STYLED_ITEM('',(#14270),#112);
#31=STYLED_ITEM('',(#14271),#8497);
#32=STYLED_ITEM('',(#14270),#113);
#33=STYLED_ITEM('',(#14271),#8503);
#34=STYLED_ITEM('',(#14270),#114);
#35=STYLED_ITEM('',(#14271),#8509);
#36=STYLED_ITEM('',(#14270),#115);
#37=STYLED_ITEM('',(#14271),#8521);
#38=STYLED_ITEM('',(#14271),#8524);
#39=STYLED_ITEM('',(#14270),#116);
#40=STYLED_ITEM('',(#14271),#8533);
#41=STYLED_ITEM('',(#14271),#8536);
#42=STYLED_ITEM('',(#14270),#117);
#43=STYLED_ITEM('',(#14271),#8539);
#44=STYLED_ITEM('',(#14270),#118);
#45=STYLED_ITEM('',(#14271),#8547);
#46=STYLED_ITEM('',(#14270),#119);
#47=STYLED_ITEM('',(#14271),#8553);
#48=STYLED_ITEM('',(#14270),#120);
#49=STYLED_ITEM('',(#14271),#8559);
#50=STYLED_ITEM('',(#14270),#121);
#51=STYLED_ITEM('',(#14271),#8565);
#52=STYLED_ITEM('',(#14270),#122);
#53=STYLED_ITEM('',(#14271),#8571);
#54=STYLED_ITEM('',(#14270),#123);
#55=STYLED_ITEM('',(#14271),#8577);
#56=STYLED_ITEM('',(#14270),#124);
#57=STYLED_ITEM('',(#14271),#8583);
#58=STYLED_ITEM('',(#14270),#125);
#59=STYLED_ITEM('',(#14271),#8589);
#60=STYLED_ITEM('',(#14270),#126);
#61=STYLED_ITEM('',(#14271),#8593);
#62=STYLED_ITEM('',(#14270),#127);
#63=STYLED_ITEM('',(#14271),#8599);
#64=STYLED_ITEM('',(#14270),#128);
#65=STYLED_ITEM('',(#14271),#8607);
#66=STYLED_ITEM('',(#14270),#129);
#67=STYLED_ITEM('',(#14271),#8613);
#68=STYLED_ITEM('',(#14270),#130);
#69=STYLED_ITEM('',(#14271),#8617);
#70=STYLED_ITEM('',(#14270),#131);
#71=STYLED_ITEM('',(#14271),#8623);
#72=STYLED_ITEM('',(#14270),#132);
#73=STYLED_ITEM('',(#14271),#8629);
#74=STYLED_ITEM('',(#14270),#133);
#75=STYLED_ITEM('',(#14271),#8637);
#76=STYLED_ITEM('',(#14270),#134);
#77=STYLED_ITEM('',(#14271),#8643);
#78=STYLED_ITEM('',(#14270),#135);
#79=STYLED_ITEM('',(#14271),#8649);
#80=STYLED_ITEM('',(#14270),#136);
#81=STYLED_ITEM('',(#14271),#8654);
#82=STYLED_ITEM('',(#14270),#137);
#83=STYLED_ITEM('',(#14271),#8660);
#84=STYLED_ITEM('',(#14270),#138);
#85=STYLED_ITEM('',(#14271),#8666);
#86=STYLED_ITEM('',(#14270),#139);
#87=STYLED_ITEM('',(#14271),#8672);
#88=STYLED_ITEM('',(#14270),#140);
#89=STYLED_ITEM('',(#14271),#8678);
#90=STYLED_ITEM('',(#14270),#141);
#91=STYLED_ITEM('',(#14271),#8684);
#92=STYLED_ITEM('',(#14270),#142);
#93=STYLED_ITEM('',(#14271),#8691);
#94=STYLED_ITEM('',(#14271),#8695);
#95=STYLED_ITEM('',(#14271),#8699);
#96=STYLED_ITEM('',(#14270),#143);
#97=STYLED_ITEM('',(#14271),#8704);
#98=STYLED_ITEM('',(#14271),#8707);
#99=STYLED_ITEM('',(#14270),#144);
#100=STYLED_ITEM('',(#14271),#8712);
#101=STYLED_ITEM('',(#14271),#8715);
#102=STYLED_ITEM('',(#14270),#145);
#103=STYLED_ITEM('',(#14271),#8720);
#104=STYLED_ITEM('',(#14271),#8723);
#105=STYLED_ITEM('',(#14270),#146);
#106=STYLED_ITEM('',(#14271),#8728);
#107=STYLED_ITEM('',(#14271),#8731);
#108=STYLED_ITEM('',(#14270),#147);
#109=STYLED_ITEM('',(#14268),#148);
#110=MANIFOLD_SOLID_BREP('Body1',#8738);
#111=MANIFOLD_SOLID_BREP('Body1',#8739);
#112=MANIFOLD_SOLID_BREP('Body2',#8740);
#113=MANIFOLD_SOLID_BREP('Body3',#8741);
#114=MANIFOLD_SOLID_BREP('Body4',#8742);
#115=MANIFOLD_SOLID_BREP('Body5',#8743);
#116=MANIFOLD_SOLID_BREP('Body6',#8744);
#117=MANIFOLD_SOLID_BREP('Body7',#8745);
#118=MANIFOLD_SOLID_BREP('Body8',#8746);
#119=MANIFOLD_SOLID_BREP('Body9',#8747);
#120=MANIFOLD_SOLID_BREP('Body10',#8748);
#121=MANIFOLD_SOLID_BREP('Body11',#8749);
#122=MANIFOLD_SOLID_BREP('Body12',#8750);
#123=MANIFOLD_SOLID_BREP('Body13',#8751);
#124=MANIFOLD_SOLID_BREP('Body14',#8752);
#125=MANIFOLD_SOLID_BREP('Body15',#8753);
#126=MANIFOLD_SOLID_BREP('Body16',#8754);
#127=MANIFOLD_SOLID_BREP('Body17',#8755);
#128=MANIFOLD_SOLID_BREP('Body18',#8756);
#129=MANIFOLD_SOLID_BREP('Body19',#8757);
#130=MANIFOLD_SOLID_BREP('Body20',#8758);
#131=MANIFOLD_SOLID_BREP('Body21',#8759);
#132=MANIFOLD_SOLID_BREP('Body22',#8760);
#133=MANIFOLD_SOLID_BREP('Body23',#8761);
#134=MANIFOLD_SOLID_BREP('Body24',#8762);
#135=MANIFOLD_SOLID_BREP('Body25',#8763);
#136=MANIFOLD_SOLID_BREP('Body26',#8764);
#137=MANIFOLD_SOLID_BREP('Body27',#8765);
#138=MANIFOLD_SOLID_BREP('Body28',#8766);
#139=MANIFOLD_SOLID_BREP('Body29',#8767);
#140=MANIFOLD_SOLID_BREP('Body30',#8768);
#141=MANIFOLD_SOLID_BREP('Body31',#8769);
#142=MANIFOLD_SOLID_BREP('Body32',#8770);
#143=MANIFOLD_SOLID_BREP('Body33',#8771);
#144=MANIFOLD_SOLID_BREP('Body34',#8772);
#145=MANIFOLD_SOLID_BREP('Body35',#8773);
#146=MANIFOLD_SOLID_BREP('Body36',#8774);
#147=MANIFOLD_SOLID_BREP('Body37',#8775);
#148=MANIFOLD_SOLID_BREP('Body1',#8776);
#149=CYLINDRICAL_SURFACE('',#8864,0.1);
#150=CYLINDRICAL_SURFACE('',#8867,0.1);
#151=CYLINDRICAL_SURFACE('',#8872,0.1);
#152=CYLINDRICAL_SURFACE('',#8877,0.1);
#153=CYLINDRICAL_SURFACE('',#8880,0.1);
#154=CYLINDRICAL_SURFACE('',#8888,0.1);
#155=CYLINDRICAL_SURFACE('',#8891,0.1);
#156=CYLINDRICAL_SURFACE('',#8899,0.1);
#157=CYLINDRICAL_SURFACE('',#8904,0.1);
#158=CYLINDRICAL_SURFACE('',#8909,0.1);
#159=CYLINDRICAL_SURFACE('',#8914,0.1);
#160=CYLINDRICAL_SURFACE('',#8919,0.1);
#161=CYLINDRICAL_SURFACE('',#8924,0.1);
#162=CYLINDRICAL_SURFACE('',#8939,0.1);
#163=CYLINDRICAL_SURFACE('',#8941,0.1);
#164=CYLINDRICAL_SURFACE('',#8947,0.1);
#165=CYLINDRICAL_SURFACE('',#8952,0.1);
#166=CYLINDRICAL_SURFACE('',#8957,0.1);
#167=CYLINDRICAL_SURFACE('',#8962,0.1);
#168=CYLINDRICAL_SURFACE('',#8967,0.1);
#169=CYLINDRICAL_SURFACE('',#8972,0.1);
#170=CYLINDRICAL_SURFACE('',#8977,0.1);
#171=CYLINDRICAL_SURFACE('',#8994,0.1);
#172=CYLINDRICAL_SURFACE('',#8999,0.1);
#173=CYLINDRICAL_SURFACE('',#9004,0.1);
#174=CYLINDRICAL_SURFACE('',#9009,0.1);
#175=CYLINDRICAL_SURFACE('',#9014,0.1);
#176=CYLINDRICAL_SURFACE('',#9019,0.1);
#177=CYLINDRICAL_SURFACE('',#9024,0.1);
#178=CYLINDRICAL_SURFACE('',#9029,0.1);
#179=CYLINDRICAL_SURFACE('',#9034,0.1);
#180=CYLINDRICAL_SURFACE('',#9039,0.1);
#181=CYLINDRICAL_SURFACE('',#9044,0.1);
#182=CYLINDRICAL_SURFACE('',#9049,0.1);
#183=CYLINDRICAL_SURFACE('',#9060,0.1);
#184=CYLINDRICAL_SURFACE('',#9063,0.1);
#185=CYLINDRICAL_SURFACE('',#9097,0.1);
#186=CYLINDRICAL_SURFACE('',#9106,0.1);
#187=CYLINDRICAL_SURFACE('',#9122,0.1);
#188=CYLINDRICAL_SURFACE('',#9130,0.1);
#189=CYLINDRICAL_SURFACE('',#9138,0.1);
#190=CYLINDRICAL_SURFACE('',#9151,0.1);
#191=CYLINDRICAL_SURFACE('',#9154,0.1);
#192=CYLINDRICAL_SURFACE('',#9167,0.1);
#193=CYLINDRICAL_SURFACE('',#9170,0.1);
#194=CYLINDRICAL_SURFACE('',#9178,0.1);
#195=CYLINDRICAL_SURFACE('',#9184,0.1);
#196=CYLINDRICAL_SURFACE('',#9192,0.1);
#197=CYLINDRICAL_SURFACE('',#9200,0.1);
#198=CYLINDRICAL_SURFACE('',#9208,0.1);
#199=CYLINDRICAL_SURFACE('',#9216,0.1);
#200=CYLINDRICAL_SURFACE('',#9224,0.1);
#201=CYLINDRICAL_SURFACE('',#9232,0.1);
#202=CYLINDRICAL_SURFACE('',#9240,0.1);
#203=CYLINDRICAL_SURFACE('',#9250,0.1);
#204=CYLINDRICAL_SURFACE('',#9258,0.1);
#205=CYLINDRICAL_SURFACE('',#9264,0.1);
#206=CYLINDRICAL_SURFACE('',#9272,0.1);
#207=CYLINDRICAL_SURFACE('',#9282,0.1);
#208=CYLINDRICAL_SURFACE('',#9290,0.1);
#209=CYLINDRICAL_SURFACE('',#9298,0.1);
#210=CYLINDRICAL_SURFACE('',#9304,0.1);
#211=CYLINDRICAL_SURFACE('',#9312,0.1);
#212=CYLINDRICAL_SURFACE('',#9320,0.1);
#213=CYLINDRICAL_SURFACE('',#9327,0.1);
#214=CYLINDRICAL_SURFACE('',#9335,0.1);
#215=CYLINDRICAL_SURFACE('',#9343,0.1);
#216=CYLINDRICAL_SURFACE('',#9351,0.1);
#217=CYLINDRICAL_SURFACE('',#9359,0.1);
#218=CYLINDRICAL_SURFACE('',#9367,0.1);
#219=CYLINDRICAL_SURFACE('',#9373,0.1);
#220=CYLINDRICAL_SURFACE('',#9391,0.1);
#221=CYLINDRICAL_SURFACE('',#9425,0.125);
#222=FACE_BOUND('',#718,.T.);
#223=FACE_BOUND('',#719,.T.);
#224=FACE_BOUND('',#732,.T.);
#225=FACE_BOUND('',#733,.T.);
#226=FACE_BOUND('',#745,.T.);
#227=FACE_BOUND('',#746,.T.);
#228=FACE_BOUND('',#801,.T.);
#229=FACE_BOUND('',#802,.T.);
#230=FACE_BOUND('',#816,.T.);
#231=FACE_BOUND('',#817,.T.);
#232=FACE_BOUND('',#823,.T.);
#233=FACE_BOUND('',#824,.T.);
#234=FACE_BOUND('',#937,.T.);
#235=FACE_BOUND('',#938,.T.);
#236=FACE_OUTER_BOUND('',#717,.T.);
#237=FACE_OUTER_BOUND('',#720,.T.);
#238=FACE_OUTER_BOUND('',#721,.T.);
#239=FACE_OUTER_BOUND('',#722,.T.);
#240=FACE_OUTER_BOUND('',#723,.T.);
#241=FACE_OUTER_BOUND('',#724,.T.);
#242=FACE_OUTER_BOUND('',#725,.T.);
#243=FACE_OUTER_BOUND('',#726,.T.);
#244=FACE_OUTER_BOUND('',#727,.T.);
#245=FACE_OUTER_BOUND('',#728,.T.);
#246=FACE_OUTER_BOUND('',#729,.T.);
#247=FACE_OUTER_BOUND('',#730,.T.);
#248=FACE_OUTER_BOUND('',#731,.T.);
#249=FACE_OUTER_BOUND('',#734,.T.);
#250=FACE_OUTER_BOUND('',#735,.T.);
#251=FACE_OUTER_BOUND('',#736,.T.);
#252=FACE_OUTER_BOUND('',#737,.T.);
#253=FACE_OUTER_BOUND('',#738,.T.);
#254=FACE_OUTER_BOUND('',#739,.T.);
#255=FACE_OUTER_BOUND('',#740,.T.);
#256=FACE_OUTER_BOUND('',#741,.T.);
#257=FACE_OUTER_BOUND('',#742,.T.);
#258=FACE_OUTER_BOUND('',#743,.T.);
#259=FACE_OUTER_BOUND('',#744,.T.);
#260=FACE_OUTER_BOUND('',#747,.T.);
#261=FACE_OUTER_BOUND('',#748,.T.);
#262=FACE_OUTER_BOUND('',#749,.T.);
#263=FACE_OUTER_BOUND('',#750,.T.);
#264=FACE_OUTER_BOUND('',#751,.T.);
#265=FACE_OUTER_BOUND('',#752,.T.);
#266=FACE_OUTER_BOUND('',#753,.T.);
#267=FACE_OUTER_BOUND('',#754,.T.);
#268=FACE_OUTER_BOUND('',#755,.T.);
#269=FACE_OUTER_BOUND('',#756,.T.);
#270=FACE_OUTER_BOUND('',#757,.T.);
#271=FACE_OUTER_BOUND('',#758,.T.);
#272=FACE_OUTER_BOUND('',#759,.T.);
#273=FACE_OUTER_BOUND('',#760,.T.);
#274=FACE_OUTER_BOUND('',#761,.T.);
#275=FACE_OUTER_BOUND('',#762,.T.);
#276=FACE_OUTER_BOUND('',#763,.T.);
#277=FACE_OUTER_BOUND('',#764,.T.);
#278=FACE_OUTER_BOUND('',#765,.T.);
#279=FACE_OUTER_BOUND('',#766,.T.);
#280=FACE_OUTER_BOUND('',#767,.T.);
#281=FACE_OUTER_BOUND('',#768,.T.);
#282=FACE_OUTER_BOUND('',#769,.T.);
#283=FACE_OUTER_BOUND('',#770,.T.);
#284=FACE_OUTER_BOUND('',#771,.T.);
#285=FACE_OUTER_BOUND('',#772,.T.);
#286=FACE_OUTER_BOUND('',#773,.T.);
#287=FACE_OUTER_BOUND('',#774,.T.);
#288=FACE_OUTER_BOUND('',#775,.T.);
#289=FACE_OUTER_BOUND('',#776,.T.);
#290=FACE_OUTER_BOUND('',#777,.T.);
#291=FACE_OUTER_BOUND('',#778,.T.);
#292=FACE_OUTER_BOUND('',#779,.T.);
#293=FACE_OUTER_BOUND('',#780,.T.);
#294=FACE_OUTER_BOUND('',#781,.T.);
#295=FACE_OUTER_BOUND('',#782,.T.);
#296=FACE_OUTER_BOUND('',#783,.T.);
#297=FACE_OUTER_BOUND('',#784,.T.);
#298=FACE_OUTER_BOUND('',#785,.T.);
#299=FACE_OUTER_BOUND('',#786,.T.);
#300=FACE_OUTER_BOUND('',#787,.T.);
#301=FACE_OUTER_BOUND('',#788,.T.);
#302=FACE_OUTER_BOUND('',#789,.T.);
#303=FACE_OUTER_BOUND('',#790,.T.);
#304=FACE_OUTER_BOUND('',#791,.T.);
#305=FACE_OUTER_BOUND('',#792,.T.);
#306=FACE_OUTER_BOUND('',#793,.T.);
#307=FACE_OUTER_BOUND('',#794,.T.);
#308=FACE_OUTER_BOUND('',#795,.T.);
#309=FACE_OUTER_BOUND('',#796,.T.);
#310=FACE_OUTER_BOUND('',#797,.T.);
#311=FACE_OUTER_BOUND('',#798,.T.);
#312=FACE_OUTER_BOUND('',#799,.T.);
#313=FACE_OUTER_BOUND('',#800,.T.);
#314=FACE_OUTER_BOUND('',#803,.T.);
#315=FACE_OUTER_BOUND('',#804,.T.);
#316=FACE_OUTER_BOUND('',#805,.T.);
#317=FACE_OUTER_BOUND('',#806,.T.);
#318=FACE_OUTER_BOUND('',#807,.T.);
#319=FACE_OUTER_BOUND('',#808,.T.);
#320=FACE_OUTER_BOUND('',#809,.T.);
#321=FACE_OUTER_BOUND('',#810,.T.);
#322=FACE_OUTER_BOUND('',#811,.T.);
#323=FACE_OUTER_BOUND('',#812,.T.);
#324=FACE_OUTER_BOUND('',#813,.T.);
#325=FACE_OUTER_BOUND('',#814,.T.);
#326=FACE_OUTER_BOUND('',#815,.T.);
#327=FACE_OUTER_BOUND('',#818,.T.);
#328=FACE_OUTER_BOUND('',#819,.T.);
#329=FACE_OUTER_BOUND('',#820,.T.);
#330=FACE_OUTER_BOUND('',#821,.T.);
#331=FACE_OUTER_BOUND('',#822,.T.);
#332=FACE_OUTER_BOUND('',#825,.T.);
#333=FACE_OUTER_BOUND('',#826,.T.);
#334=FACE_OUTER_BOUND('',#827,.T.);
#335=FACE_OUTER_BOUND('',#828,.T.);
#336=FACE_OUTER_BOUND('',#829,.T.);
#337=FACE_OUTER_BOUND('',#830,.T.);
#338=FACE_OUTER_BOUND('',#831,.T.);
#339=FACE_OUTER_BOUND('',#832,.T.);
#340=FACE_OUTER_BOUND('',#833,.T.);
#341=FACE_OUTER_BOUND('',#834,.T.);
#342=FACE_OUTER_BOUND('',#835,.T.);
#343=FACE_OUTER_BOUND('',#836,.T.);
#344=FACE_OUTER_BOUND('',#837,.T.);
#345=FACE_OUTER_BOUND('',#838,.T.);
#346=FACE_OUTER_BOUND('',#839,.T.);
#347=FACE_OUTER_BOUND('',#840,.T.);
#348=FACE_OUTER_BOUND('',#841,.T.);
#349=FACE_OUTER_BOUND('',#842,.T.);
#350=FACE_OUTER_BOUND('',#843,.T.);
#351=FACE_OUTER_BOUND('',#844,.T.);
#352=FACE_OUTER_BOUND('',#845,.T.);
#353=FACE_OUTER_BOUND('',#846,.T.);
#354=FACE_OUTER_BOUND('',#847,.T.);
#355=FACE_OUTER_BOUND('',#848,.T.);
#356=FACE_OUTER_BOUND('',#849,.T.);
#357=FACE_OUTER_BOUND('',#850,.T.);
#358=FACE_OUTER_BOUND('',#851,.T.);
#359=FACE_OUTER_BOUND('',#852,.T.);
#360=FACE_OUTER_BOUND('',#853,.T.);
#361=FACE_OUTER_BOUND('',#854,.T.);
#362=FACE_OUTER_BOUND('',#855,.T.);
#363=FACE_OUTER_BOUND('',#856,.T.);
#364=FACE_OUTER_BOUND('',#857,.T.);
#365=FACE_OUTER_BOUND('',#858,.T.);
#366=FACE_OUTER_BOUND('',#859,.T.);
#367=FACE_OUTER_BOUND('',#860,.T.);
#368=FACE_OUTER_BOUND('',#861,.T.);
#369=FACE_OUTER_BOUND('',#862,.T.);
#370=FACE_OUTER_BOUND('',#863,.T.);
#371=FACE_OUTER_BOUND('',#864,.T.);
#372=FACE_OUTER_BOUND('',#865,.T.);
#373=FACE_OUTER_BOUND('',#866,.T.);
#374=FACE_OUTER_BOUND('',#867,.T.);
#375=FACE_OUTER_BOUND('',#868,.T.);
#376=FACE_OUTER_BOUND('',#869,.T.);
#377=FACE_OUTER_BOUND('',#870,.T.);
#378=FACE_OUTER_BOUND('',#871,.T.);
#379=FACE_OUTER_BOUND('',#872,.T.);
#380=FACE_OUTER_BOUND('',#873,.T.);
#381=FACE_OUTER_BOUND('',#874,.T.);
#382=FACE_OUTER_BOUND('',#875,.T.);
#383=FACE_OUTER_BOUND('',#876,.T.);
#384=FACE_OUTER_BOUND('',#877,.T.);
#385=FACE_OUTER_BOUND('',#878,.T.);
#386=FACE_OUTER_BOUND('',#879,.T.);
#387=FACE_OUTER_BOUND('',#880,.T.);
#388=FACE_OUTER_BOUND('',#881,.T.);
#389=FACE_OUTER_BOUND('',#882,.T.);
#390=FACE_OUTER_BOUND('',#883,.T.);
#391=FACE_OUTER_BOUND('',#884,.T.);
#392=FACE_OUTER_BOUND('',#885,.T.);
#393=FACE_OUTER_BOUND('',#886,.T.);
#394=FACE_OUTER_BOUND('',#887,.T.);
#395=FACE_OUTER_BOUND('',#888,.T.);
#396=FACE_OUTER_BOUND('',#889,.T.);
#397=FACE_OUTER_BOUND('',#890,.T.);
#398=FACE_OUTER_BOUND('',#891,.T.);
#399=FACE_OUTER_BOUND('',#892,.T.);
#400=FACE_OUTER_BOUND('',#893,.T.);
#401=FACE_OUTER_BOUND('',#894,.T.);
#402=FACE_OUTER_BOUND('',#895,.T.);
#403=FACE_OUTER_BOUND('',#896,.T.);
#404=FACE_OUTER_BOUND('',#897,.T.);
#405=FACE_OUTER_BOUND('',#898,.T.);
#406=FACE_OUTER_BOUND('',#899,.T.);
#407=FACE_OUTER_BOUND('',#900,.T.);
#408=FACE_OUTER_BOUND('',#901,.T.);
#409=FACE_OUTER_BOUND('',#902,.T.);
#410=FACE_OUTER_BOUND('',#903,.T.);
#411=FACE_OUTER_BOUND('',#904,.T.);
#412=FACE_OUTER_BOUND('',#905,.T.);
#413=FACE_OUTER_BOUND('',#906,.T.);
#414=FACE_OUTER_BOUND('',#907,.T.);
#415=FACE_OUTER_BOUND('',#908,.T.);
#416=FACE_OUTER_BOUND('',#909,.T.);
#417=FACE_OUTER_BOUND('',#910,.T.);
#418=FACE_OUTER_BOUND('',#911,.T.);
#419=FACE_OUTER_BOUND('',#912,.T.);
#420=FACE_OUTER_BOUND('',#913,.T.);
#421=FACE_OUTER_BOUND('',#914,.T.);
#422=FACE_OUTER_BOUND('',#915,.T.);
#423=FACE_OUTER_BOUND('',#916,.T.);
#424=FACE_OUTER_BOUND('',#917,.T.);
#425=FACE_OUTER_BOUND('',#918,.T.);
#426=FACE_OUTER_BOUND('',#919,.T.);
#427=FACE_OUTER_BOUND('',#920,.T.);
#428=FACE_OUTER_BOUND('',#921,.T.);
#429=FACE_OUTER_BOUND('',#922,.T.);
#430=FACE_OUTER_BOUND('',#923,.T.);
#431=FACE_OUTER_BOUND('',#924,.T.);
#432=FACE_OUTER_BOUND('',#925,.T.);
#433=FACE_OUTER_BOUND('',#926,.T.);
#434=FACE_OUTER_BOUND('',#927,.T.);
#435=FACE_OUTER_BOUND('',#928,.T.);
#436=FACE_OUTER_BOUND('',#929,.T.);
#437=FACE_OUTER_BOUND('',#930,.T.);
#438=FACE_OUTER_BOUND('',#931,.T.);
#439=FACE_OUTER_BOUND('',#932,.T.);
#440=FACE_OUTER_BOUND('',#933,.T.);
#441=FACE_OUTER_BOUND('',#934,.T.);
#442=FACE_OUTER_BOUND('',#935,.T.);
#443=FACE_OUTER_BOUND('',#936,.T.);
#444=FACE_OUTER_BOUND('',#939,.T.);
#445=FACE_OUTER_BOUND('',#940,.T.);
#446=FACE_OUTER_BOUND('',#941,.T.);
#447=FACE_OUTER_BOUND('',#942,.T.);
#448=FACE_OUTER_BOUND('',#943,.T.);
#449=FACE_OUTER_BOUND('',#944,.T.);
#450=FACE_OUTER_BOUND('',#945,.T.);
#451=FACE_OUTER_BOUND('',#946,.T.);
#452=FACE_OUTER_BOUND('',#947,.T.);
#453=FACE_OUTER_BOUND('',#948,.T.);
#454=FACE_OUTER_BOUND('',#949,.T.);
#455=FACE_OUTER_BOUND('',#950,.T.);
#456=FACE_OUTER_BOUND('',#951,.T.);
#457=FACE_OUTER_BOUND('',#952,.T.);
#458=FACE_OUTER_BOUND('',#953,.T.);
#459=FACE_OUTER_BOUND('',#954,.T.);
#460=FACE_OUTER_BOUND('',#955,.T.);
#461=FACE_OUTER_BOUND('',#956,.T.);
#462=FACE_OUTER_BOUND('',#957,.T.);
#463=FACE_OUTER_BOUND('',#958,.T.);
#464=FACE_OUTER_BOUND('',#959,.T.);
#465=FACE_OUTER_BOUND('',#960,.T.);
#466=FACE_OUTER_BOUND('',#961,.T.);
#467=FACE_OUTER_BOUND('',#962,.T.);
#468=FACE_OUTER_BOUND('',#963,.T.);
#469=FACE_OUTER_BOUND('',#964,.T.);
#470=FACE_OUTER_BOUND('',#965,.T.);
#471=FACE_OUTER_BOUND('',#966,.T.);
#472=FACE_OUTER_BOUND('',#967,.T.);
#473=FACE_OUTER_BOUND('',#968,.T.);
#474=FACE_OUTER_BOUND('',#969,.T.);
#475=FACE_OUTER_BOUND('',#970,.T.);
#476=FACE_OUTER_BOUND('',#971,.T.);
#477=FACE_OUTER_BOUND('',#972,.T.);
#478=FACE_OUTER_BOUND('',#973,.T.);
#479=FACE_OUTER_BOUND('',#974,.T.);
#480=FACE_OUTER_BOUND('',#975,.T.);
#481=FACE_OUTER_BOUND('',#976,.T.);
#482=FACE_OUTER_BOUND('',#977,.T.);
#483=FACE_OUTER_BOUND('',#978,.T.);
#484=FACE_OUTER_BOUND('',#979,.T.);
#485=FACE_OUTER_BOUND('',#980,.T.);
#486=FACE_OUTER_BOUND('',#981,.T.);
#487=FACE_OUTER_BOUND('',#982,.T.);
#488=FACE_OUTER_BOUND('',#983,.T.);
#489=FACE_OUTER_BOUND('',#984,.T.);
#490=FACE_OUTER_BOUND('',#985,.T.);
#491=FACE_OUTER_BOUND('',#986,.T.);
#492=FACE_OUTER_BOUND('',#987,.T.);
#493=FACE_OUTER_BOUND('',#988,.T.);
#494=FACE_OUTER_BOUND('',#989,.T.);
#495=FACE_OUTER_BOUND('',#990,.T.);
#496=FACE_OUTER_BOUND('',#991,.T.);
#497=FACE_OUTER_BOUND('',#992,.T.);
#498=FACE_OUTER_BOUND('',#993,.T.);
#499=FACE_OUTER_BOUND('',#994,.T.);
#500=FACE_OUTER_BOUND('',#995,.T.);
#501=FACE_OUTER_BOUND('',#996,.T.);
#502=FACE_OUTER_BOUND('',#997,.T.);
#503=FACE_OUTER_BOUND('',#998,.T.);
#504=FACE_OUTER_BOUND('',#999,.T.);
#505=FACE_OUTER_BOUND('',#1000,.T.);
#506=FACE_OUTER_BOUND('',#1001,.T.);
#507=FACE_OUTER_BOUND('',#1002,.T.);
#508=FACE_OUTER_BOUND('',#1003,.T.);
#509=FACE_OUTER_BOUND('',#1004,.T.);
#510=FACE_OUTER_BOUND('',#1005,.T.);
#511=FACE_OUTER_BOUND('',#1006,.T.);
#512=FACE_OUTER_BOUND('',#1007,.T.);
#513=FACE_OUTER_BOUND('',#1008,.T.);
#514=FACE_OUTER_BOUND('',#1009,.T.);
#515=FACE_OUTER_BOUND('',#1010,.T.);
#516=FACE_OUTER_BOUND('',#1011,.T.);
#517=FACE_OUTER_BOUND('',#1012,.T.);
#518=FACE_OUTER_BOUND('',#1013,.T.);
#519=FACE_OUTER_BOUND('',#1014,.T.);
#520=FACE_OUTER_BOUND('',#1015,.T.);
#521=FACE_OUTER_BOUND('',#1016,.T.);
#522=FACE_OUTER_BOUND('',#1017,.T.);
#523=FACE_OUTER_BOUND('',#1018,.T.);
#524=FACE_OUTER_BOUND('',#1019,.T.);
#525=FACE_OUTER_BOUND('',#1020,.T.);
#526=FACE_OUTER_BOUND('',#1021,.T.);
#527=FACE_OUTER_BOUND('',#1022,.T.);
#528=FACE_OUTER_BOUND('',#1023,.T.);
#529=FACE_OUTER_BOUND('',#1024,.T.);
#530=FACE_OUTER_BOUND('',#1025,.T.);
#531=FACE_OUTER_BOUND('',#1026,.T.);
#532=FACE_OUTER_BOUND('',#1027,.T.);
#533=FACE_OUTER_BOUND('',#1028,.T.);
#534=FACE_OUTER_BOUND('',#1029,.T.);
#535=FACE_OUTER_BOUND('',#1030,.T.);
#536=FACE_OUTER_BOUND('',#1031,.T.);
#537=FACE_OUTER_BOUND('',#1032,.T.);
#538=FACE_OUTER_BOUND('',#1033,.T.);
#539=FACE_OUTER_BOUND('',#1034,.T.);
#540=FACE_OUTER_BOUND('',#1035,.T.);
#541=FACE_OUTER_BOUND('',#1036,.T.);
#542=FACE_OUTER_BOUND('',#1037,.T.);
#543=FACE_OUTER_BOUND('',#1038,.T.);
#544=FACE_OUTER_BOUND('',#1039,.T.);
#545=FACE_OUTER_BOUND('',#1040,.T.);
#546=FACE_OUTER_BOUND('',#1041,.T.);
#547=FACE_OUTER_BOUND('',#1042,.T.);
#548=FACE_OUTER_BOUND('',#1043,.T.);
#549=FACE_OUTER_BOUND('',#1044,.T.);
#550=FACE_OUTER_BOUND('',#1045,.T.);
#551=FACE_OUTER_BOUND('',#1046,.T.);
#552=FACE_OUTER_BOUND('',#1047,.T.);
#553=FACE_OUTER_BOUND('',#1048,.T.);
#554=FACE_OUTER_BOUND('',#1049,.T.);
#555=FACE_OUTER_BOUND('',#1050,.T.);
#556=FACE_OUTER_BOUND('',#1051,.T.);
#557=FACE_OUTER_BOUND('',#1052,.T.);
#558=FACE_OUTER_BOUND('',#1053,.T.);
#559=FACE_OUTER_BOUND('',#1054,.T.);
#560=FACE_OUTER_BOUND('',#1055,.T.);
#561=FACE_OUTER_BOUND('',#1056,.T.);
#562=FACE_OUTER_BOUND('',#1057,.T.);
#563=FACE_OUTER_BOUND('',#1058,.T.);
#564=FACE_OUTER_BOUND('',#1059,.T.);
#565=FACE_OUTER_BOUND('',#1060,.T.);
#566=FACE_OUTER_BOUND('',#1061,.T.);
#567=FACE_OUTER_BOUND('',#1062,.T.);
#568=FACE_OUTER_BOUND('',#1063,.T.);
#569=FACE_OUTER_BOUND('',#1064,.T.);
#570=FACE_OUTER_BOUND('',#1065,.T.);
#571=FACE_OUTER_BOUND('',#1066,.T.);
#572=FACE_OUTER_BOUND('',#1067,.T.);
#573=FACE_OUTER_BOUND('',#1068,.T.);
#574=FACE_OUTER_BOUND('',#1069,.T.);
#575=FACE_OUTER_BOUND('',#1070,.T.);
#576=FACE_OUTER_BOUND('',#1071,.T.);
#577=FACE_OUTER_BOUND('',#1072,.T.);
#578=FACE_OUTER_BOUND('',#1073,.T.);
#579=FACE_OUTER_BOUND('',#1074,.T.);
#580=FACE_OUTER_BOUND('',#1075,.T.);
#581=FACE_OUTER_BOUND('',#1076,.T.);
#582=FACE_OUTER_BOUND('',#1077,.T.);
#583=FACE_OUTER_BOUND('',#1078,.T.);
#584=FACE_OUTER_BOUND('',#1079,.T.);
#585=FACE_OUTER_BOUND('',#1080,.T.);
#586=FACE_OUTER_BOUND('',#1081,.T.);
#587=FACE_OUTER_BOUND('',#1082,.T.);
#588=FACE_OUTER_BOUND('',#1083,.T.);
#589=FACE_OUTER_BOUND('',#1084,.T.);
#590=FACE_OUTER_BOUND('',#1085,.T.);
#591=FACE_OUTER_BOUND('',#1086,.T.);
#592=FACE_OUTER_BOUND('',#1087,.T.);
#593=FACE_OUTER_BOUND('',#1088,.T.);
#594=FACE_OUTER_BOUND('',#1089,.T.);
#595=FACE_OUTER_BOUND('',#1090,.T.);
#596=FACE_OUTER_BOUND('',#1091,.T.);
#597=FACE_OUTER_BOUND('',#1092,.T.);
#598=FACE_OUTER_BOUND('',#1093,.T.);
#599=FACE_OUTER_BOUND('',#1094,.T.);
#600=FACE_OUTER_BOUND('',#1095,.T.);
#601=FACE_OUTER_BOUND('',#1096,.T.);
#602=FACE_OUTER_BOUND('',#1097,.T.);
#603=FACE_OUTER_BOUND('',#1098,.T.);
#604=FACE_OUTER_BOUND('',#1099,.T.);
#605=FACE_OUTER_BOUND('',#1100,.T.);
#606=FACE_OUTER_BOUND('',#1101,.T.);
#607=FACE_OUTER_BOUND('',#1102,.T.);
#608=FACE_OUTER_BOUND('',#1103,.T.);
#609=FACE_OUTER_BOUND('',#1104,.T.);
#610=FACE_OUTER_BOUND('',#1105,.T.);
#611=FACE_OUTER_BOUND('',#1106,.T.);
#612=FACE_OUTER_BOUND('',#1107,.T.);
#613=FACE_OUTER_BOUND('',#1108,.T.);
#614=FACE_OUTER_BOUND('',#1109,.T.);
#615=FACE_OUTER_BOUND('',#1110,.T.);
#616=FACE_OUTER_BOUND('',#1111,.T.);
#617=FACE_OUTER_BOUND('',#1112,.T.);
#618=FACE_OUTER_BOUND('',#1113,.T.);
#619=FACE_OUTER_BOUND('',#1114,.T.);
#620=FACE_OUTER_BOUND('',#1115,.T.);
#621=FACE_OUTER_BOUND('',#1116,.T.);
#622=FACE_OUTER_BOUND('',#1117,.T.);
#623=FACE_OUTER_BOUND('',#1118,.T.);
#624=FACE_OUTER_BOUND('',#1119,.T.);
#625=FACE_OUTER_BOUND('',#1120,.T.);
#626=FACE_OUTER_BOUND('',#1121,.T.);
#627=FACE_OUTER_BOUND('',#1122,.T.);
#628=FACE_OUTER_BOUND('',#1123,.T.);
#629=FACE_OUTER_BOUND('',#1124,.T.);
#630=FACE_OUTER_BOUND('',#1125,.T.);
#631=FACE_OUTER_BOUND('',#1126,.T.);
#632=FACE_OUTER_BOUND('',#1127,.T.);
#633=FACE_OUTER_BOUND('',#1128,.T.);
#634=FACE_OUTER_BOUND('',#1129,.T.);
#635=FACE_OUTER_BOUND('',#1130,.T.);
#636=FACE_OUTER_BOUND('',#1131,.T.);
#637=FACE_OUTER_BOUND('',#1132,.T.);
#638=FACE_OUTER_BOUND('',#1133,.T.);
#639=FACE_OUTER_BOUND('',#1134,.T.);
#640=FACE_OUTER_BOUND('',#1135,.T.);
#641=FACE_OUTER_BOUND('',#1136,.T.);
#642=FACE_OUTER_BOUND('',#1137,.T.);
#643=FACE_OUTER_BOUND('',#1138,.T.);
#644=FACE_OUTER_BOUND('',#1139,.T.);
#645=FACE_OUTER_BOUND('',#1140,.T.);
#646=FACE_OUTER_BOUND('',#1141,.T.);
#647=FACE_OUTER_BOUND('',#1142,.T.);
#648=FACE_OUTER_BOUND('',#1143,.T.);
#649=FACE_OUTER_BOUND('',#1144,.T.);
#650=FACE_OUTER_BOUND('',#1145,.T.);
#651=FACE_OUTER_BOUND('',#1146,.T.);
#652=FACE_OUTER_BOUND('',#1147,.T.);
#653=FACE_OUTER_BOUND('',#1148,.T.);
#654=FACE_OUTER_BOUND('',#1149,.T.);
#655=FACE_OUTER_BOUND('',#1150,.T.);
#656=FACE_OUTER_BOUND('',#1151,.T.);
#657=FACE_OUTER_BOUND('',#1152,.T.);
#658=FACE_OUTER_BOUND('',#1153,.T.);
#659=FACE_OUTER_BOUND('',#1154,.T.);
#660=FACE_OUTER_BOUND('',#1155,.T.);
#661=FACE_OUTER_BOUND('',#1156,.T.);
#662=FACE_OUTER_BOUND('',#1157,.T.);
#663=FACE_OUTER_BOUND('',#1158,.T.);
#664=FACE_OUTER_BOUND('',#1159,.T.);
#665=FACE_OUTER_BOUND('',#1160,.T.);
#666=FACE_OUTER_BOUND('',#1161,.T.);
#667=FACE_OUTER_BOUND('',#1162,.T.);
#668=FACE_OUTER_BOUND('',#1163,.T.);
#669=FACE_OUTER_BOUND('',#1164,.T.);
#670=FACE_OUTER_BOUND('',#1165,.T.);
#671=FACE_OUTER_BOUND('',#1166,.T.);
#672=FACE_OUTER_BOUND('',#1167,.T.);
#673=FACE_OUTER_BOUND('',#1168,.T.);
#674=FACE_OUTER_BOUND('',#1169,.T.);
#675=FACE_OUTER_BOUND('',#1170,.T.);
#676=FACE_OUTER_BOUND('',#1171,.T.);
#677=FACE_OUTER_BOUND('',#1172,.T.);
#678=FACE_OUTER_BOUND('',#1173,.T.);
#679=FACE_OUTER_BOUND('',#1174,.T.);
#680=FACE_OUTER_BOUND('',#1175,.T.);
#681=FACE_OUTER_BOUND('',#1176,.T.);
#682=FACE_OUTER_BOUND('',#1177,.T.);
#683=FACE_OUTER_BOUND('',#1178,.T.);
#684=FACE_OUTER_BOUND('',#1179,.T.);
#685=FACE_OUTER_BOUND('',#1180,.T.);
#686=FACE_OUTER_BOUND('',#1181,.T.);
#687=FACE_OUTER_BOUND('',#1182,.T.);
#688=FACE_OUTER_BOUND('',#1183,.T.);
#689=FACE_OUTER_BOUND('',#1184,.T.);
#690=FACE_OUTER_BOUND('',#1185,.T.);
#691=FACE_OUTER_BOUND('',#1186,.T.);
#692=FACE_OUTER_BOUND('',#1187,.T.);
#693=FACE_OUTER_BOUND('',#1188,.T.);
#694=FACE_OUTER_BOUND('',#1189,.T.);
#695=FACE_OUTER_BOUND('',#1190,.T.);
#696=FACE_OUTER_BOUND('',#1191,.T.);
#697=FACE_OUTER_BOUND('',#1192,.T.);
#698=FACE_OUTER_BOUND('',#1193,.T.);
#699=FACE_OUTER_BOUND('',#1194,.T.);
#700=FACE_OUTER_BOUND('',#1195,.T.);
#701=FACE_OUTER_BOUND('',#1196,.T.);
#702=FACE_OUTER_BOUND('',#1197,.T.);
#703=FACE_OUTER_BOUND('',#1198,.T.);
#704=FACE_OUTER_BOUND('',#1199,.T.);
#705=FACE_OUTER_BOUND('',#1200,.T.);
#706=FACE_OUTER_BOUND('',#1201,.T.);
#707=FACE_OUTER_BOUND('',#1202,.T.);
#708=FACE_OUTER_BOUND('',#1203,.T.);
#709=FACE_OUTER_BOUND('',#1204,.T.);
#710=FACE_OUTER_BOUND('',#1205,.T.);
#711=FACE_OUTER_BOUND('',#1206,.T.);
#712=FACE_OUTER_BOUND('',#1207,.T.);
#713=FACE_OUTER_BOUND('',#1208,.T.);
#714=FACE_OUTER_BOUND('',#1209,.T.);
#715=FACE_OUTER_BOUND('',#1210,.T.);
#716=FACE_OUTER_BOUND('',#1211,.T.);
#717=EDGE_LOOP('',(#5455,#5456,#5457,#5458,#5459,#5460,#5461,#5462,#5463,
#5464,#5465,#5466,#5467,#5468,#5469,#5470,#5471,#5472,#5473,#5474,#5475,
#5476,#5477,#5478,#5479,#5480,#5481,#5482,#5483,#5484,#5485,#5486,#5487,
#5488,#5489,#5490,#5491,#5492,#5493,#5494,#5495,#5496,#5497,#5498,#5499,
#5500,#5501,#5502,#5503,#5504,#5505,#5506,#5507,#5508,#5509,#5510,#5511,
#5512,#5513,#5514,#5515,#5516,#5517,#5518,#5519,#5520,#5521,#5522,#5523,
#5524,#5525,#5526,#5527,#5528,#5529,#5530,#5531,#5532,#5533,#5534,#5535,
#5536,#5537,#5538,#5539,#5540,#5541,#5542,#5543,#5544,#5545,#5546,#5547,
#5548,#5549,#5550,#5551,#5552,#5553,#5554,#5555,#5556,#5557,#5558,#5559,
#5560,#5561,#5562,#5563,#5564,#5565,#5566,#5567,#5568,#5569,#5570,#5571,
#5572,#5573,#5574,#5575,#5576,#5577,#5578,#5579,#5580,#5581,#5582,#5583,
#5584,#5585,#5586,#5587,#5588,#5589,#5590,#5591,#5592,#5593,#5594));
#718=EDGE_LOOP('',(#5595,#5596,#5597,#5598,#5599));
#719=EDGE_LOOP('',(#5600,#5601,#5602,#5603));
#720=EDGE_LOOP('',(#5604,#5605,#5606,#5607));
#721=EDGE_LOOP('',(#5608,#5609,#5610,#5611));
#722=EDGE_LOOP('',(#5612,#5613,#5614,#5615));
#723=EDGE_LOOP('',(#5616,#5617,#5618,#5619));
#724=EDGE_LOOP('',(#5620,#5621,#5622,#5623));
#725=EDGE_LOOP('',(#5624,#5625,#5626,#5627));
#726=EDGE_LOOP('',(#5628,#5629,#5630,#5631));
#727=EDGE_LOOP('',(#5632,#5633,#5634,#5635));
#728=EDGE_LOOP('',(#5636,#5637,#5638,#5639));
#729=EDGE_LOOP('',(#5640,#5641,#5642,#5643));
#730=EDGE_LOOP('',(#5644,#5645,#5646,#5647));
#731=EDGE_LOOP('',(#5648,#5649,#5650,#5651));
#732=EDGE_LOOP('',(#5652,#5653,#5654,#5655));
#733=EDGE_LOOP('',(#5656,#5657,#5658,#5659,#5660));
#734=EDGE_LOOP('',(#5661,#5662,#5663,#5664));
#735=EDGE_LOOP('',(#5665,#5666,#5667,#5668));
#736=EDGE_LOOP('',(#5669,#5670,#5671,#5672));
#737=EDGE_LOOP('',(#5673,#5674,#5675,#5676));
#738=EDGE_LOOP('',(#5677,#5678,#5679,#5680));
#739=EDGE_LOOP('',(#5681,#5682,#5683,#5684));
#740=EDGE_LOOP('',(#5685,#5686,#5687,#5688));
#741=EDGE_LOOP('',(#5689,#5690,#5691,#5692));
#742=EDGE_LOOP('',(#5693,#5694,#5695,#5696));
#743=EDGE_LOOP('',(#5697,#5698,#5699,#5700));
#744=EDGE_LOOP('',(#5701,#5702,#5703,#5704,#5705,#5706,#5707,#5708,#5709,
#5710,#5711,#5712,#5713,#5714,#5715,#5716,#5717,#5718,#5719,#5720,#5721,
#5722,#5723,#5724,#5725,#5726,#5727,#5728,#5729,#5730,#5731,#5732,#5733,
#5734,#5735,#5736,#5737,#5738,#5739,#5740,#5741,#5742,#5743,#5744,#5745,
#5746,#5747,#5748,#5749,#5750,#5751,#5752,#5753,#5754,#5755,#5756));
#745=EDGE_LOOP('',(#5757,#5758,#5759,#5760));
#746=EDGE_LOOP('',(#5761,#5762,#5763,#5764));
#747=EDGE_LOOP('',(#5765,#5766,#5767,#5768));
#748=EDGE_LOOP('',(#5769,#5770,#5771,#5772));
#749=EDGE_LOOP('',(#5773,#5774,#5775,#5776));
#750=EDGE_LOOP('',(#5777,#5778,#5779,#5780));
#751=EDGE_LOOP('',(#5781,#5782,#5783,#5784));
#752=EDGE_LOOP('',(#5785,#5786,#5787,#5788));
#753=EDGE_LOOP('',(#5789,#5790,#5791,#5792));
#754=EDGE_LOOP('',(#5793,#5794,#5795,#5796));
#755=EDGE_LOOP('',(#5797,#5798,#5799,#5800));
#756=EDGE_LOOP('',(#5801,#5802,#5803,#5804));
#757=EDGE_LOOP('',(#5805,#5806,#5807,#5808));
#758=EDGE_LOOP('',(#5809,#5810,#5811,#5812));
#759=EDGE_LOOP('',(#5813,#5814,#5815,#5816));
#760=EDGE_LOOP('',(#5817,#5818,#5819,#5820));
#761=EDGE_LOOP('',(#5821,#5822,#5823,#5824));
#762=EDGE_LOOP('',(#5825,#5826,#5827,#5828));
#763=EDGE_LOOP('',(#5829,#5830,#5831,#5832,#5833,#5834,#5835,#5836,#5837,
#5838));
#764=EDGE_LOOP('',(#5839,#5840,#5841,#5842));
#765=EDGE_LOOP('',(#5843,#5844,#5845,#5846));
#766=EDGE_LOOP('',(#5847,#5848,#5849,#5850));
#767=EDGE_LOOP('',(#5851,#5852,#5853,#5854));
#768=EDGE_LOOP('',(#5855,#5856,#5857,#5858));
#769=EDGE_LOOP('',(#5859,#5860,#5861,#5862));
#770=EDGE_LOOP('',(#5863,#5864,#5865,#5866));
#771=EDGE_LOOP('',(#5867,#5868,#5869,#5870));
#772=EDGE_LOOP('',(#5871,#5872,#5873,#5874,#5875,#5876,#5877,#5878,#5879,
#5880));
#773=EDGE_LOOP('',(#5881,#5882,#5883,#5884));
#774=EDGE_LOOP('',(#5885,#5886,#5887,#5888));
#775=EDGE_LOOP('',(#5889,#5890,#5891,#5892));
#776=EDGE_LOOP('',(#5893,#5894,#5895,#5896));
#777=EDGE_LOOP('',(#5897,#5898,#5899,#5900));
#778=EDGE_LOOP('',(#5901,#5902,#5903,#5904));
#779=EDGE_LOOP('',(#5905,#5906,#5907,#5908));
#780=EDGE_LOOP('',(#5909,#5910,#5911,#5912));
#781=EDGE_LOOP('',(#5913,#5914,#5915,#5916));
#782=EDGE_LOOP('',(#5917,#5918,#5919,#5920));
#783=EDGE_LOOP('',(#5921,#5922,#5923,#5924));
#784=EDGE_LOOP('',(#5925,#5926,#5927,#5928));
#785=EDGE_LOOP('',(#5929,#5930,#5931,#5932));
#786=EDGE_LOOP('',(#5933,#5934,#5935,#5936));
#787=EDGE_LOOP('',(#5937,#5938,#5939,#5940));
#788=EDGE_LOOP('',(#5941,#5942,#5943,#5944));
#789=EDGE_LOOP('',(#5945,#5946,#5947,#5948));
#790=EDGE_LOOP('',(#5949,#5950,#5951,#5952));
#791=EDGE_LOOP('',(#5953,#5954,#5955,#5956));
#792=EDGE_LOOP('',(#5957,#5958,#5959,#5960));
#793=EDGE_LOOP('',(#5961,#5962,#5963,#5964));
#794=EDGE_LOOP('',(#5965,#5966,#5967,#5968));
#795=EDGE_LOOP('',(#5969,#5970,#5971,#5972));
#796=EDGE_LOOP('',(#5973,#5974,#5975,#5976));
#797=EDGE_LOOP('',(#5977,#5978,#5979,#5980));
#798=EDGE_LOOP('',(#5981,#5982,#5983,#5984));
#799=EDGE_LOOP('',(#5985,#5986,#5987,#5988));
#800=EDGE_LOOP('',(#5989,#5990,#5991,#5992,#5993,#5994,#5995,#5996,#5997,
#5998,#5999,#6000,#6001,#6002,#6003,#6004,#6005,#6006,#6007,#6008,#6009,
#6010,#6011,#6012,#6013,#6014,#6015,#6016));
#801=EDGE_LOOP('',(#6017,#6018,#6019,#6020));
#802=EDGE_LOOP('',(#6021,#6022,#6023,#6024));
#803=EDGE_LOOP('',(#6025,#6026,#6027,#6028));
#804=EDGE_LOOP('',(#6029,#6030,#6031,#6032));
#805=EDGE_LOOP('',(#6033,#6034,#6035,#6036));
#806=EDGE_LOOP('',(#6037,#6038,#6039,#6040,#6041,#6042,#6043,#6044,#6045,
#6046,#6047,#6048,#6049,#6050));
#807=EDGE_LOOP('',(#6051,#6052,#6053,#6054));
#808=EDGE_LOOP('',(#6055,#6056,#6057,#6058));
#809=EDGE_LOOP('',(#6059,#6060,#6061,#6062));
#810=EDGE_LOOP('',(#6063,#6064,#6065,#6066));
#811=EDGE_LOOP('',(#6067,#6068,#6069,#6070));
#812=EDGE_LOOP('',(#6071,#6072,#6073,#6074));
#813=EDGE_LOOP('',(#6075,#6076,#6077,#6078));
#814=EDGE_LOOP('',(#6079,#6080,#6081,#6082));
#815=EDGE_LOOP('',(#6083,#6084,#6085,#6086,#6087,#6088,#6089,#6090,#6091,
#6092,#6093,#6094,#6095,#6096,#6097,#6098,#6099,#6100,#6101,#6102,#6103,
#6104,#6105,#6106,#6107,#6108,#6109,#6110,#6111,#6112,#6113,#6114,#6115,
#6116,#6117,#6118,#6119,#6120,#6121,#6122,#6123,#6124,#6125,#6126,#6127,
#6128,#6129,#6130,#6131,#6132,#6133,#6134,#6135,#6136,#6137,#6138));
#816=EDGE_LOOP('',(#6139,#6140,#6141,#6142));
#817=EDGE_LOOP('',(#6143,#6144,#6145,#6146));
#818=EDGE_LOOP('',(#6147,#6148,#6149,#6150));
#819=EDGE_LOOP('',(#6151,#6152,#6153,#6154));
#820=EDGE_LOOP('',(#6155,#6156,#6157,#6158));
#821=EDGE_LOOP('',(#6159,#6160,#6161,#6162));
#822=EDGE_LOOP('',(#6163,#6164,#6165,#6166,#6167,#6168,#6169,#6170,#6171,
#6172,#6173,#6174,#6175,#6176,#6177,#6178,#6179,#6180,#6181,#6182,#6183,
#6184,#6185,#6186,#6187,#6188,#6189,#6190));
#823=EDGE_LOOP('',(#6191,#6192,#6193,#6194));
#824=EDGE_LOOP('',(#6195,#6196,#6197,#6198));
#825=EDGE_LOOP('',(#6199,#6200,#6201,#6202));
#826=EDGE_LOOP('',(#6203,#6204,#6205,#6206));
#827=EDGE_LOOP('',(#6207,#6208,#6209,#6210));
#828=EDGE_LOOP('',(#6211,#6212,#6213,#6214));
#829=EDGE_LOOP('',(#6215,#6216,#6217,#6218));
#830=EDGE_LOOP('',(#6219,#6220,#6221,#6222));
#831=EDGE_LOOP('',(#6223,#6224,#6225,#6226));
#832=EDGE_LOOP('',(#6227,#6228,#6229,#6230));
#833=EDGE_LOOP('',(#6231,#6232,#6233,#6234));
#834=EDGE_LOOP('',(#6235,#6236,#6237,#6238));
#835=EDGE_LOOP('',(#6239,#6240,#6241,#6242));
#836=EDGE_LOOP('',(#6243,#6244,#6245,#6246));
#837=EDGE_LOOP('',(#6247,#6248,#6249,#6250));
#838=EDGE_LOOP('',(#6251,#6252,#6253,#6254));
#839=EDGE_LOOP('',(#6255,#6256,#6257,#6258));
#840=EDGE_LOOP('',(#6259,#6260,#6261,#6262));
#841=EDGE_LOOP('',(#6263,#6264,#6265,#6266));
#842=EDGE_LOOP('',(#6267,#6268,#6269,#6270));
#843=EDGE_LOOP('',(#6271,#6272,#6273,#6274));
#844=EDGE_LOOP('',(#6275,#6276,#6277,#6278));
#845=EDGE_LOOP('',(#6279,#6280,#6281,#6282));
#846=EDGE_LOOP('',(#6283,#6284,#6285,#6286));
#847=EDGE_LOOP('',(#6287,#6288,#6289,#6290));
#848=EDGE_LOOP('',(#6291,#6292,#6293,#6294));
#849=EDGE_LOOP('',(#6295,#6296,#6297,#6298));
#850=EDGE_LOOP('',(#6299,#6300,#6301,#6302,#6303,#6304));
#851=EDGE_LOOP('',(#6305,#6306,#6307,#6308));
#852=EDGE_LOOP('',(#6309,#6310,#6311,#6312,#6313,#6314));
#853=EDGE_LOOP('',(#6315,#6316,#6317,#6318));
#854=EDGE_LOOP('',(#6319,#6320,#6321,#6322));
#855=EDGE_LOOP('',(#6323,#6324,#6325,#6326));
#856=EDGE_LOOP('',(#6327,#6328,#6329,#6330,#6331,#6332));
#857=EDGE_LOOP('',(#6333,#6334,#6335,#6336));
#858=EDGE_LOOP('',(#6337,#6338,#6339,#6340,#6341,#6342));
#859=EDGE_LOOP('',(#6343,#6344,#6345,#6346));
#860=EDGE_LOOP('',(#6347,#6348,#6349,#6350));
#861=EDGE_LOOP('',(#6351,#6352,#6353,#6354));
#862=EDGE_LOOP('',(#6355,#6356,#6357,#6358));
#863=EDGE_LOOP('',(#6359,#6360,#6361,#6362));
#864=EDGE_LOOP('',(#6363,#6364,#6365,#6366));
#865=EDGE_LOOP('',(#6367,#6368,#6369,#6370));
#866=EDGE_LOOP('',(#6371,#6372,#6373,#6374));
#867=EDGE_LOOP('',(#6375,#6376,#6377,#6378));
#868=EDGE_LOOP('',(#6379,#6380,#6381,#6382));
#869=EDGE_LOOP('',(#6383,#6384,#6385,#6386));
#870=EDGE_LOOP('',(#6387,#6388,#6389,#6390));
#871=EDGE_LOOP('',(#6391,#6392,#6393,#6394));
#872=EDGE_LOOP('',(#6395,#6396,#6397,#6398));
#873=EDGE_LOOP('',(#6399,#6400,#6401,#6402));
#874=EDGE_LOOP('',(#6403,#6404,#6405,#6406));
#875=EDGE_LOOP('',(#6407,#6408,#6409,#6410));
#876=EDGE_LOOP('',(#6411,#6412,#6413,#6414));
#877=EDGE_LOOP('',(#6415,#6416,#6417,#6418));
#878=EDGE_LOOP('',(#6419,#6420,#6421,#6422));
#879=EDGE_LOOP('',(#6423,#6424,#6425,#6426));
#880=EDGE_LOOP('',(#6427,#6428,#6429,#6430));
#881=EDGE_LOOP('',(#6431,#6432,#6433,#6434));
#882=EDGE_LOOP('',(#6435,#6436,#6437,#6438));
#883=EDGE_LOOP('',(#6439,#6440,#6441,#6442));
#884=EDGE_LOOP('',(#6443,#6444,#6445,#6446));
#885=EDGE_LOOP('',(#6447,#6448,#6449,#6450));
#886=EDGE_LOOP('',(#6451,#6452,#6453,#6454));
#887=EDGE_LOOP('',(#6455,#6456,#6457,#6458));
#888=EDGE_LOOP('',(#6459,#6460,#6461,#6462));
#889=EDGE_LOOP('',(#6463,#6464,#6465,#6466));
#890=EDGE_LOOP('',(#6467,#6468,#6469,#6470));
#891=EDGE_LOOP('',(#6471,#6472,#6473,#6474));
#892=EDGE_LOOP('',(#6475,#6476,#6477,#6478));
#893=EDGE_LOOP('',(#6479,#6480,#6481,#6482));
#894=EDGE_LOOP('',(#6483,#6484,#6485,#6486));
#895=EDGE_LOOP('',(#6487,#6488,#6489,#6490));
#896=EDGE_LOOP('',(#6491,#6492,#6493,#6494));
#897=EDGE_LOOP('',(#6495,#6496,#6497,#6498));
#898=EDGE_LOOP('',(#6499,#6500,#6501,#6502));
#899=EDGE_LOOP('',(#6503,#6504,#6505,#6506));
#900=EDGE_LOOP('',(#6507,#6508,#6509,#6510));
#901=EDGE_LOOP('',(#6511,#6512,#6513,#6514));
#902=EDGE_LOOP('',(#6515,#6516,#6517,#6518));
#903=EDGE_LOOP('',(#6519,#6520,#6521,#6522));
#904=EDGE_LOOP('',(#6523,#6524,#6525,#6526));
#905=EDGE_LOOP('',(#6527,#6528,#6529,#6530));
#906=EDGE_LOOP('',(#6531,#6532,#6533,#6534));
#907=EDGE_LOOP('',(#6535,#6536,#6537,#6538));
#908=EDGE_LOOP('',(#6539,#6540,#6541,#6542));
#909=EDGE_LOOP('',(#6543,#6544,#6545,#6546));
#910=EDGE_LOOP('',(#6547,#6548,#6549,#6550,#6551,#6552));
#911=EDGE_LOOP('',(#6553,#6554,#6555,#6556));
#912=EDGE_LOOP('',(#6557,#6558,#6559,#6560,#6561,#6562));
#913=EDGE_LOOP('',(#6563,#6564,#6565,#6566));
#914=EDGE_LOOP('',(#6567,#6568,#6569,#6570));
#915=EDGE_LOOP('',(#6571,#6572,#6573,#6574));
#916=EDGE_LOOP('',(#6575,#6576,#6577,#6578));
#917=EDGE_LOOP('',(#6579,#6580,#6581,#6582));
#918=EDGE_LOOP('',(#6583,#6584,#6585,#6586));
#919=EDGE_LOOP('',(#6587,#6588,#6589,#6590));
#920=EDGE_LOOP('',(#6591,#6592,#6593,#6594));
#921=EDGE_LOOP('',(#6595,#6596,#6597,#6598,#6599,#6600,#6601,#6602,#6603,
#6604,#6605,#6606,#6607,#6608));
#922=EDGE_LOOP('',(#6609,#6610,#6611,#6612));
#923=EDGE_LOOP('',(#6613,#6614,#6615,#6616));
#924=EDGE_LOOP('',(#6617,#6618,#6619,#6620));
#925=EDGE_LOOP('',(#6621,#6622,#6623,#6624));
#926=EDGE_LOOP('',(#6625,#6626,#6627,#6628));
#927=EDGE_LOOP('',(#6629,#6630,#6631,#6632));
#928=EDGE_LOOP('',(#6633,#6634,#6635,#6636,#6637,#6638));
#929=EDGE_LOOP('',(#6639,#6640,#6641,#6642));
#930=EDGE_LOOP('',(#6643,#6644,#6645,#6646,#6647,#6648));
#931=EDGE_LOOP('',(#6649,#6650,#6651,#6652));
#932=EDGE_LOOP('',(#6653,#6654,#6655,#6656));
#933=EDGE_LOOP('',(#6657,#6658,#6659,#6660));
#934=EDGE_LOOP('',(#6661,#6662,#6663,#6664));
#935=EDGE_LOOP('',(#6665,#6666,#6667,#6668));
#936=EDGE_LOOP('',(#6669,#6670,#6671,#6672));
#937=EDGE_LOOP('',(#6673,#6674,#6675,#6676));
#938=EDGE_LOOP('',(#6677,#6678,#6679,#6680,#6681));
#939=EDGE_LOOP('',(#6682,#6683,#6684,#6685));
#940=EDGE_LOOP('',(#6686,#6687,#6688,#6689));
#941=EDGE_LOOP('',(#6690,#6691,#6692,#6693));
#942=EDGE_LOOP('',(#6694,#6695,#6696,#6697));
#943=EDGE_LOOP('',(#6698,#6699,#6700,#6701));
#944=EDGE_LOOP('',(#6702,#6703,#6704,#6705));
#945=EDGE_LOOP('',(#6706,#6707,#6708,#6709));
#946=EDGE_LOOP('',(#6710,#6711,#6712,#6713));
#947=EDGE_LOOP('',(#6714,#6715,#6716,#6717));
#948=EDGE_LOOP('',(#6718,#6719,#6720,#6721));
#949=EDGE_LOOP('',(#6722,#6723,#6724,#6725));
#950=EDGE_LOOP('',(#6726,#6727,#6728,#6729,#6730));
#951=EDGE_LOOP('',(#6731,#6732,#6733,#6734));
#952=EDGE_LOOP('',(#6735,#6736,#6737,#6738));
#953=EDGE_LOOP('',(#6739,#6740,#6741,#6742));
#954=EDGE_LOOP('',(#6743,#6744,#6745,#6746,#6747,#6748,#6749,#6750,#6751,
#6752,#6753,#6754,#6755,#6756));
#955=EDGE_LOOP('',(#6757,#6758,#6759,#6760));
#956=EDGE_LOOP('',(#6761,#6762,#6763,#6764,#6765,#6766,#6767,#6768,#6769,
#6770,#6771,#6772,#6773,#6774));
#957=EDGE_LOOP('',(#6775,#6776,#6777,#6778));
#958=EDGE_LOOP('',(#6779,#6780,#6781,#6782));
#959=EDGE_LOOP('',(#6783,#6784,#6785,#6786));
#960=EDGE_LOOP('',(#6787,#6788,#6789,#6790));
#961=EDGE_LOOP('',(#6791,#6792,#6793,#6794));
#962=EDGE_LOOP('',(#6795,#6796,#6797,#6798));
#963=EDGE_LOOP('',(#6799,#6800,#6801,#6802));
#964=EDGE_LOOP('',(#6803,#6804,#6805,#6806));
#965=EDGE_LOOP('',(#6807,#6808,#6809,#6810));
#966=EDGE_LOOP('',(#6811,#6812,#6813,#6814));
#967=EDGE_LOOP('',(#6815,#6816,#6817,#6818));
#968=EDGE_LOOP('',(#6819,#6820,#6821,#6822));
#969=EDGE_LOOP('',(#6823,#6824,#6825,#6826));
#970=EDGE_LOOP('',(#6827,#6828,#6829,#6830));
#971=EDGE_LOOP('',(#6831,#6832,#6833,#6834));
#972=EDGE_LOOP('',(#6835,#6836,#6837,#6838));
#973=EDGE_LOOP('',(#6839,#6840,#6841,#6842));
#974=EDGE_LOOP('',(#6843,#6844,#6845,#6846));
#975=EDGE_LOOP('',(#6847,#6848,#6849,#6850));
#976=EDGE_LOOP('',(#6851,#6852,#6853,#6854));
#977=EDGE_LOOP('',(#6855,#6856,#6857,#6858));
#978=EDGE_LOOP('',(#6859,#6860,#6861,#6862));
#979=EDGE_LOOP('',(#6863,#6864,#6865,#6866));
#980=EDGE_LOOP('',(#6867,#6868,#6869,#6870));
#981=EDGE_LOOP('',(#6871,#6872,#6873,#6874));
#982=EDGE_LOOP('',(#6875,#6876,#6877,#6878));
#983=EDGE_LOOP('',(#6879,#6880,#6881,#6882));
#984=EDGE_LOOP('',(#6883,#6884,#6885,#6886));
#985=EDGE_LOOP('',(#6887,#6888,#6889,#6890));
#986=EDGE_LOOP('',(#6891,#6892,#6893,#6894));
#987=EDGE_LOOP('',(#6895,#6896,#6897,#6898));
#988=EDGE_LOOP('',(#6899,#6900,#6901,#6902));
#989=EDGE_LOOP('',(#6903,#6904,#6905,#6906,#6907,#6908,#6909,#6910,#6911,
#6912));
#990=EDGE_LOOP('',(#6913,#6914,#6915,#6916));
#991=EDGE_LOOP('',(#6917,#6918,#6919,#6920,#6921,#6922,#6923,#6924,#6925,
#6926));
#992=EDGE_LOOP('',(#6927,#6928,#6929,#6930));
#993=EDGE_LOOP('',(#6931,#6932,#6933,#6934));
#994=EDGE_LOOP('',(#6935,#6936,#6937,#6938));
#995=EDGE_LOOP('',(#6939,#6940,#6941,#6942));
#996=EDGE_LOOP('',(#6943,#6944,#6945,#6946));
#997=EDGE_LOOP('',(#6947,#6948,#6949,#6950));
#998=EDGE_LOOP('',(#6951,#6952,#6953,#6954));
#999=EDGE_LOOP('',(#6955,#6956,#6957,#6958));
#1000=EDGE_LOOP('',(#6959,#6960,#6961,#6962));
#1001=EDGE_LOOP('',(#6963,#6964,#6965,#6966,#6967,#6968,#6969,#6970,#6971,
#6972));
#1002=EDGE_LOOP('',(#6973,#6974,#6975,#6976));
#1003=EDGE_LOOP('',(#6977,#6978,#6979,#6980,#6981,#6982,#6983,#6984,#6985,
#6986));
#1004=EDGE_LOOP('',(#6987,#6988,#6989,#6990));
#1005=EDGE_LOOP('',(#6991,#6992,#6993,#6994));
#1006=EDGE_LOOP('',(#6995,#6996,#6997,#6998));
#1007=EDGE_LOOP('',(#6999,#7000,#7001,#7002));
#1008=EDGE_LOOP('',(#7003,#7004,#7005,#7006));
#1009=EDGE_LOOP('',(#7007,#7008,#7009,#7010));
#1010=EDGE_LOOP('',(#7011,#7012,#7013,#7014));
#1011=EDGE_LOOP('',(#7015,#7016,#7017,#7018));
#1012=EDGE_LOOP('',(#7019,#7020,#7021,#7022));
#1013=EDGE_LOOP('',(#7023,#7024,#7025,#7026));
#1014=EDGE_LOOP('',(#7027,#7028,#7029,#7030));
#1015=EDGE_LOOP('',(#7031,#7032,#7033,#7034));
#1016=EDGE_LOOP('',(#7035,#7036,#7037,#7038));
#1017=EDGE_LOOP('',(#7039,#7040,#7041,#7042));
#1018=EDGE_LOOP('',(#7043,#7044,#7045,#7046));
#1019=EDGE_LOOP('',(#7047,#7048,#7049,#7050));
#1020=EDGE_LOOP('',(#7051,#7052,#7053,#7054));
#1021=EDGE_LOOP('',(#7055,#7056,#7057,#7058));
#1022=EDGE_LOOP('',(#7059,#7060,#7061,#7062));
#1023=EDGE_LOOP('',(#7063,#7064,#7065,#7066));
#1024=EDGE_LOOP('',(#7067,#7068,#7069,#7070));
#1025=EDGE_LOOP('',(#7071,#7072,#7073,#7074));
#1026=EDGE_LOOP('',(#7075,#7076,#7077,#7078));
#1027=EDGE_LOOP('',(#7079,#7080,#7081,#7082));
#1028=EDGE_LOOP('',(#7083,#7084,#7085,#7086));
#1029=EDGE_LOOP('',(#7087,#7088,#7089,#7090));
#1030=EDGE_LOOP('',(#7091,#7092,#7093,#7094));
#1031=EDGE_LOOP('',(#7095,#7096,#7097,#7098));
#1032=EDGE_LOOP('',(#7099,#7100,#7101,#7102));
#1033=EDGE_LOOP('',(#7103,#7104,#7105,#7106));
#1034=EDGE_LOOP('',(#7107,#7108,#7109,#7110));
#1035=EDGE_LOOP('',(#7111,#7112,#7113,#7114));
#1036=EDGE_LOOP('',(#7115,#7116,#7117,#7118));
#1037=EDGE_LOOP('',(#7119,#7120,#7121,#7122));
#1038=EDGE_LOOP('',(#7123,#7124,#7125,#7126));
#1039=EDGE_LOOP('',(#7127,#7128,#7129,#7130));
#1040=EDGE_LOOP('',(#7131,#7132,#7133,#7134));
#1041=EDGE_LOOP('',(#7135,#7136,#7137,#7138));
#1042=EDGE_LOOP('',(#7139,#7140,#7141,#7142));
#1043=EDGE_LOOP('',(#7143,#7144,#7145,#7146));
#1044=EDGE_LOOP('',(#7147,#7148,#7149,#7150));
#1045=EDGE_LOOP('',(#7151,#7152,#7153,#7154));
#1046=EDGE_LOOP('',(#7155,#7156,#7157,#7158));
#1047=EDGE_LOOP('',(#7159,#7160,#7161,#7162));
#1048=EDGE_LOOP('',(#7163,#7164,#7165,#7166));
#1049=EDGE_LOOP('',(#7167,#7168,#7169,#7170));
#1050=EDGE_LOOP('',(#7171,#7172,#7173,#7174));
#1051=EDGE_LOOP('',(#7175,#7176,#7177,#7178));
#1052=EDGE_LOOP('',(#7179,#7180,#7181,#7182));
#1053=EDGE_LOOP('',(#7183,#7184,#7185,#7186));
#1054=EDGE_LOOP('',(#7187,#7188,#7189,#7190));
#1055=EDGE_LOOP('',(#7191,#7192,#7193,#7194));
#1056=EDGE_LOOP('',(#7195,#7196,#7197,#7198));
#1057=EDGE_LOOP('',(#7199,#7200,#7201,#7202));
#1058=EDGE_LOOP('',(#7203,#7204,#7205,#7206));
#1059=EDGE_LOOP('',(#7207,#7208,#7209,#7210));
#1060=EDGE_LOOP('',(#7211,#7212,#7213,#7214));
#1061=EDGE_LOOP('',(#7215,#7216,#7217,#7218));
#1062=EDGE_LOOP('',(#7219,#7220,#7221,#7222));
#1063=EDGE_LOOP('',(#7223,#7224,#7225,#7226));
#1064=EDGE_LOOP('',(#7227,#7228,#7229,#7230));
#1065=EDGE_LOOP('',(#7231,#7232,#7233,#7234));
#1066=EDGE_LOOP('',(#7235,#7236,#7237,#7238));
#1067=EDGE_LOOP('',(#7239,#7240,#7241,#7242));
#1068=EDGE_LOOP('',(#7243,#7244,#7245,#7246));
#1069=EDGE_LOOP('',(#7247,#7248,#7249,#7250));
#1070=EDGE_LOOP('',(#7251,#7252,#7253,#7254));
#1071=EDGE_LOOP('',(#7255,#7256,#7257,#7258));
#1072=EDGE_LOOP('',(#7259,#7260,#7261,#7262));
#1073=EDGE_LOOP('',(#7263,#7264,#7265,#7266));
#1074=EDGE_LOOP('',(#7267,#7268,#7269,#7270));
#1075=EDGE_LOOP('',(#7271,#7272,#7273,#7274));
#1076=EDGE_LOOP('',(#7275,#7276,#7277,#7278));
#1077=EDGE_LOOP('',(#7279,#7280,#7281,#7282));
#1078=EDGE_LOOP('',(#7283,#7284,#7285,#7286));
#1079=EDGE_LOOP('',(#7287,#7288,#7289,#7290));
#1080=EDGE_LOOP('',(#7291,#7292,#7293,#7294));
#1081=EDGE_LOOP('',(#7295,#7296,#7297,#7298));
#1082=EDGE_LOOP('',(#7299,#7300,#7301,#7302));
#1083=EDGE_LOOP('',(#7303,#7304,#7305,#7306));
#1084=EDGE_LOOP('',(#7307,#7308,#7309,#7310));
#1085=EDGE_LOOP('',(#7311,#7312,#7313,#7314));
#1086=EDGE_LOOP('',(#7315,#7316,#7317,#7318));
#1087=EDGE_LOOP('',(#7319,#7320,#7321,#7322));
#1088=EDGE_LOOP('',(#7323,#7324,#7325,#7326));
#1089=EDGE_LOOP('',(#7327,#7328,#7329,#7330));
#1090=EDGE_LOOP('',(#7331,#7332,#7333,#7334));
#1091=EDGE_LOOP('',(#7335,#7336,#7337,#7338));
#1092=EDGE_LOOP('',(#7339,#7340,#7341,#7342));
#1093=EDGE_LOOP('',(#7343,#7344,#7345,#7346));
#1094=EDGE_LOOP('',(#7347,#7348,#7349,#7350));
#1095=EDGE_LOOP('',(#7351,#7352,#7353,#7354));
#1096=EDGE_LOOP('',(#7355,#7356,#7357,#7358));
#1097=EDGE_LOOP('',(#7359,#7360,#7361,#7362));
#1098=EDGE_LOOP('',(#7363,#7364,#7365,#7366));
#1099=EDGE_LOOP('',(#7367,#7368,#7369,#7370));
#1100=EDGE_LOOP('',(#7371,#7372,#7373,#7374));
#1101=EDGE_LOOP('',(#7375,#7376,#7377,#7378));
#1102=EDGE_LOOP('',(#7379,#7380,#7381,#7382));
#1103=EDGE_LOOP('',(#7383,#7384,#7385,#7386));
#1104=EDGE_LOOP('',(#7387,#7388,#7389,#7390));
#1105=EDGE_LOOP('',(#7391,#7392,#7393,#7394));
#1106=EDGE_LOOP('',(#7395,#7396,#7397,#7398));
#1107=EDGE_LOOP('',(#7399,#7400,#7401,#7402));
#1108=EDGE_LOOP('',(#7403,#7404,#7405,#7406));
#1109=EDGE_LOOP('',(#7407,#7408,#7409,#7410));
#1110=EDGE_LOOP('',(#7411,#7412,#7413,#7414));
#1111=EDGE_LOOP('',(#7415,#7416,#7417,#7418));
#1112=EDGE_LOOP('',(#7419,#7420,#7421,#7422));
#1113=EDGE_LOOP('',(#7423,#7424,#7425,#7426));
#1114=EDGE_LOOP('',(#7427,#7428,#7429,#7430));
#1115=EDGE_LOOP('',(#7431,#7432,#7433,#7434));
#1116=EDGE_LOOP('',(#7435,#7436,#7437,#7438));
#1117=EDGE_LOOP('',(#7439,#7440,#7441,#7442));
#1118=EDGE_LOOP('',(#7443,#7444,#7445,#7446));
#1119=EDGE_LOOP('',(#7447,#7448,#7449,#7450));
#1120=EDGE_LOOP('',(#7451,#7452,#7453,#7454));
#1121=EDGE_LOOP('',(#7455,#7456,#7457,#7458));
#1122=EDGE_LOOP('',(#7459,#7460,#7461,#7462));
#1123=EDGE_LOOP('',(#7463,#7464,#7465,#7466));
#1124=EDGE_LOOP('',(#7467,#7468,#7469,#7470));
#1125=EDGE_LOOP('',(#7471,#7472,#7473,#7474));
#1126=EDGE_LOOP('',(#7475,#7476,#7477,#7478));
#1127=EDGE_LOOP('',(#7479,#7480,#7481,#7482));
#1128=EDGE_LOOP('',(#7483,#7484,#7485,#7486));
#1129=EDGE_LOOP('',(#7487,#7488,#7489,#7490));
#1130=EDGE_LOOP('',(#7491,#7492,#7493,#7494));
#1131=EDGE_LOOP('',(#7495,#7496,#7497,#7498));
#1132=EDGE_LOOP('',(#7499,#7500,#7501,#7502));
#1133=EDGE_LOOP('',(#7503,#7504,#7505,#7506));
#1134=EDGE_LOOP('',(#7507,#7508,#7509,#7510));
#1135=EDGE_LOOP('',(#7511,#7512,#7513,#7514));
#1136=EDGE_LOOP('',(#7515,#7516,#7517,#7518));
#1137=EDGE_LOOP('',(#7519,#7520,#7521,#7522));
#1138=EDGE_LOOP('',(#7523,#7524,#7525,#7526));
#1139=EDGE_LOOP('',(#7527,#7528,#7529,#7530));
#1140=EDGE_LOOP('',(#7531,#7532,#7533,#7534));
#1141=EDGE_LOOP('',(#7535,#7536,#7537,#7538));
#1142=EDGE_LOOP('',(#7539,#7540,#7541,#7542));
#1143=EDGE_LOOP('',(#7543,#7544,#7545,#7546));
#1144=EDGE_LOOP('',(#7547,#7548,#7549,#7550));
#1145=EDGE_LOOP('',(#7551,#7552,#7553,#7554));
#1146=EDGE_LOOP('',(#7555,#7556,#7557,#7558));
#1147=EDGE_LOOP('',(#7559,#7560,#7561,#7562));
#1148=EDGE_LOOP('',(#7563,#7564,#7565,#7566));
#1149=EDGE_LOOP('',(#7567,#7568,#7569,#7570));
#1150=EDGE_LOOP('',(#7571,#7572,#7573,#7574));
#1151=EDGE_LOOP('',(#7575,#7576,#7577,#7578));
#1152=EDGE_LOOP('',(#7579,#7580,#7581,#7582));
#1153=EDGE_LOOP('',(#7583,#7584,#7585,#7586));
#1154=EDGE_LOOP('',(#7587,#7588,#7589,#7590));
#1155=EDGE_LOOP('',(#7591,#7592,#7593,#7594));
#1156=EDGE_LOOP('',(#7595,#7596,#7597,#7598));
#1157=EDGE_LOOP('',(#7599,#7600,#7601,#7602));
#1158=EDGE_LOOP('',(#7603,#7604,#7605,#7606));
#1159=EDGE_LOOP('',(#7607,#7608,#7609,#7610));
#1160=EDGE_LOOP('',(#7611,#7612,#7613,#7614));
#1161=EDGE_LOOP('',(#7615,#7616,#7617,#7618));
#1162=EDGE_LOOP('',(#7619,#7620,#7621,#7622,#7623,#7624,#7625,#7626,#7627,
#7628,#7629,#7630,#7631,#7632));
#1163=EDGE_LOOP('',(#7633,#7634,#7635,#7636));
#1164=EDGE_LOOP('',(#7637,#7638,#7639,#7640,#7641,#7642,#7643,#7644,#7645,
#7646,#7647,#7648,#7649,#7650));
#1165=EDGE_LOOP('',(#7651,#7652,#7653,#7654));
#1166=EDGE_LOOP('',(#7655,#7656,#7657,#7658));
#1167=EDGE_LOOP('',(#7659,#7660,#7661,#7662));
#1168=EDGE_LOOP('',(#7663,#7664,#7665,#7666));
#1169=EDGE_LOOP('',(#7667,#7668,#7669,#7670));
#1170=EDGE_LOOP('',(#7671,#7672,#7673,#7674));
#1171=EDGE_LOOP('',(#7675,#7676,#7677,#7678));
#1172=EDGE_LOOP('',(#7679,#7680,#7681,#7682));
#1173=EDGE_LOOP('',(#7683,#7684,#7685,#7686));
#1174=EDGE_LOOP('',(#7687,#7688,#7689,#7690));
#1175=EDGE_LOOP('',(#7691,#7692,#7693,#7694));
#1176=EDGE_LOOP('',(#7695,#7696,#7697,#7698));
#1177=EDGE_LOOP('',(#7699,#7700,#7701,#7702,#7703,#7704));
#1178=EDGE_LOOP('',(#7705,#7706,#7707,#7708));
#1179=EDGE_LOOP('',(#7709,#7710,#7711,#7712));
#1180=EDGE_LOOP('',(#7713,#7714,#7715,#7716));
#1181=EDGE_LOOP('',(#7717,#7718,#7719,#7720));
#1182=EDGE_LOOP('',(#7721,#7722,#7723,#7724));
#1183=EDGE_LOOP('',(#7725,#7726,#7727,#7728));
#1184=EDGE_LOOP('',(#7729,#7730,#7731,#7732,#7733,#7734));
#1185=EDGE_LOOP('',(#7735,#7736,#7737,#7738,#7739,#7740));
#1186=EDGE_LOOP('',(#7741,#7742,#7743,#7744));
#1187=EDGE_LOOP('',(#7745,#7746,#7747,#7748));
#1188=EDGE_LOOP('',(#7749,#7750,#7751,#7752));
#1189=EDGE_LOOP('',(#7753,#7754,#7755,#7756));
#1190=EDGE_LOOP('',(#7757,#7758,#7759,#7760));
#1191=EDGE_LOOP('',(#7761,#7762,#7763,#7764));
#1192=EDGE_LOOP('',(#7765,#7766,#7767,#7768,#7769,#7770));
#1193=EDGE_LOOP('',(#7771,#7772,#7773,#7774,#7775,#7776));
#1194=EDGE_LOOP('',(#7777,#7778,#7779,#7780));
#1195=EDGE_LOOP('',(#7781,#7782,#7783,#7784));
#1196=EDGE_LOOP('',(#7785,#7786,#7787,#7788));
#1197=EDGE_LOOP('',(#7789,#7790,#7791,#7792));
#1198=EDGE_LOOP('',(#7793,#7794,#7795,#7796));
#1199=EDGE_LOOP('',(#7797,#7798,#7799,#7800));
#1200=EDGE_LOOP('',(#7801,#7802,#7803,#7804,#7805,#7806));
#1201=EDGE_LOOP('',(#7807,#7808,#7809,#7810,#7811,#7812));
#1202=EDGE_LOOP('',(#7813,#7814,#7815,#7816));
#1203=EDGE_LOOP('',(#7817,#7818,#7819,#7820));
#1204=EDGE_LOOP('',(#7821,#7822,#7823,#7824));
#1205=EDGE_LOOP('',(#7825,#7826,#7827,#7828));
#1206=EDGE_LOOP('',(#7829,#7830,#7831,#7832));
#1207=EDGE_LOOP('',(#7833,#7834,#7835,#7836));
#1208=EDGE_LOOP('',(#7837,#7838,#7839,#7840,#7841,#7842));
#1209=EDGE_LOOP('',(#7843,#7844,#7845,#7846));
#1210=EDGE_LOOP('',(#7847));
#1211=EDGE_LOOP('',(#7848));
#1212=CIRCLE('',#8803,0.1);
#1213=CIRCLE('',#8804,0.1);
#1214=CIRCLE('',#8805,0.1);
#1215=CIRCLE('',#8806,0.1);
#1216=CIRCLE('',#8807,0.1);
#1217=CIRCLE('',#8808,0.1);
#1218=CIRCLE('',#8809,0.1);
#1219=CIRCLE('',#8810,0.1);
#1220=CIRCLE('',#8811,0.1);
#1221=CIRCLE('',#8812,0.1);
#1222=CIRCLE('',#8813,0.1);
#1223=CIRCLE('',#8814,0.1);
#1224=CIRCLE('',#8815,0.1);
#1225=CIRCLE('',#8816,0.1);
#1226=CIRCLE('',#8817,0.1);
#1227=CIRCLE('',#8818,0.1);
#1228=CIRCLE('',#8819,0.1);
#1229=CIRCLE('',#8820,0.1);
#1230=CIRCLE('',#8821,0.1);
#1231=CIRCLE('',#8822,0.1);
#1232=CIRCLE('',#8823,0.1);
#1233=CIRCLE('',#8824,0.1);
#1234=CIRCLE('',#8825,0.1);
#1235=CIRCLE('',#8826,0.1);
#1236=CIRCLE('',#8827,0.1);
#1237=CIRCLE('',#8828,0.1);
#1238=CIRCLE('',#8829,0.1);
#1239=CIRCLE('',#8830,0.1);
#1240=CIRCLE('',#8831,0.1);
#1241=CIRCLE('',#8832,0.1);
#1242=CIRCLE('',#8833,0.1);
#1243=CIRCLE('',#8834,0.1);
#1244=CIRCLE('',#8835,0.1);
#1245=CIRCLE('',#8836,0.1);
#1246=CIRCLE('',#8837,0.1);
#1247=CIRCLE('',#8838,0.1);
#1248=CIRCLE('',#8863,0.1);
#1249=CIRCLE('',#8868,0.1);
#1250=CIRCLE('',#8873,0.1);
#1251=CIRCLE('',#8878,0.1);
#1252=CIRCLE('',#8881,0.1);
#1253=CIRCLE('',#8889,0.1);
#1254=CIRCLE('',#8892,0.1);
#1255=CIRCLE('',#8900,0.1);
#1256=CIRCLE('',#8905,0.1);
#1257=CIRCLE('',#8910,0.1);
#1258=CIRCLE('',#8915,0.1);
#1259=CIRCLE('',#8920,0.1);
#1260=CIRCLE('',#8925,0.1);
#1261=CIRCLE('',#8933,0.1);
#1262=CIRCLE('',#8934,0.1);
#1263=CIRCLE('',#8945,0.1);
#1264=CIRCLE('',#8953,0.1);
#1265=CIRCLE('',#8958,0.1);
#1266=CIRCLE('',#8963,0.1);
#1267=CIRCLE('',#8968,0.1);
#1268=CIRCLE('',#8973,0.1);
#1269=CIRCLE('',#8978,0.1);
#1270=CIRCLE('',#8995,0.1);
#1271=CIRCLE('',#9000,0.1);
#1272=CIRCLE('',#9005,0.1);
#1273=CIRCLE('',#9010,0.1);
#1274=CIRCLE('',#9015,0.1);
#1275=CIRCLE('',#9020,0.1);
#1276=CIRCLE('',#9025,0.1);
#1277=CIRCLE('',#9030,0.1);
#1278=CIRCLE('',#9035,0.1);
#1279=CIRCLE('',#9040,0.1);
#1280=CIRCLE('',#9045,0.1);
#1281=CIRCLE('',#9050,0.1);
#1282=CIRCLE('',#9061,0.1);
#1283=CIRCLE('',#9064,0.1);
#1284=CIRCLE('',#9098,0.1);
#1285=CIRCLE('',#9099,0.1);
#1286=CIRCLE('',#9101,0.1);
#1287=CIRCLE('',#9104,0.1);
#1288=CIRCLE('',#9118,0.1);
#1289=CIRCLE('',#9123,0.1);
#1290=CIRCLE('',#9126,0.1);
#1291=CIRCLE('',#9131,0.1);
#1292=CIRCLE('',#9134,0.1);
#1293=CIRCLE('',#9139,0.1);
#1294=CIRCLE('',#9144,0.1);
#1295=CIRCLE('',#9145,0.1);
#1296=CIRCLE('',#9148,0.1);
#1297=CIRCLE('',#9149,0.1);
#1298=CIRCLE('',#9160,0.1);
#1299=CIRCLE('',#9161,0.1);
#1300=CIRCLE('',#9164,0.1);
#1301=CIRCLE('',#9165,0.1);
#1302=CIRCLE('',#9174,0.1);
#1303=CIRCLE('',#9179,0.1);
#1304=CIRCLE('',#9182,0.1);
#1305=CIRCLE('',#9185,0.1);
#1306=CIRCLE('',#9190,0.1);
#1307=CIRCLE('',#9193,0.1);
#1308=CIRCLE('',#9198,0.1);
#1309=CIRCLE('',#9201,0.1);
#1310=CIRCLE('',#9206,0.1);
#1311=CIRCLE('',#9209,0.1);
#1312=CIRCLE('',#9214,0.1);
#1313=CIRCLE('',#9217,0.1);
#1314=CIRCLE('',#9222,0.1);
#1315=CIRCLE('',#9225,0.1);
#1316=CIRCLE('',#9230,0.1);
#1317=CIRCLE('',#9233,0.1);
#1318=CIRCLE('',#9238,0.1);
#1319=CIRCLE('',#9241,0.1);
#1320=CIRCLE('',#9246,0.1);
#1321=CIRCLE('',#9251,0.1);
#1322=CIRCLE('',#9254,0.1);
#1323=CIRCLE('',#9259,0.1);
#1324=CIRCLE('',#9262,0.1);
#1325=CIRCLE('',#9265,0.1);
#1326=CIRCLE('',#9270,0.1);
#1327=CIRCLE('',#9273,0.1);
#1328=CIRCLE('',#9278,0.1);
#1329=CIRCLE('',#9283,0.1);
#1330=CIRCLE('',#9286,0.1);
#1331=CIRCLE('',#9291,0.1);
#1332=CIRCLE('',#9294,0.1);
#1333=CIRCLE('',#9299,0.1);
#1334=CIRCLE('',#9302,0.1);
#1335=CIRCLE('',#9305,0.1);
#1336=CIRCLE('',#9310,0.1);
#1337=CIRCLE('',#9313,0.1);
#1338=CIRCLE('',#9318,0.1);
#1339=CIRCLE('',#9321,0.1);
#1340=CIRCLE('',#9326,0.1);
#1341=CIRCLE('',#9328,0.1);
#1342=CIRCLE('',#9334,0.1);
#1343=CIRCLE('',#9336,0.1);
#1344=CIRCLE('',#9342,0.1);
#1345=CIRCLE('',#9344,0.1);
#1346=CIRCLE('',#9350,0.1);
#1347=CIRCLE('',#9352,0.1);
#1348=CIRCLE('',#9358,0.1);
#1349=CIRCLE('',#9360,0.1);
#1350=CIRCLE('',#9366,0.1);
#1351=CIRCLE('',#9368,0.1);
#1352=CIRCLE('',#9374,0.1);
#1353=CIRCLE('',#9375,0.1);
#1354=CIRCLE('',#9377,0.1);
#1355=CIRCLE('',#9380,0.1);
#1356=CIRCLE('',#9426,0.125);
#1357=CIRCLE('',#9427,0.125);
#1358=LINE('',#11752,#2409);
#1359=LINE('',#11756,#2410);
#1360=LINE('',#11758,#2411);
#1361=LINE('',#11760,#2412);
#1362=LINE('',#11764,#2413);
#1363=LINE('',#11766,#2414);
#1364=LINE('',#11768,#2415);
#1365=LINE('',#11772,#2416);
#1366=LINE('',#11774,#2417);
#1367=LINE('',#11776,#2418);
#1368=LINE('',#11780,#2419);
#1369=LINE('',#11784,#2420);
#1370=LINE('',#11786,#2421);
#1371=LINE('',#11788,#2422);
#1372=LINE('',#11792,#2423);
#1373=LINE('',#11796,#2424);
#1374=LINE('',#11798,#2425);
#1375=LINE('',#11800,#2426);
#1376=LINE('',#11804,#2427);
#1377=LINE('',#11806,#2428);
#1378=LINE('',#11808,#2429);
#1379=LINE('',#11812,#2430);
#1380=LINE('',#11814,#2431);
#1381=LINE('',#11816,#2432);
#1382=LINE('',#11820,#2433);
#1383=LINE('',#11822,#2434);
#1384=LINE('',#11824,#2435);
#1385=LINE('',#11828,#2436);
#1386=LINE('',#11830,#2437);
#1387=LINE('',#11832,#2438);
#1388=LINE('',#11836,#2439);
#1389=LINE('',#11838,#2440);
#1390=LINE('',#11840,#2441);
#1391=LINE('',#11844,#2442);
#1392=LINE('',#11846,#2443);
#1393=LINE('',#11848,#2444);
#1394=LINE('',#11850,#2445);
#1395=LINE('',#11854,#2446);
#1396=LINE('',#11858,#2447);
#1397=LINE('',#11860,#2448);
#1398=LINE('',#11862,#2449);
#1399=LINE('',#11866,#2450);
#1400=LINE('',#11870,#2451);
#1401=LINE('',#11872,#2452);
#1402=LINE('',#11874,#2453);
#1403=LINE('',#11876,#2454);
#1404=LINE('',#11880,#2455);
#1405=LINE('',#11882,#2456);
#1406=LINE('',#11884,#2457);
#1407=LINE('',#11888,#2458);
#1408=LINE('',#11890,#2459);
#1409=LINE('',#11892,#2460);
#1410=LINE('',#11896,#2461);
#1411=LINE('',#11898,#2462);
#1412=LINE('',#11900,#2463);
#1413=LINE('',#11904,#2464);
#1414=LINE('',#11906,#2465);
#1415=LINE('',#11908,#2466);
#1416=LINE('',#11912,#2467);
#1417=LINE('',#11914,#2468);
#1418=LINE('',#11916,#2469);
#1419=LINE('',#11920,#2470);
#1420=LINE('',#11922,#2471);
#1421=LINE('',#11924,#2472);
#1422=LINE('',#11928,#2473);
#1423=LINE('',#11930,#2474);
#1424=LINE('',#11932,#2475);
#1425=LINE('',#11936,#2476);
#1426=LINE('',#11938,#2477);
#1427=LINE('',#11940,#2478);
#1428=LINE('',#11944,#2479);
#1429=LINE('',#11946,#2480);
#1430=LINE('',#11948,#2481);
#1431=LINE('',#11952,#2482);
#1432=LINE('',#11954,#2483);
#1433=LINE('',#11956,#2484);
#1434=LINE('',#11960,#2485);
#1435=LINE('',#11962,#2486);
#1436=LINE('',#11964,#2487);
#1437=LINE('',#11968,#2488);
#1438=LINE('',#11970,#2489);
#1439=LINE('',#11972,#2490);
#1440=LINE('',#11976,#2491);
#1441=LINE('',#11978,#2492);
#1442=LINE('',#11980,#2493);
#1443=LINE('',#11982,#2494);
#1444=LINE('',#11986,#2495);
#1445=LINE('',#11988,#2496);
#1446=LINE('',#11990,#2497);
#1447=LINE('',#11994,#2498);
#1448=LINE('',#11996,#2499);
#1449=LINE('',#11998,#2500);
#1450=LINE('',#12002,#2501);
#1451=LINE('',#12004,#2502);
#1452=LINE('',#12006,#2503);
#1453=LINE('',#12010,#2504);
#1454=LINE('',#12012,#2505);
#1455=LINE('',#12014,#2506);
#1456=LINE('',#12018,#2507);
#1457=LINE('',#12020,#2508);
#1458=LINE('',#12022,#2509);
#1459=LINE('',#12026,#2510);
#1460=LINE('',#12028,#2511);
#1461=LINE('',#12029,#2512);
#1462=LINE('',#12032,#2513);
#1463=LINE('',#12034,#2514);
#1464=LINE('',#12036,#2515);
#1465=LINE('',#12038,#2516);
#1466=LINE('',#12039,#2517);
#1467=LINE('',#12042,#2518);
#1468=LINE('',#12044,#2519);
#1469=LINE('',#12046,#2520);
#1470=LINE('',#12047,#2521);
#1471=LINE('',#12051,#2522);
#1472=LINE('',#12053,#2523);
#1473=LINE('',#12055,#2524);
#1474=LINE('',#12056,#2525);
#1475=LINE('',#12060,#2526);
#1476=LINE('',#12062,#2527);
#1477=LINE('',#12064,#2528);
#1478=LINE('',#12065,#2529);
#1479=LINE('',#12069,#2530);
#1480=LINE('',#12071,#2531);
#1481=LINE('',#12073,#2532);
#1482=LINE('',#12074,#2533);
#1483=LINE('',#12078,#2534);
#1484=LINE('',#12080,#2535);
#1485=LINE('',#12082,#2536);
#1486=LINE('',#12083,#2537);
#1487=LINE('',#12087,#2538);
#1488=LINE('',#12089,#2539);
#1489=LINE('',#12091,#2540);
#1490=LINE('',#12092,#2541);
#1491=LINE('',#12096,#2542);
#1492=LINE('',#12098,#2543);
#1493=LINE('',#12100,#2544);
#1494=LINE('',#12101,#2545);
#1495=LINE('',#12104,#2546);
#1496=LINE('',#12106,#2547);
#1497=LINE('',#12107,#2548);
#1498=LINE('',#12110,#2549);
#1499=LINE('',#12111,#2550);
#1500=LINE('',#12114,#2551);
#1501=LINE('',#12115,#2552);
#1502=LINE('',#12118,#2553);
#1503=LINE('',#12119,#2554);
#1504=LINE('',#12121,#2555);
#1505=LINE('',#12125,#2556);
#1506=LINE('',#12127,#2557);
#1507=LINE('',#12129,#2558);
#1508=LINE('',#12130,#2559);
#1509=LINE('',#12133,#2560);
#1510=LINE('',#12135,#2561);
#1511=LINE('',#12137,#2562);
#1512=LINE('',#12138,#2563);
#1513=LINE('',#12141,#2564);
#1514=LINE('',#12143,#2565);
#1515=LINE('',#12144,#2566);
#1516=LINE('',#12147,#2567);
#1517=LINE('',#12148,#2568);
#1518=LINE('',#12151,#2569);
#1519=LINE('',#12152,#2570);
#1520=LINE('',#12154,#2571);
#1521=LINE('',#12157,#2572);
#1522=LINE('',#12158,#2573);
#1523=LINE('',#12160,#2574);
#1524=LINE('',#12162,#2575);
#1525=LINE('',#12166,#2576);
#1526=LINE('',#12168,#2577);
#1527=LINE('',#12169,#2578);
#1528=LINE('',#12172,#2579);
#1529=LINE('',#12174,#2580);
#1530=LINE('',#12176,#2581);
#1531=LINE('',#12177,#2582);
#1532=LINE('',#12179,#2583);
#1533=LINE('',#12181,#2584);
#1534=LINE('',#12182,#2585);
#1535=LINE('',#12184,#2586);
#1536=LINE('',#12186,#2587);
#1537=LINE('',#12187,#2588);
#1538=LINE('',#12189,#2589);
#1539=LINE('',#12191,#2590);
#1540=LINE('',#12192,#2591);
#1541=LINE('',#12194,#2592);
#1542=LINE('',#12196,#2593);
#1543=LINE('',#12197,#2594);
#1544=LINE('',#12199,#2595);
#1545=LINE('',#12201,#2596);
#1546=LINE('',#12202,#2597);
#1547=LINE('',#12204,#2598);
#1548=LINE('',#12206,#2599);
#1549=LINE('',#12207,#2600);
#1550=LINE('',#12209,#2601);
#1551=LINE('',#12211,#2602);
#1552=LINE('',#12212,#2603);
#1553=LINE('',#12214,#2604);
#1554=LINE('',#12216,#2605);
#1555=LINE('',#12217,#2606);
#1556=LINE('',#12219,#2607);
#1557=LINE('',#12221,#2608);
#1558=LINE('',#12222,#2609);
#1559=LINE('',#12224,#2610);
#1560=LINE('',#12226,#2611);
#1561=LINE('',#12227,#2612);
#1562=LINE('',#12229,#2613);
#1563=LINE('',#12231,#2614);
#1564=LINE('',#12232,#2615);
#1565=LINE('',#12234,#2616);
#1566=LINE('',#12236,#2617);
#1567=LINE('',#12237,#2618);
#1568=LINE('',#12238,#2619);
#1569=LINE('',#12241,#2620);
#1570=LINE('',#12243,#2621);
#1571=LINE('',#12245,#2622);
#1572=LINE('',#12246,#2623);
#1573=LINE('',#12249,#2624);
#1574=LINE('',#12251,#2625);
#1575=LINE('',#12253,#2626);
#1576=LINE('',#12254,#2627);
#1577=LINE('',#12257,#2628);
#1578=LINE('',#12260,#2629);
#1579=LINE('',#12264,#2630);
#1580=LINE('',#12265,#2631);
#1581=LINE('',#12269,#2632);
#1582=LINE('',#12271,#2633);
#1583=LINE('',#12275,#2634);
#1584=LINE('',#12276,#2635);
#1585=LINE('',#12280,#2636);
#1586=LINE('',#12282,#2637);
#1587=LINE('',#12286,#2638);
#1588=LINE('',#12287,#2639);
#1589=LINE('',#12291,#2640);
#1590=LINE('',#12294,#2641);
#1591=LINE('',#12295,#2642);
#1592=LINE('',#12298,#2643);
#1593=LINE('',#12301,#2644);
#1594=LINE('',#12304,#2645);
#1595=LINE('',#12306,#2646);
#1596=LINE('',#12307,#2647);
#1597=LINE('',#12309,#2648);
#1598=LINE('',#12311,#2649);
#1599=LINE('',#12315,#2650);
#1600=LINE('',#12316,#2651);
#1601=LINE('',#12320,#2652);
#1602=LINE('',#12323,#2653);
#1603=LINE('',#12324,#2654);
#1604=LINE('',#12327,#2655);
#1605=LINE('',#12330,#2656);
#1606=LINE('',#12333,#2657);
#1607=LINE('',#12335,#2658);
#1608=LINE('',#12336,#2659);
#1609=LINE('',#12338,#2660);
#1610=LINE('',#12340,#2661);
#1611=LINE('',#12344,#2662);
#1612=LINE('',#12345,#2663);
#1613=LINE('',#12349,#2664);
#1614=LINE('',#12351,#2665);
#1615=LINE('',#12355,#2666);
#1616=LINE('',#12356,#2667);
#1617=LINE('',#12360,#2668);
#1618=LINE('',#12362,#2669);
#1619=LINE('',#12366,#2670);
#1620=LINE('',#12367,#2671);
#1621=LINE('',#12371,#2672);
#1622=LINE('',#12373,#2673);
#1623=LINE('',#12377,#2674);
#1624=LINE('',#12378,#2675);
#1625=LINE('',#12382,#2676);
#1626=LINE('',#12384,#2677);
#1627=LINE('',#12388,#2678);
#1628=LINE('',#12389,#2679);
#1629=LINE('',#12393,#2680);
#1630=LINE('',#12395,#2681);
#1631=LINE('',#12399,#2682);
#1632=LINE('',#12400,#2683);
#1633=LINE('',#12404,#2684);
#1634=LINE('',#12406,#2685);
#1635=LINE('',#12410,#2686);
#1636=LINE('',#12412,#2687);
#1637=LINE('',#12414,#2688);
#1638=LINE('',#12415,#2689);
#1639=LINE('',#12417,#2690);
#1640=LINE('',#12419,#2691);
#1641=LINE('',#12420,#2692);
#1642=LINE('',#12422,#2693);
#1643=LINE('',#12424,#2694);
#1644=LINE('',#12425,#2695);
#1645=LINE('',#12427,#2696);
#1646=LINE('',#12429,#2697);
#1647=LINE('',#12430,#2698);
#1648=LINE('',#12432,#2699);
#1649=LINE('',#12434,#2700);
#1650=LINE('',#12435,#2701);
#1651=LINE('',#12437,#2702);
#1652=LINE('',#12438,#2703);
#1653=LINE('',#12440,#2704);
#1654=LINE('',#12441,#2705);
#1655=LINE('',#12444,#2706);
#1656=LINE('',#12446,#2707);
#1657=LINE('',#12448,#2708);
#1658=LINE('',#12449,#2709);
#1659=LINE('',#12452,#2710);
#1660=LINE('',#12454,#2711);
#1661=LINE('',#12456,#2712);
#1662=LINE('',#12457,#2713);
#1663=LINE('',#12460,#2714);
#1664=LINE('',#12461,#2715);
#1665=LINE('',#12464,#2716);
#1666=LINE('',#12465,#2717);
#1667=LINE('',#12467,#2718);
#1668=LINE('',#12470,#2719);
#1669=LINE('',#12474,#2720);
#1670=LINE('',#12477,#2721);
#1671=LINE('',#12479,#2722);
#1672=LINE('',#12481,#2723);
#1673=LINE('',#12482,#2724);
#1674=LINE('',#12484,#2725);
#1675=LINE('',#12486,#2726);
#1676=LINE('',#12489,#2727);
#1677=LINE('',#12491,#2728);
#1678=LINE('',#12493,#2729);
#1679=LINE('',#12495,#2730);
#1680=LINE('',#12500,#2731);
#1681=LINE('',#12501,#2732);
#1682=LINE('',#12503,#2733);
#1683=LINE('',#12505,#2734);
#1684=LINE('',#12506,#2735);
#1685=LINE('',#12508,#2736);
#1686=LINE('',#12510,#2737);
#1687=LINE('',#12511,#2738);
#1688=LINE('',#12513,#2739);
#1689=LINE('',#12515,#2740);
#1690=LINE('',#12516,#2741);
#1691=LINE('',#12518,#2742);
#1692=LINE('',#12520,#2743);
#1693=LINE('',#12521,#2744);
#1694=LINE('',#12523,#2745);
#1695=LINE('',#12525,#2746);
#1696=LINE('',#12526,#2747);
#1697=LINE('',#12528,#2748);
#1698=LINE('',#12530,#2749);
#1699=LINE('',#12531,#2750);
#1700=LINE('',#12533,#2751);
#1701=LINE('',#12535,#2752);
#1702=LINE('',#12536,#2753);
#1703=LINE('',#12538,#2754);
#1704=LINE('',#12540,#2755);
#1705=LINE('',#12541,#2756);
#1706=LINE('',#12543,#2757);
#1707=LINE('',#12545,#2758);
#1708=LINE('',#12546,#2759);
#1709=LINE('',#12548,#2760);
#1710=LINE('',#12550,#2761);
#1711=LINE('',#12551,#2762);
#1712=LINE('',#12553,#2763);
#1713=LINE('',#12555,#2764);
#1714=LINE('',#12556,#2765);
#1715=LINE('',#12558,#2766);
#1716=LINE('',#12560,#2767);
#1717=LINE('',#12561,#2768);
#1718=LINE('',#12563,#2769);
#1719=LINE('',#12564,#2770);
#1720=LINE('',#12565,#2771);
#1721=LINE('',#12568,#2772);
#1722=LINE('',#12570,#2773);
#1723=LINE('',#12572,#2774);
#1724=LINE('',#12573,#2775);
#1725=LINE('',#12576,#2776);
#1726=LINE('',#12578,#2777);
#1727=LINE('',#12580,#2778);
#1728=LINE('',#12581,#2779);
#1729=LINE('',#12584,#2780);
#1730=LINE('',#12587,#2781);
#1731=LINE('',#12589,#2782);
#1732=LINE('',#12591,#2783);
#1733=LINE('',#12595,#2784);
#1734=LINE('',#12597,#2785);
#1735=LINE('',#12598,#2786);
#1736=LINE('',#12600,#2787);
#1737=LINE('',#12602,#2788);
#1738=LINE('',#12603,#2789);
#1739=LINE('',#12605,#2790);
#1740=LINE('',#12607,#2791);
#1741=LINE('',#12608,#2792);
#1742=LINE('',#12610,#2793);
#1743=LINE('',#12612,#2794);
#1744=LINE('',#12613,#2795);
#1745=LINE('',#12615,#2796);
#1746=LINE('',#12617,#2797);
#1747=LINE('',#12618,#2798);
#1748=LINE('',#12620,#2799);
#1749=LINE('',#12622,#2800);
#1750=LINE('',#12623,#2801);
#1751=LINE('',#12624,#2802);
#1752=LINE('',#12627,#2803);
#1753=LINE('',#12629,#2804);
#1754=LINE('',#12631,#2805);
#1755=LINE('',#12632,#2806);
#1756=LINE('',#12635,#2807);
#1757=LINE('',#12637,#2808);
#1758=LINE('',#12639,#2809);
#1759=LINE('',#12640,#2810);
#1760=LINE('',#12644,#2811);
#1761=LINE('',#12645,#2812);
#1762=LINE('',#12649,#2813);
#1763=LINE('',#12651,#2814);
#1764=LINE('',#12655,#2815);
#1765=LINE('',#12656,#2816);
#1766=LINE('',#12660,#2817);
#1767=LINE('',#12662,#2818);
#1768=LINE('',#12666,#2819);
#1769=LINE('',#12667,#2820);
#1770=LINE('',#12671,#2821);
#1771=LINE('',#12673,#2822);
#1772=LINE('',#12677,#2823);
#1773=LINE('',#12678,#2824);
#1774=LINE('',#12682,#2825);
#1775=LINE('',#12684,#2826);
#1776=LINE('',#12688,#2827);
#1777=LINE('',#12689,#2828);
#1778=LINE('',#12693,#2829);
#1779=LINE('',#12695,#2830);
#1780=LINE('',#12699,#2831);
#1781=LINE('',#12700,#2832);
#1782=LINE('',#12704,#2833);
#1783=LINE('',#12706,#2834);
#1784=LINE('',#12710,#2835);
#1785=LINE('',#12711,#2836);
#1786=LINE('',#12713,#2837);
#1787=LINE('',#12714,#2838);
#1788=LINE('',#12717,#2839);
#1789=LINE('',#12718,#2840);
#1790=LINE('',#12720,#2841);
#1791=LINE('',#12722,#2842);
#1792=LINE('',#12723,#2843);
#1793=LINE('',#12725,#2844);
#1794=LINE('',#12730,#2845);
#1795=LINE('',#12731,#2846);
#1796=LINE('',#12733,#2847);
#1797=LINE('',#12734,#2848);
#1798=LINE('',#12737,#2849);
#1799=LINE('',#12738,#2850);
#1800=LINE('',#12740,#2851);
#1801=LINE('',#12742,#2852);
#1802=LINE('',#12743,#2853);
#1803=LINE('',#12745,#2854);
#1804=LINE('',#12750,#2855);
#1805=LINE('',#12751,#2856);
#1806=LINE('',#12754,#2857);
#1807=LINE('',#12757,#2858);
#1808=LINE('',#12761,#2859);
#1809=LINE('',#12762,#2860);
#1810=LINE('',#12765,#2861);
#1811=LINE('',#12768,#2862);
#1812=LINE('',#12772,#2863);
#1813=LINE('',#12773,#2864);
#1814=LINE('',#12776,#2865);
#1815=LINE('',#12779,#2866);
#1816=LINE('',#12783,#2867);
#1817=LINE('',#12784,#2868);
#1818=LINE('',#12787,#2869);
#1819=LINE('',#12790,#2870);
#1820=LINE('',#12794,#2871);
#1821=LINE('',#12795,#2872);
#1822=LINE('',#12798,#2873);
#1823=LINE('',#12801,#2874);
#1824=LINE('',#12805,#2875);
#1825=LINE('',#12806,#2876);
#1826=LINE('',#12809,#2877);
#1827=LINE('',#12812,#2878);
#1828=LINE('',#12816,#2879);
#1829=LINE('',#12817,#2880);
#1830=LINE('',#12820,#2881);
#1831=LINE('',#12823,#2882);
#1832=LINE('',#12827,#2883);
#1833=LINE('',#12828,#2884);
#1834=LINE('',#12831,#2885);
#1835=LINE('',#12834,#2886);
#1836=LINE('',#12838,#2887);
#1837=LINE('',#12839,#2888);
#1838=LINE('',#12842,#2889);
#1839=LINE('',#12845,#2890);
#1840=LINE('',#12849,#2891);
#1841=LINE('',#12850,#2892);
#1842=LINE('',#12853,#2893);
#1843=LINE('',#12856,#2894);
#1844=LINE('',#12860,#2895);
#1845=LINE('',#12861,#2896);
#1846=LINE('',#12864,#2897);
#1847=LINE('',#12867,#2898);
#1848=LINE('',#12871,#2899);
#1849=LINE('',#12872,#2900);
#1850=LINE('',#12875,#2901);
#1851=LINE('',#12878,#2902);
#1852=LINE('',#12882,#2903);
#1853=LINE('',#12883,#2904);
#1854=LINE('',#12885,#2905);
#1855=LINE('',#12886,#2906);
#1856=LINE('',#12889,#2907);
#1857=LINE('',#12890,#2908);
#1858=LINE('',#12892,#2909);
#1859=LINE('',#12894,#2910);
#1860=LINE('',#12895,#2911);
#1861=LINE('',#12897,#2912);
#1862=LINE('',#12902,#2913);
#1863=LINE('',#12903,#2914);
#1864=LINE('',#12907,#2915);
#1865=LINE('',#12910,#2916);
#1866=LINE('',#12911,#2917);
#1867=LINE('',#12915,#2918);
#1868=LINE('',#12917,#2919);
#1869=LINE('',#12920,#2920);
#1870=LINE('',#12922,#2921);
#1871=LINE('',#12923,#2922);
#1872=LINE('',#12925,#2923);
#1873=LINE('',#12927,#2924);
#1874=LINE('',#12928,#2925);
#1875=LINE('',#12930,#2926);
#1876=LINE('',#12932,#2927);
#1877=LINE('',#12935,#2928);
#1878=LINE('',#12937,#2929);
#1879=LINE('',#12941,#2930);
#1880=LINE('',#12942,#2931);
#1881=LINE('',#12944,#2932);
#1882=LINE('',#12945,#2933);
#1883=LINE('',#12948,#2934);
#1884=LINE('',#12949,#2935);
#1885=LINE('',#12951,#2936);
#1886=LINE('',#12953,#2937);
#1887=LINE('',#12954,#2938);
#1888=LINE('',#12956,#2939);
#1889=LINE('',#12963,#2940);
#1890=LINE('',#12965,#2941);
#1891=LINE('',#12967,#2942);
#1892=LINE('',#12968,#2943);
#1893=LINE('',#12971,#2944);
#1894=LINE('',#12973,#2945);
#1895=LINE('',#12974,#2946);
#1896=LINE('',#12978,#2947);
#1897=LINE('',#12980,#2948);
#1898=LINE('',#12982,#2949);
#1899=LINE('',#12983,#2950);
#1900=LINE('',#12986,#2951);
#1901=LINE('',#12988,#2952);
#1902=LINE('',#12990,#2953);
#1903=LINE('',#12991,#2954);
#1904=LINE('',#12993,#2955);
#1905=LINE('',#12995,#2956);
#1906=LINE('',#12996,#2957);
#1907=LINE('',#12999,#2958);
#1908=LINE('',#13001,#2959);
#1909=LINE('',#13002,#2960);
#1910=LINE('',#13005,#2961);
#1911=LINE('',#13006,#2962);
#1912=LINE('',#13009,#2963);
#1913=LINE('',#13010,#2964);
#1914=LINE('',#13012,#2965);
#1915=LINE('',#13016,#2966);
#1916=LINE('',#13018,#2967);
#1917=LINE('',#13019,#2968);
#1918=LINE('',#13022,#2969);
#1919=LINE('',#13023,#2970);
#1920=LINE('',#13026,#2971);
#1921=LINE('',#13027,#2972);
#1922=LINE('',#13029,#2973);
#1923=LINE('',#13033,#2974);
#1924=LINE('',#13034,#2975);
#1925=LINE('',#13037,#2976);
#1926=LINE('',#13038,#2977);
#1927=LINE('',#13040,#2978);
#1928=LINE('',#13047,#2979);
#1929=LINE('',#13050,#2980);
#1930=LINE('',#13053,#2981);
#1931=LINE('',#13057,#2982);
#1932=LINE('',#13059,#2983);
#1933=LINE('',#13061,#2984);
#1934=LINE('',#13063,#2985);
#1935=LINE('',#13065,#2986);
#1936=LINE('',#13067,#2987);
#1937=LINE('',#13069,#2988);
#1938=LINE('',#13071,#2989);
#1939=LINE('',#13073,#2990);
#1940=LINE('',#13075,#2991);
#1941=LINE('',#13076,#2992);
#1942=LINE('',#13079,#2993);
#1943=LINE('',#13080,#2994);
#1944=LINE('',#13083,#2995);
#1945=LINE('',#13085,#2996);
#1946=LINE('',#13087,#2997);
#1947=LINE('',#13089,#2998);
#1948=LINE('',#13091,#2999);
#1949=LINE('',#13093,#3000);
#1950=LINE('',#13095,#3001);
#1951=LINE('',#13097,#3002);
#1952=LINE('',#13099,#3003);
#1953=LINE('',#13101,#3004);
#1954=LINE('',#13104,#3005);
#1955=LINE('',#13106,#3006);
#1956=LINE('',#13108,#3007);
#1957=LINE('',#13110,#3008);
#1958=LINE('',#13112,#3009);
#1959=LINE('',#13114,#3010);
#1960=LINE('',#13116,#3011);
#1961=LINE('',#13118,#3012);
#1962=LINE('',#13120,#3013);
#1963=LINE('',#13122,#3014);
#1964=LINE('',#13124,#3015);
#1965=LINE('',#13126,#3016);
#1966=LINE('',#13131,#3017);
#1967=LINE('',#13133,#3018);
#1968=LINE('',#13135,#3019);
#1969=LINE('',#13139,#3020);
#1970=LINE('',#13141,#3021);
#1971=LINE('',#13142,#3022);
#1972=LINE('',#13145,#3023);
#1973=LINE('',#13146,#3024);
#1974=LINE('',#13149,#3025);
#1975=LINE('',#13150,#3026);
#1976=LINE('',#13157,#3027);
#1977=LINE('',#13159,#3028);
#1978=LINE('',#13161,#3029);
#1979=LINE('',#13165,#3030);
#1980=LINE('',#13167,#3031);
#1981=LINE('',#13168,#3032);
#1982=LINE('',#13171,#3033);
#1983=LINE('',#13172,#3034);
#1984=LINE('',#13175,#3035);
#1985=LINE('',#13176,#3036);
#1986=LINE('',#13183,#3037);
#1987=LINE('',#13185,#3038);
#1988=LINE('',#13187,#3039);
#1989=LINE('',#13191,#3040);
#1990=LINE('',#13193,#3041);
#1991=LINE('',#13194,#3042);
#1992=LINE('',#13197,#3043);
#1993=LINE('',#13198,#3044);
#1994=LINE('',#13201,#3045);
#1995=LINE('',#13202,#3046);
#1996=LINE('',#13209,#3047);
#1997=LINE('',#13211,#3048);
#1998=LINE('',#13213,#3049);
#1999=LINE('',#13214,#3050);
#2000=LINE('',#13217,#3051);
#2001=LINE('',#13219,#3052);
#2002=LINE('',#13220,#3053);
#2003=LINE('',#13223,#3054);
#2004=LINE('',#13225,#3055);
#2005=LINE('',#13229,#3056);
#2006=LINE('',#13233,#3057);
#2007=LINE('',#13235,#3058);
#2008=LINE('',#13236,#3059);
#2009=LINE('',#13239,#3060);
#2010=LINE('',#13240,#3061);
#2011=LINE('',#13244,#3062);
#2012=LINE('',#13248,#3063);
#2013=LINE('',#13249,#3064);
#2014=LINE('',#13251,#3065);
#2015=LINE('',#13253,#3066);
#2016=LINE('',#13256,#3067);
#2017=LINE('',#13257,#3068);
#2018=LINE('',#13259,#3069);
#2019=LINE('',#13261,#3070);
#2020=LINE('',#13264,#3071);
#2021=LINE('',#13266,#3072);
#2022=LINE('',#13271,#3073);
#2023=LINE('',#13273,#3074);
#2024=LINE('',#13275,#3075);
#2025=LINE('',#13276,#3076);
#2026=LINE('',#13279,#3077);
#2027=LINE('',#13281,#3078);
#2028=LINE('',#13282,#3079);
#2029=LINE('',#13285,#3080);
#2030=LINE('',#13287,#3081);
#2031=LINE('',#13291,#3082);
#2032=LINE('',#13295,#3083);
#2033=LINE('',#13297,#3084);
#2034=LINE('',#13298,#3085);
#2035=LINE('',#13301,#3086);
#2036=LINE('',#13302,#3087);
#2037=LINE('',#13306,#3088);
#2038=LINE('',#13310,#3089);
#2039=LINE('',#13311,#3090);
#2040=LINE('',#13313,#3091);
#2041=LINE('',#13315,#3092);
#2042=LINE('',#13318,#3093);
#2043=LINE('',#13319,#3094);
#2044=LINE('',#13321,#3095);
#2045=LINE('',#13323,#3096);
#2046=LINE('',#13326,#3097);
#2047=LINE('',#13328,#3098);
#2048=LINE('',#13333,#3099);
#2049=LINE('',#13335,#3100);
#2050=LINE('',#13337,#3101);
#2051=LINE('',#13341,#3102);
#2052=LINE('',#13343,#3103);
#2053=LINE('',#13344,#3104);
#2054=LINE('',#13347,#3105);
#2055=LINE('',#13348,#3106);
#2056=LINE('',#13351,#3107);
#2057=LINE('',#13352,#3108);
#2058=LINE('',#13359,#3109);
#2059=LINE('',#13363,#3110);
#2060=LINE('',#13364,#3111);
#2061=LINE('',#13367,#3112);
#2062=LINE('',#13369,#3113);
#2063=LINE('',#13370,#3114);
#2064=LINE('',#13374,#3115);
#2065=LINE('',#13377,#3116);
#2066=LINE('',#13378,#3117);
#2067=LINE('',#13380,#3118);
#2068=LINE('',#13385,#3119);
#2069=LINE('',#13389,#3120);
#2070=LINE('',#13390,#3121);
#2071=LINE('',#13393,#3122);
#2072=LINE('',#13395,#3123);
#2073=LINE('',#13396,#3124);
#2074=LINE('',#13400,#3125);
#2075=LINE('',#13403,#3126);
#2076=LINE('',#13404,#3127);
#2077=LINE('',#13406,#3128);
#2078=LINE('',#13411,#3129);
#2079=LINE('',#13415,#3130);
#2080=LINE('',#13416,#3131);
#2081=LINE('',#13419,#3132);
#2082=LINE('',#13421,#3133);
#2083=LINE('',#13422,#3134);
#2084=LINE('',#13426,#3135);
#2085=LINE('',#13429,#3136);
#2086=LINE('',#13430,#3137);
#2087=LINE('',#13432,#3138);
#2088=LINE('',#13437,#3139);
#2089=LINE('',#13441,#3140);
#2090=LINE('',#13442,#3141);
#2091=LINE('',#13445,#3142);
#2092=LINE('',#13447,#3143);
#2093=LINE('',#13448,#3144);
#2094=LINE('',#13452,#3145);
#2095=LINE('',#13455,#3146);
#2096=LINE('',#13456,#3147);
#2097=LINE('',#13458,#3148);
#2098=LINE('',#13463,#3149);
#2099=LINE('',#13467,#3150);
#2100=LINE('',#13468,#3151);
#2101=LINE('',#13471,#3152);
#2102=LINE('',#13473,#3153);
#2103=LINE('',#13474,#3154);
#2104=LINE('',#13478,#3155);
#2105=LINE('',#13481,#3156);
#2106=LINE('',#13482,#3157);
#2107=LINE('',#13484,#3158);
#2108=LINE('',#13489,#3159);
#2109=LINE('',#13493,#3160);
#2110=LINE('',#13494,#3161);
#2111=LINE('',#13497,#3162);
#2112=LINE('',#13499,#3163);
#2113=LINE('',#13500,#3164);
#2114=LINE('',#13504,#3165);
#2115=LINE('',#13507,#3166);
#2116=LINE('',#13508,#3167);
#2117=LINE('',#13510,#3168);
#2118=LINE('',#13515,#3169);
#2119=LINE('',#13519,#3170);
#2120=LINE('',#13520,#3171);
#2121=LINE('',#13523,#3172);
#2122=LINE('',#13525,#3173);
#2123=LINE('',#13526,#3174);
#2124=LINE('',#13530,#3175);
#2125=LINE('',#13533,#3176);
#2126=LINE('',#13534,#3177);
#2127=LINE('',#13536,#3178);
#2128=LINE('',#13541,#3179);
#2129=LINE('',#13545,#3180);
#2130=LINE('',#13546,#3181);
#2131=LINE('',#13549,#3182);
#2132=LINE('',#13551,#3183);
#2133=LINE('',#13552,#3184);
#2134=LINE('',#13556,#3185);
#2135=LINE('',#13559,#3186);
#2136=LINE('',#13560,#3187);
#2137=LINE('',#13562,#3188);
#2138=LINE('',#13567,#3189);
#2139=LINE('',#13569,#3190);
#2140=LINE('',#13571,#3191);
#2141=LINE('',#13575,#3192);
#2142=LINE('',#13577,#3193);
#2143=LINE('',#13578,#3194);
#2144=LINE('',#13581,#3195);
#2145=LINE('',#13582,#3196);
#2146=LINE('',#13585,#3197);
#2147=LINE('',#13586,#3198);
#2148=LINE('',#13593,#3199);
#2149=LINE('',#13595,#3200);
#2150=LINE('',#13597,#3201);
#2151=LINE('',#13601,#3202);
#2152=LINE('',#13603,#3203);
#2153=LINE('',#13604,#3204);
#2154=LINE('',#13607,#3205);
#2155=LINE('',#13608,#3206);
#2156=LINE('',#13611,#3207);
#2157=LINE('',#13612,#3208);
#2158=LINE('',#13619,#3209);
#2159=LINE('',#13623,#3210);
#2160=LINE('',#13624,#3211);
#2161=LINE('',#13627,#3212);
#2162=LINE('',#13629,#3213);
#2163=LINE('',#13630,#3214);
#2164=LINE('',#13634,#3215);
#2165=LINE('',#13637,#3216);
#2166=LINE('',#13638,#3217);
#2167=LINE('',#13640,#3218);
#2168=LINE('',#13645,#3219);
#2169=LINE('',#13649,#3220);
#2170=LINE('',#13650,#3221);
#2171=LINE('',#13653,#3222);
#2172=LINE('',#13655,#3223);
#2173=LINE('',#13656,#3224);
#2174=LINE('',#13660,#3225);
#2175=LINE('',#13663,#3226);
#2176=LINE('',#13664,#3227);
#2177=LINE('',#13666,#3228);
#2178=LINE('',#13671,#3229);
#2179=LINE('',#13673,#3230);
#2180=LINE('',#13675,#3231);
#2181=LINE('',#13679,#3232);
#2182=LINE('',#13681,#3233);
#2183=LINE('',#13682,#3234);
#2184=LINE('',#13685,#3235);
#2185=LINE('',#13686,#3236);
#2186=LINE('',#13689,#3237);
#2187=LINE('',#13690,#3238);
#2188=LINE('',#13697,#3239);
#2189=LINE('',#13699,#3240);
#2190=LINE('',#13701,#3241);
#2191=LINE('',#13705,#3242);
#2192=LINE('',#13707,#3243);
#2193=LINE('',#13708,#3244);
#2194=LINE('',#13711,#3245);
#2195=LINE('',#13712,#3246);
#2196=LINE('',#13715,#3247);
#2197=LINE('',#13716,#3248);
#2198=LINE('',#13723,#3249);
#2199=LINE('',#13725,#3250);
#2200=LINE('',#13727,#3251);
#2201=LINE('',#13731,#3252);
#2202=LINE('',#13733,#3253);
#2203=LINE('',#13734,#3254);
#2204=LINE('',#13737,#3255);
#2205=LINE('',#13738,#3256);
#2206=LINE('',#13741,#3257);
#2207=LINE('',#13742,#3258);
#2208=LINE('',#13749,#3259);
#2209=LINE('',#13753,#3260);
#2210=LINE('',#13754,#3261);
#2211=LINE('',#13757,#3262);
#2212=LINE('',#13759,#3263);
#2213=LINE('',#13760,#3264);
#2214=LINE('',#13764,#3265);
#2215=LINE('',#13767,#3266);
#2216=LINE('',#13768,#3267);
#2217=LINE('',#13770,#3268);
#2218=LINE('',#13775,#3269);
#2219=LINE('',#13779,#3270);
#2220=LINE('',#13780,#3271);
#2221=LINE('',#13783,#3272);
#2222=LINE('',#13785,#3273);
#2223=LINE('',#13786,#3274);
#2224=LINE('',#13790,#3275);
#2225=LINE('',#13793,#3276);
#2226=LINE('',#13794,#3277);
#2227=LINE('',#13796,#3278);
#2228=LINE('',#13801,#3279);
#2229=LINE('',#13805,#3280);
#2230=LINE('',#13806,#3281);
#2231=LINE('',#13809,#3282);
#2232=LINE('',#13811,#3283);
#2233=LINE('',#13812,#3284);
#2234=LINE('',#13816,#3285);
#2235=LINE('',#13819,#3286);
#2236=LINE('',#13820,#3287);
#2237=LINE('',#13822,#3288);
#2238=LINE('',#13829,#3289);
#2239=LINE('',#13831,#3290);
#2240=LINE('',#13832,#3291);
#2241=LINE('',#13835,#3292);
#2242=LINE('',#13838,#3293);
#2243=LINE('',#13841,#3294);
#2244=LINE('',#13842,#3295);
#2245=LINE('',#13845,#3296);
#2246=LINE('',#13846,#3297);
#2247=LINE('',#13848,#3298);
#2248=LINE('',#13855,#3299);
#2249=LINE('',#13857,#3300);
#2250=LINE('',#13858,#3301);
#2251=LINE('',#13861,#3302);
#2252=LINE('',#13864,#3303);
#2253=LINE('',#13867,#3304);
#2254=LINE('',#13868,#3305);
#2255=LINE('',#13871,#3306);
#2256=LINE('',#13872,#3307);
#2257=LINE('',#13874,#3308);
#2258=LINE('',#13881,#3309);
#2259=LINE('',#13883,#3310);
#2260=LINE('',#13884,#3311);
#2261=LINE('',#13887,#3312);
#2262=LINE('',#13890,#3313);
#2263=LINE('',#13893,#3314);
#2264=LINE('',#13894,#3315);
#2265=LINE('',#13897,#3316);
#2266=LINE('',#13898,#3317);
#2267=LINE('',#13900,#3318);
#2268=LINE('',#13907,#3319);
#2269=LINE('',#13909,#3320);
#2270=LINE('',#13910,#3321);
#2271=LINE('',#13913,#3322);
#2272=LINE('',#13916,#3323);
#2273=LINE('',#13919,#3324);
#2274=LINE('',#13920,#3325);
#2275=LINE('',#13923,#3326);
#2276=LINE('',#13924,#3327);
#2277=LINE('',#13926,#3328);
#2278=LINE('',#13933,#3329);
#2279=LINE('',#13935,#3330);
#2280=LINE('',#13936,#3331);
#2281=LINE('',#13939,#3332);
#2282=LINE('',#13942,#3333);
#2283=LINE('',#13945,#3334);
#2284=LINE('',#13946,#3335);
#2285=LINE('',#13949,#3336);
#2286=LINE('',#13950,#3337);
#2287=LINE('',#13952,#3338);
#2288=LINE('',#13959,#3339);
#2289=LINE('',#13961,#3340);
#2290=LINE('',#13962,#3341);
#2291=LINE('',#13965,#3342);
#2292=LINE('',#13968,#3343);
#2293=LINE('',#13971,#3344);
#2294=LINE('',#13972,#3345);
#2295=LINE('',#13975,#3346);
#2296=LINE('',#13976,#3347);
#2297=LINE('',#13978,#3348);
#2298=LINE('',#13985,#3349);
#2299=LINE('',#13988,#3350);
#2300=LINE('',#13991,#3351);
#2301=LINE('',#13993,#3352);
#2302=LINE('',#13995,#3353);
#2303=LINE('',#13997,#3354);
#2304=LINE('',#13999,#3355);
#2305=LINE('',#14001,#3356);
#2306=LINE('',#14003,#3357);
#2307=LINE('',#14005,#3358);
#2308=LINE('',#14007,#3359);
#2309=LINE('',#14009,#3360);
#2310=LINE('',#14011,#3361);
#2311=LINE('',#14014,#3362);
#2312=LINE('',#14017,#3363);
#2313=LINE('',#14018,#3364);
#2314=LINE('',#14021,#3365);
#2315=LINE('',#14025,#3366);
#2316=LINE('',#14027,#3367);
#2317=LINE('',#14029,#3368);
#2318=LINE('',#14031,#3369);
#2319=LINE('',#14033,#3370);
#2320=LINE('',#14035,#3371);
#2321=LINE('',#14037,#3372);
#2322=LINE('',#14039,#3373);
#2323=LINE('',#14041,#3374);
#2324=LINE('',#14042,#3375);
#2325=LINE('',#14044,#3376);
#2326=LINE('',#14046,#3377);
#2327=LINE('',#14048,#3378);
#2328=LINE('',#14050,#3379);
#2329=LINE('',#14052,#3380);
#2330=LINE('',#14054,#3381);
#2331=LINE('',#14056,#3382);
#2332=LINE('',#14058,#3383);
#2333=LINE('',#14060,#3384);
#2334=LINE('',#14062,#3385);
#2335=LINE('',#14064,#3386);
#2336=LINE('',#14069,#3387);
#2337=LINE('',#14071,#3388);
#2338=LINE('',#14073,#3389);
#2339=LINE('',#14075,#3390);
#2340=LINE('',#14077,#3391);
#2341=LINE('',#14078,#3392);
#2342=LINE('',#14081,#3393);
#2343=LINE('',#14083,#3394);
#2344=LINE('',#14084,#3395);
#2345=LINE('',#14087,#3396);
#2346=LINE('',#14088,#3397);
#2347=LINE('',#14091,#3398);
#2348=LINE('',#14092,#3399);
#2349=LINE('',#14095,#3400);
#2350=LINE('',#14096,#3401);
#2351=LINE('',#14099,#3402);
#2352=LINE('',#14100,#3403);
#2353=LINE('',#14102,#3404);
#2354=LINE('',#14107,#3405);
#2355=LINE('',#14109,#3406);
#2356=LINE('',#14111,#3407);
#2357=LINE('',#14113,#3408);
#2358=LINE('',#14115,#3409);
#2359=LINE('',#14116,#3410);
#2360=LINE('',#14119,#3411);
#2361=LINE('',#14121,#3412);
#2362=LINE('',#14122,#3413);
#2363=LINE('',#14125,#3414);
#2364=LINE('',#14126,#3415);
#2365=LINE('',#14129,#3416);
#2366=LINE('',#14130,#3417);
#2367=LINE('',#14133,#3418);
#2368=LINE('',#14134,#3419);
#2369=LINE('',#14137,#3420);
#2370=LINE('',#14138,#3421);
#2371=LINE('',#14140,#3422);
#2372=LINE('',#14145,#3423);
#2373=LINE('',#14147,#3424);
#2374=LINE('',#14149,#3425);
#2375=LINE('',#14151,#3426);
#2376=LINE('',#14153,#3427);
#2377=LINE('',#14154,#3428);
#2378=LINE('',#14157,#3429);
#2379=LINE('',#14159,#3430);
#2380=LINE('',#14160,#3431);
#2381=LINE('',#14163,#3432);
#2382=LINE('',#14164,#3433);
#2383=LINE('',#14167,#3434);
#2384=LINE('',#14168,#3435);
#2385=LINE('',#14171,#3436);
#2386=LINE('',#14172,#3437);
#2387=LINE('',#14175,#3438);
#2388=LINE('',#14176,#3439);
#2389=LINE('',#14178,#3440);
#2390=LINE('',#14183,#3441);
#2391=LINE('',#14185,#3442);
#2392=LINE('',#14187,#3443);
#2393=LINE('',#14189,#3444);
#2394=LINE('',#14191,#3445);
#2395=LINE('',#14192,#3446);
#2396=LINE('',#14195,#3447);
#2397=LINE('',#14197,#3448);
#2398=LINE('',#14198,#3449);
#2399=LINE('',#14201,#3450);
#2400=LINE('',#14202,#3451);
#2401=LINE('',#14205,#3452);
#2402=LINE('',#14206,#3453);
#2403=LINE('',#14209,#3454);
#2404=LINE('',#14210,#3455);
#2405=LINE('',#14213,#3456);
#2406=LINE('',#14214,#3457);
#2407=LINE('',#14216,#3458);
#2408=LINE('',#14222,#3459);
#2409=VECTOR('',#9438,0.25);
#2410=VECTOR('',#9441,0.25);
#2411=VECTOR('',#9442,0.2);
#2412=VECTOR('',#9443,0.25);
#2413=VECTOR('',#9446,0.25);
#2414=VECTOR('',#9447,0.2);
#2415=VECTOR('',#9448,0.25);
#2416=VECTOR('',#9451,0.25);
#2417=VECTOR('',#9452,0.2);
#2418=VECTOR('',#9453,0.25);
#2419=VECTOR('',#9456,0.4);
#2420=VECTOR('',#9459,0.25);
#2421=VECTOR('',#9460,0.2);
#2422=VECTOR('',#9461,0.25);
#2423=VECTOR('',#9464,0.4);
#2424=VECTOR('',#9467,0.25);
#2425=VECTOR('',#9468,0.2);
#2426=VECTOR('',#9469,0.25);
#2427=VECTOR('',#9472,0.25);
#2428=VECTOR('',#9473,0.2);
#2429=VECTOR('',#9474,0.25);
#2430=VECTOR('',#9477,0.25);
#2431=VECTOR('',#9478,0.2);
#2432=VECTOR('',#9479,0.25);
#2433=VECTOR('',#9482,0.25);
#2434=VECTOR('',#9483,0.2);
#2435=VECTOR('',#9484,0.25);
#2436=VECTOR('',#9487,0.25);
#2437=VECTOR('',#9488,0.2);
#2438=VECTOR('',#9489,0.25);
#2439=VECTOR('',#9492,0.25);
#2440=VECTOR('',#9493,0.2);
#2441=VECTOR('',#9494,0.25);
#2442=VECTOR('',#9497,0.25);
#2443=VECTOR('',#9498,0.5);
#2444=VECTOR('',#9499,0.8);
#2445=VECTOR('',#9500,0.25);
#2446=VECTOR('',#9503,0.9);
#2447=VECTOR('',#9506,0.25);
#2448=VECTOR('',#9507,0.2);
#2449=VECTOR('',#9508,0.25);
#2450=VECTOR('',#9511,0.9);
#2451=VECTOR('',#9514,0.25);
#2452=VECTOR('',#9515,0.8);
#2453=VECTOR('',#9516,0.5);
#2454=VECTOR('',#9517,0.25);
#2455=VECTOR('',#9520,0.25);
#2456=VECTOR('',#9521,0.2);
#2457=VECTOR('',#9522,0.25);
#2458=VECTOR('',#9525,0.25);
#2459=VECTOR('',#9526,0.2);
#2460=VECTOR('',#9527,0.25);
#2461=VECTOR('',#9530,0.25);
#2462=VECTOR('',#9531,0.2);
#2463=VECTOR('',#9532,0.25);
#2464=VECTOR('',#9535,0.25);
#2465=VECTOR('',#9536,0.2);
#2466=VECTOR('',#9537,0.25);
#2467=VECTOR('',#9540,0.25);
#2468=VECTOR('',#9541,0.2);
#2469=VECTOR('',#9542,0.25);
#2470=VECTOR('',#9545,0.25);
#2471=VECTOR('',#9546,0.2);
#2472=VECTOR('',#9547,0.25);
#2473=VECTOR('',#9550,0.25);
#2474=VECTOR('',#9551,0.2);
#2475=VECTOR('',#9552,0.25);
#2476=VECTOR('',#9555,0.25);
#2477=VECTOR('',#9556,0.2);
#2478=VECTOR('',#9557,0.25);
#2479=VECTOR('',#9560,0.25);
#2480=VECTOR('',#9561,0.2);
#2481=VECTOR('',#9562,0.25);
#2482=VECTOR('',#9565,0.25);
#2483=VECTOR('',#9566,0.2);
#2484=VECTOR('',#9567,0.25);
#2485=VECTOR('',#9570,0.25);
#2486=VECTOR('',#9571,0.2);
#2487=VECTOR('',#9572,0.25);
#2488=VECTOR('',#9575,0.25);
#2489=VECTOR('',#9576,0.2);
#2490=VECTOR('',#9577,0.25);
#2491=VECTOR('',#9580,0.25);
#2492=VECTOR('',#9581,0.5);
#2493=VECTOR('',#9582,0.9);
#2494=VECTOR('',#9583,0.25);
#2495=VECTOR('',#9586,0.25);
#2496=VECTOR('',#9587,0.2);
#2497=VECTOR('',#9588,0.25);
#2498=VECTOR('',#9591,0.25);
#2499=VECTOR('',#9592,0.2);
#2500=VECTOR('',#9593,0.25);
#2501=VECTOR('',#9596,0.25);
#2502=VECTOR('',#9597,0.2);
#2503=VECTOR('',#9598,0.25);
#2504=VECTOR('',#9601,0.25);
#2505=VECTOR('',#9602,0.2);
#2506=VECTOR('',#9603,0.25);
#2507=VECTOR('',#9606,0.25);
#2508=VECTOR('',#9607,0.2);
#2509=VECTOR('',#9608,0.25);
#2510=VECTOR('',#9611,0.25);
#2511=VECTOR('',#9612,0.9);
#2512=VECTOR('',#9613,0.5);
#2513=VECTOR('',#9614,2.42);
#2514=VECTOR('',#9615,0.424264068711872);
#2515=VECTOR('',#9616,2.35);
#2516=VECTOR('',#9617,2.72);
#2517=VECTOR('',#9618,2.65);
#2518=VECTOR('',#9619,2.65);
#2519=VECTOR('',#9620,1.53);
#2520=VECTOR('',#9621,2.65);
#2521=VECTOR('',#9622,1.53);
#2522=VECTOR('',#9625,0.15);
#2523=VECTOR('',#9626,0.2);
#2524=VECTOR('',#9627,0.15);
#2525=VECTOR('',#9628,0.2);
#2526=VECTOR('',#9631,0.15);
#2527=VECTOR('',#9632,0.2);
#2528=VECTOR('',#9633,0.15);
#2529=VECTOR('',#9634,0.2);
#2530=VECTOR('',#9637,0.15);
#2531=VECTOR('',#9638,0.25);
#2532=VECTOR('',#9639,0.15);
#2533=VECTOR('',#9640,0.25);
#2534=VECTOR('',#9643,0.25);
#2535=VECTOR('',#9644,0.15);
#2536=VECTOR('',#9645,0.25);
#2537=VECTOR('',#9646,0.15);
#2538=VECTOR('',#9649,0.25);
#2539=VECTOR('',#9650,0.15);
#2540=VECTOR('',#9651,0.25);
#2541=VECTOR('',#9652,0.15);
#2542=VECTOR('',#9655,0.25);
#2543=VECTOR('',#9656,0.15);
#2544=VECTOR('',#9657,0.25);
#2545=VECTOR('',#9658,0.15);
#2546=VECTOR('',#9661,0.075);
#2547=VECTOR('',#9662,2.42);
#2548=VECTOR('',#9663,0.075);
#2549=VECTOR('',#9666,0.424264068711872);
#2550=VECTOR('',#9667,0.075);
#2551=VECTOR('',#9670,2.35);
#2552=VECTOR('',#9671,0.075);
#2553=VECTOR('',#9674,2.72);
#2554=VECTOR('',#9675,0.075);
#2555=VECTOR('',#9678,2.65);
#2556=VECTOR('',#9681,3.);
#2557=VECTOR('',#9682,5.);
#2558=VECTOR('',#9683,3.);
#2559=VECTOR('',#9684,5.);
#2560=VECTOR('',#9685,2.65);
#2561=VECTOR('',#9686,1.53);
#2562=VECTOR('',#9687,2.65);
#2563=VECTOR('',#9688,1.53);
#2564=VECTOR('',#9691,0.1);
#2565=VECTOR('',#9692,3.);
#2566=VECTOR('',#9693,0.1);
#2567=VECTOR('',#9696,5.);
#2568=VECTOR('',#9697,0.1);
#2569=VECTOR('',#9700,3.);
#2570=VECTOR('',#9701,0.1);
#2571=VECTOR('',#9704,5.);
#2572=VECTOR('',#9709,0.075);
#2573=VECTOR('',#9710,0.075);
#2574=VECTOR('',#9713,0.075);
#2575=VECTOR('',#9716,0.075);
#2576=VECTOR('',#9721,0.175);
#2577=VECTOR('',#9722,0.25);
#2578=VECTOR('',#9723,0.175);
#2579=VECTOR('',#9726,0.2);
#2580=VECTOR('',#9727,0.775);
#2581=VECTOR('',#9728,6.);
#2582=VECTOR('',#9729,0.775);
#2583=VECTOR('',#9730,0.175);
#2584=VECTOR('',#9731,0.2);
#2585=VECTOR('',#9732,0.175);
#2586=VECTOR('',#9733,0.175);
#2587=VECTOR('',#9734,0.2);
#2588=VECTOR('',#9735,0.175);
#2589=VECTOR('',#9736,0.175);
#2590=VECTOR('',#9737,0.2);
#2591=VECTOR('',#9738,0.175);
#2592=VECTOR('',#9739,0.175);
#2593=VECTOR('',#9740,0.2);
#2594=VECTOR('',#9741,0.175);
#2595=VECTOR('',#9742,0.175);
#2596=VECTOR('',#9743,0.2);
#2597=VECTOR('',#9744,0.175);
#2598=VECTOR('',#9745,0.175);
#2599=VECTOR('',#9746,0.2);
#2600=VECTOR('',#9747,0.175);
#2601=VECTOR('',#9748,0.175);
#2602=VECTOR('',#9749,0.2);
#2603=VECTOR('',#9750,0.175);
#2604=VECTOR('',#9751,0.175);
#2605=VECTOR('',#9752,0.2);
#2606=VECTOR('',#9753,0.175);
#2607=VECTOR('',#9754,0.175);
#2608=VECTOR('',#9755,0.2);
#2609=VECTOR('',#9756,0.175);
#2610=VECTOR('',#9757,0.175);
#2611=VECTOR('',#9758,0.2);
#2612=VECTOR('',#9759,0.175);
#2613=VECTOR('',#9760,0.175);
#2614=VECTOR('',#9761,0.2);
#2615=VECTOR('',#9762,0.175);
#2616=VECTOR('',#9763,0.175);
#2617=VECTOR('',#9764,0.2);
#2618=VECTOR('',#9765,0.175);
#2619=VECTOR('',#9766,0.175);
#2620=VECTOR('',#9767,0.15);
#2621=VECTOR('',#9768,0.1);
#2622=VECTOR('',#9769,0.15);
#2623=VECTOR('',#9770,0.1);
#2624=VECTOR('',#9771,0.15);
#2625=VECTOR('',#9772,0.1);
#2626=VECTOR('',#9773,0.15);
#2627=VECTOR('',#9774,0.1);
#2628=VECTOR('',#9777,0.25);
#2629=VECTOR('',#9782,0.175);
#2630=VECTOR('',#9787,0.25);
#2631=VECTOR('',#9788,0.175);
#2632=VECTOR('',#9793,0.175);
#2633=VECTOR('',#9796,0.25);
#2634=VECTOR('',#9801,0.25);
#2635=VECTOR('',#9802,0.175);
#2636=VECTOR('',#9807,0.175);
#2637=VECTOR('',#9810,0.25);
#2638=VECTOR('',#9815,0.25);
#2639=VECTOR('',#9816,0.175);
#2640=VECTOR('',#9821,0.175);
#2641=VECTOR('',#9824,0.4);
#2642=VECTOR('',#9825,0.175);
#2643=VECTOR('',#9828,0.175);
#2644=VECTOR('',#9833,0.25);
#2645=VECTOR('',#9836,0.15);
#2646=VECTOR('',#9837,0.2);
#2647=VECTOR('',#9838,0.15);
#2648=VECTOR('',#9841,0.175);
#2649=VECTOR('',#9844,0.175);
#2650=VECTOR('',#9849,0.25);
#2651=VECTOR('',#9850,0.175);
#2652=VECTOR('',#9855,0.175);
#2653=VECTOR('',#9858,0.4);
#2654=VECTOR('',#9859,0.175);
#2655=VECTOR('',#9862,0.175);
#2656=VECTOR('',#9867,0.25);
#2657=VECTOR('',#9870,0.15);
#2658=VECTOR('',#9871,0.2);
#2659=VECTOR('',#9872,0.15);
#2660=VECTOR('',#9875,0.175);
#2661=VECTOR('',#9878,0.175);
#2662=VECTOR('',#9883,0.25);
#2663=VECTOR('',#9884,0.175);
#2664=VECTOR('',#9889,0.175);
#2665=VECTOR('',#9892,0.25);
#2666=VECTOR('',#9897,0.25);
#2667=VECTOR('',#9898,0.175);
#2668=VECTOR('',#9903,0.175);
#2669=VECTOR('',#9906,0.25);
#2670=VECTOR('',#9911,0.25);
#2671=VECTOR('',#9912,0.175);
#2672=VECTOR('',#9917,0.175);
#2673=VECTOR('',#9920,0.25);
#2674=VECTOR('',#9925,0.25);
#2675=VECTOR('',#9926,0.175);
#2676=VECTOR('',#9931,0.175);
#2677=VECTOR('',#9934,0.25);
#2678=VECTOR('',#9939,0.25);
#2679=VECTOR('',#9940,0.175);
#2680=VECTOR('',#9945,0.175);
#2681=VECTOR('',#9948,0.25);
#2682=VECTOR('',#9953,0.25);
#2683=VECTOR('',#9954,0.175);
#2684=VECTOR('',#9959,0.175);
#2685=VECTOR('',#9962,0.25);
#2686=VECTOR('',#9967,0.175);
#2687=VECTOR('',#9968,0.175);
#2688=VECTOR('',#9969,0.2);
#2689=VECTOR('',#9970,0.175);
#2690=VECTOR('',#9971,0.175);
#2691=VECTOR('',#9972,0.2);
#2692=VECTOR('',#9973,0.175);
#2693=VECTOR('',#9974,0.175);
#2694=VECTOR('',#9975,0.2);
#2695=VECTOR('',#9976,0.175);
#2696=VECTOR('',#9977,0.175);
#2697=VECTOR('',#9978,0.2);
#2698=VECTOR('',#9979,0.175);
#2699=VECTOR('',#9980,0.175);
#2700=VECTOR('',#9981,0.2);
#2701=VECTOR('',#9982,0.175);
#2702=VECTOR('',#9983,4.);
#2703=VECTOR('',#9984,0.775);
#2704=VECTOR('',#9985,0.175);
#2705=VECTOR('',#9986,0.2);
#2706=VECTOR('',#9987,0.15);
#2707=VECTOR('',#9988,0.1);
#2708=VECTOR('',#9989,0.15);
#2709=VECTOR('',#9990,0.1);
#2710=VECTOR('',#9991,0.15);
#2711=VECTOR('',#9992,0.1);
#2712=VECTOR('',#9993,0.15);
#2713=VECTOR('',#9994,0.1);
#2714=VECTOR('',#9997,0.15);
#2715=VECTOR('',#9998,0.175);
#2716=VECTOR('',#10001,0.25);
#2717=VECTOR('',#10002,0.175);
#2718=VECTOR('',#10005,0.15);
#2719=VECTOR('',#10008,0.25);
#2720=VECTOR('',#10011,0.9);
#2721=VECTOR('',#10014,0.25);
#2722=VECTOR('',#10015,0.15);
#2723=VECTOR('',#10016,0.25);
#2724=VECTOR('',#10017,0.15);
#2725=VECTOR('',#10020,0.175);
#2726=VECTOR('',#10023,0.175);
#2727=VECTOR('',#10028,0.175);
#2728=VECTOR('',#10031,0.175);
#2729=VECTOR('',#10034,0.175);
#2730=VECTOR('',#10037,0.175);
#2731=VECTOR('',#10042,0.2);
#2732=VECTOR('',#10043,0.175);
#2733=VECTOR('',#10044,0.175);
#2734=VECTOR('',#10045,0.2);
#2735=VECTOR('',#10046,0.175);
#2736=VECTOR('',#10047,0.175);
#2737=VECTOR('',#10048,0.2);
#2738=VECTOR('',#10049,0.175);
#2739=VECTOR('',#10050,0.175);
#2740=VECTOR('',#10051,0.2);
#2741=VECTOR('',#10052,0.175);
#2742=VECTOR('',#10053,0.175);
#2743=VECTOR('',#10054,0.2);
#2744=VECTOR('',#10055,0.175);
#2745=VECTOR('',#10056,0.175);
#2746=VECTOR('',#10057,0.2);
#2747=VECTOR('',#10058,0.175);
#2748=VECTOR('',#10059,0.175);
#2749=VECTOR('',#10060,0.2);
#2750=VECTOR('',#10061,0.175);
#2751=VECTOR('',#10062,0.175);
#2752=VECTOR('',#10063,0.2);
#2753=VECTOR('',#10064,0.175);
#2754=VECTOR('',#10065,0.175);
#2755=VECTOR('',#10066,0.2);
#2756=VECTOR('',#10067,0.175);
#2757=VECTOR('',#10068,0.175);
#2758=VECTOR('',#10069,0.2);
#2759=VECTOR('',#10070,0.175);
#2760=VECTOR('',#10071,0.175);
#2761=VECTOR('',#10072,0.2);
#2762=VECTOR('',#10073,0.175);
#2763=VECTOR('',#10074,0.175);
#2764=VECTOR('',#10075,0.2);
#2765=VECTOR('',#10076,0.175);
#2766=VECTOR('',#10077,0.175);
#2767=VECTOR('',#10078,0.2);
#2768=VECTOR('',#10079,0.175);
#2769=VECTOR('',#10080,6.);
#2770=VECTOR('',#10081,0.775);
#2771=VECTOR('',#10082,0.175);
#2772=VECTOR('',#10083,0.15);
#2773=VECTOR('',#10084,0.1);
#2774=VECTOR('',#10085,0.15);
#2775=VECTOR('',#10086,0.1);
#2776=VECTOR('',#10087,0.15);
#2777=VECTOR('',#10088,0.1);
#2778=VECTOR('',#10089,0.15);
#2779=VECTOR('',#10090,0.1);
#2780=VECTOR('',#10093,0.25);
#2781=VECTOR('',#10096,0.25);
#2782=VECTOR('',#10099,0.175);
#2783=VECTOR('',#10102,0.175);
#2784=VECTOR('',#10107,0.175);
#2785=VECTOR('',#10108,0.2);
#2786=VECTOR('',#10109,0.175);
#2787=VECTOR('',#10110,0.175);
#2788=VECTOR('',#10111,0.2);
#2789=VECTOR('',#10112,0.175);
#2790=VECTOR('',#10113,0.175);
#2791=VECTOR('',#10114,0.2);
#2792=VECTOR('',#10115,0.175);
#2793=VECTOR('',#10116,0.175);
#2794=VECTOR('',#10117,0.2);
#2795=VECTOR('',#10118,0.175);
#2796=VECTOR('',#10119,0.175);
#2797=VECTOR('',#10120,0.2);
#2798=VECTOR('',#10121,0.175);
#2799=VECTOR('',#10122,0.175);
#2800=VECTOR('',#10123,0.2);
#2801=VECTOR('',#10124,0.175);
#2802=VECTOR('',#10125,4.);
#2803=VECTOR('',#10126,0.15);
#2804=VECTOR('',#10127,0.1);
#2805=VECTOR('',#10128,0.15);
#2806=VECTOR('',#10129,0.1);
#2807=VECTOR('',#10130,0.15);
#2808=VECTOR('',#10131,0.1);
#2809=VECTOR('',#10132,0.15);
#2810=VECTOR('',#10133,0.1);
#2811=VECTOR('',#10138,0.25);
#2812=VECTOR('',#10139,0.175);
#2813=VECTOR('',#10144,0.175);
#2814=VECTOR('',#10147,0.25);
#2815=VECTOR('',#10152,0.25);
#2816=VECTOR('',#10153,0.175);
#2817=VECTOR('',#10158,0.175);
#2818=VECTOR('',#10161,0.25);
#2819=VECTOR('',#10166,0.25);
#2820=VECTOR('',#10167,0.175);
#2821=VECTOR('',#10172,0.175);
#2822=VECTOR('',#10175,0.25);
#2823=VECTOR('',#10180,0.25);
#2824=VECTOR('',#10181,0.175);
#2825=VECTOR('',#10186,0.175);
#2826=VECTOR('',#10189,0.25);
#2827=VECTOR('',#10194,0.25);
#2828=VECTOR('',#10195,0.175);
#2829=VECTOR('',#10200,0.175);
#2830=VECTOR('',#10203,0.25);
#2831=VECTOR('',#10208,0.25);
#2832=VECTOR('',#10209,0.175);
#2833=VECTOR('',#10214,0.175);
#2834=VECTOR('',#10217,0.25);
#2835=VECTOR('',#10222,0.15);
#2836=VECTOR('',#10223,0.425);
#2837=VECTOR('',#10224,0.575);
#2838=VECTOR('',#10225,0.3);
#2839=VECTOR('',#10228,0.1);
#2840=VECTOR('',#10229,0.3);
#2841=VECTOR('',#10232,0.575);
#2842=VECTOR('',#10233,0.425);
#2843=VECTOR('',#10234,0.15);
#2844=VECTOR('',#10237,0.1);
#2845=VECTOR('',#10244,0.3);
#2846=VECTOR('',#10245,0.575);
#2847=VECTOR('',#10246,0.425);
#2848=VECTOR('',#10247,0.15);
#2849=VECTOR('',#10250,0.1);
#2850=VECTOR('',#10251,0.15);
#2851=VECTOR('',#10254,0.425);
#2852=VECTOR('',#10255,0.575);
#2853=VECTOR('',#10256,0.3);
#2854=VECTOR('',#10259,0.1);
#2855=VECTOR('',#10266,0.25);
#2856=VECTOR('',#10267,0.175);
#2857=VECTOR('',#10270,0.175);
#2858=VECTOR('',#10275,0.25);
#2859=VECTOR('',#10280,0.25);
#2860=VECTOR('',#10281,0.175);
#2861=VECTOR('',#10284,0.175);
#2862=VECTOR('',#10289,0.25);
#2863=VECTOR('',#10294,0.25);
#2864=VECTOR('',#10295,0.175);
#2865=VECTOR('',#10298,0.175);
#2866=VECTOR('',#10303,0.25);
#2867=VECTOR('',#10308,0.25);
#2868=VECTOR('',#10309,0.175);
#2869=VECTOR('',#10312,0.175);
#2870=VECTOR('',#10317,0.25);
#2871=VECTOR('',#10322,0.25);
#2872=VECTOR('',#10323,0.175);
#2873=VECTOR('',#10326,0.175);
#2874=VECTOR('',#10331,0.25);
#2875=VECTOR('',#10336,0.25);
#2876=VECTOR('',#10337,0.175);
#2877=VECTOR('',#10340,0.175);
#2878=VECTOR('',#10345,0.25);
#2879=VECTOR('',#10350,0.25);
#2880=VECTOR('',#10351,0.175);
#2881=VECTOR('',#10354,0.175);
#2882=VECTOR('',#10359,0.25);
#2883=VECTOR('',#10364,0.25);
#2884=VECTOR('',#10365,0.175);
#2885=VECTOR('',#10368,0.175);
#2886=VECTOR('',#10373,0.25);
#2887=VECTOR('',#10378,0.25);
#2888=VECTOR('',#10379,0.175);
#2889=VECTOR('',#10382,0.175);
#2890=VECTOR('',#10387,0.25);
#2891=VECTOR('',#10392,0.25);
#2892=VECTOR('',#10393,0.175);
#2893=VECTOR('',#10396,0.175);
#2894=VECTOR('',#10401,0.25);
#2895=VECTOR('',#10406,0.25);
#2896=VECTOR('',#10407,0.175);
#2897=VECTOR('',#10410,0.175);
#2898=VECTOR('',#10415,0.25);
#2899=VECTOR('',#10420,0.25);
#2900=VECTOR('',#10421,0.175);
#2901=VECTOR('',#10424,0.175);
#2902=VECTOR('',#10429,0.25);
#2903=VECTOR('',#10434,0.575);
#2904=VECTOR('',#10435,0.3);
#2905=VECTOR('',#10436,0.15);
#2906=VECTOR('',#10437,0.425);
#2907=VECTOR('',#10440,0.1);
#2908=VECTOR('',#10441,0.425);
#2909=VECTOR('',#10444,0.15);
#2910=VECTOR('',#10445,0.3);
#2911=VECTOR('',#10446,0.575);
#2912=VECTOR('',#10449,0.1);
#2913=VECTOR('',#10456,0.25);
#2914=VECTOR('',#10457,0.175);
#2915=VECTOR('',#10462,0.175);
#2916=VECTOR('',#10465,0.9);
#2917=VECTOR('',#10466,0.175);
#2918=VECTOR('',#10471,0.175);
#2919=VECTOR('',#10474,0.25);
#2920=VECTOR('',#10477,0.15);
#2921=VECTOR('',#10478,0.25);
#2922=VECTOR('',#10479,0.15);
#2923=VECTOR('',#10480,0.15);
#2924=VECTOR('',#10481,0.25);
#2925=VECTOR('',#10482,0.15);
#2926=VECTOR('',#10485,0.175);
#2927=VECTOR('',#10488,0.175);
#2928=VECTOR('',#10493,0.175);
#2929=VECTOR('',#10496,0.175);
#2930=VECTOR('',#10501,0.3);
#2931=VECTOR('',#10502,0.575);
#2932=VECTOR('',#10503,0.425);
#2933=VECTOR('',#10504,0.15);
#2934=VECTOR('',#10507,0.1);
#2935=VECTOR('',#10508,0.15);
#2936=VECTOR('',#10511,0.425);
#2937=VECTOR('',#10512,0.575);
#2938=VECTOR('',#10513,0.3);
#2939=VECTOR('',#10516,0.1);
#2940=VECTOR('',#10525,0.1);
#2941=VECTOR('',#10526,0.424264068711872);
#2942=VECTOR('',#10527,0.1);
#2943=VECTOR('',#10528,0.424264068711872);
#2944=VECTOR('',#10531,2.35);
#2945=VECTOR('',#10532,0.1);
#2946=VECTOR('',#10533,2.35);
#2947=VECTOR('',#10536,3.);
#2948=VECTOR('',#10537,5.);
#2949=VECTOR('',#10538,3.);
#2950=VECTOR('',#10539,5.);
#2951=VECTOR('',#10540,2.65);
#2952=VECTOR('',#10541,1.53);
#2953=VECTOR('',#10542,2.65);
#2954=VECTOR('',#10543,1.53);
#2955=VECTOR('',#10544,2.72);
#2956=VECTOR('',#10545,2.65);
#2957=VECTOR('',#10546,2.42);
#2958=VECTOR('',#10549,0.1);
#2959=VECTOR('',#10550,3.);
#2960=VECTOR('',#10551,0.1);
#2961=VECTOR('',#10554,5.);
#2962=VECTOR('',#10555,0.1);
#2963=VECTOR('',#10558,3.);
#2964=VECTOR('',#10559,0.1);
#2965=VECTOR('',#10562,5.);
#2966=VECTOR('',#10567,0.1);
#2967=VECTOR('',#10568,2.65);
#2968=VECTOR('',#10569,0.1);
#2969=VECTOR('',#10572,1.53);
#2970=VECTOR('',#10573,0.1);
#2971=VECTOR('',#10576,2.65);
#2972=VECTOR('',#10577,0.1);
#2973=VECTOR('',#10580,1.53);
#2974=VECTOR('',#10585,0.1);
#2975=VECTOR('',#10586,2.42);
#2976=VECTOR('',#10589,2.65);
#2977=VECTOR('',#10590,2.72);
#2978=VECTOR('',#10593,0.1);
#2979=VECTOR('',#10600,0.2);
#2980=VECTOR('',#10603,0.2);
#2981=VECTOR('',#10606,0.9);
#2982=VECTOR('',#10609,0.25);
#2983=VECTOR('',#10610,0.2);
#2984=VECTOR('',#10611,0.15);
#2985=VECTOR('',#10612,0.25);
#2986=VECTOR('',#10613,0.15);
#2987=VECTOR('',#10614,0.2);
#2988=VECTOR('',#10615,0.15);
#2989=VECTOR('',#10616,0.25);
#2990=VECTOR('',#10617,0.15);
#2991=VECTOR('',#10618,0.2);
#2992=VECTOR('',#10619,0.25);
#2993=VECTOR('',#10622,0.2);
#2994=VECTOR('',#10623,0.25);
#2995=VECTOR('',#10626,0.2);
#2996=VECTOR('',#10627,0.15);
#2997=VECTOR('',#10628,0.25);
#2998=VECTOR('',#10629,0.15);
#2999=VECTOR('',#10630,0.2);
#3000=VECTOR('',#10631,0.15);
#3001=VECTOR('',#10632,0.25);
#3002=VECTOR('',#10633,0.15);
#3003=VECTOR('',#10634,0.2);
#3004=VECTOR('',#10635,0.25);
#3005=VECTOR('',#10638,0.9);
#3006=VECTOR('',#10641,0.2);
#3007=VECTOR('',#10644,0.2);
#3008=VECTOR('',#10647,0.2);
#3009=VECTOR('',#10650,0.2);
#3010=VECTOR('',#10653,0.2);
#3011=VECTOR('',#10656,0.2);
#3012=VECTOR('',#10659,0.2);
#3013=VECTOR('',#10662,0.2);
#3014=VECTOR('',#10665,0.2);
#3015=VECTOR('',#10668,0.2);
#3016=VECTOR('',#10671,0.2);
#3017=VECTOR('',#10676,0.25);
#3018=VECTOR('',#10677,0.2);
#3019=VECTOR('',#10678,0.25);
#3020=VECTOR('',#10683,0.2);
#3021=VECTOR('',#10684,0.25);
#3022=VECTOR('',#10685,0.2);
#3023=VECTOR('',#10688,0.2);
#3024=VECTOR('',#10689,0.2);
#3025=VECTOR('',#10692,0.25);
#3026=VECTOR('',#10693,0.2);
#3027=VECTOR('',#10702,0.25);
#3028=VECTOR('',#10703,0.2);
#3029=VECTOR('',#10704,0.25);
#3030=VECTOR('',#10709,0.2);
#3031=VECTOR('',#10710,0.25);
#3032=VECTOR('',#10711,0.2);
#3033=VECTOR('',#10714,0.2);
#3034=VECTOR('',#10715,0.2);
#3035=VECTOR('',#10718,0.25);
#3036=VECTOR('',#10719,0.2);
#3037=VECTOR('',#10728,0.25);
#3038=VECTOR('',#10729,0.2);
#3039=VECTOR('',#10730,0.25);
#3040=VECTOR('',#10735,0.2);
#3041=VECTOR('',#10736,0.25);
#3042=VECTOR('',#10737,0.2);
#3043=VECTOR('',#10740,0.2);
#3044=VECTOR('',#10741,0.2);
#3045=VECTOR('',#10744,0.25);
#3046=VECTOR('',#10745,0.2);
#3047=VECTOR('',#10754,0.2);
#3048=VECTOR('',#10755,0.2);
#3049=VECTOR('',#10756,0.2);
#3050=VECTOR('',#10757,0.2);
#3051=VECTOR('',#10760,0.15);
#3052=VECTOR('',#10761,0.2);
#3053=VECTOR('',#10762,0.15);
#3054=VECTOR('',#10765,0.2);
#3055=VECTOR('',#10766,0.25);
#3056=VECTOR('',#10769,0.4);
#3057=VECTOR('',#10772,0.25);
#3058=VECTOR('',#10773,0.2);
#3059=VECTOR('',#10774,0.15);
#3060=VECTOR('',#10777,0.2);
#3061=VECTOR('',#10778,0.15);
#3062=VECTOR('',#10781,0.4);
#3063=VECTOR('',#10784,0.25);
#3064=VECTOR('',#10785,0.2);
#3065=VECTOR('',#10786,0.2);
#3066=VECTOR('',#10787,0.25);
#3067=VECTOR('',#10792,0.2);
#3068=VECTOR('',#10793,0.2);
#3069=VECTOR('',#10796,0.2);
#3070=VECTOR('',#10799,0.2);
#3071=VECTOR('',#10804,0.2);
#3072=VECTOR('',#10807,0.2);
#3073=VECTOR('',#10812,0.2);
#3074=VECTOR('',#10813,0.2);
#3075=VECTOR('',#10814,0.2);
#3076=VECTOR('',#10815,0.2);
#3077=VECTOR('',#10818,0.15);
#3078=VECTOR('',#10819,0.2);
#3079=VECTOR('',#10820,0.15);
#3080=VECTOR('',#10823,0.2);
#3081=VECTOR('',#10824,0.25);
#3082=VECTOR('',#10827,0.4);
#3083=VECTOR('',#10830,0.25);
#3084=VECTOR('',#10831,0.2);
#3085=VECTOR('',#10832,0.15);
#3086=VECTOR('',#10835,0.2);
#3087=VECTOR('',#10836,0.15);
#3088=VECTOR('',#10839,0.4);
#3089=VECTOR('',#10842,0.25);
#3090=VECTOR('',#10843,0.2);
#3091=VECTOR('',#10844,0.2);
#3092=VECTOR('',#10845,0.25);
#3093=VECTOR('',#10850,0.2);
#3094=VECTOR('',#10851,0.2);
#3095=VECTOR('',#10854,0.2);
#3096=VECTOR('',#10857,0.2);
#3097=VECTOR('',#10862,0.2);
#3098=VECTOR('',#10865,0.2);
#3099=VECTOR('',#10870,0.25);
#3100=VECTOR('',#10871,0.2);
#3101=VECTOR('',#10872,0.25);
#3102=VECTOR('',#10877,0.2);
#3103=VECTOR('',#10878,0.25);
#3104=VECTOR('',#10879,0.2);
#3105=VECTOR('',#10882,0.2);
#3106=VECTOR('',#10883,0.2);
#3107=VECTOR('',#10886,0.25);
#3108=VECTOR('',#10887,0.2);
#3109=VECTOR('',#10896,0.25);
#3110=VECTOR('',#10899,0.25);
#3111=VECTOR('',#10900,0.2);
#3112=VECTOR('',#10903,0.2);
#3113=VECTOR('',#10904,0.25);
#3114=VECTOR('',#10905,0.2);
#3115=VECTOR('',#10910,0.2);
#3116=VECTOR('',#10913,0.25);
#3117=VECTOR('',#10914,0.2);
#3118=VECTOR('',#10917,0.2);
#3119=VECTOR('',#10922,0.25);
#3120=VECTOR('',#10925,0.25);
#3121=VECTOR('',#10926,0.2);
#3122=VECTOR('',#10929,0.2);
#3123=VECTOR('',#10930,0.25);
#3124=VECTOR('',#10931,0.2);
#3125=VECTOR('',#10936,0.2);
#3126=VECTOR('',#10939,0.25);
#3127=VECTOR('',#10940,0.2);
#3128=VECTOR('',#10943,0.2);
#3129=VECTOR('',#10948,0.25);
#3130=VECTOR('',#10951,0.25);
#3131=VECTOR('',#10952,0.2);
#3132=VECTOR('',#10955,0.2);
#3133=VECTOR('',#10956,0.25);
#3134=VECTOR('',#10957,0.2);
#3135=VECTOR('',#10962,0.2);
#3136=VECTOR('',#10965,0.25);
#3137=VECTOR('',#10966,0.2);
#3138=VECTOR('',#10969,0.2);
#3139=VECTOR('',#10974,0.25);
#3140=VECTOR('',#10977,0.25);
#3141=VECTOR('',#10978,0.2);
#3142=VECTOR('',#10981,0.2);
#3143=VECTOR('',#10982,0.25);
#3144=VECTOR('',#10983,0.2);
#3145=VECTOR('',#10988,0.2);
#3146=VECTOR('',#10991,0.25);
#3147=VECTOR('',#10992,0.2);
#3148=VECTOR('',#10995,0.2);
#3149=VECTOR('',#11000,0.25);
#3150=VECTOR('',#11003,0.25);
#3151=VECTOR('',#11004,0.2);
#3152=VECTOR('',#11007,0.2);
#3153=VECTOR('',#11008,0.25);
#3154=VECTOR('',#11009,0.2);
#3155=VECTOR('',#11014,0.2);
#3156=VECTOR('',#11017,0.25);
#3157=VECTOR('',#11018,0.2);
#3158=VECTOR('',#11021,0.2);
#3159=VECTOR('',#11026,0.25);
#3160=VECTOR('',#11029,0.25);
#3161=VECTOR('',#11030,0.2);
#3162=VECTOR('',#11033,0.2);
#3163=VECTOR('',#11034,0.25);
#3164=VECTOR('',#11035,0.2);
#3165=VECTOR('',#11040,0.2);
#3166=VECTOR('',#11043,0.25);
#3167=VECTOR('',#11044,0.2);
#3168=VECTOR('',#11047,0.2);
#3169=VECTOR('',#11052,0.25);
#3170=VECTOR('',#11055,0.25);
#3171=VECTOR('',#11056,0.2);
#3172=VECTOR('',#11059,0.2);
#3173=VECTOR('',#11060,0.25);
#3174=VECTOR('',#11061,0.2);
#3175=VECTOR('',#11066,0.2);
#3176=VECTOR('',#11069,0.25);
#3177=VECTOR('',#11070,0.2);
#3178=VECTOR('',#11073,0.2);
#3179=VECTOR('',#11078,0.25);
#3180=VECTOR('',#11081,0.25);
#3181=VECTOR('',#11082,0.2);
#3182=VECTOR('',#11085,0.2);
#3183=VECTOR('',#11086,0.25);
#3184=VECTOR('',#11087,0.2);
#3185=VECTOR('',#11092,0.2);
#3186=VECTOR('',#11095,0.25);
#3187=VECTOR('',#11096,0.2);
#3188=VECTOR('',#11099,0.2);
#3189=VECTOR('',#11104,0.25);
#3190=VECTOR('',#11105,0.2);
#3191=VECTOR('',#11106,0.25);
#3192=VECTOR('',#11111,0.2);
#3193=VECTOR('',#11112,0.25);
#3194=VECTOR('',#11113,0.2);
#3195=VECTOR('',#11116,0.2);
#3196=VECTOR('',#11117,0.2);
#3197=VECTOR('',#11120,0.25);
#3198=VECTOR('',#11121,0.2);
#3199=VECTOR('',#11130,0.25);
#3200=VECTOR('',#11131,0.2);
#3201=VECTOR('',#11132,0.25);
#3202=VECTOR('',#11137,0.2);
#3203=VECTOR('',#11138,0.25);
#3204=VECTOR('',#11139,0.2);
#3205=VECTOR('',#11142,0.2);
#3206=VECTOR('',#11143,0.2);
#3207=VECTOR('',#11146,0.25);
#3208=VECTOR('',#11147,0.2);
#3209=VECTOR('',#11156,0.25);
#3210=VECTOR('',#11159,0.25);
#3211=VECTOR('',#11160,0.2);
#3212=VECTOR('',#11163,0.2);
#3213=VECTOR('',#11164,0.25);
#3214=VECTOR('',#11165,0.2);
#3215=VECTOR('',#11170,0.2);
#3216=VECTOR('',#11173,0.25);
#3217=VECTOR('',#11174,0.2);
#3218=VECTOR('',#11177,0.2);
#3219=VECTOR('',#11182,0.25);
#3220=VECTOR('',#11185,0.25);
#3221=VECTOR('',#11186,0.2);
#3222=VECTOR('',#11189,0.2);
#3223=VECTOR('',#11190,0.25);
#3224=VECTOR('',#11191,0.2);
#3225=VECTOR('',#11196,0.2);
#3226=VECTOR('',#11199,0.25);
#3227=VECTOR('',#11200,0.2);
#3228=VECTOR('',#11203,0.2);
#3229=VECTOR('',#11208,0.25);
#3230=VECTOR('',#11209,0.2);
#3231=VECTOR('',#11210,0.25);
#3232=VECTOR('',#11215,0.2);
#3233=VECTOR('',#11216,0.25);
#3234=VECTOR('',#11217,0.2);
#3235=VECTOR('',#11220,0.2);
#3236=VECTOR('',#11221,0.2);
#3237=VECTOR('',#11224,0.25);
#3238=VECTOR('',#11225,0.2);
#3239=VECTOR('',#11234,0.25);
#3240=VECTOR('',#11235,0.2);
#3241=VECTOR('',#11236,0.25);
#3242=VECTOR('',#11241,0.2);
#3243=VECTOR('',#11242,0.25);
#3244=VECTOR('',#11243,0.2);
#3245=VECTOR('',#11246,0.2);
#3246=VECTOR('',#11247,0.2);
#3247=VECTOR('',#11250,0.25);
#3248=VECTOR('',#11251,0.2);
#3249=VECTOR('',#11260,0.25);
#3250=VECTOR('',#11261,0.2);
#3251=VECTOR('',#11262,0.25);
#3252=VECTOR('',#11267,0.2);
#3253=VECTOR('',#11268,0.25);
#3254=VECTOR('',#11269,0.2);
#3255=VECTOR('',#11272,0.2);
#3256=VECTOR('',#11273,0.2);
#3257=VECTOR('',#11276,0.25);
#3258=VECTOR('',#11277,0.2);
#3259=VECTOR('',#11286,0.25);
#3260=VECTOR('',#11289,0.25);
#3261=VECTOR('',#11290,0.2);
#3262=VECTOR('',#11293,0.2);
#3263=VECTOR('',#11294,0.25);
#3264=VECTOR('',#11295,0.2);
#3265=VECTOR('',#11300,0.2);
#3266=VECTOR('',#11303,0.25);
#3267=VECTOR('',#11304,0.2);
#3268=VECTOR('',#11307,0.2);
#3269=VECTOR('',#11312,0.25);
#3270=VECTOR('',#11315,0.25);
#3271=VECTOR('',#11316,0.2);
#3272=VECTOR('',#11319,0.2);
#3273=VECTOR('',#11320,0.25);
#3274=VECTOR('',#11321,0.2);
#3275=VECTOR('',#11326,0.2);
#3276=VECTOR('',#11329,0.25);
#3277=VECTOR('',#11330,0.2);
#3278=VECTOR('',#11333,0.2);
#3279=VECTOR('',#11338,0.25);
#3280=VECTOR('',#11341,0.25);
#3281=VECTOR('',#11342,0.2);
#3282=VECTOR('',#11345,0.2);
#3283=VECTOR('',#11346,0.25);
#3284=VECTOR('',#11347,0.2);
#3285=VECTOR('',#11352,0.2);
#3286=VECTOR('',#11355,0.25);
#3287=VECTOR('',#11356,0.2);
#3288=VECTOR('',#11359,0.2);
#3289=VECTOR('',#11366,0.25);
#3290=VECTOR('',#11367,0.2);
#3291=VECTOR('',#11368,0.25);
#3292=VECTOR('',#11371,0.2);
#3293=VECTOR('',#11374,0.2);
#3294=VECTOR('',#11377,0.25);
#3295=VECTOR('',#11378,0.2);
#3296=VECTOR('',#11381,0.2);
#3297=VECTOR('',#11382,0.2);
#3298=VECTOR('',#11385,0.25);
#3299=VECTOR('',#11392,0.25);
#3300=VECTOR('',#11393,0.2);
#3301=VECTOR('',#11394,0.25);
#3302=VECTOR('',#11397,0.2);
#3303=VECTOR('',#11400,0.2);
#3304=VECTOR('',#11403,0.25);
#3305=VECTOR('',#11404,0.2);
#3306=VECTOR('',#11407,0.2);
#3307=VECTOR('',#11408,0.2);
#3308=VECTOR('',#11411,0.25);
#3309=VECTOR('',#11418,0.25);
#3310=VECTOR('',#11419,0.2);
#3311=VECTOR('',#11420,0.25);
#3312=VECTOR('',#11423,0.2);
#3313=VECTOR('',#11426,0.2);
#3314=VECTOR('',#11429,0.25);
#3315=VECTOR('',#11430,0.2);
#3316=VECTOR('',#11433,0.2);
#3317=VECTOR('',#11434,0.2);
#3318=VECTOR('',#11437,0.25);
#3319=VECTOR('',#11444,0.25);
#3320=VECTOR('',#11445,0.2);
#3321=VECTOR('',#11446,0.25);
#3322=VECTOR('',#11449,0.2);
#3323=VECTOR('',#11452,0.2);
#3324=VECTOR('',#11455,0.25);
#3325=VECTOR('',#11456,0.2);
#3326=VECTOR('',#11459,0.2);
#3327=VECTOR('',#11460,0.2);
#3328=VECTOR('',#11463,0.25);
#3329=VECTOR('',#11470,0.25);
#3330=VECTOR('',#11471,0.2);
#3331=VECTOR('',#11472,0.25);
#3332=VECTOR('',#11475,0.2);
#3333=VECTOR('',#11478,0.2);
#3334=VECTOR('',#11481,0.25);
#3335=VECTOR('',#11482,0.2);
#3336=VECTOR('',#11485,0.2);
#3337=VECTOR('',#11486,0.2);
#3338=VECTOR('',#11489,0.25);
#3339=VECTOR('',#11496,0.25);
#3340=VECTOR('',#11497,0.2);
#3341=VECTOR('',#11498,0.25);
#3342=VECTOR('',#11501,0.2);
#3343=VECTOR('',#11504,0.2);
#3344=VECTOR('',#11507,0.25);
#3345=VECTOR('',#11508,0.2);
#3346=VECTOR('',#11511,0.2);
#3347=VECTOR('',#11512,0.2);
#3348=VECTOR('',#11515,0.25);
#3349=VECTOR('',#11522,0.2);
#3350=VECTOR('',#11525,0.2);
#3351=VECTOR('',#11528,0.25);
#3352=VECTOR('',#11529,0.2);
#3353=VECTOR('',#11530,0.15);
#3354=VECTOR('',#11531,0.25);
#3355=VECTOR('',#11532,0.15);
#3356=VECTOR('',#11533,0.2);
#3357=VECTOR('',#11534,0.15);
#3358=VECTOR('',#11535,0.25);
#3359=VECTOR('',#11536,0.15);
#3360=VECTOR('',#11537,0.2);
#3361=VECTOR('',#11538,0.25);
#3362=VECTOR('',#11541,0.9);
#3363=VECTOR('',#11544,0.25);
#3364=VECTOR('',#11545,0.2);
#3365=VECTOR('',#11548,0.9);
#3366=VECTOR('',#11551,0.25);
#3367=VECTOR('',#11552,0.2);
#3368=VECTOR('',#11553,0.15);
#3369=VECTOR('',#11554,0.25);
#3370=VECTOR('',#11555,0.15);
#3371=VECTOR('',#11556,0.2);
#3372=VECTOR('',#11557,0.15);
#3373=VECTOR('',#11558,0.25);
#3374=VECTOR('',#11559,0.15);
#3375=VECTOR('',#11560,0.2);
#3376=VECTOR('',#11563,0.2);
#3377=VECTOR('',#11566,0.2);
#3378=VECTOR('',#11569,0.2);
#3379=VECTOR('',#11572,0.2);
#3380=VECTOR('',#11575,0.2);
#3381=VECTOR('',#11578,0.2);
#3382=VECTOR('',#11581,0.2);
#3383=VECTOR('',#11584,0.2);
#3384=VECTOR('',#11587,0.2);
#3385=VECTOR('',#11590,0.2);
#3386=VECTOR('',#11593,0.2);
#3387=VECTOR('',#11598,0.15);
#3388=VECTOR('',#11599,0.425);
#3389=VECTOR('',#11600,0.15);
#3390=VECTOR('',#11601,0.15);
#3391=VECTOR('',#11602,0.3);
#3392=VECTOR('',#11603,0.575);
#3393=VECTOR('',#11606,0.1);
#3394=VECTOR('',#11607,0.15);
#3395=VECTOR('',#11608,0.1);
#3396=VECTOR('',#11611,0.425);
#3397=VECTOR('',#11612,0.1);
#3398=VECTOR('',#11615,0.15);
#3399=VECTOR('',#11616,0.1);
#3400=VECTOR('',#11619,0.15);
#3401=VECTOR('',#11620,0.1);
#3402=VECTOR('',#11623,0.3);
#3403=VECTOR('',#11624,0.1);
#3404=VECTOR('',#11627,0.575);
#3405=VECTOR('',#11632,0.15);
#3406=VECTOR('',#11633,0.575);
#3407=VECTOR('',#11634,0.3);
#3408=VECTOR('',#11635,0.15);
#3409=VECTOR('',#11636,0.15);
#3410=VECTOR('',#11637,0.425);
#3411=VECTOR('',#11640,0.1);
#3412=VECTOR('',#11641,0.15);
#3413=VECTOR('',#11642,0.1);
#3414=VECTOR('',#11645,0.575);
#3415=VECTOR('',#11646,0.1);
#3416=VECTOR('',#11649,0.3);
#3417=VECTOR('',#11650,0.1);
#3418=VECTOR('',#11653,0.15);
#3419=VECTOR('',#11654,0.1);
#3420=VECTOR('',#11657,0.15);
#3421=VECTOR('',#11658,0.1);
#3422=VECTOR('',#11661,0.425);
#3423=VECTOR('',#11666,0.15);
#3424=VECTOR('',#11667,0.575);
#3425=VECTOR('',#11668,0.3);
#3426=VECTOR('',#11669,0.15);
#3427=VECTOR('',#11670,0.15);
#3428=VECTOR('',#11671,0.425);
#3429=VECTOR('',#11674,0.1);
#3430=VECTOR('',#11675,0.15);
#3431=VECTOR('',#11676,0.1);
#3432=VECTOR('',#11679,0.575);
#3433=VECTOR('',#11680,0.1);
#3434=VECTOR('',#11683,0.3);
#3435=VECTOR('',#11684,0.1);
#3436=VECTOR('',#11687,0.15);
#3437=VECTOR('',#11688,0.1);
#3438=VECTOR('',#11691,0.15);
#3439=VECTOR('',#11692,0.1);
#3440=VECTOR('',#11695,0.425);
#3441=VECTOR('',#11700,0.15);
#3442=VECTOR('',#11701,0.425);
#3443=VECTOR('',#11702,0.15);
#3444=VECTOR('',#11703,0.15);
#3445=VECTOR('',#11704,0.3);
#3446=VECTOR('',#11705,0.575);
#3447=VECTOR('',#11708,0.1);
#3448=VECTOR('',#11709,0.15);
#3449=VECTOR('',#11710,0.1);
#3450=VECTOR('',#11713,0.425);
#3451=VECTOR('',#11714,0.1);
#3452=VECTOR('',#11717,0.15);
#3453=VECTOR('',#11718,0.1);
#3454=VECTOR('',#11721,0.15);
#3455=VECTOR('',#11722,0.1);
#3456=VECTOR('',#11725,0.3);
#3457=VECTOR('',#11726,0.1);
#3458=VECTOR('',#11729,0.575);
#3459=VECTOR('',#11736,0.125);
#3460=VERTEX_POINT('',#11750);
#3461=VERTEX_POINT('',#11751);
#3462=VERTEX_POINT('',#11753);
#3463=VERTEX_POINT('',#11755);
#3464=VERTEX_POINT('',#11757);
#3465=VERTEX_POINT('',#11759);
#3466=VERTEX_POINT('',#11761);
#3467=VERTEX_POINT('',#11763);
#3468=VERTEX_POINT('',#11765);
#3469=VERTEX_POINT('',#11767);
#3470=VERTEX_POINT('',#11769);
#3471=VERTEX_POINT('',#11771);
#3472=VERTEX_POINT('',#11773);
#3473=VERTEX_POINT('',#11775);
#3474=VERTEX_POINT('',#11777);
#3475=VERTEX_POINT('',#11779);
#3476=VERTEX_POINT('',#11781);
#3477=VERTEX_POINT('',#11783);
#3478=VERTEX_POINT('',#11785);
#3479=VERTEX_POINT('',#11787);
#3480=VERTEX_POINT('',#11789);
#3481=VERTEX_POINT('',#11791);
#3482=VERTEX_POINT('',#11793);
#3483=VERTEX_POINT('',#11795);
#3484=VERTEX_POINT('',#11797);
#3485=VERTEX_POINT('',#11799);
#3486=VERTEX_POINT('',#11801);
#3487=VERTEX_POINT('',#11803);
#3488=VERTEX_POINT('',#11805);
#3489=VERTEX_POINT('',#11807);
#3490=VERTEX_POINT('',#11809);
#3491=VERTEX_POINT('',#11811);
#3492=VERTEX_POINT('',#11813);
#3493=VERTEX_POINT('',#11815);
#3494=VERTEX_POINT('',#11817);
#3495=VERTEX_POINT('',#11819);
#3496=VERTEX_POINT('',#11821);
#3497=VERTEX_POINT('',#11823);
#3498=VERTEX_POINT('',#11825);
#3499=VERTEX_POINT('',#11827);
#3500=VERTEX_POINT('',#11829);
#3501=VERTEX_POINT('',#11831);
#3502=VERTEX_POINT('',#11833);
#3503=VERTEX_POINT('',#11835);
#3504=VERTEX_POINT('',#11837);
#3505=VERTEX_POINT('',#11839);
#3506=VERTEX_POINT('',#11841);
#3507=VERTEX_POINT('',#11843);
#3508=VERTEX_POINT('',#11845);
#3509=VERTEX_POINT('',#11847);
#3510=VERTEX_POINT('',#11849);
#3511=VERTEX_POINT('',#11851);
#3512=VERTEX_POINT('',#11853);
#3513=VERTEX_POINT('',#11855);
#3514=VERTEX_POINT('',#11857);
#3515=VERTEX_POINT('',#11859);
#3516=VERTEX_POINT('',#11861);
#3517=VERTEX_POINT('',#11863);
#3518=VERTEX_POINT('',#11865);
#3519=VERTEX_POINT('',#11867);
#3520=VERTEX_POINT('',#11869);
#3521=VERTEX_POINT('',#11871);
#3522=VERTEX_POINT('',#11873);
#3523=VERTEX_POINT('',#11875);
#3524=VERTEX_POINT('',#11877);
#3525=VERTEX_POINT('',#11879);
#3526=VERTEX_POINT('',#11881);
#3527=VERTEX_POINT('',#11883);
#3528=VERTEX_POINT('',#11885);
#3529=VERTEX_POINT('',#11887);
#3530=VERTEX_POINT('',#11889);
#3531=VERTEX_POINT('',#11891);
#3532=VERTEX_POINT('',#11893);
#3533=VERTEX_POINT('',#11895);
#3534=VERTEX_POINT('',#11897);
#3535=VERTEX_POINT('',#11899);
#3536=VERTEX_POINT('',#11901);
#3537=VERTEX_POINT('',#11903);
#3538=VERTEX_POINT('',#11905);
#3539=VERTEX_POINT('',#11907);
#3540=VERTEX_POINT('',#11909);
#3541=VERTEX_POINT('',#11911);
#3542=VERTEX_POINT('',#11913);
#3543=VERTEX_POINT('',#11915);
#3544=VERTEX_POINT('',#11917);
#3545=VERTEX_POINT('',#11919);
#3546=VERTEX_POINT('',#11921);
#3547=VERTEX_POINT('',#11923);
#3548=VERTEX_POINT('',#11925);
#3549=VERTEX_POINT('',#11927);
#3550=VERTEX_POINT('',#11929);
#3551=VERTEX_POINT('',#11931);
#3552=VERTEX_POINT('',#11933);
#3553=VERTEX_POINT('',#11935);
#3554=VERTEX_POINT('',#11937);
#3555=VERTEX_POINT('',#11939);
#3556=VERTEX_POINT('',#11941);
#3557=VERTEX_POINT('',#11943);
#3558=VERTEX_POINT('',#11945);
#3559=VERTEX_POINT('',#11947);
#3560=VERTEX_POINT('',#11949);
#3561=VERTEX_POINT('',#11951);
#3562=VERTEX_POINT('',#11953);
#3563=VERTEX_POINT('',#11955);
#3564=VERTEX_POINT('',#11957);
#3565=VERTEX_POINT('',#11959);
#3566=VERTEX_POINT('',#11961);
#3567=VERTEX_POINT('',#11963);
#3568=VERTEX_POINT('',#11965);
#3569=VERTEX_POINT('',#11967);
#3570=VERTEX_POINT('',#11969);
#3571=VERTEX_POINT('',#11971);
#3572=VERTEX_POINT('',#11973);
#3573=VERTEX_POINT('',#11975);
#3574=VERTEX_POINT('',#11977);
#3575=VERTEX_POINT('',#11979);
#3576=VERTEX_POINT('',#11981);
#3577=VERTEX_POINT('',#11983);
#3578=VERTEX_POINT('',#11985);
#3579=VERTEX_POINT('',#11987);
#3580=VERTEX_POINT('',#11989);
#3581=VERTEX_POINT('',#11991);
#3582=VERTEX_POINT('',#11993);
#3583=VERTEX_POINT('',#11995);
#3584=VERTEX_POINT('',#11997);
#3585=VERTEX_POINT('',#11999);
#3586=VERTEX_POINT('',#12001);
#3587=VERTEX_POINT('',#12003);
#3588=VERTEX_POINT('',#12005);
#3589=VERTEX_POINT('',#12007);
#3590=VERTEX_POINT('',#12009);
#3591=VERTEX_POINT('',#12011);
#3592=VERTEX_POINT('',#12013);
#3593=VERTEX_POINT('',#12015);
#3594=VERTEX_POINT('',#12017);
#3595=VERTEX_POINT('',#12019);
#3596=VERTEX_POINT('',#12021);
#3597=VERTEX_POINT('',#12023);
#3598=VERTEX_POINT('',#12025);
#3599=VERTEX_POINT('',#12027);
#3600=VERTEX_POINT('',#12030);
#3601=VERTEX_POINT('',#12031);
#3602=VERTEX_POINT('',#12033);
#3603=VERTEX_POINT('',#12035);
#3604=VERTEX_POINT('',#12037);
#3605=VERTEX_POINT('',#12040);
#3606=VERTEX_POINT('',#12041);
#3607=VERTEX_POINT('',#12043);
#3608=VERTEX_POINT('',#12045);
#3609=VERTEX_POINT('',#12049);
#3610=VERTEX_POINT('',#12050);
#3611=VERTEX_POINT('',#12052);
#3612=VERTEX_POINT('',#12054);
#3613=VERTEX_POINT('',#12058);
#3614=VERTEX_POINT('',#12059);
#3615=VERTEX_POINT('',#12061);
#3616=VERTEX_POINT('',#12063);
#3617=VERTEX_POINT('',#12067);
#3618=VERTEX_POINT('',#12068);
#3619=VERTEX_POINT('',#12070);
#3620=VERTEX_POINT('',#12072);
#3621=VERTEX_POINT('',#12076);
#3622=VERTEX_POINT('',#12077);
#3623=VERTEX_POINT('',#12079);
#3624=VERTEX_POINT('',#12081);
#3625=VERTEX_POINT('',#12085);
#3626=VERTEX_POINT('',#12086);
#3627=VERTEX_POINT('',#12088);
#3628=VERTEX_POINT('',#12090);
#3629=VERTEX_POINT('',#12094);
#3630=VERTEX_POINT('',#12095);
#3631=VERTEX_POINT('',#12097);
#3632=VERTEX_POINT('',#12099);
#3633=VERTEX_POINT('',#12103);
#3634=VERTEX_POINT('',#12105);
#3635=VERTEX_POINT('',#12109);
#3636=VERTEX_POINT('',#12113);
#3637=VERTEX_POINT('',#12117);
#3638=VERTEX_POINT('',#12123);
#3639=VERTEX_POINT('',#12124);
#3640=VERTEX_POINT('',#12126);
#3641=VERTEX_POINT('',#12128);
#3642=VERTEX_POINT('',#12131);
#3643=VERTEX_POINT('',#12132);
#3644=VERTEX_POINT('',#12134);
#3645=VERTEX_POINT('',#12136);
#3646=VERTEX_POINT('',#12140);
#3647=VERTEX_POINT('',#12142);
#3648=VERTEX_POINT('',#12146);
#3649=VERTEX_POINT('',#12150);
#3650=VERTEX_POINT('',#12165);
#3651=VERTEX_POINT('',#12167);
#3652=VERTEX_POINT('',#12171);
#3653=VERTEX_POINT('',#12173);
#3654=VERTEX_POINT('',#12175);
#3655=VERTEX_POINT('',#12178);
#3656=VERTEX_POINT('',#12180);
#3657=VERTEX_POINT('',#12183);
#3658=VERTEX_POINT('',#12185);
#3659=VERTEX_POINT('',#12188);
#3660=VERTEX_POINT('',#12190);
#3661=VERTEX_POINT('',#12193);
#3662=VERTEX_POINT('',#12195);
#3663=VERTEX_POINT('',#12198);
#3664=VERTEX_POINT('',#12200);
#3665=VERTEX_POINT('',#12203);
#3666=VERTEX_POINT('',#12205);
#3667=VERTEX_POINT('',#12208);
#3668=VERTEX_POINT('',#12210);
#3669=VERTEX_POINT('',#12213);
#3670=VERTEX_POINT('',#12215);
#3671=VERTEX_POINT('',#12218);
#3672=VERTEX_POINT('',#12220);
#3673=VERTEX_POINT('',#12223);
#3674=VERTEX_POINT('',#12225);
#3675=VERTEX_POINT('',#12228);
#3676=VERTEX_POINT('',#12230);
#3677=VERTEX_POINT('',#12233);
#3678=VERTEX_POINT('',#12235);
#3679=VERTEX_POINT('',#12239);
#3680=VERTEX_POINT('',#12240);
#3681=VERTEX_POINT('',#12242);
#3682=VERTEX_POINT('',#12244);
#3683=VERTEX_POINT('',#12247);
#3684=VERTEX_POINT('',#12248);
#3685=VERTEX_POINT('',#12250);
#3686=VERTEX_POINT('',#12252);
#3687=VERTEX_POINT('',#12256);
#3688=VERTEX_POINT('',#12263);
#3689=VERTEX_POINT('',#12267);
#3690=VERTEX_POINT('',#12274);
#3691=VERTEX_POINT('',#12278);
#3692=VERTEX_POINT('',#12285);
#3693=VERTEX_POINT('',#12289);
#3694=VERTEX_POINT('',#12293);
#3695=VERTEX_POINT('',#12297);
#3696=VERTEX_POINT('',#12303);
#3697=VERTEX_POINT('',#12305);
#3698=VERTEX_POINT('',#12314);
#3699=VERTEX_POINT('',#12318);
#3700=VERTEX_POINT('',#12322);
#3701=VERTEX_POINT('',#12326);
#3702=VERTEX_POINT('',#12332);
#3703=VERTEX_POINT('',#12334);
#3704=VERTEX_POINT('',#12343);
#3705=VERTEX_POINT('',#12347);
#3706=VERTEX_POINT('',#12354);
#3707=VERTEX_POINT('',#12358);
#3708=VERTEX_POINT('',#12365);
#3709=VERTEX_POINT('',#12369);
#3710=VERTEX_POINT('',#12376);
#3711=VERTEX_POINT('',#12380);
#3712=VERTEX_POINT('',#12387);
#3713=VERTEX_POINT('',#12391);
#3714=VERTEX_POINT('',#12398);
#3715=VERTEX_POINT('',#12402);
#3716=VERTEX_POINT('',#12409);
#3717=VERTEX_POINT('',#12411);
#3718=VERTEX_POINT('',#12413);
#3719=VERTEX_POINT('',#12416);
#3720=VERTEX_POINT('',#12418);
#3721=VERTEX_POINT('',#12421);
#3722=VERTEX_POINT('',#12423);
#3723=VERTEX_POINT('',#12426);
#3724=VERTEX_POINT('',#12428);
#3725=VERTEX_POINT('',#12431);
#3726=VERTEX_POINT('',#12433);
#3727=VERTEX_POINT('',#12436);
#3728=VERTEX_POINT('',#12439);
#3729=VERTEX_POINT('',#12442);
#3730=VERTEX_POINT('',#12443);
#3731=VERTEX_POINT('',#12445);
#3732=VERTEX_POINT('',#12447);
#3733=VERTEX_POINT('',#12450);
#3734=VERTEX_POINT('',#12451);
#3735=VERTEX_POINT('',#12453);
#3736=VERTEX_POINT('',#12455);
#3737=VERTEX_POINT('',#12459);
#3738=VERTEX_POINT('',#12463);
#3739=VERTEX_POINT('',#12469);
#3740=VERTEX_POINT('',#12471);
#3741=VERTEX_POINT('',#12473);
#3742=VERTEX_POINT('',#12475);
#3743=VERTEX_POINT('',#12478);
#3744=VERTEX_POINT('',#12480);
#3745=VERTEX_POINT('',#12498);
#3746=VERTEX_POINT('',#12499);
#3747=VERTEX_POINT('',#12502);
#3748=VERTEX_POINT('',#12504);
#3749=VERTEX_POINT('',#12507);
#3750=VERTEX_POINT('',#12509);
#3751=VERTEX_POINT('',#12512);
#3752=VERTEX_POINT('',#12514);
#3753=VERTEX_POINT('',#12517);
#3754=VERTEX_POINT('',#12519);
#3755=VERTEX_POINT('',#12522);
#3756=VERTEX_POINT('',#12524);
#3757=VERTEX_POINT('',#12527);
#3758=VERTEX_POINT('',#12529);
#3759=VERTEX_POINT('',#12532);
#3760=VERTEX_POINT('',#12534);
#3761=VERTEX_POINT('',#12537);
#3762=VERTEX_POINT('',#12539);
#3763=VERTEX_POINT('',#12542);
#3764=VERTEX_POINT('',#12544);
#3765=VERTEX_POINT('',#12547);
#3766=VERTEX_POINT('',#12549);
#3767=VERTEX_POINT('',#12552);
#3768=VERTEX_POINT('',#12554);
#3769=VERTEX_POINT('',#12557);
#3770=VERTEX_POINT('',#12559);
#3771=VERTEX_POINT('',#12562);
#3772=VERTEX_POINT('',#12566);
#3773=VERTEX_POINT('',#12567);
#3774=VERTEX_POINT('',#12569);
#3775=VERTEX_POINT('',#12571);
#3776=VERTEX_POINT('',#12574);
#3777=VERTEX_POINT('',#12575);
#3778=VERTEX_POINT('',#12577);
#3779=VERTEX_POINT('',#12579);
#3780=VERTEX_POINT('',#12583);
#3781=VERTEX_POINT('',#12585);
#3782=VERTEX_POINT('',#12594);
#3783=VERTEX_POINT('',#12596);
#3784=VERTEX_POINT('',#12599);
#3785=VERTEX_POINT('',#12601);
#3786=VERTEX_POINT('',#12604);
#3787=VERTEX_POINT('',#12606);
#3788=VERTEX_POINT('',#12609);
#3789=VERTEX_POINT('',#12611);
#3790=VERTEX_POINT('',#12614);
#3791=VERTEX_POINT('',#12616);
#3792=VERTEX_POINT('',#12619);
#3793=VERTEX_POINT('',#12621);
#3794=VERTEX_POINT('',#12625);
#3795=VERTEX_POINT('',#12626);
#3796=VERTEX_POINT('',#12628);
#3797=VERTEX_POINT('',#12630);
#3798=VERTEX_POINT('',#12633);
#3799=VERTEX_POINT('',#12634);
#3800=VERTEX_POINT('',#12636);
#3801=VERTEX_POINT('',#12638);
#3802=VERTEX_POINT('',#12643);
#3803=VERTEX_POINT('',#12647);
#3804=VERTEX_POINT('',#12654);
#3805=VERTEX_POINT('',#12658);
#3806=VERTEX_POINT('',#12665);
#3807=VERTEX_POINT('',#12669);
#3808=VERTEX_POINT('',#12676);
#3809=VERTEX_POINT('',#12680);
#3810=VERTEX_POINT('',#12687);
#3811=VERTEX_POINT('',#12691);
#3812=VERTEX_POINT('',#12698);
#3813=VERTEX_POINT('',#12702);
#3814=VERTEX_POINT('',#12709);
#3815=VERTEX_POINT('',#12712);
#3816=VERTEX_POINT('',#12716);
#3817=VERTEX_POINT('',#12721);
#3818=VERTEX_POINT('',#12729);
#3819=VERTEX_POINT('',#12732);
#3820=VERTEX_POINT('',#12736);
#3821=VERTEX_POINT('',#12741);
#3822=VERTEX_POINT('',#12749);
#3823=VERTEX_POINT('',#12753);
#3824=VERTEX_POINT('',#12760);
#3825=VERTEX_POINT('',#12764);
#3826=VERTEX_POINT('',#12771);
#3827=VERTEX_POINT('',#12775);
#3828=VERTEX_POINT('',#12782);
#3829=VERTEX_POINT('',#12786);
#3830=VERTEX_POINT('',#12793);
#3831=VERTEX_POINT('',#12797);
#3832=VERTEX_POINT('',#12804);
#3833=VERTEX_POINT('',#12808);
#3834=VERTEX_POINT('',#12815);
#3835=VERTEX_POINT('',#12819);
#3836=VERTEX_POINT('',#12826);
#3837=VERTEX_POINT('',#12830);
#3838=VERTEX_POINT('',#12837);
#3839=VERTEX_POINT('',#12841);
#3840=VERTEX_POINT('',#12848);
#3841=VERTEX_POINT('',#12852);
#3842=VERTEX_POINT('',#12859);
#3843=VERTEX_POINT('',#12863);
#3844=VERTEX_POINT('',#12870);
#3845=VERTEX_POINT('',#12874);
#3846=VERTEX_POINT('',#12881);
#3847=VERTEX_POINT('',#12884);
#3848=VERTEX_POINT('',#12888);
#3849=VERTEX_POINT('',#12893);
#3850=VERTEX_POINT('',#12901);
#3851=VERTEX_POINT('',#12905);
#3852=VERTEX_POINT('',#12909);
#3853=VERTEX_POINT('',#12913);
#3854=VERTEX_POINT('',#12919);
#3855=VERTEX_POINT('',#12921);
#3856=VERTEX_POINT('',#12924);
#3857=VERTEX_POINT('',#12926);
#3858=VERTEX_POINT('',#12940);
#3859=VERTEX_POINT('',#12943);
#3860=VERTEX_POINT('',#12947);
#3861=VERTEX_POINT('',#12952);
#3862=VERTEX_POINT('',#12961);
#3863=VERTEX_POINT('',#12962);
#3864=VERTEX_POINT('',#12964);
#3865=VERTEX_POINT('',#12966);
#3866=VERTEX_POINT('',#12970);
#3867=VERTEX_POINT('',#12972);
#3868=VERTEX_POINT('',#12976);
#3869=VERTEX_POINT('',#12977);
#3870=VERTEX_POINT('',#12979);
#3871=VERTEX_POINT('',#12981);
#3872=VERTEX_POINT('',#12984);
#3873=VERTEX_POINT('',#12985);
#3874=VERTEX_POINT('',#12987);
#3875=VERTEX_POINT('',#12989);
#3876=VERTEX_POINT('',#12992);
#3877=VERTEX_POINT('',#12994);
#3878=VERTEX_POINT('',#12998);
#3879=VERTEX_POINT('',#13000);
#3880=VERTEX_POINT('',#13004);
#3881=VERTEX_POINT('',#13008);
#3882=VERTEX_POINT('',#13015);
#3883=VERTEX_POINT('',#13017);
#3884=VERTEX_POINT('',#13021);
#3885=VERTEX_POINT('',#13025);
#3886=VERTEX_POINT('',#13032);
#3887=VERTEX_POINT('',#13036);
#3888=VERTEX_POINT('',#13043);
#3889=VERTEX_POINT('',#13044);
#3890=VERTEX_POINT('',#13046);
#3891=VERTEX_POINT('',#13048);
#3892=VERTEX_POINT('',#13052);
#3893=VERTEX_POINT('',#13054);
#3894=VERTEX_POINT('',#13056);
#3895=VERTEX_POINT('',#13058);
#3896=VERTEX_POINT('',#13060);
#3897=VERTEX_POINT('',#13062);
#3898=VERTEX_POINT('',#13064);
#3899=VERTEX_POINT('',#13066);
#3900=VERTEX_POINT('',#13068);
#3901=VERTEX_POINT('',#13070);
#3902=VERTEX_POINT('',#13072);
#3903=VERTEX_POINT('',#13074);
#3904=VERTEX_POINT('',#13078);
#3905=VERTEX_POINT('',#13082);
#3906=VERTEX_POINT('',#13084);
#3907=VERTEX_POINT('',#13086);
#3908=VERTEX_POINT('',#13088);
#3909=VERTEX_POINT('',#13090);
#3910=VERTEX_POINT('',#13092);
#3911=VERTEX_POINT('',#13094);
#3912=VERTEX_POINT('',#13096);
#3913=VERTEX_POINT('',#13098);
#3914=VERTEX_POINT('',#13100);
#3915=VERTEX_POINT('',#13102);
#3916=VERTEX_POINT('',#13129);
#3917=VERTEX_POINT('',#13130);
#3918=VERTEX_POINT('',#13132);
#3919=VERTEX_POINT('',#13134);
#3920=VERTEX_POINT('',#13138);
#3921=VERTEX_POINT('',#13140);
#3922=VERTEX_POINT('',#13144);
#3923=VERTEX_POINT('',#13148);
#3924=VERTEX_POINT('',#13155);
#3925=VERTEX_POINT('',#13156);
#3926=VERTEX_POINT('',#13158);
#3927=VERTEX_POINT('',#13160);
#3928=VERTEX_POINT('',#13164);
#3929=VERTEX_POINT('',#13166);
#3930=VERTEX_POINT('',#13170);
#3931=VERTEX_POINT('',#13174);
#3932=VERTEX_POINT('',#13181);
#3933=VERTEX_POINT('',#13182);
#3934=VERTEX_POINT('',#13184);
#3935=VERTEX_POINT('',#13186);
#3936=VERTEX_POINT('',#13190);
#3937=VERTEX_POINT('',#13192);
#3938=VERTEX_POINT('',#13196);
#3939=VERTEX_POINT('',#13200);
#3940=VERTEX_POINT('',#13207);
#3941=VERTEX_POINT('',#13208);
#3942=VERTEX_POINT('',#13210);
#3943=VERTEX_POINT('',#13212);
#3944=VERTEX_POINT('',#13216);
#3945=VERTEX_POINT('',#13218);
#3946=VERTEX_POINT('',#13222);
#3947=VERTEX_POINT('',#13224);
#3948=VERTEX_POINT('',#13226);
#3949=VERTEX_POINT('',#13228);
#3950=VERTEX_POINT('',#13230);
#3951=VERTEX_POINT('',#13232);
#3952=VERTEX_POINT('',#13234);
#3953=VERTEX_POINT('',#13238);
#3954=VERTEX_POINT('',#13242);
#3955=VERTEX_POINT('',#13243);
#3956=VERTEX_POINT('',#13245);
#3957=VERTEX_POINT('',#13247);
#3958=VERTEX_POINT('',#13250);
#3959=VERTEX_POINT('',#13252);
#3960=VERTEX_POINT('',#13269);
#3961=VERTEX_POINT('',#13270);
#3962=VERTEX_POINT('',#13272);
#3963=VERTEX_POINT('',#13274);
#3964=VERTEX_POINT('',#13278);
#3965=VERTEX_POINT('',#13280);
#3966=VERTEX_POINT('',#13284);
#3967=VERTEX_POINT('',#13286);
#3968=VERTEX_POINT('',#13288);
#3969=VERTEX_POINT('',#13290);
#3970=VERTEX_POINT('',#13292);
#3971=VERTEX_POINT('',#13294);
#3972=VERTEX_POINT('',#13296);
#3973=VERTEX_POINT('',#13300);
#3974=VERTEX_POINT('',#13304);
#3975=VERTEX_POINT('',#13305);
#3976=VERTEX_POINT('',#13307);
#3977=VERTEX_POINT('',#13309);
#3978=VERTEX_POINT('',#13312);
#3979=VERTEX_POINT('',#13314);
#3980=VERTEX_POINT('',#13331);
#3981=VERTEX_POINT('',#13332);
#3982=VERTEX_POINT('',#13334);
#3983=VERTEX_POINT('',#13336);
#3984=VERTEX_POINT('',#13340);
#3985=VERTEX_POINT('',#13342);
#3986=VERTEX_POINT('',#13346);
#3987=VERTEX_POINT('',#13350);
#3988=VERTEX_POINT('',#13357);
#3989=VERTEX_POINT('',#13358);
#3990=VERTEX_POINT('',#13360);
#3991=VERTEX_POINT('',#13362);
#3992=VERTEX_POINT('',#13366);
#3993=VERTEX_POINT('',#13368);
#3994=VERTEX_POINT('',#13372);
#3995=VERTEX_POINT('',#13376);
#3996=VERTEX_POINT('',#13383);
#3997=VERTEX_POINT('',#13384);
#3998=VERTEX_POINT('',#13386);
#3999=VERTEX_POINT('',#13388);
#4000=VERTEX_POINT('',#13392);
#4001=VERTEX_POINT('',#13394);
#4002=VERTEX_POINT('',#13398);
#4003=VERTEX_POINT('',#13402);
#4004=VERTEX_POINT('',#13409);
#4005=VERTEX_POINT('',#13410);
#4006=VERTEX_POINT('',#13412);
#4007=VERTEX_POINT('',#13414);
#4008=VERTEX_POINT('',#13418);
#4009=VERTEX_POINT('',#13420);
#4010=VERTEX_POINT('',#13424);
#4011=VERTEX_POINT('',#13428);
#4012=VERTEX_POINT('',#13435);
#4013=VERTEX_POINT('',#13436);
#4014=VERTEX_POINT('',#13438);
#4015=VERTEX_POINT('',#13440);
#4016=VERTEX_POINT('',#13444);
#4017=VERTEX_POINT('',#13446);
#4018=VERTEX_POINT('',#13450);
#4019=VERTEX_POINT('',#13454);
#4020=VERTEX_POINT('',#13461);
#4021=VERTEX_POINT('',#13462);
#4022=VERTEX_POINT('',#13464);
#4023=VERTEX_POINT('',#13466);
#4024=VERTEX_POINT('',#13470);
#4025=VERTEX_POINT('',#13472);
#4026=VERTEX_POINT('',#13476);
#4027=VERTEX_POINT('',#13480);
#4028=VERTEX_POINT('',#13487);
#4029=VERTEX_POINT('',#13488);
#4030=VERTEX_POINT('',#13490);
#4031=VERTEX_POINT('',#13492);
#4032=VERTEX_POINT('',#13496);
#4033=VERTEX_POINT('',#13498);
#4034=VERTEX_POINT('',#13502);
#4035=VERTEX_POINT('',#13506);
#4036=VERTEX_POINT('',#13513);
#4037=VERTEX_POINT('',#13514);
#4038=VERTEX_POINT('',#13516);
#4039=VERTEX_POINT('',#13518);
#4040=VERTEX_POINT('',#13522);
#4041=VERTEX_POINT('',#13524);
#4042=VERTEX_POINT('',#13528);
#4043=VERTEX_POINT('',#13532);
#4044=VERTEX_POINT('',#13539);
#4045=VERTEX_POINT('',#13540);
#4046=VERTEX_POINT('',#13542);
#4047=VERTEX_POINT('',#13544);
#4048=VERTEX_POINT('',#13548);
#4049=VERTEX_POINT('',#13550);
#4050=VERTEX_POINT('',#13554);
#4051=VERTEX_POINT('',#13558);
#4052=VERTEX_POINT('',#13565);
#4053=VERTEX_POINT('',#13566);
#4054=VERTEX_POINT('',#13568);
#4055=VERTEX_POINT('',#13570);
#4056=VERTEX_POINT('',#13574);
#4057=VERTEX_POINT('',#13576);
#4058=VERTEX_POINT('',#13580);
#4059=VERTEX_POINT('',#13584);
#4060=VERTEX_POINT('',#13591);
#4061=VERTEX_POINT('',#13592);
#4062=VERTEX_POINT('',#13594);
#4063=VERTEX_POINT('',#13596);
#4064=VERTEX_POINT('',#13600);
#4065=VERTEX_POINT('',#13602);
#4066=VERTEX_POINT('',#13606);
#4067=VERTEX_POINT('',#13610);
#4068=VERTEX_POINT('',#13617);
#4069=VERTEX_POINT('',#13618);
#4070=VERTEX_POINT('',#13620);
#4071=VERTEX_POINT('',#13622);
#4072=VERTEX_POINT('',#13626);
#4073=VERTEX_POINT('',#13628);
#4074=VERTEX_POINT('',#13632);
#4075=VERTEX_POINT('',#13636);
#4076=VERTEX_POINT('',#13643);
#4077=VERTEX_POINT('',#13644);
#4078=VERTEX_POINT('',#13646);
#4079=VERTEX_POINT('',#13648);
#4080=VERTEX_POINT('',#13652);
#4081=VERTEX_POINT('',#13654);
#4082=VERTEX_POINT('',#13658);
#4083=VERTEX_POINT('',#13662);
#4084=VERTEX_POINT('',#13669);
#4085=VERTEX_POINT('',#13670);
#4086=VERTEX_POINT('',#13672);
#4087=VERTEX_POINT('',#13674);
#4088=VERTEX_POINT('',#13678);
#4089=VERTEX_POINT('',#13680);
#4090=VERTEX_POINT('',#13684);
#4091=VERTEX_POINT('',#13688);
#4092=VERTEX_POINT('',#13695);
#4093=VERTEX_POINT('',#13696);
#4094=VERTEX_POINT('',#13698);
#4095=VERTEX_POINT('',#13700);
#4096=VERTEX_POINT('',#13704);
#4097=VERTEX_POINT('',#13706);
#4098=VERTEX_POINT('',#13710);
#4099=VERTEX_POINT('',#13714);
#4100=VERTEX_POINT('',#13721);
#4101=VERTEX_POINT('',#13722);
#4102=VERTEX_POINT('',#13724);
#4103=VERTEX_POINT('',#13726);
#4104=VERTEX_POINT('',#13730);
#4105=VERTEX_POINT('',#13732);
#4106=VERTEX_POINT('',#13736);
#4107=VERTEX_POINT('',#13740);
#4108=VERTEX_POINT('',#13747);
#4109=VERTEX_POINT('',#13748);
#4110=VERTEX_POINT('',#13750);
#4111=VERTEX_POINT('',#13752);
#4112=VERTEX_POINT('',#13756);
#4113=VERTEX_POINT('',#13758);
#4114=VERTEX_POINT('',#13762);
#4115=VERTEX_POINT('',#13766);
#4116=VERTEX_POINT('',#13773);
#4117=VERTEX_POINT('',#13774);
#4118=VERTEX_POINT('',#13776);
#4119=VERTEX_POINT('',#13778);
#4120=VERTEX_POINT('',#13782);
#4121=VERTEX_POINT('',#13784);
#4122=VERTEX_POINT('',#13788);
#4123=VERTEX_POINT('',#13792);
#4124=VERTEX_POINT('',#13799);
#4125=VERTEX_POINT('',#13800);
#4126=VERTEX_POINT('',#13802);
#4127=VERTEX_POINT('',#13804);
#4128=VERTEX_POINT('',#13808);
#4129=VERTEX_POINT('',#13810);
#4130=VERTEX_POINT('',#13814);
#4131=VERTEX_POINT('',#13818);
#4132=VERTEX_POINT('',#13825);
#4133=VERTEX_POINT('',#13826);
#4134=VERTEX_POINT('',#13828);
#4135=VERTEX_POINT('',#13830);
#4136=VERTEX_POINT('',#13834);
#4137=VERTEX_POINT('',#13836);
#4138=VERTEX_POINT('',#13840);
#4139=VERTEX_POINT('',#13844);
#4140=VERTEX_POINT('',#13851);
#4141=VERTEX_POINT('',#13852);
#4142=VERTEX_POINT('',#13854);
#4143=VERTEX_POINT('',#13856);
#4144=VERTEX_POINT('',#13860);
#4145=VERTEX_POINT('',#13862);
#4146=VERTEX_POINT('',#13866);
#4147=VERTEX_POINT('',#13870);
#4148=VERTEX_POINT('',#13877);
#4149=VERTEX_POINT('',#13878);
#4150=VERTEX_POINT('',#13880);
#4151=VERTEX_POINT('',#13882);
#4152=VERTEX_POINT('',#13886);
#4153=VERTEX_POINT('',#13888);
#4154=VERTEX_POINT('',#13892);
#4155=VERTEX_POINT('',#13896);
#4156=VERTEX_POINT('',#13903);
#4157=VERTEX_POINT('',#13904);
#4158=VERTEX_POINT('',#13906);
#4159=VERTEX_POINT('',#13908);
#4160=VERTEX_POINT('',#13912);
#4161=VERTEX_POINT('',#13914);
#4162=VERTEX_POINT('',#13918);
#4163=VERTEX_POINT('',#13922);
#4164=VERTEX_POINT('',#13929);
#4165=VERTEX_POINT('',#13930);
#4166=VERTEX_POINT('',#13932);
#4167=VERTEX_POINT('',#13934);
#4168=VERTEX_POINT('',#13938);
#4169=VERTEX_POINT('',#13940);
#4170=VERTEX_POINT('',#13944);
#4171=VERTEX_POINT('',#13948);
#4172=VERTEX_POINT('',#13955);
#4173=VERTEX_POINT('',#13956);
#4174=VERTEX_POINT('',#13958);
#4175=VERTEX_POINT('',#13960);
#4176=VERTEX_POINT('',#13964);
#4177=VERTEX_POINT('',#13966);
#4178=VERTEX_POINT('',#13970);
#4179=VERTEX_POINT('',#13974);
#4180=VERTEX_POINT('',#13981);
#4181=VERTEX_POINT('',#13982);
#4182=VERTEX_POINT('',#13984);
#4183=VERTEX_POINT('',#13986);
#4184=VERTEX_POINT('',#13990);
#4185=VERTEX_POINT('',#13992);
#4186=VERTEX_POINT('',#13994);
#4187=VERTEX_POINT('',#13996);
#4188=VERTEX_POINT('',#13998);
#4189=VERTEX_POINT('',#14000);
#4190=VERTEX_POINT('',#14002);
#4191=VERTEX_POINT('',#14004);
#4192=VERTEX_POINT('',#14006);
#4193=VERTEX_POINT('',#14008);
#4194=VERTEX_POINT('',#14010);
#4195=VERTEX_POINT('',#14012);
#4196=VERTEX_POINT('',#14016);
#4197=VERTEX_POINT('',#14020);
#4198=VERTEX_POINT('',#14022);
#4199=VERTEX_POINT('',#14024);
#4200=VERTEX_POINT('',#14026);
#4201=VERTEX_POINT('',#14028);
#4202=VERTEX_POINT('',#14030);
#4203=VERTEX_POINT('',#14032);
#4204=VERTEX_POINT('',#14034);
#4205=VERTEX_POINT('',#14036);
#4206=VERTEX_POINT('',#14038);
#4207=VERTEX_POINT('',#14040);
#4208=VERTEX_POINT('',#14067);
#4209=VERTEX_POINT('',#14068);
#4210=VERTEX_POINT('',#14070);
#4211=VERTEX_POINT('',#14072);
#4212=VERTEX_POINT('',#14074);
#4213=VERTEX_POINT('',#14076);
#4214=VERTEX_POINT('',#14080);
#4215=VERTEX_POINT('',#14082);
#4216=VERTEX_POINT('',#14086);
#4217=VERTEX_POINT('',#14090);
#4218=VERTEX_POINT('',#14094);
#4219=VERTEX_POINT('',#14098);
#4220=VERTEX_POINT('',#14105);
#4221=VERTEX_POINT('',#14106);
#4222=VERTEX_POINT('',#14108);
#4223=VERTEX_POINT('',#14110);
#4224=VERTEX_POINT('',#14112);
#4225=VERTEX_POINT('',#14114);
#4226=VERTEX_POINT('',#14118);
#4227=VERTEX_POINT('',#14120);
#4228=VERTEX_POINT('',#14124);
#4229=VERTEX_POINT('',#14128);
#4230=VERTEX_POINT('',#14132);
#4231=VERTEX_POINT('',#14136);
#4232=VERTEX_POINT('',#14143);
#4233=VERTEX_POINT('',#14144);
#4234=VERTEX_POINT('',#14146);
#4235=VERTEX_POINT('',#14148);
#4236=VERTEX_POINT('',#14150);
#4237=VERTEX_POINT('',#14152);
#4238=VERTEX_POINT('',#14156);
#4239=VERTEX_POINT('',#14158);
#4240=VERTEX_POINT('',#14162);
#4241=VERTEX_POINT('',#14166);
#4242=VERTEX_POINT('',#14170);
#4243=VERTEX_POINT('',#14174);
#4244=VERTEX_POINT('',#14181);
#4245=VERTEX_POINT('',#14182);
#4246=VERTEX_POINT('',#14184);
#4247=VERTEX_POINT('',#14186);
#4248=VERTEX_POINT('',#14188);
#4249=VERTEX_POINT('',#14190);
#4250=VERTEX_POINT('',#14194);
#4251=VERTEX_POINT('',#14196);
#4252=VERTEX_POINT('',#14200);
#4253=VERTEX_POINT('',#14204);
#4254=VERTEX_POINT('',#14208);
#4255=VERTEX_POINT('',#14212);
#4256=VERTEX_POINT('',#14219);
#4257=VERTEX_POINT('',#14221);
#4258=EDGE_CURVE('',#3460,#3461,#1358,.T.);
#4259=EDGE_CURVE('',#3461,#3462,#1212,.T.);
#4260=EDGE_CURVE('',#3463,#3462,#1359,.T.);
#4261=EDGE_CURVE('',#3464,#3463,#1360,.T.);
#4262=EDGE_CURVE('',#3464,#3465,#1361,.T.);
#4263=EDGE_CURVE('',#3465,#3466,#1213,.T.);
#4264=EDGE_CURVE('',#3467,#3466,#1362,.T.);
#4265=EDGE_CURVE('',#3468,#3467,#1363,.T.);
#4266=EDGE_CURVE('',#3468,#3469,#1364,.T.);
#4267=EDGE_CURVE('',#3469,#3470,#1214,.T.);
#4268=EDGE_CURVE('',#3471,#3470,#1365,.T.);
#4269=EDGE_CURVE('',#3472,#3471,#1366,.T.);
#4270=EDGE_CURVE('',#3472,#3473,#1367,.T.);
#4271=EDGE_CURVE('',#3473,#3474,#1215,.T.);
#4272=EDGE_CURVE('',#3475,#3474,#1368,.T.);
#4273=EDGE_CURVE('',#3475,#3476,#1216,.T.);
#4274=EDGE_CURVE('',#3477,#3476,#1369,.T.);
#4275=EDGE_CURVE('',#3478,#3477,#1370,.T.);
#4276=EDGE_CURVE('',#3478,#3479,#1371,.T.);
#4277=EDGE_CURVE('',#3479,#3480,#1217,.T.);
#4278=EDGE_CURVE('',#3481,#3480,#1372,.T.);
#4279=EDGE_CURVE('',#3481,#3482,#1218,.T.);
#4280=EDGE_CURVE('',#3483,#3482,#1373,.T.);
#4281=EDGE_CURVE('',#3484,#3483,#1374,.T.);
#4282=EDGE_CURVE('',#3484,#3485,#1375,.T.);
#4283=EDGE_CURVE('',#3485,#3486,#1219,.T.);
#4284=EDGE_CURVE('',#3487,#3486,#1376,.T.);
#4285=EDGE_CURVE('',#3488,#3487,#1377,.T.);
#4286=EDGE_CURVE('',#3488,#3489,#1378,.T.);
#4287=EDGE_CURVE('',#3489,#3490,#1220,.T.);
#4288=EDGE_CURVE('',#3491,#3490,#1379,.T.);
#4289=EDGE_CURVE('',#3492,#3491,#1380,.T.);
#4290=EDGE_CURVE('',#3492,#3493,#1381,.T.);
#4291=EDGE_CURVE('',#3493,#3494,#1221,.T.);
#4292=EDGE_CURVE('',#3495,#3494,#1382,.T.);
#4293=EDGE_CURVE('',#3496,#3495,#1383,.T.);
#4294=EDGE_CURVE('',#3496,#3497,#1384,.T.);
#4295=EDGE_CURVE('',#3497,#3498,#1222,.T.);
#4296=EDGE_CURVE('',#3499,#3498,#1385,.T.);
#4297=EDGE_CURVE('',#3500,#3499,#1386,.T.);
#4298=EDGE_CURVE('',#3500,#3501,#1387,.T.);
#4299=EDGE_CURVE('',#3501,#3502,#1223,.T.);
#4300=EDGE_CURVE('',#3503,#3502,#1388,.T.);
#4301=EDGE_CURVE('',#3504,#3503,#1389,.T.);
#4302=EDGE_CURVE('',#3504,#3505,#1390,.T.);
#4303=EDGE_CURVE('',#3505,#3506,#1224,.T.);
#4304=EDGE_CURVE('',#3507,#3506,#1391,.T.);
#4305=EDGE_CURVE('',#3508,#3507,#1392,.T.);
#4306=EDGE_CURVE('',#3509,#3508,#1393,.T.);
#4307=EDGE_CURVE('',#3509,#3510,#1394,.T.);
#4308=EDGE_CURVE('',#3510,#3511,#1225,.T.);
#4309=EDGE_CURVE('',#3511,#3512,#1395,.T.);
#4310=EDGE_CURVE('',#3512,#3513,#1226,.T.);
#4311=EDGE_CURVE('',#3514,#3513,#1396,.T.);
#4312=EDGE_CURVE('',#3515,#3514,#1397,.T.);
#4313=EDGE_CURVE('',#3515,#3516,#1398,.T.);
#4314=EDGE_CURVE('',#3517,#3516,#1227,.T.);
#4315=EDGE_CURVE('',#3518,#3517,#1399,.T.);
#4316=EDGE_CURVE('',#3518,#3519,#1228,.T.);
#4317=EDGE_CURVE('',#3520,#3519,#1400,.T.);
#4318=EDGE_CURVE('',#3521,#3520,#1401,.T.);
#4319=EDGE_CURVE('',#3522,#3521,#1402,.T.);
#4320=EDGE_CURVE('',#3522,#3523,#1403,.T.);
#4321=EDGE_CURVE('',#3524,#3523,#1229,.T.);
#4322=EDGE_CURVE('',#3525,#3524,#1404,.T.);
#4323=EDGE_CURVE('',#3526,#3525,#1405,.T.);
#4324=EDGE_CURVE('',#3526,#3527,#1406,.T.);
#4325=EDGE_CURVE('',#3528,#3527,#1230,.T.);
#4326=EDGE_CURVE('',#3529,#3528,#1407,.T.);
#4327=EDGE_CURVE('',#3530,#3529,#1408,.T.);
#4328=EDGE_CURVE('',#3530,#3531,#1409,.T.);
#4329=EDGE_CURVE('',#3532,#3531,#1231,.T.);
#4330=EDGE_CURVE('',#3533,#3532,#1410,.T.);
#4331=EDGE_CURVE('',#3534,#3533,#1411,.T.);
#4332=EDGE_CURVE('',#3534,#3535,#1412,.T.);
#4333=EDGE_CURVE('',#3536,#3535,#1232,.T.);
#4334=EDGE_CURVE('',#3537,#3536,#1413,.T.);
#4335=EDGE_CURVE('',#3538,#3537,#1414,.T.);
#4336=EDGE_CURVE('',#3538,#3539,#1415,.T.);
#4337=EDGE_CURVE('',#3540,#3539,#1233,.T.);
#4338=EDGE_CURVE('',#3541,#3540,#1416,.T.);
#4339=EDGE_CURVE('',#3542,#3541,#1417,.T.);
#4340=EDGE_CURVE('',#3542,#3543,#1418,.T.);
#4341=EDGE_CURVE('',#3544,#3543,#1234,.T.);
#4342=EDGE_CURVE('',#3545,#3544,#1419,.T.);
#4343=EDGE_CURVE('',#3546,#3545,#1420,.T.);
#4344=EDGE_CURVE('',#3546,#3547,#1421,.T.);
#4345=EDGE_CURVE('',#3548,#3547,#1235,.T.);
#4346=EDGE_CURVE('',#3549,#3548,#1422,.T.);
#4347=EDGE_CURVE('',#3550,#3549,#1423,.T.);
#4348=EDGE_CURVE('',#3550,#3551,#1424,.T.);
#4349=EDGE_CURVE('',#3552,#3551,#1236,.T.);
#4350=EDGE_CURVE('',#3553,#3552,#1425,.T.);
#4351=EDGE_CURVE('',#3554,#3553,#1426,.T.);
#4352=EDGE_CURVE('',#3554,#3555,#1427,.T.);
#4353=EDGE_CURVE('',#3556,#3555,#1237,.T.);
#4354=EDGE_CURVE('',#3557,#3556,#1428,.T.);
#4355=EDGE_CURVE('',#3558,#3557,#1429,.T.);
#4356=EDGE_CURVE('',#3558,#3559,#1430,.T.);
#4357=EDGE_CURVE('',#3560,#3559,#1238,.T.);
#4358=EDGE_CURVE('',#3561,#3560,#1431,.T.);
#4359=EDGE_CURVE('',#3562,#3561,#1432,.T.);
#4360=EDGE_CURVE('',#3562,#3563,#1433,.T.);
#4361=EDGE_CURVE('',#3564,#3563,#1239,.T.);
#4362=EDGE_CURVE('',#3565,#3564,#1434,.T.);
#4363=EDGE_CURVE('',#3566,#3565,#1435,.T.);
#4364=EDGE_CURVE('',#3566,#3567,#1436,.T.);
#4365=EDGE_CURVE('',#3568,#3567,#1240,.T.);
#4366=EDGE_CURVE('',#3569,#3568,#1437,.T.);
#4367=EDGE_CURVE('',#3570,#3569,#1438,.T.);
#4368=EDGE_CURVE('',#3570,#3571,#1439,.T.);
#4369=EDGE_CURVE('',#3572,#3571,#1241,.T.);
#4370=EDGE_CURVE('',#3573,#3572,#1440,.T.);
#4371=EDGE_CURVE('',#3574,#3573,#1441,.T.);
#4372=EDGE_CURVE('',#3575,#3574,#1442,.T.);
#4373=EDGE_CURVE('',#3575,#3576,#1443,.T.);
#4374=EDGE_CURVE('',#3576,#3577,#1242,.T.);
#4375=EDGE_CURVE('',#3578,#3577,#1444,.T.);
#4376=EDGE_CURVE('',#3579,#3578,#1445,.T.);
#4377=EDGE_CURVE('',#3579,#3580,#1446,.T.);
#4378=EDGE_CURVE('',#3580,#3581,#1243,.T.);
#4379=EDGE_CURVE('',#3582,#3581,#1447,.T.);
#4380=EDGE_CURVE('',#3583,#3582,#1448,.T.);
#4381=EDGE_CURVE('',#3583,#3584,#1449,.T.);
#4382=EDGE_CURVE('',#3584,#3585,#1244,.T.);
#4383=EDGE_CURVE('',#3586,#3585,#1450,.T.);
#4384=EDGE_CURVE('',#3587,#3586,#1451,.T.);
#4385=EDGE_CURVE('',#3587,#3588,#1452,.T.);
#4386=EDGE_CURVE('',#3588,#3589,#1245,.T.);
#4387=EDGE_CURVE('',#3590,#3589,#1453,.T.);
#4388=EDGE_CURVE('',#3591,#3590,#1454,.T.);
#4389=EDGE_CURVE('',#3591,#3592,#1455,.T.);
#4390=EDGE_CURVE('',#3592,#3593,#1246,.T.);
#4391=EDGE_CURVE('',#3594,#3593,#1456,.T.);
#4392=EDGE_CURVE('',#3595,#3594,#1457,.T.);
#4393=EDGE_CURVE('',#3595,#3596,#1458,.T.);
#4394=EDGE_CURVE('',#3596,#3597,#1247,.T.);
#4395=EDGE_CURVE('',#3598,#3597,#1459,.T.);
#4396=EDGE_CURVE('',#3599,#3598,#1460,.T.);
#4397=EDGE_CURVE('',#3460,#3599,#1461,.T.);
#4398=EDGE_CURVE('',#3600,#3601,#1462,.T.);
#4399=EDGE_CURVE('',#3600,#3602,#1463,.T.);
#4400=EDGE_CURVE('',#3603,#3602,#1464,.T.);
#4401=EDGE_CURVE('',#3604,#3603,#1465,.T.);
#4402=EDGE_CURVE('',#3601,#3604,#1466,.T.);
#4403=EDGE_CURVE('',#3605,#3606,#1467,.T.);
#4404=EDGE_CURVE('',#3607,#3605,#1468,.T.);
#4405=EDGE_CURVE('',#3608,#3607,#1469,.T.);
#4406=EDGE_CURVE('',#3606,#3608,#1470,.T.);
#4407=EDGE_CURVE('',#3609,#3610,#1471,.T.);
#4408=EDGE_CURVE('',#3611,#3609,#1472,.T.);
#4409=EDGE_CURVE('',#3611,#3612,#1473,.T.);
#4410=EDGE_CURVE('',#3610,#3612,#1474,.T.);
#4411=EDGE_CURVE('',#3613,#3614,#1475,.T.);
#4412=EDGE_CURVE('',#3615,#3613,#1476,.T.);
#4413=EDGE_CURVE('',#3615,#3616,#1477,.T.);
#4414=EDGE_CURVE('',#3614,#3616,#1478,.T.);
#4415=EDGE_CURVE('',#3617,#3618,#1479,.T.);
#4416=EDGE_CURVE('',#3619,#3618,#1480,.T.);
#4417=EDGE_CURVE('',#3620,#3619,#1481,.T.);
#4418=EDGE_CURVE('',#3617,#3620,#1482,.T.);
#4419=EDGE_CURVE('',#3621,#3622,#1483,.T.);
#4420=EDGE_CURVE('',#3621,#3623,#1484,.T.);
#4421=EDGE_CURVE('',#3624,#3623,#1485,.T.);
#4422=EDGE_CURVE('',#3622,#3624,#1486,.T.);
#4423=EDGE_CURVE('',#3625,#3626,#1487,.T.);
#4424=EDGE_CURVE('',#3625,#3627,#1488,.T.);
#4425=EDGE_CURVE('',#3627,#3628,#1489,.T.);
#4426=EDGE_CURVE('',#3626,#3628,#1490,.T.);
#4427=EDGE_CURVE('',#3629,#3630,#1491,.T.);
#4428=EDGE_CURVE('',#3629,#3631,#1492,.T.);
#4429=EDGE_CURVE('',#3631,#3632,#1493,.T.);
#4430=EDGE_CURVE('',#3630,#3632,#1494,.T.);
#4431=EDGE_CURVE('',#3633,#3601,#1495,.T.);
#4432=EDGE_CURVE('',#3634,#3633,#1496,.T.);
#4433=EDGE_CURVE('',#3600,#3634,#1497,.T.);
#4434=EDGE_CURVE('',#3634,#3635,#1498,.T.);
#4435=EDGE_CURVE('',#3602,#3635,#1499,.T.);
#4436=EDGE_CURVE('',#3636,#3635,#1500,.T.);
#4437=EDGE_CURVE('',#3636,#3603,#1501,.T.);
#4438=EDGE_CURVE('',#3637,#3636,#1502,.T.);
#4439=EDGE_CURVE('',#3637,#3604,#1503,.T.);
#4440=EDGE_CURVE('',#3633,#3637,#1504,.T.);
#4441=EDGE_CURVE('',#3638,#3639,#1505,.T.);
#4442=EDGE_CURVE('',#3639,#3640,#1506,.T.);
#4443=EDGE_CURVE('',#3640,#3641,#1507,.T.);
#4444=EDGE_CURVE('',#3641,#3638,#1508,.T.);
#4445=EDGE_CURVE('',#3642,#3643,#1509,.T.);
#4446=EDGE_CURVE('',#3643,#3644,#1510,.T.);
#4447=EDGE_CURVE('',#3644,#3645,#1511,.T.);
#4448=EDGE_CURVE('',#3645,#3642,#1512,.T.);
#4449=EDGE_CURVE('',#3638,#3646,#1513,.T.);
#4450=EDGE_CURVE('',#3646,#3647,#1514,.T.);
#4451=EDGE_CURVE('',#3639,#3647,#1515,.T.);
#4452=EDGE_CURVE('',#3647,#3648,#1516,.T.);
#4453=EDGE_CURVE('',#3640,#3648,#1517,.T.);
#4454=EDGE_CURVE('',#3648,#3649,#1518,.T.);
#4455=EDGE_CURVE('',#3641,#3649,#1519,.T.);
#4456=EDGE_CURVE('',#3649,#3646,#1520,.T.);
#4457=EDGE_CURVE('',#3643,#3606,#1521,.T.);
#4458=EDGE_CURVE('',#3642,#3605,#1522,.T.);
#4459=EDGE_CURVE('',#3645,#3607,#1523,.T.);
#4460=EDGE_CURVE('',#3644,#3608,#1524,.T.);
#4461=EDGE_CURVE('',#3460,#3650,#1525,.T.);
#4462=EDGE_CURVE('',#3650,#3651,#1526,.T.);
#4463=EDGE_CURVE('',#3461,#3651,#1527,.T.);
#4464=EDGE_CURVE('',#3650,#3652,#1528,.T.);
#4465=EDGE_CURVE('',#3599,#3653,#1529,.T.);
#4466=EDGE_CURVE('',#3654,#3653,#1530,.T.);
#4467=EDGE_CURVE('',#3508,#3654,#1531,.T.);
#4468=EDGE_CURVE('',#3507,#3655,#1532,.T.);
#4469=EDGE_CURVE('',#3656,#3655,#1533,.T.);
#4470=EDGE_CURVE('',#3504,#3656,#1534,.T.);
#4471=EDGE_CURVE('',#3503,#3657,#1535,.T.);
#4472=EDGE_CURVE('',#3658,#3657,#1536,.T.);
#4473=EDGE_CURVE('',#3500,#3658,#1537,.T.);
#4474=EDGE_CURVE('',#3499,#3659,#1538,.T.);
#4475=EDGE_CURVE('',#3660,#3659,#1539,.T.);
#4476=EDGE_CURVE('',#3496,#3660,#1540,.T.);
#4477=EDGE_CURVE('',#3495,#3661,#1541,.T.);
#4478=EDGE_CURVE('',#3662,#3661,#1542,.T.);
#4479=EDGE_CURVE('',#3492,#3662,#1543,.T.);
#4480=EDGE_CURVE('',#3491,#3663,#1544,.T.);
#4481=EDGE_CURVE('',#3664,#3663,#1545,.T.);
#4482=EDGE_CURVE('',#3488,#3664,#1546,.T.);
#4483=EDGE_CURVE('',#3487,#3665,#1547,.T.);
#4484=EDGE_CURVE('',#3666,#3665,#1548,.T.);
#4485=EDGE_CURVE('',#3484,#3666,#1549,.T.);
#4486=EDGE_CURVE('',#3483,#3667,#1550,.T.);
#4487=EDGE_CURVE('',#3668,#3667,#1551,.T.);
#4488=EDGE_CURVE('',#3615,#3668,#1552,.T.);
#4489=EDGE_CURVE('',#3613,#3669,#1553,.T.);
#4490=EDGE_CURVE('',#3670,#3669,#1554,.T.);
#4491=EDGE_CURVE('',#3478,#3670,#1555,.T.);
#4492=EDGE_CURVE('',#3477,#3671,#1556,.T.);
#4493=EDGE_CURVE('',#3672,#3671,#1557,.T.);
#4494=EDGE_CURVE('',#3611,#3672,#1558,.T.);
#4495=EDGE_CURVE('',#3609,#3673,#1559,.T.);
#4496=EDGE_CURVE('',#3674,#3673,#1560,.T.);
#4497=EDGE_CURVE('',#3472,#3674,#1561,.T.);
#4498=EDGE_CURVE('',#3471,#3675,#1562,.T.);
#4499=EDGE_CURVE('',#3676,#3675,#1563,.T.);
#4500=EDGE_CURVE('',#3468,#3676,#1564,.T.);
#4501=EDGE_CURVE('',#3467,#3677,#1565,.T.);
#4502=EDGE_CURVE('',#3678,#3677,#1566,.T.);
#4503=EDGE_CURVE('',#3464,#3678,#1567,.T.);
#4504=EDGE_CURVE('',#3463,#3652,#1568,.T.);
#4505=EDGE_CURVE('',#3679,#3680,#1569,.T.);
#4506=EDGE_CURVE('',#3681,#3679,#1570,.T.);
#4507=EDGE_CURVE('',#3681,#3682,#1571,.T.);
#4508=EDGE_CURVE('',#3682,#3680,#1572,.T.);
#4509=EDGE_CURVE('',#3683,#3684,#1573,.T.);
#4510=EDGE_CURVE('',#3685,#3684,#1574,.T.);
#4511=EDGE_CURVE('',#3686,#3685,#1575,.T.);
#4512=EDGE_CURVE('',#3686,#3683,#1576,.T.);
#4513=EDGE_CURVE('',#3687,#3652,#1577,.T.);
#4514=EDGE_CURVE('',#3651,#3687,#1248,.T.);
#4515=EDGE_CURVE('',#3462,#3687,#1578,.T.);
#4516=EDGE_CURVE('',#3678,#3688,#1579,.T.);
#4517=EDGE_CURVE('',#3465,#3688,#1580,.T.);
#4518=EDGE_CURVE('',#3688,#3689,#1249,.T.);
#4519=EDGE_CURVE('',#3466,#3689,#1581,.T.);
#4520=EDGE_CURVE('',#3689,#3677,#1582,.T.);
#4521=EDGE_CURVE('',#3676,#3690,#1583,.T.);
#4522=EDGE_CURVE('',#3469,#3690,#1584,.T.);
#4523=EDGE_CURVE('',#3690,#3691,#1250,.T.);
#4524=EDGE_CURVE('',#3470,#3691,#1585,.T.);
#4525=EDGE_CURVE('',#3691,#3675,#1586,.T.);
#4526=EDGE_CURVE('',#3674,#3692,#1587,.T.);
#4527=EDGE_CURVE('',#3473,#3692,#1588,.T.);
#4528=EDGE_CURVE('',#3692,#3693,#1251,.T.);
#4529=EDGE_CURVE('',#3474,#3693,#1589,.T.);
#4530=EDGE_CURVE('',#3694,#3693,#1590,.T.);
#4531=EDGE_CURVE('',#3475,#3694,#1591,.T.);
#4532=EDGE_CURVE('',#3476,#3695,#1592,.T.);
#4533=EDGE_CURVE('',#3694,#3695,#1252,.T.);
#4534=EDGE_CURVE('',#3695,#3671,#1593,.T.);
#4535=EDGE_CURVE('',#3696,#3673,#1594,.T.);
#4536=EDGE_CURVE('',#3696,#3697,#1595,.T.);
#4537=EDGE_CURVE('',#3672,#3697,#1596,.T.);
#4538=EDGE_CURVE('',#3612,#3697,#1597,.T.);
#4539=EDGE_CURVE('',#3610,#3696,#1598,.T.);
#4540=EDGE_CURVE('',#3670,#3698,#1599,.T.);
#4541=EDGE_CURVE('',#3479,#3698,#1600,.T.);
#4542=EDGE_CURVE('',#3698,#3699,#1253,.T.);
#4543=EDGE_CURVE('',#3480,#3699,#1601,.T.);
#4544=EDGE_CURVE('',#3700,#3699,#1602,.T.);
#4545=EDGE_CURVE('',#3481,#3700,#1603,.T.);
#4546=EDGE_CURVE('',#3482,#3701,#1604,.T.);
#4547=EDGE_CURVE('',#3700,#3701,#1254,.T.);
#4548=EDGE_CURVE('',#3701,#3667,#1605,.T.);
#4549=EDGE_CURVE('',#3702,#3669,#1606,.T.);
#4550=EDGE_CURVE('',#3702,#3703,#1607,.T.);
#4551=EDGE_CURVE('',#3668,#3703,#1608,.T.);
#4552=EDGE_CURVE('',#3616,#3703,#1609,.T.);
#4553=EDGE_CURVE('',#3614,#3702,#1610,.T.);
#4554=EDGE_CURVE('',#3666,#3704,#1611,.T.);
#4555=EDGE_CURVE('',#3485,#3704,#1612,.T.);
#4556=EDGE_CURVE('',#3704,#3705,#1255,.T.);
#4557=EDGE_CURVE('',#3486,#3705,#1613,.T.);
#4558=EDGE_CURVE('',#3705,#3665,#1614,.T.);
#4559=EDGE_CURVE('',#3664,#3706,#1615,.T.);
#4560=EDGE_CURVE('',#3489,#3706,#1616,.T.);
#4561=EDGE_CURVE('',#3706,#3707,#1256,.T.);
#4562=EDGE_CURVE('',#3490,#3707,#1617,.T.);
#4563=EDGE_CURVE('',#3707,#3663,#1618,.T.);
#4564=EDGE_CURVE('',#3662,#3708,#1619,.T.);
#4565=EDGE_CURVE('',#3493,#3708,#1620,.T.);
#4566=EDGE_CURVE('',#3708,#3709,#1257,.T.);
#4567=EDGE_CURVE('',#3494,#3709,#1621,.T.);
#4568=EDGE_CURVE('',#3709,#3661,#1622,.T.);
#4569=EDGE_CURVE('',#3660,#3710,#1623,.T.);
#4570=EDGE_CURVE('',#3497,#3710,#1624,.T.);
#4571=EDGE_CURVE('',#3710,#3711,#1258,.T.);
#4572=EDGE_CURVE('',#3498,#3711,#1625,.T.);
#4573=EDGE_CURVE('',#3711,#3659,#1626,.T.);
#4574=EDGE_CURVE('',#3658,#3712,#1627,.T.);
#4575=EDGE_CURVE('',#3501,#3712,#1628,.T.);
#4576=EDGE_CURVE('',#3712,#3713,#1259,.T.);
#4577=EDGE_CURVE('',#3502,#3713,#1629,.T.);
#4578=EDGE_CURVE('',#3713,#3657,#1630,.T.);
#4579=EDGE_CURVE('',#3656,#3714,#1631,.T.);
#4580=EDGE_CURVE('',#3505,#3714,#1632,.T.);
#4581=EDGE_CURVE('',#3714,#3715,#1260,.T.);
#4582=EDGE_CURVE('',#3506,#3715,#1633,.T.);
#4583=EDGE_CURVE('',#3715,#3655,#1634,.T.);
#4584=EDGE_CURVE('',#3617,#3716,#1635,.T.);
#4585=EDGE_CURVE('',#3620,#3717,#1636,.T.);
#4586=EDGE_CURVE('',#3717,#3718,#1637,.T.);
#4587=EDGE_CURVE('',#3621,#3718,#1638,.T.);
#4588=EDGE_CURVE('',#3622,#3719,#1639,.T.);
#4589=EDGE_CURVE('',#3719,#3720,#1640,.T.);
#4590=EDGE_CURVE('',#3515,#3720,#1641,.T.);
#4591=EDGE_CURVE('',#3514,#3721,#1642,.T.);
#4592=EDGE_CURVE('',#3722,#3721,#1643,.T.);
#4593=EDGE_CURVE('',#3625,#3722,#1644,.T.);
#4594=EDGE_CURVE('',#3626,#3723,#1645,.T.);
#4595=EDGE_CURVE('',#3724,#3723,#1646,.T.);
#4596=EDGE_CURVE('',#3629,#3724,#1647,.T.);
#4597=EDGE_CURVE('',#3630,#3725,#1648,.T.);
#4598=EDGE_CURVE('',#3726,#3725,#1649,.T.);
#4599=EDGE_CURVE('',#3509,#3726,#1650,.T.);
#4600=EDGE_CURVE('',#3727,#3654,#1651,.T.);
#4601=EDGE_CURVE('',#3521,#3727,#1652,.T.);
#4602=EDGE_CURVE('',#3520,#3728,#1653,.T.);
#4603=EDGE_CURVE('',#3728,#3716,#1654,.T.);
#4604=EDGE_CURVE('',#3729,#3730,#1655,.T.);
#4605=EDGE_CURVE('',#3731,#3729,#1656,.T.);
#4606=EDGE_CURVE('',#3731,#3732,#1657,.T.);
#4607=EDGE_CURVE('',#3732,#3730,#1658,.T.);
#4608=EDGE_CURVE('',#3733,#3734,#1659,.T.);
#4609=EDGE_CURVE('',#3735,#3734,#1660,.T.);
#4610=EDGE_CURVE('',#3736,#3735,#1661,.T.);
#4611=EDGE_CURVE('',#3736,#3733,#1662,.T.);
#4612=EDGE_CURVE('',#3716,#3737,#1663,.T.);
#4613=EDGE_CURVE('',#3618,#3737,#1664,.T.);
#4614=EDGE_CURVE('',#3738,#3737,#1665,.T.);
#4615=EDGE_CURVE('',#3619,#3738,#1666,.T.);
#4616=EDGE_CURVE('',#3717,#3738,#1667,.T.);
#4617=EDGE_CURVE('',#3739,#3728,#1668,.T.);
#4618=EDGE_CURVE('',#3740,#3739,#1261,.T.);
#4619=EDGE_CURVE('',#3740,#3741,#1669,.T.);
#4620=EDGE_CURVE('',#3741,#3742,#1262,.T.);
#4621=EDGE_CURVE('',#3742,#3720,#1670,.T.);
#4622=EDGE_CURVE('',#3719,#3743,#1671,.T.);
#4623=EDGE_CURVE('',#3743,#3744,#1672,.T.);
#4624=EDGE_CURVE('',#3744,#3718,#1673,.T.);
#4625=EDGE_CURVE('',#3623,#3744,#1674,.T.);
#4626=EDGE_CURVE('',#3624,#3743,#1675,.T.);
#4627=EDGE_CURVE('',#3516,#3742,#1676,.T.);
#4628=EDGE_CURVE('',#3517,#3741,#1677,.T.);
#4629=EDGE_CURVE('',#3518,#3740,#1678,.T.);
#4630=EDGE_CURVE('',#3739,#3519,#1679,.T.);
#4631=EDGE_CURVE('',#3745,#3746,#1680,.T.);
#4632=EDGE_CURVE('',#3570,#3746,#1681,.T.);
#4633=EDGE_CURVE('',#3569,#3747,#1682,.T.);
#4634=EDGE_CURVE('',#3747,#3748,#1683,.T.);
#4635=EDGE_CURVE('',#3566,#3748,#1684,.T.);
#4636=EDGE_CURVE('',#3565,#3749,#1685,.T.);
#4637=EDGE_CURVE('',#3749,#3750,#1686,.T.);
#4638=EDGE_CURVE('',#3562,#3750,#1687,.T.);
#4639=EDGE_CURVE('',#3561,#3751,#1688,.T.);
#4640=EDGE_CURVE('',#3751,#3752,#1689,.T.);
#4641=EDGE_CURVE('',#3558,#3752,#1690,.T.);
#4642=EDGE_CURVE('',#3557,#3753,#1691,.T.);
#4643=EDGE_CURVE('',#3753,#3754,#1692,.T.);
#4644=EDGE_CURVE('',#3554,#3754,#1693,.T.);
#4645=EDGE_CURVE('',#3553,#3755,#1694,.T.);
#4646=EDGE_CURVE('',#3755,#3756,#1695,.T.);
#4647=EDGE_CURVE('',#3550,#3756,#1696,.T.);
#4648=EDGE_CURVE('',#3549,#3757,#1697,.T.);
#4649=EDGE_CURVE('',#3757,#3758,#1698,.T.);
#4650=EDGE_CURVE('',#3546,#3758,#1699,.T.);
#4651=EDGE_CURVE('',#3545,#3759,#1700,.T.);
#4652=EDGE_CURVE('',#3759,#3760,#1701,.T.);
#4653=EDGE_CURVE('',#3542,#3760,#1702,.T.);
#4654=EDGE_CURVE('',#3541,#3761,#1703,.T.);
#4655=EDGE_CURVE('',#3761,#3762,#1704,.T.);
#4656=EDGE_CURVE('',#3538,#3762,#1705,.T.);
#4657=EDGE_CURVE('',#3537,#3763,#1706,.T.);
#4658=EDGE_CURVE('',#3763,#3764,#1707,.T.);
#4659=EDGE_CURVE('',#3534,#3764,#1708,.T.);
#4660=EDGE_CURVE('',#3533,#3765,#1709,.T.);
#4661=EDGE_CURVE('',#3765,#3766,#1710,.T.);
#4662=EDGE_CURVE('',#3530,#3766,#1711,.T.);
#4663=EDGE_CURVE('',#3529,#3767,#1712,.T.);
#4664=EDGE_CURVE('',#3767,#3768,#1713,.T.);
#4665=EDGE_CURVE('',#3526,#3768,#1714,.T.);
#4666=EDGE_CURVE('',#3525,#3769,#1715,.T.);
#4667=EDGE_CURVE('',#3769,#3770,#1716,.T.);
#4668=EDGE_CURVE('',#3522,#3770,#1717,.T.);
#4669=EDGE_CURVE('',#3771,#3727,#1718,.T.);
#4670=EDGE_CURVE('',#3574,#3771,#1719,.T.);
#4671=EDGE_CURVE('',#3573,#3745,#1720,.T.);
#4672=EDGE_CURVE('',#3772,#3773,#1721,.T.);
#4673=EDGE_CURVE('',#3774,#3773,#1722,.T.);
#4674=EDGE_CURVE('',#3775,#3774,#1723,.T.);
#4675=EDGE_CURVE('',#3775,#3772,#1724,.T.);
#4676=EDGE_CURVE('',#3776,#3777,#1725,.T.);
#4677=EDGE_CURVE('',#3778,#3776,#1726,.T.);
#4678=EDGE_CURVE('',#3778,#3779,#1727,.T.);
#4679=EDGE_CURVE('',#3779,#3777,#1728,.T.);
#4680=EDGE_CURVE('',#3745,#3780,#1729,.T.);
#4681=EDGE_CURVE('',#3780,#3781,#1263,.T.);
#4682=EDGE_CURVE('',#3781,#3746,#1730,.T.);
#4683=EDGE_CURVE('',#3571,#3781,#1731,.T.);
#4684=EDGE_CURVE('',#3572,#3780,#1732,.T.);
#4685=EDGE_CURVE('',#3598,#3782,#1733,.T.);
#4686=EDGE_CURVE('',#3783,#3782,#1734,.T.);
#4687=EDGE_CURVE('',#3595,#3783,#1735,.T.);
#4688=EDGE_CURVE('',#3594,#3784,#1736,.T.);
#4689=EDGE_CURVE('',#3785,#3784,#1737,.T.);
#4690=EDGE_CURVE('',#3591,#3785,#1738,.T.);
#4691=EDGE_CURVE('',#3590,#3786,#1739,.T.);
#4692=EDGE_CURVE('',#3787,#3786,#1740,.T.);
#4693=EDGE_CURVE('',#3587,#3787,#1741,.T.);
#4694=EDGE_CURVE('',#3586,#3788,#1742,.T.);
#4695=EDGE_CURVE('',#3789,#3788,#1743,.T.);
#4696=EDGE_CURVE('',#3583,#3789,#1744,.T.);
#4697=EDGE_CURVE('',#3582,#3790,#1745,.T.);
#4698=EDGE_CURVE('',#3791,#3790,#1746,.T.);
#4699=EDGE_CURVE('',#3579,#3791,#1747,.T.);
#4700=EDGE_CURVE('',#3578,#3792,#1748,.T.);
#4701=EDGE_CURVE('',#3793,#3792,#1749,.T.);
#4702=EDGE_CURVE('',#3575,#3793,#1750,.T.);
#4703=EDGE_CURVE('',#3653,#3771,#1751,.T.);
#4704=EDGE_CURVE('',#3794,#3795,#1752,.T.);
#4705=EDGE_CURVE('',#3796,#3795,#1753,.T.);
#4706=EDGE_CURVE('',#3797,#3796,#1754,.T.);
#4707=EDGE_CURVE('',#3797,#3794,#1755,.T.);
#4708=EDGE_CURVE('',#3798,#3799,#1756,.T.);
#4709=EDGE_CURVE('',#3800,#3798,#1757,.T.);
#4710=EDGE_CURVE('',#3800,#3801,#1758,.T.);
#4711=EDGE_CURVE('',#3801,#3799,#1759,.T.);
#4712=EDGE_CURVE('',#3802,#3793,#1760,.T.);
#4713=EDGE_CURVE('',#3576,#3802,#1761,.T.);
#4714=EDGE_CURVE('',#3803,#3802,#1264,.T.);
#4715=EDGE_CURVE('',#3577,#3803,#1762,.T.);
#4716=EDGE_CURVE('',#3792,#3803,#1763,.T.);
#4717=EDGE_CURVE('',#3804,#3791,#1764,.T.);
#4718=EDGE_CURVE('',#3580,#3804,#1765,.T.);
#4719=EDGE_CURVE('',#3805,#3804,#1265,.T.);
#4720=EDGE_CURVE('',#3581,#3805,#1766,.T.);
#4721=EDGE_CURVE('',#3790,#3805,#1767,.T.);
#4722=EDGE_CURVE('',#3806,#3789,#1768,.T.);
#4723=EDGE_CURVE('',#3584,#3806,#1769,.T.);
#4724=EDGE_CURVE('',#3807,#3806,#1266,.T.);
#4725=EDGE_CURVE('',#3585,#3807,#1770,.T.);
#4726=EDGE_CURVE('',#3788,#3807,#1771,.T.);
#4727=EDGE_CURVE('',#3808,#3787,#1772,.T.);
#4728=EDGE_CURVE('',#3588,#3808,#1773,.T.);
#4729=EDGE_CURVE('',#3809,#3808,#1267,.T.);
#4730=EDGE_CURVE('',#3589,#3809,#1774,.T.);
#4731=EDGE_CURVE('',#3786,#3809,#1775,.T.);
#4732=EDGE_CURVE('',#3810,#3785,#1776,.T.);
#4733=EDGE_CURVE('',#3592,#3810,#1777,.T.);
#4734=EDGE_CURVE('',#3811,#3810,#1268,.T.);
#4735=EDGE_CURVE('',#3593,#3811,#1778,.T.);
#4736=EDGE_CURVE('',#3784,#3811,#1779,.T.);
#4737=EDGE_CURVE('',#3812,#3783,#1780,.T.);
#4738=EDGE_CURVE('',#3596,#3812,#1781,.T.);
#4739=EDGE_CURVE('',#3813,#3812,#1269,.T.);
#4740=EDGE_CURVE('',#3597,#3813,#1782,.T.);
#4741=EDGE_CURVE('',#3782,#3813,#1783,.T.);
#4742=EDGE_CURVE('',#3814,#3794,#1784,.T.);
#4743=EDGE_CURVE('',#3679,#3814,#1785,.T.);
#4744=EDGE_CURVE('',#3815,#3680,#1786,.T.);
#4745=EDGE_CURVE('',#3795,#3815,#1787,.T.);
#4746=EDGE_CURVE('',#3815,#3816,#1788,.T.);
#4747=EDGE_CURVE('',#3796,#3816,#1789,.T.);
#4748=EDGE_CURVE('',#3816,#3682,#1790,.T.);
#4749=EDGE_CURVE('',#3681,#3817,#1791,.T.);
#4750=EDGE_CURVE('',#3817,#3797,#1792,.T.);
#4751=EDGE_CURVE('',#3814,#3817,#1793,.T.);
#4752=EDGE_CURVE('',#3799,#3818,#1794,.T.);
#4753=EDGE_CURVE('',#3818,#3773,#1795,.T.);
#4754=EDGE_CURVE('',#3772,#3819,#1796,.T.);
#4755=EDGE_CURVE('',#3819,#3798,#1797,.T.);
#4756=EDGE_CURVE('',#3819,#3820,#1798,.T.);
#4757=EDGE_CURVE('',#3820,#3800,#1799,.T.);
#4758=EDGE_CURVE('',#3775,#3820,#1800,.T.);
#4759=EDGE_CURVE('',#3821,#3774,#1801,.T.);
#4760=EDGE_CURVE('',#3801,#3821,#1802,.T.);
#4761=EDGE_CURVE('',#3818,#3821,#1803,.T.);
#4762=EDGE_CURVE('',#3822,#3770,#1804,.T.);
#4763=EDGE_CURVE('',#3523,#3822,#1805,.T.);
#4764=EDGE_CURVE('',#3524,#3823,#1806,.T.);
#4765=EDGE_CURVE('',#3823,#3822,#1270,.T.);
#4766=EDGE_CURVE('',#3769,#3823,#1807,.T.);
#4767=EDGE_CURVE('',#3824,#3768,#1808,.T.);
#4768=EDGE_CURVE('',#3527,#3824,#1809,.T.);
#4769=EDGE_CURVE('',#3528,#3825,#1810,.T.);
#4770=EDGE_CURVE('',#3825,#3824,#1271,.T.);
#4771=EDGE_CURVE('',#3767,#3825,#1811,.T.);
#4772=EDGE_CURVE('',#3826,#3766,#1812,.T.);
#4773=EDGE_CURVE('',#3531,#3826,#1813,.T.);
#4774=EDGE_CURVE('',#3532,#3827,#1814,.T.);
#4775=EDGE_CURVE('',#3827,#3826,#1272,.T.);
#4776=EDGE_CURVE('',#3765,#3827,#1815,.T.);
#4777=EDGE_CURVE('',#3828,#3764,#1816,.T.);
#4778=EDGE_CURVE('',#3535,#3828,#1817,.T.);
#4779=EDGE_CURVE('',#3536,#3829,#1818,.T.);
#4780=EDGE_CURVE('',#3829,#3828,#1273,.T.);
#4781=EDGE_CURVE('',#3763,#3829,#1819,.T.);
#4782=EDGE_CURVE('',#3830,#3762,#1820,.T.);
#4783=EDGE_CURVE('',#3539,#3830,#1821,.T.);
#4784=EDGE_CURVE('',#3540,#3831,#1822,.T.);
#4785=EDGE_CURVE('',#3831,#3830,#1274,.T.);
#4786=EDGE_CURVE('',#3761,#3831,#1823,.T.);
#4787=EDGE_CURVE('',#3832,#3760,#1824,.T.);
#4788=EDGE_CURVE('',#3543,#3832,#1825,.T.);
#4789=EDGE_CURVE('',#3544,#3833,#1826,.T.);
#4790=EDGE_CURVE('',#3833,#3832,#1275,.T.);
#4791=EDGE_CURVE('',#3759,#3833,#1827,.T.);
#4792=EDGE_CURVE('',#3834,#3758,#1828,.T.);
#4793=EDGE_CURVE('',#3547,#3834,#1829,.T.);
#4794=EDGE_CURVE('',#3548,#3835,#1830,.T.);
#4795=EDGE_CURVE('',#3835,#3834,#1276,.T.);
#4796=EDGE_CURVE('',#3757,#3835,#1831,.T.);
#4797=EDGE_CURVE('',#3836,#3756,#1832,.T.);
#4798=EDGE_CURVE('',#3551,#3836,#1833,.T.);
#4799=EDGE_CURVE('',#3552,#3837,#1834,.T.);
#4800=EDGE_CURVE('',#3837,#3836,#1277,.T.);
#4801=EDGE_CURVE('',#3755,#3837,#1835,.T.);
#4802=EDGE_CURVE('',#3838,#3754,#1836,.T.);
#4803=EDGE_CURVE('',#3555,#3838,#1837,.T.);
#4804=EDGE_CURVE('',#3556,#3839,#1838,.T.);
#4805=EDGE_CURVE('',#3839,#3838,#1278,.T.);
#4806=EDGE_CURVE('',#3753,#3839,#1839,.T.);
#4807=EDGE_CURVE('',#3840,#3752,#1840,.T.);
#4808=EDGE_CURVE('',#3559,#3840,#1841,.T.);
#4809=EDGE_CURVE('',#3560,#3841,#1842,.T.);
#4810=EDGE_CURVE('',#3841,#3840,#1279,.T.);
#4811=EDGE_CURVE('',#3751,#3841,#1843,.T.);
#4812=EDGE_CURVE('',#3842,#3750,#1844,.T.);
#4813=EDGE_CURVE('',#3563,#3842,#1845,.T.);
#4814=EDGE_CURVE('',#3564,#3843,#1846,.T.);
#4815=EDGE_CURVE('',#3843,#3842,#1280,.T.);
#4816=EDGE_CURVE('',#3749,#3843,#1847,.T.);
#4817=EDGE_CURVE('',#3844,#3748,#1848,.T.);
#4818=EDGE_CURVE('',#3567,#3844,#1849,.T.);
#4819=EDGE_CURVE('',#3568,#3845,#1850,.T.);
#4820=EDGE_CURVE('',#3845,#3844,#1281,.T.);
#4821=EDGE_CURVE('',#3747,#3845,#1851,.T.);
#4822=EDGE_CURVE('',#3846,#3777,#1852,.T.);
#4823=EDGE_CURVE('',#3734,#3846,#1853,.T.);
#4824=EDGE_CURVE('',#3847,#3733,#1854,.T.);
#4825=EDGE_CURVE('',#3776,#3847,#1855,.T.);
#4826=EDGE_CURVE('',#3847,#3848,#1856,.T.);
#4827=EDGE_CURVE('',#3778,#3848,#1857,.T.);
#4828=EDGE_CURVE('',#3848,#3736,#1858,.T.);
#4829=EDGE_CURVE('',#3735,#3849,#1859,.T.);
#4830=EDGE_CURVE('',#3849,#3779,#1860,.T.);
#4831=EDGE_CURVE('',#3846,#3849,#1861,.T.);
#4832=EDGE_CURVE('',#3726,#3850,#1862,.T.);
#4833=EDGE_CURVE('',#3850,#3510,#1863,.T.);
#4834=EDGE_CURVE('',#3850,#3851,#1282,.T.);
#4835=EDGE_CURVE('',#3511,#3851,#1864,.T.);
#4836=EDGE_CURVE('',#3851,#3852,#1865,.T.);
#4837=EDGE_CURVE('',#3512,#3852,#1866,.T.);
#4838=EDGE_CURVE('',#3852,#3853,#1283,.T.);
#4839=EDGE_CURVE('',#3513,#3853,#1867,.T.);
#4840=EDGE_CURVE('',#3853,#3721,#1868,.T.);
#4841=EDGE_CURVE('',#3854,#3725,#1869,.T.);
#4842=EDGE_CURVE('',#3855,#3854,#1870,.T.);
#4843=EDGE_CURVE('',#3724,#3855,#1871,.T.);
#4844=EDGE_CURVE('',#3856,#3723,#1872,.T.);
#4845=EDGE_CURVE('',#3857,#3856,#1873,.T.);
#4846=EDGE_CURVE('',#3722,#3857,#1874,.T.);
#4847=EDGE_CURVE('',#3627,#3857,#1875,.T.);
#4848=EDGE_CURVE('',#3628,#3856,#1876,.T.);
#4849=EDGE_CURVE('',#3631,#3855,#1877,.T.);
#4850=EDGE_CURVE('',#3632,#3854,#1878,.T.);
#4851=EDGE_CURVE('',#3730,#3858,#1879,.T.);
#4852=EDGE_CURVE('',#3858,#3684,#1880,.T.);
#4853=EDGE_CURVE('',#3683,#3859,#1881,.T.);
#4854=EDGE_CURVE('',#3859,#3729,#1882,.T.);
#4855=EDGE_CURVE('',#3859,#3860,#1883,.T.);
#4856=EDGE_CURVE('',#3860,#3731,#1884,.T.);
#4857=EDGE_CURVE('',#3686,#3860,#1885,.T.);
#4858=EDGE_CURVE('',#3861,#3685,#1886,.T.);
#4859=EDGE_CURVE('',#3732,#3861,#1887,.T.);
#4860=EDGE_CURVE('',#3858,#3861,#1888,.T.);
#4861=EDGE_CURVE('',#3862,#3863,#1889,.T.);
#4862=EDGE_CURVE('',#3864,#3863,#1890,.T.);
#4863=EDGE_CURVE('',#3865,#3864,#1891,.T.);
#4864=EDGE_CURVE('',#3862,#3865,#1892,.T.);
#4865=EDGE_CURVE('',#3866,#3862,#1893,.T.);
#4866=EDGE_CURVE('',#3867,#3866,#1894,.T.);
#4867=EDGE_CURVE('',#3867,#3863,#1895,.T.);
#4868=EDGE_CURVE('',#3868,#3869,#1896,.T.);
#4869=EDGE_CURVE('',#3870,#3868,#1897,.T.);
#4870=EDGE_CURVE('',#3871,#3870,#1898,.T.);
#4871=EDGE_CURVE('',#3869,#3871,#1899,.T.);
#4872=EDGE_CURVE('',#3872,#3873,#1900,.T.);
#4873=EDGE_CURVE('',#3874,#3872,#1901,.T.);
#4874=EDGE_CURVE('',#3875,#3874,#1902,.T.);
#4875=EDGE_CURVE('',#3873,#3875,#1903,.T.);
#4876=EDGE_CURVE('',#3876,#3867,#1904,.T.);
#4877=EDGE_CURVE('',#3877,#3876,#1905,.T.);
#4878=EDGE_CURVE('',#3864,#3877,#1906,.T.);
#4879=EDGE_CURVE('',#3869,#3878,#1907,.T.);
#4880=EDGE_CURVE('',#3879,#3878,#1908,.T.);
#4881=EDGE_CURVE('',#3868,#3879,#1909,.T.);
#4882=EDGE_CURVE('',#3880,#3879,#1910,.T.);
#4883=EDGE_CURVE('',#3870,#3880,#1911,.T.);
#4884=EDGE_CURVE('',#3881,#3880,#1912,.T.);
#4885=EDGE_CURVE('',#3871,#3881,#1913,.T.);
#4886=EDGE_CURVE('',#3878,#3881,#1914,.T.);
#4887=EDGE_CURVE('',#3873,#3882,#1915,.T.);
#4888=EDGE_CURVE('',#3883,#3882,#1916,.T.);
#4889=EDGE_CURVE('',#3872,#3883,#1917,.T.);
#4890=EDGE_CURVE('',#3884,#3883,#1918,.T.);
#4891=EDGE_CURVE('',#3874,#3884,#1919,.T.);
#4892=EDGE_CURVE('',#3885,#3884,#1920,.T.);
#4893=EDGE_CURVE('',#3875,#3885,#1921,.T.);
#4894=EDGE_CURVE('',#3882,#3885,#1922,.T.);
#4895=EDGE_CURVE('',#3877,#3886,#1923,.T.);
#4896=EDGE_CURVE('',#3865,#3886,#1924,.T.);
#4897=EDGE_CURVE('',#3886,#3887,#1925,.T.);
#4898=EDGE_CURVE('',#3887,#3866,#1926,.T.);
#4899=EDGE_CURVE('',#3876,#3887,#1927,.T.);
#4900=EDGE_CURVE('',#3888,#3889,#1284,.T.);
#4901=EDGE_CURVE('',#3890,#3889,#1928,.T.);
#4902=EDGE_CURVE('',#3891,#3890,#1285,.T.);
#4903=EDGE_CURVE('',#3888,#3891,#1929,.T.);
#4904=EDGE_CURVE('',#3892,#3888,#1930,.T.);
#4905=EDGE_CURVE('',#3892,#3893,#1286,.T.);
#4906=EDGE_CURVE('',#3893,#3894,#1931,.T.);
#4907=EDGE_CURVE('',#3894,#3895,#1932,.T.);
#4908=EDGE_CURVE('',#3895,#3896,#1933,.T.);
#4909=EDGE_CURVE('',#3896,#3897,#1934,.T.);
#4910=EDGE_CURVE('',#3897,#3898,#1935,.T.);
#4911=EDGE_CURVE('',#3898,#3899,#1936,.T.);
#4912=EDGE_CURVE('',#3899,#3900,#1937,.T.);
#4913=EDGE_CURVE('',#3900,#3901,#1938,.T.);
#4914=EDGE_CURVE('',#3902,#3901,#1939,.T.);
#4915=EDGE_CURVE('',#3903,#3902,#1940,.T.);
#4916=EDGE_CURVE('',#3903,#3889,#1941,.T.);
#4917=EDGE_CURVE('',#3903,#3904,#1942,.T.);
#4918=EDGE_CURVE('',#3890,#3904,#1943,.T.);
#4919=EDGE_CURVE('',#3904,#3905,#1944,.T.);
#4920=EDGE_CURVE('',#3905,#3906,#1945,.T.);
#4921=EDGE_CURVE('',#3907,#3906,#1946,.T.);
#4922=EDGE_CURVE('',#3908,#3907,#1947,.T.);
#4923=EDGE_CURVE('',#3909,#3908,#1948,.T.);
#4924=EDGE_CURVE('',#3910,#3909,#1949,.T.);
#4925=EDGE_CURVE('',#3911,#3910,#1950,.T.);
#4926=EDGE_CURVE('',#3912,#3911,#1951,.T.);
#4927=EDGE_CURVE('',#3913,#3912,#1952,.T.);
#4928=EDGE_CURVE('',#3914,#3913,#1953,.T.);
#4929=EDGE_CURVE('',#3915,#3914,#1287,.T.);
#4930=EDGE_CURVE('',#3891,#3915,#1954,.T.);
#4931=EDGE_CURVE('',#3892,#3915,#1955,.T.);
#4932=EDGE_CURVE('',#3893,#3914,#1956,.T.);
#4933=EDGE_CURVE('',#3894,#3913,#1957,.T.);
#4934=EDGE_CURVE('',#3895,#3912,#1958,.T.);
#4935=EDGE_CURVE('',#3896,#3911,#1959,.T.);
#4936=EDGE_CURVE('',#3897,#3910,#1960,.T.);
#4937=EDGE_CURVE('',#3898,#3909,#1961,.T.);
#4938=EDGE_CURVE('',#3899,#3908,#1962,.T.);
#4939=EDGE_CURVE('',#3900,#3907,#1963,.T.);
#4940=EDGE_CURVE('',#3901,#3906,#1964,.T.);
#4941=EDGE_CURVE('',#3902,#3905,#1965,.T.);
#4942=EDGE_CURVE('',#3916,#3917,#1966,.T.);
#4943=EDGE_CURVE('',#3918,#3916,#1967,.T.);
#4944=EDGE_CURVE('',#3919,#3918,#1968,.T.);
#4945=EDGE_CURVE('',#3917,#3919,#1288,.T.);
#4946=EDGE_CURVE('',#3917,#3920,#1969,.T.);
#4947=EDGE_CURVE('',#3921,#3920,#1970,.T.);
#4948=EDGE_CURVE('',#3916,#3921,#1971,.T.);
#4949=EDGE_CURVE('',#3922,#3921,#1972,.T.);
#4950=EDGE_CURVE('',#3918,#3922,#1973,.T.);
#4951=EDGE_CURVE('',#3923,#3922,#1974,.T.);
#4952=EDGE_CURVE('',#3919,#3923,#1975,.T.);
#4953=EDGE_CURVE('',#3920,#3923,#1289,.T.);
#4954=EDGE_CURVE('',#3924,#3925,#1976,.T.);
#4955=EDGE_CURVE('',#3926,#3924,#1977,.T.);
#4956=EDGE_CURVE('',#3927,#3926,#1978,.T.);
#4957=EDGE_CURVE('',#3925,#3927,#1290,.T.);
#4958=EDGE_CURVE('',#3925,#3928,#1979,.T.);
#4959=EDGE_CURVE('',#3929,#3928,#1980,.T.);
#4960=EDGE_CURVE('',#3924,#3929,#1981,.T.);
#4961=EDGE_CURVE('',#3930,#3929,#1982,.T.);
#4962=EDGE_CURVE('',#3926,#3930,#1983,.T.);
#4963=EDGE_CURVE('',#3931,#3930,#1984,.T.);
#4964=EDGE_CURVE('',#3927,#3931,#1985,.T.);
#4965=EDGE_CURVE('',#3928,#3931,#1291,.T.);
#4966=EDGE_CURVE('',#3932,#3933,#1986,.T.);
#4967=EDGE_CURVE('',#3934,#3932,#1987,.T.);
#4968=EDGE_CURVE('',#3935,#3934,#1988,.T.);
#4969=EDGE_CURVE('',#3933,#3935,#1292,.T.);
#4970=EDGE_CURVE('',#3933,#3936,#1989,.T.);
#4971=EDGE_CURVE('',#3937,#3936,#1990,.T.);
#4972=EDGE_CURVE('',#3932,#3937,#1991,.T.);
#4973=EDGE_CURVE('',#3938,#3937,#1992,.T.);
#4974=EDGE_CURVE('',#3934,#3938,#1993,.T.);
#4975=EDGE_CURVE('',#3939,#3938,#1994,.T.);
#4976=EDGE_CURVE('',#3935,#3939,#1995,.T.);
#4977=EDGE_CURVE('',#3936,#3939,#1293,.T.);
#4978=EDGE_CURVE('',#3940,#3941,#1996,.T.);
#4979=EDGE_CURVE('',#3941,#3942,#1997,.T.);
#4980=EDGE_CURVE('',#3943,#3942,#1998,.T.);
#4981=EDGE_CURVE('',#3940,#3943,#1999,.T.);
#4982=EDGE_CURVE('',#3940,#3944,#2000,.T.);
#4983=EDGE_CURVE('',#3944,#3945,#2001,.T.);
#4984=EDGE_CURVE('',#3941,#3945,#2002,.T.);
#4985=EDGE_CURVE('',#3945,#3946,#2003,.T.);
#4986=EDGE_CURVE('',#3946,#3947,#2004,.T.);
#4987=EDGE_CURVE('',#3947,#3948,#1294,.T.);
#4988=EDGE_CURVE('',#3949,#3948,#2005,.T.);
#4989=EDGE_CURVE('',#3949,#3950,#1295,.T.);
#4990=EDGE_CURVE('',#3950,#3951,#2006,.T.);
#4991=EDGE_CURVE('',#3951,#3952,#2007,.T.);
#4992=EDGE_CURVE('',#3952,#3942,#2008,.T.);
#4993=EDGE_CURVE('',#3953,#3952,#2009,.T.);
#4994=EDGE_CURVE('',#3953,#3943,#2010,.T.);
#4995=EDGE_CURVE('',#3954,#3955,#2011,.T.);
#4996=EDGE_CURVE('',#3956,#3955,#1296,.T.);
#4997=EDGE_CURVE('',#3957,#3956,#2012,.T.);
#4998=EDGE_CURVE('',#3944,#3957,#2013,.T.);
#4999=EDGE_CURVE('',#3958,#3953,#2014,.T.);
#5000=EDGE_CURVE('',#3959,#3958,#2015,.T.);
#5001=EDGE_CURVE('',#3954,#3959,#1297,.T.);
#5002=EDGE_CURVE('',#3955,#3948,#2016,.T.);
#5003=EDGE_CURVE('',#3954,#3949,#2017,.T.);
#5004=EDGE_CURVE('',#3956,#3947,#2018,.T.);
#5005=EDGE_CURVE('',#3957,#3946,#2019,.T.);
#5006=EDGE_CURVE('',#3959,#3950,#2020,.T.);
#5007=EDGE_CURVE('',#3958,#3951,#2021,.T.);
#5008=EDGE_CURVE('',#3960,#3961,#2022,.T.);
#5009=EDGE_CURVE('',#3961,#3962,#2023,.T.);
#5010=EDGE_CURVE('',#3963,#3962,#2024,.T.);
#5011=EDGE_CURVE('',#3960,#3963,#2025,.T.);
#5012=EDGE_CURVE('',#3960,#3964,#2026,.T.);
#5013=EDGE_CURVE('',#3964,#3965,#2027,.T.);
#5014=EDGE_CURVE('',#3961,#3965,#2028,.T.);
#5015=EDGE_CURVE('',#3965,#3966,#2029,.T.);
#5016=EDGE_CURVE('',#3966,#3967,#2030,.T.);
#5017=EDGE_CURVE('',#3967,#3968,#1298,.T.);
#5018=EDGE_CURVE('',#3969,#3968,#2031,.T.);
#5019=EDGE_CURVE('',#3969,#3970,#1299,.T.);
#5020=EDGE_CURVE('',#3970,#3971,#2032,.T.);
#5021=EDGE_CURVE('',#3971,#3972,#2033,.T.);
#5022=EDGE_CURVE('',#3972,#3962,#2034,.T.);
#5023=EDGE_CURVE('',#3973,#3972,#2035,.T.);
#5024=EDGE_CURVE('',#3973,#3963,#2036,.T.);
#5025=EDGE_CURVE('',#3974,#3975,#2037,.T.);
#5026=EDGE_CURVE('',#3976,#3975,#1300,.T.);
#5027=EDGE_CURVE('',#3977,#3976,#2038,.T.);
#5028=EDGE_CURVE('',#3964,#3977,#2039,.T.);
#5029=EDGE_CURVE('',#3978,#3973,#2040,.T.);
#5030=EDGE_CURVE('',#3979,#3978,#2041,.T.);
#5031=EDGE_CURVE('',#3974,#3979,#1301,.T.);
#5032=EDGE_CURVE('',#3975,#3968,#2042,.T.);
#5033=EDGE_CURVE('',#3974,#3969,#2043,.T.);
#5034=EDGE_CURVE('',#3976,#3967,#2044,.T.);
#5035=EDGE_CURVE('',#3977,#3966,#2045,.T.);
#5036=EDGE_CURVE('',#3979,#3970,#2046,.T.);
#5037=EDGE_CURVE('',#3978,#3971,#2047,.T.);
#5038=EDGE_CURVE('',#3980,#3981,#2048,.T.);
#5039=EDGE_CURVE('',#3982,#3980,#2049,.T.);
#5040=EDGE_CURVE('',#3983,#3982,#2050,.T.);
#5041=EDGE_CURVE('',#3981,#3983,#1302,.T.);
#5042=EDGE_CURVE('',#3981,#3984,#2051,.T.);
#5043=EDGE_CURVE('',#3985,#3984,#2052,.T.);
#5044=EDGE_CURVE('',#3980,#3985,#2053,.T.);
#5045=EDGE_CURVE('',#3986,#3985,#2054,.T.);
#5046=EDGE_CURVE('',#3982,#3986,#2055,.T.);
#5047=EDGE_CURVE('',#3987,#3986,#2056,.T.);
#5048=EDGE_CURVE('',#3983,#3987,#2057,.T.);
#5049=EDGE_CURVE('',#3984,#3987,#1303,.T.);
#5050=EDGE_CURVE('',#3988,#3989,#2058,.T.);
#5051=EDGE_CURVE('',#3989,#3990,#1304,.T.);
#5052=EDGE_CURVE('',#3990,#3991,#2059,.T.);
#5053=EDGE_CURVE('',#3991,#3988,#2060,.T.);
#5054=EDGE_CURVE('',#3988,#3992,#2061,.T.);
#5055=EDGE_CURVE('',#3992,#3993,#2062,.T.);
#5056=EDGE_CURVE('',#3989,#3993,#2063,.T.);
#5057=EDGE_CURVE('',#3993,#3994,#1305,.T.);
#5058=EDGE_CURVE('',#3990,#3994,#2064,.T.);
#5059=EDGE_CURVE('',#3994,#3995,#2065,.T.);
#5060=EDGE_CURVE('',#3991,#3995,#2066,.T.);
#5061=EDGE_CURVE('',#3995,#3992,#2067,.T.);
#5062=EDGE_CURVE('',#3996,#3997,#2068,.T.);
#5063=EDGE_CURVE('',#3997,#3998,#1306,.T.);
#5064=EDGE_CURVE('',#3998,#3999,#2069,.T.);
#5065=EDGE_CURVE('',#3999,#3996,#2070,.T.);
#5066=EDGE_CURVE('',#3996,#4000,#2071,.T.);
#5067=EDGE_CURVE('',#4000,#4001,#2072,.T.);
#5068=EDGE_CURVE('',#3997,#4001,#2073,.T.);
#5069=EDGE_CURVE('',#4001,#4002,#1307,.T.);
#5070=EDGE_CURVE('',#3998,#4002,#2074,.T.);
#5071=EDGE_CURVE('',#4002,#4003,#2075,.T.);
#5072=EDGE_CURVE('',#3999,#4003,#2076,.T.);
#5073=EDGE_CURVE('',#4003,#4000,#2077,.T.);
#5074=EDGE_CURVE('',#4004,#4005,#2078,.T.);
#5075=EDGE_CURVE('',#4005,#4006,#1308,.T.);
#5076=EDGE_CURVE('',#4006,#4007,#2079,.T.);
#5077=EDGE_CURVE('',#4007,#4004,#2080,.T.);
#5078=EDGE_CURVE('',#4004,#4008,#2081,.T.);
#5079=EDGE_CURVE('',#4008,#4009,#2082,.T.);
#5080=EDGE_CURVE('',#4005,#4009,#2083,.T.);
#5081=EDGE_CURVE('',#4009,#4010,#1309,.T.);
#5082=EDGE_CURVE('',#4006,#4010,#2084,.T.);
#5083=EDGE_CURVE('',#4010,#4011,#2085,.T.);
#5084=EDGE_CURVE('',#4007,#4011,#2086,.T.);
#5085=EDGE_CURVE('',#4011,#4008,#2087,.T.);
#5086=EDGE_CURVE('',#4012,#4013,#2088,.T.);
#5087=EDGE_CURVE('',#4013,#4014,#1310,.T.);
#5088=EDGE_CURVE('',#4014,#4015,#2089,.T.);
#5089=EDGE_CURVE('',#4015,#4012,#2090,.T.);
#5090=EDGE_CURVE('',#4012,#4016,#2091,.T.);
#5091=EDGE_CURVE('',#4016,#4017,#2092,.T.);
#5092=EDGE_CURVE('',#4013,#4017,#2093,.T.);
#5093=EDGE_CURVE('',#4017,#4018,#1311,.T.);
#5094=EDGE_CURVE('',#4014,#4018,#2094,.T.);
#5095=EDGE_CURVE('',#4018,#4019,#2095,.T.);
#5096=EDGE_CURVE('',#4015,#4019,#2096,.T.);
#5097=EDGE_CURVE('',#4019,#4016,#2097,.T.);
#5098=EDGE_CURVE('',#4020,#4021,#2098,.T.);
#5099=EDGE_CURVE('',#4021,#4022,#1312,.T.);
#5100=EDGE_CURVE('',#4022,#4023,#2099,.T.);
#5101=EDGE_CURVE('',#4023,#4020,#2100,.T.);
#5102=EDGE_CURVE('',#4020,#4024,#2101,.T.);
#5103=EDGE_CURVE('',#4024,#4025,#2102,.T.);
#5104=EDGE_CURVE('',#4021,#4025,#2103,.T.);
#5105=EDGE_CURVE('',#4025,#4026,#1313,.T.);
#5106=EDGE_CURVE('',#4022,#4026,#2104,.T.);
#5107=EDGE_CURVE('',#4026,#4027,#2105,.T.);
#5108=EDGE_CURVE('',#4023,#4027,#2106,.T.);
#5109=EDGE_CURVE('',#4027,#4024,#2107,.T.);
#5110=EDGE_CURVE('',#4028,#4029,#2108,.T.);
#5111=EDGE_CURVE('',#4029,#4030,#1314,.T.);
#5112=EDGE_CURVE('',#4030,#4031,#2109,.T.);
#5113=EDGE_CURVE('',#4031,#4028,#2110,.T.);
#5114=EDGE_CURVE('',#4028,#4032,#2111,.T.);
#5115=EDGE_CURVE('',#4032,#4033,#2112,.T.);
#5116=EDGE_CURVE('',#4029,#4033,#2113,.T.);
#5117=EDGE_CURVE('',#4033,#4034,#1315,.T.);
#5118=EDGE_CURVE('',#4030,#4034,#2114,.T.);
#5119=EDGE_CURVE('',#4034,#4035,#2115,.T.);
#5120=EDGE_CURVE('',#4031,#4035,#2116,.T.);
#5121=EDGE_CURVE('',#4035,#4032,#2117,.T.);
#5122=EDGE_CURVE('',#4036,#4037,#2118,.T.);
#5123=EDGE_CURVE('',#4037,#4038,#1316,.T.);
#5124=EDGE_CURVE('',#4038,#4039,#2119,.T.);
#5125=EDGE_CURVE('',#4039,#4036,#2120,.T.);
#5126=EDGE_CURVE('',#4036,#4040,#2121,.T.);
#5127=EDGE_CURVE('',#4040,#4041,#2122,.T.);
#5128=EDGE_CURVE('',#4037,#4041,#2123,.T.);
#5129=EDGE_CURVE('',#4041,#4042,#1317,.T.);
#5130=EDGE_CURVE('',#4038,#4042,#2124,.T.);
#5131=EDGE_CURVE('',#4042,#4043,#2125,.T.);
#5132=EDGE_CURVE('',#4039,#4043,#2126,.T.);
#5133=EDGE_CURVE('',#4043,#4040,#2127,.T.);
#5134=EDGE_CURVE('',#4044,#4045,#2128,.T.);
#5135=EDGE_CURVE('',#4045,#4046,#1318,.T.);
#5136=EDGE_CURVE('',#4046,#4047,#2129,.T.);
#5137=EDGE_CURVE('',#4047,#4044,#2130,.T.);
#5138=EDGE_CURVE('',#4044,#4048,#2131,.T.);
#5139=EDGE_CURVE('',#4048,#4049,#2132,.T.);
#5140=EDGE_CURVE('',#4045,#4049,#2133,.T.);
#5141=EDGE_CURVE('',#4049,#4050,#1319,.T.);
#5142=EDGE_CURVE('',#4046,#4050,#2134,.T.);
#5143=EDGE_CURVE('',#4050,#4051,#2135,.T.);
#5144=EDGE_CURVE('',#4047,#4051,#2136,.T.);
#5145=EDGE_CURVE('',#4051,#4048,#2137,.T.);
#5146=EDGE_CURVE('',#4052,#4053,#2138,.T.);
#5147=EDGE_CURVE('',#4054,#4052,#2139,.T.);
#5148=EDGE_CURVE('',#4055,#4054,#2140,.T.);
#5149=EDGE_CURVE('',#4053,#4055,#1320,.T.);
#5150=EDGE_CURVE('',#4053,#4056,#2141,.T.);
#5151=EDGE_CURVE('',#4057,#4056,#2142,.T.);
#5152=EDGE_CURVE('',#4052,#4057,#2143,.T.);
#5153=EDGE_CURVE('',#4058,#4057,#2144,.T.);
#5154=EDGE_CURVE('',#4054,#4058,#2145,.T.);
#5155=EDGE_CURVE('',#4059,#4058,#2146,.T.);
#5156=EDGE_CURVE('',#4055,#4059,#2147,.T.);
#5157=EDGE_CURVE('',#4056,#4059,#1321,.T.);
#5158=EDGE_CURVE('',#4060,#4061,#2148,.T.);
#5159=EDGE_CURVE('',#4062,#4060,#2149,.T.);
#5160=EDGE_CURVE('',#4063,#4062,#2150,.T.);
#5161=EDGE_CURVE('',#4061,#4063,#1322,.T.);
#5162=EDGE_CURVE('',#4061,#4064,#2151,.T.);
#5163=EDGE_CURVE('',#4065,#4064,#2152,.T.);
#5164=EDGE_CURVE('',#4060,#4065,#2153,.T.);
#5165=EDGE_CURVE('',#4066,#4065,#2154,.T.);
#5166=EDGE_CURVE('',#4062,#4066,#2155,.T.);
#5167=EDGE_CURVE('',#4067,#4066,#2156,.T.);
#5168=EDGE_CURVE('',#4063,#4067,#2157,.T.);
#5169=EDGE_CURVE('',#4064,#4067,#1323,.T.);
#5170=EDGE_CURVE('',#4068,#4069,#2158,.T.);
#5171=EDGE_CURVE('',#4069,#4070,#1324,.T.);
#5172=EDGE_CURVE('',#4070,#4071,#2159,.T.);
#5173=EDGE_CURVE('',#4071,#4068,#2160,.T.);
#5174=EDGE_CURVE('',#4068,#4072,#2161,.T.);
#5175=EDGE_CURVE('',#4072,#4073,#2162,.T.);
#5176=EDGE_CURVE('',#4069,#4073,#2163,.T.);
#5177=EDGE_CURVE('',#4073,#4074,#1325,.T.);
#5178=EDGE_CURVE('',#4070,#4074,#2164,.T.);
#5179=EDGE_CURVE('',#4074,#4075,#2165,.T.);
#5180=EDGE_CURVE('',#4071,#4075,#2166,.T.);
#5181=EDGE_CURVE('',#4075,#4072,#2167,.T.);
#5182=EDGE_CURVE('',#4076,#4077,#2168,.T.);
#5183=EDGE_CURVE('',#4077,#4078,#1326,.T.);
#5184=EDGE_CURVE('',#4078,#4079,#2169,.T.);
#5185=EDGE_CURVE('',#4079,#4076,#2170,.T.);
#5186=EDGE_CURVE('',#4076,#4080,#2171,.T.);
#5187=EDGE_CURVE('',#4080,#4081,#2172,.T.);
#5188=EDGE_CURVE('',#4077,#4081,#2173,.T.);
#5189=EDGE_CURVE('',#4081,#4082,#1327,.T.);
#5190=EDGE_CURVE('',#4078,#4082,#2174,.T.);
#5191=EDGE_CURVE('',#4082,#4083,#2175,.T.);
#5192=EDGE_CURVE('',#4079,#4083,#2176,.T.);
#5193=EDGE_CURVE('',#4083,#4080,#2177,.T.);
#5194=EDGE_CURVE('',#4084,#4085,#2178,.T.);
#5195=EDGE_CURVE('',#4086,#4084,#2179,.T.);
#5196=EDGE_CURVE('',#4087,#4086,#2180,.T.);
#5197=EDGE_CURVE('',#4085,#4087,#1328,.T.);
#5198=EDGE_CURVE('',#4085,#4088,#2181,.T.);
#5199=EDGE_CURVE('',#4089,#4088,#2182,.T.);
#5200=EDGE_CURVE('',#4084,#4089,#2183,.T.);
#5201=EDGE_CURVE('',#4090,#4089,#2184,.T.);
#5202=EDGE_CURVE('',#4086,#4090,#2185,.T.);
#5203=EDGE_CURVE('',#4091,#4090,#2186,.T.);
#5204=EDGE_CURVE('',#4087,#4091,#2187,.T.);
#5205=EDGE_CURVE('',#4088,#4091,#1329,.T.);
#5206=EDGE_CURVE('',#4092,#4093,#2188,.T.);
#5207=EDGE_CURVE('',#4094,#4092,#2189,.T.);
#5208=EDGE_CURVE('',#4095,#4094,#2190,.T.);
#5209=EDGE_CURVE('',#4093,#4095,#1330,.T.);
#5210=EDGE_CURVE('',#4093,#4096,#2191,.T.);
#5211=EDGE_CURVE('',#4097,#4096,#2192,.T.);
#5212=EDGE_CURVE('',#4092,#4097,#2193,.T.);
#5213=EDGE_CURVE('',#4098,#4097,#2194,.T.);
#5214=EDGE_CURVE('',#4094,#4098,#2195,.T.);
#5215=EDGE_CURVE('',#4099,#4098,#2196,.T.);
#5216=EDGE_CURVE('',#4095,#4099,#2197,.T.);
#5217=EDGE_CURVE('',#4096,#4099,#1331,.T.);
#5218=EDGE_CURVE('',#4100,#4101,#2198,.T.);
#5219=EDGE_CURVE('',#4102,#4100,#2199,.T.);
#5220=EDGE_CURVE('',#4103,#4102,#2200,.T.);
#5221=EDGE_CURVE('',#4101,#4103,#1332,.T.);
#5222=EDGE_CURVE('',#4101,#4104,#2201,.T.);
#5223=EDGE_CURVE('',#4105,#4104,#2202,.T.);
#5224=EDGE_CURVE('',#4100,#4105,#2203,.T.);
#5225=EDGE_CURVE('',#4106,#4105,#2204,.T.);
#5226=EDGE_CURVE('',#4102,#4106,#2205,.T.);
#5227=EDGE_CURVE('',#4107,#4106,#2206,.T.);
#5228=EDGE_CURVE('',#4103,#4107,#2207,.T.);
#5229=EDGE_CURVE('',#4104,#4107,#1333,.T.);
#5230=EDGE_CURVE('',#4108,#4109,#2208,.T.);
#5231=EDGE_CURVE('',#4109,#4110,#1334,.T.);
#5232=EDGE_CURVE('',#4110,#4111,#2209,.T.);
#5233=EDGE_CURVE('',#4111,#4108,#2210,.T.);
#5234=EDGE_CURVE('',#4108,#4112,#2211,.T.);
#5235=EDGE_CURVE('',#4112,#4113,#2212,.T.);
#5236=EDGE_CURVE('',#4109,#4113,#2213,.T.);
#5237=EDGE_CURVE('',#4113,#4114,#1335,.T.);
#5238=EDGE_CURVE('',#4110,#4114,#2214,.T.);
#5239=EDGE_CURVE('',#4114,#4115,#2215,.T.);
#5240=EDGE_CURVE('',#4111,#4115,#2216,.T.);
#5241=EDGE_CURVE('',#4115,#4112,#2217,.T.);
#5242=EDGE_CURVE('',#4116,#4117,#2218,.T.);
#5243=EDGE_CURVE('',#4117,#4118,#1336,.T.);
#5244=EDGE_CURVE('',#4118,#4119,#2219,.T.);
#5245=EDGE_CURVE('',#4119,#4116,#2220,.T.);
#5246=EDGE_CURVE('',#4116,#4120,#2221,.T.);
#5247=EDGE_CURVE('',#4120,#4121,#2222,.T.);
#5248=EDGE_CURVE('',#4117,#4121,#2223,.T.);
#5249=EDGE_CURVE('',#4121,#4122,#1337,.T.);
#5250=EDGE_CURVE('',#4118,#4122,#2224,.T.);
#5251=EDGE_CURVE('',#4122,#4123,#2225,.T.);
#5252=EDGE_CURVE('',#4119,#4123,#2226,.T.);
#5253=EDGE_CURVE('',#4123,#4120,#2227,.T.);
#5254=EDGE_CURVE('',#4124,#4125,#2228,.T.);
#5255=EDGE_CURVE('',#4125,#4126,#1338,.T.);
#5256=EDGE_CURVE('',#4126,#4127,#2229,.T.);
#5257=EDGE_CURVE('',#4127,#4124,#2230,.T.);
#5258=EDGE_CURVE('',#4124,#4128,#2231,.T.);
#5259=EDGE_CURVE('',#4128,#4129,#2232,.T.);
#5260=EDGE_CURVE('',#4125,#4129,#2233,.T.);
#5261=EDGE_CURVE('',#4129,#4130,#1339,.T.);
#5262=EDGE_CURVE('',#4126,#4130,#2234,.T.);
#5263=EDGE_CURVE('',#4130,#4131,#2235,.T.);
#5264=EDGE_CURVE('',#4127,#4131,#2236,.T.);
#5265=EDGE_CURVE('',#4131,#4128,#2237,.T.);
#5266=EDGE_CURVE('',#4132,#4133,#1340,.T.);
#5267=EDGE_CURVE('',#4133,#4134,#2238,.T.);
#5268=EDGE_CURVE('',#4134,#4135,#2239,.T.);
#5269=EDGE_CURVE('',#4135,#4132,#2240,.T.);
#5270=EDGE_CURVE('',#4132,#4136,#2241,.T.);
#5271=EDGE_CURVE('',#4136,#4137,#1341,.T.);
#5272=EDGE_CURVE('',#4133,#4137,#2242,.T.);
#5273=EDGE_CURVE('',#4137,#4138,#2243,.T.);
#5274=EDGE_CURVE('',#4134,#4138,#2244,.T.);
#5275=EDGE_CURVE('',#4138,#4139,#2245,.T.);
#5276=EDGE_CURVE('',#4135,#4139,#2246,.T.);
#5277=EDGE_CURVE('',#4139,#4136,#2247,.T.);
#5278=EDGE_CURVE('',#4140,#4141,#1342,.T.);
#5279=EDGE_CURVE('',#4141,#4142,#2248,.T.);
#5280=EDGE_CURVE('',#4142,#4143,#2249,.T.);
#5281=EDGE_CURVE('',#4143,#4140,#2250,.T.);
#5282=EDGE_CURVE('',#4140,#4144,#2251,.T.);
#5283=EDGE_CURVE('',#4144,#4145,#1343,.T.);
#5284=EDGE_CURVE('',#4141,#4145,#2252,.T.);
#5285=EDGE_CURVE('',#4145,#4146,#2253,.T.);
#5286=EDGE_CURVE('',#4142,#4146,#2254,.T.);
#5287=EDGE_CURVE('',#4146,#4147,#2255,.T.);
#5288=EDGE_CURVE('',#4143,#4147,#2256,.T.);
#5289=EDGE_CURVE('',#4147,#4144,#2257,.T.);
#5290=EDGE_CURVE('',#4148,#4149,#1344,.T.);
#5291=EDGE_CURVE('',#4149,#4150,#2258,.T.);
#5292=EDGE_CURVE('',#4150,#4151,#2259,.T.);
#5293=EDGE_CURVE('',#4151,#4148,#2260,.T.);
#5294=EDGE_CURVE('',#4148,#4152,#2261,.T.);
#5295=EDGE_CURVE('',#4152,#4153,#1345,.T.);
#5296=EDGE_CURVE('',#4149,#4153,#2262,.T.);
#5297=EDGE_CURVE('',#4153,#4154,#2263,.T.);
#5298=EDGE_CURVE('',#4150,#4154,#2264,.T.);
#5299=EDGE_CURVE('',#4154,#4155,#2265,.T.);
#5300=EDGE_CURVE('',#4151,#4155,#2266,.T.);
#5301=EDGE_CURVE('',#4155,#4152,#2267,.T.);
#5302=EDGE_CURVE('',#4156,#4157,#1346,.T.);
#5303=EDGE_CURVE('',#4157,#4158,#2268,.T.);
#5304=EDGE_CURVE('',#4158,#4159,#2269,.T.);
#5305=EDGE_CURVE('',#4159,#4156,#2270,.T.);
#5306=EDGE_CURVE('',#4156,#4160,#2271,.T.);
#5307=EDGE_CURVE('',#4160,#4161,#1347,.T.);
#5308=EDGE_CURVE('',#4157,#4161,#2272,.T.);
#5309=EDGE_CURVE('',#4161,#4162,#2273,.T.);
#5310=EDGE_CURVE('',#4158,#4162,#2274,.T.);
#5311=EDGE_CURVE('',#4162,#4163,#2275,.T.);
#5312=EDGE_CURVE('',#4159,#4163,#2276,.T.);
#5313=EDGE_CURVE('',#4163,#4160,#2277,.T.);
#5314=EDGE_CURVE('',#4164,#4165,#1348,.T.);
#5315=EDGE_CURVE('',#4165,#4166,#2278,.T.);
#5316=EDGE_CURVE('',#4166,#4167,#2279,.T.);
#5317=EDGE_CURVE('',#4167,#4164,#2280,.T.);
#5318=EDGE_CURVE('',#4164,#4168,#2281,.T.);
#5319=EDGE_CURVE('',#4168,#4169,#1349,.T.);
#5320=EDGE_CURVE('',#4165,#4169,#2282,.T.);
#5321=EDGE_CURVE('',#4169,#4170,#2283,.T.);
#5322=EDGE_CURVE('',#4166,#4170,#2284,.T.);
#5323=EDGE_CURVE('',#4170,#4171,#2285,.T.);
#5324=EDGE_CURVE('',#4167,#4171,#2286,.T.);
#5325=EDGE_CURVE('',#4171,#4168,#2287,.T.);
#5326=EDGE_CURVE('',#4172,#4173,#1350,.T.);
#5327=EDGE_CURVE('',#4173,#4174,#2288,.T.);
#5328=EDGE_CURVE('',#4174,#4175,#2289,.T.);
#5329=EDGE_CURVE('',#4175,#4172,#2290,.T.);
#5330=EDGE_CURVE('',#4172,#4176,#2291,.T.);
#5331=EDGE_CURVE('',#4176,#4177,#1351,.T.);
#5332=EDGE_CURVE('',#4173,#4177,#2292,.T.);
#5333=EDGE_CURVE('',#4177,#4178,#2293,.T.);
#5334=EDGE_CURVE('',#4174,#4178,#2294,.T.);
#5335=EDGE_CURVE('',#4178,#4179,#2295,.T.);
#5336=EDGE_CURVE('',#4175,#4179,#2296,.T.);
#5337=EDGE_CURVE('',#4179,#4176,#2297,.T.);
#5338=EDGE_CURVE('',#4180,#4181,#1352,.T.);
#5339=EDGE_CURVE('',#4181,#4182,#2298,.T.);
#5340=EDGE_CURVE('',#4183,#4182,#1353,.T.);
#5341=EDGE_CURVE('',#4183,#4180,#2299,.T.);
#5342=EDGE_CURVE('',#4180,#4184,#2300,.T.);
#5343=EDGE_CURVE('',#4185,#4184,#2301,.T.);
#5344=EDGE_CURVE('',#4186,#4185,#2302,.T.);
#5345=EDGE_CURVE('',#4187,#4186,#2303,.T.);
#5346=EDGE_CURVE('',#4188,#4187,#2304,.T.);
#5347=EDGE_CURVE('',#4189,#4188,#2305,.T.);
#5348=EDGE_CURVE('',#4190,#4189,#2306,.T.);
#5349=EDGE_CURVE('',#4191,#4190,#2307,.T.);
#5350=EDGE_CURVE('',#4192,#4191,#2308,.T.);
#5351=EDGE_CURVE('',#4193,#4192,#2309,.T.);
#5352=EDGE_CURVE('',#4194,#4193,#2310,.T.);
#5353=EDGE_CURVE('',#4195,#4194,#1354,.T.);
#5354=EDGE_CURVE('',#4181,#4195,#2311,.T.);
#5355=EDGE_CURVE('',#4196,#4183,#2312,.T.);
#5356=EDGE_CURVE('',#4184,#4196,#2313,.T.);
#5357=EDGE_CURVE('',#4182,#4197,#2314,.T.);
#5358=EDGE_CURVE('',#4197,#4198,#1355,.T.);
#5359=EDGE_CURVE('',#4198,#4199,#2315,.T.);
#5360=EDGE_CURVE('',#4199,#4200,#2316,.T.);
#5361=EDGE_CURVE('',#4200,#4201,#2317,.T.);
#5362=EDGE_CURVE('',#4201,#4202,#2318,.T.);
#5363=EDGE_CURVE('',#4202,#4203,#2319,.T.);
#5364=EDGE_CURVE('',#4203,#4204,#2320,.T.);
#5365=EDGE_CURVE('',#4204,#4205,#2321,.T.);
#5366=EDGE_CURVE('',#4205,#4206,#2322,.T.);
#5367=EDGE_CURVE('',#4206,#4207,#2323,.T.);
#5368=EDGE_CURVE('',#4207,#4196,#2324,.T.);
#5369=EDGE_CURVE('',#4185,#4207,#2325,.T.);
#5370=EDGE_CURVE('',#4186,#4206,#2326,.T.);
#5371=EDGE_CURVE('',#4187,#4205,#2327,.T.);
#5372=EDGE_CURVE('',#4188,#4204,#2328,.T.);
#5373=EDGE_CURVE('',#4189,#4203,#2329,.T.);
#5374=EDGE_CURVE('',#4190,#4202,#2330,.T.);
#5375=EDGE_CURVE('',#4191,#4201,#2331,.T.);
#5376=EDGE_CURVE('',#4192,#4200,#2332,.T.);
#5377=EDGE_CURVE('',#4193,#4199,#2333,.T.);
#5378=EDGE_CURVE('',#4194,#4198,#2334,.T.);
#5379=EDGE_CURVE('',#4195,#4197,#2335,.T.);
#5380=EDGE_CURVE('',#4208,#4209,#2336,.T.);
#5381=EDGE_CURVE('',#4209,#4210,#2337,.T.);
#5382=EDGE_CURVE('',#4210,#4211,#2338,.T.);
#5383=EDGE_CURVE('',#4211,#4212,#2339,.T.);
#5384=EDGE_CURVE('',#4212,#4213,#2340,.T.);
#5385=EDGE_CURVE('',#4213,#4208,#2341,.T.);
#5386=EDGE_CURVE('',#4208,#4214,#2342,.T.);
#5387=EDGE_CURVE('',#4214,#4215,#2343,.T.);
#5388=EDGE_CURVE('',#4209,#4215,#2344,.T.);
#5389=EDGE_CURVE('',#4215,#4216,#2345,.T.);
#5390=EDGE_CURVE('',#4210,#4216,#2346,.T.);
#5391=EDGE_CURVE('',#4216,#4217,#2347,.T.);
#5392=EDGE_CURVE('',#4211,#4217,#2348,.T.);
#5393=EDGE_CURVE('',#4217,#4218,#2349,.T.);
#5394=EDGE_CURVE('',#4212,#4218,#2350,.T.);
#5395=EDGE_CURVE('',#4218,#4219,#2351,.T.);
#5396=EDGE_CURVE('',#4213,#4219,#2352,.T.);
#5397=EDGE_CURVE('',#4219,#4214,#2353,.T.);
#5398=EDGE_CURVE('',#4220,#4221,#2354,.T.);
#5399=EDGE_CURVE('',#4222,#4220,#2355,.T.);
#5400=EDGE_CURVE('',#4223,#4222,#2356,.T.);
#5401=EDGE_CURVE('',#4224,#4223,#2357,.T.);
#5402=EDGE_CURVE('',#4225,#4224,#2358,.T.);
#5403=EDGE_CURVE('',#4221,#4225,#2359,.T.);
#5404=EDGE_CURVE('',#4221,#4226,#2360,.T.);
#5405=EDGE_CURVE('',#4227,#4226,#2361,.T.);
#5406=EDGE_CURVE('',#4220,#4227,#2362,.T.);
#5407=EDGE_CURVE('',#4228,#4227,#2363,.T.);
#5408=EDGE_CURVE('',#4222,#4228,#2364,.T.);
#5409=EDGE_CURVE('',#4229,#4228,#2365,.T.);
#5410=EDGE_CURVE('',#4223,#4229,#2366,.T.);
#5411=EDGE_CURVE('',#4230,#4229,#2367,.T.);
#5412=EDGE_CURVE('',#4224,#4230,#2368,.T.);
#5413=EDGE_CURVE('',#4231,#4230,#2369,.T.);
#5414=EDGE_CURVE('',#4225,#4231,#2370,.T.);
#5415=EDGE_CURVE('',#4226,#4231,#2371,.T.);
#5416=EDGE_CURVE('',#4232,#4233,#2372,.T.);
#5417=EDGE_CURVE('',#4234,#4232,#2373,.T.);
#5418=EDGE_CURVE('',#4235,#4234,#2374,.T.);
#5419=EDGE_CURVE('',#4236,#4235,#2375,.T.);
#5420=EDGE_CURVE('',#4237,#4236,#2376,.T.);
#5421=EDGE_CURVE('',#4233,#4237,#2377,.T.);
#5422=EDGE_CURVE('',#4233,#4238,#2378,.T.);
#5423=EDGE_CURVE('',#4239,#4238,#2379,.T.);
#5424=EDGE_CURVE('',#4232,#4239,#2380,.T.);
#5425=EDGE_CURVE('',#4240,#4239,#2381,.T.);
#5426=EDGE_CURVE('',#4234,#4240,#2382,.T.);
#5427=EDGE_CURVE('',#4241,#4240,#2383,.T.);
#5428=EDGE_CURVE('',#4235,#4241,#2384,.T.);
#5429=EDGE_CURVE('',#4242,#4241,#2385,.T.);
#5430=EDGE_CURVE('',#4236,#4242,#2386,.T.);
#5431=EDGE_CURVE('',#4243,#4242,#2387,.T.);
#5432=EDGE_CURVE('',#4237,#4243,#2388,.T.);
#5433=EDGE_CURVE('',#4238,#4243,#2389,.T.);
#5434=EDGE_CURVE('',#4244,#4245,#2390,.T.);
#5435=EDGE_CURVE('',#4245,#4246,#2391,.T.);
#5436=EDGE_CURVE('',#4246,#4247,#2392,.T.);
#5437=EDGE_CURVE('',#4247,#4248,#2393,.T.);
#5438=EDGE_CURVE('',#4248,#4249,#2394,.T.);
#5439=EDGE_CURVE('',#4249,#4244,#2395,.T.);
#5440=EDGE_CURVE('',#4244,#4250,#2396,.T.);
#5441=EDGE_CURVE('',#4250,#4251,#2397,.T.);
#5442=EDGE_CURVE('',#4245,#4251,#2398,.T.);
#5443=EDGE_CURVE('',#4251,#4252,#2399,.T.);
#5444=EDGE_CURVE('',#4246,#4252,#2400,.T.);
#5445=EDGE_CURVE('',#4252,#4253,#2401,.T.);
#5446=EDGE_CURVE('',#4247,#4253,#2402,.T.);
#5447=EDGE_CURVE('',#4253,#4254,#2403,.T.);
#5448=EDGE_CURVE('',#4248,#4254,#2404,.T.);
#5449=EDGE_CURVE('',#4254,#4255,#2405,.T.);
#5450=EDGE_CURVE('',#4249,#4255,#2406,.T.);
#5451=EDGE_CURVE('',#4255,#4250,#2407,.T.);
#5452=EDGE_CURVE('',#4256,#4256,#1356,.T.);
#5453=EDGE_CURVE('',#4256,#4257,#2408,.T.);
#5454=EDGE_CURVE('',#4257,#4257,#1357,.T.);
#5455=ORIENTED_EDGE('',*,*,#4258,.T.);
#5456=ORIENTED_EDGE('',*,*,#4259,.T.);
#5457=ORIENTED_EDGE('',*,*,#4260,.F.);
#5458=ORIENTED_EDGE('',*,*,#4261,.F.);
#5459=ORIENTED_EDGE('',*,*,#4262,.T.);
#5460=ORIENTED_EDGE('',*,*,#4263,.T.);
#5461=ORIENTED_EDGE('',*,*,#4264,.F.);
#5462=ORIENTED_EDGE('',*,*,#4265,.F.);
#5463=ORIENTED_EDGE('',*,*,#4266,.T.);
#5464=ORIENTED_EDGE('',*,*,#4267,.T.);
#5465=ORIENTED_EDGE('',*,*,#4268,.F.);
#5466=ORIENTED_EDGE('',*,*,#4269,.F.);
#5467=ORIENTED_EDGE('',*,*,#4270,.T.);
#5468=ORIENTED_EDGE('',*,*,#4271,.T.);
#5469=ORIENTED_EDGE('',*,*,#4272,.F.);
#5470=ORIENTED_EDGE('',*,*,#4273,.T.);
#5471=ORIENTED_EDGE('',*,*,#4274,.F.);
#5472=ORIENTED_EDGE('',*,*,#4275,.F.);
#5473=ORIENTED_EDGE('',*,*,#4276,.T.);
#5474=ORIENTED_EDGE('',*,*,#4277,.T.);
#5475=ORIENTED_EDGE('',*,*,#4278,.F.);
#5476=ORIENTED_EDGE('',*,*,#4279,.T.);
#5477=ORIENTED_EDGE('',*,*,#4280,.F.);
#5478=ORIENTED_EDGE('',*,*,#4281,.F.);
#5479=ORIENTED_EDGE('',*,*,#4282,.T.);
#5480=ORIENTED_EDGE('',*,*,#4283,.T.);
#5481=ORIENTED_EDGE('',*,*,#4284,.F.);
#5482=ORIENTED_EDGE('',*,*,#4285,.F.);
#5483=ORIENTED_EDGE('',*,*,#4286,.T.);
#5484=ORIENTED_EDGE('',*,*,#4287,.T.);
#5485=ORIENTED_EDGE('',*,*,#4288,.F.);
#5486=ORIENTED_EDGE('',*,*,#4289,.F.);
#5487=ORIENTED_EDGE('',*,*,#4290,.T.);
#5488=ORIENTED_EDGE('',*,*,#4291,.T.);
#5489=ORIENTED_EDGE('',*,*,#4292,.F.);
#5490=ORIENTED_EDGE('',*,*,#4293,.F.);
#5491=ORIENTED_EDGE('',*,*,#4294,.T.);
#5492=ORIENTED_EDGE('',*,*,#4295,.T.);
#5493=ORIENTED_EDGE('',*,*,#4296,.F.);
#5494=ORIENTED_EDGE('',*,*,#4297,.F.);
#5495=ORIENTED_EDGE('',*,*,#4298,.T.);
#5496=ORIENTED_EDGE('',*,*,#4299,.T.);
#5497=ORIENTED_EDGE('',*,*,#4300,.F.);
#5498=ORIENTED_EDGE('',*,*,#4301,.F.);
#5499=ORIENTED_EDGE('',*,*,#4302,.T.);
#5500=ORIENTED_EDGE('',*,*,#4303,.T.);
#5501=ORIENTED_EDGE('',*,*,#4304,.F.);
#5502=ORIENTED_EDGE('',*,*,#4305,.F.);
#5503=ORIENTED_EDGE('',*,*,#4306,.F.);
#5504=ORIENTED_EDGE('',*,*,#4307,.T.);
#5505=ORIENTED_EDGE('',*,*,#4308,.T.);
#5506=ORIENTED_EDGE('',*,*,#4309,.T.);
#5507=ORIENTED_EDGE('',*,*,#4310,.T.);
#5508=ORIENTED_EDGE('',*,*,#4311,.F.);
#5509=ORIENTED_EDGE('',*,*,#4312,.F.);
#5510=ORIENTED_EDGE('',*,*,#4313,.T.);
#5511=ORIENTED_EDGE('',*,*,#4314,.F.);
#5512=ORIENTED_EDGE('',*,*,#4315,.F.);
#5513=ORIENTED_EDGE('',*,*,#4316,.T.);
#5514=ORIENTED_EDGE('',*,*,#4317,.F.);
#5515=ORIENTED_EDGE('',*,*,#4318,.F.);
#5516=ORIENTED_EDGE('',*,*,#4319,.F.);
#5517=ORIENTED_EDGE('',*,*,#4320,.T.);
#5518=ORIENTED_EDGE('',*,*,#4321,.F.);
#5519=ORIENTED_EDGE('',*,*,#4322,.F.);
#5520=ORIENTED_EDGE('',*,*,#4323,.F.);
#5521=ORIENTED_EDGE('',*,*,#4324,.T.);
#5522=ORIENTED_EDGE('',*,*,#4325,.F.);
#5523=ORIENTED_EDGE('',*,*,#4326,.F.);
#5524=ORIENTED_EDGE('',*,*,#4327,.F.);
#5525=ORIENTED_EDGE('',*,*,#4328,.T.);
#5526=ORIENTED_EDGE('',*,*,#4329,.F.);
#5527=ORIENTED_EDGE('',*,*,#4330,.F.);
#5528=ORIENTED_EDGE('',*,*,#4331,.F.);
#5529=ORIENTED_EDGE('',*,*,#4332,.T.);
#5530=ORIENTED_EDGE('',*,*,#4333,.F.);
#5531=ORIENTED_EDGE('',*,*,#4334,.F.);
#5532=ORIENTED_EDGE('',*,*,#4335,.F.);
#5533=ORIENTED_EDGE('',*,*,#4336,.T.);
#5534=ORIENTED_EDGE('',*,*,#4337,.F.);
#5535=ORIENTED_EDGE('',*,*,#4338,.F.);
#5536=ORIENTED_EDGE('',*,*,#4339,.F.);
#5537=ORIENTED_EDGE('',*,*,#4340,.T.);
#5538=ORIENTED_EDGE('',*,*,#4341,.F.);
#5539=ORIENTED_EDGE('',*,*,#4342,.F.);
#5540=ORIENTED_EDGE('',*,*,#4343,.F.);
#5541=ORIENTED_EDGE('',*,*,#4344,.T.);
#5542=ORIENTED_EDGE('',*,*,#4345,.F.);
#5543=ORIENTED_EDGE('',*,*,#4346,.F.);
#5544=ORIENTED_EDGE('',*,*,#4347,.F.);
#5545=ORIENTED_EDGE('',*,*,#4348,.T.);
#5546=ORIENTED_EDGE('',*,*,#4349,.F.);
#5547=ORIENTED_EDGE('',*,*,#4350,.F.);
#5548=ORIENTED_EDGE('',*,*,#4351,.F.);
#5549=ORIENTED_EDGE('',*,*,#4352,.T.);
#5550=ORIENTED_EDGE('',*,*,#4353,.F.);
#5551=ORIENTED_EDGE('',*,*,#4354,.F.);
#5552=ORIENTED_EDGE('',*,*,#4355,.F.);
#5553=ORIENTED_EDGE('',*,*,#4356,.T.);
#5554=ORIENTED_EDGE('',*,*,#4357,.F.);
#5555=ORIENTED_EDGE('',*,*,#4358,.F.);
#5556=ORIENTED_EDGE('',*,*,#4359,.F.);
#5557=ORIENTED_EDGE('',*,*,#4360,.T.);
#5558=ORIENTED_EDGE('',*,*,#4361,.F.);
#5559=ORIENTED_EDGE('',*,*,#4362,.F.);
#5560=ORIENTED_EDGE('',*,*,#4363,.F.);
#5561=ORIENTED_EDGE('',*,*,#4364,.T.);
#5562=ORIENTED_EDGE('',*,*,#4365,.F.);
#5563=ORIENTED_EDGE('',*,*,#4366,.F.);
#5564=ORIENTED_EDGE('',*,*,#4367,.F.);
#5565=ORIENTED_EDGE('',*,*,#4368,.T.);
#5566=ORIENTED_EDGE('',*,*,#4369,.F.);
#5567=ORIENTED_EDGE('',*,*,#4370,.F.);
#5568=ORIENTED_EDGE('',*,*,#4371,.F.);
#5569=ORIENTED_EDGE('',*,*,#4372,.F.);
#5570=ORIENTED_EDGE('',*,*,#4373,.T.);
#5571=ORIENTED_EDGE('',*,*,#4374,.T.);
#5572=ORIENTED_EDGE('',*,*,#4375,.F.);
#5573=ORIENTED_EDGE('',*,*,#4376,.F.);
#5574=ORIENTED_EDGE('',*,*,#4377,.T.);
#5575=ORIENTED_EDGE('',*,*,#4378,.T.);
#5576=ORIENTED_EDGE('',*,*,#4379,.F.);
#5577=ORIENTED_EDGE('',*,*,#4380,.F.);
#5578=ORIENTED_EDGE('',*,*,#4381,.T.);
#5579=ORIENTED_EDGE('',*,*,#4382,.T.);
#5580=ORIENTED_EDGE('',*,*,#4383,.F.);
#5581=ORIENTED_EDGE('',*,*,#4384,.F.);
#5582=ORIENTED_EDGE('',*,*,#4385,.T.);
#5583=ORIENTED_EDGE('',*,*,#4386,.T.);
#5584=ORIENTED_EDGE('',*,*,#4387,.F.);
#5585=ORIENTED_EDGE('',*,*,#4388,.F.);
#5586=ORIENTED_EDGE('',*,*,#4389,.T.);
#5587=ORIENTED_EDGE('',*,*,#4390,.T.);
#5588=ORIENTED_EDGE('',*,*,#4391,.F.);
#5589=ORIENTED_EDGE('',*,*,#4392,.F.);
#5590=ORIENTED_EDGE('',*,*,#4393,.T.);
#5591=ORIENTED_EDGE('',*,*,#4394,.T.);
#5592=ORIENTED_EDGE('',*,*,#4395,.F.);
#5593=ORIENTED_EDGE('',*,*,#4396,.F.);
#5594=ORIENTED_EDGE('',*,*,#4397,.F.);
#5595=ORIENTED_EDGE('',*,*,#4398,.F.);
#5596=ORIENTED_EDGE('',*,*,#4399,.T.);
#5597=ORIENTED_EDGE('',*,*,#4400,.F.);
#5598=ORIENTED_EDGE('',*,*,#4401,.F.);
#5599=ORIENTED_EDGE('',*,*,#4402,.F.);
#5600=ORIENTED_EDGE('',*,*,#4403,.F.);
#5601=ORIENTED_EDGE('',*,*,#4404,.F.);
#5602=ORIENTED_EDGE('',*,*,#4405,.F.);
#5603=ORIENTED_EDGE('',*,*,#4406,.F.);
#5604=ORIENTED_EDGE('',*,*,#4407,.F.);
#5605=ORIENTED_EDGE('',*,*,#4408,.F.);
#5606=ORIENTED_EDGE('',*,*,#4409,.T.);
#5607=ORIENTED_EDGE('',*,*,#4410,.F.);
#5608=ORIENTED_EDGE('',*,*,#4411,.F.);
#5609=ORIENTED_EDGE('',*,*,#4412,.F.);
#5610=ORIENTED_EDGE('',*,*,#4413,.T.);
#5611=ORIENTED_EDGE('',*,*,#4414,.F.);
#5612=ORIENTED_EDGE('',*,*,#4415,.T.);
#5613=ORIENTED_EDGE('',*,*,#4416,.F.);
#5614=ORIENTED_EDGE('',*,*,#4417,.F.);
#5615=ORIENTED_EDGE('',*,*,#4418,.F.);
#5616=ORIENTED_EDGE('',*,*,#4419,.F.);
#5617=ORIENTED_EDGE('',*,*,#4420,.T.);
#5618=ORIENTED_EDGE('',*,*,#4421,.F.);
#5619=ORIENTED_EDGE('',*,*,#4422,.F.);
#5620=ORIENTED_EDGE('',*,*,#4423,.F.);
#5621=ORIENTED_EDGE('',*,*,#4424,.T.);
#5622=ORIENTED_EDGE('',*,*,#4425,.T.);
#5623=ORIENTED_EDGE('',*,*,#4426,.F.);
#5624=ORIENTED_EDGE('',*,*,#4427,.F.);
#5625=ORIENTED_EDGE('',*,*,#4428,.T.);
#5626=ORIENTED_EDGE('',*,*,#4429,.T.);
#5627=ORIENTED_EDGE('',*,*,#4430,.F.);
#5628=ORIENTED_EDGE('',*,*,#4398,.T.);
#5629=ORIENTED_EDGE('',*,*,#4431,.F.);
#5630=ORIENTED_EDGE('',*,*,#4432,.F.);
#5631=ORIENTED_EDGE('',*,*,#4433,.F.);
#5632=ORIENTED_EDGE('',*,*,#4399,.F.);
#5633=ORIENTED_EDGE('',*,*,#4433,.T.);
#5634=ORIENTED_EDGE('',*,*,#4434,.T.);
#5635=ORIENTED_EDGE('',*,*,#4435,.F.);
#5636=ORIENTED_EDGE('',*,*,#4400,.T.);
#5637=ORIENTED_EDGE('',*,*,#4435,.T.);
#5638=ORIENTED_EDGE('',*,*,#4436,.F.);
#5639=ORIENTED_EDGE('',*,*,#4437,.T.);
#5640=ORIENTED_EDGE('',*,*,#4401,.T.);
#5641=ORIENTED_EDGE('',*,*,#4437,.F.);
#5642=ORIENTED_EDGE('',*,*,#4438,.F.);
#5643=ORIENTED_EDGE('',*,*,#4439,.T.);
#5644=ORIENTED_EDGE('',*,*,#4402,.T.);
#5645=ORIENTED_EDGE('',*,*,#4439,.F.);
#5646=ORIENTED_EDGE('',*,*,#4440,.F.);
#5647=ORIENTED_EDGE('',*,*,#4431,.T.);
#5648=ORIENTED_EDGE('',*,*,#4441,.T.);
#5649=ORIENTED_EDGE('',*,*,#4442,.T.);
#5650=ORIENTED_EDGE('',*,*,#4443,.T.);
#5651=ORIENTED_EDGE('',*,*,#4444,.T.);
#5652=ORIENTED_EDGE('',*,*,#4445,.T.);
#5653=ORIENTED_EDGE('',*,*,#4446,.T.);
#5654=ORIENTED_EDGE('',*,*,#4447,.T.);
#5655=ORIENTED_EDGE('',*,*,#4448,.T.);
#5656=ORIENTED_EDGE('',*,*,#4436,.T.);
#5657=ORIENTED_EDGE('',*,*,#4434,.F.);
#5658=ORIENTED_EDGE('',*,*,#4432,.T.);
#5659=ORIENTED_EDGE('',*,*,#4440,.T.);
#5660=ORIENTED_EDGE('',*,*,#4438,.T.);
#5661=ORIENTED_EDGE('',*,*,#4441,.F.);
#5662=ORIENTED_EDGE('',*,*,#4449,.T.);
#5663=ORIENTED_EDGE('',*,*,#4450,.T.);
#5664=ORIENTED_EDGE('',*,*,#4451,.F.);
#5665=ORIENTED_EDGE('',*,*,#4442,.F.);
#5666=ORIENTED_EDGE('',*,*,#4451,.T.);
#5667=ORIENTED_EDGE('',*,*,#4452,.T.);
#5668=ORIENTED_EDGE('',*,*,#4453,.F.);
#5669=ORIENTED_EDGE('',*,*,#4443,.F.);
#5670=ORIENTED_EDGE('',*,*,#4453,.T.);
#5671=ORIENTED_EDGE('',*,*,#4454,.T.);
#5672=ORIENTED_EDGE('',*,*,#4455,.F.);
#5673=ORIENTED_EDGE('',*,*,#4444,.F.);
#5674=ORIENTED_EDGE('',*,*,#4455,.T.);
#5675=ORIENTED_EDGE('',*,*,#4456,.T.);
#5676=ORIENTED_EDGE('',*,*,#4449,.F.);
#5677=ORIENTED_EDGE('',*,*,#4450,.F.);
#5678=ORIENTED_EDGE('',*,*,#4456,.F.);
#5679=ORIENTED_EDGE('',*,*,#4454,.F.);
#5680=ORIENTED_EDGE('',*,*,#4452,.F.);
#5681=ORIENTED_EDGE('',*,*,#4403,.T.);
#5682=ORIENTED_EDGE('',*,*,#4457,.F.);
#5683=ORIENTED_EDGE('',*,*,#4445,.F.);
#5684=ORIENTED_EDGE('',*,*,#4458,.T.);
#5685=ORIENTED_EDGE('',*,*,#4404,.T.);
#5686=ORIENTED_EDGE('',*,*,#4458,.F.);
#5687=ORIENTED_EDGE('',*,*,#4448,.F.);
#5688=ORIENTED_EDGE('',*,*,#4459,.T.);
#5689=ORIENTED_EDGE('',*,*,#4405,.T.);
#5690=ORIENTED_EDGE('',*,*,#4459,.F.);
#5691=ORIENTED_EDGE('',*,*,#4447,.F.);
#5692=ORIENTED_EDGE('',*,*,#4460,.T.);
#5693=ORIENTED_EDGE('',*,*,#4406,.T.);
#5694=ORIENTED_EDGE('',*,*,#4460,.F.);
#5695=ORIENTED_EDGE('',*,*,#4446,.F.);
#5696=ORIENTED_EDGE('',*,*,#4457,.T.);
#5697=ORIENTED_EDGE('',*,*,#4461,.T.);
#5698=ORIENTED_EDGE('',*,*,#4462,.T.);
#5699=ORIENTED_EDGE('',*,*,#4463,.F.);
#5700=ORIENTED_EDGE('',*,*,#4258,.F.);
#5701=ORIENTED_EDGE('',*,*,#4464,.F.);
#5702=ORIENTED_EDGE('',*,*,#4461,.F.);
#5703=ORIENTED_EDGE('',*,*,#4397,.T.);
#5704=ORIENTED_EDGE('',*,*,#4465,.T.);
#5705=ORIENTED_EDGE('',*,*,#4466,.F.);
#5706=ORIENTED_EDGE('',*,*,#4467,.F.);
#5707=ORIENTED_EDGE('',*,*,#4305,.T.);
#5708=ORIENTED_EDGE('',*,*,#4468,.T.);
#5709=ORIENTED_EDGE('',*,*,#4469,.F.);
#5710=ORIENTED_EDGE('',*,*,#4470,.F.);
#5711=ORIENTED_EDGE('',*,*,#4301,.T.);
#5712=ORIENTED_EDGE('',*,*,#4471,.T.);
#5713=ORIENTED_EDGE('',*,*,#4472,.F.);
#5714=ORIENTED_EDGE('',*,*,#4473,.F.);
#5715=ORIENTED_EDGE('',*,*,#4297,.T.);
#5716=ORIENTED_EDGE('',*,*,#4474,.T.);
#5717=ORIENTED_EDGE('',*,*,#4475,.F.);
#5718=ORIENTED_EDGE('',*,*,#4476,.F.);
#5719=ORIENTED_EDGE('',*,*,#4293,.T.);
#5720=ORIENTED_EDGE('',*,*,#4477,.T.);
#5721=ORIENTED_EDGE('',*,*,#4478,.F.);
#5722=ORIENTED_EDGE('',*,*,#4479,.F.);
#5723=ORIENTED_EDGE('',*,*,#4289,.T.);
#5724=ORIENTED_EDGE('',*,*,#4480,.T.);
#5725=ORIENTED_EDGE('',*,*,#4481,.F.);
#5726=ORIENTED_EDGE('',*,*,#4482,.F.);
#5727=ORIENTED_EDGE('',*,*,#4285,.T.);
#5728=ORIENTED_EDGE('',*,*,#4483,.T.);
#5729=ORIENTED_EDGE('',*,*,#4484,.F.);
#5730=ORIENTED_EDGE('',*,*,#4485,.F.);
#5731=ORIENTED_EDGE('',*,*,#4281,.T.);
#5732=ORIENTED_EDGE('',*,*,#4486,.T.);
#5733=ORIENTED_EDGE('',*,*,#4487,.F.);
#5734=ORIENTED_EDGE('',*,*,#4488,.F.);
#5735=ORIENTED_EDGE('',*,*,#4412,.T.);
#5736=ORIENTED_EDGE('',*,*,#4489,.T.);
#5737=ORIENTED_EDGE('',*,*,#4490,.F.);
#5738=ORIENTED_EDGE('',*,*,#4491,.F.);
#5739=ORIENTED_EDGE('',*,*,#4275,.T.);
#5740=ORIENTED_EDGE('',*,*,#4492,.T.);
#5741=ORIENTED_EDGE('',*,*,#4493,.F.);
#5742=ORIENTED_EDGE('',*,*,#4494,.F.);
#5743=ORIENTED_EDGE('',*,*,#4408,.T.);
#5744=ORIENTED_EDGE('',*,*,#4495,.T.);
#5745=ORIENTED_EDGE('',*,*,#4496,.F.);
#5746=ORIENTED_EDGE('',*,*,#4497,.F.);
#5747=ORIENTED_EDGE('',*,*,#4269,.T.);
#5748=ORIENTED_EDGE('',*,*,#4498,.T.);
#5749=ORIENTED_EDGE('',*,*,#4499,.F.);
#5750=ORIENTED_EDGE('',*,*,#4500,.F.);
#5751=ORIENTED_EDGE('',*,*,#4265,.T.);
#5752=ORIENTED_EDGE('',*,*,#4501,.T.);
#5753=ORIENTED_EDGE('',*,*,#4502,.F.);
#5754=ORIENTED_EDGE('',*,*,#4503,.F.);
#5755=ORIENTED_EDGE('',*,*,#4261,.T.);
#5756=ORIENTED_EDGE('',*,*,#4504,.T.);
#5757=ORIENTED_EDGE('',*,*,#4505,.F.);
#5758=ORIENTED_EDGE('',*,*,#4506,.F.);
#5759=ORIENTED_EDGE('',*,*,#4507,.T.);
#5760=ORIENTED_EDGE('',*,*,#4508,.T.);
#5761=ORIENTED_EDGE('',*,*,#4509,.T.);
#5762=ORIENTED_EDGE('',*,*,#4510,.F.);
#5763=ORIENTED_EDGE('',*,*,#4511,.F.);
#5764=ORIENTED_EDGE('',*,*,#4512,.T.);
#5765=ORIENTED_EDGE('',*,*,#4464,.T.);
#5766=ORIENTED_EDGE('',*,*,#4513,.F.);
#5767=ORIENTED_EDGE('',*,*,#4514,.F.);
#5768=ORIENTED_EDGE('',*,*,#4462,.F.);
#5769=ORIENTED_EDGE('',*,*,#4463,.T.);
#5770=ORIENTED_EDGE('',*,*,#4514,.T.);
#5771=ORIENTED_EDGE('',*,*,#4515,.F.);
#5772=ORIENTED_EDGE('',*,*,#4259,.F.);
#5773=ORIENTED_EDGE('',*,*,#4504,.F.);
#5774=ORIENTED_EDGE('',*,*,#4260,.T.);
#5775=ORIENTED_EDGE('',*,*,#4515,.T.);
#5776=ORIENTED_EDGE('',*,*,#4513,.T.);
#5777=ORIENTED_EDGE('',*,*,#4503,.T.);
#5778=ORIENTED_EDGE('',*,*,#4516,.T.);
#5779=ORIENTED_EDGE('',*,*,#4517,.F.);
#5780=ORIENTED_EDGE('',*,*,#4262,.F.);
#5781=ORIENTED_EDGE('',*,*,#4517,.T.);
#5782=ORIENTED_EDGE('',*,*,#4518,.T.);
#5783=ORIENTED_EDGE('',*,*,#4519,.F.);
#5784=ORIENTED_EDGE('',*,*,#4263,.F.);
#5785=ORIENTED_EDGE('',*,*,#4501,.F.);
#5786=ORIENTED_EDGE('',*,*,#4264,.T.);
#5787=ORIENTED_EDGE('',*,*,#4519,.T.);
#5788=ORIENTED_EDGE('',*,*,#4520,.T.);
#5789=ORIENTED_EDGE('',*,*,#4502,.T.);
#5790=ORIENTED_EDGE('',*,*,#4520,.F.);
#5791=ORIENTED_EDGE('',*,*,#4518,.F.);
#5792=ORIENTED_EDGE('',*,*,#4516,.F.);
#5793=ORIENTED_EDGE('',*,*,#4500,.T.);
#5794=ORIENTED_EDGE('',*,*,#4521,.T.);
#5795=ORIENTED_EDGE('',*,*,#4522,.F.);
#5796=ORIENTED_EDGE('',*,*,#4266,.F.);
#5797=ORIENTED_EDGE('',*,*,#4522,.T.);
#5798=ORIENTED_EDGE('',*,*,#4523,.T.);
#5799=ORIENTED_EDGE('',*,*,#4524,.F.);
#5800=ORIENTED_EDGE('',*,*,#4267,.F.);
#5801=ORIENTED_EDGE('',*,*,#4498,.F.);
#5802=ORIENTED_EDGE('',*,*,#4268,.T.);
#5803=ORIENTED_EDGE('',*,*,#4524,.T.);
#5804=ORIENTED_EDGE('',*,*,#4525,.T.);
#5805=ORIENTED_EDGE('',*,*,#4499,.T.);
#5806=ORIENTED_EDGE('',*,*,#4525,.F.);
#5807=ORIENTED_EDGE('',*,*,#4523,.F.);
#5808=ORIENTED_EDGE('',*,*,#4521,.F.);
#5809=ORIENTED_EDGE('',*,*,#4497,.T.);
#5810=ORIENTED_EDGE('',*,*,#4526,.T.);
#5811=ORIENTED_EDGE('',*,*,#4527,.F.);
#5812=ORIENTED_EDGE('',*,*,#4270,.F.);
#5813=ORIENTED_EDGE('',*,*,#4527,.T.);
#5814=ORIENTED_EDGE('',*,*,#4528,.T.);
#5815=ORIENTED_EDGE('',*,*,#4529,.F.);
#5816=ORIENTED_EDGE('',*,*,#4271,.F.);
#5817=ORIENTED_EDGE('',*,*,#4272,.T.);
#5818=ORIENTED_EDGE('',*,*,#4529,.T.);
#5819=ORIENTED_EDGE('',*,*,#4530,.F.);
#5820=ORIENTED_EDGE('',*,*,#4531,.F.);
#5821=ORIENTED_EDGE('',*,*,#4532,.F.);
#5822=ORIENTED_EDGE('',*,*,#4273,.F.);
#5823=ORIENTED_EDGE('',*,*,#4531,.T.);
#5824=ORIENTED_EDGE('',*,*,#4533,.T.);
#5825=ORIENTED_EDGE('',*,*,#4492,.F.);
#5826=ORIENTED_EDGE('',*,*,#4274,.T.);
#5827=ORIENTED_EDGE('',*,*,#4532,.T.);
#5828=ORIENTED_EDGE('',*,*,#4534,.T.);
#5829=ORIENTED_EDGE('',*,*,#4493,.T.);
#5830=ORIENTED_EDGE('',*,*,#4534,.F.);
#5831=ORIENTED_EDGE('',*,*,#4533,.F.);
#5832=ORIENTED_EDGE('',*,*,#4530,.T.);
#5833=ORIENTED_EDGE('',*,*,#4528,.F.);
#5834=ORIENTED_EDGE('',*,*,#4526,.F.);
#5835=ORIENTED_EDGE('',*,*,#4496,.T.);
#5836=ORIENTED_EDGE('',*,*,#4535,.F.);
#5837=ORIENTED_EDGE('',*,*,#4536,.T.);
#5838=ORIENTED_EDGE('',*,*,#4537,.F.);
#5839=ORIENTED_EDGE('',*,*,#4494,.T.);
#5840=ORIENTED_EDGE('',*,*,#4537,.T.);
#5841=ORIENTED_EDGE('',*,*,#4538,.F.);
#5842=ORIENTED_EDGE('',*,*,#4409,.F.);
#5843=ORIENTED_EDGE('',*,*,#4410,.T.);
#5844=ORIENTED_EDGE('',*,*,#4538,.T.);
#5845=ORIENTED_EDGE('',*,*,#4536,.F.);
#5846=ORIENTED_EDGE('',*,*,#4539,.F.);
#5847=ORIENTED_EDGE('',*,*,#4495,.F.);
#5848=ORIENTED_EDGE('',*,*,#4407,.T.);
#5849=ORIENTED_EDGE('',*,*,#4539,.T.);
#5850=ORIENTED_EDGE('',*,*,#4535,.T.);
#5851=ORIENTED_EDGE('',*,*,#4491,.T.);
#5852=ORIENTED_EDGE('',*,*,#4540,.T.);
#5853=ORIENTED_EDGE('',*,*,#4541,.F.);
#5854=ORIENTED_EDGE('',*,*,#4276,.F.);
#5855=ORIENTED_EDGE('',*,*,#4541,.T.);
#5856=ORIENTED_EDGE('',*,*,#4542,.T.);
#5857=ORIENTED_EDGE('',*,*,#4543,.F.);
#5858=ORIENTED_EDGE('',*,*,#4277,.F.);
#5859=ORIENTED_EDGE('',*,*,#4278,.T.);
#5860=ORIENTED_EDGE('',*,*,#4543,.T.);
#5861=ORIENTED_EDGE('',*,*,#4544,.F.);
#5862=ORIENTED_EDGE('',*,*,#4545,.F.);
#5863=ORIENTED_EDGE('',*,*,#4546,.F.);
#5864=ORIENTED_EDGE('',*,*,#4279,.F.);
#5865=ORIENTED_EDGE('',*,*,#4545,.T.);
#5866=ORIENTED_EDGE('',*,*,#4547,.T.);
#5867=ORIENTED_EDGE('',*,*,#4486,.F.);
#5868=ORIENTED_EDGE('',*,*,#4280,.T.);
#5869=ORIENTED_EDGE('',*,*,#4546,.T.);
#5870=ORIENTED_EDGE('',*,*,#4548,.T.);
#5871=ORIENTED_EDGE('',*,*,#4490,.T.);
#5872=ORIENTED_EDGE('',*,*,#4549,.F.);
#5873=ORIENTED_EDGE('',*,*,#4550,.T.);
#5874=ORIENTED_EDGE('',*,*,#4551,.F.);
#5875=ORIENTED_EDGE('',*,*,#4487,.T.);
#5876=ORIENTED_EDGE('',*,*,#4548,.F.);
#5877=ORIENTED_EDGE('',*,*,#4547,.F.);
#5878=ORIENTED_EDGE('',*,*,#4544,.T.);
#5879=ORIENTED_EDGE('',*,*,#4542,.F.);
#5880=ORIENTED_EDGE('',*,*,#4540,.F.);
#5881=ORIENTED_EDGE('',*,*,#4488,.T.);
#5882=ORIENTED_EDGE('',*,*,#4551,.T.);
#5883=ORIENTED_EDGE('',*,*,#4552,.F.);
#5884=ORIENTED_EDGE('',*,*,#4413,.F.);
#5885=ORIENTED_EDGE('',*,*,#4414,.T.);
#5886=ORIENTED_EDGE('',*,*,#4552,.T.);
#5887=ORIENTED_EDGE('',*,*,#4550,.F.);
#5888=ORIENTED_EDGE('',*,*,#4553,.F.);
#5889=ORIENTED_EDGE('',*,*,#4489,.F.);
#5890=ORIENTED_EDGE('',*,*,#4411,.T.);
#5891=ORIENTED_EDGE('',*,*,#4553,.T.);
#5892=ORIENTED_EDGE('',*,*,#4549,.T.);
#5893=ORIENTED_EDGE('',*,*,#4485,.T.);
#5894=ORIENTED_EDGE('',*,*,#4554,.T.);
#5895=ORIENTED_EDGE('',*,*,#4555,.F.);
#5896=ORIENTED_EDGE('',*,*,#4282,.F.);
#5897=ORIENTED_EDGE('',*,*,#4555,.T.);
#5898=ORIENTED_EDGE('',*,*,#4556,.T.);
#5899=ORIENTED_EDGE('',*,*,#4557,.F.);
#5900=ORIENTED_EDGE('',*,*,#4283,.F.);
#5901=ORIENTED_EDGE('',*,*,#4483,.F.);
#5902=ORIENTED_EDGE('',*,*,#4284,.T.);
#5903=ORIENTED_EDGE('',*,*,#4557,.T.);
#5904=ORIENTED_EDGE('',*,*,#4558,.T.);
#5905=ORIENTED_EDGE('',*,*,#4484,.T.);
#5906=ORIENTED_EDGE('',*,*,#4558,.F.);
#5907=ORIENTED_EDGE('',*,*,#4556,.F.);
#5908=ORIENTED_EDGE('',*,*,#4554,.F.);
#5909=ORIENTED_EDGE('',*,*,#4482,.T.);
#5910=ORIENTED_EDGE('',*,*,#4559,.T.);
#5911=ORIENTED_EDGE('',*,*,#4560,.F.);
#5912=ORIENTED_EDGE('',*,*,#4286,.F.);
#5913=ORIENTED_EDGE('',*,*,#4560,.T.);
#5914=ORIENTED_EDGE('',*,*,#4561,.T.);
#5915=ORIENTED_EDGE('',*,*,#4562,.F.);
#5916=ORIENTED_EDGE('',*,*,#4287,.F.);
#5917=ORIENTED_EDGE('',*,*,#4480,.F.);
#5918=ORIENTED_EDGE('',*,*,#4288,.T.);
#5919=ORIENTED_EDGE('',*,*,#4562,.T.);
#5920=ORIENTED_EDGE('',*,*,#4563,.T.);
#5921=ORIENTED_EDGE('',*,*,#4481,.T.);
#5922=ORIENTED_EDGE('',*,*,#4563,.F.);
#5923=ORIENTED_EDGE('',*,*,#4561,.F.);
#5924=ORIENTED_EDGE('',*,*,#4559,.F.);
#5925=ORIENTED_EDGE('',*,*,#4479,.T.);
#5926=ORIENTED_EDGE('',*,*,#4564,.T.);
#5927=ORIENTED_EDGE('',*,*,#4565,.F.);
#5928=ORIENTED_EDGE('',*,*,#4290,.F.);
#5929=ORIENTED_EDGE('',*,*,#4565,.T.);
#5930=ORIENTED_EDGE('',*,*,#4566,.T.);
#5931=ORIENTED_EDGE('',*,*,#4567,.F.);
#5932=ORIENTED_EDGE('',*,*,#4291,.F.);
#5933=ORIENTED_EDGE('',*,*,#4477,.F.);
#5934=ORIENTED_EDGE('',*,*,#4292,.T.);
#5935=ORIENTED_EDGE('',*,*,#4567,.T.);
#5936=ORIENTED_EDGE('',*,*,#4568,.T.);
#5937=ORIENTED_EDGE('',*,*,#4478,.T.);
#5938=ORIENTED_EDGE('',*,*,#4568,.F.);
#5939=ORIENTED_EDGE('',*,*,#4566,.F.);
#5940=ORIENTED_EDGE('',*,*,#4564,.F.);
#5941=ORIENTED_EDGE('',*,*,#4476,.T.);
#5942=ORIENTED_EDGE('',*,*,#4569,.T.);
#5943=ORIENTED_EDGE('',*,*,#4570,.F.);
#5944=ORIENTED_EDGE('',*,*,#4294,.F.);
#5945=ORIENTED_EDGE('',*,*,#4570,.T.);
#5946=ORIENTED_EDGE('',*,*,#4571,.T.);
#5947=ORIENTED_EDGE('',*,*,#4572,.F.);
#5948=ORIENTED_EDGE('',*,*,#4295,.F.);
#5949=ORIENTED_EDGE('',*,*,#4474,.F.);
#5950=ORIENTED_EDGE('',*,*,#4296,.T.);
#5951=ORIENTED_EDGE('',*,*,#4572,.T.);
#5952=ORIENTED_EDGE('',*,*,#4573,.T.);
#5953=ORIENTED_EDGE('',*,*,#4475,.T.);
#5954=ORIENTED_EDGE('',*,*,#4573,.F.);
#5955=ORIENTED_EDGE('',*,*,#4571,.F.);
#5956=ORIENTED_EDGE('',*,*,#4569,.F.);
#5957=ORIENTED_EDGE('',*,*,#4473,.T.);
#5958=ORIENTED_EDGE('',*,*,#4574,.T.);
#5959=ORIENTED_EDGE('',*,*,#4575,.F.);
#5960=ORIENTED_EDGE('',*,*,#4298,.F.);
#5961=ORIENTED_EDGE('',*,*,#4575,.T.);
#5962=ORIENTED_EDGE('',*,*,#4576,.T.);
#5963=ORIENTED_EDGE('',*,*,#4577,.F.);
#5964=ORIENTED_EDGE('',*,*,#4299,.F.);
#5965=ORIENTED_EDGE('',*,*,#4471,.F.);
#5966=ORIENTED_EDGE('',*,*,#4300,.T.);
#5967=ORIENTED_EDGE('',*,*,#4577,.T.);
#5968=ORIENTED_EDGE('',*,*,#4578,.T.);
#5969=ORIENTED_EDGE('',*,*,#4472,.T.);
#5970=ORIENTED_EDGE('',*,*,#4578,.F.);
#5971=ORIENTED_EDGE('',*,*,#4576,.F.);
#5972=ORIENTED_EDGE('',*,*,#4574,.F.);
#5973=ORIENTED_EDGE('',*,*,#4470,.T.);
#5974=ORIENTED_EDGE('',*,*,#4579,.T.);
#5975=ORIENTED_EDGE('',*,*,#4580,.F.);
#5976=ORIENTED_EDGE('',*,*,#4302,.F.);
#5977=ORIENTED_EDGE('',*,*,#4580,.T.);
#5978=ORIENTED_EDGE('',*,*,#4581,.T.);
#5979=ORIENTED_EDGE('',*,*,#4582,.F.);
#5980=ORIENTED_EDGE('',*,*,#4303,.F.);
#5981=ORIENTED_EDGE('',*,*,#4468,.F.);
#5982=ORIENTED_EDGE('',*,*,#4304,.T.);
#5983=ORIENTED_EDGE('',*,*,#4582,.T.);
#5984=ORIENTED_EDGE('',*,*,#4583,.T.);
#5985=ORIENTED_EDGE('',*,*,#4579,.F.);
#5986=ORIENTED_EDGE('',*,*,#4469,.T.);
#5987=ORIENTED_EDGE('',*,*,#4583,.F.);
#5988=ORIENTED_EDGE('',*,*,#4581,.F.);
#5989=ORIENTED_EDGE('',*,*,#4584,.F.);
#5990=ORIENTED_EDGE('',*,*,#4418,.T.);
#5991=ORIENTED_EDGE('',*,*,#4585,.T.);
#5992=ORIENTED_EDGE('',*,*,#4586,.T.);
#5993=ORIENTED_EDGE('',*,*,#4587,.F.);
#5994=ORIENTED_EDGE('',*,*,#4419,.T.);
#5995=ORIENTED_EDGE('',*,*,#4588,.T.);
#5996=ORIENTED_EDGE('',*,*,#4589,.T.);
#5997=ORIENTED_EDGE('',*,*,#4590,.F.);
#5998=ORIENTED_EDGE('',*,*,#4312,.T.);
#5999=ORIENTED_EDGE('',*,*,#4591,.T.);
#6000=ORIENTED_EDGE('',*,*,#4592,.F.);
#6001=ORIENTED_EDGE('',*,*,#4593,.F.);
#6002=ORIENTED_EDGE('',*,*,#4423,.T.);
#6003=ORIENTED_EDGE('',*,*,#4594,.T.);
#6004=ORIENTED_EDGE('',*,*,#4595,.F.);
#6005=ORIENTED_EDGE('',*,*,#4596,.F.);
#6006=ORIENTED_EDGE('',*,*,#4427,.T.);
#6007=ORIENTED_EDGE('',*,*,#4597,.T.);
#6008=ORIENTED_EDGE('',*,*,#4598,.F.);
#6009=ORIENTED_EDGE('',*,*,#4599,.F.);
#6010=ORIENTED_EDGE('',*,*,#4306,.T.);
#6011=ORIENTED_EDGE('',*,*,#4467,.T.);
#6012=ORIENTED_EDGE('',*,*,#4600,.F.);
#6013=ORIENTED_EDGE('',*,*,#4601,.F.);
#6014=ORIENTED_EDGE('',*,*,#4318,.T.);
#6015=ORIENTED_EDGE('',*,*,#4602,.T.);
#6016=ORIENTED_EDGE('',*,*,#4603,.T.);
#6017=ORIENTED_EDGE('',*,*,#4604,.F.);
#6018=ORIENTED_EDGE('',*,*,#4605,.F.);
#6019=ORIENTED_EDGE('',*,*,#4606,.T.);
#6020=ORIENTED_EDGE('',*,*,#4607,.T.);
#6021=ORIENTED_EDGE('',*,*,#4608,.T.);
#6022=ORIENTED_EDGE('',*,*,#4609,.F.);
#6023=ORIENTED_EDGE('',*,*,#4610,.F.);
#6024=ORIENTED_EDGE('',*,*,#4611,.T.);
#6025=ORIENTED_EDGE('',*,*,#4584,.T.);
#6026=ORIENTED_EDGE('',*,*,#4612,.T.);
#6027=ORIENTED_EDGE('',*,*,#4613,.F.);
#6028=ORIENTED_EDGE('',*,*,#4415,.F.);
#6029=ORIENTED_EDGE('',*,*,#4416,.T.);
#6030=ORIENTED_EDGE('',*,*,#4613,.T.);
#6031=ORIENTED_EDGE('',*,*,#4614,.F.);
#6032=ORIENTED_EDGE('',*,*,#4615,.F.);
#6033=ORIENTED_EDGE('',*,*,#4417,.T.);
#6034=ORIENTED_EDGE('',*,*,#4615,.T.);
#6035=ORIENTED_EDGE('',*,*,#4616,.F.);
#6036=ORIENTED_EDGE('',*,*,#4585,.F.);
#6037=ORIENTED_EDGE('',*,*,#4603,.F.);
#6038=ORIENTED_EDGE('',*,*,#4617,.F.);
#6039=ORIENTED_EDGE('',*,*,#4618,.F.);
#6040=ORIENTED_EDGE('',*,*,#4619,.T.);
#6041=ORIENTED_EDGE('',*,*,#4620,.T.);
#6042=ORIENTED_EDGE('',*,*,#4621,.T.);
#6043=ORIENTED_EDGE('',*,*,#4589,.F.);
#6044=ORIENTED_EDGE('',*,*,#4622,.T.);
#6045=ORIENTED_EDGE('',*,*,#4623,.T.);
#6046=ORIENTED_EDGE('',*,*,#4624,.T.);
#6047=ORIENTED_EDGE('',*,*,#4586,.F.);
#6048=ORIENTED_EDGE('',*,*,#4616,.T.);
#6049=ORIENTED_EDGE('',*,*,#4614,.T.);
#6050=ORIENTED_EDGE('',*,*,#4612,.F.);
#6051=ORIENTED_EDGE('',*,*,#4420,.F.);
#6052=ORIENTED_EDGE('',*,*,#4587,.T.);
#6053=ORIENTED_EDGE('',*,*,#4624,.F.);
#6054=ORIENTED_EDGE('',*,*,#4625,.F.);
#6055=ORIENTED_EDGE('',*,*,#4421,.T.);
#6056=ORIENTED_EDGE('',*,*,#4625,.T.);
#6057=ORIENTED_EDGE('',*,*,#4623,.F.);
#6058=ORIENTED_EDGE('',*,*,#4626,.F.);
#6059=ORIENTED_EDGE('',*,*,#4422,.T.);
#6060=ORIENTED_EDGE('',*,*,#4626,.T.);
#6061=ORIENTED_EDGE('',*,*,#4622,.F.);
#6062=ORIENTED_EDGE('',*,*,#4588,.F.);
#6063=ORIENTED_EDGE('',*,*,#4313,.F.);
#6064=ORIENTED_EDGE('',*,*,#4590,.T.);
#6065=ORIENTED_EDGE('',*,*,#4621,.F.);
#6066=ORIENTED_EDGE('',*,*,#4627,.F.);
#6067=ORIENTED_EDGE('',*,*,#4314,.T.);
#6068=ORIENTED_EDGE('',*,*,#4627,.T.);
#6069=ORIENTED_EDGE('',*,*,#4620,.F.);
#6070=ORIENTED_EDGE('',*,*,#4628,.F.);
#6071=ORIENTED_EDGE('',*,*,#4315,.T.);
#6072=ORIENTED_EDGE('',*,*,#4628,.T.);
#6073=ORIENTED_EDGE('',*,*,#4619,.F.);
#6074=ORIENTED_EDGE('',*,*,#4629,.F.);
#6075=ORIENTED_EDGE('',*,*,#4316,.F.);
#6076=ORIENTED_EDGE('',*,*,#4629,.T.);
#6077=ORIENTED_EDGE('',*,*,#4618,.T.);
#6078=ORIENTED_EDGE('',*,*,#4630,.T.);
#6079=ORIENTED_EDGE('',*,*,#4602,.F.);
#6080=ORIENTED_EDGE('',*,*,#4317,.T.);
#6081=ORIENTED_EDGE('',*,*,#4630,.F.);
#6082=ORIENTED_EDGE('',*,*,#4617,.T.);
#6083=ORIENTED_EDGE('',*,*,#4631,.T.);
#6084=ORIENTED_EDGE('',*,*,#4632,.F.);
#6085=ORIENTED_EDGE('',*,*,#4367,.T.);
#6086=ORIENTED_EDGE('',*,*,#4633,.T.);
#6087=ORIENTED_EDGE('',*,*,#4634,.T.);
#6088=ORIENTED_EDGE('',*,*,#4635,.F.);
#6089=ORIENTED_EDGE('',*,*,#4363,.T.);
#6090=ORIENTED_EDGE('',*,*,#4636,.T.);
#6091=ORIENTED_EDGE('',*,*,#4637,.T.);
#6092=ORIENTED_EDGE('',*,*,#4638,.F.);
#6093=ORIENTED_EDGE('',*,*,#4359,.T.);
#6094=ORIENTED_EDGE('',*,*,#4639,.T.);
#6095=ORIENTED_EDGE('',*,*,#4640,.T.);
#6096=ORIENTED_EDGE('',*,*,#4641,.F.);
#6097=ORIENTED_EDGE('',*,*,#4355,.T.);
#6098=ORIENTED_EDGE('',*,*,#4642,.T.);
#6099=ORIENTED_EDGE('',*,*,#4643,.T.);
#6100=ORIENTED_EDGE('',*,*,#4644,.F.);
#6101=ORIENTED_EDGE('',*,*,#4351,.T.);
#6102=ORIENTED_EDGE('',*,*,#4645,.T.);
#6103=ORIENTED_EDGE('',*,*,#4646,.T.);
#6104=ORIENTED_EDGE('',*,*,#4647,.F.);
#6105=ORIENTED_EDGE('',*,*,#4347,.T.);
#6106=ORIENTED_EDGE('',*,*,#4648,.T.);
#6107=ORIENTED_EDGE('',*,*,#4649,.T.);
#6108=ORIENTED_EDGE('',*,*,#4650,.F.);
#6109=ORIENTED_EDGE('',*,*,#4343,.T.);
#6110=ORIENTED_EDGE('',*,*,#4651,.T.);
#6111=ORIENTED_EDGE('',*,*,#4652,.T.);
#6112=ORIENTED_EDGE('',*,*,#4653,.F.);
#6113=ORIENTED_EDGE('',*,*,#4339,.T.);
#6114=ORIENTED_EDGE('',*,*,#4654,.T.);
#6115=ORIENTED_EDGE('',*,*,#4655,.T.);
#6116=ORIENTED_EDGE('',*,*,#4656,.F.);
#6117=ORIENTED_EDGE('',*,*,#4335,.T.);
#6118=ORIENTED_EDGE('',*,*,#4657,.T.);
#6119=ORIENTED_EDGE('',*,*,#4658,.T.);
#6120=ORIENTED_EDGE('',*,*,#4659,.F.);
#6121=ORIENTED_EDGE('',*,*,#4331,.T.);
#6122=ORIENTED_EDGE('',*,*,#4660,.T.);
#6123=ORIENTED_EDGE('',*,*,#4661,.T.);
#6124=ORIENTED_EDGE('',*,*,#4662,.F.);
#6125=ORIENTED_EDGE('',*,*,#4327,.T.);
#6126=ORIENTED_EDGE('',*,*,#4663,.T.);
#6127=ORIENTED_EDGE('',*,*,#4664,.T.);
#6128=ORIENTED_EDGE('',*,*,#4665,.F.);
#6129=ORIENTED_EDGE('',*,*,#4323,.T.);
#6130=ORIENTED_EDGE('',*,*,#4666,.T.);
#6131=ORIENTED_EDGE('',*,*,#4667,.T.);
#6132=ORIENTED_EDGE('',*,*,#4668,.F.);
#6133=ORIENTED_EDGE('',*,*,#4319,.T.);
#6134=ORIENTED_EDGE('',*,*,#4601,.T.);
#6135=ORIENTED_EDGE('',*,*,#4669,.F.);
#6136=ORIENTED_EDGE('',*,*,#4670,.F.);
#6137=ORIENTED_EDGE('',*,*,#4371,.T.);
#6138=ORIENTED_EDGE('',*,*,#4671,.T.);
#6139=ORIENTED_EDGE('',*,*,#4672,.T.);
#6140=ORIENTED_EDGE('',*,*,#4673,.F.);
#6141=ORIENTED_EDGE('',*,*,#4674,.F.);
#6142=ORIENTED_EDGE('',*,*,#4675,.T.);
#6143=ORIENTED_EDGE('',*,*,#4676,.F.);
#6144=ORIENTED_EDGE('',*,*,#4677,.F.);
#6145=ORIENTED_EDGE('',*,*,#4678,.T.);
#6146=ORIENTED_EDGE('',*,*,#4679,.T.);
#6147=ORIENTED_EDGE('',*,*,#4631,.F.);
#6148=ORIENTED_EDGE('',*,*,#4680,.T.);
#6149=ORIENTED_EDGE('',*,*,#4681,.T.);
#6150=ORIENTED_EDGE('',*,*,#4682,.T.);
#6151=ORIENTED_EDGE('',*,*,#4632,.T.);
#6152=ORIENTED_EDGE('',*,*,#4682,.F.);
#6153=ORIENTED_EDGE('',*,*,#4683,.F.);
#6154=ORIENTED_EDGE('',*,*,#4368,.F.);
#6155=ORIENTED_EDGE('',*,*,#4684,.F.);
#6156=ORIENTED_EDGE('',*,*,#4369,.T.);
#6157=ORIENTED_EDGE('',*,*,#4683,.T.);
#6158=ORIENTED_EDGE('',*,*,#4681,.F.);
#6159=ORIENTED_EDGE('',*,*,#4671,.F.);
#6160=ORIENTED_EDGE('',*,*,#4370,.T.);
#6161=ORIENTED_EDGE('',*,*,#4684,.T.);
#6162=ORIENTED_EDGE('',*,*,#4680,.F.);
#6163=ORIENTED_EDGE('',*,*,#4396,.T.);
#6164=ORIENTED_EDGE('',*,*,#4685,.T.);
#6165=ORIENTED_EDGE('',*,*,#4686,.F.);
#6166=ORIENTED_EDGE('',*,*,#4687,.F.);
#6167=ORIENTED_EDGE('',*,*,#4392,.T.);
#6168=ORIENTED_EDGE('',*,*,#4688,.T.);
#6169=ORIENTED_EDGE('',*,*,#4689,.F.);
#6170=ORIENTED_EDGE('',*,*,#4690,.F.);
#6171=ORIENTED_EDGE('',*,*,#4388,.T.);
#6172=ORIENTED_EDGE('',*,*,#4691,.T.);
#6173=ORIENTED_EDGE('',*,*,#4692,.F.);
#6174=ORIENTED_EDGE('',*,*,#4693,.F.);
#6175=ORIENTED_EDGE('',*,*,#4384,.T.);
#6176=ORIENTED_EDGE('',*,*,#4694,.T.);
#6177=ORIENTED_EDGE('',*,*,#4695,.F.);
#6178=ORIENTED_EDGE('',*,*,#4696,.F.);
#6179=ORIENTED_EDGE('',*,*,#4380,.T.);
#6180=ORIENTED_EDGE('',*,*,#4697,.T.);
#6181=ORIENTED_EDGE('',*,*,#4698,.F.);
#6182=ORIENTED_EDGE('',*,*,#4699,.F.);
#6183=ORIENTED_EDGE('',*,*,#4376,.T.);
#6184=ORIENTED_EDGE('',*,*,#4700,.T.);
#6185=ORIENTED_EDGE('',*,*,#4701,.F.);
#6186=ORIENTED_EDGE('',*,*,#4702,.F.);
#6187=ORIENTED_EDGE('',*,*,#4372,.T.);
#6188=ORIENTED_EDGE('',*,*,#4670,.T.);
#6189=ORIENTED_EDGE('',*,*,#4703,.F.);
#6190=ORIENTED_EDGE('',*,*,#4465,.F.);
#6191=ORIENTED_EDGE('',*,*,#4704,.T.);
#6192=ORIENTED_EDGE('',*,*,#4705,.F.);
#6193=ORIENTED_EDGE('',*,*,#4706,.F.);
#6194=ORIENTED_EDGE('',*,*,#4707,.T.);
#6195=ORIENTED_EDGE('',*,*,#4708,.F.);
#6196=ORIENTED_EDGE('',*,*,#4709,.F.);
#6197=ORIENTED_EDGE('',*,*,#4710,.T.);
#6198=ORIENTED_EDGE('',*,*,#4711,.T.);
#6199=ORIENTED_EDGE('',*,*,#4703,.T.);
#6200=ORIENTED_EDGE('',*,*,#4669,.T.);
#6201=ORIENTED_EDGE('',*,*,#4600,.T.);
#6202=ORIENTED_EDGE('',*,*,#4466,.T.);
#6203=ORIENTED_EDGE('',*,*,#4373,.F.);
#6204=ORIENTED_EDGE('',*,*,#4702,.T.);
#6205=ORIENTED_EDGE('',*,*,#4712,.F.);
#6206=ORIENTED_EDGE('',*,*,#4713,.F.);
#6207=ORIENTED_EDGE('',*,*,#4714,.F.);
#6208=ORIENTED_EDGE('',*,*,#4715,.F.);
#6209=ORIENTED_EDGE('',*,*,#4374,.F.);
#6210=ORIENTED_EDGE('',*,*,#4713,.T.);
#6211=ORIENTED_EDGE('',*,*,#4701,.T.);
#6212=ORIENTED_EDGE('',*,*,#4716,.T.);
#6213=ORIENTED_EDGE('',*,*,#4714,.T.);
#6214=ORIENTED_EDGE('',*,*,#4712,.T.);
#6215=ORIENTED_EDGE('',*,*,#4375,.T.);
#6216=ORIENTED_EDGE('',*,*,#4715,.T.);
#6217=ORIENTED_EDGE('',*,*,#4716,.F.);
#6218=ORIENTED_EDGE('',*,*,#4700,.F.);
#6219=ORIENTED_EDGE('',*,*,#4377,.F.);
#6220=ORIENTED_EDGE('',*,*,#4699,.T.);
#6221=ORIENTED_EDGE('',*,*,#4717,.F.);
#6222=ORIENTED_EDGE('',*,*,#4718,.F.);
#6223=ORIENTED_EDGE('',*,*,#4719,.F.);
#6224=ORIENTED_EDGE('',*,*,#4720,.F.);
#6225=ORIENTED_EDGE('',*,*,#4378,.F.);
#6226=ORIENTED_EDGE('',*,*,#4718,.T.);
#6227=ORIENTED_EDGE('',*,*,#4698,.T.);
#6228=ORIENTED_EDGE('',*,*,#4721,.T.);
#6229=ORIENTED_EDGE('',*,*,#4719,.T.);
#6230=ORIENTED_EDGE('',*,*,#4717,.T.);
#6231=ORIENTED_EDGE('',*,*,#4379,.T.);
#6232=ORIENTED_EDGE('',*,*,#4720,.T.);
#6233=ORIENTED_EDGE('',*,*,#4721,.F.);
#6234=ORIENTED_EDGE('',*,*,#4697,.F.);
#6235=ORIENTED_EDGE('',*,*,#4381,.F.);
#6236=ORIENTED_EDGE('',*,*,#4696,.T.);
#6237=ORIENTED_EDGE('',*,*,#4722,.F.);
#6238=ORIENTED_EDGE('',*,*,#4723,.F.);
#6239=ORIENTED_EDGE('',*,*,#4724,.F.);
#6240=ORIENTED_EDGE('',*,*,#4725,.F.);
#6241=ORIENTED_EDGE('',*,*,#4382,.F.);
#6242=ORIENTED_EDGE('',*,*,#4723,.T.);
#6243=ORIENTED_EDGE('',*,*,#4695,.T.);
#6244=ORIENTED_EDGE('',*,*,#4726,.T.);
#6245=ORIENTED_EDGE('',*,*,#4724,.T.);
#6246=ORIENTED_EDGE('',*,*,#4722,.T.);
#6247=ORIENTED_EDGE('',*,*,#4383,.T.);
#6248=ORIENTED_EDGE('',*,*,#4725,.T.);
#6249=ORIENTED_EDGE('',*,*,#4726,.F.);
#6250=ORIENTED_EDGE('',*,*,#4694,.F.);
#6251=ORIENTED_EDGE('',*,*,#4385,.F.);
#6252=ORIENTED_EDGE('',*,*,#4693,.T.);
#6253=ORIENTED_EDGE('',*,*,#4727,.F.);
#6254=ORIENTED_EDGE('',*,*,#4728,.F.);
#6255=ORIENTED_EDGE('',*,*,#4729,.F.);
#6256=ORIENTED_EDGE('',*,*,#4730,.F.);
#6257=ORIENTED_EDGE('',*,*,#4386,.F.);
#6258=ORIENTED_EDGE('',*,*,#4728,.T.);
#6259=ORIENTED_EDGE('',*,*,#4692,.T.);
#6260=ORIENTED_EDGE('',*,*,#4731,.T.);
#6261=ORIENTED_EDGE('',*,*,#4729,.T.);
#6262=ORIENTED_EDGE('',*,*,#4727,.T.);
#6263=ORIENTED_EDGE('',*,*,#4387,.T.);
#6264=ORIENTED_EDGE('',*,*,#4730,.T.);
#6265=ORIENTED_EDGE('',*,*,#4731,.F.);
#6266=ORIENTED_EDGE('',*,*,#4691,.F.);
#6267=ORIENTED_EDGE('',*,*,#4389,.F.);
#6268=ORIENTED_EDGE('',*,*,#4690,.T.);
#6269=ORIENTED_EDGE('',*,*,#4732,.F.);
#6270=ORIENTED_EDGE('',*,*,#4733,.F.);
#6271=ORIENTED_EDGE('',*,*,#4734,.F.);
#6272=ORIENTED_EDGE('',*,*,#4735,.F.);
#6273=ORIENTED_EDGE('',*,*,#4390,.F.);
#6274=ORIENTED_EDGE('',*,*,#4733,.T.);
#6275=ORIENTED_EDGE('',*,*,#4689,.T.);
#6276=ORIENTED_EDGE('',*,*,#4736,.T.);
#6277=ORIENTED_EDGE('',*,*,#4734,.T.);
#6278=ORIENTED_EDGE('',*,*,#4732,.T.);
#6279=ORIENTED_EDGE('',*,*,#4391,.T.);
#6280=ORIENTED_EDGE('',*,*,#4735,.T.);
#6281=ORIENTED_EDGE('',*,*,#4736,.F.);
#6282=ORIENTED_EDGE('',*,*,#4688,.F.);
#6283=ORIENTED_EDGE('',*,*,#4393,.F.);
#6284=ORIENTED_EDGE('',*,*,#4687,.T.);
#6285=ORIENTED_EDGE('',*,*,#4737,.F.);
#6286=ORIENTED_EDGE('',*,*,#4738,.F.);
#6287=ORIENTED_EDGE('',*,*,#4739,.F.);
#6288=ORIENTED_EDGE('',*,*,#4740,.F.);
#6289=ORIENTED_EDGE('',*,*,#4394,.F.);
#6290=ORIENTED_EDGE('',*,*,#4738,.T.);
#6291=ORIENTED_EDGE('',*,*,#4686,.T.);
#6292=ORIENTED_EDGE('',*,*,#4741,.T.);
#6293=ORIENTED_EDGE('',*,*,#4739,.T.);
#6294=ORIENTED_EDGE('',*,*,#4737,.T.);
#6295=ORIENTED_EDGE('',*,*,#4395,.T.);
#6296=ORIENTED_EDGE('',*,*,#4740,.T.);
#6297=ORIENTED_EDGE('',*,*,#4741,.F.);
#6298=ORIENTED_EDGE('',*,*,#4685,.F.);
#6299=ORIENTED_EDGE('',*,*,#4704,.F.);
#6300=ORIENTED_EDGE('',*,*,#4742,.F.);
#6301=ORIENTED_EDGE('',*,*,#4743,.F.);
#6302=ORIENTED_EDGE('',*,*,#4505,.T.);
#6303=ORIENTED_EDGE('',*,*,#4744,.F.);
#6304=ORIENTED_EDGE('',*,*,#4745,.F.);
#6305=ORIENTED_EDGE('',*,*,#4705,.T.);
#6306=ORIENTED_EDGE('',*,*,#4745,.T.);
#6307=ORIENTED_EDGE('',*,*,#4746,.T.);
#6308=ORIENTED_EDGE('',*,*,#4747,.F.);
#6309=ORIENTED_EDGE('',*,*,#4706,.T.);
#6310=ORIENTED_EDGE('',*,*,#4747,.T.);
#6311=ORIENTED_EDGE('',*,*,#4748,.T.);
#6312=ORIENTED_EDGE('',*,*,#4507,.F.);
#6313=ORIENTED_EDGE('',*,*,#4749,.T.);
#6314=ORIENTED_EDGE('',*,*,#4750,.T.);
#6315=ORIENTED_EDGE('',*,*,#4707,.F.);
#6316=ORIENTED_EDGE('',*,*,#4750,.F.);
#6317=ORIENTED_EDGE('',*,*,#4751,.F.);
#6318=ORIENTED_EDGE('',*,*,#4742,.T.);
#6319=ORIENTED_EDGE('',*,*,#4506,.T.);
#6320=ORIENTED_EDGE('',*,*,#4743,.T.);
#6321=ORIENTED_EDGE('',*,*,#4751,.T.);
#6322=ORIENTED_EDGE('',*,*,#4749,.F.);
#6323=ORIENTED_EDGE('',*,*,#4508,.F.);
#6324=ORIENTED_EDGE('',*,*,#4748,.F.);
#6325=ORIENTED_EDGE('',*,*,#4746,.F.);
#6326=ORIENTED_EDGE('',*,*,#4744,.T.);
#6327=ORIENTED_EDGE('',*,*,#4708,.T.);
#6328=ORIENTED_EDGE('',*,*,#4752,.T.);
#6329=ORIENTED_EDGE('',*,*,#4753,.T.);
#6330=ORIENTED_EDGE('',*,*,#4672,.F.);
#6331=ORIENTED_EDGE('',*,*,#4754,.T.);
#6332=ORIENTED_EDGE('',*,*,#4755,.T.);
#6333=ORIENTED_EDGE('',*,*,#4709,.T.);
#6334=ORIENTED_EDGE('',*,*,#4755,.F.);
#6335=ORIENTED_EDGE('',*,*,#4756,.T.);
#6336=ORIENTED_EDGE('',*,*,#4757,.T.);
#6337=ORIENTED_EDGE('',*,*,#4710,.F.);
#6338=ORIENTED_EDGE('',*,*,#4757,.F.);
#6339=ORIENTED_EDGE('',*,*,#4758,.F.);
#6340=ORIENTED_EDGE('',*,*,#4674,.T.);
#6341=ORIENTED_EDGE('',*,*,#4759,.F.);
#6342=ORIENTED_EDGE('',*,*,#4760,.F.);
#6343=ORIENTED_EDGE('',*,*,#4711,.F.);
#6344=ORIENTED_EDGE('',*,*,#4760,.T.);
#6345=ORIENTED_EDGE('',*,*,#4761,.F.);
#6346=ORIENTED_EDGE('',*,*,#4752,.F.);
#6347=ORIENTED_EDGE('',*,*,#4673,.T.);
#6348=ORIENTED_EDGE('',*,*,#4753,.F.);
#6349=ORIENTED_EDGE('',*,*,#4761,.T.);
#6350=ORIENTED_EDGE('',*,*,#4759,.T.);
#6351=ORIENTED_EDGE('',*,*,#4675,.F.);
#6352=ORIENTED_EDGE('',*,*,#4758,.T.);
#6353=ORIENTED_EDGE('',*,*,#4756,.F.);
#6354=ORIENTED_EDGE('',*,*,#4754,.F.);
#6355=ORIENTED_EDGE('',*,*,#4668,.T.);
#6356=ORIENTED_EDGE('',*,*,#4762,.F.);
#6357=ORIENTED_EDGE('',*,*,#4763,.F.);
#6358=ORIENTED_EDGE('',*,*,#4320,.F.);
#6359=ORIENTED_EDGE('',*,*,#4764,.F.);
#6360=ORIENTED_EDGE('',*,*,#4321,.T.);
#6361=ORIENTED_EDGE('',*,*,#4763,.T.);
#6362=ORIENTED_EDGE('',*,*,#4765,.F.);
#6363=ORIENTED_EDGE('',*,*,#4666,.F.);
#6364=ORIENTED_EDGE('',*,*,#4322,.T.);
#6365=ORIENTED_EDGE('',*,*,#4764,.T.);
#6366=ORIENTED_EDGE('',*,*,#4766,.F.);
#6367=ORIENTED_EDGE('',*,*,#4667,.F.);
#6368=ORIENTED_EDGE('',*,*,#4766,.T.);
#6369=ORIENTED_EDGE('',*,*,#4765,.T.);
#6370=ORIENTED_EDGE('',*,*,#4762,.T.);
#6371=ORIENTED_EDGE('',*,*,#4665,.T.);
#6372=ORIENTED_EDGE('',*,*,#4767,.F.);
#6373=ORIENTED_EDGE('',*,*,#4768,.F.);
#6374=ORIENTED_EDGE('',*,*,#4324,.F.);
#6375=ORIENTED_EDGE('',*,*,#4769,.F.);
#6376=ORIENTED_EDGE('',*,*,#4325,.T.);
#6377=ORIENTED_EDGE('',*,*,#4768,.T.);
#6378=ORIENTED_EDGE('',*,*,#4770,.F.);
#6379=ORIENTED_EDGE('',*,*,#4663,.F.);
#6380=ORIENTED_EDGE('',*,*,#4326,.T.);
#6381=ORIENTED_EDGE('',*,*,#4769,.T.);
#6382=ORIENTED_EDGE('',*,*,#4771,.F.);
#6383=ORIENTED_EDGE('',*,*,#4664,.F.);
#6384=ORIENTED_EDGE('',*,*,#4771,.T.);
#6385=ORIENTED_EDGE('',*,*,#4770,.T.);
#6386=ORIENTED_EDGE('',*,*,#4767,.T.);
#6387=ORIENTED_EDGE('',*,*,#4662,.T.);
#6388=ORIENTED_EDGE('',*,*,#4772,.F.);
#6389=ORIENTED_EDGE('',*,*,#4773,.F.);
#6390=ORIENTED_EDGE('',*,*,#4328,.F.);
#6391=ORIENTED_EDGE('',*,*,#4774,.F.);
#6392=ORIENTED_EDGE('',*,*,#4329,.T.);
#6393=ORIENTED_EDGE('',*,*,#4773,.T.);
#6394=ORIENTED_EDGE('',*,*,#4775,.F.);
#6395=ORIENTED_EDGE('',*,*,#4660,.F.);
#6396=ORIENTED_EDGE('',*,*,#4330,.T.);
#6397=ORIENTED_EDGE('',*,*,#4774,.T.);
#6398=ORIENTED_EDGE('',*,*,#4776,.F.);
#6399=ORIENTED_EDGE('',*,*,#4661,.F.);
#6400=ORIENTED_EDGE('',*,*,#4776,.T.);
#6401=ORIENTED_EDGE('',*,*,#4775,.T.);
#6402=ORIENTED_EDGE('',*,*,#4772,.T.);
#6403=ORIENTED_EDGE('',*,*,#4659,.T.);
#6404=ORIENTED_EDGE('',*,*,#4777,.F.);
#6405=ORIENTED_EDGE('',*,*,#4778,.F.);
#6406=ORIENTED_EDGE('',*,*,#4332,.F.);
#6407=ORIENTED_EDGE('',*,*,#4779,.F.);
#6408=ORIENTED_EDGE('',*,*,#4333,.T.);
#6409=ORIENTED_EDGE('',*,*,#4778,.T.);
#6410=ORIENTED_EDGE('',*,*,#4780,.F.);
#6411=ORIENTED_EDGE('',*,*,#4657,.F.);
#6412=ORIENTED_EDGE('',*,*,#4334,.T.);
#6413=ORIENTED_EDGE('',*,*,#4779,.T.);
#6414=ORIENTED_EDGE('',*,*,#4781,.F.);
#6415=ORIENTED_EDGE('',*,*,#4658,.F.);
#6416=ORIENTED_EDGE('',*,*,#4781,.T.);
#6417=ORIENTED_EDGE('',*,*,#4780,.T.);
#6418=ORIENTED_EDGE('',*,*,#4777,.T.);
#6419=ORIENTED_EDGE('',*,*,#4656,.T.);
#6420=ORIENTED_EDGE('',*,*,#4782,.F.);
#6421=ORIENTED_EDGE('',*,*,#4783,.F.);
#6422=ORIENTED_EDGE('',*,*,#4336,.F.);
#6423=ORIENTED_EDGE('',*,*,#4784,.F.);
#6424=ORIENTED_EDGE('',*,*,#4337,.T.);
#6425=ORIENTED_EDGE('',*,*,#4783,.T.);
#6426=ORIENTED_EDGE('',*,*,#4785,.F.);
#6427=ORIENTED_EDGE('',*,*,#4654,.F.);
#6428=ORIENTED_EDGE('',*,*,#4338,.T.);
#6429=ORIENTED_EDGE('',*,*,#4784,.T.);
#6430=ORIENTED_EDGE('',*,*,#4786,.F.);
#6431=ORIENTED_EDGE('',*,*,#4655,.F.);
#6432=ORIENTED_EDGE('',*,*,#4786,.T.);
#6433=ORIENTED_EDGE('',*,*,#4785,.T.);
#6434=ORIENTED_EDGE('',*,*,#4782,.T.);
#6435=ORIENTED_EDGE('',*,*,#4653,.T.);
#6436=ORIENTED_EDGE('',*,*,#4787,.F.);
#6437=ORIENTED_EDGE('',*,*,#4788,.F.);
#6438=ORIENTED_EDGE('',*,*,#4340,.F.);
#6439=ORIENTED_EDGE('',*,*,#4789,.F.);
#6440=ORIENTED_EDGE('',*,*,#4341,.T.);
#6441=ORIENTED_EDGE('',*,*,#4788,.T.);
#6442=ORIENTED_EDGE('',*,*,#4790,.F.);
#6443=ORIENTED_EDGE('',*,*,#4651,.F.);
#6444=ORIENTED_EDGE('',*,*,#4342,.T.);
#6445=ORIENTED_EDGE('',*,*,#4789,.T.);
#6446=ORIENTED_EDGE('',*,*,#4791,.F.);
#6447=ORIENTED_EDGE('',*,*,#4652,.F.);
#6448=ORIENTED_EDGE('',*,*,#4791,.T.);
#6449=ORIENTED_EDGE('',*,*,#4790,.T.);
#6450=ORIENTED_EDGE('',*,*,#4787,.T.);
#6451=ORIENTED_EDGE('',*,*,#4650,.T.);
#6452=ORIENTED_EDGE('',*,*,#4792,.F.);
#6453=ORIENTED_EDGE('',*,*,#4793,.F.);
#6454=ORIENTED_EDGE('',*,*,#4344,.F.);
#6455=ORIENTED_EDGE('',*,*,#4794,.F.);
#6456=ORIENTED_EDGE('',*,*,#4345,.T.);
#6457=ORIENTED_EDGE('',*,*,#4793,.T.);
#6458=ORIENTED_EDGE('',*,*,#4795,.F.);
#6459=ORIENTED_EDGE('',*,*,#4648,.F.);
#6460=ORIENTED_EDGE('',*,*,#4346,.T.);
#6461=ORIENTED_EDGE('',*,*,#4794,.T.);
#6462=ORIENTED_EDGE('',*,*,#4796,.F.);
#6463=ORIENTED_EDGE('',*,*,#4649,.F.);
#6464=ORIENTED_EDGE('',*,*,#4796,.T.);
#6465=ORIENTED_EDGE('',*,*,#4795,.T.);
#6466=ORIENTED_EDGE('',*,*,#4792,.T.);
#6467=ORIENTED_EDGE('',*,*,#4647,.T.);
#6468=ORIENTED_EDGE('',*,*,#4797,.F.);
#6469=ORIENTED_EDGE('',*,*,#4798,.F.);
#6470=ORIENTED_EDGE('',*,*,#4348,.F.);
#6471=ORIENTED_EDGE('',*,*,#4799,.F.);
#6472=ORIENTED_EDGE('',*,*,#4349,.T.);
#6473=ORIENTED_EDGE('',*,*,#4798,.T.);
#6474=ORIENTED_EDGE('',*,*,#4800,.F.);
#6475=ORIENTED_EDGE('',*,*,#4645,.F.);
#6476=ORIENTED_EDGE('',*,*,#4350,.T.);
#6477=ORIENTED_EDGE('',*,*,#4799,.T.);
#6478=ORIENTED_EDGE('',*,*,#4801,.F.);
#6479=ORIENTED_EDGE('',*,*,#4646,.F.);
#6480=ORIENTED_EDGE('',*,*,#4801,.T.);
#6481=ORIENTED_EDGE('',*,*,#4800,.T.);
#6482=ORIENTED_EDGE('',*,*,#4797,.T.);
#6483=ORIENTED_EDGE('',*,*,#4644,.T.);
#6484=ORIENTED_EDGE('',*,*,#4802,.F.);
#6485=ORIENTED_EDGE('',*,*,#4803,.F.);
#6486=ORIENTED_EDGE('',*,*,#4352,.F.);
#6487=ORIENTED_EDGE('',*,*,#4804,.F.);
#6488=ORIENTED_EDGE('',*,*,#4353,.T.);
#6489=ORIENTED_EDGE('',*,*,#4803,.T.);
#6490=ORIENTED_EDGE('',*,*,#4805,.F.);
#6491=ORIENTED_EDGE('',*,*,#4642,.F.);
#6492=ORIENTED_EDGE('',*,*,#4354,.T.);
#6493=ORIENTED_EDGE('',*,*,#4804,.T.);
#6494=ORIENTED_EDGE('',*,*,#4806,.F.);
#6495=ORIENTED_EDGE('',*,*,#4643,.F.);
#6496=ORIENTED_EDGE('',*,*,#4806,.T.);
#6497=ORIENTED_EDGE('',*,*,#4805,.T.);
#6498=ORIENTED_EDGE('',*,*,#4802,.T.);
#6499=ORIENTED_EDGE('',*,*,#4641,.T.);
#6500=ORIENTED_EDGE('',*,*,#4807,.F.);
#6501=ORIENTED_EDGE('',*,*,#4808,.F.);
#6502=ORIENTED_EDGE('',*,*,#4356,.F.);
#6503=ORIENTED_EDGE('',*,*,#4809,.F.);
#6504=ORIENTED_EDGE('',*,*,#4357,.T.);
#6505=ORIENTED_EDGE('',*,*,#4808,.T.);
#6506=ORIENTED_EDGE('',*,*,#4810,.F.);
#6507=ORIENTED_EDGE('',*,*,#4639,.F.);
#6508=ORIENTED_EDGE('',*,*,#4358,.T.);
#6509=ORIENTED_EDGE('',*,*,#4809,.T.);
#6510=ORIENTED_EDGE('',*,*,#4811,.F.);
#6511=ORIENTED_EDGE('',*,*,#4640,.F.);
#6512=ORIENTED_EDGE('',*,*,#4811,.T.);
#6513=ORIENTED_EDGE('',*,*,#4810,.T.);
#6514=ORIENTED_EDGE('',*,*,#4807,.T.);
#6515=ORIENTED_EDGE('',*,*,#4638,.T.);
#6516=ORIENTED_EDGE('',*,*,#4812,.F.);
#6517=ORIENTED_EDGE('',*,*,#4813,.F.);
#6518=ORIENTED_EDGE('',*,*,#4360,.F.);
#6519=ORIENTED_EDGE('',*,*,#4814,.F.);
#6520=ORIENTED_EDGE('',*,*,#4361,.T.);
#6521=ORIENTED_EDGE('',*,*,#4813,.T.);
#6522=ORIENTED_EDGE('',*,*,#4815,.F.);
#6523=ORIENTED_EDGE('',*,*,#4636,.F.);
#6524=ORIENTED_EDGE('',*,*,#4362,.T.);
#6525=ORIENTED_EDGE('',*,*,#4814,.T.);
#6526=ORIENTED_EDGE('',*,*,#4816,.F.);
#6527=ORIENTED_EDGE('',*,*,#4637,.F.);
#6528=ORIENTED_EDGE('',*,*,#4816,.T.);
#6529=ORIENTED_EDGE('',*,*,#4815,.T.);
#6530=ORIENTED_EDGE('',*,*,#4812,.T.);
#6531=ORIENTED_EDGE('',*,*,#4635,.T.);
#6532=ORIENTED_EDGE('',*,*,#4817,.F.);
#6533=ORIENTED_EDGE('',*,*,#4818,.F.);
#6534=ORIENTED_EDGE('',*,*,#4364,.F.);
#6535=ORIENTED_EDGE('',*,*,#4819,.F.);
#6536=ORIENTED_EDGE('',*,*,#4365,.T.);
#6537=ORIENTED_EDGE('',*,*,#4818,.T.);
#6538=ORIENTED_EDGE('',*,*,#4820,.F.);
#6539=ORIENTED_EDGE('',*,*,#4633,.F.);
#6540=ORIENTED_EDGE('',*,*,#4366,.T.);
#6541=ORIENTED_EDGE('',*,*,#4819,.T.);
#6542=ORIENTED_EDGE('',*,*,#4821,.F.);
#6543=ORIENTED_EDGE('',*,*,#4634,.F.);
#6544=ORIENTED_EDGE('',*,*,#4821,.T.);
#6545=ORIENTED_EDGE('',*,*,#4820,.T.);
#6546=ORIENTED_EDGE('',*,*,#4817,.T.);
#6547=ORIENTED_EDGE('',*,*,#4676,.T.);
#6548=ORIENTED_EDGE('',*,*,#4822,.F.);
#6549=ORIENTED_EDGE('',*,*,#4823,.F.);
#6550=ORIENTED_EDGE('',*,*,#4608,.F.);
#6551=ORIENTED_EDGE('',*,*,#4824,.F.);
#6552=ORIENTED_EDGE('',*,*,#4825,.F.);
#6553=ORIENTED_EDGE('',*,*,#4677,.T.);
#6554=ORIENTED_EDGE('',*,*,#4825,.T.);
#6555=ORIENTED_EDGE('',*,*,#4826,.T.);
#6556=ORIENTED_EDGE('',*,*,#4827,.F.);
#6557=ORIENTED_EDGE('',*,*,#4678,.F.);
#6558=ORIENTED_EDGE('',*,*,#4827,.T.);
#6559=ORIENTED_EDGE('',*,*,#4828,.T.);
#6560=ORIENTED_EDGE('',*,*,#4610,.T.);
#6561=ORIENTED_EDGE('',*,*,#4829,.T.);
#6562=ORIENTED_EDGE('',*,*,#4830,.T.);
#6563=ORIENTED_EDGE('',*,*,#4679,.F.);
#6564=ORIENTED_EDGE('',*,*,#4830,.F.);
#6565=ORIENTED_EDGE('',*,*,#4831,.F.);
#6566=ORIENTED_EDGE('',*,*,#4822,.T.);
#6567=ORIENTED_EDGE('',*,*,#4609,.T.);
#6568=ORIENTED_EDGE('',*,*,#4823,.T.);
#6569=ORIENTED_EDGE('',*,*,#4831,.T.);
#6570=ORIENTED_EDGE('',*,*,#4829,.F.);
#6571=ORIENTED_EDGE('',*,*,#4611,.F.);
#6572=ORIENTED_EDGE('',*,*,#4828,.F.);
#6573=ORIENTED_EDGE('',*,*,#4826,.F.);
#6574=ORIENTED_EDGE('',*,*,#4824,.T.);
#6575=ORIENTED_EDGE('',*,*,#4307,.F.);
#6576=ORIENTED_EDGE('',*,*,#4599,.T.);
#6577=ORIENTED_EDGE('',*,*,#4832,.T.);
#6578=ORIENTED_EDGE('',*,*,#4833,.T.);
#6579=ORIENTED_EDGE('',*,*,#4308,.F.);
#6580=ORIENTED_EDGE('',*,*,#4833,.F.);
#6581=ORIENTED_EDGE('',*,*,#4834,.T.);
#6582=ORIENTED_EDGE('',*,*,#4835,.F.);
#6583=ORIENTED_EDGE('',*,*,#4309,.F.);
#6584=ORIENTED_EDGE('',*,*,#4835,.T.);
#6585=ORIENTED_EDGE('',*,*,#4836,.T.);
#6586=ORIENTED_EDGE('',*,*,#4837,.F.);
#6587=ORIENTED_EDGE('',*,*,#4310,.F.);
#6588=ORIENTED_EDGE('',*,*,#4837,.T.);
#6589=ORIENTED_EDGE('',*,*,#4838,.T.);
#6590=ORIENTED_EDGE('',*,*,#4839,.F.);
#6591=ORIENTED_EDGE('',*,*,#4311,.T.);
#6592=ORIENTED_EDGE('',*,*,#4839,.T.);
#6593=ORIENTED_EDGE('',*,*,#4840,.T.);
#6594=ORIENTED_EDGE('',*,*,#4591,.F.);
#6595=ORIENTED_EDGE('',*,*,#4598,.T.);
#6596=ORIENTED_EDGE('',*,*,#4841,.F.);
#6597=ORIENTED_EDGE('',*,*,#4842,.F.);
#6598=ORIENTED_EDGE('',*,*,#4843,.F.);
#6599=ORIENTED_EDGE('',*,*,#4595,.T.);
#6600=ORIENTED_EDGE('',*,*,#4844,.F.);
#6601=ORIENTED_EDGE('',*,*,#4845,.F.);
#6602=ORIENTED_EDGE('',*,*,#4846,.F.);
#6603=ORIENTED_EDGE('',*,*,#4592,.T.);
#6604=ORIENTED_EDGE('',*,*,#4840,.F.);
#6605=ORIENTED_EDGE('',*,*,#4838,.F.);
#6606=ORIENTED_EDGE('',*,*,#4836,.F.);
#6607=ORIENTED_EDGE('',*,*,#4834,.F.);
#6608=ORIENTED_EDGE('',*,*,#4832,.F.);
#6609=ORIENTED_EDGE('',*,*,#4424,.F.);
#6610=ORIENTED_EDGE('',*,*,#4593,.T.);
#6611=ORIENTED_EDGE('',*,*,#4846,.T.);
#6612=ORIENTED_EDGE('',*,*,#4847,.F.);
#6613=ORIENTED_EDGE('',*,*,#4425,.F.);
#6614=ORIENTED_EDGE('',*,*,#4847,.T.);
#6615=ORIENTED_EDGE('',*,*,#4845,.T.);
#6616=ORIENTED_EDGE('',*,*,#4848,.F.);
#6617=ORIENTED_EDGE('',*,*,#4426,.T.);
#6618=ORIENTED_EDGE('',*,*,#4848,.T.);
#6619=ORIENTED_EDGE('',*,*,#4844,.T.);
#6620=ORIENTED_EDGE('',*,*,#4594,.F.);
#6621=ORIENTED_EDGE('',*,*,#4428,.F.);
#6622=ORIENTED_EDGE('',*,*,#4596,.T.);
#6623=ORIENTED_EDGE('',*,*,#4843,.T.);
#6624=ORIENTED_EDGE('',*,*,#4849,.F.);
#6625=ORIENTED_EDGE('',*,*,#4429,.F.);
#6626=ORIENTED_EDGE('',*,*,#4849,.T.);
#6627=ORIENTED_EDGE('',*,*,#4842,.T.);
#6628=ORIENTED_EDGE('',*,*,#4850,.F.);
#6629=ORIENTED_EDGE('',*,*,#4430,.T.);
#6630=ORIENTED_EDGE('',*,*,#4850,.T.);
#6631=ORIENTED_EDGE('',*,*,#4841,.T.);
#6632=ORIENTED_EDGE('',*,*,#4597,.F.);
#6633=ORIENTED_EDGE('',*,*,#4604,.T.);
#6634=ORIENTED_EDGE('',*,*,#4851,.T.);
#6635=ORIENTED_EDGE('',*,*,#4852,.T.);
#6636=ORIENTED_EDGE('',*,*,#4509,.F.);
#6637=ORIENTED_EDGE('',*,*,#4853,.T.);
#6638=ORIENTED_EDGE('',*,*,#4854,.T.);
#6639=ORIENTED_EDGE('',*,*,#4605,.T.);
#6640=ORIENTED_EDGE('',*,*,#4854,.F.);
#6641=ORIENTED_EDGE('',*,*,#4855,.T.);
#6642=ORIENTED_EDGE('',*,*,#4856,.T.);
#6643=ORIENTED_EDGE('',*,*,#4606,.F.);
#6644=ORIENTED_EDGE('',*,*,#4856,.F.);
#6645=ORIENTED_EDGE('',*,*,#4857,.F.);
#6646=ORIENTED_EDGE('',*,*,#4511,.T.);
#6647=ORIENTED_EDGE('',*,*,#4858,.F.);
#6648=ORIENTED_EDGE('',*,*,#4859,.F.);
#6649=ORIENTED_EDGE('',*,*,#4607,.F.);
#6650=ORIENTED_EDGE('',*,*,#4859,.T.);
#6651=ORIENTED_EDGE('',*,*,#4860,.F.);
#6652=ORIENTED_EDGE('',*,*,#4851,.F.);
#6653=ORIENTED_EDGE('',*,*,#4510,.T.);
#6654=ORIENTED_EDGE('',*,*,#4852,.F.);
#6655=ORIENTED_EDGE('',*,*,#4860,.T.);
#6656=ORIENTED_EDGE('',*,*,#4858,.T.);
#6657=ORIENTED_EDGE('',*,*,#4512,.F.);
#6658=ORIENTED_EDGE('',*,*,#4857,.T.);
#6659=ORIENTED_EDGE('',*,*,#4855,.F.);
#6660=ORIENTED_EDGE('',*,*,#4853,.F.);
#6661=ORIENTED_EDGE('',*,*,#4861,.T.);
#6662=ORIENTED_EDGE('',*,*,#4862,.F.);
#6663=ORIENTED_EDGE('',*,*,#4863,.F.);
#6664=ORIENTED_EDGE('',*,*,#4864,.F.);
#6665=ORIENTED_EDGE('',*,*,#4861,.F.);
#6666=ORIENTED_EDGE('',*,*,#4865,.F.);
#6667=ORIENTED_EDGE('',*,*,#4866,.F.);
#6668=ORIENTED_EDGE('',*,*,#4867,.T.);
#6669=ORIENTED_EDGE('',*,*,#4868,.F.);
#6670=ORIENTED_EDGE('',*,*,#4869,.F.);
#6671=ORIENTED_EDGE('',*,*,#4870,.F.);
#6672=ORIENTED_EDGE('',*,*,#4871,.F.);
#6673=ORIENTED_EDGE('',*,*,#4872,.F.);
#6674=ORIENTED_EDGE('',*,*,#4873,.F.);
#6675=ORIENTED_EDGE('',*,*,#4874,.F.);
#6676=ORIENTED_EDGE('',*,*,#4875,.F.);
#6677=ORIENTED_EDGE('',*,*,#4867,.F.);
#6678=ORIENTED_EDGE('',*,*,#4876,.F.);
#6679=ORIENTED_EDGE('',*,*,#4877,.F.);
#6680=ORIENTED_EDGE('',*,*,#4878,.F.);
#6681=ORIENTED_EDGE('',*,*,#4862,.T.);
#6682=ORIENTED_EDGE('',*,*,#4868,.T.);
#6683=ORIENTED_EDGE('',*,*,#4879,.T.);
#6684=ORIENTED_EDGE('',*,*,#4880,.F.);
#6685=ORIENTED_EDGE('',*,*,#4881,.F.);
#6686=ORIENTED_EDGE('',*,*,#4869,.T.);
#6687=ORIENTED_EDGE('',*,*,#4881,.T.);
#6688=ORIENTED_EDGE('',*,*,#4882,.F.);
#6689=ORIENTED_EDGE('',*,*,#4883,.F.);
#6690=ORIENTED_EDGE('',*,*,#4870,.T.);
#6691=ORIENTED_EDGE('',*,*,#4883,.T.);
#6692=ORIENTED_EDGE('',*,*,#4884,.F.);
#6693=ORIENTED_EDGE('',*,*,#4885,.F.);
#6694=ORIENTED_EDGE('',*,*,#4871,.T.);
#6695=ORIENTED_EDGE('',*,*,#4885,.T.);
#6696=ORIENTED_EDGE('',*,*,#4886,.F.);
#6697=ORIENTED_EDGE('',*,*,#4879,.F.);
#6698=ORIENTED_EDGE('',*,*,#4880,.T.);
#6699=ORIENTED_EDGE('',*,*,#4886,.T.);
#6700=ORIENTED_EDGE('',*,*,#4884,.T.);
#6701=ORIENTED_EDGE('',*,*,#4882,.T.);
#6702=ORIENTED_EDGE('',*,*,#4872,.T.);
#6703=ORIENTED_EDGE('',*,*,#4887,.T.);
#6704=ORIENTED_EDGE('',*,*,#4888,.F.);
#6705=ORIENTED_EDGE('',*,*,#4889,.F.);
#6706=ORIENTED_EDGE('',*,*,#4873,.T.);
#6707=ORIENTED_EDGE('',*,*,#4889,.T.);
#6708=ORIENTED_EDGE('',*,*,#4890,.F.);
#6709=ORIENTED_EDGE('',*,*,#4891,.F.);
#6710=ORIENTED_EDGE('',*,*,#4874,.T.);
#6711=ORIENTED_EDGE('',*,*,#4891,.T.);
#6712=ORIENTED_EDGE('',*,*,#4892,.F.);
#6713=ORIENTED_EDGE('',*,*,#4893,.F.);
#6714=ORIENTED_EDGE('',*,*,#4875,.T.);
#6715=ORIENTED_EDGE('',*,*,#4893,.T.);
#6716=ORIENTED_EDGE('',*,*,#4894,.F.);
#6717=ORIENTED_EDGE('',*,*,#4887,.F.);
#6718=ORIENTED_EDGE('',*,*,#4888,.T.);
#6719=ORIENTED_EDGE('',*,*,#4894,.T.);
#6720=ORIENTED_EDGE('',*,*,#4892,.T.);
#6721=ORIENTED_EDGE('',*,*,#4890,.T.);
#6722=ORIENTED_EDGE('',*,*,#4863,.T.);
#6723=ORIENTED_EDGE('',*,*,#4878,.T.);
#6724=ORIENTED_EDGE('',*,*,#4895,.T.);
#6725=ORIENTED_EDGE('',*,*,#4896,.F.);
#6726=ORIENTED_EDGE('',*,*,#4864,.T.);
#6727=ORIENTED_EDGE('',*,*,#4896,.T.);
#6728=ORIENTED_EDGE('',*,*,#4897,.T.);
#6729=ORIENTED_EDGE('',*,*,#4898,.T.);
#6730=ORIENTED_EDGE('',*,*,#4865,.T.);
#6731=ORIENTED_EDGE('',*,*,#4876,.T.);
#6732=ORIENTED_EDGE('',*,*,#4866,.T.);
#6733=ORIENTED_EDGE('',*,*,#4898,.F.);
#6734=ORIENTED_EDGE('',*,*,#4899,.F.);
#6735=ORIENTED_EDGE('',*,*,#4877,.T.);
#6736=ORIENTED_EDGE('',*,*,#4899,.T.);
#6737=ORIENTED_EDGE('',*,*,#4897,.F.);
#6738=ORIENTED_EDGE('',*,*,#4895,.F.);
#6739=ORIENTED_EDGE('',*,*,#4900,.T.);
#6740=ORIENTED_EDGE('',*,*,#4901,.F.);
#6741=ORIENTED_EDGE('',*,*,#4902,.F.);
#6742=ORIENTED_EDGE('',*,*,#4903,.F.);
#6743=ORIENTED_EDGE('',*,*,#4900,.F.);
#6744=ORIENTED_EDGE('',*,*,#4904,.F.);
#6745=ORIENTED_EDGE('',*,*,#4905,.T.);
#6746=ORIENTED_EDGE('',*,*,#4906,.T.);
#6747=ORIENTED_EDGE('',*,*,#4907,.T.);
#6748=ORIENTED_EDGE('',*,*,#4908,.T.);
#6749=ORIENTED_EDGE('',*,*,#4909,.T.);
#6750=ORIENTED_EDGE('',*,*,#4910,.T.);
#6751=ORIENTED_EDGE('',*,*,#4911,.T.);
#6752=ORIENTED_EDGE('',*,*,#4912,.T.);
#6753=ORIENTED_EDGE('',*,*,#4913,.T.);
#6754=ORIENTED_EDGE('',*,*,#4914,.F.);
#6755=ORIENTED_EDGE('',*,*,#4915,.F.);
#6756=ORIENTED_EDGE('',*,*,#4916,.T.);
#6757=ORIENTED_EDGE('',*,*,#4916,.F.);
#6758=ORIENTED_EDGE('',*,*,#4917,.T.);
#6759=ORIENTED_EDGE('',*,*,#4918,.F.);
#6760=ORIENTED_EDGE('',*,*,#4901,.T.);
#6761=ORIENTED_EDGE('',*,*,#4902,.T.);
#6762=ORIENTED_EDGE('',*,*,#4918,.T.);
#6763=ORIENTED_EDGE('',*,*,#4919,.T.);
#6764=ORIENTED_EDGE('',*,*,#4920,.T.);
#6765=ORIENTED_EDGE('',*,*,#4921,.F.);
#6766=ORIENTED_EDGE('',*,*,#4922,.F.);
#6767=ORIENTED_EDGE('',*,*,#4923,.F.);
#6768=ORIENTED_EDGE('',*,*,#4924,.F.);
#6769=ORIENTED_EDGE('',*,*,#4925,.F.);
#6770=ORIENTED_EDGE('',*,*,#4926,.F.);
#6771=ORIENTED_EDGE('',*,*,#4927,.F.);
#6772=ORIENTED_EDGE('',*,*,#4928,.F.);
#6773=ORIENTED_EDGE('',*,*,#4929,.F.);
#6774=ORIENTED_EDGE('',*,*,#4930,.F.);
#6775=ORIENTED_EDGE('',*,*,#4903,.T.);
#6776=ORIENTED_EDGE('',*,*,#4930,.T.);
#6777=ORIENTED_EDGE('',*,*,#4931,.F.);
#6778=ORIENTED_EDGE('',*,*,#4904,.T.);
#6779=ORIENTED_EDGE('',*,*,#4905,.F.);
#6780=ORIENTED_EDGE('',*,*,#4931,.T.);
#6781=ORIENTED_EDGE('',*,*,#4929,.T.);
#6782=ORIENTED_EDGE('',*,*,#4932,.F.);
#6783=ORIENTED_EDGE('',*,*,#4906,.F.);
#6784=ORIENTED_EDGE('',*,*,#4932,.T.);
#6785=ORIENTED_EDGE('',*,*,#4928,.T.);
#6786=ORIENTED_EDGE('',*,*,#4933,.F.);
#6787=ORIENTED_EDGE('',*,*,#4907,.F.);
#6788=ORIENTED_EDGE('',*,*,#4933,.T.);
#6789=ORIENTED_EDGE('',*,*,#4927,.T.);
#6790=ORIENTED_EDGE('',*,*,#4934,.F.);
#6791=ORIENTED_EDGE('',*,*,#4908,.F.);
#6792=ORIENTED_EDGE('',*,*,#4934,.T.);
#6793=ORIENTED_EDGE('',*,*,#4926,.T.);
#6794=ORIENTED_EDGE('',*,*,#4935,.F.);
#6795=ORIENTED_EDGE('',*,*,#4909,.F.);
#6796=ORIENTED_EDGE('',*,*,#4935,.T.);
#6797=ORIENTED_EDGE('',*,*,#4925,.T.);
#6798=ORIENTED_EDGE('',*,*,#4936,.F.);
#6799=ORIENTED_EDGE('',*,*,#4910,.F.);
#6800=ORIENTED_EDGE('',*,*,#4936,.T.);
#6801=ORIENTED_EDGE('',*,*,#4924,.T.);
#6802=ORIENTED_EDGE('',*,*,#4937,.F.);
#6803=ORIENTED_EDGE('',*,*,#4911,.F.);
#6804=ORIENTED_EDGE('',*,*,#4937,.T.);
#6805=ORIENTED_EDGE('',*,*,#4923,.T.);
#6806=ORIENTED_EDGE('',*,*,#4938,.F.);
#6807=ORIENTED_EDGE('',*,*,#4912,.F.);
#6808=ORIENTED_EDGE('',*,*,#4938,.T.);
#6809=ORIENTED_EDGE('',*,*,#4922,.T.);
#6810=ORIENTED_EDGE('',*,*,#4939,.F.);
#6811=ORIENTED_EDGE('',*,*,#4940,.F.);
#6812=ORIENTED_EDGE('',*,*,#4913,.F.);
#6813=ORIENTED_EDGE('',*,*,#4939,.T.);
#6814=ORIENTED_EDGE('',*,*,#4921,.T.);
#6815=ORIENTED_EDGE('',*,*,#4940,.T.);
#6816=ORIENTED_EDGE('',*,*,#4920,.F.);
#6817=ORIENTED_EDGE('',*,*,#4941,.F.);
#6818=ORIENTED_EDGE('',*,*,#4914,.T.);
#6819=ORIENTED_EDGE('',*,*,#4915,.T.);
#6820=ORIENTED_EDGE('',*,*,#4941,.T.);
#6821=ORIENTED_EDGE('',*,*,#4919,.F.);
#6822=ORIENTED_EDGE('',*,*,#4917,.F.);
#6823=ORIENTED_EDGE('',*,*,#4942,.F.);
#6824=ORIENTED_EDGE('',*,*,#4943,.F.);
#6825=ORIENTED_EDGE('',*,*,#4944,.F.);
#6826=ORIENTED_EDGE('',*,*,#4945,.F.);
#6827=ORIENTED_EDGE('',*,*,#4942,.T.);
#6828=ORIENTED_EDGE('',*,*,#4946,.T.);
#6829=ORIENTED_EDGE('',*,*,#4947,.F.);
#6830=ORIENTED_EDGE('',*,*,#4948,.F.);
#6831=ORIENTED_EDGE('',*,*,#4943,.T.);
#6832=ORIENTED_EDGE('',*,*,#4948,.T.);
#6833=ORIENTED_EDGE('',*,*,#4949,.F.);
#6834=ORIENTED_EDGE('',*,*,#4950,.F.);
#6835=ORIENTED_EDGE('',*,*,#4944,.T.);
#6836=ORIENTED_EDGE('',*,*,#4950,.T.);
#6837=ORIENTED_EDGE('',*,*,#4951,.F.);
#6838=ORIENTED_EDGE('',*,*,#4952,.F.);
#6839=ORIENTED_EDGE('',*,*,#4945,.T.);
#6840=ORIENTED_EDGE('',*,*,#4952,.T.);
#6841=ORIENTED_EDGE('',*,*,#4953,.F.);
#6842=ORIENTED_EDGE('',*,*,#4946,.F.);
#6843=ORIENTED_EDGE('',*,*,#4947,.T.);
#6844=ORIENTED_EDGE('',*,*,#4953,.T.);
#6845=ORIENTED_EDGE('',*,*,#4951,.T.);
#6846=ORIENTED_EDGE('',*,*,#4949,.T.);
#6847=ORIENTED_EDGE('',*,*,#4954,.F.);
#6848=ORIENTED_EDGE('',*,*,#4955,.F.);
#6849=ORIENTED_EDGE('',*,*,#4956,.F.);
#6850=ORIENTED_EDGE('',*,*,#4957,.F.);
#6851=ORIENTED_EDGE('',*,*,#4954,.T.);
#6852=ORIENTED_EDGE('',*,*,#4958,.T.);
#6853=ORIENTED_EDGE('',*,*,#4959,.F.);
#6854=ORIENTED_EDGE('',*,*,#4960,.F.);
#6855=ORIENTED_EDGE('',*,*,#4955,.T.);
#6856=ORIENTED_EDGE('',*,*,#4960,.T.);
#6857=ORIENTED_EDGE('',*,*,#4961,.F.);
#6858=ORIENTED_EDGE('',*,*,#4962,.F.);
#6859=ORIENTED_EDGE('',*,*,#4956,.T.);
#6860=ORIENTED_EDGE('',*,*,#4962,.T.);
#6861=ORIENTED_EDGE('',*,*,#4963,.F.);
#6862=ORIENTED_EDGE('',*,*,#4964,.F.);
#6863=ORIENTED_EDGE('',*,*,#4957,.T.);
#6864=ORIENTED_EDGE('',*,*,#4964,.T.);
#6865=ORIENTED_EDGE('',*,*,#4965,.F.);
#6866=ORIENTED_EDGE('',*,*,#4958,.F.);
#6867=ORIENTED_EDGE('',*,*,#4959,.T.);
#6868=ORIENTED_EDGE('',*,*,#4965,.T.);
#6869=ORIENTED_EDGE('',*,*,#4963,.T.);
#6870=ORIENTED_EDGE('',*,*,#4961,.T.);
#6871=ORIENTED_EDGE('',*,*,#4966,.F.);
#6872=ORIENTED_EDGE('',*,*,#4967,.F.);
#6873=ORIENTED_EDGE('',*,*,#4968,.F.);
#6874=ORIENTED_EDGE('',*,*,#4969,.F.);
#6875=ORIENTED_EDGE('',*,*,#4966,.T.);
#6876=ORIENTED_EDGE('',*,*,#4970,.T.);
#6877=ORIENTED_EDGE('',*,*,#4971,.F.);
#6878=ORIENTED_EDGE('',*,*,#4972,.F.);
#6879=ORIENTED_EDGE('',*,*,#4967,.T.);
#6880=ORIENTED_EDGE('',*,*,#4972,.T.);
#6881=ORIENTED_EDGE('',*,*,#4973,.F.);
#6882=ORIENTED_EDGE('',*,*,#4974,.F.);
#6883=ORIENTED_EDGE('',*,*,#4968,.T.);
#6884=ORIENTED_EDGE('',*,*,#4974,.T.);
#6885=ORIENTED_EDGE('',*,*,#4975,.F.);
#6886=ORIENTED_EDGE('',*,*,#4976,.F.);
#6887=ORIENTED_EDGE('',*,*,#4969,.T.);
#6888=ORIENTED_EDGE('',*,*,#4976,.T.);
#6889=ORIENTED_EDGE('',*,*,#4977,.F.);
#6890=ORIENTED_EDGE('',*,*,#4970,.F.);
#6891=ORIENTED_EDGE('',*,*,#4971,.T.);
#6892=ORIENTED_EDGE('',*,*,#4977,.T.);
#6893=ORIENTED_EDGE('',*,*,#4975,.T.);
#6894=ORIENTED_EDGE('',*,*,#4973,.T.);
#6895=ORIENTED_EDGE('',*,*,#4978,.T.);
#6896=ORIENTED_EDGE('',*,*,#4979,.T.);
#6897=ORIENTED_EDGE('',*,*,#4980,.F.);
#6898=ORIENTED_EDGE('',*,*,#4981,.F.);
#6899=ORIENTED_EDGE('',*,*,#4978,.F.);
#6900=ORIENTED_EDGE('',*,*,#4982,.T.);
#6901=ORIENTED_EDGE('',*,*,#4983,.T.);
#6902=ORIENTED_EDGE('',*,*,#4984,.F.);
#6903=ORIENTED_EDGE('',*,*,#4979,.F.);
#6904=ORIENTED_EDGE('',*,*,#4984,.T.);
#6905=ORIENTED_EDGE('',*,*,#4985,.T.);
#6906=ORIENTED_EDGE('',*,*,#4986,.T.);
#6907=ORIENTED_EDGE('',*,*,#4987,.T.);
#6908=ORIENTED_EDGE('',*,*,#4988,.F.);
#6909=ORIENTED_EDGE('',*,*,#4989,.T.);
#6910=ORIENTED_EDGE('',*,*,#4990,.T.);
#6911=ORIENTED_EDGE('',*,*,#4991,.T.);
#6912=ORIENTED_EDGE('',*,*,#4992,.T.);
#6913=ORIENTED_EDGE('',*,*,#4980,.T.);
#6914=ORIENTED_EDGE('',*,*,#4992,.F.);
#6915=ORIENTED_EDGE('',*,*,#4993,.F.);
#6916=ORIENTED_EDGE('',*,*,#4994,.T.);
#6917=ORIENTED_EDGE('',*,*,#4995,.T.);
#6918=ORIENTED_EDGE('',*,*,#4996,.F.);
#6919=ORIENTED_EDGE('',*,*,#4997,.F.);
#6920=ORIENTED_EDGE('',*,*,#4998,.F.);
#6921=ORIENTED_EDGE('',*,*,#4982,.F.);
#6922=ORIENTED_EDGE('',*,*,#4981,.T.);
#6923=ORIENTED_EDGE('',*,*,#4994,.F.);
#6924=ORIENTED_EDGE('',*,*,#4999,.F.);
#6925=ORIENTED_EDGE('',*,*,#5000,.F.);
#6926=ORIENTED_EDGE('',*,*,#5001,.F.);
#6927=ORIENTED_EDGE('',*,*,#5002,.F.);
#6928=ORIENTED_EDGE('',*,*,#4995,.F.);
#6929=ORIENTED_EDGE('',*,*,#5003,.T.);
#6930=ORIENTED_EDGE('',*,*,#4988,.T.);
#6931=ORIENTED_EDGE('',*,*,#5002,.T.);
#6932=ORIENTED_EDGE('',*,*,#4987,.F.);
#6933=ORIENTED_EDGE('',*,*,#5004,.F.);
#6934=ORIENTED_EDGE('',*,*,#4996,.T.);
#6935=ORIENTED_EDGE('',*,*,#4997,.T.);
#6936=ORIENTED_EDGE('',*,*,#5004,.T.);
#6937=ORIENTED_EDGE('',*,*,#4986,.F.);
#6938=ORIENTED_EDGE('',*,*,#5005,.F.);
#6939=ORIENTED_EDGE('',*,*,#4998,.T.);
#6940=ORIENTED_EDGE('',*,*,#5005,.T.);
#6941=ORIENTED_EDGE('',*,*,#4985,.F.);
#6942=ORIENTED_EDGE('',*,*,#4983,.F.);
#6943=ORIENTED_EDGE('',*,*,#5003,.F.);
#6944=ORIENTED_EDGE('',*,*,#5001,.T.);
#6945=ORIENTED_EDGE('',*,*,#5006,.T.);
#6946=ORIENTED_EDGE('',*,*,#4989,.F.);
#6947=ORIENTED_EDGE('',*,*,#5000,.T.);
#6948=ORIENTED_EDGE('',*,*,#5007,.T.);
#6949=ORIENTED_EDGE('',*,*,#4990,.F.);
#6950=ORIENTED_EDGE('',*,*,#5006,.F.);
#6951=ORIENTED_EDGE('',*,*,#4999,.T.);
#6952=ORIENTED_EDGE('',*,*,#4993,.T.);
#6953=ORIENTED_EDGE('',*,*,#4991,.F.);
#6954=ORIENTED_EDGE('',*,*,#5007,.F.);
#6955=ORIENTED_EDGE('',*,*,#5008,.T.);
#6956=ORIENTED_EDGE('',*,*,#5009,.T.);
#6957=ORIENTED_EDGE('',*,*,#5010,.F.);
#6958=ORIENTED_EDGE('',*,*,#5011,.F.);
#6959=ORIENTED_EDGE('',*,*,#5008,.F.);
#6960=ORIENTED_EDGE('',*,*,#5012,.T.);
#6961=ORIENTED_EDGE('',*,*,#5013,.T.);
#6962=ORIENTED_EDGE('',*,*,#5014,.F.);
#6963=ORIENTED_EDGE('',*,*,#5009,.F.);
#6964=ORIENTED_EDGE('',*,*,#5014,.T.);
#6965=ORIENTED_EDGE('',*,*,#5015,.T.);
#6966=ORIENTED_EDGE('',*,*,#5016,.T.);
#6967=ORIENTED_EDGE('',*,*,#5017,.T.);
#6968=ORIENTED_EDGE('',*,*,#5018,.F.);
#6969=ORIENTED_EDGE('',*,*,#5019,.T.);
#6970=ORIENTED_EDGE('',*,*,#5020,.T.);
#6971=ORIENTED_EDGE('',*,*,#5021,.T.);
#6972=ORIENTED_EDGE('',*,*,#5022,.T.);
#6973=ORIENTED_EDGE('',*,*,#5010,.T.);
#6974=ORIENTED_EDGE('',*,*,#5022,.F.);
#6975=ORIENTED_EDGE('',*,*,#5023,.F.);
#6976=ORIENTED_EDGE('',*,*,#5024,.T.);
#6977=ORIENTED_EDGE('',*,*,#5025,.T.);
#6978=ORIENTED_EDGE('',*,*,#5026,.F.);
#6979=ORIENTED_EDGE('',*,*,#5027,.F.);
#6980=ORIENTED_EDGE('',*,*,#5028,.F.);
#6981=ORIENTED_EDGE('',*,*,#5012,.F.);
#6982=ORIENTED_EDGE('',*,*,#5011,.T.);
#6983=ORIENTED_EDGE('',*,*,#5024,.F.);
#6984=ORIENTED_EDGE('',*,*,#5029,.F.);
#6985=ORIENTED_EDGE('',*,*,#5030,.F.);
#6986=ORIENTED_EDGE('',*,*,#5031,.F.);
#6987=ORIENTED_EDGE('',*,*,#5032,.F.);
#6988=ORIENTED_EDGE('',*,*,#5025,.F.);
#6989=ORIENTED_EDGE('',*,*,#5033,.T.);
#6990=ORIENTED_EDGE('',*,*,#5018,.T.);
#6991=ORIENTED_EDGE('',*,*,#5032,.T.);
#6992=ORIENTED_EDGE('',*,*,#5017,.F.);
#6993=ORIENTED_EDGE('',*,*,#5034,.F.);
#6994=ORIENTED_EDGE('',*,*,#5026,.T.);
#6995=ORIENTED_EDGE('',*,*,#5027,.T.);
#6996=ORIENTED_EDGE('',*,*,#5034,.T.);
#6997=ORIENTED_EDGE('',*,*,#5016,.F.);
#6998=ORIENTED_EDGE('',*,*,#5035,.F.);
#6999=ORIENTED_EDGE('',*,*,#5028,.T.);
#7000=ORIENTED_EDGE('',*,*,#5035,.T.);
#7001=ORIENTED_EDGE('',*,*,#5015,.F.);
#7002=ORIENTED_EDGE('',*,*,#5013,.F.);
#7003=ORIENTED_EDGE('',*,*,#5033,.F.);
#7004=ORIENTED_EDGE('',*,*,#5031,.T.);
#7005=ORIENTED_EDGE('',*,*,#5036,.T.);
#7006=ORIENTED_EDGE('',*,*,#5019,.F.);
#7007=ORIENTED_EDGE('',*,*,#5030,.T.);
#7008=ORIENTED_EDGE('',*,*,#5037,.T.);
#7009=ORIENTED_EDGE('',*,*,#5020,.F.);
#7010=ORIENTED_EDGE('',*,*,#5036,.F.);
#7011=ORIENTED_EDGE('',*,*,#5029,.T.);
#7012=ORIENTED_EDGE('',*,*,#5023,.T.);
#7013=ORIENTED_EDGE('',*,*,#5021,.F.);
#7014=ORIENTED_EDGE('',*,*,#5037,.F.);
#7015=ORIENTED_EDGE('',*,*,#5038,.F.);
#7016=ORIENTED_EDGE('',*,*,#5039,.F.);
#7017=ORIENTED_EDGE('',*,*,#5040,.F.);
#7018=ORIENTED_EDGE('',*,*,#5041,.F.);
#7019=ORIENTED_EDGE('',*,*,#5038,.T.);
#7020=ORIENTED_EDGE('',*,*,#5042,.T.);
#7021=ORIENTED_EDGE('',*,*,#5043,.F.);
#7022=ORIENTED_EDGE('',*,*,#5044,.F.);
#7023=ORIENTED_EDGE('',*,*,#5039,.T.);
#7024=ORIENTED_EDGE('',*,*,#5044,.T.);
#7025=ORIENTED_EDGE('',*,*,#5045,.F.);
#7026=ORIENTED_EDGE('',*,*,#5046,.F.);
#7027=ORIENTED_EDGE('',*,*,#5040,.T.);
#7028=ORIENTED_EDGE('',*,*,#5046,.T.);
#7029=ORIENTED_EDGE('',*,*,#5047,.F.);
#7030=ORIENTED_EDGE('',*,*,#5048,.F.);
#7031=ORIENTED_EDGE('',*,*,#5041,.T.);
#7032=ORIENTED_EDGE('',*,*,#5048,.T.);
#7033=ORIENTED_EDGE('',*,*,#5049,.F.);
#7034=ORIENTED_EDGE('',*,*,#5042,.F.);
#7035=ORIENTED_EDGE('',*,*,#5043,.T.);
#7036=ORIENTED_EDGE('',*,*,#5049,.T.);
#7037=ORIENTED_EDGE('',*,*,#5047,.T.);
#7038=ORIENTED_EDGE('',*,*,#5045,.T.);
#7039=ORIENTED_EDGE('',*,*,#5050,.T.);
#7040=ORIENTED_EDGE('',*,*,#5051,.T.);
#7041=ORIENTED_EDGE('',*,*,#5052,.T.);
#7042=ORIENTED_EDGE('',*,*,#5053,.T.);
#7043=ORIENTED_EDGE('',*,*,#5050,.F.);
#7044=ORIENTED_EDGE('',*,*,#5054,.T.);
#7045=ORIENTED_EDGE('',*,*,#5055,.T.);
#7046=ORIENTED_EDGE('',*,*,#5056,.F.);
#7047=ORIENTED_EDGE('',*,*,#5051,.F.);
#7048=ORIENTED_EDGE('',*,*,#5056,.T.);
#7049=ORIENTED_EDGE('',*,*,#5057,.T.);
#7050=ORIENTED_EDGE('',*,*,#5058,.F.);
#7051=ORIENTED_EDGE('',*,*,#5052,.F.);
#7052=ORIENTED_EDGE('',*,*,#5058,.T.);
#7053=ORIENTED_EDGE('',*,*,#5059,.T.);
#7054=ORIENTED_EDGE('',*,*,#5060,.F.);
#7055=ORIENTED_EDGE('',*,*,#5053,.F.);
#7056=ORIENTED_EDGE('',*,*,#5060,.T.);
#7057=ORIENTED_EDGE('',*,*,#5061,.T.);
#7058=ORIENTED_EDGE('',*,*,#5054,.F.);
#7059=ORIENTED_EDGE('',*,*,#5055,.F.);
#7060=ORIENTED_EDGE('',*,*,#5061,.F.);
#7061=ORIENTED_EDGE('',*,*,#5059,.F.);
#7062=ORIENTED_EDGE('',*,*,#5057,.F.);
#7063=ORIENTED_EDGE('',*,*,#5062,.T.);
#7064=ORIENTED_EDGE('',*,*,#5063,.T.);
#7065=ORIENTED_EDGE('',*,*,#5064,.T.);
#7066=ORIENTED_EDGE('',*,*,#5065,.T.);
#7067=ORIENTED_EDGE('',*,*,#5062,.F.);
#7068=ORIENTED_EDGE('',*,*,#5066,.T.);
#7069=ORIENTED_EDGE('',*,*,#5067,.T.);
#7070=ORIENTED_EDGE('',*,*,#5068,.F.);
#7071=ORIENTED_EDGE('',*,*,#5063,.F.);
#7072=ORIENTED_EDGE('',*,*,#5068,.T.);
#7073=ORIENTED_EDGE('',*,*,#5069,.T.);
#7074=ORIENTED_EDGE('',*,*,#5070,.F.);
#7075=ORIENTED_EDGE('',*,*,#5064,.F.);
#7076=ORIENTED_EDGE('',*,*,#5070,.T.);
#7077=ORIENTED_EDGE('',*,*,#5071,.T.);
#7078=ORIENTED_EDGE('',*,*,#5072,.F.);
#7079=ORIENTED_EDGE('',*,*,#5065,.F.);
#7080=ORIENTED_EDGE('',*,*,#5072,.T.);
#7081=ORIENTED_EDGE('',*,*,#5073,.T.);
#7082=ORIENTED_EDGE('',*,*,#5066,.F.);
#7083=ORIENTED_EDGE('',*,*,#5067,.F.);
#7084=ORIENTED_EDGE('',*,*,#5073,.F.);
#7085=ORIENTED_EDGE('',*,*,#5071,.F.);
#7086=ORIENTED_EDGE('',*,*,#5069,.F.);
#7087=ORIENTED_EDGE('',*,*,#5074,.T.);
#7088=ORIENTED_EDGE('',*,*,#5075,.T.);
#7089=ORIENTED_EDGE('',*,*,#5076,.T.);
#7090=ORIENTED_EDGE('',*,*,#5077,.T.);
#7091=ORIENTED_EDGE('',*,*,#5074,.F.);
#7092=ORIENTED_EDGE('',*,*,#5078,.T.);
#7093=ORIENTED_EDGE('',*,*,#5079,.T.);
#7094=ORIENTED_EDGE('',*,*,#5080,.F.);
#7095=ORIENTED_EDGE('',*,*,#5075,.F.);
#7096=ORIENTED_EDGE('',*,*,#5080,.T.);
#7097=ORIENTED_EDGE('',*,*,#5081,.T.);
#7098=ORIENTED_EDGE('',*,*,#5082,.F.);
#7099=ORIENTED_EDGE('',*,*,#5076,.F.);
#7100=ORIENTED_EDGE('',*,*,#5082,.T.);
#7101=ORIENTED_EDGE('',*,*,#5083,.T.);
#7102=ORIENTED_EDGE('',*,*,#5084,.F.);
#7103=ORIENTED_EDGE('',*,*,#5077,.F.);
#7104=ORIENTED_EDGE('',*,*,#5084,.T.);
#7105=ORIENTED_EDGE('',*,*,#5085,.T.);
#7106=ORIENTED_EDGE('',*,*,#5078,.F.);
#7107=ORIENTED_EDGE('',*,*,#5079,.F.);
#7108=ORIENTED_EDGE('',*,*,#5085,.F.);
#7109=ORIENTED_EDGE('',*,*,#5083,.F.);
#7110=ORIENTED_EDGE('',*,*,#5081,.F.);
#7111=ORIENTED_EDGE('',*,*,#5086,.T.);
#7112=ORIENTED_EDGE('',*,*,#5087,.T.);
#7113=ORIENTED_EDGE('',*,*,#5088,.T.);
#7114=ORIENTED_EDGE('',*,*,#5089,.T.);
#7115=ORIENTED_EDGE('',*,*,#5086,.F.);
#7116=ORIENTED_EDGE('',*,*,#5090,.T.);
#7117=ORIENTED_EDGE('',*,*,#5091,.T.);
#7118=ORIENTED_EDGE('',*,*,#5092,.F.);
#7119=ORIENTED_EDGE('',*,*,#5087,.F.);
#7120=ORIENTED_EDGE('',*,*,#5092,.T.);
#7121=ORIENTED_EDGE('',*,*,#5093,.T.);
#7122=ORIENTED_EDGE('',*,*,#5094,.F.);
#7123=ORIENTED_EDGE('',*,*,#5088,.F.);
#7124=ORIENTED_EDGE('',*,*,#5094,.T.);
#7125=ORIENTED_EDGE('',*,*,#5095,.T.);
#7126=ORIENTED_EDGE('',*,*,#5096,.F.);
#7127=ORIENTED_EDGE('',*,*,#5089,.F.);
#7128=ORIENTED_EDGE('',*,*,#5096,.T.);
#7129=ORIENTED_EDGE('',*,*,#5097,.T.);
#7130=ORIENTED_EDGE('',*,*,#5090,.F.);
#7131=ORIENTED_EDGE('',*,*,#5091,.F.);
#7132=ORIENTED_EDGE('',*,*,#5097,.F.);
#7133=ORIENTED_EDGE('',*,*,#5095,.F.);
#7134=ORIENTED_EDGE('',*,*,#5093,.F.);
#7135=ORIENTED_EDGE('',*,*,#5098,.T.);
#7136=ORIENTED_EDGE('',*,*,#5099,.T.);
#7137=ORIENTED_EDGE('',*,*,#5100,.T.);
#7138=ORIENTED_EDGE('',*,*,#5101,.T.);
#7139=ORIENTED_EDGE('',*,*,#5098,.F.);
#7140=ORIENTED_EDGE('',*,*,#5102,.T.);
#7141=ORIENTED_EDGE('',*,*,#5103,.T.);
#7142=ORIENTED_EDGE('',*,*,#5104,.F.);
#7143=ORIENTED_EDGE('',*,*,#5099,.F.);
#7144=ORIENTED_EDGE('',*,*,#5104,.T.);
#7145=ORIENTED_EDGE('',*,*,#5105,.T.);
#7146=ORIENTED_EDGE('',*,*,#5106,.F.);
#7147=ORIENTED_EDGE('',*,*,#5100,.F.);
#7148=ORIENTED_EDGE('',*,*,#5106,.T.);
#7149=ORIENTED_EDGE('',*,*,#5107,.T.);
#7150=ORIENTED_EDGE('',*,*,#5108,.F.);
#7151=ORIENTED_EDGE('',*,*,#5101,.F.);
#7152=ORIENTED_EDGE('',*,*,#5108,.T.);
#7153=ORIENTED_EDGE('',*,*,#5109,.T.);
#7154=ORIENTED_EDGE('',*,*,#5102,.F.);
#7155=ORIENTED_EDGE('',*,*,#5103,.F.);
#7156=ORIENTED_EDGE('',*,*,#5109,.F.);
#7157=ORIENTED_EDGE('',*,*,#5107,.F.);
#7158=ORIENTED_EDGE('',*,*,#5105,.F.);
#7159=ORIENTED_EDGE('',*,*,#5110,.T.);
#7160=ORIENTED_EDGE('',*,*,#5111,.T.);
#7161=ORIENTED_EDGE('',*,*,#5112,.T.);
#7162=ORIENTED_EDGE('',*,*,#5113,.T.);
#7163=ORIENTED_EDGE('',*,*,#5110,.F.);
#7164=ORIENTED_EDGE('',*,*,#5114,.T.);
#7165=ORIENTED_EDGE('',*,*,#5115,.T.);
#7166=ORIENTED_EDGE('',*,*,#5116,.F.);
#7167=ORIENTED_EDGE('',*,*,#5111,.F.);
#7168=ORIENTED_EDGE('',*,*,#5116,.T.);
#7169=ORIENTED_EDGE('',*,*,#5117,.T.);
#7170=ORIENTED_EDGE('',*,*,#5118,.F.);
#7171=ORIENTED_EDGE('',*,*,#5112,.F.);
#7172=ORIENTED_EDGE('',*,*,#5118,.T.);
#7173=ORIENTED_EDGE('',*,*,#5119,.T.);
#7174=ORIENTED_EDGE('',*,*,#5120,.F.);
#7175=ORIENTED_EDGE('',*,*,#5113,.F.);
#7176=ORIENTED_EDGE('',*,*,#5120,.T.);
#7177=ORIENTED_EDGE('',*,*,#5121,.T.);
#7178=ORIENTED_EDGE('',*,*,#5114,.F.);
#7179=ORIENTED_EDGE('',*,*,#5115,.F.);
#7180=ORIENTED_EDGE('',*,*,#5121,.F.);
#7181=ORIENTED_EDGE('',*,*,#5119,.F.);
#7182=ORIENTED_EDGE('',*,*,#5117,.F.);
#7183=ORIENTED_EDGE('',*,*,#5122,.T.);
#7184=ORIENTED_EDGE('',*,*,#5123,.T.);
#7185=ORIENTED_EDGE('',*,*,#5124,.T.);
#7186=ORIENTED_EDGE('',*,*,#5125,.T.);
#7187=ORIENTED_EDGE('',*,*,#5122,.F.);
#7188=ORIENTED_EDGE('',*,*,#5126,.T.);
#7189=ORIENTED_EDGE('',*,*,#5127,.T.);
#7190=ORIENTED_EDGE('',*,*,#5128,.F.);
#7191=ORIENTED_EDGE('',*,*,#5123,.F.);
#7192=ORIENTED_EDGE('',*,*,#5128,.T.);
#7193=ORIENTED_EDGE('',*,*,#5129,.T.);
#7194=ORIENTED_EDGE('',*,*,#5130,.F.);
#7195=ORIENTED_EDGE('',*,*,#5124,.F.);
#7196=ORIENTED_EDGE('',*,*,#5130,.T.);
#7197=ORIENTED_EDGE('',*,*,#5131,.T.);
#7198=ORIENTED_EDGE('',*,*,#5132,.F.);
#7199=ORIENTED_EDGE('',*,*,#5125,.F.);
#7200=ORIENTED_EDGE('',*,*,#5132,.T.);
#7201=ORIENTED_EDGE('',*,*,#5133,.T.);
#7202=ORIENTED_EDGE('',*,*,#5126,.F.);
#7203=ORIENTED_EDGE('',*,*,#5127,.F.);
#7204=ORIENTED_EDGE('',*,*,#5133,.F.);
#7205=ORIENTED_EDGE('',*,*,#5131,.F.);
#7206=ORIENTED_EDGE('',*,*,#5129,.F.);
#7207=ORIENTED_EDGE('',*,*,#5134,.T.);
#7208=ORIENTED_EDGE('',*,*,#5135,.T.);
#7209=ORIENTED_EDGE('',*,*,#5136,.T.);
#7210=ORIENTED_EDGE('',*,*,#5137,.T.);
#7211=ORIENTED_EDGE('',*,*,#5134,.F.);
#7212=ORIENTED_EDGE('',*,*,#5138,.T.);
#7213=ORIENTED_EDGE('',*,*,#5139,.T.);
#7214=ORIENTED_EDGE('',*,*,#5140,.F.);
#7215=ORIENTED_EDGE('',*,*,#5135,.F.);
#7216=ORIENTED_EDGE('',*,*,#5140,.T.);
#7217=ORIENTED_EDGE('',*,*,#5141,.T.);
#7218=ORIENTED_EDGE('',*,*,#5142,.F.);
#7219=ORIENTED_EDGE('',*,*,#5136,.F.);
#7220=ORIENTED_EDGE('',*,*,#5142,.T.);
#7221=ORIENTED_EDGE('',*,*,#5143,.T.);
#7222=ORIENTED_EDGE('',*,*,#5144,.F.);
#7223=ORIENTED_EDGE('',*,*,#5137,.F.);
#7224=ORIENTED_EDGE('',*,*,#5144,.T.);
#7225=ORIENTED_EDGE('',*,*,#5145,.T.);
#7226=ORIENTED_EDGE('',*,*,#5138,.F.);
#7227=ORIENTED_EDGE('',*,*,#5139,.F.);
#7228=ORIENTED_EDGE('',*,*,#5145,.F.);
#7229=ORIENTED_EDGE('',*,*,#5143,.F.);
#7230=ORIENTED_EDGE('',*,*,#5141,.F.);
#7231=ORIENTED_EDGE('',*,*,#5146,.F.);
#7232=ORIENTED_EDGE('',*,*,#5147,.F.);
#7233=ORIENTED_EDGE('',*,*,#5148,.F.);
#7234=ORIENTED_EDGE('',*,*,#5149,.F.);
#7235=ORIENTED_EDGE('',*,*,#5146,.T.);
#7236=ORIENTED_EDGE('',*,*,#5150,.T.);
#7237=ORIENTED_EDGE('',*,*,#5151,.F.);
#7238=ORIENTED_EDGE('',*,*,#5152,.F.);
#7239=ORIENTED_EDGE('',*,*,#5147,.T.);
#7240=ORIENTED_EDGE('',*,*,#5152,.T.);
#7241=ORIENTED_EDGE('',*,*,#5153,.F.);
#7242=ORIENTED_EDGE('',*,*,#5154,.F.);
#7243=ORIENTED_EDGE('',*,*,#5148,.T.);
#7244=ORIENTED_EDGE('',*,*,#5154,.T.);
#7245=ORIENTED_EDGE('',*,*,#5155,.F.);
#7246=ORIENTED_EDGE('',*,*,#5156,.F.);
#7247=ORIENTED_EDGE('',*,*,#5149,.T.);
#7248=ORIENTED_EDGE('',*,*,#5156,.T.);
#7249=ORIENTED_EDGE('',*,*,#5157,.F.);
#7250=ORIENTED_EDGE('',*,*,#5150,.F.);
#7251=ORIENTED_EDGE('',*,*,#5151,.T.);
#7252=ORIENTED_EDGE('',*,*,#5157,.T.);
#7253=ORIENTED_EDGE('',*,*,#5155,.T.);
#7254=ORIENTED_EDGE('',*,*,#5153,.T.);
#7255=ORIENTED_EDGE('',*,*,#5158,.F.);
#7256=ORIENTED_EDGE('',*,*,#5159,.F.);
#7257=ORIENTED_EDGE('',*,*,#5160,.F.);
#7258=ORIENTED_EDGE('',*,*,#5161,.F.);
#7259=ORIENTED_EDGE('',*,*,#5158,.T.);
#7260=ORIENTED_EDGE('',*,*,#5162,.T.);
#7261=ORIENTED_EDGE('',*,*,#5163,.F.);
#7262=ORIENTED_EDGE('',*,*,#5164,.F.);
#7263=ORIENTED_EDGE('',*,*,#5159,.T.);
#7264=ORIENTED_EDGE('',*,*,#5164,.T.);
#7265=ORIENTED_EDGE('',*,*,#5165,.F.);
#7266=ORIENTED_EDGE('',*,*,#5166,.F.);
#7267=ORIENTED_EDGE('',*,*,#5160,.T.);
#7268=ORIENTED_EDGE('',*,*,#5166,.T.);
#7269=ORIENTED_EDGE('',*,*,#5167,.F.);
#7270=ORIENTED_EDGE('',*,*,#5168,.F.);
#7271=ORIENTED_EDGE('',*,*,#5161,.T.);
#7272=ORIENTED_EDGE('',*,*,#5168,.T.);
#7273=ORIENTED_EDGE('',*,*,#5169,.F.);
#7274=ORIENTED_EDGE('',*,*,#5162,.F.);
#7275=ORIENTED_EDGE('',*,*,#5163,.T.);
#7276=ORIENTED_EDGE('',*,*,#5169,.T.);
#7277=ORIENTED_EDGE('',*,*,#5167,.T.);
#7278=ORIENTED_EDGE('',*,*,#5165,.T.);
#7279=ORIENTED_EDGE('',*,*,#5170,.T.);
#7280=ORIENTED_EDGE('',*,*,#5171,.T.);
#7281=ORIENTED_EDGE('',*,*,#5172,.T.);
#7282=ORIENTED_EDGE('',*,*,#5173,.T.);
#7283=ORIENTED_EDGE('',*,*,#5170,.F.);
#7284=ORIENTED_EDGE('',*,*,#5174,.T.);
#7285=ORIENTED_EDGE('',*,*,#5175,.T.);
#7286=ORIENTED_EDGE('',*,*,#5176,.F.);
#7287=ORIENTED_EDGE('',*,*,#5171,.F.);
#7288=ORIENTED_EDGE('',*,*,#5176,.T.);
#7289=ORIENTED_EDGE('',*,*,#5177,.T.);
#7290=ORIENTED_EDGE('',*,*,#5178,.F.);
#7291=ORIENTED_EDGE('',*,*,#5172,.F.);
#7292=ORIENTED_EDGE('',*,*,#5178,.T.);
#7293=ORIENTED_EDGE('',*,*,#5179,.T.);
#7294=ORIENTED_EDGE('',*,*,#5180,.F.);
#7295=ORIENTED_EDGE('',*,*,#5173,.F.);
#7296=ORIENTED_EDGE('',*,*,#5180,.T.);
#7297=ORIENTED_EDGE('',*,*,#5181,.T.);
#7298=ORIENTED_EDGE('',*,*,#5174,.F.);
#7299=ORIENTED_EDGE('',*,*,#5175,.F.);
#7300=ORIENTED_EDGE('',*,*,#5181,.F.);
#7301=ORIENTED_EDGE('',*,*,#5179,.F.);
#7302=ORIENTED_EDGE('',*,*,#5177,.F.);
#7303=ORIENTED_EDGE('',*,*,#5182,.T.);
#7304=ORIENTED_EDGE('',*,*,#5183,.T.);
#7305=ORIENTED_EDGE('',*,*,#5184,.T.);
#7306=ORIENTED_EDGE('',*,*,#5185,.T.);
#7307=ORIENTED_EDGE('',*,*,#5182,.F.);
#7308=ORIENTED_EDGE('',*,*,#5186,.T.);
#7309=ORIENTED_EDGE('',*,*,#5187,.T.);
#7310=ORIENTED_EDGE('',*,*,#5188,.F.);
#7311=ORIENTED_EDGE('',*,*,#5183,.F.);
#7312=ORIENTED_EDGE('',*,*,#5188,.T.);
#7313=ORIENTED_EDGE('',*,*,#5189,.T.);
#7314=ORIENTED_EDGE('',*,*,#5190,.F.);
#7315=ORIENTED_EDGE('',*,*,#5184,.F.);
#7316=ORIENTED_EDGE('',*,*,#5190,.T.);
#7317=ORIENTED_EDGE('',*,*,#5191,.T.);
#7318=ORIENTED_EDGE('',*,*,#5192,.F.);
#7319=ORIENTED_EDGE('',*,*,#5185,.F.);
#7320=ORIENTED_EDGE('',*,*,#5192,.T.);
#7321=ORIENTED_EDGE('',*,*,#5193,.T.);
#7322=ORIENTED_EDGE('',*,*,#5186,.F.);
#7323=ORIENTED_EDGE('',*,*,#5187,.F.);
#7324=ORIENTED_EDGE('',*,*,#5193,.F.);
#7325=ORIENTED_EDGE('',*,*,#5191,.F.);
#7326=ORIENTED_EDGE('',*,*,#5189,.F.);
#7327=ORIENTED_EDGE('',*,*,#5194,.F.);
#7328=ORIENTED_EDGE('',*,*,#5195,.F.);
#7329=ORIENTED_EDGE('',*,*,#5196,.F.);
#7330=ORIENTED_EDGE('',*,*,#5197,.F.);
#7331=ORIENTED_EDGE('',*,*,#5194,.T.);
#7332=ORIENTED_EDGE('',*,*,#5198,.T.);
#7333=ORIENTED_EDGE('',*,*,#5199,.F.);
#7334=ORIENTED_EDGE('',*,*,#5200,.F.);
#7335=ORIENTED_EDGE('',*,*,#5195,.T.);
#7336=ORIENTED_EDGE('',*,*,#5200,.T.);
#7337=ORIENTED_EDGE('',*,*,#5201,.F.);
#7338=ORIENTED_EDGE('',*,*,#5202,.F.);
#7339=ORIENTED_EDGE('',*,*,#5196,.T.);
#7340=ORIENTED_EDGE('',*,*,#5202,.T.);
#7341=ORIENTED_EDGE('',*,*,#5203,.F.);
#7342=ORIENTED_EDGE('',*,*,#5204,.F.);
#7343=ORIENTED_EDGE('',*,*,#5197,.T.);
#7344=ORIENTED_EDGE('',*,*,#5204,.T.);
#7345=ORIENTED_EDGE('',*,*,#5205,.F.);
#7346=ORIENTED_EDGE('',*,*,#5198,.F.);
#7347=ORIENTED_EDGE('',*,*,#5199,.T.);
#7348=ORIENTED_EDGE('',*,*,#5205,.T.);
#7349=ORIENTED_EDGE('',*,*,#5203,.T.);
#7350=ORIENTED_EDGE('',*,*,#5201,.T.);
#7351=ORIENTED_EDGE('',*,*,#5206,.F.);
#7352=ORIENTED_EDGE('',*,*,#5207,.F.);
#7353=ORIENTED_EDGE('',*,*,#5208,.F.);
#7354=ORIENTED_EDGE('',*,*,#5209,.F.);
#7355=ORIENTED_EDGE('',*,*,#5206,.T.);
#7356=ORIENTED_EDGE('',*,*,#5210,.T.);
#7357=ORIENTED_EDGE('',*,*,#5211,.F.);
#7358=ORIENTED_EDGE('',*,*,#5212,.F.);
#7359=ORIENTED_EDGE('',*,*,#5207,.T.);
#7360=ORIENTED_EDGE('',*,*,#5212,.T.);
#7361=ORIENTED_EDGE('',*,*,#5213,.F.);
#7362=ORIENTED_EDGE('',*,*,#5214,.F.);
#7363=ORIENTED_EDGE('',*,*,#5208,.T.);
#7364=ORIENTED_EDGE('',*,*,#5214,.T.);
#7365=ORIENTED_EDGE('',*,*,#5215,.F.);
#7366=ORIENTED_EDGE('',*,*,#5216,.F.);
#7367=ORIENTED_EDGE('',*,*,#5209,.T.);
#7368=ORIENTED_EDGE('',*,*,#5216,.T.);
#7369=ORIENTED_EDGE('',*,*,#5217,.F.);
#7370=ORIENTED_EDGE('',*,*,#5210,.F.);
#7371=ORIENTED_EDGE('',*,*,#5211,.T.);
#7372=ORIENTED_EDGE('',*,*,#5217,.T.);
#7373=ORIENTED_EDGE('',*,*,#5215,.T.);
#7374=ORIENTED_EDGE('',*,*,#5213,.T.);
#7375=ORIENTED_EDGE('',*,*,#5218,.F.);
#7376=ORIENTED_EDGE('',*,*,#5219,.F.);
#7377=ORIENTED_EDGE('',*,*,#5220,.F.);
#7378=ORIENTED_EDGE('',*,*,#5221,.F.);
#7379=ORIENTED_EDGE('',*,*,#5218,.T.);
#7380=ORIENTED_EDGE('',*,*,#5222,.T.);
#7381=ORIENTED_EDGE('',*,*,#5223,.F.);
#7382=ORIENTED_EDGE('',*,*,#5224,.F.);
#7383=ORIENTED_EDGE('',*,*,#5219,.T.);
#7384=ORIENTED_EDGE('',*,*,#5224,.T.);
#7385=ORIENTED_EDGE('',*,*,#5225,.F.);
#7386=ORIENTED_EDGE('',*,*,#5226,.F.);
#7387=ORIENTED_EDGE('',*,*,#5220,.T.);
#7388=ORIENTED_EDGE('',*,*,#5226,.T.);
#7389=ORIENTED_EDGE('',*,*,#5227,.F.);
#7390=ORIENTED_EDGE('',*,*,#5228,.F.);
#7391=ORIENTED_EDGE('',*,*,#5221,.T.);
#7392=ORIENTED_EDGE('',*,*,#5228,.T.);
#7393=ORIENTED_EDGE('',*,*,#5229,.F.);
#7394=ORIENTED_EDGE('',*,*,#5222,.F.);
#7395=ORIENTED_EDGE('',*,*,#5223,.T.);
#7396=ORIENTED_EDGE('',*,*,#5229,.T.);
#7397=ORIENTED_EDGE('',*,*,#5227,.T.);
#7398=ORIENTED_EDGE('',*,*,#5225,.T.);
#7399=ORIENTED_EDGE('',*,*,#5230,.T.);
#7400=ORIENTED_EDGE('',*,*,#5231,.T.);
#7401=ORIENTED_EDGE('',*,*,#5232,.T.);
#7402=ORIENTED_EDGE('',*,*,#5233,.T.);
#7403=ORIENTED_EDGE('',*,*,#5230,.F.);
#7404=ORIENTED_EDGE('',*,*,#5234,.T.);
#7405=ORIENTED_EDGE('',*,*,#5235,.T.);
#7406=ORIENTED_EDGE('',*,*,#5236,.F.);
#7407=ORIENTED_EDGE('',*,*,#5231,.F.);
#7408=ORIENTED_EDGE('',*,*,#5236,.T.);
#7409=ORIENTED_EDGE('',*,*,#5237,.T.);
#7410=ORIENTED_EDGE('',*,*,#5238,.F.);
#7411=ORIENTED_EDGE('',*,*,#5232,.F.);
#7412=ORIENTED_EDGE('',*,*,#5238,.T.);
#7413=ORIENTED_EDGE('',*,*,#5239,.T.);
#7414=ORIENTED_EDGE('',*,*,#5240,.F.);
#7415=ORIENTED_EDGE('',*,*,#5233,.F.);
#7416=ORIENTED_EDGE('',*,*,#5240,.T.);
#7417=ORIENTED_EDGE('',*,*,#5241,.T.);
#7418=ORIENTED_EDGE('',*,*,#5234,.F.);
#7419=ORIENTED_EDGE('',*,*,#5235,.F.);
#7420=ORIENTED_EDGE('',*,*,#5241,.F.);
#7421=ORIENTED_EDGE('',*,*,#5239,.F.);
#7422=ORIENTED_EDGE('',*,*,#5237,.F.);
#7423=ORIENTED_EDGE('',*,*,#5242,.T.);
#7424=ORIENTED_EDGE('',*,*,#5243,.T.);
#7425=ORIENTED_EDGE('',*,*,#5244,.T.);
#7426=ORIENTED_EDGE('',*,*,#5245,.T.);
#7427=ORIENTED_EDGE('',*,*,#5242,.F.);
#7428=ORIENTED_EDGE('',*,*,#5246,.T.);
#7429=ORIENTED_EDGE('',*,*,#5247,.T.);
#7430=ORIENTED_EDGE('',*,*,#5248,.F.);
#7431=ORIENTED_EDGE('',*,*,#5243,.F.);
#7432=ORIENTED_EDGE('',*,*,#5248,.T.);
#7433=ORIENTED_EDGE('',*,*,#5249,.T.);
#7434=ORIENTED_EDGE('',*,*,#5250,.F.);
#7435=ORIENTED_EDGE('',*,*,#5244,.F.);
#7436=ORIENTED_EDGE('',*,*,#5250,.T.);
#7437=ORIENTED_EDGE('',*,*,#5251,.T.);
#7438=ORIENTED_EDGE('',*,*,#5252,.F.);
#7439=ORIENTED_EDGE('',*,*,#5245,.F.);
#7440=ORIENTED_EDGE('',*,*,#5252,.T.);
#7441=ORIENTED_EDGE('',*,*,#5253,.T.);
#7442=ORIENTED_EDGE('',*,*,#5246,.F.);
#7443=ORIENTED_EDGE('',*,*,#5247,.F.);
#7444=ORIENTED_EDGE('',*,*,#5253,.F.);
#7445=ORIENTED_EDGE('',*,*,#5251,.F.);
#7446=ORIENTED_EDGE('',*,*,#5249,.F.);
#7447=ORIENTED_EDGE('',*,*,#5254,.T.);
#7448=ORIENTED_EDGE('',*,*,#5255,.T.);
#7449=ORIENTED_EDGE('',*,*,#5256,.T.);
#7450=ORIENTED_EDGE('',*,*,#5257,.T.);
#7451=ORIENTED_EDGE('',*,*,#5254,.F.);
#7452=ORIENTED_EDGE('',*,*,#5258,.T.);
#7453=ORIENTED_EDGE('',*,*,#5259,.T.);
#7454=ORIENTED_EDGE('',*,*,#5260,.F.);
#7455=ORIENTED_EDGE('',*,*,#5255,.F.);
#7456=ORIENTED_EDGE('',*,*,#5260,.T.);
#7457=ORIENTED_EDGE('',*,*,#5261,.T.);
#7458=ORIENTED_EDGE('',*,*,#5262,.F.);
#7459=ORIENTED_EDGE('',*,*,#5256,.F.);
#7460=ORIENTED_EDGE('',*,*,#5262,.T.);
#7461=ORIENTED_EDGE('',*,*,#5263,.T.);
#7462=ORIENTED_EDGE('',*,*,#5264,.F.);
#7463=ORIENTED_EDGE('',*,*,#5257,.F.);
#7464=ORIENTED_EDGE('',*,*,#5264,.T.);
#7465=ORIENTED_EDGE('',*,*,#5265,.T.);
#7466=ORIENTED_EDGE('',*,*,#5258,.F.);
#7467=ORIENTED_EDGE('',*,*,#5259,.F.);
#7468=ORIENTED_EDGE('',*,*,#5265,.F.);
#7469=ORIENTED_EDGE('',*,*,#5263,.F.);
#7470=ORIENTED_EDGE('',*,*,#5261,.F.);
#7471=ORIENTED_EDGE('',*,*,#5266,.T.);
#7472=ORIENTED_EDGE('',*,*,#5267,.T.);
#7473=ORIENTED_EDGE('',*,*,#5268,.T.);
#7474=ORIENTED_EDGE('',*,*,#5269,.T.);
#7475=ORIENTED_EDGE('',*,*,#5266,.F.);
#7476=ORIENTED_EDGE('',*,*,#5270,.T.);
#7477=ORIENTED_EDGE('',*,*,#5271,.T.);
#7478=ORIENTED_EDGE('',*,*,#5272,.F.);
#7479=ORIENTED_EDGE('',*,*,#5267,.F.);
#7480=ORIENTED_EDGE('',*,*,#5272,.T.);
#7481=ORIENTED_EDGE('',*,*,#5273,.T.);
#7482=ORIENTED_EDGE('',*,*,#5274,.F.);
#7483=ORIENTED_EDGE('',*,*,#5268,.F.);
#7484=ORIENTED_EDGE('',*,*,#5274,.T.);
#7485=ORIENTED_EDGE('',*,*,#5275,.T.);
#7486=ORIENTED_EDGE('',*,*,#5276,.F.);
#7487=ORIENTED_EDGE('',*,*,#5269,.F.);
#7488=ORIENTED_EDGE('',*,*,#5276,.T.);
#7489=ORIENTED_EDGE('',*,*,#5277,.T.);
#7490=ORIENTED_EDGE('',*,*,#5270,.F.);
#7491=ORIENTED_EDGE('',*,*,#5271,.F.);
#7492=ORIENTED_EDGE('',*,*,#5277,.F.);
#7493=ORIENTED_EDGE('',*,*,#5275,.F.);
#7494=ORIENTED_EDGE('',*,*,#5273,.F.);
#7495=ORIENTED_EDGE('',*,*,#5278,.T.);
#7496=ORIENTED_EDGE('',*,*,#5279,.T.);
#7497=ORIENTED_EDGE('',*,*,#5280,.T.);
#7498=ORIENTED_EDGE('',*,*,#5281,.T.);
#7499=ORIENTED_EDGE('',*,*,#5278,.F.);
#7500=ORIENTED_EDGE('',*,*,#5282,.T.);
#7501=ORIENTED_EDGE('',*,*,#5283,.T.);
#7502=ORIENTED_EDGE('',*,*,#5284,.F.);
#7503=ORIENTED_EDGE('',*,*,#5279,.F.);
#7504=ORIENTED_EDGE('',*,*,#5284,.T.);
#7505=ORIENTED_EDGE('',*,*,#5285,.T.);
#7506=ORIENTED_EDGE('',*,*,#5286,.F.);
#7507=ORIENTED_EDGE('',*,*,#5280,.F.);
#7508=ORIENTED_EDGE('',*,*,#5286,.T.);
#7509=ORIENTED_EDGE('',*,*,#5287,.T.);
#7510=ORIENTED_EDGE('',*,*,#5288,.F.);
#7511=ORIENTED_EDGE('',*,*,#5281,.F.);
#7512=ORIENTED_EDGE('',*,*,#5288,.T.);
#7513=ORIENTED_EDGE('',*,*,#5289,.T.);
#7514=ORIENTED_EDGE('',*,*,#5282,.F.);
#7515=ORIENTED_EDGE('',*,*,#5283,.F.);
#7516=ORIENTED_EDGE('',*,*,#5289,.F.);
#7517=ORIENTED_EDGE('',*,*,#5287,.F.);
#7518=ORIENTED_EDGE('',*,*,#5285,.F.);
#7519=ORIENTED_EDGE('',*,*,#5290,.T.);
#7520=ORIENTED_EDGE('',*,*,#5291,.T.);
#7521=ORIENTED_EDGE('',*,*,#5292,.T.);
#7522=ORIENTED_EDGE('',*,*,#5293,.T.);
#7523=ORIENTED_EDGE('',*,*,#5290,.F.);
#7524=ORIENTED_EDGE('',*,*,#5294,.T.);
#7525=ORIENTED_EDGE('',*,*,#5295,.T.);
#7526=ORIENTED_EDGE('',*,*,#5296,.F.);
#7527=ORIENTED_EDGE('',*,*,#5291,.F.);
#7528=ORIENTED_EDGE('',*,*,#5296,.T.);
#7529=ORIENTED_EDGE('',*,*,#5297,.T.);
#7530=ORIENTED_EDGE('',*,*,#5298,.F.);
#7531=ORIENTED_EDGE('',*,*,#5292,.F.);
#7532=ORIENTED_EDGE('',*,*,#5298,.T.);
#7533=ORIENTED_EDGE('',*,*,#5299,.T.);
#7534=ORIENTED_EDGE('',*,*,#5300,.F.);
#7535=ORIENTED_EDGE('',*,*,#5293,.F.);
#7536=ORIENTED_EDGE('',*,*,#5300,.T.);
#7537=ORIENTED_EDGE('',*,*,#5301,.T.);
#7538=ORIENTED_EDGE('',*,*,#5294,.F.);
#7539=ORIENTED_EDGE('',*,*,#5295,.F.);
#7540=ORIENTED_EDGE('',*,*,#5301,.F.);
#7541=ORIENTED_EDGE('',*,*,#5299,.F.);
#7542=ORIENTED_EDGE('',*,*,#5297,.F.);
#7543=ORIENTED_EDGE('',*,*,#5302,.T.);
#7544=ORIENTED_EDGE('',*,*,#5303,.T.);
#7545=ORIENTED_EDGE('',*,*,#5304,.T.);
#7546=ORIENTED_EDGE('',*,*,#5305,.T.);
#7547=ORIENTED_EDGE('',*,*,#5302,.F.);
#7548=ORIENTED_EDGE('',*,*,#5306,.T.);
#7549=ORIENTED_EDGE('',*,*,#5307,.T.);
#7550=ORIENTED_EDGE('',*,*,#5308,.F.);
#7551=ORIENTED_EDGE('',*,*,#5303,.F.);
#7552=ORIENTED_EDGE('',*,*,#5308,.T.);
#7553=ORIENTED_EDGE('',*,*,#5309,.T.);
#7554=ORIENTED_EDGE('',*,*,#5310,.F.);
#7555=ORIENTED_EDGE('',*,*,#5304,.F.);
#7556=ORIENTED_EDGE('',*,*,#5310,.T.);
#7557=ORIENTED_EDGE('',*,*,#5311,.T.);
#7558=ORIENTED_EDGE('',*,*,#5312,.F.);
#7559=ORIENTED_EDGE('',*,*,#5305,.F.);
#7560=ORIENTED_EDGE('',*,*,#5312,.T.);
#7561=ORIENTED_EDGE('',*,*,#5313,.T.);
#7562=ORIENTED_EDGE('',*,*,#5306,.F.);
#7563=ORIENTED_EDGE('',*,*,#5307,.F.);
#7564=ORIENTED_EDGE('',*,*,#5313,.F.);
#7565=ORIENTED_EDGE('',*,*,#5311,.F.);
#7566=ORIENTED_EDGE('',*,*,#5309,.F.);
#7567=ORIENTED_EDGE('',*,*,#5314,.T.);
#7568=ORIENTED_EDGE('',*,*,#5315,.T.);
#7569=ORIENTED_EDGE('',*,*,#5316,.T.);
#7570=ORIENTED_EDGE('',*,*,#5317,.T.);
#7571=ORIENTED_EDGE('',*,*,#5314,.F.);
#7572=ORIENTED_EDGE('',*,*,#5318,.T.);
#7573=ORIENTED_EDGE('',*,*,#5319,.T.);
#7574=ORIENTED_EDGE('',*,*,#5320,.F.);
#7575=ORIENTED_EDGE('',*,*,#5315,.F.);
#7576=ORIENTED_EDGE('',*,*,#5320,.T.);
#7577=ORIENTED_EDGE('',*,*,#5321,.T.);
#7578=ORIENTED_EDGE('',*,*,#5322,.F.);
#7579=ORIENTED_EDGE('',*,*,#5316,.F.);
#7580=ORIENTED_EDGE('',*,*,#5322,.T.);
#7581=ORIENTED_EDGE('',*,*,#5323,.T.);
#7582=ORIENTED_EDGE('',*,*,#5324,.F.);
#7583=ORIENTED_EDGE('',*,*,#5317,.F.);
#7584=ORIENTED_EDGE('',*,*,#5324,.T.);
#7585=ORIENTED_EDGE('',*,*,#5325,.T.);
#7586=ORIENTED_EDGE('',*,*,#5318,.F.);
#7587=ORIENTED_EDGE('',*,*,#5319,.F.);
#7588=ORIENTED_EDGE('',*,*,#5325,.F.);
#7589=ORIENTED_EDGE('',*,*,#5323,.F.);
#7590=ORIENTED_EDGE('',*,*,#5321,.F.);
#7591=ORIENTED_EDGE('',*,*,#5326,.T.);
#7592=ORIENTED_EDGE('',*,*,#5327,.T.);
#7593=ORIENTED_EDGE('',*,*,#5328,.T.);
#7594=ORIENTED_EDGE('',*,*,#5329,.T.);
#7595=ORIENTED_EDGE('',*,*,#5326,.F.);
#7596=ORIENTED_EDGE('',*,*,#5330,.T.);
#7597=ORIENTED_EDGE('',*,*,#5331,.T.);
#7598=ORIENTED_EDGE('',*,*,#5332,.F.);
#7599=ORIENTED_EDGE('',*,*,#5327,.F.);
#7600=ORIENTED_EDGE('',*,*,#5332,.T.);
#7601=ORIENTED_EDGE('',*,*,#5333,.T.);
#7602=ORIENTED_EDGE('',*,*,#5334,.F.);
#7603=ORIENTED_EDGE('',*,*,#5328,.F.);
#7604=ORIENTED_EDGE('',*,*,#5334,.T.);
#7605=ORIENTED_EDGE('',*,*,#5335,.T.);
#7606=ORIENTED_EDGE('',*,*,#5336,.F.);
#7607=ORIENTED_EDGE('',*,*,#5329,.F.);
#7608=ORIENTED_EDGE('',*,*,#5336,.T.);
#7609=ORIENTED_EDGE('',*,*,#5337,.T.);
#7610=ORIENTED_EDGE('',*,*,#5330,.F.);
#7611=ORIENTED_EDGE('',*,*,#5331,.F.);
#7612=ORIENTED_EDGE('',*,*,#5337,.F.);
#7613=ORIENTED_EDGE('',*,*,#5335,.F.);
#7614=ORIENTED_EDGE('',*,*,#5333,.F.);
#7615=ORIENTED_EDGE('',*,*,#5338,.T.);
#7616=ORIENTED_EDGE('',*,*,#5339,.T.);
#7617=ORIENTED_EDGE('',*,*,#5340,.F.);
#7618=ORIENTED_EDGE('',*,*,#5341,.T.);
#7619=ORIENTED_EDGE('',*,*,#5342,.T.);
#7620=ORIENTED_EDGE('',*,*,#5343,.F.);
#7621=ORIENTED_EDGE('',*,*,#5344,.F.);
#7622=ORIENTED_EDGE('',*,*,#5345,.F.);
#7623=ORIENTED_EDGE('',*,*,#5346,.F.);
#7624=ORIENTED_EDGE('',*,*,#5347,.F.);
#7625=ORIENTED_EDGE('',*,*,#5348,.F.);
#7626=ORIENTED_EDGE('',*,*,#5349,.F.);
#7627=ORIENTED_EDGE('',*,*,#5350,.F.);
#7628=ORIENTED_EDGE('',*,*,#5351,.F.);
#7629=ORIENTED_EDGE('',*,*,#5352,.F.);
#7630=ORIENTED_EDGE('',*,*,#5353,.F.);
#7631=ORIENTED_EDGE('',*,*,#5354,.F.);
#7632=ORIENTED_EDGE('',*,*,#5338,.F.);
#7633=ORIENTED_EDGE('',*,*,#5355,.F.);
#7634=ORIENTED_EDGE('',*,*,#5356,.F.);
#7635=ORIENTED_EDGE('',*,*,#5342,.F.);
#7636=ORIENTED_EDGE('',*,*,#5341,.F.);
#7637=ORIENTED_EDGE('',*,*,#5355,.T.);
#7638=ORIENTED_EDGE('',*,*,#5340,.T.);
#7639=ORIENTED_EDGE('',*,*,#5357,.T.);
#7640=ORIENTED_EDGE('',*,*,#5358,.T.);
#7641=ORIENTED_EDGE('',*,*,#5359,.T.);
#7642=ORIENTED_EDGE('',*,*,#5360,.T.);
#7643=ORIENTED_EDGE('',*,*,#5361,.T.);
#7644=ORIENTED_EDGE('',*,*,#5362,.T.);
#7645=ORIENTED_EDGE('',*,*,#5363,.T.);
#7646=ORIENTED_EDGE('',*,*,#5364,.T.);
#7647=ORIENTED_EDGE('',*,*,#5365,.T.);
#7648=ORIENTED_EDGE('',*,*,#5366,.T.);
#7649=ORIENTED_EDGE('',*,*,#5367,.T.);
#7650=ORIENTED_EDGE('',*,*,#5368,.T.);
#7651=ORIENTED_EDGE('',*,*,#5343,.T.);
#7652=ORIENTED_EDGE('',*,*,#5356,.T.);
#7653=ORIENTED_EDGE('',*,*,#5368,.F.);
#7654=ORIENTED_EDGE('',*,*,#5369,.F.);
#7655=ORIENTED_EDGE('',*,*,#5344,.T.);
#7656=ORIENTED_EDGE('',*,*,#5369,.T.);
#7657=ORIENTED_EDGE('',*,*,#5367,.F.);
#7658=ORIENTED_EDGE('',*,*,#5370,.F.);
#7659=ORIENTED_EDGE('',*,*,#5345,.T.);
#7660=ORIENTED_EDGE('',*,*,#5370,.T.);
#7661=ORIENTED_EDGE('',*,*,#5366,.F.);
#7662=ORIENTED_EDGE('',*,*,#5371,.F.);
#7663=ORIENTED_EDGE('',*,*,#5346,.T.);
#7664=ORIENTED_EDGE('',*,*,#5371,.T.);
#7665=ORIENTED_EDGE('',*,*,#5365,.F.);
#7666=ORIENTED_EDGE('',*,*,#5372,.F.);
#7667=ORIENTED_EDGE('',*,*,#5347,.T.);
#7668=ORIENTED_EDGE('',*,*,#5372,.T.);
#7669=ORIENTED_EDGE('',*,*,#5364,.F.);
#7670=ORIENTED_EDGE('',*,*,#5373,.F.);
#7671=ORIENTED_EDGE('',*,*,#5348,.T.);
#7672=ORIENTED_EDGE('',*,*,#5373,.T.);
#7673=ORIENTED_EDGE('',*,*,#5363,.F.);
#7674=ORIENTED_EDGE('',*,*,#5374,.F.);
#7675=ORIENTED_EDGE('',*,*,#5349,.T.);
#7676=ORIENTED_EDGE('',*,*,#5374,.T.);
#7677=ORIENTED_EDGE('',*,*,#5362,.F.);
#7678=ORIENTED_EDGE('',*,*,#5375,.F.);
#7679=ORIENTED_EDGE('',*,*,#5350,.T.);
#7680=ORIENTED_EDGE('',*,*,#5375,.T.);
#7681=ORIENTED_EDGE('',*,*,#5361,.F.);
#7682=ORIENTED_EDGE('',*,*,#5376,.F.);
#7683=ORIENTED_EDGE('',*,*,#5351,.T.);
#7684=ORIENTED_EDGE('',*,*,#5376,.T.);
#7685=ORIENTED_EDGE('',*,*,#5360,.F.);
#7686=ORIENTED_EDGE('',*,*,#5377,.F.);
#7687=ORIENTED_EDGE('',*,*,#5352,.T.);
#7688=ORIENTED_EDGE('',*,*,#5377,.T.);
#7689=ORIENTED_EDGE('',*,*,#5359,.F.);
#7690=ORIENTED_EDGE('',*,*,#5378,.F.);
#7691=ORIENTED_EDGE('',*,*,#5353,.T.);
#7692=ORIENTED_EDGE('',*,*,#5378,.T.);
#7693=ORIENTED_EDGE('',*,*,#5358,.F.);
#7694=ORIENTED_EDGE('',*,*,#5379,.F.);
#7695=ORIENTED_EDGE('',*,*,#5339,.F.);
#7696=ORIENTED_EDGE('',*,*,#5354,.T.);
#7697=ORIENTED_EDGE('',*,*,#5379,.T.);
#7698=ORIENTED_EDGE('',*,*,#5357,.F.);
#7699=ORIENTED_EDGE('',*,*,#5380,.T.);
#7700=ORIENTED_EDGE('',*,*,#5381,.T.);
#7701=ORIENTED_EDGE('',*,*,#5382,.T.);
#7702=ORIENTED_EDGE('',*,*,#5383,.T.);
#7703=ORIENTED_EDGE('',*,*,#5384,.T.);
#7704=ORIENTED_EDGE('',*,*,#5385,.T.);
#7705=ORIENTED_EDGE('',*,*,#5380,.F.);
#7706=ORIENTED_EDGE('',*,*,#5386,.T.);
#7707=ORIENTED_EDGE('',*,*,#5387,.T.);
#7708=ORIENTED_EDGE('',*,*,#5388,.F.);
#7709=ORIENTED_EDGE('',*,*,#5381,.F.);
#7710=ORIENTED_EDGE('',*,*,#5388,.T.);
#7711=ORIENTED_EDGE('',*,*,#5389,.T.);
#7712=ORIENTED_EDGE('',*,*,#5390,.F.);
#7713=ORIENTED_EDGE('',*,*,#5382,.F.);
#7714=ORIENTED_EDGE('',*,*,#5390,.T.);
#7715=ORIENTED_EDGE('',*,*,#5391,.T.);
#7716=ORIENTED_EDGE('',*,*,#5392,.F.);
#7717=ORIENTED_EDGE('',*,*,#5383,.F.);
#7718=ORIENTED_EDGE('',*,*,#5392,.T.);
#7719=ORIENTED_EDGE('',*,*,#5393,.T.);
#7720=ORIENTED_EDGE('',*,*,#5394,.F.);
#7721=ORIENTED_EDGE('',*,*,#5384,.F.);
#7722=ORIENTED_EDGE('',*,*,#5394,.T.);
#7723=ORIENTED_EDGE('',*,*,#5395,.T.);
#7724=ORIENTED_EDGE('',*,*,#5396,.F.);
#7725=ORIENTED_EDGE('',*,*,#5385,.F.);
#7726=ORIENTED_EDGE('',*,*,#5396,.T.);
#7727=ORIENTED_EDGE('',*,*,#5397,.T.);
#7728=ORIENTED_EDGE('',*,*,#5386,.F.);
#7729=ORIENTED_EDGE('',*,*,#5387,.F.);
#7730=ORIENTED_EDGE('',*,*,#5397,.F.);
#7731=ORIENTED_EDGE('',*,*,#5395,.F.);
#7732=ORIENTED_EDGE('',*,*,#5393,.F.);
#7733=ORIENTED_EDGE('',*,*,#5391,.F.);
#7734=ORIENTED_EDGE('',*,*,#5389,.F.);
#7735=ORIENTED_EDGE('',*,*,#5398,.F.);
#7736=ORIENTED_EDGE('',*,*,#5399,.F.);
#7737=ORIENTED_EDGE('',*,*,#5400,.F.);
#7738=ORIENTED_EDGE('',*,*,#5401,.F.);
#7739=ORIENTED_EDGE('',*,*,#5402,.F.);
#7740=ORIENTED_EDGE('',*,*,#5403,.F.);
#7741=ORIENTED_EDGE('',*,*,#5398,.T.);
#7742=ORIENTED_EDGE('',*,*,#5404,.T.);
#7743=ORIENTED_EDGE('',*,*,#5405,.F.);
#7744=ORIENTED_EDGE('',*,*,#5406,.F.);
#7745=ORIENTED_EDGE('',*,*,#5399,.T.);
#7746=ORIENTED_EDGE('',*,*,#5406,.T.);
#7747=ORIENTED_EDGE('',*,*,#5407,.F.);
#7748=ORIENTED_EDGE('',*,*,#5408,.F.);
#7749=ORIENTED_EDGE('',*,*,#5400,.T.);
#7750=ORIENTED_EDGE('',*,*,#5408,.T.);
#7751=ORIENTED_EDGE('',*,*,#5409,.F.);
#7752=ORIENTED_EDGE('',*,*,#5410,.F.);
#7753=ORIENTED_EDGE('',*,*,#5401,.T.);
#7754=ORIENTED_EDGE('',*,*,#5410,.T.);
#7755=ORIENTED_EDGE('',*,*,#5411,.F.);
#7756=ORIENTED_EDGE('',*,*,#5412,.F.);
#7757=ORIENTED_EDGE('',*,*,#5402,.T.);
#7758=ORIENTED_EDGE('',*,*,#5412,.T.);
#7759=ORIENTED_EDGE('',*,*,#5413,.F.);
#7760=ORIENTED_EDGE('',*,*,#5414,.F.);
#7761=ORIENTED_EDGE('',*,*,#5403,.T.);
#7762=ORIENTED_EDGE('',*,*,#5414,.T.);
#7763=ORIENTED_EDGE('',*,*,#5415,.F.);
#7764=ORIENTED_EDGE('',*,*,#5404,.F.);
#7765=ORIENTED_EDGE('',*,*,#5405,.T.);
#7766=ORIENTED_EDGE('',*,*,#5415,.T.);
#7767=ORIENTED_EDGE('',*,*,#5413,.T.);
#7768=ORIENTED_EDGE('',*,*,#5411,.T.);
#7769=ORIENTED_EDGE('',*,*,#5409,.T.);
#7770=ORIENTED_EDGE('',*,*,#5407,.T.);
#7771=ORIENTED_EDGE('',*,*,#5416,.F.);
#7772=ORIENTED_EDGE('',*,*,#5417,.F.);
#7773=ORIENTED_EDGE('',*,*,#5418,.F.);
#7774=ORIENTED_EDGE('',*,*,#5419,.F.);
#7775=ORIENTED_EDGE('',*,*,#5420,.F.);
#7776=ORIENTED_EDGE('',*,*,#5421,.F.);
#7777=ORIENTED_EDGE('',*,*,#5416,.T.);
#7778=ORIENTED_EDGE('',*,*,#5422,.T.);
#7779=ORIENTED_EDGE('',*,*,#5423,.F.);
#7780=ORIENTED_EDGE('',*,*,#5424,.F.);
#7781=ORIENTED_EDGE('',*,*,#5417,.T.);
#7782=ORIENTED_EDGE('',*,*,#5424,.T.);
#7783=ORIENTED_EDGE('',*,*,#5425,.F.);
#7784=ORIENTED_EDGE('',*,*,#5426,.F.);
#7785=ORIENTED_EDGE('',*,*,#5418,.T.);
#7786=ORIENTED_EDGE('',*,*,#5426,.T.);
#7787=ORIENTED_EDGE('',*,*,#5427,.F.);
#7788=ORIENTED_EDGE('',*,*,#5428,.F.);
#7789=ORIENTED_EDGE('',*,*,#5419,.T.);
#7790=ORIENTED_EDGE('',*,*,#5428,.T.);
#7791=ORIENTED_EDGE('',*,*,#5429,.F.);
#7792=ORIENTED_EDGE('',*,*,#5430,.F.);
#7793=ORIENTED_EDGE('',*,*,#5420,.T.);
#7794=ORIENTED_EDGE('',*,*,#5430,.T.);
#7795=ORIENTED_EDGE('',*,*,#5431,.F.);
#7796=ORIENTED_EDGE('',*,*,#5432,.F.);
#7797=ORIENTED_EDGE('',*,*,#5421,.T.);
#7798=ORIENTED_EDGE('',*,*,#5432,.T.);
#7799=ORIENTED_EDGE('',*,*,#5433,.F.);
#7800=ORIENTED_EDGE('',*,*,#5422,.F.);
#7801=ORIENTED_EDGE('',*,*,#5423,.T.);
#7802=ORIENTED_EDGE('',*,*,#5433,.T.);
#7803=ORIENTED_EDGE('',*,*,#5431,.T.);
#7804=ORIENTED_EDGE('',*,*,#5429,.T.);
#7805=ORIENTED_EDGE('',*,*,#5427,.T.);
#7806=ORIENTED_EDGE('',*,*,#5425,.T.);
#7807=ORIENTED_EDGE('',*,*,#5434,.T.);
#7808=ORIENTED_EDGE('',*,*,#5435,.T.);
#7809=ORIENTED_EDGE('',*,*,#5436,.T.);
#7810=ORIENTED_EDGE('',*,*,#5437,.T.);
#7811=ORIENTED_EDGE('',*,*,#5438,.T.);
#7812=ORIENTED_EDGE('',*,*,#5439,.T.);
#7813=ORIENTED_EDGE('',*,*,#5434,.F.);
#7814=ORIENTED_EDGE('',*,*,#5440,.T.);
#7815=ORIENTED_EDGE('',*,*,#5441,.T.);
#7816=ORIENTED_EDGE('',*,*,#5442,.F.);
#7817=ORIENTED_EDGE('',*,*,#5435,.F.);
#7818=ORIENTED_EDGE('',*,*,#5442,.T.);
#7819=ORIENTED_EDGE('',*,*,#5443,.T.);
#7820=ORIENTED_EDGE('',*,*,#5444,.F.);
#7821=ORIENTED_EDGE('',*,*,#5436,.F.);
#7822=ORIENTED_EDGE('',*,*,#5444,.T.);
#7823=ORIENTED_EDGE('',*,*,#5445,.T.);
#7824=ORIENTED_EDGE('',*,*,#5446,.F.);
#7825=ORIENTED_EDGE('',*,*,#5437,.F.);
#7826=ORIENTED_EDGE('',*,*,#5446,.T.);
#7827=ORIENTED_EDGE('',*,*,#5447,.T.);
#7828=ORIENTED_EDGE('',*,*,#5448,.F.);
#7829=ORIENTED_EDGE('',*,*,#5438,.F.);
#7830=ORIENTED_EDGE('',*,*,#5448,.T.);
#7831=ORIENTED_EDGE('',*,*,#5449,.T.);
#7832=ORIENTED_EDGE('',*,*,#5450,.F.);
#7833=ORIENTED_EDGE('',*,*,#5439,.F.);
#7834=ORIENTED_EDGE('',*,*,#5450,.T.);
#7835=ORIENTED_EDGE('',*,*,#5451,.T.);
#7836=ORIENTED_EDGE('',*,*,#5440,.F.);
#7837=ORIENTED_EDGE('',*,*,#5441,.F.);
#7838=ORIENTED_EDGE('',*,*,#5451,.F.);
#7839=ORIENTED_EDGE('',*,*,#5449,.F.);
#7840=ORIENTED_EDGE('',*,*,#5447,.F.);
#7841=ORIENTED_EDGE('',*,*,#5445,.F.);
#7842=ORIENTED_EDGE('',*,*,#5443,.F.);
#7843=ORIENTED_EDGE('',*,*,#5452,.F.);
#7844=ORIENTED_EDGE('',*,*,#5453,.T.);
#7845=ORIENTED_EDGE('',*,*,#5454,.T.);
#7846=ORIENTED_EDGE('',*,*,#5453,.F.);
#7847=ORIENTED_EDGE('',*,*,#5452,.T.);
#7848=ORIENTED_EDGE('',*,*,#5454,.F.);
#7849=PLANE('',#8802);
#7850=PLANE('',#8839);
#7851=PLANE('',#8840);
#7852=PLANE('',#8841);
#7853=PLANE('',#8842);
#7854=PLANE('',#8843);
#7855=PLANE('',#8844);
#7856=PLANE('',#8845);
#7857=PLANE('',#8846);
#7858=PLANE('',#8847);
#7859=PLANE('',#8848);
#7860=PLANE('',#8849);
#7861=PLANE('',#8850);
#7862=PLANE('',#8851);
#7863=PLANE('',#8852);
#7864=PLANE('',#8853);
#7865=PLANE('',#8854);
#7866=PLANE('',#8855);
#7867=PLANE('',#8856);
#7868=PLANE('',#8857);
#7869=PLANE('',#8858);
#7870=PLANE('',#8859);
#7871=PLANE('',#8860);
#7872=PLANE('',#8861);
#7873=PLANE('',#8862);
#7874=PLANE('',#8865);
#7875=PLANE('',#8866);
#7876=PLANE('',#8869);
#7877=PLANE('',#8870);
#7878=PLANE('',#8871);
#7879=PLANE('',#8874);
#7880=PLANE('',#8875);
#7881=PLANE('',#8876);
#7882=PLANE('',#8879);
#7883=PLANE('',#8882);
#7884=PLANE('',#8883);
#7885=PLANE('',#8884);
#7886=PLANE('',#8885);
#7887=PLANE('',#8886);
#7888=PLANE('',#8887);
#7889=PLANE('',#8890);
#7890=PLANE('',#8893);
#7891=PLANE('',#8894);
#7892=PLANE('',#8895);
#7893=PLANE('',#8896);
#7894=PLANE('',#8897);
#7895=PLANE('',#8898);
#7896=PLANE('',#8901);
#7897=PLANE('',#8902);
#7898=PLANE('',#8903);
#7899=PLANE('',#8906);
#7900=PLANE('',#8907);
#7901=PLANE('',#8908);
#7902=PLANE('',#8911);
#7903=PLANE('',#8912);
#7904=PLANE('',#8913);
#7905=PLANE('',#8916);
#7906=PLANE('',#8917);
#7907=PLANE('',#8918);
#7908=PLANE('',#8921);
#7909=PLANE('',#8922);
#7910=PLANE('',#8923);
#7911=PLANE('',#8926);
#7912=PLANE('',#8927);
#7913=PLANE('',#8928);
#7914=PLANE('',#8929);
#7915=PLANE('',#8930);
#7916=PLANE('',#8931);
#7917=PLANE('',#8932);
#7918=PLANE('',#8935);
#7919=PLANE('',#8936);
#7920=PLANE('',#8937);
#7921=PLANE('',#8938);
#7922=PLANE('',#8940);
#7923=PLANE('',#8942);
#7924=PLANE('',#8943);
#7925=PLANE('',#8944);
#7926=PLANE('',#8946);
#7927=PLANE('',#8948);
#7928=PLANE('',#8949);
#7929=PLANE('',#8950);
#7930=PLANE('',#8951);
#7931=PLANE('',#8954);
#7932=PLANE('',#8955);
#7933=PLANE('',#8956);
#7934=PLANE('',#8959);
#7935=PLANE('',#8960);
#7936=PLANE('',#8961);
#7937=PLANE('',#8964);
#7938=PLANE('',#8965);
#7939=PLANE('',#8966);
#7940=PLANE('',#8969);
#7941=PLANE('',#8970);
#7942=PLANE('',#8971);
#7943=PLANE('',#8974);
#7944=PLANE('',#8975);
#7945=PLANE('',#8976);
#7946=PLANE('',#8979);
#7947=PLANE('',#8980);
#7948=PLANE('',#8981);
#7949=PLANE('',#8982);
#7950=PLANE('',#8983);
#7951=PLANE('',#8984);
#7952=PLANE('',#8985);
#7953=PLANE('',#8986);
#7954=PLANE('',#8987);
#7955=PLANE('',#8988);
#7956=PLANE('',#8989);
#7957=PLANE('',#8990);
#7958=PLANE('',#8991);
#7959=PLANE('',#8992);
#7960=PLANE('',#8993);
#7961=PLANE('',#8996);
#7962=PLANE('',#8997);
#7963=PLANE('',#8998);
#7964=PLANE('',#9001);
#7965=PLANE('',#9002);
#7966=PLANE('',#9003);
#7967=PLANE('',#9006);
#7968=PLANE('',#9007);
#7969=PLANE('',#9008);
#7970=PLANE('',#9011);
#7971=PLANE('',#9012);
#7972=PLANE('',#9013);
#7973=PLANE('',#9016);
#7974=PLANE('',#9017);
#7975=PLANE('',#9018);
#7976=PLANE('',#9021);
#7977=PLANE('',#9022);
#7978=PLANE('',#9023);
#7979=PLANE('',#9026);
#7980=PLANE('',#9027);
#7981=PLANE('',#9028);
#7982=PLANE('',#9031);
#7983=PLANE('',#9032);
#7984=PLANE('',#9033);
#7985=PLANE('',#9036);
#7986=PLANE('',#9037);
#7987=PLANE('',#9038);
#7988=PLANE('',#9041);
#7989=PLANE('',#9042);
#7990=PLANE('',#9043);
#7991=PLANE('',#9046);
#7992=PLANE('',#9047);
#7993=PLANE('',#9048);
#7994=PLANE('',#9051);
#7995=PLANE('',#9052);
#7996=PLANE('',#9053);
#7997=PLANE('',#9054);
#7998=PLANE('',#9055);
#7999=PLANE('',#9056);
#8000=PLANE('',#9057);
#8001=PLANE('',#9058);
#8002=PLANE('',#9059);
#8003=PLANE('',#9062);
#8004=PLANE('',#9065);
#8005=PLANE('',#9066);
#8006=PLANE('',#9067);
#8007=PLANE('',#9068);
#8008=PLANE('',#9069);
#8009=PLANE('',#9070);
#8010=PLANE('',#9071);
#8011=PLANE('',#9072);
#8012=PLANE('',#9073);
#8013=PLANE('',#9074);
#8014=PLANE('',#9075);
#8015=PLANE('',#9076);
#8016=PLANE('',#9077);
#8017=PLANE('',#9078);
#8018=PLANE('',#9080);
#8019=PLANE('',#9081);
#8020=PLANE('',#9082);
#8021=PLANE('',#9083);
#8022=PLANE('',#9084);
#8023=PLANE('',#9085);
#8024=PLANE('',#9086);
#8025=PLANE('',#9087);
#8026=PLANE('',#9088);
#8027=PLANE('',#9089);
#8028=PLANE('',#9090);
#8029=PLANE('',#9091);
#8030=PLANE('',#9092);
#8031=PLANE('',#9093);
#8032=PLANE('',#9094);
#8033=PLANE('',#9095);
#8034=PLANE('',#9096);
#8035=PLANE('',#9100);
#8036=PLANE('',#9102);
#8037=PLANE('',#9103);
#8038=PLANE('',#9105);
#8039=PLANE('',#9107);
#8040=PLANE('',#9108);
#8041=PLANE('',#9109);
#8042=PLANE('',#9110);
#8043=PLANE('',#9111);
#8044=PLANE('',#9112);
#8045=PLANE('',#9113);
#8046=PLANE('',#9114);
#8047=PLANE('',#9115);
#8048=PLANE('',#9116);
#8049=PLANE('',#9117);
#8050=PLANE('',#9119);
#8051=PLANE('',#9120);
#8052=PLANE('',#9121);
#8053=PLANE('',#9124);
#8054=PLANE('',#9125);
#8055=PLANE('',#9127);
#8056=PLANE('',#9128);
#8057=PLANE('',#9129);
#8058=PLANE('',#9132);
#8059=PLANE('',#9133);
#8060=PLANE('',#9135);
#8061=PLANE('',#9136);
#8062=PLANE('',#9137);
#8063=PLANE('',#9140);
#8064=PLANE('',#9141);
#8065=PLANE('',#9142);
#8066=PLANE('',#9143);
#8067=PLANE('',#9146);
#8068=PLANE('',#9147);
#8069=PLANE('',#9150);
#8070=PLANE('',#9152);
#8071=PLANE('',#9153);
#8072=PLANE('',#9155);
#8073=PLANE('',#9156);
#8074=PLANE('',#9157);
#8075=PLANE('',#9158);
#8076=PLANE('',#9159);
#8077=PLANE('',#9162);
#8078=PLANE('',#9163);
#8079=PLANE('',#9166);
#8080=PLANE('',#9168);
#8081=PLANE('',#9169);
#8082=PLANE('',#9171);
#8083=PLANE('',#9172);
#8084=PLANE('',#9173);
#8085=PLANE('',#9175);
#8086=PLANE('',#9176);
#8087=PLANE('',#9177);
#8088=PLANE('',#9180);
#8089=PLANE('',#9181);
#8090=PLANE('',#9183);
#8091=PLANE('',#9186);
#8092=PLANE('',#9187);
#8093=PLANE('',#9188);
#8094=PLANE('',#9189);
#8095=PLANE('',#9191);
#8096=PLANE('',#9194);
#8097=PLANE('',#9195);
#8098=PLANE('',#9196);
#8099=PLANE('',#9197);
#8100=PLANE('',#9199);
#8101=PLANE('',#9202);
#8102=PLANE('',#9203);
#8103=PLANE('',#9204);
#8104=PLANE('',#9205);
#8105=PLANE('',#9207);
#8106=PLANE('',#9210);
#8107=PLANE('',#9211);
#8108=PLANE('',#9212);
#8109=PLANE('',#9213);
#8110=PLANE('',#9215);
#8111=PLANE('',#9218);
#8112=PLANE('',#9219);
#8113=PLANE('',#9220);
#8114=PLANE('',#9221);
#8115=PLANE('',#9223);
#8116=PLANE('',#9226);
#8117=PLANE('',#9227);
#8118=PLANE('',#9228);
#8119=PLANE('',#9229);
#8120=PLANE('',#9231);
#8121=PLANE('',#9234);
#8122=PLANE('',#9235);
#8123=PLANE('',#9236);
#8124=PLANE('',#9237);
#8125=PLANE('',#9239);
#8126=PLANE('',#9242);
#8127=PLANE('',#9243);
#8128=PLANE('',#9244);
#8129=PLANE('',#9245);
#8130=PLANE('',#9247);
#8131=PLANE('',#9248);
#8132=PLANE('',#9249);
#8133=PLANE('',#9252);
#8134=PLANE('',#9253);
#8135=PLANE('',#9255);
#8136=PLANE('',#9256);
#8137=PLANE('',#9257);
#8138=PLANE('',#9260);
#8139=PLANE('',#9261);
#8140=PLANE('',#9263);
#8141=PLANE('',#9266);
#8142=PLANE('',#9267);
#8143=PLANE('',#9268);
#8144=PLANE('',#9269);
#8145=PLANE('',#9271);
#8146=PLANE('',#9274);
#8147=PLANE('',#9275);
#8148=PLANE('',#9276);
#8149=PLANE('',#9277);
#8150=PLANE('',#9279);
#8151=PLANE('',#9280);
#8152=PLANE('',#9281);
#8153=PLANE('',#9284);
#8154=PLANE('',#9285);
#8155=PLANE('',#9287);
#8156=PLANE('',#9288);
#8157=PLANE('',#9289);
#8158=PLANE('',#9292);
#8159=PLANE('',#9293);
#8160=PLANE('',#9295);
#8161=PLANE('',#9296);
#8162=PLANE('',#9297);
#8163=PLANE('',#9300);
#8164=PLANE('',#9301);
#8165=PLANE('',#9303);
#8166=PLANE('',#9306);
#8167=PLANE('',#9307);
#8168=PLANE('',#9308);
#8169=PLANE('',#9309);
#8170=PLANE('',#9311);
#8171=PLANE('',#9314);
#8172=PLANE('',#9315);
#8173=PLANE('',#9316);
#8174=PLANE('',#9317);
#8175=PLANE('',#9319);
#8176=PLANE('',#9322);
#8177=PLANE('',#9323);
#8178=PLANE('',#9324);
#8179=PLANE('',#9325);
#8180=PLANE('',#9329);
#8181=PLANE('',#9330);
#8182=PLANE('',#9331);
#8183=PLANE('',#9332);
#8184=PLANE('',#9333);
#8185=PLANE('',#9337);
#8186=PLANE('',#9338);
#8187=PLANE('',#9339);
#8188=PLANE('',#9340);
#8189=PLANE('',#9341);
#8190=PLANE('',#9345);
#8191=PLANE('',#9346);
#8192=PLANE('',#9347);
#8193=PLANE('',#9348);
#8194=PLANE('',#9349);
#8195=PLANE('',#9353);
#8196=PLANE('',#9354);
#8197=PLANE('',#9355);
#8198=PLANE('',#9356);
#8199=PLANE('',#9357);
#8200=PLANE('',#9361);
#8201=PLANE('',#9362);
#8202=PLANE('',#9363);
#8203=PLANE('',#9364);
#8204=PLANE('',#9365);
#8205=PLANE('',#9369);
#8206=PLANE('',#9370);
#8207=PLANE('',#9371);
#8208=PLANE('',#9372);
#8209=PLANE('',#9376);
#8210=PLANE('',#9378);
#8211=PLANE('',#9379);
#8212=PLANE('',#9381);
#8213=PLANE('',#9382);
#8214=PLANE('',#9383);
#8215=PLANE('',#9384);
#8216=PLANE('',#9385);
#8217=PLANE('',#9386);
#8218=PLANE('',#9387);
#8219=PLANE('',#9388);
#8220=PLANE('',#9389);
#8221=PLANE('',#9390);
#8222=PLANE('',#9392);
#8223=PLANE('',#9393);
#8224=PLANE('',#9394);
#8225=PLANE('',#9395);
#8226=PLANE('',#9396);
#8227=PLANE('',#9397);
#8228=PLANE('',#9398);
#8229=PLANE('',#9399);
#8230=PLANE('',#9400);
#8231=PLANE('',#9401);
#8232=PLANE('',#9402);
#8233=PLANE('',#9403);
#8234=PLANE('',#9404);
#8235=PLANE('',#9405);
#8236=PLANE('',#9406);
#8237=PLANE('',#9407);
#8238=PLANE('',#9408);
#8239=PLANE('',#9409);
#8240=PLANE('',#9410);
#8241=PLANE('',#9411);
#8242=PLANE('',#9412);
#8243=PLANE('',#9413);
#8244=PLANE('',#9414);
#8245=PLANE('',#9415);
#8246=PLANE('',#9416);
#8247=PLANE('',#9417);
#8248=PLANE('',#9418);
#8249=PLANE('',#9419);
#8250=PLANE('',#9420);
#8251=PLANE('',#9421);
#8252=PLANE('',#9422);
#8253=PLANE('',#9423);
#8254=PLANE('',#9424);
#8255=PLANE('',#9428);
#8256=PLANE('',#9429);
#8257=ADVANCED_FACE('',(#236,#222,#223),#7849,.F.);
#8258=ADVANCED_FACE('',(#237),#7850,.F.);
#8259=ADVANCED_FACE('',(#238),#7851,.F.);
#8260=ADVANCED_FACE('',(#239),#7852,.F.);
#8261=ADVANCED_FACE('',(#240),#7853,.F.);
#8262=ADVANCED_FACE('',(#241),#7854,.F.);
#8263=ADVANCED_FACE('',(#242),#7855,.F.);
#8264=ADVANCED_FACE('',(#243),#7856,.F.);
#8265=ADVANCED_FACE('',(#244),#7857,.F.);
#8266=ADVANCED_FACE('',(#245),#7858,.F.);
#8267=ADVANCED_FACE('',(#246),#7859,.F.);
#8268=ADVANCED_FACE('',(#247),#7860,.F.);
#8269=ADVANCED_FACE('',(#248,#224,#225),#7861,.T.);
#8270=ADVANCED_FACE('',(#249),#7862,.F.);
#8271=ADVANCED_FACE('',(#250),#7863,.F.);
#8272=ADVANCED_FACE('',(#251),#7864,.F.);
#8273=ADVANCED_FACE('',(#252),#7865,.F.);
#8274=ADVANCED_FACE('',(#253),#7866,.F.);
#8275=ADVANCED_FACE('',(#254),#7867,.F.);
#8276=ADVANCED_FACE('',(#255),#7868,.F.);
#8277=ADVANCED_FACE('',(#256),#7869,.F.);
#8278=ADVANCED_FACE('',(#257),#7870,.F.);
#8279=ADVANCED_FACE('',(#258),#7871,.F.);
#8280=ADVANCED_FACE('',(#259,#226,#227),#7872,.T.);
#8281=ADVANCED_FACE('',(#260),#7873,.F.);
#8282=ADVANCED_FACE('',(#261),#149,.F.);
#8283=ADVANCED_FACE('',(#262),#7874,.F.);
#8284=ADVANCED_FACE('',(#263),#7875,.F.);
#8285=ADVANCED_FACE('',(#264),#150,.F.);
#8286=ADVANCED_FACE('',(#265),#7876,.F.);
#8287=ADVANCED_FACE('',(#266),#7877,.F.);
#8288=ADVANCED_FACE('',(#267),#7878,.F.);
#8289=ADVANCED_FACE('',(#268),#151,.F.);
#8290=ADVANCED_FACE('',(#269),#7879,.F.);
#8291=ADVANCED_FACE('',(#270),#7880,.F.);
#8292=ADVANCED_FACE('',(#271),#7881,.F.);
#8293=ADVANCED_FACE('',(#272),#152,.F.);
#8294=ADVANCED_FACE('',(#273),#7882,.F.);
#8295=ADVANCED_FACE('',(#274),#153,.F.);
#8296=ADVANCED_FACE('',(#275),#7883,.F.);
#8297=ADVANCED_FACE('',(#276),#7884,.F.);
#8298=ADVANCED_FACE('',(#277),#7885,.F.);
#8299=ADVANCED_FACE('',(#278),#7886,.F.);
#8300=ADVANCED_FACE('',(#279),#7887,.F.);
#8301=ADVANCED_FACE('',(#280),#7888,.F.);
#8302=ADVANCED_FACE('',(#281),#154,.F.);
#8303=ADVANCED_FACE('',(#282),#7889,.F.);
#8304=ADVANCED_FACE('',(#283),#155,.F.);
#8305=ADVANCED_FACE('',(#284),#7890,.F.);
#8306=ADVANCED_FACE('',(#285),#7891,.F.);
#8307=ADVANCED_FACE('',(#286),#7892,.F.);
#8308=ADVANCED_FACE('',(#287),#7893,.F.);
#8309=ADVANCED_FACE('',(#288),#7894,.F.);
#8310=ADVANCED_FACE('',(#289),#7895,.F.);
#8311=ADVANCED_FACE('',(#290),#156,.F.);
#8312=ADVANCED_FACE('',(#291),#7896,.F.);
#8313=ADVANCED_FACE('',(#292),#7897,.F.);
#8314=ADVANCED_FACE('',(#293),#7898,.F.);
#8315=ADVANCED_FACE('',(#294),#157,.F.);
#8316=ADVANCED_FACE('',(#295),#7899,.F.);
#8317=ADVANCED_FACE('',(#296),#7900,.F.);
#8318=ADVANCED_FACE('',(#297),#7901,.F.);
#8319=ADVANCED_FACE('',(#298),#158,.F.);
#8320=ADVANCED_FACE('',(#299),#7902,.F.);
#8321=ADVANCED_FACE('',(#300),#7903,.F.);
#8322=ADVANCED_FACE('',(#301),#7904,.F.);
#8323=ADVANCED_FACE('',(#302),#159,.F.);
#8324=ADVANCED_FACE('',(#303),#7905,.F.);
#8325=ADVANCED_FACE('',(#304),#7906,.F.);
#8326=ADVANCED_FACE('',(#305),#7907,.F.);
#8327=ADVANCED_FACE('',(#306),#160,.F.);
#8328=ADVANCED_FACE('',(#307),#7908,.F.);
#8329=ADVANCED_FACE('',(#308),#7909,.F.);
#8330=ADVANCED_FACE('',(#309),#7910,.F.);
#8331=ADVANCED_FACE('',(#310),#161,.F.);
#8332=ADVANCED_FACE('',(#311),#7911,.F.);
#8333=ADVANCED_FACE('',(#312),#7912,.F.);
#8334=ADVANCED_FACE('',(#313,#228,#229),#7913,.T.);
#8335=ADVANCED_FACE('',(#314),#7914,.F.);
#8336=ADVANCED_FACE('',(#315),#7915,.F.);
#8337=ADVANCED_FACE('',(#316),#7916,.F.);
#8338=ADVANCED_FACE('',(#317),#7917,.F.);
#8339=ADVANCED_FACE('',(#318),#7918,.F.);
#8340=ADVANCED_FACE('',(#319),#7919,.F.);
#8341=ADVANCED_FACE('',(#320),#7920,.F.);
#8342=ADVANCED_FACE('',(#321),#7921,.F.);
#8343=ADVANCED_FACE('',(#322),#162,.F.);
#8344=ADVANCED_FACE('',(#323),#7922,.F.);
#8345=ADVANCED_FACE('',(#324),#163,.F.);
#8346=ADVANCED_FACE('',(#325),#7923,.F.);
#8347=ADVANCED_FACE('',(#326,#230,#231),#7924,.T.);
#8348=ADVANCED_FACE('',(#327),#7925,.T.);
#8349=ADVANCED_FACE('',(#328),#7926,.T.);
#8350=ADVANCED_FACE('',(#329),#164,.F.);
#8351=ADVANCED_FACE('',(#330),#7927,.T.);
#8352=ADVANCED_FACE('',(#331,#232,#233),#7928,.T.);
#8353=ADVANCED_FACE('',(#332),#7929,.T.);
#8354=ADVANCED_FACE('',(#333),#7930,.F.);
#8355=ADVANCED_FACE('',(#334),#165,.F.);
#8356=ADVANCED_FACE('',(#335),#7931,.T.);
#8357=ADVANCED_FACE('',(#336),#7932,.F.);
#8358=ADVANCED_FACE('',(#337),#7933,.F.);
#8359=ADVANCED_FACE('',(#338),#166,.F.);
#8360=ADVANCED_FACE('',(#339),#7934,.T.);
#8361=ADVANCED_FACE('',(#340),#7935,.F.);
#8362=ADVANCED_FACE('',(#341),#7936,.F.);
#8363=ADVANCED_FACE('',(#342),#167,.F.);
#8364=ADVANCED_FACE('',(#343),#7937,.T.);
#8365=ADVANCED_FACE('',(#344),#7938,.F.);
#8366=ADVANCED_FACE('',(#345),#7939,.F.);
#8367=ADVANCED_FACE('',(#346),#168,.F.);
#8368=ADVANCED_FACE('',(#347),#7940,.T.);
#8369=ADVANCED_FACE('',(#348),#7941,.F.);
#8370=ADVANCED_FACE('',(#349),#7942,.F.);
#8371=ADVANCED_FACE('',(#350),#169,.F.);
#8372=ADVANCED_FACE('',(#351),#7943,.T.);
#8373=ADVANCED_FACE('',(#352),#7944,.F.);
#8374=ADVANCED_FACE('',(#353),#7945,.F.);
#8375=ADVANCED_FACE('',(#354),#170,.F.);
#8376=ADVANCED_FACE('',(#355),#7946,.T.);
#8377=ADVANCED_FACE('',(#356),#7947,.F.);
#8378=ADVANCED_FACE('',(#357),#7948,.F.);
#8379=ADVANCED_FACE('',(#358),#7949,.F.);
#8380=ADVANCED_FACE('',(#359),#7950,.T.);
#8381=ADVANCED_FACE('',(#360),#7951,.F.);
#8382=ADVANCED_FACE('',(#361),#7952,.F.);
#8383=ADVANCED_FACE('',(#362),#7953,.F.);
#8384=ADVANCED_FACE('',(#363),#7954,.T.);
#8385=ADVANCED_FACE('',(#364),#7955,.T.);
#8386=ADVANCED_FACE('',(#365),#7956,.F.);
#8387=ADVANCED_FACE('',(#366),#7957,.T.);
#8388=ADVANCED_FACE('',(#367),#7958,.T.);
#8389=ADVANCED_FACE('',(#368),#7959,.T.);
#8390=ADVANCED_FACE('',(#369),#7960,.T.);
#8391=ADVANCED_FACE('',(#370),#171,.F.);
#8392=ADVANCED_FACE('',(#371),#7961,.T.);
#8393=ADVANCED_FACE('',(#372),#7962,.T.);
#8394=ADVANCED_FACE('',(#373),#7963,.T.);
#8395=ADVANCED_FACE('',(#374),#172,.F.);
#8396=ADVANCED_FACE('',(#375),#7964,.T.);
#8397=ADVANCED_FACE('',(#376),#7965,.T.);
#8398=ADVANCED_FACE('',(#377),#7966,.T.);
#8399=ADVANCED_FACE('',(#378),#173,.F.);
#8400=ADVANCED_FACE('',(#379),#7967,.T.);
#8401=ADVANCED_FACE('',(#380),#7968,.T.);
#8402=ADVANCED_FACE('',(#381),#7969,.T.);
#8403=ADVANCED_FACE('',(#382),#174,.F.);
#8404=ADVANCED_FACE('',(#383),#7970,.T.);
#8405=ADVANCED_FACE('',(#384),#7971,.T.);
#8406=ADVANCED_FACE('',(#385),#7972,.T.);
#8407=ADVANCED_FACE('',(#386),#175,.F.);
#8408=ADVANCED_FACE('',(#387),#7973,.T.);
#8409=ADVANCED_FACE('',(#388),#7974,.T.);
#8410=ADVANCED_FACE('',(#389),#7975,.T.);
#8411=ADVANCED_FACE('',(#390),#176,.F.);
#8412=ADVANCED_FACE('',(#391),#7976,.T.);
#8413=ADVANCED_FACE('',(#392),#7977,.T.);
#8414=ADVANCED_FACE('',(#393),#7978,.T.);
#8415=ADVANCED_FACE('',(#394),#177,.F.);
#8416=ADVANCED_FACE('',(#395),#7979,.T.);
#8417=ADVANCED_FACE('',(#396),#7980,.T.);
#8418=ADVANCED_FACE('',(#397),#7981,.T.);
#8419=ADVANCED_FACE('',(#398),#178,.F.);
#8420=ADVANCED_FACE('',(#399),#7982,.T.);
#8421=ADVANCED_FACE('',(#400),#7983,.T.);
#8422=ADVANCED_FACE('',(#401),#7984,.T.);
#8423=ADVANCED_FACE('',(#402),#179,.F.);
#8424=ADVANCED_FACE('',(#403),#7985,.T.);
#8425=ADVANCED_FACE('',(#404),#7986,.T.);
#8426=ADVANCED_FACE('',(#405),#7987,.T.);
#8427=ADVANCED_FACE('',(#406),#180,.F.);
#8428=ADVANCED_FACE('',(#407),#7988,.T.);
#8429=ADVANCED_FACE('',(#408),#7989,.T.);
#8430=ADVANCED_FACE('',(#409),#7990,.T.);
#8431=ADVANCED_FACE('',(#410),#181,.F.);
#8432=ADVANCED_FACE('',(#411),#7991,.T.);
#8433=ADVANCED_FACE('',(#412),#7992,.T.);
#8434=ADVANCED_FACE('',(#413),#7993,.T.);
#8435=ADVANCED_FACE('',(#414),#182,.F.);
#8436=ADVANCED_FACE('',(#415),#7994,.T.);
#8437=ADVANCED_FACE('',(#416),#7995,.T.);
#8438=ADVANCED_FACE('',(#417),#7996,.F.);
#8439=ADVANCED_FACE('',(#418),#7997,.F.);
#8440=ADVANCED_FACE('',(#419),#7998,.T.);
#8441=ADVANCED_FACE('',(#420),#7999,.F.);
#8442=ADVANCED_FACE('',(#421),#8000,.F.);
#8443=ADVANCED_FACE('',(#422),#8001,.F.);
#8444=ADVANCED_FACE('',(#423),#8002,.T.);
#8445=ADVANCED_FACE('',(#424),#183,.F.);
#8446=ADVANCED_FACE('',(#425),#8003,.T.);
#8447=ADVANCED_FACE('',(#426),#184,.F.);
#8448=ADVANCED_FACE('',(#427),#8004,.T.);
#8449=ADVANCED_FACE('',(#428),#8005,.F.);
#8450=ADVANCED_FACE('',(#429),#8006,.T.);
#8451=ADVANCED_FACE('',(#430),#8007,.T.);
#8452=ADVANCED_FACE('',(#431),#8008,.T.);
#8453=ADVANCED_FACE('',(#432),#8009,.T.);
#8454=ADVANCED_FACE('',(#433),#8010,.T.);
#8455=ADVANCED_FACE('',(#434),#8011,.T.);
#8456=ADVANCED_FACE('',(#435),#8012,.T.);
#8457=ADVANCED_FACE('',(#436),#8013,.T.);
#8458=ADVANCED_FACE('',(#437),#8014,.F.);
#8459=ADVANCED_FACE('',(#438),#8015,.T.);
#8460=ADVANCED_FACE('',(#439),#8016,.T.);
#8461=ADVANCED_FACE('',(#440),#8017,.T.);
#8462=ADVANCED_FACE('',(#441),#8018,.T.);
#8463=ADVANCED_FACE('',(#442),#8019,.T.);
#8464=ADVANCED_FACE('',(#443,#234,#235),#8020,.F.);
#8465=ADVANCED_FACE('',(#444),#8021,.T.);
#8466=ADVANCED_FACE('',(#445),#8022,.T.);
#8467=ADVANCED_FACE('',(#446),#8023,.T.);
#8468=ADVANCED_FACE('',(#447),#8024,.T.);
#8469=ADVANCED_FACE('',(#448),#8025,.T.);
#8470=ADVANCED_FACE('',(#449),#8026,.T.);
#8471=ADVANCED_FACE('',(#450),#8027,.T.);
#8472=ADVANCED_FACE('',(#451),#8028,.T.);
#8473=ADVANCED_FACE('',(#452),#8029,.T.);
#8474=ADVANCED_FACE('',(#453),#8030,.T.);
#8475=ADVANCED_FACE('',(#454),#8031,.T.);
#8476=ADVANCED_FACE('',(#455),#8032,.T.);
#8477=ADVANCED_FACE('',(#456),#8033,.T.);
#8478=ADVANCED_FACE('',(#457),#8034,.T.);
#8479=ADVANCED_FACE('',(#458),#185,.T.);
#8480=ADVANCED_FACE('',(#459),#8035,.F.);
#8481=ADVANCED_FACE('',(#460),#8036,.T.);
#8482=ADVANCED_FACE('',(#461),#8037,.T.);
#8483=ADVANCED_FACE('',(#462),#8038,.T.);
#8484=ADVANCED_FACE('',(#463),#186,.T.);
#8485=ADVANCED_FACE('',(#464),#8039,.T.);
#8486=ADVANCED_FACE('',(#465),#8040,.T.);
#8487=ADVANCED_FACE('',(#466),#8041,.T.);
#8488=ADVANCED_FACE('',(#467),#8042,.T.);
#8489=ADVANCED_FACE('',(#468),#8043,.T.);
#8490=ADVANCED_FACE('',(#469),#8044,.T.);
#8491=ADVANCED_FACE('',(#470),#8045,.T.);
#8492=ADVANCED_FACE('',(#471),#8046,.T.);
#8493=ADVANCED_FACE('',(#472),#8047,.T.);
#8494=ADVANCED_FACE('',(#473),#8048,.T.);
#8495=ADVANCED_FACE('',(#474),#8049,.F.);
#8496=ADVANCED_FACE('',(#475),#8050,.T.);
#8497=ADVANCED_FACE('',(#476),#8051,.T.);
#8498=ADVANCED_FACE('',(#477),#8052,.T.);
#8499=ADVANCED_FACE('',(#478),#187,.T.);
#8500=ADVANCED_FACE('',(#479),#8053,.T.);
#8501=ADVANCED_FACE('',(#480),#8054,.F.);
#8502=ADVANCED_FACE('',(#481),#8055,.T.);
#8503=ADVANCED_FACE('',(#482),#8056,.T.);
#8504=ADVANCED_FACE('',(#483),#8057,.T.);
#8505=ADVANCED_FACE('',(#484),#188,.T.);
#8506=ADVANCED_FACE('',(#485),#8058,.T.);
#8507=ADVANCED_FACE('',(#486),#8059,.F.);
#8508=ADVANCED_FACE('',(#487),#8060,.T.);
#8509=ADVANCED_FACE('',(#488),#8061,.T.);
#8510=ADVANCED_FACE('',(#489),#8062,.T.);
#8511=ADVANCED_FACE('',(#490),#189,.T.);
#8512=ADVANCED_FACE('',(#491),#8063,.T.);
#8513=ADVANCED_FACE('',(#492),#8064,.T.);
#8514=ADVANCED_FACE('',(#493),#8065,.T.);
#8515=ADVANCED_FACE('',(#494),#8066,.T.);
#8516=ADVANCED_FACE('',(#495),#8067,.T.);
#8517=ADVANCED_FACE('',(#496),#8068,.F.);
#8518=ADVANCED_FACE('',(#497),#8069,.T.);
#8519=ADVANCED_FACE('',(#498),#190,.T.);
#8520=ADVANCED_FACE('',(#499),#8070,.T.);
#8521=ADVANCED_FACE('',(#500),#8071,.T.);
#8522=ADVANCED_FACE('',(#501),#191,.T.);
#8523=ADVANCED_FACE('',(#502),#8072,.T.);
#8524=ADVANCED_FACE('',(#503),#8073,.T.);
#8525=ADVANCED_FACE('',(#504),#8074,.T.);
#8526=ADVANCED_FACE('',(#505),#8075,.T.);
#8527=ADVANCED_FACE('',(#506),#8076,.T.);
#8528=ADVANCED_FACE('',(#507),#8077,.T.);
#8529=ADVANCED_FACE('',(#508),#8078,.F.);
#8530=ADVANCED_FACE('',(#509),#8079,.T.);
#8531=ADVANCED_FACE('',(#510),#192,.T.);
#8532=ADVANCED_FACE('',(#511),#8080,.T.);
#8533=ADVANCED_FACE('',(#512),#8081,.T.);
#8534=ADVANCED_FACE('',(#513),#193,.T.);
#8535=ADVANCED_FACE('',(#514),#8082,.T.);
#8536=ADVANCED_FACE('',(#515),#8083,.T.);
#8537=ADVANCED_FACE('',(#516),#8084,.F.);
#8538=ADVANCED_FACE('',(#517),#8085,.T.);
#8539=ADVANCED_FACE('',(#518),#8086,.T.);
#8540=ADVANCED_FACE('',(#519),#8087,.T.);
#8541=ADVANCED_FACE('',(#520),#194,.T.);
#8542=ADVANCED_FACE('',(#521),#8088,.T.);
#8543=ADVANCED_FACE('',(#522),#8089,.T.);
#8544=ADVANCED_FACE('',(#523),#8090,.F.);
#8545=ADVANCED_FACE('',(#524),#195,.T.);
#8546=ADVANCED_FACE('',(#525),#8091,.F.);
#8547=ADVANCED_FACE('',(#526),#8092,.F.);
#8548=ADVANCED_FACE('',(#527),#8093,.F.);
#8549=ADVANCED_FACE('',(#528),#8094,.T.);
#8550=ADVANCED_FACE('',(#529),#8095,.F.);
#8551=ADVANCED_FACE('',(#530),#196,.T.);
#8552=ADVANCED_FACE('',(#531),#8096,.F.);
#8553=ADVANCED_FACE('',(#532),#8097,.F.);
#8554=ADVANCED_FACE('',(#533),#8098,.F.);
#8555=ADVANCED_FACE('',(#534),#8099,.T.);
#8556=ADVANCED_FACE('',(#535),#8100,.F.);
#8557=ADVANCED_FACE('',(#536),#197,.T.);
#8558=ADVANCED_FACE('',(#537),#8101,.F.);
#8559=ADVANCED_FACE('',(#538),#8102,.F.);
#8560=ADVANCED_FACE('',(#539),#8103,.F.);
#8561=ADVANCED_FACE('',(#540),#8104,.T.);
#8562=ADVANCED_FACE('',(#541),#8105,.F.);
#8563=ADVANCED_FACE('',(#542),#198,.T.);
#8564=ADVANCED_FACE('',(#543),#8106,.F.);
#8565=ADVANCED_FACE('',(#544),#8107,.F.);
#8566=ADVANCED_FACE('',(#545),#8108,.F.);
#8567=ADVANCED_FACE('',(#546),#8109,.T.);
#8568=ADVANCED_FACE('',(#547),#8110,.F.);
#8569=ADVANCED_FACE('',(#548),#199,.T.);
#8570=ADVANCED_FACE('',(#549),#8111,.F.);
#8571=ADVANCED_FACE('',(#550),#8112,.F.);
#8572=ADVANCED_FACE('',(#551),#8113,.F.);
#8573=ADVANCED_FACE('',(#552),#8114,.T.);
#8574=ADVANCED_FACE('',(#553),#8115,.F.);
#8575=ADVANCED_FACE('',(#554),#200,.T.);
#8576=ADVANCED_FACE('',(#555),#8116,.F.);
#8577=ADVANCED_FACE('',(#556),#8117,.F.);
#8578=ADVANCED_FACE('',(#557),#8118,.F.);
#8579=ADVANCED_FACE('',(#558),#8119,.T.);
#8580=ADVANCED_FACE('',(#559),#8120,.F.);
#8581=ADVANCED_FACE('',(#560),#201,.T.);
#8582=ADVANCED_FACE('',(#561),#8121,.F.);
#8583=ADVANCED_FACE('',(#562),#8122,.F.);
#8584=ADVANCED_FACE('',(#563),#8123,.F.);
#8585=ADVANCED_FACE('',(#564),#8124,.T.);
#8586=ADVANCED_FACE('',(#565),#8125,.F.);
#8587=ADVANCED_FACE('',(#566),#202,.T.);
#8588=ADVANCED_FACE('',(#567),#8126,.F.);
#8589=ADVANCED_FACE('',(#568),#8127,.F.);
#8590=ADVANCED_FACE('',(#569),#8128,.F.);
#8591=ADVANCED_FACE('',(#570),#8129,.F.);
#8592=ADVANCED_FACE('',(#571),#8130,.T.);
#8593=ADVANCED_FACE('',(#572),#8131,.T.);
#8594=ADVANCED_FACE('',(#573),#8132,.T.);
#8595=ADVANCED_FACE('',(#574),#203,.T.);
#8596=ADVANCED_FACE('',(#575),#8133,.T.);
#8597=ADVANCED_FACE('',(#576),#8134,.F.);
#8598=ADVANCED_FACE('',(#577),#8135,.T.);
#8599=ADVANCED_FACE('',(#578),#8136,.T.);
#8600=ADVANCED_FACE('',(#579),#8137,.T.);
#8601=ADVANCED_FACE('',(#580),#204,.T.);
#8602=ADVANCED_FACE('',(#581),#8138,.T.);
#8603=ADVANCED_FACE('',(#582),#8139,.T.);
#8604=ADVANCED_FACE('',(#583),#8140,.F.);
#8605=ADVANCED_FACE('',(#584),#205,.T.);
#8606=ADVANCED_FACE('',(#585),#8141,.F.);
#8607=ADVANCED_FACE('',(#586),#8142,.F.);
#8608=ADVANCED_FACE('',(#587),#8143,.F.);
#8609=ADVANCED_FACE('',(#588),#8144,.T.);
#8610=ADVANCED_FACE('',(#589),#8145,.F.);
#8611=ADVANCED_FACE('',(#590),#206,.T.);
#8612=ADVANCED_FACE('',(#591),#8146,.F.);
#8613=ADVANCED_FACE('',(#592),#8147,.F.);
#8614=ADVANCED_FACE('',(#593),#8148,.F.);
#8615=ADVANCED_FACE('',(#594),#8149,.F.);
#8616=ADVANCED_FACE('',(#595),#8150,.T.);
#8617=ADVANCED_FACE('',(#596),#8151,.T.);
#8618=ADVANCED_FACE('',(#597),#8152,.T.);
#8619=ADVANCED_FACE('',(#598),#207,.T.);
#8620=ADVANCED_FACE('',(#599),#8153,.T.);
#8621=ADVANCED_FACE('',(#600),#8154,.F.);
#8622=ADVANCED_FACE('',(#601),#8155,.T.);
#8623=ADVANCED_FACE('',(#602),#8156,.T.);
#8624=ADVANCED_FACE('',(#603),#8157,.T.);
#8625=ADVANCED_FACE('',(#604),#208,.T.);
#8626=ADVANCED_FACE('',(#605),#8158,.T.);
#8627=ADVANCED_FACE('',(#606),#8159,.F.);
#8628=ADVANCED_FACE('',(#607),#8160,.T.);
#8629=ADVANCED_FACE('',(#608),#8161,.T.);
#8630=ADVANCED_FACE('',(#609),#8162,.T.);
#8631=ADVANCED_FACE('',(#610),#209,.T.);
#8632=ADVANCED_FACE('',(#611),#8163,.T.);
#8633=ADVANCED_FACE('',(#612),#8164,.T.);
#8634=ADVANCED_FACE('',(#613),#8165,.F.);
#8635=ADVANCED_FACE('',(#614),#210,.T.);
#8636=ADVANCED_FACE('',(#615),#8166,.F.);
#8637=ADVANCED_FACE('',(#616),#8167,.F.);
#8638=ADVANCED_FACE('',(#617),#8168,.F.);
#8639=ADVANCED_FACE('',(#618),#8169,.T.);
#8640=ADVANCED_FACE('',(#619),#8170,.F.);
#8641=ADVANCED_FACE('',(#620),#211,.T.);
#8642=ADVANCED_FACE('',(#621),#8171,.F.);
#8643=ADVANCED_FACE('',(#622),#8172,.F.);
#8644=ADVANCED_FACE('',(#623),#8173,.F.);
#8645=ADVANCED_FACE('',(#624),#8174,.T.);
#8646=ADVANCED_FACE('',(#625),#8175,.F.);
#8647=ADVANCED_FACE('',(#626),#212,.T.);
#8648=ADVANCED_FACE('',(#627),#8176,.F.);
#8649=ADVANCED_FACE('',(#628),#8177,.F.);
#8650=ADVANCED_FACE('',(#629),#8178,.F.);
#8651=ADVANCED_FACE('',(#630),#8179,.T.);
#8652=ADVANCED_FACE('',(#631),#213,.T.);
#8653=ADVANCED_FACE('',(#632),#8180,.T.);
#8654=ADVANCED_FACE('',(#633),#8181,.T.);
#8655=ADVANCED_FACE('',(#634),#8182,.T.);
#8656=ADVANCED_FACE('',(#635),#8183,.F.);
#8657=ADVANCED_FACE('',(#636),#8184,.T.);
#8658=ADVANCED_FACE('',(#637),#214,.T.);
#8659=ADVANCED_FACE('',(#638),#8185,.T.);
#8660=ADVANCED_FACE('',(#639),#8186,.T.);
#8661=ADVANCED_FACE('',(#640),#8187,.T.);
#8662=ADVANCED_FACE('',(#641),#8188,.F.);
#8663=ADVANCED_FACE('',(#642),#8189,.T.);
#8664=ADVANCED_FACE('',(#643),#215,.T.);
#8665=ADVANCED_FACE('',(#644),#8190,.T.);
#8666=ADVANCED_FACE('',(#645),#8191,.T.);
#8667=ADVANCED_FACE('',(#646),#8192,.T.);
#8668=ADVANCED_FACE('',(#647),#8193,.F.);
#8669=ADVANCED_FACE('',(#648),#8194,.T.);
#8670=ADVANCED_FACE('',(#649),#216,.T.);
#8671=ADVANCED_FACE('',(#650),#8195,.T.);
#8672=ADVANCED_FACE('',(#651),#8196,.T.);
#8673=ADVANCED_FACE('',(#652),#8197,.T.);
#8674=ADVANCED_FACE('',(#653),#8198,.F.);
#8675=ADVANCED_FACE('',(#654),#8199,.T.);
#8676=ADVANCED_FACE('',(#655),#217,.T.);
#8677=ADVANCED_FACE('',(#656),#8200,.T.);
#8678=ADVANCED_FACE('',(#657),#8201,.T.);
#8679=ADVANCED_FACE('',(#658),#8202,.T.);
#8680=ADVANCED_FACE('',(#659),#8203,.F.);
#8681=ADVANCED_FACE('',(#660),#8204,.T.);
#8682=ADVANCED_FACE('',(#661),#218,.T.);
#8683=ADVANCED_FACE('',(#662),#8205,.T.);
#8684=ADVANCED_FACE('',(#663),#8206,.T.);
#8685=ADVANCED_FACE('',(#664),#8207,.T.);
#8686=ADVANCED_FACE('',(#665),#8208,.F.);
#8687=ADVANCED_FACE('',(#666),#219,.T.);
#8688=ADVANCED_FACE('',(#667),#8209,.F.);
#8689=ADVANCED_FACE('',(#668),#8210,.F.);
#8690=ADVANCED_FACE('',(#669),#8211,.T.);
#8691=ADVANCED_FACE('',(#670),#8212,.F.);
#8692=ADVANCED_FACE('',(#671),#8213,.F.);
#8693=ADVANCED_FACE('',(#672),#8214,.F.);
#8694=ADVANCED_FACE('',(#673),#8215,.F.);
#8695=ADVANCED_FACE('',(#674),#8216,.F.);
#8696=ADVANCED_FACE('',(#675),#8217,.F.);
#8697=ADVANCED_FACE('',(#676),#8218,.F.);
#8698=ADVANCED_FACE('',(#677),#8219,.F.);
#8699=ADVANCED_FACE('',(#678),#8220,.F.);
#8700=ADVANCED_FACE('',(#679),#8221,.F.);
#8701=ADVANCED_FACE('',(#680),#220,.T.);
#8702=ADVANCED_FACE('',(#681),#8222,.F.);
#8703=ADVANCED_FACE('',(#682),#8223,.T.);
#8704=ADVANCED_FACE('',(#683),#8224,.T.);
#8705=ADVANCED_FACE('',(#684),#8225,.T.);
#8706=ADVANCED_FACE('',(#685),#8226,.T.);
#8707=ADVANCED_FACE('',(#686),#8227,.T.);
#8708=ADVANCED_FACE('',(#687),#8228,.T.);
#8709=ADVANCED_FACE('',(#688),#8229,.T.);
#8710=ADVANCED_FACE('',(#689),#8230,.F.);
#8711=ADVANCED_FACE('',(#690),#8231,.F.);
#8712=ADVANCED_FACE('',(#691),#8232,.F.);
#8713=ADVANCED_FACE('',(#692),#8233,.F.);
#8714=ADVANCED_FACE('',(#693),#8234,.F.);
#8715=ADVANCED_FACE('',(#694),#8235,.F.);
#8716=ADVANCED_FACE('',(#695),#8236,.F.);
#8717=ADVANCED_FACE('',(#696),#8237,.F.);
#8718=ADVANCED_FACE('',(#697),#8238,.T.);
#8719=ADVANCED_FACE('',(#698),#8239,.F.);
#8720=ADVANCED_FACE('',(#699),#8240,.F.);
#8721=ADVANCED_FACE('',(#700),#8241,.F.);
#8722=ADVANCED_FACE('',(#701),#8242,.F.);
#8723=ADVANCED_FACE('',(#702),#8243,.F.);
#8724=ADVANCED_FACE('',(#703),#8244,.F.);
#8725=ADVANCED_FACE('',(#704),#8245,.F.);
#8726=ADVANCED_FACE('',(#705),#8246,.T.);
#8727=ADVANCED_FACE('',(#706),#8247,.T.);
#8728=ADVANCED_FACE('',(#707),#8248,.T.);
#8729=ADVANCED_FACE('',(#708),#8249,.T.);
#8730=ADVANCED_FACE('',(#709),#8250,.T.);
#8731=ADVANCED_FACE('',(#710),#8251,.T.);
#8732=ADVANCED_FACE('',(#711),#8252,.T.);
#8733=ADVANCED_FACE('',(#712),#8253,.T.);
#8734=ADVANCED_FACE('',(#713),#8254,.F.);
#8735=ADVANCED_FACE('',(#714),#221,.T.);
#8736=ADVANCED_FACE('',(#715),#8255,.T.);
#8737=ADVANCED_FACE('',(#716),#8256,.F.);
#8738=CLOSED_SHELL('',(#8257,#8258,#8259,#8260,#8261,#8262,#8263,#8264,
#8265,#8266,#8267,#8268,#8269,#8270,#8271,#8272,#8273,#8274,#8275,#8276,
#8277,#8278,#8279,#8280,#8281,#8282,#8283,#8284,#8285,#8286,#8287,#8288,
#8289,#8290,#8291,#8292,#8293,#8294,#8295,#8296,#8297,#8298,#8299,#8300,
#8301,#8302,#8303,#8304,#8305,#8306,#8307,#8308,#8309,#8310,#8311,#8312,
#8313,#8314,#8315,#8316,#8317,#8318,#8319,#8320,#8321,#8322,#8323,#8324,
#8325,#8326,#8327,#8328,#8329,#8330,#8331,#8332,#8333,#8334,#8335,#8336,
#8337,#8338,#8339,#8340,#8341,#8342,#8343,#8344,#8345,#8346,#8347,#8348,
#8349,#8350,#8351,#8352,#8353,#8354,#8355,#8356,#8357,#8358,#8359,#8360,
#8361,#8362,#8363,#8364,#8365,#8366,#8367,#8368,#8369,#8370,#8371,#8372,
#8373,#8374,#8375,#8376,#8377,#8378,#8379,#8380,#8381,#8382,#8383,#8384,
#8385,#8386,#8387,#8388,#8389,#8390,#8391,#8392,#8393,#8394,#8395,#8396,
#8397,#8398,#8399,#8400,#8401,#8402,#8403,#8404,#8405,#8406,#8407,#8408,
#8409,#8410,#8411,#8412,#8413,#8414,#8415,#8416,#8417,#8418,#8419,#8420,
#8421,#8422,#8423,#8424,#8425,#8426,#8427,#8428,#8429,#8430,#8431,#8432,
#8433,#8434,#8435,#8436,#8437,#8438,#8439,#8440,#8441,#8442,#8443,#8444,
#8445,#8446,#8447,#8448,#8449,#8450,#8451,#8452,#8453,#8454,#8455,#8456,
#8457,#8458,#8459,#8460,#8461));
#8739=CLOSED_SHELL('',(#8462,#8463,#8464,#8465,#8466,#8467,#8468,#8469,
#8470,#8471,#8472,#8473,#8474,#8475,#8476,#8477,#8478));
#8740=CLOSED_SHELL('',(#8479,#8480,#8481,#8482,#8483,#8484,#8485,#8486,
#8487,#8488,#8489,#8490,#8491,#8492,#8493,#8494));
#8741=CLOSED_SHELL('',(#8495,#8496,#8497,#8498,#8499,#8500));
#8742=CLOSED_SHELL('',(#8501,#8502,#8503,#8504,#8505,#8506));
#8743=CLOSED_SHELL('',(#8507,#8508,#8509,#8510,#8511,#8512));
#8744=CLOSED_SHELL('',(#8513,#8514,#8515,#8516,#8517,#8518,#8519,#8520,
#8521,#8522,#8523,#8524));
#8745=CLOSED_SHELL('',(#8525,#8526,#8527,#8528,#8529,#8530,#8531,#8532,
#8533,#8534,#8535,#8536));
#8746=CLOSED_SHELL('',(#8537,#8538,#8539,#8540,#8541,#8542));
#8747=CLOSED_SHELL('',(#8543,#8544,#8545,#8546,#8547,#8548));
#8748=CLOSED_SHELL('',(#8549,#8550,#8551,#8552,#8553,#8554));
#8749=CLOSED_SHELL('',(#8555,#8556,#8557,#8558,#8559,#8560));
#8750=CLOSED_SHELL('',(#8561,#8562,#8563,#8564,#8565,#8566));
#8751=CLOSED_SHELL('',(#8567,#8568,#8569,#8570,#8571,#8572));
#8752=CLOSED_SHELL('',(#8573,#8574,#8575,#8576,#8577,#8578));
#8753=CLOSED_SHELL('',(#8579,#8580,#8581,#8582,#8583,#8584));
#8754=CLOSED_SHELL('',(#8585,#8586,#8587,#8588,#8589,#8590));
#8755=CLOSED_SHELL('',(#8591,#8592,#8593,#8594,#8595,#8596));
#8756=CLOSED_SHELL('',(#8597,#8598,#8599,#8600,#8601,#8602));
#8757=CLOSED_SHELL('',(#8603,#8604,#8605,#8606,#8607,#8608));
#8758=CLOSED_SHELL('',(#8609,#8610,#8611,#8612,#8613,#8614));
#8759=CLOSED_SHELL('',(#8615,#8616,#8617,#8618,#8619,#8620));
#8760=CLOSED_SHELL('',(#8621,#8622,#8623,#8624,#8625,#8626));
#8761=CLOSED_SHELL('',(#8627,#8628,#8629,#8630,#8631,#8632));
#8762=CLOSED_SHELL('',(#8633,#8634,#8635,#8636,#8637,#8638));
#8763=CLOSED_SHELL('',(#8639,#8640,#8641,#8642,#8643,#8644));
#8764=CLOSED_SHELL('',(#8645,#8646,#8647,#8648,#8649,#8650));
#8765=CLOSED_SHELL('',(#8651,#8652,#8653,#8654,#8655,#8656));
#8766=CLOSED_SHELL('',(#8657,#8658,#8659,#8660,#8661,#8662));
#8767=CLOSED_SHELL('',(#8663,#8664,#8665,#8666,#8667,#8668));
#8768=CLOSED_SHELL('',(#8669,#8670,#8671,#8672,#8673,#8674));
#8769=CLOSED_SHELL('',(#8675,#8676,#8677,#8678,#8679,#8680));
#8770=CLOSED_SHELL('',(#8681,#8682,#8683,#8684,#8685,#8686));
#8771=CLOSED_SHELL('',(#8687,#8688,#8689,#8690,#8691,#8692,#8693,#8694,
#8695,#8696,#8697,#8698,#8699,#8700,#8701,#8702));
#8772=CLOSED_SHELL('',(#8703,#8704,#8705,#8706,#8707,#8708,#8709,#8710));
#8773=CLOSED_SHELL('',(#8711,#8712,#8713,#8714,#8715,#8716,#8717,#8718));
#8774=CLOSED_SHELL('',(#8719,#8720,#8721,#8722,#8723,#8724,#8725,#8726));
#8775=CLOSED_SHELL('',(#8727,#8728,#8729,#8730,#8731,#8732,#8733,#8734));
#8776=CLOSED_SHELL('',(#8735,#8736,#8737));
#8777=DERIVED_UNIT_ELEMENT(#8781,1.);
#8778=DERIVED_UNIT_ELEMENT(#14237,-3.);
#8779=DERIVED_UNIT_ELEMENT(#8781,1.);
#8780=DERIVED_UNIT_ELEMENT(#14237,-3.);
#8781=(
MASS_UNIT()
NAMED_UNIT(*)
SI_UNIT(.KILO.,.GRAM.)
);
#8782=DERIVED_UNIT((#8777,#8778));
#8783=DERIVED_UNIT((#8779,#8780));
#8784=MEASURE_REPRESENTATION_ITEM('density measure',
POSITIVE_RATIO_MEASURE(7850.),#8782);
#8785=MEASURE_REPRESENTATION_ITEM('density measure',
POSITIVE_RATIO_MEASURE(7850.),#8783);
#8786=PROPERTY_DEFINITION_REPRESENTATION(#8796,#8790);
#8787=PROPERTY_DEFINITION_REPRESENTATION(#8797,#8791);
#8788=PROPERTY_DEFINITION_REPRESENTATION(#8798,#8792);
#8789=PROPERTY_DEFINITION_REPRESENTATION(#8799,#8793);
#8790=REPRESENTATION('material name',(#8794),#14233);
#8791=REPRESENTATION('density',(#8784),#14233);
#8792=REPRESENTATION('material name',(#8795),#14234);
#8793=REPRESENTATION('density',(#8785),#14234);
#8794=DESCRIPTIVE_REPRESENTATION_ITEM('Steel','Steel');
#8795=DESCRIPTIVE_REPRESENTATION_ITEM('Steel','Steel');
#8796=PROPERTY_DEFINITION('material property','material name',#14253);
#8797=PROPERTY_DEFINITION('material property','density of part',#14253);
#8798=PROPERTY_DEFINITION('material property','material name',#14254);
#8799=PROPERTY_DEFINITION('material property','density of part',#14254);
#8800=AXIS2_PLACEMENT_3D('',#11747,#9432,#9433);
#8801=AXIS2_PLACEMENT_3D('',#11748,#9434,#9435);
#8802=AXIS2_PLACEMENT_3D('',#11749,#9436,#9437);
#8803=AXIS2_PLACEMENT_3D('',#11754,#9439,#9440);
#8804=AXIS2_PLACEMENT_3D('',#11762,#9444,#9445);
#8805=AXIS2_PLACEMENT_3D('',#11770,#9449,#9450);
#8806=AXIS2_PLACEMENT_3D('',#11778,#9454,#9455);
#8807=AXIS2_PLACEMENT_3D('',#11782,#9457,#9458);
#8808=AXIS2_PLACEMENT_3D('',#11790,#9462,#9463);
#8809=AXIS2_PLACEMENT_3D('',#11794,#9465,#9466);
#8810=AXIS2_PLACEMENT_3D('',#11802,#9470,#9471);
#8811=AXIS2_PLACEMENT_3D('',#11810,#9475,#9476);
#8812=AXIS2_PLACEMENT_3D('',#11818,#9480,#9481);
#8813=AXIS2_PLACEMENT_3D('',#11826,#9485,#9486);
#8814=AXIS2_PLACEMENT_3D('',#11834,#9490,#9491);
#8815=AXIS2_PLACEMENT_3D('',#11842,#9495,#9496);
#8816=AXIS2_PLACEMENT_3D('',#11852,#9501,#9502);
#8817=AXIS2_PLACEMENT_3D('',#11856,#9504,#9505);
#8818=AXIS2_PLACEMENT_3D('',#11864,#9509,#9510);
#8819=AXIS2_PLACEMENT_3D('',#11868,#9512,#9513);
#8820=AXIS2_PLACEMENT_3D('',#11878,#9518,#9519);
#8821=AXIS2_PLACEMENT_3D('',#11886,#9523,#9524);
#8822=AXIS2_PLACEMENT_3D('',#11894,#9528,#9529);
#8823=AXIS2_PLACEMENT_3D('',#11902,#9533,#9534);
#8824=AXIS2_PLACEMENT_3D('',#11910,#9538,#9539);
#8825=AXIS2_PLACEMENT_3D('',#11918,#9543,#9544);
#8826=AXIS2_PLACEMENT_3D('',#11926,#9548,#9549);
#8827=AXIS2_PLACEMENT_3D('',#11934,#9553,#9554);
#8828=AXIS2_PLACEMENT_3D('',#11942,#9558,#9559);
#8829=AXIS2_PLACEMENT_3D('',#11950,#9563,#9564);
#8830=AXIS2_PLACEMENT_3D('',#11958,#9568,#9569);
#8831=AXIS2_PLACEMENT_3D('',#11966,#9573,#9574);
#8832=AXIS2_PLACEMENT_3D('',#11974,#9578,#9579);
#8833=AXIS2_PLACEMENT_3D('',#11984,#9584,#9585);
#8834=AXIS2_PLACEMENT_3D('',#11992,#9589,#9590);
#8835=AXIS2_PLACEMENT_3D('',#12000,#9594,#9595);
#8836=AXIS2_PLACEMENT_3D('',#12008,#9599,#9600);
#8837=AXIS2_PLACEMENT_3D('',#12016,#9604,#9605);
#8838=AXIS2_PLACEMENT_3D('',#12024,#9609,#9610);
#8839=AXIS2_PLACEMENT_3D('',#12048,#9623,#9624);
#8840=AXIS2_PLACEMENT_3D('',#12057,#9629,#9630);
#8841=AXIS2_PLACEMENT_3D('',#12066,#9635,#9636);
#8842=AXIS2_PLACEMENT_3D('',#12075,#9641,#9642);
#8843=AXIS2_PLACEMENT_3D('',#12084,#9647,#9648);
#8844=AXIS2_PLACEMENT_3D('',#12093,#9653,#9654);
#8845=AXIS2_PLACEMENT_3D('',#12102,#9659,#9660);
#8846=AXIS2_PLACEMENT_3D('',#12108,#9664,#9665);
#8847=AXIS2_PLACEMENT_3D('',#12112,#9668,#9669);
#8848=AXIS2_PLACEMENT_3D('',#12116,#9672,#9673);
#8849=AXIS2_PLACEMENT_3D('',#12120,#9676,#9677);
#8850=AXIS2_PLACEMENT_3D('',#12122,#9679,#9680);
#8851=AXIS2_PLACEMENT_3D('',#12139,#9689,#9690);
#8852=AXIS2_PLACEMENT_3D('',#12145,#9694,#9695);
#8853=AXIS2_PLACEMENT_3D('',#12149,#9698,#9699);
#8854=AXIS2_PLACEMENT_3D('',#12153,#9702,#9703);
#8855=AXIS2_PLACEMENT_3D('',#12155,#9705,#9706);
#8856=AXIS2_PLACEMENT_3D('',#12156,#9707,#9708);
#8857=AXIS2_PLACEMENT_3D('',#12159,#9711,#9712);
#8858=AXIS2_PLACEMENT_3D('',#12161,#9714,#9715);
#8859=AXIS2_PLACEMENT_3D('',#12163,#9717,#9718);
#8860=AXIS2_PLACEMENT_3D('',#12164,#9719,#9720);
#8861=AXIS2_PLACEMENT_3D('',#12170,#9724,#9725);
#8862=AXIS2_PLACEMENT_3D('',#12255,#9775,#9776);
#8863=AXIS2_PLACEMENT_3D('',#12258,#9778,#9779);
#8864=AXIS2_PLACEMENT_3D('',#12259,#9780,#9781);
#8865=AXIS2_PLACEMENT_3D('',#12261,#9783,#9784);
#8866=AXIS2_PLACEMENT_3D('',#12262,#9785,#9786);
#8867=AXIS2_PLACEMENT_3D('',#12266,#9789,#9790);
#8868=AXIS2_PLACEMENT_3D('',#12268,#9791,#9792);
#8869=AXIS2_PLACEMENT_3D('',#12270,#9794,#9795);
#8870=AXIS2_PLACEMENT_3D('',#12272,#9797,#9798);
#8871=AXIS2_PLACEMENT_3D('',#12273,#9799,#9800);
#8872=AXIS2_PLACEMENT_3D('',#12277,#9803,#9804);
#8873=AXIS2_PLACEMENT_3D('',#12279,#9805,#9806);
#8874=AXIS2_PLACEMENT_3D('',#12281,#9808,#9809);
#8875=AXIS2_PLACEMENT_3D('',#12283,#9811,#9812);
#8876=AXIS2_PLACEMENT_3D('',#12284,#9813,#9814);
#8877=AXIS2_PLACEMENT_3D('',#12288,#9817,#9818);
#8878=AXIS2_PLACEMENT_3D('',#12290,#9819,#9820);
#8879=AXIS2_PLACEMENT_3D('',#12292,#9822,#9823);
#8880=AXIS2_PLACEMENT_3D('',#12296,#9826,#9827);
#8881=AXIS2_PLACEMENT_3D('',#12299,#9829,#9830);
#8882=AXIS2_PLACEMENT_3D('',#12300,#9831,#9832);
#8883=AXIS2_PLACEMENT_3D('',#12302,#9834,#9835);
#8884=AXIS2_PLACEMENT_3D('',#12308,#9839,#9840);
#8885=AXIS2_PLACEMENT_3D('',#12310,#9842,#9843);
#8886=AXIS2_PLACEMENT_3D('',#12312,#9845,#9846);
#8887=AXIS2_PLACEMENT_3D('',#12313,#9847,#9848);
#8888=AXIS2_PLACEMENT_3D('',#12317,#9851,#9852);
#8889=AXIS2_PLACEMENT_3D('',#12319,#9853,#9854);
#8890=AXIS2_PLACEMENT_3D('',#12321,#9856,#9857);
#8891=AXIS2_PLACEMENT_3D('',#12325,#9860,#9861);
#8892=AXIS2_PLACEMENT_3D('',#12328,#9863,#9864);
#8893=AXIS2_PLACEMENT_3D('',#12329,#9865,#9866);
#8894=AXIS2_PLACEMENT_3D('',#12331,#9868,#9869);
#8895=AXIS2_PLACEMENT_3D('',#12337,#9873,#9874);
#8896=AXIS2_PLACEMENT_3D('',#12339,#9876,#9877);
#8897=AXIS2_PLACEMENT_3D('',#12341,#9879,#9880);
#8898=AXIS2_PLACEMENT_3D('',#12342,#9881,#9882);
#8899=AXIS2_PLACEMENT_3D('',#12346,#9885,#9886);
#8900=AXIS2_PLACEMENT_3D('',#12348,#9887,#9888);
#8901=AXIS2_PLACEMENT_3D('',#12350,#9890,#9891);
#8902=AXIS2_PLACEMENT_3D('',#12352,#9893,#9894);
#8903=AXIS2_PLACEMENT_3D('',#12353,#9895,#9896);
#8904=AXIS2_PLACEMENT_3D('',#12357,#9899,#9900);
#8905=AXIS2_PLACEMENT_3D('',#12359,#9901,#9902);
#8906=AXIS2_PLACEMENT_3D('',#12361,#9904,#9905);
#8907=AXIS2_PLACEMENT_3D('',#12363,#9907,#9908);
#8908=AXIS2_PLACEMENT_3D('',#12364,#9909,#9910);
#8909=AXIS2_PLACEMENT_3D('',#12368,#9913,#9914);
#8910=AXIS2_PLACEMENT_3D('',#12370,#9915,#9916);
#8911=AXIS2_PLACEMENT_3D('',#12372,#9918,#9919);
#8912=AXIS2_PLACEMENT_3D('',#12374,#9921,#9922);
#8913=AXIS2_PLACEMENT_3D('',#12375,#9923,#9924);
#8914=AXIS2_PLACEMENT_3D('',#12379,#9927,#9928);
#8915=AXIS2_PLACEMENT_3D('',#12381,#9929,#9930);
#8916=AXIS2_PLACEMENT_3D('',#12383,#9932,#9933);
#8917=AXIS2_PLACEMENT_3D('',#12385,#9935,#9936);
#8918=AXIS2_PLACEMENT_3D('',#12386,#9937,#9938);
#8919=AXIS2_PLACEMENT_3D('',#12390,#9941,#9942);
#8920=AXIS2_PLACEMENT_3D('',#12392,#9943,#9944);
#8921=AXIS2_PLACEMENT_3D('',#12394,#9946,#9947);
#8922=AXIS2_PLACEMENT_3D('',#12396,#9949,#9950);
#8923=AXIS2_PLACEMENT_3D('',#12397,#9951,#9952);
#8924=AXIS2_PLACEMENT_3D('',#12401,#9955,#9956);
#8925=AXIS2_PLACEMENT_3D('',#12403,#9957,#9958);
#8926=AXIS2_PLACEMENT_3D('',#12405,#9960,#9961);
#8927=AXIS2_PLACEMENT_3D('',#12407,#9963,#9964);
#8928=AXIS2_PLACEMENT_3D('',#12408,#9965,#9966);
#8929=AXIS2_PLACEMENT_3D('',#12458,#9995,#9996);
#8930=AXIS2_PLACEMENT_3D('',#12462,#9999,#10000);
#8931=AXIS2_PLACEMENT_3D('',#12466,#10003,#10004);
#8932=AXIS2_PLACEMENT_3D('',#12468,#10006,#10007);
#8933=AXIS2_PLACEMENT_3D('',#12472,#10009,#10010);
#8934=AXIS2_PLACEMENT_3D('',#12476,#10012,#10013);
#8935=AXIS2_PLACEMENT_3D('',#12483,#10018,#10019);
#8936=AXIS2_PLACEMENT_3D('',#12485,#10021,#10022);
#8937=AXIS2_PLACEMENT_3D('',#12487,#10024,#10025);
#8938=AXIS2_PLACEMENT_3D('',#12488,#10026,#10027);
#8939=AXIS2_PLACEMENT_3D('',#12490,#10029,#10030);
#8940=AXIS2_PLACEMENT_3D('',#12492,#10032,#10033);
#8941=AXIS2_PLACEMENT_3D('',#12494,#10035,#10036);
#8942=AXIS2_PLACEMENT_3D('',#12496,#10038,#10039);
#8943=AXIS2_PLACEMENT_3D('',#12497,#10040,#10041);
#8944=AXIS2_PLACEMENT_3D('',#12582,#10091,#10092);
#8945=AXIS2_PLACEMENT_3D('',#12586,#10094,#10095);
#8946=AXIS2_PLACEMENT_3D('',#12588,#10097,#10098);
#8947=AXIS2_PLACEMENT_3D('',#12590,#10100,#10101);
#8948=AXIS2_PLACEMENT_3D('',#12592,#10103,#10104);
#8949=AXIS2_PLACEMENT_3D('',#12593,#10105,#10106);
#8950=AXIS2_PLACEMENT_3D('',#12641,#10134,#10135);
#8951=AXIS2_PLACEMENT_3D('',#12642,#10136,#10137);
#8952=AXIS2_PLACEMENT_3D('',#12646,#10140,#10141);
#8953=AXIS2_PLACEMENT_3D('',#12648,#10142,#10143);
#8954=AXIS2_PLACEMENT_3D('',#12650,#10145,#10146);
#8955=AXIS2_PLACEMENT_3D('',#12652,#10148,#10149);
#8956=AXIS2_PLACEMENT_3D('',#12653,#10150,#10151);
#8957=AXIS2_PLACEMENT_3D('',#12657,#10154,#10155);
#8958=AXIS2_PLACEMENT_3D('',#12659,#10156,#10157);
#8959=AXIS2_PLACEMENT_3D('',#12661,#10159,#10160);
#8960=AXIS2_PLACEMENT_3D('',#12663,#10162,#10163);
#8961=AXIS2_PLACEMENT_3D('',#12664,#10164,#10165);
#8962=AXIS2_PLACEMENT_3D('',#12668,#10168,#10169);
#8963=AXIS2_PLACEMENT_3D('',#12670,#10170,#10171);
#8964=AXIS2_PLACEMENT_3D('',#12672,#10173,#10174);
#8965=AXIS2_PLACEMENT_3D('',#12674,#10176,#10177);
#8966=AXIS2_PLACEMENT_3D('',#12675,#10178,#10179);
#8967=AXIS2_PLACEMENT_3D('',#12679,#10182,#10183);
#8968=AXIS2_PLACEMENT_3D('',#12681,#10184,#10185);
#8969=AXIS2_PLACEMENT_3D('',#12683,#10187,#10188);
#8970=AXIS2_PLACEMENT_3D('',#12685,#10190,#10191);
#8971=AXIS2_PLACEMENT_3D('',#12686,#10192,#10193);
#8972=AXIS2_PLACEMENT_3D('',#12690,#10196,#10197);
#8973=AXIS2_PLACEMENT_3D('',#12692,#10198,#10199);
#8974=AXIS2_PLACEMENT_3D('',#12694,#10201,#10202);
#8975=AXIS2_PLACEMENT_3D('',#12696,#10204,#10205);
#8976=AXIS2_PLACEMENT_3D('',#12697,#10206,#10207);
#8977=AXIS2_PLACEMENT_3D('',#12701,#10210,#10211);
#8978=AXIS2_PLACEMENT_3D('',#12703,#10212,#10213);
#8979=AXIS2_PLACEMENT_3D('',#12705,#10215,#10216);
#8980=AXIS2_PLACEMENT_3D('',#12707,#10218,#10219);
#8981=AXIS2_PLACEMENT_3D('',#12708,#10220,#10221);
#8982=AXIS2_PLACEMENT_3D('',#12715,#10226,#10227);
#8983=AXIS2_PLACEMENT_3D('',#12719,#10230,#10231);
#8984=AXIS2_PLACEMENT_3D('',#12724,#10235,#10236);
#8985=AXIS2_PLACEMENT_3D('',#12726,#10238,#10239);
#8986=AXIS2_PLACEMENT_3D('',#12727,#10240,#10241);
#8987=AXIS2_PLACEMENT_3D('',#12728,#10242,#10243);
#8988=AXIS2_PLACEMENT_3D('',#12735,#10248,#10249);
#8989=AXIS2_PLACEMENT_3D('',#12739,#10252,#10253);
#8990=AXIS2_PLACEMENT_3D('',#12744,#10257,#10258);
#8991=AXIS2_PLACEMENT_3D('',#12746,#10260,#10261);
#8992=AXIS2_PLACEMENT_3D('',#12747,#10262,#10263);
#8993=AXIS2_PLACEMENT_3D('',#12748,#10264,#10265);
#8994=AXIS2_PLACEMENT_3D('',#12752,#10268,#10269);
#8995=AXIS2_PLACEMENT_3D('',#12755,#10271,#10272);
#8996=AXIS2_PLACEMENT_3D('',#12756,#10273,#10274);
#8997=AXIS2_PLACEMENT_3D('',#12758,#10276,#10277);
#8998=AXIS2_PLACEMENT_3D('',#12759,#10278,#10279);
#8999=AXIS2_PLACEMENT_3D('',#12763,#10282,#10283);
#9000=AXIS2_PLACEMENT_3D('',#12766,#10285,#10286);
#9001=AXIS2_PLACEMENT_3D('',#12767,#10287,#10288);
#9002=AXIS2_PLACEMENT_3D('',#12769,#10290,#10291);
#9003=AXIS2_PLACEMENT_3D('',#12770,#10292,#10293);
#9004=AXIS2_PLACEMENT_3D('',#12774,#10296,#10297);
#9005=AXIS2_PLACEMENT_3D('',#12777,#10299,#10300);
#9006=AXIS2_PLACEMENT_3D('',#12778,#10301,#10302);
#9007=AXIS2_PLACEMENT_3D('',#12780,#10304,#10305);
#9008=AXIS2_PLACEMENT_3D('',#12781,#10306,#10307);
#9009=AXIS2_PLACEMENT_3D('',#12785,#10310,#10311);
#9010=AXIS2_PLACEMENT_3D('',#12788,#10313,#10314);
#9011=AXIS2_PLACEMENT_3D('',#12789,#10315,#10316);
#9012=AXIS2_PLACEMENT_3D('',#12791,#10318,#10319);
#9013=AXIS2_PLACEMENT_3D('',#12792,#10320,#10321);
#9014=AXIS2_PLACEMENT_3D('',#12796,#10324,#10325);
#9015=AXIS2_PLACEMENT_3D('',#12799,#10327,#10328);
#9016=AXIS2_PLACEMENT_3D('',#12800,#10329,#10330);
#9017=AXIS2_PLACEMENT_3D('',#12802,#10332,#10333);
#9018=AXIS2_PLACEMENT_3D('',#12803,#10334,#10335);
#9019=AXIS2_PLACEMENT_3D('',#12807,#10338,#10339);
#9020=AXIS2_PLACEMENT_3D('',#12810,#10341,#10342);
#9021=AXIS2_PLACEMENT_3D('',#12811,#10343,#10344);
#9022=AXIS2_PLACEMENT_3D('',#12813,#10346,#10347);
#9023=AXIS2_PLACEMENT_3D('',#12814,#10348,#10349);
#9024=AXIS2_PLACEMENT_3D('',#12818,#10352,#10353);
#9025=AXIS2_PLACEMENT_3D('',#12821,#10355,#10356);
#9026=AXIS2_PLACEMENT_3D('',#12822,#10357,#10358);
#9027=AXIS2_PLACEMENT_3D('',#12824,#10360,#10361);
#9028=AXIS2_PLACEMENT_3D('',#12825,#10362,#10363);
#9029=AXIS2_PLACEMENT_3D('',#12829,#10366,#10367);
#9030=AXIS2_PLACEMENT_3D('',#12832,#10369,#10370);
#9031=AXIS2_PLACEMENT_3D('',#12833,#10371,#10372);
#9032=AXIS2_PLACEMENT_3D('',#12835,#10374,#10375);
#9033=AXIS2_PLACEMENT_3D('',#12836,#10376,#10377);
#9034=AXIS2_PLACEMENT_3D('',#12840,#10380,#10381);
#9035=AXIS2_PLACEMENT_3D('',#12843,#10383,#10384);
#9036=AXIS2_PLACEMENT_3D('',#12844,#10385,#10386);
#9037=AXIS2_PLACEMENT_3D('',#12846,#10388,#10389);
#9038=AXIS2_PLACEMENT_3D('',#12847,#10390,#10391);
#9039=AXIS2_PLACEMENT_3D('',#12851,#10394,#10395);
#9040=AXIS2_PLACEMENT_3D('',#12854,#10397,#10398);
#9041=AXIS2_PLACEMENT_3D('',#12855,#10399,#10400);
#9042=AXIS2_PLACEMENT_3D('',#12857,#10402,#10403);
#9043=AXIS2_PLACEMENT_3D('',#12858,#10404,#10405);
#9044=AXIS2_PLACEMENT_3D('',#12862,#10408,#10409);
#9045=AXIS2_PLACEMENT_3D('',#12865,#10411,#10412);
#9046=AXIS2_PLACEMENT_3D('',#12866,#10413,#10414);
#9047=AXIS2_PLACEMENT_3D('',#12868,#10416,#10417);
#9048=AXIS2_PLACEMENT_3D('',#12869,#10418,#10419);
#9049=AXIS2_PLACEMENT_3D('',#12873,#10422,#10423);
#9050=AXIS2_PLACEMENT_3D('',#12876,#10425,#10426);
#9051=AXIS2_PLACEMENT_3D('',#12877,#10427,#10428);
#9052=AXIS2_PLACEMENT_3D('',#12879,#10430,#10431);
#9053=AXIS2_PLACEMENT_3D('',#12880,#10432,#10433);
#9054=AXIS2_PLACEMENT_3D('',#12887,#10438,#10439);
#9055=AXIS2_PLACEMENT_3D('',#12891,#10442,#10443);
#9056=AXIS2_PLACEMENT_3D('',#12896,#10447,#10448);
#9057=AXIS2_PLACEMENT_3D('',#12898,#10450,#10451);
#9058=AXIS2_PLACEMENT_3D('',#12899,#10452,#10453);
#9059=AXIS2_PLACEMENT_3D('',#12900,#10454,#10455);
#9060=AXIS2_PLACEMENT_3D('',#12904,#10458,#10459);
#9061=AXIS2_PLACEMENT_3D('',#12906,#10460,#10461);
#9062=AXIS2_PLACEMENT_3D('',#12908,#10463,#10464);
#9063=AXIS2_PLACEMENT_3D('',#12912,#10467,#10468);
#9064=AXIS2_PLACEMENT_3D('',#12914,#10469,#10470);
#9065=AXIS2_PLACEMENT_3D('',#12916,#10472,#10473);
#9066=AXIS2_PLACEMENT_3D('',#12918,#10475,#10476);
#9067=AXIS2_PLACEMENT_3D('',#12929,#10483,#10484);
#9068=AXIS2_PLACEMENT_3D('',#12931,#10486,#10487);
#9069=AXIS2_PLACEMENT_3D('',#12933,#10489,#10490);
#9070=AXIS2_PLACEMENT_3D('',#12934,#10491,#10492);
#9071=AXIS2_PLACEMENT_3D('',#12936,#10494,#10495);
#9072=AXIS2_PLACEMENT_3D('',#12938,#10497,#10498);
#9073=AXIS2_PLACEMENT_3D('',#12939,#10499,#10500);
#9074=AXIS2_PLACEMENT_3D('',#12946,#10505,#10506);
#9075=AXIS2_PLACEMENT_3D('',#12950,#10509,#10510);
#9076=AXIS2_PLACEMENT_3D('',#12955,#10514,#10515);
#9077=AXIS2_PLACEMENT_3D('',#12957,#10517,#10518);
#9078=AXIS2_PLACEMENT_3D('',#12958,#10519,#10520);
#9079=AXIS2_PLACEMENT_3D('',#12959,#10521,#10522);
#9080=AXIS2_PLACEMENT_3D('',#12960,#10523,#10524);
#9081=AXIS2_PLACEMENT_3D('',#12969,#10529,#10530);
#9082=AXIS2_PLACEMENT_3D('',#12975,#10534,#10535);
#9083=AXIS2_PLACEMENT_3D('',#12997,#10547,#10548);
#9084=AXIS2_PLACEMENT_3D('',#13003,#10552,#10553);
#9085=AXIS2_PLACEMENT_3D('',#13007,#10556,#10557);
#9086=AXIS2_PLACEMENT_3D('',#13011,#10560,#10561);
#9087=AXIS2_PLACEMENT_3D('',#13013,#10563,#10564);
#9088=AXIS2_PLACEMENT_3D('',#13014,#10565,#10566);
#9089=AXIS2_PLACEMENT_3D('',#13020,#10570,#10571);
#9090=AXIS2_PLACEMENT_3D('',#13024,#10574,#10575);
#9091=AXIS2_PLACEMENT_3D('',#13028,#10578,#10579);
#9092=AXIS2_PLACEMENT_3D('',#13030,#10581,#10582);
#9093=AXIS2_PLACEMENT_3D('',#13031,#10583,#10584);
#9094=AXIS2_PLACEMENT_3D('',#13035,#10587,#10588);
#9095=AXIS2_PLACEMENT_3D('',#13039,#10591,#10592);
#9096=AXIS2_PLACEMENT_3D('',#13041,#10594,#10595);
#9097=AXIS2_PLACEMENT_3D('',#13042,#10596,#10597);
#9098=AXIS2_PLACEMENT_3D('',#13045,#10598,#10599);
#9099=AXIS2_PLACEMENT_3D('',#13049,#10601,#10602);
#9100=AXIS2_PLACEMENT_3D('',#13051,#10604,#10605);
#9101=AXIS2_PLACEMENT_3D('',#13055,#10607,#10608);
#9102=AXIS2_PLACEMENT_3D('',#13077,#10620,#10621);
#9103=AXIS2_PLACEMENT_3D('',#13081,#10624,#10625);
#9104=AXIS2_PLACEMENT_3D('',#13103,#10636,#10637);
#9105=AXIS2_PLACEMENT_3D('',#13105,#10639,#10640);
#9106=AXIS2_PLACEMENT_3D('',#13107,#10642,#10643);
#9107=AXIS2_PLACEMENT_3D('',#13109,#10645,#10646);
#9108=AXIS2_PLACEMENT_3D('',#13111,#10648,#10649);
#9109=AXIS2_PLACEMENT_3D('',#13113,#10651,#10652);
#9110=AXIS2_PLACEMENT_3D('',#13115,#10654,#10655);
#9111=AXIS2_PLACEMENT_3D('',#13117,#10657,#10658);
#9112=AXIS2_PLACEMENT_3D('',#13119,#10660,#10661);
#9113=AXIS2_PLACEMENT_3D('',#13121,#10663,#10664);
#9114=AXIS2_PLACEMENT_3D('',#13123,#10666,#10667);
#9115=AXIS2_PLACEMENT_3D('',#13125,#10669,#10670);
#9116=AXIS2_PLACEMENT_3D('',#13127,#10672,#10673);
#9117=AXIS2_PLACEMENT_3D('',#13128,#10674,#10675);
#9118=AXIS2_PLACEMENT_3D('',#13136,#10679,#10680);
#9119=AXIS2_PLACEMENT_3D('',#13137,#10681,#10682);
#9120=AXIS2_PLACEMENT_3D('',#13143,#10686,#10687);
#9121=AXIS2_PLACEMENT_3D('',#13147,#10690,#10691);
#9122=AXIS2_PLACEMENT_3D('',#13151,#10694,#10695);
#9123=AXIS2_PLACEMENT_3D('',#13152,#10696,#10697);
#9124=AXIS2_PLACEMENT_3D('',#13153,#10698,#10699);
#9125=AXIS2_PLACEMENT_3D('',#13154,#10700,#10701);
#9126=AXIS2_PLACEMENT_3D('',#13162,#10705,#10706);
#9127=AXIS2_PLACEMENT_3D('',#13163,#10707,#10708);
#9128=AXIS2_PLACEMENT_3D('',#13169,#10712,#10713);
#9129=AXIS2_PLACEMENT_3D('',#13173,#10716,#10717);
#9130=AXIS2_PLACEMENT_3D('',#13177,#10720,#10721);
#9131=AXIS2_PLACEMENT_3D('',#13178,#10722,#10723);
#9132=AXIS2_PLACEMENT_3D('',#13179,#10724,#10725);
#9133=AXIS2_PLACEMENT_3D('',#13180,#10726,#10727);
#9134=AXIS2_PLACEMENT_3D('',#13188,#10731,#10732);
#9135=AXIS2_PLACEMENT_3D('',#13189,#10733,#10734);
#9136=AXIS2_PLACEMENT_3D('',#13195,#10738,#10739);
#9137=AXIS2_PLACEMENT_3D('',#13199,#10742,#10743);
#9138=AXIS2_PLACEMENT_3D('',#13203,#10746,#10747);
#9139=AXIS2_PLACEMENT_3D('',#13204,#10748,#10749);
#9140=AXIS2_PLACEMENT_3D('',#13205,#10750,#10751);
#9141=AXIS2_PLACEMENT_3D('',#13206,#10752,#10753);
#9142=AXIS2_PLACEMENT_3D('',#13215,#10758,#10759);
#9143=AXIS2_PLACEMENT_3D('',#13221,#10763,#10764);
#9144=AXIS2_PLACEMENT_3D('',#13227,#10767,#10768);
#9145=AXIS2_PLACEMENT_3D('',#13231,#10770,#10771);
#9146=AXIS2_PLACEMENT_3D('',#13237,#10775,#10776);
#9147=AXIS2_PLACEMENT_3D('',#13241,#10779,#10780);
#9148=AXIS2_PLACEMENT_3D('',#13246,#10782,#10783);
#9149=AXIS2_PLACEMENT_3D('',#13254,#10788,#10789);
#9150=AXIS2_PLACEMENT_3D('',#13255,#10790,#10791);
#9151=AXIS2_PLACEMENT_3D('',#13258,#10794,#10795);
#9152=AXIS2_PLACEMENT_3D('',#13260,#10797,#10798);
#9153=AXIS2_PLACEMENT_3D('',#13262,#10800,#10801);
#9154=AXIS2_PLACEMENT_3D('',#13263,#10802,#10803);
#9155=AXIS2_PLACEMENT_3D('',#13265,#10805,#10806);
#9156=AXIS2_PLACEMENT_3D('',#13267,#10808,#10809);
#9157=AXIS2_PLACEMENT_3D('',#13268,#10810,#10811);
#9158=AXIS2_PLACEMENT_3D('',#13277,#10816,#10817);
#9159=AXIS2_PLACEMENT_3D('',#13283,#10821,#10822);
#9160=AXIS2_PLACEMENT_3D('',#13289,#10825,#10826);
#9161=AXIS2_PLACEMENT_3D('',#13293,#10828,#10829);
#9162=AXIS2_PLACEMENT_3D('',#13299,#10833,#10834);
#9163=AXIS2_PLACEMENT_3D('',#13303,#10837,#10838);
#9164=AXIS2_PLACEMENT_3D('',#13308,#10840,#10841);
#9165=AXIS2_PLACEMENT_3D('',#13316,#10846,#10847);
#9166=AXIS2_PLACEMENT_3D('',#13317,#10848,#10849);
#9167=AXIS2_PLACEMENT_3D('',#13320,#10852,#10853);
#9168=AXIS2_PLACEMENT_3D('',#13322,#10855,#10856);
#9169=AXIS2_PLACEMENT_3D('',#13324,#10858,#10859);
#9170=AXIS2_PLACEMENT_3D('',#13325,#10860,#10861);
#9171=AXIS2_PLACEMENT_3D('',#13327,#10863,#10864);
#9172=AXIS2_PLACEMENT_3D('',#13329,#10866,#10867);
#9173=AXIS2_PLACEMENT_3D('',#13330,#10868,#10869);
#9174=AXIS2_PLACEMENT_3D('',#13338,#10873,#10874);
#9175=AXIS2_PLACEMENT_3D('',#13339,#10875,#10876);
#9176=AXIS2_PLACEMENT_3D('',#13345,#10880,#10881);
#9177=AXIS2_PLACEMENT_3D('',#13349,#10884,#10885);
#9178=AXIS2_PLACEMENT_3D('',#13353,#10888,#10889);
#9179=AXIS2_PLACEMENT_3D('',#13354,#10890,#10891);
#9180=AXIS2_PLACEMENT_3D('',#13355,#10892,#10893);
#9181=AXIS2_PLACEMENT_3D('',#13356,#10894,#10895);
#9182=AXIS2_PLACEMENT_3D('',#13361,#10897,#10898);
#9183=AXIS2_PLACEMENT_3D('',#13365,#10901,#10902);
#9184=AXIS2_PLACEMENT_3D('',#13371,#10906,#10907);
#9185=AXIS2_PLACEMENT_3D('',#13373,#10908,#10909);
#9186=AXIS2_PLACEMENT_3D('',#13375,#10911,#10912);
#9187=AXIS2_PLACEMENT_3D('',#13379,#10915,#10916);
#9188=AXIS2_PLACEMENT_3D('',#13381,#10918,#10919);
#9189=AXIS2_PLACEMENT_3D('',#13382,#10920,#10921);
#9190=AXIS2_PLACEMENT_3D('',#13387,#10923,#10924);
#9191=AXIS2_PLACEMENT_3D('',#13391,#10927,#10928);
#9192=AXIS2_PLACEMENT_3D('',#13397,#10932,#10933);
#9193=AXIS2_PLACEMENT_3D('',#13399,#10934,#10935);
#9194=AXIS2_PLACEMENT_3D('',#13401,#10937,#10938);
#9195=AXIS2_PLACEMENT_3D('',#13405,#10941,#10942);
#9196=AXIS2_PLACEMENT_3D('',#13407,#10944,#10945);
#9197=AXIS2_PLACEMENT_3D('',#13408,#10946,#10947);
#9198=AXIS2_PLACEMENT_3D('',#13413,#10949,#10950);
#9199=AXIS2_PLACEMENT_3D('',#13417,#10953,#10954);
#9200=AXIS2_PLACEMENT_3D('',#13423,#10958,#10959);
#9201=AXIS2_PLACEMENT_3D('',#13425,#10960,#10961);
#9202=AXIS2_PLACEMENT_3D('',#13427,#10963,#10964);
#9203=AXIS2_PLACEMENT_3D('',#13431,#10967,#10968);
#9204=AXIS2_PLACEMENT_3D('',#13433,#10970,#10971);
#9205=AXIS2_PLACEMENT_3D('',#13434,#10972,#10973);
#9206=AXIS2_PLACEMENT_3D('',#13439,#10975,#10976);
#9207=AXIS2_PLACEMENT_3D('',#13443,#10979,#10980);
#9208=AXIS2_PLACEMENT_3D('',#13449,#10984,#10985);
#9209=AXIS2_PLACEMENT_3D('',#13451,#10986,#10987);
#9210=AXIS2_PLACEMENT_3D('',#13453,#10989,#10990);
#9211=AXIS2_PLACEMENT_3D('',#13457,#10993,#10994);
#9212=AXIS2_PLACEMENT_3D('',#13459,#10996,#10997);
#9213=AXIS2_PLACEMENT_3D('',#13460,#10998,#10999);
#9214=AXIS2_PLACEMENT_3D('',#13465,#11001,#11002);
#9215=AXIS2_PLACEMENT_3D('',#13469,#11005,#11006);
#9216=AXIS2_PLACEMENT_3D('',#13475,#11010,#11011);
#9217=AXIS2_PLACEMENT_3D('',#13477,#11012,#11013);
#9218=AXIS2_PLACEMENT_3D('',#13479,#11015,#11016);
#9219=AXIS2_PLACEMENT_3D('',#13483,#11019,#11020);
#9220=AXIS2_PLACEMENT_3D('',#13485,#11022,#11023);
#9221=AXIS2_PLACEMENT_3D('',#13486,#11024,#11025);
#9222=AXIS2_PLACEMENT_3D('',#13491,#11027,#11028);
#9223=AXIS2_PLACEMENT_3D('',#13495,#11031,#11032);
#9224=AXIS2_PLACEMENT_3D('',#13501,#11036,#11037);
#9225=AXIS2_PLACEMENT_3D('',#13503,#11038,#11039);
#9226=AXIS2_PLACEMENT_3D('',#13505,#11041,#11042);
#9227=AXIS2_PLACEMENT_3D('',#13509,#11045,#11046);
#9228=AXIS2_PLACEMENT_3D('',#13511,#11048,#11049);
#9229=AXIS2_PLACEMENT_3D('',#13512,#11050,#11051);
#9230=AXIS2_PLACEMENT_3D('',#13517,#11053,#11054);
#9231=AXIS2_PLACEMENT_3D('',#13521,#11057,#11058);
#9232=AXIS2_PLACEMENT_3D('',#13527,#11062,#11063);
#9233=AXIS2_PLACEMENT_3D('',#13529,#11064,#11065);
#9234=AXIS2_PLACEMENT_3D('',#13531,#11067,#11068);
#9235=AXIS2_PLACEMENT_3D('',#13535,#11071,#11072);
#9236=AXIS2_PLACEMENT_3D('',#13537,#11074,#11075);
#9237=AXIS2_PLACEMENT_3D('',#13538,#11076,#11077);
#9238=AXIS2_PLACEMENT_3D('',#13543,#11079,#11080);
#9239=AXIS2_PLACEMENT_3D('',#13547,#11083,#11084);
#9240=AXIS2_PLACEMENT_3D('',#13553,#11088,#11089);
#9241=AXIS2_PLACEMENT_3D('',#13555,#11090,#11091);
#9242=AXIS2_PLACEMENT_3D('',#13557,#11093,#11094);
#9243=AXIS2_PLACEMENT_3D('',#13561,#11097,#11098);
#9244=AXIS2_PLACEMENT_3D('',#13563,#11100,#11101);
#9245=AXIS2_PLACEMENT_3D('',#13564,#11102,#11103);
#9246=AXIS2_PLACEMENT_3D('',#13572,#11107,#11108);
#9247=AXIS2_PLACEMENT_3D('',#13573,#11109,#11110);
#9248=AXIS2_PLACEMENT_3D('',#13579,#11114,#11115);
#9249=AXIS2_PLACEMENT_3D('',#13583,#11118,#11119);
#9250=AXIS2_PLACEMENT_3D('',#13587,#11122,#11123);
#9251=AXIS2_PLACEMENT_3D('',#13588,#11124,#11125);
#9252=AXIS2_PLACEMENT_3D('',#13589,#11126,#11127);
#9253=AXIS2_PLACEMENT_3D('',#13590,#11128,#11129);
#9254=AXIS2_PLACEMENT_3D('',#13598,#11133,#11134);
#9255=AXIS2_PLACEMENT_3D('',#13599,#11135,#11136);
#9256=AXIS2_PLACEMENT_3D('',#13605,#11140,#11141);
#9257=AXIS2_PLACEMENT_3D('',#13609,#11144,#11145);
#9258=AXIS2_PLACEMENT_3D('',#13613,#11148,#11149);
#9259=AXIS2_PLACEMENT_3D('',#13614,#11150,#11151);
#9260=AXIS2_PLACEMENT_3D('',#13615,#11152,#11153);
#9261=AXIS2_PLACEMENT_3D('',#13616,#11154,#11155);
#9262=AXIS2_PLACEMENT_3D('',#13621,#11157,#11158);
#9263=AXIS2_PLACEMENT_3D('',#13625,#11161,#11162);
#9264=AXIS2_PLACEMENT_3D('',#13631,#11166,#11167);
#9265=AXIS2_PLACEMENT_3D('',#13633,#11168,#11169);
#9266=AXIS2_PLACEMENT_3D('',#13635,#11171,#11172);
#9267=AXIS2_PLACEMENT_3D('',#13639,#11175,#11176);
#9268=AXIS2_PLACEMENT_3D('',#13641,#11178,#11179);
#9269=AXIS2_PLACEMENT_3D('',#13642,#11180,#11181);
#9270=AXIS2_PLACEMENT_3D('',#13647,#11183,#11184);
#9271=AXIS2_PLACEMENT_3D('',#13651,#11187,#11188);
#9272=AXIS2_PLACEMENT_3D('',#13657,#11192,#11193);
#9273=AXIS2_PLACEMENT_3D('',#13659,#11194,#11195);
#9274=AXIS2_PLACEMENT_3D('',#13661,#11197,#11198);
#9275=AXIS2_PLACEMENT_3D('',#13665,#11201,#11202);
#9276=AXIS2_PLACEMENT_3D('',#13667,#11204,#11205);
#9277=AXIS2_PLACEMENT_3D('',#13668,#11206,#11207);
#9278=AXIS2_PLACEMENT_3D('',#13676,#11211,#11212);
#9279=AXIS2_PLACEMENT_3D('',#13677,#11213,#11214);
#9280=AXIS2_PLACEMENT_3D('',#13683,#11218,#11219);
#9281=AXIS2_PLACEMENT_3D('',#13687,#11222,#11223);
#9282=AXIS2_PLACEMENT_3D('',#13691,#11226,#11227);
#9283=AXIS2_PLACEMENT_3D('',#13692,#11228,#11229);
#9284=AXIS2_PLACEMENT_3D('',#13693,#11230,#11231);
#9285=AXIS2_PLACEMENT_3D('',#13694,#11232,#11233);
#9286=AXIS2_PLACEMENT_3D('',#13702,#11237,#11238);
#9287=AXIS2_PLACEMENT_3D('',#13703,#11239,#11240);
#9288=AXIS2_PLACEMENT_3D('',#13709,#11244,#11245);
#9289=AXIS2_PLACEMENT_3D('',#13713,#11248,#11249);
#9290=AXIS2_PLACEMENT_3D('',#13717,#11252,#11253);
#9291=AXIS2_PLACEMENT_3D('',#13718,#11254,#11255);
#9292=AXIS2_PLACEMENT_3D('',#13719,#11256,#11257);
#9293=AXIS2_PLACEMENT_3D('',#13720,#11258,#11259);
#9294=AXIS2_PLACEMENT_3D('',#13728,#11263,#11264);
#9295=AXIS2_PLACEMENT_3D('',#13729,#11265,#11266);
#9296=AXIS2_PLACEMENT_3D('',#13735,#11270,#11271);
#9297=AXIS2_PLACEMENT_3D('',#13739,#11274,#11275);
#9298=AXIS2_PLACEMENT_3D('',#13743,#11278,#11279);
#9299=AXIS2_PLACEMENT_3D('',#13744,#11280,#11281);
#9300=AXIS2_PLACEMENT_3D('',#13745,#11282,#11283);
#9301=AXIS2_PLACEMENT_3D('',#13746,#11284,#11285);
#9302=AXIS2_PLACEMENT_3D('',#13751,#11287,#11288);
#9303=AXIS2_PLACEMENT_3D('',#13755,#11291,#11292);
#9304=AXIS2_PLACEMENT_3D('',#13761,#11296,#11297);
#9305=AXIS2_PLACEMENT_3D('',#13763,#11298,#11299);
#9306=AXIS2_PLACEMENT_3D('',#13765,#11301,#11302);
#9307=AXIS2_PLACEMENT_3D('',#13769,#11305,#11306);
#9308=AXIS2_PLACEMENT_3D('',#13771,#11308,#11309);
#9309=AXIS2_PLACEMENT_3D('',#13772,#11310,#11311);
#9310=AXIS2_PLACEMENT_3D('',#13777,#11313,#11314);
#9311=AXIS2_PLACEMENT_3D('',#13781,#11317,#11318);
#9312=AXIS2_PLACEMENT_3D('',#13787,#11322,#11323);
#9313=AXIS2_PLACEMENT_3D('',#13789,#11324,#11325);
#9314=AXIS2_PLACEMENT_3D('',#13791,#11327,#11328);
#9315=AXIS2_PLACEMENT_3D('',#13795,#11331,#11332);
#9316=AXIS2_PLACEMENT_3D('',#13797,#11334,#11335);
#9317=AXIS2_PLACEMENT_3D('',#13798,#11336,#11337);
#9318=AXIS2_PLACEMENT_3D('',#13803,#11339,#11340);
#9319=AXIS2_PLACEMENT_3D('',#13807,#11343,#11344);
#9320=AXIS2_PLACEMENT_3D('',#13813,#11348,#11349);
#9321=AXIS2_PLACEMENT_3D('',#13815,#11350,#11351);
#9322=AXIS2_PLACEMENT_3D('',#13817,#11353,#11354);
#9323=AXIS2_PLACEMENT_3D('',#13821,#11357,#11358);
#9324=AXIS2_PLACEMENT_3D('',#13823,#11360,#11361);
#9325=AXIS2_PLACEMENT_3D('',#13824,#11362,#11363);
#9326=AXIS2_PLACEMENT_3D('',#13827,#11364,#11365);
#9327=AXIS2_PLACEMENT_3D('',#13833,#11369,#11370);
#9328=AXIS2_PLACEMENT_3D('',#13837,#11372,#11373);
#9329=AXIS2_PLACEMENT_3D('',#13839,#11375,#11376);
#9330=AXIS2_PLACEMENT_3D('',#13843,#11379,#11380);
#9331=AXIS2_PLACEMENT_3D('',#13847,#11383,#11384);
#9332=AXIS2_PLACEMENT_3D('',#13849,#11386,#11387);
#9333=AXIS2_PLACEMENT_3D('',#13850,#11388,#11389);
#9334=AXIS2_PLACEMENT_3D('',#13853,#11390,#11391);
#9335=AXIS2_PLACEMENT_3D('',#13859,#11395,#11396);
#9336=AXIS2_PLACEMENT_3D('',#13863,#11398,#11399);
#9337=AXIS2_PLACEMENT_3D('',#13865,#11401,#11402);
#9338=AXIS2_PLACEMENT_3D('',#13869,#11405,#11406);
#9339=AXIS2_PLACEMENT_3D('',#13873,#11409,#11410);
#9340=AXIS2_PLACEMENT_3D('',#13875,#11412,#11413);
#9341=AXIS2_PLACEMENT_3D('',#13876,#11414,#11415);
#9342=AXIS2_PLACEMENT_3D('',#13879,#11416,#11417);
#9343=AXIS2_PLACEMENT_3D('',#13885,#11421,#11422);
#9344=AXIS2_PLACEMENT_3D('',#13889,#11424,#11425);
#9345=AXIS2_PLACEMENT_3D('',#13891,#11427,#11428);
#9346=AXIS2_PLACEMENT_3D('',#13895,#11431,#11432);
#9347=AXIS2_PLACEMENT_3D('',#13899,#11435,#11436);
#9348=AXIS2_PLACEMENT_3D('',#13901,#11438,#11439);
#9349=AXIS2_PLACEMENT_3D('',#13902,#11440,#11441);
#9350=AXIS2_PLACEMENT_3D('',#13905,#11442,#11443);
#9351=AXIS2_PLACEMENT_3D('',#13911,#11447,#11448);
#9352=AXIS2_PLACEMENT_3D('',#13915,#11450,#11451);
#9353=AXIS2_PLACEMENT_3D('',#13917,#11453,#11454);
#9354=AXIS2_PLACEMENT_3D('',#13921,#11457,#11458);
#9355=AXIS2_PLACEMENT_3D('',#13925,#11461,#11462);
#9356=AXIS2_PLACEMENT_3D('',#13927,#11464,#11465);
#9357=AXIS2_PLACEMENT_3D('',#13928,#11466,#11467);
#9358=AXIS2_PLACEMENT_3D('',#13931,#11468,#11469);
#9359=AXIS2_PLACEMENT_3D('',#13937,#11473,#11474);
#9360=AXIS2_PLACEMENT_3D('',#13941,#11476,#11477);
#9361=AXIS2_PLACEMENT_3D('',#13943,#11479,#11480);
#9362=AXIS2_PLACEMENT_3D('',#13947,#11483,#11484);
#9363=AXIS2_PLACEMENT_3D('',#13951,#11487,#11488);
#9364=AXIS2_PLACEMENT_3D('',#13953,#11490,#11491);
#9365=AXIS2_PLACEMENT_3D('',#13954,#11492,#11493);
#9366=AXIS2_PLACEMENT_3D('',#13957,#11494,#11495);
#9367=AXIS2_PLACEMENT_3D('',#13963,#11499,#11500);
#9368=AXIS2_PLACEMENT_3D('',#13967,#11502,#11503);
#9369=AXIS2_PLACEMENT_3D('',#13969,#11505,#11506);
#9370=AXIS2_PLACEMENT_3D('',#13973,#11509,#11510);
#9371=AXIS2_PLACEMENT_3D('',#13977,#11513,#11514);
#9372=AXIS2_PLACEMENT_3D('',#13979,#11516,#11517);
#9373=AXIS2_PLACEMENT_3D('',#13980,#11518,#11519);
#9374=AXIS2_PLACEMENT_3D('',#13983,#11520,#11521);
#9375=AXIS2_PLACEMENT_3D('',#13987,#11523,#11524);
#9376=AXIS2_PLACEMENT_3D('',#13989,#11526,#11527);
#9377=AXIS2_PLACEMENT_3D('',#14013,#11539,#11540);
#9378=AXIS2_PLACEMENT_3D('',#14015,#11542,#11543);
#9379=AXIS2_PLACEMENT_3D('',#14019,#11546,#11547);
#9380=AXIS2_PLACEMENT_3D('',#14023,#11549,#11550);
#9381=AXIS2_PLACEMENT_3D('',#14043,#11561,#11562);
#9382=AXIS2_PLACEMENT_3D('',#14045,#11564,#11565);
#9383=AXIS2_PLACEMENT_3D('',#14047,#11567,#11568);
#9384=AXIS2_PLACEMENT_3D('',#14049,#11570,#11571);
#9385=AXIS2_PLACEMENT_3D('',#14051,#11573,#11574);
#9386=AXIS2_PLACEMENT_3D('',#14053,#11576,#11577);
#9387=AXIS2_PLACEMENT_3D('',#14055,#11579,#11580);
#9388=AXIS2_PLACEMENT_3D('',#14057,#11582,#11583);
#9389=AXIS2_PLACEMENT_3D('',#14059,#11585,#11586);
#9390=AXIS2_PLACEMENT_3D('',#14061,#11588,#11589);
#9391=AXIS2_PLACEMENT_3D('',#14063,#11591,#11592);
#9392=AXIS2_PLACEMENT_3D('',#14065,#11594,#11595);
#9393=AXIS2_PLACEMENT_3D('',#14066,#11596,#11597);
#9394=AXIS2_PLACEMENT_3D('',#14079,#11604,#11605);
#9395=AXIS2_PLACEMENT_3D('',#14085,#11609,#11610);
#9396=AXIS2_PLACEMENT_3D('',#14089,#11613,#11614);
#9397=AXIS2_PLACEMENT_3D('',#14093,#11617,#11618);
#9398=AXIS2_PLACEMENT_3D('',#14097,#11621,#11622);
#9399=AXIS2_PLACEMENT_3D('',#14101,#11625,#11626);
#9400=AXIS2_PLACEMENT_3D('',#14103,#11628,#11629);
#9401=AXIS2_PLACEMENT_3D('',#14104,#11630,#11631);
#9402=AXIS2_PLACEMENT_3D('',#14117,#11638,#11639);
#9403=AXIS2_PLACEMENT_3D('',#14123,#11643,#11644);
#9404=AXIS2_PLACEMENT_3D('',#14127,#11647,#11648);
#9405=AXIS2_PLACEMENT_3D('',#14131,#11651,#11652);
#9406=AXIS2_PLACEMENT_3D('',#14135,#11655,#11656);
#9407=AXIS2_PLACEMENT_3D('',#14139,#11659,#11660);
#9408=AXIS2_PLACEMENT_3D('',#14141,#11662,#11663);
#9409=AXIS2_PLACEMENT_3D('',#14142,#11664,#11665);
#9410=AXIS2_PLACEMENT_3D('',#14155,#11672,#11673);
#9411=AXIS2_PLACEMENT_3D('',#14161,#11677,#11678);
#9412=AXIS2_PLACEMENT_3D('',#14165,#11681,#11682);
#9413=AXIS2_PLACEMENT_3D('',#14169,#11685,#11686);
#9414=AXIS2_PLACEMENT_3D('',#14173,#11689,#11690);
#9415=AXIS2_PLACEMENT_3D('',#14177,#11693,#11694);
#9416=AXIS2_PLACEMENT_3D('',#14179,#11696,#11697);
#9417=AXIS2_PLACEMENT_3D('',#14180,#11698,#11699);
#9418=AXIS2_PLACEMENT_3D('',#14193,#11706,#11707);
#9419=AXIS2_PLACEMENT_3D('',#14199,#11711,#11712);
#9420=AXIS2_PLACEMENT_3D('',#14203,#11715,#11716);
#9421=AXIS2_PLACEMENT_3D('',#14207,#11719,#11720);
#9422=AXIS2_PLACEMENT_3D('',#14211,#11723,#11724);
#9423=AXIS2_PLACEMENT_3D('',#14215,#11727,#11728);
#9424=AXIS2_PLACEMENT_3D('',#14217,#11730,#11731);
#9425=AXIS2_PLACEMENT_3D('',#14218,#11732,#11733);
#9426=AXIS2_PLACEMENT_3D('',#14220,#11734,#11735);
#9427=AXIS2_PLACEMENT_3D('',#14223,#11737,#11738);
#9428=AXIS2_PLACEMENT_3D('',#14224,#11739,#11740);
#9429=AXIS2_PLACEMENT_3D('',#14225,#11741,#11742);
#9430=AXIS2_PLACEMENT_3D('',#14226,#11743,#11744);
#9431=AXIS2_PLACEMENT_3D('',#14227,#11745,#11746);
#9432=DIRECTION('axis',(0.,0.,1.));
#9433=DIRECTION('refdir',(1.,0.,0.));
#9434=DIRECTION('axis',(0.,0.,1.));
#9435=DIRECTION('refdir',(1.,0.,0.));
#9436=DIRECTION('center_axis',(0.,1.,0.));
#9437=DIRECTION('ref_axis',(1.,0.,0.));
#9438=DIRECTION('',(0.,0.,1.));
#9439=DIRECTION('center_axis',(0.,1.,0.));
#9440=DIRECTION('ref_axis',(-1.,0.,0.));
#9441=DIRECTION('',(0.,0.,1.));
#9442=DIRECTION('',(-1.,0.,0.));
#9443=DIRECTION('',(0.,0.,1.));
#9444=DIRECTION('center_axis',(0.,1.,0.));
#9445=DIRECTION('ref_axis',(-1.,0.,0.));
#9446=DIRECTION('',(0.,0.,1.));
#9447=DIRECTION('',(-1.,0.,0.));
#9448=DIRECTION('',(0.,0.,1.));
#9449=DIRECTION('center_axis',(0.,1.,0.));
#9450=DIRECTION('ref_axis',(-1.,0.,0.));
#9451=DIRECTION('',(0.,0.,1.));
#9452=DIRECTION('',(-1.,0.,0.));
#9453=DIRECTION('',(0.,0.,1.));
#9454=DIRECTION('center_axis',(0.,1.,0.));
#9455=DIRECTION('ref_axis',(-1.,0.,0.));
#9456=DIRECTION('',(-1.,0.,0.));
#9457=DIRECTION('center_axis',(0.,1.,0.));
#9458=DIRECTION('ref_axis',(0.,0.,1.));
#9459=DIRECTION('',(0.,0.,1.));
#9460=DIRECTION('',(-1.,0.,0.));
#9461=DIRECTION('',(0.,0.,1.));
#9462=DIRECTION('center_axis',(0.,1.,0.));
#9463=DIRECTION('ref_axis',(-1.,0.,0.));
#9464=DIRECTION('',(-1.,0.,0.));
#9465=DIRECTION('center_axis',(0.,1.,0.));
#9466=DIRECTION('ref_axis',(0.,0.,1.));
#9467=DIRECTION('',(0.,0.,1.));
#9468=DIRECTION('',(-1.,0.,0.));
#9469=DIRECTION('',(0.,0.,1.));
#9470=DIRECTION('center_axis',(0.,1.,0.));
#9471=DIRECTION('ref_axis',(-1.,0.,0.));
#9472=DIRECTION('',(0.,0.,1.));
#9473=DIRECTION('',(-1.,0.,0.));
#9474=DIRECTION('',(0.,0.,1.));
#9475=DIRECTION('center_axis',(0.,1.,0.));
#9476=DIRECTION('ref_axis',(-1.,0.,0.));
#9477=DIRECTION('',(0.,0.,1.));
#9478=DIRECTION('',(-1.,0.,0.));
#9479=DIRECTION('',(0.,0.,1.));
#9480=DIRECTION('center_axis',(0.,1.,0.));
#9481=DIRECTION('ref_axis',(-1.,0.,0.));
#9482=DIRECTION('',(0.,0.,1.));
#9483=DIRECTION('',(-1.,0.,0.));
#9484=DIRECTION('',(0.,0.,1.));
#9485=DIRECTION('center_axis',(0.,1.,0.));
#9486=DIRECTION('ref_axis',(-1.,0.,0.));
#9487=DIRECTION('',(0.,0.,1.));
#9488=DIRECTION('',(-1.,0.,0.));
#9489=DIRECTION('',(0.,0.,1.));
#9490=DIRECTION('center_axis',(0.,1.,0.));
#9491=DIRECTION('ref_axis',(-1.,0.,0.));
#9492=DIRECTION('',(0.,0.,1.));
#9493=DIRECTION('',(-1.,0.,0.));
#9494=DIRECTION('',(0.,0.,1.));
#9495=DIRECTION('center_axis',(0.,1.,0.));
#9496=DIRECTION('ref_axis',(-1.,0.,0.));
#9497=DIRECTION('',(0.,0.,1.));
#9498=DIRECTION('',(-1.,0.,0.));
#9499=DIRECTION('',(0.,0.,-1.));
#9500=DIRECTION('',(-1.,0.,0.));
#9501=DIRECTION('center_axis',(0.,1.,0.));
#9502=DIRECTION('ref_axis',(0.,0.,-1.));
#9503=DIRECTION('',(0.,0.,1.));
#9504=DIRECTION('center_axis',(0.,1.,0.));
#9505=DIRECTION('ref_axis',(-1.,0.,0.));
#9506=DIRECTION('',(-1.,0.,0.));
#9507=DIRECTION('',(0.,0.,-1.));
#9508=DIRECTION('',(-1.,0.,0.));
#9509=DIRECTION('center_axis',(0.,-1.,0.));
#9510=DIRECTION('ref_axis',(-1.,0.,0.));
#9511=DIRECTION('',(0.,0.,-1.));
#9512=DIRECTION('center_axis',(0.,1.,0.));
#9513=DIRECTION('ref_axis',(-1.,0.,0.));
#9514=DIRECTION('',(-1.,0.,0.));
#9515=DIRECTION('',(0.,0.,-1.));
#9516=DIRECTION('',(1.,0.,0.));
#9517=DIRECTION('',(0.,0.,-1.));
#9518=DIRECTION('center_axis',(0.,-1.,0.));
#9519=DIRECTION('ref_axis',(-1.,0.,0.));
#9520=DIRECTION('',(0.,0.,-1.));
#9521=DIRECTION('',(1.,0.,0.));
#9522=DIRECTION('',(0.,0.,-1.));
#9523=DIRECTION('center_axis',(0.,-1.,0.));
#9524=DIRECTION('ref_axis',(-1.,0.,0.));
#9525=DIRECTION('',(0.,0.,-1.));
#9526=DIRECTION('',(1.,0.,0.));
#9527=DIRECTION('',(0.,0.,-1.));
#9528=DIRECTION('center_axis',(0.,-1.,0.));
#9529=DIRECTION('ref_axis',(-1.,0.,0.));
#9530=DIRECTION('',(0.,0.,-1.));
#9531=DIRECTION('',(1.,0.,0.));
#9532=DIRECTION('',(0.,0.,-1.));
#9533=DIRECTION('center_axis',(0.,-1.,0.));
#9534=DIRECTION('ref_axis',(-1.,0.,0.));
#9535=DIRECTION('',(0.,0.,-1.));
#9536=DIRECTION('',(1.,0.,0.));
#9537=DIRECTION('',(0.,0.,-1.));
#9538=DIRECTION('center_axis',(0.,-1.,0.));
#9539=DIRECTION('ref_axis',(-1.,0.,0.));
#9540=DIRECTION('',(0.,0.,-1.));
#9541=DIRECTION('',(1.,0.,0.));
#9542=DIRECTION('',(0.,0.,-1.));
#9543=DIRECTION('center_axis',(0.,-1.,0.));
#9544=DIRECTION('ref_axis',(-1.,0.,0.));
#9545=DIRECTION('',(0.,0.,-1.));
#9546=DIRECTION('',(1.,0.,0.));
#9547=DIRECTION('',(0.,0.,-1.));
#9548=DIRECTION('center_axis',(0.,-1.,0.));
#9549=DIRECTION('ref_axis',(-1.,0.,0.));
#9550=DIRECTION('',(0.,0.,-1.));
#9551=DIRECTION('',(1.,0.,0.));
#9552=DIRECTION('',(0.,0.,-1.));
#9553=DIRECTION('center_axis',(0.,-1.,0.));
#9554=DIRECTION('ref_axis',(-1.,0.,0.));
#9555=DIRECTION('',(0.,0.,-1.));
#9556=DIRECTION('',(1.,0.,0.));
#9557=DIRECTION('',(0.,0.,-1.));
#9558=DIRECTION('center_axis',(0.,-1.,0.));
#9559=DIRECTION('ref_axis',(-1.,0.,0.));
#9560=DIRECTION('',(0.,0.,-1.));
#9561=DIRECTION('',(1.,0.,0.));
#9562=DIRECTION('',(0.,0.,-1.));
#9563=DIRECTION('center_axis',(0.,-1.,0.));
#9564=DIRECTION('ref_axis',(-1.,0.,0.));
#9565=DIRECTION('',(0.,0.,-1.));
#9566=DIRECTION('',(1.,0.,0.));
#9567=DIRECTION('',(0.,0.,-1.));
#9568=DIRECTION('center_axis',(0.,-1.,0.));
#9569=DIRECTION('ref_axis',(-1.,0.,0.));
#9570=DIRECTION('',(0.,0.,-1.));
#9571=DIRECTION('',(1.,0.,0.));
#9572=DIRECTION('',(0.,0.,-1.));
#9573=DIRECTION('center_axis',(0.,-1.,0.));
#9574=DIRECTION('ref_axis',(-1.,0.,0.));
#9575=DIRECTION('',(0.,0.,-1.));
#9576=DIRECTION('',(1.,0.,0.));
#9577=DIRECTION('',(0.,0.,-1.));
#9578=DIRECTION('center_axis',(0.,-1.,0.));
#9579=DIRECTION('ref_axis',(-1.,0.,0.));
#9580=DIRECTION('',(0.,0.,-1.));
#9581=DIRECTION('',(1.,0.,0.));
#9582=DIRECTION('',(0.,0.,1.));
#9583=DIRECTION('',(1.,0.,0.));
#9584=DIRECTION('center_axis',(0.,1.,0.));
#9585=DIRECTION('ref_axis',(0.,0.,1.));
#9586=DIRECTION('',(1.,0.,0.));
#9587=DIRECTION('',(0.,0.,1.));
#9588=DIRECTION('',(1.,0.,0.));
#9589=DIRECTION('center_axis',(0.,1.,0.));
#9590=DIRECTION('ref_axis',(0.,0.,1.));
#9591=DIRECTION('',(1.,0.,0.));
#9592=DIRECTION('',(0.,0.,1.));
#9593=DIRECTION('',(1.,0.,0.));
#9594=DIRECTION('center_axis',(0.,1.,0.));
#9595=DIRECTION('ref_axis',(0.,0.,1.));
#9596=DIRECTION('',(1.,0.,0.));
#9597=DIRECTION('',(0.,0.,1.));
#9598=DIRECTION('',(1.,0.,0.));
#9599=DIRECTION('center_axis',(0.,1.,0.));
#9600=DIRECTION('ref_axis',(0.,0.,1.));
#9601=DIRECTION('',(1.,0.,0.));
#9602=DIRECTION('',(0.,0.,1.));
#9603=DIRECTION('',(1.,0.,0.));
#9604=DIRECTION('center_axis',(0.,1.,0.));
#9605=DIRECTION('ref_axis',(0.,0.,1.));
#9606=DIRECTION('',(1.,0.,0.));
#9607=DIRECTION('',(0.,0.,1.));
#9608=DIRECTION('',(1.,0.,0.));
#9609=DIRECTION('center_axis',(0.,1.,0.));
#9610=DIRECTION('ref_axis',(0.,0.,1.));
#9611=DIRECTION('',(1.,0.,0.));
#9612=DIRECTION('',(0.,0.,1.));
#9613=DIRECTION('',(-1.,0.,0.));
#9614=DIRECTION('',(1.,0.,0.));
#9615=DIRECTION('',(-0.707106781186548,0.,0.707106781186548));
#9616=DIRECTION('',(0.,0.,-1.));
#9617=DIRECTION('',(-1.,0.,0.));
#9618=DIRECTION('',(0.,0.,1.));
#9619=DIRECTION('',(0.,0.,1.));
#9620=DIRECTION('',(1.,0.,0.));
#9621=DIRECTION('',(0.,0.,-1.));
#9622=DIRECTION('',(-1.,0.,0.));
#9623=DIRECTION('center_axis',(0.,1.,0.));
#9624=DIRECTION('ref_axis',(1.,0.,0.));
#9625=DIRECTION('',(0.,0.,1.));
#9626=DIRECTION('',(-1.,0.,0.));
#9627=DIRECTION('',(0.,0.,1.));
#9628=DIRECTION('',(1.,0.,0.));
#9629=DIRECTION('center_axis',(0.,1.,0.));
#9630=DIRECTION('ref_axis',(1.,0.,0.));
#9631=DIRECTION('',(0.,0.,1.));
#9632=DIRECTION('',(-1.,0.,0.));
#9633=DIRECTION('',(0.,0.,1.));
#9634=DIRECTION('',(1.,0.,0.));
#9635=DIRECTION('center_axis',(0.,1.,0.));
#9636=DIRECTION('ref_axis',(1.,0.,0.));
#9637=DIRECTION('',(-1.,0.,0.));
#9638=DIRECTION('',(0.,0.,1.));
#9639=DIRECTION('',(-1.,0.,0.));
#9640=DIRECTION('',(0.,0.,-1.));
#9641=DIRECTION('center_axis',(0.,1.,0.));
#9642=DIRECTION('ref_axis',(1.,0.,0.));
#9643=DIRECTION('',(0.,0.,-1.));
#9644=DIRECTION('',(-1.,0.,0.));
#9645=DIRECTION('',(0.,0.,1.));
#9646=DIRECTION('',(-1.,0.,0.));
#9647=DIRECTION('center_axis',(0.,1.,0.));
#9648=DIRECTION('ref_axis',(1.,0.,0.));
#9649=DIRECTION('',(0.,0.,-1.));
#9650=DIRECTION('',(-1.,0.,0.));
#9651=DIRECTION('',(0.,0.,-1.));
#9652=DIRECTION('',(-1.,0.,0.));
#9653=DIRECTION('center_axis',(0.,1.,0.));
#9654=DIRECTION('ref_axis',(1.,0.,0.));
#9655=DIRECTION('',(0.,0.,-1.));
#9656=DIRECTION('',(-1.,0.,0.));
#9657=DIRECTION('',(0.,0.,-1.));
#9658=DIRECTION('',(-1.,0.,0.));
#9659=DIRECTION('center_axis',(0.,0.,-1.));
#9660=DIRECTION('ref_axis',(1.,0.,0.));
#9661=DIRECTION('',(0.,-1.,0.));
#9662=DIRECTION('',(1.,0.,0.));
#9663=DIRECTION('',(0.,1.,0.));
#9664=DIRECTION('center_axis',(-0.707106781186548,0.,-0.707106781186548));
#9665=DIRECTION('ref_axis',(-0.707106781186548,0.,0.707106781186548));
#9666=DIRECTION('',(-0.707106781186548,0.,0.707106781186548));
#9667=DIRECTION('',(0.,1.,0.));
#9668=DIRECTION('center_axis',(-1.,0.,0.));
#9669=DIRECTION('ref_axis',(0.,0.,-1.));
#9670=DIRECTION('',(0.,0.,-1.));
#9671=DIRECTION('',(0.,-1.,0.));
#9672=DIRECTION('center_axis',(0.,0.,1.));
#9673=DIRECTION('ref_axis',(-1.,0.,0.));
#9674=DIRECTION('',(-1.,0.,0.));
#9675=DIRECTION('',(0.,-1.,0.));
#9676=DIRECTION('center_axis',(1.,0.,0.));
#9677=DIRECTION('ref_axis',(0.,0.,1.));
#9678=DIRECTION('',(0.,0.,1.));
#9679=DIRECTION('center_axis',(0.,1.,0.));
#9680=DIRECTION('ref_axis',(1.,0.,0.));
#9681=DIRECTION('',(0.,0.,1.));
#9682=DIRECTION('',(1.,0.,0.));
#9683=DIRECTION('',(0.,0.,-1.));
#9684=DIRECTION('',(-1.,0.,0.));
#9685=DIRECTION('',(0.,0.,1.));
#9686=DIRECTION('',(-1.,0.,0.));
#9687=DIRECTION('',(0.,0.,-1.));
#9688=DIRECTION('',(1.,0.,0.));
#9689=DIRECTION('center_axis',(-1.,0.,0.));
#9690=DIRECTION('ref_axis',(0.,0.,1.));
#9691=DIRECTION('',(0.,1.,0.));
#9692=DIRECTION('',(0.,0.,1.));
#9693=DIRECTION('',(0.,1.,0.));
#9694=DIRECTION('center_axis',(0.,0.,1.));
#9695=DIRECTION('ref_axis',(1.,0.,0.));
#9696=DIRECTION('',(1.,0.,0.));
#9697=DIRECTION('',(0.,1.,0.));
#9698=DIRECTION('center_axis',(1.,0.,0.));
#9699=DIRECTION('ref_axis',(0.,0.,-1.));
#9700=DIRECTION('',(0.,0.,-1.));
#9701=DIRECTION('',(0.,1.,0.));
#9702=DIRECTION('center_axis',(0.,0.,-1.));
#9703=DIRECTION('ref_axis',(-1.,0.,0.));
#9704=DIRECTION('',(-1.,0.,0.));
#9705=DIRECTION('center_axis',(0.,1.,0.));
#9706=DIRECTION('ref_axis',(1.,0.,0.));
#9707=DIRECTION('center_axis',(1.,0.,0.));
#9708=DIRECTION('ref_axis',(0.,0.,1.));
#9709=DIRECTION('',(0.,-1.,0.));
#9710=DIRECTION('',(0.,-1.,0.));
#9711=DIRECTION('center_axis',(0.,0.,-1.));
#9712=DIRECTION('ref_axis',(1.,0.,0.));
#9713=DIRECTION('',(0.,-1.,0.));
#9714=DIRECTION('center_axis',(-1.,0.,0.));
#9715=DIRECTION('ref_axis',(0.,0.,-1.));
#9716=DIRECTION('',(0.,-1.,0.));
#9717=DIRECTION('center_axis',(0.,0.,1.));
#9718=DIRECTION('ref_axis',(-1.,0.,0.));
#9719=DIRECTION('center_axis',(-1.,0.,0.));
#9720=DIRECTION('ref_axis',(0.,0.,1.));
#9721=DIRECTION('',(0.,1.,0.));
#9722=DIRECTION('',(0.,0.,1.));
#9723=DIRECTION('',(0.,1.,0.));
#9724=DIRECTION('center_axis',(0.,0.,-1.));
#9725=DIRECTION('ref_axis',(-1.,0.,0.));
#9726=DIRECTION('',(1.,0.,0.));
#9727=DIRECTION('',(0.,1.,0.));
#9728=DIRECTION('',(-1.,0.,0.));
#9729=DIRECTION('',(0.,1.,0.));
#9730=DIRECTION('',(0.,1.,0.));
#9731=DIRECTION('',(1.,0.,0.));
#9732=DIRECTION('',(0.,1.,0.));
#9733=DIRECTION('',(0.,1.,0.));
#9734=DIRECTION('',(1.,0.,0.));
#9735=DIRECTION('',(0.,1.,0.));
#9736=DIRECTION('',(0.,1.,0.));
#9737=DIRECTION('',(1.,0.,0.));
#9738=DIRECTION('',(0.,1.,0.));
#9739=DIRECTION('',(0.,1.,0.));
#9740=DIRECTION('',(1.,0.,0.));
#9741=DIRECTION('',(0.,1.,0.));
#9742=DIRECTION('',(0.,1.,0.));
#9743=DIRECTION('',(1.,0.,0.));
#9744=DIRECTION('',(0.,1.,0.));
#9745=DIRECTION('',(0.,1.,0.));
#9746=DIRECTION('',(1.,0.,0.));
#9747=DIRECTION('',(0.,1.,0.));
#9748=DIRECTION('',(0.,1.,0.));
#9749=DIRECTION('',(1.,0.,0.));
#9750=DIRECTION('',(0.,1.,0.));
#9751=DIRECTION('',(0.,1.,0.));
#9752=DIRECTION('',(1.,0.,0.));
#9753=DIRECTION('',(0.,1.,0.));
#9754=DIRECTION('',(0.,1.,0.));
#9755=DIRECTION('',(1.,0.,0.));
#9756=DIRECTION('',(0.,1.,0.));
#9757=DIRECTION('',(0.,1.,0.));
#9758=DIRECTION('',(1.,0.,0.));
#9759=DIRECTION('',(0.,1.,0.));
#9760=DIRECTION('',(0.,1.,0.));
#9761=DIRECTION('',(1.,0.,0.));
#9762=DIRECTION('',(0.,1.,0.));
#9763=DIRECTION('',(0.,1.,0.));
#9764=DIRECTION('',(1.,0.,0.));
#9765=DIRECTION('',(0.,1.,0.));
#9766=DIRECTION('',(0.,1.,0.));
#9767=DIRECTION('',(1.,0.,0.));
#9768=DIRECTION('',(0.,1.,0.));
#9769=DIRECTION('',(1.,0.,0.));
#9770=DIRECTION('',(0.,1.,0.));
#9771=DIRECTION('',(-1.,0.,0.));
#9772=DIRECTION('',(0.,1.,0.));
#9773=DIRECTION('',(-1.,0.,0.));
#9774=DIRECTION('',(0.,1.,0.));
#9775=DIRECTION('center_axis',(0.,1.,0.));
#9776=DIRECTION('ref_axis',(1.,0.,0.));
#9777=DIRECTION('',(0.,0.,-1.));
#9778=DIRECTION('center_axis',(0.,1.,0.));
#9779=DIRECTION('ref_axis',(-1.,0.,0.));
#9780=DIRECTION('center_axis',(0.,1.,0.));
#9781=DIRECTION('ref_axis',(1.,0.,0.));
#9782=DIRECTION('',(0.,1.,0.));
#9783=DIRECTION('center_axis',(1.,0.,0.));
#9784=DIRECTION('ref_axis',(0.,0.,-1.));
#9785=DIRECTION('center_axis',(-1.,0.,0.));
#9786=DIRECTION('ref_axis',(0.,0.,1.));
#9787=DIRECTION('',(0.,0.,1.));
#9788=DIRECTION('',(0.,1.,0.));
#9789=DIRECTION('center_axis',(0.,1.,0.));
#9790=DIRECTION('ref_axis',(1.,0.,0.));
#9791=DIRECTION('center_axis',(0.,1.,0.));
#9792=DIRECTION('ref_axis',(-1.,0.,0.));
#9793=DIRECTION('',(0.,1.,0.));
#9794=DIRECTION('center_axis',(1.,0.,0.));
#9795=DIRECTION('ref_axis',(0.,0.,-1.));
#9796=DIRECTION('',(0.,0.,-1.));
#9797=DIRECTION('center_axis',(0.,1.,0.));
#9798=DIRECTION('ref_axis',(1.,0.,0.));
#9799=DIRECTION('center_axis',(-1.,0.,0.));
#9800=DIRECTION('ref_axis',(0.,0.,1.));
#9801=DIRECTION('',(0.,0.,1.));
#9802=DIRECTION('',(0.,1.,0.));
#9803=DIRECTION('center_axis',(0.,1.,0.));
#9804=DIRECTION('ref_axis',(1.,0.,0.));
#9805=DIRECTION('center_axis',(0.,1.,0.));
#9806=DIRECTION('ref_axis',(-1.,0.,0.));
#9807=DIRECTION('',(0.,1.,0.));
#9808=DIRECTION('center_axis',(1.,0.,0.));
#9809=DIRECTION('ref_axis',(0.,0.,-1.));
#9810=DIRECTION('',(0.,0.,-1.));
#9811=DIRECTION('center_axis',(0.,1.,0.));
#9812=DIRECTION('ref_axis',(1.,0.,0.));
#9813=DIRECTION('center_axis',(-1.,0.,0.));
#9814=DIRECTION('ref_axis',(0.,0.,1.));
#9815=DIRECTION('',(0.,0.,1.));
#9816=DIRECTION('',(0.,1.,0.));
#9817=DIRECTION('center_axis',(0.,1.,0.));
#9818=DIRECTION('ref_axis',(1.,0.,0.));
#9819=DIRECTION('center_axis',(0.,1.,0.));
#9820=DIRECTION('ref_axis',(-1.,0.,0.));
#9821=DIRECTION('',(0.,1.,0.));
#9822=DIRECTION('center_axis',(0.,0.,1.));
#9823=DIRECTION('ref_axis',(-1.,0.,0.));
#9824=DIRECTION('',(-1.,0.,0.));
#9825=DIRECTION('',(0.,1.,0.));
#9826=DIRECTION('center_axis',(0.,1.,0.));
#9827=DIRECTION('ref_axis',(1.,0.,0.));
#9828=DIRECTION('',(0.,1.,0.));
#9829=DIRECTION('center_axis',(0.,1.,0.));
#9830=DIRECTION('ref_axis',(0.,0.,1.));
#9831=DIRECTION('center_axis',(1.,0.,0.));
#9832=DIRECTION('ref_axis',(0.,0.,-1.));
#9833=DIRECTION('',(0.,0.,-1.));
#9834=DIRECTION('center_axis',(0.,1.,0.));
#9835=DIRECTION('ref_axis',(1.,0.,0.));
#9836=DIRECTION('',(0.,0.,-1.));
#9837=DIRECTION('',(1.,0.,0.));
#9838=DIRECTION('',(0.,0.,1.));
#9839=DIRECTION('center_axis',(-1.,0.,0.));
#9840=DIRECTION('ref_axis',(0.,0.,1.));
#9841=DIRECTION('',(0.,1.,0.));
#9842=DIRECTION('center_axis',(0.,0.,-1.));
#9843=DIRECTION('ref_axis',(1.,0.,0.));
#9844=DIRECTION('',(0.,1.,0.));
#9845=DIRECTION('center_axis',(1.,0.,0.));
#9846=DIRECTION('ref_axis',(0.,0.,-1.));
#9847=DIRECTION('center_axis',(-1.,0.,0.));
#9848=DIRECTION('ref_axis',(0.,0.,1.));
#9849=DIRECTION('',(0.,0.,1.));
#9850=DIRECTION('',(0.,1.,0.));
#9851=DIRECTION('center_axis',(0.,1.,0.));
#9852=DIRECTION('ref_axis',(1.,0.,0.));
#9853=DIRECTION('center_axis',(0.,1.,0.));
#9854=DIRECTION('ref_axis',(-1.,0.,0.));
#9855=DIRECTION('',(0.,1.,0.));
#9856=DIRECTION('center_axis',(0.,0.,1.));
#9857=DIRECTION('ref_axis',(-1.,0.,0.));
#9858=DIRECTION('',(-1.,0.,0.));
#9859=DIRECTION('',(-1.128282974501E-14,1.,0.));
#9860=DIRECTION('center_axis',(0.,1.,0.));
#9861=DIRECTION('ref_axis',(1.,0.,0.));
#9862=DIRECTION('',(0.,1.,0.));
#9863=DIRECTION('center_axis',(0.,1.,0.));
#9864=DIRECTION('ref_axis',(-5.932670467126E-14,0.,1.));
#9865=DIRECTION('center_axis',(1.,0.,0.));
#9866=DIRECTION('ref_axis',(0.,0.,-1.));
#9867=DIRECTION('',(0.,0.,-1.));
#9868=DIRECTION('center_axis',(0.,1.,0.));
#9869=DIRECTION('ref_axis',(1.,0.,0.));
#9870=DIRECTION('',(0.,0.,-1.));
#9871=DIRECTION('',(1.,0.,0.));
#9872=DIRECTION('',(0.,0.,1.));
#9873=DIRECTION('center_axis',(-1.,0.,0.));
#9874=DIRECTION('ref_axis',(0.,0.,1.));
#9875=DIRECTION('',(0.,1.,0.));
#9876=DIRECTION('center_axis',(0.,0.,-1.));
#9877=DIRECTION('ref_axis',(1.,0.,0.));
#9878=DIRECTION('',(0.,1.,0.));
#9879=DIRECTION('center_axis',(1.,0.,0.));
#9880=DIRECTION('ref_axis',(0.,0.,-1.));
#9881=DIRECTION('center_axis',(-1.,0.,0.));
#9882=DIRECTION('ref_axis',(0.,0.,1.));
#9883=DIRECTION('',(0.,0.,1.));
#9884=DIRECTION('',(0.,1.,0.));
#9885=DIRECTION('center_axis',(0.,1.,0.));
#9886=DIRECTION('ref_axis',(1.,0.,0.));
#9887=DIRECTION('center_axis',(0.,1.,0.));
#9888=DIRECTION('ref_axis',(-1.,0.,0.));
#9889=DIRECTION('',(0.,1.,0.));
#9890=DIRECTION('center_axis',(1.,0.,0.));
#9891=DIRECTION('ref_axis',(0.,0.,-1.));
#9892=DIRECTION('',(0.,0.,-1.));
#9893=DIRECTION('center_axis',(0.,1.,0.));
#9894=DIRECTION('ref_axis',(1.,0.,0.));
#9895=DIRECTION('center_axis',(-1.,0.,0.));
#9896=DIRECTION('ref_axis',(0.,0.,1.));
#9897=DIRECTION('',(0.,0.,1.));
#9898=DIRECTION('',(0.,1.,0.));
#9899=DIRECTION('center_axis',(0.,1.,0.));
#9900=DIRECTION('ref_axis',(1.,0.,0.));
#9901=DIRECTION('center_axis',(0.,1.,0.));
#9902=DIRECTION('ref_axis',(-1.,0.,0.));
#9903=DIRECTION('',(0.,1.,0.));
#9904=DIRECTION('center_axis',(1.,0.,0.));
#9905=DIRECTION('ref_axis',(0.,0.,-1.));
#9906=DIRECTION('',(0.,0.,-1.));
#9907=DIRECTION('center_axis',(0.,1.,0.));
#9908=DIRECTION('ref_axis',(1.,0.,0.));
#9909=DIRECTION('center_axis',(-1.,0.,0.));
#9910=DIRECTION('ref_axis',(0.,0.,1.));
#9911=DIRECTION('',(0.,0.,1.));
#9912=DIRECTION('',(0.,1.,0.));
#9913=DIRECTION('center_axis',(0.,1.,0.));
#9914=DIRECTION('ref_axis',(1.,0.,0.));
#9915=DIRECTION('center_axis',(0.,1.,0.));
#9916=DIRECTION('ref_axis',(-1.,0.,0.));
#9917=DIRECTION('',(0.,1.,0.));
#9918=DIRECTION('center_axis',(1.,0.,0.));
#9919=DIRECTION('ref_axis',(0.,0.,-1.));
#9920=DIRECTION('',(0.,0.,-1.));
#9921=DIRECTION('center_axis',(0.,1.,0.));
#9922=DIRECTION('ref_axis',(1.,0.,0.));
#9923=DIRECTION('center_axis',(-1.,0.,0.));
#9924=DIRECTION('ref_axis',(0.,0.,1.));
#9925=DIRECTION('',(0.,0.,1.));
#9926=DIRECTION('',(0.,1.,0.));
#9927=DIRECTION('center_axis',(0.,1.,0.));
#9928=DIRECTION('ref_axis',(1.,0.,0.));
#9929=DIRECTION('center_axis',(0.,1.,0.));
#9930=DIRECTION('ref_axis',(-1.,0.,0.));
#9931=DIRECTION('',(0.,1.,0.));
#9932=DIRECTION('center_axis',(1.,0.,0.));
#9933=DIRECTION('ref_axis',(0.,0.,-1.));
#9934=DIRECTION('',(0.,0.,-1.));
#9935=DIRECTION('center_axis',(0.,1.,0.));
#9936=DIRECTION('ref_axis',(1.,0.,0.));
#9937=DIRECTION('center_axis',(-1.,0.,0.));
#9938=DIRECTION('ref_axis',(0.,0.,1.));
#9939=DIRECTION('',(0.,0.,1.));
#9940=DIRECTION('',(0.,1.,0.));
#9941=DIRECTION('center_axis',(0.,1.,0.));
#9942=DIRECTION('ref_axis',(1.,0.,0.));
#9943=DIRECTION('center_axis',(0.,1.,0.));
#9944=DIRECTION('ref_axis',(-1.,0.,0.));
#9945=DIRECTION('',(0.,1.,0.));
#9946=DIRECTION('center_axis',(1.,0.,0.));
#9947=DIRECTION('ref_axis',(0.,0.,-1.));
#9948=DIRECTION('',(0.,0.,-1.));
#9949=DIRECTION('center_axis',(0.,1.,0.));
#9950=DIRECTION('ref_axis',(1.,0.,0.));
#9951=DIRECTION('center_axis',(-1.,0.,0.));
#9952=DIRECTION('ref_axis',(0.,0.,1.));
#9953=DIRECTION('',(0.,0.,1.));
#9954=DIRECTION('',(0.,1.,0.));
#9955=DIRECTION('center_axis',(0.,1.,0.));
#9956=DIRECTION('ref_axis',(1.,0.,0.));
#9957=DIRECTION('center_axis',(0.,1.,0.));
#9958=DIRECTION('ref_axis',(-1.,0.,0.));
#9959=DIRECTION('',(0.,1.,0.));
#9960=DIRECTION('center_axis',(1.,0.,0.));
#9961=DIRECTION('ref_axis',(0.,0.,-1.));
#9962=DIRECTION('',(0.,0.,-1.));
#9963=DIRECTION('center_axis',(0.,1.,0.));
#9964=DIRECTION('ref_axis',(1.,0.,0.));
#9965=DIRECTION('center_axis',(1.,0.,0.));
#9966=DIRECTION('ref_axis',(0.,0.,-1.));
#9967=DIRECTION('',(0.,1.,0.));
#9968=DIRECTION('',(0.,1.,0.));
#9969=DIRECTION('',(0.,0.,-1.));
#9970=DIRECTION('',(0.,1.,0.));
#9971=DIRECTION('',(0.,1.,0.));
#9972=DIRECTION('',(0.,0.,-1.));
#9973=DIRECTION('',(0.,1.,0.));
#9974=DIRECTION('',(0.,1.,0.));
#9975=DIRECTION('',(0.,0.,1.));
#9976=DIRECTION('',(0.,1.,0.));
#9977=DIRECTION('',(0.,1.,0.));
#9978=DIRECTION('',(0.,0.,1.));
#9979=DIRECTION('',(0.,1.,0.));
#9980=DIRECTION('',(0.,1.,0.));
#9981=DIRECTION('',(0.,0.,1.));
#9982=DIRECTION('',(0.,1.,0.));
#9983=DIRECTION('',(0.,0.,-1.));
#9984=DIRECTION('',(0.,1.,0.));
#9985=DIRECTION('',(0.,1.,0.));
#9986=DIRECTION('',(0.,0.,-1.));
#9987=DIRECTION('',(0.,0.,1.));
#9988=DIRECTION('',(0.,1.,0.));
#9989=DIRECTION('',(0.,0.,1.));
#9990=DIRECTION('',(0.,1.,0.));
#9991=DIRECTION('',(0.,0.,-1.));
#9992=DIRECTION('',(0.,1.,0.));
#9993=DIRECTION('',(0.,0.,-1.));
#9994=DIRECTION('',(0.,1.,0.));
#9995=DIRECTION('center_axis',(0.,0.,-1.));
#9996=DIRECTION('ref_axis',(-1.,0.,0.));
#9997=DIRECTION('',(-1.,0.,0.));
#9998=DIRECTION('',(0.,1.,0.));
#9999=DIRECTION('center_axis',(1.,0.,0.));
#10000=DIRECTION('ref_axis',(0.,0.,1.));
#10001=DIRECTION('',(0.,0.,1.));
#10002=DIRECTION('',(0.,1.,0.));
#10003=DIRECTION('center_axis',(0.,0.,1.));
#10004=DIRECTION('ref_axis',(-1.,0.,0.));
#10005=DIRECTION('',(-1.,0.,0.));
#10006=DIRECTION('center_axis',(0.,1.,0.));
#10007=DIRECTION('ref_axis',(1.,0.,0.));
#10008=DIRECTION('',(1.,0.,0.));
#10009=DIRECTION('center_axis',(0.,1.,0.));
#10010=DIRECTION('ref_axis',(-1.,0.,3.5527136788E-14));
#10011=DIRECTION('',(0.,0.,-1.));
#10012=DIRECTION('center_axis',(0.,-1.,0.));
#10013=DIRECTION('ref_axis',(-1.,0.,0.));
#10014=DIRECTION('',(1.,0.,0.));
#10015=DIRECTION('',(-1.,0.,0.));
#10016=DIRECTION('',(0.,0.,1.));
#10017=DIRECTION('',(1.,0.,0.));
#10018=DIRECTION('center_axis',(0.,0.,-1.));
#10019=DIRECTION('ref_axis',(1.,0.,0.));
#10020=DIRECTION('',(0.,1.,0.));
#10021=DIRECTION('center_axis',(1.,0.,0.));
#10022=DIRECTION('ref_axis',(0.,0.,1.));
#10023=DIRECTION('',(0.,1.,0.));
#10024=DIRECTION('center_axis',(0.,0.,1.));
#10025=DIRECTION('ref_axis',(-1.,0.,0.));
#10026=DIRECTION('center_axis',(0.,0.,-1.));
#10027=DIRECTION('ref_axis',(1.,0.,0.));
#10028=DIRECTION('',(0.,1.,0.));
#10029=DIRECTION('center_axis',(0.,-1.,0.));
#10030=DIRECTION('ref_axis',(-1.,0.,0.));
#10031=DIRECTION('',(0.,1.,0.));
#10032=DIRECTION('center_axis',(-1.,0.,0.));
#10033=DIRECTION('ref_axis',(0.,0.,-1.));
#10034=DIRECTION('',(0.,1.,0.));
#10035=DIRECTION('center_axis',(0.,1.,0.));
#10036=DIRECTION('ref_axis',(1.,0.,0.));
#10037=DIRECTION('',(0.,-1.,0.));
#10038=DIRECTION('center_axis',(0.,0.,1.));
#10039=DIRECTION('ref_axis',(1.,0.,0.));
#10040=DIRECTION('center_axis',(0.,0.,1.));
#10041=DIRECTION('ref_axis',(1.,0.,0.));
#10042=DIRECTION('',(1.,0.,0.));
#10043=DIRECTION('',(0.,1.,0.));
#10044=DIRECTION('',(0.,1.,0.));
#10045=DIRECTION('',(1.,0.,0.));
#10046=DIRECTION('',(0.,1.,0.));
#10047=DIRECTION('',(0.,1.,0.));
#10048=DIRECTION('',(1.,0.,0.));
#10049=DIRECTION('',(0.,1.,0.));
#10050=DIRECTION('',(0.,1.,0.));
#10051=DIRECTION('',(1.,0.,0.));
#10052=DIRECTION('',(0.,1.,0.));
#10053=DIRECTION('',(0.,1.,0.));
#10054=DIRECTION('',(1.,0.,0.));
#10055=DIRECTION('',(0.,1.,0.));
#10056=DIRECTION('',(0.,1.,0.));
#10057=DIRECTION('',(1.,0.,0.));
#10058=DIRECTION('',(0.,1.,0.));
#10059=DIRECTION('',(0.,1.,0.));
#10060=DIRECTION('',(1.,0.,0.));
#10061=DIRECTION('',(0.,1.,0.));
#10062=DIRECTION('',(0.,1.,0.));
#10063=DIRECTION('',(1.,0.,0.));
#10064=DIRECTION('',(0.,1.,0.));
#10065=DIRECTION('',(0.,1.,0.));
#10066=DIRECTION('',(1.,0.,0.));
#10067=DIRECTION('',(0.,1.,0.));
#10068=DIRECTION('',(0.,1.,0.));
#10069=DIRECTION('',(1.,0.,0.));
#10070=DIRECTION('',(0.,1.,0.));
#10071=DIRECTION('',(0.,1.,0.));
#10072=DIRECTION('',(1.,0.,0.));
#10073=DIRECTION('',(0.,1.,0.));
#10074=DIRECTION('',(0.,1.,0.));
#10075=DIRECTION('',(1.,0.,0.));
#10076=DIRECTION('',(0.,1.,0.));
#10077=DIRECTION('',(0.,1.,0.));
#10078=DIRECTION('',(1.,0.,0.));
#10079=DIRECTION('',(0.,1.,0.));
#10080=DIRECTION('',(1.,0.,0.));
#10081=DIRECTION('',(0.,1.,0.));
#10082=DIRECTION('',(0.,1.,0.));
#10083=DIRECTION('',(1.,0.,0.));
#10084=DIRECTION('',(0.,1.,0.));
#10085=DIRECTION('',(1.,0.,0.));
#10086=DIRECTION('',(0.,1.,0.));
#10087=DIRECTION('',(-1.,0.,0.));
#10088=DIRECTION('',(0.,1.,0.));
#10089=DIRECTION('',(-1.,0.,0.));
#10090=DIRECTION('',(0.,1.,0.));
#10091=DIRECTION('center_axis',(0.,-1.,0.));
#10092=DIRECTION('ref_axis',(1.,0.,0.));
#10093=DIRECTION('',(0.,0.,-1.));
#10094=DIRECTION('center_axis',(0.,-1.,0.));
#10095=DIRECTION('ref_axis',(-1.,0.,0.));
#10096=DIRECTION('',(0.,0.,1.));
#10097=DIRECTION('center_axis',(-1.,0.,0.));
#10098=DIRECTION('ref_axis',(0.,0.,1.));
#10099=DIRECTION('',(0.,1.,0.));
#10100=DIRECTION('center_axis',(0.,-1.,0.));
#10101=DIRECTION('ref_axis',(1.,0.,0.));
#10102=DIRECTION('',(0.,1.,0.));
#10103=DIRECTION('center_axis',(1.,0.,0.));
#10104=DIRECTION('ref_axis',(0.,0.,-1.));
#10105=DIRECTION('center_axis',(-1.,0.,0.));
#10106=DIRECTION('ref_axis',(0.,0.,1.));
#10107=DIRECTION('',(0.,1.,0.));
#10108=DIRECTION('',(0.,0.,-1.));
#10109=DIRECTION('',(0.,1.,0.));
#10110=DIRECTION('',(0.,1.,0.));
#10111=DIRECTION('',(0.,0.,-1.));
#10112=DIRECTION('',(0.,1.,0.));
#10113=DIRECTION('',(0.,1.,0.));
#10114=DIRECTION('',(0.,0.,-1.));
#10115=DIRECTION('',(0.,1.,0.));
#10116=DIRECTION('',(0.,1.,0.));
#10117=DIRECTION('',(0.,0.,-1.));
#10118=DIRECTION('',(0.,1.,0.));
#10119=DIRECTION('',(0.,1.,0.));
#10120=DIRECTION('',(0.,0.,-1.));
#10121=DIRECTION('',(0.,1.,0.));
#10122=DIRECTION('',(0.,1.,0.));
#10123=DIRECTION('',(0.,0.,-1.));
#10124=DIRECTION('',(0.,1.,0.));
#10125=DIRECTION('',(0.,0.,1.));
#10126=DIRECTION('',(0.,0.,1.));
#10127=DIRECTION('',(0.,1.,0.));
#10128=DIRECTION('',(0.,0.,1.));
#10129=DIRECTION('',(0.,1.,0.));
#10130=DIRECTION('',(0.,0.,-1.));
#10131=DIRECTION('',(0.,1.,0.));
#10132=DIRECTION('',(0.,0.,-1.));
#10133=DIRECTION('',(0.,1.,0.));
#10134=DIRECTION('center_axis',(0.,1.,0.));
#10135=DIRECTION('ref_axis',(1.,0.,0.));
#10136=DIRECTION('center_axis',(0.,0.,1.));
#10137=DIRECTION('ref_axis',(-1.,0.,0.));
#10138=DIRECTION('',(-1.,0.,0.));
#10139=DIRECTION('',(0.,1.,0.));
#10140=DIRECTION('center_axis',(0.,-1.,0.));
#10141=DIRECTION('ref_axis',(1.,0.,-1.22464679914735E-16));
#10142=DIRECTION('center_axis',(0.,-1.,0.));
#10143=DIRECTION('ref_axis',(0.,0.,-1.));
#10144=DIRECTION('',(0.,1.,0.));
#10145=DIRECTION('center_axis',(0.,-1.,0.));
#10146=DIRECTION('ref_axis',(-1.,0.,0.));
#10147=DIRECTION('',(1.,0.,0.));
#10148=DIRECTION('center_axis',(0.,0.,-1.));
#10149=DIRECTION('ref_axis',(1.,0.,0.));
#10150=DIRECTION('center_axis',(0.,0.,1.));
#10151=DIRECTION('ref_axis',(-1.,0.,0.));
#10152=DIRECTION('',(-1.,0.,0.));
#10153=DIRECTION('',(0.,1.,0.));
#10154=DIRECTION('center_axis',(0.,-1.,0.));
#10155=DIRECTION('ref_axis',(1.,0.,-1.22464679914735E-16));
#10156=DIRECTION('center_axis',(0.,-1.,0.));
#10157=DIRECTION('ref_axis',(0.,0.,-1.));
#10158=DIRECTION('',(0.,1.,0.));
#10159=DIRECTION('center_axis',(0.,-1.,0.));
#10160=DIRECTION('ref_axis',(-1.,0.,0.));
#10161=DIRECTION('',(1.,0.,0.));
#10162=DIRECTION('center_axis',(0.,0.,-1.));
#10163=DIRECTION('ref_axis',(1.,0.,0.));
#10164=DIRECTION('center_axis',(0.,0.,1.));
#10165=DIRECTION('ref_axis',(-1.,0.,0.));
#10166=DIRECTION('',(-1.,0.,0.));
#10167=DIRECTION('',(0.,1.,0.));
#10168=DIRECTION('center_axis',(0.,-1.,0.));
#10169=DIRECTION('ref_axis',(1.,0.,-1.22464679914735E-16));
#10170=DIRECTION('center_axis',(0.,-1.,0.));
#10171=DIRECTION('ref_axis',(0.,0.,-1.));
#10172=DIRECTION('',(0.,1.,0.));
#10173=DIRECTION('center_axis',(0.,-1.,0.));
#10174=DIRECTION('ref_axis',(-1.,0.,0.));
#10175=DIRECTION('',(1.,0.,0.));
#10176=DIRECTION('center_axis',(0.,0.,-1.));
#10177=DIRECTION('ref_axis',(1.,0.,0.));
#10178=DIRECTION('center_axis',(0.,0.,1.));
#10179=DIRECTION('ref_axis',(-1.,0.,0.));
#10180=DIRECTION('',(-1.,0.,0.));
#10181=DIRECTION('',(0.,1.,0.));
#10182=DIRECTION('center_axis',(0.,-1.,0.));
#10183=DIRECTION('ref_axis',(1.,0.,-1.22464679914735E-16));
#10184=DIRECTION('center_axis',(0.,-1.,0.));
#10185=DIRECTION('ref_axis',(0.,0.,-1.));
#10186=DIRECTION('',(0.,1.,0.));
#10187=DIRECTION('center_axis',(0.,-1.,0.));
#10188=DIRECTION('ref_axis',(-1.,0.,0.));
#10189=DIRECTION('',(1.,0.,0.));
#10190=DIRECTION('center_axis',(0.,0.,-1.));
#10191=DIRECTION('ref_axis',(1.,0.,0.));
#10192=DIRECTION('center_axis',(0.,0.,1.));
#10193=DIRECTION('ref_axis',(-1.,0.,0.));
#10194=DIRECTION('',(-1.,0.,0.));
#10195=DIRECTION('',(0.,1.,0.));
#10196=DIRECTION('center_axis',(0.,-1.,0.));
#10197=DIRECTION('ref_axis',(1.,0.,-1.22464679914735E-16));
#10198=DIRECTION('center_axis',(0.,-1.,0.));
#10199=DIRECTION('ref_axis',(0.,0.,-1.));
#10200=DIRECTION('',(0.,1.,0.));
#10201=DIRECTION('center_axis',(0.,-1.,0.));
#10202=DIRECTION('ref_axis',(-1.,0.,0.));
#10203=DIRECTION('',(1.,0.,0.));
#10204=DIRECTION('center_axis',(0.,0.,-1.));
#10205=DIRECTION('ref_axis',(1.,0.,0.));
#10206=DIRECTION('center_axis',(0.,0.,1.));
#10207=DIRECTION('ref_axis',(-1.,0.,0.));
#10208=DIRECTION('',(-1.,0.,0.));
#10209=DIRECTION('',(0.,1.,0.));
#10210=DIRECTION('center_axis',(0.,-1.,0.));
#10211=DIRECTION('ref_axis',(1.,0.,-1.22464679914735E-16));
#10212=DIRECTION('center_axis',(0.,-1.,0.));
#10213=DIRECTION('ref_axis',(0.,0.,-1.));
#10214=DIRECTION('',(0.,1.,0.));
#10215=DIRECTION('center_axis',(0.,-1.,0.));
#10216=DIRECTION('ref_axis',(-1.,0.,0.));
#10217=DIRECTION('',(1.,0.,0.));
#10218=DIRECTION('center_axis',(0.,0.,-1.));
#10219=DIRECTION('ref_axis',(1.,0.,0.));
#10220=DIRECTION('center_axis',(0.,1.,0.));
#10221=DIRECTION('ref_axis',(1.,0.,0.));
#10222=DIRECTION('',(-1.,0.,0.));
#10223=DIRECTION('',(0.,0.,1.));
#10224=DIRECTION('',(0.,0.,-1.));
#10225=DIRECTION('',(1.,0.,0.));
#10226=DIRECTION('center_axis',(0.,0.,1.));
#10227=DIRECTION('ref_axis',(1.,0.,0.));
#10228=DIRECTION('',(0.,-1.,0.));
#10229=DIRECTION('',(1.,0.,0.));
#10230=DIRECTION('center_axis',(0.,1.,0.));
#10231=DIRECTION('ref_axis',(1.,0.,0.));
#10232=DIRECTION('',(0.,0.,-1.));
#10233=DIRECTION('',(0.,0.,1.));
#10234=DIRECTION('',(-1.,0.,0.));
#10235=DIRECTION('center_axis',(0.,0.,-1.));
#10236=DIRECTION('ref_axis',(-1.,0.,0.));
#10237=DIRECTION('',(0.,-1.,0.));
#10238=DIRECTION('center_axis',(-1.,0.,0.));
#10239=DIRECTION('ref_axis',(0.,0.,1.));
#10240=DIRECTION('center_axis',(1.,0.,0.));
#10241=DIRECTION('ref_axis',(0.,0.,-1.));
#10242=DIRECTION('center_axis',(0.,-1.,0.));
#10243=DIRECTION('ref_axis',(1.,0.,0.));
#10244=DIRECTION('',(1.,0.,0.));
#10245=DIRECTION('',(0.,0.,1.));
#10246=DIRECTION('',(0.,0.,-1.));
#10247=DIRECTION('',(-1.,0.,0.));
#10248=DIRECTION('center_axis',(0.,0.,-1.));
#10249=DIRECTION('ref_axis',(-1.,0.,0.));
#10250=DIRECTION('',(0.,-1.,0.));
#10251=DIRECTION('',(-1.,0.,0.));
#10252=DIRECTION('center_axis',(0.,-1.,0.));
#10253=DIRECTION('ref_axis',(1.,0.,0.));
#10254=DIRECTION('',(0.,0.,-1.));
#10255=DIRECTION('',(0.,0.,1.));
#10256=DIRECTION('',(1.,0.,0.));
#10257=DIRECTION('center_axis',(0.,0.,1.));
#10258=DIRECTION('ref_axis',(1.,0.,0.));
#10259=DIRECTION('',(0.,-1.,0.));
#10260=DIRECTION('center_axis',(-1.,0.,0.));
#10261=DIRECTION('ref_axis',(0.,0.,1.));
#10262=DIRECTION('center_axis',(1.,0.,0.));
#10263=DIRECTION('ref_axis',(0.,0.,-1.));
#10264=DIRECTION('center_axis',(-1.,0.,0.));
#10265=DIRECTION('ref_axis',(0.,0.,1.));
#10266=DIRECTION('',(0.,0.,1.));
#10267=DIRECTION('',(0.,1.,0.));
#10268=DIRECTION('center_axis',(0.,-1.,0.));
#10269=DIRECTION('ref_axis',(1.,0.,0.));
#10270=DIRECTION('',(0.,1.,0.));
#10271=DIRECTION('center_axis',(0.,-1.,0.));
#10272=DIRECTION('ref_axis',(-1.,0.,0.));
#10273=DIRECTION('center_axis',(1.,0.,0.));
#10274=DIRECTION('ref_axis',(0.,0.,-1.));
#10275=DIRECTION('',(0.,0.,-1.));
#10276=DIRECTION('center_axis',(0.,-1.,0.));
#10277=DIRECTION('ref_axis',(1.,0.,0.));
#10278=DIRECTION('center_axis',(-1.,0.,0.));
#10279=DIRECTION('ref_axis',(0.,0.,1.));
#10280=DIRECTION('',(0.,0.,1.));
#10281=DIRECTION('',(0.,1.,0.));
#10282=DIRECTION('center_axis',(0.,-1.,0.));
#10283=DIRECTION('ref_axis',(1.,0.,0.));
#10284=DIRECTION('',(0.,1.,0.));
#10285=DIRECTION('center_axis',(0.,-1.,0.));
#10286=DIRECTION('ref_axis',(-1.,0.,0.));
#10287=DIRECTION('center_axis',(1.,0.,0.));
#10288=DIRECTION('ref_axis',(0.,0.,-1.));
#10289=DIRECTION('',(0.,0.,-1.));
#10290=DIRECTION('center_axis',(0.,-1.,0.));
#10291=DIRECTION('ref_axis',(1.,0.,0.));
#10292=DIRECTION('center_axis',(-1.,0.,0.));
#10293=DIRECTION('ref_axis',(0.,0.,1.));
#10294=DIRECTION('',(0.,0.,1.));
#10295=DIRECTION('',(0.,1.,0.));
#10296=DIRECTION('center_axis',(0.,-1.,0.));
#10297=DIRECTION('ref_axis',(1.,0.,0.));
#10298=DIRECTION('',(0.,1.,0.));
#10299=DIRECTION('center_axis',(0.,-1.,0.));
#10300=DIRECTION('ref_axis',(-1.,0.,0.));
#10301=DIRECTION('center_axis',(1.,0.,0.));
#10302=DIRECTION('ref_axis',(0.,0.,-1.));
#10303=DIRECTION('',(0.,0.,-1.));
#10304=DIRECTION('center_axis',(0.,-1.,0.));
#10305=DIRECTION('ref_axis',(1.,0.,0.));
#10306=DIRECTION('center_axis',(-1.,0.,0.));
#10307=DIRECTION('ref_axis',(0.,0.,1.));
#10308=DIRECTION('',(0.,0.,1.));
#10309=DIRECTION('',(0.,1.,0.));
#10310=DIRECTION('center_axis',(0.,-1.,0.));
#10311=DIRECTION('ref_axis',(1.,0.,0.));
#10312=DIRECTION('',(0.,1.,0.));
#10313=DIRECTION('center_axis',(0.,-1.,0.));
#10314=DIRECTION('ref_axis',(-1.,0.,0.));
#10315=DIRECTION('center_axis',(1.,0.,0.));
#10316=DIRECTION('ref_axis',(0.,0.,-1.));
#10317=DIRECTION('',(0.,0.,-1.));
#10318=DIRECTION('center_axis',(0.,-1.,0.));
#10319=DIRECTION('ref_axis',(1.,0.,0.));
#10320=DIRECTION('center_axis',(-1.,0.,0.));
#10321=DIRECTION('ref_axis',(0.,0.,1.));
#10322=DIRECTION('',(0.,0.,1.));
#10323=DIRECTION('',(0.,1.,0.));
#10324=DIRECTION('center_axis',(0.,-1.,0.));
#10325=DIRECTION('ref_axis',(1.,0.,0.));
#10326=DIRECTION('',(0.,1.,0.));
#10327=DIRECTION('center_axis',(0.,-1.,0.));
#10328=DIRECTION('ref_axis',(-1.,0.,0.));
#10329=DIRECTION('center_axis',(1.,0.,0.));
#10330=DIRECTION('ref_axis',(0.,0.,-1.));
#10331=DIRECTION('',(0.,0.,-1.));
#10332=DIRECTION('center_axis',(0.,-1.,0.));
#10333=DIRECTION('ref_axis',(1.,0.,0.));
#10334=DIRECTION('center_axis',(-1.,0.,0.));
#10335=DIRECTION('ref_axis',(0.,0.,1.));
#10336=DIRECTION('',(0.,0.,1.));
#10337=DIRECTION('',(0.,1.,0.));
#10338=DIRECTION('center_axis',(0.,-1.,0.));
#10339=DIRECTION('ref_axis',(1.,0.,0.));
#10340=DIRECTION('',(0.,1.,0.));
#10341=DIRECTION('center_axis',(0.,-1.,0.));
#10342=DIRECTION('ref_axis',(-1.,0.,0.));
#10343=DIRECTION('center_axis',(1.,0.,0.));
#10344=DIRECTION('ref_axis',(0.,0.,-1.));
#10345=DIRECTION('',(0.,0.,-1.));
#10346=DIRECTION('center_axis',(0.,-1.,0.));
#10347=DIRECTION('ref_axis',(1.,0.,0.));
#10348=DIRECTION('center_axis',(-1.,0.,0.));
#10349=DIRECTION('ref_axis',(0.,0.,1.));
#10350=DIRECTION('',(0.,0.,1.));
#10351=DIRECTION('',(0.,1.,0.));
#10352=DIRECTION('center_axis',(0.,-1.,0.));
#10353=DIRECTION('ref_axis',(1.,0.,0.));
#10354=DIRECTION('',(0.,1.,0.));
#10355=DIRECTION('center_axis',(0.,-1.,0.));
#10356=DIRECTION('ref_axis',(-1.,0.,0.));
#10357=DIRECTION('center_axis',(1.,0.,0.));
#10358=DIRECTION('ref_axis',(0.,0.,-1.));
#10359=DIRECTION('',(0.,0.,-1.));
#10360=DIRECTION('center_axis',(0.,-1.,0.));
#10361=DIRECTION('ref_axis',(1.,0.,0.));
#10362=DIRECTION('center_axis',(-1.,0.,0.));
#10363=DIRECTION('ref_axis',(0.,0.,1.));
#10364=DIRECTION('',(0.,0.,1.));
#10365=DIRECTION('',(0.,1.,0.));
#10366=DIRECTION('center_axis',(0.,-1.,0.));
#10367=DIRECTION('ref_axis',(1.,0.,0.));
#10368=DIRECTION('',(0.,1.,0.));
#10369=DIRECTION('center_axis',(0.,-1.,0.));
#10370=DIRECTION('ref_axis',(-1.,0.,0.));
#10371=DIRECTION('center_axis',(1.,0.,0.));
#10372=DIRECTION('ref_axis',(0.,0.,-1.));
#10373=DIRECTION('',(0.,0.,-1.));
#10374=DIRECTION('center_axis',(0.,-1.,0.));
#10375=DIRECTION('ref_axis',(1.,0.,0.));
#10376=DIRECTION('center_axis',(-1.,0.,0.));
#10377=DIRECTION('ref_axis',(0.,0.,1.));
#10378=DIRECTION('',(0.,0.,1.));
#10379=DIRECTION('',(0.,1.,0.));
#10380=DIRECTION('center_axis',(0.,-1.,0.));
#10381=DIRECTION('ref_axis',(1.,0.,0.));
#10382=DIRECTION('',(0.,1.,0.));
#10383=DIRECTION('center_axis',(0.,-1.,0.));
#10384=DIRECTION('ref_axis',(-1.,0.,0.));
#10385=DIRECTION('center_axis',(1.,0.,0.));
#10386=DIRECTION('ref_axis',(0.,0.,-1.));
#10387=DIRECTION('',(0.,0.,-1.));
#10388=DIRECTION('center_axis',(0.,-1.,0.));
#10389=DIRECTION('ref_axis',(1.,0.,0.));
#10390=DIRECTION('center_axis',(-1.,0.,0.));
#10391=DIRECTION('ref_axis',(0.,0.,1.));
#10392=DIRECTION('',(0.,0.,1.));
#10393=DIRECTION('',(0.,1.,0.));
#10394=DIRECTION('center_axis',(0.,-1.,0.));
#10395=DIRECTION('ref_axis',(1.,0.,0.));
#10396=DIRECTION('',(0.,1.,0.));
#10397=DIRECTION('center_axis',(0.,-1.,0.));
#10398=DIRECTION('ref_axis',(-1.,0.,0.));
#10399=DIRECTION('center_axis',(1.,0.,0.));
#10400=DIRECTION('ref_axis',(0.,0.,-1.));
#10401=DIRECTION('',(0.,0.,-1.));
#10402=DIRECTION('center_axis',(0.,-1.,0.));
#10403=DIRECTION('ref_axis',(1.,0.,0.));
#10404=DIRECTION('center_axis',(-1.,0.,0.));
#10405=DIRECTION('ref_axis',(0.,0.,1.));
#10406=DIRECTION('',(0.,0.,1.));
#10407=DIRECTION('',(0.,1.,0.));
#10408=DIRECTION('center_axis',(0.,-1.,0.));
#10409=DIRECTION('ref_axis',(1.,0.,0.));
#10410=DIRECTION('',(0.,1.,0.));
#10411=DIRECTION('center_axis',(0.,-1.,0.));
#10412=DIRECTION('ref_axis',(-1.,0.,0.));
#10413=DIRECTION('center_axis',(1.,0.,0.));
#10414=DIRECTION('ref_axis',(0.,0.,-1.));
#10415=DIRECTION('',(0.,0.,-1.));
#10416=DIRECTION('center_axis',(0.,-1.,0.));
#10417=DIRECTION('ref_axis',(1.,0.,0.));
#10418=DIRECTION('center_axis',(-1.,0.,0.));
#10419=DIRECTION('ref_axis',(0.,0.,1.));
#10420=DIRECTION('',(0.,0.,1.));
#10421=DIRECTION('',(0.,1.,0.));
#10422=DIRECTION('center_axis',(0.,-1.,0.));
#10423=DIRECTION('ref_axis',(1.,0.,0.));
#10424=DIRECTION('',(0.,1.,0.));
#10425=DIRECTION('center_axis',(0.,-1.,0.));
#10426=DIRECTION('ref_axis',(-1.,0.,0.));
#10427=DIRECTION('center_axis',(1.,0.,0.));
#10428=DIRECTION('ref_axis',(0.,0.,-1.));
#10429=DIRECTION('',(0.,0.,-1.));
#10430=DIRECTION('center_axis',(0.,-1.,0.));
#10431=DIRECTION('ref_axis',(1.,0.,0.));
#10432=DIRECTION('center_axis',(0.,1.,0.));
#10433=DIRECTION('ref_axis',(-1.,0.,0.));
#10434=DIRECTION('',(0.,0.,1.));
#10435=DIRECTION('',(-1.,0.,0.));
#10436=DIRECTION('',(1.,0.,0.));
#10437=DIRECTION('',(0.,0.,-1.));
#10438=DIRECTION('center_axis',(1.,0.,0.));
#10439=DIRECTION('ref_axis',(0.,0.,-1.));
#10440=DIRECTION('',(0.,-1.,0.));
#10441=DIRECTION('',(0.,0.,-1.));
#10442=DIRECTION('center_axis',(0.,1.,0.));
#10443=DIRECTION('ref_axis',(-1.,0.,0.));
#10444=DIRECTION('',(1.,0.,0.));
#10445=DIRECTION('',(-1.,0.,0.));
#10446=DIRECTION('',(0.,0.,1.));
#10447=DIRECTION('center_axis',(-1.,0.,0.));
#10448=DIRECTION('ref_axis',(0.,0.,1.));
#10449=DIRECTION('',(0.,-1.,0.));
#10450=DIRECTION('center_axis',(0.,0.,-1.));
#10451=DIRECTION('ref_axis',(-1.,0.,0.));
#10452=DIRECTION('center_axis',(0.,0.,1.));
#10453=DIRECTION('ref_axis',(1.,0.,0.));
#10454=DIRECTION('center_axis',(0.,0.,1.));
#10455=DIRECTION('ref_axis',(-1.,0.,0.));
#10456=DIRECTION('',(-1.,0.,0.));
#10457=DIRECTION('',(0.,-1.,0.));
#10458=DIRECTION('center_axis',(0.,1.,0.));
#10459=DIRECTION('ref_axis',(1.,0.,0.));
#10460=DIRECTION('center_axis',(0.,1.,0.));
#10461=DIRECTION('ref_axis',(0.,0.,-1.));
#10462=DIRECTION('',(0.,1.,0.));
#10463=DIRECTION('center_axis',(1.,0.,0.));
#10464=DIRECTION('ref_axis',(0.,0.,1.));
#10465=DIRECTION('',(0.,0.,1.));
#10466=DIRECTION('',(0.,1.,0.));
#10467=DIRECTION('center_axis',(0.,1.,0.));
#10468=DIRECTION('ref_axis',(-1.,0.,0.));
#10469=DIRECTION('center_axis',(0.,1.,0.));
#10470=DIRECTION('ref_axis',(-1.,0.,0.));
#10471=DIRECTION('',(0.,1.,0.));
#10472=DIRECTION('center_axis',(0.,0.,-1.));
#10473=DIRECTION('ref_axis',(1.,0.,0.));
#10474=DIRECTION('',(1.,0.,0.));
#10475=DIRECTION('center_axis',(0.,1.,0.));
#10476=DIRECTION('ref_axis',(-1.,0.,0.));
#10477=DIRECTION('',(1.,0.,0.));
#10478=DIRECTION('',(0.,0.,-1.));
#10479=DIRECTION('',(-1.,0.,0.));
#10480=DIRECTION('',(1.,0.,0.));
#10481=DIRECTION('',(0.,0.,-1.));
#10482=DIRECTION('',(-1.,0.,0.));
#10483=DIRECTION('center_axis',(0.,0.,1.));
#10484=DIRECTION('ref_axis',(-1.,0.,0.));
#10485=DIRECTION('',(0.,1.,0.));
#10486=DIRECTION('center_axis',(-1.,0.,0.));
#10487=DIRECTION('ref_axis',(0.,0.,-1.));
#10488=DIRECTION('',(0.,1.,0.));
#10489=DIRECTION('center_axis',(0.,0.,-1.));
#10490=DIRECTION('ref_axis',(1.,0.,0.));
#10491=DIRECTION('center_axis',(0.,0.,1.));
#10492=DIRECTION('ref_axis',(-1.,0.,0.));
#10493=DIRECTION('',(0.,1.,0.));
#10494=DIRECTION('center_axis',(-1.,0.,0.));
#10495=DIRECTION('ref_axis',(0.,0.,-1.));
#10496=DIRECTION('',(0.,1.,0.));
#10497=DIRECTION('center_axis',(0.,0.,-1.));
#10498=DIRECTION('ref_axis',(1.,0.,0.));
#10499=DIRECTION('center_axis',(0.,-1.,0.));
#10500=DIRECTION('ref_axis',(-1.,0.,0.));
#10501=DIRECTION('',(-1.,0.,0.));
#10502=DIRECTION('',(0.,0.,-1.));
#10503=DIRECTION('',(0.,0.,1.));
#10504=DIRECTION('',(1.,0.,0.));
#10505=DIRECTION('center_axis',(0.,0.,1.));
#10506=DIRECTION('ref_axis',(1.,0.,0.));
#10507=DIRECTION('',(0.,-1.,0.));
#10508=DIRECTION('',(1.,0.,0.));
#10509=DIRECTION('center_axis',(0.,-1.,0.));
#10510=DIRECTION('ref_axis',(-1.,0.,0.));
#10511=DIRECTION('',(0.,0.,1.));
#10512=DIRECTION('',(0.,0.,-1.));
#10513=DIRECTION('',(-1.,0.,0.));
#10514=DIRECTION('center_axis',(0.,0.,-1.));
#10515=DIRECTION('ref_axis',(-1.,0.,0.));
#10516=DIRECTION('',(0.,-1.,0.));
#10517=DIRECTION('center_axis',(1.,0.,0.));
#10518=DIRECTION('ref_axis',(0.,0.,-1.));
#10519=DIRECTION('center_axis',(-1.,0.,0.));
#10520=DIRECTION('ref_axis',(0.,0.,1.));
#10521=DIRECTION('axis',(0.,0.,1.));
#10522=DIRECTION('refdir',(1.,0.,0.));
#10523=DIRECTION('center_axis',(-0.707106781186548,0.,-0.707106781186548));
#10524=DIRECTION('ref_axis',(-0.707106781186548,0.,0.707106781186548));
#10525=DIRECTION('',(0.,1.,0.));
#10526=DIRECTION('',(-0.707106781186548,0.,0.707106781186548));
#10527=DIRECTION('',(0.,1.,0.));
#10528=DIRECTION('',(0.707106781186548,0.,-0.707106781186548));
#10529=DIRECTION('center_axis',(-1.,0.,0.));
#10530=DIRECTION('ref_axis',(0.,0.,-1.));
#10531=DIRECTION('',(0.,0.,-1.));
#10532=DIRECTION('',(0.,-1.,0.));
#10533=DIRECTION('',(0.,0.,-1.));
#10534=DIRECTION('center_axis',(0.,1.,0.));
#10535=DIRECTION('ref_axis',(1.,0.,0.));
#10536=DIRECTION('',(0.,0.,1.));
#10537=DIRECTION('',(-1.,0.,0.));
#10538=DIRECTION('',(0.,0.,-1.));
#10539=DIRECTION('',(1.,0.,0.));
#10540=DIRECTION('',(0.,0.,1.));
#10541=DIRECTION('',(1.,0.,0.));
#10542=DIRECTION('',(0.,0.,-1.));
#10543=DIRECTION('',(-1.,0.,0.));
#10544=DIRECTION('',(-1.,0.,0.));
#10545=DIRECTION('',(0.,0.,1.));
#10546=DIRECTION('',(1.,0.,0.));
#10547=DIRECTION('center_axis',(-1.,0.,0.));
#10548=DIRECTION('ref_axis',(0.,0.,1.));
#10549=DIRECTION('',(0.,1.,0.));
#10550=DIRECTION('',(0.,0.,1.));
#10551=DIRECTION('',(0.,1.,0.));
#10552=DIRECTION('center_axis',(0.,0.,-1.));
#10553=DIRECTION('ref_axis',(-1.,0.,0.));
#10554=DIRECTION('',(-1.,0.,0.));
#10555=DIRECTION('',(0.,1.,0.));
#10556=DIRECTION('center_axis',(1.,0.,0.));
#10557=DIRECTION('ref_axis',(0.,0.,-1.));
#10558=DIRECTION('',(0.,0.,-1.));
#10559=DIRECTION('',(0.,1.,0.));
#10560=DIRECTION('center_axis',(0.,0.,1.));
#10561=DIRECTION('ref_axis',(1.,0.,0.));
#10562=DIRECTION('',(1.,0.,0.));
#10563=DIRECTION('center_axis',(0.,1.,0.));
#10564=DIRECTION('ref_axis',(1.,0.,0.));
#10565=DIRECTION('center_axis',(1.,0.,0.));
#10566=DIRECTION('ref_axis',(0.,0.,1.));
#10567=DIRECTION('',(0.,-1.,0.));
#10568=DIRECTION('',(0.,0.,1.));
#10569=DIRECTION('',(0.,-1.,0.));
#10570=DIRECTION('center_axis',(0.,0.,-1.));
#10571=DIRECTION('ref_axis',(1.,0.,0.));
#10572=DIRECTION('',(1.,0.,0.));
#10573=DIRECTION('',(0.,-1.,0.));
#10574=DIRECTION('center_axis',(-1.,0.,0.));
#10575=DIRECTION('ref_axis',(0.,0.,-1.));
#10576=DIRECTION('',(0.,0.,-1.));
#10577=DIRECTION('',(0.,-1.,0.));
#10578=DIRECTION('center_axis',(0.,0.,1.));
#10579=DIRECTION('ref_axis',(-1.,0.,0.));
#10580=DIRECTION('',(-1.,0.,0.));
#10581=DIRECTION('center_axis',(0.,-1.,0.));
#10582=DIRECTION('ref_axis',(-1.,0.,0.));
#10583=DIRECTION('center_axis',(0.,0.,-1.));
#10584=DIRECTION('ref_axis',(1.,0.,0.));
#10585=DIRECTION('',(0.,-1.,0.));
#10586=DIRECTION('',(1.,0.,0.));
#10587=DIRECTION('center_axis',(0.,-1.,0.));
#10588=DIRECTION('ref_axis',(-1.,0.,0.));
#10589=DIRECTION('',(0.,0.,1.));
#10590=DIRECTION('',(-1.,0.,0.));
#10591=DIRECTION('center_axis',(0.,0.,1.));
#10592=DIRECTION('ref_axis',(-1.,0.,0.));
#10593=DIRECTION('',(0.,-1.,0.));
#10594=DIRECTION('center_axis',(1.,0.,0.));
#10595=DIRECTION('ref_axis',(0.,0.,1.));
#10596=DIRECTION('center_axis',(0.,1.,0.));
#10597=DIRECTION('ref_axis',(1.,0.,0.));
#10598=DIRECTION('center_axis',(0.,1.,0.));
#10599=DIRECTION('ref_axis',(-1.,0.,3.5527136788E-14));
#10600=DIRECTION('',(0.,-1.,0.));
#10601=DIRECTION('center_axis',(0.,1.,0.));
#10602=DIRECTION('ref_axis',(-1.,0.,3.5527136788E-14));
#10603=DIRECTION('',(0.,1.,0.));
#10604=DIRECTION('center_axis',(0.,1.,0.));
#10605=DIRECTION('ref_axis',(1.,0.,0.));
#10606=DIRECTION('',(0.,0.,1.));
#10607=DIRECTION('center_axis',(0.,-1.,0.));
#10608=DIRECTION('ref_axis',(-1.,0.,0.));
#10609=DIRECTION('',(1.,0.,0.));
#10610=DIRECTION('',(0.,0.,1.));
#10611=DIRECTION('',(-1.,0.,0.));
#10612=DIRECTION('',(0.,0.,1.));
#10613=DIRECTION('',(1.,0.,0.));
#10614=DIRECTION('',(0.,0.,1.));
#10615=DIRECTION('',(-1.,0.,0.));
#10616=DIRECTION('',(0.,0.,1.));
#10617=DIRECTION('',(-1.,0.,0.));
#10618=DIRECTION('',(0.,0.,-1.));
#10619=DIRECTION('',(-1.,0.,0.));
#10620=DIRECTION('center_axis',(0.,0.,1.));
#10621=DIRECTION('ref_axis',(1.,0.,0.));
#10622=DIRECTION('',(0.,1.,0.));
#10623=DIRECTION('',(1.,0.,0.));
#10624=DIRECTION('center_axis',(0.,1.,0.));
#10625=DIRECTION('ref_axis',(1.,0.,0.));
#10626=DIRECTION('',(0.,0.,-1.));
#10627=DIRECTION('',(-1.,0.,0.));
#10628=DIRECTION('',(0.,0.,1.));
#10629=DIRECTION('',(-1.,0.,0.));
#10630=DIRECTION('',(0.,0.,1.));
#10631=DIRECTION('',(1.,0.,0.));
#10632=DIRECTION('',(0.,0.,1.));
#10633=DIRECTION('',(-1.,0.,0.));
#10634=DIRECTION('',(0.,0.,1.));
#10635=DIRECTION('',(1.,0.,0.));
#10636=DIRECTION('center_axis',(0.,-1.,0.));
#10637=DIRECTION('ref_axis',(-1.,0.,0.));
#10638=DIRECTION('',(0.,0.,-1.));
#10639=DIRECTION('center_axis',(-1.,0.,0.));
#10640=DIRECTION('ref_axis',(0.,0.,-1.));
#10641=DIRECTION('',(0.,1.,0.));
#10642=DIRECTION('center_axis',(0.,-1.,0.));
#10643=DIRECTION('ref_axis',(-1.,0.,0.));
#10644=DIRECTION('',(0.,1.,0.));
#10645=DIRECTION('center_axis',(0.,0.,-1.));
#10646=DIRECTION('ref_axis',(1.,0.,0.));
#10647=DIRECTION('',(0.,1.,0.));
#10648=DIRECTION('center_axis',(1.,0.,0.));
#10649=DIRECTION('ref_axis',(0.,0.,1.));
#10650=DIRECTION('',(0.,1.,0.));
#10651=DIRECTION('center_axis',(0.,0.,1.));
#10652=DIRECTION('ref_axis',(-1.,0.,0.));
#10653=DIRECTION('',(0.,1.,0.));
#10654=DIRECTION('center_axis',(1.,0.,0.));
#10655=DIRECTION('ref_axis',(0.,0.,1.));
#10656=DIRECTION('',(0.,1.,0.));
#10657=DIRECTION('center_axis',(0.,0.,-1.));
#10658=DIRECTION('ref_axis',(1.,0.,0.));
#10659=DIRECTION('',(0.,1.,0.));
#10660=DIRECTION('center_axis',(1.,0.,0.));
#10661=DIRECTION('ref_axis',(0.,0.,1.));
#10662=DIRECTION('',(0.,1.,0.));
#10663=DIRECTION('center_axis',(0.,0.,1.));
#10664=DIRECTION('ref_axis',(-1.,0.,0.));
#10665=DIRECTION('',(0.,1.,0.));
#10666=DIRECTION('center_axis',(1.,0.,0.));
#10667=DIRECTION('ref_axis',(0.,0.,1.));
#10668=DIRECTION('',(0.,1.,0.));
#10669=DIRECTION('center_axis',(0.,0.,-1.));
#10670=DIRECTION('ref_axis',(-1.,0.,0.));
#10671=DIRECTION('',(0.,1.,0.));
#10672=DIRECTION('center_axis',(1.,0.,0.));
#10673=DIRECTION('ref_axis',(0.,0.,-1.));
#10674=DIRECTION('center_axis',(0.,1.,0.));
#10675=DIRECTION('ref_axis',(1.,0.,0.));
#10676=DIRECTION('',(0.,0.,1.));
#10677=DIRECTION('',(-1.,0.,0.));
#10678=DIRECTION('',(0.,0.,-1.));
#10679=DIRECTION('center_axis',(0.,1.,0.));
#10680=DIRECTION('ref_axis',(-1.,0.,0.));
#10681=DIRECTION('center_axis',(-1.,0.,0.));
#10682=DIRECTION('ref_axis',(0.,0.,1.));
#10683=DIRECTION('',(0.,1.,0.));
#10684=DIRECTION('',(0.,0.,1.));
#10685=DIRECTION('',(0.,1.,0.));
#10686=DIRECTION('center_axis',(0.,0.,-1.));
#10687=DIRECTION('ref_axis',(-1.,0.,0.));
#10688=DIRECTION('',(-1.,0.,0.));
#10689=DIRECTION('',(0.,1.,0.));
#10690=DIRECTION('center_axis',(1.,0.,0.));
#10691=DIRECTION('ref_axis',(0.,0.,-1.));
#10692=DIRECTION('',(0.,0.,-1.));
#10693=DIRECTION('',(0.,1.,0.));
#10694=DIRECTION('center_axis',(0.,1.,0.));
#10695=DIRECTION('ref_axis',(1.,0.,0.));
#10696=DIRECTION('center_axis',(0.,1.,0.));
#10697=DIRECTION('ref_axis',(-1.,0.,0.));
#10698=DIRECTION('center_axis',(0.,1.,0.));
#10699=DIRECTION('ref_axis',(1.,0.,0.));
#10700=DIRECTION('center_axis',(0.,1.,0.));
#10701=DIRECTION('ref_axis',(1.,0.,0.));
#10702=DIRECTION('',(0.,0.,1.));
#10703=DIRECTION('',(-1.,0.,0.));
#10704=DIRECTION('',(0.,0.,-1.));
#10705=DIRECTION('center_axis',(0.,1.,0.));
#10706=DIRECTION('ref_axis',(-1.,0.,0.));
#10707=DIRECTION('center_axis',(-1.,0.,0.));
#10708=DIRECTION('ref_axis',(0.,0.,1.));
#10709=DIRECTION('',(0.,1.,0.));
#10710=DIRECTION('',(0.,0.,1.));
#10711=DIRECTION('',(0.,1.,0.));
#10712=DIRECTION('center_axis',(0.,0.,-1.));
#10713=DIRECTION('ref_axis',(-1.,0.,0.));
#10714=DIRECTION('',(-1.,0.,0.));
#10715=DIRECTION('',(0.,1.,0.));
#10716=DIRECTION('center_axis',(1.,0.,0.));
#10717=DIRECTION('ref_axis',(0.,0.,-1.));
#10718=DIRECTION('',(0.,0.,-1.));
#10719=DIRECTION('',(0.,1.,0.));
#10720=DIRECTION('center_axis',(0.,1.,0.));
#10721=DIRECTION('ref_axis',(1.,0.,0.));
#10722=DIRECTION('center_axis',(0.,1.,0.));
#10723=DIRECTION('ref_axis',(-1.,0.,0.));
#10724=DIRECTION('center_axis',(0.,1.,0.));
#10725=DIRECTION('ref_axis',(1.,0.,0.));
#10726=DIRECTION('center_axis',(0.,1.,0.));
#10727=DIRECTION('ref_axis',(1.,0.,0.));
#10728=DIRECTION('',(0.,0.,1.));
#10729=DIRECTION('',(-1.,0.,0.));
#10730=DIRECTION('',(0.,0.,-1.));
#10731=DIRECTION('center_axis',(0.,1.,0.));
#10732=DIRECTION('ref_axis',(-1.,0.,0.));
#10733=DIRECTION('center_axis',(-1.,0.,0.));
#10734=DIRECTION('ref_axis',(0.,0.,1.));
#10735=DIRECTION('',(0.,1.,0.));
#10736=DIRECTION('',(0.,0.,1.));
#10737=DIRECTION('',(0.,1.,0.));
#10738=DIRECTION('center_axis',(0.,0.,-1.));
#10739=DIRECTION('ref_axis',(-1.,0.,0.));
#10740=DIRECTION('',(-1.,0.,0.));
#10741=DIRECTION('',(0.,1.,0.));
#10742=DIRECTION('center_axis',(1.,0.,0.));
#10743=DIRECTION('ref_axis',(0.,0.,-1.));
#10744=DIRECTION('',(0.,0.,-1.));
#10745=DIRECTION('',(0.,1.,0.));
#10746=DIRECTION('center_axis',(0.,1.,0.));
#10747=DIRECTION('ref_axis',(1.,0.,0.));
#10748=DIRECTION('center_axis',(0.,1.,0.));
#10749=DIRECTION('ref_axis',(-1.,0.,0.));
#10750=DIRECTION('center_axis',(0.,1.,0.));
#10751=DIRECTION('ref_axis',(1.,0.,0.));
#10752=DIRECTION('center_axis',(0.,0.,-1.));
#10753=DIRECTION('ref_axis',(1.,0.,0.));
#10754=DIRECTION('',(0.,1.,0.));
#10755=DIRECTION('',(1.,0.,0.));
#10756=DIRECTION('',(0.,1.,0.));
#10757=DIRECTION('',(1.,0.,0.));
#10758=DIRECTION('center_axis',(1.,0.,0.));
#10759=DIRECTION('ref_axis',(0.,0.,-1.));
#10760=DIRECTION('',(0.,0.,-1.));
#10761=DIRECTION('',(0.,1.,0.));
#10762=DIRECTION('',(0.,0.,-1.));
#10763=DIRECTION('center_axis',(0.,1.,0.));
#10764=DIRECTION('ref_axis',(1.,0.,0.));
#10765=DIRECTION('',(-1.,0.,0.));
#10766=DIRECTION('',(0.,0.,1.));
#10767=DIRECTION('center_axis',(0.,1.,0.));
#10768=DIRECTION('ref_axis',(-1.,0.,0.));
#10769=DIRECTION('',(-1.,0.,0.));
#10770=DIRECTION('center_axis',(0.,1.,0.));
#10771=DIRECTION('ref_axis',(0.,0.,1.));
#10772=DIRECTION('',(0.,0.,-1.));
#10773=DIRECTION('',(-1.,0.,0.));
#10774=DIRECTION('',(0.,0.,1.));
#10775=DIRECTION('center_axis',(-1.,0.,0.));
#10776=DIRECTION('ref_axis',(0.,0.,1.));
#10777=DIRECTION('',(0.,1.,0.));
#10778=DIRECTION('',(0.,0.,1.));
#10779=DIRECTION('center_axis',(0.,1.,0.));
#10780=DIRECTION('ref_axis',(1.,0.,0.));
#10781=DIRECTION('',(-1.,0.,0.));
#10782=DIRECTION('center_axis',(0.,1.,0.));
#10783=DIRECTION('ref_axis',(-1.,0.,0.));
#10784=DIRECTION('',(0.,0.,1.));
#10785=DIRECTION('',(-1.,0.,0.));
#10786=DIRECTION('',(-1.,0.,0.));
#10787=DIRECTION('',(0.,0.,-1.));
#10788=DIRECTION('center_axis',(0.,1.,0.));
#10789=DIRECTION('ref_axis',(0.,0.,1.));
#10790=DIRECTION('center_axis',(0.,0.,1.));
#10791=DIRECTION('ref_axis',(-1.,0.,0.));
#10792=DIRECTION('',(0.,1.,0.));
#10793=DIRECTION('',(0.,1.,0.));
#10794=DIRECTION('center_axis',(0.,1.,0.));
#10795=DIRECTION('ref_axis',(1.,0.,0.));
#10796=DIRECTION('',(0.,1.,0.));
#10797=DIRECTION('center_axis',(-1.,0.,0.));
#10798=DIRECTION('ref_axis',(0.,0.,1.));
#10799=DIRECTION('',(0.,1.,0.));
#10800=DIRECTION('center_axis',(0.,0.,-1.));
#10801=DIRECTION('ref_axis',(-1.,0.,0.));
#10802=DIRECTION('center_axis',(0.,1.,0.));
#10803=DIRECTION('ref_axis',(1.,0.,0.));
#10804=DIRECTION('',(0.,1.,0.));
#10805=DIRECTION('center_axis',(1.,0.,0.));
#10806=DIRECTION('ref_axis',(0.,0.,-1.));
#10807=DIRECTION('',(0.,1.,0.));
#10808=DIRECTION('center_axis',(0.,0.,-1.));
#10809=DIRECTION('ref_axis',(-1.,0.,0.));
#10810=DIRECTION('center_axis',(0.,0.,-1.));
#10811=DIRECTION('ref_axis',(1.,0.,0.));
#10812=DIRECTION('',(0.,1.,0.));
#10813=DIRECTION('',(1.,0.,0.));
#10814=DIRECTION('',(0.,1.,0.));
#10815=DIRECTION('',(1.,0.,0.));
#10816=DIRECTION('center_axis',(1.,0.,0.));
#10817=DIRECTION('ref_axis',(0.,0.,-1.));
#10818=DIRECTION('',(0.,0.,-1.));
#10819=DIRECTION('',(0.,1.,0.));
#10820=DIRECTION('',(0.,0.,-1.));
#10821=DIRECTION('center_axis',(0.,1.,0.));
#10822=DIRECTION('ref_axis',(1.,0.,0.));
#10823=DIRECTION('',(-1.,0.,0.));
#10824=DIRECTION('',(0.,0.,1.));
#10825=DIRECTION('center_axis',(0.,1.,0.));
#10826=DIRECTION('ref_axis',(-1.,0.,0.));
#10827=DIRECTION('',(-1.,0.,0.));
#10828=DIRECTION('center_axis',(0.,1.,0.));
#10829=DIRECTION('ref_axis',(-5.932670467126E-14,0.,1.));
#10830=DIRECTION('',(0.,0.,-1.));
#10831=DIRECTION('',(-1.,0.,0.));
#10832=DIRECTION('',(0.,0.,1.));
#10833=DIRECTION('center_axis',(-1.,0.,0.));
#10834=DIRECTION('ref_axis',(0.,0.,1.));
#10835=DIRECTION('',(0.,1.,0.));
#10836=DIRECTION('',(0.,0.,1.));
#10837=DIRECTION('center_axis',(0.,1.,0.));
#10838=DIRECTION('ref_axis',(1.,0.,0.));
#10839=DIRECTION('',(-1.,0.,0.));
#10840=DIRECTION('center_axis',(0.,1.,0.));
#10841=DIRECTION('ref_axis',(-1.,0.,0.));
#10842=DIRECTION('',(0.,0.,1.));
#10843=DIRECTION('',(-1.,0.,0.));
#10844=DIRECTION('',(-1.,0.,0.));
#10845=DIRECTION('',(0.,0.,-1.));
#10846=DIRECTION('center_axis',(0.,1.,0.));
#10847=DIRECTION('ref_axis',(-5.932670467126E-14,0.,1.));
#10848=DIRECTION('center_axis',(0.,0.,1.));
#10849=DIRECTION('ref_axis',(-1.,0.,0.));
#10850=DIRECTION('',(0.,1.,0.));
#10851=DIRECTION('',(0.,1.,0.));
#10852=DIRECTION('center_axis',(0.,1.,0.));
#10853=DIRECTION('ref_axis',(1.,0.,0.));
#10854=DIRECTION('',(0.,1.,0.));
#10855=DIRECTION('center_axis',(-1.,0.,0.));
#10856=DIRECTION('ref_axis',(0.,0.,1.));
#10857=DIRECTION('',(0.,1.,0.));
#10858=DIRECTION('center_axis',(0.,0.,-1.));
#10859=DIRECTION('ref_axis',(-1.,0.,0.));
#10860=DIRECTION('center_axis',(0.,1.,0.));
#10861=DIRECTION('ref_axis',(1.,0.,0.));
#10862=DIRECTION('',(0.,1.,0.));
#10863=DIRECTION('center_axis',(1.,0.,0.));
#10864=DIRECTION('ref_axis',(0.,0.,-1.));
#10865=DIRECTION('',(0.,1.,0.));
#10866=DIRECTION('center_axis',(0.,0.,-1.));
#10867=DIRECTION('ref_axis',(-1.,0.,0.));
#10868=DIRECTION('center_axis',(0.,1.,0.));
#10869=DIRECTION('ref_axis',(1.,0.,0.));
#10870=DIRECTION('',(0.,0.,1.));
#10871=DIRECTION('',(-1.,0.,0.));
#10872=DIRECTION('',(0.,0.,-1.));
#10873=DIRECTION('center_axis',(0.,1.,0.));
#10874=DIRECTION('ref_axis',(-1.,0.,0.));
#10875=DIRECTION('center_axis',(-1.,0.,0.));
#10876=DIRECTION('ref_axis',(0.,0.,1.));
#10877=DIRECTION('',(0.,1.,0.));
#10878=DIRECTION('',(0.,0.,1.));
#10879=DIRECTION('',(0.,1.,0.));
#10880=DIRECTION('center_axis',(0.,0.,-1.));
#10881=DIRECTION('ref_axis',(-1.,0.,0.));
#10882=DIRECTION('',(-1.,0.,0.));
#10883=DIRECTION('',(0.,1.,0.));
#10884=DIRECTION('center_axis',(1.,0.,0.));
#10885=DIRECTION('ref_axis',(0.,0.,-1.));
#10886=DIRECTION('',(0.,0.,-1.));
#10887=DIRECTION('',(0.,1.,0.));
#10888=DIRECTION('center_axis',(0.,1.,0.));
#10889=DIRECTION('ref_axis',(1.,0.,0.));
#10890=DIRECTION('center_axis',(0.,1.,0.));
#10891=DIRECTION('ref_axis',(-1.,0.,0.));
#10892=DIRECTION('center_axis',(0.,1.,0.));
#10893=DIRECTION('ref_axis',(1.,0.,0.));
#10894=DIRECTION('center_axis',(0.,-1.,0.));
#10895=DIRECTION('ref_axis',(1.,0.,0.));
#10896=DIRECTION('',(0.,0.,-1.));
#10897=DIRECTION('center_axis',(0.,-1.,0.));
#10898=DIRECTION('ref_axis',(-1.,0.,0.));
#10899=DIRECTION('',(0.,0.,1.));
#10900=DIRECTION('',(-1.,0.,0.));
#10901=DIRECTION('center_axis',(1.,0.,0.));
#10902=DIRECTION('ref_axis',(0.,0.,-1.));
#10903=DIRECTION('',(0.,1.,0.));
#10904=DIRECTION('',(0.,0.,-1.));
#10905=DIRECTION('',(0.,1.,0.));
#10906=DIRECTION('center_axis',(0.,-1.,0.));
#10907=DIRECTION('ref_axis',(1.,0.,0.));
#10908=DIRECTION('center_axis',(0.,-1.,0.));
#10909=DIRECTION('ref_axis',(-1.,0.,0.));
#10910=DIRECTION('',(0.,1.,0.));
#10911=DIRECTION('center_axis',(-1.,0.,0.));
#10912=DIRECTION('ref_axis',(0.,0.,1.));
#10913=DIRECTION('',(0.,0.,1.));
#10914=DIRECTION('',(0.,1.,0.));
#10915=DIRECTION('center_axis',(0.,0.,-1.));
#10916=DIRECTION('ref_axis',(-1.,0.,0.));
#10917=DIRECTION('',(-1.,0.,0.));
#10918=DIRECTION('center_axis',(0.,-1.,0.));
#10919=DIRECTION('ref_axis',(1.,0.,0.));
#10920=DIRECTION('center_axis',(0.,-1.,0.));
#10921=DIRECTION('ref_axis',(1.,0.,0.));
#10922=DIRECTION('',(0.,0.,-1.));
#10923=DIRECTION('center_axis',(0.,-1.,0.));
#10924=DIRECTION('ref_axis',(-1.,0.,0.));
#10925=DIRECTION('',(0.,0.,1.));
#10926=DIRECTION('',(-1.,0.,0.));
#10927=DIRECTION('center_axis',(1.,0.,0.));
#10928=DIRECTION('ref_axis',(0.,0.,-1.));
#10929=DIRECTION('',(0.,1.,0.));
#10930=DIRECTION('',(0.,0.,-1.));
#10931=DIRECTION('',(0.,1.,0.));
#10932=DIRECTION('center_axis',(0.,-1.,0.));
#10933=DIRECTION('ref_axis',(1.,0.,0.));
#10934=DIRECTION('center_axis',(0.,-1.,0.));
#10935=DIRECTION('ref_axis',(-1.,0.,0.));
#10936=DIRECTION('',(0.,1.,0.));
#10937=DIRECTION('center_axis',(-1.,0.,0.));
#10938=DIRECTION('ref_axis',(0.,0.,1.));
#10939=DIRECTION('',(0.,0.,1.));
#10940=DIRECTION('',(0.,1.,0.));
#10941=DIRECTION('center_axis',(0.,0.,-1.));
#10942=DIRECTION('ref_axis',(-1.,0.,0.));
#10943=DIRECTION('',(-1.,0.,0.));
#10944=DIRECTION('center_axis',(0.,-1.,0.));
#10945=DIRECTION('ref_axis',(1.,0.,0.));
#10946=DIRECTION('center_axis',(0.,-1.,0.));
#10947=DIRECTION('ref_axis',(1.,0.,0.));
#10948=DIRECTION('',(0.,0.,-1.));
#10949=DIRECTION('center_axis',(0.,-1.,0.));
#10950=DIRECTION('ref_axis',(-1.,0.,0.));
#10951=DIRECTION('',(0.,0.,1.));
#10952=DIRECTION('',(-1.,0.,0.));
#10953=DIRECTION('center_axis',(1.,0.,0.));
#10954=DIRECTION('ref_axis',(0.,0.,-1.));
#10955=DIRECTION('',(0.,1.,0.));
#10956=DIRECTION('',(0.,0.,-1.));
#10957=DIRECTION('',(0.,1.,0.));
#10958=DIRECTION('center_axis',(0.,-1.,0.));
#10959=DIRECTION('ref_axis',(1.,0.,0.));
#10960=DIRECTION('center_axis',(0.,-1.,0.));
#10961=DIRECTION('ref_axis',(-1.,0.,0.));
#10962=DIRECTION('',(0.,1.,0.));
#10963=DIRECTION('center_axis',(-1.,0.,0.));
#10964=DIRECTION('ref_axis',(0.,0.,1.));
#10965=DIRECTION('',(0.,0.,1.));
#10966=DIRECTION('',(0.,1.,0.));
#10967=DIRECTION('center_axis',(0.,0.,-1.));
#10968=DIRECTION('ref_axis',(-1.,0.,0.));
#10969=DIRECTION('',(-1.,0.,0.));
#10970=DIRECTION('center_axis',(0.,-1.,0.));
#10971=DIRECTION('ref_axis',(1.,0.,0.));
#10972=DIRECTION('center_axis',(0.,-1.,0.));
#10973=DIRECTION('ref_axis',(1.,0.,0.));
#10974=DIRECTION('',(0.,0.,-1.));
#10975=DIRECTION('center_axis',(0.,-1.,0.));
#10976=DIRECTION('ref_axis',(-1.,0.,0.));
#10977=DIRECTION('',(0.,0.,1.));
#10978=DIRECTION('',(-1.,0.,0.));
#10979=DIRECTION('center_axis',(1.,0.,0.));
#10980=DIRECTION('ref_axis',(0.,0.,-1.));
#10981=DIRECTION('',(0.,1.,0.));
#10982=DIRECTION('',(0.,0.,-1.));
#10983=DIRECTION('',(0.,1.,0.));
#10984=DIRECTION('center_axis',(0.,-1.,0.));
#10985=DIRECTION('ref_axis',(1.,0.,0.));
#10986=DIRECTION('center_axis',(0.,-1.,0.));
#10987=DIRECTION('ref_axis',(-1.,0.,0.));
#10988=DIRECTION('',(0.,1.,0.));
#10989=DIRECTION('center_axis',(-1.,0.,0.));
#10990=DIRECTION('ref_axis',(0.,0.,1.));
#10991=DIRECTION('',(0.,0.,1.));
#10992=DIRECTION('',(0.,1.,0.));
#10993=DIRECTION('center_axis',(0.,0.,-1.));
#10994=DIRECTION('ref_axis',(-1.,0.,0.));
#10995=DIRECTION('',(-1.,0.,0.));
#10996=DIRECTION('center_axis',(0.,-1.,0.));
#10997=DIRECTION('ref_axis',(1.,0.,0.));
#10998=DIRECTION('center_axis',(0.,-1.,0.));
#10999=DIRECTION('ref_axis',(1.,0.,0.));
#11000=DIRECTION('',(0.,0.,-1.));
#11001=DIRECTION('center_axis',(0.,-1.,0.));
#11002=DIRECTION('ref_axis',(-1.,0.,0.));
#11003=DIRECTION('',(0.,0.,1.));
#11004=DIRECTION('',(-1.,0.,0.));
#11005=DIRECTION('center_axis',(1.,0.,0.));
#11006=DIRECTION('ref_axis',(0.,0.,-1.));
#11007=DIRECTION('',(0.,1.,0.));
#11008=DIRECTION('',(0.,0.,-1.));
#11009=DIRECTION('',(0.,1.,0.));
#11010=DIRECTION('center_axis',(0.,-1.,0.));
#11011=DIRECTION('ref_axis',(1.,0.,0.));
#11012=DIRECTION('center_axis',(0.,-1.,0.));
#11013=DIRECTION('ref_axis',(-1.,0.,0.));
#11014=DIRECTION('',(0.,1.,0.));
#11015=DIRECTION('center_axis',(-1.,0.,0.));
#11016=DIRECTION('ref_axis',(0.,0.,1.));
#11017=DIRECTION('',(0.,0.,1.));
#11018=DIRECTION('',(0.,1.,0.));
#11019=DIRECTION('center_axis',(0.,0.,-1.));
#11020=DIRECTION('ref_axis',(-1.,0.,0.));
#11021=DIRECTION('',(-1.,0.,0.));
#11022=DIRECTION('center_axis',(0.,-1.,0.));
#11023=DIRECTION('ref_axis',(1.,0.,0.));
#11024=DIRECTION('center_axis',(0.,-1.,0.));
#11025=DIRECTION('ref_axis',(1.,0.,0.));
#11026=DIRECTION('',(0.,0.,-1.));
#11027=DIRECTION('center_axis',(0.,-1.,0.));
#11028=DIRECTION('ref_axis',(-1.,0.,0.));
#11029=DIRECTION('',(0.,0.,1.));
#11030=DIRECTION('',(-1.,0.,0.));
#11031=DIRECTION('center_axis',(1.,0.,0.));
#11032=DIRECTION('ref_axis',(0.,0.,-1.));
#11033=DIRECTION('',(0.,1.,0.));
#11034=DIRECTION('',(0.,0.,-1.));
#11035=DIRECTION('',(0.,1.,0.));
#11036=DIRECTION('center_axis',(0.,-1.,0.));
#11037=DIRECTION('ref_axis',(1.,0.,0.));
#11038=DIRECTION('center_axis',(0.,-1.,0.));
#11039=DIRECTION('ref_axis',(-1.,0.,0.));
#11040=DIRECTION('',(0.,1.,0.));
#11041=DIRECTION('center_axis',(-1.,0.,0.));
#11042=DIRECTION('ref_axis',(0.,0.,1.));
#11043=DIRECTION('',(0.,0.,1.));
#11044=DIRECTION('',(0.,1.,0.));
#11045=DIRECTION('center_axis',(0.,0.,-1.));
#11046=DIRECTION('ref_axis',(-1.,0.,0.));
#11047=DIRECTION('',(-1.,0.,0.));
#11048=DIRECTION('center_axis',(0.,-1.,0.));
#11049=DIRECTION('ref_axis',(1.,0.,0.));
#11050=DIRECTION('center_axis',(0.,-1.,0.));
#11051=DIRECTION('ref_axis',(1.,0.,0.));
#11052=DIRECTION('',(0.,0.,-1.));
#11053=DIRECTION('center_axis',(0.,-1.,0.));
#11054=DIRECTION('ref_axis',(-1.,0.,0.));
#11055=DIRECTION('',(0.,0.,1.));
#11056=DIRECTION('',(-1.,0.,0.));
#11057=DIRECTION('center_axis',(1.,0.,0.));
#11058=DIRECTION('ref_axis',(0.,0.,-1.));
#11059=DIRECTION('',(0.,1.,0.));
#11060=DIRECTION('',(0.,0.,-1.));
#11061=DIRECTION('',(0.,1.,0.));
#11062=DIRECTION('center_axis',(0.,-1.,0.));
#11063=DIRECTION('ref_axis',(1.,0.,0.));
#11064=DIRECTION('center_axis',(0.,-1.,0.));
#11065=DIRECTION('ref_axis',(-1.,0.,0.));
#11066=DIRECTION('',(0.,1.,0.));
#11067=DIRECTION('center_axis',(-1.,0.,0.));
#11068=DIRECTION('ref_axis',(0.,0.,1.));
#11069=DIRECTION('',(0.,0.,1.));
#11070=DIRECTION('',(0.,1.,0.));
#11071=DIRECTION('center_axis',(0.,0.,-1.));
#11072=DIRECTION('ref_axis',(-1.,0.,0.));
#11073=DIRECTION('',(-1.,0.,0.));
#11074=DIRECTION('center_axis',(0.,-1.,0.));
#11075=DIRECTION('ref_axis',(1.,0.,0.));
#11076=DIRECTION('center_axis',(0.,-1.,0.));
#11077=DIRECTION('ref_axis',(1.,0.,0.));
#11078=DIRECTION('',(0.,0.,-1.));
#11079=DIRECTION('center_axis',(0.,-1.,0.));
#11080=DIRECTION('ref_axis',(-1.,0.,0.));
#11081=DIRECTION('',(0.,0.,1.));
#11082=DIRECTION('',(-1.,0.,0.));
#11083=DIRECTION('center_axis',(1.,0.,0.));
#11084=DIRECTION('ref_axis',(0.,0.,-1.));
#11085=DIRECTION('',(0.,1.,0.));
#11086=DIRECTION('',(0.,0.,-1.));
#11087=DIRECTION('',(0.,1.,0.));
#11088=DIRECTION('center_axis',(0.,-1.,0.));
#11089=DIRECTION('ref_axis',(1.,0.,0.));
#11090=DIRECTION('center_axis',(0.,-1.,0.));
#11091=DIRECTION('ref_axis',(-1.,0.,0.));
#11092=DIRECTION('',(0.,1.,0.));
#11093=DIRECTION('center_axis',(-1.,0.,0.));
#11094=DIRECTION('ref_axis',(0.,0.,1.));
#11095=DIRECTION('',(0.,0.,1.));
#11096=DIRECTION('',(0.,1.,0.));
#11097=DIRECTION('center_axis',(0.,0.,-1.));
#11098=DIRECTION('ref_axis',(-1.,0.,0.));
#11099=DIRECTION('',(-1.,0.,0.));
#11100=DIRECTION('center_axis',(0.,-1.,0.));
#11101=DIRECTION('ref_axis',(1.,0.,0.));
#11102=DIRECTION('center_axis',(0.,1.,0.));
#11103=DIRECTION('ref_axis',(1.,0.,0.));
#11104=DIRECTION('',(0.,0.,1.));
#11105=DIRECTION('',(-1.,0.,0.));
#11106=DIRECTION('',(0.,0.,-1.));
#11107=DIRECTION('center_axis',(0.,1.,0.));
#11108=DIRECTION('ref_axis',(-1.,0.,0.));
#11109=DIRECTION('center_axis',(-1.,0.,0.));
#11110=DIRECTION('ref_axis',(0.,0.,1.));
#11111=DIRECTION('',(0.,1.,0.));
#11112=DIRECTION('',(0.,0.,1.));
#11113=DIRECTION('',(0.,1.,0.));
#11114=DIRECTION('center_axis',(0.,0.,-1.));
#11115=DIRECTION('ref_axis',(-1.,0.,0.));
#11116=DIRECTION('',(-1.,0.,0.));
#11117=DIRECTION('',(0.,1.,0.));
#11118=DIRECTION('center_axis',(1.,0.,0.));
#11119=DIRECTION('ref_axis',(0.,0.,-1.));
#11120=DIRECTION('',(0.,0.,-1.));
#11121=DIRECTION('',(0.,1.,0.));
#11122=DIRECTION('center_axis',(0.,1.,0.));
#11123=DIRECTION('ref_axis',(1.,0.,0.));
#11124=DIRECTION('center_axis',(0.,1.,0.));
#11125=DIRECTION('ref_axis',(-1.,0.,0.));
#11126=DIRECTION('center_axis',(0.,1.,0.));
#11127=DIRECTION('ref_axis',(1.,0.,0.));
#11128=DIRECTION('center_axis',(0.,1.,0.));
#11129=DIRECTION('ref_axis',(1.,0.,0.));
#11130=DIRECTION('',(0.,0.,1.));
#11131=DIRECTION('',(-1.,0.,0.));
#11132=DIRECTION('',(0.,0.,-1.));
#11133=DIRECTION('center_axis',(0.,1.,0.));
#11134=DIRECTION('ref_axis',(-1.,0.,0.));
#11135=DIRECTION('center_axis',(-1.,0.,0.));
#11136=DIRECTION('ref_axis',(0.,0.,1.));
#11137=DIRECTION('',(0.,1.,0.));
#11138=DIRECTION('',(0.,0.,1.));
#11139=DIRECTION('',(0.,1.,0.));
#11140=DIRECTION('center_axis',(0.,0.,-1.));
#11141=DIRECTION('ref_axis',(-1.,0.,0.));
#11142=DIRECTION('',(-1.,0.,0.));
#11143=DIRECTION('',(0.,1.,0.));
#11144=DIRECTION('center_axis',(1.,0.,0.));
#11145=DIRECTION('ref_axis',(0.,0.,-1.));
#11146=DIRECTION('',(0.,0.,-1.));
#11147=DIRECTION('',(0.,1.,0.));
#11148=DIRECTION('center_axis',(0.,1.,0.));
#11149=DIRECTION('ref_axis',(1.,0.,0.));
#11150=DIRECTION('center_axis',(0.,1.,0.));
#11151=DIRECTION('ref_axis',(-1.,0.,0.));
#11152=DIRECTION('center_axis',(0.,1.,0.));
#11153=DIRECTION('ref_axis',(1.,0.,0.));
#11154=DIRECTION('center_axis',(0.,-1.,0.));
#11155=DIRECTION('ref_axis',(1.,0.,0.));
#11156=DIRECTION('',(0.,0.,-1.));
#11157=DIRECTION('center_axis',(0.,-1.,0.));
#11158=DIRECTION('ref_axis',(-1.,0.,0.));
#11159=DIRECTION('',(0.,0.,1.));
#11160=DIRECTION('',(-1.,0.,0.));
#11161=DIRECTION('center_axis',(1.,0.,0.));
#11162=DIRECTION('ref_axis',(0.,0.,-1.));
#11163=DIRECTION('',(0.,1.,0.));
#11164=DIRECTION('',(0.,0.,-1.));
#11165=DIRECTION('',(0.,1.,0.));
#11166=DIRECTION('center_axis',(0.,-1.,0.));
#11167=DIRECTION('ref_axis',(1.,0.,0.));
#11168=DIRECTION('center_axis',(0.,-1.,0.));
#11169=DIRECTION('ref_axis',(-1.,0.,0.));
#11170=DIRECTION('',(0.,1.,0.));
#11171=DIRECTION('center_axis',(-1.,0.,0.));
#11172=DIRECTION('ref_axis',(0.,0.,1.));
#11173=DIRECTION('',(0.,0.,1.));
#11174=DIRECTION('',(0.,1.,0.));
#11175=DIRECTION('center_axis',(0.,0.,-1.));
#11176=DIRECTION('ref_axis',(-1.,0.,0.));
#11177=DIRECTION('',(-1.,0.,0.));
#11178=DIRECTION('center_axis',(0.,-1.,0.));
#11179=DIRECTION('ref_axis',(1.,0.,0.));
#11180=DIRECTION('center_axis',(0.,-1.,0.));
#11181=DIRECTION('ref_axis',(1.,0.,0.));
#11182=DIRECTION('',(0.,0.,-1.));
#11183=DIRECTION('center_axis',(0.,-1.,0.));
#11184=DIRECTION('ref_axis',(-1.,0.,0.));
#11185=DIRECTION('',(0.,0.,1.));
#11186=DIRECTION('',(-1.,0.,0.));
#11187=DIRECTION('center_axis',(1.,0.,0.));
#11188=DIRECTION('ref_axis',(0.,0.,-1.));
#11189=DIRECTION('',(0.,1.,0.));
#11190=DIRECTION('',(0.,0.,-1.));
#11191=DIRECTION('',(0.,1.,0.));
#11192=DIRECTION('center_axis',(0.,-1.,0.));
#11193=DIRECTION('ref_axis',(1.,0.,0.));
#11194=DIRECTION('center_axis',(0.,-1.,0.));
#11195=DIRECTION('ref_axis',(-1.,0.,0.));
#11196=DIRECTION('',(0.,1.,0.));
#11197=DIRECTION('center_axis',(-1.,0.,0.));
#11198=DIRECTION('ref_axis',(0.,0.,1.));
#11199=DIRECTION('',(0.,0.,1.));
#11200=DIRECTION('',(0.,1.,0.));
#11201=DIRECTION('center_axis',(0.,0.,-1.));
#11202=DIRECTION('ref_axis',(-1.,0.,0.));
#11203=DIRECTION('',(-1.,0.,0.));
#11204=DIRECTION('center_axis',(0.,-1.,0.));
#11205=DIRECTION('ref_axis',(1.,0.,0.));
#11206=DIRECTION('center_axis',(0.,1.,0.));
#11207=DIRECTION('ref_axis',(1.,0.,0.));
#11208=DIRECTION('',(0.,0.,1.));
#11209=DIRECTION('',(-1.,0.,0.));
#11210=DIRECTION('',(0.,0.,-1.));
#11211=DIRECTION('center_axis',(0.,1.,0.));
#11212=DIRECTION('ref_axis',(-1.,0.,0.));
#11213=DIRECTION('center_axis',(-1.,0.,0.));
#11214=DIRECTION('ref_axis',(0.,0.,1.));
#11215=DIRECTION('',(0.,1.,0.));
#11216=DIRECTION('',(0.,0.,1.));
#11217=DIRECTION('',(0.,1.,0.));
#11218=DIRECTION('center_axis',(0.,0.,-1.));
#11219=DIRECTION('ref_axis',(-1.,0.,0.));
#11220=DIRECTION('',(-1.,0.,0.));
#11221=DIRECTION('',(0.,1.,0.));
#11222=DIRECTION('center_axis',(1.,0.,0.));
#11223=DIRECTION('ref_axis',(0.,0.,-1.));
#11224=DIRECTION('',(0.,0.,-1.));
#11225=DIRECTION('',(0.,1.,0.));
#11226=DIRECTION('center_axis',(0.,1.,0.));
#11227=DIRECTION('ref_axis',(1.,0.,0.));
#11228=DIRECTION('center_axis',(0.,1.,0.));
#11229=DIRECTION('ref_axis',(-1.,0.,0.));
#11230=DIRECTION('center_axis',(0.,1.,0.));
#11231=DIRECTION('ref_axis',(1.,0.,0.));
#11232=DIRECTION('center_axis',(0.,1.,0.));
#11233=DIRECTION('ref_axis',(1.,0.,0.));
#11234=DIRECTION('',(0.,0.,1.));
#11235=DIRECTION('',(-1.,0.,0.));
#11236=DIRECTION('',(0.,0.,-1.));
#11237=DIRECTION('center_axis',(0.,1.,0.));
#11238=DIRECTION('ref_axis',(-1.,0.,0.));
#11239=DIRECTION('center_axis',(-1.,0.,0.));
#11240=DIRECTION('ref_axis',(0.,0.,1.));
#11241=DIRECTION('',(0.,1.,0.));
#11242=DIRECTION('',(0.,0.,1.));
#11243=DIRECTION('',(0.,1.,0.));
#11244=DIRECTION('center_axis',(0.,0.,-1.));
#11245=DIRECTION('ref_axis',(-1.,0.,0.));
#11246=DIRECTION('',(-1.,0.,0.));
#11247=DIRECTION('',(0.,1.,0.));
#11248=DIRECTION('center_axis',(1.,0.,0.));
#11249=DIRECTION('ref_axis',(0.,0.,-1.));
#11250=DIRECTION('',(0.,0.,-1.));
#11251=DIRECTION('',(0.,1.,0.));
#11252=DIRECTION('center_axis',(0.,1.,0.));
#11253=DIRECTION('ref_axis',(1.,0.,0.));
#11254=DIRECTION('center_axis',(0.,1.,0.));
#11255=DIRECTION('ref_axis',(-1.,0.,0.));
#11256=DIRECTION('center_axis',(0.,1.,0.));
#11257=DIRECTION('ref_axis',(1.,0.,0.));
#11258=DIRECTION('center_axis',(0.,1.,0.));
#11259=DIRECTION('ref_axis',(1.,0.,0.));
#11260=DIRECTION('',(0.,0.,1.));
#11261=DIRECTION('',(-1.,0.,0.));
#11262=DIRECTION('',(0.,0.,-1.));
#11263=DIRECTION('center_axis',(0.,1.,0.));
#11264=DIRECTION('ref_axis',(-1.,0.,0.));
#11265=DIRECTION('center_axis',(-1.,0.,0.));
#11266=DIRECTION('ref_axis',(0.,0.,1.));
#11267=DIRECTION('',(0.,1.,0.));
#11268=DIRECTION('',(0.,0.,1.));
#11269=DIRECTION('',(0.,1.,0.));
#11270=DIRECTION('center_axis',(0.,0.,-1.));
#11271=DIRECTION('ref_axis',(-1.,0.,0.));
#11272=DIRECTION('',(-1.,0.,0.));
#11273=DIRECTION('',(0.,1.,0.));
#11274=DIRECTION('center_axis',(1.,0.,0.));
#11275=DIRECTION('ref_axis',(0.,0.,-1.));
#11276=DIRECTION('',(0.,0.,-1.));
#11277=DIRECTION('',(0.,1.,0.));
#11278=DIRECTION('center_axis',(0.,1.,0.));
#11279=DIRECTION('ref_axis',(1.,0.,0.));
#11280=DIRECTION('center_axis',(0.,1.,0.));
#11281=DIRECTION('ref_axis',(-1.,0.,0.));
#11282=DIRECTION('center_axis',(0.,1.,0.));
#11283=DIRECTION('ref_axis',(1.,0.,0.));
#11284=DIRECTION('center_axis',(0.,-1.,0.));
#11285=DIRECTION('ref_axis',(1.,0.,0.));
#11286=DIRECTION('',(0.,0.,-1.));
#11287=DIRECTION('center_axis',(0.,-1.,0.));
#11288=DIRECTION('ref_axis',(-1.,0.,0.));
#11289=DIRECTION('',(0.,0.,1.));
#11290=DIRECTION('',(-1.,0.,0.));
#11291=DIRECTION('center_axis',(1.,0.,0.));
#11292=DIRECTION('ref_axis',(0.,0.,-1.));
#11293=DIRECTION('',(0.,1.,0.));
#11294=DIRECTION('',(0.,0.,-1.));
#11295=DIRECTION('',(0.,1.,0.));
#11296=DIRECTION('center_axis',(0.,-1.,0.));
#11297=DIRECTION('ref_axis',(1.,0.,0.));
#11298=DIRECTION('center_axis',(0.,-1.,0.));
#11299=DIRECTION('ref_axis',(-1.,0.,0.));
#11300=DIRECTION('',(0.,1.,0.));
#11301=DIRECTION('center_axis',(-1.,0.,0.));
#11302=DIRECTION('ref_axis',(0.,0.,1.));
#11303=DIRECTION('',(0.,0.,1.));
#11304=DIRECTION('',(0.,1.,0.));
#11305=DIRECTION('center_axis',(0.,0.,-1.));
#11306=DIRECTION('ref_axis',(-1.,0.,0.));
#11307=DIRECTION('',(-1.,0.,0.));
#11308=DIRECTION('center_axis',(0.,-1.,0.));
#11309=DIRECTION('ref_axis',(1.,0.,0.));
#11310=DIRECTION('center_axis',(0.,-1.,0.));
#11311=DIRECTION('ref_axis',(1.,0.,0.));
#11312=DIRECTION('',(0.,0.,-1.));
#11313=DIRECTION('center_axis',(0.,-1.,0.));
#11314=DIRECTION('ref_axis',(-1.,0.,0.));
#11315=DIRECTION('',(0.,0.,1.));
#11316=DIRECTION('',(-1.,0.,0.));
#11317=DIRECTION('center_axis',(1.,0.,0.));
#11318=DIRECTION('ref_axis',(0.,0.,-1.));
#11319=DIRECTION('',(0.,1.,0.));
#11320=DIRECTION('',(0.,0.,-1.));
#11321=DIRECTION('',(0.,1.,0.));
#11322=DIRECTION('center_axis',(0.,-1.,0.));
#11323=DIRECTION('ref_axis',(1.,0.,0.));
#11324=DIRECTION('center_axis',(0.,-1.,0.));
#11325=DIRECTION('ref_axis',(-1.,0.,0.));
#11326=DIRECTION('',(0.,1.,0.));
#11327=DIRECTION('center_axis',(-1.,0.,0.));
#11328=DIRECTION('ref_axis',(0.,0.,1.));
#11329=DIRECTION('',(0.,0.,1.));
#11330=DIRECTION('',(0.,1.,0.));
#11331=DIRECTION('center_axis',(0.,0.,-1.));
#11332=DIRECTION('ref_axis',(-1.,0.,0.));
#11333=DIRECTION('',(-1.,0.,0.));
#11334=DIRECTION('center_axis',(0.,-1.,0.));
#11335=DIRECTION('ref_axis',(1.,0.,0.));
#11336=DIRECTION('center_axis',(0.,-1.,0.));
#11337=DIRECTION('ref_axis',(1.,0.,0.));
#11338=DIRECTION('',(0.,0.,-1.));
#11339=DIRECTION('center_axis',(0.,-1.,0.));
#11340=DIRECTION('ref_axis',(-1.,0.,0.));
#11341=DIRECTION('',(0.,0.,1.));
#11342=DIRECTION('',(-1.,0.,0.));
#11343=DIRECTION('center_axis',(1.,0.,0.));
#11344=DIRECTION('ref_axis',(0.,0.,-1.));
#11345=DIRECTION('',(0.,1.,0.));
#11346=DIRECTION('',(0.,0.,-1.));
#11347=DIRECTION('',(0.,1.,0.));
#11348=DIRECTION('center_axis',(0.,-1.,0.));
#11349=DIRECTION('ref_axis',(1.,0.,0.));
#11350=DIRECTION('center_axis',(0.,-1.,0.));
#11351=DIRECTION('ref_axis',(-1.,0.,0.));
#11352=DIRECTION('',(0.,1.,0.));
#11353=DIRECTION('center_axis',(-1.,0.,0.));
#11354=DIRECTION('ref_axis',(0.,0.,1.));
#11355=DIRECTION('',(0.,0.,1.));
#11356=DIRECTION('',(0.,1.,0.));
#11357=DIRECTION('center_axis',(0.,0.,-1.));
#11358=DIRECTION('ref_axis',(-1.,0.,0.));
#11359=DIRECTION('',(-1.,0.,0.));
#11360=DIRECTION('center_axis',(0.,-1.,0.));
#11361=DIRECTION('ref_axis',(1.,0.,0.));
#11362=DIRECTION('center_axis',(0.,-1.,0.));
#11363=DIRECTION('ref_axis',(-1.,0.,0.));
#11364=DIRECTION('center_axis',(0.,-1.,0.));
#11365=DIRECTION('ref_axis',(0.,0.,-1.));
#11366=DIRECTION('',(-1.,0.,0.));
#11367=DIRECTION('',(0.,0.,-1.));
#11368=DIRECTION('',(1.,0.,0.));
#11369=DIRECTION('center_axis',(0.,-1.,0.));
#11370=DIRECTION('ref_axis',(1.,0.,-1.22464679914735E-16));
#11371=DIRECTION('',(0.,1.,0.));
#11372=DIRECTION('center_axis',(0.,-1.,0.));
#11373=DIRECTION('ref_axis',(1.,0.,0.));
#11374=DIRECTION('',(0.,1.,0.));
#11375=DIRECTION('center_axis',(0.,0.,1.));
#11376=DIRECTION('ref_axis',(-1.,0.,0.));
#11377=DIRECTION('',(-1.,0.,0.));
#11378=DIRECTION('',(0.,1.,0.));
#11379=DIRECTION('center_axis',(-1.,0.,0.));
#11380=DIRECTION('ref_axis',(0.,0.,-1.));
#11381=DIRECTION('',(0.,0.,-1.));
#11382=DIRECTION('',(0.,1.,0.));
#11383=DIRECTION('center_axis',(0.,0.,-1.));
#11384=DIRECTION('ref_axis',(1.,0.,0.));
#11385=DIRECTION('',(1.,0.,0.));
#11386=DIRECTION('center_axis',(0.,-1.,0.));
#11387=DIRECTION('ref_axis',(-1.,0.,0.));
#11388=DIRECTION('center_axis',(0.,-1.,0.));
#11389=DIRECTION('ref_axis',(-1.,0.,0.));
#11390=DIRECTION('center_axis',(0.,-1.,0.));
#11391=DIRECTION('ref_axis',(0.,0.,-1.));
#11392=DIRECTION('',(-1.,0.,0.));
#11393=DIRECTION('',(0.,0.,-1.));
#11394=DIRECTION('',(1.,0.,0.));
#11395=DIRECTION('center_axis',(0.,-1.,0.));
#11396=DIRECTION('ref_axis',(1.,0.,-1.22464679914735E-16));
#11397=DIRECTION('',(0.,1.,0.));
#11398=DIRECTION('center_axis',(0.,-1.,0.));
#11399=DIRECTION('ref_axis',(1.,0.,0.));
#11400=DIRECTION('',(0.,1.,0.));
#11401=DIRECTION('center_axis',(0.,0.,1.));
#11402=DIRECTION('ref_axis',(-1.,0.,0.));
#11403=DIRECTION('',(-1.,0.,0.));
#11404=DIRECTION('',(0.,1.,0.));
#11405=DIRECTION('center_axis',(-1.,0.,0.));
#11406=DIRECTION('ref_axis',(0.,0.,-1.));
#11407=DIRECTION('',(0.,0.,-1.));
#11408=DIRECTION('',(0.,1.,0.));
#11409=DIRECTION('center_axis',(0.,0.,-1.));
#11410=DIRECTION('ref_axis',(1.,0.,0.));
#11411=DIRECTION('',(1.,0.,0.));
#11412=DIRECTION('center_axis',(0.,-1.,0.));
#11413=DIRECTION('ref_axis',(-1.,0.,0.));
#11414=DIRECTION('center_axis',(0.,-1.,0.));
#11415=DIRECTION('ref_axis',(-1.,0.,0.));
#11416=DIRECTION('center_axis',(0.,-1.,0.));
#11417=DIRECTION('ref_axis',(0.,0.,-1.));
#11418=DIRECTION('',(-1.,0.,0.));
#11419=DIRECTION('',(0.,0.,-1.));
#11420=DIRECTION('',(1.,0.,0.));
#11421=DIRECTION('center_axis',(0.,-1.,0.));
#11422=DIRECTION('ref_axis',(1.,0.,-1.22464679914735E-16));
#11423=DIRECTION('',(0.,1.,0.));
#11424=DIRECTION('center_axis',(0.,-1.,0.));
#11425=DIRECTION('ref_axis',(1.,0.,0.));
#11426=DIRECTION('',(0.,1.,0.));
#11427=DIRECTION('center_axis',(0.,0.,1.));
#11428=DIRECTION('ref_axis',(-1.,0.,0.));
#11429=DIRECTION('',(-1.,0.,0.));
#11430=DIRECTION('',(0.,1.,0.));
#11431=DIRECTION('center_axis',(-1.,0.,0.));
#11432=DIRECTION('ref_axis',(0.,0.,-1.));
#11433=DIRECTION('',(0.,0.,-1.));
#11434=DIRECTION('',(0.,1.,0.));
#11435=DIRECTION('center_axis',(0.,0.,-1.));
#11436=DIRECTION('ref_axis',(1.,0.,0.));
#11437=DIRECTION('',(1.,0.,0.));
#11438=DIRECTION('center_axis',(0.,-1.,0.));
#11439=DIRECTION('ref_axis',(-1.,0.,0.));
#11440=DIRECTION('center_axis',(0.,-1.,0.));
#11441=DIRECTION('ref_axis',(-1.,0.,0.));
#11442=DIRECTION('center_axis',(0.,-1.,0.));
#11443=DIRECTION('ref_axis',(0.,0.,-1.));
#11444=DIRECTION('',(-1.,0.,0.));
#11445=DIRECTION('',(0.,0.,-1.));
#11446=DIRECTION('',(1.,0.,0.));
#11447=DIRECTION('center_axis',(0.,-1.,0.));
#11448=DIRECTION('ref_axis',(1.,0.,-1.22464679914735E-16));
#11449=DIRECTION('',(0.,1.,0.));
#11450=DIRECTION('center_axis',(0.,-1.,0.));
#11451=DIRECTION('ref_axis',(1.,0.,0.));
#11452=DIRECTION('',(0.,1.,0.));
#11453=DIRECTION('center_axis',(0.,0.,1.));
#11454=DIRECTION('ref_axis',(-1.,0.,0.));
#11455=DIRECTION('',(-1.,0.,0.));
#11456=DIRECTION('',(0.,1.,0.));
#11457=DIRECTION('center_axis',(-1.,0.,0.));
#11458=DIRECTION('ref_axis',(0.,0.,-1.));
#11459=DIRECTION('',(0.,0.,-1.));
#11460=DIRECTION('',(0.,1.,0.));
#11461=DIRECTION('center_axis',(0.,0.,-1.));
#11462=DIRECTION('ref_axis',(1.,0.,0.));
#11463=DIRECTION('',(1.,0.,0.));
#11464=DIRECTION('center_axis',(0.,-1.,0.));
#11465=DIRECTION('ref_axis',(-1.,0.,0.));
#11466=DIRECTION('center_axis',(0.,-1.,0.));
#11467=DIRECTION('ref_axis',(-1.,0.,0.));
#11468=DIRECTION('center_axis',(0.,-1.,0.));
#11469=DIRECTION('ref_axis',(0.,0.,-1.));
#11470=DIRECTION('',(-1.,0.,0.));
#11471=DIRECTION('',(0.,0.,-1.));
#11472=DIRECTION('',(1.,0.,0.));
#11473=DIRECTION('center_axis',(0.,-1.,0.));
#11474=DIRECTION('ref_axis',(1.,0.,-1.22464679914735E-16));
#11475=DIRECTION('',(0.,1.,0.));
#11476=DIRECTION('center_axis',(0.,-1.,0.));
#11477=DIRECTION('ref_axis',(1.,0.,0.));
#11478=DIRECTION('',(0.,1.,0.));
#11479=DIRECTION('center_axis',(0.,0.,1.));
#11480=DIRECTION('ref_axis',(-1.,0.,0.));
#11481=DIRECTION('',(-1.,0.,0.));
#11482=DIRECTION('',(0.,1.,0.));
#11483=DIRECTION('center_axis',(-1.,0.,0.));
#11484=DIRECTION('ref_axis',(0.,0.,-1.));
#11485=DIRECTION('',(0.,0.,-1.));
#11486=DIRECTION('',(0.,1.,0.));
#11487=DIRECTION('center_axis',(0.,0.,-1.));
#11488=DIRECTION('ref_axis',(1.,0.,0.));
#11489=DIRECTION('',(1.,0.,0.));
#11490=DIRECTION('center_axis',(0.,-1.,0.));
#11491=DIRECTION('ref_axis',(-1.,0.,0.));
#11492=DIRECTION('center_axis',(0.,-1.,0.));
#11493=DIRECTION('ref_axis',(-1.,0.,0.));
#11494=DIRECTION('center_axis',(0.,-1.,0.));
#11495=DIRECTION('ref_axis',(0.,0.,-1.));
#11496=DIRECTION('',(-1.,0.,0.));
#11497=DIRECTION('',(0.,0.,-1.));
#11498=DIRECTION('',(1.,0.,0.));
#11499=DIRECTION('center_axis',(0.,-1.,0.));
#11500=DIRECTION('ref_axis',(1.,0.,-1.22464679914735E-16));
#11501=DIRECTION('',(0.,1.,0.));
#11502=DIRECTION('center_axis',(0.,-1.,0.));
#11503=DIRECTION('ref_axis',(1.,0.,0.));
#11504=DIRECTION('',(0.,1.,0.));
#11505=DIRECTION('center_axis',(0.,0.,1.));
#11506=DIRECTION('ref_axis',(-1.,0.,0.));
#11507=DIRECTION('',(-1.,0.,0.));
#11508=DIRECTION('',(0.,1.,0.));
#11509=DIRECTION('center_axis',(-1.,0.,0.));
#11510=DIRECTION('ref_axis',(0.,0.,-1.));
#11511=DIRECTION('',(0.,0.,-1.));
#11512=DIRECTION('',(0.,1.,0.));
#11513=DIRECTION('center_axis',(0.,0.,-1.));
#11514=DIRECTION('ref_axis',(1.,0.,0.));
#11515=DIRECTION('',(1.,0.,0.));
#11516=DIRECTION('center_axis',(0.,-1.,0.));
#11517=DIRECTION('ref_axis',(-1.,0.,0.));
#11518=DIRECTION('center_axis',(0.,1.,0.));
#11519=DIRECTION('ref_axis',(1.,0.,0.));
#11520=DIRECTION('center_axis',(0.,1.,0.));
#11521=DIRECTION('ref_axis',(0.,0.,-1.));
#11522=DIRECTION('',(0.,1.,0.));
#11523=DIRECTION('center_axis',(0.,1.,0.));
#11524=DIRECTION('ref_axis',(0.,0.,-1.));
#11525=DIRECTION('',(0.,-1.,0.));
#11526=DIRECTION('center_axis',(0.,1.,0.));
#11527=DIRECTION('ref_axis',(-1.,0.,0.));
#11528=DIRECTION('',(1.,0.,0.));
#11529=DIRECTION('',(0.,0.,-1.));
#11530=DIRECTION('',(1.,0.,0.));
#11531=DIRECTION('',(0.,0.,-1.));
#11532=DIRECTION('',(-1.,0.,0.));
#11533=DIRECTION('',(0.,0.,-1.));
#11534=DIRECTION('',(1.,0.,0.));
#11535=DIRECTION('',(0.,0.,-1.));
#11536=DIRECTION('',(-1.,0.,0.));
#11537=DIRECTION('',(0.,0.,-1.));
#11538=DIRECTION('',(1.,0.,0.));
#11539=DIRECTION('center_axis',(0.,1.,0.));
#11540=DIRECTION('ref_axis',(-1.,0.,0.));
#11541=DIRECTION('',(0.,0.,1.));
#11542=DIRECTION('center_axis',(0.,0.,1.));
#11543=DIRECTION('ref_axis',(-1.,0.,0.));
#11544=DIRECTION('',(-1.,0.,0.));
#11545=DIRECTION('',(0.,1.,0.));
#11546=DIRECTION('center_axis',(0.,1.,0.));
#11547=DIRECTION('ref_axis',(-1.,0.,0.));
#11548=DIRECTION('',(0.,0.,1.));
#11549=DIRECTION('center_axis',(0.,1.,0.));
#11550=DIRECTION('ref_axis',(-1.,0.,0.));
#11551=DIRECTION('',(1.,0.,0.));
#11552=DIRECTION('',(0.,0.,-1.));
#11553=DIRECTION('',(-1.,0.,0.));
#11554=DIRECTION('',(0.,0.,-1.));
#11555=DIRECTION('',(1.,0.,0.));
#11556=DIRECTION('',(0.,0.,-1.));
#11557=DIRECTION('',(-1.,0.,0.));
#11558=DIRECTION('',(0.,0.,-1.));
#11559=DIRECTION('',(1.,0.,0.));
#11560=DIRECTION('',(0.,0.,-1.));
#11561=DIRECTION('center_axis',(-1.,0.,0.));
#11562=DIRECTION('ref_axis',(0.,0.,-1.));
#11563=DIRECTION('',(0.,1.,0.));
#11564=DIRECTION('center_axis',(0.,0.,-1.));
#11565=DIRECTION('ref_axis',(1.,0.,0.));
#11566=DIRECTION('',(0.,1.,0.));
#11567=DIRECTION('center_axis',(-1.,0.,0.));
#11568=DIRECTION('ref_axis',(0.,0.,-1.));
#11569=DIRECTION('',(0.,1.,0.));
#11570=DIRECTION('center_axis',(0.,0.,1.));
#11571=DIRECTION('ref_axis',(-1.,0.,0.));
#11572=DIRECTION('',(0.,1.,0.));
#11573=DIRECTION('center_axis',(-1.,0.,0.));
#11574=DIRECTION('ref_axis',(0.,0.,-1.));
#11575=DIRECTION('',(0.,1.,0.));
#11576=DIRECTION('center_axis',(0.,0.,-1.));
#11577=DIRECTION('ref_axis',(1.,0.,0.));
#11578=DIRECTION('',(0.,1.,0.));
#11579=DIRECTION('center_axis',(-1.,0.,0.));
#11580=DIRECTION('ref_axis',(0.,0.,-1.));
#11581=DIRECTION('',(0.,1.,0.));
#11582=DIRECTION('center_axis',(0.,0.,1.));
#11583=DIRECTION('ref_axis',(-1.,0.,0.));
#11584=DIRECTION('',(0.,1.,0.));
#11585=DIRECTION('center_axis',(-1.,0.,0.));
#11586=DIRECTION('ref_axis',(0.,0.,-1.));
#11587=DIRECTION('',(0.,1.,0.));
#11588=DIRECTION('center_axis',(0.,0.,-1.));
#11589=DIRECTION('ref_axis',(1.,0.,0.));
#11590=DIRECTION('',(0.,1.,0.));
#11591=DIRECTION('center_axis',(0.,1.,0.));
#11592=DIRECTION('ref_axis',(-1.,0.,0.));
#11593=DIRECTION('',(0.,1.,0.));
#11594=DIRECTION('center_axis',(1.,0.,0.));
#11595=DIRECTION('ref_axis',(0.,0.,1.));
#11596=DIRECTION('center_axis',(0.,1.,0.));
#11597=DIRECTION('ref_axis',(1.,0.,0.));
#11598=DIRECTION('',(-1.,0.,0.));
#11599=DIRECTION('',(0.,0.,1.));
#11600=DIRECTION('',(-1.,0.,0.));
#11601=DIRECTION('',(0.,0.,1.));
#11602=DIRECTION('',(1.,0.,0.));
#11603=DIRECTION('',(0.,0.,-1.));
#11604=DIRECTION('center_axis',(0.,0.,-1.));
#11605=DIRECTION('ref_axis',(-1.,0.,0.));
#11606=DIRECTION('',(0.,-1.,0.));
#11607=DIRECTION('',(-1.,0.,0.));
#11608=DIRECTION('',(0.,-1.,0.));
#11609=DIRECTION('center_axis',(-1.,0.,0.));
#11610=DIRECTION('ref_axis',(0.,0.,1.));
#11611=DIRECTION('',(0.,0.,1.));
#11612=DIRECTION('',(0.,-1.,0.));
#11613=DIRECTION('center_axis',(0.,0.,-1.));
#11614=DIRECTION('ref_axis',(-1.,0.,0.));
#11615=DIRECTION('',(-1.,0.,0.));
#11616=DIRECTION('',(0.,-1.,0.));
#11617=DIRECTION('center_axis',(-1.,0.,0.));
#11618=DIRECTION('ref_axis',(0.,0.,1.));
#11619=DIRECTION('',(0.,0.,1.));
#11620=DIRECTION('',(0.,-1.,0.));
#11621=DIRECTION('center_axis',(0.,0.,1.));
#11622=DIRECTION('ref_axis',(1.,0.,0.));
#11623=DIRECTION('',(1.,0.,0.));
#11624=DIRECTION('',(0.,-1.,0.));
#11625=DIRECTION('center_axis',(1.,0.,0.));
#11626=DIRECTION('ref_axis',(0.,0.,-1.));
#11627=DIRECTION('',(0.,0.,-1.));
#11628=DIRECTION('center_axis',(0.,1.,0.));
#11629=DIRECTION('ref_axis',(1.,0.,0.));
#11630=DIRECTION('center_axis',(0.,-1.,0.));
#11631=DIRECTION('ref_axis',(1.,0.,0.));
#11632=DIRECTION('',(-1.,0.,0.));
#11633=DIRECTION('',(0.,0.,1.));
#11634=DIRECTION('',(1.,0.,0.));
#11635=DIRECTION('',(0.,0.,-1.));
#11636=DIRECTION('',(-1.,0.,0.));
#11637=DIRECTION('',(0.,0.,-1.));
#11638=DIRECTION('center_axis',(0.,0.,-1.));
#11639=DIRECTION('ref_axis',(-1.,0.,0.));
#11640=DIRECTION('',(0.,-1.,0.));
#11641=DIRECTION('',(-1.,0.,0.));
#11642=DIRECTION('',(0.,-1.,0.));
#11643=DIRECTION('center_axis',(-1.,0.,0.));
#11644=DIRECTION('ref_axis',(0.,0.,1.));
#11645=DIRECTION('',(0.,0.,1.));
#11646=DIRECTION('',(0.,-1.,0.));
#11647=DIRECTION('center_axis',(0.,0.,1.));
#11648=DIRECTION('ref_axis',(1.,0.,0.));
#11649=DIRECTION('',(1.,0.,0.));
#11650=DIRECTION('',(0.,-1.,0.));
#11651=DIRECTION('center_axis',(1.,0.,0.));
#11652=DIRECTION('ref_axis',(0.,0.,-1.));
#11653=DIRECTION('',(0.,0.,-1.));
#11654=DIRECTION('',(0.,-1.,0.));
#11655=DIRECTION('center_axis',(0.,0.,-1.));
#11656=DIRECTION('ref_axis',(-1.,0.,0.));
#11657=DIRECTION('',(-1.,0.,0.));
#11658=DIRECTION('',(0.,-1.,0.));
#11659=DIRECTION('center_axis',(1.,0.,0.));
#11660=DIRECTION('ref_axis',(0.,0.,-1.));
#11661=DIRECTION('',(0.,0.,-1.));
#11662=DIRECTION('center_axis',(0.,-1.,0.));
#11663=DIRECTION('ref_axis',(1.,0.,0.));
#11664=DIRECTION('center_axis',(0.,-1.,0.));
#11665=DIRECTION('ref_axis',(-1.,0.,0.));
#11666=DIRECTION('',(1.,0.,0.));
#11667=DIRECTION('',(0.,0.,-1.));
#11668=DIRECTION('',(-1.,0.,0.));
#11669=DIRECTION('',(0.,0.,1.));
#11670=DIRECTION('',(1.,0.,0.));
#11671=DIRECTION('',(0.,0.,1.));
#11672=DIRECTION('center_axis',(0.,0.,1.));
#11673=DIRECTION('ref_axis',(1.,0.,0.));
#11674=DIRECTION('',(0.,-1.,0.));
#11675=DIRECTION('',(1.,0.,0.));
#11676=DIRECTION('',(0.,-1.,0.));
#11677=DIRECTION('center_axis',(1.,0.,0.));
#11678=DIRECTION('ref_axis',(0.,0.,-1.));
#11679=DIRECTION('',(0.,0.,-1.));
#11680=DIRECTION('',(0.,-1.,0.));
#11681=DIRECTION('center_axis',(0.,0.,-1.));
#11682=DIRECTION('ref_axis',(-1.,0.,0.));
#11683=DIRECTION('',(-1.,0.,0.));
#11684=DIRECTION('',(0.,-1.,0.));
#11685=DIRECTION('center_axis',(-1.,0.,0.));
#11686=DIRECTION('ref_axis',(0.,0.,1.));
#11687=DIRECTION('',(0.,0.,1.));
#11688=DIRECTION('',(0.,-1.,0.));
#11689=DIRECTION('center_axis',(0.,0.,1.));
#11690=DIRECTION('ref_axis',(1.,0.,0.));
#11691=DIRECTION('',(1.,0.,0.));
#11692=DIRECTION('',(0.,-1.,0.));
#11693=DIRECTION('center_axis',(-1.,0.,0.));
#11694=DIRECTION('ref_axis',(0.,0.,1.));
#11695=DIRECTION('',(0.,0.,1.));
#11696=DIRECTION('center_axis',(0.,-1.,0.));
#11697=DIRECTION('ref_axis',(-1.,0.,0.));
#11698=DIRECTION('center_axis',(0.,1.,0.));
#11699=DIRECTION('ref_axis',(-1.,0.,0.));
#11700=DIRECTION('',(1.,0.,0.));
#11701=DIRECTION('',(0.,0.,-1.));
#11702=DIRECTION('',(1.,0.,0.));
#11703=DIRECTION('',(0.,0.,-1.));
#11704=DIRECTION('',(-1.,0.,0.));
#11705=DIRECTION('',(0.,0.,1.));
#11706=DIRECTION('center_axis',(0.,0.,1.));
#11707=DIRECTION('ref_axis',(1.,0.,0.));
#11708=DIRECTION('',(0.,-1.,0.));
#11709=DIRECTION('',(1.,0.,0.));
#11710=DIRECTION('',(0.,-1.,0.));
#11711=DIRECTION('center_axis',(1.,0.,0.));
#11712=DIRECTION('ref_axis',(0.,0.,-1.));
#11713=DIRECTION('',(0.,0.,-1.));
#11714=DIRECTION('',(0.,-1.,0.));
#11715=DIRECTION('center_axis',(0.,0.,1.));
#11716=DIRECTION('ref_axis',(1.,0.,0.));
#11717=DIRECTION('',(1.,0.,0.));
#11718=DIRECTION('',(0.,-1.,0.));
#11719=DIRECTION('center_axis',(1.,0.,0.));
#11720=DIRECTION('ref_axis',(0.,0.,-1.));
#11721=DIRECTION('',(0.,0.,-1.));
#11722=DIRECTION('',(0.,-1.,0.));
#11723=DIRECTION('center_axis',(0.,0.,-1.));
#11724=DIRECTION('ref_axis',(-1.,0.,0.));
#11725=DIRECTION('',(-1.,0.,0.));
#11726=DIRECTION('',(0.,-1.,0.));
#11727=DIRECTION('center_axis',(-1.,0.,0.));
#11728=DIRECTION('ref_axis',(0.,0.,1.));
#11729=DIRECTION('',(0.,0.,1.));
#11730=DIRECTION('center_axis',(0.,1.,0.));
#11731=DIRECTION('ref_axis',(-1.,0.,0.));
#11732=DIRECTION('center_axis',(0.,0.,1.));
#11733=DIRECTION('ref_axis',(-1.,0.,0.));
#11734=DIRECTION('center_axis',(0.,0.,1.));
#11735=DIRECTION('ref_axis',(-1.,0.,0.));
#11736=DIRECTION('',(0.,0.,-1.));
#11737=DIRECTION('center_axis',(0.,0.,1.));
#11738=DIRECTION('ref_axis',(-1.,0.,0.));
#11739=DIRECTION('center_axis',(0.,0.,1.));
#11740=DIRECTION('ref_axis',(-1.,0.,0.));
#11741=DIRECTION('center_axis',(0.,0.,1.));
#11742=DIRECTION('ref_axis',(-1.,0.,0.));
#11743=DIRECTION('',(0.,-1.,0.));
#11744=DIRECTION('',(1.,0.,0.));
#11745=DIRECTION('',(0.,-1.,0.));
#11746=DIRECTION('',(1.,0.,0.));
#11747=CARTESIAN_POINT('',(0.,0.,0.));
#11748=CARTESIAN_POINT('',(0.,0.,0.));
#11749=CARTESIAN_POINT('Origin',(0.,0.,0.));
#11750=CARTESIAN_POINT('',(-2.5,0.,-2.));
#11751=CARTESIAN_POINT('',(-2.5,0.,-1.75));
#11752=CARTESIAN_POINT('',(-2.5,0.,-2.));
#11753=CARTESIAN_POINT('',(-2.3,0.,-1.75));
#11754=CARTESIAN_POINT('Origin',(-2.4,0.,-1.75));
#11755=CARTESIAN_POINT('',(-2.3,0.,-2.));
#11756=CARTESIAN_POINT('',(-2.3,0.,-2.));
#11757=CARTESIAN_POINT('',(-2.1,0.,-2.));
#11758=CARTESIAN_POINT('',(-2.1,0.,-2.));
#11759=CARTESIAN_POINT('',(-2.1,0.,-1.75));
#11760=CARTESIAN_POINT('',(-2.1,0.,-2.));
#11761=CARTESIAN_POINT('',(-1.9,0.,-1.75));
#11762=CARTESIAN_POINT('Origin',(-2.,0.,-1.75));
#11763=CARTESIAN_POINT('',(-1.9,0.,-2.));
#11764=CARTESIAN_POINT('',(-1.9,0.,-2.));
#11765=CARTESIAN_POINT('',(-1.7,0.,-2.));
#11766=CARTESIAN_POINT('',(-1.7,0.,-2.));
#11767=CARTESIAN_POINT('',(-1.7,0.,-1.75));
#11768=CARTESIAN_POINT('',(-1.7,0.,-2.));
#11769=CARTESIAN_POINT('',(-1.5,0.,-1.75));
#11770=CARTESIAN_POINT('Origin',(-1.6,0.,-1.75));
#11771=CARTESIAN_POINT('',(-1.5,0.,-2.));
#11772=CARTESIAN_POINT('',(-1.5,0.,-2.));
#11773=CARTESIAN_POINT('',(-1.3,0.,-2.));
#11774=CARTESIAN_POINT('',(-1.3,0.,-2.));
#11775=CARTESIAN_POINT('',(-1.3,0.,-1.75));
#11776=CARTESIAN_POINT('',(-1.3,0.,-2.));
#11777=CARTESIAN_POINT('',(-1.2,0.,-1.65));
#11778=CARTESIAN_POINT('Origin',(-1.2,0.,-1.75));
#11779=CARTESIAN_POINT('',(-0.8,0.,-1.65));
#11780=CARTESIAN_POINT('',(-0.8,0.,-1.65));
#11781=CARTESIAN_POINT('',(-0.7,0.,-1.75));
#11782=CARTESIAN_POINT('Origin',(-0.8,0.,-1.75));
#11783=CARTESIAN_POINT('',(-0.7,0.,-2.));
#11784=CARTESIAN_POINT('',(-0.7,0.,-2.));
#11785=CARTESIAN_POINT('',(-0.5,0.,-2.));
#11786=CARTESIAN_POINT('',(-0.5,0.,-2.));
#11787=CARTESIAN_POINT('',(-0.5,0.,-1.75));
#11788=CARTESIAN_POINT('',(-0.5,0.,-2.));
#11789=CARTESIAN_POINT('',(-0.4,0.,-1.65));
#11790=CARTESIAN_POINT('Origin',(-0.4,0.,-1.75));
#11791=CARTESIAN_POINT('',(0.,0.,-1.65));
#11792=CARTESIAN_POINT('',(0.,0.,-1.65));
#11793=CARTESIAN_POINT('',(0.1,0.,-1.75));
#11794=CARTESIAN_POINT('Origin',(0.,0.,-1.75));
#11795=CARTESIAN_POINT('',(0.1,0.,-2.));
#11796=CARTESIAN_POINT('',(0.1,0.,-2.));
#11797=CARTESIAN_POINT('',(0.3,0.,-2.));
#11798=CARTESIAN_POINT('',(0.3,0.,-2.));
#11799=CARTESIAN_POINT('',(0.3,0.,-1.75));
#11800=CARTESIAN_POINT('',(0.3,0.,-2.));
#11801=CARTESIAN_POINT('',(0.5,0.,-1.75));
#11802=CARTESIAN_POINT('Origin',(0.4,0.,-1.75));
#11803=CARTESIAN_POINT('',(0.5,0.,-2.));
#11804=CARTESIAN_POINT('',(0.5,0.,-2.));
#11805=CARTESIAN_POINT('',(0.7,0.,-2.));
#11806=CARTESIAN_POINT('',(0.7,0.,-2.));
#11807=CARTESIAN_POINT('',(0.7,0.,-1.75));
#11808=CARTESIAN_POINT('',(0.7,0.,-2.));
#11809=CARTESIAN_POINT('',(0.9,0.,-1.75));
#11810=CARTESIAN_POINT('Origin',(0.8,0.,-1.75));
#11811=CARTESIAN_POINT('',(0.9,0.,-2.));
#11812=CARTESIAN_POINT('',(0.9,0.,-2.));
#11813=CARTESIAN_POINT('',(1.1,0.,-2.));
#11814=CARTESIAN_POINT('',(1.1,0.,-2.));
#11815=CARTESIAN_POINT('',(1.1,0.,-1.75));
#11816=CARTESIAN_POINT('',(1.1,0.,-2.));
#11817=CARTESIAN_POINT('',(1.3,0.,-1.75));
#11818=CARTESIAN_POINT('Origin',(1.2,0.,-1.75));
#11819=CARTESIAN_POINT('',(1.3,0.,-2.));
#11820=CARTESIAN_POINT('',(1.3,0.,-2.));
#11821=CARTESIAN_POINT('',(1.5,0.,-2.));
#11822=CARTESIAN_POINT('',(1.5,0.,-2.));
#11823=CARTESIAN_POINT('',(1.5,0.,-1.75));
#11824=CARTESIAN_POINT('',(1.5,0.,-2.));
#11825=CARTESIAN_POINT('',(1.7,0.,-1.75));
#11826=CARTESIAN_POINT('Origin',(1.6,0.,-1.75));
#11827=CARTESIAN_POINT('',(1.7,0.,-2.));
#11828=CARTESIAN_POINT('',(1.7,0.,-2.));
#11829=CARTESIAN_POINT('',(1.9,0.,-2.));
#11830=CARTESIAN_POINT('',(1.9,0.,-2.));
#11831=CARTESIAN_POINT('',(1.9,0.,-1.75));
#11832=CARTESIAN_POINT('',(1.9,0.,-2.));
#11833=CARTESIAN_POINT('',(2.1,0.,-1.75));
#11834=CARTESIAN_POINT('Origin',(2.,0.,-1.75));
#11835=CARTESIAN_POINT('',(2.1,0.,-2.));
#11836=CARTESIAN_POINT('',(2.1,0.,-2.));
#11837=CARTESIAN_POINT('',(2.3,0.,-2.));
#11838=CARTESIAN_POINT('',(2.3,0.,-2.));
#11839=CARTESIAN_POINT('',(2.3,0.,-1.75));
#11840=CARTESIAN_POINT('',(2.3,0.,-2.));
#11841=CARTESIAN_POINT('',(2.5,0.,-1.75));
#11842=CARTESIAN_POINT('Origin',(2.4,0.,-1.75));
#11843=CARTESIAN_POINT('',(2.5,0.,-2.));
#11844=CARTESIAN_POINT('',(2.5,0.,-2.));
#11845=CARTESIAN_POINT('',(3.,0.,-2.));
#11846=CARTESIAN_POINT('',(3.,0.,-2.));
#11847=CARTESIAN_POINT('',(3.,0.,-1.2));
#11848=CARTESIAN_POINT('',(3.,0.,-1.2));
#11849=CARTESIAN_POINT('',(2.75,0.,-1.2));
#11850=CARTESIAN_POINT('',(3.,0.,-1.2));
#11851=CARTESIAN_POINT('',(2.65,0.,-1.1));
#11852=CARTESIAN_POINT('Origin',(2.75,0.,-1.1));
#11853=CARTESIAN_POINT('',(2.65,0.,-0.2));
#11854=CARTESIAN_POINT('',(2.65,0.,-1.1));
#11855=CARTESIAN_POINT('',(2.75,0.,-0.1));
#11856=CARTESIAN_POINT('Origin',(2.75,0.,-0.2));
#11857=CARTESIAN_POINT('',(3.,0.,-0.1));
#11858=CARTESIAN_POINT('',(3.,0.,-0.1));
#11859=CARTESIAN_POINT('',(3.,0.,0.1));
#11860=CARTESIAN_POINT('',(3.,0.,0.1));
#11861=CARTESIAN_POINT('',(2.75,0.,0.1));
#11862=CARTESIAN_POINT('',(3.,0.,0.1));
#11863=CARTESIAN_POINT('',(2.65,0.,0.2));
#11864=CARTESIAN_POINT('Origin',(2.75,0.,0.2));
#11865=CARTESIAN_POINT('',(2.65,0.,1.1));
#11866=CARTESIAN_POINT('',(2.65,0.,1.1));
#11867=CARTESIAN_POINT('',(2.75,0.,1.2));
#11868=CARTESIAN_POINT('Origin',(2.75,0.,1.1));
#11869=CARTESIAN_POINT('',(3.,0.,1.2));
#11870=CARTESIAN_POINT('',(3.,0.,1.2));
#11871=CARTESIAN_POINT('',(3.,0.,2.));
#11872=CARTESIAN_POINT('',(3.,0.,2.));
#11873=CARTESIAN_POINT('',(2.5,0.,2.));
#11874=CARTESIAN_POINT('',(2.5,0.,2.));
#11875=CARTESIAN_POINT('',(2.5,0.,1.75));
#11876=CARTESIAN_POINT('',(2.5,0.,2.));
#11877=CARTESIAN_POINT('',(2.3,0.,1.75));
#11878=CARTESIAN_POINT('Origin',(2.4,0.,1.75));
#11879=CARTESIAN_POINT('',(2.3,0.,2.));
#11880=CARTESIAN_POINT('',(2.3,0.,2.));
#11881=CARTESIAN_POINT('',(2.1,0.,2.));
#11882=CARTESIAN_POINT('',(2.1,0.,2.));
#11883=CARTESIAN_POINT('',(2.1,0.,1.75));
#11884=CARTESIAN_POINT('',(2.1,0.,2.));
#11885=CARTESIAN_POINT('',(1.9,0.,1.75));
#11886=CARTESIAN_POINT('Origin',(2.,0.,1.75));
#11887=CARTESIAN_POINT('',(1.9,0.,2.));
#11888=CARTESIAN_POINT('',(1.9,0.,2.));
#11889=CARTESIAN_POINT('',(1.7,0.,2.));
#11890=CARTESIAN_POINT('',(1.7,0.,2.));
#11891=CARTESIAN_POINT('',(1.7,0.,1.75));
#11892=CARTESIAN_POINT('',(1.7,0.,2.));
#11893=CARTESIAN_POINT('',(1.5,0.,1.75));
#11894=CARTESIAN_POINT('Origin',(1.6,0.,1.75));
#11895=CARTESIAN_POINT('',(1.5,0.,2.));
#11896=CARTESIAN_POINT('',(1.5,0.,2.));
#11897=CARTESIAN_POINT('',(1.3,0.,2.));
#11898=CARTESIAN_POINT('',(1.3,0.,2.));
#11899=CARTESIAN_POINT('',(1.3,0.,1.75));
#11900=CARTESIAN_POINT('',(1.3,0.,2.));
#11901=CARTESIAN_POINT('',(1.1,0.,1.75));
#11902=CARTESIAN_POINT('Origin',(1.2,0.,1.75));
#11903=CARTESIAN_POINT('',(1.1,0.,2.));
#11904=CARTESIAN_POINT('',(1.1,0.,2.));
#11905=CARTESIAN_POINT('',(0.9,0.,2.));
#11906=CARTESIAN_POINT('',(0.9,0.,2.));
#11907=CARTESIAN_POINT('',(0.9,0.,1.75));
#11908=CARTESIAN_POINT('',(0.9,0.,2.));
#11909=CARTESIAN_POINT('',(0.7,0.,1.75));
#11910=CARTESIAN_POINT('Origin',(0.8,0.,1.75));
#11911=CARTESIAN_POINT('',(0.7,0.,2.));
#11912=CARTESIAN_POINT('',(0.7,0.,2.));
#11913=CARTESIAN_POINT('',(0.5,0.,2.));
#11914=CARTESIAN_POINT('',(0.5,0.,2.));
#11915=CARTESIAN_POINT('',(0.5,0.,1.75));
#11916=CARTESIAN_POINT('',(0.5,0.,2.));
#11917=CARTESIAN_POINT('',(0.3,0.,1.75));
#11918=CARTESIAN_POINT('Origin',(0.4,0.,1.75));
#11919=CARTESIAN_POINT('',(0.3,0.,2.));
#11920=CARTESIAN_POINT('',(0.3,0.,2.));
#11921=CARTESIAN_POINT('',(0.1,0.,2.));
#11922=CARTESIAN_POINT('',(0.1,0.,2.));
#11923=CARTESIAN_POINT('',(0.1,0.,1.75));
#11924=CARTESIAN_POINT('',(0.1,0.,2.));
#11925=CARTESIAN_POINT('',(-0.1,0.,1.75));
#11926=CARTESIAN_POINT('Origin',(0.,0.,1.75));
#11927=CARTESIAN_POINT('',(-0.1,0.,2.));
#11928=CARTESIAN_POINT('',(-0.1,0.,2.));
#11929=CARTESIAN_POINT('',(-0.3,0.,2.));
#11930=CARTESIAN_POINT('',(-0.3,0.,2.));
#11931=CARTESIAN_POINT('',(-0.3,0.,1.75));
#11932=CARTESIAN_POINT('',(-0.3,0.,2.));
#11933=CARTESIAN_POINT('',(-0.5,0.,1.75));
#11934=CARTESIAN_POINT('Origin',(-0.4,0.,1.75));
#11935=CARTESIAN_POINT('',(-0.5,0.,2.));
#11936=CARTESIAN_POINT('',(-0.5,0.,2.));
#11937=CARTESIAN_POINT('',(-0.7,0.,2.));
#11938=CARTESIAN_POINT('',(-0.7,0.,2.));
#11939=CARTESIAN_POINT('',(-0.7,0.,1.75));
#11940=CARTESIAN_POINT('',(-0.7,0.,2.));
#11941=CARTESIAN_POINT('',(-0.9,0.,1.75));
#11942=CARTESIAN_POINT('Origin',(-0.8,0.,1.75));
#11943=CARTESIAN_POINT('',(-0.9,0.,2.));
#11944=CARTESIAN_POINT('',(-0.9,0.,2.));
#11945=CARTESIAN_POINT('',(-1.1,0.,2.));
#11946=CARTESIAN_POINT('',(-1.1,0.,2.));
#11947=CARTESIAN_POINT('',(-1.1,0.,1.75));
#11948=CARTESIAN_POINT('',(-1.1,0.,2.));
#11949=CARTESIAN_POINT('',(-1.3,0.,1.75));
#11950=CARTESIAN_POINT('Origin',(-1.2,0.,1.75));
#11951=CARTESIAN_POINT('',(-1.3,0.,2.));
#11952=CARTESIAN_POINT('',(-1.3,0.,2.));
#11953=CARTESIAN_POINT('',(-1.5,0.,2.));
#11954=CARTESIAN_POINT('',(-1.5,0.,2.));
#11955=CARTESIAN_POINT('',(-1.5,0.,1.75));
#11956=CARTESIAN_POINT('',(-1.5,0.,2.));
#11957=CARTESIAN_POINT('',(-1.7,0.,1.75));
#11958=CARTESIAN_POINT('Origin',(-1.6,0.,1.75));
#11959=CARTESIAN_POINT('',(-1.7,0.,2.));
#11960=CARTESIAN_POINT('',(-1.7,0.,2.));
#11961=CARTESIAN_POINT('',(-1.9,0.,2.));
#11962=CARTESIAN_POINT('',(-1.9,0.,2.));
#11963=CARTESIAN_POINT('',(-1.9,0.,1.75));
#11964=CARTESIAN_POINT('',(-1.9,0.,2.));
#11965=CARTESIAN_POINT('',(-2.1,0.,1.75));
#11966=CARTESIAN_POINT('Origin',(-2.,0.,1.75));
#11967=CARTESIAN_POINT('',(-2.1,0.,2.));
#11968=CARTESIAN_POINT('',(-2.1,0.,2.));
#11969=CARTESIAN_POINT('',(-2.3,0.,2.));
#11970=CARTESIAN_POINT('',(-2.3,0.,2.));
#11971=CARTESIAN_POINT('',(-2.3,0.,1.75));
#11972=CARTESIAN_POINT('',(-2.3,0.,2.));
#11973=CARTESIAN_POINT('',(-2.5,0.,1.75));
#11974=CARTESIAN_POINT('Origin',(-2.4,0.,1.75));
#11975=CARTESIAN_POINT('',(-2.5,0.,2.));
#11976=CARTESIAN_POINT('',(-2.5,0.,2.));
#11977=CARTESIAN_POINT('',(-3.,0.,2.));
#11978=CARTESIAN_POINT('',(-3.,0.,2.));
#11979=CARTESIAN_POINT('',(-3.,0.,1.1));
#11980=CARTESIAN_POINT('',(-3.,0.,1.1));
#11981=CARTESIAN_POINT('',(-2.75,0.,1.1));
#11982=CARTESIAN_POINT('',(-3.,0.,1.1));
#11983=CARTESIAN_POINT('',(-2.75,0.,0.9));
#11984=CARTESIAN_POINT('Origin',(-2.75,0.,1.));
#11985=CARTESIAN_POINT('',(-3.,0.,0.9));
#11986=CARTESIAN_POINT('',(-3.,0.,0.9));
#11987=CARTESIAN_POINT('',(-3.,0.,0.7));
#11988=CARTESIAN_POINT('',(-3.,0.,0.7));
#11989=CARTESIAN_POINT('',(-2.75,0.,0.7));
#11990=CARTESIAN_POINT('',(-3.,0.,0.7));
#11991=CARTESIAN_POINT('',(-2.75,0.,0.5));
#11992=CARTESIAN_POINT('Origin',(-2.75,0.,0.6));
#11993=CARTESIAN_POINT('',(-3.,0.,0.5));
#11994=CARTESIAN_POINT('',(-3.,0.,0.5));
#11995=CARTESIAN_POINT('',(-3.,0.,0.3));
#11996=CARTESIAN_POINT('',(-3.,0.,0.3));
#11997=CARTESIAN_POINT('',(-2.75,0.,0.3));
#11998=CARTESIAN_POINT('',(-3.,0.,0.3));
#11999=CARTESIAN_POINT('',(-2.75,0.,0.1));
#12000=CARTESIAN_POINT('Origin',(-2.75,0.,0.2));
#12001=CARTESIAN_POINT('',(-3.,0.,0.1));
#12002=CARTESIAN_POINT('',(-3.,0.,0.1));
#12003=CARTESIAN_POINT('',(-3.,0.,-0.1));
#12004=CARTESIAN_POINT('',(-3.,0.,-0.1));
#12005=CARTESIAN_POINT('',(-2.75,0.,-0.1));
#12006=CARTESIAN_POINT('',(-3.,0.,-0.1));
#12007=CARTESIAN_POINT('',(-2.75,0.,-0.3));
#12008=CARTESIAN_POINT('Origin',(-2.75,0.,-0.2));
#12009=CARTESIAN_POINT('',(-3.,0.,-0.3));
#12010=CARTESIAN_POINT('',(-3.,0.,-0.3));
#12011=CARTESIAN_POINT('',(-3.,0.,-0.5));
#12012=CARTESIAN_POINT('',(-3.,0.,-0.5));
#12013=CARTESIAN_POINT('',(-2.75,0.,-0.5));
#12014=CARTESIAN_POINT('',(-3.,0.,-0.5));
#12015=CARTESIAN_POINT('',(-2.75,0.,-0.7));
#12016=CARTESIAN_POINT('Origin',(-2.75,0.,-0.6));
#12017=CARTESIAN_POINT('',(-3.,0.,-0.7));
#12018=CARTESIAN_POINT('',(-3.,0.,-0.7));
#12019=CARTESIAN_POINT('',(-3.,0.,-0.9));
#12020=CARTESIAN_POINT('',(-3.,0.,-0.9));
#12021=CARTESIAN_POINT('',(-2.75,0.,-0.9));
#12022=CARTESIAN_POINT('',(-3.,0.,-0.9));
#12023=CARTESIAN_POINT('',(-2.75,0.,-1.1));
#12024=CARTESIAN_POINT('Origin',(-2.75,0.,-1.));
#12025=CARTESIAN_POINT('',(-3.,0.,-1.1));
#12026=CARTESIAN_POINT('',(-3.,0.,-1.1));
#12027=CARTESIAN_POINT('',(-3.,0.,-2.));
#12028=CARTESIAN_POINT('',(-3.,0.,-2.));
#12029=CARTESIAN_POINT('',(-2.5,0.,-2.));
#12030=CARTESIAN_POINT('',(-2.025,0.,-1.325));
#12031=CARTESIAN_POINT('',(0.395,0.,-1.325));
#12032=CARTESIAN_POINT('',(-2.025,0.,-1.325));
#12033=CARTESIAN_POINT('',(-2.325,0.,-1.025));
#12034=CARTESIAN_POINT('',(-2.025,0.,-1.325));
#12035=CARTESIAN_POINT('',(-2.325,0.,1.325));
#12036=CARTESIAN_POINT('',(-2.325,0.,1.325));
#12037=CARTESIAN_POINT('',(0.395,0.,1.325));
#12038=CARTESIAN_POINT('',(0.395,0.,1.325));
#12039=CARTESIAN_POINT('',(0.395,0.,-1.325));
#12040=CARTESIAN_POINT('',(2.325,0.,-1.325));
#12041=CARTESIAN_POINT('',(2.325,0.,1.325));
#12042=CARTESIAN_POINT('',(2.325,0.,-1.325));
#12043=CARTESIAN_POINT('',(0.795,0.,-1.325));
#12044=CARTESIAN_POINT('',(0.795,0.,-1.325));
#12045=CARTESIAN_POINT('',(0.795,0.,1.325));
#12046=CARTESIAN_POINT('',(0.795,0.,1.325));
#12047=CARTESIAN_POINT('',(2.325,0.,1.325));
#12048=CARTESIAN_POINT('Origin',(0.,0.,0.));
#12049=CARTESIAN_POINT('',(-1.1,0.,-2.));
#12050=CARTESIAN_POINT('',(-1.1,0.,-1.85));
#12051=CARTESIAN_POINT('',(-1.1,0.,-2.));
#12052=CARTESIAN_POINT('',(-0.9,0.,-2.));
#12053=CARTESIAN_POINT('',(-0.9,0.,-2.));
#12054=CARTESIAN_POINT('',(-0.9,0.,-1.85));
#12055=CARTESIAN_POINT('',(-0.9,0.,-2.));
#12056=CARTESIAN_POINT('',(-1.1,0.,-1.85));
#12057=CARTESIAN_POINT('Origin',(0.,0.,0.));
#12058=CARTESIAN_POINT('',(-0.3,0.,-2.));
#12059=CARTESIAN_POINT('',(-0.3,0.,-1.85));
#12060=CARTESIAN_POINT('',(-0.3,0.,-2.));
#12061=CARTESIAN_POINT('',(-0.1,0.,-2.));
#12062=CARTESIAN_POINT('',(-0.1,0.,-2.));
#12063=CARTESIAN_POINT('',(-0.1,0.,-1.85));
#12064=CARTESIAN_POINT('',(-0.1,0.,-2.));
#12065=CARTESIAN_POINT('',(-0.3,0.,-1.85));
#12066=CARTESIAN_POINT('Origin',(0.,0.,0.));
#12067=CARTESIAN_POINT('',(3.,0.,1.));
#12068=CARTESIAN_POINT('',(2.85,0.,1.));
#12069=CARTESIAN_POINT('',(3.,0.,1.));
#12070=CARTESIAN_POINT('',(2.85,0.,0.75));
#12071=CARTESIAN_POINT('',(2.85,0.,0.75));
#12072=CARTESIAN_POINT('',(3.,0.,0.75));
#12073=CARTESIAN_POINT('',(3.,0.,0.75));
#12074=CARTESIAN_POINT('',(3.,0.,1.));
#12075=CARTESIAN_POINT('Origin',(0.,0.,0.));
#12076=CARTESIAN_POINT('',(3.,0.,0.55));
#12077=CARTESIAN_POINT('',(3.,0.,0.3));
#12078=CARTESIAN_POINT('',(3.,0.,0.55));
#12079=CARTESIAN_POINT('',(2.85,0.,0.55));
#12080=CARTESIAN_POINT('',(3.,0.,0.55));
#12081=CARTESIAN_POINT('',(2.85,0.,0.3));
#12082=CARTESIAN_POINT('',(2.85,0.,0.3));
#12083=CARTESIAN_POINT('',(3.,0.,0.3));
#12084=CARTESIAN_POINT('Origin',(0.,0.,0.));
#12085=CARTESIAN_POINT('',(3.,0.,-0.3));
#12086=CARTESIAN_POINT('',(3.,0.,-0.55));
#12087=CARTESIAN_POINT('',(3.,0.,-0.3));
#12088=CARTESIAN_POINT('',(2.85,0.,-0.3));
#12089=CARTESIAN_POINT('',(3.,0.,-0.3));
#12090=CARTESIAN_POINT('',(2.85,0.,-0.55));
#12091=CARTESIAN_POINT('',(2.85,0.,-0.3));
#12092=CARTESIAN_POINT('',(3.,0.,-0.55));
#12093=CARTESIAN_POINT('Origin',(0.,0.,0.));
#12094=CARTESIAN_POINT('',(3.,0.,-0.75));
#12095=CARTESIAN_POINT('',(3.,0.,-1.));
#12096=CARTESIAN_POINT('',(3.,0.,-0.75));
#12097=CARTESIAN_POINT('',(2.85,0.,-0.75));
#12098=CARTESIAN_POINT('',(3.,0.,-0.75));
#12099=CARTESIAN_POINT('',(2.85,0.,-1.));
#12100=CARTESIAN_POINT('',(2.85,0.,-0.75));
#12101=CARTESIAN_POINT('',(3.,0.,-1.));
#12102=CARTESIAN_POINT('Origin',(-2.325,0.075,-1.325));
#12103=CARTESIAN_POINT('',(0.395,0.075,-1.325));
#12104=CARTESIAN_POINT('',(0.395,0.075,-1.325));
#12105=CARTESIAN_POINT('',(-2.025,0.075,-1.325));
#12106=CARTESIAN_POINT('',(-2.025,0.075,-1.325));
#12107=CARTESIAN_POINT('',(-2.025,0.,-1.325));
#12108=CARTESIAN_POINT('Origin',(-2.175,0.025,-1.175));
#12109=CARTESIAN_POINT('',(-2.325,0.075,-1.025));
#12110=CARTESIAN_POINT('',(-2.025,0.075,-1.325));
#12111=CARTESIAN_POINT('',(-2.325,0.,-1.025));
#12112=CARTESIAN_POINT('Origin',(-2.325,0.075,1.325));
#12113=CARTESIAN_POINT('',(-2.325,0.075,1.325));
#12114=CARTESIAN_POINT('',(-2.325,0.075,1.325));
#12115=CARTESIAN_POINT('',(-2.325,0.075,1.325));
#12116=CARTESIAN_POINT('Origin',(0.395,0.075,1.325));
#12117=CARTESIAN_POINT('',(0.395,0.075,1.325));
#12118=CARTESIAN_POINT('',(0.395,0.075,1.325));
#12119=CARTESIAN_POINT('',(0.395,0.075,1.325));
#12120=CARTESIAN_POINT('Origin',(0.395,0.075,-1.325));
#12121=CARTESIAN_POINT('',(0.395,0.075,-1.325));
#12122=CARTESIAN_POINT('Origin',(0.,0.075,0.));
#12123=CARTESIAN_POINT('',(-2.5,0.075,-1.5));
#12124=CARTESIAN_POINT('',(-2.5,0.075,1.5));
#12125=CARTESIAN_POINT('',(-2.5,0.075,-1.5));
#12126=CARTESIAN_POINT('',(2.5,0.075,1.5));
#12127=CARTESIAN_POINT('',(-2.5,0.075,1.5));
#12128=CARTESIAN_POINT('',(2.5,0.075,-1.5));
#12129=CARTESIAN_POINT('',(2.5,0.075,1.5));
#12130=CARTESIAN_POINT('',(2.5,0.075,-1.5));
#12131=CARTESIAN_POINT('',(2.325,0.075,-1.325));
#12132=CARTESIAN_POINT('',(2.325,0.075,1.325));
#12133=CARTESIAN_POINT('',(2.325,0.075,-1.325));
#12134=CARTESIAN_POINT('',(0.795,0.075,1.325));
#12135=CARTESIAN_POINT('',(2.325,0.075,1.325));
#12136=CARTESIAN_POINT('',(0.795,0.075,-1.325));
#12137=CARTESIAN_POINT('',(0.795,0.075,1.325));
#12138=CARTESIAN_POINT('',(0.795,0.075,-1.325));
#12139=CARTESIAN_POINT('Origin',(-2.5,0.075,-1.5));
#12140=CARTESIAN_POINT('',(-2.5,0.175,-1.5));
#12141=CARTESIAN_POINT('',(-2.5,0.075,-1.5));
#12142=CARTESIAN_POINT('',(-2.5,0.175,1.5));
#12143=CARTESIAN_POINT('',(-2.5,0.175,-1.5));
#12144=CARTESIAN_POINT('',(-2.5,0.075,1.5));
#12145=CARTESIAN_POINT('Origin',(-2.5,0.075,1.5));
#12146=CARTESIAN_POINT('',(2.5,0.175,1.5));
#12147=CARTESIAN_POINT('',(-2.5,0.175,1.5));
#12148=CARTESIAN_POINT('',(2.5,0.075,1.5));
#12149=CARTESIAN_POINT('Origin',(2.5,0.075,1.5));
#12150=CARTESIAN_POINT('',(2.5,0.175,-1.5));
#12151=CARTESIAN_POINT('',(2.5,0.175,1.5));
#12152=CARTESIAN_POINT('',(2.5,0.075,-1.5));
#12153=CARTESIAN_POINT('Origin',(2.5,0.075,-1.5));
#12154=CARTESIAN_POINT('',(2.5,0.175,-1.5));
#12155=CARTESIAN_POINT('Origin',(0.,0.175,0.));
#12156=CARTESIAN_POINT('Origin',(2.325,0.075,-1.325));
#12157=CARTESIAN_POINT('',(2.325,0.075,1.325));
#12158=CARTESIAN_POINT('',(2.325,0.075,-1.325));
#12159=CARTESIAN_POINT('Origin',(0.795,0.075,-1.325));
#12160=CARTESIAN_POINT('',(0.795,0.075,-1.325));
#12161=CARTESIAN_POINT('Origin',(0.795,0.075,1.325));
#12162=CARTESIAN_POINT('',(0.795,0.075,1.325));
#12163=CARTESIAN_POINT('Origin',(2.325,0.075,1.325));
#12164=CARTESIAN_POINT('Origin',(-2.5,-0.025,-2.));
#12165=CARTESIAN_POINT('',(-2.5,0.175,-2.));
#12166=CARTESIAN_POINT('',(-2.5,0.,-2.));
#12167=CARTESIAN_POINT('',(-2.5,0.175,-1.75));
#12168=CARTESIAN_POINT('',(-2.5,0.175,-2.));
#12169=CARTESIAN_POINT('',(-2.5,0.,-1.75));
#12170=CARTESIAN_POINT('Origin',(3.,0.,-2.));
#12171=CARTESIAN_POINT('',(-2.3,0.175,-2.));
#12172=CARTESIAN_POINT('',(-2.5,0.175,-2.));
#12173=CARTESIAN_POINT('',(-3.,0.775,-2.));
#12174=CARTESIAN_POINT('',(-3.,0.,-2.));
#12175=CARTESIAN_POINT('',(3.,0.775,-2.));
#12176=CARTESIAN_POINT('',(3.,0.775,-2.));
#12177=CARTESIAN_POINT('',(3.,0.,-2.));
#12178=CARTESIAN_POINT('',(2.5,0.175,-2.));
#12179=CARTESIAN_POINT('',(2.5,0.,-2.));
#12180=CARTESIAN_POINT('',(2.3,0.175,-2.));
#12181=CARTESIAN_POINT('',(2.3,0.175,-2.));
#12182=CARTESIAN_POINT('',(2.3,0.,-2.));
#12183=CARTESIAN_POINT('',(2.1,0.175,-2.));
#12184=CARTESIAN_POINT('',(2.1,0.,-2.));
#12185=CARTESIAN_POINT('',(1.9,0.175,-2.));
#12186=CARTESIAN_POINT('',(1.9,0.175,-2.));
#12187=CARTESIAN_POINT('',(1.9,0.,-2.));
#12188=CARTESIAN_POINT('',(1.7,0.175,-2.));
#12189=CARTESIAN_POINT('',(1.7,0.,-2.));
#12190=CARTESIAN_POINT('',(1.5,0.175,-2.));
#12191=CARTESIAN_POINT('',(1.5,0.175,-2.));
#12192=CARTESIAN_POINT('',(1.5,0.,-2.));
#12193=CARTESIAN_POINT('',(1.3,0.175,-2.));
#12194=CARTESIAN_POINT('',(1.3,0.,-2.));
#12195=CARTESIAN_POINT('',(1.1,0.175,-2.));
#12196=CARTESIAN_POINT('',(1.1,0.175,-2.));
#12197=CARTESIAN_POINT('',(1.1,0.,-2.));
#12198=CARTESIAN_POINT('',(0.9,0.175,-2.));
#12199=CARTESIAN_POINT('',(0.9,0.,-2.));
#12200=CARTESIAN_POINT('',(0.7,0.175,-2.));
#12201=CARTESIAN_POINT('',(0.7,0.175,-2.));
#12202=CARTESIAN_POINT('',(0.7,0.,-2.));
#12203=CARTESIAN_POINT('',(0.5,0.175,-2.));
#12204=CARTESIAN_POINT('',(0.5,0.,-2.));
#12205=CARTESIAN_POINT('',(0.3,0.175,-2.));
#12206=CARTESIAN_POINT('',(0.3,0.175,-2.));
#12207=CARTESIAN_POINT('',(0.3,0.,-2.));
#12208=CARTESIAN_POINT('',(0.1,0.175,-2.));
#12209=CARTESIAN_POINT('',(0.1,0.,-2.));
#12210=CARTESIAN_POINT('',(-0.1,0.175,-2.));
#12211=CARTESIAN_POINT('',(-0.1,0.175,-2.));
#12212=CARTESIAN_POINT('',(-0.1,0.,-2.));
#12213=CARTESIAN_POINT('',(-0.3,0.175,-2.));
#12214=CARTESIAN_POINT('',(-0.3,0.,-2.));
#12215=CARTESIAN_POINT('',(-0.5,0.175,-2.));
#12216=CARTESIAN_POINT('',(-0.5,0.175,-2.));
#12217=CARTESIAN_POINT('',(-0.5,0.,-2.));
#12218=CARTESIAN_POINT('',(-0.7,0.175,-2.));
#12219=CARTESIAN_POINT('',(-0.7,0.,-2.));
#12220=CARTESIAN_POINT('',(-0.9,0.175,-2.));
#12221=CARTESIAN_POINT('',(-0.9,0.175,-2.));
#12222=CARTESIAN_POINT('',(-0.9,0.,-2.));
#12223=CARTESIAN_POINT('',(-1.1,0.175,-2.));
#12224=CARTESIAN_POINT('',(-1.1,0.,-2.));
#12225=CARTESIAN_POINT('',(-1.3,0.175,-2.));
#12226=CARTESIAN_POINT('',(-1.3,0.175,-2.));
#12227=CARTESIAN_POINT('',(-1.3,0.,-2.));
#12228=CARTESIAN_POINT('',(-1.5,0.175,-2.));
#12229=CARTESIAN_POINT('',(-1.5,0.,-2.));
#12230=CARTESIAN_POINT('',(-1.7,0.175,-2.));
#12231=CARTESIAN_POINT('',(-1.7,0.175,-2.));
#12232=CARTESIAN_POINT('',(-1.7,0.,-2.));
#12233=CARTESIAN_POINT('',(-1.9,0.175,-2.));
#12234=CARTESIAN_POINT('',(-1.9,0.,-2.));
#12235=CARTESIAN_POINT('',(-2.1,0.175,-2.));
#12236=CARTESIAN_POINT('',(-2.1,0.175,-2.));
#12237=CARTESIAN_POINT('',(-2.1,0.,-2.));
#12238=CARTESIAN_POINT('',(-2.3,0.,-2.));
#12239=CARTESIAN_POINT('',(-2.85,0.175,-2.));
#12240=CARTESIAN_POINT('',(-2.7,0.175,-2.));
#12241=CARTESIAN_POINT('',(-2.85,0.175,-2.));
#12242=CARTESIAN_POINT('',(-2.85,0.075,-2.));
#12243=CARTESIAN_POINT('',(-2.85,0.075,-2.));
#12244=CARTESIAN_POINT('',(-2.7,0.075,-2.));
#12245=CARTESIAN_POINT('',(-2.85,0.075,-2.));
#12246=CARTESIAN_POINT('',(-2.7,0.075,-2.));
#12247=CARTESIAN_POINT('',(2.85,0.175,-2.));
#12248=CARTESIAN_POINT('',(2.7,0.175,-2.));
#12249=CARTESIAN_POINT('',(2.85,0.175,-2.));
#12250=CARTESIAN_POINT('',(2.7,0.075,-2.));
#12251=CARTESIAN_POINT('',(2.7,0.075,-2.));
#12252=CARTESIAN_POINT('',(2.85,0.075,-2.));
#12253=CARTESIAN_POINT('',(2.85,0.075,-2.));
#12254=CARTESIAN_POINT('',(2.85,0.075,-2.));
#12255=CARTESIAN_POINT('Origin',(0.,0.175,0.));
#12256=CARTESIAN_POINT('',(-2.3,0.175,-1.75));
#12257=CARTESIAN_POINT('',(-2.3,0.175,-1.75));
#12258=CARTESIAN_POINT('Origin',(-2.4,0.175,-1.75));
#12259=CARTESIAN_POINT('Origin',(-2.4,-0.025,-1.75));
#12260=CARTESIAN_POINT('',(-2.3,0.,-1.75));
#12261=CARTESIAN_POINT('Origin',(-2.3,-0.025,-1.75));
#12262=CARTESIAN_POINT('Origin',(-2.1,-0.025,-2.));
#12263=CARTESIAN_POINT('',(-2.1,0.175,-1.75));
#12264=CARTESIAN_POINT('',(-2.1,0.175,-2.));
#12265=CARTESIAN_POINT('',(-2.1,0.,-1.75));
#12266=CARTESIAN_POINT('Origin',(-2.,-0.025,-1.75));
#12267=CARTESIAN_POINT('',(-1.9,0.175,-1.75));
#12268=CARTESIAN_POINT('Origin',(-2.,0.175,-1.75));
#12269=CARTESIAN_POINT('',(-1.9,0.,-1.75));
#12270=CARTESIAN_POINT('Origin',(-1.9,-0.025,-1.75));
#12271=CARTESIAN_POINT('',(-1.9,0.175,-1.75));
#12272=CARTESIAN_POINT('Origin',(0.,0.175,0.));
#12273=CARTESIAN_POINT('Origin',(-1.7,-0.025,-2.));
#12274=CARTESIAN_POINT('',(-1.7,0.175,-1.75));
#12275=CARTESIAN_POINT('',(-1.7,0.175,-2.));
#12276=CARTESIAN_POINT('',(-1.7,0.,-1.75));
#12277=CARTESIAN_POINT('Origin',(-1.6,-0.025,-1.75));
#12278=CARTESIAN_POINT('',(-1.5,0.175,-1.75));
#12279=CARTESIAN_POINT('Origin',(-1.6,0.175,-1.75));
#12280=CARTESIAN_POINT('',(-1.5,0.,-1.75));
#12281=CARTESIAN_POINT('Origin',(-1.5,-0.025,-1.75));
#12282=CARTESIAN_POINT('',(-1.5,0.175,-1.75));
#12283=CARTESIAN_POINT('Origin',(0.,0.175,0.));
#12284=CARTESIAN_POINT('Origin',(-1.3,-0.025,-2.));
#12285=CARTESIAN_POINT('',(-1.3,0.175,-1.75));
#12286=CARTESIAN_POINT('',(-1.3,0.175,-2.));
#12287=CARTESIAN_POINT('',(-1.3,0.,-1.75));
#12288=CARTESIAN_POINT('Origin',(-1.2,-0.025,-1.75));
#12289=CARTESIAN_POINT('',(-1.2,0.175,-1.65));
#12290=CARTESIAN_POINT('Origin',(-1.2,0.175,-1.75));
#12291=CARTESIAN_POINT('',(-1.2,0.,-1.65));
#12292=CARTESIAN_POINT('Origin',(-0.8,-0.025,-1.65));
#12293=CARTESIAN_POINT('',(-0.8,0.175,-1.65));
#12294=CARTESIAN_POINT('',(-0.8,0.175,-1.65));
#12295=CARTESIAN_POINT('',(-0.8,0.,-1.65));
#12296=CARTESIAN_POINT('Origin',(-0.8,-0.025,-1.75));
#12297=CARTESIAN_POINT('',(-0.7,0.175,-1.75));
#12298=CARTESIAN_POINT('',(-0.7,0.,-1.75));
#12299=CARTESIAN_POINT('Origin',(-0.8,0.175,-1.75));
#12300=CARTESIAN_POINT('Origin',(-0.7,-0.025,-1.75));
#12301=CARTESIAN_POINT('',(-0.7,0.175,-1.75));
#12302=CARTESIAN_POINT('Origin',(0.,0.175,0.));
#12303=CARTESIAN_POINT('',(-1.1,0.175,-1.85));
#12304=CARTESIAN_POINT('',(-1.1,0.175,-1.85));
#12305=CARTESIAN_POINT('',(-0.9,0.175,-1.85));
#12306=CARTESIAN_POINT('',(-1.1,0.175,-1.85));
#12307=CARTESIAN_POINT('',(-0.9,0.175,-2.));
#12308=CARTESIAN_POINT('Origin',(-0.9,-0.025,-2.));
#12309=CARTESIAN_POINT('',(-0.9,0.,-1.85));
#12310=CARTESIAN_POINT('Origin',(-1.1,-0.025,-1.85));
#12311=CARTESIAN_POINT('',(-1.1,0.,-1.85));
#12312=CARTESIAN_POINT('Origin',(-1.1,-0.025,-1.75));
#12313=CARTESIAN_POINT('Origin',(-0.5,-0.025,-2.));
#12314=CARTESIAN_POINT('',(-0.5,0.175,-1.75));
#12315=CARTESIAN_POINT('',(-0.5,0.175,-2.));
#12316=CARTESIAN_POINT('',(-0.5,0.,-1.75));
#12317=CARTESIAN_POINT('Origin',(-0.4,-0.025,-1.75));
#12318=CARTESIAN_POINT('',(-0.4,0.175,-1.65));
#12319=CARTESIAN_POINT('Origin',(-0.4,0.175,-1.75));
#12320=CARTESIAN_POINT('',(-0.4,0.,-1.65));
#12321=CARTESIAN_POINT('Origin',(0.,-0.025,-1.65));
#12322=CARTESIAN_POINT('',(0.,0.175,-1.65));
#12323=CARTESIAN_POINT('',(0.,0.175,-1.65));
#12324=CARTESIAN_POINT('',(0.,0.,-1.65));
#12325=CARTESIAN_POINT('Origin',(0.,-0.025,-1.75));
#12326=CARTESIAN_POINT('',(0.1,0.175,-1.75));
#12327=CARTESIAN_POINT('',(0.1,0.,-1.75));
#12328=CARTESIAN_POINT('Origin',(0.,0.175,-1.75));
#12329=CARTESIAN_POINT('Origin',(0.1,-0.025,-1.75));
#12330=CARTESIAN_POINT('',(0.1,0.175,-1.75));
#12331=CARTESIAN_POINT('Origin',(0.,0.175,0.));
#12332=CARTESIAN_POINT('',(-0.3,0.175,-1.85));
#12333=CARTESIAN_POINT('',(-0.3,0.175,-1.85));
#12334=CARTESIAN_POINT('',(-0.1,0.175,-1.85));
#12335=CARTESIAN_POINT('',(-0.3,0.175,-1.85));
#12336=CARTESIAN_POINT('',(-0.1,0.175,-2.));
#12337=CARTESIAN_POINT('Origin',(-0.1,-0.025,-2.));
#12338=CARTESIAN_POINT('',(-0.1,0.,-1.85));
#12339=CARTESIAN_POINT('Origin',(-0.3,-0.025,-1.85));
#12340=CARTESIAN_POINT('',(-0.3,0.,-1.85));
#12341=CARTESIAN_POINT('Origin',(-0.3,-0.025,-1.75));
#12342=CARTESIAN_POINT('Origin',(0.3,-0.025,-2.));
#12343=CARTESIAN_POINT('',(0.3,0.175,-1.75));
#12344=CARTESIAN_POINT('',(0.3,0.175,-2.));
#12345=CARTESIAN_POINT('',(0.3,0.,-1.75));
#12346=CARTESIAN_POINT('Origin',(0.4,-0.025,-1.75));
#12347=CARTESIAN_POINT('',(0.5,0.175,-1.75));
#12348=CARTESIAN_POINT('Origin',(0.4,0.175,-1.75));
#12349=CARTESIAN_POINT('',(0.5,0.,-1.75));
#12350=CARTESIAN_POINT('Origin',(0.5,-0.025,-1.75));
#12351=CARTESIAN_POINT('',(0.5,0.175,-1.75));
#12352=CARTESIAN_POINT('Origin',(0.,0.175,0.));
#12353=CARTESIAN_POINT('Origin',(0.7,-0.025,-2.));
#12354=CARTESIAN_POINT('',(0.7,0.175,-1.75));
#12355=CARTESIAN_POINT('',(0.7,0.175,-2.));
#12356=CARTESIAN_POINT('',(0.7,0.,-1.75));
#12357=CARTESIAN_POINT('Origin',(0.8,-0.025,-1.75));
#12358=CARTESIAN_POINT('',(0.9,0.175,-1.75));
#12359=CARTESIAN_POINT('Origin',(0.8,0.175,-1.75));
#12360=CARTESIAN_POINT('',(0.9,0.,-1.75));
#12361=CARTESIAN_POINT('Origin',(0.9,-0.025,-1.75));
#12362=CARTESIAN_POINT('',(0.9,0.175,-1.75));
#12363=CARTESIAN_POINT('Origin',(0.,0.175,0.));
#12364=CARTESIAN_POINT('Origin',(1.1,-0.025,-2.));
#12365=CARTESIAN_POINT('',(1.1,0.175,-1.75));
#12366=CARTESIAN_POINT('',(1.1,0.175,-2.));
#12367=CARTESIAN_POINT('',(1.1,0.,-1.75));
#12368=CARTESIAN_POINT('Origin',(1.2,-0.025,-1.75));
#12369=CARTESIAN_POINT('',(1.3,0.175,-1.75));
#12370=CARTESIAN_POINT('Origin',(1.2,0.175,-1.75));
#12371=CARTESIAN_POINT('',(1.3,0.,-1.75));
#12372=CARTESIAN_POINT('Origin',(1.3,-0.025,-1.75));
#12373=CARTESIAN_POINT('',(1.3,0.175,-1.75));
#12374=CARTESIAN_POINT('Origin',(0.,0.175,0.));
#12375=CARTESIAN_POINT('Origin',(1.5,-0.025,-2.));
#12376=CARTESIAN_POINT('',(1.5,0.175,-1.75));
#12377=CARTESIAN_POINT('',(1.5,0.175,-2.));
#12378=CARTESIAN_POINT('',(1.5,0.,-1.75));
#12379=CARTESIAN_POINT('Origin',(1.6,-0.025,-1.75));
#12380=CARTESIAN_POINT('',(1.7,0.175,-1.75));
#12381=CARTESIAN_POINT('Origin',(1.6,0.175,-1.75));
#12382=CARTESIAN_POINT('',(1.7,0.,-1.75));
#12383=CARTESIAN_POINT('Origin',(1.7,-0.025,-1.75));
#12384=CARTESIAN_POINT('',(1.7,0.175,-1.75));
#12385=CARTESIAN_POINT('Origin',(0.,0.175,0.));
#12386=CARTESIAN_POINT('Origin',(1.9,-0.025,-2.));
#12387=CARTESIAN_POINT('',(1.9,0.175,-1.75));
#12388=CARTESIAN_POINT('',(1.9,0.175,-2.));
#12389=CARTESIAN_POINT('',(1.9,0.,-1.75));
#12390=CARTESIAN_POINT('Origin',(2.,-0.025,-1.75));
#12391=CARTESIAN_POINT('',(2.1,0.175,-1.75));
#12392=CARTESIAN_POINT('Origin',(2.,0.175,-1.75));
#12393=CARTESIAN_POINT('',(2.1,0.,-1.75));
#12394=CARTESIAN_POINT('Origin',(2.1,-0.025,-1.75));
#12395=CARTESIAN_POINT('',(2.1,0.175,-1.75));
#12396=CARTESIAN_POINT('Origin',(0.,0.175,0.));
#12397=CARTESIAN_POINT('Origin',(2.3,-0.025,-2.));
#12398=CARTESIAN_POINT('',(2.3,0.175,-1.75));
#12399=CARTESIAN_POINT('',(2.3,0.175,-2.));
#12400=CARTESIAN_POINT('',(2.3,0.,-1.75));
#12401=CARTESIAN_POINT('Origin',(2.4,-0.025,-1.75));
#12402=CARTESIAN_POINT('',(2.5,0.175,-1.75));
#12403=CARTESIAN_POINT('Origin',(2.4,0.175,-1.75));
#12404=CARTESIAN_POINT('',(2.5,0.,-1.75));
#12405=CARTESIAN_POINT('Origin',(2.5,-0.025,-1.75));
#12406=CARTESIAN_POINT('',(2.5,0.175,-1.75));
#12407=CARTESIAN_POINT('Origin',(0.,0.175,0.));
#12408=CARTESIAN_POINT('Origin',(3.,0.,2.));
#12409=CARTESIAN_POINT('',(3.,0.175,1.));
#12410=CARTESIAN_POINT('',(3.,0.,1.));
#12411=CARTESIAN_POINT('',(3.,0.175,0.75));
#12412=CARTESIAN_POINT('',(3.,0.,0.75));
#12413=CARTESIAN_POINT('',(3.,0.175,0.55));
#12414=CARTESIAN_POINT('',(3.,0.175,0.75));
#12415=CARTESIAN_POINT('',(3.,0.,0.55));
#12416=CARTESIAN_POINT('',(3.,0.175,0.3));
#12417=CARTESIAN_POINT('',(3.,0.,0.3));
#12418=CARTESIAN_POINT('',(3.,0.175,0.1));
#12419=CARTESIAN_POINT('',(3.,0.175,0.3));
#12420=CARTESIAN_POINT('',(3.,0.,0.1));
#12421=CARTESIAN_POINT('',(3.,0.175,-0.1));
#12422=CARTESIAN_POINT('',(3.,0.,-0.1));
#12423=CARTESIAN_POINT('',(3.,0.175,-0.3));
#12424=CARTESIAN_POINT('',(3.,0.175,-0.3));
#12425=CARTESIAN_POINT('',(3.,0.,-0.3));
#12426=CARTESIAN_POINT('',(3.,0.175,-0.55));
#12427=CARTESIAN_POINT('',(3.,0.,-0.55));
#12428=CARTESIAN_POINT('',(3.,0.175,-0.75));
#12429=CARTESIAN_POINT('',(3.,0.175,-0.75));
#12430=CARTESIAN_POINT('',(3.,0.,-0.75));
#12431=CARTESIAN_POINT('',(3.,0.175,-1.));
#12432=CARTESIAN_POINT('',(3.,0.,-1.));
#12433=CARTESIAN_POINT('',(3.,0.175,-1.2));
#12434=CARTESIAN_POINT('',(3.,0.175,-1.2));
#12435=CARTESIAN_POINT('',(3.,0.,-1.2));
#12436=CARTESIAN_POINT('',(3.,0.775,2.));
#12437=CARTESIAN_POINT('',(3.,0.775,2.));
#12438=CARTESIAN_POINT('',(3.,0.,2.));
#12439=CARTESIAN_POINT('',(3.,0.175,1.2));
#12440=CARTESIAN_POINT('',(3.,0.,1.2));
#12441=CARTESIAN_POINT('',(3.,0.175,1.2));
#12442=CARTESIAN_POINT('',(3.,0.175,-1.575));
#12443=CARTESIAN_POINT('',(3.,0.175,-1.425));
#12444=CARTESIAN_POINT('',(3.,0.175,-1.575));
#12445=CARTESIAN_POINT('',(3.,0.075,-1.575));
#12446=CARTESIAN_POINT('',(3.,0.075,-1.575));
#12447=CARTESIAN_POINT('',(3.,0.075,-1.425));
#12448=CARTESIAN_POINT('',(3.,0.075,-1.575));
#12449=CARTESIAN_POINT('',(3.,0.075,-1.425));
#12450=CARTESIAN_POINT('',(3.,0.175,1.575));
#12451=CARTESIAN_POINT('',(3.,0.175,1.425));
#12452=CARTESIAN_POINT('',(3.,0.175,1.575));
#12453=CARTESIAN_POINT('',(3.,0.075,1.425));
#12454=CARTESIAN_POINT('',(3.,0.075,1.425));
#12455=CARTESIAN_POINT('',(3.,0.075,1.575));
#12456=CARTESIAN_POINT('',(3.,0.075,1.575));
#12457=CARTESIAN_POINT('',(3.,0.075,1.575));
#12458=CARTESIAN_POINT('Origin',(3.,-0.025,1.));
#12459=CARTESIAN_POINT('',(2.85,0.175,1.));
#12460=CARTESIAN_POINT('',(3.,0.175,1.));
#12461=CARTESIAN_POINT('',(2.85,0.,1.));
#12462=CARTESIAN_POINT('Origin',(2.85,-0.025,0.75));
#12463=CARTESIAN_POINT('',(2.85,0.175,0.75));
#12464=CARTESIAN_POINT('',(2.85,0.175,0.75));
#12465=CARTESIAN_POINT('',(2.85,0.,0.75));
#12466=CARTESIAN_POINT('Origin',(3.,-0.025,0.75));
#12467=CARTESIAN_POINT('',(3.,0.175,0.75));
#12468=CARTESIAN_POINT('Origin',(0.,0.175,0.));
#12469=CARTESIAN_POINT('',(2.75,0.175,1.2));
#12470=CARTESIAN_POINT('',(2.75,0.175,1.2));
#12471=CARTESIAN_POINT('',(2.65,0.175,1.1));
#12472=CARTESIAN_POINT('Origin',(2.75,0.175,1.1));
#12473=CARTESIAN_POINT('',(2.65,0.175,0.2));
#12474=CARTESIAN_POINT('',(2.65,0.175,1.1));
#12475=CARTESIAN_POINT('',(2.75,0.175,0.1));
#12476=CARTESIAN_POINT('Origin',(2.75,0.175,0.2));
#12477=CARTESIAN_POINT('',(2.75,0.175,0.1));
#12478=CARTESIAN_POINT('',(2.85,0.175,0.3));
#12479=CARTESIAN_POINT('',(3.,0.175,0.3));
#12480=CARTESIAN_POINT('',(2.85,0.175,0.55));
#12481=CARTESIAN_POINT('',(2.85,0.175,0.3));
#12482=CARTESIAN_POINT('',(2.85,0.175,0.55));
#12483=CARTESIAN_POINT('Origin',(2.85,-0.025,0.55));
#12484=CARTESIAN_POINT('',(2.85,0.,0.55));
#12485=CARTESIAN_POINT('Origin',(2.85,-0.025,0.3));
#12486=CARTESIAN_POINT('',(2.85,0.,0.3));
#12487=CARTESIAN_POINT('Origin',(3.,-0.025,0.3));
#12488=CARTESIAN_POINT('Origin',(2.75,-0.025,0.1));
#12489=CARTESIAN_POINT('',(2.75,0.,0.1));
#12490=CARTESIAN_POINT('Origin',(2.75,-0.025,0.2));
#12491=CARTESIAN_POINT('',(2.65,0.,0.2));
#12492=CARTESIAN_POINT('Origin',(2.65,-0.025,1.1723));
#12493=CARTESIAN_POINT('',(2.65,0.,1.1));
#12494=CARTESIAN_POINT('Origin',(2.75,0.175,1.1));
#12495=CARTESIAN_POINT('',(2.75,0.175,1.2));
#12496=CARTESIAN_POINT('Origin',(2.75,-0.025,1.2));
#12497=CARTESIAN_POINT('Origin',(-3.,0.,2.));
#12498=CARTESIAN_POINT('',(-2.5,0.175,2.));
#12499=CARTESIAN_POINT('',(-2.3,0.175,2.));
#12500=CARTESIAN_POINT('',(-2.5,0.175,2.));
#12501=CARTESIAN_POINT('',(-2.3,0.,2.));
#12502=CARTESIAN_POINT('',(-2.1,0.175,2.));
#12503=CARTESIAN_POINT('',(-2.1,0.,2.));
#12504=CARTESIAN_POINT('',(-1.9,0.175,2.));
#12505=CARTESIAN_POINT('',(-2.1,0.175,2.));
#12506=CARTESIAN_POINT('',(-1.9,0.,2.));
#12507=CARTESIAN_POINT('',(-1.7,0.175,2.));
#12508=CARTESIAN_POINT('',(-1.7,0.,2.));
#12509=CARTESIAN_POINT('',(-1.5,0.175,2.));
#12510=CARTESIAN_POINT('',(-1.7,0.175,2.));
#12511=CARTESIAN_POINT('',(-1.5,0.,2.));
#12512=CARTESIAN_POINT('',(-1.3,0.175,2.));
#12513=CARTESIAN_POINT('',(-1.3,0.,2.));
#12514=CARTESIAN_POINT('',(-1.1,0.175,2.));
#12515=CARTESIAN_POINT('',(-1.3,0.175,2.));
#12516=CARTESIAN_POINT('',(-1.1,0.,2.));
#12517=CARTESIAN_POINT('',(-0.9,0.175,2.));
#12518=CARTESIAN_POINT('',(-0.9,0.,2.));
#12519=CARTESIAN_POINT('',(-0.7,0.175,2.));
#12520=CARTESIAN_POINT('',(-0.9,0.175,2.));
#12521=CARTESIAN_POINT('',(-0.7,0.,2.));
#12522=CARTESIAN_POINT('',(-0.5,0.175,2.));
#12523=CARTESIAN_POINT('',(-0.5,0.,2.));
#12524=CARTESIAN_POINT('',(-0.3,0.175,2.));
#12525=CARTESIAN_POINT('',(-0.5,0.175,2.));
#12526=CARTESIAN_POINT('',(-0.3,0.,2.));
#12527=CARTESIAN_POINT('',(-0.1,0.175,2.));
#12528=CARTESIAN_POINT('',(-0.1,0.,2.));
#12529=CARTESIAN_POINT('',(0.1,0.175,2.));
#12530=CARTESIAN_POINT('',(-0.1,0.175,2.));
#12531=CARTESIAN_POINT('',(0.1,0.,2.));
#12532=CARTESIAN_POINT('',(0.3,0.175,2.));
#12533=CARTESIAN_POINT('',(0.3,0.,2.));
#12534=CARTESIAN_POINT('',(0.5,0.175,2.));
#12535=CARTESIAN_POINT('',(0.3,0.175,2.));
#12536=CARTESIAN_POINT('',(0.5,0.,2.));
#12537=CARTESIAN_POINT('',(0.7,0.175,2.));
#12538=CARTESIAN_POINT('',(0.7,0.,2.));
#12539=CARTESIAN_POINT('',(0.9,0.175,2.));
#12540=CARTESIAN_POINT('',(0.7,0.175,2.));
#12541=CARTESIAN_POINT('',(0.9,0.,2.));
#12542=CARTESIAN_POINT('',(1.1,0.175,2.));
#12543=CARTESIAN_POINT('',(1.1,0.,2.));
#12544=CARTESIAN_POINT('',(1.3,0.175,2.));
#12545=CARTESIAN_POINT('',(1.1,0.175,2.));
#12546=CARTESIAN_POINT('',(1.3,0.,2.));
#12547=CARTESIAN_POINT('',(1.5,0.175,2.));
#12548=CARTESIAN_POINT('',(1.5,0.,2.));
#12549=CARTESIAN_POINT('',(1.7,0.175,2.));
#12550=CARTESIAN_POINT('',(1.5,0.175,2.));
#12551=CARTESIAN_POINT('',(1.7,0.,2.));
#12552=CARTESIAN_POINT('',(1.9,0.175,2.));
#12553=CARTESIAN_POINT('',(1.9,0.,2.));
#12554=CARTESIAN_POINT('',(2.1,0.175,2.));
#12555=CARTESIAN_POINT('',(1.9,0.175,2.));
#12556=CARTESIAN_POINT('',(2.1,0.,2.));
#12557=CARTESIAN_POINT('',(2.3,0.175,2.));
#12558=CARTESIAN_POINT('',(2.3,0.,2.));
#12559=CARTESIAN_POINT('',(2.5,0.175,2.));
#12560=CARTESIAN_POINT('',(2.3,0.175,2.));
#12561=CARTESIAN_POINT('',(2.5,0.,2.));
#12562=CARTESIAN_POINT('',(-3.,0.775,2.));
#12563=CARTESIAN_POINT('',(-3.,0.775,2.));
#12564=CARTESIAN_POINT('',(-3.,0.,2.));
#12565=CARTESIAN_POINT('',(-2.5,0.,2.));
#12566=CARTESIAN_POINT('',(-2.85,0.175,2.));
#12567=CARTESIAN_POINT('',(-2.7,0.175,2.));
#12568=CARTESIAN_POINT('',(-2.85,0.175,2.));
#12569=CARTESIAN_POINT('',(-2.7,0.075,2.));
#12570=CARTESIAN_POINT('',(-2.7,0.075,2.));
#12571=CARTESIAN_POINT('',(-2.85,0.075,2.));
#12572=CARTESIAN_POINT('',(-2.85,0.075,2.));
#12573=CARTESIAN_POINT('',(-2.85,0.075,2.));
#12574=CARTESIAN_POINT('',(2.85,0.175,2.));
#12575=CARTESIAN_POINT('',(2.7,0.175,2.));
#12576=CARTESIAN_POINT('',(2.85,0.175,2.));
#12577=CARTESIAN_POINT('',(2.85,0.075,2.));
#12578=CARTESIAN_POINT('',(2.85,0.075,2.));
#12579=CARTESIAN_POINT('',(2.7,0.075,2.));
#12580=CARTESIAN_POINT('',(2.85,0.075,2.));
#12581=CARTESIAN_POINT('',(2.7,0.075,2.));
#12582=CARTESIAN_POINT('Origin',(0.,0.175,0.));
#12583=CARTESIAN_POINT('',(-2.5,0.175,1.75));
#12584=CARTESIAN_POINT('',(-2.5,0.175,2.));
#12585=CARTESIAN_POINT('',(-2.3,0.175,1.75));
#12586=CARTESIAN_POINT('Origin',(-2.4,0.175,1.75));
#12587=CARTESIAN_POINT('',(-2.3,0.175,1.75));
#12588=CARTESIAN_POINT('Origin',(-2.3,-0.025,1.75));
#12589=CARTESIAN_POINT('',(-2.3,0.,1.75));
#12590=CARTESIAN_POINT('Origin',(-2.4,-0.025,1.75));
#12591=CARTESIAN_POINT('',(-2.5,0.,1.75));
#12592=CARTESIAN_POINT('Origin',(-2.5,-0.025,2.));
#12593=CARTESIAN_POINT('Origin',(-3.,0.,-2.));
#12594=CARTESIAN_POINT('',(-3.,0.175,-1.1));
#12595=CARTESIAN_POINT('',(-3.,0.,-1.1));
#12596=CARTESIAN_POINT('',(-3.,0.175,-0.9));
#12597=CARTESIAN_POINT('',(-3.,0.175,-0.9));
#12598=CARTESIAN_POINT('',(-3.,0.,-0.9));
#12599=CARTESIAN_POINT('',(-3.,0.175,-0.7));
#12600=CARTESIAN_POINT('',(-3.,0.,-0.7));
#12601=CARTESIAN_POINT('',(-3.,0.175,-0.5));
#12602=CARTESIAN_POINT('',(-3.,0.175,-0.5));
#12603=CARTESIAN_POINT('',(-3.,0.,-0.5));
#12604=CARTESIAN_POINT('',(-3.,0.175,-0.3));
#12605=CARTESIAN_POINT('',(-3.,0.,-0.3));
#12606=CARTESIAN_POINT('',(-3.,0.175,-0.1));
#12607=CARTESIAN_POINT('',(-3.,0.175,-0.1));
#12608=CARTESIAN_POINT('',(-3.,0.,-0.1));
#12609=CARTESIAN_POINT('',(-3.,0.175,0.1));
#12610=CARTESIAN_POINT('',(-3.,0.,0.1));
#12611=CARTESIAN_POINT('',(-3.,0.175,0.3));
#12612=CARTESIAN_POINT('',(-3.,0.175,0.3));
#12613=CARTESIAN_POINT('',(-3.,0.,0.3));
#12614=CARTESIAN_POINT('',(-3.,0.175,0.5));
#12615=CARTESIAN_POINT('',(-3.,0.,0.5));
#12616=CARTESIAN_POINT('',(-3.,0.175,0.7));
#12617=CARTESIAN_POINT('',(-3.,0.175,0.7));
#12618=CARTESIAN_POINT('',(-3.,0.,0.7));
#12619=CARTESIAN_POINT('',(-3.,0.175,0.9));
#12620=CARTESIAN_POINT('',(-3.,0.,0.9));
#12621=CARTESIAN_POINT('',(-3.,0.175,1.1));
#12622=CARTESIAN_POINT('',(-3.,0.175,1.1));
#12623=CARTESIAN_POINT('',(-3.,0.,1.1));
#12624=CARTESIAN_POINT('',(-3.,0.775,-2.));
#12625=CARTESIAN_POINT('',(-3.,0.175,-1.575));
#12626=CARTESIAN_POINT('',(-3.,0.175,-1.425));
#12627=CARTESIAN_POINT('',(-3.,0.175,-1.575));
#12628=CARTESIAN_POINT('',(-3.,0.075,-1.425));
#12629=CARTESIAN_POINT('',(-3.,0.075,-1.425));
#12630=CARTESIAN_POINT('',(-3.,0.075,-1.575));
#12631=CARTESIAN_POINT('',(-3.,0.075,-1.575));
#12632=CARTESIAN_POINT('',(-3.,0.075,-1.575));
#12633=CARTESIAN_POINT('',(-3.,0.175,1.575));
#12634=CARTESIAN_POINT('',(-3.,0.175,1.425));
#12635=CARTESIAN_POINT('',(-3.,0.175,1.575));
#12636=CARTESIAN_POINT('',(-3.,0.075,1.575));
#12637=CARTESIAN_POINT('',(-3.,0.075,1.575));
#12638=CARTESIAN_POINT('',(-3.,0.075,1.425));
#12639=CARTESIAN_POINT('',(-3.,0.075,1.575));
#12640=CARTESIAN_POINT('',(-3.,0.075,1.425));
#12641=CARTESIAN_POINT('Origin',(0.,0.775,0.));
#12642=CARTESIAN_POINT('Origin',(-2.75,-0.025,1.1));
#12643=CARTESIAN_POINT('',(-2.75,0.175,1.1));
#12644=CARTESIAN_POINT('',(-2.75,0.175,1.1));
#12645=CARTESIAN_POINT('',(-2.75,0.,1.1));
#12646=CARTESIAN_POINT('Origin',(-2.75,-0.025,1.));
#12647=CARTESIAN_POINT('',(-2.75,0.175,0.9));
#12648=CARTESIAN_POINT('Origin',(-2.75,0.175,1.));
#12649=CARTESIAN_POINT('',(-2.75,0.,0.9));
#12650=CARTESIAN_POINT('Origin',(0.,0.175,0.));
#12651=CARTESIAN_POINT('',(-3.,0.175,0.9));
#12652=CARTESIAN_POINT('Origin',(-3.,-0.025,0.9));
#12653=CARTESIAN_POINT('Origin',(-2.75,-0.025,0.7));
#12654=CARTESIAN_POINT('',(-2.75,0.175,0.7));
#12655=CARTESIAN_POINT('',(-2.75,0.175,0.7));
#12656=CARTESIAN_POINT('',(-2.75,0.,0.7));
#12657=CARTESIAN_POINT('Origin',(-2.75,-0.025,0.6));
#12658=CARTESIAN_POINT('',(-2.75,0.175,0.5));
#12659=CARTESIAN_POINT('Origin',(-2.75,0.175,0.6));
#12660=CARTESIAN_POINT('',(-2.75,0.,0.5));
#12661=CARTESIAN_POINT('Origin',(0.,0.175,-0.4));
#12662=CARTESIAN_POINT('',(-3.,0.175,0.5));
#12663=CARTESIAN_POINT('Origin',(-3.,-0.025,0.5));
#12664=CARTESIAN_POINT('Origin',(-2.75,-0.025,0.3));
#12665=CARTESIAN_POINT('',(-2.75,0.175,0.3));
#12666=CARTESIAN_POINT('',(-2.75,0.175,0.3));
#12667=CARTESIAN_POINT('',(-2.75,0.,0.3));
#12668=CARTESIAN_POINT('Origin',(-2.75,-0.025,0.2));
#12669=CARTESIAN_POINT('',(-2.75,0.175,0.1));
#12670=CARTESIAN_POINT('Origin',(-2.75,0.175,0.2));
#12671=CARTESIAN_POINT('',(-2.75,0.,0.1));
#12672=CARTESIAN_POINT('Origin',(0.,0.175,-0.8));
#12673=CARTESIAN_POINT('',(-3.,0.175,0.1));
#12674=CARTESIAN_POINT('Origin',(-3.,-0.025,0.1));
#12675=CARTESIAN_POINT('Origin',(-2.75,-0.025,-0.1));
#12676=CARTESIAN_POINT('',(-2.75,0.175,-0.1));
#12677=CARTESIAN_POINT('',(-2.75,0.175,-0.1));
#12678=CARTESIAN_POINT('',(-2.75,0.,-0.1));
#12679=CARTESIAN_POINT('Origin',(-2.75,-0.025,-0.2));
#12680=CARTESIAN_POINT('',(-2.75,0.175,-0.3));
#12681=CARTESIAN_POINT('Origin',(-2.75,0.175,-0.2));
#12682=CARTESIAN_POINT('',(-2.75,0.,-0.3));
#12683=CARTESIAN_POINT('Origin',(0.,0.175,-1.2));
#12684=CARTESIAN_POINT('',(-3.,0.175,-0.3));
#12685=CARTESIAN_POINT('Origin',(-3.,-0.025,-0.3));
#12686=CARTESIAN_POINT('Origin',(-2.75,-0.025,-0.5));
#12687=CARTESIAN_POINT('',(-2.75,0.175,-0.5));
#12688=CARTESIAN_POINT('',(-2.75,0.175,-0.5));
#12689=CARTESIAN_POINT('',(-2.75,0.,-0.5));
#12690=CARTESIAN_POINT('Origin',(-2.75,-0.025,-0.6));
#12691=CARTESIAN_POINT('',(-2.75,0.175,-0.7));
#12692=CARTESIAN_POINT('Origin',(-2.75,0.175,-0.6));
#12693=CARTESIAN_POINT('',(-2.75,0.,-0.7));
#12694=CARTESIAN_POINT('Origin',(0.,0.175,-1.6));
#12695=CARTESIAN_POINT('',(-3.,0.175,-0.7));
#12696=CARTESIAN_POINT('Origin',(-3.,-0.025,-0.7));
#12697=CARTESIAN_POINT('Origin',(-2.75,-0.025,-0.9));
#12698=CARTESIAN_POINT('',(-2.75,0.175,-0.9));
#12699=CARTESIAN_POINT('',(-2.75,0.175,-0.9));
#12700=CARTESIAN_POINT('',(-2.75,0.,-0.9));
#12701=CARTESIAN_POINT('Origin',(-2.75,-0.025,-1.));
#12702=CARTESIAN_POINT('',(-2.75,0.175,-1.1));
#12703=CARTESIAN_POINT('Origin',(-2.75,0.175,-1.));
#12704=CARTESIAN_POINT('',(-2.75,0.,-1.1));
#12705=CARTESIAN_POINT('Origin',(0.,0.175,-2.));
#12706=CARTESIAN_POINT('',(-3.,0.175,-1.1));
#12707=CARTESIAN_POINT('Origin',(-3.,-0.025,-1.1));
#12708=CARTESIAN_POINT('Origin',(0.,0.175,0.));
#12709=CARTESIAN_POINT('',(-2.85,0.175,-1.575));
#12710=CARTESIAN_POINT('',(-2.85,0.175,-1.575));
#12711=CARTESIAN_POINT('',(-2.85,0.175,-2.));
#12712=CARTESIAN_POINT('',(-2.7,0.175,-1.425));
#12713=CARTESIAN_POINT('',(-2.7,0.175,-1.425));
#12714=CARTESIAN_POINT('',(-3.,0.175,-1.425));
#12715=CARTESIAN_POINT('Origin',(-3.,0.175,-1.425));
#12716=CARTESIAN_POINT('',(-2.7,0.075,-1.425));
#12717=CARTESIAN_POINT('',(-2.7,0.175,-1.425));
#12718=CARTESIAN_POINT('',(-3.,0.075,-1.425));
#12719=CARTESIAN_POINT('Origin',(0.,0.075,0.));
#12720=CARTESIAN_POINT('',(-2.7,0.075,-1.425));
#12721=CARTESIAN_POINT('',(-2.85,0.075,-1.575));
#12722=CARTESIAN_POINT('',(-2.85,0.075,-2.));
#12723=CARTESIAN_POINT('',(-2.85,0.075,-1.575));
#12724=CARTESIAN_POINT('Origin',(-2.85,0.175,-1.575));
#12725=CARTESIAN_POINT('',(-2.85,0.175,-1.575));
#12726=CARTESIAN_POINT('Origin',(-2.85,0.175,-2.));
#12727=CARTESIAN_POINT('Origin',(-2.7,0.175,-1.425));
#12728=CARTESIAN_POINT('Origin',(0.,0.175,0.));
#12729=CARTESIAN_POINT('',(-2.7,0.175,1.425));
#12730=CARTESIAN_POINT('',(-3.,0.175,1.425));
#12731=CARTESIAN_POINT('',(-2.7,0.175,1.425));
#12732=CARTESIAN_POINT('',(-2.85,0.175,1.575));
#12733=CARTESIAN_POINT('',(-2.85,0.175,2.));
#12734=CARTESIAN_POINT('',(-2.85,0.175,1.575));
#12735=CARTESIAN_POINT('Origin',(-2.85,0.175,1.575));
#12736=CARTESIAN_POINT('',(-2.85,0.075,1.575));
#12737=CARTESIAN_POINT('',(-2.85,0.175,1.575));
#12738=CARTESIAN_POINT('',(-2.85,0.075,1.575));
#12739=CARTESIAN_POINT('Origin',(0.,0.075,0.));
#12740=CARTESIAN_POINT('',(-2.85,0.075,2.));
#12741=CARTESIAN_POINT('',(-2.7,0.075,1.425));
#12742=CARTESIAN_POINT('',(-2.7,0.075,1.425));
#12743=CARTESIAN_POINT('',(-3.,0.075,1.425));
#12744=CARTESIAN_POINT('Origin',(-3.,0.175,1.425));
#12745=CARTESIAN_POINT('',(-2.7,0.175,1.425));
#12746=CARTESIAN_POINT('Origin',(-2.7,0.175,1.425));
#12747=CARTESIAN_POINT('Origin',(-2.85,0.175,2.));
#12748=CARTESIAN_POINT('Origin',(2.5,-0.025,1.75));
#12749=CARTESIAN_POINT('',(2.5,0.175,1.75));
#12750=CARTESIAN_POINT('',(2.5,0.175,1.75));
#12751=CARTESIAN_POINT('',(2.5,0.,1.75));
#12752=CARTESIAN_POINT('Origin',(2.4,-0.025,1.75));
#12753=CARTESIAN_POINT('',(2.3,0.175,1.75));
#12754=CARTESIAN_POINT('',(2.3,0.,1.75));
#12755=CARTESIAN_POINT('Origin',(2.4,0.175,1.75));
#12756=CARTESIAN_POINT('Origin',(2.3,-0.025,2.));
#12757=CARTESIAN_POINT('',(2.3,0.175,2.));
#12758=CARTESIAN_POINT('Origin',(0.,0.175,0.));
#12759=CARTESIAN_POINT('Origin',(2.1,-0.025,1.75));
#12760=CARTESIAN_POINT('',(2.1,0.175,1.75));
#12761=CARTESIAN_POINT('',(2.1,0.175,1.75));
#12762=CARTESIAN_POINT('',(2.1,0.,1.75));
#12763=CARTESIAN_POINT('Origin',(2.,-0.025,1.75));
#12764=CARTESIAN_POINT('',(1.9,0.175,1.75));
#12765=CARTESIAN_POINT('',(1.9,0.,1.75));
#12766=CARTESIAN_POINT('Origin',(2.,0.175,1.75));
#12767=CARTESIAN_POINT('Origin',(1.9,-0.025,2.));
#12768=CARTESIAN_POINT('',(1.9,0.175,2.));
#12769=CARTESIAN_POINT('Origin',(0.,0.175,0.));
#12770=CARTESIAN_POINT('Origin',(1.7,-0.025,1.75));
#12771=CARTESIAN_POINT('',(1.7,0.175,1.75));
#12772=CARTESIAN_POINT('',(1.7,0.175,1.75));
#12773=CARTESIAN_POINT('',(1.7,0.,1.75));
#12774=CARTESIAN_POINT('Origin',(1.6,-0.025,1.75));
#12775=CARTESIAN_POINT('',(1.5,0.175,1.75));
#12776=CARTESIAN_POINT('',(1.5,0.,1.75));
#12777=CARTESIAN_POINT('Origin',(1.6,0.175,1.75));
#12778=CARTESIAN_POINT('Origin',(1.5,-0.025,2.));
#12779=CARTESIAN_POINT('',(1.5,0.175,2.));
#12780=CARTESIAN_POINT('Origin',(0.,0.175,0.));
#12781=CARTESIAN_POINT('Origin',(1.3,-0.025,1.75));
#12782=CARTESIAN_POINT('',(1.3,0.175,1.75));
#12783=CARTESIAN_POINT('',(1.3,0.175,1.75));
#12784=CARTESIAN_POINT('',(1.3,0.,1.75));
#12785=CARTESIAN_POINT('Origin',(1.2,-0.025,1.75));
#12786=CARTESIAN_POINT('',(1.1,0.175,1.75));
#12787=CARTESIAN_POINT('',(1.1,0.,1.75));
#12788=CARTESIAN_POINT('Origin',(1.2,0.175,1.75));
#12789=CARTESIAN_POINT('Origin',(1.1,-0.025,2.));
#12790=CARTESIAN_POINT('',(1.1,0.175,2.));
#12791=CARTESIAN_POINT('Origin',(0.,0.175,0.));
#12792=CARTESIAN_POINT('Origin',(0.9,-0.025,1.75));
#12793=CARTESIAN_POINT('',(0.9,0.175,1.75));
#12794=CARTESIAN_POINT('',(0.9,0.175,1.75));
#12795=CARTESIAN_POINT('',(0.9,0.,1.75));
#12796=CARTESIAN_POINT('Origin',(0.8,-0.025,1.75));
#12797=CARTESIAN_POINT('',(0.7,0.175,1.75));
#12798=CARTESIAN_POINT('',(0.7,0.,1.75));
#12799=CARTESIAN_POINT('Origin',(0.8,0.175,1.75));
#12800=CARTESIAN_POINT('Origin',(0.7,-0.025,2.));
#12801=CARTESIAN_POINT('',(0.7,0.175,2.));
#12802=CARTESIAN_POINT('Origin',(0.,0.175,0.));
#12803=CARTESIAN_POINT('Origin',(0.5,-0.025,1.75));
#12804=CARTESIAN_POINT('',(0.5,0.175,1.75));
#12805=CARTESIAN_POINT('',(0.5,0.175,1.75));
#12806=CARTESIAN_POINT('',(0.5,0.,1.75));
#12807=CARTESIAN_POINT('Origin',(0.4,-0.025,1.75));
#12808=CARTESIAN_POINT('',(0.3,0.175,1.75));
#12809=CARTESIAN_POINT('',(0.3,0.,1.75));
#12810=CARTESIAN_POINT('Origin',(0.4,0.175,1.75));
#12811=CARTESIAN_POINT('Origin',(0.3,-0.025,2.));
#12812=CARTESIAN_POINT('',(0.3,0.175,2.));
#12813=CARTESIAN_POINT('Origin',(0.,0.175,0.));
#12814=CARTESIAN_POINT('Origin',(0.1,-0.025,1.75));
#12815=CARTESIAN_POINT('',(0.1,0.175,1.75));
#12816=CARTESIAN_POINT('',(0.1,0.175,1.75));
#12817=CARTESIAN_POINT('',(0.1,0.,1.75));
#12818=CARTESIAN_POINT('Origin',(0.,-0.025,1.75));
#12819=CARTESIAN_POINT('',(-0.1,0.175,1.75));
#12820=CARTESIAN_POINT('',(-0.1,0.,1.75));
#12821=CARTESIAN_POINT('Origin',(0.,0.175,1.75));
#12822=CARTESIAN_POINT('Origin',(-0.1,-0.025,2.));
#12823=CARTESIAN_POINT('',(-0.1,0.175,2.));
#12824=CARTESIAN_POINT('Origin',(0.,0.175,0.));
#12825=CARTESIAN_POINT('Origin',(-0.3,-0.025,1.75));
#12826=CARTESIAN_POINT('',(-0.3,0.175,1.75));
#12827=CARTESIAN_POINT('',(-0.3,0.175,1.75));
#12828=CARTESIAN_POINT('',(-0.3,0.,1.75));
#12829=CARTESIAN_POINT('Origin',(-0.4,-0.025,1.75));
#12830=CARTESIAN_POINT('',(-0.5,0.175,1.75));
#12831=CARTESIAN_POINT('',(-0.5,0.,1.75));
#12832=CARTESIAN_POINT('Origin',(-0.4,0.175,1.75));
#12833=CARTESIAN_POINT('Origin',(-0.5,-0.025,2.));
#12834=CARTESIAN_POINT('',(-0.5,0.175,2.));
#12835=CARTESIAN_POINT('Origin',(0.,0.175,0.));
#12836=CARTESIAN_POINT('Origin',(-0.7,-0.025,1.75));
#12837=CARTESIAN_POINT('',(-0.7,0.175,1.75));
#12838=CARTESIAN_POINT('',(-0.7,0.175,1.75));
#12839=CARTESIAN_POINT('',(-0.7,0.,1.75));
#12840=CARTESIAN_POINT('Origin',(-0.8,-0.025,1.75));
#12841=CARTESIAN_POINT('',(-0.9,0.175,1.75));
#12842=CARTESIAN_POINT('',(-0.9,0.,1.75));
#12843=CARTESIAN_POINT('Origin',(-0.8,0.175,1.75));
#12844=CARTESIAN_POINT('Origin',(-0.9,-0.025,2.));
#12845=CARTESIAN_POINT('',(-0.9,0.175,2.));
#12846=CARTESIAN_POINT('Origin',(0.,0.175,0.));
#12847=CARTESIAN_POINT('Origin',(-1.1,-0.025,1.75));
#12848=CARTESIAN_POINT('',(-1.1,0.175,1.75));
#12849=CARTESIAN_POINT('',(-1.1,0.175,1.75));
#12850=CARTESIAN_POINT('',(-1.1,0.,1.75));
#12851=CARTESIAN_POINT('Origin',(-1.2,-0.025,1.75));
#12852=CARTESIAN_POINT('',(-1.3,0.175,1.75));
#12853=CARTESIAN_POINT('',(-1.3,0.,1.75));
#12854=CARTESIAN_POINT('Origin',(-1.2,0.175,1.75));
#12855=CARTESIAN_POINT('Origin',(-1.3,-0.025,2.));
#12856=CARTESIAN_POINT('',(-1.3,0.175,2.));
#12857=CARTESIAN_POINT('Origin',(0.,0.175,0.));
#12858=CARTESIAN_POINT('Origin',(-1.5,-0.025,1.75));
#12859=CARTESIAN_POINT('',(-1.5,0.175,1.75));
#12860=CARTESIAN_POINT('',(-1.5,0.175,1.75));
#12861=CARTESIAN_POINT('',(-1.5,0.,1.75));
#12862=CARTESIAN_POINT('Origin',(-1.6,-0.025,1.75));
#12863=CARTESIAN_POINT('',(-1.7,0.175,1.75));
#12864=CARTESIAN_POINT('',(-1.7,0.,1.75));
#12865=CARTESIAN_POINT('Origin',(-1.6,0.175,1.75));
#12866=CARTESIAN_POINT('Origin',(-1.7,-0.025,2.));
#12867=CARTESIAN_POINT('',(-1.7,0.175,2.));
#12868=CARTESIAN_POINT('Origin',(0.,0.175,0.));
#12869=CARTESIAN_POINT('Origin',(-1.9,-0.025,1.75));
#12870=CARTESIAN_POINT('',(-1.9,0.175,1.75));
#12871=CARTESIAN_POINT('',(-1.9,0.175,1.75));
#12872=CARTESIAN_POINT('',(-1.9,0.,1.75));
#12873=CARTESIAN_POINT('Origin',(-2.,-0.025,1.75));
#12874=CARTESIAN_POINT('',(-2.1,0.175,1.75));
#12875=CARTESIAN_POINT('',(-2.1,0.,1.75));
#12876=CARTESIAN_POINT('Origin',(-2.,0.175,1.75));
#12877=CARTESIAN_POINT('Origin',(-2.1,-0.025,2.));
#12878=CARTESIAN_POINT('',(-2.1,0.175,2.));
#12879=CARTESIAN_POINT('Origin',(0.,0.175,0.));
#12880=CARTESIAN_POINT('Origin',(0.,0.175,0.));
#12881=CARTESIAN_POINT('',(2.7,0.175,1.425));
#12882=CARTESIAN_POINT('',(2.7,0.175,1.425));
#12883=CARTESIAN_POINT('',(3.,0.175,1.425));
#12884=CARTESIAN_POINT('',(2.85,0.175,1.575));
#12885=CARTESIAN_POINT('',(2.85,0.175,1.575));
#12886=CARTESIAN_POINT('',(2.85,0.175,2.));
#12887=CARTESIAN_POINT('Origin',(2.85,0.175,2.));
#12888=CARTESIAN_POINT('',(2.85,0.075,1.575));
#12889=CARTESIAN_POINT('',(2.85,0.175,1.575));
#12890=CARTESIAN_POINT('',(2.85,0.075,2.));
#12891=CARTESIAN_POINT('Origin',(0.,0.075,0.));
#12892=CARTESIAN_POINT('',(2.85,0.075,1.575));
#12893=CARTESIAN_POINT('',(2.7,0.075,1.425));
#12894=CARTESIAN_POINT('',(3.,0.075,1.425));
#12895=CARTESIAN_POINT('',(2.7,0.075,1.425));
#12896=CARTESIAN_POINT('Origin',(2.7,0.175,1.425));
#12897=CARTESIAN_POINT('',(2.7,0.175,1.425));
#12898=CARTESIAN_POINT('Origin',(3.,0.175,1.425));
#12899=CARTESIAN_POINT('Origin',(2.85,0.175,1.575));
#12900=CARTESIAN_POINT('Origin',(3.,-0.025,-1.2));
#12901=CARTESIAN_POINT('',(2.75,0.175,-1.2));
#12902=CARTESIAN_POINT('',(3.,0.175,-1.2));
#12903=CARTESIAN_POINT('',(2.75,0.175,-1.2));
#12904=CARTESIAN_POINT('Origin',(2.75,0.175,-1.1));
#12905=CARTESIAN_POINT('',(2.65,0.175,-1.1));
#12906=CARTESIAN_POINT('Origin',(2.75,0.175,-1.1));
#12907=CARTESIAN_POINT('',(2.65,0.,-1.1));
#12908=CARTESIAN_POINT('Origin',(2.65,-0.025,-1.1723));
#12909=CARTESIAN_POINT('',(2.65,0.175,-0.2));
#12910=CARTESIAN_POINT('',(2.65,0.175,-1.1));
#12911=CARTESIAN_POINT('',(2.65,0.,-0.2));
#12912=CARTESIAN_POINT('Origin',(2.75,-0.025,-0.2));
#12913=CARTESIAN_POINT('',(2.75,0.175,-0.1));
#12914=CARTESIAN_POINT('Origin',(2.75,0.175,-0.2));
#12915=CARTESIAN_POINT('',(2.75,0.,-0.1));
#12916=CARTESIAN_POINT('Origin',(2.75,-0.025,-0.1));
#12917=CARTESIAN_POINT('',(2.75,0.175,-0.1));
#12918=CARTESIAN_POINT('Origin',(0.,0.175,0.));
#12919=CARTESIAN_POINT('',(2.85,0.175,-1.));
#12920=CARTESIAN_POINT('',(2.85,0.175,-1.));
#12921=CARTESIAN_POINT('',(2.85,0.175,-0.75));
#12922=CARTESIAN_POINT('',(2.85,0.175,-0.75));
#12923=CARTESIAN_POINT('',(3.,0.175,-0.75));
#12924=CARTESIAN_POINT('',(2.85,0.175,-0.55));
#12925=CARTESIAN_POINT('',(2.85,0.175,-0.55));
#12926=CARTESIAN_POINT('',(2.85,0.175,-0.3));
#12927=CARTESIAN_POINT('',(2.85,0.175,-0.3));
#12928=CARTESIAN_POINT('',(3.,0.175,-0.3));
#12929=CARTESIAN_POINT('Origin',(3.,-0.025,-0.3));
#12930=CARTESIAN_POINT('',(2.85,0.,-0.3));
#12931=CARTESIAN_POINT('Origin',(2.85,-0.025,-0.3));
#12932=CARTESIAN_POINT('',(2.85,0.,-0.55));
#12933=CARTESIAN_POINT('Origin',(2.85,-0.025,-0.55));
#12934=CARTESIAN_POINT('Origin',(3.,-0.025,-0.75));
#12935=CARTESIAN_POINT('',(2.85,0.,-0.75));
#12936=CARTESIAN_POINT('Origin',(2.85,-0.025,-0.75));
#12937=CARTESIAN_POINT('',(2.85,0.,-1.));
#12938=CARTESIAN_POINT('Origin',(2.85,-0.025,-1.));
#12939=CARTESIAN_POINT('Origin',(0.,0.175,0.));
#12940=CARTESIAN_POINT('',(2.7,0.175,-1.425));
#12941=CARTESIAN_POINT('',(3.,0.175,-1.425));
#12942=CARTESIAN_POINT('',(2.7,0.175,-1.425));
#12943=CARTESIAN_POINT('',(2.85,0.175,-1.575));
#12944=CARTESIAN_POINT('',(2.85,0.175,-2.));
#12945=CARTESIAN_POINT('',(2.85,0.175,-1.575));
#12946=CARTESIAN_POINT('Origin',(2.85,0.175,-1.575));
#12947=CARTESIAN_POINT('',(2.85,0.075,-1.575));
#12948=CARTESIAN_POINT('',(2.85,0.175,-1.575));
#12949=CARTESIAN_POINT('',(2.85,0.075,-1.575));
#12950=CARTESIAN_POINT('Origin',(0.,0.075,0.));
#12951=CARTESIAN_POINT('',(2.85,0.075,-2.));
#12952=CARTESIAN_POINT('',(2.7,0.075,-1.425));
#12953=CARTESIAN_POINT('',(2.7,0.075,-1.425));
#12954=CARTESIAN_POINT('',(3.,0.075,-1.425));
#12955=CARTESIAN_POINT('Origin',(3.,0.175,-1.425));
#12956=CARTESIAN_POINT('',(2.7,0.175,-1.425));
#12957=CARTESIAN_POINT('Origin',(2.7,0.175,-1.425));
#12958=CARTESIAN_POINT('Origin',(2.85,0.175,-2.));
#12959=CARTESIAN_POINT('',(0.,0.,0.));
#12960=CARTESIAN_POINT('Origin',(-2.175,0.05,-1.175));
#12961=CARTESIAN_POINT('',(-2.325,0.,-1.025));
#12962=CARTESIAN_POINT('',(-2.325,0.1,-1.025));
#12963=CARTESIAN_POINT('',(-2.325,0.,-1.025));
#12964=CARTESIAN_POINT('',(-2.025,0.1,-1.325));
#12965=CARTESIAN_POINT('',(-2.025,0.1,-1.325));
#12966=CARTESIAN_POINT('',(-2.025,0.,-1.325));
#12967=CARTESIAN_POINT('',(-2.025,0.,-1.325));
#12968=CARTESIAN_POINT('',(-2.325,0.,-1.025));
#12969=CARTESIAN_POINT('Origin',(-2.325,0.1,1.325));
#12970=CARTESIAN_POINT('',(-2.325,0.,1.325));
#12971=CARTESIAN_POINT('',(-2.325,0.,1.325));
#12972=CARTESIAN_POINT('',(-2.325,0.1,1.325));
#12973=CARTESIAN_POINT('',(-2.325,0.1,1.325));
#12974=CARTESIAN_POINT('',(-2.325,0.1,1.325));
#12975=CARTESIAN_POINT('Origin',(0.,0.1,0.));
#12976=CARTESIAN_POINT('',(-2.5,0.1,-1.5));
#12977=CARTESIAN_POINT('',(-2.5,0.1,1.5));
#12978=CARTESIAN_POINT('',(-2.5,0.1,-1.5));
#12979=CARTESIAN_POINT('',(2.5,0.1,-1.5));
#12980=CARTESIAN_POINT('',(2.5,0.1,-1.5));
#12981=CARTESIAN_POINT('',(2.5,0.1,1.5));
#12982=CARTESIAN_POINT('',(2.5,0.1,1.5));
#12983=CARTESIAN_POINT('',(-2.5,0.1,1.5));
#12984=CARTESIAN_POINT('',(2.325,0.1,-1.325));
#12985=CARTESIAN_POINT('',(2.325,0.1,1.325));
#12986=CARTESIAN_POINT('',(2.325,0.1,-1.325));
#12987=CARTESIAN_POINT('',(0.795,0.1,-1.325));
#12988=CARTESIAN_POINT('',(0.795,0.1,-1.325));
#12989=CARTESIAN_POINT('',(0.795,0.1,1.325));
#12990=CARTESIAN_POINT('',(0.795,0.1,1.325));
#12991=CARTESIAN_POINT('',(2.325,0.1,1.325));
#12992=CARTESIAN_POINT('',(0.395,0.1,1.325));
#12993=CARTESIAN_POINT('',(0.395,0.1,1.325));
#12994=CARTESIAN_POINT('',(0.395,0.1,-1.325));
#12995=CARTESIAN_POINT('',(0.395,0.1,-1.325));
#12996=CARTESIAN_POINT('',(-2.025,0.1,-1.325));
#12997=CARTESIAN_POINT('Origin',(-2.5,0.1,-1.5));
#12998=CARTESIAN_POINT('',(-2.5,0.2,1.5));
#12999=CARTESIAN_POINT('',(-2.5,0.1,1.5));
#13000=CARTESIAN_POINT('',(-2.5,0.2,-1.5));
#13001=CARTESIAN_POINT('',(-2.5,0.2,-1.5));
#13002=CARTESIAN_POINT('',(-2.5,0.1,-1.5));
#13003=CARTESIAN_POINT('Origin',(2.5,0.1,-1.5));
#13004=CARTESIAN_POINT('',(2.5,0.2,-1.5));
#13005=CARTESIAN_POINT('',(2.5,0.2,-1.5));
#13006=CARTESIAN_POINT('',(2.5,0.1,-1.5));
#13007=CARTESIAN_POINT('Origin',(2.5,0.1,1.5));
#13008=CARTESIAN_POINT('',(2.5,0.2,1.5));
#13009=CARTESIAN_POINT('',(2.5,0.2,1.5));
#13010=CARTESIAN_POINT('',(2.5,0.1,1.5));
#13011=CARTESIAN_POINT('Origin',(-2.5,0.1,1.5));
#13012=CARTESIAN_POINT('',(-2.5,0.2,1.5));
#13013=CARTESIAN_POINT('Origin',(0.,0.2,0.));
#13014=CARTESIAN_POINT('Origin',(2.325,0.1,-1.325));
#13015=CARTESIAN_POINT('',(2.325,0.,1.325));
#13016=CARTESIAN_POINT('',(2.325,0.1,1.325));
#13017=CARTESIAN_POINT('',(2.325,0.,-1.325));
#13018=CARTESIAN_POINT('',(2.325,0.,-1.325));
#13019=CARTESIAN_POINT('',(2.325,0.1,-1.325));
#13020=CARTESIAN_POINT('Origin',(0.795,0.1,-1.325));
#13021=CARTESIAN_POINT('',(0.795,0.,-1.325));
#13022=CARTESIAN_POINT('',(0.795,0.,-1.325));
#13023=CARTESIAN_POINT('',(0.795,0.1,-1.325));
#13024=CARTESIAN_POINT('Origin',(0.795,0.1,1.325));
#13025=CARTESIAN_POINT('',(0.795,0.,1.325));
#13026=CARTESIAN_POINT('',(0.795,0.,1.325));
#13027=CARTESIAN_POINT('',(0.795,0.1,1.325));
#13028=CARTESIAN_POINT('Origin',(2.325,0.1,1.325));
#13029=CARTESIAN_POINT('',(2.325,0.,1.325));
#13030=CARTESIAN_POINT('Origin',(0.,0.,0.));
#13031=CARTESIAN_POINT('Origin',(-2.325,0.1,-1.325));
#13032=CARTESIAN_POINT('',(0.395,0.,-1.325));
#13033=CARTESIAN_POINT('',(0.395,0.1,-1.325));
#13034=CARTESIAN_POINT('',(-2.025,0.,-1.325));
#13035=CARTESIAN_POINT('Origin',(0.,0.,0.));
#13036=CARTESIAN_POINT('',(0.395,0.,1.325));
#13037=CARTESIAN_POINT('',(0.395,0.,-1.325));
#13038=CARTESIAN_POINT('',(0.395,0.,1.325));
#13039=CARTESIAN_POINT('Origin',(0.395,0.1,1.325));
#13040=CARTESIAN_POINT('',(0.395,0.1,1.325));
#13041=CARTESIAN_POINT('Origin',(0.395,0.1,-1.325));
#13042=CARTESIAN_POINT('Origin',(2.75,0.2,1.1));
#13043=CARTESIAN_POINT('',(2.65,0.,1.1));
#13044=CARTESIAN_POINT('',(2.75,0.,1.2));
#13045=CARTESIAN_POINT('Origin',(2.75,0.,1.1));
#13046=CARTESIAN_POINT('',(2.75,0.2,1.2));
#13047=CARTESIAN_POINT('',(2.75,0.2,1.2));
#13048=CARTESIAN_POINT('',(2.65,0.2,1.1));
#13049=CARTESIAN_POINT('Origin',(2.75,0.2,1.1));
#13050=CARTESIAN_POINT('',(2.65,0.,1.1));
#13051=CARTESIAN_POINT('Origin',(0.,0.,0.));
#13052=CARTESIAN_POINT('',(2.65,0.,0.2));
#13053=CARTESIAN_POINT('',(2.65,0.,0.2));
#13054=CARTESIAN_POINT('',(2.75,0.,0.1));
#13055=CARTESIAN_POINT('Origin',(2.75,0.,0.2));
#13056=CARTESIAN_POINT('',(3.,0.,0.1));
#13057=CARTESIAN_POINT('',(2.75,0.,0.1));
#13058=CARTESIAN_POINT('',(3.,0.,0.3));
#13059=CARTESIAN_POINT('',(3.,0.,0.1));
#13060=CARTESIAN_POINT('',(2.85,0.,0.3));
#13061=CARTESIAN_POINT('',(3.,0.,0.3));
#13062=CARTESIAN_POINT('',(2.85,0.,0.55));
#13063=CARTESIAN_POINT('',(2.85,0.,0.3));
#13064=CARTESIAN_POINT('',(3.,0.,0.55));
#13065=CARTESIAN_POINT('',(2.85,0.,0.55));
#13066=CARTESIAN_POINT('',(3.,0.,0.75));
#13067=CARTESIAN_POINT('',(3.,0.,0.55));
#13068=CARTESIAN_POINT('',(2.85,0.,0.75));
#13069=CARTESIAN_POINT('',(3.,0.,0.75));
#13070=CARTESIAN_POINT('',(2.85,0.,1.));
#13071=CARTESIAN_POINT('',(2.85,0.,0.75));
#13072=CARTESIAN_POINT('',(3.,0.,1.));
#13073=CARTESIAN_POINT('',(3.,0.,1.));
#13074=CARTESIAN_POINT('',(3.,0.,1.2));
#13075=CARTESIAN_POINT('',(3.,0.,1.2));
#13076=CARTESIAN_POINT('',(3.,0.,1.2));
#13077=CARTESIAN_POINT('Origin',(2.75,0.,1.2));
#13078=CARTESIAN_POINT('',(3.,0.2,1.2));
#13079=CARTESIAN_POINT('',(3.,0.,1.2));
#13080=CARTESIAN_POINT('',(2.75,0.2,1.2));
#13081=CARTESIAN_POINT('Origin',(0.,0.2,0.));
#13082=CARTESIAN_POINT('',(3.,0.2,1.));
#13083=CARTESIAN_POINT('',(3.,0.2,1.2));
#13084=CARTESIAN_POINT('',(2.85,0.2,1.));
#13085=CARTESIAN_POINT('',(3.,0.2,1.));
#13086=CARTESIAN_POINT('',(2.85,0.2,0.75));
#13087=CARTESIAN_POINT('',(2.85,0.2,0.75));
#13088=CARTESIAN_POINT('',(3.,0.2,0.75));
#13089=CARTESIAN_POINT('',(3.,0.2,0.75));
#13090=CARTESIAN_POINT('',(3.,0.2,0.55));
#13091=CARTESIAN_POINT('',(3.,0.2,0.55));
#13092=CARTESIAN_POINT('',(2.85,0.2,0.55));
#13093=CARTESIAN_POINT('',(2.85,0.2,0.55));
#13094=CARTESIAN_POINT('',(2.85,0.2,0.3));
#13095=CARTESIAN_POINT('',(2.85,0.2,0.3));
#13096=CARTESIAN_POINT('',(3.,0.2,0.3));
#13097=CARTESIAN_POINT('',(3.,0.2,0.3));
#13098=CARTESIAN_POINT('',(3.,0.2,0.1));
#13099=CARTESIAN_POINT('',(3.,0.2,0.1));
#13100=CARTESIAN_POINT('',(2.75,0.2,0.1));
#13101=CARTESIAN_POINT('',(2.75,0.2,0.1));
#13102=CARTESIAN_POINT('',(2.65,0.2,0.2));
#13103=CARTESIAN_POINT('Origin',(2.75,0.2,0.2));
#13104=CARTESIAN_POINT('',(2.65,0.2,1.1));
#13105=CARTESIAN_POINT('Origin',(2.65,0.,1.1723));
#13106=CARTESIAN_POINT('',(2.65,0.,0.2));
#13107=CARTESIAN_POINT('Origin',(2.75,0.,0.2));
#13108=CARTESIAN_POINT('',(2.75,0.,0.1));
#13109=CARTESIAN_POINT('Origin',(2.75,0.,0.1));
#13110=CARTESIAN_POINT('',(3.,0.,0.1));
#13111=CARTESIAN_POINT('Origin',(3.,0.,0.1));
#13112=CARTESIAN_POINT('',(3.,0.,0.3));
#13113=CARTESIAN_POINT('Origin',(3.,0.,0.3));
#13114=CARTESIAN_POINT('',(2.85,0.,0.3));
#13115=CARTESIAN_POINT('Origin',(2.85,0.,0.3));
#13116=CARTESIAN_POINT('',(2.85,0.,0.55));
#13117=CARTESIAN_POINT('Origin',(2.85,0.,0.55));
#13118=CARTESIAN_POINT('',(3.,0.,0.55));
#13119=CARTESIAN_POINT('Origin',(3.,0.,0.55));
#13120=CARTESIAN_POINT('',(3.,0.,0.75));
#13121=CARTESIAN_POINT('Origin',(3.,0.,0.75));
#13122=CARTESIAN_POINT('',(2.85,0.,0.75));
#13123=CARTESIAN_POINT('Origin',(2.85,0.,0.75));
#13124=CARTESIAN_POINT('',(2.85,0.,1.));
#13125=CARTESIAN_POINT('Origin',(3.,0.,1.));
#13126=CARTESIAN_POINT('',(3.,0.,1.));
#13127=CARTESIAN_POINT('Origin',(3.,0.,1.2));
#13128=CARTESIAN_POINT('Origin',(0.,0.,0.));
#13129=CARTESIAN_POINT('',(-2.5,0.,-2.));
#13130=CARTESIAN_POINT('',(-2.5,0.,-1.75));
#13131=CARTESIAN_POINT('',(-2.5,0.,-2.));
#13132=CARTESIAN_POINT('',(-2.3,0.,-2.));
#13133=CARTESIAN_POINT('',(-2.3,0.,-2.));
#13134=CARTESIAN_POINT('',(-2.3,0.,-1.75));
#13135=CARTESIAN_POINT('',(-2.3,0.,-1.75));
#13136=CARTESIAN_POINT('Origin',(-2.4,0.,-1.75));
#13137=CARTESIAN_POINT('Origin',(-2.5,0.,-2.));
#13138=CARTESIAN_POINT('',(-2.5,0.2,-1.75));
#13139=CARTESIAN_POINT('',(-2.5,0.,-1.75));
#13140=CARTESIAN_POINT('',(-2.5,0.2,-2.));
#13141=CARTESIAN_POINT('',(-2.5,0.2,-2.));
#13142=CARTESIAN_POINT('',(-2.5,0.,-2.));
#13143=CARTESIAN_POINT('Origin',(-2.3,0.,-2.));
#13144=CARTESIAN_POINT('',(-2.3,0.2,-2.));
#13145=CARTESIAN_POINT('',(-2.3,0.2,-2.));
#13146=CARTESIAN_POINT('',(-2.3,0.,-2.));
#13147=CARTESIAN_POINT('Origin',(-2.3,0.,-1.75));
#13148=CARTESIAN_POINT('',(-2.3,0.2,-1.75));
#13149=CARTESIAN_POINT('',(-2.3,0.2,-1.75));
#13150=CARTESIAN_POINT('',(-2.3,0.,-1.75));
#13151=CARTESIAN_POINT('Origin',(-2.4,0.,-1.75));
#13152=CARTESIAN_POINT('Origin',(-2.4,0.2,-1.75));
#13153=CARTESIAN_POINT('Origin',(0.,0.2,0.));
#13154=CARTESIAN_POINT('Origin',(0.,0.,0.));
#13155=CARTESIAN_POINT('',(-2.1,0.,-2.));
#13156=CARTESIAN_POINT('',(-2.1,0.,-1.75));
#13157=CARTESIAN_POINT('',(-2.1,0.,-2.));
#13158=CARTESIAN_POINT('',(-1.9,0.,-2.));
#13159=CARTESIAN_POINT('',(-1.9,0.,-2.));
#13160=CARTESIAN_POINT('',(-1.9,0.,-1.75));
#13161=CARTESIAN_POINT('',(-1.9,0.,-1.75));
#13162=CARTESIAN_POINT('Origin',(-2.,0.,-1.75));
#13163=CARTESIAN_POINT('Origin',(-2.1,0.,-2.));
#13164=CARTESIAN_POINT('',(-2.1,0.2,-1.75));
#13165=CARTESIAN_POINT('',(-2.1,0.,-1.75));
#13166=CARTESIAN_POINT('',(-2.1,0.2,-2.));
#13167=CARTESIAN_POINT('',(-2.1,0.2,-2.));
#13168=CARTESIAN_POINT('',(-2.1,0.,-2.));
#13169=CARTESIAN_POINT('Origin',(-1.9,0.,-2.));
#13170=CARTESIAN_POINT('',(-1.9,0.2,-2.));
#13171=CARTESIAN_POINT('',(-1.9,0.2,-2.));
#13172=CARTESIAN_POINT('',(-1.9,0.,-2.));
#13173=CARTESIAN_POINT('Origin',(-1.9,0.,-1.75));
#13174=CARTESIAN_POINT('',(-1.9,0.2,-1.75));
#13175=CARTESIAN_POINT('',(-1.9,0.2,-1.75));
#13176=CARTESIAN_POINT('',(-1.9,0.,-1.75));
#13177=CARTESIAN_POINT('Origin',(-2.,0.,-1.75));
#13178=CARTESIAN_POINT('Origin',(-2.,0.2,-1.75));
#13179=CARTESIAN_POINT('Origin',(0.,0.2,0.));
#13180=CARTESIAN_POINT('Origin',(0.,0.,0.));
#13181=CARTESIAN_POINT('',(-1.7,0.,-2.));
#13182=CARTESIAN_POINT('',(-1.7,0.,-1.75));
#13183=CARTESIAN_POINT('',(-1.7,0.,-2.));
#13184=CARTESIAN_POINT('',(-1.5,0.,-2.));
#13185=CARTESIAN_POINT('',(-1.5,0.,-2.));
#13186=CARTESIAN_POINT('',(-1.5,0.,-1.75));
#13187=CARTESIAN_POINT('',(-1.5,0.,-1.75));
#13188=CARTESIAN_POINT('Origin',(-1.6,0.,-1.75));
#13189=CARTESIAN_POINT('Origin',(-1.7,0.,-2.));
#13190=CARTESIAN_POINT('',(-1.7,0.2,-1.75));
#13191=CARTESIAN_POINT('',(-1.7,0.,-1.75));
#13192=CARTESIAN_POINT('',(-1.7,0.2,-2.));
#13193=CARTESIAN_POINT('',(-1.7,0.2,-2.));
#13194=CARTESIAN_POINT('',(-1.7,0.,-2.));
#13195=CARTESIAN_POINT('Origin',(-1.5,0.,-2.));
#13196=CARTESIAN_POINT('',(-1.5,0.2,-2.));
#13197=CARTESIAN_POINT('',(-1.5,0.2,-2.));
#13198=CARTESIAN_POINT('',(-1.5,0.,-2.));
#13199=CARTESIAN_POINT('Origin',(-1.5,0.,-1.75));
#13200=CARTESIAN_POINT('',(-1.5,0.2,-1.75));
#13201=CARTESIAN_POINT('',(-1.5,0.2,-1.75));
#13202=CARTESIAN_POINT('',(-1.5,0.,-1.75));
#13203=CARTESIAN_POINT('Origin',(-1.6,0.,-1.75));
#13204=CARTESIAN_POINT('Origin',(-1.6,0.2,-1.75));
#13205=CARTESIAN_POINT('Origin',(0.,0.2,0.));
#13206=CARTESIAN_POINT('Origin',(-1.1,0.,-1.85));
#13207=CARTESIAN_POINT('',(-1.1,0.,-1.85));
#13208=CARTESIAN_POINT('',(-1.1,0.2,-1.85));
#13209=CARTESIAN_POINT('',(-1.1,0.,-1.85));
#13210=CARTESIAN_POINT('',(-0.9,0.2,-1.85));
#13211=CARTESIAN_POINT('',(-1.1,0.2,-1.85));
#13212=CARTESIAN_POINT('',(-0.9,0.,-1.85));
#13213=CARTESIAN_POINT('',(-0.9,0.,-1.85));
#13214=CARTESIAN_POINT('',(-1.1,0.,-1.85));
#13215=CARTESIAN_POINT('Origin',(-1.1,0.,-1.75));
#13216=CARTESIAN_POINT('',(-1.1,0.,-2.));
#13217=CARTESIAN_POINT('',(-1.1,0.,-1.85));
#13218=CARTESIAN_POINT('',(-1.1,0.2,-2.));
#13219=CARTESIAN_POINT('',(-1.1,0.,-2.));
#13220=CARTESIAN_POINT('',(-1.1,0.2,-1.85));
#13221=CARTESIAN_POINT('Origin',(0.,0.2,0.));
#13222=CARTESIAN_POINT('',(-1.3,0.2,-2.));
#13223=CARTESIAN_POINT('',(-1.1,0.2,-2.));
#13224=CARTESIAN_POINT('',(-1.3,0.2,-1.75));
#13225=CARTESIAN_POINT('',(-1.3,0.2,-2.));
#13226=CARTESIAN_POINT('',(-1.2,0.2,-1.65));
#13227=CARTESIAN_POINT('Origin',(-1.2,0.2,-1.75));
#13228=CARTESIAN_POINT('',(-0.8,0.2,-1.65));
#13229=CARTESIAN_POINT('',(-0.8,0.2,-1.65));
#13230=CARTESIAN_POINT('',(-0.7,0.2,-1.75));
#13231=CARTESIAN_POINT('Origin',(-0.8,0.2,-1.75));
#13232=CARTESIAN_POINT('',(-0.7,0.2,-2.));
#13233=CARTESIAN_POINT('',(-0.7,0.2,-1.75));
#13234=CARTESIAN_POINT('',(-0.9,0.2,-2.));
#13235=CARTESIAN_POINT('',(-0.7,0.2,-2.));
#13236=CARTESIAN_POINT('',(-0.9,0.2,-2.));
#13237=CARTESIAN_POINT('Origin',(-0.9,0.,-2.));
#13238=CARTESIAN_POINT('',(-0.9,0.,-2.));
#13239=CARTESIAN_POINT('',(-0.9,0.,-2.));
#13240=CARTESIAN_POINT('',(-0.9,0.,-2.));
#13241=CARTESIAN_POINT('Origin',(0.,0.,0.));
#13242=CARTESIAN_POINT('',(-0.8,0.,-1.65));
#13243=CARTESIAN_POINT('',(-1.2,0.,-1.65));
#13244=CARTESIAN_POINT('',(-0.8,0.,-1.65));
#13245=CARTESIAN_POINT('',(-1.3,0.,-1.75));
#13246=CARTESIAN_POINT('Origin',(-1.2,0.,-1.75));
#13247=CARTESIAN_POINT('',(-1.3,0.,-2.));
#13248=CARTESIAN_POINT('',(-1.3,0.,-2.));
#13249=CARTESIAN_POINT('',(-1.1,0.,-2.));
#13250=CARTESIAN_POINT('',(-0.7,0.,-2.));
#13251=CARTESIAN_POINT('',(-0.7,0.,-2.));
#13252=CARTESIAN_POINT('',(-0.7,0.,-1.75));
#13253=CARTESIAN_POINT('',(-0.7,0.,-1.75));
#13254=CARTESIAN_POINT('Origin',(-0.8,0.,-1.75));
#13255=CARTESIAN_POINT('Origin',(-0.8,0.,-1.65));
#13256=CARTESIAN_POINT('',(-1.2,0.,-1.65));
#13257=CARTESIAN_POINT('',(-0.8,0.,-1.65));
#13258=CARTESIAN_POINT('Origin',(-1.2,0.,-1.75));
#13259=CARTESIAN_POINT('',(-1.3,0.,-1.75));
#13260=CARTESIAN_POINT('Origin',(-1.3,0.,-2.));
#13261=CARTESIAN_POINT('',(-1.3,0.,-2.));
#13262=CARTESIAN_POINT('Origin',(-1.1,0.,-2.));
#13263=CARTESIAN_POINT('Origin',(-0.8,0.,-1.75));
#13264=CARTESIAN_POINT('',(-0.7,0.,-1.75));
#13265=CARTESIAN_POINT('Origin',(-0.7,0.,-1.75));
#13266=CARTESIAN_POINT('',(-0.7,0.,-2.));
#13267=CARTESIAN_POINT('Origin',(-0.7,0.,-2.));
#13268=CARTESIAN_POINT('Origin',(-0.3,0.,-1.85));
#13269=CARTESIAN_POINT('',(-0.3,0.,-1.85));
#13270=CARTESIAN_POINT('',(-0.3,0.2,-1.85));
#13271=CARTESIAN_POINT('',(-0.3,0.,-1.85));
#13272=CARTESIAN_POINT('',(-0.1,0.2,-1.85));
#13273=CARTESIAN_POINT('',(-0.3,0.2,-1.85));
#13274=CARTESIAN_POINT('',(-0.1,0.,-1.85));
#13275=CARTESIAN_POINT('',(-0.1,0.,-1.85));
#13276=CARTESIAN_POINT('',(-0.3,0.,-1.85));
#13277=CARTESIAN_POINT('Origin',(-0.3,0.,-1.75));
#13278=CARTESIAN_POINT('',(-0.3,0.,-2.));
#13279=CARTESIAN_POINT('',(-0.3,0.,-1.85));
#13280=CARTESIAN_POINT('',(-0.3,0.2,-2.));
#13281=CARTESIAN_POINT('',(-0.3,0.,-2.));
#13282=CARTESIAN_POINT('',(-0.3,0.2,-1.85));
#13283=CARTESIAN_POINT('Origin',(0.,0.2,0.));
#13284=CARTESIAN_POINT('',(-0.5,0.2,-2.));
#13285=CARTESIAN_POINT('',(-0.3,0.2,-2.));
#13286=CARTESIAN_POINT('',(-0.5,0.2,-1.75));
#13287=CARTESIAN_POINT('',(-0.5,0.2,-2.));
#13288=CARTESIAN_POINT('',(-0.4,0.2,-1.65));
#13289=CARTESIAN_POINT('Origin',(-0.4,0.2,-1.75));
#13290=CARTESIAN_POINT('',(0.,0.2,-1.65));
#13291=CARTESIAN_POINT('',(0.,0.2,-1.65));
#13292=CARTESIAN_POINT('',(0.1,0.2,-1.75));
#13293=CARTESIAN_POINT('Origin',(0.,0.2,-1.75));
#13294=CARTESIAN_POINT('',(0.1,0.2,-2.));
#13295=CARTESIAN_POINT('',(0.1,0.2,-1.75));
#13296=CARTESIAN_POINT('',(-0.1,0.2,-2.));
#13297=CARTESIAN_POINT('',(0.1,0.2,-2.));
#13298=CARTESIAN_POINT('',(-0.1,0.2,-2.));
#13299=CARTESIAN_POINT('Origin',(-0.1,0.,-2.));
#13300=CARTESIAN_POINT('',(-0.1,0.,-2.));
#13301=CARTESIAN_POINT('',(-0.1,0.,-2.));
#13302=CARTESIAN_POINT('',(-0.1,0.,-2.));
#13303=CARTESIAN_POINT('Origin',(0.,0.,0.));
#13304=CARTESIAN_POINT('',(0.,0.,-1.65));
#13305=CARTESIAN_POINT('',(-0.4,0.,-1.65));
#13306=CARTESIAN_POINT('',(0.,0.,-1.65));
#13307=CARTESIAN_POINT('',(-0.5,0.,-1.75));
#13308=CARTESIAN_POINT('Origin',(-0.4,0.,-1.75));
#13309=CARTESIAN_POINT('',(-0.5,0.,-2.));
#13310=CARTESIAN_POINT('',(-0.5,0.,-2.));
#13311=CARTESIAN_POINT('',(-0.3,0.,-2.));
#13312=CARTESIAN_POINT('',(0.1,0.,-2.));
#13313=CARTESIAN_POINT('',(0.1,0.,-2.));
#13314=CARTESIAN_POINT('',(0.1,0.,-1.75));
#13315=CARTESIAN_POINT('',(0.1,0.,-1.75));
#13316=CARTESIAN_POINT('Origin',(0.,0.,-1.75));
#13317=CARTESIAN_POINT('Origin',(0.,0.,-1.65));
#13318=CARTESIAN_POINT('',(-0.4,0.,-1.65));
#13319=CARTESIAN_POINT('',(0.,0.,-1.65));
#13320=CARTESIAN_POINT('Origin',(-0.4,0.,-1.75));
#13321=CARTESIAN_POINT('',(-0.5,0.,-1.75));
#13322=CARTESIAN_POINT('Origin',(-0.5,0.,-2.));
#13323=CARTESIAN_POINT('',(-0.5,0.,-2.));
#13324=CARTESIAN_POINT('Origin',(-0.3,0.,-2.));
#13325=CARTESIAN_POINT('Origin',(0.,0.,-1.75));
#13326=CARTESIAN_POINT('',(0.1,0.,-1.75));
#13327=CARTESIAN_POINT('Origin',(0.1,0.,-1.75));
#13328=CARTESIAN_POINT('',(0.1,0.,-2.));
#13329=CARTESIAN_POINT('Origin',(0.1,0.,-2.));
#13330=CARTESIAN_POINT('Origin',(0.,0.,0.));
#13331=CARTESIAN_POINT('',(0.3,0.,-2.));
#13332=CARTESIAN_POINT('',(0.3,0.,-1.75));
#13333=CARTESIAN_POINT('',(0.3,0.,-2.));
#13334=CARTESIAN_POINT('',(0.5,0.,-2.));
#13335=CARTESIAN_POINT('',(0.5,0.,-2.));
#13336=CARTESIAN_POINT('',(0.5,0.,-1.75));
#13337=CARTESIAN_POINT('',(0.5,0.,-1.75));
#13338=CARTESIAN_POINT('Origin',(0.4,0.,-1.75));
#13339=CARTESIAN_POINT('Origin',(0.3,0.,-2.));
#13340=CARTESIAN_POINT('',(0.3,0.2,-1.75));
#13341=CARTESIAN_POINT('',(0.3,0.,-1.75));
#13342=CARTESIAN_POINT('',(0.3,0.2,-2.));
#13343=CARTESIAN_POINT('',(0.3,0.2,-2.));
#13344=CARTESIAN_POINT('',(0.3,0.,-2.));
#13345=CARTESIAN_POINT('Origin',(0.5,0.,-2.));
#13346=CARTESIAN_POINT('',(0.5,0.2,-2.));
#13347=CARTESIAN_POINT('',(0.5,0.2,-2.));
#13348=CARTESIAN_POINT('',(0.5,0.,-2.));
#13349=CARTESIAN_POINT('Origin',(0.5,0.,-1.75));
#13350=CARTESIAN_POINT('',(0.5,0.2,-1.75));
#13351=CARTESIAN_POINT('',(0.5,0.2,-1.75));
#13352=CARTESIAN_POINT('',(0.5,0.,-1.75));
#13353=CARTESIAN_POINT('Origin',(0.4,0.,-1.75));
#13354=CARTESIAN_POINT('Origin',(0.4,0.2,-1.75));
#13355=CARTESIAN_POINT('Origin',(0.,0.2,0.));
#13356=CARTESIAN_POINT('Origin',(0.,0.,0.));
#13357=CARTESIAN_POINT('',(-2.5,0.,2.));
#13358=CARTESIAN_POINT('',(-2.5,0.,1.75));
#13359=CARTESIAN_POINT('',(-2.5,0.,2.));
#13360=CARTESIAN_POINT('',(-2.3,0.,1.75));
#13361=CARTESIAN_POINT('Origin',(-2.4,0.,1.75));
#13362=CARTESIAN_POINT('',(-2.3,0.,2.));
#13363=CARTESIAN_POINT('',(-2.3,0.,1.75));
#13364=CARTESIAN_POINT('',(-2.3,0.,2.));
#13365=CARTESIAN_POINT('Origin',(-2.5,0.,2.));
#13366=CARTESIAN_POINT('',(-2.5,0.2,2.));
#13367=CARTESIAN_POINT('',(-2.5,0.,2.));
#13368=CARTESIAN_POINT('',(-2.5,0.2,1.75));
#13369=CARTESIAN_POINT('',(-2.5,0.2,2.));
#13370=CARTESIAN_POINT('',(-2.5,0.,1.75));
#13371=CARTESIAN_POINT('Origin',(-2.4,0.,1.75));
#13372=CARTESIAN_POINT('',(-2.3,0.2,1.75));
#13373=CARTESIAN_POINT('Origin',(-2.4,0.2,1.75));
#13374=CARTESIAN_POINT('',(-2.3,0.,1.75));
#13375=CARTESIAN_POINT('Origin',(-2.3,0.,1.75));
#13376=CARTESIAN_POINT('',(-2.3,0.2,2.));
#13377=CARTESIAN_POINT('',(-2.3,0.2,1.75));
#13378=CARTESIAN_POINT('',(-2.3,0.,2.));
#13379=CARTESIAN_POINT('Origin',(-2.3,0.,2.));
#13380=CARTESIAN_POINT('',(-2.3,0.2,2.));
#13381=CARTESIAN_POINT('Origin',(0.,0.2,0.));
#13382=CARTESIAN_POINT('Origin',(0.,0.,0.));
#13383=CARTESIAN_POINT('',(-2.1,0.,2.));
#13384=CARTESIAN_POINT('',(-2.1,0.,1.75));
#13385=CARTESIAN_POINT('',(-2.1,0.,2.));
#13386=CARTESIAN_POINT('',(-1.9,0.,1.75));
#13387=CARTESIAN_POINT('Origin',(-2.,0.,1.75));
#13388=CARTESIAN_POINT('',(-1.9,0.,2.));
#13389=CARTESIAN_POINT('',(-1.9,0.,1.75));
#13390=CARTESIAN_POINT('',(-1.9,0.,2.));
#13391=CARTESIAN_POINT('Origin',(-2.1,0.,2.));
#13392=CARTESIAN_POINT('',(-2.1,0.2,2.));
#13393=CARTESIAN_POINT('',(-2.1,0.,2.));
#13394=CARTESIAN_POINT('',(-2.1,0.2,1.75));
#13395=CARTESIAN_POINT('',(-2.1,0.2,2.));
#13396=CARTESIAN_POINT('',(-2.1,0.,1.75));
#13397=CARTESIAN_POINT('Origin',(-2.,0.,1.75));
#13398=CARTESIAN_POINT('',(-1.9,0.2,1.75));
#13399=CARTESIAN_POINT('Origin',(-2.,0.2,1.75));
#13400=CARTESIAN_POINT('',(-1.9,0.,1.75));
#13401=CARTESIAN_POINT('Origin',(-1.9,0.,1.75));
#13402=CARTESIAN_POINT('',(-1.9,0.2,2.));
#13403=CARTESIAN_POINT('',(-1.9,0.2,1.75));
#13404=CARTESIAN_POINT('',(-1.9,0.,2.));
#13405=CARTESIAN_POINT('Origin',(-1.9,0.,2.));
#13406=CARTESIAN_POINT('',(-1.9,0.2,2.));
#13407=CARTESIAN_POINT('Origin',(0.,0.2,0.));
#13408=CARTESIAN_POINT('Origin',(0.,0.,0.));
#13409=CARTESIAN_POINT('',(-1.7,0.,2.));
#13410=CARTESIAN_POINT('',(-1.7,0.,1.75));
#13411=CARTESIAN_POINT('',(-1.7,0.,2.));
#13412=CARTESIAN_POINT('',(-1.5,0.,1.75));
#13413=CARTESIAN_POINT('Origin',(-1.6,0.,1.75));
#13414=CARTESIAN_POINT('',(-1.5,0.,2.));
#13415=CARTESIAN_POINT('',(-1.5,0.,1.75));
#13416=CARTESIAN_POINT('',(-1.5,0.,2.));
#13417=CARTESIAN_POINT('Origin',(-1.7,0.,2.));
#13418=CARTESIAN_POINT('',(-1.7,0.2,2.));
#13419=CARTESIAN_POINT('',(-1.7,0.,2.));
#13420=CARTESIAN_POINT('',(-1.7,0.2,1.75));
#13421=CARTESIAN_POINT('',(-1.7,0.2,2.));
#13422=CARTESIAN_POINT('',(-1.7,0.,1.75));
#13423=CARTESIAN_POINT('Origin',(-1.6,0.,1.75));
#13424=CARTESIAN_POINT('',(-1.5,0.2,1.75));
#13425=CARTESIAN_POINT('Origin',(-1.6,0.2,1.75));
#13426=CARTESIAN_POINT('',(-1.5,0.,1.75));
#13427=CARTESIAN_POINT('Origin',(-1.5,0.,1.75));
#13428=CARTESIAN_POINT('',(-1.5,0.2,2.));
#13429=CARTESIAN_POINT('',(-1.5,0.2,1.75));
#13430=CARTESIAN_POINT('',(-1.5,0.,2.));
#13431=CARTESIAN_POINT('Origin',(-1.5,0.,2.));
#13432=CARTESIAN_POINT('',(-1.5,0.2,2.));
#13433=CARTESIAN_POINT('Origin',(0.,0.2,0.));
#13434=CARTESIAN_POINT('Origin',(0.,0.,0.));
#13435=CARTESIAN_POINT('',(-1.3,0.,2.));
#13436=CARTESIAN_POINT('',(-1.3,0.,1.75));
#13437=CARTESIAN_POINT('',(-1.3,0.,2.));
#13438=CARTESIAN_POINT('',(-1.1,0.,1.75));
#13439=CARTESIAN_POINT('Origin',(-1.2,0.,1.75));
#13440=CARTESIAN_POINT('',(-1.1,0.,2.));
#13441=CARTESIAN_POINT('',(-1.1,0.,1.75));
#13442=CARTESIAN_POINT('',(-1.1,0.,2.));
#13443=CARTESIAN_POINT('Origin',(-1.3,0.,2.));
#13444=CARTESIAN_POINT('',(-1.3,0.2,2.));
#13445=CARTESIAN_POINT('',(-1.3,0.,2.));
#13446=CARTESIAN_POINT('',(-1.3,0.2,1.75));
#13447=CARTESIAN_POINT('',(-1.3,0.2,2.));
#13448=CARTESIAN_POINT('',(-1.3,0.,1.75));
#13449=CARTESIAN_POINT('Origin',(-1.2,0.,1.75));
#13450=CARTESIAN_POINT('',(-1.1,0.2,1.75));
#13451=CARTESIAN_POINT('Origin',(-1.2,0.2,1.75));
#13452=CARTESIAN_POINT('',(-1.1,0.,1.75));
#13453=CARTESIAN_POINT('Origin',(-1.1,0.,1.75));
#13454=CARTESIAN_POINT('',(-1.1,0.2,2.));
#13455=CARTESIAN_POINT('',(-1.1,0.2,1.75));
#13456=CARTESIAN_POINT('',(-1.1,0.,2.));
#13457=CARTESIAN_POINT('Origin',(-1.1,0.,2.));
#13458=CARTESIAN_POINT('',(-1.1,0.2,2.));
#13459=CARTESIAN_POINT('Origin',(0.,0.2,0.));
#13460=CARTESIAN_POINT('Origin',(0.,0.,0.));
#13461=CARTESIAN_POINT('',(-0.9,0.,2.));
#13462=CARTESIAN_POINT('',(-0.9,0.,1.75));
#13463=CARTESIAN_POINT('',(-0.9,0.,2.));
#13464=CARTESIAN_POINT('',(-0.7,0.,1.75));
#13465=CARTESIAN_POINT('Origin',(-0.8,0.,1.75));
#13466=CARTESIAN_POINT('',(-0.7,0.,2.));
#13467=CARTESIAN_POINT('',(-0.7,0.,1.75));
#13468=CARTESIAN_POINT('',(-0.7,0.,2.));
#13469=CARTESIAN_POINT('Origin',(-0.9,0.,2.));
#13470=CARTESIAN_POINT('',(-0.9,0.2,2.));
#13471=CARTESIAN_POINT('',(-0.9,0.,2.));
#13472=CARTESIAN_POINT('',(-0.9,0.2,1.75));
#13473=CARTESIAN_POINT('',(-0.9,0.2,2.));
#13474=CARTESIAN_POINT('',(-0.9,0.,1.75));
#13475=CARTESIAN_POINT('Origin',(-0.8,0.,1.75));
#13476=CARTESIAN_POINT('',(-0.7,0.2,1.75));
#13477=CARTESIAN_POINT('Origin',(-0.8,0.2,1.75));
#13478=CARTESIAN_POINT('',(-0.7,0.,1.75));
#13479=CARTESIAN_POINT('Origin',(-0.7,0.,1.75));
#13480=CARTESIAN_POINT('',(-0.7,0.2,2.));
#13481=CARTESIAN_POINT('',(-0.7,0.2,1.75));
#13482=CARTESIAN_POINT('',(-0.7,0.,2.));
#13483=CARTESIAN_POINT('Origin',(-0.7,0.,2.));
#13484=CARTESIAN_POINT('',(-0.7,0.2,2.));
#13485=CARTESIAN_POINT('Origin',(0.,0.2,0.));
#13486=CARTESIAN_POINT('Origin',(0.,0.,0.));
#13487=CARTESIAN_POINT('',(-0.5,0.,2.));
#13488=CARTESIAN_POINT('',(-0.5,0.,1.75));
#13489=CARTESIAN_POINT('',(-0.5,0.,2.));
#13490=CARTESIAN_POINT('',(-0.3,0.,1.75));
#13491=CARTESIAN_POINT('Origin',(-0.4,0.,1.75));
#13492=CARTESIAN_POINT('',(-0.3,0.,2.));
#13493=CARTESIAN_POINT('',(-0.3,0.,1.75));
#13494=CARTESIAN_POINT('',(-0.3,0.,2.));
#13495=CARTESIAN_POINT('Origin',(-0.5,0.,2.));
#13496=CARTESIAN_POINT('',(-0.5,0.2,2.));
#13497=CARTESIAN_POINT('',(-0.5,0.,2.));
#13498=CARTESIAN_POINT('',(-0.5,0.2,1.75));
#13499=CARTESIAN_POINT('',(-0.5,0.2,2.));
#13500=CARTESIAN_POINT('',(-0.5,0.,1.75));
#13501=CARTESIAN_POINT('Origin',(-0.4,0.,1.75));
#13502=CARTESIAN_POINT('',(-0.3,0.2,1.75));
#13503=CARTESIAN_POINT('Origin',(-0.4,0.2,1.75));
#13504=CARTESIAN_POINT('',(-0.3,0.,1.75));
#13505=CARTESIAN_POINT('Origin',(-0.3,0.,1.75));
#13506=CARTESIAN_POINT('',(-0.3,0.2,2.));
#13507=CARTESIAN_POINT('',(-0.3,0.2,1.75));
#13508=CARTESIAN_POINT('',(-0.3,0.,2.));
#13509=CARTESIAN_POINT('Origin',(-0.3,0.,2.));
#13510=CARTESIAN_POINT('',(-0.3,0.2,2.));
#13511=CARTESIAN_POINT('Origin',(0.,0.2,0.));
#13512=CARTESIAN_POINT('Origin',(0.,0.,0.));
#13513=CARTESIAN_POINT('',(-0.1,0.,2.));
#13514=CARTESIAN_POINT('',(-0.1,0.,1.75));
#13515=CARTESIAN_POINT('',(-0.1,0.,2.));
#13516=CARTESIAN_POINT('',(0.1,0.,1.75));
#13517=CARTESIAN_POINT('Origin',(0.,0.,1.75));
#13518=CARTESIAN_POINT('',(0.1,0.,2.));
#13519=CARTESIAN_POINT('',(0.1,0.,1.75));
#13520=CARTESIAN_POINT('',(0.1,0.,2.));
#13521=CARTESIAN_POINT('Origin',(-0.1,0.,2.));
#13522=CARTESIAN_POINT('',(-0.1,0.2,2.));
#13523=CARTESIAN_POINT('',(-0.1,0.,2.));
#13524=CARTESIAN_POINT('',(-0.1,0.2,1.75));
#13525=CARTESIAN_POINT('',(-0.1,0.2,2.));
#13526=CARTESIAN_POINT('',(-0.1,0.,1.75));
#13527=CARTESIAN_POINT('Origin',(0.,0.,1.75));
#13528=CARTESIAN_POINT('',(0.1,0.2,1.75));
#13529=CARTESIAN_POINT('Origin',(0.,0.2,1.75));
#13530=CARTESIAN_POINT('',(0.1,0.,1.75));
#13531=CARTESIAN_POINT('Origin',(0.1,0.,1.75));
#13532=CARTESIAN_POINT('',(0.1,0.2,2.));
#13533=CARTESIAN_POINT('',(0.1,0.2,1.75));
#13534=CARTESIAN_POINT('',(0.1,0.,2.));
#13535=CARTESIAN_POINT('Origin',(0.1,0.,2.));
#13536=CARTESIAN_POINT('',(0.1,0.2,2.));
#13537=CARTESIAN_POINT('Origin',(0.,0.2,0.));
#13538=CARTESIAN_POINT('Origin',(0.,0.,0.));
#13539=CARTESIAN_POINT('',(0.3,0.,2.));
#13540=CARTESIAN_POINT('',(0.3,0.,1.75));
#13541=CARTESIAN_POINT('',(0.3,0.,2.));
#13542=CARTESIAN_POINT('',(0.5,0.,1.75));
#13543=CARTESIAN_POINT('Origin',(0.4,0.,1.75));
#13544=CARTESIAN_POINT('',(0.5,0.,2.));
#13545=CARTESIAN_POINT('',(0.5,0.,1.75));
#13546=CARTESIAN_POINT('',(0.5,0.,2.));
#13547=CARTESIAN_POINT('Origin',(0.3,0.,2.));
#13548=CARTESIAN_POINT('',(0.3,0.2,2.));
#13549=CARTESIAN_POINT('',(0.3,0.,2.));
#13550=CARTESIAN_POINT('',(0.3,0.2,1.75));
#13551=CARTESIAN_POINT('',(0.3,0.2,2.));
#13552=CARTESIAN_POINT('',(0.3,0.,1.75));
#13553=CARTESIAN_POINT('Origin',(0.4,0.,1.75));
#13554=CARTESIAN_POINT('',(0.5,0.2,1.75));
#13555=CARTESIAN_POINT('Origin',(0.4,0.2,1.75));
#13556=CARTESIAN_POINT('',(0.5,0.,1.75));
#13557=CARTESIAN_POINT('Origin',(0.5,0.,1.75));
#13558=CARTESIAN_POINT('',(0.5,0.2,2.));
#13559=CARTESIAN_POINT('',(0.5,0.2,1.75));
#13560=CARTESIAN_POINT('',(0.5,0.,2.));
#13561=CARTESIAN_POINT('Origin',(0.5,0.,2.));
#13562=CARTESIAN_POINT('',(0.5,0.2,2.));
#13563=CARTESIAN_POINT('Origin',(0.,0.2,0.));
#13564=CARTESIAN_POINT('Origin',(0.,0.,0.));
#13565=CARTESIAN_POINT('',(0.7,0.,-2.));
#13566=CARTESIAN_POINT('',(0.7,0.,-1.75));
#13567=CARTESIAN_POINT('',(0.7,0.,-2.));
#13568=CARTESIAN_POINT('',(0.9,0.,-2.));
#13569=CARTESIAN_POINT('',(0.9,0.,-2.));
#13570=CARTESIAN_POINT('',(0.9,0.,-1.75));
#13571=CARTESIAN_POINT('',(0.9,0.,-1.75));
#13572=CARTESIAN_POINT('Origin',(0.8,0.,-1.75));
#13573=CARTESIAN_POINT('Origin',(0.7,0.,-2.));
#13574=CARTESIAN_POINT('',(0.7,0.2,-1.75));
#13575=CARTESIAN_POINT('',(0.7,0.,-1.75));
#13576=CARTESIAN_POINT('',(0.7,0.2,-2.));
#13577=CARTESIAN_POINT('',(0.7,0.2,-2.));
#13578=CARTESIAN_POINT('',(0.7,0.,-2.));
#13579=CARTESIAN_POINT('Origin',(0.9,0.,-2.));
#13580=CARTESIAN_POINT('',(0.9,0.2,-2.));
#13581=CARTESIAN_POINT('',(0.9,0.2,-2.));
#13582=CARTESIAN_POINT('',(0.9,0.,-2.));
#13583=CARTESIAN_POINT('Origin',(0.9,0.,-1.75));
#13584=CARTESIAN_POINT('',(0.9,0.2,-1.75));
#13585=CARTESIAN_POINT('',(0.9,0.2,-1.75));
#13586=CARTESIAN_POINT('',(0.9,0.,-1.75));
#13587=CARTESIAN_POINT('Origin',(0.8,0.,-1.75));
#13588=CARTESIAN_POINT('Origin',(0.8,0.2,-1.75));
#13589=CARTESIAN_POINT('Origin',(0.,0.2,0.));
#13590=CARTESIAN_POINT('Origin',(0.,0.,0.));
#13591=CARTESIAN_POINT('',(1.1,0.,-2.));
#13592=CARTESIAN_POINT('',(1.1,0.,-1.75));
#13593=CARTESIAN_POINT('',(1.1,0.,-2.));
#13594=CARTESIAN_POINT('',(1.3,0.,-2.));
#13595=CARTESIAN_POINT('',(1.3,0.,-2.));
#13596=CARTESIAN_POINT('',(1.3,0.,-1.75));
#13597=CARTESIAN_POINT('',(1.3,0.,-1.75));
#13598=CARTESIAN_POINT('Origin',(1.2,0.,-1.75));
#13599=CARTESIAN_POINT('Origin',(1.1,0.,-2.));
#13600=CARTESIAN_POINT('',(1.1,0.2,-1.75));
#13601=CARTESIAN_POINT('',(1.1,0.,-1.75));
#13602=CARTESIAN_POINT('',(1.1,0.2,-2.));
#13603=CARTESIAN_POINT('',(1.1,0.2,-2.));
#13604=CARTESIAN_POINT('',(1.1,0.,-2.));
#13605=CARTESIAN_POINT('Origin',(1.3,0.,-2.));
#13606=CARTESIAN_POINT('',(1.3,0.2,-2.));
#13607=CARTESIAN_POINT('',(1.3,0.2,-2.));
#13608=CARTESIAN_POINT('',(1.3,0.,-2.));
#13609=CARTESIAN_POINT('Origin',(1.3,0.,-1.75));
#13610=CARTESIAN_POINT('',(1.3,0.2,-1.75));
#13611=CARTESIAN_POINT('',(1.3,0.2,-1.75));
#13612=CARTESIAN_POINT('',(1.3,0.,-1.75));
#13613=CARTESIAN_POINT('Origin',(1.2,0.,-1.75));
#13614=CARTESIAN_POINT('Origin',(1.2,0.2,-1.75));
#13615=CARTESIAN_POINT('Origin',(0.,0.2,0.));
#13616=CARTESIAN_POINT('Origin',(0.,0.,0.));
#13617=CARTESIAN_POINT('',(0.7,0.,2.));
#13618=CARTESIAN_POINT('',(0.7,0.,1.75));
#13619=CARTESIAN_POINT('',(0.7,0.,2.));
#13620=CARTESIAN_POINT('',(0.9,0.,1.75));
#13621=CARTESIAN_POINT('Origin',(0.8,0.,1.75));
#13622=CARTESIAN_POINT('',(0.9,0.,2.));
#13623=CARTESIAN_POINT('',(0.9,0.,1.75));
#13624=CARTESIAN_POINT('',(0.9,0.,2.));
#13625=CARTESIAN_POINT('Origin',(0.7,0.,2.));
#13626=CARTESIAN_POINT('',(0.7,0.2,2.));
#13627=CARTESIAN_POINT('',(0.7,0.,2.));
#13628=CARTESIAN_POINT('',(0.7,0.2,1.75));
#13629=CARTESIAN_POINT('',(0.7,0.2,2.));
#13630=CARTESIAN_POINT('',(0.7,0.,1.75));
#13631=CARTESIAN_POINT('Origin',(0.8,0.,1.75));
#13632=CARTESIAN_POINT('',(0.9,0.2,1.75));
#13633=CARTESIAN_POINT('Origin',(0.8,0.2,1.75));
#13634=CARTESIAN_POINT('',(0.9,0.,1.75));
#13635=CARTESIAN_POINT('Origin',(0.9,0.,1.75));
#13636=CARTESIAN_POINT('',(0.9,0.2,2.));
#13637=CARTESIAN_POINT('',(0.9,0.2,1.75));
#13638=CARTESIAN_POINT('',(0.9,0.,2.));
#13639=CARTESIAN_POINT('Origin',(0.9,0.,2.));
#13640=CARTESIAN_POINT('',(0.9,0.2,2.));
#13641=CARTESIAN_POINT('Origin',(0.,0.2,0.));
#13642=CARTESIAN_POINT('Origin',(0.,0.,0.));
#13643=CARTESIAN_POINT('',(1.1,0.,2.));
#13644=CARTESIAN_POINT('',(1.1,0.,1.75));
#13645=CARTESIAN_POINT('',(1.1,0.,2.));
#13646=CARTESIAN_POINT('',(1.3,0.,1.75));
#13647=CARTESIAN_POINT('Origin',(1.2,0.,1.75));
#13648=CARTESIAN_POINT('',(1.3,0.,2.));
#13649=CARTESIAN_POINT('',(1.3,0.,1.75));
#13650=CARTESIAN_POINT('',(1.3,0.,2.));
#13651=CARTESIAN_POINT('Origin',(1.1,0.,2.));
#13652=CARTESIAN_POINT('',(1.1,0.2,2.));
#13653=CARTESIAN_POINT('',(1.1,0.,2.));
#13654=CARTESIAN_POINT('',(1.1,0.2,1.75));
#13655=CARTESIAN_POINT('',(1.1,0.2,2.));
#13656=CARTESIAN_POINT('',(1.1,0.,1.75));
#13657=CARTESIAN_POINT('Origin',(1.2,0.,1.75));
#13658=CARTESIAN_POINT('',(1.3,0.2,1.75));
#13659=CARTESIAN_POINT('Origin',(1.2,0.2,1.75));
#13660=CARTESIAN_POINT('',(1.3,0.,1.75));
#13661=CARTESIAN_POINT('Origin',(1.3,0.,1.75));
#13662=CARTESIAN_POINT('',(1.3,0.2,2.));
#13663=CARTESIAN_POINT('',(1.3,0.2,1.75));
#13664=CARTESIAN_POINT('',(1.3,0.,2.));
#13665=CARTESIAN_POINT('Origin',(1.3,0.,2.));
#13666=CARTESIAN_POINT('',(1.3,0.2,2.));
#13667=CARTESIAN_POINT('Origin',(0.,0.2,0.));
#13668=CARTESIAN_POINT('Origin',(0.,0.,0.));
#13669=CARTESIAN_POINT('',(1.5,0.,-2.));
#13670=CARTESIAN_POINT('',(1.5,0.,-1.75));
#13671=CARTESIAN_POINT('',(1.5,0.,-2.));
#13672=CARTESIAN_POINT('',(1.7,0.,-2.));
#13673=CARTESIAN_POINT('',(1.7,0.,-2.));
#13674=CARTESIAN_POINT('',(1.7,0.,-1.75));
#13675=CARTESIAN_POINT('',(1.7,0.,-1.75));
#13676=CARTESIAN_POINT('Origin',(1.6,0.,-1.75));
#13677=CARTESIAN_POINT('Origin',(1.5,0.,-2.));
#13678=CARTESIAN_POINT('',(1.5,0.2,-1.75));
#13679=CARTESIAN_POINT('',(1.5,0.,-1.75));
#13680=CARTESIAN_POINT('',(1.5,0.2,-2.));
#13681=CARTESIAN_POINT('',(1.5,0.2,-2.));
#13682=CARTESIAN_POINT('',(1.5,0.,-2.));
#13683=CARTESIAN_POINT('Origin',(1.7,0.,-2.));
#13684=CARTESIAN_POINT('',(1.7,0.2,-2.));
#13685=CARTESIAN_POINT('',(1.7,0.2,-2.));
#13686=CARTESIAN_POINT('',(1.7,0.,-2.));
#13687=CARTESIAN_POINT('Origin',(1.7,0.,-1.75));
#13688=CARTESIAN_POINT('',(1.7,0.2,-1.75));
#13689=CARTESIAN_POINT('',(1.7,0.2,-1.75));
#13690=CARTESIAN_POINT('',(1.7,0.,-1.75));
#13691=CARTESIAN_POINT('Origin',(1.6,0.,-1.75));
#13692=CARTESIAN_POINT('Origin',(1.6,0.2,-1.75));
#13693=CARTESIAN_POINT('Origin',(0.,0.2,0.));
#13694=CARTESIAN_POINT('Origin',(0.,0.,0.));
#13695=CARTESIAN_POINT('',(1.9,0.,-2.));
#13696=CARTESIAN_POINT('',(1.9,0.,-1.75));
#13697=CARTESIAN_POINT('',(1.9,0.,-2.));
#13698=CARTESIAN_POINT('',(2.1,0.,-2.));
#13699=CARTESIAN_POINT('',(2.1,0.,-2.));
#13700=CARTESIAN_POINT('',(2.1,0.,-1.75));
#13701=CARTESIAN_POINT('',(2.1,0.,-1.75));
#13702=CARTESIAN_POINT('Origin',(2.,0.,-1.75));
#13703=CARTESIAN_POINT('Origin',(1.9,0.,-2.));
#13704=CARTESIAN_POINT('',(1.9,0.2,-1.75));
#13705=CARTESIAN_POINT('',(1.9,0.,-1.75));
#13706=CARTESIAN_POINT('',(1.9,0.2,-2.));
#13707=CARTESIAN_POINT('',(1.9,0.2,-2.));
#13708=CARTESIAN_POINT('',(1.9,0.,-2.));
#13709=CARTESIAN_POINT('Origin',(2.1,0.,-2.));
#13710=CARTESIAN_POINT('',(2.1,0.2,-2.));
#13711=CARTESIAN_POINT('',(2.1,0.2,-2.));
#13712=CARTESIAN_POINT('',(2.1,0.,-2.));
#13713=CARTESIAN_POINT('Origin',(2.1,0.,-1.75));
#13714=CARTESIAN_POINT('',(2.1,0.2,-1.75));
#13715=CARTESIAN_POINT('',(2.1,0.2,-1.75));
#13716=CARTESIAN_POINT('',(2.1,0.,-1.75));
#13717=CARTESIAN_POINT('Origin',(2.,0.,-1.75));
#13718=CARTESIAN_POINT('Origin',(2.,0.2,-1.75));
#13719=CARTESIAN_POINT('Origin',(0.,0.2,0.));
#13720=CARTESIAN_POINT('Origin',(0.,0.,0.));
#13721=CARTESIAN_POINT('',(2.3,0.,-2.));
#13722=CARTESIAN_POINT('',(2.3,0.,-1.75));
#13723=CARTESIAN_POINT('',(2.3,0.,-2.));
#13724=CARTESIAN_POINT('',(2.5,0.,-2.));
#13725=CARTESIAN_POINT('',(2.5,0.,-2.));
#13726=CARTESIAN_POINT('',(2.5,0.,-1.75));
#13727=CARTESIAN_POINT('',(2.5,0.,-1.75));
#13728=CARTESIAN_POINT('Origin',(2.4,0.,-1.75));
#13729=CARTESIAN_POINT('Origin',(2.3,0.,-2.));
#13730=CARTESIAN_POINT('',(2.3,0.2,-1.75));
#13731=CARTESIAN_POINT('',(2.3,0.,-1.75));
#13732=CARTESIAN_POINT('',(2.3,0.2,-2.));
#13733=CARTESIAN_POINT('',(2.3,0.2,-2.));
#13734=CARTESIAN_POINT('',(2.3,0.,-2.));
#13735=CARTESIAN_POINT('Origin',(2.5,0.,-2.));
#13736=CARTESIAN_POINT('',(2.5,0.2,-2.));
#13737=CARTESIAN_POINT('',(2.5,0.2,-2.));
#13738=CARTESIAN_POINT('',(2.5,0.,-2.));
#13739=CARTESIAN_POINT('Origin',(2.5,0.,-1.75));
#13740=CARTESIAN_POINT('',(2.5,0.2,-1.75));
#13741=CARTESIAN_POINT('',(2.5,0.2,-1.75));
#13742=CARTESIAN_POINT('',(2.5,0.,-1.75));
#13743=CARTESIAN_POINT('Origin',(2.4,0.,-1.75));
#13744=CARTESIAN_POINT('Origin',(2.4,0.2,-1.75));
#13745=CARTESIAN_POINT('Origin',(0.,0.2,0.));
#13746=CARTESIAN_POINT('Origin',(0.,0.,0.));
#13747=CARTESIAN_POINT('',(1.5,0.,2.));
#13748=CARTESIAN_POINT('',(1.5,0.,1.75));
#13749=CARTESIAN_POINT('',(1.5,0.,2.));
#13750=CARTESIAN_POINT('',(1.7,0.,1.75));
#13751=CARTESIAN_POINT('Origin',(1.6,0.,1.75));
#13752=CARTESIAN_POINT('',(1.7,0.,2.));
#13753=CARTESIAN_POINT('',(1.7,0.,1.75));
#13754=CARTESIAN_POINT('',(1.7,0.,2.));
#13755=CARTESIAN_POINT('Origin',(1.5,0.,2.));
#13756=CARTESIAN_POINT('',(1.5,0.2,2.));
#13757=CARTESIAN_POINT('',(1.5,0.,2.));
#13758=CARTESIAN_POINT('',(1.5,0.2,1.75));
#13759=CARTESIAN_POINT('',(1.5,0.2,2.));
#13760=CARTESIAN_POINT('',(1.5,0.,1.75));
#13761=CARTESIAN_POINT('Origin',(1.6,0.,1.75));
#13762=CARTESIAN_POINT('',(1.7,0.2,1.75));
#13763=CARTESIAN_POINT('Origin',(1.6,0.2,1.75));
#13764=CARTESIAN_POINT('',(1.7,0.,1.75));
#13765=CARTESIAN_POINT('Origin',(1.7,0.,1.75));
#13766=CARTESIAN_POINT('',(1.7,0.2,2.));
#13767=CARTESIAN_POINT('',(1.7,0.2,1.75));
#13768=CARTESIAN_POINT('',(1.7,0.,2.));
#13769=CARTESIAN_POINT('Origin',(1.7,0.,2.));
#13770=CARTESIAN_POINT('',(1.7,0.2,2.));
#13771=CARTESIAN_POINT('Origin',(0.,0.2,0.));
#13772=CARTESIAN_POINT('Origin',(0.,0.,0.));
#13773=CARTESIAN_POINT('',(1.9,0.,2.));
#13774=CARTESIAN_POINT('',(1.9,0.,1.75));
#13775=CARTESIAN_POINT('',(1.9,0.,2.));
#13776=CARTESIAN_POINT('',(2.1,0.,1.75));
#13777=CARTESIAN_POINT('Origin',(2.,0.,1.75));
#13778=CARTESIAN_POINT('',(2.1,0.,2.));
#13779=CARTESIAN_POINT('',(2.1,0.,1.75));
#13780=CARTESIAN_POINT('',(2.1,0.,2.));
#13781=CARTESIAN_POINT('Origin',(1.9,0.,2.));
#13782=CARTESIAN_POINT('',(1.9,0.2,2.));
#13783=CARTESIAN_POINT('',(1.9,0.,2.));
#13784=CARTESIAN_POINT('',(1.9,0.2,1.75));
#13785=CARTESIAN_POINT('',(1.9,0.2,2.));
#13786=CARTESIAN_POINT('',(1.9,0.,1.75));
#13787=CARTESIAN_POINT('Origin',(2.,0.,1.75));
#13788=CARTESIAN_POINT('',(2.1,0.2,1.75));
#13789=CARTESIAN_POINT('Origin',(2.,0.2,1.75));
#13790=CARTESIAN_POINT('',(2.1,0.,1.75));
#13791=CARTESIAN_POINT('Origin',(2.1,0.,1.75));
#13792=CARTESIAN_POINT('',(2.1,0.2,2.));
#13793=CARTESIAN_POINT('',(2.1,0.2,1.75));
#13794=CARTESIAN_POINT('',(2.1,0.,2.));
#13795=CARTESIAN_POINT('Origin',(2.1,0.,2.));
#13796=CARTESIAN_POINT('',(2.1,0.2,2.));
#13797=CARTESIAN_POINT('Origin',(0.,0.2,0.));
#13798=CARTESIAN_POINT('Origin',(0.,0.,0.));
#13799=CARTESIAN_POINT('',(2.3,0.,2.));
#13800=CARTESIAN_POINT('',(2.3,0.,1.75));
#13801=CARTESIAN_POINT('',(2.3,0.,2.));
#13802=CARTESIAN_POINT('',(2.5,0.,1.75));
#13803=CARTESIAN_POINT('Origin',(2.4,0.,1.75));
#13804=CARTESIAN_POINT('',(2.5,0.,2.));
#13805=CARTESIAN_POINT('',(2.5,0.,1.75));
#13806=CARTESIAN_POINT('',(2.5,0.,2.));
#13807=CARTESIAN_POINT('Origin',(2.3,0.,2.));
#13808=CARTESIAN_POINT('',(2.3,0.2,2.));
#13809=CARTESIAN_POINT('',(2.3,0.,2.));
#13810=CARTESIAN_POINT('',(2.3,0.2,1.75));
#13811=CARTESIAN_POINT('',(2.3,0.2,2.));
#13812=CARTESIAN_POINT('',(2.3,0.,1.75));
#13813=CARTESIAN_POINT('Origin',(2.4,0.,1.75));
#13814=CARTESIAN_POINT('',(2.5,0.2,1.75));
#13815=CARTESIAN_POINT('Origin',(2.4,0.2,1.75));
#13816=CARTESIAN_POINT('',(2.5,0.,1.75));
#13817=CARTESIAN_POINT('Origin',(2.5,0.,1.75));
#13818=CARTESIAN_POINT('',(2.5,0.2,2.));
#13819=CARTESIAN_POINT('',(2.5,0.2,1.75));
#13820=CARTESIAN_POINT('',(2.5,0.,2.));
#13821=CARTESIAN_POINT('Origin',(2.5,0.,2.));
#13822=CARTESIAN_POINT('',(2.5,0.2,2.));
#13823=CARTESIAN_POINT('Origin',(0.,0.2,0.));
#13824=CARTESIAN_POINT('Origin',(0.,0.,0.));
#13825=CARTESIAN_POINT('',(-2.75,0.,0.9));
#13826=CARTESIAN_POINT('',(-2.75,0.,1.1));
#13827=CARTESIAN_POINT('Origin',(-2.75,0.,1.));
#13828=CARTESIAN_POINT('',(-3.,0.,1.1));
#13829=CARTESIAN_POINT('',(-2.75,0.,1.1));
#13830=CARTESIAN_POINT('',(-3.,0.,0.9));
#13831=CARTESIAN_POINT('',(-3.,0.,1.1));
#13832=CARTESIAN_POINT('',(-3.,0.,0.9));
#13833=CARTESIAN_POINT('Origin',(-2.75,0.,1.));
#13834=CARTESIAN_POINT('',(-2.75,0.2,0.9));
#13835=CARTESIAN_POINT('',(-2.75,0.,0.9));
#13836=CARTESIAN_POINT('',(-2.75,0.2,1.1));
#13837=CARTESIAN_POINT('Origin',(-2.75,0.2,1.));
#13838=CARTESIAN_POINT('',(-2.75,0.,1.1));
#13839=CARTESIAN_POINT('Origin',(-2.75,0.,1.1));
#13840=CARTESIAN_POINT('',(-3.,0.2,1.1));
#13841=CARTESIAN_POINT('',(-2.75,0.2,1.1));
#13842=CARTESIAN_POINT('',(-3.,0.,1.1));
#13843=CARTESIAN_POINT('Origin',(-3.,0.,1.1));
#13844=CARTESIAN_POINT('',(-3.,0.2,0.9));
#13845=CARTESIAN_POINT('',(-3.,0.2,1.1));
#13846=CARTESIAN_POINT('',(-3.,0.,0.9));
#13847=CARTESIAN_POINT('Origin',(-3.,0.,0.9));
#13848=CARTESIAN_POINT('',(-3.,0.2,0.9));
#13849=CARTESIAN_POINT('Origin',(0.,0.2,0.));
#13850=CARTESIAN_POINT('Origin',(0.,0.,-0.4));
#13851=CARTESIAN_POINT('',(-2.75,0.,0.5));
#13852=CARTESIAN_POINT('',(-2.75,0.,0.7));
#13853=CARTESIAN_POINT('Origin',(-2.75,0.,0.6));
#13854=CARTESIAN_POINT('',(-3.,0.,0.7));
#13855=CARTESIAN_POINT('',(-2.75,0.,0.7));
#13856=CARTESIAN_POINT('',(-3.,0.,0.5));
#13857=CARTESIAN_POINT('',(-3.,0.,0.7));
#13858=CARTESIAN_POINT('',(-3.,0.,0.5));
#13859=CARTESIAN_POINT('Origin',(-2.75,0.,0.6));
#13860=CARTESIAN_POINT('',(-2.75,0.2,0.5));
#13861=CARTESIAN_POINT('',(-2.75,0.,0.5));
#13862=CARTESIAN_POINT('',(-2.75,0.2,0.7));
#13863=CARTESIAN_POINT('Origin',(-2.75,0.2,0.6));
#13864=CARTESIAN_POINT('',(-2.75,0.,0.7));
#13865=CARTESIAN_POINT('Origin',(-2.75,0.,0.7));
#13866=CARTESIAN_POINT('',(-3.,0.2,0.7));
#13867=CARTESIAN_POINT('',(-2.75,0.2,0.7));
#13868=CARTESIAN_POINT('',(-3.,0.,0.7));
#13869=CARTESIAN_POINT('Origin',(-3.,0.,0.7));
#13870=CARTESIAN_POINT('',(-3.,0.2,0.5));
#13871=CARTESIAN_POINT('',(-3.,0.2,0.7));
#13872=CARTESIAN_POINT('',(-3.,0.,0.5));
#13873=CARTESIAN_POINT('Origin',(-3.,0.,0.5));
#13874=CARTESIAN_POINT('',(-3.,0.2,0.5));
#13875=CARTESIAN_POINT('Origin',(0.,0.2,-0.4));
#13876=CARTESIAN_POINT('Origin',(0.,0.,-0.8));
#13877=CARTESIAN_POINT('',(-2.75,0.,0.1));
#13878=CARTESIAN_POINT('',(-2.75,0.,0.3));
#13879=CARTESIAN_POINT('Origin',(-2.75,0.,0.2));
#13880=CARTESIAN_POINT('',(-3.,0.,0.3));
#13881=CARTESIAN_POINT('',(-2.75,0.,0.3));
#13882=CARTESIAN_POINT('',(-3.,0.,0.1));
#13883=CARTESIAN_POINT('',(-3.,0.,0.3));
#13884=CARTESIAN_POINT('',(-3.,0.,0.1));
#13885=CARTESIAN_POINT('Origin',(-2.75,0.,0.2));
#13886=CARTESIAN_POINT('',(-2.75,0.2,0.1));
#13887=CARTESIAN_POINT('',(-2.75,0.,0.1));
#13888=CARTESIAN_POINT('',(-2.75,0.2,0.3));
#13889=CARTESIAN_POINT('Origin',(-2.75,0.2,0.2));
#13890=CARTESIAN_POINT('',(-2.75,0.,0.3));
#13891=CARTESIAN_POINT('Origin',(-2.75,0.,0.3));
#13892=CARTESIAN_POINT('',(-3.,0.2,0.3));
#13893=CARTESIAN_POINT('',(-2.75,0.2,0.3));
#13894=CARTESIAN_POINT('',(-3.,0.,0.3));
#13895=CARTESIAN_POINT('Origin',(-3.,0.,0.3));
#13896=CARTESIAN_POINT('',(-3.,0.2,0.1));
#13897=CARTESIAN_POINT('',(-3.,0.2,0.3));
#13898=CARTESIAN_POINT('',(-3.,0.,0.1));
#13899=CARTESIAN_POINT('Origin',(-3.,0.,0.1));
#13900=CARTESIAN_POINT('',(-3.,0.2,0.1));
#13901=CARTESIAN_POINT('Origin',(0.,0.2,-0.8));
#13902=CARTESIAN_POINT('Origin',(0.,0.,-1.2));
#13903=CARTESIAN_POINT('',(-2.75,0.,-0.3));
#13904=CARTESIAN_POINT('',(-2.75,0.,-0.1));
#13905=CARTESIAN_POINT('Origin',(-2.75,0.,-0.2));
#13906=CARTESIAN_POINT('',(-3.,0.,-0.1));
#13907=CARTESIAN_POINT('',(-2.75,0.,-0.1));
#13908=CARTESIAN_POINT('',(-3.,0.,-0.3));
#13909=CARTESIAN_POINT('',(-3.,0.,-0.1));
#13910=CARTESIAN_POINT('',(-3.,0.,-0.3));
#13911=CARTESIAN_POINT('Origin',(-2.75,0.,-0.2));
#13912=CARTESIAN_POINT('',(-2.75,0.2,-0.3));
#13913=CARTESIAN_POINT('',(-2.75,0.,-0.3));
#13914=CARTESIAN_POINT('',(-2.75,0.2,-0.1));
#13915=CARTESIAN_POINT('Origin',(-2.75,0.2,-0.2));
#13916=CARTESIAN_POINT('',(-2.75,0.,-0.1));
#13917=CARTESIAN_POINT('Origin',(-2.75,0.,-0.1));
#13918=CARTESIAN_POINT('',(-3.,0.2,-0.1));
#13919=CARTESIAN_POINT('',(-2.75,0.2,-0.1));
#13920=CARTESIAN_POINT('',(-3.,0.,-0.1));
#13921=CARTESIAN_POINT('Origin',(-3.,0.,-0.1));
#13922=CARTESIAN_POINT('',(-3.,0.2,-0.3));
#13923=CARTESIAN_POINT('',(-3.,0.2,-0.1));
#13924=CARTESIAN_POINT('',(-3.,0.,-0.3));
#13925=CARTESIAN_POINT('Origin',(-3.,0.,-0.3));
#13926=CARTESIAN_POINT('',(-3.,0.2,-0.3));
#13927=CARTESIAN_POINT('Origin',(0.,0.2,-1.2));
#13928=CARTESIAN_POINT('Origin',(0.,0.,-1.6));
#13929=CARTESIAN_POINT('',(-2.75,0.,-0.7));
#13930=CARTESIAN_POINT('',(-2.75,0.,-0.5));
#13931=CARTESIAN_POINT('Origin',(-2.75,0.,-0.6));
#13932=CARTESIAN_POINT('',(-3.,0.,-0.5));
#13933=CARTESIAN_POINT('',(-2.75,0.,-0.5));
#13934=CARTESIAN_POINT('',(-3.,0.,-0.7));
#13935=CARTESIAN_POINT('',(-3.,0.,-0.5));
#13936=CARTESIAN_POINT('',(-3.,0.,-0.7));
#13937=CARTESIAN_POINT('Origin',(-2.75,0.,-0.6));
#13938=CARTESIAN_POINT('',(-2.75,0.2,-0.7));
#13939=CARTESIAN_POINT('',(-2.75,0.,-0.7));
#13940=CARTESIAN_POINT('',(-2.75,0.2,-0.5));
#13941=CARTESIAN_POINT('Origin',(-2.75,0.2,-0.6));
#13942=CARTESIAN_POINT('',(-2.75,0.,-0.5));
#13943=CARTESIAN_POINT('Origin',(-2.75,0.,-0.5));
#13944=CARTESIAN_POINT('',(-3.,0.2,-0.5));
#13945=CARTESIAN_POINT('',(-2.75,0.2,-0.5));
#13946=CARTESIAN_POINT('',(-3.,0.,-0.5));
#13947=CARTESIAN_POINT('Origin',(-3.,0.,-0.5));
#13948=CARTESIAN_POINT('',(-3.,0.2,-0.7));
#13949=CARTESIAN_POINT('',(-3.,0.2,-0.5));
#13950=CARTESIAN_POINT('',(-3.,0.,-0.7));
#13951=CARTESIAN_POINT('Origin',(-3.,0.,-0.7));
#13952=CARTESIAN_POINT('',(-3.,0.2,-0.7));
#13953=CARTESIAN_POINT('Origin',(0.,0.2,-1.6));
#13954=CARTESIAN_POINT('Origin',(0.,0.,-2.));
#13955=CARTESIAN_POINT('',(-2.75,0.,-1.1));
#13956=CARTESIAN_POINT('',(-2.75,0.,-0.9));
#13957=CARTESIAN_POINT('Origin',(-2.75,0.,-1.));
#13958=CARTESIAN_POINT('',(-3.,0.,-0.9));
#13959=CARTESIAN_POINT('',(-2.75,0.,-0.9));
#13960=CARTESIAN_POINT('',(-3.,0.,-1.1));
#13961=CARTESIAN_POINT('',(-3.,0.,-0.9));
#13962=CARTESIAN_POINT('',(-3.,0.,-1.1));
#13963=CARTESIAN_POINT('Origin',(-2.75,0.,-1.));
#13964=CARTESIAN_POINT('',(-2.75,0.2,-1.1));
#13965=CARTESIAN_POINT('',(-2.75,0.,-1.1));
#13966=CARTESIAN_POINT('',(-2.75,0.2,-0.9));
#13967=CARTESIAN_POINT('Origin',(-2.75,0.2,-1.));
#13968=CARTESIAN_POINT('',(-2.75,0.,-0.9));
#13969=CARTESIAN_POINT('Origin',(-2.75,0.,-0.9));
#13970=CARTESIAN_POINT('',(-3.,0.2,-0.9));
#13971=CARTESIAN_POINT('',(-2.75,0.2,-0.9));
#13972=CARTESIAN_POINT('',(-3.,0.,-0.9));
#13973=CARTESIAN_POINT('Origin',(-3.,0.,-0.9));
#13974=CARTESIAN_POINT('',(-3.,0.2,-1.1));
#13975=CARTESIAN_POINT('',(-3.,0.2,-0.9));
#13976=CARTESIAN_POINT('',(-3.,0.,-1.1));
#13977=CARTESIAN_POINT('Origin',(-3.,0.,-1.1));
#13978=CARTESIAN_POINT('',(-3.,0.2,-1.1));
#13979=CARTESIAN_POINT('Origin',(0.,0.2,-2.));
#13980=CARTESIAN_POINT('Origin',(2.75,0.2,-1.1));
#13981=CARTESIAN_POINT('',(2.75,0.,-1.2));
#13982=CARTESIAN_POINT('',(2.65,0.,-1.1));
#13983=CARTESIAN_POINT('Origin',(2.75,0.,-1.1));
#13984=CARTESIAN_POINT('',(2.65,0.2,-1.1));
#13985=CARTESIAN_POINT('',(2.65,0.,-1.1));
#13986=CARTESIAN_POINT('',(2.75,0.2,-1.2));
#13987=CARTESIAN_POINT('Origin',(2.75,0.2,-1.1));
#13988=CARTESIAN_POINT('',(2.75,0.2,-1.2));
#13989=CARTESIAN_POINT('Origin',(0.,0.,0.));
#13990=CARTESIAN_POINT('',(3.,0.,-1.2));
#13991=CARTESIAN_POINT('',(2.75,0.,-1.2));
#13992=CARTESIAN_POINT('',(3.,0.,-1.));
#13993=CARTESIAN_POINT('',(3.,0.,-1.));
#13994=CARTESIAN_POINT('',(2.85,0.,-1.));
#13995=CARTESIAN_POINT('',(2.85,0.,-1.));
#13996=CARTESIAN_POINT('',(2.85,0.,-0.75));
#13997=CARTESIAN_POINT('',(2.85,0.,-0.75));
#13998=CARTESIAN_POINT('',(3.,0.,-0.75));
#13999=CARTESIAN_POINT('',(3.,0.,-0.75));
#14000=CARTESIAN_POINT('',(3.,0.,-0.55));
#14001=CARTESIAN_POINT('',(3.,0.,-0.55));
#14002=CARTESIAN_POINT('',(2.85,0.,-0.55));
#14003=CARTESIAN_POINT('',(2.85,0.,-0.55));
#14004=CARTESIAN_POINT('',(2.85,0.,-0.3));
#14005=CARTESIAN_POINT('',(2.85,0.,-0.3));
#14006=CARTESIAN_POINT('',(3.,0.,-0.3));
#14007=CARTESIAN_POINT('',(3.,0.,-0.3));
#14008=CARTESIAN_POINT('',(3.,0.,-0.1));
#14009=CARTESIAN_POINT('',(3.,0.,-0.1));
#14010=CARTESIAN_POINT('',(2.75,0.,-0.1));
#14011=CARTESIAN_POINT('',(2.75,0.,-0.1));
#14012=CARTESIAN_POINT('',(2.65,0.,-0.2));
#14013=CARTESIAN_POINT('Origin',(2.75,0.,-0.2));
#14014=CARTESIAN_POINT('',(2.65,0.,-1.1));
#14015=CARTESIAN_POINT('Origin',(3.,0.,-1.2));
#14016=CARTESIAN_POINT('',(3.,0.2,-1.2));
#14017=CARTESIAN_POINT('',(3.,0.2,-1.2));
#14018=CARTESIAN_POINT('',(3.,0.,-1.2));
#14019=CARTESIAN_POINT('Origin',(0.,0.2,0.));
#14020=CARTESIAN_POINT('',(2.65,0.2,-0.2));
#14021=CARTESIAN_POINT('',(2.65,0.2,-1.1));
#14022=CARTESIAN_POINT('',(2.75,0.2,-0.1));
#14023=CARTESIAN_POINT('Origin',(2.75,0.2,-0.2));
#14024=CARTESIAN_POINT('',(3.,0.2,-0.1));
#14025=CARTESIAN_POINT('',(2.75,0.2,-0.1));
#14026=CARTESIAN_POINT('',(3.,0.2,-0.3));
#14027=CARTESIAN_POINT('',(3.,0.2,-0.1));
#14028=CARTESIAN_POINT('',(2.85,0.2,-0.3));
#14029=CARTESIAN_POINT('',(3.,0.2,-0.3));
#14030=CARTESIAN_POINT('',(2.85,0.2,-0.55));
#14031=CARTESIAN_POINT('',(2.85,0.2,-0.3));
#14032=CARTESIAN_POINT('',(3.,0.2,-0.55));
#14033=CARTESIAN_POINT('',(2.85,0.2,-0.55));
#14034=CARTESIAN_POINT('',(3.,0.2,-0.75));
#14035=CARTESIAN_POINT('',(3.,0.2,-0.55));
#14036=CARTESIAN_POINT('',(2.85,0.2,-0.75));
#14037=CARTESIAN_POINT('',(3.,0.2,-0.75));
#14038=CARTESIAN_POINT('',(2.85,0.2,-1.));
#14039=CARTESIAN_POINT('',(2.85,0.2,-0.75));
#14040=CARTESIAN_POINT('',(3.,0.2,-1.));
#14041=CARTESIAN_POINT('',(2.85,0.2,-1.));
#14042=CARTESIAN_POINT('',(3.,0.2,-1.));
#14043=CARTESIAN_POINT('Origin',(3.,0.,-1.));
#14044=CARTESIAN_POINT('',(3.,0.,-1.));
#14045=CARTESIAN_POINT('Origin',(2.85,0.,-1.));
#14046=CARTESIAN_POINT('',(2.85,0.,-1.));
#14047=CARTESIAN_POINT('Origin',(2.85,0.,-0.75));
#14048=CARTESIAN_POINT('',(2.85,0.,-0.75));
#14049=CARTESIAN_POINT('Origin',(3.,0.,-0.75));
#14050=CARTESIAN_POINT('',(3.,0.,-0.75));
#14051=CARTESIAN_POINT('Origin',(3.,0.,-0.55));
#14052=CARTESIAN_POINT('',(3.,0.,-0.55));
#14053=CARTESIAN_POINT('Origin',(2.85,0.,-0.55));
#14054=CARTESIAN_POINT('',(2.85,0.,-0.55));
#14055=CARTESIAN_POINT('Origin',(2.85,0.,-0.3));
#14056=CARTESIAN_POINT('',(2.85,0.,-0.3));
#14057=CARTESIAN_POINT('Origin',(3.,0.,-0.3));
#14058=CARTESIAN_POINT('',(3.,0.,-0.3));
#14059=CARTESIAN_POINT('Origin',(3.,0.,-0.1));
#14060=CARTESIAN_POINT('',(3.,0.,-0.1));
#14061=CARTESIAN_POINT('Origin',(2.75,0.,-0.1));
#14062=CARTESIAN_POINT('',(2.75,0.,-0.1));
#14063=CARTESIAN_POINT('Origin',(2.75,0.,-0.2));
#14064=CARTESIAN_POINT('',(2.65,0.,-0.2));
#14065=CARTESIAN_POINT('Origin',(2.65,0.,-1.1723));
#14066=CARTESIAN_POINT('Origin',(0.,0.2,0.));
#14067=CARTESIAN_POINT('',(-2.7,0.2,-2.));
#14068=CARTESIAN_POINT('',(-2.85,0.2,-2.));
#14069=CARTESIAN_POINT('',(-2.7,0.2,-2.));
#14070=CARTESIAN_POINT('',(-2.85,0.2,-1.575));
#14071=CARTESIAN_POINT('',(-2.85,0.2,-2.));
#14072=CARTESIAN_POINT('',(-3.,0.2,-1.575));
#14073=CARTESIAN_POINT('',(-2.85,0.2,-1.575));
#14074=CARTESIAN_POINT('',(-3.,0.2,-1.425));
#14075=CARTESIAN_POINT('',(-3.,0.2,-1.575));
#14076=CARTESIAN_POINT('',(-2.7,0.2,-1.425));
#14077=CARTESIAN_POINT('',(-3.,0.2,-1.425));
#14078=CARTESIAN_POINT('',(-2.7,0.2,-1.425));
#14079=CARTESIAN_POINT('Origin',(-2.7,0.2,-2.));
#14080=CARTESIAN_POINT('',(-2.7,0.1,-2.));
#14081=CARTESIAN_POINT('',(-2.7,0.2,-2.));
#14082=CARTESIAN_POINT('',(-2.85,0.1,-2.));
#14083=CARTESIAN_POINT('',(-2.7,0.1,-2.));
#14084=CARTESIAN_POINT('',(-2.85,0.2,-2.));
#14085=CARTESIAN_POINT('Origin',(-2.85,0.2,-2.));
#14086=CARTESIAN_POINT('',(-2.85,0.1,-1.575));
#14087=CARTESIAN_POINT('',(-2.85,0.1,-2.));
#14088=CARTESIAN_POINT('',(-2.85,0.2,-1.575));
#14089=CARTESIAN_POINT('Origin',(-2.85,0.2,-1.575));
#14090=CARTESIAN_POINT('',(-3.,0.1,-1.575));
#14091=CARTESIAN_POINT('',(-2.85,0.1,-1.575));
#14092=CARTESIAN_POINT('',(-3.,0.2,-1.575));
#14093=CARTESIAN_POINT('Origin',(-3.,0.2,-1.575));
#14094=CARTESIAN_POINT('',(-3.,0.1,-1.425));
#14095=CARTESIAN_POINT('',(-3.,0.1,-1.575));
#14096=CARTESIAN_POINT('',(-3.,0.2,-1.425));
#14097=CARTESIAN_POINT('Origin',(-3.,0.2,-1.425));
#14098=CARTESIAN_POINT('',(-2.7,0.1,-1.425));
#14099=CARTESIAN_POINT('',(-3.,0.1,-1.425));
#14100=CARTESIAN_POINT('',(-2.7,0.2,-1.425));
#14101=CARTESIAN_POINT('Origin',(-2.7,0.2,-1.425));
#14102=CARTESIAN_POINT('',(-2.7,0.1,-1.425));
#14103=CARTESIAN_POINT('Origin',(0.,0.1,0.));
#14104=CARTESIAN_POINT('Origin',(0.,0.2,0.));
#14105=CARTESIAN_POINT('',(-2.7,0.2,2.));
#14106=CARTESIAN_POINT('',(-2.85,0.2,2.));
#14107=CARTESIAN_POINT('',(-2.7,0.2,2.));
#14108=CARTESIAN_POINT('',(-2.7,0.2,1.425));
#14109=CARTESIAN_POINT('',(-2.7,0.2,1.425));
#14110=CARTESIAN_POINT('',(-3.,0.2,1.425));
#14111=CARTESIAN_POINT('',(-3.,0.2,1.425));
#14112=CARTESIAN_POINT('',(-3.,0.2,1.575));
#14113=CARTESIAN_POINT('',(-3.,0.2,1.575));
#14114=CARTESIAN_POINT('',(-2.85,0.2,1.575));
#14115=CARTESIAN_POINT('',(-2.85,0.2,1.575));
#14116=CARTESIAN_POINT('',(-2.85,0.2,2.));
#14117=CARTESIAN_POINT('Origin',(-2.7,0.2,2.));
#14118=CARTESIAN_POINT('',(-2.85,0.1,2.));
#14119=CARTESIAN_POINT('',(-2.85,0.2,2.));
#14120=CARTESIAN_POINT('',(-2.7,0.1,2.));
#14121=CARTESIAN_POINT('',(-2.7,0.1,2.));
#14122=CARTESIAN_POINT('',(-2.7,0.2,2.));
#14123=CARTESIAN_POINT('Origin',(-2.7,0.2,1.425));
#14124=CARTESIAN_POINT('',(-2.7,0.1,1.425));
#14125=CARTESIAN_POINT('',(-2.7,0.1,1.425));
#14126=CARTESIAN_POINT('',(-2.7,0.2,1.425));
#14127=CARTESIAN_POINT('Origin',(-3.,0.2,1.425));
#14128=CARTESIAN_POINT('',(-3.,0.1,1.425));
#14129=CARTESIAN_POINT('',(-3.,0.1,1.425));
#14130=CARTESIAN_POINT('',(-3.,0.2,1.425));
#14131=CARTESIAN_POINT('Origin',(-3.,0.2,1.575));
#14132=CARTESIAN_POINT('',(-3.,0.1,1.575));
#14133=CARTESIAN_POINT('',(-3.,0.1,1.575));
#14134=CARTESIAN_POINT('',(-3.,0.2,1.575));
#14135=CARTESIAN_POINT('Origin',(-2.85,0.2,1.575));
#14136=CARTESIAN_POINT('',(-2.85,0.1,1.575));
#14137=CARTESIAN_POINT('',(-2.85,0.1,1.575));
#14138=CARTESIAN_POINT('',(-2.85,0.2,1.575));
#14139=CARTESIAN_POINT('Origin',(-2.85,0.2,2.));
#14140=CARTESIAN_POINT('',(-2.85,0.1,2.));
#14141=CARTESIAN_POINT('Origin',(0.,0.1,0.));
#14142=CARTESIAN_POINT('Origin',(0.,0.2,0.));
#14143=CARTESIAN_POINT('',(2.7,0.2,-2.));
#14144=CARTESIAN_POINT('',(2.85,0.2,-2.));
#14145=CARTESIAN_POINT('',(2.7,0.2,-2.));
#14146=CARTESIAN_POINT('',(2.7,0.2,-1.425));
#14147=CARTESIAN_POINT('',(2.7,0.2,-1.425));
#14148=CARTESIAN_POINT('',(3.,0.2,-1.425));
#14149=CARTESIAN_POINT('',(3.,0.2,-1.425));
#14150=CARTESIAN_POINT('',(3.,0.2,-1.575));
#14151=CARTESIAN_POINT('',(3.,0.2,-1.575));
#14152=CARTESIAN_POINT('',(2.85,0.2,-1.575));
#14153=CARTESIAN_POINT('',(2.85,0.2,-1.575));
#14154=CARTESIAN_POINT('',(2.85,0.2,-2.));
#14155=CARTESIAN_POINT('Origin',(2.7,0.2,-2.));
#14156=CARTESIAN_POINT('',(2.85,0.1,-2.));
#14157=CARTESIAN_POINT('',(2.85,0.2,-2.));
#14158=CARTESIAN_POINT('',(2.7,0.1,-2.));
#14159=CARTESIAN_POINT('',(2.7,0.1,-2.));
#14160=CARTESIAN_POINT('',(2.7,0.2,-2.));
#14161=CARTESIAN_POINT('Origin',(2.7,0.2,-1.425));
#14162=CARTESIAN_POINT('',(2.7,0.1,-1.425));
#14163=CARTESIAN_POINT('',(2.7,0.1,-1.425));
#14164=CARTESIAN_POINT('',(2.7,0.2,-1.425));
#14165=CARTESIAN_POINT('Origin',(3.,0.2,-1.425));
#14166=CARTESIAN_POINT('',(3.,0.1,-1.425));
#14167=CARTESIAN_POINT('',(3.,0.1,-1.425));
#14168=CARTESIAN_POINT('',(3.,0.2,-1.425));
#14169=CARTESIAN_POINT('Origin',(3.,0.2,-1.575));
#14170=CARTESIAN_POINT('',(3.,0.1,-1.575));
#14171=CARTESIAN_POINT('',(3.,0.1,-1.575));
#14172=CARTESIAN_POINT('',(3.,0.2,-1.575));
#14173=CARTESIAN_POINT('Origin',(2.85,0.2,-1.575));
#14174=CARTESIAN_POINT('',(2.85,0.1,-1.575));
#14175=CARTESIAN_POINT('',(2.85,0.1,-1.575));
#14176=CARTESIAN_POINT('',(2.85,0.2,-1.575));
#14177=CARTESIAN_POINT('Origin',(2.85,0.2,-2.));
#14178=CARTESIAN_POINT('',(2.85,0.1,-2.));
#14179=CARTESIAN_POINT('Origin',(0.,0.1,0.));
#14180=CARTESIAN_POINT('Origin',(0.,0.2,0.));
#14181=CARTESIAN_POINT('',(2.7,0.2,2.));
#14182=CARTESIAN_POINT('',(2.85,0.2,2.));
#14183=CARTESIAN_POINT('',(2.7,0.2,2.));
#14184=CARTESIAN_POINT('',(2.85,0.2,1.575));
#14185=CARTESIAN_POINT('',(2.85,0.2,2.));
#14186=CARTESIAN_POINT('',(3.,0.2,1.575));
#14187=CARTESIAN_POINT('',(2.85,0.2,1.575));
#14188=CARTESIAN_POINT('',(3.,0.2,1.425));
#14189=CARTESIAN_POINT('',(3.,0.2,1.575));
#14190=CARTESIAN_POINT('',(2.7,0.2,1.425));
#14191=CARTESIAN_POINT('',(3.,0.2,1.425));
#14192=CARTESIAN_POINT('',(2.7,0.2,1.425));
#14193=CARTESIAN_POINT('Origin',(2.7,0.2,2.));
#14194=CARTESIAN_POINT('',(2.7,0.1,2.));
#14195=CARTESIAN_POINT('',(2.7,0.2,2.));
#14196=CARTESIAN_POINT('',(2.85,0.1,2.));
#14197=CARTESIAN_POINT('',(2.7,0.1,2.));
#14198=CARTESIAN_POINT('',(2.85,0.2,2.));
#14199=CARTESIAN_POINT('Origin',(2.85,0.2,2.));
#14200=CARTESIAN_POINT('',(2.85,0.1,1.575));
#14201=CARTESIAN_POINT('',(2.85,0.1,2.));
#14202=CARTESIAN_POINT('',(2.85,0.2,1.575));
#14203=CARTESIAN_POINT('Origin',(2.85,0.2,1.575));
#14204=CARTESIAN_POINT('',(3.,0.1,1.575));
#14205=CARTESIAN_POINT('',(2.85,0.1,1.575));
#14206=CARTESIAN_POINT('',(3.,0.2,1.575));
#14207=CARTESIAN_POINT('Origin',(3.,0.2,1.575));
#14208=CARTESIAN_POINT('',(3.,0.1,1.425));
#14209=CARTESIAN_POINT('',(3.,0.1,1.575));
#14210=CARTESIAN_POINT('',(3.,0.2,1.425));
#14211=CARTESIAN_POINT('Origin',(3.,0.2,1.425));
#14212=CARTESIAN_POINT('',(2.7,0.1,1.425));
#14213=CARTESIAN_POINT('',(3.,0.1,1.425));
#14214=CARTESIAN_POINT('',(2.7,0.2,1.425));
#14215=CARTESIAN_POINT('Origin',(2.7,0.2,1.425));
#14216=CARTESIAN_POINT('',(2.7,0.1,1.425));
#14217=CARTESIAN_POINT('Origin',(0.,0.1,0.));
#14218=CARTESIAN_POINT('Origin',(-2.7,1.7,0.71));
#14219=CARTESIAN_POINT('',(-2.575,1.7,0.81));
#14220=CARTESIAN_POINT('Origin',(-2.7,1.7,0.81));
#14221=CARTESIAN_POINT('',(-2.575,1.7,0.71));
#14222=CARTESIAN_POINT('',(-2.575,1.7,0.71));
#14223=CARTESIAN_POINT('Origin',(-2.7,1.7,0.71));
#14224=CARTESIAN_POINT('Origin',(-2.7,1.7,0.81));
#14225=CARTESIAN_POINT('Origin',(-2.7,1.7,0.71));
#14226=CARTESIAN_POINT('',(0.,0.,0.025));
#14227=CARTESIAN_POINT('',(0.,0.,0.));
#14228=UNCERTAINTY_MEASURE_WITH_UNIT(LENGTH_MEASURE(0.01),#14236,
'DISTANCE_ACCURACY_VALUE',
'Maximum model space distance between geometric entities at asserted c
onnectivities');
#14229=UNCERTAINTY_MEASURE_WITH_UNIT(LENGTH_MEASURE(0.01),#14236,
'DISTANCE_ACCURACY_VALUE',
'Maximum model space distance between geometric entities at asserted c
onnectivities');
#14230=UNCERTAINTY_MEASURE_WITH_UNIT(LENGTH_MEASURE(0.01),#14236,
'DISTANCE_ACCURACY_VALUE',
'Maximum model space distance between geometric entities at asserted c
onnectivities');
#14231=UNCERTAINTY_MEASURE_WITH_UNIT(LENGTH_MEASURE(0.01),#14236,
'DISTANCE_ACCURACY_VALUE',
'Maximum model space distance between geometric entities at asserted c
onnectivities');
#14232=(
GEOMETRIC_REPRESENTATION_CONTEXT(3)
GLOBAL_UNCERTAINTY_ASSIGNED_CONTEXT((#14228))
GLOBAL_UNIT_ASSIGNED_CONTEXT((#14236,#14238,#14239))
REPRESENTATION_CONTEXT('','3D')
);
#14233=(
GEOMETRIC_REPRESENTATION_CONTEXT(3)
GLOBAL_UNCERTAINTY_ASSIGNED_CONTEXT((#14229))
GLOBAL_UNIT_ASSIGNED_CONTEXT((#14236,#14238,#14239))
REPRESENTATION_CONTEXT('','3D')
);
#14234=(
GEOMETRIC_REPRESENTATION_CONTEXT(3)
GLOBAL_UNCERTAINTY_ASSIGNED_CONTEXT((#14230))
GLOBAL_UNIT_ASSIGNED_CONTEXT((#14236,#14238,#14239))
REPRESENTATION_CONTEXT('','3D')
);
#14235=(
GEOMETRIC_REPRESENTATION_CONTEXT(3)
GLOBAL_UNCERTAINTY_ASSIGNED_CONTEXT((#14231))
GLOBAL_UNIT_ASSIGNED_CONTEXT((#14236,#14238,#14239))
REPRESENTATION_CONTEXT('','3D')
);
#14236=(
LENGTH_UNIT()
NAMED_UNIT(*)
SI_UNIT(.MILLI.,.METRE.)
);
#14237=(
LENGTH_UNIT()
NAMED_UNIT(*)
SI_UNIT($,.METRE.)
);
#14238=(
NAMED_UNIT(*)
PLANE_ANGLE_UNIT()
SI_UNIT($,.RADIAN.)
);
#14239=(
NAMED_UNIT(*)
SI_UNIT($,.STERADIAN.)
SOLID_ANGLE_UNIT()
);
#14240=SHAPE_DEFINITION_REPRESENTATION(#14243,#14248);
#14241=SHAPE_DEFINITION_REPRESENTATION(#14244,#14249);
#14242=SHAPE_DEFINITION_REPRESENTATION(#14245,#14250);
#14243=PRODUCT_DEFINITION_SHAPE('',$,#14252);
#14244=PRODUCT_DEFINITION_SHAPE('',$,#14253);
#14245=PRODUCT_DEFINITION_SHAPE('',$,#14254);
#14246=PRODUCT_DEFINITION_SHAPE($,$,#17);
#14247=PRODUCT_DEFINITION_SHAPE($,$,#18);
#14248=SHAPE_REPRESENTATION('',(#8800,#9430,#9431),#14232);
#14249=SHAPE_REPRESENTATION('',(#8801),#14233);
#14250=SHAPE_REPRESENTATION('',(#9079),#14234);
#14251=PRODUCT_DEFINITION_CONTEXT('part definition',#14262,'design');
#14252=PRODUCT_DEFINITION('REF0038A_ASM','(Unsaved)',#14255,#14251);
#14253=PRODUCT_DEFINITION('BODY-QFN','BODY-QFN',#14256,#14251);
#14254=PRODUCT_DEFINITION('FRAME-REF0038A','FRAME-REF0038A',#14257,#14251);
#14255=PRODUCT_DEFINITION_FORMATION('',$,#14264);
#14256=PRODUCT_DEFINITION_FORMATION('',$,#14265);
#14257=PRODUCT_DEFINITION_FORMATION('',$,#14266);
#14258=PRODUCT_RELATED_PRODUCT_CATEGORY('(Unsaved)','(Unsaved)',(#14264));
#14259=PRODUCT_RELATED_PRODUCT_CATEGORY('BODY-QFN','BODY-QFN',(#14265));
#14260=PRODUCT_RELATED_PRODUCT_CATEGORY('FRAME-REF0038A',
'FRAME-REF0038A',(#14266));
#14261=APPLICATION_PROTOCOL_DEFINITION('international standard',
'automotive_design',2009,#14262);
#14262=APPLICATION_CONTEXT(
'Core Data for Automotive Mechanical Design Process');
#14263=PRODUCT_CONTEXT('part definition',#14262,'mechanical');
#14264=PRODUCT('REF0038A_ASM','(Unsaved)',$,(#14263));
#14265=PRODUCT('BODY-QFN','BODY-QFN','NOT SPECIFIED',(#14263));
#14266=PRODUCT('FRAME-REF0038A','FRAME-REF0038A','NOT SPECIFIED',(#14263));
#14267=PRESENTATION_STYLE_ASSIGNMENT((#14272));
#14268=PRESENTATION_STYLE_ASSIGNMENT((#14273));
#14269=PRESENTATION_STYLE_ASSIGNMENT((#14274));
#14270=PRESENTATION_STYLE_ASSIGNMENT((#14275));
#14271=PRESENTATION_STYLE_ASSIGNMENT((#14276));
#14272=SURFACE_STYLE_USAGE(.BOTH.,#14277);
#14273=SURFACE_STYLE_USAGE(.BOTH.,#14278);
#14274=SURFACE_STYLE_USAGE(.BOTH.,#14279);
#14275=SURFACE_STYLE_USAGE(.BOTH.,#14280);
#14276=SURFACE_STYLE_USAGE(.BOTH.,#14281);
#14277=SURFACE_SIDE_STYLE('',(#14282));
#14278=SURFACE_SIDE_STYLE('',(#14283));
#14279=SURFACE_SIDE_STYLE('',(#14284));
#14280=SURFACE_SIDE_STYLE('',(#14285));
#14281=SURFACE_SIDE_STYLE('',(#14286));
#14282=SURFACE_STYLE_FILL_AREA(#14287);
#14283=SURFACE_STYLE_FILL_AREA(#14288);
#14284=SURFACE_STYLE_FILL_AREA(#14289);
#14285=SURFACE_STYLE_FILL_AREA(#14290);
#14286=SURFACE_STYLE_FILL_AREA(#14291);
#14287=FILL_AREA_STYLE('Steel - Satin',(#14292));
#14288=FILL_AREA_STYLE('ABS (White)',(#14293));
#14289=FILL_AREA_STYLE('Opaque(25,25,25)',(#14294));
#14290=FILL_AREA_STYLE('Opaque(225,225,225)',(#14295));
#14291=FILL_AREA_STYLE('Opaque(220,127,100)',(#14296));
#14292=FILL_AREA_STYLE_COLOUR('Steel - Satin',#14297);
#14293=FILL_AREA_STYLE_COLOUR('ABS (White)',#14298);
#14294=FILL_AREA_STYLE_COLOUR('Opaque(25,25,25)',#14299);
#14295=FILL_AREA_STYLE_COLOUR('Opaque(225,225,225)',#14300);
#14296=FILL_AREA_STYLE_COLOUR('Opaque(220,127,100)',#14301);
#14297=COLOUR_RGB('Steel - Satin',0.627450980392157,0.627450980392157,0.627450980392157);
#14298=COLOUR_RGB('ABS (White)',0.964705882352941,0.964705882352941,0.952941176470588);
#14299=COLOUR_RGB('Opaque(25,25,25)',0.0980392156862745,0.0980392156862745,
0.0980392156862745);
#14300=COLOUR_RGB('Opaque(225,225,225)',0.882352941176471,0.882352941176471,
0.882352941176471);
#14301=COLOUR_RGB('Opaque(220,127,100)',0.862745098039216,0.498039215686275,
0.392156862745098);
ENDSEC;
END-ISO-10303-21;
