ISO-10303-21;
HEADER;
/* Generated by software containing ST-Developer
 * from STEP Tools, Inc. (www.steptools.com) 
 */

FILE_DESCRIPTION(
/* description */ (''),
/* implementation_level */ '2;1');

FILE_NAME(
/* name */ 'RSM0032B.step',
/* time_stamp */ '2025-12-24T18:52:40+01:00',
/* author */ (''),
/* organization */ (''),
/* preprocessor_version */ 'ST-DEVELOPER v20.1',
/* originating_system */ 'Autodesk Translation Framework v14.21.0.0',
/* authorisation */ '');

FILE_SCHEMA (('AUTOMOTIVE_DESIGN { 1 0 10303 214 3 1 1 }'));
ENDSEC;

DATA;
#10=MECHANICAL_DESIGN_GEOMETRIC_PRESENTATION_REPRESENTATION('',(#25,#26,
#27,#28,#29,#30,#31,#32,#33,#34,#35,#36,#37,#38,#39,#40,#41,#42,#43,#44,
#45,#46,#47,#48,#49,#50,#51,#52,#53,#54,#55,#56,#57,#58,#59,#60,#61,#62,
#63,#64,#65,#66,#67,#68,#69,#70,#71,#72,#73,#74,#75,#76,#77,#78,#79,#80,
#81,#82,#83,#84,#85,#86,#87,#88,#89,#90,#91,#92,#93,#94,#95,#96,#97,#98,
#99,#100,#101,#102,#103),#12351);
#11=ITEM_DEFINED_TRANSFORMATION($,$,#7625,#8181);
#12=ITEM_DEFINED_TRANSFORMATION($,$,#7867,#8182);
#13=(
REPRESENTATION_RELATIONSHIP($,$,#12365,#12364)
REPRESENTATION_RELATIONSHIP_WITH_TRANSFORMATION(#11)
SHAPE_REPRESENTATION_RELATIONSHIP()
);
#14=(
REPRESENTATION_RELATIONSHIP($,$,#12366,#12364)
REPRESENTATION_RELATIONSHIP_WITH_TRANSFORMATION(#12)
SHAPE_REPRESENTATION_RELATIONSHIP()
);
#15=CONTEXT_DEPENDENT_SHAPE_REPRESENTATION(#13,#12362);
#16=CONTEXT_DEPENDENT_SHAPE_REPRESENTATION(#14,#12363);
#17=NEXT_ASSEMBLY_USAGE_OCCURRENCE('BODY-QFN:1','BODY-QFN:1',
'BODY-QFN:1',#12368,#12369,'BODY-QFN:1');
#18=NEXT_ASSEMBLY_USAGE_OCCURRENCE('FRAME-RSM0032B:1',
'FRAME-RSM0032B:1','FRAME-RSM0032B:1',#12368,#12370,'FRAME-RSM0032B:1');
#19=SHAPE_REPRESENTATION_RELATIONSHIP('SRR','None',#12365,#22);
#20=SHAPE_REPRESENTATION_RELATIONSHIP('SRR','None',#12366,#23);
#21=SHAPE_REPRESENTATION_RELATIONSHIP('SRR','None',#12364,#24);
#22=ADVANCED_BREP_SHAPE_REPRESENTATION('',(#104),#12349);
#23=ADVANCED_BREP_SHAPE_REPRESENTATION('',(#105,#106,#107,#108,#109,#110,
#111,#112,#113,#114,#115,#116,#117,#118,#119,#120,#121,#122,#123,#124,#125,
#126,#127,#128,#129,#130,#131,#132,#133,#134,#135,#136,#137,#138,#139,#140,
#141),#12350);
#24=ADVANCED_BREP_SHAPE_REPRESENTATION('',(#142),#12348);
#25=STYLED_ITEM('',(#12385),#104);
#26=STYLED_ITEM('',(#12386),#105);
#27=STYLED_ITEM('',(#12387),#7331);
#28=STYLED_ITEM('',(#12386),#106);
#29=STYLED_ITEM('',(#12387),#7336);
#30=STYLED_ITEM('',(#12386),#107);
#31=STYLED_ITEM('',(#12387),#7342);
#32=STYLED_ITEM('',(#12386),#108);
#33=STYLED_ITEM('',(#12387),#7348);
#34=STYLED_ITEM('',(#12386),#109);
#35=STYLED_ITEM('',(#12387),#7354);
#36=STYLED_ITEM('',(#12386),#110);
#37=STYLED_ITEM('',(#12387),#7361);
#38=STYLED_ITEM('',(#12386),#111);
#39=STYLED_ITEM('',(#12387),#7369);
#40=STYLED_ITEM('',(#12386),#112);
#41=STYLED_ITEM('',(#12387),#7375);
#42=STYLED_ITEM('',(#12386),#113);
#43=STYLED_ITEM('',(#12387),#7381);
#44=STYLED_ITEM('',(#12386),#114);
#45=STYLED_ITEM('',(#12387),#7387);
#46=STYLED_ITEM('',(#12386),#115);
#47=STYLED_ITEM('',(#12387),#7391);
#48=STYLED_ITEM('',(#12386),#116);
#49=STYLED_ITEM('',(#12387),#7397);
#50=STYLED_ITEM('',(#12386),#117);
#51=STYLED_ITEM('',(#12387),#7404);
#52=STYLED_ITEM('',(#12386),#118);
#53=STYLED_ITEM('',(#12387),#7412);
#54=STYLED_ITEM('',(#12386),#119);
#55=STYLED_ITEM('',(#12387),#7418);
#56=STYLED_ITEM('',(#12386),#120);
#57=STYLED_ITEM('',(#12387),#7424);
#58=STYLED_ITEM('',(#12386),#121);
#59=STYLED_ITEM('',(#12387),#7430);
#60=STYLED_ITEM('',(#12386),#122);
#61=STYLED_ITEM('',(#12387),#7436);
#62=STYLED_ITEM('',(#12386),#123);
#63=STYLED_ITEM('',(#12387),#7442);
#64=STYLED_ITEM('',(#12386),#124);
#65=STYLED_ITEM('',(#12387),#7448);
#66=STYLED_ITEM('',(#12386),#125);
#67=STYLED_ITEM('',(#12387),#7454);
#68=STYLED_ITEM('',(#12386),#126);
#69=STYLED_ITEM('',(#12387),#7460);
#70=STYLED_ITEM('',(#12386),#127);
#71=STYLED_ITEM('',(#12387),#7466);
#72=STYLED_ITEM('',(#12386),#128);
#73=STYLED_ITEM('',(#12387),#7474);
#74=STYLED_ITEM('',(#12386),#129);
#75=STYLED_ITEM('',(#12387),#7481);
#76=STYLED_ITEM('',(#12386),#130);
#77=STYLED_ITEM('',(#12387),#7488);
#78=STYLED_ITEM('',(#12386),#131);
#79=STYLED_ITEM('',(#12387),#7494);
#80=STYLED_ITEM('',(#12386),#132);
#81=STYLED_ITEM('',(#12387),#7500);
#82=STYLED_ITEM('',(#12386),#133);
#83=STYLED_ITEM('',(#12387),#7506);
#84=STYLED_ITEM('',(#12386),#134);
#85=STYLED_ITEM('',(#12387),#7512);
#86=STYLED_ITEM('',(#12386),#135);
#87=STYLED_ITEM('',(#12387),#7518);
#88=STYLED_ITEM('',(#12386),#136);
#89=STYLED_ITEM('',(#12387),#7523);
#90=STYLED_ITEM('',(#12386),#137);
#91=STYLED_ITEM('',(#12387),#7529);
#92=STYLED_ITEM('',(#12387),#7532);
#93=STYLED_ITEM('',(#12386),#138);
#94=STYLED_ITEM('',(#12387),#7537);
#95=STYLED_ITEM('',(#12387),#7540);
#96=STYLED_ITEM('',(#12386),#139);
#97=STYLED_ITEM('',(#12387),#7545);
#98=STYLED_ITEM('',(#12387),#7548);
#99=STYLED_ITEM('',(#12386),#140);
#100=STYLED_ITEM('',(#12387),#7553);
#101=STYLED_ITEM('',(#12387),#7556);
#102=STYLED_ITEM('',(#12386),#141);
#103=STYLED_ITEM('',(#12384),#142);
#104=MANIFOLD_SOLID_BREP('Body1',#7562);
#105=MANIFOLD_SOLID_BREP('Body1',#7563);
#106=MANIFOLD_SOLID_BREP('Body2',#7564);
#107=MANIFOLD_SOLID_BREP('Body3',#7565);
#108=MANIFOLD_SOLID_BREP('Body4',#7566);
#109=MANIFOLD_SOLID_BREP('Body5',#7567);
#110=MANIFOLD_SOLID_BREP('Body6',#7568);
#111=MANIFOLD_SOLID_BREP('Body7',#7569);
#112=MANIFOLD_SOLID_BREP('Body8',#7570);
#113=MANIFOLD_SOLID_BREP('Body9',#7571);
#114=MANIFOLD_SOLID_BREP('Body10',#7572);
#115=MANIFOLD_SOLID_BREP('Body11',#7573);
#116=MANIFOLD_SOLID_BREP('Body12',#7574);
#117=MANIFOLD_SOLID_BREP('Body13',#7575);
#118=MANIFOLD_SOLID_BREP('Body14',#7576);
#119=MANIFOLD_SOLID_BREP('Body15',#7577);
#120=MANIFOLD_SOLID_BREP('Body16',#7578);
#121=MANIFOLD_SOLID_BREP('Body17',#7579);
#122=MANIFOLD_SOLID_BREP('Body18',#7580);
#123=MANIFOLD_SOLID_BREP('Body19',#7581);
#124=MANIFOLD_SOLID_BREP('Body20',#7582);
#125=MANIFOLD_SOLID_BREP('Body21',#7583);
#126=MANIFOLD_SOLID_BREP('Body22',#7584);
#127=MANIFOLD_SOLID_BREP('Body23',#7585);
#128=MANIFOLD_SOLID_BREP('Body24',#7586);
#129=MANIFOLD_SOLID_BREP('Body25',#7587);
#130=MANIFOLD_SOLID_BREP('Body26',#7588);
#131=MANIFOLD_SOLID_BREP('Body27',#7589);
#132=MANIFOLD_SOLID_BREP('Body28',#7590);
#133=MANIFOLD_SOLID_BREP('Body29',#7591);
#134=MANIFOLD_SOLID_BREP('Body30',#7592);
#135=MANIFOLD_SOLID_BREP('Body31',#7593);
#136=MANIFOLD_SOLID_BREP('Body32',#7594);
#137=MANIFOLD_SOLID_BREP('Body33',#7595);
#138=MANIFOLD_SOLID_BREP('Body34',#7596);
#139=MANIFOLD_SOLID_BREP('Body35',#7597);
#140=MANIFOLD_SOLID_BREP('Body36',#7598);
#141=MANIFOLD_SOLID_BREP('Body37',#7599);
#142=MANIFOLD_SOLID_BREP('Body1',#7600);
#143=CYLINDRICAL_SURFACE('',#7675,0.1);
#144=CYLINDRICAL_SURFACE('',#7678,0.1);
#145=CYLINDRICAL_SURFACE('',#7683,0.1);
#146=CYLINDRICAL_SURFACE('',#7688,0.1);
#147=CYLINDRICAL_SURFACE('',#7693,0.1);
#148=CYLINDRICAL_SURFACE('',#7698,0.1);
#149=CYLINDRICAL_SURFACE('',#7703,0.1);
#150=CYLINDRICAL_SURFACE('',#7708,0.1);
#151=CYLINDRICAL_SURFACE('',#7715,0.1);
#152=CYLINDRICAL_SURFACE('',#7724,0.1);
#153=CYLINDRICAL_SURFACE('',#7732,0.1);
#154=CYLINDRICAL_SURFACE('',#7735,0.1);
#155=CYLINDRICAL_SURFACE('',#7740,0.1);
#156=CYLINDRICAL_SURFACE('',#7745,0.1);
#157=CYLINDRICAL_SURFACE('',#7750,0.1);
#158=CYLINDRICAL_SURFACE('',#7755,0.1);
#159=CYLINDRICAL_SURFACE('',#7760,0.1);
#160=CYLINDRICAL_SURFACE('',#7765,0.1);
#161=CYLINDRICAL_SURFACE('',#7785,0.1);
#162=CYLINDRICAL_SURFACE('',#7790,0.1);
#163=CYLINDRICAL_SURFACE('',#7795,0.1);
#164=CYLINDRICAL_SURFACE('',#7800,0.1);
#165=CYLINDRICAL_SURFACE('',#7805,0.1);
#166=CYLINDRICAL_SURFACE('',#7810,0.1);
#167=CYLINDRICAL_SURFACE('',#7815,0.1);
#168=CYLINDRICAL_SURFACE('',#7827,0.1);
#169=CYLINDRICAL_SURFACE('',#7832,0.1);
#170=CYLINDRICAL_SURFACE('',#7837,0.1);
#171=CYLINDRICAL_SURFACE('',#7842,0.1);
#172=CYLINDRICAL_SURFACE('',#7847,0.1);
#173=CYLINDRICAL_SURFACE('',#7852,0.1);
#174=CYLINDRICAL_SURFACE('',#7857,0.1);
#175=CYLINDRICAL_SURFACE('',#7883,0.1);
#176=CYLINDRICAL_SURFACE('',#7894,0.1);
#177=CYLINDRICAL_SURFACE('',#7902,0.1);
#178=CYLINDRICAL_SURFACE('',#7910,0.1);
#179=CYLINDRICAL_SURFACE('',#7918,0.1);
#180=CYLINDRICAL_SURFACE('',#7927,0.1);
#181=CYLINDRICAL_SURFACE('',#7933,0.1);
#182=CYLINDRICAL_SURFACE('',#7941,0.1);
#183=CYLINDRICAL_SURFACE('',#7949,0.1);
#184=CYLINDRICAL_SURFACE('',#7957,0.1);
#185=CYLINDRICAL_SURFACE('',#7967,0.1);
#186=CYLINDRICAL_SURFACE('',#7975,0.1);
#187=CYLINDRICAL_SURFACE('',#7984,0.1);
#188=CYLINDRICAL_SURFACE('',#7990,0.1);
#189=CYLINDRICAL_SURFACE('',#7998,0.1);
#190=CYLINDRICAL_SURFACE('',#8006,0.1);
#191=CYLINDRICAL_SURFACE('',#8018,0.1);
#192=CYLINDRICAL_SURFACE('',#8026,0.1);
#193=CYLINDRICAL_SURFACE('',#8034,0.1);
#194=CYLINDRICAL_SURFACE('',#8042,0.1);
#195=CYLINDRICAL_SURFACE('',#8050,0.1);
#196=CYLINDRICAL_SURFACE('',#8058,0.1);
#197=CYLINDRICAL_SURFACE('',#8066,0.1);
#198=CYLINDRICAL_SURFACE('',#8072,0.1);
#199=CYLINDRICAL_SURFACE('',#8081,0.1);
#200=CYLINDRICAL_SURFACE('',#8090,0.1);
#201=CYLINDRICAL_SURFACE('',#8098,0.1);
#202=CYLINDRICAL_SURFACE('',#8106,0.1);
#203=CYLINDRICAL_SURFACE('',#8114,0.1);
#204=CYLINDRICAL_SURFACE('',#8122,0.1);
#205=CYLINDRICAL_SURFACE('',#8130,0.1);
#206=CYLINDRICAL_SURFACE('',#8141,0.1);
#207=CYLINDRICAL_SURFACE('',#8176,0.125);
#208=FACE_BOUND('',#644,.T.);
#209=FACE_BOUND('',#651,.T.);
#210=FACE_BOUND('',#659,.T.);
#211=FACE_BOUND('',#660,.T.);
#212=FACE_BOUND('',#695,.T.);
#213=FACE_BOUND('',#696,.T.);
#214=FACE_BOUND('',#703,.T.);
#215=FACE_BOUND('',#704,.T.);
#216=FACE_BOUND('',#711,.T.);
#217=FACE_BOUND('',#712,.T.);
#218=FACE_BOUND('',#833,.T.);
#219=FACE_OUTER_BOUND('',#643,.T.);
#220=FACE_OUTER_BOUND('',#645,.T.);
#221=FACE_OUTER_BOUND('',#646,.T.);
#222=FACE_OUTER_BOUND('',#647,.T.);
#223=FACE_OUTER_BOUND('',#648,.T.);
#224=FACE_OUTER_BOUND('',#649,.T.);
#225=FACE_OUTER_BOUND('',#650,.T.);
#226=FACE_OUTER_BOUND('',#652,.T.);
#227=FACE_OUTER_BOUND('',#653,.T.);
#228=FACE_OUTER_BOUND('',#654,.T.);
#229=FACE_OUTER_BOUND('',#655,.T.);
#230=FACE_OUTER_BOUND('',#656,.T.);
#231=FACE_OUTER_BOUND('',#657,.T.);
#232=FACE_OUTER_BOUND('',#658,.T.);
#233=FACE_OUTER_BOUND('',#661,.T.);
#234=FACE_OUTER_BOUND('',#662,.T.);
#235=FACE_OUTER_BOUND('',#663,.T.);
#236=FACE_OUTER_BOUND('',#664,.T.);
#237=FACE_OUTER_BOUND('',#665,.T.);
#238=FACE_OUTER_BOUND('',#666,.T.);
#239=FACE_OUTER_BOUND('',#667,.T.);
#240=FACE_OUTER_BOUND('',#668,.T.);
#241=FACE_OUTER_BOUND('',#669,.T.);
#242=FACE_OUTER_BOUND('',#670,.T.);
#243=FACE_OUTER_BOUND('',#671,.T.);
#244=FACE_OUTER_BOUND('',#672,.T.);
#245=FACE_OUTER_BOUND('',#673,.T.);
#246=FACE_OUTER_BOUND('',#674,.T.);
#247=FACE_OUTER_BOUND('',#675,.T.);
#248=FACE_OUTER_BOUND('',#676,.T.);
#249=FACE_OUTER_BOUND('',#677,.T.);
#250=FACE_OUTER_BOUND('',#678,.T.);
#251=FACE_OUTER_BOUND('',#679,.T.);
#252=FACE_OUTER_BOUND('',#680,.T.);
#253=FACE_OUTER_BOUND('',#681,.T.);
#254=FACE_OUTER_BOUND('',#682,.T.);
#255=FACE_OUTER_BOUND('',#683,.T.);
#256=FACE_OUTER_BOUND('',#684,.T.);
#257=FACE_OUTER_BOUND('',#685,.T.);
#258=FACE_OUTER_BOUND('',#686,.T.);
#259=FACE_OUTER_BOUND('',#687,.T.);
#260=FACE_OUTER_BOUND('',#688,.T.);
#261=FACE_OUTER_BOUND('',#689,.T.);
#262=FACE_OUTER_BOUND('',#690,.T.);
#263=FACE_OUTER_BOUND('',#691,.T.);
#264=FACE_OUTER_BOUND('',#692,.T.);
#265=FACE_OUTER_BOUND('',#693,.T.);
#266=FACE_OUTER_BOUND('',#694,.T.);
#267=FACE_OUTER_BOUND('',#697,.T.);
#268=FACE_OUTER_BOUND('',#698,.T.);
#269=FACE_OUTER_BOUND('',#699,.T.);
#270=FACE_OUTER_BOUND('',#700,.T.);
#271=FACE_OUTER_BOUND('',#701,.T.);
#272=FACE_OUTER_BOUND('',#702,.T.);
#273=FACE_OUTER_BOUND('',#705,.T.);
#274=FACE_OUTER_BOUND('',#706,.T.);
#275=FACE_OUTER_BOUND('',#707,.T.);
#276=FACE_OUTER_BOUND('',#708,.T.);
#277=FACE_OUTER_BOUND('',#709,.T.);
#278=FACE_OUTER_BOUND('',#710,.T.);
#279=FACE_OUTER_BOUND('',#713,.T.);
#280=FACE_OUTER_BOUND('',#714,.T.);
#281=FACE_OUTER_BOUND('',#715,.T.);
#282=FACE_OUTER_BOUND('',#716,.T.);
#283=FACE_OUTER_BOUND('',#717,.T.);
#284=FACE_OUTER_BOUND('',#718,.T.);
#285=FACE_OUTER_BOUND('',#719,.T.);
#286=FACE_OUTER_BOUND('',#720,.T.);
#287=FACE_OUTER_BOUND('',#721,.T.);
#288=FACE_OUTER_BOUND('',#722,.T.);
#289=FACE_OUTER_BOUND('',#723,.T.);
#290=FACE_OUTER_BOUND('',#724,.T.);
#291=FACE_OUTER_BOUND('',#725,.T.);
#292=FACE_OUTER_BOUND('',#726,.T.);
#293=FACE_OUTER_BOUND('',#727,.T.);
#294=FACE_OUTER_BOUND('',#728,.T.);
#295=FACE_OUTER_BOUND('',#729,.T.);
#296=FACE_OUTER_BOUND('',#730,.T.);
#297=FACE_OUTER_BOUND('',#731,.T.);
#298=FACE_OUTER_BOUND('',#732,.T.);
#299=FACE_OUTER_BOUND('',#733,.T.);
#300=FACE_OUTER_BOUND('',#734,.T.);
#301=FACE_OUTER_BOUND('',#735,.T.);
#302=FACE_OUTER_BOUND('',#736,.T.);
#303=FACE_OUTER_BOUND('',#737,.T.);
#304=FACE_OUTER_BOUND('',#738,.T.);
#305=FACE_OUTER_BOUND('',#739,.T.);
#306=FACE_OUTER_BOUND('',#740,.T.);
#307=FACE_OUTER_BOUND('',#741,.T.);
#308=FACE_OUTER_BOUND('',#742,.T.);
#309=FACE_OUTER_BOUND('',#743,.T.);
#310=FACE_OUTER_BOUND('',#744,.T.);
#311=FACE_OUTER_BOUND('',#745,.T.);
#312=FACE_OUTER_BOUND('',#746,.T.);
#313=FACE_OUTER_BOUND('',#747,.T.);
#314=FACE_OUTER_BOUND('',#748,.T.);
#315=FACE_OUTER_BOUND('',#749,.T.);
#316=FACE_OUTER_BOUND('',#750,.T.);
#317=FACE_OUTER_BOUND('',#751,.T.);
#318=FACE_OUTER_BOUND('',#752,.T.);
#319=FACE_OUTER_BOUND('',#753,.T.);
#320=FACE_OUTER_BOUND('',#754,.T.);
#321=FACE_OUTER_BOUND('',#755,.T.);
#322=FACE_OUTER_BOUND('',#756,.T.);
#323=FACE_OUTER_BOUND('',#757,.T.);
#324=FACE_OUTER_BOUND('',#758,.T.);
#325=FACE_OUTER_BOUND('',#759,.T.);
#326=FACE_OUTER_BOUND('',#760,.T.);
#327=FACE_OUTER_BOUND('',#761,.T.);
#328=FACE_OUTER_BOUND('',#762,.T.);
#329=FACE_OUTER_BOUND('',#763,.T.);
#330=FACE_OUTER_BOUND('',#764,.T.);
#331=FACE_OUTER_BOUND('',#765,.T.);
#332=FACE_OUTER_BOUND('',#766,.T.);
#333=FACE_OUTER_BOUND('',#767,.T.);
#334=FACE_OUTER_BOUND('',#768,.T.);
#335=FACE_OUTER_BOUND('',#769,.T.);
#336=FACE_OUTER_BOUND('',#770,.T.);
#337=FACE_OUTER_BOUND('',#771,.T.);
#338=FACE_OUTER_BOUND('',#772,.T.);
#339=FACE_OUTER_BOUND('',#773,.T.);
#340=FACE_OUTER_BOUND('',#774,.T.);
#341=FACE_OUTER_BOUND('',#775,.T.);
#342=FACE_OUTER_BOUND('',#776,.T.);
#343=FACE_OUTER_BOUND('',#777,.T.);
#344=FACE_OUTER_BOUND('',#778,.T.);
#345=FACE_OUTER_BOUND('',#779,.T.);
#346=FACE_OUTER_BOUND('',#780,.T.);
#347=FACE_OUTER_BOUND('',#781,.T.);
#348=FACE_OUTER_BOUND('',#782,.T.);
#349=FACE_OUTER_BOUND('',#783,.T.);
#350=FACE_OUTER_BOUND('',#784,.T.);
#351=FACE_OUTER_BOUND('',#785,.T.);
#352=FACE_OUTER_BOUND('',#786,.T.);
#353=FACE_OUTER_BOUND('',#787,.T.);
#354=FACE_OUTER_BOUND('',#788,.T.);
#355=FACE_OUTER_BOUND('',#789,.T.);
#356=FACE_OUTER_BOUND('',#790,.T.);
#357=FACE_OUTER_BOUND('',#791,.T.);
#358=FACE_OUTER_BOUND('',#792,.T.);
#359=FACE_OUTER_BOUND('',#793,.T.);
#360=FACE_OUTER_BOUND('',#794,.T.);
#361=FACE_OUTER_BOUND('',#795,.T.);
#362=FACE_OUTER_BOUND('',#796,.T.);
#363=FACE_OUTER_BOUND('',#797,.T.);
#364=FACE_OUTER_BOUND('',#798,.T.);
#365=FACE_OUTER_BOUND('',#799,.T.);
#366=FACE_OUTER_BOUND('',#800,.T.);
#367=FACE_OUTER_BOUND('',#801,.T.);
#368=FACE_OUTER_BOUND('',#802,.T.);
#369=FACE_OUTER_BOUND('',#803,.T.);
#370=FACE_OUTER_BOUND('',#804,.T.);
#371=FACE_OUTER_BOUND('',#805,.T.);
#372=FACE_OUTER_BOUND('',#806,.T.);
#373=FACE_OUTER_BOUND('',#807,.T.);
#374=FACE_OUTER_BOUND('',#808,.T.);
#375=FACE_OUTER_BOUND('',#809,.T.);
#376=FACE_OUTER_BOUND('',#810,.T.);
#377=FACE_OUTER_BOUND('',#811,.T.);
#378=FACE_OUTER_BOUND('',#812,.T.);
#379=FACE_OUTER_BOUND('',#813,.T.);
#380=FACE_OUTER_BOUND('',#814,.T.);
#381=FACE_OUTER_BOUND('',#815,.T.);
#382=FACE_OUTER_BOUND('',#816,.T.);
#383=FACE_OUTER_BOUND('',#817,.T.);
#384=FACE_OUTER_BOUND('',#818,.T.);
#385=FACE_OUTER_BOUND('',#819,.T.);
#386=FACE_OUTER_BOUND('',#820,.T.);
#387=FACE_OUTER_BOUND('',#821,.T.);
#388=FACE_OUTER_BOUND('',#822,.T.);
#389=FACE_OUTER_BOUND('',#823,.T.);
#390=FACE_OUTER_BOUND('',#824,.T.);
#391=FACE_OUTER_BOUND('',#825,.T.);
#392=FACE_OUTER_BOUND('',#826,.T.);
#393=FACE_OUTER_BOUND('',#827,.T.);
#394=FACE_OUTER_BOUND('',#828,.T.);
#395=FACE_OUTER_BOUND('',#829,.T.);
#396=FACE_OUTER_BOUND('',#830,.T.);
#397=FACE_OUTER_BOUND('',#831,.T.);
#398=FACE_OUTER_BOUND('',#832,.T.);
#399=FACE_OUTER_BOUND('',#834,.T.);
#400=FACE_OUTER_BOUND('',#835,.T.);
#401=FACE_OUTER_BOUND('',#836,.T.);
#402=FACE_OUTER_BOUND('',#837,.T.);
#403=FACE_OUTER_BOUND('',#838,.T.);
#404=FACE_OUTER_BOUND('',#839,.T.);
#405=FACE_OUTER_BOUND('',#840,.T.);
#406=FACE_OUTER_BOUND('',#841,.T.);
#407=FACE_OUTER_BOUND('',#842,.T.);
#408=FACE_OUTER_BOUND('',#843,.T.);
#409=FACE_OUTER_BOUND('',#844,.T.);
#410=FACE_OUTER_BOUND('',#845,.T.);
#411=FACE_OUTER_BOUND('',#846,.T.);
#412=FACE_OUTER_BOUND('',#847,.T.);
#413=FACE_OUTER_BOUND('',#848,.T.);
#414=FACE_OUTER_BOUND('',#849,.T.);
#415=FACE_OUTER_BOUND('',#850,.T.);
#416=FACE_OUTER_BOUND('',#851,.T.);
#417=FACE_OUTER_BOUND('',#852,.T.);
#418=FACE_OUTER_BOUND('',#853,.T.);
#419=FACE_OUTER_BOUND('',#854,.T.);
#420=FACE_OUTER_BOUND('',#855,.T.);
#421=FACE_OUTER_BOUND('',#856,.T.);
#422=FACE_OUTER_BOUND('',#857,.T.);
#423=FACE_OUTER_BOUND('',#858,.T.);
#424=FACE_OUTER_BOUND('',#859,.T.);
#425=FACE_OUTER_BOUND('',#860,.T.);
#426=FACE_OUTER_BOUND('',#861,.T.);
#427=FACE_OUTER_BOUND('',#862,.T.);
#428=FACE_OUTER_BOUND('',#863,.T.);
#429=FACE_OUTER_BOUND('',#864,.T.);
#430=FACE_OUTER_BOUND('',#865,.T.);
#431=FACE_OUTER_BOUND('',#866,.T.);
#432=FACE_OUTER_BOUND('',#867,.T.);
#433=FACE_OUTER_BOUND('',#868,.T.);
#434=FACE_OUTER_BOUND('',#869,.T.);
#435=FACE_OUTER_BOUND('',#870,.T.);
#436=FACE_OUTER_BOUND('',#871,.T.);
#437=FACE_OUTER_BOUND('',#872,.T.);
#438=FACE_OUTER_BOUND('',#873,.T.);
#439=FACE_OUTER_BOUND('',#874,.T.);
#440=FACE_OUTER_BOUND('',#875,.T.);
#441=FACE_OUTER_BOUND('',#876,.T.);
#442=FACE_OUTER_BOUND('',#877,.T.);
#443=FACE_OUTER_BOUND('',#878,.T.);
#444=FACE_OUTER_BOUND('',#879,.T.);
#445=FACE_OUTER_BOUND('',#880,.T.);
#446=FACE_OUTER_BOUND('',#881,.T.);
#447=FACE_OUTER_BOUND('',#882,.T.);
#448=FACE_OUTER_BOUND('',#883,.T.);
#449=FACE_OUTER_BOUND('',#884,.T.);
#450=FACE_OUTER_BOUND('',#885,.T.);
#451=FACE_OUTER_BOUND('',#886,.T.);
#452=FACE_OUTER_BOUND('',#887,.T.);
#453=FACE_OUTER_BOUND('',#888,.T.);
#454=FACE_OUTER_BOUND('',#889,.T.);
#455=FACE_OUTER_BOUND('',#890,.T.);
#456=FACE_OUTER_BOUND('',#891,.T.);
#457=FACE_OUTER_BOUND('',#892,.T.);
#458=FACE_OUTER_BOUND('',#893,.T.);
#459=FACE_OUTER_BOUND('',#894,.T.);
#460=FACE_OUTER_BOUND('',#895,.T.);
#461=FACE_OUTER_BOUND('',#896,.T.);
#462=FACE_OUTER_BOUND('',#897,.T.);
#463=FACE_OUTER_BOUND('',#898,.T.);
#464=FACE_OUTER_BOUND('',#899,.T.);
#465=FACE_OUTER_BOUND('',#900,.T.);
#466=FACE_OUTER_BOUND('',#901,.T.);
#467=FACE_OUTER_BOUND('',#902,.T.);
#468=FACE_OUTER_BOUND('',#903,.T.);
#469=FACE_OUTER_BOUND('',#904,.T.);
#470=FACE_OUTER_BOUND('',#905,.T.);
#471=FACE_OUTER_BOUND('',#906,.T.);
#472=FACE_OUTER_BOUND('',#907,.T.);
#473=FACE_OUTER_BOUND('',#908,.T.);
#474=FACE_OUTER_BOUND('',#909,.T.);
#475=FACE_OUTER_BOUND('',#910,.T.);
#476=FACE_OUTER_BOUND('',#911,.T.);
#477=FACE_OUTER_BOUND('',#912,.T.);
#478=FACE_OUTER_BOUND('',#913,.T.);
#479=FACE_OUTER_BOUND('',#914,.T.);
#480=FACE_OUTER_BOUND('',#915,.T.);
#481=FACE_OUTER_BOUND('',#916,.T.);
#482=FACE_OUTER_BOUND('',#917,.T.);
#483=FACE_OUTER_BOUND('',#918,.T.);
#484=FACE_OUTER_BOUND('',#919,.T.);
#485=FACE_OUTER_BOUND('',#920,.T.);
#486=FACE_OUTER_BOUND('',#921,.T.);
#487=FACE_OUTER_BOUND('',#922,.T.);
#488=FACE_OUTER_BOUND('',#923,.T.);
#489=FACE_OUTER_BOUND('',#924,.T.);
#490=FACE_OUTER_BOUND('',#925,.T.);
#491=FACE_OUTER_BOUND('',#926,.T.);
#492=FACE_OUTER_BOUND('',#927,.T.);
#493=FACE_OUTER_BOUND('',#928,.T.);
#494=FACE_OUTER_BOUND('',#929,.T.);
#495=FACE_OUTER_BOUND('',#930,.T.);
#496=FACE_OUTER_BOUND('',#931,.T.);
#497=FACE_OUTER_BOUND('',#932,.T.);
#498=FACE_OUTER_BOUND('',#933,.T.);
#499=FACE_OUTER_BOUND('',#934,.T.);
#500=FACE_OUTER_BOUND('',#935,.T.);
#501=FACE_OUTER_BOUND('',#936,.T.);
#502=FACE_OUTER_BOUND('',#937,.T.);
#503=FACE_OUTER_BOUND('',#938,.T.);
#504=FACE_OUTER_BOUND('',#939,.T.);
#505=FACE_OUTER_BOUND('',#940,.T.);
#506=FACE_OUTER_BOUND('',#941,.T.);
#507=FACE_OUTER_BOUND('',#942,.T.);
#508=FACE_OUTER_BOUND('',#943,.T.);
#509=FACE_OUTER_BOUND('',#944,.T.);
#510=FACE_OUTER_BOUND('',#945,.T.);
#511=FACE_OUTER_BOUND('',#946,.T.);
#512=FACE_OUTER_BOUND('',#947,.T.);
#513=FACE_OUTER_BOUND('',#948,.T.);
#514=FACE_OUTER_BOUND('',#949,.T.);
#515=FACE_OUTER_BOUND('',#950,.T.);
#516=FACE_OUTER_BOUND('',#951,.T.);
#517=FACE_OUTER_BOUND('',#952,.T.);
#518=FACE_OUTER_BOUND('',#953,.T.);
#519=FACE_OUTER_BOUND('',#954,.T.);
#520=FACE_OUTER_BOUND('',#955,.T.);
#521=FACE_OUTER_BOUND('',#956,.T.);
#522=FACE_OUTER_BOUND('',#957,.T.);
#523=FACE_OUTER_BOUND('',#958,.T.);
#524=FACE_OUTER_BOUND('',#959,.T.);
#525=FACE_OUTER_BOUND('',#960,.T.);
#526=FACE_OUTER_BOUND('',#961,.T.);
#527=FACE_OUTER_BOUND('',#962,.T.);
#528=FACE_OUTER_BOUND('',#963,.T.);
#529=FACE_OUTER_BOUND('',#964,.T.);
#530=FACE_OUTER_BOUND('',#965,.T.);
#531=FACE_OUTER_BOUND('',#966,.T.);
#532=FACE_OUTER_BOUND('',#967,.T.);
#533=FACE_OUTER_BOUND('',#968,.T.);
#534=FACE_OUTER_BOUND('',#969,.T.);
#535=FACE_OUTER_BOUND('',#970,.T.);
#536=FACE_OUTER_BOUND('',#971,.T.);
#537=FACE_OUTER_BOUND('',#972,.T.);
#538=FACE_OUTER_BOUND('',#973,.T.);
#539=FACE_OUTER_BOUND('',#974,.T.);
#540=FACE_OUTER_BOUND('',#975,.T.);
#541=FACE_OUTER_BOUND('',#976,.T.);
#542=FACE_OUTER_BOUND('',#977,.T.);
#543=FACE_OUTER_BOUND('',#978,.T.);
#544=FACE_OUTER_BOUND('',#979,.T.);
#545=FACE_OUTER_BOUND('',#980,.T.);
#546=FACE_OUTER_BOUND('',#981,.T.);
#547=FACE_OUTER_BOUND('',#982,.T.);
#548=FACE_OUTER_BOUND('',#983,.T.);
#549=FACE_OUTER_BOUND('',#984,.T.);
#550=FACE_OUTER_BOUND('',#985,.T.);
#551=FACE_OUTER_BOUND('',#986,.T.);
#552=FACE_OUTER_BOUND('',#987,.T.);
#553=FACE_OUTER_BOUND('',#988,.T.);
#554=FACE_OUTER_BOUND('',#989,.T.);
#555=FACE_OUTER_BOUND('',#990,.T.);
#556=FACE_OUTER_BOUND('',#991,.T.);
#557=FACE_OUTER_BOUND('',#992,.T.);
#558=FACE_OUTER_BOUND('',#993,.T.);
#559=FACE_OUTER_BOUND('',#994,.T.);
#560=FACE_OUTER_BOUND('',#995,.T.);
#561=FACE_OUTER_BOUND('',#996,.T.);
#562=FACE_OUTER_BOUND('',#997,.T.);
#563=FACE_OUTER_BOUND('',#998,.T.);
#564=FACE_OUTER_BOUND('',#999,.T.);
#565=FACE_OUTER_BOUND('',#1000,.T.);
#566=FACE_OUTER_BOUND('',#1001,.T.);
#567=FACE_OUTER_BOUND('',#1002,.T.);
#568=FACE_OUTER_BOUND('',#1003,.T.);
#569=FACE_OUTER_BOUND('',#1004,.T.);
#570=FACE_OUTER_BOUND('',#1005,.T.);
#571=FACE_OUTER_BOUND('',#1006,.T.);
#572=FACE_OUTER_BOUND('',#1007,.T.);
#573=FACE_OUTER_BOUND('',#1008,.T.);
#574=FACE_OUTER_BOUND('',#1009,.T.);
#575=FACE_OUTER_BOUND('',#1010,.T.);
#576=FACE_OUTER_BOUND('',#1011,.T.);
#577=FACE_OUTER_BOUND('',#1012,.T.);
#578=FACE_OUTER_BOUND('',#1013,.T.);
#579=FACE_OUTER_BOUND('',#1014,.T.);
#580=FACE_OUTER_BOUND('',#1015,.T.);
#581=FACE_OUTER_BOUND('',#1016,.T.);
#582=FACE_OUTER_BOUND('',#1017,.T.);
#583=FACE_OUTER_BOUND('',#1018,.T.);
#584=FACE_OUTER_BOUND('',#1019,.T.);
#585=FACE_OUTER_BOUND('',#1020,.T.);
#586=FACE_OUTER_BOUND('',#1021,.T.);
#587=FACE_OUTER_BOUND('',#1022,.T.);
#588=FACE_OUTER_BOUND('',#1023,.T.);
#589=FACE_OUTER_BOUND('',#1024,.T.);
#590=FACE_OUTER_BOUND('',#1025,.T.);
#591=FACE_OUTER_BOUND('',#1026,.T.);
#592=FACE_OUTER_BOUND('',#1027,.T.);
#593=FACE_OUTER_BOUND('',#1028,.T.);
#594=FACE_OUTER_BOUND('',#1029,.T.);
#595=FACE_OUTER_BOUND('',#1030,.T.);
#596=FACE_OUTER_BOUND('',#1031,.T.);
#597=FACE_OUTER_BOUND('',#1032,.T.);
#598=FACE_OUTER_BOUND('',#1033,.T.);
#599=FACE_OUTER_BOUND('',#1034,.T.);
#600=FACE_OUTER_BOUND('',#1035,.T.);
#601=FACE_OUTER_BOUND('',#1036,.T.);
#602=FACE_OUTER_BOUND('',#1037,.T.);
#603=FACE_OUTER_BOUND('',#1038,.T.);
#604=FACE_OUTER_BOUND('',#1039,.T.);
#605=FACE_OUTER_BOUND('',#1040,.T.);
#606=FACE_OUTER_BOUND('',#1041,.T.);
#607=FACE_OUTER_BOUND('',#1042,.T.);
#608=FACE_OUTER_BOUND('',#1043,.T.);
#609=FACE_OUTER_BOUND('',#1044,.T.);
#610=FACE_OUTER_BOUND('',#1045,.T.);
#611=FACE_OUTER_BOUND('',#1046,.T.);
#612=FACE_OUTER_BOUND('',#1047,.T.);
#613=FACE_OUTER_BOUND('',#1048,.T.);
#614=FACE_OUTER_BOUND('',#1049,.T.);
#615=FACE_OUTER_BOUND('',#1050,.T.);
#616=FACE_OUTER_BOUND('',#1051,.T.);
#617=FACE_OUTER_BOUND('',#1052,.T.);
#618=FACE_OUTER_BOUND('',#1053,.T.);
#619=FACE_OUTER_BOUND('',#1054,.T.);
#620=FACE_OUTER_BOUND('',#1055,.T.);
#621=FACE_OUTER_BOUND('',#1056,.T.);
#622=FACE_OUTER_BOUND('',#1057,.T.);
#623=FACE_OUTER_BOUND('',#1058,.T.);
#624=FACE_OUTER_BOUND('',#1059,.T.);
#625=FACE_OUTER_BOUND('',#1060,.T.);
#626=FACE_OUTER_BOUND('',#1061,.T.);
#627=FACE_OUTER_BOUND('',#1062,.T.);
#628=FACE_OUTER_BOUND('',#1063,.T.);
#629=FACE_OUTER_BOUND('',#1064,.T.);
#630=FACE_OUTER_BOUND('',#1065,.T.);
#631=FACE_OUTER_BOUND('',#1066,.T.);
#632=FACE_OUTER_BOUND('',#1067,.T.);
#633=FACE_OUTER_BOUND('',#1068,.T.);
#634=FACE_OUTER_BOUND('',#1069,.T.);
#635=FACE_OUTER_BOUND('',#1070,.T.);
#636=FACE_OUTER_BOUND('',#1071,.T.);
#637=FACE_OUTER_BOUND('',#1072,.T.);
#638=FACE_OUTER_BOUND('',#1073,.T.);
#639=FACE_OUTER_BOUND('',#1074,.T.);
#640=FACE_OUTER_BOUND('',#1075,.T.);
#641=FACE_OUTER_BOUND('',#1076,.T.);
#642=FACE_OUTER_BOUND('',#1077,.T.);
#643=EDGE_LOOP('',(#4721,#4722,#4723,#4724,#4725,#4726,#4727,#4728,#4729,
#4730,#4731,#4732,#4733,#4734,#4735,#4736,#4737,#4738,#4739,#4740,#4741,
#4742,#4743,#4744,#4745,#4746,#4747,#4748,#4749,#4750,#4751,#4752,#4753,
#4754,#4755,#4756,#4757,#4758,#4759,#4760,#4761,#4762,#4763,#4764,#4765,
#4766,#4767,#4768,#4769,#4770,#4771,#4772,#4773,#4774,#4775,#4776,#4777,
#4778,#4779,#4780,#4781,#4782,#4783,#4784,#4785,#4786,#4787,#4788,#4789,
#4790,#4791,#4792,#4793,#4794,#4795,#4796,#4797,#4798,#4799,#4800,#4801,
#4802,#4803,#4804,#4805,#4806,#4807,#4808,#4809,#4810,#4811,#4812,#4813,
#4814,#4815,#4816,#4817,#4818,#4819,#4820,#4821,#4822,#4823,#4824,#4825,
#4826,#4827,#4828,#4829,#4830,#4831,#4832,#4833,#4834,#4835,#4836,#4837,
#4838,#4839,#4840,#4841,#4842,#4843,#4844,#4845,#4846,#4847,#4848,#4849,
#4850,#4851,#4852,#4853,#4854,#4855,#4856,#4857,#4858,#4859,#4860));
#644=EDGE_LOOP('',(#4861,#4862,#4863,#4864,#4865));
#645=EDGE_LOOP('',(#4866,#4867,#4868,#4869));
#646=EDGE_LOOP('',(#4870,#4871,#4872,#4873));
#647=EDGE_LOOP('',(#4874,#4875,#4876,#4877));
#648=EDGE_LOOP('',(#4878,#4879,#4880,#4881));
#649=EDGE_LOOP('',(#4882,#4883,#4884,#4885));
#650=EDGE_LOOP('',(#4886,#4887,#4888,#4889));
#651=EDGE_LOOP('',(#4890,#4891,#4892,#4893,#4894));
#652=EDGE_LOOP('',(#4895,#4896,#4897,#4898));
#653=EDGE_LOOP('',(#4899,#4900,#4901,#4902));
#654=EDGE_LOOP('',(#4903,#4904,#4905,#4906));
#655=EDGE_LOOP('',(#4907,#4908,#4909,#4910));
#656=EDGE_LOOP('',(#4911,#4912,#4913,#4914));
#657=EDGE_LOOP('',(#4915,#4916,#4917,#4918));
#658=EDGE_LOOP('',(#4919,#4920,#4921,#4922,#4923,#4924,#4925,#4926,#4927,
#4928,#4929,#4930,#4931,#4932,#4933,#4934,#4935,#4936,#4937,#4938,#4939,
#4940,#4941,#4942,#4943,#4944,#4945,#4946,#4947,#4948,#4949,#4950,#4951,
#4952,#4953,#4954));
#659=EDGE_LOOP('',(#4955,#4956,#4957,#4958));
#660=EDGE_LOOP('',(#4959,#4960,#4961,#4962));
#661=EDGE_LOOP('',(#4963,#4964,#4965,#4966,#4967));
#662=EDGE_LOOP('',(#4968,#4969,#4970,#4971));
#663=EDGE_LOOP('',(#4972,#4973,#4974,#4975));
#664=EDGE_LOOP('',(#4976,#4977,#4978,#4979));
#665=EDGE_LOOP('',(#4980,#4981,#4982,#4983));
#666=EDGE_LOOP('',(#4984,#4985,#4986,#4987));
#667=EDGE_LOOP('',(#4988,#4989,#4990,#4991));
#668=EDGE_LOOP('',(#4992,#4993,#4994,#4995));
#669=EDGE_LOOP('',(#4996,#4997,#4998,#4999));
#670=EDGE_LOOP('',(#5000,#5001,#5002,#5003));
#671=EDGE_LOOP('',(#5004,#5005,#5006,#5007));
#672=EDGE_LOOP('',(#5008,#5009,#5010,#5011));
#673=EDGE_LOOP('',(#5012,#5013,#5014,#5015));
#674=EDGE_LOOP('',(#5016,#5017,#5018,#5019));
#675=EDGE_LOOP('',(#5020,#5021,#5022,#5023));
#676=EDGE_LOOP('',(#5024,#5025,#5026,#5027));
#677=EDGE_LOOP('',(#5028,#5029,#5030,#5031));
#678=EDGE_LOOP('',(#5032,#5033,#5034,#5035));
#679=EDGE_LOOP('',(#5036,#5037,#5038,#5039));
#680=EDGE_LOOP('',(#5040,#5041,#5042,#5043));
#681=EDGE_LOOP('',(#5044,#5045,#5046,#5047));
#682=EDGE_LOOP('',(#5048,#5049,#5050,#5051));
#683=EDGE_LOOP('',(#5052,#5053,#5054,#5055));
#684=EDGE_LOOP('',(#5056,#5057,#5058,#5059));
#685=EDGE_LOOP('',(#5060,#5061,#5062,#5063));
#686=EDGE_LOOP('',(#5064,#5065,#5066,#5067));
#687=EDGE_LOOP('',(#5068,#5069,#5070,#5071));
#688=EDGE_LOOP('',(#5072,#5073,#5074,#5075));
#689=EDGE_LOOP('',(#5076,#5077,#5078,#5079));
#690=EDGE_LOOP('',(#5080,#5081,#5082,#5083));
#691=EDGE_LOOP('',(#5084,#5085,#5086,#5087));
#692=EDGE_LOOP('',(#5088,#5089,#5090,#5091));
#693=EDGE_LOOP('',(#5092,#5093,#5094,#5095,#5096));
#694=EDGE_LOOP('',(#5097,#5098,#5099,#5100,#5101,#5102,#5103,#5104,#5105,
#5106,#5107,#5108,#5109,#5110,#5111,#5112,#5113,#5114,#5115,#5116,#5117,
#5118,#5119,#5120,#5121,#5122,#5123,#5124,#5125,#5126,#5127,#5128,#5129,
#5130,#5131,#5132));
#695=EDGE_LOOP('',(#5133,#5134,#5135,#5136));
#696=EDGE_LOOP('',(#5137,#5138,#5139,#5140));
#697=EDGE_LOOP('',(#5141,#5142,#5143,#5144));
#698=EDGE_LOOP('',(#5145,#5146,#5147,#5148));
#699=EDGE_LOOP('',(#5149,#5150,#5151,#5152));
#700=EDGE_LOOP('',(#5153,#5154,#5155,#5156));
#701=EDGE_LOOP('',(#5157,#5158,#5159,#5160,#5161));
#702=EDGE_LOOP('',(#5162,#5163,#5164,#5165,#5166,#5167,#5168,#5169,#5170,
#5171,#5172,#5173,#5174,#5175,#5176,#5177,#5178,#5179,#5180,#5181,#5182,
#5183,#5184,#5185,#5186,#5187,#5188,#5189,#5190,#5191,#5192,#5193,#5194,
#5195,#5196,#5197));
#703=EDGE_LOOP('',(#5198,#5199,#5200,#5201));
#704=EDGE_LOOP('',(#5202,#5203,#5204,#5205));
#705=EDGE_LOOP('',(#5206,#5207,#5208,#5209,#5210));
#706=EDGE_LOOP('',(#5211,#5212,#5213,#5214));
#707=EDGE_LOOP('',(#5215,#5216,#5217,#5218));
#708=EDGE_LOOP('',(#5219,#5220,#5221,#5222));
#709=EDGE_LOOP('',(#5223,#5224,#5225,#5226));
#710=EDGE_LOOP('',(#5227,#5228,#5229,#5230,#5231,#5232,#5233,#5234,#5235,
#5236,#5237,#5238,#5239,#5240,#5241,#5242,#5243,#5244,#5245,#5246,#5247,
#5248,#5249,#5250,#5251,#5252,#5253,#5254,#5255,#5256,#5257,#5258,#5259,
#5260,#5261,#5262));
#711=EDGE_LOOP('',(#5263,#5264,#5265,#5266));
#712=EDGE_LOOP('',(#5267,#5268,#5269,#5270));
#713=EDGE_LOOP('',(#5271,#5272,#5273,#5274,#5275));
#714=EDGE_LOOP('',(#5276,#5277,#5278,#5279));
#715=EDGE_LOOP('',(#5280,#5281,#5282,#5283));
#716=EDGE_LOOP('',(#5284,#5285,#5286,#5287));
#717=EDGE_LOOP('',(#5288,#5289,#5290,#5291));
#718=EDGE_LOOP('',(#5292,#5293,#5294,#5295));
#719=EDGE_LOOP('',(#5296,#5297,#5298,#5299));
#720=EDGE_LOOP('',(#5300,#5301,#5302,#5303));
#721=EDGE_LOOP('',(#5304,#5305,#5306,#5307));
#722=EDGE_LOOP('',(#5308,#5309,#5310,#5311));
#723=EDGE_LOOP('',(#5312,#5313,#5314,#5315));
#724=EDGE_LOOP('',(#5316,#5317,#5318,#5319));
#725=EDGE_LOOP('',(#5320,#5321,#5322,#5323));
#726=EDGE_LOOP('',(#5324,#5325,#5326,#5327));
#727=EDGE_LOOP('',(#5328,#5329,#5330,#5331));
#728=EDGE_LOOP('',(#5332,#5333,#5334,#5335));
#729=EDGE_LOOP('',(#5336,#5337,#5338,#5339));
#730=EDGE_LOOP('',(#5340,#5341,#5342,#5343));
#731=EDGE_LOOP('',(#5344,#5345,#5346,#5347));
#732=EDGE_LOOP('',(#5348,#5349,#5350,#5351));
#733=EDGE_LOOP('',(#5352,#5353,#5354,#5355));
#734=EDGE_LOOP('',(#5356,#5357,#5358,#5359));
#735=EDGE_LOOP('',(#5360,#5361,#5362,#5363));
#736=EDGE_LOOP('',(#5364,#5365,#5366,#5367));
#737=EDGE_LOOP('',(#5368,#5369,#5370,#5371));
#738=EDGE_LOOP('',(#5372,#5373,#5374,#5375));
#739=EDGE_LOOP('',(#5376,#5377,#5378,#5379));
#740=EDGE_LOOP('',(#5380,#5381,#5382,#5383));
#741=EDGE_LOOP('',(#5384,#5385,#5386,#5387));
#742=EDGE_LOOP('',(#5388,#5389,#5390,#5391));
#743=EDGE_LOOP('',(#5392,#5393,#5394,#5395));
#744=EDGE_LOOP('',(#5396,#5397,#5398,#5399));
#745=EDGE_LOOP('',(#5400,#5401,#5402,#5403));
#746=EDGE_LOOP('',(#5404,#5405,#5406,#5407,#5408));
#747=EDGE_LOOP('',(#5409,#5410,#5411,#5412));
#748=EDGE_LOOP('',(#5413,#5414,#5415,#5416,#5417,#5418));
#749=EDGE_LOOP('',(#5419,#5420,#5421,#5422));
#750=EDGE_LOOP('',(#5423,#5424,#5425,#5426,#5427,#5428));
#751=EDGE_LOOP('',(#5429,#5430,#5431,#5432));
#752=EDGE_LOOP('',(#5433,#5434,#5435,#5436));
#753=EDGE_LOOP('',(#5437,#5438,#5439,#5440));
#754=EDGE_LOOP('',(#5441,#5442,#5443,#5444,#5445,#5446));
#755=EDGE_LOOP('',(#5447,#5448,#5449,#5450));
#756=EDGE_LOOP('',(#5451,#5452,#5453,#5454,#5455,#5456));
#757=EDGE_LOOP('',(#5457,#5458,#5459,#5460));
#758=EDGE_LOOP('',(#5461,#5462,#5463,#5464));
#759=EDGE_LOOP('',(#5465,#5466,#5467,#5468));
#760=EDGE_LOOP('',(#5469,#5470,#5471,#5472));
#761=EDGE_LOOP('',(#5473,#5474,#5475,#5476));
#762=EDGE_LOOP('',(#5477,#5478,#5479,#5480));
#763=EDGE_LOOP('',(#5481,#5482,#5483,#5484));
#764=EDGE_LOOP('',(#5485,#5486,#5487,#5488,#5489));
#765=EDGE_LOOP('',(#5490,#5491,#5492,#5493));
#766=EDGE_LOOP('',(#5494,#5495,#5496,#5497));
#767=EDGE_LOOP('',(#5498,#5499,#5500,#5501));
#768=EDGE_LOOP('',(#5502,#5503,#5504,#5505));
#769=EDGE_LOOP('',(#5506,#5507,#5508,#5509));
#770=EDGE_LOOP('',(#5510,#5511,#5512,#5513));
#771=EDGE_LOOP('',(#5514,#5515,#5516,#5517));
#772=EDGE_LOOP('',(#5518,#5519,#5520,#5521));
#773=EDGE_LOOP('',(#5522,#5523,#5524,#5525));
#774=EDGE_LOOP('',(#5526,#5527,#5528,#5529));
#775=EDGE_LOOP('',(#5530,#5531,#5532,#5533));
#776=EDGE_LOOP('',(#5534,#5535,#5536,#5537));
#777=EDGE_LOOP('',(#5538,#5539,#5540,#5541));
#778=EDGE_LOOP('',(#5542,#5543,#5544,#5545));
#779=EDGE_LOOP('',(#5546,#5547,#5548,#5549));
#780=EDGE_LOOP('',(#5550,#5551,#5552,#5553));
#781=EDGE_LOOP('',(#5554,#5555,#5556,#5557));
#782=EDGE_LOOP('',(#5558,#5559,#5560,#5561));
#783=EDGE_LOOP('',(#5562,#5563,#5564,#5565));
#784=EDGE_LOOP('',(#5566,#5567,#5568,#5569));
#785=EDGE_LOOP('',(#5570,#5571,#5572,#5573));
#786=EDGE_LOOP('',(#5574,#5575,#5576,#5577));
#787=EDGE_LOOP('',(#5578,#5579,#5580,#5581));
#788=EDGE_LOOP('',(#5582,#5583,#5584,#5585));
#789=EDGE_LOOP('',(#5586,#5587,#5588,#5589,#5590,#5591));
#790=EDGE_LOOP('',(#5592,#5593,#5594,#5595));
#791=EDGE_LOOP('',(#5596,#5597,#5598,#5599,#5600,#5601));
#792=EDGE_LOOP('',(#5602,#5603,#5604,#5605));
#793=EDGE_LOOP('',(#5606,#5607,#5608,#5609));
#794=EDGE_LOOP('',(#5610,#5611,#5612,#5613));
#795=EDGE_LOOP('',(#5614,#5615,#5616,#5617));
#796=EDGE_LOOP('',(#5618,#5619,#5620,#5621));
#797=EDGE_LOOP('',(#5622,#5623,#5624,#5625));
#798=EDGE_LOOP('',(#5626,#5627,#5628,#5629));
#799=EDGE_LOOP('',(#5630,#5631,#5632,#5633,#5634));
#800=EDGE_LOOP('',(#5635,#5636,#5637,#5638));
#801=EDGE_LOOP('',(#5639,#5640,#5641,#5642));
#802=EDGE_LOOP('',(#5643,#5644,#5645,#5646));
#803=EDGE_LOOP('',(#5647,#5648,#5649,#5650));
#804=EDGE_LOOP('',(#5651,#5652,#5653,#5654));
#805=EDGE_LOOP('',(#5655,#5656,#5657,#5658));
#806=EDGE_LOOP('',(#5659,#5660,#5661,#5662));
#807=EDGE_LOOP('',(#5663,#5664,#5665,#5666));
#808=EDGE_LOOP('',(#5667,#5668,#5669,#5670));
#809=EDGE_LOOP('',(#5671,#5672,#5673,#5674));
#810=EDGE_LOOP('',(#5675,#5676,#5677,#5678));
#811=EDGE_LOOP('',(#5679,#5680,#5681,#5682));
#812=EDGE_LOOP('',(#5683,#5684,#5685,#5686));
#813=EDGE_LOOP('',(#5687,#5688,#5689,#5690));
#814=EDGE_LOOP('',(#5691,#5692,#5693,#5694));
#815=EDGE_LOOP('',(#5695,#5696,#5697,#5698));
#816=EDGE_LOOP('',(#5699,#5700,#5701,#5702));
#817=EDGE_LOOP('',(#5703,#5704,#5705,#5706));
#818=EDGE_LOOP('',(#5707,#5708,#5709,#5710));
#819=EDGE_LOOP('',(#5711,#5712,#5713,#5714));
#820=EDGE_LOOP('',(#5715,#5716,#5717,#5718));
#821=EDGE_LOOP('',(#5719,#5720,#5721,#5722));
#822=EDGE_LOOP('',(#5723,#5724,#5725,#5726));
#823=EDGE_LOOP('',(#5727,#5728,#5729,#5730));
#824=EDGE_LOOP('',(#5731,#5732,#5733,#5734,#5735,#5736));
#825=EDGE_LOOP('',(#5737,#5738,#5739,#5740));
#826=EDGE_LOOP('',(#5741,#5742,#5743,#5744,#5745,#5746));
#827=EDGE_LOOP('',(#5747,#5748,#5749,#5750));
#828=EDGE_LOOP('',(#5751,#5752,#5753,#5754));
#829=EDGE_LOOP('',(#5755,#5756,#5757,#5758));
#830=EDGE_LOOP('',(#5759,#5760,#5761,#5762));
#831=EDGE_LOOP('',(#5763,#5764,#5765,#5766));
#832=EDGE_LOOP('',(#5767,#5768,#5769,#5770));
#833=EDGE_LOOP('',(#5771,#5772,#5773,#5774,#5775));
#834=EDGE_LOOP('',(#5776,#5777,#5778,#5779));
#835=EDGE_LOOP('',(#5780,#5781,#5782,#5783));
#836=EDGE_LOOP('',(#5784,#5785,#5786,#5787));
#837=EDGE_LOOP('',(#5788,#5789,#5790,#5791));
#838=EDGE_LOOP('',(#5792,#5793,#5794,#5795));
#839=EDGE_LOOP('',(#5796,#5797,#5798,#5799));
#840=EDGE_LOOP('',(#5800,#5801,#5802,#5803,#5804));
#841=EDGE_LOOP('',(#5805,#5806,#5807,#5808));
#842=EDGE_LOOP('',(#5809,#5810,#5811,#5812));
#843=EDGE_LOOP('',(#5813,#5814,#5815,#5816,#5817));
#844=EDGE_LOOP('',(#5818,#5819,#5820,#5821));
#845=EDGE_LOOP('',(#5822,#5823,#5824,#5825));
#846=EDGE_LOOP('',(#5826,#5827,#5828,#5829));
#847=EDGE_LOOP('',(#5830,#5831,#5832,#5833));
#848=EDGE_LOOP('',(#5834,#5835,#5836,#5837));
#849=EDGE_LOOP('',(#5838,#5839,#5840,#5841,#5842));
#850=EDGE_LOOP('',(#5843,#5844,#5845,#5846));
#851=EDGE_LOOP('',(#5847,#5848,#5849,#5850));
#852=EDGE_LOOP('',(#5851,#5852,#5853,#5854));
#853=EDGE_LOOP('',(#5855,#5856,#5857,#5858));
#854=EDGE_LOOP('',(#5859,#5860,#5861,#5862));
#855=EDGE_LOOP('',(#5863,#5864,#5865,#5866));
#856=EDGE_LOOP('',(#5867,#5868,#5869,#5870));
#857=EDGE_LOOP('',(#5871,#5872,#5873,#5874));
#858=EDGE_LOOP('',(#5875,#5876,#5877,#5878));
#859=EDGE_LOOP('',(#5879,#5880,#5881,#5882));
#860=EDGE_LOOP('',(#5883,#5884,#5885,#5886));
#861=EDGE_LOOP('',(#5887,#5888,#5889,#5890));
#862=EDGE_LOOP('',(#5891,#5892,#5893,#5894));
#863=EDGE_LOOP('',(#5895,#5896,#5897,#5898));
#864=EDGE_LOOP('',(#5899,#5900,#5901,#5902));
#865=EDGE_LOOP('',(#5903,#5904,#5905,#5906));
#866=EDGE_LOOP('',(#5907,#5908,#5909,#5910));
#867=EDGE_LOOP('',(#5911,#5912,#5913,#5914));
#868=EDGE_LOOP('',(#5915,#5916,#5917,#5918));
#869=EDGE_LOOP('',(#5919,#5920,#5921,#5922));
#870=EDGE_LOOP('',(#5923,#5924,#5925,#5926));
#871=EDGE_LOOP('',(#5927,#5928,#5929,#5930));
#872=EDGE_LOOP('',(#5931,#5932,#5933,#5934));
#873=EDGE_LOOP('',(#5935,#5936,#5937,#5938));
#874=EDGE_LOOP('',(#5939,#5940,#5941,#5942,#5943));
#875=EDGE_LOOP('',(#5944,#5945,#5946,#5947));
#876=EDGE_LOOP('',(#5948,#5949,#5950,#5951));
#877=EDGE_LOOP('',(#5952,#5953,#5954,#5955));
#878=EDGE_LOOP('',(#5956,#5957,#5958,#5959));
#879=EDGE_LOOP('',(#5960,#5961,#5962,#5963));
#880=EDGE_LOOP('',(#5964,#5965,#5966,#5967,#5968));
#881=EDGE_LOOP('',(#5969,#5970,#5971,#5972));
#882=EDGE_LOOP('',(#5973,#5974,#5975,#5976));
#883=EDGE_LOOP('',(#5977,#5978,#5979,#5980));
#884=EDGE_LOOP('',(#5981,#5982,#5983,#5984));
#885=EDGE_LOOP('',(#5985,#5986,#5987,#5988));
#886=EDGE_LOOP('',(#5989,#5990,#5991,#5992));
#887=EDGE_LOOP('',(#5993,#5994,#5995,#5996));
#888=EDGE_LOOP('',(#5997,#5998,#5999,#6000));
#889=EDGE_LOOP('',(#6001,#6002,#6003,#6004));
#890=EDGE_LOOP('',(#6005,#6006,#6007,#6008));
#891=EDGE_LOOP('',(#6009,#6010,#6011,#6012));
#892=EDGE_LOOP('',(#6013,#6014,#6015,#6016));
#893=EDGE_LOOP('',(#6017,#6018,#6019,#6020));
#894=EDGE_LOOP('',(#6021,#6022,#6023,#6024));
#895=EDGE_LOOP('',(#6025,#6026,#6027,#6028));
#896=EDGE_LOOP('',(#6029,#6030,#6031,#6032));
#897=EDGE_LOOP('',(#6033,#6034,#6035,#6036));
#898=EDGE_LOOP('',(#6037,#6038,#6039,#6040));
#899=EDGE_LOOP('',(#6041,#6042,#6043,#6044));
#900=EDGE_LOOP('',(#6045,#6046,#6047,#6048));
#901=EDGE_LOOP('',(#6049,#6050,#6051,#6052));
#902=EDGE_LOOP('',(#6053,#6054,#6055,#6056));
#903=EDGE_LOOP('',(#6057,#6058,#6059,#6060));
#904=EDGE_LOOP('',(#6061,#6062,#6063,#6064));
#905=EDGE_LOOP('',(#6065,#6066,#6067,#6068));
#906=EDGE_LOOP('',(#6069,#6070,#6071,#6072));
#907=EDGE_LOOP('',(#6073,#6074,#6075,#6076));
#908=EDGE_LOOP('',(#6077,#6078,#6079,#6080));
#909=EDGE_LOOP('',(#6081,#6082,#6083,#6084));
#910=EDGE_LOOP('',(#6085,#6086,#6087,#6088));
#911=EDGE_LOOP('',(#6089,#6090,#6091,#6092));
#912=EDGE_LOOP('',(#6093,#6094,#6095,#6096));
#913=EDGE_LOOP('',(#6097,#6098,#6099,#6100));
#914=EDGE_LOOP('',(#6101,#6102,#6103,#6104));
#915=EDGE_LOOP('',(#6105,#6106,#6107,#6108));
#916=EDGE_LOOP('',(#6109,#6110,#6111,#6112));
#917=EDGE_LOOP('',(#6113,#6114,#6115,#6116,#6117));
#918=EDGE_LOOP('',(#6118,#6119,#6120,#6121));
#919=EDGE_LOOP('',(#6122,#6123,#6124,#6125));
#920=EDGE_LOOP('',(#6126,#6127,#6128,#6129));
#921=EDGE_LOOP('',(#6130,#6131,#6132,#6133));
#922=EDGE_LOOP('',(#6134,#6135,#6136,#6137));
#923=EDGE_LOOP('',(#6138,#6139,#6140,#6141,#6142));
#924=EDGE_LOOP('',(#6143,#6144,#6145,#6146));
#925=EDGE_LOOP('',(#6147,#6148,#6149,#6150));
#926=EDGE_LOOP('',(#6151,#6152,#6153,#6154));
#927=EDGE_LOOP('',(#6155,#6156,#6157,#6158));
#928=EDGE_LOOP('',(#6159,#6160,#6161,#6162));
#929=EDGE_LOOP('',(#6163,#6164,#6165,#6166));
#930=EDGE_LOOP('',(#6167,#6168,#6169,#6170));
#931=EDGE_LOOP('',(#6171,#6172,#6173,#6174));
#932=EDGE_LOOP('',(#6175,#6176,#6177,#6178));
#933=EDGE_LOOP('',(#6179,#6180,#6181,#6182));
#934=EDGE_LOOP('',(#6183,#6184,#6185,#6186));
#935=EDGE_LOOP('',(#6187,#6188,#6189,#6190));
#936=EDGE_LOOP('',(#6191,#6192,#6193,#6194,#6195));
#937=EDGE_LOOP('',(#6196,#6197,#6198,#6199));
#938=EDGE_LOOP('',(#6200,#6201,#6202,#6203));
#939=EDGE_LOOP('',(#6204,#6205,#6206,#6207));
#940=EDGE_LOOP('',(#6208,#6209,#6210,#6211));
#941=EDGE_LOOP('',(#6212,#6213,#6214,#6215));
#942=EDGE_LOOP('',(#6216,#6217,#6218,#6219,#6220));
#943=EDGE_LOOP('',(#6221,#6222,#6223,#6224,#6225));
#944=EDGE_LOOP('',(#6226,#6227,#6228,#6229));
#945=EDGE_LOOP('',(#6230,#6231,#6232,#6233));
#946=EDGE_LOOP('',(#6234,#6235,#6236,#6237));
#947=EDGE_LOOP('',(#6238,#6239,#6240,#6241));
#948=EDGE_LOOP('',(#6242,#6243,#6244,#6245));
#949=EDGE_LOOP('',(#6246,#6247,#6248,#6249,#6250));
#950=EDGE_LOOP('',(#6251,#6252,#6253,#6254));
#951=EDGE_LOOP('',(#6255,#6256,#6257,#6258));
#952=EDGE_LOOP('',(#6259,#6260,#6261,#6262));
#953=EDGE_LOOP('',(#6263,#6264,#6265,#6266));
#954=EDGE_LOOP('',(#6267,#6268,#6269,#6270));
#955=EDGE_LOOP('',(#6271,#6272,#6273,#6274));
#956=EDGE_LOOP('',(#6275,#6276,#6277,#6278));
#957=EDGE_LOOP('',(#6279,#6280,#6281,#6282));
#958=EDGE_LOOP('',(#6283,#6284,#6285,#6286));
#959=EDGE_LOOP('',(#6287,#6288,#6289,#6290));
#960=EDGE_LOOP('',(#6291,#6292,#6293,#6294));
#961=EDGE_LOOP('',(#6295,#6296,#6297,#6298));
#962=EDGE_LOOP('',(#6299,#6300,#6301,#6302));
#963=EDGE_LOOP('',(#6303,#6304,#6305,#6306));
#964=EDGE_LOOP('',(#6307,#6308,#6309,#6310));
#965=EDGE_LOOP('',(#6311,#6312,#6313,#6314));
#966=EDGE_LOOP('',(#6315,#6316,#6317,#6318));
#967=EDGE_LOOP('',(#6319,#6320,#6321,#6322));
#968=EDGE_LOOP('',(#6323,#6324,#6325,#6326));
#969=EDGE_LOOP('',(#6327,#6328,#6329,#6330));
#970=EDGE_LOOP('',(#6331,#6332,#6333,#6334));
#971=EDGE_LOOP('',(#6335,#6336,#6337,#6338));
#972=EDGE_LOOP('',(#6339,#6340,#6341,#6342));
#973=EDGE_LOOP('',(#6343,#6344,#6345,#6346));
#974=EDGE_LOOP('',(#6347,#6348,#6349,#6350));
#975=EDGE_LOOP('',(#6351,#6352,#6353,#6354));
#976=EDGE_LOOP('',(#6355,#6356,#6357,#6358));
#977=EDGE_LOOP('',(#6359,#6360,#6361,#6362));
#978=EDGE_LOOP('',(#6363,#6364,#6365,#6366));
#979=EDGE_LOOP('',(#6367,#6368,#6369,#6370));
#980=EDGE_LOOP('',(#6371,#6372,#6373,#6374));
#981=EDGE_LOOP('',(#6375,#6376,#6377,#6378));
#982=EDGE_LOOP('',(#6379,#6380,#6381,#6382));
#983=EDGE_LOOP('',(#6383,#6384,#6385,#6386));
#984=EDGE_LOOP('',(#6387,#6388,#6389,#6390));
#985=EDGE_LOOP('',(#6391,#6392,#6393,#6394));
#986=EDGE_LOOP('',(#6395,#6396,#6397,#6398,#6399));
#987=EDGE_LOOP('',(#6400,#6401,#6402,#6403));
#988=EDGE_LOOP('',(#6404,#6405,#6406,#6407));
#989=EDGE_LOOP('',(#6408,#6409,#6410,#6411));
#990=EDGE_LOOP('',(#6412,#6413,#6414,#6415));
#991=EDGE_LOOP('',(#6416,#6417,#6418,#6419));
#992=EDGE_LOOP('',(#6420,#6421,#6422,#6423,#6424));
#993=EDGE_LOOP('',(#6425,#6426,#6427,#6428,#6429));
#994=EDGE_LOOP('',(#6430,#6431,#6432,#6433));
#995=EDGE_LOOP('',(#6434,#6435,#6436,#6437));
#996=EDGE_LOOP('',(#6438,#6439,#6440,#6441));
#997=EDGE_LOOP('',(#6442,#6443,#6444,#6445));
#998=EDGE_LOOP('',(#6446,#6447,#6448,#6449));
#999=EDGE_LOOP('',(#6450,#6451,#6452,#6453,#6454));
#1000=EDGE_LOOP('',(#6455,#6456,#6457,#6458));
#1001=EDGE_LOOP('',(#6459,#6460,#6461,#6462));
#1002=EDGE_LOOP('',(#6463,#6464,#6465,#6466));
#1003=EDGE_LOOP('',(#6467,#6468,#6469,#6470));
#1004=EDGE_LOOP('',(#6471,#6472,#6473,#6474));
#1005=EDGE_LOOP('',(#6475,#6476,#6477,#6478));
#1006=EDGE_LOOP('',(#6479,#6480,#6481,#6482));
#1007=EDGE_LOOP('',(#6483,#6484,#6485,#6486));
#1008=EDGE_LOOP('',(#6487,#6488,#6489,#6490));
#1009=EDGE_LOOP('',(#6491,#6492,#6493,#6494));
#1010=EDGE_LOOP('',(#6495,#6496,#6497,#6498));
#1011=EDGE_LOOP('',(#6499,#6500,#6501,#6502));
#1012=EDGE_LOOP('',(#6503,#6504,#6505,#6506));
#1013=EDGE_LOOP('',(#6507,#6508,#6509,#6510));
#1014=EDGE_LOOP('',(#6511,#6512,#6513,#6514));
#1015=EDGE_LOOP('',(#6515,#6516,#6517,#6518));
#1016=EDGE_LOOP('',(#6519,#6520,#6521,#6522));
#1017=EDGE_LOOP('',(#6523,#6524,#6525,#6526));
#1018=EDGE_LOOP('',(#6527,#6528,#6529,#6530));
#1019=EDGE_LOOP('',(#6531,#6532,#6533,#6534));
#1020=EDGE_LOOP('',(#6535,#6536,#6537,#6538));
#1021=EDGE_LOOP('',(#6539,#6540,#6541,#6542));
#1022=EDGE_LOOP('',(#6543,#6544,#6545,#6546));
#1023=EDGE_LOOP('',(#6547,#6548,#6549,#6550));
#1024=EDGE_LOOP('',(#6551,#6552,#6553,#6554));
#1025=EDGE_LOOP('',(#6555,#6556,#6557,#6558));
#1026=EDGE_LOOP('',(#6559,#6560,#6561,#6562));
#1027=EDGE_LOOP('',(#6563,#6564,#6565,#6566));
#1028=EDGE_LOOP('',(#6567,#6568,#6569,#6570));
#1029=EDGE_LOOP('',(#6571,#6572,#6573,#6574));
#1030=EDGE_LOOP('',(#6575,#6576,#6577,#6578));
#1031=EDGE_LOOP('',(#6579,#6580,#6581,#6582));
#1032=EDGE_LOOP('',(#6583,#6584,#6585,#6586));
#1033=EDGE_LOOP('',(#6587,#6588,#6589,#6590));
#1034=EDGE_LOOP('',(#6591,#6592,#6593,#6594));
#1035=EDGE_LOOP('',(#6595,#6596,#6597,#6598));
#1036=EDGE_LOOP('',(#6599,#6600,#6601,#6602,#6603));
#1037=EDGE_LOOP('',(#6604,#6605,#6606,#6607));
#1038=EDGE_LOOP('',(#6608,#6609,#6610,#6611));
#1039=EDGE_LOOP('',(#6612,#6613,#6614,#6615));
#1040=EDGE_LOOP('',(#6616,#6617,#6618,#6619));
#1041=EDGE_LOOP('',(#6620,#6621,#6622,#6623));
#1042=EDGE_LOOP('',(#6624,#6625,#6626,#6627,#6628));
#1043=EDGE_LOOP('',(#6629,#6630,#6631,#6632,#6633,#6634));
#1044=EDGE_LOOP('',(#6635,#6636,#6637,#6638));
#1045=EDGE_LOOP('',(#6639,#6640,#6641,#6642));
#1046=EDGE_LOOP('',(#6643,#6644,#6645,#6646));
#1047=EDGE_LOOP('',(#6647,#6648,#6649,#6650));
#1048=EDGE_LOOP('',(#6651,#6652,#6653,#6654));
#1049=EDGE_LOOP('',(#6655,#6656,#6657,#6658));
#1050=EDGE_LOOP('',(#6659,#6660,#6661,#6662,#6663,#6664));
#1051=EDGE_LOOP('',(#6665,#6666,#6667,#6668,#6669,#6670));
#1052=EDGE_LOOP('',(#6671,#6672,#6673,#6674));
#1053=EDGE_LOOP('',(#6675,#6676,#6677,#6678));
#1054=EDGE_LOOP('',(#6679,#6680,#6681,#6682));
#1055=EDGE_LOOP('',(#6683,#6684,#6685,#6686));
#1056=EDGE_LOOP('',(#6687,#6688,#6689,#6690));
#1057=EDGE_LOOP('',(#6691,#6692,#6693,#6694));
#1058=EDGE_LOOP('',(#6695,#6696,#6697,#6698,#6699,#6700));
#1059=EDGE_LOOP('',(#6701,#6702,#6703,#6704,#6705,#6706));
#1060=EDGE_LOOP('',(#6707,#6708,#6709,#6710));
#1061=EDGE_LOOP('',(#6711,#6712,#6713,#6714));
#1062=EDGE_LOOP('',(#6715,#6716,#6717,#6718));
#1063=EDGE_LOOP('',(#6719,#6720,#6721,#6722));
#1064=EDGE_LOOP('',(#6723,#6724,#6725,#6726));
#1065=EDGE_LOOP('',(#6727,#6728,#6729,#6730));
#1066=EDGE_LOOP('',(#6731,#6732,#6733,#6734,#6735,#6736));
#1067=EDGE_LOOP('',(#6737,#6738,#6739,#6740,#6741,#6742));
#1068=EDGE_LOOP('',(#6743,#6744,#6745,#6746));
#1069=EDGE_LOOP('',(#6747,#6748,#6749,#6750));
#1070=EDGE_LOOP('',(#6751,#6752,#6753,#6754));
#1071=EDGE_LOOP('',(#6755,#6756,#6757,#6758));
#1072=EDGE_LOOP('',(#6759,#6760,#6761,#6762));
#1073=EDGE_LOOP('',(#6763,#6764,#6765,#6766));
#1074=EDGE_LOOP('',(#6767,#6768,#6769,#6770,#6771,#6772));
#1075=EDGE_LOOP('',(#6773,#6774,#6775,#6776));
#1076=EDGE_LOOP('',(#6777));
#1077=EDGE_LOOP('',(#6778));
#1078=CIRCLE('',#7627,0.1);
#1079=CIRCLE('',#7628,0.1);
#1080=CIRCLE('',#7629,0.1);
#1081=CIRCLE('',#7630,0.1);
#1082=CIRCLE('',#7631,0.1);
#1083=CIRCLE('',#7632,0.1);
#1084=CIRCLE('',#7633,0.1);
#1085=CIRCLE('',#7634,0.1);
#1086=CIRCLE('',#7635,0.1);
#1087=CIRCLE('',#7636,0.1);
#1088=CIRCLE('',#7637,0.1);
#1089=CIRCLE('',#7638,0.1);
#1090=CIRCLE('',#7639,0.1);
#1091=CIRCLE('',#7640,0.1);
#1092=CIRCLE('',#7641,0.1);
#1093=CIRCLE('',#7642,0.1);
#1094=CIRCLE('',#7643,0.1);
#1095=CIRCLE('',#7644,0.1);
#1096=CIRCLE('',#7645,0.1);
#1097=CIRCLE('',#7646,0.1);
#1098=CIRCLE('',#7647,0.1);
#1099=CIRCLE('',#7648,0.1);
#1100=CIRCLE('',#7649,0.1);
#1101=CIRCLE('',#7650,0.1);
#1102=CIRCLE('',#7651,0.1);
#1103=CIRCLE('',#7652,0.1);
#1104=CIRCLE('',#7653,0.1);
#1105=CIRCLE('',#7654,0.1);
#1106=CIRCLE('',#7655,0.1);
#1107=CIRCLE('',#7656,0.1);
#1108=CIRCLE('',#7657,0.1);
#1109=CIRCLE('',#7658,0.1);
#1110=CIRCLE('',#7673,0.1);
#1111=CIRCLE('',#7679,0.1);
#1112=CIRCLE('',#7684,0.1);
#1113=CIRCLE('',#7689,0.1);
#1114=CIRCLE('',#7694,0.1);
#1115=CIRCLE('',#7699,0.1);
#1116=CIRCLE('',#7704,0.1);
#1117=CIRCLE('',#7709,0.1);
#1118=CIRCLE('',#7716,0.1);
#1119=CIRCLE('',#7722,0.1);
#1120=CIRCLE('',#7729,0.1);
#1121=CIRCLE('',#7736,0.1);
#1122=CIRCLE('',#7741,0.1);
#1123=CIRCLE('',#7746,0.1);
#1124=CIRCLE('',#7751,0.1);
#1125=CIRCLE('',#7756,0.1);
#1126=CIRCLE('',#7761,0.1);
#1127=CIRCLE('',#7766,0.1);
#1128=CIRCLE('',#7786,0.1);
#1129=CIRCLE('',#7791,0.1);
#1130=CIRCLE('',#7796,0.1);
#1131=CIRCLE('',#7801,0.1);
#1132=CIRCLE('',#7806,0.1);
#1133=CIRCLE('',#7811,0.1);
#1134=CIRCLE('',#7816,0.1);
#1135=CIRCLE('',#7828,0.1);
#1136=CIRCLE('',#7833,0.1);
#1137=CIRCLE('',#7838,0.1);
#1138=CIRCLE('',#7843,0.1);
#1139=CIRCLE('',#7848,0.1);
#1140=CIRCLE('',#7853,0.1);
#1141=CIRCLE('',#7858,0.1);
#1142=CIRCLE('',#7881,0.1);
#1143=CIRCLE('',#7884,0.1);
#1144=CIRCLE('',#7890,0.1);
#1145=CIRCLE('',#7895,0.1);
#1146=CIRCLE('',#7898,0.1);
#1147=CIRCLE('',#7903,0.1);
#1148=CIRCLE('',#7906,0.1);
#1149=CIRCLE('',#7911,0.1);
#1150=CIRCLE('',#7914,0.1);
#1151=CIRCLE('',#7919,0.1);
#1152=CIRCLE('',#7922,0.1);
#1153=CIRCLE('',#7928,0.1);
#1154=CIRCLE('',#7931,0.1);
#1155=CIRCLE('',#7934,0.1);
#1156=CIRCLE('',#7939,0.1);
#1157=CIRCLE('',#7942,0.1);
#1158=CIRCLE('',#7947,0.1);
#1159=CIRCLE('',#7950,0.1);
#1160=CIRCLE('',#7955,0.1);
#1161=CIRCLE('',#7958,0.1);
#1162=CIRCLE('',#7963,0.1);
#1163=CIRCLE('',#7968,0.1);
#1164=CIRCLE('',#7971,0.1);
#1165=CIRCLE('',#7976,0.1);
#1166=CIRCLE('',#7979,0.1);
#1167=CIRCLE('',#7985,0.1);
#1168=CIRCLE('',#7988,0.1);
#1169=CIRCLE('',#7991,0.1);
#1170=CIRCLE('',#7996,0.1);
#1171=CIRCLE('',#7999,0.1);
#1172=CIRCLE('',#8004,0.1);
#1173=CIRCLE('',#8007,0.1);
#1174=CIRCLE('',#8013,0.1);
#1175=CIRCLE('',#8019,0.1);
#1176=CIRCLE('',#8022,0.1);
#1177=CIRCLE('',#8027,0.1);
#1178=CIRCLE('',#8030,0.1);
#1179=CIRCLE('',#8035,0.1);
#1180=CIRCLE('',#8038,0.1);
#1181=CIRCLE('',#8043,0.1);
#1182=CIRCLE('',#8046,0.1);
#1183=CIRCLE('',#8051,0.1);
#1184=CIRCLE('',#8054,0.1);
#1185=CIRCLE('',#8059,0.1);
#1186=CIRCLE('',#8062,0.1);
#1187=CIRCLE('',#8067,0.1);
#1188=CIRCLE('',#8070,0.1);
#1189=CIRCLE('',#8073,0.1);
#1190=CIRCLE('',#8079,0.1);
#1191=CIRCLE('',#8082,0.1);
#1192=CIRCLE('',#8088,0.1);
#1193=CIRCLE('',#8091,0.1);
#1194=CIRCLE('',#8096,0.1);
#1195=CIRCLE('',#8099,0.1);
#1196=CIRCLE('',#8104,0.1);
#1197=CIRCLE('',#8107,0.1);
#1198=CIRCLE('',#8112,0.1);
#1199=CIRCLE('',#8115,0.1);
#1200=CIRCLE('',#8120,0.1);
#1201=CIRCLE('',#8123,0.1);
#1202=CIRCLE('',#8128,0.1);
#1203=CIRCLE('',#8131,0.1);
#1204=CIRCLE('',#8136,0.1);
#1205=CIRCLE('',#8142,0.1);
#1206=CIRCLE('',#8177,0.125);
#1207=CIRCLE('',#8178,0.125);
#1208=LINE('',#10205,#2107);
#1209=LINE('',#10207,#2108);
#1210=LINE('',#10211,#2109);
#1211=LINE('',#10213,#2110);
#1212=LINE('',#10215,#2111);
#1213=LINE('',#10219,#2112);
#1214=LINE('',#10221,#2113);
#1215=LINE('',#10223,#2114);
#1216=LINE('',#10227,#2115);
#1217=LINE('',#10229,#2116);
#1218=LINE('',#10231,#2117);
#1219=LINE('',#10235,#2118);
#1220=LINE('',#10237,#2119);
#1221=LINE('',#10239,#2120);
#1222=LINE('',#10243,#2121);
#1223=LINE('',#10245,#2122);
#1224=LINE('',#10247,#2123);
#1225=LINE('',#10251,#2124);
#1226=LINE('',#10253,#2125);
#1227=LINE('',#10255,#2126);
#1228=LINE('',#10259,#2127);
#1229=LINE('',#10261,#2128);
#1230=LINE('',#10263,#2129);
#1231=LINE('',#10267,#2130);
#1232=LINE('',#10269,#2131);
#1233=LINE('',#10271,#2132);
#1234=LINE('',#10273,#2133);
#1235=LINE('',#10275,#2134);
#1236=LINE('',#10277,#2135);
#1237=LINE('',#10281,#2136);
#1238=LINE('',#10283,#2137);
#1239=LINE('',#10285,#2138);
#1240=LINE('',#10289,#2139);
#1241=LINE('',#10291,#2140);
#1242=LINE('',#10293,#2141);
#1243=LINE('',#10297,#2142);
#1244=LINE('',#10299,#2143);
#1245=LINE('',#10301,#2144);
#1246=LINE('',#10305,#2145);
#1247=LINE('',#10307,#2146);
#1248=LINE('',#10309,#2147);
#1249=LINE('',#10313,#2148);
#1250=LINE('',#10315,#2149);
#1251=LINE('',#10317,#2150);
#1252=LINE('',#10321,#2151);
#1253=LINE('',#10323,#2152);
#1254=LINE('',#10325,#2153);
#1255=LINE('',#10329,#2154);
#1256=LINE('',#10331,#2155);
#1257=LINE('',#10333,#2156);
#1258=LINE('',#10337,#2157);
#1259=LINE('',#10339,#2158);
#1260=LINE('',#10341,#2159);
#1261=LINE('',#10343,#2160);
#1262=LINE('',#10345,#2161);
#1263=LINE('',#10347,#2162);
#1264=LINE('',#10351,#2163);
#1265=LINE('',#10353,#2164);
#1266=LINE('',#10355,#2165);
#1267=LINE('',#10359,#2166);
#1268=LINE('',#10361,#2167);
#1269=LINE('',#10363,#2168);
#1270=LINE('',#10367,#2169);
#1271=LINE('',#10369,#2170);
#1272=LINE('',#10371,#2171);
#1273=LINE('',#10375,#2172);
#1274=LINE('',#10377,#2173);
#1275=LINE('',#10379,#2174);
#1276=LINE('',#10383,#2175);
#1277=LINE('',#10385,#2176);
#1278=LINE('',#10387,#2177);
#1279=LINE('',#10391,#2178);
#1280=LINE('',#10393,#2179);
#1281=LINE('',#10395,#2180);
#1282=LINE('',#10399,#2181);
#1283=LINE('',#10401,#2182);
#1284=LINE('',#10403,#2183);
#1285=LINE('',#10407,#2184);
#1286=LINE('',#10409,#2185);
#1287=LINE('',#10411,#2186);
#1288=LINE('',#10413,#2187);
#1289=LINE('',#10415,#2188);
#1290=LINE('',#10417,#2189);
#1291=LINE('',#10421,#2190);
#1292=LINE('',#10423,#2191);
#1293=LINE('',#10425,#2192);
#1294=LINE('',#10429,#2193);
#1295=LINE('',#10431,#2194);
#1296=LINE('',#10433,#2195);
#1297=LINE('',#10437,#2196);
#1298=LINE('',#10439,#2197);
#1299=LINE('',#10441,#2198);
#1300=LINE('',#10445,#2199);
#1301=LINE('',#10447,#2200);
#1302=LINE('',#10449,#2201);
#1303=LINE('',#10453,#2202);
#1304=LINE('',#10455,#2203);
#1305=LINE('',#10457,#2204);
#1306=LINE('',#10461,#2205);
#1307=LINE('',#10463,#2206);
#1308=LINE('',#10465,#2207);
#1309=LINE('',#10469,#2208);
#1310=LINE('',#10471,#2209);
#1311=LINE('',#10473,#2210);
#1312=LINE('',#10477,#2211);
#1313=LINE('',#10479,#2212);
#1314=LINE('',#10481,#2213);
#1315=LINE('',#10482,#2214);
#1316=LINE('',#10485,#2215);
#1317=LINE('',#10487,#2216);
#1318=LINE('',#10489,#2217);
#1319=LINE('',#10491,#2218);
#1320=LINE('',#10492,#2219);
#1321=LINE('',#10495,#2220);
#1322=LINE('',#10497,#2221);
#1323=LINE('',#10498,#2222);
#1324=LINE('',#10501,#2223);
#1325=LINE('',#10502,#2224);
#1326=LINE('',#10505,#2225);
#1327=LINE('',#10506,#2226);
#1328=LINE('',#10509,#2227);
#1329=LINE('',#10510,#2228);
#1330=LINE('',#10512,#2229);
#1331=LINE('',#10516,#2230);
#1332=LINE('',#10518,#2231);
#1333=LINE('',#10520,#2232);
#1334=LINE('',#10521,#2233);
#1335=LINE('',#10524,#2234);
#1336=LINE('',#10526,#2235);
#1337=LINE('',#10527,#2236);
#1338=LINE('',#10530,#2237);
#1339=LINE('',#10531,#2238);
#1340=LINE('',#10534,#2239);
#1341=LINE('',#10535,#2240);
#1342=LINE('',#10537,#2241);
#1343=LINE('',#10541,#2242);
#1344=LINE('',#10543,#2243);
#1345=LINE('',#10544,#2244);
#1346=LINE('',#10547,#2245);
#1347=LINE('',#10549,#2246);
#1348=LINE('',#10551,#2247);
#1349=LINE('',#10552,#2248);
#1350=LINE('',#10554,#2249);
#1351=LINE('',#10556,#2250);
#1352=LINE('',#10557,#2251);
#1353=LINE('',#10559,#2252);
#1354=LINE('',#10561,#2253);
#1355=LINE('',#10562,#2254);
#1356=LINE('',#10564,#2255);
#1357=LINE('',#10566,#2256);
#1358=LINE('',#10567,#2257);
#1359=LINE('',#10569,#2258);
#1360=LINE('',#10571,#2259);
#1361=LINE('',#10572,#2260);
#1362=LINE('',#10574,#2261);
#1363=LINE('',#10576,#2262);
#1364=LINE('',#10577,#2263);
#1365=LINE('',#10579,#2264);
#1366=LINE('',#10581,#2265);
#1367=LINE('',#10582,#2266);
#1368=LINE('',#10584,#2267);
#1369=LINE('',#10586,#2268);
#1370=LINE('',#10587,#2269);
#1371=LINE('',#10588,#2270);
#1372=LINE('',#10591,#2271);
#1373=LINE('',#10593,#2272);
#1374=LINE('',#10595,#2273);
#1375=LINE('',#10596,#2274);
#1376=LINE('',#10599,#2275);
#1377=LINE('',#10601,#2276);
#1378=LINE('',#10603,#2277);
#1379=LINE('',#10604,#2278);
#1380=LINE('',#10607,#2279);
#1381=LINE('',#10610,#2280);
#1382=LINE('',#10612,#2281);
#1383=LINE('',#10614,#2282);
#1384=LINE('',#10618,#2283);
#1385=LINE('',#10619,#2284);
#1386=LINE('',#10623,#2285);
#1387=LINE('',#10625,#2286);
#1388=LINE('',#10629,#2287);
#1389=LINE('',#10630,#2288);
#1390=LINE('',#10634,#2289);
#1391=LINE('',#10636,#2290);
#1392=LINE('',#10640,#2291);
#1393=LINE('',#10641,#2292);
#1394=LINE('',#10645,#2293);
#1395=LINE('',#10647,#2294);
#1396=LINE('',#10651,#2295);
#1397=LINE('',#10652,#2296);
#1398=LINE('',#10656,#2297);
#1399=LINE('',#10658,#2298);
#1400=LINE('',#10662,#2299);
#1401=LINE('',#10663,#2300);
#1402=LINE('',#10667,#2301);
#1403=LINE('',#10669,#2302);
#1404=LINE('',#10673,#2303);
#1405=LINE('',#10674,#2304);
#1406=LINE('',#10678,#2305);
#1407=LINE('',#10680,#2306);
#1408=LINE('',#10684,#2307);
#1409=LINE('',#10685,#2308);
#1410=LINE('',#10689,#2309);
#1411=LINE('',#10692,#2310);
#1412=LINE('',#10693,#2311);
#1413=LINE('',#10695,#2312);
#1414=LINE('',#10699,#2313);
#1415=LINE('',#10701,#2314);
#1416=LINE('',#10703,#2315);
#1417=LINE('',#10704,#2316);
#1418=LINE('',#10706,#2317);
#1419=LINE('',#10708,#2318);
#1420=LINE('',#10709,#2319);
#1421=LINE('',#10711,#2320);
#1422=LINE('',#10713,#2321);
#1423=LINE('',#10714,#2322);
#1424=LINE('',#10716,#2323);
#1425=LINE('',#10718,#2324);
#1426=LINE('',#10719,#2325);
#1427=LINE('',#10721,#2326);
#1428=LINE('',#10723,#2327);
#1429=LINE('',#10724,#2328);
#1430=LINE('',#10726,#2329);
#1431=LINE('',#10728,#2330);
#1432=LINE('',#10729,#2331);
#1433=LINE('',#10731,#2332);
#1434=LINE('',#10733,#2333);
#1435=LINE('',#10734,#2334);
#1436=LINE('',#10736,#2335);
#1437=LINE('',#10737,#2336);
#1438=LINE('',#10739,#2337);
#1439=LINE('',#10740,#2338);
#1440=LINE('',#10743,#2339);
#1441=LINE('',#10745,#2340);
#1442=LINE('',#10747,#2341);
#1443=LINE('',#10748,#2342);
#1444=LINE('',#10751,#2343);
#1445=LINE('',#10753,#2344);
#1446=LINE('',#10755,#2345);
#1447=LINE('',#10756,#2346);
#1448=LINE('',#10759,#2347);
#1449=LINE('',#10760,#2348);
#1450=LINE('',#10764,#2349);
#1451=LINE('',#10767,#2350);
#1452=LINE('',#10768,#2351);
#1453=LINE('',#10770,#2352);
#1454=LINE('',#10775,#2353);
#1455=LINE('',#10776,#2354);
#1456=LINE('',#10778,#2355);
#1457=LINE('',#10780,#2356);
#1458=LINE('',#10781,#2357);
#1459=LINE('',#10783,#2358);
#1460=LINE('',#10785,#2359);
#1461=LINE('',#10786,#2360);
#1462=LINE('',#10788,#2361);
#1463=LINE('',#10790,#2362);
#1464=LINE('',#10791,#2363);
#1465=LINE('',#10793,#2364);
#1466=LINE('',#10795,#2365);
#1467=LINE('',#10796,#2366);
#1468=LINE('',#10798,#2367);
#1469=LINE('',#10800,#2368);
#1470=LINE('',#10801,#2369);
#1471=LINE('',#10803,#2370);
#1472=LINE('',#10805,#2371);
#1473=LINE('',#10806,#2372);
#1474=LINE('',#10808,#2373);
#1475=LINE('',#10810,#2374);
#1476=LINE('',#10811,#2375);
#1477=LINE('',#10813,#2376);
#1478=LINE('',#10814,#2377);
#1479=LINE('',#10815,#2378);
#1480=LINE('',#10818,#2379);
#1481=LINE('',#10820,#2380);
#1482=LINE('',#10822,#2381);
#1483=LINE('',#10823,#2382);
#1484=LINE('',#10826,#2383);
#1485=LINE('',#10828,#2384);
#1486=LINE('',#10830,#2385);
#1487=LINE('',#10831,#2386);
#1488=LINE('',#10834,#2387);
#1489=LINE('',#10836,#2388);
#1490=LINE('',#10839,#2389);
#1491=LINE('',#10841,#2390);
#1492=LINE('',#10843,#2391);
#1493=LINE('',#10845,#2392);
#1494=LINE('',#10850,#2393);
#1495=LINE('',#10851,#2394);
#1496=LINE('',#10852,#2395);
#1497=LINE('',#10854,#2396);
#1498=LINE('',#10856,#2397);
#1499=LINE('',#10857,#2398);
#1500=LINE('',#10859,#2399);
#1501=LINE('',#10861,#2400);
#1502=LINE('',#10862,#2401);
#1503=LINE('',#10864,#2402);
#1504=LINE('',#10866,#2403);
#1505=LINE('',#10867,#2404);
#1506=LINE('',#10869,#2405);
#1507=LINE('',#10871,#2406);
#1508=LINE('',#10872,#2407);
#1509=LINE('',#10874,#2408);
#1510=LINE('',#10876,#2409);
#1511=LINE('',#10877,#2410);
#1512=LINE('',#10879,#2411);
#1513=LINE('',#10881,#2412);
#1514=LINE('',#10882,#2413);
#1515=LINE('',#10884,#2414);
#1516=LINE('',#10886,#2415);
#1517=LINE('',#10887,#2416);
#1518=LINE('',#10888,#2417);
#1519=LINE('',#10891,#2418);
#1520=LINE('',#10893,#2419);
#1521=LINE('',#10895,#2420);
#1522=LINE('',#10896,#2421);
#1523=LINE('',#10899,#2422);
#1524=LINE('',#10901,#2423);
#1525=LINE('',#10903,#2424);
#1526=LINE('',#10904,#2425);
#1527=LINE('',#10907,#2426);
#1528=LINE('',#10911,#2427);
#1529=LINE('',#10912,#2428);
#1530=LINE('',#10914,#2429);
#1531=LINE('',#10916,#2430);
#1532=LINE('',#10918,#2431);
#1533=LINE('',#10922,#2432);
#1534=LINE('',#10923,#2433);
#1535=LINE('',#10926,#2434);
#1536=LINE('',#10929,#2435);
#1537=LINE('',#10933,#2436);
#1538=LINE('',#10934,#2437);
#1539=LINE('',#10937,#2438);
#1540=LINE('',#10940,#2439);
#1541=LINE('',#10944,#2440);
#1542=LINE('',#10945,#2441);
#1543=LINE('',#10948,#2442);
#1544=LINE('',#10951,#2443);
#1545=LINE('',#10955,#2444);
#1546=LINE('',#10956,#2445);
#1547=LINE('',#10959,#2446);
#1548=LINE('',#10962,#2447);
#1549=LINE('',#10966,#2448);
#1550=LINE('',#10967,#2449);
#1551=LINE('',#10970,#2450);
#1552=LINE('',#10973,#2451);
#1553=LINE('',#10977,#2452);
#1554=LINE('',#10978,#2453);
#1555=LINE('',#10981,#2454);
#1556=LINE('',#10984,#2455);
#1557=LINE('',#10988,#2456);
#1558=LINE('',#10989,#2457);
#1559=LINE('',#10993,#2458);
#1560=LINE('',#10996,#2459);
#1561=LINE('',#10997,#2460);
#1562=LINE('',#10999,#2461);
#1563=LINE('',#11004,#2462);
#1564=LINE('',#11005,#2463);
#1565=LINE('',#11007,#2464);
#1566=LINE('',#11008,#2465);
#1567=LINE('',#11011,#2466);
#1568=LINE('',#11012,#2467);
#1569=LINE('',#11014,#2468);
#1570=LINE('',#11016,#2469);
#1571=LINE('',#11017,#2470);
#1572=LINE('',#11019,#2471);
#1573=LINE('',#11024,#2472);
#1574=LINE('',#11025,#2473);
#1575=LINE('',#11027,#2474);
#1576=LINE('',#11028,#2475);
#1577=LINE('',#11031,#2476);
#1578=LINE('',#11032,#2477);
#1579=LINE('',#11034,#2478);
#1580=LINE('',#11036,#2479);
#1581=LINE('',#11037,#2480);
#1582=LINE('',#11039,#2481);
#1583=LINE('',#11044,#2482);
#1584=LINE('',#11045,#2483);
#1585=LINE('',#11048,#2484);
#1586=LINE('',#11049,#2485);
#1587=LINE('',#11052,#2486);
#1588=LINE('',#11055,#2487);
#1589=LINE('',#11059,#2488);
#1590=LINE('',#11060,#2489);
#1591=LINE('',#11063,#2490);
#1592=LINE('',#11066,#2491);
#1593=LINE('',#11070,#2492);
#1594=LINE('',#11071,#2493);
#1595=LINE('',#11074,#2494);
#1596=LINE('',#11077,#2495);
#1597=LINE('',#11081,#2496);
#1598=LINE('',#11082,#2497);
#1599=LINE('',#11085,#2498);
#1600=LINE('',#11088,#2499);
#1601=LINE('',#11092,#2500);
#1602=LINE('',#11093,#2501);
#1603=LINE('',#11096,#2502);
#1604=LINE('',#11099,#2503);
#1605=LINE('',#11103,#2504);
#1606=LINE('',#11104,#2505);
#1607=LINE('',#11107,#2506);
#1608=LINE('',#11110,#2507);
#1609=LINE('',#11114,#2508);
#1610=LINE('',#11115,#2509);
#1611=LINE('',#11118,#2510);
#1612=LINE('',#11121,#2511);
#1613=LINE('',#11125,#2512);
#1614=LINE('',#11126,#2513);
#1615=LINE('',#11128,#2514);
#1616=LINE('',#11129,#2515);
#1617=LINE('',#11132,#2516);
#1618=LINE('',#11133,#2517);
#1619=LINE('',#11135,#2518);
#1620=LINE('',#11137,#2519);
#1621=LINE('',#11138,#2520);
#1622=LINE('',#11140,#2521);
#1623=LINE('',#11145,#2522);
#1624=LINE('',#11146,#2523);
#1625=LINE('',#11149,#2524);
#1626=LINE('',#11150,#2525);
#1627=LINE('',#11153,#2526);
#1628=LINE('',#11156,#2527);
#1629=LINE('',#11160,#2528);
#1630=LINE('',#11161,#2529);
#1631=LINE('',#11165,#2530);
#1632=LINE('',#11167,#2531);
#1633=LINE('',#11171,#2532);
#1634=LINE('',#11172,#2533);
#1635=LINE('',#11176,#2534);
#1636=LINE('',#11178,#2535);
#1637=LINE('',#11182,#2536);
#1638=LINE('',#11183,#2537);
#1639=LINE('',#11187,#2538);
#1640=LINE('',#11189,#2539);
#1641=LINE('',#11193,#2540);
#1642=LINE('',#11194,#2541);
#1643=LINE('',#11198,#2542);
#1644=LINE('',#11200,#2543);
#1645=LINE('',#11204,#2544);
#1646=LINE('',#11205,#2545);
#1647=LINE('',#11209,#2546);
#1648=LINE('',#11211,#2547);
#1649=LINE('',#11215,#2548);
#1650=LINE('',#11216,#2549);
#1651=LINE('',#11220,#2550);
#1652=LINE('',#11222,#2551);
#1653=LINE('',#11226,#2552);
#1654=LINE('',#11227,#2553);
#1655=LINE('',#11229,#2554);
#1656=LINE('',#11230,#2555);
#1657=LINE('',#11233,#2556);
#1658=LINE('',#11234,#2557);
#1659=LINE('',#11236,#2558);
#1660=LINE('',#11238,#2559);
#1661=LINE('',#11239,#2560);
#1662=LINE('',#11241,#2561);
#1663=LINE('',#11248,#2562);
#1664=LINE('',#11250,#2563);
#1665=LINE('',#11252,#2564);
#1666=LINE('',#11253,#2565);
#1667=LINE('',#11256,#2566);
#1668=LINE('',#11258,#2567);
#1669=LINE('',#11259,#2568);
#1670=LINE('',#11263,#2569);
#1671=LINE('',#11265,#2570);
#1672=LINE('',#11267,#2571);
#1673=LINE('',#11268,#2572);
#1674=LINE('',#11270,#2573);
#1675=LINE('',#11272,#2574);
#1676=LINE('',#11273,#2575);
#1677=LINE('',#11276,#2576);
#1678=LINE('',#11278,#2577);
#1679=LINE('',#11279,#2578);
#1680=LINE('',#11282,#2579);
#1681=LINE('',#11283,#2580);
#1682=LINE('',#11286,#2581);
#1683=LINE('',#11287,#2582);
#1684=LINE('',#11289,#2583);
#1685=LINE('',#11293,#2584);
#1686=LINE('',#11294,#2585);
#1687=LINE('',#11297,#2586);
#1688=LINE('',#11298,#2587);
#1689=LINE('',#11300,#2588);
#1690=LINE('',#11305,#2589);
#1691=LINE('',#11309,#2590);
#1692=LINE('',#11311,#2591);
#1693=LINE('',#11312,#2592);
#1694=LINE('',#11315,#2593);
#1695=LINE('',#11317,#2594);
#1696=LINE('',#11318,#2595);
#1697=LINE('',#11322,#2596);
#1698=LINE('',#11325,#2597);
#1699=LINE('',#11326,#2598);
#1700=LINE('',#11329,#2599);
#1701=LINE('',#11330,#2600);
#1702=LINE('',#11332,#2601);
#1703=LINE('',#11337,#2602);
#1704=LINE('',#11339,#2603);
#1705=LINE('',#11341,#2604);
#1706=LINE('',#11345,#2605);
#1707=LINE('',#11347,#2606);
#1708=LINE('',#11348,#2607);
#1709=LINE('',#11351,#2608);
#1710=LINE('',#11352,#2609);
#1711=LINE('',#11355,#2610);
#1712=LINE('',#11356,#2611);
#1713=LINE('',#11363,#2612);
#1714=LINE('',#11365,#2613);
#1715=LINE('',#11367,#2614);
#1716=LINE('',#11371,#2615);
#1717=LINE('',#11373,#2616);
#1718=LINE('',#11374,#2617);
#1719=LINE('',#11377,#2618);
#1720=LINE('',#11378,#2619);
#1721=LINE('',#11381,#2620);
#1722=LINE('',#11382,#2621);
#1723=LINE('',#11389,#2622);
#1724=LINE('',#11391,#2623);
#1725=LINE('',#11393,#2624);
#1726=LINE('',#11397,#2625);
#1727=LINE('',#11399,#2626);
#1728=LINE('',#11400,#2627);
#1729=LINE('',#11403,#2628);
#1730=LINE('',#11404,#2629);
#1731=LINE('',#11407,#2630);
#1732=LINE('',#11408,#2631);
#1733=LINE('',#11415,#2632);
#1734=LINE('',#11417,#2633);
#1735=LINE('',#11419,#2634);
#1736=LINE('',#11423,#2635);
#1737=LINE('',#11425,#2636);
#1738=LINE('',#11426,#2637);
#1739=LINE('',#11429,#2638);
#1740=LINE('',#11430,#2639);
#1741=LINE('',#11433,#2640);
#1742=LINE('',#11434,#2641);
#1743=LINE('',#11441,#2642);
#1744=LINE('',#11443,#2643);
#1745=LINE('',#11445,#2644);
#1746=LINE('',#11447,#2645);
#1747=LINE('',#11451,#2646);
#1748=LINE('',#11453,#2647);
#1749=LINE('',#11454,#2648);
#1750=LINE('',#11457,#2649);
#1751=LINE('',#11458,#2650);
#1752=LINE('',#11461,#2651);
#1753=LINE('',#11462,#2652);
#1754=LINE('',#11465,#2653);
#1755=LINE('',#11466,#2654);
#1756=LINE('',#11473,#2655);
#1757=LINE('',#11477,#2656);
#1758=LINE('',#11478,#2657);
#1759=LINE('',#11481,#2658);
#1760=LINE('',#11483,#2659);
#1761=LINE('',#11484,#2660);
#1762=LINE('',#11488,#2661);
#1763=LINE('',#11491,#2662);
#1764=LINE('',#11492,#2663);
#1765=LINE('',#11494,#2664);
#1766=LINE('',#11499,#2665);
#1767=LINE('',#11503,#2666);
#1768=LINE('',#11504,#2667);
#1769=LINE('',#11507,#2668);
#1770=LINE('',#11509,#2669);
#1771=LINE('',#11510,#2670);
#1772=LINE('',#11514,#2671);
#1773=LINE('',#11517,#2672);
#1774=LINE('',#11518,#2673);
#1775=LINE('',#11520,#2674);
#1776=LINE('',#11525,#2675);
#1777=LINE('',#11529,#2676);
#1778=LINE('',#11530,#2677);
#1779=LINE('',#11533,#2678);
#1780=LINE('',#11535,#2679);
#1781=LINE('',#11536,#2680);
#1782=LINE('',#11540,#2681);
#1783=LINE('',#11543,#2682);
#1784=LINE('',#11544,#2683);
#1785=LINE('',#11546,#2684);
#1786=LINE('',#11551,#2685);
#1787=LINE('',#11555,#2686);
#1788=LINE('',#11556,#2687);
#1789=LINE('',#11559,#2688);
#1790=LINE('',#11561,#2689);
#1791=LINE('',#11562,#2690);
#1792=LINE('',#11566,#2691);
#1793=LINE('',#11569,#2692);
#1794=LINE('',#11570,#2693);
#1795=LINE('',#11572,#2694);
#1796=LINE('',#11577,#2695);
#1797=LINE('',#11579,#2696);
#1798=LINE('',#11581,#2697);
#1799=LINE('',#11585,#2698);
#1800=LINE('',#11587,#2699);
#1801=LINE('',#11588,#2700);
#1802=LINE('',#11591,#2701);
#1803=LINE('',#11592,#2702);
#1804=LINE('',#11595,#2703);
#1805=LINE('',#11596,#2704);
#1806=LINE('',#11603,#2705);
#1807=LINE('',#11605,#2706);
#1808=LINE('',#11607,#2707);
#1809=LINE('',#11611,#2708);
#1810=LINE('',#11613,#2709);
#1811=LINE('',#11614,#2710);
#1812=LINE('',#11617,#2711);
#1813=LINE('',#11618,#2712);
#1814=LINE('',#11621,#2713);
#1815=LINE('',#11622,#2714);
#1816=LINE('',#11629,#2715);
#1817=LINE('',#11631,#2716);
#1818=LINE('',#11633,#2717);
#1819=LINE('',#11635,#2718);
#1820=LINE('',#11639,#2719);
#1821=LINE('',#11641,#2720);
#1822=LINE('',#11642,#2721);
#1823=LINE('',#11645,#2722);
#1824=LINE('',#11646,#2723);
#1825=LINE('',#11649,#2724);
#1826=LINE('',#11650,#2725);
#1827=LINE('',#11653,#2726);
#1828=LINE('',#11654,#2727);
#1829=LINE('',#11661,#2728);
#1830=LINE('',#11665,#2729);
#1831=LINE('',#11666,#2730);
#1832=LINE('',#11669,#2731);
#1833=LINE('',#11671,#2732);
#1834=LINE('',#11672,#2733);
#1835=LINE('',#11676,#2734);
#1836=LINE('',#11679,#2735);
#1837=LINE('',#11680,#2736);
#1838=LINE('',#11682,#2737);
#1839=LINE('',#11687,#2738);
#1840=LINE('',#11691,#2739);
#1841=LINE('',#11692,#2740);
#1842=LINE('',#11695,#2741);
#1843=LINE('',#11697,#2742);
#1844=LINE('',#11698,#2743);
#1845=LINE('',#11702,#2744);
#1846=LINE('',#11705,#2745);
#1847=LINE('',#11706,#2746);
#1848=LINE('',#11708,#2747);
#1849=LINE('',#11713,#2748);
#1850=LINE('',#11717,#2749);
#1851=LINE('',#11719,#2750);
#1852=LINE('',#11720,#2751);
#1853=LINE('',#11723,#2752);
#1854=LINE('',#11725,#2753);
#1855=LINE('',#11726,#2754);
#1856=LINE('',#11730,#2755);
#1857=LINE('',#11733,#2756);
#1858=LINE('',#11734,#2757);
#1859=LINE('',#11737,#2758);
#1860=LINE('',#11738,#2759);
#1861=LINE('',#11740,#2760);
#1862=LINE('',#11745,#2761);
#1863=LINE('',#11747,#2762);
#1864=LINE('',#11749,#2763);
#1865=LINE('',#11751,#2764);
#1866=LINE('',#11755,#2765);
#1867=LINE('',#11757,#2766);
#1868=LINE('',#11758,#2767);
#1869=LINE('',#11761,#2768);
#1870=LINE('',#11762,#2769);
#1871=LINE('',#11765,#2770);
#1872=LINE('',#11766,#2771);
#1873=LINE('',#11769,#2772);
#1874=LINE('',#11770,#2773);
#1875=LINE('',#11777,#2774);
#1876=LINE('',#11779,#2775);
#1877=LINE('',#11781,#2776);
#1878=LINE('',#11785,#2777);
#1879=LINE('',#11787,#2778);
#1880=LINE('',#11788,#2779);
#1881=LINE('',#11791,#2780);
#1882=LINE('',#11792,#2781);
#1883=LINE('',#11795,#2782);
#1884=LINE('',#11796,#2783);
#1885=LINE('',#11803,#2784);
#1886=LINE('',#11805,#2785);
#1887=LINE('',#11807,#2786);
#1888=LINE('',#11811,#2787);
#1889=LINE('',#11813,#2788);
#1890=LINE('',#11814,#2789);
#1891=LINE('',#11817,#2790);
#1892=LINE('',#11818,#2791);
#1893=LINE('',#11821,#2792);
#1894=LINE('',#11822,#2793);
#1895=LINE('',#11829,#2794);
#1896=LINE('',#11831,#2795);
#1897=LINE('',#11833,#2796);
#1898=LINE('',#11837,#2797);
#1899=LINE('',#11839,#2798);
#1900=LINE('',#11840,#2799);
#1901=LINE('',#11843,#2800);
#1902=LINE('',#11844,#2801);
#1903=LINE('',#11847,#2802);
#1904=LINE('',#11848,#2803);
#1905=LINE('',#11855,#2804);
#1906=LINE('',#11857,#2805);
#1907=LINE('',#11859,#2806);
#1908=LINE('',#11863,#2807);
#1909=LINE('',#11865,#2808);
#1910=LINE('',#11866,#2809);
#1911=LINE('',#11869,#2810);
#1912=LINE('',#11870,#2811);
#1913=LINE('',#11873,#2812);
#1914=LINE('',#11874,#2813);
#1915=LINE('',#11881,#2814);
#1916=LINE('',#11883,#2815);
#1917=LINE('',#11885,#2816);
#1918=LINE('',#11889,#2817);
#1919=LINE('',#11891,#2818);
#1920=LINE('',#11892,#2819);
#1921=LINE('',#11895,#2820);
#1922=LINE('',#11896,#2821);
#1923=LINE('',#11899,#2822);
#1924=LINE('',#11900,#2823);
#1925=LINE('',#11907,#2824);
#1926=LINE('',#11909,#2825);
#1927=LINE('',#11911,#2826);
#1928=LINE('',#11915,#2827);
#1929=LINE('',#11917,#2828);
#1930=LINE('',#11918,#2829);
#1931=LINE('',#11921,#2830);
#1932=LINE('',#11922,#2831);
#1933=LINE('',#11925,#2832);
#1934=LINE('',#11926,#2833);
#1935=LINE('',#11933,#2834);
#1936=LINE('',#11937,#2835);
#1937=LINE('',#11939,#2836);
#1938=LINE('',#11940,#2837);
#1939=LINE('',#11943,#2838);
#1940=LINE('',#11945,#2839);
#1941=LINE('',#11946,#2840);
#1942=LINE('',#11950,#2841);
#1943=LINE('',#11953,#2842);
#1944=LINE('',#11954,#2843);
#1945=LINE('',#11957,#2844);
#1946=LINE('',#11958,#2845);
#1947=LINE('',#11960,#2846);
#1948=LINE('',#11965,#2847);
#1949=LINE('',#11969,#2848);
#1950=LINE('',#11971,#2849);
#1951=LINE('',#11972,#2850);
#1952=LINE('',#11975,#2851);
#1953=LINE('',#11977,#2852);
#1954=LINE('',#11978,#2853);
#1955=LINE('',#11982,#2854);
#1956=LINE('',#11985,#2855);
#1957=LINE('',#11986,#2856);
#1958=LINE('',#11989,#2857);
#1959=LINE('',#11990,#2858);
#1960=LINE('',#11992,#2859);
#1961=LINE('',#11997,#2860);
#1962=LINE('',#12001,#2861);
#1963=LINE('',#12002,#2862);
#1964=LINE('',#12005,#2863);
#1965=LINE('',#12007,#2864);
#1966=LINE('',#12008,#2865);
#1967=LINE('',#12012,#2866);
#1968=LINE('',#12015,#2867);
#1969=LINE('',#12016,#2868);
#1970=LINE('',#12018,#2869);
#1971=LINE('',#12023,#2870);
#1972=LINE('',#12027,#2871);
#1973=LINE('',#12028,#2872);
#1974=LINE('',#12031,#2873);
#1975=LINE('',#12033,#2874);
#1976=LINE('',#12034,#2875);
#1977=LINE('',#12038,#2876);
#1978=LINE('',#12041,#2877);
#1979=LINE('',#12042,#2878);
#1980=LINE('',#12044,#2879);
#1981=LINE('',#12049,#2880);
#1982=LINE('',#12053,#2881);
#1983=LINE('',#12054,#2882);
#1984=LINE('',#12057,#2883);
#1985=LINE('',#12059,#2884);
#1986=LINE('',#12060,#2885);
#1987=LINE('',#12064,#2886);
#1988=LINE('',#12067,#2887);
#1989=LINE('',#12068,#2888);
#1990=LINE('',#12070,#2889);
#1991=LINE('',#12075,#2890);
#1992=LINE('',#12079,#2891);
#1993=LINE('',#12080,#2892);
#1994=LINE('',#12083,#2893);
#1995=LINE('',#12085,#2894);
#1996=LINE('',#12086,#2895);
#1997=LINE('',#12090,#2896);
#1998=LINE('',#12093,#2897);
#1999=LINE('',#12094,#2898);
#2000=LINE('',#12096,#2899);
#2001=LINE('',#12101,#2900);
#2002=LINE('',#12105,#2901);
#2003=LINE('',#12106,#2902);
#2004=LINE('',#12109,#2903);
#2005=LINE('',#12111,#2904);
#2006=LINE('',#12112,#2905);
#2007=LINE('',#12116,#2906);
#2008=LINE('',#12119,#2907);
#2009=LINE('',#12120,#2908);
#2010=LINE('',#12122,#2909);
#2011=LINE('',#12127,#2910);
#2012=LINE('',#12131,#2911);
#2013=LINE('',#12132,#2912);
#2014=LINE('',#12135,#2913);
#2015=LINE('',#12137,#2914);
#2016=LINE('',#12138,#2915);
#2017=LINE('',#12142,#2916);
#2018=LINE('',#12145,#2917);
#2019=LINE('',#12146,#2918);
#2020=LINE('',#12148,#2919);
#2021=LINE('',#12153,#2920);
#2022=LINE('',#12155,#2921);
#2023=LINE('',#12157,#2922);
#2024=LINE('',#12159,#2923);
#2025=LINE('',#12163,#2924);
#2026=LINE('',#12165,#2925);
#2027=LINE('',#12166,#2926);
#2028=LINE('',#12169,#2927);
#2029=LINE('',#12170,#2928);
#2030=LINE('',#12173,#2929);
#2031=LINE('',#12174,#2930);
#2032=LINE('',#12177,#2931);
#2033=LINE('',#12178,#2932);
#2034=LINE('',#12185,#2933);
#2035=LINE('',#12187,#2934);
#2036=LINE('',#12189,#2935);
#2037=LINE('',#12191,#2936);
#2038=LINE('',#12193,#2937);
#2039=LINE('',#12194,#2938);
#2040=LINE('',#12197,#2939);
#2041=LINE('',#12199,#2940);
#2042=LINE('',#12200,#2941);
#2043=LINE('',#12203,#2942);
#2044=LINE('',#12204,#2943);
#2045=LINE('',#12207,#2944);
#2046=LINE('',#12208,#2945);
#2047=LINE('',#12211,#2946);
#2048=LINE('',#12212,#2947);
#2049=LINE('',#12215,#2948);
#2050=LINE('',#12216,#2949);
#2051=LINE('',#12218,#2950);
#2052=LINE('',#12223,#2951);
#2053=LINE('',#12225,#2952);
#2054=LINE('',#12227,#2953);
#2055=LINE('',#12229,#2954);
#2056=LINE('',#12231,#2955);
#2057=LINE('',#12232,#2956);
#2058=LINE('',#12235,#2957);
#2059=LINE('',#12237,#2958);
#2060=LINE('',#12238,#2959);
#2061=LINE('',#12241,#2960);
#2062=LINE('',#12242,#2961);
#2063=LINE('',#12245,#2962);
#2064=LINE('',#12246,#2963);
#2065=LINE('',#12249,#2964);
#2066=LINE('',#12250,#2965);
#2067=LINE('',#12253,#2966);
#2068=LINE('',#12254,#2967);
#2069=LINE('',#12256,#2968);
#2070=LINE('',#12261,#2969);
#2071=LINE('',#12263,#2970);
#2072=LINE('',#12265,#2971);
#2073=LINE('',#12267,#2972);
#2074=LINE('',#12269,#2973);
#2075=LINE('',#12270,#2974);
#2076=LINE('',#12273,#2975);
#2077=LINE('',#12275,#2976);
#2078=LINE('',#12276,#2977);
#2079=LINE('',#12279,#2978);
#2080=LINE('',#12280,#2979);
#2081=LINE('',#12283,#2980);
#2082=LINE('',#12284,#2981);
#2083=LINE('',#12287,#2982);
#2084=LINE('',#12288,#2983);
#2085=LINE('',#12291,#2984);
#2086=LINE('',#12292,#2985);
#2087=LINE('',#12294,#2986);
#2088=LINE('',#12299,#2987);
#2089=LINE('',#12301,#2988);
#2090=LINE('',#12303,#2989);
#2091=LINE('',#12305,#2990);
#2092=LINE('',#12307,#2991);
#2093=LINE('',#12308,#2992);
#2094=LINE('',#12311,#2993);
#2095=LINE('',#12313,#2994);
#2096=LINE('',#12314,#2995);
#2097=LINE('',#12317,#2996);
#2098=LINE('',#12318,#2997);
#2099=LINE('',#12321,#2998);
#2100=LINE('',#12322,#2999);
#2101=LINE('',#12325,#3000);
#2102=LINE('',#12326,#3001);
#2103=LINE('',#12329,#3002);
#2104=LINE('',#12330,#3003);
#2105=LINE('',#12332,#3004);
#2106=LINE('',#12338,#3005);
#2107=VECTOR('',#8189,0.1818019484661);
#2108=VECTOR('',#8190,0.216372774054701);
#2109=VECTOR('',#8193,0.25);
#2110=VECTOR('',#8194,0.2);
#2111=VECTOR('',#8195,0.25);
#2112=VECTOR('',#8198,0.25);
#2113=VECTOR('',#8199,0.2);
#2114=VECTOR('',#8200,0.25);
#2115=VECTOR('',#8203,0.25);
#2116=VECTOR('',#8204,0.2);
#2117=VECTOR('',#8205,0.25);
#2118=VECTOR('',#8208,0.25);
#2119=VECTOR('',#8209,0.2);
#2120=VECTOR('',#8210,0.25);
#2121=VECTOR('',#8213,0.25);
#2122=VECTOR('',#8214,0.2);
#2123=VECTOR('',#8215,0.25);
#2124=VECTOR('',#8218,0.25);
#2125=VECTOR('',#8219,0.2);
#2126=VECTOR('',#8220,0.25);
#2127=VECTOR('',#8223,0.25);
#2128=VECTOR('',#8224,0.2);
#2129=VECTOR('',#8225,0.25);
#2130=VECTOR('',#8228,0.216372774054685);
#2131=VECTOR('',#8229,0.1818019484661);
#2132=VECTOR('',#8230,0.5);
#2133=VECTOR('',#8231,0.5);
#2134=VECTOR('',#8232,0.1818019484661);
#2135=VECTOR('',#8233,0.216372774054685);
#2136=VECTOR('',#8236,0.25);
#2137=VECTOR('',#8237,0.2);
#2138=VECTOR('',#8238,0.25);
#2139=VECTOR('',#8241,0.25);
#2140=VECTOR('',#8242,0.2);
#2141=VECTOR('',#8243,0.25);
#2142=VECTOR('',#8246,0.25);
#2143=VECTOR('',#8247,0.2);
#2144=VECTOR('',#8248,0.25);
#2145=VECTOR('',#8251,0.25);
#2146=VECTOR('',#8252,0.2);
#2147=VECTOR('',#8253,0.25);
#2148=VECTOR('',#8256,0.25);
#2149=VECTOR('',#8257,0.2);
#2150=VECTOR('',#8258,0.25);
#2151=VECTOR('',#8261,0.25);
#2152=VECTOR('',#8262,0.2);
#2153=VECTOR('',#8263,0.25);
#2154=VECTOR('',#8266,0.25);
#2155=VECTOR('',#8267,0.2);
#2156=VECTOR('',#8268,0.25);
#2157=VECTOR('',#8271,0.216372774054685);
#2158=VECTOR('',#8272,0.1818019484661);
#2159=VECTOR('',#8273,0.5);
#2160=VECTOR('',#8274,0.5);
#2161=VECTOR('',#8275,0.1818019484661);
#2162=VECTOR('',#8276,0.216372774054685);
#2163=VECTOR('',#8279,0.25);
#2164=VECTOR('',#8280,0.2);
#2165=VECTOR('',#8281,0.25);
#2166=VECTOR('',#8284,0.25);
#2167=VECTOR('',#8285,0.2);
#2168=VECTOR('',#8286,0.25);
#2169=VECTOR('',#8289,0.25);
#2170=VECTOR('',#8290,0.2);
#2171=VECTOR('',#8291,0.25);
#2172=VECTOR('',#8294,0.25);
#2173=VECTOR('',#8295,0.2);
#2174=VECTOR('',#8296,0.25);
#2175=VECTOR('',#8299,0.25);
#2176=VECTOR('',#8300,0.2);
#2177=VECTOR('',#8301,0.25);
#2178=VECTOR('',#8304,0.25);
#2179=VECTOR('',#8305,0.2);
#2180=VECTOR('',#8306,0.25);
#2181=VECTOR('',#8309,0.25);
#2182=VECTOR('',#8310,0.2);
#2183=VECTOR('',#8311,0.25);
#2184=VECTOR('',#8314,0.216372774054685);
#2185=VECTOR('',#8315,0.1818019484661);
#2186=VECTOR('',#8316,0.5);
#2187=VECTOR('',#8317,0.5);
#2188=VECTOR('',#8318,0.1818019484661);
#2189=VECTOR('',#8319,0.216372774054685);
#2190=VECTOR('',#8322,0.25);
#2191=VECTOR('',#8323,0.2);
#2192=VECTOR('',#8324,0.25);
#2193=VECTOR('',#8327,0.25);
#2194=VECTOR('',#8328,0.2);
#2195=VECTOR('',#8329,0.25);
#2196=VECTOR('',#8332,0.25);
#2197=VECTOR('',#8333,0.2);
#2198=VECTOR('',#8334,0.25);
#2199=VECTOR('',#8337,0.25);
#2200=VECTOR('',#8338,0.2);
#2201=VECTOR('',#8339,0.25);
#2202=VECTOR('',#8342,0.25);
#2203=VECTOR('',#8343,0.2);
#2204=VECTOR('',#8344,0.25);
#2205=VECTOR('',#8347,0.25);
#2206=VECTOR('',#8348,0.2);
#2207=VECTOR('',#8349,0.25);
#2208=VECTOR('',#8352,0.25);
#2209=VECTOR('',#8353,0.2);
#2210=VECTOR('',#8354,0.25);
#2211=VECTOR('',#8357,0.216372774054685);
#2212=VECTOR('',#8358,0.1818019484661);
#2213=VECTOR('',#8359,0.5);
#2214=VECTOR('',#8360,0.5);
#2215=VECTOR('',#8361,2.45);
#2216=VECTOR('',#8362,0.494974746830567);
#2217=VECTOR('',#8363,2.45);
#2218=VECTOR('',#8364,2.8);
#2219=VECTOR('',#8365,2.8);
#2220=VECTOR('',#8368,0.075);
#2221=VECTOR('',#8369,2.45);
#2222=VECTOR('',#8370,0.075);
#2223=VECTOR('',#8373,0.494974746830567);
#2224=VECTOR('',#8374,0.075);
#2225=VECTOR('',#8377,2.45);
#2226=VECTOR('',#8378,0.075);
#2227=VECTOR('',#8381,2.8);
#2228=VECTOR('',#8382,0.075);
#2229=VECTOR('',#8385,2.8);
#2230=VECTOR('',#8388,3.);
#2231=VECTOR('',#8389,3.);
#2232=VECTOR('',#8390,3.);
#2233=VECTOR('',#8391,3.);
#2234=VECTOR('',#8394,0.1);
#2235=VECTOR('',#8395,3.);
#2236=VECTOR('',#8396,0.1);
#2237=VECTOR('',#8399,3.);
#2238=VECTOR('',#8400,0.1);
#2239=VECTOR('',#8403,3.);
#2240=VECTOR('',#8404,0.1);
#2241=VECTOR('',#8407,3.);
#2242=VECTOR('',#8412,0.175);
#2243=VECTOR('',#8413,0.1818019484661);
#2244=VECTOR('',#8414,0.175);
#2245=VECTOR('',#8417,0.2);
#2246=VECTOR('',#8418,0.975);
#2247=VECTOR('',#8419,4.);
#2248=VECTOR('',#8420,0.975);
#2249=VECTOR('',#8421,0.175);
#2250=VECTOR('',#8422,0.2);
#2251=VECTOR('',#8423,0.175);
#2252=VECTOR('',#8424,0.175);
#2253=VECTOR('',#8425,0.2);
#2254=VECTOR('',#8426,0.175);
#2255=VECTOR('',#8427,0.175);
#2256=VECTOR('',#8428,0.2);
#2257=VECTOR('',#8429,0.175);
#2258=VECTOR('',#8430,0.175);
#2259=VECTOR('',#8431,0.2);
#2260=VECTOR('',#8432,0.175);
#2261=VECTOR('',#8433,0.175);
#2262=VECTOR('',#8434,0.2);
#2263=VECTOR('',#8435,0.175);
#2264=VECTOR('',#8436,0.175);
#2265=VECTOR('',#8437,0.2);
#2266=VECTOR('',#8438,0.175);
#2267=VECTOR('',#8439,0.175);
#2268=VECTOR('',#8440,0.2);
#2269=VECTOR('',#8441,0.175);
#2270=VECTOR('',#8442,0.175);
#2271=VECTOR('',#8443,0.15);
#2272=VECTOR('',#8444,0.1);
#2273=VECTOR('',#8445,0.15);
#2274=VECTOR('',#8446,0.1);
#2275=VECTOR('',#8447,0.15);
#2276=VECTOR('',#8448,0.1);
#2277=VECTOR('',#8449,0.15);
#2278=VECTOR('',#8450,0.1);
#2279=VECTOR('',#8453,0.25);
#2280=VECTOR('',#8456,0.216372774054701);
#2281=VECTOR('',#8459,0.175);
#2282=VECTOR('',#8462,0.175);
#2283=VECTOR('',#8467,0.25);
#2284=VECTOR('',#8468,0.175);
#2285=VECTOR('',#8473,0.175);
#2286=VECTOR('',#8476,0.25);
#2287=VECTOR('',#8481,0.25);
#2288=VECTOR('',#8482,0.175);
#2289=VECTOR('',#8487,0.175);
#2290=VECTOR('',#8490,0.25);
#2291=VECTOR('',#8495,0.25);
#2292=VECTOR('',#8496,0.175);
#2293=VECTOR('',#8501,0.175);
#2294=VECTOR('',#8504,0.25);
#2295=VECTOR('',#8509,0.25);
#2296=VECTOR('',#8510,0.175);
#2297=VECTOR('',#8515,0.175);
#2298=VECTOR('',#8518,0.25);
#2299=VECTOR('',#8523,0.25);
#2300=VECTOR('',#8524,0.175);
#2301=VECTOR('',#8529,0.175);
#2302=VECTOR('',#8532,0.25);
#2303=VECTOR('',#8537,0.25);
#2304=VECTOR('',#8538,0.175);
#2305=VECTOR('',#8543,0.175);
#2306=VECTOR('',#8546,0.25);
#2307=VECTOR('',#8551,0.25);
#2308=VECTOR('',#8552,0.175);
#2309=VECTOR('',#8557,0.175);
#2310=VECTOR('',#8560,0.216372774054685);
#2311=VECTOR('',#8561,0.175);
#2312=VECTOR('',#8564,0.1818019484661);
#2313=VECTOR('',#8569,0.175);
#2314=VECTOR('',#8570,0.175);
#2315=VECTOR('',#8571,0.2);
#2316=VECTOR('',#8572,0.175);
#2317=VECTOR('',#8573,0.175);
#2318=VECTOR('',#8574,0.2);
#2319=VECTOR('',#8575,0.175);
#2320=VECTOR('',#8576,0.175);
#2321=VECTOR('',#8577,0.2);
#2322=VECTOR('',#8578,0.175);
#2323=VECTOR('',#8579,0.175);
#2324=VECTOR('',#8580,0.2);
#2325=VECTOR('',#8581,0.175);
#2326=VECTOR('',#8582,0.175);
#2327=VECTOR('',#8583,0.2);
#2328=VECTOR('',#8584,0.175);
#2329=VECTOR('',#8585,0.175);
#2330=VECTOR('',#8586,0.2);
#2331=VECTOR('',#8587,0.175);
#2332=VECTOR('',#8588,0.175);
#2333=VECTOR('',#8589,0.2);
#2334=VECTOR('',#8590,0.175);
#2335=VECTOR('',#8591,4.);
#2336=VECTOR('',#8592,0.975);
#2337=VECTOR('',#8593,0.175);
#2338=VECTOR('',#8594,0.2);
#2339=VECTOR('',#8595,0.15);
#2340=VECTOR('',#8596,0.1);
#2341=VECTOR('',#8597,0.15);
#2342=VECTOR('',#8598,0.1);
#2343=VECTOR('',#8599,0.15);
#2344=VECTOR('',#8600,0.1);
#2345=VECTOR('',#8601,0.15);
#2346=VECTOR('',#8602,0.1);
#2347=VECTOR('',#8605,0.25);
#2348=VECTOR('',#8606,0.175);
#2349=VECTOR('',#8611,0.175);
#2350=VECTOR('',#8614,0.216372774054685);
#2351=VECTOR('',#8615,0.175);
#2352=VECTOR('',#8618,0.1818019484661);
#2353=VECTOR('',#8623,0.2);
#2354=VECTOR('',#8624,0.175);
#2355=VECTOR('',#8625,0.175);
#2356=VECTOR('',#8626,0.2);
#2357=VECTOR('',#8627,0.175);
#2358=VECTOR('',#8628,0.175);
#2359=VECTOR('',#8629,0.2);
#2360=VECTOR('',#8630,0.175);
#2361=VECTOR('',#8631,0.175);
#2362=VECTOR('',#8632,0.2);
#2363=VECTOR('',#8633,0.175);
#2364=VECTOR('',#8634,0.175);
#2365=VECTOR('',#8635,0.2);
#2366=VECTOR('',#8636,0.175);
#2367=VECTOR('',#8637,0.175);
#2368=VECTOR('',#8638,0.2);
#2369=VECTOR('',#8639,0.175);
#2370=VECTOR('',#8640,0.175);
#2371=VECTOR('',#8641,0.2);
#2372=VECTOR('',#8642,0.175);
#2373=VECTOR('',#8643,0.175);
#2374=VECTOR('',#8644,0.2);
#2375=VECTOR('',#8645,0.175);
#2376=VECTOR('',#8646,4.);
#2377=VECTOR('',#8647,0.975);
#2378=VECTOR('',#8648,0.175);
#2379=VECTOR('',#8649,0.15);
#2380=VECTOR('',#8650,0.1);
#2381=VECTOR('',#8651,0.15);
#2382=VECTOR('',#8652,0.1);
#2383=VECTOR('',#8653,0.15);
#2384=VECTOR('',#8654,0.1);
#2385=VECTOR('',#8655,0.15);
#2386=VECTOR('',#8656,0.1);
#2387=VECTOR('',#8659,0.1818019484661);
#2388=VECTOR('',#8660,0.216372774054685);
#2389=VECTOR('',#8663,0.25);
#2390=VECTOR('',#8666,0.175);
#2391=VECTOR('',#8669,0.175);
#2392=VECTOR('',#8672,0.175);
#2393=VECTOR('',#8677,0.2);
#2394=VECTOR('',#8678,0.175);
#2395=VECTOR('',#8679,4.);
#2396=VECTOR('',#8680,0.175);
#2397=VECTOR('',#8681,0.2);
#2398=VECTOR('',#8682,0.175);
#2399=VECTOR('',#8683,0.175);
#2400=VECTOR('',#8684,0.2);
#2401=VECTOR('',#8685,0.175);
#2402=VECTOR('',#8686,0.175);
#2403=VECTOR('',#8687,0.2);
#2404=VECTOR('',#8688,0.175);
#2405=VECTOR('',#8689,0.175);
#2406=VECTOR('',#8690,0.2);
#2407=VECTOR('',#8691,0.175);
#2408=VECTOR('',#8692,0.175);
#2409=VECTOR('',#8693,0.2);
#2410=VECTOR('',#8694,0.175);
#2411=VECTOR('',#8695,0.175);
#2412=VECTOR('',#8696,0.2);
#2413=VECTOR('',#8697,0.175);
#2414=VECTOR('',#8698,0.175);
#2415=VECTOR('',#8699,0.2);
#2416=VECTOR('',#8700,0.175);
#2417=VECTOR('',#8701,0.175);
#2418=VECTOR('',#8702,0.15);
#2419=VECTOR('',#8703,0.1);
#2420=VECTOR('',#8704,0.15);
#2421=VECTOR('',#8705,0.1);
#2422=VECTOR('',#8706,0.15);
#2423=VECTOR('',#8707,0.1);
#2424=VECTOR('',#8708,0.15);
#2425=VECTOR('',#8709,0.1);
#2426=VECTOR('',#8712,0.25);
#2427=VECTOR('',#8715,0.216372774054685);
#2428=VECTOR('',#8716,0.1818019484661);
#2429=VECTOR('',#8719,0.175);
#2430=VECTOR('',#8722,0.175);
#2431=VECTOR('',#8725,0.175);
#2432=VECTOR('',#8730,0.25);
#2433=VECTOR('',#8731,0.175);
#2434=VECTOR('',#8734,0.175);
#2435=VECTOR('',#8739,0.25);
#2436=VECTOR('',#8744,0.25);
#2437=VECTOR('',#8745,0.175);
#2438=VECTOR('',#8748,0.175);
#2439=VECTOR('',#8753,0.25);
#2440=VECTOR('',#8758,0.25);
#2441=VECTOR('',#8759,0.175);
#2442=VECTOR('',#8762,0.175);
#2443=VECTOR('',#8767,0.25);
#2444=VECTOR('',#8772,0.25);
#2445=VECTOR('',#8773,0.175);
#2446=VECTOR('',#8776,0.175);
#2447=VECTOR('',#8781,0.25);
#2448=VECTOR('',#8786,0.25);
#2449=VECTOR('',#8787,0.175);
#2450=VECTOR('',#8790,0.175);
#2451=VECTOR('',#8795,0.25);
#2452=VECTOR('',#8800,0.25);
#2453=VECTOR('',#8801,0.175);
#2454=VECTOR('',#8804,0.175);
#2455=VECTOR('',#8809,0.25);
#2456=VECTOR('',#8814,0.25);
#2457=VECTOR('',#8815,0.175);
#2458=VECTOR('',#8820,0.175);
#2459=VECTOR('',#8823,0.216372774054685);
#2460=VECTOR('',#8824,0.175);
#2461=VECTOR('',#8827,0.1818019484661);
#2462=VECTOR('',#8834,0.275);
#2463=VECTOR('',#8835,0.275);
#2464=VECTOR('',#8836,0.125);
#2465=VECTOR('',#8837,0.125);
#2466=VECTOR('',#8840,0.1);
#2467=VECTOR('',#8841,0.125);
#2468=VECTOR('',#8844,0.125);
#2469=VECTOR('',#8845,0.275);
#2470=VECTOR('',#8846,0.275);
#2471=VECTOR('',#8849,0.1);
#2472=VECTOR('',#8856,0.125);
#2473=VECTOR('',#8857,0.125);
#2474=VECTOR('',#8858,0.275);
#2475=VECTOR('',#8859,0.275);
#2476=VECTOR('',#8862,0.1);
#2477=VECTOR('',#8863,0.275);
#2478=VECTOR('',#8866,0.275);
#2479=VECTOR('',#8867,0.125);
#2480=VECTOR('',#8868,0.125);
#2481=VECTOR('',#8871,0.1);
#2482=VECTOR('',#8878,0.1818019484661);
#2483=VECTOR('',#8879,0.175);
#2484=VECTOR('',#8882,0.216372774054685);
#2485=VECTOR('',#8883,0.175);
#2486=VECTOR('',#8886,0.175);
#2487=VECTOR('',#8891,0.25);
#2488=VECTOR('',#8896,0.25);
#2489=VECTOR('',#8897,0.175);
#2490=VECTOR('',#8900,0.175);
#2491=VECTOR('',#8905,0.25);
#2492=VECTOR('',#8910,0.25);
#2493=VECTOR('',#8911,0.175);
#2494=VECTOR('',#8914,0.175);
#2495=VECTOR('',#8919,0.25);
#2496=VECTOR('',#8924,0.25);
#2497=VECTOR('',#8925,0.175);
#2498=VECTOR('',#8928,0.175);
#2499=VECTOR('',#8933,0.25);
#2500=VECTOR('',#8938,0.25);
#2501=VECTOR('',#8939,0.175);
#2502=VECTOR('',#8942,0.175);
#2503=VECTOR('',#8947,0.25);
#2504=VECTOR('',#8952,0.25);
#2505=VECTOR('',#8953,0.175);
#2506=VECTOR('',#8956,0.175);
#2507=VECTOR('',#8961,0.25);
#2508=VECTOR('',#8966,0.25);
#2509=VECTOR('',#8967,0.175);
#2510=VECTOR('',#8970,0.175);
#2511=VECTOR('',#8975,0.25);
#2512=VECTOR('',#8980,0.125);
#2513=VECTOR('',#8981,0.125);
#2514=VECTOR('',#8982,0.275);
#2515=VECTOR('',#8983,0.275);
#2516=VECTOR('',#8986,0.1);
#2517=VECTOR('',#8987,0.275);
#2518=VECTOR('',#8990,0.275);
#2519=VECTOR('',#8991,0.125);
#2520=VECTOR('',#8992,0.125);
#2521=VECTOR('',#8995,0.1);
#2522=VECTOR('',#9002,0.1818019484661);
#2523=VECTOR('',#9003,0.175);
#2524=VECTOR('',#9006,0.216372774054685);
#2525=VECTOR('',#9007,0.175);
#2526=VECTOR('',#9010,0.175);
#2527=VECTOR('',#9015,0.25);
#2528=VECTOR('',#9020,0.25);
#2529=VECTOR('',#9021,0.175);
#2530=VECTOR('',#9026,0.175);
#2531=VECTOR('',#9029,0.25);
#2532=VECTOR('',#9034,0.25);
#2533=VECTOR('',#9035,0.175);
#2534=VECTOR('',#9040,0.175);
#2535=VECTOR('',#9043,0.25);
#2536=VECTOR('',#9048,0.25);
#2537=VECTOR('',#9049,0.175);
#2538=VECTOR('',#9054,0.175);
#2539=VECTOR('',#9057,0.25);
#2540=VECTOR('',#9062,0.25);
#2541=VECTOR('',#9063,0.175);
#2542=VECTOR('',#9068,0.175);
#2543=VECTOR('',#9071,0.25);
#2544=VECTOR('',#9076,0.25);
#2545=VECTOR('',#9077,0.175);
#2546=VECTOR('',#9082,0.175);
#2547=VECTOR('',#9085,0.25);
#2548=VECTOR('',#9090,0.25);
#2549=VECTOR('',#9091,0.175);
#2550=VECTOR('',#9096,0.175);
#2551=VECTOR('',#9099,0.25);
#2552=VECTOR('',#9104,0.125);
#2553=VECTOR('',#9105,0.125);
#2554=VECTOR('',#9106,0.275);
#2555=VECTOR('',#9107,0.275);
#2556=VECTOR('',#9110,0.1);
#2557=VECTOR('',#9111,0.275);
#2558=VECTOR('',#9114,0.275);
#2559=VECTOR('',#9115,0.125);
#2560=VECTOR('',#9116,0.125);
#2561=VECTOR('',#9119,0.1);
#2562=VECTOR('',#9128,0.1);
#2563=VECTOR('',#9129,0.494974746830567);
#2564=VECTOR('',#9130,0.1);
#2565=VECTOR('',#9131,0.494974746830567);
#2566=VECTOR('',#9134,2.45);
#2567=VECTOR('',#9135,0.1);
#2568=VECTOR('',#9136,2.45);
#2569=VECTOR('',#9139,3.);
#2570=VECTOR('',#9140,3.);
#2571=VECTOR('',#9141,3.);
#2572=VECTOR('',#9142,3.);
#2573=VECTOR('',#9143,2.8);
#2574=VECTOR('',#9144,2.8);
#2575=VECTOR('',#9145,2.45);
#2576=VECTOR('',#9148,0.1);
#2577=VECTOR('',#9149,3.);
#2578=VECTOR('',#9150,0.1);
#2579=VECTOR('',#9153,3.);
#2580=VECTOR('',#9154,0.1);
#2581=VECTOR('',#9157,3.);
#2582=VECTOR('',#9158,0.1);
#2583=VECTOR('',#9161,3.);
#2584=VECTOR('',#9166,0.1);
#2585=VECTOR('',#9167,2.45);
#2586=VECTOR('',#9170,2.8);
#2587=VECTOR('',#9171,2.8);
#2588=VECTOR('',#9174,0.1);
#2589=VECTOR('',#9179,0.216372774054685);
#2590=VECTOR('',#9182,0.25);
#2591=VECTOR('',#9183,0.2);
#2592=VECTOR('',#9184,0.1818019484661);
#2593=VECTOR('',#9187,0.2);
#2594=VECTOR('',#9188,0.216372774054685);
#2595=VECTOR('',#9189,0.2);
#2596=VECTOR('',#9194,0.2);
#2597=VECTOR('',#9197,0.25);
#2598=VECTOR('',#9198,0.2);
#2599=VECTOR('',#9201,0.2);
#2600=VECTOR('',#9202,0.2);
#2601=VECTOR('',#9205,0.1818019484661);
#2602=VECTOR('',#9210,0.25);
#2603=VECTOR('',#9211,0.2);
#2604=VECTOR('',#9212,0.25);
#2605=VECTOR('',#9217,0.2);
#2606=VECTOR('',#9218,0.25);
#2607=VECTOR('',#9219,0.2);
#2608=VECTOR('',#9222,0.2);
#2609=VECTOR('',#9223,0.2);
#2610=VECTOR('',#9226,0.25);
#2611=VECTOR('',#9227,0.2);
#2612=VECTOR('',#9236,0.25);
#2613=VECTOR('',#9237,0.2);
#2614=VECTOR('',#9238,0.25);
#2615=VECTOR('',#9243,0.2);
#2616=VECTOR('',#9244,0.25);
#2617=VECTOR('',#9245,0.2);
#2618=VECTOR('',#9248,0.2);
#2619=VECTOR('',#9249,0.2);
#2620=VECTOR('',#9252,0.25);
#2621=VECTOR('',#9253,0.2);
#2622=VECTOR('',#9262,0.25);
#2623=VECTOR('',#9263,0.2);
#2624=VECTOR('',#9264,0.25);
#2625=VECTOR('',#9269,0.2);
#2626=VECTOR('',#9270,0.25);
#2627=VECTOR('',#9271,0.2);
#2628=VECTOR('',#9274,0.2);
#2629=VECTOR('',#9275,0.2);
#2630=VECTOR('',#9278,0.25);
#2631=VECTOR('',#9279,0.2);
#2632=VECTOR('',#9288,0.25);
#2633=VECTOR('',#9289,0.2);
#2634=VECTOR('',#9290,0.25);
#2635=VECTOR('',#9295,0.2);
#2636=VECTOR('',#9296,0.25);
#2637=VECTOR('',#9297,0.2);
#2638=VECTOR('',#9300,0.2);
#2639=VECTOR('',#9301,0.2);
#2640=VECTOR('',#9304,0.25);
#2641=VECTOR('',#9305,0.2);
#2642=VECTOR('',#9314,0.216372774054685);
#2643=VECTOR('',#9315,0.1818019484661);
#2644=VECTOR('',#9316,0.2);
#2645=VECTOR('',#9317,0.25);
#2646=VECTOR('',#9322,0.2);
#2647=VECTOR('',#9323,0.216372774054685);
#2648=VECTOR('',#9324,0.2);
#2649=VECTOR('',#9327,0.1818019484661);
#2650=VECTOR('',#9328,0.2);
#2651=VECTOR('',#9331,0.2);
#2652=VECTOR('',#9332,0.2);
#2653=VECTOR('',#9335,0.25);
#2654=VECTOR('',#9336,0.2);
#2655=VECTOR('',#9345,0.25);
#2656=VECTOR('',#9348,0.25);
#2657=VECTOR('',#9349,0.2);
#2658=VECTOR('',#9352,0.2);
#2659=VECTOR('',#9353,0.25);
#2660=VECTOR('',#9354,0.2);
#2661=VECTOR('',#9359,0.2);
#2662=VECTOR('',#9362,0.25);
#2663=VECTOR('',#9363,0.2);
#2664=VECTOR('',#9366,0.2);
#2665=VECTOR('',#9371,0.25);
#2666=VECTOR('',#9374,0.25);
#2667=VECTOR('',#9375,0.2);
#2668=VECTOR('',#9378,0.2);
#2669=VECTOR('',#9379,0.25);
#2670=VECTOR('',#9380,0.2);
#2671=VECTOR('',#9385,0.2);
#2672=VECTOR('',#9388,0.25);
#2673=VECTOR('',#9389,0.2);
#2674=VECTOR('',#9392,0.2);
#2675=VECTOR('',#9397,0.25);
#2676=VECTOR('',#9400,0.25);
#2677=VECTOR('',#9401,0.2);
#2678=VECTOR('',#9404,0.2);
#2679=VECTOR('',#9405,0.25);
#2680=VECTOR('',#9406,0.2);
#2681=VECTOR('',#9411,0.2);
#2682=VECTOR('',#9414,0.25);
#2683=VECTOR('',#9415,0.2);
#2684=VECTOR('',#9418,0.2);
#2685=VECTOR('',#9423,0.25);
#2686=VECTOR('',#9426,0.25);
#2687=VECTOR('',#9427,0.2);
#2688=VECTOR('',#9430,0.2);
#2689=VECTOR('',#9431,0.25);
#2690=VECTOR('',#9432,0.2);
#2691=VECTOR('',#9437,0.2);
#2692=VECTOR('',#9440,0.25);
#2693=VECTOR('',#9441,0.2);
#2694=VECTOR('',#9444,0.2);
#2695=VECTOR('',#9449,0.25);
#2696=VECTOR('',#9450,0.2);
#2697=VECTOR('',#9451,0.25);
#2698=VECTOR('',#9456,0.2);
#2699=VECTOR('',#9457,0.25);
#2700=VECTOR('',#9458,0.2);
#2701=VECTOR('',#9461,0.2);
#2702=VECTOR('',#9462,0.2);
#2703=VECTOR('',#9465,0.25);
#2704=VECTOR('',#9466,0.2);
#2705=VECTOR('',#9475,0.25);
#2706=VECTOR('',#9476,0.2);
#2707=VECTOR('',#9477,0.25);
#2708=VECTOR('',#9482,0.2);
#2709=VECTOR('',#9483,0.25);
#2710=VECTOR('',#9484,0.2);
#2711=VECTOR('',#9487,0.2);
#2712=VECTOR('',#9488,0.2);
#2713=VECTOR('',#9491,0.25);
#2714=VECTOR('',#9492,0.2);
#2715=VECTOR('',#9501,0.216372774054685);
#2716=VECTOR('',#9502,0.1818019484661);
#2717=VECTOR('',#9503,0.2);
#2718=VECTOR('',#9504,0.25);
#2719=VECTOR('',#9509,0.2);
#2720=VECTOR('',#9510,0.216372774054685);
#2721=VECTOR('',#9511,0.2);
#2722=VECTOR('',#9514,0.1818019484661);
#2723=VECTOR('',#9515,0.2);
#2724=VECTOR('',#9518,0.2);
#2725=VECTOR('',#9519,0.2);
#2726=VECTOR('',#9522,0.25);
#2727=VECTOR('',#9523,0.2);
#2728=VECTOR('',#9532,0.25);
#2729=VECTOR('',#9535,0.25);
#2730=VECTOR('',#9536,0.2);
#2731=VECTOR('',#9539,0.2);
#2732=VECTOR('',#9540,0.25);
#2733=VECTOR('',#9541,0.2);
#2734=VECTOR('',#9546,0.2);
#2735=VECTOR('',#9549,0.25);
#2736=VECTOR('',#9550,0.2);
#2737=VECTOR('',#9553,0.2);
#2738=VECTOR('',#9558,0.25);
#2739=VECTOR('',#9561,0.25);
#2740=VECTOR('',#9562,0.2);
#2741=VECTOR('',#9565,0.2);
#2742=VECTOR('',#9566,0.25);
#2743=VECTOR('',#9567,0.2);
#2744=VECTOR('',#9572,0.2);
#2745=VECTOR('',#9575,0.25);
#2746=VECTOR('',#9576,0.2);
#2747=VECTOR('',#9579,0.2);
#2748=VECTOR('',#9584,0.216372774054685);
#2749=VECTOR('',#9587,0.25);
#2750=VECTOR('',#9588,0.2);
#2751=VECTOR('',#9589,0.1818019484661);
#2752=VECTOR('',#9592,0.2);
#2753=VECTOR('',#9593,0.216372774054685);
#2754=VECTOR('',#9594,0.2);
#2755=VECTOR('',#9599,0.2);
#2756=VECTOR('',#9602,0.25);
#2757=VECTOR('',#9603,0.2);
#2758=VECTOR('',#9606,0.2);
#2759=VECTOR('',#9607,0.2);
#2760=VECTOR('',#9610,0.1818019484661);
#2761=VECTOR('',#9615,0.216372774054701);
#2762=VECTOR('',#9616,0.1818019484661);
#2763=VECTOR('',#9617,0.2);
#2764=VECTOR('',#9618,0.25);
#2765=VECTOR('',#9623,0.2);
#2766=VECTOR('',#9624,0.216372774054701);
#2767=VECTOR('',#9625,0.2);
#2768=VECTOR('',#9628,0.1818019484661);
#2769=VECTOR('',#9629,0.2);
#2770=VECTOR('',#9632,0.2);
#2771=VECTOR('',#9633,0.2);
#2772=VECTOR('',#9636,0.25);
#2773=VECTOR('',#9637,0.2);
#2774=VECTOR('',#9646,0.25);
#2775=VECTOR('',#9647,0.2);
#2776=VECTOR('',#9648,0.25);
#2777=VECTOR('',#9653,0.2);
#2778=VECTOR('',#9654,0.25);
#2779=VECTOR('',#9655,0.2);
#2780=VECTOR('',#9658,0.2);
#2781=VECTOR('',#9659,0.2);
#2782=VECTOR('',#9662,0.25);
#2783=VECTOR('',#9663,0.2);
#2784=VECTOR('',#9672,0.25);
#2785=VECTOR('',#9673,0.2);
#2786=VECTOR('',#9674,0.25);
#2787=VECTOR('',#9679,0.2);
#2788=VECTOR('',#9680,0.25);
#2789=VECTOR('',#9681,0.2);
#2790=VECTOR('',#9684,0.2);
#2791=VECTOR('',#9685,0.2);
#2792=VECTOR('',#9688,0.25);
#2793=VECTOR('',#9689,0.2);
#2794=VECTOR('',#9698,0.25);
#2795=VECTOR('',#9699,0.2);
#2796=VECTOR('',#9700,0.25);
#2797=VECTOR('',#9705,0.2);
#2798=VECTOR('',#9706,0.25);
#2799=VECTOR('',#9707,0.2);
#2800=VECTOR('',#9710,0.2);
#2801=VECTOR('',#9711,0.2);
#2802=VECTOR('',#9714,0.25);
#2803=VECTOR('',#9715,0.2);
#2804=VECTOR('',#9724,0.25);
#2805=VECTOR('',#9725,0.2);
#2806=VECTOR('',#9726,0.25);
#2807=VECTOR('',#9731,0.2);
#2808=VECTOR('',#9732,0.25);
#2809=VECTOR('',#9733,0.2);
#2810=VECTOR('',#9736,0.2);
#2811=VECTOR('',#9737,0.2);
#2812=VECTOR('',#9740,0.25);
#2813=VECTOR('',#9741,0.2);
#2814=VECTOR('',#9750,0.25);
#2815=VECTOR('',#9751,0.2);
#2816=VECTOR('',#9752,0.25);
#2817=VECTOR('',#9757,0.2);
#2818=VECTOR('',#9758,0.25);
#2819=VECTOR('',#9759,0.2);
#2820=VECTOR('',#9762,0.2);
#2821=VECTOR('',#9763,0.2);
#2822=VECTOR('',#9766,0.25);
#2823=VECTOR('',#9767,0.2);
#2824=VECTOR('',#9776,0.25);
#2825=VECTOR('',#9777,0.2);
#2826=VECTOR('',#9778,0.25);
#2827=VECTOR('',#9783,0.2);
#2828=VECTOR('',#9784,0.25);
#2829=VECTOR('',#9785,0.2);
#2830=VECTOR('',#9788,0.2);
#2831=VECTOR('',#9789,0.2);
#2832=VECTOR('',#9792,0.25);
#2833=VECTOR('',#9793,0.2);
#2834=VECTOR('',#9802,0.216372774054685);
#2835=VECTOR('',#9805,0.25);
#2836=VECTOR('',#9806,0.2);
#2837=VECTOR('',#9807,0.1818019484661);
#2838=VECTOR('',#9810,0.2);
#2839=VECTOR('',#9811,0.216372774054685);
#2840=VECTOR('',#9812,0.2);
#2841=VECTOR('',#9817,0.2);
#2842=VECTOR('',#9820,0.25);
#2843=VECTOR('',#9821,0.2);
#2844=VECTOR('',#9824,0.2);
#2845=VECTOR('',#9825,0.2);
#2846=VECTOR('',#9828,0.1818019484661);
#2847=VECTOR('',#9833,0.216372774054685);
#2848=VECTOR('',#9836,0.25);
#2849=VECTOR('',#9837,0.2);
#2850=VECTOR('',#9838,0.1818019484661);
#2851=VECTOR('',#9841,0.2);
#2852=VECTOR('',#9842,0.216372774054685);
#2853=VECTOR('',#9843,0.2);
#2854=VECTOR('',#9848,0.2);
#2855=VECTOR('',#9851,0.25);
#2856=VECTOR('',#9852,0.2);
#2857=VECTOR('',#9855,0.2);
#2858=VECTOR('',#9856,0.2);
#2859=VECTOR('',#9859,0.1818019484661);
#2860=VECTOR('',#9864,0.25);
#2861=VECTOR('',#9867,0.25);
#2862=VECTOR('',#9868,0.2);
#2863=VECTOR('',#9871,0.2);
#2864=VECTOR('',#9872,0.25);
#2865=VECTOR('',#9873,0.2);
#2866=VECTOR('',#9878,0.2);
#2867=VECTOR('',#9881,0.25);
#2868=VECTOR('',#9882,0.2);
#2869=VECTOR('',#9885,0.2);
#2870=VECTOR('',#9890,0.25);
#2871=VECTOR('',#9893,0.25);
#2872=VECTOR('',#9894,0.2);
#2873=VECTOR('',#9897,0.2);
#2874=VECTOR('',#9898,0.25);
#2875=VECTOR('',#9899,0.2);
#2876=VECTOR('',#9904,0.2);
#2877=VECTOR('',#9907,0.25);
#2878=VECTOR('',#9908,0.2);
#2879=VECTOR('',#9911,0.2);
#2880=VECTOR('',#9916,0.25);
#2881=VECTOR('',#9919,0.25);
#2882=VECTOR('',#9920,0.2);
#2883=VECTOR('',#9923,0.2);
#2884=VECTOR('',#9924,0.25);
#2885=VECTOR('',#9925,0.2);
#2886=VECTOR('',#9930,0.2);
#2887=VECTOR('',#9933,0.25);
#2888=VECTOR('',#9934,0.2);
#2889=VECTOR('',#9937,0.2);
#2890=VECTOR('',#9942,0.25);
#2891=VECTOR('',#9945,0.25);
#2892=VECTOR('',#9946,0.2);
#2893=VECTOR('',#9949,0.2);
#2894=VECTOR('',#9950,0.25);
#2895=VECTOR('',#9951,0.2);
#2896=VECTOR('',#9956,0.2);
#2897=VECTOR('',#9959,0.25);
#2898=VECTOR('',#9960,0.2);
#2899=VECTOR('',#9963,0.2);
#2900=VECTOR('',#9968,0.25);
#2901=VECTOR('',#9971,0.25);
#2902=VECTOR('',#9972,0.2);
#2903=VECTOR('',#9975,0.2);
#2904=VECTOR('',#9976,0.25);
#2905=VECTOR('',#9977,0.2);
#2906=VECTOR('',#9982,0.2);
#2907=VECTOR('',#9985,0.25);
#2908=VECTOR('',#9986,0.2);
#2909=VECTOR('',#9989,0.2);
#2910=VECTOR('',#9994,0.25);
#2911=VECTOR('',#9997,0.25);
#2912=VECTOR('',#9998,0.2);
#2913=VECTOR('',#10001,0.2);
#2914=VECTOR('',#10002,0.25);
#2915=VECTOR('',#10003,0.2);
#2916=VECTOR('',#10008,0.2);
#2917=VECTOR('',#10011,0.25);
#2918=VECTOR('',#10012,0.2);
#2919=VECTOR('',#10015,0.2);
#2920=VECTOR('',#10020,0.216372774054685);
#2921=VECTOR('',#10021,0.1818019484661);
#2922=VECTOR('',#10022,0.2);
#2923=VECTOR('',#10023,0.25);
#2924=VECTOR('',#10028,0.2);
#2925=VECTOR('',#10029,0.216372774054685);
#2926=VECTOR('',#10030,0.2);
#2927=VECTOR('',#10033,0.1818019484661);
#2928=VECTOR('',#10034,0.2);
#2929=VECTOR('',#10037,0.2);
#2930=VECTOR('',#10038,0.2);
#2931=VECTOR('',#10041,0.25);
#2932=VECTOR('',#10042,0.2);
#2933=VECTOR('',#10051,0.125);
#2934=VECTOR('',#10052,0.15);
#2935=VECTOR('',#10053,0.275);
#2936=VECTOR('',#10054,0.275);
#2937=VECTOR('',#10055,0.15);
#2938=VECTOR('',#10056,0.125);
#2939=VECTOR('',#10059,0.1);
#2940=VECTOR('',#10060,0.125);
#2941=VECTOR('',#10061,0.1);
#2942=VECTOR('',#10064,0.15);
#2943=VECTOR('',#10065,0.1);
#2944=VECTOR('',#10068,0.275);
#2945=VECTOR('',#10069,0.1);
#2946=VECTOR('',#10072,0.275);
#2947=VECTOR('',#10073,0.1);
#2948=VECTOR('',#10076,0.15);
#2949=VECTOR('',#10077,0.1);
#2950=VECTOR('',#10080,0.125);
#2951=VECTOR('',#10085,0.125);
#2952=VECTOR('',#10086,0.15);
#2953=VECTOR('',#10087,0.275);
#2954=VECTOR('',#10088,0.275);
#2955=VECTOR('',#10089,0.15);
#2956=VECTOR('',#10090,0.125);
#2957=VECTOR('',#10093,0.1);
#2958=VECTOR('',#10094,0.125);
#2959=VECTOR('',#10095,0.1);
#2960=VECTOR('',#10098,0.15);
#2961=VECTOR('',#10099,0.1);
#2962=VECTOR('',#10102,0.275);
#2963=VECTOR('',#10103,0.1);
#2964=VECTOR('',#10106,0.275);
#2965=VECTOR('',#10107,0.1);
#2966=VECTOR('',#10110,0.15);
#2967=VECTOR('',#10111,0.1);
#2968=VECTOR('',#10114,0.125);
#2969=VECTOR('',#10119,0.125);
#2970=VECTOR('',#10120,0.15);
#2971=VECTOR('',#10121,0.275);
#2972=VECTOR('',#10122,0.275);
#2973=VECTOR('',#10123,0.15);
#2974=VECTOR('',#10124,0.125);
#2975=VECTOR('',#10127,0.1);
#2976=VECTOR('',#10128,0.125);
#2977=VECTOR('',#10129,0.1);
#2978=VECTOR('',#10132,0.15);
#2979=VECTOR('',#10133,0.1);
#2980=VECTOR('',#10136,0.275);
#2981=VECTOR('',#10137,0.1);
#2982=VECTOR('',#10140,0.275);
#2983=VECTOR('',#10141,0.1);
#2984=VECTOR('',#10144,0.15);
#2985=VECTOR('',#10145,0.1);
#2986=VECTOR('',#10148,0.125);
#2987=VECTOR('',#10153,0.125);
#2988=VECTOR('',#10154,0.15);
#2989=VECTOR('',#10155,0.275);
#2990=VECTOR('',#10156,0.275);
#2991=VECTOR('',#10157,0.15);
#2992=VECTOR('',#10158,0.125);
#2993=VECTOR('',#10161,0.1);
#2994=VECTOR('',#10162,0.125);
#2995=VECTOR('',#10163,0.1);
#2996=VECTOR('',#10166,0.15);
#2997=VECTOR('',#10167,0.1);
#2998=VECTOR('',#10170,0.275);
#2999=VECTOR('',#10171,0.1);
#3000=VECTOR('',#10174,0.275);
#3001=VECTOR('',#10175,0.1);
#3002=VECTOR('',#10178,0.15);
#3003=VECTOR('',#10179,0.1);
#3004=VECTOR('',#10182,0.125);
#3005=VECTOR('',#10189,0.125);
#3006=VERTEX_POINT('',#10203);
#3007=VERTEX_POINT('',#10204);
#3008=VERTEX_POINT('',#10206);
#3009=VERTEX_POINT('',#10208);
#3010=VERTEX_POINT('',#10210);
#3011=VERTEX_POINT('',#10212);
#3012=VERTEX_POINT('',#10214);
#3013=VERTEX_POINT('',#10216);
#3014=VERTEX_POINT('',#10218);
#3015=VERTEX_POINT('',#10220);
#3016=VERTEX_POINT('',#10222);
#3017=VERTEX_POINT('',#10224);
#3018=VERTEX_POINT('',#10226);
#3019=VERTEX_POINT('',#10228);
#3020=VERTEX_POINT('',#10230);
#3021=VERTEX_POINT('',#10232);
#3022=VERTEX_POINT('',#10234);
#3023=VERTEX_POINT('',#10236);
#3024=VERTEX_POINT('',#10238);
#3025=VERTEX_POINT('',#10240);
#3026=VERTEX_POINT('',#10242);
#3027=VERTEX_POINT('',#10244);
#3028=VERTEX_POINT('',#10246);
#3029=VERTEX_POINT('',#10248);
#3030=VERTEX_POINT('',#10250);
#3031=VERTEX_POINT('',#10252);
#3032=VERTEX_POINT('',#10254);
#3033=VERTEX_POINT('',#10256);
#3034=VERTEX_POINT('',#10258);
#3035=VERTEX_POINT('',#10260);
#3036=VERTEX_POINT('',#10262);
#3037=VERTEX_POINT('',#10264);
#3038=VERTEX_POINT('',#10266);
#3039=VERTEX_POINT('',#10268);
#3040=VERTEX_POINT('',#10270);
#3041=VERTEX_POINT('',#10272);
#3042=VERTEX_POINT('',#10274);
#3043=VERTEX_POINT('',#10276);
#3044=VERTEX_POINT('',#10278);
#3045=VERTEX_POINT('',#10280);
#3046=VERTEX_POINT('',#10282);
#3047=VERTEX_POINT('',#10284);
#3048=VERTEX_POINT('',#10286);
#3049=VERTEX_POINT('',#10288);
#3050=VERTEX_POINT('',#10290);
#3051=VERTEX_POINT('',#10292);
#3052=VERTEX_POINT('',#10294);
#3053=VERTEX_POINT('',#10296);
#3054=VERTEX_POINT('',#10298);
#3055=VERTEX_POINT('',#10300);
#3056=VERTEX_POINT('',#10302);
#3057=VERTEX_POINT('',#10304);
#3058=VERTEX_POINT('',#10306);
#3059=VERTEX_POINT('',#10308);
#3060=VERTEX_POINT('',#10310);
#3061=VERTEX_POINT('',#10312);
#3062=VERTEX_POINT('',#10314);
#3063=VERTEX_POINT('',#10316);
#3064=VERTEX_POINT('',#10318);
#3065=VERTEX_POINT('',#10320);
#3066=VERTEX_POINT('',#10322);
#3067=VERTEX_POINT('',#10324);
#3068=VERTEX_POINT('',#10326);
#3069=VERTEX_POINT('',#10328);
#3070=VERTEX_POINT('',#10330);
#3071=VERTEX_POINT('',#10332);
#3072=VERTEX_POINT('',#10334);
#3073=VERTEX_POINT('',#10336);
#3074=VERTEX_POINT('',#10338);
#3075=VERTEX_POINT('',#10340);
#3076=VERTEX_POINT('',#10342);
#3077=VERTEX_POINT('',#10344);
#3078=VERTEX_POINT('',#10346);
#3079=VERTEX_POINT('',#10348);
#3080=VERTEX_POINT('',#10350);
#3081=VERTEX_POINT('',#10352);
#3082=VERTEX_POINT('',#10354);
#3083=VERTEX_POINT('',#10356);
#3084=VERTEX_POINT('',#10358);
#3085=VERTEX_POINT('',#10360);
#3086=VERTEX_POINT('',#10362);
#3087=VERTEX_POINT('',#10364);
#3088=VERTEX_POINT('',#10366);
#3089=VERTEX_POINT('',#10368);
#3090=VERTEX_POINT('',#10370);
#3091=VERTEX_POINT('',#10372);
#3092=VERTEX_POINT('',#10374);
#3093=VERTEX_POINT('',#10376);
#3094=VERTEX_POINT('',#10378);
#3095=VERTEX_POINT('',#10380);
#3096=VERTEX_POINT('',#10382);
#3097=VERTEX_POINT('',#10384);
#3098=VERTEX_POINT('',#10386);
#3099=VERTEX_POINT('',#10388);
#3100=VERTEX_POINT('',#10390);
#3101=VERTEX_POINT('',#10392);
#3102=VERTEX_POINT('',#10394);
#3103=VERTEX_POINT('',#10396);
#3104=VERTEX_POINT('',#10398);
#3105=VERTEX_POINT('',#10400);
#3106=VERTEX_POINT('',#10402);
#3107=VERTEX_POINT('',#10404);
#3108=VERTEX_POINT('',#10406);
#3109=VERTEX_POINT('',#10408);
#3110=VERTEX_POINT('',#10410);
#3111=VERTEX_POINT('',#10412);
#3112=VERTEX_POINT('',#10414);
#3113=VERTEX_POINT('',#10416);
#3114=VERTEX_POINT('',#10418);
#3115=VERTEX_POINT('',#10420);
#3116=VERTEX_POINT('',#10422);
#3117=VERTEX_POINT('',#10424);
#3118=VERTEX_POINT('',#10426);
#3119=VERTEX_POINT('',#10428);
#3120=VERTEX_POINT('',#10430);
#3121=VERTEX_POINT('',#10432);
#3122=VERTEX_POINT('',#10434);
#3123=VERTEX_POINT('',#10436);
#3124=VERTEX_POINT('',#10438);
#3125=VERTEX_POINT('',#10440);
#3126=VERTEX_POINT('',#10442);
#3127=VERTEX_POINT('',#10444);
#3128=VERTEX_POINT('',#10446);
#3129=VERTEX_POINT('',#10448);
#3130=VERTEX_POINT('',#10450);
#3131=VERTEX_POINT('',#10452);
#3132=VERTEX_POINT('',#10454);
#3133=VERTEX_POINT('',#10456);
#3134=VERTEX_POINT('',#10458);
#3135=VERTEX_POINT('',#10460);
#3136=VERTEX_POINT('',#10462);
#3137=VERTEX_POINT('',#10464);
#3138=VERTEX_POINT('',#10466);
#3139=VERTEX_POINT('',#10468);
#3140=VERTEX_POINT('',#10470);
#3141=VERTEX_POINT('',#10472);
#3142=VERTEX_POINT('',#10474);
#3143=VERTEX_POINT('',#10476);
#3144=VERTEX_POINT('',#10478);
#3145=VERTEX_POINT('',#10480);
#3146=VERTEX_POINT('',#10483);
#3147=VERTEX_POINT('',#10484);
#3148=VERTEX_POINT('',#10486);
#3149=VERTEX_POINT('',#10488);
#3150=VERTEX_POINT('',#10490);
#3151=VERTEX_POINT('',#10494);
#3152=VERTEX_POINT('',#10496);
#3153=VERTEX_POINT('',#10500);
#3154=VERTEX_POINT('',#10504);
#3155=VERTEX_POINT('',#10508);
#3156=VERTEX_POINT('',#10514);
#3157=VERTEX_POINT('',#10515);
#3158=VERTEX_POINT('',#10517);
#3159=VERTEX_POINT('',#10519);
#3160=VERTEX_POINT('',#10523);
#3161=VERTEX_POINT('',#10525);
#3162=VERTEX_POINT('',#10529);
#3163=VERTEX_POINT('',#10533);
#3164=VERTEX_POINT('',#10540);
#3165=VERTEX_POINT('',#10542);
#3166=VERTEX_POINT('',#10546);
#3167=VERTEX_POINT('',#10548);
#3168=VERTEX_POINT('',#10550);
#3169=VERTEX_POINT('',#10553);
#3170=VERTEX_POINT('',#10555);
#3171=VERTEX_POINT('',#10558);
#3172=VERTEX_POINT('',#10560);
#3173=VERTEX_POINT('',#10563);
#3174=VERTEX_POINT('',#10565);
#3175=VERTEX_POINT('',#10568);
#3176=VERTEX_POINT('',#10570);
#3177=VERTEX_POINT('',#10573);
#3178=VERTEX_POINT('',#10575);
#3179=VERTEX_POINT('',#10578);
#3180=VERTEX_POINT('',#10580);
#3181=VERTEX_POINT('',#10583);
#3182=VERTEX_POINT('',#10585);
#3183=VERTEX_POINT('',#10589);
#3184=VERTEX_POINT('',#10590);
#3185=VERTEX_POINT('',#10592);
#3186=VERTEX_POINT('',#10594);
#3187=VERTEX_POINT('',#10597);
#3188=VERTEX_POINT('',#10598);
#3189=VERTEX_POINT('',#10600);
#3190=VERTEX_POINT('',#10602);
#3191=VERTEX_POINT('',#10606);
#3192=VERTEX_POINT('',#10608);
#3193=VERTEX_POINT('',#10617);
#3194=VERTEX_POINT('',#10621);
#3195=VERTEX_POINT('',#10628);
#3196=VERTEX_POINT('',#10632);
#3197=VERTEX_POINT('',#10639);
#3198=VERTEX_POINT('',#10643);
#3199=VERTEX_POINT('',#10650);
#3200=VERTEX_POINT('',#10654);
#3201=VERTEX_POINT('',#10661);
#3202=VERTEX_POINT('',#10665);
#3203=VERTEX_POINT('',#10672);
#3204=VERTEX_POINT('',#10676);
#3205=VERTEX_POINT('',#10683);
#3206=VERTEX_POINT('',#10687);
#3207=VERTEX_POINT('',#10691);
#3208=VERTEX_POINT('',#10698);
#3209=VERTEX_POINT('',#10700);
#3210=VERTEX_POINT('',#10702);
#3211=VERTEX_POINT('',#10705);
#3212=VERTEX_POINT('',#10707);
#3213=VERTEX_POINT('',#10710);
#3214=VERTEX_POINT('',#10712);
#3215=VERTEX_POINT('',#10715);
#3216=VERTEX_POINT('',#10717);
#3217=VERTEX_POINT('',#10720);
#3218=VERTEX_POINT('',#10722);
#3219=VERTEX_POINT('',#10725);
#3220=VERTEX_POINT('',#10727);
#3221=VERTEX_POINT('',#10730);
#3222=VERTEX_POINT('',#10732);
#3223=VERTEX_POINT('',#10735);
#3224=VERTEX_POINT('',#10738);
#3225=VERTEX_POINT('',#10741);
#3226=VERTEX_POINT('',#10742);
#3227=VERTEX_POINT('',#10744);
#3228=VERTEX_POINT('',#10746);
#3229=VERTEX_POINT('',#10749);
#3230=VERTEX_POINT('',#10750);
#3231=VERTEX_POINT('',#10752);
#3232=VERTEX_POINT('',#10754);
#3233=VERTEX_POINT('',#10758);
#3234=VERTEX_POINT('',#10762);
#3235=VERTEX_POINT('',#10766);
#3236=VERTEX_POINT('',#10773);
#3237=VERTEX_POINT('',#10774);
#3238=VERTEX_POINT('',#10777);
#3239=VERTEX_POINT('',#10779);
#3240=VERTEX_POINT('',#10782);
#3241=VERTEX_POINT('',#10784);
#3242=VERTEX_POINT('',#10787);
#3243=VERTEX_POINT('',#10789);
#3244=VERTEX_POINT('',#10792);
#3245=VERTEX_POINT('',#10794);
#3246=VERTEX_POINT('',#10797);
#3247=VERTEX_POINT('',#10799);
#3248=VERTEX_POINT('',#10802);
#3249=VERTEX_POINT('',#10804);
#3250=VERTEX_POINT('',#10807);
#3251=VERTEX_POINT('',#10809);
#3252=VERTEX_POINT('',#10812);
#3253=VERTEX_POINT('',#10816);
#3254=VERTEX_POINT('',#10817);
#3255=VERTEX_POINT('',#10819);
#3256=VERTEX_POINT('',#10821);
#3257=VERTEX_POINT('',#10824);
#3258=VERTEX_POINT('',#10825);
#3259=VERTEX_POINT('',#10827);
#3260=VERTEX_POINT('',#10829);
#3261=VERTEX_POINT('',#10833);
#3262=VERTEX_POINT('',#10835);
#3263=VERTEX_POINT('',#10837);
#3264=VERTEX_POINT('',#10848);
#3265=VERTEX_POINT('',#10849);
#3266=VERTEX_POINT('',#10853);
#3267=VERTEX_POINT('',#10855);
#3268=VERTEX_POINT('',#10858);
#3269=VERTEX_POINT('',#10860);
#3270=VERTEX_POINT('',#10863);
#3271=VERTEX_POINT('',#10865);
#3272=VERTEX_POINT('',#10868);
#3273=VERTEX_POINT('',#10870);
#3274=VERTEX_POINT('',#10873);
#3275=VERTEX_POINT('',#10875);
#3276=VERTEX_POINT('',#10878);
#3277=VERTEX_POINT('',#10880);
#3278=VERTEX_POINT('',#10883);
#3279=VERTEX_POINT('',#10885);
#3280=VERTEX_POINT('',#10889);
#3281=VERTEX_POINT('',#10890);
#3282=VERTEX_POINT('',#10892);
#3283=VERTEX_POINT('',#10894);
#3284=VERTEX_POINT('',#10897);
#3285=VERTEX_POINT('',#10898);
#3286=VERTEX_POINT('',#10900);
#3287=VERTEX_POINT('',#10902);
#3288=VERTEX_POINT('',#10906);
#3289=VERTEX_POINT('',#10908);
#3290=VERTEX_POINT('',#10910);
#3291=VERTEX_POINT('',#10921);
#3292=VERTEX_POINT('',#10925);
#3293=VERTEX_POINT('',#10932);
#3294=VERTEX_POINT('',#10936);
#3295=VERTEX_POINT('',#10943);
#3296=VERTEX_POINT('',#10947);
#3297=VERTEX_POINT('',#10954);
#3298=VERTEX_POINT('',#10958);
#3299=VERTEX_POINT('',#10965);
#3300=VERTEX_POINT('',#10969);
#3301=VERTEX_POINT('',#10976);
#3302=VERTEX_POINT('',#10980);
#3303=VERTEX_POINT('',#10987);
#3304=VERTEX_POINT('',#10991);
#3305=VERTEX_POINT('',#10995);
#3306=VERTEX_POINT('',#11003);
#3307=VERTEX_POINT('',#11006);
#3308=VERTEX_POINT('',#11010);
#3309=VERTEX_POINT('',#11015);
#3310=VERTEX_POINT('',#11023);
#3311=VERTEX_POINT('',#11026);
#3312=VERTEX_POINT('',#11030);
#3313=VERTEX_POINT('',#11035);
#3314=VERTEX_POINT('',#11043);
#3315=VERTEX_POINT('',#11047);
#3316=VERTEX_POINT('',#11051);
#3317=VERTEX_POINT('',#11058);
#3318=VERTEX_POINT('',#11062);
#3319=VERTEX_POINT('',#11069);
#3320=VERTEX_POINT('',#11073);
#3321=VERTEX_POINT('',#11080);
#3322=VERTEX_POINT('',#11084);
#3323=VERTEX_POINT('',#11091);
#3324=VERTEX_POINT('',#11095);
#3325=VERTEX_POINT('',#11102);
#3326=VERTEX_POINT('',#11106);
#3327=VERTEX_POINT('',#11113);
#3328=VERTEX_POINT('',#11117);
#3329=VERTEX_POINT('',#11124);
#3330=VERTEX_POINT('',#11127);
#3331=VERTEX_POINT('',#11131);
#3332=VERTEX_POINT('',#11136);
#3333=VERTEX_POINT('',#11144);
#3334=VERTEX_POINT('',#11148);
#3335=VERTEX_POINT('',#11152);
#3336=VERTEX_POINT('',#11159);
#3337=VERTEX_POINT('',#11163);
#3338=VERTEX_POINT('',#11170);
#3339=VERTEX_POINT('',#11174);
#3340=VERTEX_POINT('',#11181);
#3341=VERTEX_POINT('',#11185);
#3342=VERTEX_POINT('',#11192);
#3343=VERTEX_POINT('',#11196);
#3344=VERTEX_POINT('',#11203);
#3345=VERTEX_POINT('',#11207);
#3346=VERTEX_POINT('',#11214);
#3347=VERTEX_POINT('',#11218);
#3348=VERTEX_POINT('',#11225);
#3349=VERTEX_POINT('',#11228);
#3350=VERTEX_POINT('',#11232);
#3351=VERTEX_POINT('',#11237);
#3352=VERTEX_POINT('',#11246);
#3353=VERTEX_POINT('',#11247);
#3354=VERTEX_POINT('',#11249);
#3355=VERTEX_POINT('',#11251);
#3356=VERTEX_POINT('',#11255);
#3357=VERTEX_POINT('',#11257);
#3358=VERTEX_POINT('',#11261);
#3359=VERTEX_POINT('',#11262);
#3360=VERTEX_POINT('',#11264);
#3361=VERTEX_POINT('',#11266);
#3362=VERTEX_POINT('',#11269);
#3363=VERTEX_POINT('',#11271);
#3364=VERTEX_POINT('',#11275);
#3365=VERTEX_POINT('',#11277);
#3366=VERTEX_POINT('',#11281);
#3367=VERTEX_POINT('',#11285);
#3368=VERTEX_POINT('',#11292);
#3369=VERTEX_POINT('',#11296);
#3370=VERTEX_POINT('',#11303);
#3371=VERTEX_POINT('',#11304);
#3372=VERTEX_POINT('',#11306);
#3373=VERTEX_POINT('',#11308);
#3374=VERTEX_POINT('',#11310);
#3375=VERTEX_POINT('',#11314);
#3376=VERTEX_POINT('',#11316);
#3377=VERTEX_POINT('',#11320);
#3378=VERTEX_POINT('',#11324);
#3379=VERTEX_POINT('',#11328);
#3380=VERTEX_POINT('',#11335);
#3381=VERTEX_POINT('',#11336);
#3382=VERTEX_POINT('',#11338);
#3383=VERTEX_POINT('',#11340);
#3384=VERTEX_POINT('',#11344);
#3385=VERTEX_POINT('',#11346);
#3386=VERTEX_POINT('',#11350);
#3387=VERTEX_POINT('',#11354);
#3388=VERTEX_POINT('',#11361);
#3389=VERTEX_POINT('',#11362);
#3390=VERTEX_POINT('',#11364);
#3391=VERTEX_POINT('',#11366);
#3392=VERTEX_POINT('',#11370);
#3393=VERTEX_POINT('',#11372);
#3394=VERTEX_POINT('',#11376);
#3395=VERTEX_POINT('',#11380);
#3396=VERTEX_POINT('',#11387);
#3397=VERTEX_POINT('',#11388);
#3398=VERTEX_POINT('',#11390);
#3399=VERTEX_POINT('',#11392);
#3400=VERTEX_POINT('',#11396);
#3401=VERTEX_POINT('',#11398);
#3402=VERTEX_POINT('',#11402);
#3403=VERTEX_POINT('',#11406);
#3404=VERTEX_POINT('',#11413);
#3405=VERTEX_POINT('',#11414);
#3406=VERTEX_POINT('',#11416);
#3407=VERTEX_POINT('',#11418);
#3408=VERTEX_POINT('',#11422);
#3409=VERTEX_POINT('',#11424);
#3410=VERTEX_POINT('',#11428);
#3411=VERTEX_POINT('',#11432);
#3412=VERTEX_POINT('',#11439);
#3413=VERTEX_POINT('',#11440);
#3414=VERTEX_POINT('',#11442);
#3415=VERTEX_POINT('',#11444);
#3416=VERTEX_POINT('',#11446);
#3417=VERTEX_POINT('',#11450);
#3418=VERTEX_POINT('',#11452);
#3419=VERTEX_POINT('',#11456);
#3420=VERTEX_POINT('',#11460);
#3421=VERTEX_POINT('',#11464);
#3422=VERTEX_POINT('',#11471);
#3423=VERTEX_POINT('',#11472);
#3424=VERTEX_POINT('',#11474);
#3425=VERTEX_POINT('',#11476);
#3426=VERTEX_POINT('',#11480);
#3427=VERTEX_POINT('',#11482);
#3428=VERTEX_POINT('',#11486);
#3429=VERTEX_POINT('',#11490);
#3430=VERTEX_POINT('',#11497);
#3431=VERTEX_POINT('',#11498);
#3432=VERTEX_POINT('',#11500);
#3433=VERTEX_POINT('',#11502);
#3434=VERTEX_POINT('',#11506);
#3435=VERTEX_POINT('',#11508);
#3436=VERTEX_POINT('',#11512);
#3437=VERTEX_POINT('',#11516);
#3438=VERTEX_POINT('',#11523);
#3439=VERTEX_POINT('',#11524);
#3440=VERTEX_POINT('',#11526);
#3441=VERTEX_POINT('',#11528);
#3442=VERTEX_POINT('',#11532);
#3443=VERTEX_POINT('',#11534);
#3444=VERTEX_POINT('',#11538);
#3445=VERTEX_POINT('',#11542);
#3446=VERTEX_POINT('',#11549);
#3447=VERTEX_POINT('',#11550);
#3448=VERTEX_POINT('',#11552);
#3449=VERTEX_POINT('',#11554);
#3450=VERTEX_POINT('',#11558);
#3451=VERTEX_POINT('',#11560);
#3452=VERTEX_POINT('',#11564);
#3453=VERTEX_POINT('',#11568);
#3454=VERTEX_POINT('',#11575);
#3455=VERTEX_POINT('',#11576);
#3456=VERTEX_POINT('',#11578);
#3457=VERTEX_POINT('',#11580);
#3458=VERTEX_POINT('',#11584);
#3459=VERTEX_POINT('',#11586);
#3460=VERTEX_POINT('',#11590);
#3461=VERTEX_POINT('',#11594);
#3462=VERTEX_POINT('',#11601);
#3463=VERTEX_POINT('',#11602);
#3464=VERTEX_POINT('',#11604);
#3465=VERTEX_POINT('',#11606);
#3466=VERTEX_POINT('',#11610);
#3467=VERTEX_POINT('',#11612);
#3468=VERTEX_POINT('',#11616);
#3469=VERTEX_POINT('',#11620);
#3470=VERTEX_POINT('',#11627);
#3471=VERTEX_POINT('',#11628);
#3472=VERTEX_POINT('',#11630);
#3473=VERTEX_POINT('',#11632);
#3474=VERTEX_POINT('',#11634);
#3475=VERTEX_POINT('',#11638);
#3476=VERTEX_POINT('',#11640);
#3477=VERTEX_POINT('',#11644);
#3478=VERTEX_POINT('',#11648);
#3479=VERTEX_POINT('',#11652);
#3480=VERTEX_POINT('',#11659);
#3481=VERTEX_POINT('',#11660);
#3482=VERTEX_POINT('',#11662);
#3483=VERTEX_POINT('',#11664);
#3484=VERTEX_POINT('',#11668);
#3485=VERTEX_POINT('',#11670);
#3486=VERTEX_POINT('',#11674);
#3487=VERTEX_POINT('',#11678);
#3488=VERTEX_POINT('',#11685);
#3489=VERTEX_POINT('',#11686);
#3490=VERTEX_POINT('',#11688);
#3491=VERTEX_POINT('',#11690);
#3492=VERTEX_POINT('',#11694);
#3493=VERTEX_POINT('',#11696);
#3494=VERTEX_POINT('',#11700);
#3495=VERTEX_POINT('',#11704);
#3496=VERTEX_POINT('',#11711);
#3497=VERTEX_POINT('',#11712);
#3498=VERTEX_POINT('',#11714);
#3499=VERTEX_POINT('',#11716);
#3500=VERTEX_POINT('',#11718);
#3501=VERTEX_POINT('',#11722);
#3502=VERTEX_POINT('',#11724);
#3503=VERTEX_POINT('',#11728);
#3504=VERTEX_POINT('',#11732);
#3505=VERTEX_POINT('',#11736);
#3506=VERTEX_POINT('',#11743);
#3507=VERTEX_POINT('',#11744);
#3508=VERTEX_POINT('',#11746);
#3509=VERTEX_POINT('',#11748);
#3510=VERTEX_POINT('',#11750);
#3511=VERTEX_POINT('',#11754);
#3512=VERTEX_POINT('',#11756);
#3513=VERTEX_POINT('',#11760);
#3514=VERTEX_POINT('',#11764);
#3515=VERTEX_POINT('',#11768);
#3516=VERTEX_POINT('',#11775);
#3517=VERTEX_POINT('',#11776);
#3518=VERTEX_POINT('',#11778);
#3519=VERTEX_POINT('',#11780);
#3520=VERTEX_POINT('',#11784);
#3521=VERTEX_POINT('',#11786);
#3522=VERTEX_POINT('',#11790);
#3523=VERTEX_POINT('',#11794);
#3524=VERTEX_POINT('',#11801);
#3525=VERTEX_POINT('',#11802);
#3526=VERTEX_POINT('',#11804);
#3527=VERTEX_POINT('',#11806);
#3528=VERTEX_POINT('',#11810);
#3529=VERTEX_POINT('',#11812);
#3530=VERTEX_POINT('',#11816);
#3531=VERTEX_POINT('',#11820);
#3532=VERTEX_POINT('',#11827);
#3533=VERTEX_POINT('',#11828);
#3534=VERTEX_POINT('',#11830);
#3535=VERTEX_POINT('',#11832);
#3536=VERTEX_POINT('',#11836);
#3537=VERTEX_POINT('',#11838);
#3538=VERTEX_POINT('',#11842);
#3539=VERTEX_POINT('',#11846);
#3540=VERTEX_POINT('',#11853);
#3541=VERTEX_POINT('',#11854);
#3542=VERTEX_POINT('',#11856);
#3543=VERTEX_POINT('',#11858);
#3544=VERTEX_POINT('',#11862);
#3545=VERTEX_POINT('',#11864);
#3546=VERTEX_POINT('',#11868);
#3547=VERTEX_POINT('',#11872);
#3548=VERTEX_POINT('',#11879);
#3549=VERTEX_POINT('',#11880);
#3550=VERTEX_POINT('',#11882);
#3551=VERTEX_POINT('',#11884);
#3552=VERTEX_POINT('',#11888);
#3553=VERTEX_POINT('',#11890);
#3554=VERTEX_POINT('',#11894);
#3555=VERTEX_POINT('',#11898);
#3556=VERTEX_POINT('',#11905);
#3557=VERTEX_POINT('',#11906);
#3558=VERTEX_POINT('',#11908);
#3559=VERTEX_POINT('',#11910);
#3560=VERTEX_POINT('',#11914);
#3561=VERTEX_POINT('',#11916);
#3562=VERTEX_POINT('',#11920);
#3563=VERTEX_POINT('',#11924);
#3564=VERTEX_POINT('',#11931);
#3565=VERTEX_POINT('',#11932);
#3566=VERTEX_POINT('',#11934);
#3567=VERTEX_POINT('',#11936);
#3568=VERTEX_POINT('',#11938);
#3569=VERTEX_POINT('',#11942);
#3570=VERTEX_POINT('',#11944);
#3571=VERTEX_POINT('',#11948);
#3572=VERTEX_POINT('',#11952);
#3573=VERTEX_POINT('',#11956);
#3574=VERTEX_POINT('',#11963);
#3575=VERTEX_POINT('',#11964);
#3576=VERTEX_POINT('',#11966);
#3577=VERTEX_POINT('',#11968);
#3578=VERTEX_POINT('',#11970);
#3579=VERTEX_POINT('',#11974);
#3580=VERTEX_POINT('',#11976);
#3581=VERTEX_POINT('',#11980);
#3582=VERTEX_POINT('',#11984);
#3583=VERTEX_POINT('',#11988);
#3584=VERTEX_POINT('',#11995);
#3585=VERTEX_POINT('',#11996);
#3586=VERTEX_POINT('',#11998);
#3587=VERTEX_POINT('',#12000);
#3588=VERTEX_POINT('',#12004);
#3589=VERTEX_POINT('',#12006);
#3590=VERTEX_POINT('',#12010);
#3591=VERTEX_POINT('',#12014);
#3592=VERTEX_POINT('',#12021);
#3593=VERTEX_POINT('',#12022);
#3594=VERTEX_POINT('',#12024);
#3595=VERTEX_POINT('',#12026);
#3596=VERTEX_POINT('',#12030);
#3597=VERTEX_POINT('',#12032);
#3598=VERTEX_POINT('',#12036);
#3599=VERTEX_POINT('',#12040);
#3600=VERTEX_POINT('',#12047);
#3601=VERTEX_POINT('',#12048);
#3602=VERTEX_POINT('',#12050);
#3603=VERTEX_POINT('',#12052);
#3604=VERTEX_POINT('',#12056);
#3605=VERTEX_POINT('',#12058);
#3606=VERTEX_POINT('',#12062);
#3607=VERTEX_POINT('',#12066);
#3608=VERTEX_POINT('',#12073);
#3609=VERTEX_POINT('',#12074);
#3610=VERTEX_POINT('',#12076);
#3611=VERTEX_POINT('',#12078);
#3612=VERTEX_POINT('',#12082);
#3613=VERTEX_POINT('',#12084);
#3614=VERTEX_POINT('',#12088);
#3615=VERTEX_POINT('',#12092);
#3616=VERTEX_POINT('',#12099);
#3617=VERTEX_POINT('',#12100);
#3618=VERTEX_POINT('',#12102);
#3619=VERTEX_POINT('',#12104);
#3620=VERTEX_POINT('',#12108);
#3621=VERTEX_POINT('',#12110);
#3622=VERTEX_POINT('',#12114);
#3623=VERTEX_POINT('',#12118);
#3624=VERTEX_POINT('',#12125);
#3625=VERTEX_POINT('',#12126);
#3626=VERTEX_POINT('',#12128);
#3627=VERTEX_POINT('',#12130);
#3628=VERTEX_POINT('',#12134);
#3629=VERTEX_POINT('',#12136);
#3630=VERTEX_POINT('',#12140);
#3631=VERTEX_POINT('',#12144);
#3632=VERTEX_POINT('',#12151);
#3633=VERTEX_POINT('',#12152);
#3634=VERTEX_POINT('',#12154);
#3635=VERTEX_POINT('',#12156);
#3636=VERTEX_POINT('',#12158);
#3637=VERTEX_POINT('',#12162);
#3638=VERTEX_POINT('',#12164);
#3639=VERTEX_POINT('',#12168);
#3640=VERTEX_POINT('',#12172);
#3641=VERTEX_POINT('',#12176);
#3642=VERTEX_POINT('',#12183);
#3643=VERTEX_POINT('',#12184);
#3644=VERTEX_POINT('',#12186);
#3645=VERTEX_POINT('',#12188);
#3646=VERTEX_POINT('',#12190);
#3647=VERTEX_POINT('',#12192);
#3648=VERTEX_POINT('',#12196);
#3649=VERTEX_POINT('',#12198);
#3650=VERTEX_POINT('',#12202);
#3651=VERTEX_POINT('',#12206);
#3652=VERTEX_POINT('',#12210);
#3653=VERTEX_POINT('',#12214);
#3654=VERTEX_POINT('',#12221);
#3655=VERTEX_POINT('',#12222);
#3656=VERTEX_POINT('',#12224);
#3657=VERTEX_POINT('',#12226);
#3658=VERTEX_POINT('',#12228);
#3659=VERTEX_POINT('',#12230);
#3660=VERTEX_POINT('',#12234);
#3661=VERTEX_POINT('',#12236);
#3662=VERTEX_POINT('',#12240);
#3663=VERTEX_POINT('',#12244);
#3664=VERTEX_POINT('',#12248);
#3665=VERTEX_POINT('',#12252);
#3666=VERTEX_POINT('',#12259);
#3667=VERTEX_POINT('',#12260);
#3668=VERTEX_POINT('',#12262);
#3669=VERTEX_POINT('',#12264);
#3670=VERTEX_POINT('',#12266);
#3671=VERTEX_POINT('',#12268);
#3672=VERTEX_POINT('',#12272);
#3673=VERTEX_POINT('',#12274);
#3674=VERTEX_POINT('',#12278);
#3675=VERTEX_POINT('',#12282);
#3676=VERTEX_POINT('',#12286);
#3677=VERTEX_POINT('',#12290);
#3678=VERTEX_POINT('',#12297);
#3679=VERTEX_POINT('',#12298);
#3680=VERTEX_POINT('',#12300);
#3681=VERTEX_POINT('',#12302);
#3682=VERTEX_POINT('',#12304);
#3683=VERTEX_POINT('',#12306);
#3684=VERTEX_POINT('',#12310);
#3685=VERTEX_POINT('',#12312);
#3686=VERTEX_POINT('',#12316);
#3687=VERTEX_POINT('',#12320);
#3688=VERTEX_POINT('',#12324);
#3689=VERTEX_POINT('',#12328);
#3690=VERTEX_POINT('',#12335);
#3691=VERTEX_POINT('',#12337);
#3692=EDGE_CURVE('',#3006,#3007,#1208,.T.);
#3693=EDGE_CURVE('',#3008,#3007,#1209,.T.);
#3694=EDGE_CURVE('',#3008,#3009,#1078,.T.);
#3695=EDGE_CURVE('',#3010,#3009,#1210,.T.);
#3696=EDGE_CURVE('',#3011,#3010,#1211,.T.);
#3697=EDGE_CURVE('',#3011,#3012,#1212,.T.);
#3698=EDGE_CURVE('',#3012,#3013,#1079,.T.);
#3699=EDGE_CURVE('',#3014,#3013,#1213,.T.);
#3700=EDGE_CURVE('',#3015,#3014,#1214,.T.);
#3701=EDGE_CURVE('',#3015,#3016,#1215,.T.);
#3702=EDGE_CURVE('',#3016,#3017,#1080,.T.);
#3703=EDGE_CURVE('',#3018,#3017,#1216,.T.);
#3704=EDGE_CURVE('',#3019,#3018,#1217,.T.);
#3705=EDGE_CURVE('',#3019,#3020,#1218,.T.);
#3706=EDGE_CURVE('',#3020,#3021,#1081,.T.);
#3707=EDGE_CURVE('',#3022,#3021,#1219,.T.);
#3708=EDGE_CURVE('',#3023,#3022,#1220,.T.);
#3709=EDGE_CURVE('',#3023,#3024,#1221,.T.);
#3710=EDGE_CURVE('',#3024,#3025,#1082,.T.);
#3711=EDGE_CURVE('',#3026,#3025,#1222,.T.);
#3712=EDGE_CURVE('',#3027,#3026,#1223,.T.);
#3713=EDGE_CURVE('',#3027,#3028,#1224,.T.);
#3714=EDGE_CURVE('',#3028,#3029,#1083,.T.);
#3715=EDGE_CURVE('',#3030,#3029,#1225,.T.);
#3716=EDGE_CURVE('',#3031,#3030,#1226,.T.);
#3717=EDGE_CURVE('',#3031,#3032,#1227,.T.);
#3718=EDGE_CURVE('',#3032,#3033,#1084,.T.);
#3719=EDGE_CURVE('',#3034,#3033,#1228,.T.);
#3720=EDGE_CURVE('',#3035,#3034,#1229,.T.);
#3721=EDGE_CURVE('',#3035,#3036,#1230,.T.);
#3722=EDGE_CURVE('',#3036,#3037,#1085,.T.);
#3723=EDGE_CURVE('',#3038,#3037,#1231,.T.);
#3724=EDGE_CURVE('',#3039,#3038,#1232,.T.);
#3725=EDGE_CURVE('',#3040,#3039,#1233,.T.);
#3726=EDGE_CURVE('',#3041,#3040,#1234,.T.);
#3727=EDGE_CURVE('',#3041,#3042,#1235,.T.);
#3728=EDGE_CURVE('',#3043,#3042,#1236,.T.);
#3729=EDGE_CURVE('',#3043,#3044,#1086,.T.);
#3730=EDGE_CURVE('',#3045,#3044,#1237,.T.);
#3731=EDGE_CURVE('',#3046,#3045,#1238,.T.);
#3732=EDGE_CURVE('',#3046,#3047,#1239,.T.);
#3733=EDGE_CURVE('',#3047,#3048,#1087,.T.);
#3734=EDGE_CURVE('',#3049,#3048,#1240,.T.);
#3735=EDGE_CURVE('',#3050,#3049,#1241,.T.);
#3736=EDGE_CURVE('',#3050,#3051,#1242,.T.);
#3737=EDGE_CURVE('',#3051,#3052,#1088,.T.);
#3738=EDGE_CURVE('',#3053,#3052,#1243,.T.);
#3739=EDGE_CURVE('',#3054,#3053,#1244,.T.);
#3740=EDGE_CURVE('',#3054,#3055,#1245,.T.);
#3741=EDGE_CURVE('',#3055,#3056,#1089,.T.);
#3742=EDGE_CURVE('',#3057,#3056,#1246,.T.);
#3743=EDGE_CURVE('',#3058,#3057,#1247,.T.);
#3744=EDGE_CURVE('',#3058,#3059,#1248,.T.);
#3745=EDGE_CURVE('',#3059,#3060,#1090,.T.);
#3746=EDGE_CURVE('',#3061,#3060,#1249,.T.);
#3747=EDGE_CURVE('',#3062,#3061,#1250,.T.);
#3748=EDGE_CURVE('',#3062,#3063,#1251,.T.);
#3749=EDGE_CURVE('',#3063,#3064,#1091,.T.);
#3750=EDGE_CURVE('',#3065,#3064,#1252,.T.);
#3751=EDGE_CURVE('',#3066,#3065,#1253,.T.);
#3752=EDGE_CURVE('',#3066,#3067,#1254,.T.);
#3753=EDGE_CURVE('',#3067,#3068,#1092,.T.);
#3754=EDGE_CURVE('',#3069,#3068,#1255,.T.);
#3755=EDGE_CURVE('',#3070,#3069,#1256,.T.);
#3756=EDGE_CURVE('',#3070,#3071,#1257,.T.);
#3757=EDGE_CURVE('',#3071,#3072,#1093,.T.);
#3758=EDGE_CURVE('',#3073,#3072,#1258,.T.);
#3759=EDGE_CURVE('',#3074,#3073,#1259,.T.);
#3760=EDGE_CURVE('',#3075,#3074,#1260,.T.);
#3761=EDGE_CURVE('',#3076,#3075,#1261,.T.);
#3762=EDGE_CURVE('',#3076,#3077,#1262,.T.);
#3763=EDGE_CURVE('',#3078,#3077,#1263,.T.);
#3764=EDGE_CURVE('',#3079,#3078,#1094,.T.);
#3765=EDGE_CURVE('',#3080,#3079,#1264,.T.);
#3766=EDGE_CURVE('',#3081,#3080,#1265,.T.);
#3767=EDGE_CURVE('',#3081,#3082,#1266,.T.);
#3768=EDGE_CURVE('',#3083,#3082,#1095,.T.);
#3769=EDGE_CURVE('',#3084,#3083,#1267,.T.);
#3770=EDGE_CURVE('',#3085,#3084,#1268,.T.);
#3771=EDGE_CURVE('',#3085,#3086,#1269,.T.);
#3772=EDGE_CURVE('',#3087,#3086,#1096,.T.);
#3773=EDGE_CURVE('',#3088,#3087,#1270,.T.);
#3774=EDGE_CURVE('',#3089,#3088,#1271,.T.);
#3775=EDGE_CURVE('',#3089,#3090,#1272,.T.);
#3776=EDGE_CURVE('',#3091,#3090,#1097,.T.);
#3777=EDGE_CURVE('',#3092,#3091,#1273,.T.);
#3778=EDGE_CURVE('',#3093,#3092,#1274,.T.);
#3779=EDGE_CURVE('',#3093,#3094,#1275,.T.);
#3780=EDGE_CURVE('',#3095,#3094,#1098,.T.);
#3781=EDGE_CURVE('',#3096,#3095,#1276,.T.);
#3782=EDGE_CURVE('',#3097,#3096,#1277,.T.);
#3783=EDGE_CURVE('',#3097,#3098,#1278,.T.);
#3784=EDGE_CURVE('',#3099,#3098,#1099,.T.);
#3785=EDGE_CURVE('',#3100,#3099,#1279,.T.);
#3786=EDGE_CURVE('',#3101,#3100,#1280,.T.);
#3787=EDGE_CURVE('',#3101,#3102,#1281,.T.);
#3788=EDGE_CURVE('',#3103,#3102,#1100,.T.);
#3789=EDGE_CURVE('',#3104,#3103,#1282,.T.);
#3790=EDGE_CURVE('',#3105,#3104,#1283,.T.);
#3791=EDGE_CURVE('',#3105,#3106,#1284,.T.);
#3792=EDGE_CURVE('',#3107,#3106,#1101,.T.);
#3793=EDGE_CURVE('',#3108,#3107,#1285,.T.);
#3794=EDGE_CURVE('',#3109,#3108,#1286,.T.);
#3795=EDGE_CURVE('',#3110,#3109,#1287,.T.);
#3796=EDGE_CURVE('',#3111,#3110,#1288,.T.);
#3797=EDGE_CURVE('',#3111,#3112,#1289,.T.);
#3798=EDGE_CURVE('',#3113,#3112,#1290,.T.);
#3799=EDGE_CURVE('',#3114,#3113,#1102,.T.);
#3800=EDGE_CURVE('',#3115,#3114,#1291,.T.);
#3801=EDGE_CURVE('',#3116,#3115,#1292,.T.);
#3802=EDGE_CURVE('',#3116,#3117,#1293,.T.);
#3803=EDGE_CURVE('',#3118,#3117,#1103,.T.);
#3804=EDGE_CURVE('',#3119,#3118,#1294,.T.);
#3805=EDGE_CURVE('',#3120,#3119,#1295,.T.);
#3806=EDGE_CURVE('',#3120,#3121,#1296,.T.);
#3807=EDGE_CURVE('',#3122,#3121,#1104,.T.);
#3808=EDGE_CURVE('',#3123,#3122,#1297,.T.);
#3809=EDGE_CURVE('',#3124,#3123,#1298,.T.);
#3810=EDGE_CURVE('',#3124,#3125,#1299,.T.);
#3811=EDGE_CURVE('',#3126,#3125,#1105,.T.);
#3812=EDGE_CURVE('',#3127,#3126,#1300,.T.);
#3813=EDGE_CURVE('',#3128,#3127,#1301,.T.);
#3814=EDGE_CURVE('',#3128,#3129,#1302,.T.);
#3815=EDGE_CURVE('',#3130,#3129,#1106,.T.);
#3816=EDGE_CURVE('',#3131,#3130,#1303,.T.);
#3817=EDGE_CURVE('',#3132,#3131,#1304,.T.);
#3818=EDGE_CURVE('',#3132,#3133,#1305,.T.);
#3819=EDGE_CURVE('',#3134,#3133,#1107,.T.);
#3820=EDGE_CURVE('',#3135,#3134,#1306,.T.);
#3821=EDGE_CURVE('',#3136,#3135,#1307,.T.);
#3822=EDGE_CURVE('',#3136,#3137,#1308,.T.);
#3823=EDGE_CURVE('',#3138,#3137,#1108,.T.);
#3824=EDGE_CURVE('',#3139,#3138,#1309,.T.);
#3825=EDGE_CURVE('',#3140,#3139,#1310,.T.);
#3826=EDGE_CURVE('',#3140,#3141,#1311,.T.);
#3827=EDGE_CURVE('',#3142,#3141,#1109,.T.);
#3828=EDGE_CURVE('',#3143,#3142,#1312,.T.);
#3829=EDGE_CURVE('',#3144,#3143,#1313,.T.);
#3830=EDGE_CURVE('',#3145,#3144,#1314,.T.);
#3831=EDGE_CURVE('',#3006,#3145,#1315,.T.);
#3832=EDGE_CURVE('',#3146,#3147,#1316,.T.);
#3833=EDGE_CURVE('',#3146,#3148,#1317,.T.);
#3834=EDGE_CURVE('',#3149,#3148,#1318,.T.);
#3835=EDGE_CURVE('',#3150,#3149,#1319,.T.);
#3836=EDGE_CURVE('',#3147,#3150,#1320,.T.);
#3837=EDGE_CURVE('',#3151,#3147,#1321,.T.);
#3838=EDGE_CURVE('',#3152,#3151,#1322,.T.);
#3839=EDGE_CURVE('',#3146,#3152,#1323,.T.);
#3840=EDGE_CURVE('',#3152,#3153,#1324,.T.);
#3841=EDGE_CURVE('',#3148,#3153,#1325,.T.);
#3842=EDGE_CURVE('',#3154,#3153,#1326,.T.);
#3843=EDGE_CURVE('',#3154,#3149,#1327,.T.);
#3844=EDGE_CURVE('',#3155,#3154,#1328,.T.);
#3845=EDGE_CURVE('',#3155,#3150,#1329,.T.);
#3846=EDGE_CURVE('',#3151,#3155,#1330,.T.);
#3847=EDGE_CURVE('',#3156,#3157,#1331,.T.);
#3848=EDGE_CURVE('',#3157,#3158,#1332,.T.);
#3849=EDGE_CURVE('',#3158,#3159,#1333,.T.);
#3850=EDGE_CURVE('',#3159,#3156,#1334,.T.);
#3851=EDGE_CURVE('',#3156,#3160,#1335,.T.);
#3852=EDGE_CURVE('',#3160,#3161,#1336,.T.);
#3853=EDGE_CURVE('',#3157,#3161,#1337,.T.);
#3854=EDGE_CURVE('',#3161,#3162,#1338,.T.);
#3855=EDGE_CURVE('',#3158,#3162,#1339,.T.);
#3856=EDGE_CURVE('',#3162,#3163,#1340,.T.);
#3857=EDGE_CURVE('',#3159,#3163,#1341,.T.);
#3858=EDGE_CURVE('',#3163,#3160,#1342,.T.);
#3859=EDGE_CURVE('',#3006,#3164,#1343,.T.);
#3860=EDGE_CURVE('',#3164,#3165,#1344,.T.);
#3861=EDGE_CURVE('',#3007,#3165,#1345,.T.);
#3862=EDGE_CURVE('',#3164,#3166,#1346,.T.);
#3863=EDGE_CURVE('',#3145,#3167,#1347,.T.);
#3864=EDGE_CURVE('',#3168,#3167,#1348,.T.);
#3865=EDGE_CURVE('',#3040,#3168,#1349,.T.);
#3866=EDGE_CURVE('',#3039,#3169,#1350,.T.);
#3867=EDGE_CURVE('',#3170,#3169,#1351,.T.);
#3868=EDGE_CURVE('',#3035,#3170,#1352,.T.);
#3869=EDGE_CURVE('',#3034,#3171,#1353,.T.);
#3870=EDGE_CURVE('',#3172,#3171,#1354,.T.);
#3871=EDGE_CURVE('',#3031,#3172,#1355,.T.);
#3872=EDGE_CURVE('',#3030,#3173,#1356,.T.);
#3873=EDGE_CURVE('',#3174,#3173,#1357,.T.);
#3874=EDGE_CURVE('',#3027,#3174,#1358,.T.);
#3875=EDGE_CURVE('',#3026,#3175,#1359,.T.);
#3876=EDGE_CURVE('',#3176,#3175,#1360,.T.);
#3877=EDGE_CURVE('',#3023,#3176,#1361,.T.);
#3878=EDGE_CURVE('',#3022,#3177,#1362,.T.);
#3879=EDGE_CURVE('',#3178,#3177,#1363,.T.);
#3880=EDGE_CURVE('',#3019,#3178,#1364,.T.);
#3881=EDGE_CURVE('',#3018,#3179,#1365,.T.);
#3882=EDGE_CURVE('',#3180,#3179,#1366,.T.);
#3883=EDGE_CURVE('',#3015,#3180,#1367,.T.);
#3884=EDGE_CURVE('',#3014,#3181,#1368,.T.);
#3885=EDGE_CURVE('',#3182,#3181,#1369,.T.);
#3886=EDGE_CURVE('',#3011,#3182,#1370,.T.);
#3887=EDGE_CURVE('',#3010,#3166,#1371,.T.);
#3888=EDGE_CURVE('',#3183,#3184,#1372,.T.);
#3889=EDGE_CURVE('',#3184,#3185,#1373,.T.);
#3890=EDGE_CURVE('',#3186,#3185,#1374,.T.);
#3891=EDGE_CURVE('',#3183,#3186,#1375,.T.);
#3892=EDGE_CURVE('',#3187,#3188,#1376,.T.);
#3893=EDGE_CURVE('',#3187,#3189,#1377,.T.);
#3894=EDGE_CURVE('',#3189,#3190,#1378,.T.);
#3895=EDGE_CURVE('',#3188,#3190,#1379,.T.);
#3896=EDGE_CURVE('',#3191,#3166,#1380,.T.);
#3897=EDGE_CURVE('',#3192,#3191,#1110,.T.);
#3898=EDGE_CURVE('',#3192,#3165,#1381,.T.);
#3899=EDGE_CURVE('',#3008,#3192,#1382,.T.);
#3900=EDGE_CURVE('',#3009,#3191,#1383,.T.);
#3901=EDGE_CURVE('',#3182,#3193,#1384,.T.);
#3902=EDGE_CURVE('',#3012,#3193,#1385,.T.);
#3903=EDGE_CURVE('',#3193,#3194,#1111,.T.);
#3904=EDGE_CURVE('',#3013,#3194,#1386,.T.);
#3905=EDGE_CURVE('',#3194,#3181,#1387,.T.);
#3906=EDGE_CURVE('',#3180,#3195,#1388,.T.);
#3907=EDGE_CURVE('',#3016,#3195,#1389,.T.);
#3908=EDGE_CURVE('',#3195,#3196,#1112,.T.);
#3909=EDGE_CURVE('',#3017,#3196,#1390,.T.);
#3910=EDGE_CURVE('',#3196,#3179,#1391,.T.);
#3911=EDGE_CURVE('',#3178,#3197,#1392,.T.);
#3912=EDGE_CURVE('',#3020,#3197,#1393,.T.);
#3913=EDGE_CURVE('',#3197,#3198,#1113,.T.);
#3914=EDGE_CURVE('',#3021,#3198,#1394,.T.);
#3915=EDGE_CURVE('',#3198,#3177,#1395,.T.);
#3916=EDGE_CURVE('',#3176,#3199,#1396,.T.);
#3917=EDGE_CURVE('',#3024,#3199,#1397,.T.);
#3918=EDGE_CURVE('',#3199,#3200,#1114,.T.);
#3919=EDGE_CURVE('',#3025,#3200,#1398,.T.);
#3920=EDGE_CURVE('',#3200,#3175,#1399,.T.);
#3921=EDGE_CURVE('',#3174,#3201,#1400,.T.);
#3922=EDGE_CURVE('',#3028,#3201,#1401,.T.);
#3923=EDGE_CURVE('',#3201,#3202,#1115,.T.);
#3924=EDGE_CURVE('',#3029,#3202,#1402,.T.);
#3925=EDGE_CURVE('',#3202,#3173,#1403,.T.);
#3926=EDGE_CURVE('',#3172,#3203,#1404,.T.);
#3927=EDGE_CURVE('',#3032,#3203,#1405,.T.);
#3928=EDGE_CURVE('',#3203,#3204,#1116,.T.);
#3929=EDGE_CURVE('',#3033,#3204,#1406,.T.);
#3930=EDGE_CURVE('',#3204,#3171,#1407,.T.);
#3931=EDGE_CURVE('',#3170,#3205,#1408,.T.);
#3932=EDGE_CURVE('',#3036,#3205,#1409,.T.);
#3933=EDGE_CURVE('',#3205,#3206,#1117,.T.);
#3934=EDGE_CURVE('',#3037,#3206,#1410,.T.);
#3935=EDGE_CURVE('',#3207,#3206,#1411,.T.);
#3936=EDGE_CURVE('',#3038,#3207,#1412,.T.);
#3937=EDGE_CURVE('',#3207,#3169,#1413,.T.);
#3938=EDGE_CURVE('',#3070,#3208,#1414,.T.);
#3939=EDGE_CURVE('',#3069,#3209,#1415,.T.);
#3940=EDGE_CURVE('',#3209,#3210,#1416,.T.);
#3941=EDGE_CURVE('',#3066,#3210,#1417,.T.);
#3942=EDGE_CURVE('',#3065,#3211,#1418,.T.);
#3943=EDGE_CURVE('',#3211,#3212,#1419,.T.);
#3944=EDGE_CURVE('',#3062,#3212,#1420,.T.);
#3945=EDGE_CURVE('',#3061,#3213,#1421,.T.);
#3946=EDGE_CURVE('',#3213,#3214,#1422,.T.);
#3947=EDGE_CURVE('',#3058,#3214,#1423,.T.);
#3948=EDGE_CURVE('',#3057,#3215,#1424,.T.);
#3949=EDGE_CURVE('',#3215,#3216,#1425,.T.);
#3950=EDGE_CURVE('',#3054,#3216,#1426,.T.);
#3951=EDGE_CURVE('',#3053,#3217,#1427,.T.);
#3952=EDGE_CURVE('',#3217,#3218,#1428,.T.);
#3953=EDGE_CURVE('',#3050,#3218,#1429,.T.);
#3954=EDGE_CURVE('',#3049,#3219,#1430,.T.);
#3955=EDGE_CURVE('',#3219,#3220,#1431,.T.);
#3956=EDGE_CURVE('',#3046,#3220,#1432,.T.);
#3957=EDGE_CURVE('',#3045,#3221,#1433,.T.);
#3958=EDGE_CURVE('',#3221,#3222,#1434,.T.);
#3959=EDGE_CURVE('',#3041,#3222,#1435,.T.);
#3960=EDGE_CURVE('',#3223,#3168,#1436,.T.);
#3961=EDGE_CURVE('',#3075,#3223,#1437,.T.);
#3962=EDGE_CURVE('',#3074,#3224,#1438,.T.);
#3963=EDGE_CURVE('',#3224,#3208,#1439,.T.);
#3964=EDGE_CURVE('',#3225,#3226,#1440,.T.);
#3965=EDGE_CURVE('',#3225,#3227,#1441,.T.);
#3966=EDGE_CURVE('',#3227,#3228,#1442,.T.);
#3967=EDGE_CURVE('',#3226,#3228,#1443,.T.);
#3968=EDGE_CURVE('',#3229,#3230,#1444,.T.);
#3969=EDGE_CURVE('',#3230,#3231,#1445,.T.);
#3970=EDGE_CURVE('',#3232,#3231,#1446,.T.);
#3971=EDGE_CURVE('',#3229,#3232,#1447,.T.);
#3972=EDGE_CURVE('',#3208,#3233,#1448,.T.);
#3973=EDGE_CURVE('',#3071,#3233,#1449,.T.);
#3974=EDGE_CURVE('',#3233,#3234,#1118,.T.);
#3975=EDGE_CURVE('',#3072,#3234,#1450,.T.);
#3976=EDGE_CURVE('',#3235,#3234,#1451,.T.);
#3977=EDGE_CURVE('',#3073,#3235,#1452,.T.);
#3978=EDGE_CURVE('',#3235,#3224,#1453,.T.);
#3979=EDGE_CURVE('',#3236,#3237,#1454,.T.);
#3980=EDGE_CURVE('',#3105,#3237,#1455,.T.);
#3981=EDGE_CURVE('',#3104,#3238,#1456,.T.);
#3982=EDGE_CURVE('',#3238,#3239,#1457,.T.);
#3983=EDGE_CURVE('',#3101,#3239,#1458,.T.);
#3984=EDGE_CURVE('',#3100,#3240,#1459,.T.);
#3985=EDGE_CURVE('',#3240,#3241,#1460,.T.);
#3986=EDGE_CURVE('',#3097,#3241,#1461,.T.);
#3987=EDGE_CURVE('',#3096,#3242,#1462,.T.);
#3988=EDGE_CURVE('',#3242,#3243,#1463,.T.);
#3989=EDGE_CURVE('',#3093,#3243,#1464,.T.);
#3990=EDGE_CURVE('',#3092,#3244,#1465,.T.);
#3991=EDGE_CURVE('',#3244,#3245,#1466,.T.);
#3992=EDGE_CURVE('',#3089,#3245,#1467,.T.);
#3993=EDGE_CURVE('',#3088,#3246,#1468,.T.);
#3994=EDGE_CURVE('',#3246,#3247,#1469,.T.);
#3995=EDGE_CURVE('',#3085,#3247,#1470,.T.);
#3996=EDGE_CURVE('',#3084,#3248,#1471,.T.);
#3997=EDGE_CURVE('',#3248,#3249,#1472,.T.);
#3998=EDGE_CURVE('',#3081,#3249,#1473,.T.);
#3999=EDGE_CURVE('',#3080,#3250,#1474,.T.);
#4000=EDGE_CURVE('',#3250,#3251,#1475,.T.);
#4001=EDGE_CURVE('',#3076,#3251,#1476,.T.);
#4002=EDGE_CURVE('',#3252,#3223,#1477,.T.);
#4003=EDGE_CURVE('',#3110,#3252,#1478,.T.);
#4004=EDGE_CURVE('',#3109,#3236,#1479,.T.);
#4005=EDGE_CURVE('',#3253,#3254,#1480,.T.);
#4006=EDGE_CURVE('',#3253,#3255,#1481,.T.);
#4007=EDGE_CURVE('',#3255,#3256,#1482,.T.);
#4008=EDGE_CURVE('',#3254,#3256,#1483,.T.);
#4009=EDGE_CURVE('',#3257,#3258,#1484,.T.);
#4010=EDGE_CURVE('',#3258,#3259,#1485,.T.);
#4011=EDGE_CURVE('',#3260,#3259,#1486,.T.);
#4012=EDGE_CURVE('',#3257,#3260,#1487,.T.);
#4013=EDGE_CURVE('',#3236,#3261,#1488,.T.);
#4014=EDGE_CURVE('',#3261,#3262,#1489,.T.);
#4015=EDGE_CURVE('',#3262,#3263,#1119,.T.);
#4016=EDGE_CURVE('',#3263,#3237,#1490,.T.);
#4017=EDGE_CURVE('',#3106,#3263,#1491,.T.);
#4018=EDGE_CURVE('',#3262,#3107,#1492,.T.);
#4019=EDGE_CURVE('',#3108,#3261,#1493,.T.);
#4020=EDGE_CURVE('',#3264,#3265,#1494,.T.);
#4021=EDGE_CURVE('',#3111,#3264,#1495,.T.);
#4022=EDGE_CURVE('',#3167,#3252,#1496,.T.);
#4023=EDGE_CURVE('',#3144,#3266,#1497,.T.);
#4024=EDGE_CURVE('',#3267,#3266,#1498,.T.);
#4025=EDGE_CURVE('',#3140,#3267,#1499,.T.);
#4026=EDGE_CURVE('',#3139,#3268,#1500,.T.);
#4027=EDGE_CURVE('',#3269,#3268,#1501,.T.);
#4028=EDGE_CURVE('',#3136,#3269,#1502,.T.);
#4029=EDGE_CURVE('',#3135,#3270,#1503,.T.);
#4030=EDGE_CURVE('',#3271,#3270,#1504,.T.);
#4031=EDGE_CURVE('',#3132,#3271,#1505,.T.);
#4032=EDGE_CURVE('',#3131,#3272,#1506,.T.);
#4033=EDGE_CURVE('',#3273,#3272,#1507,.T.);
#4034=EDGE_CURVE('',#3128,#3273,#1508,.T.);
#4035=EDGE_CURVE('',#3127,#3274,#1509,.T.);
#4036=EDGE_CURVE('',#3275,#3274,#1510,.T.);
#4037=EDGE_CURVE('',#3124,#3275,#1511,.T.);
#4038=EDGE_CURVE('',#3123,#3276,#1512,.T.);
#4039=EDGE_CURVE('',#3277,#3276,#1513,.T.);
#4040=EDGE_CURVE('',#3120,#3277,#1514,.T.);
#4041=EDGE_CURVE('',#3119,#3278,#1515,.T.);
#4042=EDGE_CURVE('',#3279,#3278,#1516,.T.);
#4043=EDGE_CURVE('',#3116,#3279,#1517,.T.);
#4044=EDGE_CURVE('',#3115,#3265,#1518,.T.);
#4045=EDGE_CURVE('',#3280,#3281,#1519,.T.);
#4046=EDGE_CURVE('',#3280,#3282,#1520,.T.);
#4047=EDGE_CURVE('',#3282,#3283,#1521,.T.);
#4048=EDGE_CURVE('',#3281,#3283,#1522,.T.);
#4049=EDGE_CURVE('',#3284,#3285,#1523,.T.);
#4050=EDGE_CURVE('',#3285,#3286,#1524,.T.);
#4051=EDGE_CURVE('',#3287,#3286,#1525,.T.);
#4052=EDGE_CURVE('',#3284,#3287,#1526,.T.);
#4053=EDGE_CURVE('',#3265,#3288,#1527,.T.);
#4054=EDGE_CURVE('',#3288,#3289,#1120,.T.);
#4055=EDGE_CURVE('',#3289,#3290,#1528,.T.);
#4056=EDGE_CURVE('',#3290,#3264,#1529,.T.);
#4057=EDGE_CURVE('',#3112,#3290,#1530,.T.);
#4058=EDGE_CURVE('',#3289,#3113,#1531,.T.);
#4059=EDGE_CURVE('',#3114,#3288,#1532,.T.);
#4060=EDGE_CURVE('',#3291,#3279,#1533,.T.);
#4061=EDGE_CURVE('',#3117,#3291,#1534,.T.);
#4062=EDGE_CURVE('',#3118,#3292,#1535,.T.);
#4063=EDGE_CURVE('',#3292,#3291,#1121,.T.);
#4064=EDGE_CURVE('',#3278,#3292,#1536,.T.);
#4065=EDGE_CURVE('',#3293,#3277,#1537,.T.);
#4066=EDGE_CURVE('',#3121,#3293,#1538,.T.);
#4067=EDGE_CURVE('',#3122,#3294,#1539,.T.);
#4068=EDGE_CURVE('',#3294,#3293,#1122,.T.);
#4069=EDGE_CURVE('',#3276,#3294,#1540,.T.);
#4070=EDGE_CURVE('',#3295,#3275,#1541,.T.);
#4071=EDGE_CURVE('',#3125,#3295,#1542,.T.);
#4072=EDGE_CURVE('',#3126,#3296,#1543,.T.);
#4073=EDGE_CURVE('',#3296,#3295,#1123,.T.);
#4074=EDGE_CURVE('',#3274,#3296,#1544,.T.);
#4075=EDGE_CURVE('',#3297,#3273,#1545,.T.);
#4076=EDGE_CURVE('',#3129,#3297,#1546,.T.);
#4077=EDGE_CURVE('',#3130,#3298,#1547,.T.);
#4078=EDGE_CURVE('',#3298,#3297,#1124,.T.);
#4079=EDGE_CURVE('',#3272,#3298,#1548,.T.);
#4080=EDGE_CURVE('',#3299,#3271,#1549,.T.);
#4081=EDGE_CURVE('',#3133,#3299,#1550,.T.);
#4082=EDGE_CURVE('',#3134,#3300,#1551,.T.);
#4083=EDGE_CURVE('',#3300,#3299,#1125,.T.);
#4084=EDGE_CURVE('',#3270,#3300,#1552,.T.);
#4085=EDGE_CURVE('',#3301,#3269,#1553,.T.);
#4086=EDGE_CURVE('',#3137,#3301,#1554,.T.);
#4087=EDGE_CURVE('',#3138,#3302,#1555,.T.);
#4088=EDGE_CURVE('',#3302,#3301,#1126,.T.);
#4089=EDGE_CURVE('',#3268,#3302,#1556,.T.);
#4090=EDGE_CURVE('',#3303,#3267,#1557,.T.);
#4091=EDGE_CURVE('',#3141,#3303,#1558,.T.);
#4092=EDGE_CURVE('',#3304,#3303,#1127,.T.);
#4093=EDGE_CURVE('',#3304,#3142,#1559,.T.);
#4094=EDGE_CURVE('',#3305,#3304,#1560,.T.);
#4095=EDGE_CURVE('',#3143,#3305,#1561,.T.);
#4096=EDGE_CURVE('',#3266,#3305,#1562,.T.);
#4097=EDGE_CURVE('',#3281,#3306,#1563,.T.);
#4098=EDGE_CURVE('',#3306,#3184,#1564,.T.);
#4099=EDGE_CURVE('',#3183,#3307,#1565,.T.);
#4100=EDGE_CURVE('',#3307,#3280,#1566,.T.);
#4101=EDGE_CURVE('',#3307,#3308,#1567,.T.);
#4102=EDGE_CURVE('',#3308,#3282,#1568,.T.);
#4103=EDGE_CURVE('',#3186,#3308,#1569,.T.);
#4104=EDGE_CURVE('',#3309,#3185,#1570,.T.);
#4105=EDGE_CURVE('',#3283,#3309,#1571,.T.);
#4106=EDGE_CURVE('',#3306,#3309,#1572,.T.);
#4107=EDGE_CURVE('',#3284,#3310,#1573,.T.);
#4108=EDGE_CURVE('',#3310,#3253,#1574,.T.);
#4109=EDGE_CURVE('',#3254,#3311,#1575,.T.);
#4110=EDGE_CURVE('',#3311,#3285,#1576,.T.);
#4111=EDGE_CURVE('',#3311,#3312,#1577,.T.);
#4112=EDGE_CURVE('',#3312,#3286,#1578,.T.);
#4113=EDGE_CURVE('',#3256,#3312,#1579,.T.);
#4114=EDGE_CURVE('',#3313,#3255,#1580,.T.);
#4115=EDGE_CURVE('',#3287,#3313,#1581,.T.);
#4116=EDGE_CURVE('',#3310,#3313,#1582,.T.);
#4117=EDGE_CURVE('',#3314,#3251,#1583,.T.);
#4118=EDGE_CURVE('',#3077,#3314,#1584,.T.);
#4119=EDGE_CURVE('',#3315,#3314,#1585,.T.);
#4120=EDGE_CURVE('',#3315,#3078,#1586,.T.);
#4121=EDGE_CURVE('',#3079,#3316,#1587,.T.);
#4122=EDGE_CURVE('',#3316,#3315,#1128,.T.);
#4123=EDGE_CURVE('',#3250,#3316,#1588,.T.);
#4124=EDGE_CURVE('',#3317,#3249,#1589,.T.);
#4125=EDGE_CURVE('',#3082,#3317,#1590,.T.);
#4126=EDGE_CURVE('',#3083,#3318,#1591,.T.);
#4127=EDGE_CURVE('',#3318,#3317,#1129,.T.);
#4128=EDGE_CURVE('',#3248,#3318,#1592,.T.);
#4129=EDGE_CURVE('',#3319,#3247,#1593,.T.);
#4130=EDGE_CURVE('',#3086,#3319,#1594,.T.);
#4131=EDGE_CURVE('',#3087,#3320,#1595,.T.);
#4132=EDGE_CURVE('',#3320,#3319,#1130,.T.);
#4133=EDGE_CURVE('',#3246,#3320,#1596,.T.);
#4134=EDGE_CURVE('',#3321,#3245,#1597,.T.);
#4135=EDGE_CURVE('',#3090,#3321,#1598,.T.);
#4136=EDGE_CURVE('',#3091,#3322,#1599,.T.);
#4137=EDGE_CURVE('',#3322,#3321,#1131,.T.);
#4138=EDGE_CURVE('',#3244,#3322,#1600,.T.);
#4139=EDGE_CURVE('',#3323,#3243,#1601,.T.);
#4140=EDGE_CURVE('',#3094,#3323,#1602,.T.);
#4141=EDGE_CURVE('',#3095,#3324,#1603,.T.);
#4142=EDGE_CURVE('',#3324,#3323,#1132,.T.);
#4143=EDGE_CURVE('',#3242,#3324,#1604,.T.);
#4144=EDGE_CURVE('',#3325,#3241,#1605,.T.);
#4145=EDGE_CURVE('',#3098,#3325,#1606,.T.);
#4146=EDGE_CURVE('',#3099,#3326,#1607,.T.);
#4147=EDGE_CURVE('',#3326,#3325,#1133,.T.);
#4148=EDGE_CURVE('',#3240,#3326,#1608,.T.);
#4149=EDGE_CURVE('',#3327,#3239,#1609,.T.);
#4150=EDGE_CURVE('',#3102,#3327,#1610,.T.);
#4151=EDGE_CURVE('',#3103,#3328,#1611,.T.);
#4152=EDGE_CURVE('',#3328,#3327,#1134,.T.);
#4153=EDGE_CURVE('',#3238,#3328,#1612,.T.);
#4154=EDGE_CURVE('',#3257,#3329,#1613,.T.);
#4155=EDGE_CURVE('',#3329,#3225,#1614,.T.);
#4156=EDGE_CURVE('',#3226,#3330,#1615,.T.);
#4157=EDGE_CURVE('',#3330,#3258,#1616,.T.);
#4158=EDGE_CURVE('',#3330,#3331,#1617,.T.);
#4159=EDGE_CURVE('',#3331,#3259,#1618,.T.);
#4160=EDGE_CURVE('',#3228,#3331,#1619,.T.);
#4161=EDGE_CURVE('',#3332,#3227,#1620,.T.);
#4162=EDGE_CURVE('',#3260,#3332,#1621,.T.);
#4163=EDGE_CURVE('',#3329,#3332,#1622,.T.);
#4164=EDGE_CURVE('',#3222,#3333,#1623,.T.);
#4165=EDGE_CURVE('',#3042,#3333,#1624,.T.);
#4166=EDGE_CURVE('',#3334,#3333,#1625,.T.);
#4167=EDGE_CURVE('',#3043,#3334,#1626,.T.);
#4168=EDGE_CURVE('',#3044,#3335,#1627,.T.);
#4169=EDGE_CURVE('',#3334,#3335,#1135,.T.);
#4170=EDGE_CURVE('',#3335,#3221,#1628,.T.);
#4171=EDGE_CURVE('',#3220,#3336,#1629,.T.);
#4172=EDGE_CURVE('',#3047,#3336,#1630,.T.);
#4173=EDGE_CURVE('',#3336,#3337,#1136,.T.);
#4174=EDGE_CURVE('',#3048,#3337,#1631,.T.);
#4175=EDGE_CURVE('',#3337,#3219,#1632,.T.);
#4176=EDGE_CURVE('',#3218,#3338,#1633,.T.);
#4177=EDGE_CURVE('',#3051,#3338,#1634,.T.);
#4178=EDGE_CURVE('',#3338,#3339,#1137,.T.);
#4179=EDGE_CURVE('',#3052,#3339,#1635,.T.);
#4180=EDGE_CURVE('',#3339,#3217,#1636,.T.);
#4181=EDGE_CURVE('',#3216,#3340,#1637,.T.);
#4182=EDGE_CURVE('',#3055,#3340,#1638,.T.);
#4183=EDGE_CURVE('',#3340,#3341,#1138,.T.);
#4184=EDGE_CURVE('',#3056,#3341,#1639,.T.);
#4185=EDGE_CURVE('',#3341,#3215,#1640,.T.);
#4186=EDGE_CURVE('',#3214,#3342,#1641,.T.);
#4187=EDGE_CURVE('',#3059,#3342,#1642,.T.);
#4188=EDGE_CURVE('',#3342,#3343,#1139,.T.);
#4189=EDGE_CURVE('',#3060,#3343,#1643,.T.);
#4190=EDGE_CURVE('',#3343,#3213,#1644,.T.);
#4191=EDGE_CURVE('',#3212,#3344,#1645,.T.);
#4192=EDGE_CURVE('',#3063,#3344,#1646,.T.);
#4193=EDGE_CURVE('',#3344,#3345,#1140,.T.);
#4194=EDGE_CURVE('',#3064,#3345,#1647,.T.);
#4195=EDGE_CURVE('',#3345,#3211,#1648,.T.);
#4196=EDGE_CURVE('',#3210,#3346,#1649,.T.);
#4197=EDGE_CURVE('',#3067,#3346,#1650,.T.);
#4198=EDGE_CURVE('',#3346,#3347,#1141,.T.);
#4199=EDGE_CURVE('',#3068,#3347,#1651,.T.);
#4200=EDGE_CURVE('',#3347,#3209,#1652,.T.);
#4201=EDGE_CURVE('',#3229,#3348,#1653,.T.);
#4202=EDGE_CURVE('',#3348,#3187,#1654,.T.);
#4203=EDGE_CURVE('',#3188,#3349,#1655,.T.);
#4204=EDGE_CURVE('',#3349,#3230,#1656,.T.);
#4205=EDGE_CURVE('',#3349,#3350,#1657,.T.);
#4206=EDGE_CURVE('',#3350,#3231,#1658,.T.);
#4207=EDGE_CURVE('',#3190,#3350,#1659,.T.);
#4208=EDGE_CURVE('',#3351,#3189,#1660,.T.);
#4209=EDGE_CURVE('',#3232,#3351,#1661,.T.);
#4210=EDGE_CURVE('',#3348,#3351,#1662,.T.);
#4211=EDGE_CURVE('',#3352,#3353,#1663,.T.);
#4212=EDGE_CURVE('',#3354,#3353,#1664,.T.);
#4213=EDGE_CURVE('',#3355,#3354,#1665,.T.);
#4214=EDGE_CURVE('',#3352,#3355,#1666,.T.);
#4215=EDGE_CURVE('',#3356,#3352,#1667,.T.);
#4216=EDGE_CURVE('',#3357,#3356,#1668,.T.);
#4217=EDGE_CURVE('',#3357,#3353,#1669,.T.);
#4218=EDGE_CURVE('',#3358,#3359,#1670,.T.);
#4219=EDGE_CURVE('',#3360,#3358,#1671,.T.);
#4220=EDGE_CURVE('',#3361,#3360,#1672,.T.);
#4221=EDGE_CURVE('',#3359,#3361,#1673,.T.);
#4222=EDGE_CURVE('',#3362,#3357,#1674,.T.);
#4223=EDGE_CURVE('',#3363,#3362,#1675,.T.);
#4224=EDGE_CURVE('',#3354,#3363,#1676,.T.);
#4225=EDGE_CURVE('',#3359,#3364,#1677,.T.);
#4226=EDGE_CURVE('',#3365,#3364,#1678,.T.);
#4227=EDGE_CURVE('',#3358,#3365,#1679,.T.);
#4228=EDGE_CURVE('',#3366,#3365,#1680,.T.);
#4229=EDGE_CURVE('',#3360,#3366,#1681,.T.);
#4230=EDGE_CURVE('',#3367,#3366,#1682,.T.);
#4231=EDGE_CURVE('',#3361,#3367,#1683,.T.);
#4232=EDGE_CURVE('',#3364,#3367,#1684,.T.);
#4233=EDGE_CURVE('',#3363,#3368,#1685,.T.);
#4234=EDGE_CURVE('',#3355,#3368,#1686,.T.);
#4235=EDGE_CURVE('',#3368,#3369,#1687,.T.);
#4236=EDGE_CURVE('',#3369,#3356,#1688,.T.);
#4237=EDGE_CURVE('',#3362,#3369,#1689,.T.);
#4238=EDGE_CURVE('',#3370,#3371,#1690,.T.);
#4239=EDGE_CURVE('',#3372,#3371,#1142,.T.);
#4240=EDGE_CURVE('',#3373,#3372,#1691,.T.);
#4241=EDGE_CURVE('',#3374,#3373,#1692,.T.);
#4242=EDGE_CURVE('',#3370,#3374,#1693,.T.);
#4243=EDGE_CURVE('',#3370,#3375,#1694,.T.);
#4244=EDGE_CURVE('',#3375,#3376,#1695,.T.);
#4245=EDGE_CURVE('',#3371,#3376,#1696,.T.);
#4246=EDGE_CURVE('',#3377,#3376,#1143,.T.);
#4247=EDGE_CURVE('',#3372,#3377,#1697,.T.);
#4248=EDGE_CURVE('',#3378,#3377,#1698,.T.);
#4249=EDGE_CURVE('',#3373,#3378,#1699,.T.);
#4250=EDGE_CURVE('',#3379,#3378,#1700,.T.);
#4251=EDGE_CURVE('',#3374,#3379,#1701,.T.);
#4252=EDGE_CURVE('',#3375,#3379,#1702,.T.);
#4253=EDGE_CURVE('',#3380,#3381,#1703,.T.);
#4254=EDGE_CURVE('',#3382,#3380,#1704,.T.);
#4255=EDGE_CURVE('',#3383,#3382,#1705,.T.);
#4256=EDGE_CURVE('',#3381,#3383,#1144,.T.);
#4257=EDGE_CURVE('',#3381,#3384,#1706,.T.);
#4258=EDGE_CURVE('',#3385,#3384,#1707,.T.);
#4259=EDGE_CURVE('',#3380,#3385,#1708,.T.);
#4260=EDGE_CURVE('',#3386,#3385,#1709,.T.);
#4261=EDGE_CURVE('',#3382,#3386,#1710,.T.);
#4262=EDGE_CURVE('',#3387,#3386,#1711,.T.);
#4263=EDGE_CURVE('',#3383,#3387,#1712,.T.);
#4264=EDGE_CURVE('',#3384,#3387,#1145,.T.);
#4265=EDGE_CURVE('',#3388,#3389,#1713,.T.);
#4266=EDGE_CURVE('',#3390,#3388,#1714,.T.);
#4267=EDGE_CURVE('',#3391,#3390,#1715,.T.);
#4268=EDGE_CURVE('',#3389,#3391,#1146,.T.);
#4269=EDGE_CURVE('',#3389,#3392,#1716,.T.);
#4270=EDGE_CURVE('',#3393,#3392,#1717,.T.);
#4271=EDGE_CURVE('',#3388,#3393,#1718,.T.);
#4272=EDGE_CURVE('',#3394,#3393,#1719,.T.);
#4273=EDGE_CURVE('',#3390,#3394,#1720,.T.);
#4274=EDGE_CURVE('',#3395,#3394,#1721,.T.);
#4275=EDGE_CURVE('',#3391,#3395,#1722,.T.);
#4276=EDGE_CURVE('',#3392,#3395,#1147,.T.);
#4277=EDGE_CURVE('',#3396,#3397,#1723,.T.);
#4278=EDGE_CURVE('',#3398,#3396,#1724,.T.);
#4279=EDGE_CURVE('',#3399,#3398,#1725,.T.);
#4280=EDGE_CURVE('',#3397,#3399,#1148,.T.);
#4281=EDGE_CURVE('',#3397,#3400,#1726,.T.);
#4282=EDGE_CURVE('',#3401,#3400,#1727,.T.);
#4283=EDGE_CURVE('',#3396,#3401,#1728,.T.);
#4284=EDGE_CURVE('',#3402,#3401,#1729,.T.);
#4285=EDGE_CURVE('',#3398,#3402,#1730,.T.);
#4286=EDGE_CURVE('',#3403,#3402,#1731,.T.);
#4287=EDGE_CURVE('',#3399,#3403,#1732,.T.);
#4288=EDGE_CURVE('',#3400,#3403,#1149,.T.);
#4289=EDGE_CURVE('',#3404,#3405,#1733,.T.);
#4290=EDGE_CURVE('',#3406,#3404,#1734,.T.);
#4291=EDGE_CURVE('',#3407,#3406,#1735,.T.);
#4292=EDGE_CURVE('',#3405,#3407,#1150,.T.);
#4293=EDGE_CURVE('',#3405,#3408,#1736,.T.);
#4294=EDGE_CURVE('',#3409,#3408,#1737,.T.);
#4295=EDGE_CURVE('',#3404,#3409,#1738,.T.);
#4296=EDGE_CURVE('',#3410,#3409,#1739,.T.);
#4297=EDGE_CURVE('',#3406,#3410,#1740,.T.);
#4298=EDGE_CURVE('',#3411,#3410,#1741,.T.);
#4299=EDGE_CURVE('',#3407,#3411,#1742,.T.);
#4300=EDGE_CURVE('',#3408,#3411,#1151,.T.);
#4301=EDGE_CURVE('',#3412,#3413,#1743,.T.);
#4302=EDGE_CURVE('',#3413,#3414,#1744,.T.);
#4303=EDGE_CURVE('',#3414,#3415,#1745,.T.);
#4304=EDGE_CURVE('',#3415,#3416,#1746,.T.);
#4305=EDGE_CURVE('',#3416,#3412,#1152,.T.);
#4306=EDGE_CURVE('',#3417,#3412,#1747,.T.);
#4307=EDGE_CURVE('',#3417,#3418,#1748,.T.);
#4308=EDGE_CURVE('',#3413,#3418,#1749,.T.);
#4309=EDGE_CURVE('',#3418,#3419,#1750,.T.);
#4310=EDGE_CURVE('',#3414,#3419,#1751,.T.);
#4311=EDGE_CURVE('',#3419,#3420,#1752,.T.);
#4312=EDGE_CURVE('',#3415,#3420,#1753,.T.);
#4313=EDGE_CURVE('',#3420,#3421,#1754,.T.);
#4314=EDGE_CURVE('',#3416,#3421,#1755,.T.);
#4315=EDGE_CURVE('',#3421,#3417,#1153,.T.);
#4316=EDGE_CURVE('',#3422,#3423,#1756,.T.);
#4317=EDGE_CURVE('',#3423,#3424,#1154,.T.);
#4318=EDGE_CURVE('',#3424,#3425,#1757,.T.);
#4319=EDGE_CURVE('',#3425,#3422,#1758,.T.);
#4320=EDGE_CURVE('',#3422,#3426,#1759,.T.);
#4321=EDGE_CURVE('',#3426,#3427,#1760,.T.);
#4322=EDGE_CURVE('',#3423,#3427,#1761,.T.);
#4323=EDGE_CURVE('',#3427,#3428,#1155,.T.);
#4324=EDGE_CURVE('',#3424,#3428,#1762,.T.);
#4325=EDGE_CURVE('',#3428,#3429,#1763,.T.);
#4326=EDGE_CURVE('',#3425,#3429,#1764,.T.);
#4327=EDGE_CURVE('',#3429,#3426,#1765,.T.);
#4328=EDGE_CURVE('',#3430,#3431,#1766,.T.);
#4329=EDGE_CURVE('',#3431,#3432,#1156,.T.);
#4330=EDGE_CURVE('',#3432,#3433,#1767,.T.);
#4331=EDGE_CURVE('',#3433,#3430,#1768,.T.);
#4332=EDGE_CURVE('',#3430,#3434,#1769,.T.);
#4333=EDGE_CURVE('',#3434,#3435,#1770,.T.);
#4334=EDGE_CURVE('',#3431,#3435,#1771,.T.);
#4335=EDGE_CURVE('',#3435,#3436,#1157,.T.);
#4336=EDGE_CURVE('',#3432,#3436,#1772,.T.);
#4337=EDGE_CURVE('',#3436,#3437,#1773,.T.);
#4338=EDGE_CURVE('',#3433,#3437,#1774,.T.);
#4339=EDGE_CURVE('',#3437,#3434,#1775,.T.);
#4340=EDGE_CURVE('',#3438,#3439,#1776,.T.);
#4341=EDGE_CURVE('',#3439,#3440,#1158,.T.);
#4342=EDGE_CURVE('',#3440,#3441,#1777,.T.);
#4343=EDGE_CURVE('',#3441,#3438,#1778,.T.);
#4344=EDGE_CURVE('',#3438,#3442,#1779,.T.);
#4345=EDGE_CURVE('',#3442,#3443,#1780,.T.);
#4346=EDGE_CURVE('',#3439,#3443,#1781,.T.);
#4347=EDGE_CURVE('',#3443,#3444,#1159,.T.);
#4348=EDGE_CURVE('',#3440,#3444,#1782,.T.);
#4349=EDGE_CURVE('',#3444,#3445,#1783,.T.);
#4350=EDGE_CURVE('',#3441,#3445,#1784,.T.);
#4351=EDGE_CURVE('',#3445,#3442,#1785,.T.);
#4352=EDGE_CURVE('',#3446,#3447,#1786,.T.);
#4353=EDGE_CURVE('',#3447,#3448,#1160,.T.);
#4354=EDGE_CURVE('',#3448,#3449,#1787,.T.);
#4355=EDGE_CURVE('',#3449,#3446,#1788,.T.);
#4356=EDGE_CURVE('',#3446,#3450,#1789,.T.);
#4357=EDGE_CURVE('',#3450,#3451,#1790,.T.);
#4358=EDGE_CURVE('',#3447,#3451,#1791,.T.);
#4359=EDGE_CURVE('',#3451,#3452,#1161,.T.);
#4360=EDGE_CURVE('',#3448,#3452,#1792,.T.);
#4361=EDGE_CURVE('',#3452,#3453,#1793,.T.);
#4362=EDGE_CURVE('',#3449,#3453,#1794,.T.);
#4363=EDGE_CURVE('',#3453,#3450,#1795,.T.);
#4364=EDGE_CURVE('',#3454,#3455,#1796,.T.);
#4365=EDGE_CURVE('',#3456,#3454,#1797,.T.);
#4366=EDGE_CURVE('',#3457,#3456,#1798,.T.);
#4367=EDGE_CURVE('',#3455,#3457,#1162,.T.);
#4368=EDGE_CURVE('',#3455,#3458,#1799,.T.);
#4369=EDGE_CURVE('',#3459,#3458,#1800,.T.);
#4370=EDGE_CURVE('',#3454,#3459,#1801,.T.);
#4371=EDGE_CURVE('',#3460,#3459,#1802,.T.);
#4372=EDGE_CURVE('',#3456,#3460,#1803,.T.);
#4373=EDGE_CURVE('',#3461,#3460,#1804,.T.);
#4374=EDGE_CURVE('',#3457,#3461,#1805,.T.);
#4375=EDGE_CURVE('',#3458,#3461,#1163,.T.);
#4376=EDGE_CURVE('',#3462,#3463,#1806,.T.);
#4377=EDGE_CURVE('',#3464,#3462,#1807,.T.);
#4378=EDGE_CURVE('',#3465,#3464,#1808,.T.);
#4379=EDGE_CURVE('',#3463,#3465,#1164,.T.);
#4380=EDGE_CURVE('',#3463,#3466,#1809,.T.);
#4381=EDGE_CURVE('',#3467,#3466,#1810,.T.);
#4382=EDGE_CURVE('',#3462,#3467,#1811,.T.);
#4383=EDGE_CURVE('',#3468,#3467,#1812,.T.);
#4384=EDGE_CURVE('',#3464,#3468,#1813,.T.);
#4385=EDGE_CURVE('',#3469,#3468,#1814,.T.);
#4386=EDGE_CURVE('',#3465,#3469,#1815,.T.);
#4387=EDGE_CURVE('',#3466,#3469,#1165,.T.);
#4388=EDGE_CURVE('',#3470,#3471,#1816,.T.);
#4389=EDGE_CURVE('',#3472,#3471,#1817,.T.);
#4390=EDGE_CURVE('',#3473,#3472,#1818,.T.);
#4391=EDGE_CURVE('',#3474,#3473,#1819,.T.);
#4392=EDGE_CURVE('',#3470,#3474,#1166,.T.);
#4393=EDGE_CURVE('',#3470,#3475,#1820,.T.);
#4394=EDGE_CURVE('',#3475,#3476,#1821,.T.);
#4395=EDGE_CURVE('',#3471,#3476,#1822,.T.);
#4396=EDGE_CURVE('',#3477,#3476,#1823,.T.);
#4397=EDGE_CURVE('',#3472,#3477,#1824,.T.);
#4398=EDGE_CURVE('',#3478,#3477,#1825,.T.);
#4399=EDGE_CURVE('',#3473,#3478,#1826,.T.);
#4400=EDGE_CURVE('',#3479,#3478,#1827,.T.);
#4401=EDGE_CURVE('',#3474,#3479,#1828,.T.);
#4402=EDGE_CURVE('',#3475,#3479,#1167,.T.);
#4403=EDGE_CURVE('',#3480,#3481,#1829,.T.);
#4404=EDGE_CURVE('',#3481,#3482,#1168,.T.);
#4405=EDGE_CURVE('',#3482,#3483,#1830,.T.);
#4406=EDGE_CURVE('',#3483,#3480,#1831,.T.);
#4407=EDGE_CURVE('',#3480,#3484,#1832,.T.);
#4408=EDGE_CURVE('',#3484,#3485,#1833,.T.);
#4409=EDGE_CURVE('',#3481,#3485,#1834,.T.);
#4410=EDGE_CURVE('',#3485,#3486,#1169,.T.);
#4411=EDGE_CURVE('',#3482,#3486,#1835,.T.);
#4412=EDGE_CURVE('',#3486,#3487,#1836,.T.);
#4413=EDGE_CURVE('',#3483,#3487,#1837,.T.);
#4414=EDGE_CURVE('',#3487,#3484,#1838,.T.);
#4415=EDGE_CURVE('',#3488,#3489,#1839,.T.);
#4416=EDGE_CURVE('',#3489,#3490,#1170,.T.);
#4417=EDGE_CURVE('',#3490,#3491,#1840,.T.);
#4418=EDGE_CURVE('',#3491,#3488,#1841,.T.);
#4419=EDGE_CURVE('',#3488,#3492,#1842,.T.);
#4420=EDGE_CURVE('',#3492,#3493,#1843,.T.);
#4421=EDGE_CURVE('',#3489,#3493,#1844,.T.);
#4422=EDGE_CURVE('',#3493,#3494,#1171,.T.);
#4423=EDGE_CURVE('',#3490,#3494,#1845,.T.);
#4424=EDGE_CURVE('',#3494,#3495,#1846,.T.);
#4425=EDGE_CURVE('',#3491,#3495,#1847,.T.);
#4426=EDGE_CURVE('',#3495,#3492,#1848,.T.);
#4427=EDGE_CURVE('',#3496,#3497,#1849,.T.);
#4428=EDGE_CURVE('',#3497,#3498,#1172,.T.);
#4429=EDGE_CURVE('',#3498,#3499,#1850,.T.);
#4430=EDGE_CURVE('',#3499,#3500,#1851,.T.);
#4431=EDGE_CURVE('',#3500,#3496,#1852,.T.);
#4432=EDGE_CURVE('',#3496,#3501,#1853,.T.);
#4433=EDGE_CURVE('',#3501,#3502,#1854,.T.);
#4434=EDGE_CURVE('',#3502,#3497,#1855,.T.);
#4435=EDGE_CURVE('',#3502,#3503,#1173,.T.);
#4436=EDGE_CURVE('',#3498,#3503,#1856,.T.);
#4437=EDGE_CURVE('',#3503,#3504,#1857,.T.);
#4438=EDGE_CURVE('',#3499,#3504,#1858,.T.);
#4439=EDGE_CURVE('',#3504,#3505,#1859,.T.);
#4440=EDGE_CURVE('',#3500,#3505,#1860,.T.);
#4441=EDGE_CURVE('',#3505,#3501,#1861,.T.);
#4442=EDGE_CURVE('',#3506,#3507,#1862,.T.);
#4443=EDGE_CURVE('',#3508,#3507,#1863,.T.);
#4444=EDGE_CURVE('',#3509,#3508,#1864,.T.);
#4445=EDGE_CURVE('',#3510,#3509,#1865,.T.);
#4446=EDGE_CURVE('',#3506,#3510,#1174,.T.);
#4447=EDGE_CURVE('',#3506,#3511,#1866,.T.);
#4448=EDGE_CURVE('',#3511,#3512,#1867,.T.);
#4449=EDGE_CURVE('',#3507,#3512,#1868,.T.);
#4450=EDGE_CURVE('',#3513,#3512,#1869,.T.);
#4451=EDGE_CURVE('',#3508,#3513,#1870,.T.);
#4452=EDGE_CURVE('',#3514,#3513,#1871,.T.);
#4453=EDGE_CURVE('',#3509,#3514,#1872,.T.);
#4454=EDGE_CURVE('',#3515,#3514,#1873,.T.);
#4455=EDGE_CURVE('',#3510,#3515,#1874,.T.);
#4456=EDGE_CURVE('',#3511,#3515,#1175,.T.);
#4457=EDGE_CURVE('',#3516,#3517,#1875,.T.);
#4458=EDGE_CURVE('',#3518,#3516,#1876,.T.);
#4459=EDGE_CURVE('',#3519,#3518,#1877,.T.);
#4460=EDGE_CURVE('',#3517,#3519,#1176,.T.);
#4461=EDGE_CURVE('',#3517,#3520,#1878,.T.);
#4462=EDGE_CURVE('',#3521,#3520,#1879,.T.);
#4463=EDGE_CURVE('',#3516,#3521,#1880,.T.);
#4464=EDGE_CURVE('',#3522,#3521,#1881,.T.);
#4465=EDGE_CURVE('',#3518,#3522,#1882,.T.);
#4466=EDGE_CURVE('',#3523,#3522,#1883,.T.);
#4467=EDGE_CURVE('',#3519,#3523,#1884,.T.);
#4468=EDGE_CURVE('',#3520,#3523,#1177,.T.);
#4469=EDGE_CURVE('',#3524,#3525,#1885,.T.);
#4470=EDGE_CURVE('',#3526,#3524,#1886,.T.);
#4471=EDGE_CURVE('',#3527,#3526,#1887,.T.);
#4472=EDGE_CURVE('',#3525,#3527,#1178,.T.);
#4473=EDGE_CURVE('',#3525,#3528,#1888,.T.);
#4474=EDGE_CURVE('',#3529,#3528,#1889,.T.);
#4475=EDGE_CURVE('',#3524,#3529,#1890,.T.);
#4476=EDGE_CURVE('',#3530,#3529,#1891,.T.);
#4477=EDGE_CURVE('',#3526,#3530,#1892,.T.);
#4478=EDGE_CURVE('',#3531,#3530,#1893,.T.);
#4479=EDGE_CURVE('',#3527,#3531,#1894,.T.);
#4480=EDGE_CURVE('',#3528,#3531,#1179,.T.);
#4481=EDGE_CURVE('',#3532,#3533,#1895,.T.);
#4482=EDGE_CURVE('',#3534,#3532,#1896,.T.);
#4483=EDGE_CURVE('',#3535,#3534,#1897,.T.);
#4484=EDGE_CURVE('',#3533,#3535,#1180,.T.);
#4485=EDGE_CURVE('',#3533,#3536,#1898,.T.);
#4486=EDGE_CURVE('',#3537,#3536,#1899,.T.);
#4487=EDGE_CURVE('',#3532,#3537,#1900,.T.);
#4488=EDGE_CURVE('',#3538,#3537,#1901,.T.);
#4489=EDGE_CURVE('',#3534,#3538,#1902,.T.);
#4490=EDGE_CURVE('',#3539,#3538,#1903,.T.);
#4491=EDGE_CURVE('',#3535,#3539,#1904,.T.);
#4492=EDGE_CURVE('',#3536,#3539,#1181,.T.);
#4493=EDGE_CURVE('',#3540,#3541,#1905,.T.);
#4494=EDGE_CURVE('',#3542,#3540,#1906,.T.);
#4495=EDGE_CURVE('',#3543,#3542,#1907,.T.);
#4496=EDGE_CURVE('',#3541,#3543,#1182,.T.);
#4497=EDGE_CURVE('',#3541,#3544,#1908,.T.);
#4498=EDGE_CURVE('',#3545,#3544,#1909,.T.);
#4499=EDGE_CURVE('',#3540,#3545,#1910,.T.);
#4500=EDGE_CURVE('',#3546,#3545,#1911,.T.);
#4501=EDGE_CURVE('',#3542,#3546,#1912,.T.);
#4502=EDGE_CURVE('',#3547,#3546,#1913,.T.);
#4503=EDGE_CURVE('',#3543,#3547,#1914,.T.);
#4504=EDGE_CURVE('',#3544,#3547,#1183,.T.);
#4505=EDGE_CURVE('',#3548,#3549,#1915,.T.);
#4506=EDGE_CURVE('',#3550,#3548,#1916,.T.);
#4507=EDGE_CURVE('',#3551,#3550,#1917,.T.);
#4508=EDGE_CURVE('',#3549,#3551,#1184,.T.);
#4509=EDGE_CURVE('',#3549,#3552,#1918,.T.);
#4510=EDGE_CURVE('',#3553,#3552,#1919,.T.);
#4511=EDGE_CURVE('',#3548,#3553,#1920,.T.);
#4512=EDGE_CURVE('',#3554,#3553,#1921,.T.);
#4513=EDGE_CURVE('',#3550,#3554,#1922,.T.);
#4514=EDGE_CURVE('',#3555,#3554,#1923,.T.);
#4515=EDGE_CURVE('',#3551,#3555,#1924,.T.);
#4516=EDGE_CURVE('',#3552,#3555,#1185,.T.);
#4517=EDGE_CURVE('',#3556,#3557,#1925,.T.);
#4518=EDGE_CURVE('',#3558,#3556,#1926,.T.);
#4519=EDGE_CURVE('',#3559,#3558,#1927,.T.);
#4520=EDGE_CURVE('',#3557,#3559,#1186,.T.);
#4521=EDGE_CURVE('',#3557,#3560,#1928,.T.);
#4522=EDGE_CURVE('',#3561,#3560,#1929,.T.);
#4523=EDGE_CURVE('',#3556,#3561,#1930,.T.);
#4524=EDGE_CURVE('',#3562,#3561,#1931,.T.);
#4525=EDGE_CURVE('',#3558,#3562,#1932,.T.);
#4526=EDGE_CURVE('',#3563,#3562,#1933,.T.);
#4527=EDGE_CURVE('',#3559,#3563,#1934,.T.);
#4528=EDGE_CURVE('',#3560,#3563,#1187,.T.);
#4529=EDGE_CURVE('',#3564,#3565,#1935,.T.);
#4530=EDGE_CURVE('',#3566,#3565,#1188,.T.);
#4531=EDGE_CURVE('',#3567,#3566,#1936,.T.);
#4532=EDGE_CURVE('',#3568,#3567,#1937,.T.);
#4533=EDGE_CURVE('',#3564,#3568,#1938,.T.);
#4534=EDGE_CURVE('',#3564,#3569,#1939,.T.);
#4535=EDGE_CURVE('',#3569,#3570,#1940,.T.);
#4536=EDGE_CURVE('',#3565,#3570,#1941,.T.);
#4537=EDGE_CURVE('',#3571,#3570,#1189,.T.);
#4538=EDGE_CURVE('',#3566,#3571,#1942,.T.);
#4539=EDGE_CURVE('',#3572,#3571,#1943,.T.);
#4540=EDGE_CURVE('',#3567,#3572,#1944,.T.);
#4541=EDGE_CURVE('',#3573,#3572,#1945,.T.);
#4542=EDGE_CURVE('',#3568,#3573,#1946,.T.);
#4543=EDGE_CURVE('',#3569,#3573,#1947,.T.);
#4544=EDGE_CURVE('',#3574,#3575,#1948,.T.);
#4545=EDGE_CURVE('',#3575,#3576,#1190,.T.);
#4546=EDGE_CURVE('',#3576,#3577,#1949,.T.);
#4547=EDGE_CURVE('',#3577,#3578,#1950,.T.);
#4548=EDGE_CURVE('',#3578,#3574,#1951,.T.);
#4549=EDGE_CURVE('',#3574,#3579,#1952,.T.);
#4550=EDGE_CURVE('',#3579,#3580,#1953,.T.);
#4551=EDGE_CURVE('',#3580,#3575,#1954,.T.);
#4552=EDGE_CURVE('',#3580,#3581,#1191,.T.);
#4553=EDGE_CURVE('',#3576,#3581,#1955,.T.);
#4554=EDGE_CURVE('',#3581,#3582,#1956,.T.);
#4555=EDGE_CURVE('',#3577,#3582,#1957,.T.);
#4556=EDGE_CURVE('',#3582,#3583,#1958,.T.);
#4557=EDGE_CURVE('',#3578,#3583,#1959,.T.);
#4558=EDGE_CURVE('',#3583,#3579,#1960,.T.);
#4559=EDGE_CURVE('',#3584,#3585,#1961,.T.);
#4560=EDGE_CURVE('',#3585,#3586,#1192,.T.);
#4561=EDGE_CURVE('',#3586,#3587,#1962,.T.);
#4562=EDGE_CURVE('',#3587,#3584,#1963,.T.);
#4563=EDGE_CURVE('',#3584,#3588,#1964,.T.);
#4564=EDGE_CURVE('',#3588,#3589,#1965,.T.);
#4565=EDGE_CURVE('',#3585,#3589,#1966,.T.);
#4566=EDGE_CURVE('',#3589,#3590,#1193,.T.);
#4567=EDGE_CURVE('',#3586,#3590,#1967,.T.);
#4568=EDGE_CURVE('',#3590,#3591,#1968,.T.);
#4569=EDGE_CURVE('',#3587,#3591,#1969,.T.);
#4570=EDGE_CURVE('',#3591,#3588,#1970,.T.);
#4571=EDGE_CURVE('',#3592,#3593,#1971,.T.);
#4572=EDGE_CURVE('',#3593,#3594,#1194,.T.);
#4573=EDGE_CURVE('',#3594,#3595,#1972,.T.);
#4574=EDGE_CURVE('',#3595,#3592,#1973,.T.);
#4575=EDGE_CURVE('',#3592,#3596,#1974,.T.);
#4576=EDGE_CURVE('',#3596,#3597,#1975,.T.);
#4577=EDGE_CURVE('',#3593,#3597,#1976,.T.);
#4578=EDGE_CURVE('',#3597,#3598,#1195,.T.);
#4579=EDGE_CURVE('',#3594,#3598,#1977,.T.);
#4580=EDGE_CURVE('',#3598,#3599,#1978,.T.);
#4581=EDGE_CURVE('',#3595,#3599,#1979,.T.);
#4582=EDGE_CURVE('',#3599,#3596,#1980,.T.);
#4583=EDGE_CURVE('',#3600,#3601,#1981,.T.);
#4584=EDGE_CURVE('',#3601,#3602,#1196,.T.);
#4585=EDGE_CURVE('',#3602,#3603,#1982,.T.);
#4586=EDGE_CURVE('',#3603,#3600,#1983,.T.);
#4587=EDGE_CURVE('',#3600,#3604,#1984,.T.);
#4588=EDGE_CURVE('',#3604,#3605,#1985,.T.);
#4589=EDGE_CURVE('',#3601,#3605,#1986,.T.);
#4590=EDGE_CURVE('',#3605,#3606,#1197,.T.);
#4591=EDGE_CURVE('',#3602,#3606,#1987,.T.);
#4592=EDGE_CURVE('',#3606,#3607,#1988,.T.);
#4593=EDGE_CURVE('',#3603,#3607,#1989,.T.);
#4594=EDGE_CURVE('',#3607,#3604,#1990,.T.);
#4595=EDGE_CURVE('',#3608,#3609,#1991,.T.);
#4596=EDGE_CURVE('',#3609,#3610,#1198,.T.);
#4597=EDGE_CURVE('',#3610,#3611,#1992,.T.);
#4598=EDGE_CURVE('',#3611,#3608,#1993,.T.);
#4599=EDGE_CURVE('',#3608,#3612,#1994,.T.);
#4600=EDGE_CURVE('',#3612,#3613,#1995,.T.);
#4601=EDGE_CURVE('',#3609,#3613,#1996,.T.);
#4602=EDGE_CURVE('',#3613,#3614,#1199,.T.);
#4603=EDGE_CURVE('',#3610,#3614,#1997,.T.);
#4604=EDGE_CURVE('',#3614,#3615,#1998,.T.);
#4605=EDGE_CURVE('',#3611,#3615,#1999,.T.);
#4606=EDGE_CURVE('',#3615,#3612,#2000,.T.);
#4607=EDGE_CURVE('',#3616,#3617,#2001,.T.);
#4608=EDGE_CURVE('',#3617,#3618,#1200,.T.);
#4609=EDGE_CURVE('',#3618,#3619,#2002,.T.);
#4610=EDGE_CURVE('',#3619,#3616,#2003,.T.);
#4611=EDGE_CURVE('',#3616,#3620,#2004,.T.);
#4612=EDGE_CURVE('',#3620,#3621,#2005,.T.);
#4613=EDGE_CURVE('',#3617,#3621,#2006,.T.);
#4614=EDGE_CURVE('',#3621,#3622,#1201,.T.);
#4615=EDGE_CURVE('',#3618,#3622,#2007,.T.);
#4616=EDGE_CURVE('',#3622,#3623,#2008,.T.);
#4617=EDGE_CURVE('',#3619,#3623,#2009,.T.);
#4618=EDGE_CURVE('',#3623,#3620,#2010,.T.);
#4619=EDGE_CURVE('',#3624,#3625,#2011,.T.);
#4620=EDGE_CURVE('',#3625,#3626,#1202,.T.);
#4621=EDGE_CURVE('',#3626,#3627,#2012,.T.);
#4622=EDGE_CURVE('',#3627,#3624,#2013,.T.);
#4623=EDGE_CURVE('',#3624,#3628,#2014,.T.);
#4624=EDGE_CURVE('',#3628,#3629,#2015,.T.);
#4625=EDGE_CURVE('',#3625,#3629,#2016,.T.);
#4626=EDGE_CURVE('',#3629,#3630,#1203,.T.);
#4627=EDGE_CURVE('',#3626,#3630,#2017,.T.);
#4628=EDGE_CURVE('',#3630,#3631,#2018,.T.);
#4629=EDGE_CURVE('',#3627,#3631,#2019,.T.);
#4630=EDGE_CURVE('',#3631,#3628,#2020,.T.);
#4631=EDGE_CURVE('',#3632,#3633,#2021,.T.);
#4632=EDGE_CURVE('',#3633,#3634,#2022,.T.);
#4633=EDGE_CURVE('',#3634,#3635,#2023,.T.);
#4634=EDGE_CURVE('',#3635,#3636,#2024,.T.);
#4635=EDGE_CURVE('',#3636,#3632,#1204,.T.);
#4636=EDGE_CURVE('',#3637,#3632,#2025,.T.);
#4637=EDGE_CURVE('',#3637,#3638,#2026,.T.);
#4638=EDGE_CURVE('',#3633,#3638,#2027,.T.);
#4639=EDGE_CURVE('',#3638,#3639,#2028,.T.);
#4640=EDGE_CURVE('',#3634,#3639,#2029,.T.);
#4641=EDGE_CURVE('',#3639,#3640,#2030,.T.);
#4642=EDGE_CURVE('',#3635,#3640,#2031,.T.);
#4643=EDGE_CURVE('',#3640,#3641,#2032,.T.);
#4644=EDGE_CURVE('',#3636,#3641,#2033,.T.);
#4645=EDGE_CURVE('',#3641,#3637,#1205,.T.);
#4646=EDGE_CURVE('',#3642,#3643,#2034,.T.);
#4647=EDGE_CURVE('',#3644,#3642,#2035,.T.);
#4648=EDGE_CURVE('',#3645,#3644,#2036,.T.);
#4649=EDGE_CURVE('',#3646,#3645,#2037,.T.);
#4650=EDGE_CURVE('',#3647,#3646,#2038,.T.);
#4651=EDGE_CURVE('',#3643,#3647,#2039,.T.);
#4652=EDGE_CURVE('',#3643,#3648,#2040,.T.);
#4653=EDGE_CURVE('',#3649,#3648,#2041,.T.);
#4654=EDGE_CURVE('',#3642,#3649,#2042,.T.);
#4655=EDGE_CURVE('',#3650,#3649,#2043,.T.);
#4656=EDGE_CURVE('',#3644,#3650,#2044,.T.);
#4657=EDGE_CURVE('',#3651,#3650,#2045,.T.);
#4658=EDGE_CURVE('',#3645,#3651,#2046,.T.);
#4659=EDGE_CURVE('',#3652,#3651,#2047,.T.);
#4660=EDGE_CURVE('',#3646,#3652,#2048,.T.);
#4661=EDGE_CURVE('',#3653,#3652,#2049,.T.);
#4662=EDGE_CURVE('',#3647,#3653,#2050,.T.);
#4663=EDGE_CURVE('',#3648,#3653,#2051,.T.);
#4664=EDGE_CURVE('',#3654,#3655,#2052,.T.);
#4665=EDGE_CURVE('',#3656,#3654,#2053,.T.);
#4666=EDGE_CURVE('',#3657,#3656,#2054,.T.);
#4667=EDGE_CURVE('',#3658,#3657,#2055,.T.);
#4668=EDGE_CURVE('',#3659,#3658,#2056,.T.);
#4669=EDGE_CURVE('',#3655,#3659,#2057,.T.);
#4670=EDGE_CURVE('',#3655,#3660,#2058,.T.);
#4671=EDGE_CURVE('',#3661,#3660,#2059,.T.);
#4672=EDGE_CURVE('',#3654,#3661,#2060,.T.);
#4673=EDGE_CURVE('',#3662,#3661,#2061,.T.);
#4674=EDGE_CURVE('',#3656,#3662,#2062,.T.);
#4675=EDGE_CURVE('',#3663,#3662,#2063,.T.);
#4676=EDGE_CURVE('',#3657,#3663,#2064,.T.);
#4677=EDGE_CURVE('',#3664,#3663,#2065,.T.);
#4678=EDGE_CURVE('',#3658,#3664,#2066,.T.);
#4679=EDGE_CURVE('',#3665,#3664,#2067,.T.);
#4680=EDGE_CURVE('',#3659,#3665,#2068,.T.);
#4681=EDGE_CURVE('',#3660,#3665,#2069,.T.);
#4682=EDGE_CURVE('',#3666,#3667,#2070,.T.);
#4683=EDGE_CURVE('',#3668,#3666,#2071,.T.);
#4684=EDGE_CURVE('',#3669,#3668,#2072,.T.);
#4685=EDGE_CURVE('',#3670,#3669,#2073,.T.);
#4686=EDGE_CURVE('',#3671,#3670,#2074,.T.);
#4687=EDGE_CURVE('',#3667,#3671,#2075,.T.);
#4688=EDGE_CURVE('',#3667,#3672,#2076,.T.);
#4689=EDGE_CURVE('',#3673,#3672,#2077,.T.);
#4690=EDGE_CURVE('',#3666,#3673,#2078,.T.);
#4691=EDGE_CURVE('',#3674,#3673,#2079,.T.);
#4692=EDGE_CURVE('',#3668,#3674,#2080,.T.);
#4693=EDGE_CURVE('',#3675,#3674,#2081,.T.);
#4694=EDGE_CURVE('',#3669,#3675,#2082,.T.);
#4695=EDGE_CURVE('',#3676,#3675,#2083,.T.);
#4696=EDGE_CURVE('',#3670,#3676,#2084,.T.);
#4697=EDGE_CURVE('',#3677,#3676,#2085,.T.);
#4698=EDGE_CURVE('',#3671,#3677,#2086,.T.);
#4699=EDGE_CURVE('',#3672,#3677,#2087,.T.);
#4700=EDGE_CURVE('',#3678,#3679,#2088,.T.);
#4701=EDGE_CURVE('',#3680,#3678,#2089,.T.);
#4702=EDGE_CURVE('',#3681,#3680,#2090,.T.);
#4703=EDGE_CURVE('',#3682,#3681,#2091,.T.);
#4704=EDGE_CURVE('',#3683,#3682,#2092,.T.);
#4705=EDGE_CURVE('',#3679,#3683,#2093,.T.);
#4706=EDGE_CURVE('',#3679,#3684,#2094,.T.);
#4707=EDGE_CURVE('',#3685,#3684,#2095,.T.);
#4708=EDGE_CURVE('',#3678,#3685,#2096,.T.);
#4709=EDGE_CURVE('',#3686,#3685,#2097,.T.);
#4710=EDGE_CURVE('',#3680,#3686,#2098,.T.);
#4711=EDGE_CURVE('',#3687,#3686,#2099,.T.);
#4712=EDGE_CURVE('',#3681,#3687,#2100,.T.);
#4713=EDGE_CURVE('',#3688,#3687,#2101,.T.);
#4714=EDGE_CURVE('',#3682,#3688,#2102,.T.);
#4715=EDGE_CURVE('',#3689,#3688,#2103,.T.);
#4716=EDGE_CURVE('',#3683,#3689,#2104,.T.);
#4717=EDGE_CURVE('',#3684,#3689,#2105,.T.);
#4718=EDGE_CURVE('',#3690,#3690,#1206,.T.);
#4719=EDGE_CURVE('',#3690,#3691,#2106,.T.);
#4720=EDGE_CURVE('',#3691,#3691,#1207,.T.);
#4721=ORIENTED_EDGE('',*,*,#3692,.T.);
#4722=ORIENTED_EDGE('',*,*,#3693,.F.);
#4723=ORIENTED_EDGE('',*,*,#3694,.T.);
#4724=ORIENTED_EDGE('',*,*,#3695,.F.);
#4725=ORIENTED_EDGE('',*,*,#3696,.F.);
#4726=ORIENTED_EDGE('',*,*,#3697,.T.);
#4727=ORIENTED_EDGE('',*,*,#3698,.T.);
#4728=ORIENTED_EDGE('',*,*,#3699,.F.);
#4729=ORIENTED_EDGE('',*,*,#3700,.F.);
#4730=ORIENTED_EDGE('',*,*,#3701,.T.);
#4731=ORIENTED_EDGE('',*,*,#3702,.T.);
#4732=ORIENTED_EDGE('',*,*,#3703,.F.);
#4733=ORIENTED_EDGE('',*,*,#3704,.F.);
#4734=ORIENTED_EDGE('',*,*,#3705,.T.);
#4735=ORIENTED_EDGE('',*,*,#3706,.T.);
#4736=ORIENTED_EDGE('',*,*,#3707,.F.);
#4737=ORIENTED_EDGE('',*,*,#3708,.F.);
#4738=ORIENTED_EDGE('',*,*,#3709,.T.);
#4739=ORIENTED_EDGE('',*,*,#3710,.T.);
#4740=ORIENTED_EDGE('',*,*,#3711,.F.);
#4741=ORIENTED_EDGE('',*,*,#3712,.F.);
#4742=ORIENTED_EDGE('',*,*,#3713,.T.);
#4743=ORIENTED_EDGE('',*,*,#3714,.T.);
#4744=ORIENTED_EDGE('',*,*,#3715,.F.);
#4745=ORIENTED_EDGE('',*,*,#3716,.F.);
#4746=ORIENTED_EDGE('',*,*,#3717,.T.);
#4747=ORIENTED_EDGE('',*,*,#3718,.T.);
#4748=ORIENTED_EDGE('',*,*,#3719,.F.);
#4749=ORIENTED_EDGE('',*,*,#3720,.F.);
#4750=ORIENTED_EDGE('',*,*,#3721,.T.);
#4751=ORIENTED_EDGE('',*,*,#3722,.T.);
#4752=ORIENTED_EDGE('',*,*,#3723,.F.);
#4753=ORIENTED_EDGE('',*,*,#3724,.F.);
#4754=ORIENTED_EDGE('',*,*,#3725,.F.);
#4755=ORIENTED_EDGE('',*,*,#3726,.F.);
#4756=ORIENTED_EDGE('',*,*,#3727,.T.);
#4757=ORIENTED_EDGE('',*,*,#3728,.F.);
#4758=ORIENTED_EDGE('',*,*,#3729,.T.);
#4759=ORIENTED_EDGE('',*,*,#3730,.F.);
#4760=ORIENTED_EDGE('',*,*,#3731,.F.);
#4761=ORIENTED_EDGE('',*,*,#3732,.T.);
#4762=ORIENTED_EDGE('',*,*,#3733,.T.);
#4763=ORIENTED_EDGE('',*,*,#3734,.F.);
#4764=ORIENTED_EDGE('',*,*,#3735,.F.);
#4765=ORIENTED_EDGE('',*,*,#3736,.T.);
#4766=ORIENTED_EDGE('',*,*,#3737,.T.);
#4767=ORIENTED_EDGE('',*,*,#3738,.F.);
#4768=ORIENTED_EDGE('',*,*,#3739,.F.);
#4769=ORIENTED_EDGE('',*,*,#3740,.T.);
#4770=ORIENTED_EDGE('',*,*,#3741,.T.);
#4771=ORIENTED_EDGE('',*,*,#3742,.F.);
#4772=ORIENTED_EDGE('',*,*,#3743,.F.);
#4773=ORIENTED_EDGE('',*,*,#3744,.T.);
#4774=ORIENTED_EDGE('',*,*,#3745,.T.);
#4775=ORIENTED_EDGE('',*,*,#3746,.F.);
#4776=ORIENTED_EDGE('',*,*,#3747,.F.);
#4777=ORIENTED_EDGE('',*,*,#3748,.T.);
#4778=ORIENTED_EDGE('',*,*,#3749,.T.);
#4779=ORIENTED_EDGE('',*,*,#3750,.F.);
#4780=ORIENTED_EDGE('',*,*,#3751,.F.);
#4781=ORIENTED_EDGE('',*,*,#3752,.T.);
#4782=ORIENTED_EDGE('',*,*,#3753,.T.);
#4783=ORIENTED_EDGE('',*,*,#3754,.F.);
#4784=ORIENTED_EDGE('',*,*,#3755,.F.);
#4785=ORIENTED_EDGE('',*,*,#3756,.T.);
#4786=ORIENTED_EDGE('',*,*,#3757,.T.);
#4787=ORIENTED_EDGE('',*,*,#3758,.F.);
#4788=ORIENTED_EDGE('',*,*,#3759,.F.);
#4789=ORIENTED_EDGE('',*,*,#3760,.F.);
#4790=ORIENTED_EDGE('',*,*,#3761,.F.);
#4791=ORIENTED_EDGE('',*,*,#3762,.T.);
#4792=ORIENTED_EDGE('',*,*,#3763,.F.);
#4793=ORIENTED_EDGE('',*,*,#3764,.F.);
#4794=ORIENTED_EDGE('',*,*,#3765,.F.);
#4795=ORIENTED_EDGE('',*,*,#3766,.F.);
#4796=ORIENTED_EDGE('',*,*,#3767,.T.);
#4797=ORIENTED_EDGE('',*,*,#3768,.F.);
#4798=ORIENTED_EDGE('',*,*,#3769,.F.);
#4799=ORIENTED_EDGE('',*,*,#3770,.F.);
#4800=ORIENTED_EDGE('',*,*,#3771,.T.);
#4801=ORIENTED_EDGE('',*,*,#3772,.F.);
#4802=ORIENTED_EDGE('',*,*,#3773,.F.);
#4803=ORIENTED_EDGE('',*,*,#3774,.F.);
#4804=ORIENTED_EDGE('',*,*,#3775,.T.);
#4805=ORIENTED_EDGE('',*,*,#3776,.F.);
#4806=ORIENTED_EDGE('',*,*,#3777,.F.);
#4807=ORIENTED_EDGE('',*,*,#3778,.F.);
#4808=ORIENTED_EDGE('',*,*,#3779,.T.);
#4809=ORIENTED_EDGE('',*,*,#3780,.F.);
#4810=ORIENTED_EDGE('',*,*,#3781,.F.);
#4811=ORIENTED_EDGE('',*,*,#3782,.F.);
#4812=ORIENTED_EDGE('',*,*,#3783,.T.);
#4813=ORIENTED_EDGE('',*,*,#3784,.F.);
#4814=ORIENTED_EDGE('',*,*,#3785,.F.);
#4815=ORIENTED_EDGE('',*,*,#3786,.F.);
#4816=ORIENTED_EDGE('',*,*,#3787,.T.);
#4817=ORIENTED_EDGE('',*,*,#3788,.F.);
#4818=ORIENTED_EDGE('',*,*,#3789,.F.);
#4819=ORIENTED_EDGE('',*,*,#3790,.F.);
#4820=ORIENTED_EDGE('',*,*,#3791,.T.);
#4821=ORIENTED_EDGE('',*,*,#3792,.F.);
#4822=ORIENTED_EDGE('',*,*,#3793,.F.);
#4823=ORIENTED_EDGE('',*,*,#3794,.F.);
#4824=ORIENTED_EDGE('',*,*,#3795,.F.);
#4825=ORIENTED_EDGE('',*,*,#3796,.F.);
#4826=ORIENTED_EDGE('',*,*,#3797,.T.);
#4827=ORIENTED_EDGE('',*,*,#3798,.F.);
#4828=ORIENTED_EDGE('',*,*,#3799,.F.);
#4829=ORIENTED_EDGE('',*,*,#3800,.F.);
#4830=ORIENTED_EDGE('',*,*,#3801,.F.);
#4831=ORIENTED_EDGE('',*,*,#3802,.T.);
#4832=ORIENTED_EDGE('',*,*,#3803,.F.);
#4833=ORIENTED_EDGE('',*,*,#3804,.F.);
#4834=ORIENTED_EDGE('',*,*,#3805,.F.);
#4835=ORIENTED_EDGE('',*,*,#3806,.T.);
#4836=ORIENTED_EDGE('',*,*,#3807,.F.);
#4837=ORIENTED_EDGE('',*,*,#3808,.F.);
#4838=ORIENTED_EDGE('',*,*,#3809,.F.);
#4839=ORIENTED_EDGE('',*,*,#3810,.T.);
#4840=ORIENTED_EDGE('',*,*,#3811,.F.);
#4841=ORIENTED_EDGE('',*,*,#3812,.F.);
#4842=ORIENTED_EDGE('',*,*,#3813,.F.);
#4843=ORIENTED_EDGE('',*,*,#3814,.T.);
#4844=ORIENTED_EDGE('',*,*,#3815,.F.);
#4845=ORIENTED_EDGE('',*,*,#3816,.F.);
#4846=ORIENTED_EDGE('',*,*,#3817,.F.);
#4847=ORIENTED_EDGE('',*,*,#3818,.T.);
#4848=ORIENTED_EDGE('',*,*,#3819,.F.);
#4849=ORIENTED_EDGE('',*,*,#3820,.F.);
#4850=ORIENTED_EDGE('',*,*,#3821,.F.);
#4851=ORIENTED_EDGE('',*,*,#3822,.T.);
#4852=ORIENTED_EDGE('',*,*,#3823,.F.);
#4853=ORIENTED_EDGE('',*,*,#3824,.F.);
#4854=ORIENTED_EDGE('',*,*,#3825,.F.);
#4855=ORIENTED_EDGE('',*,*,#3826,.T.);
#4856=ORIENTED_EDGE('',*,*,#3827,.F.);
#4857=ORIENTED_EDGE('',*,*,#3828,.F.);
#4858=ORIENTED_EDGE('',*,*,#3829,.F.);
#4859=ORIENTED_EDGE('',*,*,#3830,.F.);
#4860=ORIENTED_EDGE('',*,*,#3831,.F.);
#4861=ORIENTED_EDGE('',*,*,#3832,.F.);
#4862=ORIENTED_EDGE('',*,*,#3833,.T.);
#4863=ORIENTED_EDGE('',*,*,#3834,.F.);
#4864=ORIENTED_EDGE('',*,*,#3835,.F.);
#4865=ORIENTED_EDGE('',*,*,#3836,.F.);
#4866=ORIENTED_EDGE('',*,*,#3832,.T.);
#4867=ORIENTED_EDGE('',*,*,#3837,.F.);
#4868=ORIENTED_EDGE('',*,*,#3838,.F.);
#4869=ORIENTED_EDGE('',*,*,#3839,.F.);
#4870=ORIENTED_EDGE('',*,*,#3833,.F.);
#4871=ORIENTED_EDGE('',*,*,#3839,.T.);
#4872=ORIENTED_EDGE('',*,*,#3840,.T.);
#4873=ORIENTED_EDGE('',*,*,#3841,.F.);
#4874=ORIENTED_EDGE('',*,*,#3834,.T.);
#4875=ORIENTED_EDGE('',*,*,#3841,.T.);
#4876=ORIENTED_EDGE('',*,*,#3842,.F.);
#4877=ORIENTED_EDGE('',*,*,#3843,.T.);
#4878=ORIENTED_EDGE('',*,*,#3835,.T.);
#4879=ORIENTED_EDGE('',*,*,#3843,.F.);
#4880=ORIENTED_EDGE('',*,*,#3844,.F.);
#4881=ORIENTED_EDGE('',*,*,#3845,.T.);
#4882=ORIENTED_EDGE('',*,*,#3836,.T.);
#4883=ORIENTED_EDGE('',*,*,#3845,.F.);
#4884=ORIENTED_EDGE('',*,*,#3846,.F.);
#4885=ORIENTED_EDGE('',*,*,#3837,.T.);
#4886=ORIENTED_EDGE('',*,*,#3847,.T.);
#4887=ORIENTED_EDGE('',*,*,#3848,.T.);
#4888=ORIENTED_EDGE('',*,*,#3849,.T.);
#4889=ORIENTED_EDGE('',*,*,#3850,.T.);
#4890=ORIENTED_EDGE('',*,*,#3842,.T.);
#4891=ORIENTED_EDGE('',*,*,#3840,.F.);
#4892=ORIENTED_EDGE('',*,*,#3838,.T.);
#4893=ORIENTED_EDGE('',*,*,#3846,.T.);
#4894=ORIENTED_EDGE('',*,*,#3844,.T.);
#4895=ORIENTED_EDGE('',*,*,#3847,.F.);
#4896=ORIENTED_EDGE('',*,*,#3851,.T.);
#4897=ORIENTED_EDGE('',*,*,#3852,.T.);
#4898=ORIENTED_EDGE('',*,*,#3853,.F.);
#4899=ORIENTED_EDGE('',*,*,#3848,.F.);
#4900=ORIENTED_EDGE('',*,*,#3853,.T.);
#4901=ORIENTED_EDGE('',*,*,#3854,.T.);
#4902=ORIENTED_EDGE('',*,*,#3855,.F.);
#4903=ORIENTED_EDGE('',*,*,#3849,.F.);
#4904=ORIENTED_EDGE('',*,*,#3855,.T.);
#4905=ORIENTED_EDGE('',*,*,#3856,.T.);
#4906=ORIENTED_EDGE('',*,*,#3857,.F.);
#4907=ORIENTED_EDGE('',*,*,#3850,.F.);
#4908=ORIENTED_EDGE('',*,*,#3857,.T.);
#4909=ORIENTED_EDGE('',*,*,#3858,.T.);
#4910=ORIENTED_EDGE('',*,*,#3851,.F.);
#4911=ORIENTED_EDGE('',*,*,#3852,.F.);
#4912=ORIENTED_EDGE('',*,*,#3858,.F.);
#4913=ORIENTED_EDGE('',*,*,#3856,.F.);
#4914=ORIENTED_EDGE('',*,*,#3854,.F.);
#4915=ORIENTED_EDGE('',*,*,#3859,.T.);
#4916=ORIENTED_EDGE('',*,*,#3860,.T.);
#4917=ORIENTED_EDGE('',*,*,#3861,.F.);
#4918=ORIENTED_EDGE('',*,*,#3692,.F.);
#4919=ORIENTED_EDGE('',*,*,#3862,.F.);
#4920=ORIENTED_EDGE('',*,*,#3859,.F.);
#4921=ORIENTED_EDGE('',*,*,#3831,.T.);
#4922=ORIENTED_EDGE('',*,*,#3863,.T.);
#4923=ORIENTED_EDGE('',*,*,#3864,.F.);
#4924=ORIENTED_EDGE('',*,*,#3865,.F.);
#4925=ORIENTED_EDGE('',*,*,#3725,.T.);
#4926=ORIENTED_EDGE('',*,*,#3866,.T.);
#4927=ORIENTED_EDGE('',*,*,#3867,.F.);
#4928=ORIENTED_EDGE('',*,*,#3868,.F.);
#4929=ORIENTED_EDGE('',*,*,#3720,.T.);
#4930=ORIENTED_EDGE('',*,*,#3869,.T.);
#4931=ORIENTED_EDGE('',*,*,#3870,.F.);
#4932=ORIENTED_EDGE('',*,*,#3871,.F.);
#4933=ORIENTED_EDGE('',*,*,#3716,.T.);
#4934=ORIENTED_EDGE('',*,*,#3872,.T.);
#4935=ORIENTED_EDGE('',*,*,#3873,.F.);
#4936=ORIENTED_EDGE('',*,*,#3874,.F.);
#4937=ORIENTED_EDGE('',*,*,#3712,.T.);
#4938=ORIENTED_EDGE('',*,*,#3875,.T.);
#4939=ORIENTED_EDGE('',*,*,#3876,.F.);
#4940=ORIENTED_EDGE('',*,*,#3877,.F.);
#4941=ORIENTED_EDGE('',*,*,#3708,.T.);
#4942=ORIENTED_EDGE('',*,*,#3878,.T.);
#4943=ORIENTED_EDGE('',*,*,#3879,.F.);
#4944=ORIENTED_EDGE('',*,*,#3880,.F.);
#4945=ORIENTED_EDGE('',*,*,#3704,.T.);
#4946=ORIENTED_EDGE('',*,*,#3881,.T.);
#4947=ORIENTED_EDGE('',*,*,#3882,.F.);
#4948=ORIENTED_EDGE('',*,*,#3883,.F.);
#4949=ORIENTED_EDGE('',*,*,#3700,.T.);
#4950=ORIENTED_EDGE('',*,*,#3884,.T.);
#4951=ORIENTED_EDGE('',*,*,#3885,.F.);
#4952=ORIENTED_EDGE('',*,*,#3886,.F.);
#4953=ORIENTED_EDGE('',*,*,#3696,.T.);
#4954=ORIENTED_EDGE('',*,*,#3887,.T.);
#4955=ORIENTED_EDGE('',*,*,#3888,.T.);
#4956=ORIENTED_EDGE('',*,*,#3889,.T.);
#4957=ORIENTED_EDGE('',*,*,#3890,.F.);
#4958=ORIENTED_EDGE('',*,*,#3891,.F.);
#4959=ORIENTED_EDGE('',*,*,#3892,.F.);
#4960=ORIENTED_EDGE('',*,*,#3893,.T.);
#4961=ORIENTED_EDGE('',*,*,#3894,.T.);
#4962=ORIENTED_EDGE('',*,*,#3895,.F.);
#4963=ORIENTED_EDGE('',*,*,#3862,.T.);
#4964=ORIENTED_EDGE('',*,*,#3896,.F.);
#4965=ORIENTED_EDGE('',*,*,#3897,.F.);
#4966=ORIENTED_EDGE('',*,*,#3898,.T.);
#4967=ORIENTED_EDGE('',*,*,#3860,.F.);
#4968=ORIENTED_EDGE('',*,*,#3693,.T.);
#4969=ORIENTED_EDGE('',*,*,#3861,.T.);
#4970=ORIENTED_EDGE('',*,*,#3898,.F.);
#4971=ORIENTED_EDGE('',*,*,#3899,.F.);
#4972=ORIENTED_EDGE('',*,*,#3900,.F.);
#4973=ORIENTED_EDGE('',*,*,#3694,.F.);
#4974=ORIENTED_EDGE('',*,*,#3899,.T.);
#4975=ORIENTED_EDGE('',*,*,#3897,.T.);
#4976=ORIENTED_EDGE('',*,*,#3887,.F.);
#4977=ORIENTED_EDGE('',*,*,#3695,.T.);
#4978=ORIENTED_EDGE('',*,*,#3900,.T.);
#4979=ORIENTED_EDGE('',*,*,#3896,.T.);
#4980=ORIENTED_EDGE('',*,*,#3886,.T.);
#4981=ORIENTED_EDGE('',*,*,#3901,.T.);
#4982=ORIENTED_EDGE('',*,*,#3902,.F.);
#4983=ORIENTED_EDGE('',*,*,#3697,.F.);
#4984=ORIENTED_EDGE('',*,*,#3902,.T.);
#4985=ORIENTED_EDGE('',*,*,#3903,.T.);
#4986=ORIENTED_EDGE('',*,*,#3904,.F.);
#4987=ORIENTED_EDGE('',*,*,#3698,.F.);
#4988=ORIENTED_EDGE('',*,*,#3884,.F.);
#4989=ORIENTED_EDGE('',*,*,#3699,.T.);
#4990=ORIENTED_EDGE('',*,*,#3904,.T.);
#4991=ORIENTED_EDGE('',*,*,#3905,.T.);
#4992=ORIENTED_EDGE('',*,*,#3885,.T.);
#4993=ORIENTED_EDGE('',*,*,#3905,.F.);
#4994=ORIENTED_EDGE('',*,*,#3903,.F.);
#4995=ORIENTED_EDGE('',*,*,#3901,.F.);
#4996=ORIENTED_EDGE('',*,*,#3883,.T.);
#4997=ORIENTED_EDGE('',*,*,#3906,.T.);
#4998=ORIENTED_EDGE('',*,*,#3907,.F.);
#4999=ORIENTED_EDGE('',*,*,#3701,.F.);
#5000=ORIENTED_EDGE('',*,*,#3907,.T.);
#5001=ORIENTED_EDGE('',*,*,#3908,.T.);
#5002=ORIENTED_EDGE('',*,*,#3909,.F.);
#5003=ORIENTED_EDGE('',*,*,#3702,.F.);
#5004=ORIENTED_EDGE('',*,*,#3881,.F.);
#5005=ORIENTED_EDGE('',*,*,#3703,.T.);
#5006=ORIENTED_EDGE('',*,*,#3909,.T.);
#5007=ORIENTED_EDGE('',*,*,#3910,.T.);
#5008=ORIENTED_EDGE('',*,*,#3882,.T.);
#5009=ORIENTED_EDGE('',*,*,#3910,.F.);
#5010=ORIENTED_EDGE('',*,*,#3908,.F.);
#5011=ORIENTED_EDGE('',*,*,#3906,.F.);
#5012=ORIENTED_EDGE('',*,*,#3880,.T.);
#5013=ORIENTED_EDGE('',*,*,#3911,.T.);
#5014=ORIENTED_EDGE('',*,*,#3912,.F.);
#5015=ORIENTED_EDGE('',*,*,#3705,.F.);
#5016=ORIENTED_EDGE('',*,*,#3912,.T.);
#5017=ORIENTED_EDGE('',*,*,#3913,.T.);
#5018=ORIENTED_EDGE('',*,*,#3914,.F.);
#5019=ORIENTED_EDGE('',*,*,#3706,.F.);
#5020=ORIENTED_EDGE('',*,*,#3878,.F.);
#5021=ORIENTED_EDGE('',*,*,#3707,.T.);
#5022=ORIENTED_EDGE('',*,*,#3914,.T.);
#5023=ORIENTED_EDGE('',*,*,#3915,.T.);
#5024=ORIENTED_EDGE('',*,*,#3911,.F.);
#5025=ORIENTED_EDGE('',*,*,#3879,.T.);
#5026=ORIENTED_EDGE('',*,*,#3915,.F.);
#5027=ORIENTED_EDGE('',*,*,#3913,.F.);
#5028=ORIENTED_EDGE('',*,*,#3877,.T.);
#5029=ORIENTED_EDGE('',*,*,#3916,.T.);
#5030=ORIENTED_EDGE('',*,*,#3917,.F.);
#5031=ORIENTED_EDGE('',*,*,#3709,.F.);
#5032=ORIENTED_EDGE('',*,*,#3917,.T.);
#5033=ORIENTED_EDGE('',*,*,#3918,.T.);
#5034=ORIENTED_EDGE('',*,*,#3919,.F.);
#5035=ORIENTED_EDGE('',*,*,#3710,.F.);
#5036=ORIENTED_EDGE('',*,*,#3875,.F.);
#5037=ORIENTED_EDGE('',*,*,#3711,.T.);
#5038=ORIENTED_EDGE('',*,*,#3919,.T.);
#5039=ORIENTED_EDGE('',*,*,#3920,.T.);
#5040=ORIENTED_EDGE('',*,*,#3876,.T.);
#5041=ORIENTED_EDGE('',*,*,#3920,.F.);
#5042=ORIENTED_EDGE('',*,*,#3918,.F.);
#5043=ORIENTED_EDGE('',*,*,#3916,.F.);
#5044=ORIENTED_EDGE('',*,*,#3874,.T.);
#5045=ORIENTED_EDGE('',*,*,#3921,.T.);
#5046=ORIENTED_EDGE('',*,*,#3922,.F.);
#5047=ORIENTED_EDGE('',*,*,#3713,.F.);
#5048=ORIENTED_EDGE('',*,*,#3922,.T.);
#5049=ORIENTED_EDGE('',*,*,#3923,.T.);
#5050=ORIENTED_EDGE('',*,*,#3924,.F.);
#5051=ORIENTED_EDGE('',*,*,#3714,.F.);
#5052=ORIENTED_EDGE('',*,*,#3872,.F.);
#5053=ORIENTED_EDGE('',*,*,#3715,.T.);
#5054=ORIENTED_EDGE('',*,*,#3924,.T.);
#5055=ORIENTED_EDGE('',*,*,#3925,.T.);
#5056=ORIENTED_EDGE('',*,*,#3873,.T.);
#5057=ORIENTED_EDGE('',*,*,#3925,.F.);
#5058=ORIENTED_EDGE('',*,*,#3923,.F.);
#5059=ORIENTED_EDGE('',*,*,#3921,.F.);
#5060=ORIENTED_EDGE('',*,*,#3871,.T.);
#5061=ORIENTED_EDGE('',*,*,#3926,.T.);
#5062=ORIENTED_EDGE('',*,*,#3927,.F.);
#5063=ORIENTED_EDGE('',*,*,#3717,.F.);
#5064=ORIENTED_EDGE('',*,*,#3927,.T.);
#5065=ORIENTED_EDGE('',*,*,#3928,.T.);
#5066=ORIENTED_EDGE('',*,*,#3929,.F.);
#5067=ORIENTED_EDGE('',*,*,#3718,.F.);
#5068=ORIENTED_EDGE('',*,*,#3869,.F.);
#5069=ORIENTED_EDGE('',*,*,#3719,.T.);
#5070=ORIENTED_EDGE('',*,*,#3929,.T.);
#5071=ORIENTED_EDGE('',*,*,#3930,.T.);
#5072=ORIENTED_EDGE('',*,*,#3870,.T.);
#5073=ORIENTED_EDGE('',*,*,#3930,.F.);
#5074=ORIENTED_EDGE('',*,*,#3928,.F.);
#5075=ORIENTED_EDGE('',*,*,#3926,.F.);
#5076=ORIENTED_EDGE('',*,*,#3868,.T.);
#5077=ORIENTED_EDGE('',*,*,#3931,.T.);
#5078=ORIENTED_EDGE('',*,*,#3932,.F.);
#5079=ORIENTED_EDGE('',*,*,#3721,.F.);
#5080=ORIENTED_EDGE('',*,*,#3932,.T.);
#5081=ORIENTED_EDGE('',*,*,#3933,.T.);
#5082=ORIENTED_EDGE('',*,*,#3934,.F.);
#5083=ORIENTED_EDGE('',*,*,#3722,.F.);
#5084=ORIENTED_EDGE('',*,*,#3723,.T.);
#5085=ORIENTED_EDGE('',*,*,#3934,.T.);
#5086=ORIENTED_EDGE('',*,*,#3935,.F.);
#5087=ORIENTED_EDGE('',*,*,#3936,.F.);
#5088=ORIENTED_EDGE('',*,*,#3866,.F.);
#5089=ORIENTED_EDGE('',*,*,#3724,.T.);
#5090=ORIENTED_EDGE('',*,*,#3936,.T.);
#5091=ORIENTED_EDGE('',*,*,#3937,.T.);
#5092=ORIENTED_EDGE('',*,*,#3867,.T.);
#5093=ORIENTED_EDGE('',*,*,#3937,.F.);
#5094=ORIENTED_EDGE('',*,*,#3935,.T.);
#5095=ORIENTED_EDGE('',*,*,#3933,.F.);
#5096=ORIENTED_EDGE('',*,*,#3931,.F.);
#5097=ORIENTED_EDGE('',*,*,#3938,.F.);
#5098=ORIENTED_EDGE('',*,*,#3755,.T.);
#5099=ORIENTED_EDGE('',*,*,#3939,.T.);
#5100=ORIENTED_EDGE('',*,*,#3940,.T.);
#5101=ORIENTED_EDGE('',*,*,#3941,.F.);
#5102=ORIENTED_EDGE('',*,*,#3751,.T.);
#5103=ORIENTED_EDGE('',*,*,#3942,.T.);
#5104=ORIENTED_EDGE('',*,*,#3943,.T.);
#5105=ORIENTED_EDGE('',*,*,#3944,.F.);
#5106=ORIENTED_EDGE('',*,*,#3747,.T.);
#5107=ORIENTED_EDGE('',*,*,#3945,.T.);
#5108=ORIENTED_EDGE('',*,*,#3946,.T.);
#5109=ORIENTED_EDGE('',*,*,#3947,.F.);
#5110=ORIENTED_EDGE('',*,*,#3743,.T.);
#5111=ORIENTED_EDGE('',*,*,#3948,.T.);
#5112=ORIENTED_EDGE('',*,*,#3949,.T.);
#5113=ORIENTED_EDGE('',*,*,#3950,.F.);
#5114=ORIENTED_EDGE('',*,*,#3739,.T.);
#5115=ORIENTED_EDGE('',*,*,#3951,.T.);
#5116=ORIENTED_EDGE('',*,*,#3952,.T.);
#5117=ORIENTED_EDGE('',*,*,#3953,.F.);
#5118=ORIENTED_EDGE('',*,*,#3735,.T.);
#5119=ORIENTED_EDGE('',*,*,#3954,.T.);
#5120=ORIENTED_EDGE('',*,*,#3955,.T.);
#5121=ORIENTED_EDGE('',*,*,#3956,.F.);
#5122=ORIENTED_EDGE('',*,*,#3731,.T.);
#5123=ORIENTED_EDGE('',*,*,#3957,.T.);
#5124=ORIENTED_EDGE('',*,*,#3958,.T.);
#5125=ORIENTED_EDGE('',*,*,#3959,.F.);
#5126=ORIENTED_EDGE('',*,*,#3726,.T.);
#5127=ORIENTED_EDGE('',*,*,#3865,.T.);
#5128=ORIENTED_EDGE('',*,*,#3960,.F.);
#5129=ORIENTED_EDGE('',*,*,#3961,.F.);
#5130=ORIENTED_EDGE('',*,*,#3760,.T.);
#5131=ORIENTED_EDGE('',*,*,#3962,.T.);
#5132=ORIENTED_EDGE('',*,*,#3963,.T.);
#5133=ORIENTED_EDGE('',*,*,#3964,.F.);
#5134=ORIENTED_EDGE('',*,*,#3965,.T.);
#5135=ORIENTED_EDGE('',*,*,#3966,.T.);
#5136=ORIENTED_EDGE('',*,*,#3967,.F.);
#5137=ORIENTED_EDGE('',*,*,#3968,.T.);
#5138=ORIENTED_EDGE('',*,*,#3969,.T.);
#5139=ORIENTED_EDGE('',*,*,#3970,.F.);
#5140=ORIENTED_EDGE('',*,*,#3971,.F.);
#5141=ORIENTED_EDGE('',*,*,#3938,.T.);
#5142=ORIENTED_EDGE('',*,*,#3972,.T.);
#5143=ORIENTED_EDGE('',*,*,#3973,.F.);
#5144=ORIENTED_EDGE('',*,*,#3756,.F.);
#5145=ORIENTED_EDGE('',*,*,#3973,.T.);
#5146=ORIENTED_EDGE('',*,*,#3974,.T.);
#5147=ORIENTED_EDGE('',*,*,#3975,.F.);
#5148=ORIENTED_EDGE('',*,*,#3757,.F.);
#5149=ORIENTED_EDGE('',*,*,#3758,.T.);
#5150=ORIENTED_EDGE('',*,*,#3975,.T.);
#5151=ORIENTED_EDGE('',*,*,#3976,.F.);
#5152=ORIENTED_EDGE('',*,*,#3977,.F.);
#5153=ORIENTED_EDGE('',*,*,#3962,.F.);
#5154=ORIENTED_EDGE('',*,*,#3759,.T.);
#5155=ORIENTED_EDGE('',*,*,#3977,.T.);
#5156=ORIENTED_EDGE('',*,*,#3978,.T.);
#5157=ORIENTED_EDGE('',*,*,#3963,.F.);
#5158=ORIENTED_EDGE('',*,*,#3978,.F.);
#5159=ORIENTED_EDGE('',*,*,#3976,.T.);
#5160=ORIENTED_EDGE('',*,*,#3974,.F.);
#5161=ORIENTED_EDGE('',*,*,#3972,.F.);
#5162=ORIENTED_EDGE('',*,*,#3979,.T.);
#5163=ORIENTED_EDGE('',*,*,#3980,.F.);
#5164=ORIENTED_EDGE('',*,*,#3790,.T.);
#5165=ORIENTED_EDGE('',*,*,#3981,.T.);
#5166=ORIENTED_EDGE('',*,*,#3982,.T.);
#5167=ORIENTED_EDGE('',*,*,#3983,.F.);
#5168=ORIENTED_EDGE('',*,*,#3786,.T.);
#5169=ORIENTED_EDGE('',*,*,#3984,.T.);
#5170=ORIENTED_EDGE('',*,*,#3985,.T.);
#5171=ORIENTED_EDGE('',*,*,#3986,.F.);
#5172=ORIENTED_EDGE('',*,*,#3782,.T.);
#5173=ORIENTED_EDGE('',*,*,#3987,.T.);
#5174=ORIENTED_EDGE('',*,*,#3988,.T.);
#5175=ORIENTED_EDGE('',*,*,#3989,.F.);
#5176=ORIENTED_EDGE('',*,*,#3778,.T.);
#5177=ORIENTED_EDGE('',*,*,#3990,.T.);
#5178=ORIENTED_EDGE('',*,*,#3991,.T.);
#5179=ORIENTED_EDGE('',*,*,#3992,.F.);
#5180=ORIENTED_EDGE('',*,*,#3774,.T.);
#5181=ORIENTED_EDGE('',*,*,#3993,.T.);
#5182=ORIENTED_EDGE('',*,*,#3994,.T.);
#5183=ORIENTED_EDGE('',*,*,#3995,.F.);
#5184=ORIENTED_EDGE('',*,*,#3770,.T.);
#5185=ORIENTED_EDGE('',*,*,#3996,.T.);
#5186=ORIENTED_EDGE('',*,*,#3997,.T.);
#5187=ORIENTED_EDGE('',*,*,#3998,.F.);
#5188=ORIENTED_EDGE('',*,*,#3766,.T.);
#5189=ORIENTED_EDGE('',*,*,#3999,.T.);
#5190=ORIENTED_EDGE('',*,*,#4000,.T.);
#5191=ORIENTED_EDGE('',*,*,#4001,.F.);
#5192=ORIENTED_EDGE('',*,*,#3761,.T.);
#5193=ORIENTED_EDGE('',*,*,#3961,.T.);
#5194=ORIENTED_EDGE('',*,*,#4002,.F.);
#5195=ORIENTED_EDGE('',*,*,#4003,.F.);
#5196=ORIENTED_EDGE('',*,*,#3795,.T.);
#5197=ORIENTED_EDGE('',*,*,#4004,.T.);
#5198=ORIENTED_EDGE('',*,*,#4005,.F.);
#5199=ORIENTED_EDGE('',*,*,#4006,.T.);
#5200=ORIENTED_EDGE('',*,*,#4007,.T.);
#5201=ORIENTED_EDGE('',*,*,#4008,.F.);
#5202=ORIENTED_EDGE('',*,*,#4009,.T.);
#5203=ORIENTED_EDGE('',*,*,#4010,.T.);
#5204=ORIENTED_EDGE('',*,*,#4011,.F.);
#5205=ORIENTED_EDGE('',*,*,#4012,.F.);
#5206=ORIENTED_EDGE('',*,*,#3979,.F.);
#5207=ORIENTED_EDGE('',*,*,#4013,.T.);
#5208=ORIENTED_EDGE('',*,*,#4014,.T.);
#5209=ORIENTED_EDGE('',*,*,#4015,.T.);
#5210=ORIENTED_EDGE('',*,*,#4016,.T.);
#5211=ORIENTED_EDGE('',*,*,#3980,.T.);
#5212=ORIENTED_EDGE('',*,*,#4016,.F.);
#5213=ORIENTED_EDGE('',*,*,#4017,.F.);
#5214=ORIENTED_EDGE('',*,*,#3791,.F.);
#5215=ORIENTED_EDGE('',*,*,#4017,.T.);
#5216=ORIENTED_EDGE('',*,*,#4015,.F.);
#5217=ORIENTED_EDGE('',*,*,#4018,.T.);
#5218=ORIENTED_EDGE('',*,*,#3792,.T.);
#5219=ORIENTED_EDGE('',*,*,#3793,.T.);
#5220=ORIENTED_EDGE('',*,*,#4018,.F.);
#5221=ORIENTED_EDGE('',*,*,#4014,.F.);
#5222=ORIENTED_EDGE('',*,*,#4019,.F.);
#5223=ORIENTED_EDGE('',*,*,#4004,.F.);
#5224=ORIENTED_EDGE('',*,*,#3794,.T.);
#5225=ORIENTED_EDGE('',*,*,#4019,.T.);
#5226=ORIENTED_EDGE('',*,*,#4013,.F.);
#5227=ORIENTED_EDGE('',*,*,#4020,.F.);
#5228=ORIENTED_EDGE('',*,*,#4021,.F.);
#5229=ORIENTED_EDGE('',*,*,#3796,.T.);
#5230=ORIENTED_EDGE('',*,*,#4003,.T.);
#5231=ORIENTED_EDGE('',*,*,#4022,.F.);
#5232=ORIENTED_EDGE('',*,*,#3863,.F.);
#5233=ORIENTED_EDGE('',*,*,#3830,.T.);
#5234=ORIENTED_EDGE('',*,*,#4023,.T.);
#5235=ORIENTED_EDGE('',*,*,#4024,.F.);
#5236=ORIENTED_EDGE('',*,*,#4025,.F.);
#5237=ORIENTED_EDGE('',*,*,#3825,.T.);
#5238=ORIENTED_EDGE('',*,*,#4026,.T.);
#5239=ORIENTED_EDGE('',*,*,#4027,.F.);
#5240=ORIENTED_EDGE('',*,*,#4028,.F.);
#5241=ORIENTED_EDGE('',*,*,#3821,.T.);
#5242=ORIENTED_EDGE('',*,*,#4029,.T.);
#5243=ORIENTED_EDGE('',*,*,#4030,.F.);
#5244=ORIENTED_EDGE('',*,*,#4031,.F.);
#5245=ORIENTED_EDGE('',*,*,#3817,.T.);
#5246=ORIENTED_EDGE('',*,*,#4032,.T.);
#5247=ORIENTED_EDGE('',*,*,#4033,.F.);
#5248=ORIENTED_EDGE('',*,*,#4034,.F.);
#5249=ORIENTED_EDGE('',*,*,#3813,.T.);
#5250=ORIENTED_EDGE('',*,*,#4035,.T.);
#5251=ORIENTED_EDGE('',*,*,#4036,.F.);
#5252=ORIENTED_EDGE('',*,*,#4037,.F.);
#5253=ORIENTED_EDGE('',*,*,#3809,.T.);
#5254=ORIENTED_EDGE('',*,*,#4038,.T.);
#5255=ORIENTED_EDGE('',*,*,#4039,.F.);
#5256=ORIENTED_EDGE('',*,*,#4040,.F.);
#5257=ORIENTED_EDGE('',*,*,#3805,.T.);
#5258=ORIENTED_EDGE('',*,*,#4041,.T.);
#5259=ORIENTED_EDGE('',*,*,#4042,.F.);
#5260=ORIENTED_EDGE('',*,*,#4043,.F.);
#5261=ORIENTED_EDGE('',*,*,#3801,.T.);
#5262=ORIENTED_EDGE('',*,*,#4044,.T.);
#5263=ORIENTED_EDGE('',*,*,#4045,.F.);
#5264=ORIENTED_EDGE('',*,*,#4046,.T.);
#5265=ORIENTED_EDGE('',*,*,#4047,.T.);
#5266=ORIENTED_EDGE('',*,*,#4048,.F.);
#5267=ORIENTED_EDGE('',*,*,#4049,.T.);
#5268=ORIENTED_EDGE('',*,*,#4050,.T.);
#5269=ORIENTED_EDGE('',*,*,#4051,.F.);
#5270=ORIENTED_EDGE('',*,*,#4052,.F.);
#5271=ORIENTED_EDGE('',*,*,#4020,.T.);
#5272=ORIENTED_EDGE('',*,*,#4053,.T.);
#5273=ORIENTED_EDGE('',*,*,#4054,.T.);
#5274=ORIENTED_EDGE('',*,*,#4055,.T.);
#5275=ORIENTED_EDGE('',*,*,#4056,.T.);
#5276=ORIENTED_EDGE('',*,*,#4021,.T.);
#5277=ORIENTED_EDGE('',*,*,#4056,.F.);
#5278=ORIENTED_EDGE('',*,*,#4057,.F.);
#5279=ORIENTED_EDGE('',*,*,#3797,.F.);
#5280=ORIENTED_EDGE('',*,*,#3798,.T.);
#5281=ORIENTED_EDGE('',*,*,#4057,.T.);
#5282=ORIENTED_EDGE('',*,*,#4055,.F.);
#5283=ORIENTED_EDGE('',*,*,#4058,.T.);
#5284=ORIENTED_EDGE('',*,*,#4059,.F.);
#5285=ORIENTED_EDGE('',*,*,#3799,.T.);
#5286=ORIENTED_EDGE('',*,*,#4058,.F.);
#5287=ORIENTED_EDGE('',*,*,#4054,.F.);
#5288=ORIENTED_EDGE('',*,*,#4044,.F.);
#5289=ORIENTED_EDGE('',*,*,#3800,.T.);
#5290=ORIENTED_EDGE('',*,*,#4059,.T.);
#5291=ORIENTED_EDGE('',*,*,#4053,.F.);
#5292=ORIENTED_EDGE('',*,*,#4043,.T.);
#5293=ORIENTED_EDGE('',*,*,#4060,.F.);
#5294=ORIENTED_EDGE('',*,*,#4061,.F.);
#5295=ORIENTED_EDGE('',*,*,#3802,.F.);
#5296=ORIENTED_EDGE('',*,*,#4062,.F.);
#5297=ORIENTED_EDGE('',*,*,#3803,.T.);
#5298=ORIENTED_EDGE('',*,*,#4061,.T.);
#5299=ORIENTED_EDGE('',*,*,#4063,.F.);
#5300=ORIENTED_EDGE('',*,*,#4041,.F.);
#5301=ORIENTED_EDGE('',*,*,#3804,.T.);
#5302=ORIENTED_EDGE('',*,*,#4062,.T.);
#5303=ORIENTED_EDGE('',*,*,#4064,.F.);
#5304=ORIENTED_EDGE('',*,*,#4042,.T.);
#5305=ORIENTED_EDGE('',*,*,#4064,.T.);
#5306=ORIENTED_EDGE('',*,*,#4063,.T.);
#5307=ORIENTED_EDGE('',*,*,#4060,.T.);
#5308=ORIENTED_EDGE('',*,*,#4040,.T.);
#5309=ORIENTED_EDGE('',*,*,#4065,.F.);
#5310=ORIENTED_EDGE('',*,*,#4066,.F.);
#5311=ORIENTED_EDGE('',*,*,#3806,.F.);
#5312=ORIENTED_EDGE('',*,*,#4067,.F.);
#5313=ORIENTED_EDGE('',*,*,#3807,.T.);
#5314=ORIENTED_EDGE('',*,*,#4066,.T.);
#5315=ORIENTED_EDGE('',*,*,#4068,.F.);
#5316=ORIENTED_EDGE('',*,*,#4038,.F.);
#5317=ORIENTED_EDGE('',*,*,#3808,.T.);
#5318=ORIENTED_EDGE('',*,*,#4067,.T.);
#5319=ORIENTED_EDGE('',*,*,#4069,.F.);
#5320=ORIENTED_EDGE('',*,*,#4039,.T.);
#5321=ORIENTED_EDGE('',*,*,#4069,.T.);
#5322=ORIENTED_EDGE('',*,*,#4068,.T.);
#5323=ORIENTED_EDGE('',*,*,#4065,.T.);
#5324=ORIENTED_EDGE('',*,*,#4037,.T.);
#5325=ORIENTED_EDGE('',*,*,#4070,.F.);
#5326=ORIENTED_EDGE('',*,*,#4071,.F.);
#5327=ORIENTED_EDGE('',*,*,#3810,.F.);
#5328=ORIENTED_EDGE('',*,*,#4072,.F.);
#5329=ORIENTED_EDGE('',*,*,#3811,.T.);
#5330=ORIENTED_EDGE('',*,*,#4071,.T.);
#5331=ORIENTED_EDGE('',*,*,#4073,.F.);
#5332=ORIENTED_EDGE('',*,*,#4035,.F.);
#5333=ORIENTED_EDGE('',*,*,#3812,.T.);
#5334=ORIENTED_EDGE('',*,*,#4072,.T.);
#5335=ORIENTED_EDGE('',*,*,#4074,.F.);
#5336=ORIENTED_EDGE('',*,*,#4074,.T.);
#5337=ORIENTED_EDGE('',*,*,#4073,.T.);
#5338=ORIENTED_EDGE('',*,*,#4070,.T.);
#5339=ORIENTED_EDGE('',*,*,#4036,.T.);
#5340=ORIENTED_EDGE('',*,*,#4034,.T.);
#5341=ORIENTED_EDGE('',*,*,#4075,.F.);
#5342=ORIENTED_EDGE('',*,*,#4076,.F.);
#5343=ORIENTED_EDGE('',*,*,#3814,.F.);
#5344=ORIENTED_EDGE('',*,*,#4077,.F.);
#5345=ORIENTED_EDGE('',*,*,#3815,.T.);
#5346=ORIENTED_EDGE('',*,*,#4076,.T.);
#5347=ORIENTED_EDGE('',*,*,#4078,.F.);
#5348=ORIENTED_EDGE('',*,*,#4032,.F.);
#5349=ORIENTED_EDGE('',*,*,#3816,.T.);
#5350=ORIENTED_EDGE('',*,*,#4077,.T.);
#5351=ORIENTED_EDGE('',*,*,#4079,.F.);
#5352=ORIENTED_EDGE('',*,*,#4033,.T.);
#5353=ORIENTED_EDGE('',*,*,#4079,.T.);
#5354=ORIENTED_EDGE('',*,*,#4078,.T.);
#5355=ORIENTED_EDGE('',*,*,#4075,.T.);
#5356=ORIENTED_EDGE('',*,*,#4031,.T.);
#5357=ORIENTED_EDGE('',*,*,#4080,.F.);
#5358=ORIENTED_EDGE('',*,*,#4081,.F.);
#5359=ORIENTED_EDGE('',*,*,#3818,.F.);
#5360=ORIENTED_EDGE('',*,*,#4082,.F.);
#5361=ORIENTED_EDGE('',*,*,#3819,.T.);
#5362=ORIENTED_EDGE('',*,*,#4081,.T.);
#5363=ORIENTED_EDGE('',*,*,#4083,.F.);
#5364=ORIENTED_EDGE('',*,*,#4029,.F.);
#5365=ORIENTED_EDGE('',*,*,#3820,.T.);
#5366=ORIENTED_EDGE('',*,*,#4082,.T.);
#5367=ORIENTED_EDGE('',*,*,#4084,.F.);
#5368=ORIENTED_EDGE('',*,*,#4030,.T.);
#5369=ORIENTED_EDGE('',*,*,#4084,.T.);
#5370=ORIENTED_EDGE('',*,*,#4083,.T.);
#5371=ORIENTED_EDGE('',*,*,#4080,.T.);
#5372=ORIENTED_EDGE('',*,*,#4028,.T.);
#5373=ORIENTED_EDGE('',*,*,#4085,.F.);
#5374=ORIENTED_EDGE('',*,*,#4086,.F.);
#5375=ORIENTED_EDGE('',*,*,#3822,.F.);
#5376=ORIENTED_EDGE('',*,*,#4087,.F.);
#5377=ORIENTED_EDGE('',*,*,#3823,.T.);
#5378=ORIENTED_EDGE('',*,*,#4086,.T.);
#5379=ORIENTED_EDGE('',*,*,#4088,.F.);
#5380=ORIENTED_EDGE('',*,*,#4026,.F.);
#5381=ORIENTED_EDGE('',*,*,#3824,.T.);
#5382=ORIENTED_EDGE('',*,*,#4087,.T.);
#5383=ORIENTED_EDGE('',*,*,#4089,.F.);
#5384=ORIENTED_EDGE('',*,*,#4027,.T.);
#5385=ORIENTED_EDGE('',*,*,#4089,.T.);
#5386=ORIENTED_EDGE('',*,*,#4088,.T.);
#5387=ORIENTED_EDGE('',*,*,#4085,.T.);
#5388=ORIENTED_EDGE('',*,*,#4025,.T.);
#5389=ORIENTED_EDGE('',*,*,#4090,.F.);
#5390=ORIENTED_EDGE('',*,*,#4091,.F.);
#5391=ORIENTED_EDGE('',*,*,#3826,.F.);
#5392=ORIENTED_EDGE('',*,*,#4091,.T.);
#5393=ORIENTED_EDGE('',*,*,#4092,.F.);
#5394=ORIENTED_EDGE('',*,*,#4093,.T.);
#5395=ORIENTED_EDGE('',*,*,#3827,.T.);
#5396=ORIENTED_EDGE('',*,*,#3828,.T.);
#5397=ORIENTED_EDGE('',*,*,#4093,.F.);
#5398=ORIENTED_EDGE('',*,*,#4094,.F.);
#5399=ORIENTED_EDGE('',*,*,#4095,.F.);
#5400=ORIENTED_EDGE('',*,*,#4023,.F.);
#5401=ORIENTED_EDGE('',*,*,#3829,.T.);
#5402=ORIENTED_EDGE('',*,*,#4095,.T.);
#5403=ORIENTED_EDGE('',*,*,#4096,.F.);
#5404=ORIENTED_EDGE('',*,*,#4024,.T.);
#5405=ORIENTED_EDGE('',*,*,#4096,.T.);
#5406=ORIENTED_EDGE('',*,*,#4094,.T.);
#5407=ORIENTED_EDGE('',*,*,#4092,.T.);
#5408=ORIENTED_EDGE('',*,*,#4090,.T.);
#5409=ORIENTED_EDGE('',*,*,#4022,.T.);
#5410=ORIENTED_EDGE('',*,*,#4002,.T.);
#5411=ORIENTED_EDGE('',*,*,#3960,.T.);
#5412=ORIENTED_EDGE('',*,*,#3864,.T.);
#5413=ORIENTED_EDGE('',*,*,#4045,.T.);
#5414=ORIENTED_EDGE('',*,*,#4097,.T.);
#5415=ORIENTED_EDGE('',*,*,#4098,.T.);
#5416=ORIENTED_EDGE('',*,*,#3888,.F.);
#5417=ORIENTED_EDGE('',*,*,#4099,.T.);
#5418=ORIENTED_EDGE('',*,*,#4100,.T.);
#5419=ORIENTED_EDGE('',*,*,#4046,.F.);
#5420=ORIENTED_EDGE('',*,*,#4100,.F.);
#5421=ORIENTED_EDGE('',*,*,#4101,.T.);
#5422=ORIENTED_EDGE('',*,*,#4102,.T.);
#5423=ORIENTED_EDGE('',*,*,#4047,.F.);
#5424=ORIENTED_EDGE('',*,*,#4102,.F.);
#5425=ORIENTED_EDGE('',*,*,#4103,.F.);
#5426=ORIENTED_EDGE('',*,*,#3890,.T.);
#5427=ORIENTED_EDGE('',*,*,#4104,.F.);
#5428=ORIENTED_EDGE('',*,*,#4105,.F.);
#5429=ORIENTED_EDGE('',*,*,#4048,.T.);
#5430=ORIENTED_EDGE('',*,*,#4105,.T.);
#5431=ORIENTED_EDGE('',*,*,#4106,.F.);
#5432=ORIENTED_EDGE('',*,*,#4097,.F.);
#5433=ORIENTED_EDGE('',*,*,#3889,.F.);
#5434=ORIENTED_EDGE('',*,*,#4098,.F.);
#5435=ORIENTED_EDGE('',*,*,#4106,.T.);
#5436=ORIENTED_EDGE('',*,*,#4104,.T.);
#5437=ORIENTED_EDGE('',*,*,#3891,.T.);
#5438=ORIENTED_EDGE('',*,*,#4103,.T.);
#5439=ORIENTED_EDGE('',*,*,#4101,.F.);
#5440=ORIENTED_EDGE('',*,*,#4099,.F.);
#5441=ORIENTED_EDGE('',*,*,#4049,.F.);
#5442=ORIENTED_EDGE('',*,*,#4107,.T.);
#5443=ORIENTED_EDGE('',*,*,#4108,.T.);
#5444=ORIENTED_EDGE('',*,*,#4005,.T.);
#5445=ORIENTED_EDGE('',*,*,#4109,.T.);
#5446=ORIENTED_EDGE('',*,*,#4110,.T.);
#5447=ORIENTED_EDGE('',*,*,#4050,.F.);
#5448=ORIENTED_EDGE('',*,*,#4110,.F.);
#5449=ORIENTED_EDGE('',*,*,#4111,.T.);
#5450=ORIENTED_EDGE('',*,*,#4112,.T.);
#5451=ORIENTED_EDGE('',*,*,#4051,.T.);
#5452=ORIENTED_EDGE('',*,*,#4112,.F.);
#5453=ORIENTED_EDGE('',*,*,#4113,.F.);
#5454=ORIENTED_EDGE('',*,*,#4007,.F.);
#5455=ORIENTED_EDGE('',*,*,#4114,.F.);
#5456=ORIENTED_EDGE('',*,*,#4115,.F.);
#5457=ORIENTED_EDGE('',*,*,#4052,.T.);
#5458=ORIENTED_EDGE('',*,*,#4115,.T.);
#5459=ORIENTED_EDGE('',*,*,#4116,.F.);
#5460=ORIENTED_EDGE('',*,*,#4107,.F.);
#5461=ORIENTED_EDGE('',*,*,#4006,.F.);
#5462=ORIENTED_EDGE('',*,*,#4108,.F.);
#5463=ORIENTED_EDGE('',*,*,#4116,.T.);
#5464=ORIENTED_EDGE('',*,*,#4114,.T.);
#5465=ORIENTED_EDGE('',*,*,#4008,.T.);
#5466=ORIENTED_EDGE('',*,*,#4113,.T.);
#5467=ORIENTED_EDGE('',*,*,#4111,.F.);
#5468=ORIENTED_EDGE('',*,*,#4109,.F.);
#5469=ORIENTED_EDGE('',*,*,#4001,.T.);
#5470=ORIENTED_EDGE('',*,*,#4117,.F.);
#5471=ORIENTED_EDGE('',*,*,#4118,.F.);
#5472=ORIENTED_EDGE('',*,*,#3762,.F.);
#5473=ORIENTED_EDGE('',*,*,#3763,.T.);
#5474=ORIENTED_EDGE('',*,*,#4118,.T.);
#5475=ORIENTED_EDGE('',*,*,#4119,.F.);
#5476=ORIENTED_EDGE('',*,*,#4120,.T.);
#5477=ORIENTED_EDGE('',*,*,#4121,.F.);
#5478=ORIENTED_EDGE('',*,*,#3764,.T.);
#5479=ORIENTED_EDGE('',*,*,#4120,.F.);
#5480=ORIENTED_EDGE('',*,*,#4122,.F.);
#5481=ORIENTED_EDGE('',*,*,#3999,.F.);
#5482=ORIENTED_EDGE('',*,*,#3765,.T.);
#5483=ORIENTED_EDGE('',*,*,#4121,.T.);
#5484=ORIENTED_EDGE('',*,*,#4123,.F.);
#5485=ORIENTED_EDGE('',*,*,#4000,.F.);
#5486=ORIENTED_EDGE('',*,*,#4123,.T.);
#5487=ORIENTED_EDGE('',*,*,#4122,.T.);
#5488=ORIENTED_EDGE('',*,*,#4119,.T.);
#5489=ORIENTED_EDGE('',*,*,#4117,.T.);
#5490=ORIENTED_EDGE('',*,*,#3998,.T.);
#5491=ORIENTED_EDGE('',*,*,#4124,.F.);
#5492=ORIENTED_EDGE('',*,*,#4125,.F.);
#5493=ORIENTED_EDGE('',*,*,#3767,.F.);
#5494=ORIENTED_EDGE('',*,*,#4126,.F.);
#5495=ORIENTED_EDGE('',*,*,#3768,.T.);
#5496=ORIENTED_EDGE('',*,*,#4125,.T.);
#5497=ORIENTED_EDGE('',*,*,#4127,.F.);
#5498=ORIENTED_EDGE('',*,*,#3996,.F.);
#5499=ORIENTED_EDGE('',*,*,#3769,.T.);
#5500=ORIENTED_EDGE('',*,*,#4126,.T.);
#5501=ORIENTED_EDGE('',*,*,#4128,.F.);
#5502=ORIENTED_EDGE('',*,*,#3997,.F.);
#5503=ORIENTED_EDGE('',*,*,#4128,.T.);
#5504=ORIENTED_EDGE('',*,*,#4127,.T.);
#5505=ORIENTED_EDGE('',*,*,#4124,.T.);
#5506=ORIENTED_EDGE('',*,*,#3995,.T.);
#5507=ORIENTED_EDGE('',*,*,#4129,.F.);
#5508=ORIENTED_EDGE('',*,*,#4130,.F.);
#5509=ORIENTED_EDGE('',*,*,#3771,.F.);
#5510=ORIENTED_EDGE('',*,*,#4131,.F.);
#5511=ORIENTED_EDGE('',*,*,#3772,.T.);
#5512=ORIENTED_EDGE('',*,*,#4130,.T.);
#5513=ORIENTED_EDGE('',*,*,#4132,.F.);
#5514=ORIENTED_EDGE('',*,*,#3993,.F.);
#5515=ORIENTED_EDGE('',*,*,#3773,.T.);
#5516=ORIENTED_EDGE('',*,*,#4131,.T.);
#5517=ORIENTED_EDGE('',*,*,#4133,.F.);
#5518=ORIENTED_EDGE('',*,*,#3994,.F.);
#5519=ORIENTED_EDGE('',*,*,#4133,.T.);
#5520=ORIENTED_EDGE('',*,*,#4132,.T.);
#5521=ORIENTED_EDGE('',*,*,#4129,.T.);
#5522=ORIENTED_EDGE('',*,*,#3992,.T.);
#5523=ORIENTED_EDGE('',*,*,#4134,.F.);
#5524=ORIENTED_EDGE('',*,*,#4135,.F.);
#5525=ORIENTED_EDGE('',*,*,#3775,.F.);
#5526=ORIENTED_EDGE('',*,*,#4136,.F.);
#5527=ORIENTED_EDGE('',*,*,#3776,.T.);
#5528=ORIENTED_EDGE('',*,*,#4135,.T.);
#5529=ORIENTED_EDGE('',*,*,#4137,.F.);
#5530=ORIENTED_EDGE('',*,*,#3990,.F.);
#5531=ORIENTED_EDGE('',*,*,#3777,.T.);
#5532=ORIENTED_EDGE('',*,*,#4136,.T.);
#5533=ORIENTED_EDGE('',*,*,#4138,.F.);
#5534=ORIENTED_EDGE('',*,*,#3991,.F.);
#5535=ORIENTED_EDGE('',*,*,#4138,.T.);
#5536=ORIENTED_EDGE('',*,*,#4137,.T.);
#5537=ORIENTED_EDGE('',*,*,#4134,.T.);
#5538=ORIENTED_EDGE('',*,*,#3989,.T.);
#5539=ORIENTED_EDGE('',*,*,#4139,.F.);
#5540=ORIENTED_EDGE('',*,*,#4140,.F.);
#5541=ORIENTED_EDGE('',*,*,#3779,.F.);
#5542=ORIENTED_EDGE('',*,*,#4141,.F.);
#5543=ORIENTED_EDGE('',*,*,#3780,.T.);
#5544=ORIENTED_EDGE('',*,*,#4140,.T.);
#5545=ORIENTED_EDGE('',*,*,#4142,.F.);
#5546=ORIENTED_EDGE('',*,*,#3987,.F.);
#5547=ORIENTED_EDGE('',*,*,#3781,.T.);
#5548=ORIENTED_EDGE('',*,*,#4141,.T.);
#5549=ORIENTED_EDGE('',*,*,#4143,.F.);
#5550=ORIENTED_EDGE('',*,*,#3988,.F.);
#5551=ORIENTED_EDGE('',*,*,#4143,.T.);
#5552=ORIENTED_EDGE('',*,*,#4142,.T.);
#5553=ORIENTED_EDGE('',*,*,#4139,.T.);
#5554=ORIENTED_EDGE('',*,*,#3986,.T.);
#5555=ORIENTED_EDGE('',*,*,#4144,.F.);
#5556=ORIENTED_EDGE('',*,*,#4145,.F.);
#5557=ORIENTED_EDGE('',*,*,#3783,.F.);
#5558=ORIENTED_EDGE('',*,*,#4146,.F.);
#5559=ORIENTED_EDGE('',*,*,#3784,.T.);
#5560=ORIENTED_EDGE('',*,*,#4145,.T.);
#5561=ORIENTED_EDGE('',*,*,#4147,.F.);
#5562=ORIENTED_EDGE('',*,*,#3984,.F.);
#5563=ORIENTED_EDGE('',*,*,#3785,.T.);
#5564=ORIENTED_EDGE('',*,*,#4146,.T.);
#5565=ORIENTED_EDGE('',*,*,#4148,.F.);
#5566=ORIENTED_EDGE('',*,*,#3985,.F.);
#5567=ORIENTED_EDGE('',*,*,#4148,.T.);
#5568=ORIENTED_EDGE('',*,*,#4147,.T.);
#5569=ORIENTED_EDGE('',*,*,#4144,.T.);
#5570=ORIENTED_EDGE('',*,*,#3983,.T.);
#5571=ORIENTED_EDGE('',*,*,#4149,.F.);
#5572=ORIENTED_EDGE('',*,*,#4150,.F.);
#5573=ORIENTED_EDGE('',*,*,#3787,.F.);
#5574=ORIENTED_EDGE('',*,*,#4151,.F.);
#5575=ORIENTED_EDGE('',*,*,#3788,.T.);
#5576=ORIENTED_EDGE('',*,*,#4150,.T.);
#5577=ORIENTED_EDGE('',*,*,#4152,.F.);
#5578=ORIENTED_EDGE('',*,*,#3981,.F.);
#5579=ORIENTED_EDGE('',*,*,#3789,.T.);
#5580=ORIENTED_EDGE('',*,*,#4151,.T.);
#5581=ORIENTED_EDGE('',*,*,#4153,.F.);
#5582=ORIENTED_EDGE('',*,*,#3982,.F.);
#5583=ORIENTED_EDGE('',*,*,#4153,.T.);
#5584=ORIENTED_EDGE('',*,*,#4152,.T.);
#5585=ORIENTED_EDGE('',*,*,#4149,.T.);
#5586=ORIENTED_EDGE('',*,*,#4009,.F.);
#5587=ORIENTED_EDGE('',*,*,#4154,.T.);
#5588=ORIENTED_EDGE('',*,*,#4155,.T.);
#5589=ORIENTED_EDGE('',*,*,#3964,.T.);
#5590=ORIENTED_EDGE('',*,*,#4156,.T.);
#5591=ORIENTED_EDGE('',*,*,#4157,.T.);
#5592=ORIENTED_EDGE('',*,*,#4010,.F.);
#5593=ORIENTED_EDGE('',*,*,#4157,.F.);
#5594=ORIENTED_EDGE('',*,*,#4158,.T.);
#5595=ORIENTED_EDGE('',*,*,#4159,.T.);
#5596=ORIENTED_EDGE('',*,*,#4011,.T.);
#5597=ORIENTED_EDGE('',*,*,#4159,.F.);
#5598=ORIENTED_EDGE('',*,*,#4160,.F.);
#5599=ORIENTED_EDGE('',*,*,#3966,.F.);
#5600=ORIENTED_EDGE('',*,*,#4161,.F.);
#5601=ORIENTED_EDGE('',*,*,#4162,.F.);
#5602=ORIENTED_EDGE('',*,*,#4012,.T.);
#5603=ORIENTED_EDGE('',*,*,#4162,.T.);
#5604=ORIENTED_EDGE('',*,*,#4163,.F.);
#5605=ORIENTED_EDGE('',*,*,#4154,.F.);
#5606=ORIENTED_EDGE('',*,*,#3965,.F.);
#5607=ORIENTED_EDGE('',*,*,#4155,.F.);
#5608=ORIENTED_EDGE('',*,*,#4163,.T.);
#5609=ORIENTED_EDGE('',*,*,#4161,.T.);
#5610=ORIENTED_EDGE('',*,*,#3967,.T.);
#5611=ORIENTED_EDGE('',*,*,#4160,.T.);
#5612=ORIENTED_EDGE('',*,*,#4158,.F.);
#5613=ORIENTED_EDGE('',*,*,#4156,.F.);
#5614=ORIENTED_EDGE('',*,*,#3959,.T.);
#5615=ORIENTED_EDGE('',*,*,#4164,.T.);
#5616=ORIENTED_EDGE('',*,*,#4165,.F.);
#5617=ORIENTED_EDGE('',*,*,#3727,.F.);
#5618=ORIENTED_EDGE('',*,*,#3728,.T.);
#5619=ORIENTED_EDGE('',*,*,#4165,.T.);
#5620=ORIENTED_EDGE('',*,*,#4166,.F.);
#5621=ORIENTED_EDGE('',*,*,#4167,.F.);
#5622=ORIENTED_EDGE('',*,*,#4168,.F.);
#5623=ORIENTED_EDGE('',*,*,#3729,.F.);
#5624=ORIENTED_EDGE('',*,*,#4167,.T.);
#5625=ORIENTED_EDGE('',*,*,#4169,.T.);
#5626=ORIENTED_EDGE('',*,*,#3957,.F.);
#5627=ORIENTED_EDGE('',*,*,#3730,.T.);
#5628=ORIENTED_EDGE('',*,*,#4168,.T.);
#5629=ORIENTED_EDGE('',*,*,#4170,.T.);
#5630=ORIENTED_EDGE('',*,*,#3958,.F.);
#5631=ORIENTED_EDGE('',*,*,#4170,.F.);
#5632=ORIENTED_EDGE('',*,*,#4169,.F.);
#5633=ORIENTED_EDGE('',*,*,#4166,.T.);
#5634=ORIENTED_EDGE('',*,*,#4164,.F.);
#5635=ORIENTED_EDGE('',*,*,#3956,.T.);
#5636=ORIENTED_EDGE('',*,*,#4171,.T.);
#5637=ORIENTED_EDGE('',*,*,#4172,.F.);
#5638=ORIENTED_EDGE('',*,*,#3732,.F.);
#5639=ORIENTED_EDGE('',*,*,#4172,.T.);
#5640=ORIENTED_EDGE('',*,*,#4173,.T.);
#5641=ORIENTED_EDGE('',*,*,#4174,.F.);
#5642=ORIENTED_EDGE('',*,*,#3733,.F.);
#5643=ORIENTED_EDGE('',*,*,#3954,.F.);
#5644=ORIENTED_EDGE('',*,*,#3734,.T.);
#5645=ORIENTED_EDGE('',*,*,#4174,.T.);
#5646=ORIENTED_EDGE('',*,*,#4175,.T.);
#5647=ORIENTED_EDGE('',*,*,#3955,.F.);
#5648=ORIENTED_EDGE('',*,*,#4175,.F.);
#5649=ORIENTED_EDGE('',*,*,#4173,.F.);
#5650=ORIENTED_EDGE('',*,*,#4171,.F.);
#5651=ORIENTED_EDGE('',*,*,#3953,.T.);
#5652=ORIENTED_EDGE('',*,*,#4176,.T.);
#5653=ORIENTED_EDGE('',*,*,#4177,.F.);
#5654=ORIENTED_EDGE('',*,*,#3736,.F.);
#5655=ORIENTED_EDGE('',*,*,#4177,.T.);
#5656=ORIENTED_EDGE('',*,*,#4178,.T.);
#5657=ORIENTED_EDGE('',*,*,#4179,.F.);
#5658=ORIENTED_EDGE('',*,*,#3737,.F.);
#5659=ORIENTED_EDGE('',*,*,#3951,.F.);
#5660=ORIENTED_EDGE('',*,*,#3738,.T.);
#5661=ORIENTED_EDGE('',*,*,#4179,.T.);
#5662=ORIENTED_EDGE('',*,*,#4180,.T.);
#5663=ORIENTED_EDGE('',*,*,#3952,.F.);
#5664=ORIENTED_EDGE('',*,*,#4180,.F.);
#5665=ORIENTED_EDGE('',*,*,#4178,.F.);
#5666=ORIENTED_EDGE('',*,*,#4176,.F.);
#5667=ORIENTED_EDGE('',*,*,#3950,.T.);
#5668=ORIENTED_EDGE('',*,*,#4181,.T.);
#5669=ORIENTED_EDGE('',*,*,#4182,.F.);
#5670=ORIENTED_EDGE('',*,*,#3740,.F.);
#5671=ORIENTED_EDGE('',*,*,#4182,.T.);
#5672=ORIENTED_EDGE('',*,*,#4183,.T.);
#5673=ORIENTED_EDGE('',*,*,#4184,.F.);
#5674=ORIENTED_EDGE('',*,*,#3741,.F.);
#5675=ORIENTED_EDGE('',*,*,#3948,.F.);
#5676=ORIENTED_EDGE('',*,*,#3742,.T.);
#5677=ORIENTED_EDGE('',*,*,#4184,.T.);
#5678=ORIENTED_EDGE('',*,*,#4185,.T.);
#5679=ORIENTED_EDGE('',*,*,#3949,.F.);
#5680=ORIENTED_EDGE('',*,*,#4185,.F.);
#5681=ORIENTED_EDGE('',*,*,#4183,.F.);
#5682=ORIENTED_EDGE('',*,*,#4181,.F.);
#5683=ORIENTED_EDGE('',*,*,#3947,.T.);
#5684=ORIENTED_EDGE('',*,*,#4186,.T.);
#5685=ORIENTED_EDGE('',*,*,#4187,.F.);
#5686=ORIENTED_EDGE('',*,*,#3744,.F.);
#5687=ORIENTED_EDGE('',*,*,#4187,.T.);
#5688=ORIENTED_EDGE('',*,*,#4188,.T.);
#5689=ORIENTED_EDGE('',*,*,#4189,.F.);
#5690=ORIENTED_EDGE('',*,*,#3745,.F.);
#5691=ORIENTED_EDGE('',*,*,#3945,.F.);
#5692=ORIENTED_EDGE('',*,*,#3746,.T.);
#5693=ORIENTED_EDGE('',*,*,#4189,.T.);
#5694=ORIENTED_EDGE('',*,*,#4190,.T.);
#5695=ORIENTED_EDGE('',*,*,#4186,.F.);
#5696=ORIENTED_EDGE('',*,*,#3946,.F.);
#5697=ORIENTED_EDGE('',*,*,#4190,.F.);
#5698=ORIENTED_EDGE('',*,*,#4188,.F.);
#5699=ORIENTED_EDGE('',*,*,#3944,.T.);
#5700=ORIENTED_EDGE('',*,*,#4191,.T.);
#5701=ORIENTED_EDGE('',*,*,#4192,.F.);
#5702=ORIENTED_EDGE('',*,*,#3748,.F.);
#5703=ORIENTED_EDGE('',*,*,#4192,.T.);
#5704=ORIENTED_EDGE('',*,*,#4193,.T.);
#5705=ORIENTED_EDGE('',*,*,#4194,.F.);
#5706=ORIENTED_EDGE('',*,*,#3749,.F.);
#5707=ORIENTED_EDGE('',*,*,#3942,.F.);
#5708=ORIENTED_EDGE('',*,*,#3750,.T.);
#5709=ORIENTED_EDGE('',*,*,#4194,.T.);
#5710=ORIENTED_EDGE('',*,*,#4195,.T.);
#5711=ORIENTED_EDGE('',*,*,#3943,.F.);
#5712=ORIENTED_EDGE('',*,*,#4195,.F.);
#5713=ORIENTED_EDGE('',*,*,#4193,.F.);
#5714=ORIENTED_EDGE('',*,*,#4191,.F.);
#5715=ORIENTED_EDGE('',*,*,#3941,.T.);
#5716=ORIENTED_EDGE('',*,*,#4196,.T.);
#5717=ORIENTED_EDGE('',*,*,#4197,.F.);
#5718=ORIENTED_EDGE('',*,*,#3752,.F.);
#5719=ORIENTED_EDGE('',*,*,#4197,.T.);
#5720=ORIENTED_EDGE('',*,*,#4198,.T.);
#5721=ORIENTED_EDGE('',*,*,#4199,.F.);
#5722=ORIENTED_EDGE('',*,*,#3753,.F.);
#5723=ORIENTED_EDGE('',*,*,#3939,.F.);
#5724=ORIENTED_EDGE('',*,*,#3754,.T.);
#5725=ORIENTED_EDGE('',*,*,#4199,.T.);
#5726=ORIENTED_EDGE('',*,*,#4200,.T.);
#5727=ORIENTED_EDGE('',*,*,#3940,.F.);
#5728=ORIENTED_EDGE('',*,*,#4200,.F.);
#5729=ORIENTED_EDGE('',*,*,#4198,.F.);
#5730=ORIENTED_EDGE('',*,*,#4196,.F.);
#5731=ORIENTED_EDGE('',*,*,#3968,.F.);
#5732=ORIENTED_EDGE('',*,*,#4201,.T.);
#5733=ORIENTED_EDGE('',*,*,#4202,.T.);
#5734=ORIENTED_EDGE('',*,*,#3892,.T.);
#5735=ORIENTED_EDGE('',*,*,#4203,.T.);
#5736=ORIENTED_EDGE('',*,*,#4204,.T.);
#5737=ORIENTED_EDGE('',*,*,#3969,.F.);
#5738=ORIENTED_EDGE('',*,*,#4204,.F.);
#5739=ORIENTED_EDGE('',*,*,#4205,.T.);
#5740=ORIENTED_EDGE('',*,*,#4206,.T.);
#5741=ORIENTED_EDGE('',*,*,#3970,.T.);
#5742=ORIENTED_EDGE('',*,*,#4206,.F.);
#5743=ORIENTED_EDGE('',*,*,#4207,.F.);
#5744=ORIENTED_EDGE('',*,*,#3894,.F.);
#5745=ORIENTED_EDGE('',*,*,#4208,.F.);
#5746=ORIENTED_EDGE('',*,*,#4209,.F.);
#5747=ORIENTED_EDGE('',*,*,#3971,.T.);
#5748=ORIENTED_EDGE('',*,*,#4209,.T.);
#5749=ORIENTED_EDGE('',*,*,#4210,.F.);
#5750=ORIENTED_EDGE('',*,*,#4201,.F.);
#5751=ORIENTED_EDGE('',*,*,#3893,.F.);
#5752=ORIENTED_EDGE('',*,*,#4202,.F.);
#5753=ORIENTED_EDGE('',*,*,#4210,.T.);
#5754=ORIENTED_EDGE('',*,*,#4208,.T.);
#5755=ORIENTED_EDGE('',*,*,#3895,.T.);
#5756=ORIENTED_EDGE('',*,*,#4207,.T.);
#5757=ORIENTED_EDGE('',*,*,#4205,.F.);
#5758=ORIENTED_EDGE('',*,*,#4203,.F.);
#5759=ORIENTED_EDGE('',*,*,#4211,.T.);
#5760=ORIENTED_EDGE('',*,*,#4212,.F.);
#5761=ORIENTED_EDGE('',*,*,#4213,.F.);
#5762=ORIENTED_EDGE('',*,*,#4214,.F.);
#5763=ORIENTED_EDGE('',*,*,#4211,.F.);
#5764=ORIENTED_EDGE('',*,*,#4215,.F.);
#5765=ORIENTED_EDGE('',*,*,#4216,.F.);
#5766=ORIENTED_EDGE('',*,*,#4217,.T.);
#5767=ORIENTED_EDGE('',*,*,#4218,.F.);
#5768=ORIENTED_EDGE('',*,*,#4219,.F.);
#5769=ORIENTED_EDGE('',*,*,#4220,.F.);
#5770=ORIENTED_EDGE('',*,*,#4221,.F.);
#5771=ORIENTED_EDGE('',*,*,#4217,.F.);
#5772=ORIENTED_EDGE('',*,*,#4222,.F.);
#5773=ORIENTED_EDGE('',*,*,#4223,.F.);
#5774=ORIENTED_EDGE('',*,*,#4224,.F.);
#5775=ORIENTED_EDGE('',*,*,#4212,.T.);
#5776=ORIENTED_EDGE('',*,*,#4218,.T.);
#5777=ORIENTED_EDGE('',*,*,#4225,.T.);
#5778=ORIENTED_EDGE('',*,*,#4226,.F.);
#5779=ORIENTED_EDGE('',*,*,#4227,.F.);
#5780=ORIENTED_EDGE('',*,*,#4219,.T.);
#5781=ORIENTED_EDGE('',*,*,#4227,.T.);
#5782=ORIENTED_EDGE('',*,*,#4228,.F.);
#5783=ORIENTED_EDGE('',*,*,#4229,.F.);
#5784=ORIENTED_EDGE('',*,*,#4220,.T.);
#5785=ORIENTED_EDGE('',*,*,#4229,.T.);
#5786=ORIENTED_EDGE('',*,*,#4230,.F.);
#5787=ORIENTED_EDGE('',*,*,#4231,.F.);
#5788=ORIENTED_EDGE('',*,*,#4221,.T.);
#5789=ORIENTED_EDGE('',*,*,#4231,.T.);
#5790=ORIENTED_EDGE('',*,*,#4232,.F.);
#5791=ORIENTED_EDGE('',*,*,#4225,.F.);
#5792=ORIENTED_EDGE('',*,*,#4226,.T.);
#5793=ORIENTED_EDGE('',*,*,#4232,.T.);
#5794=ORIENTED_EDGE('',*,*,#4230,.T.);
#5795=ORIENTED_EDGE('',*,*,#4228,.T.);
#5796=ORIENTED_EDGE('',*,*,#4213,.T.);
#5797=ORIENTED_EDGE('',*,*,#4224,.T.);
#5798=ORIENTED_EDGE('',*,*,#4233,.T.);
#5799=ORIENTED_EDGE('',*,*,#4234,.F.);
#5800=ORIENTED_EDGE('',*,*,#4214,.T.);
#5801=ORIENTED_EDGE('',*,*,#4234,.T.);
#5802=ORIENTED_EDGE('',*,*,#4235,.T.);
#5803=ORIENTED_EDGE('',*,*,#4236,.T.);
#5804=ORIENTED_EDGE('',*,*,#4215,.T.);
#5805=ORIENTED_EDGE('',*,*,#4222,.T.);
#5806=ORIENTED_EDGE('',*,*,#4216,.T.);
#5807=ORIENTED_EDGE('',*,*,#4236,.F.);
#5808=ORIENTED_EDGE('',*,*,#4237,.F.);
#5809=ORIENTED_EDGE('',*,*,#4223,.T.);
#5810=ORIENTED_EDGE('',*,*,#4237,.T.);
#5811=ORIENTED_EDGE('',*,*,#4235,.F.);
#5812=ORIENTED_EDGE('',*,*,#4233,.F.);
#5813=ORIENTED_EDGE('',*,*,#4238,.T.);
#5814=ORIENTED_EDGE('',*,*,#4239,.F.);
#5815=ORIENTED_EDGE('',*,*,#4240,.F.);
#5816=ORIENTED_EDGE('',*,*,#4241,.F.);
#5817=ORIENTED_EDGE('',*,*,#4242,.F.);
#5818=ORIENTED_EDGE('',*,*,#4238,.F.);
#5819=ORIENTED_EDGE('',*,*,#4243,.T.);
#5820=ORIENTED_EDGE('',*,*,#4244,.T.);
#5821=ORIENTED_EDGE('',*,*,#4245,.F.);
#5822=ORIENTED_EDGE('',*,*,#4245,.T.);
#5823=ORIENTED_EDGE('',*,*,#4246,.F.);
#5824=ORIENTED_EDGE('',*,*,#4247,.F.);
#5825=ORIENTED_EDGE('',*,*,#4239,.T.);
#5826=ORIENTED_EDGE('',*,*,#4240,.T.);
#5827=ORIENTED_EDGE('',*,*,#4247,.T.);
#5828=ORIENTED_EDGE('',*,*,#4248,.F.);
#5829=ORIENTED_EDGE('',*,*,#4249,.F.);
#5830=ORIENTED_EDGE('',*,*,#4241,.T.);
#5831=ORIENTED_EDGE('',*,*,#4249,.T.);
#5832=ORIENTED_EDGE('',*,*,#4250,.F.);
#5833=ORIENTED_EDGE('',*,*,#4251,.F.);
#5834=ORIENTED_EDGE('',*,*,#4243,.F.);
#5835=ORIENTED_EDGE('',*,*,#4242,.T.);
#5836=ORIENTED_EDGE('',*,*,#4251,.T.);
#5837=ORIENTED_EDGE('',*,*,#4252,.F.);
#5838=ORIENTED_EDGE('',*,*,#4244,.F.);
#5839=ORIENTED_EDGE('',*,*,#4252,.T.);
#5840=ORIENTED_EDGE('',*,*,#4250,.T.);
#5841=ORIENTED_EDGE('',*,*,#4248,.T.);
#5842=ORIENTED_EDGE('',*,*,#4246,.T.);
#5843=ORIENTED_EDGE('',*,*,#4253,.F.);
#5844=ORIENTED_EDGE('',*,*,#4254,.F.);
#5845=ORIENTED_EDGE('',*,*,#4255,.F.);
#5846=ORIENTED_EDGE('',*,*,#4256,.F.);
#5847=ORIENTED_EDGE('',*,*,#4253,.T.);
#5848=ORIENTED_EDGE('',*,*,#4257,.T.);
#5849=ORIENTED_EDGE('',*,*,#4258,.F.);
#5850=ORIENTED_EDGE('',*,*,#4259,.F.);
#5851=ORIENTED_EDGE('',*,*,#4254,.T.);
#5852=ORIENTED_EDGE('',*,*,#4259,.T.);
#5853=ORIENTED_EDGE('',*,*,#4260,.F.);
#5854=ORIENTED_EDGE('',*,*,#4261,.F.);
#5855=ORIENTED_EDGE('',*,*,#4255,.T.);
#5856=ORIENTED_EDGE('',*,*,#4261,.T.);
#5857=ORIENTED_EDGE('',*,*,#4262,.F.);
#5858=ORIENTED_EDGE('',*,*,#4263,.F.);
#5859=ORIENTED_EDGE('',*,*,#4256,.T.);
#5860=ORIENTED_EDGE('',*,*,#4263,.T.);
#5861=ORIENTED_EDGE('',*,*,#4264,.F.);
#5862=ORIENTED_EDGE('',*,*,#4257,.F.);
#5863=ORIENTED_EDGE('',*,*,#4258,.T.);
#5864=ORIENTED_EDGE('',*,*,#4264,.T.);
#5865=ORIENTED_EDGE('',*,*,#4262,.T.);
#5866=ORIENTED_EDGE('',*,*,#4260,.T.);
#5867=ORIENTED_EDGE('',*,*,#4265,.F.);
#5868=ORIENTED_EDGE('',*,*,#4266,.F.);
#5869=ORIENTED_EDGE('',*,*,#4267,.F.);
#5870=ORIENTED_EDGE('',*,*,#4268,.F.);
#5871=ORIENTED_EDGE('',*,*,#4265,.T.);
#5872=ORIENTED_EDGE('',*,*,#4269,.T.);
#5873=ORIENTED_EDGE('',*,*,#4270,.F.);
#5874=ORIENTED_EDGE('',*,*,#4271,.F.);
#5875=ORIENTED_EDGE('',*,*,#4266,.T.);
#5876=ORIENTED_EDGE('',*,*,#4271,.T.);
#5877=ORIENTED_EDGE('',*,*,#4272,.F.);
#5878=ORIENTED_EDGE('',*,*,#4273,.F.);
#5879=ORIENTED_EDGE('',*,*,#4267,.T.);
#5880=ORIENTED_EDGE('',*,*,#4273,.T.);
#5881=ORIENTED_EDGE('',*,*,#4274,.F.);
#5882=ORIENTED_EDGE('',*,*,#4275,.F.);
#5883=ORIENTED_EDGE('',*,*,#4268,.T.);
#5884=ORIENTED_EDGE('',*,*,#4275,.T.);
#5885=ORIENTED_EDGE('',*,*,#4276,.F.);
#5886=ORIENTED_EDGE('',*,*,#4269,.F.);
#5887=ORIENTED_EDGE('',*,*,#4270,.T.);
#5888=ORIENTED_EDGE('',*,*,#4276,.T.);
#5889=ORIENTED_EDGE('',*,*,#4274,.T.);
#5890=ORIENTED_EDGE('',*,*,#4272,.T.);
#5891=ORIENTED_EDGE('',*,*,#4277,.F.);
#5892=ORIENTED_EDGE('',*,*,#4278,.F.);
#5893=ORIENTED_EDGE('',*,*,#4279,.F.);
#5894=ORIENTED_EDGE('',*,*,#4280,.F.);
#5895=ORIENTED_EDGE('',*,*,#4277,.T.);
#5896=ORIENTED_EDGE('',*,*,#4281,.T.);
#5897=ORIENTED_EDGE('',*,*,#4282,.F.);
#5898=ORIENTED_EDGE('',*,*,#4283,.F.);
#5899=ORIENTED_EDGE('',*,*,#4278,.T.);
#5900=ORIENTED_EDGE('',*,*,#4283,.T.);
#5901=ORIENTED_EDGE('',*,*,#4284,.F.);
#5902=ORIENTED_EDGE('',*,*,#4285,.F.);
#5903=ORIENTED_EDGE('',*,*,#4279,.T.);
#5904=ORIENTED_EDGE('',*,*,#4285,.T.);
#5905=ORIENTED_EDGE('',*,*,#4286,.F.);
#5906=ORIENTED_EDGE('',*,*,#4287,.F.);
#5907=ORIENTED_EDGE('',*,*,#4280,.T.);
#5908=ORIENTED_EDGE('',*,*,#4287,.T.);
#5909=ORIENTED_EDGE('',*,*,#4288,.F.);
#5910=ORIENTED_EDGE('',*,*,#4281,.F.);
#5911=ORIENTED_EDGE('',*,*,#4282,.T.);
#5912=ORIENTED_EDGE('',*,*,#4288,.T.);
#5913=ORIENTED_EDGE('',*,*,#4286,.T.);
#5914=ORIENTED_EDGE('',*,*,#4284,.T.);
#5915=ORIENTED_EDGE('',*,*,#4289,.F.);
#5916=ORIENTED_EDGE('',*,*,#4290,.F.);
#5917=ORIENTED_EDGE('',*,*,#4291,.F.);
#5918=ORIENTED_EDGE('',*,*,#4292,.F.);
#5919=ORIENTED_EDGE('',*,*,#4289,.T.);
#5920=ORIENTED_EDGE('',*,*,#4293,.T.);
#5921=ORIENTED_EDGE('',*,*,#4294,.F.);
#5922=ORIENTED_EDGE('',*,*,#4295,.F.);
#5923=ORIENTED_EDGE('',*,*,#4290,.T.);
#5924=ORIENTED_EDGE('',*,*,#4295,.T.);
#5925=ORIENTED_EDGE('',*,*,#4296,.F.);
#5926=ORIENTED_EDGE('',*,*,#4297,.F.);
#5927=ORIENTED_EDGE('',*,*,#4291,.T.);
#5928=ORIENTED_EDGE('',*,*,#4297,.T.);
#5929=ORIENTED_EDGE('',*,*,#4298,.F.);
#5930=ORIENTED_EDGE('',*,*,#4299,.F.);
#5931=ORIENTED_EDGE('',*,*,#4292,.T.);
#5932=ORIENTED_EDGE('',*,*,#4299,.T.);
#5933=ORIENTED_EDGE('',*,*,#4300,.F.);
#5934=ORIENTED_EDGE('',*,*,#4293,.F.);
#5935=ORIENTED_EDGE('',*,*,#4294,.T.);
#5936=ORIENTED_EDGE('',*,*,#4300,.T.);
#5937=ORIENTED_EDGE('',*,*,#4298,.T.);
#5938=ORIENTED_EDGE('',*,*,#4296,.T.);
#5939=ORIENTED_EDGE('',*,*,#4301,.T.);
#5940=ORIENTED_EDGE('',*,*,#4302,.T.);
#5941=ORIENTED_EDGE('',*,*,#4303,.T.);
#5942=ORIENTED_EDGE('',*,*,#4304,.T.);
#5943=ORIENTED_EDGE('',*,*,#4305,.T.);
#5944=ORIENTED_EDGE('',*,*,#4301,.F.);
#5945=ORIENTED_EDGE('',*,*,#4306,.F.);
#5946=ORIENTED_EDGE('',*,*,#4307,.T.);
#5947=ORIENTED_EDGE('',*,*,#4308,.F.);
#5948=ORIENTED_EDGE('',*,*,#4308,.T.);
#5949=ORIENTED_EDGE('',*,*,#4309,.T.);
#5950=ORIENTED_EDGE('',*,*,#4310,.F.);
#5951=ORIENTED_EDGE('',*,*,#4302,.F.);
#5952=ORIENTED_EDGE('',*,*,#4303,.F.);
#5953=ORIENTED_EDGE('',*,*,#4310,.T.);
#5954=ORIENTED_EDGE('',*,*,#4311,.T.);
#5955=ORIENTED_EDGE('',*,*,#4312,.F.);
#5956=ORIENTED_EDGE('',*,*,#4304,.F.);
#5957=ORIENTED_EDGE('',*,*,#4312,.T.);
#5958=ORIENTED_EDGE('',*,*,#4313,.T.);
#5959=ORIENTED_EDGE('',*,*,#4314,.F.);
#5960=ORIENTED_EDGE('',*,*,#4306,.T.);
#5961=ORIENTED_EDGE('',*,*,#4305,.F.);
#5962=ORIENTED_EDGE('',*,*,#4314,.T.);
#5963=ORIENTED_EDGE('',*,*,#4315,.T.);
#5964=ORIENTED_EDGE('',*,*,#4307,.F.);
#5965=ORIENTED_EDGE('',*,*,#4315,.F.);
#5966=ORIENTED_EDGE('',*,*,#4313,.F.);
#5967=ORIENTED_EDGE('',*,*,#4311,.F.);
#5968=ORIENTED_EDGE('',*,*,#4309,.F.);
#5969=ORIENTED_EDGE('',*,*,#4316,.T.);
#5970=ORIENTED_EDGE('',*,*,#4317,.T.);
#5971=ORIENTED_EDGE('',*,*,#4318,.T.);
#5972=ORIENTED_EDGE('',*,*,#4319,.T.);
#5973=ORIENTED_EDGE('',*,*,#4316,.F.);
#5974=ORIENTED_EDGE('',*,*,#4320,.T.);
#5975=ORIENTED_EDGE('',*,*,#4321,.T.);
#5976=ORIENTED_EDGE('',*,*,#4322,.F.);
#5977=ORIENTED_EDGE('',*,*,#4317,.F.);
#5978=ORIENTED_EDGE('',*,*,#4322,.T.);
#5979=ORIENTED_EDGE('',*,*,#4323,.T.);
#5980=ORIENTED_EDGE('',*,*,#4324,.F.);
#5981=ORIENTED_EDGE('',*,*,#4318,.F.);
#5982=ORIENTED_EDGE('',*,*,#4324,.T.);
#5983=ORIENTED_EDGE('',*,*,#4325,.T.);
#5984=ORIENTED_EDGE('',*,*,#4326,.F.);
#5985=ORIENTED_EDGE('',*,*,#4319,.F.);
#5986=ORIENTED_EDGE('',*,*,#4326,.T.);
#5987=ORIENTED_EDGE('',*,*,#4327,.T.);
#5988=ORIENTED_EDGE('',*,*,#4320,.F.);
#5989=ORIENTED_EDGE('',*,*,#4321,.F.);
#5990=ORIENTED_EDGE('',*,*,#4327,.F.);
#5991=ORIENTED_EDGE('',*,*,#4325,.F.);
#5992=ORIENTED_EDGE('',*,*,#4323,.F.);
#5993=ORIENTED_EDGE('',*,*,#4328,.T.);
#5994=ORIENTED_EDGE('',*,*,#4329,.T.);
#5995=ORIENTED_EDGE('',*,*,#4330,.T.);
#5996=ORIENTED_EDGE('',*,*,#4331,.T.);
#5997=ORIENTED_EDGE('',*,*,#4328,.F.);
#5998=ORIENTED_EDGE('',*,*,#4332,.T.);
#5999=ORIENTED_EDGE('',*,*,#4333,.T.);
#6000=ORIENTED_EDGE('',*,*,#4334,.F.);
#6001=ORIENTED_EDGE('',*,*,#4329,.F.);
#6002=ORIENTED_EDGE('',*,*,#4334,.T.);
#6003=ORIENTED_EDGE('',*,*,#4335,.T.);
#6004=ORIENTED_EDGE('',*,*,#4336,.F.);
#6005=ORIENTED_EDGE('',*,*,#4330,.F.);
#6006=ORIENTED_EDGE('',*,*,#4336,.T.);
#6007=ORIENTED_EDGE('',*,*,#4337,.T.);
#6008=ORIENTED_EDGE('',*,*,#4338,.F.);
#6009=ORIENTED_EDGE('',*,*,#4331,.F.);
#6010=ORIENTED_EDGE('',*,*,#4338,.T.);
#6011=ORIENTED_EDGE('',*,*,#4339,.T.);
#6012=ORIENTED_EDGE('',*,*,#4332,.F.);
#6013=ORIENTED_EDGE('',*,*,#4333,.F.);
#6014=ORIENTED_EDGE('',*,*,#4339,.F.);
#6015=ORIENTED_EDGE('',*,*,#4337,.F.);
#6016=ORIENTED_EDGE('',*,*,#4335,.F.);
#6017=ORIENTED_EDGE('',*,*,#4340,.T.);
#6018=ORIENTED_EDGE('',*,*,#4341,.T.);
#6019=ORIENTED_EDGE('',*,*,#4342,.T.);
#6020=ORIENTED_EDGE('',*,*,#4343,.T.);
#6021=ORIENTED_EDGE('',*,*,#4340,.F.);
#6022=ORIENTED_EDGE('',*,*,#4344,.T.);
#6023=ORIENTED_EDGE('',*,*,#4345,.T.);
#6024=ORIENTED_EDGE('',*,*,#4346,.F.);
#6025=ORIENTED_EDGE('',*,*,#4341,.F.);
#6026=ORIENTED_EDGE('',*,*,#4346,.T.);
#6027=ORIENTED_EDGE('',*,*,#4347,.T.);
#6028=ORIENTED_EDGE('',*,*,#4348,.F.);
#6029=ORIENTED_EDGE('',*,*,#4342,.F.);
#6030=ORIENTED_EDGE('',*,*,#4348,.T.);
#6031=ORIENTED_EDGE('',*,*,#4349,.T.);
#6032=ORIENTED_EDGE('',*,*,#4350,.F.);
#6033=ORIENTED_EDGE('',*,*,#4343,.F.);
#6034=ORIENTED_EDGE('',*,*,#4350,.T.);
#6035=ORIENTED_EDGE('',*,*,#4351,.T.);
#6036=ORIENTED_EDGE('',*,*,#4344,.F.);
#6037=ORIENTED_EDGE('',*,*,#4345,.F.);
#6038=ORIENTED_EDGE('',*,*,#4351,.F.);
#6039=ORIENTED_EDGE('',*,*,#4349,.F.);
#6040=ORIENTED_EDGE('',*,*,#4347,.F.);
#6041=ORIENTED_EDGE('',*,*,#4352,.T.);
#6042=ORIENTED_EDGE('',*,*,#4353,.T.);
#6043=ORIENTED_EDGE('',*,*,#4354,.T.);
#6044=ORIENTED_EDGE('',*,*,#4355,.T.);
#6045=ORIENTED_EDGE('',*,*,#4352,.F.);
#6046=ORIENTED_EDGE('',*,*,#4356,.T.);
#6047=ORIENTED_EDGE('',*,*,#4357,.T.);
#6048=ORIENTED_EDGE('',*,*,#4358,.F.);
#6049=ORIENTED_EDGE('',*,*,#4353,.F.);
#6050=ORIENTED_EDGE('',*,*,#4358,.T.);
#6051=ORIENTED_EDGE('',*,*,#4359,.T.);
#6052=ORIENTED_EDGE('',*,*,#4360,.F.);
#6053=ORIENTED_EDGE('',*,*,#4354,.F.);
#6054=ORIENTED_EDGE('',*,*,#4360,.T.);
#6055=ORIENTED_EDGE('',*,*,#4361,.T.);
#6056=ORIENTED_EDGE('',*,*,#4362,.F.);
#6057=ORIENTED_EDGE('',*,*,#4355,.F.);
#6058=ORIENTED_EDGE('',*,*,#4362,.T.);
#6059=ORIENTED_EDGE('',*,*,#4363,.T.);
#6060=ORIENTED_EDGE('',*,*,#4356,.F.);
#6061=ORIENTED_EDGE('',*,*,#4357,.F.);
#6062=ORIENTED_EDGE('',*,*,#4363,.F.);
#6063=ORIENTED_EDGE('',*,*,#4361,.F.);
#6064=ORIENTED_EDGE('',*,*,#4359,.F.);
#6065=ORIENTED_EDGE('',*,*,#4364,.F.);
#6066=ORIENTED_EDGE('',*,*,#4365,.F.);
#6067=ORIENTED_EDGE('',*,*,#4366,.F.);
#6068=ORIENTED_EDGE('',*,*,#4367,.F.);
#6069=ORIENTED_EDGE('',*,*,#4364,.T.);
#6070=ORIENTED_EDGE('',*,*,#4368,.T.);
#6071=ORIENTED_EDGE('',*,*,#4369,.F.);
#6072=ORIENTED_EDGE('',*,*,#4370,.F.);
#6073=ORIENTED_EDGE('',*,*,#4365,.T.);
#6074=ORIENTED_EDGE('',*,*,#4370,.T.);
#6075=ORIENTED_EDGE('',*,*,#4371,.F.);
#6076=ORIENTED_EDGE('',*,*,#4372,.F.);
#6077=ORIENTED_EDGE('',*,*,#4366,.T.);
#6078=ORIENTED_EDGE('',*,*,#4372,.T.);
#6079=ORIENTED_EDGE('',*,*,#4373,.F.);
#6080=ORIENTED_EDGE('',*,*,#4374,.F.);
#6081=ORIENTED_EDGE('',*,*,#4367,.T.);
#6082=ORIENTED_EDGE('',*,*,#4374,.T.);
#6083=ORIENTED_EDGE('',*,*,#4375,.F.);
#6084=ORIENTED_EDGE('',*,*,#4368,.F.);
#6085=ORIENTED_EDGE('',*,*,#4369,.T.);
#6086=ORIENTED_EDGE('',*,*,#4375,.T.);
#6087=ORIENTED_EDGE('',*,*,#4373,.T.);
#6088=ORIENTED_EDGE('',*,*,#4371,.T.);
#6089=ORIENTED_EDGE('',*,*,#4376,.F.);
#6090=ORIENTED_EDGE('',*,*,#4377,.F.);
#6091=ORIENTED_EDGE('',*,*,#4378,.F.);
#6092=ORIENTED_EDGE('',*,*,#4379,.F.);
#6093=ORIENTED_EDGE('',*,*,#4376,.T.);
#6094=ORIENTED_EDGE('',*,*,#4380,.T.);
#6095=ORIENTED_EDGE('',*,*,#4381,.F.);
#6096=ORIENTED_EDGE('',*,*,#4382,.F.);
#6097=ORIENTED_EDGE('',*,*,#4377,.T.);
#6098=ORIENTED_EDGE('',*,*,#4382,.T.);
#6099=ORIENTED_EDGE('',*,*,#4383,.F.);
#6100=ORIENTED_EDGE('',*,*,#4384,.F.);
#6101=ORIENTED_EDGE('',*,*,#4378,.T.);
#6102=ORIENTED_EDGE('',*,*,#4384,.T.);
#6103=ORIENTED_EDGE('',*,*,#4385,.F.);
#6104=ORIENTED_EDGE('',*,*,#4386,.F.);
#6105=ORIENTED_EDGE('',*,*,#4379,.T.);
#6106=ORIENTED_EDGE('',*,*,#4386,.T.);
#6107=ORIENTED_EDGE('',*,*,#4387,.F.);
#6108=ORIENTED_EDGE('',*,*,#4380,.F.);
#6109=ORIENTED_EDGE('',*,*,#4381,.T.);
#6110=ORIENTED_EDGE('',*,*,#4387,.T.);
#6111=ORIENTED_EDGE('',*,*,#4385,.T.);
#6112=ORIENTED_EDGE('',*,*,#4383,.T.);
#6113=ORIENTED_EDGE('',*,*,#4388,.T.);
#6114=ORIENTED_EDGE('',*,*,#4389,.F.);
#6115=ORIENTED_EDGE('',*,*,#4390,.F.);
#6116=ORIENTED_EDGE('',*,*,#4391,.F.);
#6117=ORIENTED_EDGE('',*,*,#4392,.F.);
#6118=ORIENTED_EDGE('',*,*,#4388,.F.);
#6119=ORIENTED_EDGE('',*,*,#4393,.T.);
#6120=ORIENTED_EDGE('',*,*,#4394,.T.);
#6121=ORIENTED_EDGE('',*,*,#4395,.F.);
#6122=ORIENTED_EDGE('',*,*,#4395,.T.);
#6123=ORIENTED_EDGE('',*,*,#4396,.F.);
#6124=ORIENTED_EDGE('',*,*,#4397,.F.);
#6125=ORIENTED_EDGE('',*,*,#4389,.T.);
#6126=ORIENTED_EDGE('',*,*,#4390,.T.);
#6127=ORIENTED_EDGE('',*,*,#4397,.T.);
#6128=ORIENTED_EDGE('',*,*,#4398,.F.);
#6129=ORIENTED_EDGE('',*,*,#4399,.F.);
#6130=ORIENTED_EDGE('',*,*,#4391,.T.);
#6131=ORIENTED_EDGE('',*,*,#4399,.T.);
#6132=ORIENTED_EDGE('',*,*,#4400,.F.);
#6133=ORIENTED_EDGE('',*,*,#4401,.F.);
#6134=ORIENTED_EDGE('',*,*,#4393,.F.);
#6135=ORIENTED_EDGE('',*,*,#4392,.T.);
#6136=ORIENTED_EDGE('',*,*,#4401,.T.);
#6137=ORIENTED_EDGE('',*,*,#4402,.F.);
#6138=ORIENTED_EDGE('',*,*,#4394,.F.);
#6139=ORIENTED_EDGE('',*,*,#4402,.T.);
#6140=ORIENTED_EDGE('',*,*,#4400,.T.);
#6141=ORIENTED_EDGE('',*,*,#4398,.T.);
#6142=ORIENTED_EDGE('',*,*,#4396,.T.);
#6143=ORIENTED_EDGE('',*,*,#4403,.T.);
#6144=ORIENTED_EDGE('',*,*,#4404,.T.);
#6145=ORIENTED_EDGE('',*,*,#4405,.T.);
#6146=ORIENTED_EDGE('',*,*,#4406,.T.);
#6147=ORIENTED_EDGE('',*,*,#4403,.F.);
#6148=ORIENTED_EDGE('',*,*,#4407,.T.);
#6149=ORIENTED_EDGE('',*,*,#4408,.T.);
#6150=ORIENTED_EDGE('',*,*,#4409,.F.);
#6151=ORIENTED_EDGE('',*,*,#4404,.F.);
#6152=ORIENTED_EDGE('',*,*,#4409,.T.);
#6153=ORIENTED_EDGE('',*,*,#4410,.T.);
#6154=ORIENTED_EDGE('',*,*,#4411,.F.);
#6155=ORIENTED_EDGE('',*,*,#4405,.F.);
#6156=ORIENTED_EDGE('',*,*,#4411,.T.);
#6157=ORIENTED_EDGE('',*,*,#4412,.T.);
#6158=ORIENTED_EDGE('',*,*,#4413,.F.);
#6159=ORIENTED_EDGE('',*,*,#4406,.F.);
#6160=ORIENTED_EDGE('',*,*,#4413,.T.);
#6161=ORIENTED_EDGE('',*,*,#4414,.T.);
#6162=ORIENTED_EDGE('',*,*,#4407,.F.);
#6163=ORIENTED_EDGE('',*,*,#4408,.F.);
#6164=ORIENTED_EDGE('',*,*,#4414,.F.);
#6165=ORIENTED_EDGE('',*,*,#4412,.F.);
#6166=ORIENTED_EDGE('',*,*,#4410,.F.);
#6167=ORIENTED_EDGE('',*,*,#4415,.T.);
#6168=ORIENTED_EDGE('',*,*,#4416,.T.);
#6169=ORIENTED_EDGE('',*,*,#4417,.T.);
#6170=ORIENTED_EDGE('',*,*,#4418,.T.);
#6171=ORIENTED_EDGE('',*,*,#4415,.F.);
#6172=ORIENTED_EDGE('',*,*,#4419,.T.);
#6173=ORIENTED_EDGE('',*,*,#4420,.T.);
#6174=ORIENTED_EDGE('',*,*,#4421,.F.);
#6175=ORIENTED_EDGE('',*,*,#4416,.F.);
#6176=ORIENTED_EDGE('',*,*,#4421,.T.);
#6177=ORIENTED_EDGE('',*,*,#4422,.T.);
#6178=ORIENTED_EDGE('',*,*,#4423,.F.);
#6179=ORIENTED_EDGE('',*,*,#4417,.F.);
#6180=ORIENTED_EDGE('',*,*,#4423,.T.);
#6181=ORIENTED_EDGE('',*,*,#4424,.T.);
#6182=ORIENTED_EDGE('',*,*,#4425,.F.);
#6183=ORIENTED_EDGE('',*,*,#4418,.F.);
#6184=ORIENTED_EDGE('',*,*,#4425,.T.);
#6185=ORIENTED_EDGE('',*,*,#4426,.T.);
#6186=ORIENTED_EDGE('',*,*,#4419,.F.);
#6187=ORIENTED_EDGE('',*,*,#4420,.F.);
#6188=ORIENTED_EDGE('',*,*,#4426,.F.);
#6189=ORIENTED_EDGE('',*,*,#4424,.F.);
#6190=ORIENTED_EDGE('',*,*,#4422,.F.);
#6191=ORIENTED_EDGE('',*,*,#4427,.T.);
#6192=ORIENTED_EDGE('',*,*,#4428,.T.);
#6193=ORIENTED_EDGE('',*,*,#4429,.T.);
#6194=ORIENTED_EDGE('',*,*,#4430,.T.);
#6195=ORIENTED_EDGE('',*,*,#4431,.T.);
#6196=ORIENTED_EDGE('',*,*,#4427,.F.);
#6197=ORIENTED_EDGE('',*,*,#4432,.T.);
#6198=ORIENTED_EDGE('',*,*,#4433,.T.);
#6199=ORIENTED_EDGE('',*,*,#4434,.T.);
#6200=ORIENTED_EDGE('',*,*,#4434,.F.);
#6201=ORIENTED_EDGE('',*,*,#4435,.T.);
#6202=ORIENTED_EDGE('',*,*,#4436,.F.);
#6203=ORIENTED_EDGE('',*,*,#4428,.F.);
#6204=ORIENTED_EDGE('',*,*,#4429,.F.);
#6205=ORIENTED_EDGE('',*,*,#4436,.T.);
#6206=ORIENTED_EDGE('',*,*,#4437,.T.);
#6207=ORIENTED_EDGE('',*,*,#4438,.F.);
#6208=ORIENTED_EDGE('',*,*,#4430,.F.);
#6209=ORIENTED_EDGE('',*,*,#4438,.T.);
#6210=ORIENTED_EDGE('',*,*,#4439,.T.);
#6211=ORIENTED_EDGE('',*,*,#4440,.F.);
#6212=ORIENTED_EDGE('',*,*,#4432,.F.);
#6213=ORIENTED_EDGE('',*,*,#4431,.F.);
#6214=ORIENTED_EDGE('',*,*,#4440,.T.);
#6215=ORIENTED_EDGE('',*,*,#4441,.T.);
#6216=ORIENTED_EDGE('',*,*,#4433,.F.);
#6217=ORIENTED_EDGE('',*,*,#4441,.F.);
#6218=ORIENTED_EDGE('',*,*,#4439,.F.);
#6219=ORIENTED_EDGE('',*,*,#4437,.F.);
#6220=ORIENTED_EDGE('',*,*,#4435,.F.);
#6221=ORIENTED_EDGE('',*,*,#4442,.T.);
#6222=ORIENTED_EDGE('',*,*,#4443,.F.);
#6223=ORIENTED_EDGE('',*,*,#4444,.F.);
#6224=ORIENTED_EDGE('',*,*,#4445,.F.);
#6225=ORIENTED_EDGE('',*,*,#4446,.F.);
#6226=ORIENTED_EDGE('',*,*,#4442,.F.);
#6227=ORIENTED_EDGE('',*,*,#4447,.T.);
#6228=ORIENTED_EDGE('',*,*,#4448,.T.);
#6229=ORIENTED_EDGE('',*,*,#4449,.F.);
#6230=ORIENTED_EDGE('',*,*,#4449,.T.);
#6231=ORIENTED_EDGE('',*,*,#4450,.F.);
#6232=ORIENTED_EDGE('',*,*,#4451,.F.);
#6233=ORIENTED_EDGE('',*,*,#4443,.T.);
#6234=ORIENTED_EDGE('',*,*,#4444,.T.);
#6235=ORIENTED_EDGE('',*,*,#4451,.T.);
#6236=ORIENTED_EDGE('',*,*,#4452,.F.);
#6237=ORIENTED_EDGE('',*,*,#4453,.F.);
#6238=ORIENTED_EDGE('',*,*,#4445,.T.);
#6239=ORIENTED_EDGE('',*,*,#4453,.T.);
#6240=ORIENTED_EDGE('',*,*,#4454,.F.);
#6241=ORIENTED_EDGE('',*,*,#4455,.F.);
#6242=ORIENTED_EDGE('',*,*,#4447,.F.);
#6243=ORIENTED_EDGE('',*,*,#4446,.T.);
#6244=ORIENTED_EDGE('',*,*,#4455,.T.);
#6245=ORIENTED_EDGE('',*,*,#4456,.F.);
#6246=ORIENTED_EDGE('',*,*,#4448,.F.);
#6247=ORIENTED_EDGE('',*,*,#4456,.T.);
#6248=ORIENTED_EDGE('',*,*,#4454,.T.);
#6249=ORIENTED_EDGE('',*,*,#4452,.T.);
#6250=ORIENTED_EDGE('',*,*,#4450,.T.);
#6251=ORIENTED_EDGE('',*,*,#4457,.F.);
#6252=ORIENTED_EDGE('',*,*,#4458,.F.);
#6253=ORIENTED_EDGE('',*,*,#4459,.F.);
#6254=ORIENTED_EDGE('',*,*,#4460,.F.);
#6255=ORIENTED_EDGE('',*,*,#4457,.T.);
#6256=ORIENTED_EDGE('',*,*,#4461,.T.);
#6257=ORIENTED_EDGE('',*,*,#4462,.F.);
#6258=ORIENTED_EDGE('',*,*,#4463,.F.);
#6259=ORIENTED_EDGE('',*,*,#4458,.T.);
#6260=ORIENTED_EDGE('',*,*,#4463,.T.);
#6261=ORIENTED_EDGE('',*,*,#4464,.F.);
#6262=ORIENTED_EDGE('',*,*,#4465,.F.);
#6263=ORIENTED_EDGE('',*,*,#4459,.T.);
#6264=ORIENTED_EDGE('',*,*,#4465,.T.);
#6265=ORIENTED_EDGE('',*,*,#4466,.F.);
#6266=ORIENTED_EDGE('',*,*,#4467,.F.);
#6267=ORIENTED_EDGE('',*,*,#4460,.T.);
#6268=ORIENTED_EDGE('',*,*,#4467,.T.);
#6269=ORIENTED_EDGE('',*,*,#4468,.F.);
#6270=ORIENTED_EDGE('',*,*,#4461,.F.);
#6271=ORIENTED_EDGE('',*,*,#4462,.T.);
#6272=ORIENTED_EDGE('',*,*,#4468,.T.);
#6273=ORIENTED_EDGE('',*,*,#4466,.T.);
#6274=ORIENTED_EDGE('',*,*,#4464,.T.);
#6275=ORIENTED_EDGE('',*,*,#4469,.F.);
#6276=ORIENTED_EDGE('',*,*,#4470,.F.);
#6277=ORIENTED_EDGE('',*,*,#4471,.F.);
#6278=ORIENTED_EDGE('',*,*,#4472,.F.);
#6279=ORIENTED_EDGE('',*,*,#4469,.T.);
#6280=ORIENTED_EDGE('',*,*,#4473,.T.);
#6281=ORIENTED_EDGE('',*,*,#4474,.F.);
#6282=ORIENTED_EDGE('',*,*,#4475,.F.);
#6283=ORIENTED_EDGE('',*,*,#4470,.T.);
#6284=ORIENTED_EDGE('',*,*,#4475,.T.);
#6285=ORIENTED_EDGE('',*,*,#4476,.F.);
#6286=ORIENTED_EDGE('',*,*,#4477,.F.);
#6287=ORIENTED_EDGE('',*,*,#4471,.T.);
#6288=ORIENTED_EDGE('',*,*,#4477,.T.);
#6289=ORIENTED_EDGE('',*,*,#4478,.F.);
#6290=ORIENTED_EDGE('',*,*,#4479,.F.);
#6291=ORIENTED_EDGE('',*,*,#4472,.T.);
#6292=ORIENTED_EDGE('',*,*,#4479,.T.);
#6293=ORIENTED_EDGE('',*,*,#4480,.F.);
#6294=ORIENTED_EDGE('',*,*,#4473,.F.);
#6295=ORIENTED_EDGE('',*,*,#4474,.T.);
#6296=ORIENTED_EDGE('',*,*,#4480,.T.);
#6297=ORIENTED_EDGE('',*,*,#4478,.T.);
#6298=ORIENTED_EDGE('',*,*,#4476,.T.);
#6299=ORIENTED_EDGE('',*,*,#4481,.F.);
#6300=ORIENTED_EDGE('',*,*,#4482,.F.);
#6301=ORIENTED_EDGE('',*,*,#4483,.F.);
#6302=ORIENTED_EDGE('',*,*,#4484,.F.);
#6303=ORIENTED_EDGE('',*,*,#4481,.T.);
#6304=ORIENTED_EDGE('',*,*,#4485,.T.);
#6305=ORIENTED_EDGE('',*,*,#4486,.F.);
#6306=ORIENTED_EDGE('',*,*,#4487,.F.);
#6307=ORIENTED_EDGE('',*,*,#4482,.T.);
#6308=ORIENTED_EDGE('',*,*,#4487,.T.);
#6309=ORIENTED_EDGE('',*,*,#4488,.F.);
#6310=ORIENTED_EDGE('',*,*,#4489,.F.);
#6311=ORIENTED_EDGE('',*,*,#4483,.T.);
#6312=ORIENTED_EDGE('',*,*,#4489,.T.);
#6313=ORIENTED_EDGE('',*,*,#4490,.F.);
#6314=ORIENTED_EDGE('',*,*,#4491,.F.);
#6315=ORIENTED_EDGE('',*,*,#4484,.T.);
#6316=ORIENTED_EDGE('',*,*,#4491,.T.);
#6317=ORIENTED_EDGE('',*,*,#4492,.F.);
#6318=ORIENTED_EDGE('',*,*,#4485,.F.);
#6319=ORIENTED_EDGE('',*,*,#4486,.T.);
#6320=ORIENTED_EDGE('',*,*,#4492,.T.);
#6321=ORIENTED_EDGE('',*,*,#4490,.T.);
#6322=ORIENTED_EDGE('',*,*,#4488,.T.);
#6323=ORIENTED_EDGE('',*,*,#4493,.F.);
#6324=ORIENTED_EDGE('',*,*,#4494,.F.);
#6325=ORIENTED_EDGE('',*,*,#4495,.F.);
#6326=ORIENTED_EDGE('',*,*,#4496,.F.);
#6327=ORIENTED_EDGE('',*,*,#4493,.T.);
#6328=ORIENTED_EDGE('',*,*,#4497,.T.);
#6329=ORIENTED_EDGE('',*,*,#4498,.F.);
#6330=ORIENTED_EDGE('',*,*,#4499,.F.);
#6331=ORIENTED_EDGE('',*,*,#4494,.T.);
#6332=ORIENTED_EDGE('',*,*,#4499,.T.);
#6333=ORIENTED_EDGE('',*,*,#4500,.F.);
#6334=ORIENTED_EDGE('',*,*,#4501,.F.);
#6335=ORIENTED_EDGE('',*,*,#4495,.T.);
#6336=ORIENTED_EDGE('',*,*,#4501,.T.);
#6337=ORIENTED_EDGE('',*,*,#4502,.F.);
#6338=ORIENTED_EDGE('',*,*,#4503,.F.);
#6339=ORIENTED_EDGE('',*,*,#4496,.T.);
#6340=ORIENTED_EDGE('',*,*,#4503,.T.);
#6341=ORIENTED_EDGE('',*,*,#4504,.F.);
#6342=ORIENTED_EDGE('',*,*,#4497,.F.);
#6343=ORIENTED_EDGE('',*,*,#4498,.T.);
#6344=ORIENTED_EDGE('',*,*,#4504,.T.);
#6345=ORIENTED_EDGE('',*,*,#4502,.T.);
#6346=ORIENTED_EDGE('',*,*,#4500,.T.);
#6347=ORIENTED_EDGE('',*,*,#4505,.F.);
#6348=ORIENTED_EDGE('',*,*,#4506,.F.);
#6349=ORIENTED_EDGE('',*,*,#4507,.F.);
#6350=ORIENTED_EDGE('',*,*,#4508,.F.);
#6351=ORIENTED_EDGE('',*,*,#4505,.T.);
#6352=ORIENTED_EDGE('',*,*,#4509,.T.);
#6353=ORIENTED_EDGE('',*,*,#4510,.F.);
#6354=ORIENTED_EDGE('',*,*,#4511,.F.);
#6355=ORIENTED_EDGE('',*,*,#4506,.T.);
#6356=ORIENTED_EDGE('',*,*,#4511,.T.);
#6357=ORIENTED_EDGE('',*,*,#4512,.F.);
#6358=ORIENTED_EDGE('',*,*,#4513,.F.);
#6359=ORIENTED_EDGE('',*,*,#4507,.T.);
#6360=ORIENTED_EDGE('',*,*,#4513,.T.);
#6361=ORIENTED_EDGE('',*,*,#4514,.F.);
#6362=ORIENTED_EDGE('',*,*,#4515,.F.);
#6363=ORIENTED_EDGE('',*,*,#4508,.T.);
#6364=ORIENTED_EDGE('',*,*,#4515,.T.);
#6365=ORIENTED_EDGE('',*,*,#4516,.F.);
#6366=ORIENTED_EDGE('',*,*,#4509,.F.);
#6367=ORIENTED_EDGE('',*,*,#4510,.T.);
#6368=ORIENTED_EDGE('',*,*,#4516,.T.);
#6369=ORIENTED_EDGE('',*,*,#4514,.T.);
#6370=ORIENTED_EDGE('',*,*,#4512,.T.);
#6371=ORIENTED_EDGE('',*,*,#4517,.F.);
#6372=ORIENTED_EDGE('',*,*,#4518,.F.);
#6373=ORIENTED_EDGE('',*,*,#4519,.F.);
#6374=ORIENTED_EDGE('',*,*,#4520,.F.);
#6375=ORIENTED_EDGE('',*,*,#4517,.T.);
#6376=ORIENTED_EDGE('',*,*,#4521,.T.);
#6377=ORIENTED_EDGE('',*,*,#4522,.F.);
#6378=ORIENTED_EDGE('',*,*,#4523,.F.);
#6379=ORIENTED_EDGE('',*,*,#4518,.T.);
#6380=ORIENTED_EDGE('',*,*,#4523,.T.);
#6381=ORIENTED_EDGE('',*,*,#4524,.F.);
#6382=ORIENTED_EDGE('',*,*,#4525,.F.);
#6383=ORIENTED_EDGE('',*,*,#4519,.T.);
#6384=ORIENTED_EDGE('',*,*,#4525,.T.);
#6385=ORIENTED_EDGE('',*,*,#4526,.F.);
#6386=ORIENTED_EDGE('',*,*,#4527,.F.);
#6387=ORIENTED_EDGE('',*,*,#4520,.T.);
#6388=ORIENTED_EDGE('',*,*,#4527,.T.);
#6389=ORIENTED_EDGE('',*,*,#4528,.F.);
#6390=ORIENTED_EDGE('',*,*,#4521,.F.);
#6391=ORIENTED_EDGE('',*,*,#4522,.T.);
#6392=ORIENTED_EDGE('',*,*,#4528,.T.);
#6393=ORIENTED_EDGE('',*,*,#4526,.T.);
#6394=ORIENTED_EDGE('',*,*,#4524,.T.);
#6395=ORIENTED_EDGE('',*,*,#4529,.T.);
#6396=ORIENTED_EDGE('',*,*,#4530,.F.);
#6397=ORIENTED_EDGE('',*,*,#4531,.F.);
#6398=ORIENTED_EDGE('',*,*,#4532,.F.);
#6399=ORIENTED_EDGE('',*,*,#4533,.F.);
#6400=ORIENTED_EDGE('',*,*,#4529,.F.);
#6401=ORIENTED_EDGE('',*,*,#4534,.T.);
#6402=ORIENTED_EDGE('',*,*,#4535,.T.);
#6403=ORIENTED_EDGE('',*,*,#4536,.F.);
#6404=ORIENTED_EDGE('',*,*,#4536,.T.);
#6405=ORIENTED_EDGE('',*,*,#4537,.F.);
#6406=ORIENTED_EDGE('',*,*,#4538,.F.);
#6407=ORIENTED_EDGE('',*,*,#4530,.T.);
#6408=ORIENTED_EDGE('',*,*,#4531,.T.);
#6409=ORIENTED_EDGE('',*,*,#4538,.T.);
#6410=ORIENTED_EDGE('',*,*,#4539,.F.);
#6411=ORIENTED_EDGE('',*,*,#4540,.F.);
#6412=ORIENTED_EDGE('',*,*,#4532,.T.);
#6413=ORIENTED_EDGE('',*,*,#4540,.T.);
#6414=ORIENTED_EDGE('',*,*,#4541,.F.);
#6415=ORIENTED_EDGE('',*,*,#4542,.F.);
#6416=ORIENTED_EDGE('',*,*,#4534,.F.);
#6417=ORIENTED_EDGE('',*,*,#4533,.T.);
#6418=ORIENTED_EDGE('',*,*,#4542,.T.);
#6419=ORIENTED_EDGE('',*,*,#4543,.F.);
#6420=ORIENTED_EDGE('',*,*,#4535,.F.);
#6421=ORIENTED_EDGE('',*,*,#4543,.T.);
#6422=ORIENTED_EDGE('',*,*,#4541,.T.);
#6423=ORIENTED_EDGE('',*,*,#4539,.T.);
#6424=ORIENTED_EDGE('',*,*,#4537,.T.);
#6425=ORIENTED_EDGE('',*,*,#4544,.T.);
#6426=ORIENTED_EDGE('',*,*,#4545,.T.);
#6427=ORIENTED_EDGE('',*,*,#4546,.T.);
#6428=ORIENTED_EDGE('',*,*,#4547,.T.);
#6429=ORIENTED_EDGE('',*,*,#4548,.T.);
#6430=ORIENTED_EDGE('',*,*,#4544,.F.);
#6431=ORIENTED_EDGE('',*,*,#4549,.T.);
#6432=ORIENTED_EDGE('',*,*,#4550,.T.);
#6433=ORIENTED_EDGE('',*,*,#4551,.T.);
#6434=ORIENTED_EDGE('',*,*,#4551,.F.);
#6435=ORIENTED_EDGE('',*,*,#4552,.T.);
#6436=ORIENTED_EDGE('',*,*,#4553,.F.);
#6437=ORIENTED_EDGE('',*,*,#4545,.F.);
#6438=ORIENTED_EDGE('',*,*,#4546,.F.);
#6439=ORIENTED_EDGE('',*,*,#4553,.T.);
#6440=ORIENTED_EDGE('',*,*,#4554,.T.);
#6441=ORIENTED_EDGE('',*,*,#4555,.F.);
#6442=ORIENTED_EDGE('',*,*,#4547,.F.);
#6443=ORIENTED_EDGE('',*,*,#4555,.T.);
#6444=ORIENTED_EDGE('',*,*,#4556,.T.);
#6445=ORIENTED_EDGE('',*,*,#4557,.F.);
#6446=ORIENTED_EDGE('',*,*,#4549,.F.);
#6447=ORIENTED_EDGE('',*,*,#4548,.F.);
#6448=ORIENTED_EDGE('',*,*,#4557,.T.);
#6449=ORIENTED_EDGE('',*,*,#4558,.T.);
#6450=ORIENTED_EDGE('',*,*,#4550,.F.);
#6451=ORIENTED_EDGE('',*,*,#4558,.F.);
#6452=ORIENTED_EDGE('',*,*,#4556,.F.);
#6453=ORIENTED_EDGE('',*,*,#4554,.F.);
#6454=ORIENTED_EDGE('',*,*,#4552,.F.);
#6455=ORIENTED_EDGE('',*,*,#4559,.T.);
#6456=ORIENTED_EDGE('',*,*,#4560,.T.);
#6457=ORIENTED_EDGE('',*,*,#4561,.T.);
#6458=ORIENTED_EDGE('',*,*,#4562,.T.);
#6459=ORIENTED_EDGE('',*,*,#4559,.F.);
#6460=ORIENTED_EDGE('',*,*,#4563,.T.);
#6461=ORIENTED_EDGE('',*,*,#4564,.T.);
#6462=ORIENTED_EDGE('',*,*,#4565,.F.);
#6463=ORIENTED_EDGE('',*,*,#4560,.F.);
#6464=ORIENTED_EDGE('',*,*,#4565,.T.);
#6465=ORIENTED_EDGE('',*,*,#4566,.T.);
#6466=ORIENTED_EDGE('',*,*,#4567,.F.);
#6467=ORIENTED_EDGE('',*,*,#4561,.F.);
#6468=ORIENTED_EDGE('',*,*,#4567,.T.);
#6469=ORIENTED_EDGE('',*,*,#4568,.T.);
#6470=ORIENTED_EDGE('',*,*,#4569,.F.);
#6471=ORIENTED_EDGE('',*,*,#4562,.F.);
#6472=ORIENTED_EDGE('',*,*,#4569,.T.);
#6473=ORIENTED_EDGE('',*,*,#4570,.T.);
#6474=ORIENTED_EDGE('',*,*,#4563,.F.);
#6475=ORIENTED_EDGE('',*,*,#4564,.F.);
#6476=ORIENTED_EDGE('',*,*,#4570,.F.);
#6477=ORIENTED_EDGE('',*,*,#4568,.F.);
#6478=ORIENTED_EDGE('',*,*,#4566,.F.);
#6479=ORIENTED_EDGE('',*,*,#4571,.T.);
#6480=ORIENTED_EDGE('',*,*,#4572,.T.);
#6481=ORIENTED_EDGE('',*,*,#4573,.T.);
#6482=ORIENTED_EDGE('',*,*,#4574,.T.);
#6483=ORIENTED_EDGE('',*,*,#4571,.F.);
#6484=ORIENTED_EDGE('',*,*,#4575,.T.);
#6485=ORIENTED_EDGE('',*,*,#4576,.T.);
#6486=ORIENTED_EDGE('',*,*,#4577,.F.);
#6487=ORIENTED_EDGE('',*,*,#4572,.F.);
#6488=ORIENTED_EDGE('',*,*,#4577,.T.);
#6489=ORIENTED_EDGE('',*,*,#4578,.T.);
#6490=ORIENTED_EDGE('',*,*,#4579,.F.);
#6491=ORIENTED_EDGE('',*,*,#4573,.F.);
#6492=ORIENTED_EDGE('',*,*,#4579,.T.);
#6493=ORIENTED_EDGE('',*,*,#4580,.T.);
#6494=ORIENTED_EDGE('',*,*,#4581,.F.);
#6495=ORIENTED_EDGE('',*,*,#4574,.F.);
#6496=ORIENTED_EDGE('',*,*,#4581,.T.);
#6497=ORIENTED_EDGE('',*,*,#4582,.T.);
#6498=ORIENTED_EDGE('',*,*,#4575,.F.);
#6499=ORIENTED_EDGE('',*,*,#4576,.F.);
#6500=ORIENTED_EDGE('',*,*,#4582,.F.);
#6501=ORIENTED_EDGE('',*,*,#4580,.F.);
#6502=ORIENTED_EDGE('',*,*,#4578,.F.);
#6503=ORIENTED_EDGE('',*,*,#4583,.T.);
#6504=ORIENTED_EDGE('',*,*,#4584,.T.);
#6505=ORIENTED_EDGE('',*,*,#4585,.T.);
#6506=ORIENTED_EDGE('',*,*,#4586,.T.);
#6507=ORIENTED_EDGE('',*,*,#4583,.F.);
#6508=ORIENTED_EDGE('',*,*,#4587,.T.);
#6509=ORIENTED_EDGE('',*,*,#4588,.T.);
#6510=ORIENTED_EDGE('',*,*,#4589,.F.);
#6511=ORIENTED_EDGE('',*,*,#4584,.F.);
#6512=ORIENTED_EDGE('',*,*,#4589,.T.);
#6513=ORIENTED_EDGE('',*,*,#4590,.T.);
#6514=ORIENTED_EDGE('',*,*,#4591,.F.);
#6515=ORIENTED_EDGE('',*,*,#4585,.F.);
#6516=ORIENTED_EDGE('',*,*,#4591,.T.);
#6517=ORIENTED_EDGE('',*,*,#4592,.T.);
#6518=ORIENTED_EDGE('',*,*,#4593,.F.);
#6519=ORIENTED_EDGE('',*,*,#4586,.F.);
#6520=ORIENTED_EDGE('',*,*,#4593,.T.);
#6521=ORIENTED_EDGE('',*,*,#4594,.T.);
#6522=ORIENTED_EDGE('',*,*,#4587,.F.);
#6523=ORIENTED_EDGE('',*,*,#4588,.F.);
#6524=ORIENTED_EDGE('',*,*,#4594,.F.);
#6525=ORIENTED_EDGE('',*,*,#4592,.F.);
#6526=ORIENTED_EDGE('',*,*,#4590,.F.);
#6527=ORIENTED_EDGE('',*,*,#4595,.T.);
#6528=ORIENTED_EDGE('',*,*,#4596,.T.);
#6529=ORIENTED_EDGE('',*,*,#4597,.T.);
#6530=ORIENTED_EDGE('',*,*,#4598,.T.);
#6531=ORIENTED_EDGE('',*,*,#4595,.F.);
#6532=ORIENTED_EDGE('',*,*,#4599,.T.);
#6533=ORIENTED_EDGE('',*,*,#4600,.T.);
#6534=ORIENTED_EDGE('',*,*,#4601,.F.);
#6535=ORIENTED_EDGE('',*,*,#4596,.F.);
#6536=ORIENTED_EDGE('',*,*,#4601,.T.);
#6537=ORIENTED_EDGE('',*,*,#4602,.T.);
#6538=ORIENTED_EDGE('',*,*,#4603,.F.);
#6539=ORIENTED_EDGE('',*,*,#4597,.F.);
#6540=ORIENTED_EDGE('',*,*,#4603,.T.);
#6541=ORIENTED_EDGE('',*,*,#4604,.T.);
#6542=ORIENTED_EDGE('',*,*,#4605,.F.);
#6543=ORIENTED_EDGE('',*,*,#4598,.F.);
#6544=ORIENTED_EDGE('',*,*,#4605,.T.);
#6545=ORIENTED_EDGE('',*,*,#4606,.T.);
#6546=ORIENTED_EDGE('',*,*,#4599,.F.);
#6547=ORIENTED_EDGE('',*,*,#4600,.F.);
#6548=ORIENTED_EDGE('',*,*,#4606,.F.);
#6549=ORIENTED_EDGE('',*,*,#4604,.F.);
#6550=ORIENTED_EDGE('',*,*,#4602,.F.);
#6551=ORIENTED_EDGE('',*,*,#4607,.T.);
#6552=ORIENTED_EDGE('',*,*,#4608,.T.);
#6553=ORIENTED_EDGE('',*,*,#4609,.T.);
#6554=ORIENTED_EDGE('',*,*,#4610,.T.);
#6555=ORIENTED_EDGE('',*,*,#4607,.F.);
#6556=ORIENTED_EDGE('',*,*,#4611,.T.);
#6557=ORIENTED_EDGE('',*,*,#4612,.T.);
#6558=ORIENTED_EDGE('',*,*,#4613,.F.);
#6559=ORIENTED_EDGE('',*,*,#4608,.F.);
#6560=ORIENTED_EDGE('',*,*,#4613,.T.);
#6561=ORIENTED_EDGE('',*,*,#4614,.T.);
#6562=ORIENTED_EDGE('',*,*,#4615,.F.);
#6563=ORIENTED_EDGE('',*,*,#4609,.F.);
#6564=ORIENTED_EDGE('',*,*,#4615,.T.);
#6565=ORIENTED_EDGE('',*,*,#4616,.T.);
#6566=ORIENTED_EDGE('',*,*,#4617,.F.);
#6567=ORIENTED_EDGE('',*,*,#4610,.F.);
#6568=ORIENTED_EDGE('',*,*,#4617,.T.);
#6569=ORIENTED_EDGE('',*,*,#4618,.T.);
#6570=ORIENTED_EDGE('',*,*,#4611,.F.);
#6571=ORIENTED_EDGE('',*,*,#4612,.F.);
#6572=ORIENTED_EDGE('',*,*,#4618,.F.);
#6573=ORIENTED_EDGE('',*,*,#4616,.F.);
#6574=ORIENTED_EDGE('',*,*,#4614,.F.);
#6575=ORIENTED_EDGE('',*,*,#4619,.T.);
#6576=ORIENTED_EDGE('',*,*,#4620,.T.);
#6577=ORIENTED_EDGE('',*,*,#4621,.T.);
#6578=ORIENTED_EDGE('',*,*,#4622,.T.);
#6579=ORIENTED_EDGE('',*,*,#4619,.F.);
#6580=ORIENTED_EDGE('',*,*,#4623,.T.);
#6581=ORIENTED_EDGE('',*,*,#4624,.T.);
#6582=ORIENTED_EDGE('',*,*,#4625,.F.);
#6583=ORIENTED_EDGE('',*,*,#4620,.F.);
#6584=ORIENTED_EDGE('',*,*,#4625,.T.);
#6585=ORIENTED_EDGE('',*,*,#4626,.T.);
#6586=ORIENTED_EDGE('',*,*,#4627,.F.);
#6587=ORIENTED_EDGE('',*,*,#4621,.F.);
#6588=ORIENTED_EDGE('',*,*,#4627,.T.);
#6589=ORIENTED_EDGE('',*,*,#4628,.T.);
#6590=ORIENTED_EDGE('',*,*,#4629,.F.);
#6591=ORIENTED_EDGE('',*,*,#4622,.F.);
#6592=ORIENTED_EDGE('',*,*,#4629,.T.);
#6593=ORIENTED_EDGE('',*,*,#4630,.T.);
#6594=ORIENTED_EDGE('',*,*,#4623,.F.);
#6595=ORIENTED_EDGE('',*,*,#4624,.F.);
#6596=ORIENTED_EDGE('',*,*,#4630,.F.);
#6597=ORIENTED_EDGE('',*,*,#4628,.F.);
#6598=ORIENTED_EDGE('',*,*,#4626,.F.);
#6599=ORIENTED_EDGE('',*,*,#4631,.T.);
#6600=ORIENTED_EDGE('',*,*,#4632,.T.);
#6601=ORIENTED_EDGE('',*,*,#4633,.T.);
#6602=ORIENTED_EDGE('',*,*,#4634,.T.);
#6603=ORIENTED_EDGE('',*,*,#4635,.T.);
#6604=ORIENTED_EDGE('',*,*,#4631,.F.);
#6605=ORIENTED_EDGE('',*,*,#4636,.F.);
#6606=ORIENTED_EDGE('',*,*,#4637,.T.);
#6607=ORIENTED_EDGE('',*,*,#4638,.F.);
#6608=ORIENTED_EDGE('',*,*,#4638,.T.);
#6609=ORIENTED_EDGE('',*,*,#4639,.T.);
#6610=ORIENTED_EDGE('',*,*,#4640,.F.);
#6611=ORIENTED_EDGE('',*,*,#4632,.F.);
#6612=ORIENTED_EDGE('',*,*,#4633,.F.);
#6613=ORIENTED_EDGE('',*,*,#4640,.T.);
#6614=ORIENTED_EDGE('',*,*,#4641,.T.);
#6615=ORIENTED_EDGE('',*,*,#4642,.F.);
#6616=ORIENTED_EDGE('',*,*,#4634,.F.);
#6617=ORIENTED_EDGE('',*,*,#4642,.T.);
#6618=ORIENTED_EDGE('',*,*,#4643,.T.);
#6619=ORIENTED_EDGE('',*,*,#4644,.F.);
#6620=ORIENTED_EDGE('',*,*,#4636,.T.);
#6621=ORIENTED_EDGE('',*,*,#4635,.F.);
#6622=ORIENTED_EDGE('',*,*,#4644,.T.);
#6623=ORIENTED_EDGE('',*,*,#4645,.T.);
#6624=ORIENTED_EDGE('',*,*,#4637,.F.);
#6625=ORIENTED_EDGE('',*,*,#4645,.F.);
#6626=ORIENTED_EDGE('',*,*,#4643,.F.);
#6627=ORIENTED_EDGE('',*,*,#4641,.F.);
#6628=ORIENTED_EDGE('',*,*,#4639,.F.);
#6629=ORIENTED_EDGE('',*,*,#4646,.F.);
#6630=ORIENTED_EDGE('',*,*,#4647,.F.);
#6631=ORIENTED_EDGE('',*,*,#4648,.F.);
#6632=ORIENTED_EDGE('',*,*,#4649,.F.);
#6633=ORIENTED_EDGE('',*,*,#4650,.F.);
#6634=ORIENTED_EDGE('',*,*,#4651,.F.);
#6635=ORIENTED_EDGE('',*,*,#4646,.T.);
#6636=ORIENTED_EDGE('',*,*,#4652,.T.);
#6637=ORIENTED_EDGE('',*,*,#4653,.F.);
#6638=ORIENTED_EDGE('',*,*,#4654,.F.);
#6639=ORIENTED_EDGE('',*,*,#4647,.T.);
#6640=ORIENTED_EDGE('',*,*,#4654,.T.);
#6641=ORIENTED_EDGE('',*,*,#4655,.F.);
#6642=ORIENTED_EDGE('',*,*,#4656,.F.);
#6643=ORIENTED_EDGE('',*,*,#4648,.T.);
#6644=ORIENTED_EDGE('',*,*,#4656,.T.);
#6645=ORIENTED_EDGE('',*,*,#4657,.F.);
#6646=ORIENTED_EDGE('',*,*,#4658,.F.);
#6647=ORIENTED_EDGE('',*,*,#4649,.T.);
#6648=ORIENTED_EDGE('',*,*,#4658,.T.);
#6649=ORIENTED_EDGE('',*,*,#4659,.F.);
#6650=ORIENTED_EDGE('',*,*,#4660,.F.);
#6651=ORIENTED_EDGE('',*,*,#4650,.T.);
#6652=ORIENTED_EDGE('',*,*,#4660,.T.);
#6653=ORIENTED_EDGE('',*,*,#4661,.F.);
#6654=ORIENTED_EDGE('',*,*,#4662,.F.);
#6655=ORIENTED_EDGE('',*,*,#4651,.T.);
#6656=ORIENTED_EDGE('',*,*,#4662,.T.);
#6657=ORIENTED_EDGE('',*,*,#4663,.F.);
#6658=ORIENTED_EDGE('',*,*,#4652,.F.);
#6659=ORIENTED_EDGE('',*,*,#4653,.T.);
#6660=ORIENTED_EDGE('',*,*,#4663,.T.);
#6661=ORIENTED_EDGE('',*,*,#4661,.T.);
#6662=ORIENTED_EDGE('',*,*,#4659,.T.);
#6663=ORIENTED_EDGE('',*,*,#4657,.T.);
#6664=ORIENTED_EDGE('',*,*,#4655,.T.);
#6665=ORIENTED_EDGE('',*,*,#4664,.F.);
#6666=ORIENTED_EDGE('',*,*,#4665,.F.);
#6667=ORIENTED_EDGE('',*,*,#4666,.F.);
#6668=ORIENTED_EDGE('',*,*,#4667,.F.);
#6669=ORIENTED_EDGE('',*,*,#4668,.F.);
#6670=ORIENTED_EDGE('',*,*,#4669,.F.);
#6671=ORIENTED_EDGE('',*,*,#4664,.T.);
#6672=ORIENTED_EDGE('',*,*,#4670,.T.);
#6673=ORIENTED_EDGE('',*,*,#4671,.F.);
#6674=ORIENTED_EDGE('',*,*,#4672,.F.);
#6675=ORIENTED_EDGE('',*,*,#4665,.T.);
#6676=ORIENTED_EDGE('',*,*,#4672,.T.);
#6677=ORIENTED_EDGE('',*,*,#4673,.F.);
#6678=ORIENTED_EDGE('',*,*,#4674,.F.);
#6679=ORIENTED_EDGE('',*,*,#4666,.T.);
#6680=ORIENTED_EDGE('',*,*,#4674,.T.);
#6681=ORIENTED_EDGE('',*,*,#4675,.F.);
#6682=ORIENTED_EDGE('',*,*,#4676,.F.);
#6683=ORIENTED_EDGE('',*,*,#4667,.T.);
#6684=ORIENTED_EDGE('',*,*,#4676,.T.);
#6685=ORIENTED_EDGE('',*,*,#4677,.F.);
#6686=ORIENTED_EDGE('',*,*,#4678,.F.);
#6687=ORIENTED_EDGE('',*,*,#4668,.T.);
#6688=ORIENTED_EDGE('',*,*,#4678,.T.);
#6689=ORIENTED_EDGE('',*,*,#4679,.F.);
#6690=ORIENTED_EDGE('',*,*,#4680,.F.);
#6691=ORIENTED_EDGE('',*,*,#4669,.T.);
#6692=ORIENTED_EDGE('',*,*,#4680,.T.);
#6693=ORIENTED_EDGE('',*,*,#4681,.F.);
#6694=ORIENTED_EDGE('',*,*,#4670,.F.);
#6695=ORIENTED_EDGE('',*,*,#4671,.T.);
#6696=ORIENTED_EDGE('',*,*,#4681,.T.);
#6697=ORIENTED_EDGE('',*,*,#4679,.T.);
#6698=ORIENTED_EDGE('',*,*,#4677,.T.);
#6699=ORIENTED_EDGE('',*,*,#4675,.T.);
#6700=ORIENTED_EDGE('',*,*,#4673,.T.);
#6701=ORIENTED_EDGE('',*,*,#4682,.F.);
#6702=ORIENTED_EDGE('',*,*,#4683,.F.);
#6703=ORIENTED_EDGE('',*,*,#4684,.F.);
#6704=ORIENTED_EDGE('',*,*,#4685,.F.);
#6705=ORIENTED_EDGE('',*,*,#4686,.F.);
#6706=ORIENTED_EDGE('',*,*,#4687,.F.);
#6707=ORIENTED_EDGE('',*,*,#4682,.T.);
#6708=ORIENTED_EDGE('',*,*,#4688,.T.);
#6709=ORIENTED_EDGE('',*,*,#4689,.F.);
#6710=ORIENTED_EDGE('',*,*,#4690,.F.);
#6711=ORIENTED_EDGE('',*,*,#4683,.T.);
#6712=ORIENTED_EDGE('',*,*,#4690,.T.);
#6713=ORIENTED_EDGE('',*,*,#4691,.F.);
#6714=ORIENTED_EDGE('',*,*,#4692,.F.);
#6715=ORIENTED_EDGE('',*,*,#4684,.T.);
#6716=ORIENTED_EDGE('',*,*,#4692,.T.);
#6717=ORIENTED_EDGE('',*,*,#4693,.F.);
#6718=ORIENTED_EDGE('',*,*,#4694,.F.);
#6719=ORIENTED_EDGE('',*,*,#4685,.T.);
#6720=ORIENTED_EDGE('',*,*,#4694,.T.);
#6721=ORIENTED_EDGE('',*,*,#4695,.F.);
#6722=ORIENTED_EDGE('',*,*,#4696,.F.);
#6723=ORIENTED_EDGE('',*,*,#4686,.T.);
#6724=ORIENTED_EDGE('',*,*,#4696,.T.);
#6725=ORIENTED_EDGE('',*,*,#4697,.F.);
#6726=ORIENTED_EDGE('',*,*,#4698,.F.);
#6727=ORIENTED_EDGE('',*,*,#4687,.T.);
#6728=ORIENTED_EDGE('',*,*,#4698,.T.);
#6729=ORIENTED_EDGE('',*,*,#4699,.F.);
#6730=ORIENTED_EDGE('',*,*,#4688,.F.);
#6731=ORIENTED_EDGE('',*,*,#4689,.T.);
#6732=ORIENTED_EDGE('',*,*,#4699,.T.);
#6733=ORIENTED_EDGE('',*,*,#4697,.T.);
#6734=ORIENTED_EDGE('',*,*,#4695,.T.);
#6735=ORIENTED_EDGE('',*,*,#4693,.T.);
#6736=ORIENTED_EDGE('',*,*,#4691,.T.);
#6737=ORIENTED_EDGE('',*,*,#4700,.F.);
#6738=ORIENTED_EDGE('',*,*,#4701,.F.);
#6739=ORIENTED_EDGE('',*,*,#4702,.F.);
#6740=ORIENTED_EDGE('',*,*,#4703,.F.);
#6741=ORIENTED_EDGE('',*,*,#4704,.F.);
#6742=ORIENTED_EDGE('',*,*,#4705,.F.);
#6743=ORIENTED_EDGE('',*,*,#4700,.T.);
#6744=ORIENTED_EDGE('',*,*,#4706,.T.);
#6745=ORIENTED_EDGE('',*,*,#4707,.F.);
#6746=ORIENTED_EDGE('',*,*,#4708,.F.);
#6747=ORIENTED_EDGE('',*,*,#4701,.T.);
#6748=ORIENTED_EDGE('',*,*,#4708,.T.);
#6749=ORIENTED_EDGE('',*,*,#4709,.F.);
#6750=ORIENTED_EDGE('',*,*,#4710,.F.);
#6751=ORIENTED_EDGE('',*,*,#4702,.T.);
#6752=ORIENTED_EDGE('',*,*,#4710,.T.);
#6753=ORIENTED_EDGE('',*,*,#4711,.F.);
#6754=ORIENTED_EDGE('',*,*,#4712,.F.);
#6755=ORIENTED_EDGE('',*,*,#4703,.T.);
#6756=ORIENTED_EDGE('',*,*,#4712,.T.);
#6757=ORIENTED_EDGE('',*,*,#4713,.F.);
#6758=ORIENTED_EDGE('',*,*,#4714,.F.);
#6759=ORIENTED_EDGE('',*,*,#4704,.T.);
#6760=ORIENTED_EDGE('',*,*,#4714,.T.);
#6761=ORIENTED_EDGE('',*,*,#4715,.F.);
#6762=ORIENTED_EDGE('',*,*,#4716,.F.);
#6763=ORIENTED_EDGE('',*,*,#4705,.T.);
#6764=ORIENTED_EDGE('',*,*,#4716,.T.);
#6765=ORIENTED_EDGE('',*,*,#4717,.F.);
#6766=ORIENTED_EDGE('',*,*,#4706,.F.);
#6767=ORIENTED_EDGE('',*,*,#4707,.T.);
#6768=ORIENTED_EDGE('',*,*,#4717,.T.);
#6769=ORIENTED_EDGE('',*,*,#4715,.T.);
#6770=ORIENTED_EDGE('',*,*,#4713,.T.);
#6771=ORIENTED_EDGE('',*,*,#4711,.T.);
#6772=ORIENTED_EDGE('',*,*,#4709,.T.);
#6773=ORIENTED_EDGE('',*,*,#4718,.F.);
#6774=ORIENTED_EDGE('',*,*,#4719,.T.);
#6775=ORIENTED_EDGE('',*,*,#4720,.T.);
#6776=ORIENTED_EDGE('',*,*,#4719,.F.);
#6777=ORIENTED_EDGE('',*,*,#4718,.T.);
#6778=ORIENTED_EDGE('',*,*,#4720,.F.);
#6779=PLANE('',#7626);
#6780=PLANE('',#7659);
#6781=PLANE('',#7660);
#6782=PLANE('',#7661);
#6783=PLANE('',#7662);
#6784=PLANE('',#7663);
#6785=PLANE('',#7664);
#6786=PLANE('',#7665);
#6787=PLANE('',#7666);
#6788=PLANE('',#7667);
#6789=PLANE('',#7668);
#6790=PLANE('',#7669);
#6791=PLANE('',#7670);
#6792=PLANE('',#7671);
#6793=PLANE('',#7672);
#6794=PLANE('',#7674);
#6795=PLANE('',#7676);
#6796=PLANE('',#7677);
#6797=PLANE('',#7680);
#6798=PLANE('',#7681);
#6799=PLANE('',#7682);
#6800=PLANE('',#7685);
#6801=PLANE('',#7686);
#6802=PLANE('',#7687);
#6803=PLANE('',#7690);
#6804=PLANE('',#7691);
#6805=PLANE('',#7692);
#6806=PLANE('',#7695);
#6807=PLANE('',#7696);
#6808=PLANE('',#7697);
#6809=PLANE('',#7700);
#6810=PLANE('',#7701);
#6811=PLANE('',#7702);
#6812=PLANE('',#7705);
#6813=PLANE('',#7706);
#6814=PLANE('',#7707);
#6815=PLANE('',#7710);
#6816=PLANE('',#7711);
#6817=PLANE('',#7712);
#6818=PLANE('',#7713);
#6819=PLANE('',#7714);
#6820=PLANE('',#7717);
#6821=PLANE('',#7718);
#6822=PLANE('',#7719);
#6823=PLANE('',#7720);
#6824=PLANE('',#7721);
#6825=PLANE('',#7723);
#6826=PLANE('',#7725);
#6827=PLANE('',#7726);
#6828=PLANE('',#7727);
#6829=PLANE('',#7728);
#6830=PLANE('',#7730);
#6831=PLANE('',#7731);
#6832=PLANE('',#7733);
#6833=PLANE('',#7734);
#6834=PLANE('',#7737);
#6835=PLANE('',#7738);
#6836=PLANE('',#7739);
#6837=PLANE('',#7742);
#6838=PLANE('',#7743);
#6839=PLANE('',#7744);
#6840=PLANE('',#7747);
#6841=PLANE('',#7748);
#6842=PLANE('',#7749);
#6843=PLANE('',#7752);
#6844=PLANE('',#7753);
#6845=PLANE('',#7754);
#6846=PLANE('',#7757);
#6847=PLANE('',#7758);
#6848=PLANE('',#7759);
#6849=PLANE('',#7762);
#6850=PLANE('',#7763);
#6851=PLANE('',#7764);
#6852=PLANE('',#7767);
#6853=PLANE('',#7768);
#6854=PLANE('',#7769);
#6855=PLANE('',#7770);
#6856=PLANE('',#7771);
#6857=PLANE('',#7772);
#6858=PLANE('',#7773);
#6859=PLANE('',#7774);
#6860=PLANE('',#7775);
#6861=PLANE('',#7776);
#6862=PLANE('',#7777);
#6863=PLANE('',#7778);
#6864=PLANE('',#7779);
#6865=PLANE('',#7780);
#6866=PLANE('',#7781);
#6867=PLANE('',#7782);
#6868=PLANE('',#7783);
#6869=PLANE('',#7784);
#6870=PLANE('',#7787);
#6871=PLANE('',#7788);
#6872=PLANE('',#7789);
#6873=PLANE('',#7792);
#6874=PLANE('',#7793);
#6875=PLANE('',#7794);
#6876=PLANE('',#7797);
#6877=PLANE('',#7798);
#6878=PLANE('',#7799);
#6879=PLANE('',#7802);
#6880=PLANE('',#7803);
#6881=PLANE('',#7804);
#6882=PLANE('',#7807);
#6883=PLANE('',#7808);
#6884=PLANE('',#7809);
#6885=PLANE('',#7812);
#6886=PLANE('',#7813);
#6887=PLANE('',#7814);
#6888=PLANE('',#7817);
#6889=PLANE('',#7818);
#6890=PLANE('',#7819);
#6891=PLANE('',#7820);
#6892=PLANE('',#7821);
#6893=PLANE('',#7822);
#6894=PLANE('',#7823);
#6895=PLANE('',#7824);
#6896=PLANE('',#7825);
#6897=PLANE('',#7826);
#6898=PLANE('',#7829);
#6899=PLANE('',#7830);
#6900=PLANE('',#7831);
#6901=PLANE('',#7834);
#6902=PLANE('',#7835);
#6903=PLANE('',#7836);
#6904=PLANE('',#7839);
#6905=PLANE('',#7840);
#6906=PLANE('',#7841);
#6907=PLANE('',#7844);
#6908=PLANE('',#7845);
#6909=PLANE('',#7846);
#6910=PLANE('',#7849);
#6911=PLANE('',#7850);
#6912=PLANE('',#7851);
#6913=PLANE('',#7854);
#6914=PLANE('',#7855);
#6915=PLANE('',#7856);
#6916=PLANE('',#7859);
#6917=PLANE('',#7860);
#6918=PLANE('',#7861);
#6919=PLANE('',#7862);
#6920=PLANE('',#7863);
#6921=PLANE('',#7864);
#6922=PLANE('',#7865);
#6923=PLANE('',#7866);
#6924=PLANE('',#7868);
#6925=PLANE('',#7869);
#6926=PLANE('',#7870);
#6927=PLANE('',#7871);
#6928=PLANE('',#7872);
#6929=PLANE('',#7873);
#6930=PLANE('',#7874);
#6931=PLANE('',#7875);
#6932=PLANE('',#7876);
#6933=PLANE('',#7877);
#6934=PLANE('',#7878);
#6935=PLANE('',#7879);
#6936=PLANE('',#7880);
#6937=PLANE('',#7882);
#6938=PLANE('',#7885);
#6939=PLANE('',#7886);
#6940=PLANE('',#7887);
#6941=PLANE('',#7888);
#6942=PLANE('',#7889);
#6943=PLANE('',#7891);
#6944=PLANE('',#7892);
#6945=PLANE('',#7893);
#6946=PLANE('',#7896);
#6947=PLANE('',#7897);
#6948=PLANE('',#7899);
#6949=PLANE('',#7900);
#6950=PLANE('',#7901);
#6951=PLANE('',#7904);
#6952=PLANE('',#7905);
#6953=PLANE('',#7907);
#6954=PLANE('',#7908);
#6955=PLANE('',#7909);
#6956=PLANE('',#7912);
#6957=PLANE('',#7913);
#6958=PLANE('',#7915);
#6959=PLANE('',#7916);
#6960=PLANE('',#7917);
#6961=PLANE('',#7920);
#6962=PLANE('',#7921);
#6963=PLANE('',#7923);
#6964=PLANE('',#7924);
#6965=PLANE('',#7925);
#6966=PLANE('',#7926);
#6967=PLANE('',#7929);
#6968=PLANE('',#7930);
#6969=PLANE('',#7932);
#6970=PLANE('',#7935);
#6971=PLANE('',#7936);
#6972=PLANE('',#7937);
#6973=PLANE('',#7938);
#6974=PLANE('',#7940);
#6975=PLANE('',#7943);
#6976=PLANE('',#7944);
#6977=PLANE('',#7945);
#6978=PLANE('',#7946);
#6979=PLANE('',#7948);
#6980=PLANE('',#7951);
#6981=PLANE('',#7952);
#6982=PLANE('',#7953);
#6983=PLANE('',#7954);
#6984=PLANE('',#7956);
#6985=PLANE('',#7959);
#6986=PLANE('',#7960);
#6987=PLANE('',#7961);
#6988=PLANE('',#7962);
#6989=PLANE('',#7964);
#6990=PLANE('',#7965);
#6991=PLANE('',#7966);
#6992=PLANE('',#7969);
#6993=PLANE('',#7970);
#6994=PLANE('',#7972);
#6995=PLANE('',#7973);
#6996=PLANE('',#7974);
#6997=PLANE('',#7977);
#6998=PLANE('',#7978);
#6999=PLANE('',#7980);
#7000=PLANE('',#7981);
#7001=PLANE('',#7982);
#7002=PLANE('',#7983);
#7003=PLANE('',#7986);
#7004=PLANE('',#7987);
#7005=PLANE('',#7989);
#7006=PLANE('',#7992);
#7007=PLANE('',#7993);
#7008=PLANE('',#7994);
#7009=PLANE('',#7995);
#7010=PLANE('',#7997);
#7011=PLANE('',#8000);
#7012=PLANE('',#8001);
#7013=PLANE('',#8002);
#7014=PLANE('',#8003);
#7015=PLANE('',#8005);
#7016=PLANE('',#8008);
#7017=PLANE('',#8009);
#7018=PLANE('',#8010);
#7019=PLANE('',#8011);
#7020=PLANE('',#8012);
#7021=PLANE('',#8014);
#7022=PLANE('',#8015);
#7023=PLANE('',#8016);
#7024=PLANE('',#8017);
#7025=PLANE('',#8020);
#7026=PLANE('',#8021);
#7027=PLANE('',#8023);
#7028=PLANE('',#8024);
#7029=PLANE('',#8025);
#7030=PLANE('',#8028);
#7031=PLANE('',#8029);
#7032=PLANE('',#8031);
#7033=PLANE('',#8032);
#7034=PLANE('',#8033);
#7035=PLANE('',#8036);
#7036=PLANE('',#8037);
#7037=PLANE('',#8039);
#7038=PLANE('',#8040);
#7039=PLANE('',#8041);
#7040=PLANE('',#8044);
#7041=PLANE('',#8045);
#7042=PLANE('',#8047);
#7043=PLANE('',#8048);
#7044=PLANE('',#8049);
#7045=PLANE('',#8052);
#7046=PLANE('',#8053);
#7047=PLANE('',#8055);
#7048=PLANE('',#8056);
#7049=PLANE('',#8057);
#7050=PLANE('',#8060);
#7051=PLANE('',#8061);
#7052=PLANE('',#8063);
#7053=PLANE('',#8064);
#7054=PLANE('',#8065);
#7055=PLANE('',#8068);
#7056=PLANE('',#8069);
#7057=PLANE('',#8071);
#7058=PLANE('',#8074);
#7059=PLANE('',#8075);
#7060=PLANE('',#8076);
#7061=PLANE('',#8077);
#7062=PLANE('',#8078);
#7063=PLANE('',#8080);
#7064=PLANE('',#8083);
#7065=PLANE('',#8084);
#7066=PLANE('',#8085);
#7067=PLANE('',#8086);
#7068=PLANE('',#8087);
#7069=PLANE('',#8089);
#7070=PLANE('',#8092);
#7071=PLANE('',#8093);
#7072=PLANE('',#8094);
#7073=PLANE('',#8095);
#7074=PLANE('',#8097);
#7075=PLANE('',#8100);
#7076=PLANE('',#8101);
#7077=PLANE('',#8102);
#7078=PLANE('',#8103);
#7079=PLANE('',#8105);
#7080=PLANE('',#8108);
#7081=PLANE('',#8109);
#7082=PLANE('',#8110);
#7083=PLANE('',#8111);
#7084=PLANE('',#8113);
#7085=PLANE('',#8116);
#7086=PLANE('',#8117);
#7087=PLANE('',#8118);
#7088=PLANE('',#8119);
#7089=PLANE('',#8121);
#7090=PLANE('',#8124);
#7091=PLANE('',#8125);
#7092=PLANE('',#8126);
#7093=PLANE('',#8127);
#7094=PLANE('',#8129);
#7095=PLANE('',#8132);
#7096=PLANE('',#8133);
#7097=PLANE('',#8134);
#7098=PLANE('',#8135);
#7099=PLANE('',#8137);
#7100=PLANE('',#8138);
#7101=PLANE('',#8139);
#7102=PLANE('',#8140);
#7103=PLANE('',#8143);
#7104=PLANE('',#8144);
#7105=PLANE('',#8145);
#7106=PLANE('',#8146);
#7107=PLANE('',#8147);
#7108=PLANE('',#8148);
#7109=PLANE('',#8149);
#7110=PLANE('',#8150);
#7111=PLANE('',#8151);
#7112=PLANE('',#8152);
#7113=PLANE('',#8153);
#7114=PLANE('',#8154);
#7115=PLANE('',#8155);
#7116=PLANE('',#8156);
#7117=PLANE('',#8157);
#7118=PLANE('',#8158);
#7119=PLANE('',#8159);
#7120=PLANE('',#8160);
#7121=PLANE('',#8161);
#7122=PLANE('',#8162);
#7123=PLANE('',#8163);
#7124=PLANE('',#8164);
#7125=PLANE('',#8165);
#7126=PLANE('',#8166);
#7127=PLANE('',#8167);
#7128=PLANE('',#8168);
#7129=PLANE('',#8169);
#7130=PLANE('',#8170);
#7131=PLANE('',#8171);
#7132=PLANE('',#8172);
#7133=PLANE('',#8173);
#7134=PLANE('',#8174);
#7135=PLANE('',#8175);
#7136=PLANE('',#8179);
#7137=PLANE('',#8180);
#7138=ADVANCED_FACE('',(#219,#208),#6779,.F.);
#7139=ADVANCED_FACE('',(#220),#6780,.F.);
#7140=ADVANCED_FACE('',(#221),#6781,.F.);
#7141=ADVANCED_FACE('',(#222),#6782,.F.);
#7142=ADVANCED_FACE('',(#223),#6783,.F.);
#7143=ADVANCED_FACE('',(#224),#6784,.F.);
#7144=ADVANCED_FACE('',(#225,#209),#6785,.T.);
#7145=ADVANCED_FACE('',(#226),#6786,.F.);
#7146=ADVANCED_FACE('',(#227),#6787,.F.);
#7147=ADVANCED_FACE('',(#228),#6788,.F.);
#7148=ADVANCED_FACE('',(#229),#6789,.F.);
#7149=ADVANCED_FACE('',(#230),#6790,.F.);
#7150=ADVANCED_FACE('',(#231),#6791,.F.);
#7151=ADVANCED_FACE('',(#232,#210,#211),#6792,.T.);
#7152=ADVANCED_FACE('',(#233),#6793,.F.);
#7153=ADVANCED_FACE('',(#234),#6794,.T.);
#7154=ADVANCED_FACE('',(#235),#143,.F.);
#7155=ADVANCED_FACE('',(#236),#6795,.F.);
#7156=ADVANCED_FACE('',(#237),#6796,.F.);
#7157=ADVANCED_FACE('',(#238),#144,.F.);
#7158=ADVANCED_FACE('',(#239),#6797,.F.);
#7159=ADVANCED_FACE('',(#240),#6798,.F.);
#7160=ADVANCED_FACE('',(#241),#6799,.F.);
#7161=ADVANCED_FACE('',(#242),#145,.F.);
#7162=ADVANCED_FACE('',(#243),#6800,.F.);
#7163=ADVANCED_FACE('',(#244),#6801,.F.);
#7164=ADVANCED_FACE('',(#245),#6802,.F.);
#7165=ADVANCED_FACE('',(#246),#146,.F.);
#7166=ADVANCED_FACE('',(#247),#6803,.F.);
#7167=ADVANCED_FACE('',(#248),#6804,.F.);
#7168=ADVANCED_FACE('',(#249),#6805,.F.);
#7169=ADVANCED_FACE('',(#250),#147,.F.);
#7170=ADVANCED_FACE('',(#251),#6806,.F.);
#7171=ADVANCED_FACE('',(#252),#6807,.F.);
#7172=ADVANCED_FACE('',(#253),#6808,.F.);
#7173=ADVANCED_FACE('',(#254),#148,.F.);
#7174=ADVANCED_FACE('',(#255),#6809,.F.);
#7175=ADVANCED_FACE('',(#256),#6810,.F.);
#7176=ADVANCED_FACE('',(#257),#6811,.F.);
#7177=ADVANCED_FACE('',(#258),#149,.F.);
#7178=ADVANCED_FACE('',(#259),#6812,.F.);
#7179=ADVANCED_FACE('',(#260),#6813,.F.);
#7180=ADVANCED_FACE('',(#261),#6814,.F.);
#7181=ADVANCED_FACE('',(#262),#150,.F.);
#7182=ADVANCED_FACE('',(#263),#6815,.T.);
#7183=ADVANCED_FACE('',(#264),#6816,.F.);
#7184=ADVANCED_FACE('',(#265),#6817,.F.);
#7185=ADVANCED_FACE('',(#266,#212,#213),#6818,.T.);
#7186=ADVANCED_FACE('',(#267),#6819,.F.);
#7187=ADVANCED_FACE('',(#268),#151,.F.);
#7188=ADVANCED_FACE('',(#269),#6820,.T.);
#7189=ADVANCED_FACE('',(#270),#6821,.F.);
#7190=ADVANCED_FACE('',(#271),#6822,.F.);
#7191=ADVANCED_FACE('',(#272,#214,#215),#6823,.T.);
#7192=ADVANCED_FACE('',(#273),#6824,.T.);
#7193=ADVANCED_FACE('',(#274),#6825,.T.);
#7194=ADVANCED_FACE('',(#275),#152,.F.);
#7195=ADVANCED_FACE('',(#276),#6826,.T.);
#7196=ADVANCED_FACE('',(#277),#6827,.T.);
#7197=ADVANCED_FACE('',(#278,#216,#217),#6828,.T.);
#7198=ADVANCED_FACE('',(#279),#6829,.T.);
#7199=ADVANCED_FACE('',(#280),#6830,.T.);
#7200=ADVANCED_FACE('',(#281),#6831,.T.);
#7201=ADVANCED_FACE('',(#282),#153,.F.);
#7202=ADVANCED_FACE('',(#283),#6832,.T.);
#7203=ADVANCED_FACE('',(#284),#6833,.T.);
#7204=ADVANCED_FACE('',(#285),#154,.F.);
#7205=ADVANCED_FACE('',(#286),#6834,.T.);
#7206=ADVANCED_FACE('',(#287),#6835,.T.);
#7207=ADVANCED_FACE('',(#288),#6836,.T.);
#7208=ADVANCED_FACE('',(#289),#155,.F.);
#7209=ADVANCED_FACE('',(#290),#6837,.T.);
#7210=ADVANCED_FACE('',(#291),#6838,.T.);
#7211=ADVANCED_FACE('',(#292),#6839,.T.);
#7212=ADVANCED_FACE('',(#293),#156,.F.);
#7213=ADVANCED_FACE('',(#294),#6840,.T.);
#7214=ADVANCED_FACE('',(#295),#6841,.T.);
#7215=ADVANCED_FACE('',(#296),#6842,.T.);
#7216=ADVANCED_FACE('',(#297),#157,.F.);
#7217=ADVANCED_FACE('',(#298),#6843,.T.);
#7218=ADVANCED_FACE('',(#299),#6844,.T.);
#7219=ADVANCED_FACE('',(#300),#6845,.T.);
#7220=ADVANCED_FACE('',(#301),#158,.F.);
#7221=ADVANCED_FACE('',(#302),#6846,.T.);
#7222=ADVANCED_FACE('',(#303),#6847,.T.);
#7223=ADVANCED_FACE('',(#304),#6848,.T.);
#7224=ADVANCED_FACE('',(#305),#159,.F.);
#7225=ADVANCED_FACE('',(#306),#6849,.T.);
#7226=ADVANCED_FACE('',(#307),#6850,.T.);
#7227=ADVANCED_FACE('',(#308),#6851,.T.);
#7228=ADVANCED_FACE('',(#309),#160,.F.);
#7229=ADVANCED_FACE('',(#310),#6852,.T.);
#7230=ADVANCED_FACE('',(#311),#6853,.T.);
#7231=ADVANCED_FACE('',(#312),#6854,.T.);
#7232=ADVANCED_FACE('',(#313),#6855,.T.);
#7233=ADVANCED_FACE('',(#314),#6856,.T.);
#7234=ADVANCED_FACE('',(#315),#6857,.F.);
#7235=ADVANCED_FACE('',(#316),#6858,.F.);
#7236=ADVANCED_FACE('',(#317),#6859,.F.);
#7237=ADVANCED_FACE('',(#318),#6860,.F.);
#7238=ADVANCED_FACE('',(#319),#6861,.F.);
#7239=ADVANCED_FACE('',(#320),#6862,.T.);
#7240=ADVANCED_FACE('',(#321),#6863,.F.);
#7241=ADVANCED_FACE('',(#322),#6864,.F.);
#7242=ADVANCED_FACE('',(#323),#6865,.F.);
#7243=ADVANCED_FACE('',(#324),#6866,.F.);
#7244=ADVANCED_FACE('',(#325),#6867,.F.);
#7245=ADVANCED_FACE('',(#326),#6868,.T.);
#7246=ADVANCED_FACE('',(#327),#6869,.T.);
#7247=ADVANCED_FACE('',(#328),#161,.F.);
#7248=ADVANCED_FACE('',(#329),#6870,.T.);
#7249=ADVANCED_FACE('',(#330),#6871,.T.);
#7250=ADVANCED_FACE('',(#331),#6872,.T.);
#7251=ADVANCED_FACE('',(#332),#162,.F.);
#7252=ADVANCED_FACE('',(#333),#6873,.T.);
#7253=ADVANCED_FACE('',(#334),#6874,.T.);
#7254=ADVANCED_FACE('',(#335),#6875,.T.);
#7255=ADVANCED_FACE('',(#336),#163,.F.);
#7256=ADVANCED_FACE('',(#337),#6876,.T.);
#7257=ADVANCED_FACE('',(#338),#6877,.T.);
#7258=ADVANCED_FACE('',(#339),#6878,.T.);
#7259=ADVANCED_FACE('',(#340),#164,.F.);
#7260=ADVANCED_FACE('',(#341),#6879,.T.);
#7261=ADVANCED_FACE('',(#342),#6880,.T.);
#7262=ADVANCED_FACE('',(#343),#6881,.T.);
#7263=ADVANCED_FACE('',(#344),#165,.F.);
#7264=ADVANCED_FACE('',(#345),#6882,.T.);
#7265=ADVANCED_FACE('',(#346),#6883,.T.);
#7266=ADVANCED_FACE('',(#347),#6884,.T.);
#7267=ADVANCED_FACE('',(#348),#166,.F.);
#7268=ADVANCED_FACE('',(#349),#6885,.T.);
#7269=ADVANCED_FACE('',(#350),#6886,.T.);
#7270=ADVANCED_FACE('',(#351),#6887,.T.);
#7271=ADVANCED_FACE('',(#352),#167,.F.);
#7272=ADVANCED_FACE('',(#353),#6888,.T.);
#7273=ADVANCED_FACE('',(#354),#6889,.T.);
#7274=ADVANCED_FACE('',(#355),#6890,.T.);
#7275=ADVANCED_FACE('',(#356),#6891,.F.);
#7276=ADVANCED_FACE('',(#357),#6892,.F.);
#7277=ADVANCED_FACE('',(#358),#6893,.F.);
#7278=ADVANCED_FACE('',(#359),#6894,.F.);
#7279=ADVANCED_FACE('',(#360),#6895,.F.);
#7280=ADVANCED_FACE('',(#361),#6896,.F.);
#7281=ADVANCED_FACE('',(#362),#6897,.T.);
#7282=ADVANCED_FACE('',(#363),#168,.F.);
#7283=ADVANCED_FACE('',(#364),#6898,.F.);
#7284=ADVANCED_FACE('',(#365),#6899,.F.);
#7285=ADVANCED_FACE('',(#366),#6900,.F.);
#7286=ADVANCED_FACE('',(#367),#169,.F.);
#7287=ADVANCED_FACE('',(#368),#6901,.F.);
#7288=ADVANCED_FACE('',(#369),#6902,.F.);
#7289=ADVANCED_FACE('',(#370),#6903,.F.);
#7290=ADVANCED_FACE('',(#371),#170,.F.);
#7291=ADVANCED_FACE('',(#372),#6904,.F.);
#7292=ADVANCED_FACE('',(#373),#6905,.F.);
#7293=ADVANCED_FACE('',(#374),#6906,.F.);
#7294=ADVANCED_FACE('',(#375),#171,.F.);
#7295=ADVANCED_FACE('',(#376),#6907,.F.);
#7296=ADVANCED_FACE('',(#377),#6908,.F.);
#7297=ADVANCED_FACE('',(#378),#6909,.F.);
#7298=ADVANCED_FACE('',(#379),#172,.F.);
#7299=ADVANCED_FACE('',(#380),#6910,.F.);
#7300=ADVANCED_FACE('',(#381),#6911,.F.);
#7301=ADVANCED_FACE('',(#382),#6912,.F.);
#7302=ADVANCED_FACE('',(#383),#173,.F.);
#7303=ADVANCED_FACE('',(#384),#6913,.F.);
#7304=ADVANCED_FACE('',(#385),#6914,.F.);
#7305=ADVANCED_FACE('',(#386),#6915,.F.);
#7306=ADVANCED_FACE('',(#387),#174,.F.);
#7307=ADVANCED_FACE('',(#388),#6916,.F.);
#7308=ADVANCED_FACE('',(#389),#6917,.F.);
#7309=ADVANCED_FACE('',(#390),#6918,.T.);
#7310=ADVANCED_FACE('',(#391),#6919,.F.);
#7311=ADVANCED_FACE('',(#392),#6920,.F.);
#7312=ADVANCED_FACE('',(#393),#6921,.F.);
#7313=ADVANCED_FACE('',(#394),#6922,.F.);
#7314=ADVANCED_FACE('',(#395),#6923,.F.);
#7315=ADVANCED_FACE('',(#396),#6924,.T.);
#7316=ADVANCED_FACE('',(#397),#6925,.T.);
#7317=ADVANCED_FACE('',(#398,#218),#6926,.F.);
#7318=ADVANCED_FACE('',(#399),#6927,.T.);
#7319=ADVANCED_FACE('',(#400),#6928,.T.);
#7320=ADVANCED_FACE('',(#401),#6929,.T.);
#7321=ADVANCED_FACE('',(#402),#6930,.T.);
#7322=ADVANCED_FACE('',(#403),#6931,.T.);
#7323=ADVANCED_FACE('',(#404),#6932,.T.);
#7324=ADVANCED_FACE('',(#405),#6933,.T.);
#7325=ADVANCED_FACE('',(#406),#6934,.T.);
#7326=ADVANCED_FACE('',(#407),#6935,.T.);
#7327=ADVANCED_FACE('',(#408),#6936,.F.);
#7328=ADVANCED_FACE('',(#409),#6937,.F.);
#7329=ADVANCED_FACE('',(#410),#175,.T.);
#7330=ADVANCED_FACE('',(#411),#6938,.T.);
#7331=ADVANCED_FACE('',(#412),#6939,.T.);
#7332=ADVANCED_FACE('',(#413),#6940,.T.);
#7333=ADVANCED_FACE('',(#414),#6941,.T.);
#7334=ADVANCED_FACE('',(#415),#6942,.F.);
#7335=ADVANCED_FACE('',(#416),#6943,.T.);
#7336=ADVANCED_FACE('',(#417),#6944,.T.);
#7337=ADVANCED_FACE('',(#418),#6945,.T.);
#7338=ADVANCED_FACE('',(#419),#176,.T.);
#7339=ADVANCED_FACE('',(#420),#6946,.T.);
#7340=ADVANCED_FACE('',(#421),#6947,.F.);
#7341=ADVANCED_FACE('',(#422),#6948,.T.);
#7342=ADVANCED_FACE('',(#423),#6949,.T.);
#7343=ADVANCED_FACE('',(#424),#6950,.T.);
#7344=ADVANCED_FACE('',(#425),#177,.T.);
#7345=ADVANCED_FACE('',(#426),#6951,.T.);
#7346=ADVANCED_FACE('',(#427),#6952,.F.);
#7347=ADVANCED_FACE('',(#428),#6953,.T.);
#7348=ADVANCED_FACE('',(#429),#6954,.T.);
#7349=ADVANCED_FACE('',(#430),#6955,.T.);
#7350=ADVANCED_FACE('',(#431),#178,.T.);
#7351=ADVANCED_FACE('',(#432),#6956,.T.);
#7352=ADVANCED_FACE('',(#433),#6957,.F.);
#7353=ADVANCED_FACE('',(#434),#6958,.T.);
#7354=ADVANCED_FACE('',(#435),#6959,.T.);
#7355=ADVANCED_FACE('',(#436),#6960,.T.);
#7356=ADVANCED_FACE('',(#437),#179,.T.);
#7357=ADVANCED_FACE('',(#438),#6961,.T.);
#7358=ADVANCED_FACE('',(#439),#6962,.T.);
#7359=ADVANCED_FACE('',(#440),#6963,.F.);
#7360=ADVANCED_FACE('',(#441),#6964,.F.);
#7361=ADVANCED_FACE('',(#442),#6965,.F.);
#7362=ADVANCED_FACE('',(#443),#6966,.F.);
#7363=ADVANCED_FACE('',(#444),#180,.T.);
#7364=ADVANCED_FACE('',(#445),#6967,.F.);
#7365=ADVANCED_FACE('',(#446),#6968,.T.);
#7366=ADVANCED_FACE('',(#447),#6969,.F.);
#7367=ADVANCED_FACE('',(#448),#181,.T.);
#7368=ADVANCED_FACE('',(#449),#6970,.F.);
#7369=ADVANCED_FACE('',(#450),#6971,.F.);
#7370=ADVANCED_FACE('',(#451),#6972,.F.);
#7371=ADVANCED_FACE('',(#452),#6973,.T.);
#7372=ADVANCED_FACE('',(#453),#6974,.F.);
#7373=ADVANCED_FACE('',(#454),#182,.T.);
#7374=ADVANCED_FACE('',(#455),#6975,.F.);
#7375=ADVANCED_FACE('',(#456),#6976,.F.);
#7376=ADVANCED_FACE('',(#457),#6977,.F.);
#7377=ADVANCED_FACE('',(#458),#6978,.T.);
#7378=ADVANCED_FACE('',(#459),#6979,.F.);
#7379=ADVANCED_FACE('',(#460),#183,.T.);
#7380=ADVANCED_FACE('',(#461),#6980,.F.);
#7381=ADVANCED_FACE('',(#462),#6981,.F.);
#7382=ADVANCED_FACE('',(#463),#6982,.F.);
#7383=ADVANCED_FACE('',(#464),#6983,.T.);
#7384=ADVANCED_FACE('',(#465),#6984,.F.);
#7385=ADVANCED_FACE('',(#466),#184,.T.);
#7386=ADVANCED_FACE('',(#467),#6985,.F.);
#7387=ADVANCED_FACE('',(#468),#6986,.F.);
#7388=ADVANCED_FACE('',(#469),#6987,.F.);
#7389=ADVANCED_FACE('',(#470),#6988,.F.);
#7390=ADVANCED_FACE('',(#471),#6989,.T.);
#7391=ADVANCED_FACE('',(#472),#6990,.T.);
#7392=ADVANCED_FACE('',(#473),#6991,.T.);
#7393=ADVANCED_FACE('',(#474),#185,.T.);
#7394=ADVANCED_FACE('',(#475),#6992,.T.);
#7395=ADVANCED_FACE('',(#476),#6993,.F.);
#7396=ADVANCED_FACE('',(#477),#6994,.T.);
#7397=ADVANCED_FACE('',(#478),#6995,.T.);
#7398=ADVANCED_FACE('',(#479),#6996,.T.);
#7399=ADVANCED_FACE('',(#480),#186,.T.);
#7400=ADVANCED_FACE('',(#481),#6997,.T.);
#7401=ADVANCED_FACE('',(#482),#6998,.F.);
#7402=ADVANCED_FACE('',(#483),#6999,.F.);
#7403=ADVANCED_FACE('',(#484),#7000,.T.);
#7404=ADVANCED_FACE('',(#485),#7001,.T.);
#7405=ADVANCED_FACE('',(#486),#7002,.T.);
#7406=ADVANCED_FACE('',(#487),#187,.T.);
#7407=ADVANCED_FACE('',(#488),#7003,.T.);
#7408=ADVANCED_FACE('',(#489),#7004,.T.);
#7409=ADVANCED_FACE('',(#490),#7005,.F.);
#7410=ADVANCED_FACE('',(#491),#188,.T.);
#7411=ADVANCED_FACE('',(#492),#7006,.F.);
#7412=ADVANCED_FACE('',(#493),#7007,.F.);
#7413=ADVANCED_FACE('',(#494),#7008,.F.);
#7414=ADVANCED_FACE('',(#495),#7009,.T.);
#7415=ADVANCED_FACE('',(#496),#7010,.F.);
#7416=ADVANCED_FACE('',(#497),#189,.T.);
#7417=ADVANCED_FACE('',(#498),#7011,.F.);
#7418=ADVANCED_FACE('',(#499),#7012,.F.);
#7419=ADVANCED_FACE('',(#500),#7013,.F.);
#7420=ADVANCED_FACE('',(#501),#7014,.T.);
#7421=ADVANCED_FACE('',(#502),#7015,.F.);
#7422=ADVANCED_FACE('',(#503),#190,.T.);
#7423=ADVANCED_FACE('',(#504),#7016,.F.);
#7424=ADVANCED_FACE('',(#505),#7017,.F.);
#7425=ADVANCED_FACE('',(#506),#7018,.F.);
#7426=ADVANCED_FACE('',(#507),#7019,.F.);
#7427=ADVANCED_FACE('',(#508),#7020,.F.);
#7428=ADVANCED_FACE('',(#509),#7021,.F.);
#7429=ADVANCED_FACE('',(#510),#7022,.T.);
#7430=ADVANCED_FACE('',(#511),#7023,.T.);
#7431=ADVANCED_FACE('',(#512),#7024,.T.);
#7432=ADVANCED_FACE('',(#513),#191,.T.);
#7433=ADVANCED_FACE('',(#514),#7025,.T.);
#7434=ADVANCED_FACE('',(#515),#7026,.F.);
#7435=ADVANCED_FACE('',(#516),#7027,.T.);
#7436=ADVANCED_FACE('',(#517),#7028,.T.);
#7437=ADVANCED_FACE('',(#518),#7029,.T.);
#7438=ADVANCED_FACE('',(#519),#192,.T.);
#7439=ADVANCED_FACE('',(#520),#7030,.T.);
#7440=ADVANCED_FACE('',(#521),#7031,.F.);
#7441=ADVANCED_FACE('',(#522),#7032,.T.);
#7442=ADVANCED_FACE('',(#523),#7033,.T.);
#7443=ADVANCED_FACE('',(#524),#7034,.T.);
#7444=ADVANCED_FACE('',(#525),#193,.T.);
#7445=ADVANCED_FACE('',(#526),#7035,.T.);
#7446=ADVANCED_FACE('',(#527),#7036,.F.);
#7447=ADVANCED_FACE('',(#528),#7037,.T.);
#7448=ADVANCED_FACE('',(#529),#7038,.T.);
#7449=ADVANCED_FACE('',(#530),#7039,.T.);
#7450=ADVANCED_FACE('',(#531),#194,.T.);
#7451=ADVANCED_FACE('',(#532),#7040,.T.);
#7452=ADVANCED_FACE('',(#533),#7041,.F.);
#7453=ADVANCED_FACE('',(#534),#7042,.T.);
#7454=ADVANCED_FACE('',(#535),#7043,.T.);
#7455=ADVANCED_FACE('',(#536),#7044,.T.);
#7456=ADVANCED_FACE('',(#537),#195,.T.);
#7457=ADVANCED_FACE('',(#538),#7045,.T.);
#7458=ADVANCED_FACE('',(#539),#7046,.F.);
#7459=ADVANCED_FACE('',(#540),#7047,.T.);
#7460=ADVANCED_FACE('',(#541),#7048,.T.);
#7461=ADVANCED_FACE('',(#542),#7049,.T.);
#7462=ADVANCED_FACE('',(#543),#196,.T.);
#7463=ADVANCED_FACE('',(#544),#7050,.T.);
#7464=ADVANCED_FACE('',(#545),#7051,.F.);
#7465=ADVANCED_FACE('',(#546),#7052,.T.);
#7466=ADVANCED_FACE('',(#547),#7053,.T.);
#7467=ADVANCED_FACE('',(#548),#7054,.T.);
#7468=ADVANCED_FACE('',(#549),#197,.T.);
#7469=ADVANCED_FACE('',(#550),#7055,.T.);
#7470=ADVANCED_FACE('',(#551),#7056,.F.);
#7471=ADVANCED_FACE('',(#552),#7057,.F.);
#7472=ADVANCED_FACE('',(#553),#198,.T.);
#7473=ADVANCED_FACE('',(#554),#7058,.T.);
#7474=ADVANCED_FACE('',(#555),#7059,.T.);
#7475=ADVANCED_FACE('',(#556),#7060,.T.);
#7476=ADVANCED_FACE('',(#557),#7061,.T.);
#7477=ADVANCED_FACE('',(#558),#7062,.T.);
#7478=ADVANCED_FACE('',(#559),#7063,.F.);
#7479=ADVANCED_FACE('',(#560),#199,.T.);
#7480=ADVANCED_FACE('',(#561),#7064,.F.);
#7481=ADVANCED_FACE('',(#562),#7065,.F.);
#7482=ADVANCED_FACE('',(#563),#7066,.F.);
#7483=ADVANCED_FACE('',(#564),#7067,.F.);
#7484=ADVANCED_FACE('',(#565),#7068,.T.);
#7485=ADVANCED_FACE('',(#566),#7069,.F.);
#7486=ADVANCED_FACE('',(#567),#200,.T.);
#7487=ADVANCED_FACE('',(#568),#7070,.F.);
#7488=ADVANCED_FACE('',(#569),#7071,.F.);
#7489=ADVANCED_FACE('',(#570),#7072,.F.);
#7490=ADVANCED_FACE('',(#571),#7073,.T.);
#7491=ADVANCED_FACE('',(#572),#7074,.F.);
#7492=ADVANCED_FACE('',(#573),#201,.T.);
#7493=ADVANCED_FACE('',(#574),#7075,.F.);
#7494=ADVANCED_FACE('',(#575),#7076,.F.);
#7495=ADVANCED_FACE('',(#576),#7077,.F.);
#7496=ADVANCED_FACE('',(#577),#7078,.T.);
#7497=ADVANCED_FACE('',(#578),#7079,.F.);
#7498=ADVANCED_FACE('',(#579),#202,.T.);
#7499=ADVANCED_FACE('',(#580),#7080,.F.);
#7500=ADVANCED_FACE('',(#581),#7081,.F.);
#7501=ADVANCED_FACE('',(#582),#7082,.F.);
#7502=ADVANCED_FACE('',(#583),#7083,.T.);
#7503=ADVANCED_FACE('',(#584),#7084,.F.);
#7504=ADVANCED_FACE('',(#585),#203,.T.);
#7505=ADVANCED_FACE('',(#586),#7085,.F.);
#7506=ADVANCED_FACE('',(#587),#7086,.F.);
#7507=ADVANCED_FACE('',(#588),#7087,.F.);
#7508=ADVANCED_FACE('',(#589),#7088,.T.);
#7509=ADVANCED_FACE('',(#590),#7089,.F.);
#7510=ADVANCED_FACE('',(#591),#204,.T.);
#7511=ADVANCED_FACE('',(#592),#7090,.F.);
#7512=ADVANCED_FACE('',(#593),#7091,.F.);
#7513=ADVANCED_FACE('',(#594),#7092,.F.);
#7514=ADVANCED_FACE('',(#595),#7093,.T.);
#7515=ADVANCED_FACE('',(#596),#7094,.F.);
#7516=ADVANCED_FACE('',(#597),#205,.T.);
#7517=ADVANCED_FACE('',(#598),#7095,.F.);
#7518=ADVANCED_FACE('',(#599),#7096,.F.);
#7519=ADVANCED_FACE('',(#600),#7097,.F.);
#7520=ADVANCED_FACE('',(#601),#7098,.T.);
#7521=ADVANCED_FACE('',(#602),#7099,.F.);
#7522=ADVANCED_FACE('',(#603),#7100,.F.);
#7523=ADVANCED_FACE('',(#604),#7101,.F.);
#7524=ADVANCED_FACE('',(#605),#7102,.F.);
#7525=ADVANCED_FACE('',(#606),#206,.T.);
#7526=ADVANCED_FACE('',(#607),#7103,.F.);
#7527=ADVANCED_FACE('',(#608),#7104,.F.);
#7528=ADVANCED_FACE('',(#609),#7105,.T.);
#7529=ADVANCED_FACE('',(#610),#7106,.T.);
#7530=ADVANCED_FACE('',(#611),#7107,.T.);
#7531=ADVANCED_FACE('',(#612),#7108,.T.);
#7532=ADVANCED_FACE('',(#613),#7109,.T.);
#7533=ADVANCED_FACE('',(#614),#7110,.T.);
#7534=ADVANCED_FACE('',(#615),#7111,.T.);
#7535=ADVANCED_FACE('',(#616),#7112,.F.);
#7536=ADVANCED_FACE('',(#617),#7113,.T.);
#7537=ADVANCED_FACE('',(#618),#7114,.T.);
#7538=ADVANCED_FACE('',(#619),#7115,.T.);
#7539=ADVANCED_FACE('',(#620),#7116,.T.);
#7540=ADVANCED_FACE('',(#621),#7117,.T.);
#7541=ADVANCED_FACE('',(#622),#7118,.T.);
#7542=ADVANCED_FACE('',(#623),#7119,.T.);
#7543=ADVANCED_FACE('',(#624),#7120,.F.);
#7544=ADVANCED_FACE('',(#625),#7121,.T.);
#7545=ADVANCED_FACE('',(#626),#7122,.T.);
#7546=ADVANCED_FACE('',(#627),#7123,.T.);
#7547=ADVANCED_FACE('',(#628),#7124,.T.);
#7548=ADVANCED_FACE('',(#629),#7125,.T.);
#7549=ADVANCED_FACE('',(#630),#7126,.T.);
#7550=ADVANCED_FACE('',(#631),#7127,.T.);
#7551=ADVANCED_FACE('',(#632),#7128,.F.);
#7552=ADVANCED_FACE('',(#633),#7129,.T.);
#7553=ADVANCED_FACE('',(#634),#7130,.T.);
#7554=ADVANCED_FACE('',(#635),#7131,.T.);
#7555=ADVANCED_FACE('',(#636),#7132,.T.);
#7556=ADVANCED_FACE('',(#637),#7133,.T.);
#7557=ADVANCED_FACE('',(#638),#7134,.T.);
#7558=ADVANCED_FACE('',(#639),#7135,.T.);
#7559=ADVANCED_FACE('',(#640),#207,.T.);
#7560=ADVANCED_FACE('',(#641),#7136,.T.);
#7561=ADVANCED_FACE('',(#642),#7137,.F.);
#7562=CLOSED_SHELL('',(#7138,#7139,#7140,#7141,#7142,#7143,#7144,#7145,
#7146,#7147,#7148,#7149,#7150,#7151,#7152,#7153,#7154,#7155,#7156,#7157,
#7158,#7159,#7160,#7161,#7162,#7163,#7164,#7165,#7166,#7167,#7168,#7169,
#7170,#7171,#7172,#7173,#7174,#7175,#7176,#7177,#7178,#7179,#7180,#7181,
#7182,#7183,#7184,#7185,#7186,#7187,#7188,#7189,#7190,#7191,#7192,#7193,
#7194,#7195,#7196,#7197,#7198,#7199,#7200,#7201,#7202,#7203,#7204,#7205,
#7206,#7207,#7208,#7209,#7210,#7211,#7212,#7213,#7214,#7215,#7216,#7217,
#7218,#7219,#7220,#7221,#7222,#7223,#7224,#7225,#7226,#7227,#7228,#7229,
#7230,#7231,#7232,#7233,#7234,#7235,#7236,#7237,#7238,#7239,#7240,#7241,
#7242,#7243,#7244,#7245,#7246,#7247,#7248,#7249,#7250,#7251,#7252,#7253,
#7254,#7255,#7256,#7257,#7258,#7259,#7260,#7261,#7262,#7263,#7264,#7265,
#7266,#7267,#7268,#7269,#7270,#7271,#7272,#7273,#7274,#7275,#7276,#7277,
#7278,#7279,#7280,#7281,#7282,#7283,#7284,#7285,#7286,#7287,#7288,#7289,
#7290,#7291,#7292,#7293,#7294,#7295,#7296,#7297,#7298,#7299,#7300,#7301,
#7302,#7303,#7304,#7305,#7306,#7307,#7308,#7309,#7310,#7311,#7312,#7313,
#7314));
#7563=CLOSED_SHELL('',(#7315,#7316,#7317,#7318,#7319,#7320,#7321,#7322,
#7323,#7324,#7325,#7326));
#7564=CLOSED_SHELL('',(#7327,#7328,#7329,#7330,#7331,#7332,#7333));
#7565=CLOSED_SHELL('',(#7334,#7335,#7336,#7337,#7338,#7339));
#7566=CLOSED_SHELL('',(#7340,#7341,#7342,#7343,#7344,#7345));
#7567=CLOSED_SHELL('',(#7346,#7347,#7348,#7349,#7350,#7351));
#7568=CLOSED_SHELL('',(#7352,#7353,#7354,#7355,#7356,#7357));
#7569=CLOSED_SHELL('',(#7358,#7359,#7360,#7361,#7362,#7363,#7364));
#7570=CLOSED_SHELL('',(#7365,#7366,#7367,#7368,#7369,#7370));
#7571=CLOSED_SHELL('',(#7371,#7372,#7373,#7374,#7375,#7376));
#7572=CLOSED_SHELL('',(#7377,#7378,#7379,#7380,#7381,#7382));
#7573=CLOSED_SHELL('',(#7383,#7384,#7385,#7386,#7387,#7388));
#7574=CLOSED_SHELL('',(#7389,#7390,#7391,#7392,#7393,#7394));
#7575=CLOSED_SHELL('',(#7395,#7396,#7397,#7398,#7399,#7400));
#7576=CLOSED_SHELL('',(#7401,#7402,#7403,#7404,#7405,#7406,#7407));
#7577=CLOSED_SHELL('',(#7408,#7409,#7410,#7411,#7412,#7413));
#7578=CLOSED_SHELL('',(#7414,#7415,#7416,#7417,#7418,#7419));
#7579=CLOSED_SHELL('',(#7420,#7421,#7422,#7423,#7424,#7425,#7426));
#7580=CLOSED_SHELL('',(#7427,#7428,#7429,#7430,#7431,#7432,#7433));
#7581=CLOSED_SHELL('',(#7434,#7435,#7436,#7437,#7438,#7439));
#7582=CLOSED_SHELL('',(#7440,#7441,#7442,#7443,#7444,#7445));
#7583=CLOSED_SHELL('',(#7446,#7447,#7448,#7449,#7450,#7451));
#7584=CLOSED_SHELL('',(#7452,#7453,#7454,#7455,#7456,#7457));
#7585=CLOSED_SHELL('',(#7458,#7459,#7460,#7461,#7462,#7463));
#7586=CLOSED_SHELL('',(#7464,#7465,#7466,#7467,#7468,#7469));
#7587=CLOSED_SHELL('',(#7470,#7471,#7472,#7473,#7474,#7475,#7476));
#7588=CLOSED_SHELL('',(#7477,#7478,#7479,#7480,#7481,#7482,#7483));
#7589=CLOSED_SHELL('',(#7484,#7485,#7486,#7487,#7488,#7489));
#7590=CLOSED_SHELL('',(#7490,#7491,#7492,#7493,#7494,#7495));
#7591=CLOSED_SHELL('',(#7496,#7497,#7498,#7499,#7500,#7501));
#7592=CLOSED_SHELL('',(#7502,#7503,#7504,#7505,#7506,#7507));
#7593=CLOSED_SHELL('',(#7508,#7509,#7510,#7511,#7512,#7513));
#7594=CLOSED_SHELL('',(#7514,#7515,#7516,#7517,#7518,#7519));
#7595=CLOSED_SHELL('',(#7520,#7521,#7522,#7523,#7524,#7525,#7526));
#7596=CLOSED_SHELL('',(#7527,#7528,#7529,#7530,#7531,#7532,#7533,#7534));
#7597=CLOSED_SHELL('',(#7535,#7536,#7537,#7538,#7539,#7540,#7541,#7542));
#7598=CLOSED_SHELL('',(#7543,#7544,#7545,#7546,#7547,#7548,#7549,#7550));
#7599=CLOSED_SHELL('',(#7551,#7552,#7553,#7554,#7555,#7556,#7557,#7558));
#7600=CLOSED_SHELL('',(#7559,#7560,#7561));
#7601=DERIVED_UNIT_ELEMENT(#7605,1.);
#7602=DERIVED_UNIT_ELEMENT(#12353,-3.);
#7603=DERIVED_UNIT_ELEMENT(#7605,1.);
#7604=DERIVED_UNIT_ELEMENT(#12353,-3.);
#7605=(
MASS_UNIT()
NAMED_UNIT(*)
SI_UNIT(.KILO.,.GRAM.)
);
#7606=DERIVED_UNIT((#7601,#7602));
#7607=DERIVED_UNIT((#7603,#7604));
#7608=MEASURE_REPRESENTATION_ITEM('density measure',
POSITIVE_RATIO_MEASURE(7850.),#7606);
#7609=MEASURE_REPRESENTATION_ITEM('density measure',
POSITIVE_RATIO_MEASURE(7850.),#7607);
#7610=PROPERTY_DEFINITION_REPRESENTATION(#7620,#7614);
#7611=PROPERTY_DEFINITION_REPRESENTATION(#7621,#7615);
#7612=PROPERTY_DEFINITION_REPRESENTATION(#7622,#7616);
#7613=PROPERTY_DEFINITION_REPRESENTATION(#7623,#7617);
#7614=REPRESENTATION('material name',(#7618),#12349);
#7615=REPRESENTATION('density',(#7608),#12349);
#7616=REPRESENTATION('material name',(#7619),#12350);
#7617=REPRESENTATION('density',(#7609),#12350);
#7618=DESCRIPTIVE_REPRESENTATION_ITEM('Steel','Steel');
#7619=DESCRIPTIVE_REPRESENTATION_ITEM('Steel','Steel');
#7620=PROPERTY_DEFINITION('material property','material name',#12369);
#7621=PROPERTY_DEFINITION('material property','density of part',#12369);
#7622=PROPERTY_DEFINITION('material property','material name',#12370);
#7623=PROPERTY_DEFINITION('material property','density of part',#12370);
#7624=AXIS2_PLACEMENT_3D('',#10200,#8183,#8184);
#7625=AXIS2_PLACEMENT_3D('',#10201,#8185,#8186);
#7626=AXIS2_PLACEMENT_3D('',#10202,#8187,#8188);
#7627=AXIS2_PLACEMENT_3D('',#10209,#8191,#8192);
#7628=AXIS2_PLACEMENT_3D('',#10217,#8196,#8197);
#7629=AXIS2_PLACEMENT_3D('',#10225,#8201,#8202);
#7630=AXIS2_PLACEMENT_3D('',#10233,#8206,#8207);
#7631=AXIS2_PLACEMENT_3D('',#10241,#8211,#8212);
#7632=AXIS2_PLACEMENT_3D('',#10249,#8216,#8217);
#7633=AXIS2_PLACEMENT_3D('',#10257,#8221,#8222);
#7634=AXIS2_PLACEMENT_3D('',#10265,#8226,#8227);
#7635=AXIS2_PLACEMENT_3D('',#10279,#8234,#8235);
#7636=AXIS2_PLACEMENT_3D('',#10287,#8239,#8240);
#7637=AXIS2_PLACEMENT_3D('',#10295,#8244,#8245);
#7638=AXIS2_PLACEMENT_3D('',#10303,#8249,#8250);
#7639=AXIS2_PLACEMENT_3D('',#10311,#8254,#8255);
#7640=AXIS2_PLACEMENT_3D('',#10319,#8259,#8260);
#7641=AXIS2_PLACEMENT_3D('',#10327,#8264,#8265);
#7642=AXIS2_PLACEMENT_3D('',#10335,#8269,#8270);
#7643=AXIS2_PLACEMENT_3D('',#10349,#8277,#8278);
#7644=AXIS2_PLACEMENT_3D('',#10357,#8282,#8283);
#7645=AXIS2_PLACEMENT_3D('',#10365,#8287,#8288);
#7646=AXIS2_PLACEMENT_3D('',#10373,#8292,#8293);
#7647=AXIS2_PLACEMENT_3D('',#10381,#8297,#8298);
#7648=AXIS2_PLACEMENT_3D('',#10389,#8302,#8303);
#7649=AXIS2_PLACEMENT_3D('',#10397,#8307,#8308);
#7650=AXIS2_PLACEMENT_3D('',#10405,#8312,#8313);
#7651=AXIS2_PLACEMENT_3D('',#10419,#8320,#8321);
#7652=AXIS2_PLACEMENT_3D('',#10427,#8325,#8326);
#7653=AXIS2_PLACEMENT_3D('',#10435,#8330,#8331);
#7654=AXIS2_PLACEMENT_3D('',#10443,#8335,#8336);
#7655=AXIS2_PLACEMENT_3D('',#10451,#8340,#8341);
#7656=AXIS2_PLACEMENT_3D('',#10459,#8345,#8346);
#7657=AXIS2_PLACEMENT_3D('',#10467,#8350,#8351);
#7658=AXIS2_PLACEMENT_3D('',#10475,#8355,#8356);
#7659=AXIS2_PLACEMENT_3D('',#10493,#8366,#8367);
#7660=AXIS2_PLACEMENT_3D('',#10499,#8371,#8372);
#7661=AXIS2_PLACEMENT_3D('',#10503,#8375,#8376);
#7662=AXIS2_PLACEMENT_3D('',#10507,#8379,#8380);
#7663=AXIS2_PLACEMENT_3D('',#10511,#8383,#8384);
#7664=AXIS2_PLACEMENT_3D('',#10513,#8386,#8387);
#7665=AXIS2_PLACEMENT_3D('',#10522,#8392,#8393);
#7666=AXIS2_PLACEMENT_3D('',#10528,#8397,#8398);
#7667=AXIS2_PLACEMENT_3D('',#10532,#8401,#8402);
#7668=AXIS2_PLACEMENT_3D('',#10536,#8405,#8406);
#7669=AXIS2_PLACEMENT_3D('',#10538,#8408,#8409);
#7670=AXIS2_PLACEMENT_3D('',#10539,#8410,#8411);
#7671=AXIS2_PLACEMENT_3D('',#10545,#8415,#8416);
#7672=AXIS2_PLACEMENT_3D('',#10605,#8451,#8452);
#7673=AXIS2_PLACEMENT_3D('',#10609,#8454,#8455);
#7674=AXIS2_PLACEMENT_3D('',#10611,#8457,#8458);
#7675=AXIS2_PLACEMENT_3D('',#10613,#8460,#8461);
#7676=AXIS2_PLACEMENT_3D('',#10615,#8463,#8464);
#7677=AXIS2_PLACEMENT_3D('',#10616,#8465,#8466);
#7678=AXIS2_PLACEMENT_3D('',#10620,#8469,#8470);
#7679=AXIS2_PLACEMENT_3D('',#10622,#8471,#8472);
#7680=AXIS2_PLACEMENT_3D('',#10624,#8474,#8475);
#7681=AXIS2_PLACEMENT_3D('',#10626,#8477,#8478);
#7682=AXIS2_PLACEMENT_3D('',#10627,#8479,#8480);
#7683=AXIS2_PLACEMENT_3D('',#10631,#8483,#8484);
#7684=AXIS2_PLACEMENT_3D('',#10633,#8485,#8486);
#7685=AXIS2_PLACEMENT_3D('',#10635,#8488,#8489);
#7686=AXIS2_PLACEMENT_3D('',#10637,#8491,#8492);
#7687=AXIS2_PLACEMENT_3D('',#10638,#8493,#8494);
#7688=AXIS2_PLACEMENT_3D('',#10642,#8497,#8498);
#7689=AXIS2_PLACEMENT_3D('',#10644,#8499,#8500);
#7690=AXIS2_PLACEMENT_3D('',#10646,#8502,#8503);
#7691=AXIS2_PLACEMENT_3D('',#10648,#8505,#8506);
#7692=AXIS2_PLACEMENT_3D('',#10649,#8507,#8508);
#7693=AXIS2_PLACEMENT_3D('',#10653,#8511,#8512);
#7694=AXIS2_PLACEMENT_3D('',#10655,#8513,#8514);
#7695=AXIS2_PLACEMENT_3D('',#10657,#8516,#8517);
#7696=AXIS2_PLACEMENT_3D('',#10659,#8519,#8520);
#7697=AXIS2_PLACEMENT_3D('',#10660,#8521,#8522);
#7698=AXIS2_PLACEMENT_3D('',#10664,#8525,#8526);
#7699=AXIS2_PLACEMENT_3D('',#10666,#8527,#8528);
#7700=AXIS2_PLACEMENT_3D('',#10668,#8530,#8531);
#7701=AXIS2_PLACEMENT_3D('',#10670,#8533,#8534);
#7702=AXIS2_PLACEMENT_3D('',#10671,#8535,#8536);
#7703=AXIS2_PLACEMENT_3D('',#10675,#8539,#8540);
#7704=AXIS2_PLACEMENT_3D('',#10677,#8541,#8542);
#7705=AXIS2_PLACEMENT_3D('',#10679,#8544,#8545);
#7706=AXIS2_PLACEMENT_3D('',#10681,#8547,#8548);
#7707=AXIS2_PLACEMENT_3D('',#10682,#8549,#8550);
#7708=AXIS2_PLACEMENT_3D('',#10686,#8553,#8554);
#7709=AXIS2_PLACEMENT_3D('',#10688,#8555,#8556);
#7710=AXIS2_PLACEMENT_3D('',#10690,#8558,#8559);
#7711=AXIS2_PLACEMENT_3D('',#10694,#8562,#8563);
#7712=AXIS2_PLACEMENT_3D('',#10696,#8565,#8566);
#7713=AXIS2_PLACEMENT_3D('',#10697,#8567,#8568);
#7714=AXIS2_PLACEMENT_3D('',#10757,#8603,#8604);
#7715=AXIS2_PLACEMENT_3D('',#10761,#8607,#8608);
#7716=AXIS2_PLACEMENT_3D('',#10763,#8609,#8610);
#7717=AXIS2_PLACEMENT_3D('',#10765,#8612,#8613);
#7718=AXIS2_PLACEMENT_3D('',#10769,#8616,#8617);
#7719=AXIS2_PLACEMENT_3D('',#10771,#8619,#8620);
#7720=AXIS2_PLACEMENT_3D('',#10772,#8621,#8622);
#7721=AXIS2_PLACEMENT_3D('',#10832,#8657,#8658);
#7722=AXIS2_PLACEMENT_3D('',#10838,#8661,#8662);
#7723=AXIS2_PLACEMENT_3D('',#10840,#8664,#8665);
#7724=AXIS2_PLACEMENT_3D('',#10842,#8667,#8668);
#7725=AXIS2_PLACEMENT_3D('',#10844,#8670,#8671);
#7726=AXIS2_PLACEMENT_3D('',#10846,#8673,#8674);
#7727=AXIS2_PLACEMENT_3D('',#10847,#8675,#8676);
#7728=AXIS2_PLACEMENT_3D('',#10905,#8710,#8711);
#7729=AXIS2_PLACEMENT_3D('',#10909,#8713,#8714);
#7730=AXIS2_PLACEMENT_3D('',#10913,#8717,#8718);
#7731=AXIS2_PLACEMENT_3D('',#10915,#8720,#8721);
#7732=AXIS2_PLACEMENT_3D('',#10917,#8723,#8724);
#7733=AXIS2_PLACEMENT_3D('',#10919,#8726,#8727);
#7734=AXIS2_PLACEMENT_3D('',#10920,#8728,#8729);
#7735=AXIS2_PLACEMENT_3D('',#10924,#8732,#8733);
#7736=AXIS2_PLACEMENT_3D('',#10927,#8735,#8736);
#7737=AXIS2_PLACEMENT_3D('',#10928,#8737,#8738);
#7738=AXIS2_PLACEMENT_3D('',#10930,#8740,#8741);
#7739=AXIS2_PLACEMENT_3D('',#10931,#8742,#8743);
#7740=AXIS2_PLACEMENT_3D('',#10935,#8746,#8747);
#7741=AXIS2_PLACEMENT_3D('',#10938,#8749,#8750);
#7742=AXIS2_PLACEMENT_3D('',#10939,#8751,#8752);
#7743=AXIS2_PLACEMENT_3D('',#10941,#8754,#8755);
#7744=AXIS2_PLACEMENT_3D('',#10942,#8756,#8757);
#7745=AXIS2_PLACEMENT_3D('',#10946,#8760,#8761);
#7746=AXIS2_PLACEMENT_3D('',#10949,#8763,#8764);
#7747=AXIS2_PLACEMENT_3D('',#10950,#8765,#8766);
#7748=AXIS2_PLACEMENT_3D('',#10952,#8768,#8769);
#7749=AXIS2_PLACEMENT_3D('',#10953,#8770,#8771);
#7750=AXIS2_PLACEMENT_3D('',#10957,#8774,#8775);
#7751=AXIS2_PLACEMENT_3D('',#10960,#8777,#8778);
#7752=AXIS2_PLACEMENT_3D('',#10961,#8779,#8780);
#7753=AXIS2_PLACEMENT_3D('',#10963,#8782,#8783);
#7754=AXIS2_PLACEMENT_3D('',#10964,#8784,#8785);
#7755=AXIS2_PLACEMENT_3D('',#10968,#8788,#8789);
#7756=AXIS2_PLACEMENT_3D('',#10971,#8791,#8792);
#7757=AXIS2_PLACEMENT_3D('',#10972,#8793,#8794);
#7758=AXIS2_PLACEMENT_3D('',#10974,#8796,#8797);
#7759=AXIS2_PLACEMENT_3D('',#10975,#8798,#8799);
#7760=AXIS2_PLACEMENT_3D('',#10979,#8802,#8803);
#7761=AXIS2_PLACEMENT_3D('',#10982,#8805,#8806);
#7762=AXIS2_PLACEMENT_3D('',#10983,#8807,#8808);
#7763=AXIS2_PLACEMENT_3D('',#10985,#8810,#8811);
#7764=AXIS2_PLACEMENT_3D('',#10986,#8812,#8813);
#7765=AXIS2_PLACEMENT_3D('',#10990,#8816,#8817);
#7766=AXIS2_PLACEMENT_3D('',#10992,#8818,#8819);
#7767=AXIS2_PLACEMENT_3D('',#10994,#8821,#8822);
#7768=AXIS2_PLACEMENT_3D('',#10998,#8825,#8826);
#7769=AXIS2_PLACEMENT_3D('',#11000,#8828,#8829);
#7770=AXIS2_PLACEMENT_3D('',#11001,#8830,#8831);
#7771=AXIS2_PLACEMENT_3D('',#11002,#8832,#8833);
#7772=AXIS2_PLACEMENT_3D('',#11009,#8838,#8839);
#7773=AXIS2_PLACEMENT_3D('',#11013,#8842,#8843);
#7774=AXIS2_PLACEMENT_3D('',#11018,#8847,#8848);
#7775=AXIS2_PLACEMENT_3D('',#11020,#8850,#8851);
#7776=AXIS2_PLACEMENT_3D('',#11021,#8852,#8853);
#7777=AXIS2_PLACEMENT_3D('',#11022,#8854,#8855);
#7778=AXIS2_PLACEMENT_3D('',#11029,#8860,#8861);
#7779=AXIS2_PLACEMENT_3D('',#11033,#8864,#8865);
#7780=AXIS2_PLACEMENT_3D('',#11038,#8869,#8870);
#7781=AXIS2_PLACEMENT_3D('',#11040,#8872,#8873);
#7782=AXIS2_PLACEMENT_3D('',#11041,#8874,#8875);
#7783=AXIS2_PLACEMENT_3D('',#11042,#8876,#8877);
#7784=AXIS2_PLACEMENT_3D('',#11046,#8880,#8881);
#7785=AXIS2_PLACEMENT_3D('',#11050,#8884,#8885);
#7786=AXIS2_PLACEMENT_3D('',#11053,#8887,#8888);
#7787=AXIS2_PLACEMENT_3D('',#11054,#8889,#8890);
#7788=AXIS2_PLACEMENT_3D('',#11056,#8892,#8893);
#7789=AXIS2_PLACEMENT_3D('',#11057,#8894,#8895);
#7790=AXIS2_PLACEMENT_3D('',#11061,#8898,#8899);
#7791=AXIS2_PLACEMENT_3D('',#11064,#8901,#8902);
#7792=AXIS2_PLACEMENT_3D('',#11065,#8903,#8904);
#7793=AXIS2_PLACEMENT_3D('',#11067,#8906,#8907);
#7794=AXIS2_PLACEMENT_3D('',#11068,#8908,#8909);
#7795=AXIS2_PLACEMENT_3D('',#11072,#8912,#8913);
#7796=AXIS2_PLACEMENT_3D('',#11075,#8915,#8916);
#7797=AXIS2_PLACEMENT_3D('',#11076,#8917,#8918);
#7798=AXIS2_PLACEMENT_3D('',#11078,#8920,#8921);
#7799=AXIS2_PLACEMENT_3D('',#11079,#8922,#8923);
#7800=AXIS2_PLACEMENT_3D('',#11083,#8926,#8927);
#7801=AXIS2_PLACEMENT_3D('',#11086,#8929,#8930);
#7802=AXIS2_PLACEMENT_3D('',#11087,#8931,#8932);
#7803=AXIS2_PLACEMENT_3D('',#11089,#8934,#8935);
#7804=AXIS2_PLACEMENT_3D('',#11090,#8936,#8937);
#7805=AXIS2_PLACEMENT_3D('',#11094,#8940,#8941);
#7806=AXIS2_PLACEMENT_3D('',#11097,#8943,#8944);
#7807=AXIS2_PLACEMENT_3D('',#11098,#8945,#8946);
#7808=AXIS2_PLACEMENT_3D('',#11100,#8948,#8949);
#7809=AXIS2_PLACEMENT_3D('',#11101,#8950,#8951);
#7810=AXIS2_PLACEMENT_3D('',#11105,#8954,#8955);
#7811=AXIS2_PLACEMENT_3D('',#11108,#8957,#8958);
#7812=AXIS2_PLACEMENT_3D('',#11109,#8959,#8960);
#7813=AXIS2_PLACEMENT_3D('',#11111,#8962,#8963);
#7814=AXIS2_PLACEMENT_3D('',#11112,#8964,#8965);
#7815=AXIS2_PLACEMENT_3D('',#11116,#8968,#8969);
#7816=AXIS2_PLACEMENT_3D('',#11119,#8971,#8972);
#7817=AXIS2_PLACEMENT_3D('',#11120,#8973,#8974);
#7818=AXIS2_PLACEMENT_3D('',#11122,#8976,#8977);
#7819=AXIS2_PLACEMENT_3D('',#11123,#8978,#8979);
#7820=AXIS2_PLACEMENT_3D('',#11130,#8984,#8985);
#7821=AXIS2_PLACEMENT_3D('',#11134,#8988,#8989);
#7822=AXIS2_PLACEMENT_3D('',#11139,#8993,#8994);
#7823=AXIS2_PLACEMENT_3D('',#11141,#8996,#8997);
#7824=AXIS2_PLACEMENT_3D('',#11142,#8998,#8999);
#7825=AXIS2_PLACEMENT_3D('',#11143,#9000,#9001);
#7826=AXIS2_PLACEMENT_3D('',#11147,#9004,#9005);
#7827=AXIS2_PLACEMENT_3D('',#11151,#9008,#9009);
#7828=AXIS2_PLACEMENT_3D('',#11154,#9011,#9012);
#7829=AXIS2_PLACEMENT_3D('',#11155,#9013,#9014);
#7830=AXIS2_PLACEMENT_3D('',#11157,#9016,#9017);
#7831=AXIS2_PLACEMENT_3D('',#11158,#9018,#9019);
#7832=AXIS2_PLACEMENT_3D('',#11162,#9022,#9023);
#7833=AXIS2_PLACEMENT_3D('',#11164,#9024,#9025);
#7834=AXIS2_PLACEMENT_3D('',#11166,#9027,#9028);
#7835=AXIS2_PLACEMENT_3D('',#11168,#9030,#9031);
#7836=AXIS2_PLACEMENT_3D('',#11169,#9032,#9033);
#7837=AXIS2_PLACEMENT_3D('',#11173,#9036,#9037);
#7838=AXIS2_PLACEMENT_3D('',#11175,#9038,#9039);
#7839=AXIS2_PLACEMENT_3D('',#11177,#9041,#9042);
#7840=AXIS2_PLACEMENT_3D('',#11179,#9044,#9045);
#7841=AXIS2_PLACEMENT_3D('',#11180,#9046,#9047);
#7842=AXIS2_PLACEMENT_3D('',#11184,#9050,#9051);
#7843=AXIS2_PLACEMENT_3D('',#11186,#9052,#9053);
#7844=AXIS2_PLACEMENT_3D('',#11188,#9055,#9056);
#7845=AXIS2_PLACEMENT_3D('',#11190,#9058,#9059);
#7846=AXIS2_PLACEMENT_3D('',#11191,#9060,#9061);
#7847=AXIS2_PLACEMENT_3D('',#11195,#9064,#9065);
#7848=AXIS2_PLACEMENT_3D('',#11197,#9066,#9067);
#7849=AXIS2_PLACEMENT_3D('',#11199,#9069,#9070);
#7850=AXIS2_PLACEMENT_3D('',#11201,#9072,#9073);
#7851=AXIS2_PLACEMENT_3D('',#11202,#9074,#9075);
#7852=AXIS2_PLACEMENT_3D('',#11206,#9078,#9079);
#7853=AXIS2_PLACEMENT_3D('',#11208,#9080,#9081);
#7854=AXIS2_PLACEMENT_3D('',#11210,#9083,#9084);
#7855=AXIS2_PLACEMENT_3D('',#11212,#9086,#9087);
#7856=AXIS2_PLACEMENT_3D('',#11213,#9088,#9089);
#7857=AXIS2_PLACEMENT_3D('',#11217,#9092,#9093);
#7858=AXIS2_PLACEMENT_3D('',#11219,#9094,#9095);
#7859=AXIS2_PLACEMENT_3D('',#11221,#9097,#9098);
#7860=AXIS2_PLACEMENT_3D('',#11223,#9100,#9101);
#7861=AXIS2_PLACEMENT_3D('',#11224,#9102,#9103);
#7862=AXIS2_PLACEMENT_3D('',#11231,#9108,#9109);
#7863=AXIS2_PLACEMENT_3D('',#11235,#9112,#9113);
#7864=AXIS2_PLACEMENT_3D('',#11240,#9117,#9118);
#7865=AXIS2_PLACEMENT_3D('',#11242,#9120,#9121);
#7866=AXIS2_PLACEMENT_3D('',#11243,#9122,#9123);
#7867=AXIS2_PLACEMENT_3D('',#11244,#9124,#9125);
#7868=AXIS2_PLACEMENT_3D('',#11245,#9126,#9127);
#7869=AXIS2_PLACEMENT_3D('',#11254,#9132,#9133);
#7870=AXIS2_PLACEMENT_3D('',#11260,#9137,#9138);
#7871=AXIS2_PLACEMENT_3D('',#11274,#9146,#9147);
#7872=AXIS2_PLACEMENT_3D('',#11280,#9151,#9152);
#7873=AXIS2_PLACEMENT_3D('',#11284,#9155,#9156);
#7874=AXIS2_PLACEMENT_3D('',#11288,#9159,#9160);
#7875=AXIS2_PLACEMENT_3D('',#11290,#9162,#9163);
#7876=AXIS2_PLACEMENT_3D('',#11291,#9164,#9165);
#7877=AXIS2_PLACEMENT_3D('',#11295,#9168,#9169);
#7878=AXIS2_PLACEMENT_3D('',#11299,#9172,#9173);
#7879=AXIS2_PLACEMENT_3D('',#11301,#9175,#9176);
#7880=AXIS2_PLACEMENT_3D('',#11302,#9177,#9178);
#7881=AXIS2_PLACEMENT_3D('',#11307,#9180,#9181);
#7882=AXIS2_PLACEMENT_3D('',#11313,#9185,#9186);
#7883=AXIS2_PLACEMENT_3D('',#11319,#9190,#9191);
#7884=AXIS2_PLACEMENT_3D('',#11321,#9192,#9193);
#7885=AXIS2_PLACEMENT_3D('',#11323,#9195,#9196);
#7886=AXIS2_PLACEMENT_3D('',#11327,#9199,#9200);
#7887=AXIS2_PLACEMENT_3D('',#11331,#9203,#9204);
#7888=AXIS2_PLACEMENT_3D('',#11333,#9206,#9207);
#7889=AXIS2_PLACEMENT_3D('',#11334,#9208,#9209);
#7890=AXIS2_PLACEMENT_3D('',#11342,#9213,#9214);
#7891=AXIS2_PLACEMENT_3D('',#11343,#9215,#9216);
#7892=AXIS2_PLACEMENT_3D('',#11349,#9220,#9221);
#7893=AXIS2_PLACEMENT_3D('',#11353,#9224,#9225);
#7894=AXIS2_PLACEMENT_3D('',#11357,#9228,#9229);
#7895=AXIS2_PLACEMENT_3D('',#11358,#9230,#9231);
#7896=AXIS2_PLACEMENT_3D('',#11359,#9232,#9233);
#7897=AXIS2_PLACEMENT_3D('',#11360,#9234,#9235);
#7898=AXIS2_PLACEMENT_3D('',#11368,#9239,#9240);
#7899=AXIS2_PLACEMENT_3D('',#11369,#9241,#9242);
#7900=AXIS2_PLACEMENT_3D('',#11375,#9246,#9247);
#7901=AXIS2_PLACEMENT_3D('',#11379,#9250,#9251);
#7902=AXIS2_PLACEMENT_3D('',#11383,#9254,#9255);
#7903=AXIS2_PLACEMENT_3D('',#11384,#9256,#9257);
#7904=AXIS2_PLACEMENT_3D('',#11385,#9258,#9259);
#7905=AXIS2_PLACEMENT_3D('',#11386,#9260,#9261);
#7906=AXIS2_PLACEMENT_3D('',#11394,#9265,#9266);
#7907=AXIS2_PLACEMENT_3D('',#11395,#9267,#9268);
#7908=AXIS2_PLACEMENT_3D('',#11401,#9272,#9273);
#7909=AXIS2_PLACEMENT_3D('',#11405,#9276,#9277);
#7910=AXIS2_PLACEMENT_3D('',#11409,#9280,#9281);
#7911=AXIS2_PLACEMENT_3D('',#11410,#9282,#9283);
#7912=AXIS2_PLACEMENT_3D('',#11411,#9284,#9285);
#7913=AXIS2_PLACEMENT_3D('',#11412,#9286,#9287);
#7914=AXIS2_PLACEMENT_3D('',#11420,#9291,#9292);
#7915=AXIS2_PLACEMENT_3D('',#11421,#9293,#9294);
#7916=AXIS2_PLACEMENT_3D('',#11427,#9298,#9299);
#7917=AXIS2_PLACEMENT_3D('',#11431,#9302,#9303);
#7918=AXIS2_PLACEMENT_3D('',#11435,#9306,#9307);
#7919=AXIS2_PLACEMENT_3D('',#11436,#9308,#9309);
#7920=AXIS2_PLACEMENT_3D('',#11437,#9310,#9311);
#7921=AXIS2_PLACEMENT_3D('',#11438,#9312,#9313);
#7922=AXIS2_PLACEMENT_3D('',#11448,#9318,#9319);
#7923=AXIS2_PLACEMENT_3D('',#11449,#9320,#9321);
#7924=AXIS2_PLACEMENT_3D('',#11455,#9325,#9326);
#7925=AXIS2_PLACEMENT_3D('',#11459,#9329,#9330);
#7926=AXIS2_PLACEMENT_3D('',#11463,#9333,#9334);
#7927=AXIS2_PLACEMENT_3D('',#11467,#9337,#9338);
#7928=AXIS2_PLACEMENT_3D('',#11468,#9339,#9340);
#7929=AXIS2_PLACEMENT_3D('',#11469,#9341,#9342);
#7930=AXIS2_PLACEMENT_3D('',#11470,#9343,#9344);
#7931=AXIS2_PLACEMENT_3D('',#11475,#9346,#9347);
#7932=AXIS2_PLACEMENT_3D('',#11479,#9350,#9351);
#7933=AXIS2_PLACEMENT_3D('',#11485,#9355,#9356);
#7934=AXIS2_PLACEMENT_3D('',#11487,#9357,#9358);
#7935=AXIS2_PLACEMENT_3D('',#11489,#9360,#9361);
#7936=AXIS2_PLACEMENT_3D('',#11493,#9364,#9365);
#7937=AXIS2_PLACEMENT_3D('',#11495,#9367,#9368);
#7938=AXIS2_PLACEMENT_3D('',#11496,#9369,#9370);
#7939=AXIS2_PLACEMENT_3D('',#11501,#9372,#9373);
#7940=AXIS2_PLACEMENT_3D('',#11505,#9376,#9377);
#7941=AXIS2_PLACEMENT_3D('',#11511,#9381,#9382);
#7942=AXIS2_PLACEMENT_3D('',#11513,#9383,#9384);
#7943=AXIS2_PLACEMENT_3D('',#11515,#9386,#9387);
#7944=AXIS2_PLACEMENT_3D('',#11519,#9390,#9391);
#7945=AXIS2_PLACEMENT_3D('',#11521,#9393,#9394);
#7946=AXIS2_PLACEMENT_3D('',#11522,#9395,#9396);
#7947=AXIS2_PLACEMENT_3D('',#11527,#9398,#9399);
#7948=AXIS2_PLACEMENT_3D('',#11531,#9402,#9403);
#7949=AXIS2_PLACEMENT_3D('',#11537,#9407,#9408);
#7950=AXIS2_PLACEMENT_3D('',#11539,#9409,#9410);
#7951=AXIS2_PLACEMENT_3D('',#11541,#9412,#9413);
#7952=AXIS2_PLACEMENT_3D('',#11545,#9416,#9417);
#7953=AXIS2_PLACEMENT_3D('',#11547,#9419,#9420);
#7954=AXIS2_PLACEMENT_3D('',#11548,#9421,#9422);
#7955=AXIS2_PLACEMENT_3D('',#11553,#9424,#9425);
#7956=AXIS2_PLACEMENT_3D('',#11557,#9428,#9429);
#7957=AXIS2_PLACEMENT_3D('',#11563,#9433,#9434);
#7958=AXIS2_PLACEMENT_3D('',#11565,#9435,#9436);
#7959=AXIS2_PLACEMENT_3D('',#11567,#9438,#9439);
#7960=AXIS2_PLACEMENT_3D('',#11571,#9442,#9443);
#7961=AXIS2_PLACEMENT_3D('',#11573,#9445,#9446);
#7962=AXIS2_PLACEMENT_3D('',#11574,#9447,#9448);
#7963=AXIS2_PLACEMENT_3D('',#11582,#9452,#9453);
#7964=AXIS2_PLACEMENT_3D('',#11583,#9454,#9455);
#7965=AXIS2_PLACEMENT_3D('',#11589,#9459,#9460);
#7966=AXIS2_PLACEMENT_3D('',#11593,#9463,#9464);
#7967=AXIS2_PLACEMENT_3D('',#11597,#9467,#9468);
#7968=AXIS2_PLACEMENT_3D('',#11598,#9469,#9470);
#7969=AXIS2_PLACEMENT_3D('',#11599,#9471,#9472);
#7970=AXIS2_PLACEMENT_3D('',#11600,#9473,#9474);
#7971=AXIS2_PLACEMENT_3D('',#11608,#9478,#9479);
#7972=AXIS2_PLACEMENT_3D('',#11609,#9480,#9481);
#7973=AXIS2_PLACEMENT_3D('',#11615,#9485,#9486);
#7974=AXIS2_PLACEMENT_3D('',#11619,#9489,#9490);
#7975=AXIS2_PLACEMENT_3D('',#11623,#9493,#9494);
#7976=AXIS2_PLACEMENT_3D('',#11624,#9495,#9496);
#7977=AXIS2_PLACEMENT_3D('',#11625,#9497,#9498);
#7978=AXIS2_PLACEMENT_3D('',#11626,#9499,#9500);
#7979=AXIS2_PLACEMENT_3D('',#11636,#9505,#9506);
#7980=AXIS2_PLACEMENT_3D('',#11637,#9507,#9508);
#7981=AXIS2_PLACEMENT_3D('',#11643,#9512,#9513);
#7982=AXIS2_PLACEMENT_3D('',#11647,#9516,#9517);
#7983=AXIS2_PLACEMENT_3D('',#11651,#9520,#9521);
#7984=AXIS2_PLACEMENT_3D('',#11655,#9524,#9525);
#7985=AXIS2_PLACEMENT_3D('',#11656,#9526,#9527);
#7986=AXIS2_PLACEMENT_3D('',#11657,#9528,#9529);
#7987=AXIS2_PLACEMENT_3D('',#11658,#9530,#9531);
#7988=AXIS2_PLACEMENT_3D('',#11663,#9533,#9534);
#7989=AXIS2_PLACEMENT_3D('',#11667,#9537,#9538);
#7990=AXIS2_PLACEMENT_3D('',#11673,#9542,#9543);
#7991=AXIS2_PLACEMENT_3D('',#11675,#9544,#9545);
#7992=AXIS2_PLACEMENT_3D('',#11677,#9547,#9548);
#7993=AXIS2_PLACEMENT_3D('',#11681,#9551,#9552);
#7994=AXIS2_PLACEMENT_3D('',#11683,#9554,#9555);
#7995=AXIS2_PLACEMENT_3D('',#11684,#9556,#9557);
#7996=AXIS2_PLACEMENT_3D('',#11689,#9559,#9560);
#7997=AXIS2_PLACEMENT_3D('',#11693,#9563,#9564);
#7998=AXIS2_PLACEMENT_3D('',#11699,#9568,#9569);
#7999=AXIS2_PLACEMENT_3D('',#11701,#9570,#9571);
#8000=AXIS2_PLACEMENT_3D('',#11703,#9573,#9574);
#8001=AXIS2_PLACEMENT_3D('',#11707,#9577,#9578);
#8002=AXIS2_PLACEMENT_3D('',#11709,#9580,#9581);
#8003=AXIS2_PLACEMENT_3D('',#11710,#9582,#9583);
#8004=AXIS2_PLACEMENT_3D('',#11715,#9585,#9586);
#8005=AXIS2_PLACEMENT_3D('',#11721,#9590,#9591);
#8006=AXIS2_PLACEMENT_3D('',#11727,#9595,#9596);
#8007=AXIS2_PLACEMENT_3D('',#11729,#9597,#9598);
#8008=AXIS2_PLACEMENT_3D('',#11731,#9600,#9601);
#8009=AXIS2_PLACEMENT_3D('',#11735,#9604,#9605);
#8010=AXIS2_PLACEMENT_3D('',#11739,#9608,#9609);
#8011=AXIS2_PLACEMENT_3D('',#11741,#9611,#9612);
#8012=AXIS2_PLACEMENT_3D('',#11742,#9613,#9614);
#8013=AXIS2_PLACEMENT_3D('',#11752,#9619,#9620);
#8014=AXIS2_PLACEMENT_3D('',#11753,#9621,#9622);
#8015=AXIS2_PLACEMENT_3D('',#11759,#9626,#9627);
#8016=AXIS2_PLACEMENT_3D('',#11763,#9630,#9631);
#8017=AXIS2_PLACEMENT_3D('',#11767,#9634,#9635);
#8018=AXIS2_PLACEMENT_3D('',#11771,#9638,#9639);
#8019=AXIS2_PLACEMENT_3D('',#11772,#9640,#9641);
#8020=AXIS2_PLACEMENT_3D('',#11773,#9642,#9643);
#8021=AXIS2_PLACEMENT_3D('',#11774,#9644,#9645);
#8022=AXIS2_PLACEMENT_3D('',#11782,#9649,#9650);
#8023=AXIS2_PLACEMENT_3D('',#11783,#9651,#9652);
#8024=AXIS2_PLACEMENT_3D('',#11789,#9656,#9657);
#8025=AXIS2_PLACEMENT_3D('',#11793,#9660,#9661);
#8026=AXIS2_PLACEMENT_3D('',#11797,#9664,#9665);
#8027=AXIS2_PLACEMENT_3D('',#11798,#9666,#9667);
#8028=AXIS2_PLACEMENT_3D('',#11799,#9668,#9669);
#8029=AXIS2_PLACEMENT_3D('',#11800,#9670,#9671);
#8030=AXIS2_PLACEMENT_3D('',#11808,#9675,#9676);
#8031=AXIS2_PLACEMENT_3D('',#11809,#9677,#9678);
#8032=AXIS2_PLACEMENT_3D('',#11815,#9682,#9683);
#8033=AXIS2_PLACEMENT_3D('',#11819,#9686,#9687);
#8034=AXIS2_PLACEMENT_3D('',#11823,#9690,#9691);
#8035=AXIS2_PLACEMENT_3D('',#11824,#9692,#9693);
#8036=AXIS2_PLACEMENT_3D('',#11825,#9694,#9695);
#8037=AXIS2_PLACEMENT_3D('',#11826,#9696,#9697);
#8038=AXIS2_PLACEMENT_3D('',#11834,#9701,#9702);
#8039=AXIS2_PLACEMENT_3D('',#11835,#9703,#9704);
#8040=AXIS2_PLACEMENT_3D('',#11841,#9708,#9709);
#8041=AXIS2_PLACEMENT_3D('',#11845,#9712,#9713);
#8042=AXIS2_PLACEMENT_3D('',#11849,#9716,#9717);
#8043=AXIS2_PLACEMENT_3D('',#11850,#9718,#9719);
#8044=AXIS2_PLACEMENT_3D('',#11851,#9720,#9721);
#8045=AXIS2_PLACEMENT_3D('',#11852,#9722,#9723);
#8046=AXIS2_PLACEMENT_3D('',#11860,#9727,#9728);
#8047=AXIS2_PLACEMENT_3D('',#11861,#9729,#9730);
#8048=AXIS2_PLACEMENT_3D('',#11867,#9734,#9735);
#8049=AXIS2_PLACEMENT_3D('',#11871,#9738,#9739);
#8050=AXIS2_PLACEMENT_3D('',#11875,#9742,#9743);
#8051=AXIS2_PLACEMENT_3D('',#11876,#9744,#9745);
#8052=AXIS2_PLACEMENT_3D('',#11877,#9746,#9747);
#8053=AXIS2_PLACEMENT_3D('',#11878,#9748,#9749);
#8054=AXIS2_PLACEMENT_3D('',#11886,#9753,#9754);
#8055=AXIS2_PLACEMENT_3D('',#11887,#9755,#9756);
#8056=AXIS2_PLACEMENT_3D('',#11893,#9760,#9761);
#8057=AXIS2_PLACEMENT_3D('',#11897,#9764,#9765);
#8058=AXIS2_PLACEMENT_3D('',#11901,#9768,#9769);
#8059=AXIS2_PLACEMENT_3D('',#11902,#9770,#9771);
#8060=AXIS2_PLACEMENT_3D('',#11903,#9772,#9773);
#8061=AXIS2_PLACEMENT_3D('',#11904,#9774,#9775);
#8062=AXIS2_PLACEMENT_3D('',#11912,#9779,#9780);
#8063=AXIS2_PLACEMENT_3D('',#11913,#9781,#9782);
#8064=AXIS2_PLACEMENT_3D('',#11919,#9786,#9787);
#8065=AXIS2_PLACEMENT_3D('',#11923,#9790,#9791);
#8066=AXIS2_PLACEMENT_3D('',#11927,#9794,#9795);
#8067=AXIS2_PLACEMENT_3D('',#11928,#9796,#9797);
#8068=AXIS2_PLACEMENT_3D('',#11929,#9798,#9799);
#8069=AXIS2_PLACEMENT_3D('',#11930,#9800,#9801);
#8070=AXIS2_PLACEMENT_3D('',#11935,#9803,#9804);
#8071=AXIS2_PLACEMENT_3D('',#11941,#9808,#9809);
#8072=AXIS2_PLACEMENT_3D('',#11947,#9813,#9814);
#8073=AXIS2_PLACEMENT_3D('',#11949,#9815,#9816);
#8074=AXIS2_PLACEMENT_3D('',#11951,#9818,#9819);
#8075=AXIS2_PLACEMENT_3D('',#11955,#9822,#9823);
#8076=AXIS2_PLACEMENT_3D('',#11959,#9826,#9827);
#8077=AXIS2_PLACEMENT_3D('',#11961,#9829,#9830);
#8078=AXIS2_PLACEMENT_3D('',#11962,#9831,#9832);
#8079=AXIS2_PLACEMENT_3D('',#11967,#9834,#9835);
#8080=AXIS2_PLACEMENT_3D('',#11973,#9839,#9840);
#8081=AXIS2_PLACEMENT_3D('',#11979,#9844,#9845);
#8082=AXIS2_PLACEMENT_3D('',#11981,#9846,#9847);
#8083=AXIS2_PLACEMENT_3D('',#11983,#9849,#9850);
#8084=AXIS2_PLACEMENT_3D('',#11987,#9853,#9854);
#8085=AXIS2_PLACEMENT_3D('',#11991,#9857,#9858);
#8086=AXIS2_PLACEMENT_3D('',#11993,#9860,#9861);
#8087=AXIS2_PLACEMENT_3D('',#11994,#9862,#9863);
#8088=AXIS2_PLACEMENT_3D('',#11999,#9865,#9866);
#8089=AXIS2_PLACEMENT_3D('',#12003,#9869,#9870);
#8090=AXIS2_PLACEMENT_3D('',#12009,#9874,#9875);
#8091=AXIS2_PLACEMENT_3D('',#12011,#9876,#9877);
#8092=AXIS2_PLACEMENT_3D('',#12013,#9879,#9880);
#8093=AXIS2_PLACEMENT_3D('',#12017,#9883,#9884);
#8094=AXIS2_PLACEMENT_3D('',#12019,#9886,#9887);
#8095=AXIS2_PLACEMENT_3D('',#12020,#9888,#9889);
#8096=AXIS2_PLACEMENT_3D('',#12025,#9891,#9892);
#8097=AXIS2_PLACEMENT_3D('',#12029,#9895,#9896);
#8098=AXIS2_PLACEMENT_3D('',#12035,#9900,#9901);
#8099=AXIS2_PLACEMENT_3D('',#12037,#9902,#9903);
#8100=AXIS2_PLACEMENT_3D('',#12039,#9905,#9906);
#8101=AXIS2_PLACEMENT_3D('',#12043,#9909,#9910);
#8102=AXIS2_PLACEMENT_3D('',#12045,#9912,#9913);
#8103=AXIS2_PLACEMENT_3D('',#12046,#9914,#9915);
#8104=AXIS2_PLACEMENT_3D('',#12051,#9917,#9918);
#8105=AXIS2_PLACEMENT_3D('',#12055,#9921,#9922);
#8106=AXIS2_PLACEMENT_3D('',#12061,#9926,#9927);
#8107=AXIS2_PLACEMENT_3D('',#12063,#9928,#9929);
#8108=AXIS2_PLACEMENT_3D('',#12065,#9931,#9932);
#8109=AXIS2_PLACEMENT_3D('',#12069,#9935,#9936);
#8110=AXIS2_PLACEMENT_3D('',#12071,#9938,#9939);
#8111=AXIS2_PLACEMENT_3D('',#12072,#9940,#9941);
#8112=AXIS2_PLACEMENT_3D('',#12077,#9943,#9944);
#8113=AXIS2_PLACEMENT_3D('',#12081,#9947,#9948);
#8114=AXIS2_PLACEMENT_3D('',#12087,#9952,#9953);
#8115=AXIS2_PLACEMENT_3D('',#12089,#9954,#9955);
#8116=AXIS2_PLACEMENT_3D('',#12091,#9957,#9958);
#8117=AXIS2_PLACEMENT_3D('',#12095,#9961,#9962);
#8118=AXIS2_PLACEMENT_3D('',#12097,#9964,#9965);
#8119=AXIS2_PLACEMENT_3D('',#12098,#9966,#9967);
#8120=AXIS2_PLACEMENT_3D('',#12103,#9969,#9970);
#8121=AXIS2_PLACEMENT_3D('',#12107,#9973,#9974);
#8122=AXIS2_PLACEMENT_3D('',#12113,#9978,#9979);
#8123=AXIS2_PLACEMENT_3D('',#12115,#9980,#9981);
#8124=AXIS2_PLACEMENT_3D('',#12117,#9983,#9984);
#8125=AXIS2_PLACEMENT_3D('',#12121,#9987,#9988);
#8126=AXIS2_PLACEMENT_3D('',#12123,#9990,#9991);
#8127=AXIS2_PLACEMENT_3D('',#12124,#9992,#9993);
#8128=AXIS2_PLACEMENT_3D('',#12129,#9995,#9996);
#8129=AXIS2_PLACEMENT_3D('',#12133,#9999,#10000);
#8130=AXIS2_PLACEMENT_3D('',#12139,#10004,#10005);
#8131=AXIS2_PLACEMENT_3D('',#12141,#10006,#10007);
#8132=AXIS2_PLACEMENT_3D('',#12143,#10009,#10010);
#8133=AXIS2_PLACEMENT_3D('',#12147,#10013,#10014);
#8134=AXIS2_PLACEMENT_3D('',#12149,#10016,#10017);
#8135=AXIS2_PLACEMENT_3D('',#12150,#10018,#10019);
#8136=AXIS2_PLACEMENT_3D('',#12160,#10024,#10025);
#8137=AXIS2_PLACEMENT_3D('',#12161,#10026,#10027);
#8138=AXIS2_PLACEMENT_3D('',#12167,#10031,#10032);
#8139=AXIS2_PLACEMENT_3D('',#12171,#10035,#10036);
#8140=AXIS2_PLACEMENT_3D('',#12175,#10039,#10040);
#8141=AXIS2_PLACEMENT_3D('',#12179,#10043,#10044);
#8142=AXIS2_PLACEMENT_3D('',#12180,#10045,#10046);
#8143=AXIS2_PLACEMENT_3D('',#12181,#10047,#10048);
#8144=AXIS2_PLACEMENT_3D('',#12182,#10049,#10050);
#8145=AXIS2_PLACEMENT_3D('',#12195,#10057,#10058);
#8146=AXIS2_PLACEMENT_3D('',#12201,#10062,#10063);
#8147=AXIS2_PLACEMENT_3D('',#12205,#10066,#10067);
#8148=AXIS2_PLACEMENT_3D('',#12209,#10070,#10071);
#8149=AXIS2_PLACEMENT_3D('',#12213,#10074,#10075);
#8150=AXIS2_PLACEMENT_3D('',#12217,#10078,#10079);
#8151=AXIS2_PLACEMENT_3D('',#12219,#10081,#10082);
#8152=AXIS2_PLACEMENT_3D('',#12220,#10083,#10084);
#8153=AXIS2_PLACEMENT_3D('',#12233,#10091,#10092);
#8154=AXIS2_PLACEMENT_3D('',#12239,#10096,#10097);
#8155=AXIS2_PLACEMENT_3D('',#12243,#10100,#10101);
#8156=AXIS2_PLACEMENT_3D('',#12247,#10104,#10105);
#8157=AXIS2_PLACEMENT_3D('',#12251,#10108,#10109);
#8158=AXIS2_PLACEMENT_3D('',#12255,#10112,#10113);
#8159=AXIS2_PLACEMENT_3D('',#12257,#10115,#10116);
#8160=AXIS2_PLACEMENT_3D('',#12258,#10117,#10118);
#8161=AXIS2_PLACEMENT_3D('',#12271,#10125,#10126);
#8162=AXIS2_PLACEMENT_3D('',#12277,#10130,#10131);
#8163=AXIS2_PLACEMENT_3D('',#12281,#10134,#10135);
#8164=AXIS2_PLACEMENT_3D('',#12285,#10138,#10139);
#8165=AXIS2_PLACEMENT_3D('',#12289,#10142,#10143);
#8166=AXIS2_PLACEMENT_3D('',#12293,#10146,#10147);
#8167=AXIS2_PLACEMENT_3D('',#12295,#10149,#10150);
#8168=AXIS2_PLACEMENT_3D('',#12296,#10151,#10152);
#8169=AXIS2_PLACEMENT_3D('',#12309,#10159,#10160);
#8170=AXIS2_PLACEMENT_3D('',#12315,#10164,#10165);
#8171=AXIS2_PLACEMENT_3D('',#12319,#10168,#10169);
#8172=AXIS2_PLACEMENT_3D('',#12323,#10172,#10173);
#8173=AXIS2_PLACEMENT_3D('',#12327,#10176,#10177);
#8174=AXIS2_PLACEMENT_3D('',#12331,#10180,#10181);
#8175=AXIS2_PLACEMENT_3D('',#12333,#10183,#10184);
#8176=AXIS2_PLACEMENT_3D('',#12334,#10185,#10186);
#8177=AXIS2_PLACEMENT_3D('',#12336,#10187,#10188);
#8178=AXIS2_PLACEMENT_3D('',#12339,#10190,#10191);
#8179=AXIS2_PLACEMENT_3D('',#12340,#10192,#10193);
#8180=AXIS2_PLACEMENT_3D('',#12341,#10194,#10195);
#8181=AXIS2_PLACEMENT_3D('',#12342,#10196,#10197);
#8182=AXIS2_PLACEMENT_3D('',#12343,#10198,#10199);
#8183=DIRECTION('axis',(0.,0.,1.));
#8184=DIRECTION('refdir',(1.,0.,0.));
#8185=DIRECTION('axis',(0.,0.,1.));
#8186=DIRECTION('refdir',(1.,0.,0.));
#8187=DIRECTION('center_axis',(0.,1.,0.));
#8188=DIRECTION('ref_axis',(1.,0.,0.));
#8189=DIRECTION('',(0.,0.,1.));
#8190=DIRECTION('',(-0.707106781186498,0.,-0.707106781186597));
#8191=DIRECTION('center_axis',(0.,1.,0.));
#8192=DIRECTION('ref_axis',(0.52998655798208,0.,0.848006042642567));
#8193=DIRECTION('',(0.,0.,1.));
#8194=DIRECTION('',(-1.,0.,0.));
#8195=DIRECTION('',(0.,0.,1.));
#8196=DIRECTION('center_axis',(0.,1.,0.));
#8197=DIRECTION('ref_axis',(-1.,0.,0.));
#8198=DIRECTION('',(0.,0.,1.));
#8199=DIRECTION('',(-1.,0.,0.));
#8200=DIRECTION('',(0.,0.,1.));
#8201=DIRECTION('center_axis',(0.,1.,0.));
#8202=DIRECTION('ref_axis',(-1.,0.,0.));
#8203=DIRECTION('',(0.,0.,1.));
#8204=DIRECTION('',(-1.,0.,0.));
#8205=DIRECTION('',(0.,0.,1.));
#8206=DIRECTION('center_axis',(0.,1.,0.));
#8207=DIRECTION('ref_axis',(-1.,0.,0.));
#8208=DIRECTION('',(0.,0.,1.));
#8209=DIRECTION('',(-1.,0.,0.));
#8210=DIRECTION('',(0.,0.,1.));
#8211=DIRECTION('center_axis',(0.,1.,0.));
#8212=DIRECTION('ref_axis',(-1.,0.,0.));
#8213=DIRECTION('',(0.,0.,1.));
#8214=DIRECTION('',(-1.,0.,0.));
#8215=DIRECTION('',(0.,0.,1.));
#8216=DIRECTION('center_axis',(0.,1.,0.));
#8217=DIRECTION('ref_axis',(-1.,0.,0.));
#8218=DIRECTION('',(0.,0.,1.));
#8219=DIRECTION('',(-1.,0.,0.));
#8220=DIRECTION('',(0.,0.,1.));
#8221=DIRECTION('center_axis',(0.,1.,0.));
#8222=DIRECTION('ref_axis',(-1.,0.,0.));
#8223=DIRECTION('',(0.,0.,1.));
#8224=DIRECTION('',(-1.,0.,0.));
#8225=DIRECTION('',(0.,0.,1.));
#8226=DIRECTION('center_axis',(0.,1.,0.));
#8227=DIRECTION('ref_axis',(-1.,0.,0.));
#8228=DIRECTION('',(-0.707106781186548,0.,0.707106781186548));
#8229=DIRECTION('',(0.,0.,1.));
#8230=DIRECTION('',(-1.,0.,0.));
#8231=DIRECTION('',(0.,0.,-1.));
#8232=DIRECTION('',(-1.,0.,0.));
#8233=DIRECTION('',(0.707106781186548,0.,-0.707106781186548));
#8234=DIRECTION('center_axis',(0.,1.,0.));
#8235=DIRECTION('ref_axis',(-0.848006042642567,0.,0.52998655798208));
#8236=DIRECTION('',(-1.,0.,0.));
#8237=DIRECTION('',(0.,0.,-1.));
#8238=DIRECTION('',(-1.,0.,0.));
#8239=DIRECTION('center_axis',(0.,1.,0.));
#8240=DIRECTION('ref_axis',(0.,0.,-1.));
#8241=DIRECTION('',(-1.,0.,0.));
#8242=DIRECTION('',(0.,0.,-1.));
#8243=DIRECTION('',(-1.,0.,0.));
#8244=DIRECTION('center_axis',(0.,1.,0.));
#8245=DIRECTION('ref_axis',(0.,0.,-1.));
#8246=DIRECTION('',(-1.,0.,0.));
#8247=DIRECTION('',(0.,0.,-1.));
#8248=DIRECTION('',(-1.,0.,0.));
#8249=DIRECTION('center_axis',(0.,1.,0.));
#8250=DIRECTION('ref_axis',(0.,0.,-1.));
#8251=DIRECTION('',(-1.,0.,0.));
#8252=DIRECTION('',(0.,0.,-1.));
#8253=DIRECTION('',(-1.,0.,0.));
#8254=DIRECTION('center_axis',(0.,1.,0.));
#8255=DIRECTION('ref_axis',(0.,0.,-1.));
#8256=DIRECTION('',(-1.,0.,0.));
#8257=DIRECTION('',(0.,0.,-1.));
#8258=DIRECTION('',(-1.,0.,0.));
#8259=DIRECTION('center_axis',(0.,1.,0.));
#8260=DIRECTION('ref_axis',(0.,0.,-1.));
#8261=DIRECTION('',(-1.,0.,0.));
#8262=DIRECTION('',(0.,0.,-1.));
#8263=DIRECTION('',(-1.,0.,0.));
#8264=DIRECTION('center_axis',(0.,1.,0.));
#8265=DIRECTION('ref_axis',(0.,0.,-1.));
#8266=DIRECTION('',(-1.,0.,0.));
#8267=DIRECTION('',(0.,0.,-1.));
#8268=DIRECTION('',(-1.,0.,0.));
#8269=DIRECTION('center_axis',(0.,1.,0.));
#8270=DIRECTION('ref_axis',(0.,0.,-1.));
#8271=DIRECTION('',(-0.707106781186548,0.,-0.707106781186548));
#8272=DIRECTION('',(-1.,0.,0.));
#8273=DIRECTION('',(0.,0.,-1.));
#8274=DIRECTION('',(1.,0.,0.));
#8275=DIRECTION('',(0.,0.,-1.));
#8276=DIRECTION('',(0.707106781186548,0.,0.707106781186548));
#8277=DIRECTION('center_axis',(0.,-1.,0.));
#8278=DIRECTION('ref_axis',(-1.,0.,0.));
#8279=DIRECTION('',(0.,0.,-1.));
#8280=DIRECTION('',(1.,0.,0.));
#8281=DIRECTION('',(0.,0.,-1.));
#8282=DIRECTION('center_axis',(0.,-1.,0.));
#8283=DIRECTION('ref_axis',(-1.,0.,0.));
#8284=DIRECTION('',(0.,0.,-1.));
#8285=DIRECTION('',(1.,0.,0.));
#8286=DIRECTION('',(0.,0.,-1.));
#8287=DIRECTION('center_axis',(0.,-1.,0.));
#8288=DIRECTION('ref_axis',(-1.,0.,0.));
#8289=DIRECTION('',(0.,0.,-1.));
#8290=DIRECTION('',(1.,0.,0.));
#8291=DIRECTION('',(0.,0.,-1.));
#8292=DIRECTION('center_axis',(0.,-1.,0.));
#8293=DIRECTION('ref_axis',(-1.,0.,0.));
#8294=DIRECTION('',(0.,0.,-1.));
#8295=DIRECTION('',(1.,0.,0.));
#8296=DIRECTION('',(0.,0.,-1.));
#8297=DIRECTION('center_axis',(0.,-1.,0.));
#8298=DIRECTION('ref_axis',(-1.,0.,0.));
#8299=DIRECTION('',(0.,0.,-1.));
#8300=DIRECTION('',(1.,0.,0.));
#8301=DIRECTION('',(0.,0.,-1.));
#8302=DIRECTION('center_axis',(0.,-1.,0.));
#8303=DIRECTION('ref_axis',(-1.,0.,0.));
#8304=DIRECTION('',(0.,0.,-1.));
#8305=DIRECTION('',(1.,0.,0.));
#8306=DIRECTION('',(0.,0.,-1.));
#8307=DIRECTION('center_axis',(0.,-1.,0.));
#8308=DIRECTION('ref_axis',(-1.,0.,0.));
#8309=DIRECTION('',(0.,0.,-1.));
#8310=DIRECTION('',(1.,0.,0.));
#8311=DIRECTION('',(0.,0.,-1.));
#8312=DIRECTION('center_axis',(0.,-1.,0.));
#8313=DIRECTION('ref_axis',(0.529986557982008,0.,-0.848006042642612));
#8314=DIRECTION('',(0.707106781186548,0.,-0.707106781186548));
#8315=DIRECTION('',(0.,0.,-1.));
#8316=DIRECTION('',(1.,0.,0.));
#8317=DIRECTION('',(0.,0.,1.));
#8318=DIRECTION('',(1.,0.,0.));
#8319=DIRECTION('',(-0.707106781186548,0.,0.707106781186548));
#8320=DIRECTION('center_axis',(0.,-1.,0.));
#8321=DIRECTION('ref_axis',(0.,0.,-1.));
#8322=DIRECTION('',(1.,0.,0.));
#8323=DIRECTION('',(0.,0.,1.));
#8324=DIRECTION('',(1.,0.,0.));
#8325=DIRECTION('center_axis',(0.,-1.,0.));
#8326=DIRECTION('ref_axis',(0.,0.,-1.));
#8327=DIRECTION('',(1.,0.,0.));
#8328=DIRECTION('',(0.,0.,1.));
#8329=DIRECTION('',(1.,0.,0.));
#8330=DIRECTION('center_axis',(0.,-1.,0.));
#8331=DIRECTION('ref_axis',(0.,0.,-1.));
#8332=DIRECTION('',(1.,0.,0.));
#8333=DIRECTION('',(0.,0.,1.));
#8334=DIRECTION('',(1.,0.,0.));
#8335=DIRECTION('center_axis',(0.,-1.,0.));
#8336=DIRECTION('ref_axis',(0.,0.,-1.));
#8337=DIRECTION('',(1.,0.,0.));
#8338=DIRECTION('',(0.,0.,1.));
#8339=DIRECTION('',(1.,0.,0.));
#8340=DIRECTION('center_axis',(0.,-1.,0.));
#8341=DIRECTION('ref_axis',(0.,0.,-1.));
#8342=DIRECTION('',(1.,0.,0.));
#8343=DIRECTION('',(0.,0.,1.));
#8344=DIRECTION('',(1.,0.,0.));
#8345=DIRECTION('center_axis',(0.,-1.,0.));
#8346=DIRECTION('ref_axis',(0.,0.,-1.));
#8347=DIRECTION('',(1.,0.,0.));
#8348=DIRECTION('',(0.,0.,1.));
#8349=DIRECTION('',(1.,0.,0.));
#8350=DIRECTION('center_axis',(0.,-1.,0.));
#8351=DIRECTION('ref_axis',(0.,0.,-1.));
#8352=DIRECTION('',(1.,0.,0.));
#8353=DIRECTION('',(0.,0.,1.));
#8354=DIRECTION('',(1.,0.,0.));
#8355=DIRECTION('center_axis',(0.,-1.,0.));
#8356=DIRECTION('ref_axis',(0.848006042642612,0.,0.529986557982008));
#8357=DIRECTION('',(0.707106781186548,0.,0.707106781186548));
#8358=DIRECTION('',(1.,0.,0.));
#8359=DIRECTION('',(0.,0.,1.));
#8360=DIRECTION('',(-1.,0.,0.));
#8361=DIRECTION('',(1.,0.,0.));
#8362=DIRECTION('',(-0.707106781186548,0.,0.707106781186548));
#8363=DIRECTION('',(0.,0.,-1.));
#8364=DIRECTION('',(-1.,0.,0.));
#8365=DIRECTION('',(0.,0.,1.));
#8366=DIRECTION('center_axis',(0.,0.,-1.));
#8367=DIRECTION('ref_axis',(1.,0.,0.));
#8368=DIRECTION('',(0.,-1.,0.));
#8369=DIRECTION('',(1.,0.,0.));
#8370=DIRECTION('',(0.,1.,0.));
#8371=DIRECTION('center_axis',(-0.707106781186548,0.,-0.707106781186548));
#8372=DIRECTION('ref_axis',(-0.707106781186548,0.,0.707106781186548));
#8373=DIRECTION('',(-0.707106781186548,0.,0.707106781186548));
#8374=DIRECTION('',(0.,1.,0.));
#8375=DIRECTION('center_axis',(-1.,0.,0.));
#8376=DIRECTION('ref_axis',(0.,0.,-1.));
#8377=DIRECTION('',(0.,0.,-1.));
#8378=DIRECTION('',(0.,-1.,0.));
#8379=DIRECTION('center_axis',(0.,0.,1.));
#8380=DIRECTION('ref_axis',(-1.,0.,0.));
#8381=DIRECTION('',(-1.,0.,0.));
#8382=DIRECTION('',(0.,-1.,0.));
#8383=DIRECTION('center_axis',(1.,0.,0.));
#8384=DIRECTION('ref_axis',(0.,0.,1.));
#8385=DIRECTION('',(0.,0.,1.));
#8386=DIRECTION('center_axis',(0.,1.,0.));
#8387=DIRECTION('ref_axis',(1.,0.,0.));
#8388=DIRECTION('',(0.,0.,1.));
#8389=DIRECTION('',(1.,0.,0.));
#8390=DIRECTION('',(0.,0.,-1.));
#8391=DIRECTION('',(-1.,0.,0.));
#8392=DIRECTION('center_axis',(-1.,0.,0.));
#8393=DIRECTION('ref_axis',(0.,0.,1.));
#8394=DIRECTION('',(0.,1.,0.));
#8395=DIRECTION('',(0.,0.,1.));
#8396=DIRECTION('',(0.,1.,0.));
#8397=DIRECTION('center_axis',(0.,0.,1.));
#8398=DIRECTION('ref_axis',(1.,0.,0.));
#8399=DIRECTION('',(1.,0.,0.));
#8400=DIRECTION('',(0.,1.,0.));
#8401=DIRECTION('center_axis',(1.,0.,0.));
#8402=DIRECTION('ref_axis',(0.,0.,-1.));
#8403=DIRECTION('',(0.,0.,-1.));
#8404=DIRECTION('',(0.,1.,0.));
#8405=DIRECTION('center_axis',(0.,0.,-1.));
#8406=DIRECTION('ref_axis',(-1.,0.,0.));
#8407=DIRECTION('',(-1.,0.,0.));
#8408=DIRECTION('center_axis',(0.,1.,0.));
#8409=DIRECTION('ref_axis',(1.,0.,0.));
#8410=DIRECTION('center_axis',(-1.,0.,0.));
#8411=DIRECTION('ref_axis',(0.,0.,1.));
#8412=DIRECTION('',(0.,1.,0.));
#8413=DIRECTION('',(0.,0.,1.));
#8414=DIRECTION('',(0.,1.,0.));
#8415=DIRECTION('center_axis',(0.,0.,-1.));
#8416=DIRECTION('ref_axis',(-1.,0.,0.));
#8417=DIRECTION('',(1.,0.,0.));
#8418=DIRECTION('',(0.,1.,0.));
#8419=DIRECTION('',(-1.,0.,0.));
#8420=DIRECTION('',(0.,1.,0.));
#8421=DIRECTION('',(0.,1.,0.));
#8422=DIRECTION('',(1.,0.,0.));
#8423=DIRECTION('',(0.,1.,0.));
#8424=DIRECTION('',(0.,1.,0.));
#8425=DIRECTION('',(1.,0.,0.));
#8426=DIRECTION('',(0.,1.,0.));
#8427=DIRECTION('',(0.,1.,0.));
#8428=DIRECTION('',(1.,0.,0.));
#8429=DIRECTION('',(0.,1.,0.));
#8430=DIRECTION('',(0.,1.,0.));
#8431=DIRECTION('',(1.,0.,0.));
#8432=DIRECTION('',(0.,1.,0.));
#8433=DIRECTION('',(0.,1.,0.));
#8434=DIRECTION('',(1.,0.,0.));
#8435=DIRECTION('',(0.,1.,0.));
#8436=DIRECTION('',(0.,1.,0.));
#8437=DIRECTION('',(1.,0.,0.));
#8438=DIRECTION('',(0.,1.,0.));
#8439=DIRECTION('',(0.,1.,0.));
#8440=DIRECTION('',(1.,0.,0.));
#8441=DIRECTION('',(0.,1.,0.));
#8442=DIRECTION('',(0.,1.,0.));
#8443=DIRECTION('',(1.,0.,0.));
#8444=DIRECTION('',(0.,1.,0.));
#8445=DIRECTION('',(1.,0.,0.));
#8446=DIRECTION('',(0.,1.,0.));
#8447=DIRECTION('',(-1.,0.,0.));
#8448=DIRECTION('',(0.,1.,0.));
#8449=DIRECTION('',(-1.,0.,0.));
#8450=DIRECTION('',(0.,1.,0.));
#8451=DIRECTION('center_axis',(0.,1.,0.));
#8452=DIRECTION('ref_axis',(1.,0.,0.));
#8453=DIRECTION('',(0.,0.,-1.));
#8454=DIRECTION('center_axis',(0.,1.,0.));
#8455=DIRECTION('ref_axis',(0.52998655798208,0.,0.848006042642567));
#8456=DIRECTION('',(-0.707106781186498,0.,-0.707106781186597));
#8457=DIRECTION('center_axis',(0.707106781186548,0.,-0.707106781186548));
#8458=DIRECTION('ref_axis',(-0.707106781186548,0.,-0.707106781186548));
#8459=DIRECTION('',(0.,1.,0.));
#8460=DIRECTION('center_axis',(0.,1.,0.));
#8461=DIRECTION('ref_axis',(1.,0.,0.));
#8462=DIRECTION('',(0.,1.,0.));
#8463=DIRECTION('center_axis',(1.,0.,0.));
#8464=DIRECTION('ref_axis',(0.,0.,-1.));
#8465=DIRECTION('center_axis',(-1.,0.,0.));
#8466=DIRECTION('ref_axis',(0.,0.,1.));
#8467=DIRECTION('',(0.,0.,1.));
#8468=DIRECTION('',(0.,1.,0.));
#8469=DIRECTION('center_axis',(0.,1.,0.));
#8470=DIRECTION('ref_axis',(1.,0.,0.));
#8471=DIRECTION('center_axis',(0.,1.,0.));
#8472=DIRECTION('ref_axis',(-1.,0.,0.));
#8473=DIRECTION('',(0.,1.,0.));
#8474=DIRECTION('center_axis',(1.,0.,0.));
#8475=DIRECTION('ref_axis',(0.,0.,-1.));
#8476=DIRECTION('',(0.,0.,-1.));
#8477=DIRECTION('center_axis',(0.,1.,0.));
#8478=DIRECTION('ref_axis',(1.,0.,0.));
#8479=DIRECTION('center_axis',(-1.,0.,0.));
#8480=DIRECTION('ref_axis',(0.,0.,1.));
#8481=DIRECTION('',(0.,0.,1.));
#8482=DIRECTION('',(0.,1.,0.));
#8483=DIRECTION('center_axis',(0.,1.,0.));
#8484=DIRECTION('ref_axis',(1.,0.,0.));
#8485=DIRECTION('center_axis',(0.,1.,0.));
#8486=DIRECTION('ref_axis',(-1.,0.,0.));
#8487=DIRECTION('',(0.,1.,0.));
#8488=DIRECTION('center_axis',(1.,0.,0.));
#8489=DIRECTION('ref_axis',(0.,0.,-1.));
#8490=DIRECTION('',(0.,0.,-1.));
#8491=DIRECTION('center_axis',(0.,1.,0.));
#8492=DIRECTION('ref_axis',(1.,0.,0.));
#8493=DIRECTION('center_axis',(-1.,0.,0.));
#8494=DIRECTION('ref_axis',(0.,0.,1.));
#8495=DIRECTION('',(0.,0.,1.));
#8496=DIRECTION('',(0.,1.,0.));
#8497=DIRECTION('center_axis',(0.,1.,0.));
#8498=DIRECTION('ref_axis',(1.,0.,0.));
#8499=DIRECTION('center_axis',(0.,1.,0.));
#8500=DIRECTION('ref_axis',(-1.,0.,0.));
#8501=DIRECTION('',(0.,1.,0.));
#8502=DIRECTION('center_axis',(1.,0.,0.));
#8503=DIRECTION('ref_axis',(0.,0.,-1.));
#8504=DIRECTION('',(0.,0.,-1.));
#8505=DIRECTION('center_axis',(0.,1.,0.));
#8506=DIRECTION('ref_axis',(1.,0.,0.));
#8507=DIRECTION('center_axis',(-1.,0.,0.));
#8508=DIRECTION('ref_axis',(0.,0.,1.));
#8509=DIRECTION('',(0.,0.,1.));
#8510=DIRECTION('',(0.,1.,0.));
#8511=DIRECTION('center_axis',(0.,1.,0.));
#8512=DIRECTION('ref_axis',(1.,0.,0.));
#8513=DIRECTION('center_axis',(0.,1.,0.));
#8514=DIRECTION('ref_axis',(-1.,0.,0.));
#8515=DIRECTION('',(0.,1.,0.));
#8516=DIRECTION('center_axis',(1.,0.,0.));
#8517=DIRECTION('ref_axis',(0.,0.,-1.));
#8518=DIRECTION('',(0.,0.,-1.));
#8519=DIRECTION('center_axis',(0.,1.,0.));
#8520=DIRECTION('ref_axis',(1.,0.,0.));
#8521=DIRECTION('center_axis',(-1.,0.,0.));
#8522=DIRECTION('ref_axis',(0.,0.,1.));
#8523=DIRECTION('',(0.,0.,1.));
#8524=DIRECTION('',(0.,1.,0.));
#8525=DIRECTION('center_axis',(0.,1.,0.));
#8526=DIRECTION('ref_axis',(1.,0.,0.));
#8527=DIRECTION('center_axis',(0.,1.,0.));
#8528=DIRECTION('ref_axis',(-1.,0.,0.));
#8529=DIRECTION('',(0.,1.,0.));
#8530=DIRECTION('center_axis',(1.,0.,0.));
#8531=DIRECTION('ref_axis',(0.,0.,-1.));
#8532=DIRECTION('',(0.,0.,-1.));
#8533=DIRECTION('center_axis',(0.,1.,0.));
#8534=DIRECTION('ref_axis',(1.,0.,0.));
#8535=DIRECTION('center_axis',(-1.,0.,0.));
#8536=DIRECTION('ref_axis',(0.,0.,1.));
#8537=DIRECTION('',(0.,0.,1.));
#8538=DIRECTION('',(0.,1.,0.));
#8539=DIRECTION('center_axis',(0.,1.,0.));
#8540=DIRECTION('ref_axis',(1.,0.,0.));
#8541=DIRECTION('center_axis',(0.,1.,0.));
#8542=DIRECTION('ref_axis',(-1.,0.,0.));
#8543=DIRECTION('',(0.,1.,0.));
#8544=DIRECTION('center_axis',(1.,0.,0.));
#8545=DIRECTION('ref_axis',(0.,0.,-1.));
#8546=DIRECTION('',(0.,0.,-1.));
#8547=DIRECTION('center_axis',(0.,1.,0.));
#8548=DIRECTION('ref_axis',(1.,0.,0.));
#8549=DIRECTION('center_axis',(-1.,0.,0.));
#8550=DIRECTION('ref_axis',(0.,0.,1.));
#8551=DIRECTION('',(0.,0.,1.));
#8552=DIRECTION('',(0.,1.,0.));
#8553=DIRECTION('center_axis',(0.,1.,0.));
#8554=DIRECTION('ref_axis',(1.,0.,0.));
#8555=DIRECTION('center_axis',(0.,1.,0.));
#8556=DIRECTION('ref_axis',(-1.,0.,0.));
#8557=DIRECTION('',(0.,1.,0.));
#8558=DIRECTION('center_axis',(-0.707106781186548,0.,-0.707106781186548));
#8559=DIRECTION('ref_axis',(-0.707106781186548,0.,0.707106781186548));
#8560=DIRECTION('',(-0.707106781186548,0.,0.707106781186548));
#8561=DIRECTION('',(0.,1.,0.));
#8562=DIRECTION('center_axis',(1.,0.,0.));
#8563=DIRECTION('ref_axis',(0.,0.,-1.));
#8564=DIRECTION('',(0.,0.,-1.));
#8565=DIRECTION('center_axis',(0.,1.,0.));
#8566=DIRECTION('ref_axis',(1.,0.,0.));
#8567=DIRECTION('center_axis',(1.,0.,0.));
#8568=DIRECTION('ref_axis',(0.,0.,-1.));
#8569=DIRECTION('',(0.,1.,0.));
#8570=DIRECTION('',(0.,1.,0.));
#8571=DIRECTION('',(0.,0.,-1.));
#8572=DIRECTION('',(0.,1.,0.));
#8573=DIRECTION('',(0.,1.,0.));
#8574=DIRECTION('',(0.,0.,-1.));
#8575=DIRECTION('',(0.,1.,0.));
#8576=DIRECTION('',(0.,1.,0.));
#8577=DIRECTION('',(0.,0.,-1.));
#8578=DIRECTION('',(0.,1.,0.));
#8579=DIRECTION('',(0.,1.,0.));
#8580=DIRECTION('',(0.,0.,-1.));
#8581=DIRECTION('',(0.,1.,0.));
#8582=DIRECTION('',(0.,1.,0.));
#8583=DIRECTION('',(0.,0.,-1.));
#8584=DIRECTION('',(0.,1.,0.));
#8585=DIRECTION('',(0.,1.,0.));
#8586=DIRECTION('',(0.,0.,-1.));
#8587=DIRECTION('',(0.,1.,0.));
#8588=DIRECTION('',(0.,1.,0.));
#8589=DIRECTION('',(0.,0.,-1.));
#8590=DIRECTION('',(0.,1.,0.));
#8591=DIRECTION('',(0.,0.,-1.));
#8592=DIRECTION('',(0.,1.,0.));
#8593=DIRECTION('',(0.,1.,0.));
#8594=DIRECTION('',(0.,0.,-1.));
#8595=DIRECTION('',(0.,0.,-1.));
#8596=DIRECTION('',(0.,1.,0.));
#8597=DIRECTION('',(0.,0.,-1.));
#8598=DIRECTION('',(0.,1.,0.));
#8599=DIRECTION('',(0.,0.,1.));
#8600=DIRECTION('',(0.,1.,0.));
#8601=DIRECTION('',(0.,0.,1.));
#8602=DIRECTION('',(0.,1.,0.));
#8603=DIRECTION('center_axis',(0.,0.,-1.));
#8604=DIRECTION('ref_axis',(-1.,0.,0.));
#8605=DIRECTION('',(-1.,0.,0.));
#8606=DIRECTION('',(0.,1.,0.));
#8607=DIRECTION('center_axis',(0.,1.,0.));
#8608=DIRECTION('ref_axis',(1.,0.,0.));
#8609=DIRECTION('center_axis',(0.,1.,0.));
#8610=DIRECTION('ref_axis',(0.,0.,-1.));
#8611=DIRECTION('',(0.,1.,0.));
#8612=DIRECTION('center_axis',(0.707106781186548,0.,-0.707106781186548));
#8613=DIRECTION('ref_axis',(-0.707106781186548,0.,-0.707106781186548));
#8614=DIRECTION('',(-0.707106781186548,0.,-0.707106781186548));
#8615=DIRECTION('',(0.,1.,0.));
#8616=DIRECTION('center_axis',(0.,0.,1.));
#8617=DIRECTION('ref_axis',(1.,0.,0.));
#8618=DIRECTION('',(1.,0.,0.));
#8619=DIRECTION('center_axis',(0.,1.,0.));
#8620=DIRECTION('ref_axis',(1.,0.,0.));
#8621=DIRECTION('center_axis',(0.,0.,1.));
#8622=DIRECTION('ref_axis',(1.,0.,0.));
#8623=DIRECTION('',(1.,0.,0.));
#8624=DIRECTION('',(0.,1.,0.));
#8625=DIRECTION('',(0.,1.,0.));
#8626=DIRECTION('',(1.,0.,0.));
#8627=DIRECTION('',(0.,1.,0.));
#8628=DIRECTION('',(0.,1.,0.));
#8629=DIRECTION('',(1.,0.,0.));
#8630=DIRECTION('',(0.,1.,0.));
#8631=DIRECTION('',(0.,1.,0.));
#8632=DIRECTION('',(1.,0.,0.));
#8633=DIRECTION('',(0.,1.,0.));
#8634=DIRECTION('',(0.,1.,0.));
#8635=DIRECTION('',(1.,0.,0.));
#8636=DIRECTION('',(0.,1.,0.));
#8637=DIRECTION('',(0.,1.,0.));
#8638=DIRECTION('',(1.,0.,0.));
#8639=DIRECTION('',(0.,1.,0.));
#8640=DIRECTION('',(0.,1.,0.));
#8641=DIRECTION('',(1.,0.,0.));
#8642=DIRECTION('',(0.,1.,0.));
#8643=DIRECTION('',(0.,1.,0.));
#8644=DIRECTION('',(1.,0.,0.));
#8645=DIRECTION('',(0.,1.,0.));
#8646=DIRECTION('',(1.,0.,0.));
#8647=DIRECTION('',(0.,1.,0.));
#8648=DIRECTION('',(0.,1.,0.));
#8649=DIRECTION('',(1.,0.,0.));
#8650=DIRECTION('',(0.,1.,0.));
#8651=DIRECTION('',(1.,0.,0.));
#8652=DIRECTION('',(0.,1.,0.));
#8653=DIRECTION('',(-1.,0.,0.));
#8654=DIRECTION('',(0.,1.,0.));
#8655=DIRECTION('',(-1.,0.,0.));
#8656=DIRECTION('',(0.,1.,0.));
#8657=DIRECTION('center_axis',(0.,-1.,0.));
#8658=DIRECTION('ref_axis',(1.,0.,0.));
#8659=DIRECTION('',(0.,0.,-1.));
#8660=DIRECTION('',(0.707106781186548,0.,-0.707106781186548));
#8661=DIRECTION('center_axis',(0.,-1.,0.));
#8662=DIRECTION('ref_axis',(0.529986557982008,0.,-0.848006042642612));
#8663=DIRECTION('',(0.,0.,1.));
#8664=DIRECTION('center_axis',(-1.,0.,0.));
#8665=DIRECTION('ref_axis',(0.,0.,1.));
#8666=DIRECTION('',(0.,1.,0.));
#8667=DIRECTION('center_axis',(0.,-1.,0.));
#8668=DIRECTION('ref_axis',(1.,0.,0.));
#8669=DIRECTION('',(0.,-1.,0.));
#8670=DIRECTION('center_axis',(0.707106781186548,0.,0.707106781186548));
#8671=DIRECTION('ref_axis',(0.707106781186548,0.,-0.707106781186548));
#8672=DIRECTION('',(0.,1.,0.));
#8673=DIRECTION('center_axis',(1.,0.,0.));
#8674=DIRECTION('ref_axis',(0.,0.,-1.));
#8675=DIRECTION('center_axis',(-1.,0.,0.));
#8676=DIRECTION('ref_axis',(0.,0.,1.));
#8677=DIRECTION('',(0.,0.,-1.));
#8678=DIRECTION('',(0.,1.,0.));
#8679=DIRECTION('',(0.,0.,1.));
#8680=DIRECTION('',(0.,1.,0.));
#8681=DIRECTION('',(0.,0.,-1.));
#8682=DIRECTION('',(0.,1.,0.));
#8683=DIRECTION('',(0.,1.,0.));
#8684=DIRECTION('',(0.,0.,-1.));
#8685=DIRECTION('',(0.,1.,0.));
#8686=DIRECTION('',(0.,1.,0.));
#8687=DIRECTION('',(0.,0.,-1.));
#8688=DIRECTION('',(0.,1.,0.));
#8689=DIRECTION('',(0.,1.,0.));
#8690=DIRECTION('',(0.,0.,-1.));
#8691=DIRECTION('',(0.,1.,0.));
#8692=DIRECTION('',(0.,1.,0.));
#8693=DIRECTION('',(0.,0.,-1.));
#8694=DIRECTION('',(0.,1.,0.));
#8695=DIRECTION('',(0.,1.,0.));
#8696=DIRECTION('',(0.,0.,-1.));
#8697=DIRECTION('',(0.,1.,0.));
#8698=DIRECTION('',(0.,1.,0.));
#8699=DIRECTION('',(0.,0.,-1.));
#8700=DIRECTION('',(0.,1.,0.));
#8701=DIRECTION('',(0.,1.,0.));
#8702=DIRECTION('',(0.,0.,1.));
#8703=DIRECTION('',(0.,1.,0.));
#8704=DIRECTION('',(0.,0.,1.));
#8705=DIRECTION('',(0.,1.,0.));
#8706=DIRECTION('',(0.,0.,-1.));
#8707=DIRECTION('',(0.,1.,0.));
#8708=DIRECTION('',(0.,0.,-1.));
#8709=DIRECTION('',(0.,1.,0.));
#8710=DIRECTION('center_axis',(0.,-1.,0.));
#8711=DIRECTION('ref_axis',(-1.,0.,0.));
#8712=DIRECTION('',(1.,0.,0.));
#8713=DIRECTION('center_axis',(0.,-1.,0.));
#8714=DIRECTION('ref_axis',(0.,0.,-1.));
#8715=DIRECTION('',(-0.707106781186548,0.,0.707106781186548));
#8716=DIRECTION('',(-1.,0.,0.));
#8717=DIRECTION('center_axis',(0.,0.,-1.));
#8718=DIRECTION('ref_axis',(-1.,0.,0.));
#8719=DIRECTION('',(0.,1.,0.));
#8720=DIRECTION('center_axis',(-0.707106781186548,0.,-0.707106781186548));
#8721=DIRECTION('ref_axis',(-0.707106781186548,0.,0.707106781186548));
#8722=DIRECTION('',(0.,-1.,0.));
#8723=DIRECTION('center_axis',(0.,-1.,0.));
#8724=DIRECTION('ref_axis',(-1.,0.,0.));
#8725=DIRECTION('',(0.,1.,0.));
#8726=DIRECTION('center_axis',(0.,0.,1.));
#8727=DIRECTION('ref_axis',(1.,0.,0.));
#8728=DIRECTION('center_axis',(0.,0.,-1.));
#8729=DIRECTION('ref_axis',(-1.,0.,0.));
#8730=DIRECTION('',(-1.,0.,0.));
#8731=DIRECTION('',(0.,1.,0.));
#8732=DIRECTION('center_axis',(0.,-1.,0.));
#8733=DIRECTION('ref_axis',(1.,0.,-1.22464679914735E-16));
#8734=DIRECTION('',(0.,1.,0.));
#8735=DIRECTION('center_axis',(0.,-1.,0.));
#8736=DIRECTION('ref_axis',(0.,0.,-1.));
#8737=DIRECTION('center_axis',(0.,0.,1.));
#8738=DIRECTION('ref_axis',(1.,0.,0.));
#8739=DIRECTION('',(1.,0.,0.));
#8740=DIRECTION('center_axis',(0.,-1.,0.));
#8741=DIRECTION('ref_axis',(-1.,0.,0.));
#8742=DIRECTION('center_axis',(0.,0.,-1.));
#8743=DIRECTION('ref_axis',(-1.,0.,0.));
#8744=DIRECTION('',(-1.,0.,0.));
#8745=DIRECTION('',(0.,1.,0.));
#8746=DIRECTION('center_axis',(0.,-1.,0.));
#8747=DIRECTION('ref_axis',(1.,0.,-1.22464679914735E-16));
#8748=DIRECTION('',(0.,1.,0.));
#8749=DIRECTION('center_axis',(0.,-1.,0.));
#8750=DIRECTION('ref_axis',(0.,0.,-1.));
#8751=DIRECTION('center_axis',(0.,0.,1.));
#8752=DIRECTION('ref_axis',(1.,0.,0.));
#8753=DIRECTION('',(1.,0.,0.));
#8754=DIRECTION('center_axis',(0.,-1.,0.));
#8755=DIRECTION('ref_axis',(-1.,0.,0.));
#8756=DIRECTION('center_axis',(0.,0.,-1.));
#8757=DIRECTION('ref_axis',(-1.,0.,0.));
#8758=DIRECTION('',(-1.,0.,0.));
#8759=DIRECTION('',(0.,1.,0.));
#8760=DIRECTION('center_axis',(0.,-1.,0.));
#8761=DIRECTION('ref_axis',(1.,0.,-1.22464679914735E-16));
#8762=DIRECTION('',(0.,1.,0.));
#8763=DIRECTION('center_axis',(0.,-1.,0.));
#8764=DIRECTION('ref_axis',(0.,0.,-1.));
#8765=DIRECTION('center_axis',(0.,0.,1.));
#8766=DIRECTION('ref_axis',(1.,0.,0.));
#8767=DIRECTION('',(1.,0.,0.));
#8768=DIRECTION('center_axis',(0.,-1.,0.));
#8769=DIRECTION('ref_axis',(-1.,0.,0.));
#8770=DIRECTION('center_axis',(0.,0.,-1.));
#8771=DIRECTION('ref_axis',(-1.,0.,0.));
#8772=DIRECTION('',(-1.,0.,0.));
#8773=DIRECTION('',(0.,1.,0.));
#8774=DIRECTION('center_axis',(0.,-1.,0.));
#8775=DIRECTION('ref_axis',(1.,0.,-1.22464679914735E-16));
#8776=DIRECTION('',(0.,1.,0.));
#8777=DIRECTION('center_axis',(0.,-1.,0.));
#8778=DIRECTION('ref_axis',(0.,0.,-1.));
#8779=DIRECTION('center_axis',(0.,0.,1.));
#8780=DIRECTION('ref_axis',(1.,0.,0.));
#8781=DIRECTION('',(1.,0.,0.));
#8782=DIRECTION('center_axis',(0.,-1.,0.));
#8783=DIRECTION('ref_axis',(-1.,0.,0.));
#8784=DIRECTION('center_axis',(0.,0.,-1.));
#8785=DIRECTION('ref_axis',(-1.,0.,0.));
#8786=DIRECTION('',(-1.,0.,0.));
#8787=DIRECTION('',(0.,1.,0.));
#8788=DIRECTION('center_axis',(0.,-1.,0.));
#8789=DIRECTION('ref_axis',(1.,0.,-1.22464679914735E-16));
#8790=DIRECTION('',(0.,1.,0.));
#8791=DIRECTION('center_axis',(0.,-1.,0.));
#8792=DIRECTION('ref_axis',(0.,0.,-1.));
#8793=DIRECTION('center_axis',(0.,0.,1.));
#8794=DIRECTION('ref_axis',(1.,0.,0.));
#8795=DIRECTION('',(1.,0.,0.));
#8796=DIRECTION('center_axis',(0.,-1.,0.));
#8797=DIRECTION('ref_axis',(-1.,0.,0.));
#8798=DIRECTION('center_axis',(0.,0.,-1.));
#8799=DIRECTION('ref_axis',(-1.,0.,0.));
#8800=DIRECTION('',(-1.,0.,0.));
#8801=DIRECTION('',(0.,1.,0.));
#8802=DIRECTION('center_axis',(0.,-1.,0.));
#8803=DIRECTION('ref_axis',(1.,0.,-1.22464679914735E-16));
#8804=DIRECTION('',(0.,1.,0.));
#8805=DIRECTION('center_axis',(0.,-1.,0.));
#8806=DIRECTION('ref_axis',(0.,0.,-1.));
#8807=DIRECTION('center_axis',(0.,0.,1.));
#8808=DIRECTION('ref_axis',(1.,0.,0.));
#8809=DIRECTION('',(1.,0.,0.));
#8810=DIRECTION('center_axis',(0.,-1.,0.));
#8811=DIRECTION('ref_axis',(-1.,0.,0.));
#8812=DIRECTION('center_axis',(0.,0.,-1.));
#8813=DIRECTION('ref_axis',(-1.,0.,0.));
#8814=DIRECTION('',(-1.,0.,0.));
#8815=DIRECTION('',(0.,1.,0.));
#8816=DIRECTION('center_axis',(0.,-1.,0.));
#8817=DIRECTION('ref_axis',(-1.,0.,0.));
#8818=DIRECTION('center_axis',(0.,-1.,0.));
#8819=DIRECTION('ref_axis',(0.848006042642612,0.,0.529986557982008));
#8820=DIRECTION('',(0.,-1.,0.));
#8821=DIRECTION('center_axis',(-0.707106781186548,0.,0.707106781186548));
#8822=DIRECTION('ref_axis',(0.707106781186548,0.,0.707106781186548));
#8823=DIRECTION('',(0.707106781186548,0.,0.707106781186548));
#8824=DIRECTION('',(0.,1.,0.));
#8825=DIRECTION('center_axis',(0.,0.,1.));
#8826=DIRECTION('ref_axis',(1.,0.,0.));
#8827=DIRECTION('',(1.,0.,0.));
#8828=DIRECTION('center_axis',(0.,-1.,0.));
#8829=DIRECTION('ref_axis',(-1.,0.,0.));
#8830=DIRECTION('center_axis',(0.,1.,0.));
#8831=DIRECTION('ref_axis',(1.,0.,0.));
#8832=DIRECTION('center_axis',(0.,1.,0.));
#8833=DIRECTION('ref_axis',(1.,0.,0.));
#8834=DIRECTION('',(1.,0.,0.));
#8835=DIRECTION('',(0.,0.,-1.));
#8836=DIRECTION('',(0.,0.,1.));
#8837=DIRECTION('',(-1.,0.,0.));
#8838=DIRECTION('center_axis',(0.,0.,-1.));
#8839=DIRECTION('ref_axis',(-1.,0.,0.));
#8840=DIRECTION('',(0.,1.,0.));
#8841=DIRECTION('',(-1.,0.,0.));
#8842=DIRECTION('center_axis',(0.,1.,0.));
#8843=DIRECTION('ref_axis',(1.,0.,0.));
#8844=DIRECTION('',(0.,0.,1.));
#8845=DIRECTION('',(0.,0.,-1.));
#8846=DIRECTION('',(1.,0.,0.));
#8847=DIRECTION('center_axis',(0.,0.,1.));
#8848=DIRECTION('ref_axis',(1.,0.,0.));
#8849=DIRECTION('',(0.,1.,0.));
#8850=DIRECTION('center_axis',(1.,0.,0.));
#8851=DIRECTION('ref_axis',(0.,0.,-1.));
#8852=DIRECTION('center_axis',(-1.,0.,0.));
#8853=DIRECTION('ref_axis',(0.,0.,1.));
#8854=DIRECTION('center_axis',(0.,1.,0.));
#8855=DIRECTION('ref_axis',(0.,0.,-1.));
#8856=DIRECTION('',(1.,0.,0.));
#8857=DIRECTION('',(0.,0.,1.));
#8858=DIRECTION('',(0.,0.,-1.));
#8859=DIRECTION('',(-1.,0.,0.));
#8860=DIRECTION('center_axis',(0.,0.,-1.));
#8861=DIRECTION('ref_axis',(-1.,0.,0.));
#8862=DIRECTION('',(0.,1.,0.));
#8863=DIRECTION('',(-1.,0.,0.));
#8864=DIRECTION('center_axis',(0.,1.,0.));
#8865=DIRECTION('ref_axis',(0.,0.,-1.));
#8866=DIRECTION('',(0.,0.,-1.));
#8867=DIRECTION('',(0.,0.,1.));
#8868=DIRECTION('',(1.,0.,0.));
#8869=DIRECTION('center_axis',(0.,0.,1.));
#8870=DIRECTION('ref_axis',(1.,0.,0.));
#8871=DIRECTION('',(0.,1.,0.));
#8872=DIRECTION('center_axis',(-1.,0.,0.));
#8873=DIRECTION('ref_axis',(0.,0.,1.));
#8874=DIRECTION('center_axis',(1.,0.,0.));
#8875=DIRECTION('ref_axis',(0.,0.,-1.));
#8876=DIRECTION('center_axis',(-1.,0.,0.));
#8877=DIRECTION('ref_axis',(0.,0.,1.));
#8878=DIRECTION('',(0.,0.,1.));
#8879=DIRECTION('',(0.,1.,0.));
#8880=DIRECTION('center_axis',(-0.707106781186548,0.,0.707106781186548));
#8881=DIRECTION('ref_axis',(0.707106781186548,0.,0.707106781186548));
#8882=DIRECTION('',(0.707106781186548,0.,0.707106781186548));
#8883=DIRECTION('',(0.,-1.,0.));
#8884=DIRECTION('center_axis',(0.,-1.,0.));
#8885=DIRECTION('ref_axis',(1.,0.,0.));
#8886=DIRECTION('',(0.,1.,0.));
#8887=DIRECTION('center_axis',(0.,-1.,0.));
#8888=DIRECTION('ref_axis',(-1.,0.,0.));
#8889=DIRECTION('center_axis',(1.,0.,0.));
#8890=DIRECTION('ref_axis',(0.,0.,-1.));
#8891=DIRECTION('',(0.,0.,-1.));
#8892=DIRECTION('center_axis',(0.,-1.,0.));
#8893=DIRECTION('ref_axis',(1.,0.,0.));
#8894=DIRECTION('center_axis',(-1.,0.,0.));
#8895=DIRECTION('ref_axis',(0.,0.,1.));
#8896=DIRECTION('',(0.,0.,1.));
#8897=DIRECTION('',(0.,1.,0.));
#8898=DIRECTION('center_axis',(0.,-1.,0.));
#8899=DIRECTION('ref_axis',(1.,0.,0.));
#8900=DIRECTION('',(0.,1.,0.));
#8901=DIRECTION('center_axis',(0.,-1.,0.));
#8902=DIRECTION('ref_axis',(-1.,0.,0.));
#8903=DIRECTION('center_axis',(1.,0.,0.));
#8904=DIRECTION('ref_axis',(0.,0.,-1.));
#8905=DIRECTION('',(0.,0.,-1.));
#8906=DIRECTION('center_axis',(0.,-1.,0.));
#8907=DIRECTION('ref_axis',(1.,0.,0.));
#8908=DIRECTION('center_axis',(-1.,0.,0.));
#8909=DIRECTION('ref_axis',(0.,0.,1.));
#8910=DIRECTION('',(0.,0.,1.));
#8911=DIRECTION('',(0.,1.,0.));
#8912=DIRECTION('center_axis',(0.,-1.,0.));
#8913=DIRECTION('ref_axis',(1.,0.,0.));
#8914=DIRECTION('',(0.,1.,0.));
#8915=DIRECTION('center_axis',(0.,-1.,0.));
#8916=DIRECTION('ref_axis',(-1.,0.,0.));
#8917=DIRECTION('center_axis',(1.,0.,0.));
#8918=DIRECTION('ref_axis',(0.,0.,-1.));
#8919=DIRECTION('',(0.,0.,-1.));
#8920=DIRECTION('center_axis',(0.,-1.,0.));
#8921=DIRECTION('ref_axis',(1.,0.,0.));
#8922=DIRECTION('center_axis',(-1.,0.,0.));
#8923=DIRECTION('ref_axis',(0.,0.,1.));
#8924=DIRECTION('',(0.,0.,1.));
#8925=DIRECTION('',(0.,1.,0.));
#8926=DIRECTION('center_axis',(0.,-1.,0.));
#8927=DIRECTION('ref_axis',(1.,0.,0.));
#8928=DIRECTION('',(0.,1.,0.));
#8929=DIRECTION('center_axis',(0.,-1.,0.));
#8930=DIRECTION('ref_axis',(-1.,0.,0.));
#8931=DIRECTION('center_axis',(1.,0.,0.));
#8932=DIRECTION('ref_axis',(0.,0.,-1.));
#8933=DIRECTION('',(0.,0.,-1.));
#8934=DIRECTION('center_axis',(0.,-1.,0.));
#8935=DIRECTION('ref_axis',(1.,0.,0.));
#8936=DIRECTION('center_axis',(-1.,0.,0.));
#8937=DIRECTION('ref_axis',(0.,0.,1.));
#8938=DIRECTION('',(0.,0.,1.));
#8939=DIRECTION('',(0.,1.,0.));
#8940=DIRECTION('center_axis',(0.,-1.,0.));
#8941=DIRECTION('ref_axis',(1.,0.,0.));
#8942=DIRECTION('',(0.,1.,0.));
#8943=DIRECTION('center_axis',(0.,-1.,0.));
#8944=DIRECTION('ref_axis',(-1.,0.,0.));
#8945=DIRECTION('center_axis',(1.,0.,0.));
#8946=DIRECTION('ref_axis',(0.,0.,-1.));
#8947=DIRECTION('',(0.,0.,-1.));
#8948=DIRECTION('center_axis',(0.,-1.,0.));
#8949=DIRECTION('ref_axis',(1.,0.,0.));
#8950=DIRECTION('center_axis',(-1.,0.,0.));
#8951=DIRECTION('ref_axis',(0.,0.,1.));
#8952=DIRECTION('',(0.,0.,1.));
#8953=DIRECTION('',(0.,1.,0.));
#8954=DIRECTION('center_axis',(0.,-1.,0.));
#8955=DIRECTION('ref_axis',(1.,0.,0.));
#8956=DIRECTION('',(0.,1.,0.));
#8957=DIRECTION('center_axis',(0.,-1.,0.));
#8958=DIRECTION('ref_axis',(-1.,0.,0.));
#8959=DIRECTION('center_axis',(1.,0.,0.));
#8960=DIRECTION('ref_axis',(0.,0.,-1.));
#8961=DIRECTION('',(0.,0.,-1.));
#8962=DIRECTION('center_axis',(0.,-1.,0.));
#8963=DIRECTION('ref_axis',(1.,0.,0.));
#8964=DIRECTION('center_axis',(-1.,0.,0.));
#8965=DIRECTION('ref_axis',(0.,0.,1.));
#8966=DIRECTION('',(0.,0.,1.));
#8967=DIRECTION('',(0.,1.,0.));
#8968=DIRECTION('center_axis',(0.,-1.,0.));
#8969=DIRECTION('ref_axis',(1.,0.,0.));
#8970=DIRECTION('',(0.,1.,0.));
#8971=DIRECTION('center_axis',(0.,-1.,0.));
#8972=DIRECTION('ref_axis',(-1.,0.,0.));
#8973=DIRECTION('center_axis',(1.,0.,0.));
#8974=DIRECTION('ref_axis',(0.,0.,-1.));
#8975=DIRECTION('',(0.,0.,-1.));
#8976=DIRECTION('center_axis',(0.,-1.,0.));
#8977=DIRECTION('ref_axis',(1.,0.,0.));
#8978=DIRECTION('center_axis',(0.,1.,0.));
#8979=DIRECTION('ref_axis',(-1.,0.,0.));
#8980=DIRECTION('',(0.,0.,-1.));
#8981=DIRECTION('',(1.,0.,0.));
#8982=DIRECTION('',(-1.,0.,0.));
#8983=DIRECTION('',(0.,0.,1.));
#8984=DIRECTION('center_axis',(-1.,0.,0.));
#8985=DIRECTION('ref_axis',(0.,0.,1.));
#8986=DIRECTION('',(0.,1.,0.));
#8987=DIRECTION('',(0.,0.,1.));
#8988=DIRECTION('center_axis',(0.,1.,0.));
#8989=DIRECTION('ref_axis',(-1.,0.,0.));
#8990=DIRECTION('',(-1.,0.,0.));
#8991=DIRECTION('',(1.,0.,0.));
#8992=DIRECTION('',(0.,0.,-1.));
#8993=DIRECTION('center_axis',(1.,0.,0.));
#8994=DIRECTION('ref_axis',(0.,0.,-1.));
#8995=DIRECTION('',(0.,1.,0.));
#8996=DIRECTION('center_axis',(0.,0.,1.));
#8997=DIRECTION('ref_axis',(1.,0.,0.));
#8998=DIRECTION('center_axis',(0.,0.,-1.));
#8999=DIRECTION('ref_axis',(-1.,0.,0.));
#9000=DIRECTION('center_axis',(0.,0.,-1.));
#9001=DIRECTION('ref_axis',(-1.,0.,0.));
#9002=DIRECTION('',(-1.,0.,0.));
#9003=DIRECTION('',(0.,1.,0.));
#9004=DIRECTION('center_axis',(0.707106781186548,0.,0.707106781186548));
#9005=DIRECTION('ref_axis',(0.707106781186548,0.,-0.707106781186548));
#9006=DIRECTION('',(0.707106781186548,0.,-0.707106781186548));
#9007=DIRECTION('',(0.,1.,0.));
#9008=DIRECTION('center_axis',(0.,1.,0.));
#9009=DIRECTION('ref_axis',(1.,0.,0.));
#9010=DIRECTION('',(0.,1.,0.));
#9011=DIRECTION('center_axis',(0.,1.,0.));
#9012=DIRECTION('ref_axis',(-0.848006042642567,0.,0.52998655798208));
#9013=DIRECTION('center_axis',(0.,0.,1.));
#9014=DIRECTION('ref_axis',(1.,0.,0.));
#9015=DIRECTION('',(1.,0.,0.));
#9016=DIRECTION('center_axis',(0.,1.,0.));
#9017=DIRECTION('ref_axis',(1.,0.,0.));
#9018=DIRECTION('center_axis',(0.,0.,-1.));
#9019=DIRECTION('ref_axis',(-1.,0.,0.));
#9020=DIRECTION('',(-1.,0.,0.));
#9021=DIRECTION('',(0.,1.,0.));
#9022=DIRECTION('center_axis',(0.,1.,0.));
#9023=DIRECTION('ref_axis',(-1.,0.,-1.22464679914735E-16));
#9024=DIRECTION('center_axis',(0.,1.,0.));
#9025=DIRECTION('ref_axis',(0.,0.,-1.));
#9026=DIRECTION('',(0.,1.,0.));
#9027=DIRECTION('center_axis',(0.,0.,1.));
#9028=DIRECTION('ref_axis',(1.,0.,0.));
#9029=DIRECTION('',(1.,0.,0.));
#9030=DIRECTION('center_axis',(0.,1.,0.));
#9031=DIRECTION('ref_axis',(1.,0.,0.));
#9032=DIRECTION('center_axis',(0.,0.,-1.));
#9033=DIRECTION('ref_axis',(-1.,0.,0.));
#9034=DIRECTION('',(-1.,0.,0.));
#9035=DIRECTION('',(0.,1.,0.));
#9036=DIRECTION('center_axis',(0.,1.,0.));
#9037=DIRECTION('ref_axis',(-1.,0.,-1.22464679914735E-16));
#9038=DIRECTION('center_axis',(0.,1.,0.));
#9039=DIRECTION('ref_axis',(0.,0.,-1.));
#9040=DIRECTION('',(0.,1.,0.));
#9041=DIRECTION('center_axis',(0.,0.,1.));
#9042=DIRECTION('ref_axis',(1.,0.,0.));
#9043=DIRECTION('',(1.,0.,0.));
#9044=DIRECTION('center_axis',(0.,1.,0.));
#9045=DIRECTION('ref_axis',(1.,0.,0.));
#9046=DIRECTION('center_axis',(0.,0.,-1.));
#9047=DIRECTION('ref_axis',(-1.,0.,0.));
#9048=DIRECTION('',(-1.,0.,0.));
#9049=DIRECTION('',(0.,1.,0.));
#9050=DIRECTION('center_axis',(0.,1.,0.));
#9051=DIRECTION('ref_axis',(-1.,0.,-1.22464679914735E-16));
#9052=DIRECTION('center_axis',(0.,1.,0.));
#9053=DIRECTION('ref_axis',(0.,0.,-1.));
#9054=DIRECTION('',(0.,1.,0.));
#9055=DIRECTION('center_axis',(0.,0.,1.));
#9056=DIRECTION('ref_axis',(1.,0.,0.));
#9057=DIRECTION('',(1.,0.,0.));
#9058=DIRECTION('center_axis',(0.,1.,0.));
#9059=DIRECTION('ref_axis',(1.,0.,0.));
#9060=DIRECTION('center_axis',(0.,0.,-1.));
#9061=DIRECTION('ref_axis',(-1.,0.,0.));
#9062=DIRECTION('',(-1.,0.,0.));
#9063=DIRECTION('',(0.,1.,0.));
#9064=DIRECTION('center_axis',(0.,1.,0.));
#9065=DIRECTION('ref_axis',(-1.,0.,-1.22464679914735E-16));
#9066=DIRECTION('center_axis',(0.,1.,0.));
#9067=DIRECTION('ref_axis',(0.,0.,-1.));
#9068=DIRECTION('',(0.,1.,0.));
#9069=DIRECTION('center_axis',(0.,0.,1.));
#9070=DIRECTION('ref_axis',(1.,0.,0.));
#9071=DIRECTION('',(1.,0.,0.));
#9072=DIRECTION('center_axis',(0.,1.,0.));
#9073=DIRECTION('ref_axis',(1.,0.,0.));
#9074=DIRECTION('center_axis',(0.,0.,-1.));
#9075=DIRECTION('ref_axis',(-1.,0.,0.));
#9076=DIRECTION('',(-1.,0.,0.));
#9077=DIRECTION('',(0.,1.,0.));
#9078=DIRECTION('center_axis',(0.,1.,0.));
#9079=DIRECTION('ref_axis',(-1.,0.,-1.22464679914735E-16));
#9080=DIRECTION('center_axis',(0.,1.,0.));
#9081=DIRECTION('ref_axis',(0.,0.,-1.));
#9082=DIRECTION('',(0.,1.,0.));
#9083=DIRECTION('center_axis',(0.,0.,1.));
#9084=DIRECTION('ref_axis',(1.,0.,0.));
#9085=DIRECTION('',(1.,0.,0.));
#9086=DIRECTION('center_axis',(0.,1.,0.));
#9087=DIRECTION('ref_axis',(1.,0.,0.));
#9088=DIRECTION('center_axis',(0.,0.,-1.));
#9089=DIRECTION('ref_axis',(-1.,0.,0.));
#9090=DIRECTION('',(-1.,0.,0.));
#9091=DIRECTION('',(0.,1.,0.));
#9092=DIRECTION('center_axis',(0.,1.,0.));
#9093=DIRECTION('ref_axis',(-1.,0.,-1.22464679914735E-16));
#9094=DIRECTION('center_axis',(0.,1.,0.));
#9095=DIRECTION('ref_axis',(0.,0.,-1.));
#9096=DIRECTION('',(0.,1.,0.));
#9097=DIRECTION('center_axis',(0.,0.,1.));
#9098=DIRECTION('ref_axis',(1.,0.,0.));
#9099=DIRECTION('',(1.,0.,0.));
#9100=DIRECTION('center_axis',(0.,1.,0.));
#9101=DIRECTION('ref_axis',(1.,0.,0.));
#9102=DIRECTION('center_axis',(0.,1.,0.));
#9103=DIRECTION('ref_axis',(0.,0.,1.));
#9104=DIRECTION('',(-1.,0.,0.));
#9105=DIRECTION('',(0.,0.,-1.));
#9106=DIRECTION('',(0.,0.,1.));
#9107=DIRECTION('',(1.,0.,0.));
#9108=DIRECTION('center_axis',(0.,0.,1.));
#9109=DIRECTION('ref_axis',(1.,0.,0.));
#9110=DIRECTION('',(0.,1.,0.));
#9111=DIRECTION('',(1.,0.,0.));
#9112=DIRECTION('center_axis',(0.,1.,0.));
#9113=DIRECTION('ref_axis',(0.,0.,1.));
#9114=DIRECTION('',(0.,0.,1.));
#9115=DIRECTION('',(0.,0.,-1.));
#9116=DIRECTION('',(-1.,0.,0.));
#9117=DIRECTION('center_axis',(0.,0.,-1.));
#9118=DIRECTION('ref_axis',(-1.,0.,0.));
#9119=DIRECTION('',(0.,1.,0.));
#9120=DIRECTION('center_axis',(1.,0.,0.));
#9121=DIRECTION('ref_axis',(0.,0.,-1.));
#9122=DIRECTION('center_axis',(-1.,0.,0.));
#9123=DIRECTION('ref_axis',(0.,0.,1.));
#9124=DIRECTION('axis',(0.,0.,1.));
#9125=DIRECTION('refdir',(1.,0.,0.));
#9126=DIRECTION('center_axis',(-0.707106781186548,0.,-0.707106781186548));
#9127=DIRECTION('ref_axis',(-0.707106781186548,0.,0.707106781186548));
#9128=DIRECTION('',(0.,1.,0.));
#9129=DIRECTION('',(-0.707106781186548,0.,0.707106781186548));
#9130=DIRECTION('',(0.,1.,0.));
#9131=DIRECTION('',(0.707106781186548,0.,-0.707106781186548));
#9132=DIRECTION('center_axis',(-1.,0.,0.));
#9133=DIRECTION('ref_axis',(0.,0.,-1.));
#9134=DIRECTION('',(0.,0.,-1.));
#9135=DIRECTION('',(0.,-1.,0.));
#9136=DIRECTION('',(0.,0.,-1.));
#9137=DIRECTION('center_axis',(0.,1.,0.));
#9138=DIRECTION('ref_axis',(1.,0.,0.));
#9139=DIRECTION('',(0.,0.,1.));
#9140=DIRECTION('',(-1.,0.,0.));
#9141=DIRECTION('',(0.,0.,-1.));
#9142=DIRECTION('',(1.,0.,0.));
#9143=DIRECTION('',(-1.,0.,0.));
#9144=DIRECTION('',(0.,0.,1.));
#9145=DIRECTION('',(1.,0.,0.));
#9146=DIRECTION('center_axis',(-1.,0.,0.));
#9147=DIRECTION('ref_axis',(0.,0.,1.));
#9148=DIRECTION('',(0.,1.,0.));
#9149=DIRECTION('',(0.,0.,1.));
#9150=DIRECTION('',(0.,1.,0.));
#9151=DIRECTION('center_axis',(0.,0.,-1.));
#9152=DIRECTION('ref_axis',(-1.,0.,0.));
#9153=DIRECTION('',(-1.,0.,0.));
#9154=DIRECTION('',(0.,1.,0.));
#9155=DIRECTION('center_axis',(1.,0.,0.));
#9156=DIRECTION('ref_axis',(0.,0.,-1.));
#9157=DIRECTION('',(0.,0.,-1.));
#9158=DIRECTION('',(0.,1.,0.));
#9159=DIRECTION('center_axis',(0.,0.,1.));
#9160=DIRECTION('ref_axis',(1.,0.,0.));
#9161=DIRECTION('',(1.,0.,0.));
#9162=DIRECTION('center_axis',(0.,1.,0.));
#9163=DIRECTION('ref_axis',(1.,0.,0.));
#9164=DIRECTION('center_axis',(0.,0.,-1.));
#9165=DIRECTION('ref_axis',(1.,0.,0.));
#9166=DIRECTION('',(0.,-1.,0.));
#9167=DIRECTION('',(1.,0.,0.));
#9168=DIRECTION('center_axis',(0.,-1.,0.));
#9169=DIRECTION('ref_axis',(-1.,0.,0.));
#9170=DIRECTION('',(0.,0.,1.));
#9171=DIRECTION('',(-1.,0.,0.));
#9172=DIRECTION('center_axis',(0.,0.,1.));
#9173=DIRECTION('ref_axis',(-1.,0.,0.));
#9174=DIRECTION('',(0.,-1.,0.));
#9175=DIRECTION('center_axis',(1.,0.,0.));
#9176=DIRECTION('ref_axis',(0.,0.,1.));
#9177=DIRECTION('center_axis',(0.,1.,0.));
#9178=DIRECTION('ref_axis',(1.,0.,0.));
#9179=DIRECTION('',(-0.707106781186548,0.,-0.707106781186548));
#9180=DIRECTION('center_axis',(0.,1.,0.));
#9181=DIRECTION('ref_axis',(0.,0.,-1.));
#9182=DIRECTION('',(-1.,0.,0.));
#9183=DIRECTION('',(0.,0.,-1.));
#9184=DIRECTION('',(1.,0.,0.));
#9185=DIRECTION('center_axis',(0.707106781186548,0.,-0.707106781186548));
#9186=DIRECTION('ref_axis',(-0.707106781186548,0.,-0.707106781186548));
#9187=DIRECTION('',(0.,1.,0.));
#9188=DIRECTION('',(-0.707106781186548,0.,-0.707106781186548));
#9189=DIRECTION('',(0.,1.,0.));
#9190=DIRECTION('center_axis',(0.,1.,0.));
#9191=DIRECTION('ref_axis',(1.,0.,0.));
#9192=DIRECTION('center_axis',(0.,1.,0.));
#9193=DIRECTION('ref_axis',(0.,0.,-1.));
#9194=DIRECTION('',(0.,1.,0.));
#9195=DIRECTION('center_axis',(0.,0.,-1.));
#9196=DIRECTION('ref_axis',(-1.,0.,0.));
#9197=DIRECTION('',(-1.,0.,0.));
#9198=DIRECTION('',(0.,1.,0.));
#9199=DIRECTION('center_axis',(1.,0.,0.));
#9200=DIRECTION('ref_axis',(0.,0.,-1.));
#9201=DIRECTION('',(0.,0.,-1.));
#9202=DIRECTION('',(0.,1.,0.));
#9203=DIRECTION('center_axis',(0.,0.,1.));
#9204=DIRECTION('ref_axis',(1.,0.,0.));
#9205=DIRECTION('',(1.,0.,0.));
#9206=DIRECTION('center_axis',(0.,1.,0.));
#9207=DIRECTION('ref_axis',(1.,0.,0.));
#9208=DIRECTION('center_axis',(0.,1.,0.));
#9209=DIRECTION('ref_axis',(1.,0.,0.));
#9210=DIRECTION('',(-1.,0.,0.));
#9211=DIRECTION('',(0.,0.,-1.));
#9212=DIRECTION('',(1.,0.,0.));
#9213=DIRECTION('center_axis',(0.,1.,0.));
#9214=DIRECTION('ref_axis',(0.,0.,-1.));
#9215=DIRECTION('center_axis',(0.,0.,-1.));
#9216=DIRECTION('ref_axis',(-1.,0.,0.));
#9217=DIRECTION('',(0.,1.,0.));
#9218=DIRECTION('',(-1.,0.,0.));
#9219=DIRECTION('',(0.,1.,0.));
#9220=DIRECTION('center_axis',(1.,0.,0.));
#9221=DIRECTION('ref_axis',(0.,0.,-1.));
#9222=DIRECTION('',(0.,0.,-1.));
#9223=DIRECTION('',(0.,1.,0.));
#9224=DIRECTION('center_axis',(0.,0.,1.));
#9225=DIRECTION('ref_axis',(1.,0.,0.));
#9226=DIRECTION('',(1.,0.,0.));
#9227=DIRECTION('',(0.,1.,0.));
#9228=DIRECTION('center_axis',(0.,1.,0.));
#9229=DIRECTION('ref_axis',(-1.,0.,-1.22464679914735E-16));
#9230=DIRECTION('center_axis',(0.,1.,0.));
#9231=DIRECTION('ref_axis',(0.,0.,-1.));
#9232=DIRECTION('center_axis',(0.,1.,0.));
#9233=DIRECTION('ref_axis',(1.,0.,0.));
#9234=DIRECTION('center_axis',(0.,1.,0.));
#9235=DIRECTION('ref_axis',(1.,0.,0.));
#9236=DIRECTION('',(-1.,0.,0.));
#9237=DIRECTION('',(0.,0.,-1.));
#9238=DIRECTION('',(1.,0.,0.));
#9239=DIRECTION('center_axis',(0.,1.,0.));
#9240=DIRECTION('ref_axis',(0.,0.,-1.));
#9241=DIRECTION('center_axis',(0.,0.,-1.));
#9242=DIRECTION('ref_axis',(-1.,0.,0.));
#9243=DIRECTION('',(0.,1.,0.));
#9244=DIRECTION('',(-1.,0.,0.));
#9245=DIRECTION('',(0.,1.,0.));
#9246=DIRECTION('center_axis',(1.,0.,0.));
#9247=DIRECTION('ref_axis',(0.,0.,-1.));
#9248=DIRECTION('',(0.,0.,-1.));
#9249=DIRECTION('',(0.,1.,0.));
#9250=DIRECTION('center_axis',(0.,0.,1.));
#9251=DIRECTION('ref_axis',(1.,0.,0.));
#9252=DIRECTION('',(1.,0.,0.));
#9253=DIRECTION('',(0.,1.,0.));
#9254=DIRECTION('center_axis',(0.,1.,0.));
#9255=DIRECTION('ref_axis',(-1.,0.,-1.22464679914735E-16));
#9256=DIRECTION('center_axis',(0.,1.,0.));
#9257=DIRECTION('ref_axis',(0.,0.,-1.));
#9258=DIRECTION('center_axis',(0.,1.,0.));
#9259=DIRECTION('ref_axis',(1.,0.,0.));
#9260=DIRECTION('center_axis',(0.,1.,0.));
#9261=DIRECTION('ref_axis',(1.,0.,0.));
#9262=DIRECTION('',(-1.,0.,0.));
#9263=DIRECTION('',(0.,0.,-1.));
#9264=DIRECTION('',(1.,0.,0.));
#9265=DIRECTION('center_axis',(0.,1.,0.));
#9266=DIRECTION('ref_axis',(0.,0.,-1.));
#9267=DIRECTION('center_axis',(0.,0.,-1.));
#9268=DIRECTION('ref_axis',(-1.,0.,0.));
#9269=DIRECTION('',(0.,1.,0.));
#9270=DIRECTION('',(-1.,0.,0.));
#9271=DIRECTION('',(0.,1.,0.));
#9272=DIRECTION('center_axis',(1.,0.,0.));
#9273=DIRECTION('ref_axis',(0.,0.,-1.));
#9274=DIRECTION('',(0.,0.,-1.));
#9275=DIRECTION('',(0.,1.,0.));
#9276=DIRECTION('center_axis',(0.,0.,1.));
#9277=DIRECTION('ref_axis',(1.,0.,0.));
#9278=DIRECTION('',(1.,0.,0.));
#9279=DIRECTION('',(0.,1.,0.));
#9280=DIRECTION('center_axis',(0.,1.,0.));
#9281=DIRECTION('ref_axis',(-1.,0.,-1.22464679914735E-16));
#9282=DIRECTION('center_axis',(0.,1.,0.));
#9283=DIRECTION('ref_axis',(0.,0.,-1.));
#9284=DIRECTION('center_axis',(0.,1.,0.));
#9285=DIRECTION('ref_axis',(1.,0.,0.));
#9286=DIRECTION('center_axis',(0.,1.,0.));
#9287=DIRECTION('ref_axis',(1.,0.,0.));
#9288=DIRECTION('',(-1.,0.,0.));
#9289=DIRECTION('',(0.,0.,-1.));
#9290=DIRECTION('',(1.,0.,0.));
#9291=DIRECTION('center_axis',(0.,1.,0.));
#9292=DIRECTION('ref_axis',(0.,0.,-1.));
#9293=DIRECTION('center_axis',(0.,0.,-1.));
#9294=DIRECTION('ref_axis',(-1.,0.,0.));
#9295=DIRECTION('',(0.,1.,0.));
#9296=DIRECTION('',(-1.,0.,0.));
#9297=DIRECTION('',(0.,1.,0.));
#9298=DIRECTION('center_axis',(1.,0.,0.));
#9299=DIRECTION('ref_axis',(0.,0.,-1.));
#9300=DIRECTION('',(0.,0.,-1.));
#9301=DIRECTION('',(0.,1.,0.));
#9302=DIRECTION('center_axis',(0.,0.,1.));
#9303=DIRECTION('ref_axis',(1.,0.,0.));
#9304=DIRECTION('',(1.,0.,0.));
#9305=DIRECTION('',(0.,1.,0.));
#9306=DIRECTION('center_axis',(0.,1.,0.));
#9307=DIRECTION('ref_axis',(-1.,0.,-1.22464679914735E-16));
#9308=DIRECTION('center_axis',(0.,1.,0.));
#9309=DIRECTION('ref_axis',(0.,0.,-1.));
#9310=DIRECTION('center_axis',(0.,1.,0.));
#9311=DIRECTION('ref_axis',(1.,0.,0.));
#9312=DIRECTION('center_axis',(0.,-1.,0.));
#9313=DIRECTION('ref_axis',(-1.,0.,0.));
#9314=DIRECTION('',(-0.707106781186548,0.,0.707106781186548));
#9315=DIRECTION('',(-1.,0.,0.));
#9316=DIRECTION('',(0.,0.,-1.));
#9317=DIRECTION('',(1.,0.,0.));
#9318=DIRECTION('center_axis',(0.,-1.,0.));
#9319=DIRECTION('ref_axis',(0.,0.,-1.));
#9320=DIRECTION('center_axis',(-0.707106781186548,0.,-0.707106781186548));
#9321=DIRECTION('ref_axis',(-0.707106781186548,0.,0.707106781186548));
#9322=DIRECTION('',(0.,-1.,0.));
#9323=DIRECTION('',(-0.707106781186548,0.,0.707106781186548));
#9324=DIRECTION('',(0.,1.,0.));
#9325=DIRECTION('center_axis',(0.,0.,-1.));
#9326=DIRECTION('ref_axis',(-1.,0.,0.));
#9327=DIRECTION('',(-1.,0.,0.));
#9328=DIRECTION('',(0.,1.,0.));
#9329=DIRECTION('center_axis',(1.,0.,0.));
#9330=DIRECTION('ref_axis',(0.,0.,-1.));
#9331=DIRECTION('',(0.,0.,-1.));
#9332=DIRECTION('',(0.,1.,0.));
#9333=DIRECTION('center_axis',(0.,0.,1.));
#9334=DIRECTION('ref_axis',(1.,0.,0.));
#9335=DIRECTION('',(1.,0.,0.));
#9336=DIRECTION('',(0.,1.,0.));
#9337=DIRECTION('center_axis',(0.,-1.,0.));
#9338=DIRECTION('ref_axis',(-1.,0.,0.));
#9339=DIRECTION('center_axis',(0.,-1.,0.));
#9340=DIRECTION('ref_axis',(0.,0.,-1.));
#9341=DIRECTION('center_axis',(0.,-1.,0.));
#9342=DIRECTION('ref_axis',(-1.,0.,0.));
#9343=DIRECTION('center_axis',(0.,-1.,0.));
#9344=DIRECTION('ref_axis',(-1.,0.,0.));
#9345=DIRECTION('',(1.,0.,0.));
#9346=DIRECTION('center_axis',(0.,-1.,0.));
#9347=DIRECTION('ref_axis',(0.,0.,-1.));
#9348=DIRECTION('',(-1.,0.,0.));
#9349=DIRECTION('',(0.,0.,-1.));
#9350=DIRECTION('center_axis',(0.,0.,1.));
#9351=DIRECTION('ref_axis',(1.,0.,0.));
#9352=DIRECTION('',(0.,1.,0.));
#9353=DIRECTION('',(1.,0.,0.));
#9354=DIRECTION('',(0.,1.,0.));
#9355=DIRECTION('center_axis',(0.,-1.,0.));
#9356=DIRECTION('ref_axis',(1.,0.,-1.22464679914735E-16));
#9357=DIRECTION('center_axis',(0.,-1.,0.));
#9358=DIRECTION('ref_axis',(0.,0.,-1.));
#9359=DIRECTION('',(0.,1.,0.));
#9360=DIRECTION('center_axis',(0.,0.,-1.));
#9361=DIRECTION('ref_axis',(-1.,0.,0.));
#9362=DIRECTION('',(-1.,0.,0.));
#9363=DIRECTION('',(0.,1.,0.));
#9364=DIRECTION('center_axis',(1.,0.,0.));
#9365=DIRECTION('ref_axis',(0.,0.,-1.));
#9366=DIRECTION('',(0.,0.,-1.));
#9367=DIRECTION('center_axis',(0.,-1.,0.));
#9368=DIRECTION('ref_axis',(-1.,0.,0.));
#9369=DIRECTION('center_axis',(0.,-1.,0.));
#9370=DIRECTION('ref_axis',(-1.,0.,0.));
#9371=DIRECTION('',(1.,0.,0.));
#9372=DIRECTION('center_axis',(0.,-1.,0.));
#9373=DIRECTION('ref_axis',(0.,0.,-1.));
#9374=DIRECTION('',(-1.,0.,0.));
#9375=DIRECTION('',(0.,0.,-1.));
#9376=DIRECTION('center_axis',(0.,0.,1.));
#9377=DIRECTION('ref_axis',(1.,0.,0.));
#9378=DIRECTION('',(0.,1.,0.));
#9379=DIRECTION('',(1.,0.,0.));
#9380=DIRECTION('',(0.,1.,0.));
#9381=DIRECTION('center_axis',(0.,-1.,0.));
#9382=DIRECTION('ref_axis',(1.,0.,-1.22464679914735E-16));
#9383=DIRECTION('center_axis',(0.,-1.,0.));
#9384=DIRECTION('ref_axis',(0.,0.,-1.));
#9385=DIRECTION('',(0.,1.,0.));
#9386=DIRECTION('center_axis',(0.,0.,-1.));
#9387=DIRECTION('ref_axis',(-1.,0.,0.));
#9388=DIRECTION('',(-1.,0.,0.));
#9389=DIRECTION('',(0.,1.,0.));
#9390=DIRECTION('center_axis',(1.,0.,0.));
#9391=DIRECTION('ref_axis',(0.,0.,-1.));
#9392=DIRECTION('',(0.,0.,-1.));
#9393=DIRECTION('center_axis',(0.,-1.,0.));
#9394=DIRECTION('ref_axis',(-1.,0.,0.));
#9395=DIRECTION('center_axis',(0.,-1.,0.));
#9396=DIRECTION('ref_axis',(-1.,0.,0.));
#9397=DIRECTION('',(1.,0.,0.));
#9398=DIRECTION('center_axis',(0.,-1.,0.));
#9399=DIRECTION('ref_axis',(0.,0.,-1.));
#9400=DIRECTION('',(-1.,0.,0.));
#9401=DIRECTION('',(0.,0.,-1.));
#9402=DIRECTION('center_axis',(0.,0.,1.));
#9403=DIRECTION('ref_axis',(1.,0.,0.));
#9404=DIRECTION('',(0.,1.,0.));
#9405=DIRECTION('',(1.,0.,0.));
#9406=DIRECTION('',(0.,1.,0.));
#9407=DIRECTION('center_axis',(0.,-1.,0.));
#9408=DIRECTION('ref_axis',(1.,0.,-1.22464679914735E-16));
#9409=DIRECTION('center_axis',(0.,-1.,0.));
#9410=DIRECTION('ref_axis',(0.,0.,-1.));
#9411=DIRECTION('',(0.,1.,0.));
#9412=DIRECTION('center_axis',(0.,0.,-1.));
#9413=DIRECTION('ref_axis',(-1.,0.,0.));
#9414=DIRECTION('',(-1.,0.,0.));
#9415=DIRECTION('',(0.,1.,0.));
#9416=DIRECTION('center_axis',(1.,0.,0.));
#9417=DIRECTION('ref_axis',(0.,0.,-1.));
#9418=DIRECTION('',(0.,0.,-1.));
#9419=DIRECTION('center_axis',(0.,-1.,0.));
#9420=DIRECTION('ref_axis',(-1.,0.,0.));
#9421=DIRECTION('center_axis',(0.,-1.,0.));
#9422=DIRECTION('ref_axis',(-1.,0.,0.));
#9423=DIRECTION('',(1.,0.,0.));
#9424=DIRECTION('center_axis',(0.,-1.,0.));
#9425=DIRECTION('ref_axis',(0.,0.,-1.));
#9426=DIRECTION('',(-1.,0.,0.));
#9427=DIRECTION('',(0.,0.,-1.));
#9428=DIRECTION('center_axis',(0.,0.,1.));
#9429=DIRECTION('ref_axis',(1.,0.,0.));
#9430=DIRECTION('',(0.,1.,0.));
#9431=DIRECTION('',(1.,0.,0.));
#9432=DIRECTION('',(0.,1.,0.));
#9433=DIRECTION('center_axis',(0.,-1.,0.));
#9434=DIRECTION('ref_axis',(1.,0.,-1.22464679914735E-16));
#9435=DIRECTION('center_axis',(0.,-1.,0.));
#9436=DIRECTION('ref_axis',(0.,0.,-1.));
#9437=DIRECTION('',(0.,1.,0.));
#9438=DIRECTION('center_axis',(0.,0.,-1.));
#9439=DIRECTION('ref_axis',(-1.,0.,0.));
#9440=DIRECTION('',(-1.,0.,0.));
#9441=DIRECTION('',(0.,1.,0.));
#9442=DIRECTION('center_axis',(1.,0.,0.));
#9443=DIRECTION('ref_axis',(0.,0.,-1.));
#9444=DIRECTION('',(0.,0.,-1.));
#9445=DIRECTION('center_axis',(0.,-1.,0.));
#9446=DIRECTION('ref_axis',(-1.,0.,0.));
#9447=DIRECTION('center_axis',(0.,1.,0.));
#9448=DIRECTION('ref_axis',(1.,0.,0.));
#9449=DIRECTION('',(-1.,0.,0.));
#9450=DIRECTION('',(0.,0.,-1.));
#9451=DIRECTION('',(1.,0.,0.));
#9452=DIRECTION('center_axis',(0.,1.,0.));
#9453=DIRECTION('ref_axis',(0.,0.,-1.));
#9454=DIRECTION('center_axis',(0.,0.,-1.));
#9455=DIRECTION('ref_axis',(-1.,0.,0.));
#9456=DIRECTION('',(0.,1.,0.));
#9457=DIRECTION('',(-1.,0.,0.));
#9458=DIRECTION('',(0.,1.,0.));
#9459=DIRECTION('center_axis',(1.,0.,0.));
#9460=DIRECTION('ref_axis',(0.,0.,-1.));
#9461=DIRECTION('',(0.,0.,-1.));
#9462=DIRECTION('',(0.,1.,0.));
#9463=DIRECTION('center_axis',(0.,0.,1.));
#9464=DIRECTION('ref_axis',(1.,0.,0.));
#9465=DIRECTION('',(1.,0.,0.));
#9466=DIRECTION('',(0.,1.,0.));
#9467=DIRECTION('center_axis',(0.,1.,0.));
#9468=DIRECTION('ref_axis',(-1.,0.,-1.22464679914735E-16));
#9469=DIRECTION('center_axis',(0.,1.,0.));
#9470=DIRECTION('ref_axis',(0.,0.,-1.));
#9471=DIRECTION('center_axis',(0.,1.,0.));
#9472=DIRECTION('ref_axis',(1.,0.,0.));
#9473=DIRECTION('center_axis',(0.,1.,0.));
#9474=DIRECTION('ref_axis',(1.,0.,0.));
#9475=DIRECTION('',(-1.,0.,0.));
#9476=DIRECTION('',(0.,0.,-1.));
#9477=DIRECTION('',(1.,0.,0.));
#9478=DIRECTION('center_axis',(0.,1.,0.));
#9479=DIRECTION('ref_axis',(0.,0.,-1.));
#9480=DIRECTION('center_axis',(0.,0.,-1.));
#9481=DIRECTION('ref_axis',(-1.,0.,0.));
#9482=DIRECTION('',(0.,1.,0.));
#9483=DIRECTION('',(-1.,0.,0.));
#9484=DIRECTION('',(0.,1.,0.));
#9485=DIRECTION('center_axis',(1.,0.,0.));
#9486=DIRECTION('ref_axis',(0.,0.,-1.));
#9487=DIRECTION('',(0.,0.,-1.));
#9488=DIRECTION('',(0.,1.,0.));
#9489=DIRECTION('center_axis',(0.,0.,1.));
#9490=DIRECTION('ref_axis',(1.,0.,0.));
#9491=DIRECTION('',(1.,0.,0.));
#9492=DIRECTION('',(0.,1.,0.));
#9493=DIRECTION('center_axis',(0.,1.,0.));
#9494=DIRECTION('ref_axis',(-1.,0.,-1.22464679914735E-16));
#9495=DIRECTION('center_axis',(0.,1.,0.));
#9496=DIRECTION('ref_axis',(0.,0.,-1.));
#9497=DIRECTION('center_axis',(0.,1.,0.));
#9498=DIRECTION('ref_axis',(1.,0.,0.));
#9499=DIRECTION('center_axis',(0.,1.,0.));
#9500=DIRECTION('ref_axis',(1.,0.,0.));
#9501=DIRECTION('',(0.707106781186548,0.,-0.707106781186548));
#9502=DIRECTION('',(-1.,0.,0.));
#9503=DIRECTION('',(0.,0.,-1.));
#9504=DIRECTION('',(1.,0.,0.));
#9505=DIRECTION('center_axis',(0.,1.,0.));
#9506=DIRECTION('ref_axis',(-0.848006042642567,0.,0.52998655798208));
#9507=DIRECTION('center_axis',(0.707106781186548,0.,0.707106781186548));
#9508=DIRECTION('ref_axis',(0.707106781186548,0.,-0.707106781186548));
#9509=DIRECTION('',(0.,1.,0.));
#9510=DIRECTION('',(0.707106781186548,0.,-0.707106781186548));
#9511=DIRECTION('',(0.,1.,0.));
#9512=DIRECTION('center_axis',(0.,0.,-1.));
#9513=DIRECTION('ref_axis',(-1.,0.,0.));
#9514=DIRECTION('',(-1.,0.,0.));
#9515=DIRECTION('',(0.,1.,0.));
#9516=DIRECTION('center_axis',(1.,0.,0.));
#9517=DIRECTION('ref_axis',(0.,0.,-1.));
#9518=DIRECTION('',(0.,0.,-1.));
#9519=DIRECTION('',(0.,1.,0.));
#9520=DIRECTION('center_axis',(0.,0.,1.));
#9521=DIRECTION('ref_axis',(1.,0.,0.));
#9522=DIRECTION('',(1.,0.,0.));
#9523=DIRECTION('',(0.,1.,0.));
#9524=DIRECTION('center_axis',(0.,1.,0.));
#9525=DIRECTION('ref_axis',(1.,0.,0.));
#9526=DIRECTION('center_axis',(0.,1.,0.));
#9527=DIRECTION('ref_axis',(-0.848006042642567,0.,0.52998655798208));
#9528=DIRECTION('center_axis',(0.,1.,0.));
#9529=DIRECTION('ref_axis',(1.,0.,0.));
#9530=DIRECTION('center_axis',(0.,-1.,0.));
#9531=DIRECTION('ref_axis',(-1.,0.,0.));
#9532=DIRECTION('',(1.,0.,0.));
#9533=DIRECTION('center_axis',(0.,-1.,0.));
#9534=DIRECTION('ref_axis',(0.,0.,-1.));
#9535=DIRECTION('',(-1.,0.,0.));
#9536=DIRECTION('',(0.,0.,-1.));
#9537=DIRECTION('center_axis',(0.,0.,1.));
#9538=DIRECTION('ref_axis',(1.,0.,0.));
#9539=DIRECTION('',(0.,1.,0.));
#9540=DIRECTION('',(1.,0.,0.));
#9541=DIRECTION('',(0.,1.,0.));
#9542=DIRECTION('center_axis',(0.,-1.,0.));
#9543=DIRECTION('ref_axis',(1.,0.,-1.22464679914735E-16));
#9544=DIRECTION('center_axis',(0.,-1.,0.));
#9545=DIRECTION('ref_axis',(0.,0.,-1.));
#9546=DIRECTION('',(0.,1.,0.));
#9547=DIRECTION('center_axis',(0.,0.,-1.));
#9548=DIRECTION('ref_axis',(-1.,0.,0.));
#9549=DIRECTION('',(-1.,0.,0.));
#9550=DIRECTION('',(0.,1.,0.));
#9551=DIRECTION('center_axis',(1.,0.,0.));
#9552=DIRECTION('ref_axis',(0.,0.,-1.));
#9553=DIRECTION('',(0.,0.,-1.));
#9554=DIRECTION('center_axis',(0.,-1.,0.));
#9555=DIRECTION('ref_axis',(-1.,0.,0.));
#9556=DIRECTION('center_axis',(0.,-1.,0.));
#9557=DIRECTION('ref_axis',(-1.,0.,0.));
#9558=DIRECTION('',(1.,0.,0.));
#9559=DIRECTION('center_axis',(0.,-1.,0.));
#9560=DIRECTION('ref_axis',(0.,0.,-1.));
#9561=DIRECTION('',(-1.,0.,0.));
#9562=DIRECTION('',(0.,0.,-1.));
#9563=DIRECTION('center_axis',(0.,0.,1.));
#9564=DIRECTION('ref_axis',(1.,0.,0.));
#9565=DIRECTION('',(0.,1.,0.));
#9566=DIRECTION('',(1.,0.,0.));
#9567=DIRECTION('',(0.,1.,0.));
#9568=DIRECTION('center_axis',(0.,-1.,0.));
#9569=DIRECTION('ref_axis',(1.,0.,-1.22464679914735E-16));
#9570=DIRECTION('center_axis',(0.,-1.,0.));
#9571=DIRECTION('ref_axis',(0.,0.,-1.));
#9572=DIRECTION('',(0.,1.,0.));
#9573=DIRECTION('center_axis',(0.,0.,-1.));
#9574=DIRECTION('ref_axis',(-1.,0.,0.));
#9575=DIRECTION('',(-1.,0.,0.));
#9576=DIRECTION('',(0.,1.,0.));
#9577=DIRECTION('center_axis',(1.,0.,0.));
#9578=DIRECTION('ref_axis',(0.,0.,-1.));
#9579=DIRECTION('',(0.,0.,-1.));
#9580=DIRECTION('center_axis',(0.,-1.,0.));
#9581=DIRECTION('ref_axis',(-1.,0.,0.));
#9582=DIRECTION('center_axis',(0.,-1.,0.));
#9583=DIRECTION('ref_axis',(-1.,0.,0.));
#9584=DIRECTION('',(0.707106781186548,0.,0.707106781186548));
#9585=DIRECTION('center_axis',(0.,-1.,0.));
#9586=DIRECTION('ref_axis',(0.848006042642612,0.,0.529986557982008));
#9587=DIRECTION('',(-1.,0.,0.));
#9588=DIRECTION('',(0.,0.,-1.));
#9589=DIRECTION('',(1.,0.,0.));
#9590=DIRECTION('center_axis',(-0.707106781186548,0.,0.707106781186548));
#9591=DIRECTION('ref_axis',(0.707106781186548,0.,0.707106781186548));
#9592=DIRECTION('',(0.,1.,0.));
#9593=DIRECTION('',(0.707106781186548,0.,0.707106781186548));
#9594=DIRECTION('',(0.,-1.,0.));
#9595=DIRECTION('center_axis',(0.,-1.,0.));
#9596=DIRECTION('ref_axis',(-1.,0.,0.));
#9597=DIRECTION('center_axis',(0.,-1.,0.));
#9598=DIRECTION('ref_axis',(0.848006042642612,0.,0.529986557982008));
#9599=DIRECTION('',(0.,1.,0.));
#9600=DIRECTION('center_axis',(0.,0.,-1.));
#9601=DIRECTION('ref_axis',(-1.,0.,0.));
#9602=DIRECTION('',(-1.,0.,0.));
#9603=DIRECTION('',(0.,1.,0.));
#9604=DIRECTION('center_axis',(1.,0.,0.));
#9605=DIRECTION('ref_axis',(0.,0.,-1.));
#9606=DIRECTION('',(0.,0.,-1.));
#9607=DIRECTION('',(0.,1.,0.));
#9608=DIRECTION('center_axis',(0.,0.,1.));
#9609=DIRECTION('ref_axis',(1.,0.,0.));
#9610=DIRECTION('',(1.,0.,0.));
#9611=DIRECTION('center_axis',(0.,-1.,0.));
#9612=DIRECTION('ref_axis',(-1.,0.,0.));
#9613=DIRECTION('center_axis',(0.,1.,0.));
#9614=DIRECTION('ref_axis',(1.,0.,0.));
#9615=DIRECTION('',(-0.707106781186498,0.,-0.707106781186597));
#9616=DIRECTION('',(0.,0.,1.));
#9617=DIRECTION('',(-1.,0.,0.));
#9618=DIRECTION('',(0.,0.,-1.));
#9619=DIRECTION('center_axis',(0.,1.,0.));
#9620=DIRECTION('ref_axis',(0.52998655798208,0.,0.848006042642567));
#9621=DIRECTION('center_axis',(0.707106781186548,0.,-0.707106781186548));
#9622=DIRECTION('ref_axis',(-0.707106781186548,0.,-0.707106781186548));
#9623=DIRECTION('',(0.,1.,0.));
#9624=DIRECTION('',(-0.707106781186498,0.,-0.707106781186597));
#9625=DIRECTION('',(0.,1.,0.));
#9626=DIRECTION('center_axis',(-1.,0.,0.));
#9627=DIRECTION('ref_axis',(0.,0.,1.));
#9628=DIRECTION('',(0.,0.,1.));
#9629=DIRECTION('',(0.,1.,0.));
#9630=DIRECTION('center_axis',(0.,0.,-1.));
#9631=DIRECTION('ref_axis',(-1.,0.,0.));
#9632=DIRECTION('',(-1.,0.,0.));
#9633=DIRECTION('',(0.,1.,0.));
#9634=DIRECTION('center_axis',(1.,0.,0.));
#9635=DIRECTION('ref_axis',(0.,0.,-1.));
#9636=DIRECTION('',(0.,0.,-1.));
#9637=DIRECTION('',(0.,1.,0.));
#9638=DIRECTION('center_axis',(0.,1.,0.));
#9639=DIRECTION('ref_axis',(1.,0.,0.));
#9640=DIRECTION('center_axis',(0.,1.,0.));
#9641=DIRECTION('ref_axis',(0.52998655798208,0.,0.848006042642567));
#9642=DIRECTION('center_axis',(0.,1.,0.));
#9643=DIRECTION('ref_axis',(1.,0.,0.));
#9644=DIRECTION('center_axis',(0.,1.,0.));
#9645=DIRECTION('ref_axis',(1.,0.,0.));
#9646=DIRECTION('',(0.,0.,1.));
#9647=DIRECTION('',(-1.,0.,0.));
#9648=DIRECTION('',(0.,0.,-1.));
#9649=DIRECTION('center_axis',(0.,1.,0.));
#9650=DIRECTION('ref_axis',(-1.,0.,0.));
#9651=DIRECTION('center_axis',(-1.,0.,0.));
#9652=DIRECTION('ref_axis',(0.,0.,1.));
#9653=DIRECTION('',(0.,1.,0.));
#9654=DIRECTION('',(0.,0.,1.));
#9655=DIRECTION('',(0.,1.,0.));
#9656=DIRECTION('center_axis',(0.,0.,-1.));
#9657=DIRECTION('ref_axis',(-1.,0.,0.));
#9658=DIRECTION('',(-1.,0.,0.));
#9659=DIRECTION('',(0.,1.,0.));
#9660=DIRECTION('center_axis',(1.,0.,0.));
#9661=DIRECTION('ref_axis',(0.,0.,-1.));
#9662=DIRECTION('',(0.,0.,-1.));
#9663=DIRECTION('',(0.,1.,0.));
#9664=DIRECTION('center_axis',(0.,1.,0.));
#9665=DIRECTION('ref_axis',(1.,0.,0.));
#9666=DIRECTION('center_axis',(0.,1.,0.));
#9667=DIRECTION('ref_axis',(-1.,0.,0.));
#9668=DIRECTION('center_axis',(0.,1.,0.));
#9669=DIRECTION('ref_axis',(1.,0.,0.));
#9670=DIRECTION('center_axis',(0.,1.,0.));
#9671=DIRECTION('ref_axis',(1.,0.,0.));
#9672=DIRECTION('',(0.,0.,1.));
#9673=DIRECTION('',(-1.,0.,0.));
#9674=DIRECTION('',(0.,0.,-1.));
#9675=DIRECTION('center_axis',(0.,1.,0.));
#9676=DIRECTION('ref_axis',(-1.,0.,0.));
#9677=DIRECTION('center_axis',(-1.,0.,0.));
#9678=DIRECTION('ref_axis',(0.,0.,1.));
#9679=DIRECTION('',(0.,1.,0.));
#9680=DIRECTION('',(0.,0.,1.));
#9681=DIRECTION('',(0.,1.,0.));
#9682=DIRECTION('center_axis',(0.,0.,-1.));
#9683=DIRECTION('ref_axis',(-1.,0.,0.));
#9684=DIRECTION('',(-1.,0.,0.));
#9685=DIRECTION('',(0.,1.,0.));
#9686=DIRECTION('center_axis',(1.,0.,0.));
#9687=DIRECTION('ref_axis',(0.,0.,-1.));
#9688=DIRECTION('',(0.,0.,-1.));
#9689=DIRECTION('',(0.,1.,0.));
#9690=DIRECTION('center_axis',(0.,1.,0.));
#9691=DIRECTION('ref_axis',(1.,0.,0.));
#9692=DIRECTION('center_axis',(0.,1.,0.));
#9693=DIRECTION('ref_axis',(-1.,0.,0.));
#9694=DIRECTION('center_axis',(0.,1.,0.));
#9695=DIRECTION('ref_axis',(1.,0.,0.));
#9696=DIRECTION('center_axis',(0.,1.,0.));
#9697=DIRECTION('ref_axis',(1.,0.,0.));
#9698=DIRECTION('',(0.,0.,1.));
#9699=DIRECTION('',(-1.,0.,0.));
#9700=DIRECTION('',(0.,0.,-1.));
#9701=DIRECTION('center_axis',(0.,1.,0.));
#9702=DIRECTION('ref_axis',(-1.,0.,0.));
#9703=DIRECTION('center_axis',(-1.,0.,0.));
#9704=DIRECTION('ref_axis',(0.,0.,1.));
#9705=DIRECTION('',(0.,1.,0.));
#9706=DIRECTION('',(0.,0.,1.));
#9707=DIRECTION('',(0.,1.,0.));
#9708=DIRECTION('center_axis',(0.,0.,-1.));
#9709=DIRECTION('ref_axis',(-1.,0.,0.));
#9710=DIRECTION('',(-1.,0.,0.));
#9711=DIRECTION('',(0.,1.,0.));
#9712=DIRECTION('center_axis',(1.,0.,0.));
#9713=DIRECTION('ref_axis',(0.,0.,-1.));
#9714=DIRECTION('',(0.,0.,-1.));
#9715=DIRECTION('',(0.,1.,0.));
#9716=DIRECTION('center_axis',(0.,1.,0.));
#9717=DIRECTION('ref_axis',(1.,0.,0.));
#9718=DIRECTION('center_axis',(0.,1.,0.));
#9719=DIRECTION('ref_axis',(-1.,0.,0.));
#9720=DIRECTION('center_axis',(0.,1.,0.));
#9721=DIRECTION('ref_axis',(1.,0.,0.));
#9722=DIRECTION('center_axis',(0.,1.,0.));
#9723=DIRECTION('ref_axis',(1.,0.,0.));
#9724=DIRECTION('',(0.,0.,1.));
#9725=DIRECTION('',(-1.,0.,0.));
#9726=DIRECTION('',(0.,0.,-1.));
#9727=DIRECTION('center_axis',(0.,1.,0.));
#9728=DIRECTION('ref_axis',(-1.,0.,0.));
#9729=DIRECTION('center_axis',(-1.,0.,0.));
#9730=DIRECTION('ref_axis',(0.,0.,1.));
#9731=DIRECTION('',(0.,1.,0.));
#9732=DIRECTION('',(0.,0.,1.));
#9733=DIRECTION('',(0.,1.,0.));
#9734=DIRECTION('center_axis',(0.,0.,-1.));
#9735=DIRECTION('ref_axis',(-1.,0.,0.));
#9736=DIRECTION('',(-1.,0.,0.));
#9737=DIRECTION('',(0.,1.,0.));
#9738=DIRECTION('center_axis',(1.,0.,0.));
#9739=DIRECTION('ref_axis',(0.,0.,-1.));
#9740=DIRECTION('',(0.,0.,-1.));
#9741=DIRECTION('',(0.,1.,0.));
#9742=DIRECTION('center_axis',(0.,1.,0.));
#9743=DIRECTION('ref_axis',(1.,0.,0.));
#9744=DIRECTION('center_axis',(0.,1.,0.));
#9745=DIRECTION('ref_axis',(-1.,0.,0.));
#9746=DIRECTION('center_axis',(0.,1.,0.));
#9747=DIRECTION('ref_axis',(1.,0.,0.));
#9748=DIRECTION('center_axis',(0.,1.,0.));
#9749=DIRECTION('ref_axis',(1.,0.,0.));
#9750=DIRECTION('',(0.,0.,1.));
#9751=DIRECTION('',(-1.,0.,0.));
#9752=DIRECTION('',(0.,0.,-1.));
#9753=DIRECTION('center_axis',(0.,1.,0.));
#9754=DIRECTION('ref_axis',(-1.,0.,0.));
#9755=DIRECTION('center_axis',(-1.,0.,0.));
#9756=DIRECTION('ref_axis',(0.,0.,1.));
#9757=DIRECTION('',(0.,1.,0.));
#9758=DIRECTION('',(0.,0.,1.));
#9759=DIRECTION('',(0.,1.,0.));
#9760=DIRECTION('center_axis',(0.,0.,-1.));
#9761=DIRECTION('ref_axis',(-1.,0.,0.));
#9762=DIRECTION('',(-1.,0.,0.));
#9763=DIRECTION('',(0.,1.,0.));
#9764=DIRECTION('center_axis',(1.,0.,0.));
#9765=DIRECTION('ref_axis',(0.,0.,-1.));
#9766=DIRECTION('',(0.,0.,-1.));
#9767=DIRECTION('',(0.,1.,0.));
#9768=DIRECTION('center_axis',(0.,1.,0.));
#9769=DIRECTION('ref_axis',(1.,0.,0.));
#9770=DIRECTION('center_axis',(0.,1.,0.));
#9771=DIRECTION('ref_axis',(-1.,0.,0.));
#9772=DIRECTION('center_axis',(0.,1.,0.));
#9773=DIRECTION('ref_axis',(1.,0.,0.));
#9774=DIRECTION('center_axis',(0.,1.,0.));
#9775=DIRECTION('ref_axis',(1.,0.,0.));
#9776=DIRECTION('',(0.,0.,1.));
#9777=DIRECTION('',(-1.,0.,0.));
#9778=DIRECTION('',(0.,0.,-1.));
#9779=DIRECTION('center_axis',(0.,1.,0.));
#9780=DIRECTION('ref_axis',(-1.,0.,0.));
#9781=DIRECTION('center_axis',(-1.,0.,0.));
#9782=DIRECTION('ref_axis',(0.,0.,1.));
#9783=DIRECTION('',(0.,1.,0.));
#9784=DIRECTION('',(0.,0.,1.));
#9785=DIRECTION('',(0.,1.,0.));
#9786=DIRECTION('center_axis',(0.,0.,-1.));
#9787=DIRECTION('ref_axis',(-1.,0.,0.));
#9788=DIRECTION('',(-1.,0.,0.));
#9789=DIRECTION('',(0.,1.,0.));
#9790=DIRECTION('center_axis',(1.,0.,0.));
#9791=DIRECTION('ref_axis',(0.,0.,-1.));
#9792=DIRECTION('',(0.,0.,-1.));
#9793=DIRECTION('',(0.,1.,0.));
#9794=DIRECTION('center_axis',(0.,1.,0.));
#9795=DIRECTION('ref_axis',(1.,0.,0.));
#9796=DIRECTION('center_axis',(0.,1.,0.));
#9797=DIRECTION('ref_axis',(-1.,0.,0.));
#9798=DIRECTION('center_axis',(0.,1.,0.));
#9799=DIRECTION('ref_axis',(1.,0.,0.));
#9800=DIRECTION('center_axis',(0.,1.,0.));
#9801=DIRECTION('ref_axis',(1.,0.,0.));
#9802=DIRECTION('',(-0.707106781186548,0.,0.707106781186548));
#9803=DIRECTION('center_axis',(0.,1.,0.));
#9804=DIRECTION('ref_axis',(-1.,0.,0.));
#9805=DIRECTION('',(0.,0.,1.));
#9806=DIRECTION('',(-1.,0.,0.));
#9807=DIRECTION('',(0.,0.,-1.));
#9808=DIRECTION('center_axis',(-0.707106781186548,0.,-0.707106781186548));
#9809=DIRECTION('ref_axis',(-0.707106781186548,0.,0.707106781186548));
#9810=DIRECTION('',(0.,1.,0.));
#9811=DIRECTION('',(-0.707106781186548,0.,0.707106781186548));
#9812=DIRECTION('',(0.,1.,0.));
#9813=DIRECTION('center_axis',(0.,1.,0.));
#9814=DIRECTION('ref_axis',(1.,0.,0.));
#9815=DIRECTION('center_axis',(0.,1.,0.));
#9816=DIRECTION('ref_axis',(-1.,0.,0.));
#9817=DIRECTION('',(0.,1.,0.));
#9818=DIRECTION('center_axis',(-1.,0.,0.));
#9819=DIRECTION('ref_axis',(0.,0.,1.));
#9820=DIRECTION('',(0.,0.,1.));
#9821=DIRECTION('',(0.,1.,0.));
#9822=DIRECTION('center_axis',(0.,0.,-1.));
#9823=DIRECTION('ref_axis',(-1.,0.,0.));
#9824=DIRECTION('',(-1.,0.,0.));
#9825=DIRECTION('',(0.,1.,0.));
#9826=DIRECTION('center_axis',(1.,0.,0.));
#9827=DIRECTION('ref_axis',(0.,0.,-1.));
#9828=DIRECTION('',(0.,0.,-1.));
#9829=DIRECTION('center_axis',(0.,1.,0.));
#9830=DIRECTION('ref_axis',(1.,0.,0.));
#9831=DIRECTION('center_axis',(0.,-1.,0.));
#9832=DIRECTION('ref_axis',(1.,0.,0.));
#9833=DIRECTION('',(0.707106781186548,0.,-0.707106781186548));
#9834=DIRECTION('center_axis',(0.,-1.,0.));
#9835=DIRECTION('ref_axis',(0.529986557982008,0.,-0.848006042642612));
#9836=DIRECTION('',(0.,0.,1.));
#9837=DIRECTION('',(-1.,0.,0.));
#9838=DIRECTION('',(0.,0.,-1.));
#9839=DIRECTION('center_axis',(0.707106781186548,0.,0.707106781186548));
#9840=DIRECTION('ref_axis',(0.707106781186548,0.,-0.707106781186548));
#9841=DIRECTION('',(0.,1.,0.));
#9842=DIRECTION('',(0.707106781186548,0.,-0.707106781186548));
#9843=DIRECTION('',(0.,-1.,0.));
#9844=DIRECTION('center_axis',(0.,-1.,0.));
#9845=DIRECTION('ref_axis',(1.,0.,0.));
#9846=DIRECTION('center_axis',(0.,-1.,0.));
#9847=DIRECTION('ref_axis',(0.529986557982008,0.,-0.848006042642612));
#9848=DIRECTION('',(0.,1.,0.));
#9849=DIRECTION('center_axis',(-1.,0.,0.));
#9850=DIRECTION('ref_axis',(0.,0.,1.));
#9851=DIRECTION('',(0.,0.,1.));
#9852=DIRECTION('',(0.,1.,0.));
#9853=DIRECTION('center_axis',(0.,0.,-1.));
#9854=DIRECTION('ref_axis',(-1.,0.,0.));
#9855=DIRECTION('',(-1.,0.,0.));
#9856=DIRECTION('',(0.,1.,0.));
#9857=DIRECTION('center_axis',(1.,0.,0.));
#9858=DIRECTION('ref_axis',(0.,0.,-1.));
#9859=DIRECTION('',(0.,0.,-1.));
#9860=DIRECTION('center_axis',(0.,-1.,0.));
#9861=DIRECTION('ref_axis',(1.,0.,0.));
#9862=DIRECTION('center_axis',(0.,-1.,0.));
#9863=DIRECTION('ref_axis',(1.,0.,0.));
#9864=DIRECTION('',(0.,0.,-1.));
#9865=DIRECTION('center_axis',(0.,-1.,0.));
#9866=DIRECTION('ref_axis',(-1.,0.,0.));
#9867=DIRECTION('',(0.,0.,1.));
#9868=DIRECTION('',(-1.,0.,0.));
#9869=DIRECTION('center_axis',(1.,0.,0.));
#9870=DIRECTION('ref_axis',(0.,0.,-1.));
#9871=DIRECTION('',(0.,1.,0.));
#9872=DIRECTION('',(0.,0.,-1.));
#9873=DIRECTION('',(0.,1.,0.));
#9874=DIRECTION('center_axis',(0.,-1.,0.));
#9875=DIRECTION('ref_axis',(1.,0.,0.));
#9876=DIRECTION('center_axis',(0.,-1.,0.));
#9877=DIRECTION('ref_axis',(-1.,0.,0.));
#9878=DIRECTION('',(0.,1.,0.));
#9879=DIRECTION('center_axis',(-1.,0.,0.));
#9880=DIRECTION('ref_axis',(0.,0.,1.));
#9881=DIRECTION('',(0.,0.,1.));
#9882=DIRECTION('',(0.,1.,0.));
#9883=DIRECTION('center_axis',(0.,0.,-1.));
#9884=DIRECTION('ref_axis',(-1.,0.,0.));
#9885=DIRECTION('',(-1.,0.,0.));
#9886=DIRECTION('center_axis',(0.,-1.,0.));
#9887=DIRECTION('ref_axis',(1.,0.,0.));
#9888=DIRECTION('center_axis',(0.,-1.,0.));
#9889=DIRECTION('ref_axis',(1.,0.,0.));
#9890=DIRECTION('',(0.,0.,-1.));
#9891=DIRECTION('center_axis',(0.,-1.,0.));
#9892=DIRECTION('ref_axis',(-1.,0.,0.));
#9893=DIRECTION('',(0.,0.,1.));
#9894=DIRECTION('',(-1.,0.,0.));
#9895=DIRECTION('center_axis',(1.,0.,0.));
#9896=DIRECTION('ref_axis',(0.,0.,-1.));
#9897=DIRECTION('',(0.,1.,0.));
#9898=DIRECTION('',(0.,0.,-1.));
#9899=DIRECTION('',(0.,1.,0.));
#9900=DIRECTION('center_axis',(0.,-1.,0.));
#9901=DIRECTION('ref_axis',(1.,0.,0.));
#9902=DIRECTION('center_axis',(0.,-1.,0.));
#9903=DIRECTION('ref_axis',(-1.,0.,0.));
#9904=DIRECTION('',(0.,1.,0.));
#9905=DIRECTION('center_axis',(-1.,0.,0.));
#9906=DIRECTION('ref_axis',(0.,0.,1.));
#9907=DIRECTION('',(0.,0.,1.));
#9908=DIRECTION('',(0.,1.,0.));
#9909=DIRECTION('center_axis',(0.,0.,-1.));
#9910=DIRECTION('ref_axis',(-1.,0.,0.));
#9911=DIRECTION('',(-1.,0.,0.));
#9912=DIRECTION('center_axis',(0.,-1.,0.));
#9913=DIRECTION('ref_axis',(1.,0.,0.));
#9914=DIRECTION('center_axis',(0.,-1.,0.));
#9915=DIRECTION('ref_axis',(1.,0.,0.));
#9916=DIRECTION('',(0.,0.,-1.));
#9917=DIRECTION('center_axis',(0.,-1.,0.));
#9918=DIRECTION('ref_axis',(-1.,0.,0.));
#9919=DIRECTION('',(0.,0.,1.));
#9920=DIRECTION('',(-1.,0.,0.));
#9921=DIRECTION('center_axis',(1.,0.,0.));
#9922=DIRECTION('ref_axis',(0.,0.,-1.));
#9923=DIRECTION('',(0.,1.,0.));
#9924=DIRECTION('',(0.,0.,-1.));
#9925=DIRECTION('',(0.,1.,0.));
#9926=DIRECTION('center_axis',(0.,-1.,0.));
#9927=DIRECTION('ref_axis',(1.,0.,0.));
#9928=DIRECTION('center_axis',(0.,-1.,0.));
#9929=DIRECTION('ref_axis',(-1.,0.,0.));
#9930=DIRECTION('',(0.,1.,0.));
#9931=DIRECTION('center_axis',(-1.,0.,0.));
#9932=DIRECTION('ref_axis',(0.,0.,1.));
#9933=DIRECTION('',(0.,0.,1.));
#9934=DIRECTION('',(0.,1.,0.));
#9935=DIRECTION('center_axis',(0.,0.,-1.));
#9936=DIRECTION('ref_axis',(-1.,0.,0.));
#9937=DIRECTION('',(-1.,0.,0.));
#9938=DIRECTION('center_axis',(0.,-1.,0.));
#9939=DIRECTION('ref_axis',(1.,0.,0.));
#9940=DIRECTION('center_axis',(0.,-1.,0.));
#9941=DIRECTION('ref_axis',(1.,0.,0.));
#9942=DIRECTION('',(0.,0.,-1.));
#9943=DIRECTION('center_axis',(0.,-1.,0.));
#9944=DIRECTION('ref_axis',(-1.,0.,0.));
#9945=DIRECTION('',(0.,0.,1.));
#9946=DIRECTION('',(-1.,0.,0.));
#9947=DIRECTION('center_axis',(1.,0.,0.));
#9948=DIRECTION('ref_axis',(0.,0.,-1.));
#9949=DIRECTION('',(0.,1.,0.));
#9950=DIRECTION('',(0.,0.,-1.));
#9951=DIRECTION('',(0.,1.,0.));
#9952=DIRECTION('center_axis',(0.,-1.,0.));
#9953=DIRECTION('ref_axis',(1.,0.,0.));
#9954=DIRECTION('center_axis',(0.,-1.,0.));
#9955=DIRECTION('ref_axis',(-1.,0.,0.));
#9956=DIRECTION('',(0.,1.,0.));
#9957=DIRECTION('center_axis',(-1.,0.,0.));
#9958=DIRECTION('ref_axis',(0.,0.,1.));
#9959=DIRECTION('',(0.,0.,1.));
#9960=DIRECTION('',(0.,1.,0.));
#9961=DIRECTION('center_axis',(0.,0.,-1.));
#9962=DIRECTION('ref_axis',(-1.,0.,0.));
#9963=DIRECTION('',(-1.,0.,0.));
#9964=DIRECTION('center_axis',(0.,-1.,0.));
#9965=DIRECTION('ref_axis',(1.,0.,0.));
#9966=DIRECTION('center_axis',(0.,-1.,0.));
#9967=DIRECTION('ref_axis',(1.,0.,0.));
#9968=DIRECTION('',(0.,0.,-1.));
#9969=DIRECTION('center_axis',(0.,-1.,0.));
#9970=DIRECTION('ref_axis',(-1.,0.,0.));
#9971=DIRECTION('',(0.,0.,1.));
#9972=DIRECTION('',(-1.,0.,0.));
#9973=DIRECTION('center_axis',(1.,0.,0.));
#9974=DIRECTION('ref_axis',(0.,0.,-1.));
#9975=DIRECTION('',(0.,1.,0.));
#9976=DIRECTION('',(0.,0.,-1.));
#9977=DIRECTION('',(0.,1.,0.));
#9978=DIRECTION('center_axis',(0.,-1.,0.));
#9979=DIRECTION('ref_axis',(1.,0.,0.));
#9980=DIRECTION('center_axis',(0.,-1.,0.));
#9981=DIRECTION('ref_axis',(-1.,0.,0.));
#9982=DIRECTION('',(0.,1.,0.));
#9983=DIRECTION('center_axis',(-1.,0.,0.));
#9984=DIRECTION('ref_axis',(0.,0.,1.));
#9985=DIRECTION('',(0.,0.,1.));
#9986=DIRECTION('',(0.,1.,0.));
#9987=DIRECTION('center_axis',(0.,0.,-1.));
#9988=DIRECTION('ref_axis',(-1.,0.,0.));
#9989=DIRECTION('',(-1.,0.,0.));
#9990=DIRECTION('center_axis',(0.,-1.,0.));
#9991=DIRECTION('ref_axis',(1.,0.,0.));
#9992=DIRECTION('center_axis',(0.,-1.,0.));
#9993=DIRECTION('ref_axis',(1.,0.,0.));
#9994=DIRECTION('',(0.,0.,-1.));
#9995=DIRECTION('center_axis',(0.,-1.,0.));
#9996=DIRECTION('ref_axis',(-1.,0.,0.));
#9997=DIRECTION('',(0.,0.,1.));
#9998=DIRECTION('',(-1.,0.,0.));
#9999=DIRECTION('center_axis',(1.,0.,0.));
#10000=DIRECTION('ref_axis',(0.,0.,-1.));
#10001=DIRECTION('',(0.,1.,0.));
#10002=DIRECTION('',(0.,0.,-1.));
#10003=DIRECTION('',(0.,1.,0.));
#10004=DIRECTION('center_axis',(0.,-1.,0.));
#10005=DIRECTION('ref_axis',(1.,0.,0.));
#10006=DIRECTION('center_axis',(0.,-1.,0.));
#10007=DIRECTION('ref_axis',(-1.,0.,0.));
#10008=DIRECTION('',(0.,1.,0.));
#10009=DIRECTION('center_axis',(-1.,0.,0.));
#10010=DIRECTION('ref_axis',(0.,0.,1.));
#10011=DIRECTION('',(0.,0.,1.));
#10012=DIRECTION('',(0.,1.,0.));
#10013=DIRECTION('center_axis',(0.,0.,-1.));
#10014=DIRECTION('ref_axis',(-1.,0.,0.));
#10015=DIRECTION('',(-1.,0.,0.));
#10016=DIRECTION('center_axis',(0.,-1.,0.));
#10017=DIRECTION('ref_axis',(1.,0.,0.));
#10018=DIRECTION('center_axis',(0.,-1.,0.));
#10019=DIRECTION('ref_axis',(1.,0.,0.));
#10020=DIRECTION('',(0.707106781186548,0.,0.707106781186548));
#10021=DIRECTION('',(0.,0.,1.));
#10022=DIRECTION('',(-1.,0.,0.));
#10023=DIRECTION('',(0.,0.,-1.));
#10024=DIRECTION('center_axis',(0.,-1.,0.));
#10025=DIRECTION('ref_axis',(-1.,0.,0.));
#10026=DIRECTION('center_axis',(-0.707106781186548,0.,0.707106781186548));
#10027=DIRECTION('ref_axis',(0.707106781186548,0.,0.707106781186548));
#10028=DIRECTION('',(0.,-1.,0.));
#10029=DIRECTION('',(0.707106781186548,0.,0.707106781186548));
#10030=DIRECTION('',(0.,1.,0.));
#10031=DIRECTION('center_axis',(-1.,0.,0.));
#10032=DIRECTION('ref_axis',(0.,0.,1.));
#10033=DIRECTION('',(0.,0.,1.));
#10034=DIRECTION('',(0.,1.,0.));
#10035=DIRECTION('center_axis',(0.,0.,-1.));
#10036=DIRECTION('ref_axis',(-1.,0.,0.));
#10037=DIRECTION('',(-1.,0.,0.));
#10038=DIRECTION('',(0.,1.,0.));
#10039=DIRECTION('center_axis',(1.,0.,0.));
#10040=DIRECTION('ref_axis',(0.,0.,-1.));
#10041=DIRECTION('',(0.,0.,-1.));
#10042=DIRECTION('',(0.,1.,0.));
#10043=DIRECTION('center_axis',(0.,-1.,0.));
#10044=DIRECTION('ref_axis',(1.,0.,0.));
#10045=DIRECTION('center_axis',(0.,-1.,0.));
#10046=DIRECTION('ref_axis',(-1.,0.,0.));
#10047=DIRECTION('center_axis',(0.,-1.,0.));
#10048=DIRECTION('ref_axis',(1.,0.,0.));
#10049=DIRECTION('center_axis',(0.,1.,0.));
#10050=DIRECTION('ref_axis',(1.,0.,0.));
#10051=DIRECTION('',(0.,0.,1.));
#10052=DIRECTION('',(-1.,0.,0.));
#10053=DIRECTION('',(0.,0.,-1.));
#10054=DIRECTION('',(1.,0.,0.));
#10055=DIRECTION('',(0.,0.,1.));
#10056=DIRECTION('',(-1.,0.,0.));
#10057=DIRECTION('center_axis',(-1.,0.,0.));
#10058=DIRECTION('ref_axis',(0.,0.,1.));
#10059=DIRECTION('',(0.,1.,0.));
#10060=DIRECTION('',(0.,0.,1.));
#10061=DIRECTION('',(0.,1.,0.));
#10062=DIRECTION('center_axis',(0.,0.,-1.));
#10063=DIRECTION('ref_axis',(-1.,0.,0.));
#10064=DIRECTION('',(-1.,0.,0.));
#10065=DIRECTION('',(0.,1.,0.));
#10066=DIRECTION('center_axis',(1.,0.,0.));
#10067=DIRECTION('ref_axis',(0.,0.,-1.));
#10068=DIRECTION('',(0.,0.,-1.));
#10069=DIRECTION('',(0.,1.,0.));
#10070=DIRECTION('center_axis',(0.,0.,1.));
#10071=DIRECTION('ref_axis',(1.,0.,0.));
#10072=DIRECTION('',(1.,0.,0.));
#10073=DIRECTION('',(0.,1.,0.));
#10074=DIRECTION('center_axis',(-1.,0.,0.));
#10075=DIRECTION('ref_axis',(0.,0.,1.));
#10076=DIRECTION('',(0.,0.,1.));
#10077=DIRECTION('',(0.,1.,0.));
#10078=DIRECTION('center_axis',(0.,0.,-1.));
#10079=DIRECTION('ref_axis',(-1.,0.,0.));
#10080=DIRECTION('',(-1.,0.,0.));
#10081=DIRECTION('center_axis',(0.,1.,0.));
#10082=DIRECTION('ref_axis',(1.,0.,0.));
#10083=DIRECTION('center_axis',(0.,1.,0.));
#10084=DIRECTION('ref_axis',(0.,0.,-1.));
#10085=DIRECTION('',(1.,0.,0.));
#10086=DIRECTION('',(0.,0.,1.));
#10087=DIRECTION('',(-1.,0.,0.));
#10088=DIRECTION('',(0.,0.,-1.));
#10089=DIRECTION('',(1.,0.,0.));
#10090=DIRECTION('',(0.,0.,1.));
#10091=DIRECTION('center_axis',(0.,0.,1.));
#10092=DIRECTION('ref_axis',(1.,0.,0.));
#10093=DIRECTION('',(0.,1.,0.));
#10094=DIRECTION('',(1.,0.,0.));
#10095=DIRECTION('',(0.,1.,0.));
#10096=DIRECTION('center_axis',(-1.,0.,0.));
#10097=DIRECTION('ref_axis',(0.,0.,1.));
#10098=DIRECTION('',(0.,0.,1.));
#10099=DIRECTION('',(0.,1.,0.));
#10100=DIRECTION('center_axis',(0.,0.,-1.));
#10101=DIRECTION('ref_axis',(-1.,0.,0.));
#10102=DIRECTION('',(-1.,0.,0.));
#10103=DIRECTION('',(0.,1.,0.));
#10104=DIRECTION('center_axis',(1.,0.,0.));
#10105=DIRECTION('ref_axis',(0.,0.,-1.));
#10106=DIRECTION('',(0.,0.,-1.));
#10107=DIRECTION('',(0.,1.,0.));
#10108=DIRECTION('center_axis',(0.,0.,1.));
#10109=DIRECTION('ref_axis',(1.,0.,0.));
#10110=DIRECTION('',(1.,0.,0.));
#10111=DIRECTION('',(0.,1.,0.));
#10112=DIRECTION('center_axis',(-1.,0.,0.));
#10113=DIRECTION('ref_axis',(0.,0.,1.));
#10114=DIRECTION('',(0.,0.,1.));
#10115=DIRECTION('center_axis',(0.,1.,0.));
#10116=DIRECTION('ref_axis',(0.,0.,-1.));
#10117=DIRECTION('center_axis',(0.,1.,0.));
#10118=DIRECTION('ref_axis',(-1.,0.,0.));
#10119=DIRECTION('',(0.,0.,-1.));
#10120=DIRECTION('',(1.,0.,0.));
#10121=DIRECTION('',(0.,0.,1.));
#10122=DIRECTION('',(-1.,0.,0.));
#10123=DIRECTION('',(0.,0.,-1.));
#10124=DIRECTION('',(1.,0.,0.));
#10125=DIRECTION('center_axis',(1.,0.,0.));
#10126=DIRECTION('ref_axis',(0.,0.,-1.));
#10127=DIRECTION('',(0.,1.,0.));
#10128=DIRECTION('',(0.,0.,-1.));
#10129=DIRECTION('',(0.,1.,0.));
#10130=DIRECTION('center_axis',(0.,0.,1.));
#10131=DIRECTION('ref_axis',(1.,0.,0.));
#10132=DIRECTION('',(1.,0.,0.));
#10133=DIRECTION('',(0.,1.,0.));
#10134=DIRECTION('center_axis',(-1.,0.,0.));
#10135=DIRECTION('ref_axis',(0.,0.,1.));
#10136=DIRECTION('',(0.,0.,1.));
#10137=DIRECTION('',(0.,1.,0.));
#10138=DIRECTION('center_axis',(0.,0.,-1.));
#10139=DIRECTION('ref_axis',(-1.,0.,0.));
#10140=DIRECTION('',(-1.,0.,0.));
#10141=DIRECTION('',(0.,1.,0.));
#10142=DIRECTION('center_axis',(1.,0.,0.));
#10143=DIRECTION('ref_axis',(0.,0.,-1.));
#10144=DIRECTION('',(0.,0.,-1.));
#10145=DIRECTION('',(0.,1.,0.));
#10146=DIRECTION('center_axis',(0.,0.,1.));
#10147=DIRECTION('ref_axis',(1.,0.,0.));
#10148=DIRECTION('',(1.,0.,0.));
#10149=DIRECTION('center_axis',(0.,1.,0.));
#10150=DIRECTION('ref_axis',(-1.,0.,0.));
#10151=DIRECTION('center_axis',(0.,1.,0.));
#10152=DIRECTION('ref_axis',(0.,0.,1.));
#10153=DIRECTION('',(-1.,0.,0.));
#10154=DIRECTION('',(0.,0.,-1.));
#10155=DIRECTION('',(1.,0.,0.));
#10156=DIRECTION('',(0.,0.,1.));
#10157=DIRECTION('',(-1.,0.,0.));
#10158=DIRECTION('',(0.,0.,-1.));
#10159=DIRECTION('center_axis',(0.,0.,-1.));
#10160=DIRECTION('ref_axis',(-1.,0.,0.));
#10161=DIRECTION('',(0.,1.,0.));
#10162=DIRECTION('',(-1.,0.,0.));
#10163=DIRECTION('',(0.,1.,0.));
#10164=DIRECTION('center_axis',(1.,0.,0.));
#10165=DIRECTION('ref_axis',(0.,0.,-1.));
#10166=DIRECTION('',(0.,0.,-1.));
#10167=DIRECTION('',(0.,1.,0.));
#10168=DIRECTION('center_axis',(0.,0.,1.));
#10169=DIRECTION('ref_axis',(1.,0.,0.));
#10170=DIRECTION('',(1.,0.,0.));
#10171=DIRECTION('',(0.,1.,0.));
#10172=DIRECTION('center_axis',(-1.,0.,0.));
#10173=DIRECTION('ref_axis',(0.,0.,1.));
#10174=DIRECTION('',(0.,0.,1.));
#10175=DIRECTION('',(0.,1.,0.));
#10176=DIRECTION('center_axis',(0.,0.,-1.));
#10177=DIRECTION('ref_axis',(-1.,0.,0.));
#10178=DIRECTION('',(-1.,0.,0.));
#10179=DIRECTION('',(0.,1.,0.));
#10180=DIRECTION('center_axis',(1.,0.,0.));
#10181=DIRECTION('ref_axis',(0.,0.,-1.));
#10182=DIRECTION('',(0.,0.,-1.));
#10183=DIRECTION('center_axis',(0.,1.,0.));
#10184=DIRECTION('ref_axis',(0.,0.,1.));
#10185=DIRECTION('center_axis',(0.,0.,1.));
#10186=DIRECTION('ref_axis',(-1.,0.,0.));
#10187=DIRECTION('center_axis',(0.,0.,1.));
#10188=DIRECTION('ref_axis',(-1.,0.,0.));
#10189=DIRECTION('',(0.,0.,-1.));
#10190=DIRECTION('center_axis',(0.,0.,1.));
#10191=DIRECTION('ref_axis',(-1.,0.,0.));
#10192=DIRECTION('center_axis',(0.,0.,1.));
#10193=DIRECTION('ref_axis',(-1.,0.,0.));
#10194=DIRECTION('center_axis',(0.,0.,1.));
#10195=DIRECTION('ref_axis',(-1.,0.,0.));
#10196=DIRECTION('',(0.,-1.,0.));
#10197=DIRECTION('',(1.,0.,0.));
#10198=DIRECTION('',(0.,-1.,0.));
#10199=DIRECTION('',(1.,0.,0.));
#10200=CARTESIAN_POINT('',(0.,0.,0.));
#10201=CARTESIAN_POINT('',(0.,0.,0.));
#10202=CARTESIAN_POINT('Origin',(0.,0.,0.));
#10203=CARTESIAN_POINT('',(-1.5,0.,-2.));
#10204=CARTESIAN_POINT('',(-1.5,0.,-1.818198051534));
#10205=CARTESIAN_POINT('',(-1.5,0.,-2.));
#10206=CARTESIAN_POINT('',(-1.347001344202,0.,-1.665199395736));
#10207=CARTESIAN_POINT('',(-1.347001344202,0.,-1.665199395736));
#10208=CARTESIAN_POINT('',(-1.3,0.,-1.75));
#10209=CARTESIAN_POINT('Origin',(-1.4,0.,-1.75));
#10210=CARTESIAN_POINT('',(-1.3,0.,-2.));
#10211=CARTESIAN_POINT('',(-1.3,0.,-2.));
#10212=CARTESIAN_POINT('',(-1.1,0.,-2.));
#10213=CARTESIAN_POINT('',(-1.1,0.,-2.));
#10214=CARTESIAN_POINT('',(-1.1,0.,-1.75));
#10215=CARTESIAN_POINT('',(-1.1,0.,-2.));
#10216=CARTESIAN_POINT('',(-0.9,0.,-1.75));
#10217=CARTESIAN_POINT('Origin',(-1.,0.,-1.75));
#10218=CARTESIAN_POINT('',(-0.9,0.,-2.));
#10219=CARTESIAN_POINT('',(-0.9,0.,-2.));
#10220=CARTESIAN_POINT('',(-0.7,0.,-2.));
#10221=CARTESIAN_POINT('',(-0.7,0.,-2.));
#10222=CARTESIAN_POINT('',(-0.7,0.,-1.75));
#10223=CARTESIAN_POINT('',(-0.7,0.,-2.));
#10224=CARTESIAN_POINT('',(-0.5,0.,-1.75));
#10225=CARTESIAN_POINT('Origin',(-0.6,0.,-1.75));
#10226=CARTESIAN_POINT('',(-0.5,0.,-2.));
#10227=CARTESIAN_POINT('',(-0.5,0.,-2.));
#10228=CARTESIAN_POINT('',(-0.3,0.,-2.));
#10229=CARTESIAN_POINT('',(-0.3,0.,-2.));
#10230=CARTESIAN_POINT('',(-0.3,0.,-1.75));
#10231=CARTESIAN_POINT('',(-0.3,0.,-2.));
#10232=CARTESIAN_POINT('',(-0.1,0.,-1.75));
#10233=CARTESIAN_POINT('Origin',(-0.2,0.,-1.75));
#10234=CARTESIAN_POINT('',(-0.1,0.,-2.));
#10235=CARTESIAN_POINT('',(-0.1,0.,-2.));
#10236=CARTESIAN_POINT('',(0.1,0.,-2.));
#10237=CARTESIAN_POINT('',(0.1,0.,-2.));
#10238=CARTESIAN_POINT('',(0.1,0.,-1.75));
#10239=CARTESIAN_POINT('',(0.1,0.,-2.));
#10240=CARTESIAN_POINT('',(0.3,0.,-1.75));
#10241=CARTESIAN_POINT('Origin',(0.2,0.,-1.75));
#10242=CARTESIAN_POINT('',(0.3,0.,-2.));
#10243=CARTESIAN_POINT('',(0.3,0.,-2.));
#10244=CARTESIAN_POINT('',(0.5,0.,-2.));
#10245=CARTESIAN_POINT('',(0.5,0.,-2.));
#10246=CARTESIAN_POINT('',(0.5,0.,-1.75));
#10247=CARTESIAN_POINT('',(0.5,0.,-2.));
#10248=CARTESIAN_POINT('',(0.7,0.,-1.75));
#10249=CARTESIAN_POINT('Origin',(0.6,0.,-1.75));
#10250=CARTESIAN_POINT('',(0.7,0.,-2.));
#10251=CARTESIAN_POINT('',(0.7,0.,-2.));
#10252=CARTESIAN_POINT('',(0.9,0.,-2.));
#10253=CARTESIAN_POINT('',(0.9,0.,-2.));
#10254=CARTESIAN_POINT('',(0.9,0.,-1.75));
#10255=CARTESIAN_POINT('',(0.9,0.,-2.));
#10256=CARTESIAN_POINT('',(1.1,0.,-1.75));
#10257=CARTESIAN_POINT('Origin',(1.,0.,-1.75));
#10258=CARTESIAN_POINT('',(1.1,0.,-2.));
#10259=CARTESIAN_POINT('',(1.1,0.,-2.));
#10260=CARTESIAN_POINT('',(1.3,0.,-2.));
#10261=CARTESIAN_POINT('',(1.3,0.,-2.));
#10262=CARTESIAN_POINT('',(1.3,0.,-1.75));
#10263=CARTESIAN_POINT('',(1.3,0.,-2.));
#10264=CARTESIAN_POINT('',(1.347001344202,0.,-1.665199395736));
#10265=CARTESIAN_POINT('Origin',(1.4,0.,-1.75));
#10266=CARTESIAN_POINT('',(1.5,0.,-1.818198051534));
#10267=CARTESIAN_POINT('',(1.5,0.,-1.818198051534));
#10268=CARTESIAN_POINT('',(1.5,0.,-2.));
#10269=CARTESIAN_POINT('',(1.5,0.,-2.));
#10270=CARTESIAN_POINT('',(2.,0.,-2.));
#10271=CARTESIAN_POINT('',(2.,0.,-2.));
#10272=CARTESIAN_POINT('',(2.,0.,-1.5));
#10273=CARTESIAN_POINT('',(2.,0.,-1.5));
#10274=CARTESIAN_POINT('',(1.818198051534,0.,-1.5));
#10275=CARTESIAN_POINT('',(2.,0.,-1.5));
#10276=CARTESIAN_POINT('',(1.665199395736,0.,-1.347001344202));
#10277=CARTESIAN_POINT('',(1.665199395736,0.,-1.347001344202));
#10278=CARTESIAN_POINT('',(1.75,0.,-1.3));
#10279=CARTESIAN_POINT('Origin',(1.75,0.,-1.4));
#10280=CARTESIAN_POINT('',(2.,0.,-1.3));
#10281=CARTESIAN_POINT('',(2.,0.,-1.3));
#10282=CARTESIAN_POINT('',(2.,0.,-1.1));
#10283=CARTESIAN_POINT('',(2.,0.,-1.1));
#10284=CARTESIAN_POINT('',(1.75,0.,-1.1));
#10285=CARTESIAN_POINT('',(2.,0.,-1.1));
#10286=CARTESIAN_POINT('',(1.75,0.,-0.9));
#10287=CARTESIAN_POINT('Origin',(1.75,0.,-1.));
#10288=CARTESIAN_POINT('',(2.,0.,-0.9));
#10289=CARTESIAN_POINT('',(2.,0.,-0.9));
#10290=CARTESIAN_POINT('',(2.,0.,-0.7));
#10291=CARTESIAN_POINT('',(2.,0.,-0.7));
#10292=CARTESIAN_POINT('',(1.75,0.,-0.7));
#10293=CARTESIAN_POINT('',(2.,0.,-0.7));
#10294=CARTESIAN_POINT('',(1.75,0.,-0.5));
#10295=CARTESIAN_POINT('Origin',(1.75,0.,-0.6));
#10296=CARTESIAN_POINT('',(2.,0.,-0.5));
#10297=CARTESIAN_POINT('',(2.,0.,-0.5));
#10298=CARTESIAN_POINT('',(2.,0.,-0.3));
#10299=CARTESIAN_POINT('',(2.,0.,-0.3));
#10300=CARTESIAN_POINT('',(1.75,0.,-0.3));
#10301=CARTESIAN_POINT('',(2.,0.,-0.3));
#10302=CARTESIAN_POINT('',(1.75,0.,-0.1));
#10303=CARTESIAN_POINT('Origin',(1.75,0.,-0.2));
#10304=CARTESIAN_POINT('',(2.,0.,-0.1));
#10305=CARTESIAN_POINT('',(2.,0.,-0.1));
#10306=CARTESIAN_POINT('',(2.,0.,0.1));
#10307=CARTESIAN_POINT('',(2.,0.,0.1));
#10308=CARTESIAN_POINT('',(1.75,0.,0.1));
#10309=CARTESIAN_POINT('',(2.,0.,0.1));
#10310=CARTESIAN_POINT('',(1.75,0.,0.3));
#10311=CARTESIAN_POINT('Origin',(1.75,0.,0.2));
#10312=CARTESIAN_POINT('',(2.,0.,0.3));
#10313=CARTESIAN_POINT('',(2.,0.,0.3));
#10314=CARTESIAN_POINT('',(2.,0.,0.5));
#10315=CARTESIAN_POINT('',(2.,0.,0.5));
#10316=CARTESIAN_POINT('',(1.75,0.,0.5));
#10317=CARTESIAN_POINT('',(2.,0.,0.5));
#10318=CARTESIAN_POINT('',(1.75,0.,0.7));
#10319=CARTESIAN_POINT('Origin',(1.75,0.,0.6));
#10320=CARTESIAN_POINT('',(2.,0.,0.7));
#10321=CARTESIAN_POINT('',(2.,0.,0.7));
#10322=CARTESIAN_POINT('',(2.,0.,0.9));
#10323=CARTESIAN_POINT('',(2.,0.,0.9));
#10324=CARTESIAN_POINT('',(1.75,0.,0.9));
#10325=CARTESIAN_POINT('',(2.,0.,0.9));
#10326=CARTESIAN_POINT('',(1.75,0.,1.1));
#10327=CARTESIAN_POINT('Origin',(1.75,0.,1.));
#10328=CARTESIAN_POINT('',(2.,0.,1.1));
#10329=CARTESIAN_POINT('',(2.,0.,1.1));
#10330=CARTESIAN_POINT('',(2.,0.,1.3));
#10331=CARTESIAN_POINT('',(2.,0.,1.3));
#10332=CARTESIAN_POINT('',(1.75,0.,1.3));
#10333=CARTESIAN_POINT('',(2.,0.,1.3));
#10334=CARTESIAN_POINT('',(1.665199395736,0.,1.347001344202));
#10335=CARTESIAN_POINT('Origin',(1.75,0.,1.4));
#10336=CARTESIAN_POINT('',(1.818198051534,0.,1.5));
#10337=CARTESIAN_POINT('',(1.818198051534,0.,1.5));
#10338=CARTESIAN_POINT('',(2.,0.,1.5));
#10339=CARTESIAN_POINT('',(2.,0.,1.5));
#10340=CARTESIAN_POINT('',(2.,0.,2.));
#10341=CARTESIAN_POINT('',(2.,0.,2.));
#10342=CARTESIAN_POINT('',(1.5,0.,2.));
#10343=CARTESIAN_POINT('',(1.5,0.,2.));
#10344=CARTESIAN_POINT('',(1.5,0.,1.818198051534));
#10345=CARTESIAN_POINT('',(1.5,0.,2.));
#10346=CARTESIAN_POINT('',(1.347001344202,0.,1.665199395736));
#10347=CARTESIAN_POINT('',(1.347001344202,0.,1.665199395736));
#10348=CARTESIAN_POINT('',(1.3,0.,1.75));
#10349=CARTESIAN_POINT('Origin',(1.4,0.,1.75));
#10350=CARTESIAN_POINT('',(1.3,0.,2.));
#10351=CARTESIAN_POINT('',(1.3,0.,2.));
#10352=CARTESIAN_POINT('',(1.1,0.,2.));
#10353=CARTESIAN_POINT('',(1.1,0.,2.));
#10354=CARTESIAN_POINT('',(1.1,0.,1.75));
#10355=CARTESIAN_POINT('',(1.1,0.,2.));
#10356=CARTESIAN_POINT('',(0.9,0.,1.75));
#10357=CARTESIAN_POINT('Origin',(1.,0.,1.75));
#10358=CARTESIAN_POINT('',(0.9,0.,2.));
#10359=CARTESIAN_POINT('',(0.9,0.,2.));
#10360=CARTESIAN_POINT('',(0.7,0.,2.));
#10361=CARTESIAN_POINT('',(0.7,0.,2.));
#10362=CARTESIAN_POINT('',(0.7,0.,1.75));
#10363=CARTESIAN_POINT('',(0.7,0.,2.));
#10364=CARTESIAN_POINT('',(0.5,0.,1.75));
#10365=CARTESIAN_POINT('Origin',(0.6,0.,1.75));
#10366=CARTESIAN_POINT('',(0.5,0.,2.));
#10367=CARTESIAN_POINT('',(0.5,0.,2.));
#10368=CARTESIAN_POINT('',(0.3,0.,2.));
#10369=CARTESIAN_POINT('',(0.3,0.,2.));
#10370=CARTESIAN_POINT('',(0.3,0.,1.75));
#10371=CARTESIAN_POINT('',(0.3,0.,2.));
#10372=CARTESIAN_POINT('',(0.1,0.,1.75));
#10373=CARTESIAN_POINT('Origin',(0.2,0.,1.75));
#10374=CARTESIAN_POINT('',(0.1,0.,2.));
#10375=CARTESIAN_POINT('',(0.1,0.,2.));
#10376=CARTESIAN_POINT('',(-0.1,0.,2.));
#10377=CARTESIAN_POINT('',(-0.1,0.,2.));
#10378=CARTESIAN_POINT('',(-0.1,0.,1.75));
#10379=CARTESIAN_POINT('',(-0.1,0.,2.));
#10380=CARTESIAN_POINT('',(-0.3,0.,1.75));
#10381=CARTESIAN_POINT('Origin',(-0.2,0.,1.75));
#10382=CARTESIAN_POINT('',(-0.3,0.,2.));
#10383=CARTESIAN_POINT('',(-0.3,0.,2.));
#10384=CARTESIAN_POINT('',(-0.5,0.,2.));
#10385=CARTESIAN_POINT('',(-0.5,0.,2.));
#10386=CARTESIAN_POINT('',(-0.5,0.,1.75));
#10387=CARTESIAN_POINT('',(-0.5,0.,2.));
#10388=CARTESIAN_POINT('',(-0.7,0.,1.75));
#10389=CARTESIAN_POINT('Origin',(-0.6,0.,1.75));
#10390=CARTESIAN_POINT('',(-0.7,0.,2.));
#10391=CARTESIAN_POINT('',(-0.7,0.,2.));
#10392=CARTESIAN_POINT('',(-0.9,0.,2.));
#10393=CARTESIAN_POINT('',(-0.9,0.,2.));
#10394=CARTESIAN_POINT('',(-0.9,0.,1.75));
#10395=CARTESIAN_POINT('',(-0.9,0.,2.));
#10396=CARTESIAN_POINT('',(-1.1,0.,1.75));
#10397=CARTESIAN_POINT('Origin',(-1.,0.,1.75));
#10398=CARTESIAN_POINT('',(-1.1,0.,2.));
#10399=CARTESIAN_POINT('',(-1.1,0.,2.));
#10400=CARTESIAN_POINT('',(-1.3,0.,2.));
#10401=CARTESIAN_POINT('',(-1.3,0.,2.));
#10402=CARTESIAN_POINT('',(-1.3,0.,1.75));
#10403=CARTESIAN_POINT('',(-1.3,0.,2.));
#10404=CARTESIAN_POINT('',(-1.347001344202,0.,1.665199395736));
#10405=CARTESIAN_POINT('Origin',(-1.4,0.,1.75));
#10406=CARTESIAN_POINT('',(-1.5,0.,1.818198051534));
#10407=CARTESIAN_POINT('',(-1.5,0.,1.818198051534));
#10408=CARTESIAN_POINT('',(-1.5,0.,2.));
#10409=CARTESIAN_POINT('',(-1.5,0.,2.));
#10410=CARTESIAN_POINT('',(-2.,0.,2.));
#10411=CARTESIAN_POINT('',(-2.,0.,2.));
#10412=CARTESIAN_POINT('',(-2.,0.,1.5));
#10413=CARTESIAN_POINT('',(-2.,0.,1.5));
#10414=CARTESIAN_POINT('',(-1.818198051534,0.,1.5));
#10415=CARTESIAN_POINT('',(-2.,0.,1.5));
#10416=CARTESIAN_POINT('',(-1.665199395736,0.,1.347001344202));
#10417=CARTESIAN_POINT('',(-1.665199395736,0.,1.347001344202));
#10418=CARTESIAN_POINT('',(-1.75,0.,1.3));
#10419=CARTESIAN_POINT('Origin',(-1.75,0.,1.4));
#10420=CARTESIAN_POINT('',(-2.,0.,1.3));
#10421=CARTESIAN_POINT('',(-2.,0.,1.3));
#10422=CARTESIAN_POINT('',(-2.,0.,1.1));
#10423=CARTESIAN_POINT('',(-2.,0.,1.1));
#10424=CARTESIAN_POINT('',(-1.75,0.,1.1));
#10425=CARTESIAN_POINT('',(-2.,0.,1.1));
#10426=CARTESIAN_POINT('',(-1.75,0.,0.9));
#10427=CARTESIAN_POINT('Origin',(-1.75,0.,1.));
#10428=CARTESIAN_POINT('',(-2.,0.,0.9));
#10429=CARTESIAN_POINT('',(-2.,0.,0.9));
#10430=CARTESIAN_POINT('',(-2.,0.,0.7));
#10431=CARTESIAN_POINT('',(-2.,0.,0.7));
#10432=CARTESIAN_POINT('',(-1.75,0.,0.7));
#10433=CARTESIAN_POINT('',(-2.,0.,0.7));
#10434=CARTESIAN_POINT('',(-1.75,0.,0.5));
#10435=CARTESIAN_POINT('Origin',(-1.75,0.,0.6));
#10436=CARTESIAN_POINT('',(-2.,0.,0.5));
#10437=CARTESIAN_POINT('',(-2.,0.,0.5));
#10438=CARTESIAN_POINT('',(-2.,0.,0.3));
#10439=CARTESIAN_POINT('',(-2.,0.,0.3));
#10440=CARTESIAN_POINT('',(-1.75,0.,0.3));
#10441=CARTESIAN_POINT('',(-2.,0.,0.3));
#10442=CARTESIAN_POINT('',(-1.75,0.,0.1));
#10443=CARTESIAN_POINT('Origin',(-1.75,0.,0.2));
#10444=CARTESIAN_POINT('',(-2.,0.,0.1));
#10445=CARTESIAN_POINT('',(-2.,0.,0.1));
#10446=CARTESIAN_POINT('',(-2.,0.,-0.1));
#10447=CARTESIAN_POINT('',(-2.,0.,-0.1));
#10448=CARTESIAN_POINT('',(-1.75,0.,-0.1));
#10449=CARTESIAN_POINT('',(-2.,0.,-0.1));
#10450=CARTESIAN_POINT('',(-1.75,0.,-0.3));
#10451=CARTESIAN_POINT('Origin',(-1.75,0.,-0.2));
#10452=CARTESIAN_POINT('',(-2.,0.,-0.3));
#10453=CARTESIAN_POINT('',(-2.,0.,-0.3));
#10454=CARTESIAN_POINT('',(-2.,0.,-0.5));
#10455=CARTESIAN_POINT('',(-2.,0.,-0.5));
#10456=CARTESIAN_POINT('',(-1.75,0.,-0.5));
#10457=CARTESIAN_POINT('',(-2.,0.,-0.5));
#10458=CARTESIAN_POINT('',(-1.75,0.,-0.7));
#10459=CARTESIAN_POINT('Origin',(-1.75,0.,-0.6));
#10460=CARTESIAN_POINT('',(-2.,0.,-0.7));
#10461=CARTESIAN_POINT('',(-2.,0.,-0.7));
#10462=CARTESIAN_POINT('',(-2.,0.,-0.9));
#10463=CARTESIAN_POINT('',(-2.,0.,-0.9));
#10464=CARTESIAN_POINT('',(-1.75,0.,-0.9));
#10465=CARTESIAN_POINT('',(-2.,0.,-0.9));
#10466=CARTESIAN_POINT('',(-1.75,0.,-1.1));
#10467=CARTESIAN_POINT('Origin',(-1.75,0.,-1.));
#10468=CARTESIAN_POINT('',(-2.,0.,-1.1));
#10469=CARTESIAN_POINT('',(-2.,0.,-1.1));
#10470=CARTESIAN_POINT('',(-2.,0.,-1.3));
#10471=CARTESIAN_POINT('',(-2.,0.,-1.3));
#10472=CARTESIAN_POINT('',(-1.75,0.,-1.3));
#10473=CARTESIAN_POINT('',(-2.,0.,-1.3));
#10474=CARTESIAN_POINT('',(-1.665199395736,0.,-1.347001344202));
#10475=CARTESIAN_POINT('Origin',(-1.75,0.,-1.4));
#10476=CARTESIAN_POINT('',(-1.818198051534,0.,-1.5));
#10477=CARTESIAN_POINT('',(-1.818198051534,0.,-1.5));
#10478=CARTESIAN_POINT('',(-2.,0.,-1.5));
#10479=CARTESIAN_POINT('',(-2.,0.,-1.5));
#10480=CARTESIAN_POINT('',(-2.,0.,-2.));
#10481=CARTESIAN_POINT('',(-2.,0.,-2.));
#10482=CARTESIAN_POINT('',(-1.5,0.,-2.));
#10483=CARTESIAN_POINT('',(-1.05,0.,-1.4));
#10484=CARTESIAN_POINT('',(1.4,0.,-1.4));
#10485=CARTESIAN_POINT('',(-1.05,0.,-1.4));
#10486=CARTESIAN_POINT('',(-1.4,0.,-1.05));
#10487=CARTESIAN_POINT('',(-1.05,0.,-1.4));
#10488=CARTESIAN_POINT('',(-1.4,0.,1.4));
#10489=CARTESIAN_POINT('',(-1.4,0.,1.4));
#10490=CARTESIAN_POINT('',(1.4,0.,1.4));
#10491=CARTESIAN_POINT('',(1.4,0.,1.4));
#10492=CARTESIAN_POINT('',(1.4,0.,-1.4));
#10493=CARTESIAN_POINT('Origin',(-1.4,0.075,-1.4));
#10494=CARTESIAN_POINT('',(1.4,0.075,-1.4));
#10495=CARTESIAN_POINT('',(1.4,0.075,-1.4));
#10496=CARTESIAN_POINT('',(-1.05,0.075,-1.4));
#10497=CARTESIAN_POINT('',(-1.05,0.075,-1.4));
#10498=CARTESIAN_POINT('',(-1.05,0.,-1.4));
#10499=CARTESIAN_POINT('Origin',(-1.225,0.025,-1.225));
#10500=CARTESIAN_POINT('',(-1.4,0.075,-1.05));
#10501=CARTESIAN_POINT('',(-1.05,0.075,-1.4));
#10502=CARTESIAN_POINT('',(-1.4,0.,-1.05));
#10503=CARTESIAN_POINT('Origin',(-1.4,0.075,1.4));
#10504=CARTESIAN_POINT('',(-1.4,0.075,1.4));
#10505=CARTESIAN_POINT('',(-1.4,0.075,1.4));
#10506=CARTESIAN_POINT('',(-1.4,0.075,1.4));
#10507=CARTESIAN_POINT('Origin',(1.4,0.075,1.4));
#10508=CARTESIAN_POINT('',(1.4,0.075,1.4));
#10509=CARTESIAN_POINT('',(1.4,0.075,1.4));
#10510=CARTESIAN_POINT('',(1.4,0.075,1.4));
#10511=CARTESIAN_POINT('Origin',(1.4,0.075,-1.4));
#10512=CARTESIAN_POINT('',(1.4,0.075,-1.4));
#10513=CARTESIAN_POINT('Origin',(0.,0.075,0.));
#10514=CARTESIAN_POINT('',(-1.5,0.075,-1.5));
#10515=CARTESIAN_POINT('',(-1.5,0.075,1.5));
#10516=CARTESIAN_POINT('',(-1.5,0.075,-1.5));
#10517=CARTESIAN_POINT('',(1.5,0.075,1.5));
#10518=CARTESIAN_POINT('',(-1.5,0.075,1.5));
#10519=CARTESIAN_POINT('',(1.5,0.075,-1.5));
#10520=CARTESIAN_POINT('',(1.5,0.075,1.5));
#10521=CARTESIAN_POINT('',(1.5,0.075,-1.5));
#10522=CARTESIAN_POINT('Origin',(-1.5,0.075,-1.5));
#10523=CARTESIAN_POINT('',(-1.5,0.175,-1.5));
#10524=CARTESIAN_POINT('',(-1.5,0.075,-1.5));
#10525=CARTESIAN_POINT('',(-1.5,0.175,1.5));
#10526=CARTESIAN_POINT('',(-1.5,0.175,-1.5));
#10527=CARTESIAN_POINT('',(-1.5,0.075,1.5));
#10528=CARTESIAN_POINT('Origin',(-1.5,0.075,1.5));
#10529=CARTESIAN_POINT('',(1.5,0.175,1.5));
#10530=CARTESIAN_POINT('',(-1.5,0.175,1.5));
#10531=CARTESIAN_POINT('',(1.5,0.075,1.5));
#10532=CARTESIAN_POINT('Origin',(1.5,0.075,1.5));
#10533=CARTESIAN_POINT('',(1.5,0.175,-1.5));
#10534=CARTESIAN_POINT('',(1.5,0.175,1.5));
#10535=CARTESIAN_POINT('',(1.5,0.075,-1.5));
#10536=CARTESIAN_POINT('Origin',(1.5,0.075,-1.5));
#10537=CARTESIAN_POINT('',(1.5,0.175,-1.5));
#10538=CARTESIAN_POINT('Origin',(0.,0.175,0.));
#10539=CARTESIAN_POINT('Origin',(-1.5,-0.025,-2.));
#10540=CARTESIAN_POINT('',(-1.5,0.175,-2.));
#10541=CARTESIAN_POINT('',(-1.5,0.,-2.));
#10542=CARTESIAN_POINT('',(-1.5,0.175,-1.818198051534));
#10543=CARTESIAN_POINT('',(-1.5,0.175,-2.));
#10544=CARTESIAN_POINT('',(-1.5,0.,-1.818198051534));
#10545=CARTESIAN_POINT('Origin',(2.,0.,-2.));
#10546=CARTESIAN_POINT('',(-1.3,0.175,-2.));
#10547=CARTESIAN_POINT('',(-1.5,0.175,-2.));
#10548=CARTESIAN_POINT('',(-2.,0.975,-2.));
#10549=CARTESIAN_POINT('',(-2.,0.,-2.));
#10550=CARTESIAN_POINT('',(2.,0.975,-2.));
#10551=CARTESIAN_POINT('',(2.,0.975,-2.));
#10552=CARTESIAN_POINT('',(2.,0.,-2.));
#10553=CARTESIAN_POINT('',(1.5,0.175,-2.));
#10554=CARTESIAN_POINT('',(1.5,0.,-2.));
#10555=CARTESIAN_POINT('',(1.3,0.175,-2.));
#10556=CARTESIAN_POINT('',(1.3,0.175,-2.));
#10557=CARTESIAN_POINT('',(1.3,0.,-2.));
#10558=CARTESIAN_POINT('',(1.1,0.175,-2.));
#10559=CARTESIAN_POINT('',(1.1,0.,-2.));
#10560=CARTESIAN_POINT('',(0.9,0.175,-2.));
#10561=CARTESIAN_POINT('',(0.9,0.175,-2.));
#10562=CARTESIAN_POINT('',(0.9,0.,-2.));
#10563=CARTESIAN_POINT('',(0.7,0.175,-2.));
#10564=CARTESIAN_POINT('',(0.7,0.,-2.));
#10565=CARTESIAN_POINT('',(0.5,0.175,-2.));
#10566=CARTESIAN_POINT('',(0.5,0.175,-2.));
#10567=CARTESIAN_POINT('',(0.5,0.,-2.));
#10568=CARTESIAN_POINT('',(0.3,0.175,-2.));
#10569=CARTESIAN_POINT('',(0.3,0.,-2.));
#10570=CARTESIAN_POINT('',(0.1,0.175,-2.));
#10571=CARTESIAN_POINT('',(0.1,0.175,-2.));
#10572=CARTESIAN_POINT('',(0.1,0.,-2.));
#10573=CARTESIAN_POINT('',(-0.1,0.175,-2.));
#10574=CARTESIAN_POINT('',(-0.1,0.,-2.));
#10575=CARTESIAN_POINT('',(-0.3,0.175,-2.));
#10576=CARTESIAN_POINT('',(-0.3,0.175,-2.));
#10577=CARTESIAN_POINT('',(-0.3,0.,-2.));
#10578=CARTESIAN_POINT('',(-0.5,0.175,-2.));
#10579=CARTESIAN_POINT('',(-0.5,0.,-2.));
#10580=CARTESIAN_POINT('',(-0.7,0.175,-2.));
#10581=CARTESIAN_POINT('',(-0.7,0.175,-2.));
#10582=CARTESIAN_POINT('',(-0.7,0.,-2.));
#10583=CARTESIAN_POINT('',(-0.9,0.175,-2.));
#10584=CARTESIAN_POINT('',(-0.9,0.,-2.));
#10585=CARTESIAN_POINT('',(-1.1,0.175,-2.));
#10586=CARTESIAN_POINT('',(-1.1,0.175,-2.));
#10587=CARTESIAN_POINT('',(-1.1,0.,-2.));
#10588=CARTESIAN_POINT('',(-1.3,0.,-2.));
#10589=CARTESIAN_POINT('',(-1.875,0.075,-2.));
#10590=CARTESIAN_POINT('',(-1.725,0.075,-2.));
#10591=CARTESIAN_POINT('',(-1.875,0.075,-2.));
#10592=CARTESIAN_POINT('',(-1.725,0.175,-2.));
#10593=CARTESIAN_POINT('',(-1.725,0.075,-2.));
#10594=CARTESIAN_POINT('',(-1.875,0.175,-2.));
#10595=CARTESIAN_POINT('',(-1.875,0.175,-2.));
#10596=CARTESIAN_POINT('',(-1.875,0.075,-2.));
#10597=CARTESIAN_POINT('',(1.875,0.075,-2.));
#10598=CARTESIAN_POINT('',(1.725,0.075,-2.));
#10599=CARTESIAN_POINT('',(1.875,0.075,-2.));
#10600=CARTESIAN_POINT('',(1.875,0.175,-2.));
#10601=CARTESIAN_POINT('',(1.875,0.075,-2.));
#10602=CARTESIAN_POINT('',(1.725,0.175,-2.));
#10603=CARTESIAN_POINT('',(1.875,0.175,-2.));
#10604=CARTESIAN_POINT('',(1.725,0.075,-2.));
#10605=CARTESIAN_POINT('Origin',(0.,0.175,0.));
#10606=CARTESIAN_POINT('',(-1.3,0.175,-1.75));
#10607=CARTESIAN_POINT('',(-1.3,0.175,-1.75));
#10608=CARTESIAN_POINT('',(-1.347001344202,0.175,-1.665199395736));
#10609=CARTESIAN_POINT('Origin',(-1.4,0.175,-1.75));
#10610=CARTESIAN_POINT('',(-1.347001344202,0.175,-1.665199395736));
#10611=CARTESIAN_POINT('Origin',(-1.347001344202,-0.025,-1.665199395736));
#10612=CARTESIAN_POINT('',(-1.347001344202,0.,-1.665199395736));
#10613=CARTESIAN_POINT('Origin',(-1.4,-0.025,-1.75));
#10614=CARTESIAN_POINT('',(-1.3,0.,-1.75));
#10615=CARTESIAN_POINT('Origin',(-1.3,-0.025,-1.75));
#10616=CARTESIAN_POINT('Origin',(-1.1,-0.025,-2.));
#10617=CARTESIAN_POINT('',(-1.1,0.175,-1.75));
#10618=CARTESIAN_POINT('',(-1.1,0.175,-2.));
#10619=CARTESIAN_POINT('',(-1.1,0.,-1.75));
#10620=CARTESIAN_POINT('Origin',(-1.,-0.025,-1.75));
#10621=CARTESIAN_POINT('',(-0.9,0.175,-1.75));
#10622=CARTESIAN_POINT('Origin',(-1.,0.175,-1.75));
#10623=CARTESIAN_POINT('',(-0.9,0.,-1.75));
#10624=CARTESIAN_POINT('Origin',(-0.9,-0.025,-1.75));
#10625=CARTESIAN_POINT('',(-0.9,0.175,-1.75));
#10626=CARTESIAN_POINT('Origin',(0.,0.175,0.));
#10627=CARTESIAN_POINT('Origin',(-0.7,-0.025,-2.));
#10628=CARTESIAN_POINT('',(-0.7,0.175,-1.75));
#10629=CARTESIAN_POINT('',(-0.7,0.175,-2.));
#10630=CARTESIAN_POINT('',(-0.7,0.,-1.75));
#10631=CARTESIAN_POINT('Origin',(-0.6,-0.025,-1.75));
#10632=CARTESIAN_POINT('',(-0.5,0.175,-1.75));
#10633=CARTESIAN_POINT('Origin',(-0.6,0.175,-1.75));
#10634=CARTESIAN_POINT('',(-0.5,0.,-1.75));
#10635=CARTESIAN_POINT('Origin',(-0.5,-0.025,-1.75));
#10636=CARTESIAN_POINT('',(-0.5,0.175,-1.75));
#10637=CARTESIAN_POINT('Origin',(0.,0.175,0.));
#10638=CARTESIAN_POINT('Origin',(-0.3,-0.025,-2.));
#10639=CARTESIAN_POINT('',(-0.3,0.175,-1.75));
#10640=CARTESIAN_POINT('',(-0.3,0.175,-2.));
#10641=CARTESIAN_POINT('',(-0.3,0.,-1.75));
#10642=CARTESIAN_POINT('Origin',(-0.2,-0.025,-1.75));
#10643=CARTESIAN_POINT('',(-0.1,0.175,-1.75));
#10644=CARTESIAN_POINT('Origin',(-0.2,0.175,-1.75));
#10645=CARTESIAN_POINT('',(-0.1,0.,-1.75));
#10646=CARTESIAN_POINT('Origin',(-0.1,-0.025,-1.75));
#10647=CARTESIAN_POINT('',(-0.1,0.175,-1.75));
#10648=CARTESIAN_POINT('Origin',(0.,0.175,0.));
#10649=CARTESIAN_POINT('Origin',(0.1,-0.025,-2.));
#10650=CARTESIAN_POINT('',(0.1,0.175,-1.75));
#10651=CARTESIAN_POINT('',(0.1,0.175,-2.));
#10652=CARTESIAN_POINT('',(0.1,0.,-1.75));
#10653=CARTESIAN_POINT('Origin',(0.2,-0.025,-1.75));
#10654=CARTESIAN_POINT('',(0.3,0.175,-1.75));
#10655=CARTESIAN_POINT('Origin',(0.2,0.175,-1.75));
#10656=CARTESIAN_POINT('',(0.3,0.,-1.75));
#10657=CARTESIAN_POINT('Origin',(0.3,-0.025,-1.75));
#10658=CARTESIAN_POINT('',(0.3,0.175,-1.75));
#10659=CARTESIAN_POINT('Origin',(0.,0.175,0.));
#10660=CARTESIAN_POINT('Origin',(0.5,-0.025,-2.));
#10661=CARTESIAN_POINT('',(0.5,0.175,-1.75));
#10662=CARTESIAN_POINT('',(0.5,0.175,-2.));
#10663=CARTESIAN_POINT('',(0.5,0.,-1.75));
#10664=CARTESIAN_POINT('Origin',(0.6,-0.025,-1.75));
#10665=CARTESIAN_POINT('',(0.7,0.175,-1.75));
#10666=CARTESIAN_POINT('Origin',(0.6,0.175,-1.75));
#10667=CARTESIAN_POINT('',(0.7,0.,-1.75));
#10668=CARTESIAN_POINT('Origin',(0.7,-0.025,-1.75));
#10669=CARTESIAN_POINT('',(0.7,0.175,-1.75));
#10670=CARTESIAN_POINT('Origin',(0.,0.175,0.));
#10671=CARTESIAN_POINT('Origin',(0.9,-0.025,-2.));
#10672=CARTESIAN_POINT('',(0.9,0.175,-1.75));
#10673=CARTESIAN_POINT('',(0.9,0.175,-2.));
#10674=CARTESIAN_POINT('',(0.9,0.,-1.75));
#10675=CARTESIAN_POINT('Origin',(1.,-0.025,-1.75));
#10676=CARTESIAN_POINT('',(1.1,0.175,-1.75));
#10677=CARTESIAN_POINT('Origin',(1.,0.175,-1.75));
#10678=CARTESIAN_POINT('',(1.1,0.,-1.75));
#10679=CARTESIAN_POINT('Origin',(1.1,-0.025,-1.75));
#10680=CARTESIAN_POINT('',(1.1,0.175,-1.75));
#10681=CARTESIAN_POINT('Origin',(0.,0.175,0.));
#10682=CARTESIAN_POINT('Origin',(1.3,-0.025,-2.));
#10683=CARTESIAN_POINT('',(1.3,0.175,-1.75));
#10684=CARTESIAN_POINT('',(1.3,0.175,-2.));
#10685=CARTESIAN_POINT('',(1.3,0.,-1.75));
#10686=CARTESIAN_POINT('Origin',(1.4,-0.025,-1.75));
#10687=CARTESIAN_POINT('',(1.347001344202,0.175,-1.665199395736));
#10688=CARTESIAN_POINT('Origin',(1.4,0.175,-1.75));
#10689=CARTESIAN_POINT('',(1.347001344202,0.,-1.665199395736));
#10690=CARTESIAN_POINT('Origin',(1.5,-0.025,-1.818198051534));
#10691=CARTESIAN_POINT('',(1.5,0.175,-1.818198051534));
#10692=CARTESIAN_POINT('',(1.5,0.175,-1.818198051534));
#10693=CARTESIAN_POINT('',(1.5,0.,-1.818198051534));
#10694=CARTESIAN_POINT('Origin',(1.5,-0.025,-1.75));
#10695=CARTESIAN_POINT('',(1.5,0.175,-1.818198051534));
#10696=CARTESIAN_POINT('Origin',(0.,0.175,0.));
#10697=CARTESIAN_POINT('Origin',(2.,0.,2.));
#10698=CARTESIAN_POINT('',(2.,0.175,1.3));
#10699=CARTESIAN_POINT('',(2.,0.,1.3));
#10700=CARTESIAN_POINT('',(2.,0.175,1.1));
#10701=CARTESIAN_POINT('',(2.,0.,1.1));
#10702=CARTESIAN_POINT('',(2.,0.175,0.9));
#10703=CARTESIAN_POINT('',(2.,0.175,1.1));
#10704=CARTESIAN_POINT('',(2.,0.,0.9));
#10705=CARTESIAN_POINT('',(2.,0.175,0.7));
#10706=CARTESIAN_POINT('',(2.,0.,0.7));
#10707=CARTESIAN_POINT('',(2.,0.175,0.5));
#10708=CARTESIAN_POINT('',(2.,0.175,0.7));
#10709=CARTESIAN_POINT('',(2.,0.,0.5));
#10710=CARTESIAN_POINT('',(2.,0.175,0.3));
#10711=CARTESIAN_POINT('',(2.,0.,0.3));
#10712=CARTESIAN_POINT('',(2.,0.175,0.1));
#10713=CARTESIAN_POINT('',(2.,0.175,0.3));
#10714=CARTESIAN_POINT('',(2.,0.,0.1));
#10715=CARTESIAN_POINT('',(2.,0.175,-0.1));
#10716=CARTESIAN_POINT('',(2.,0.,-0.1));
#10717=CARTESIAN_POINT('',(2.,0.175,-0.3));
#10718=CARTESIAN_POINT('',(2.,0.175,-0.1));
#10719=CARTESIAN_POINT('',(2.,0.,-0.3));
#10720=CARTESIAN_POINT('',(2.,0.175,-0.5));
#10721=CARTESIAN_POINT('',(2.,0.,-0.5));
#10722=CARTESIAN_POINT('',(2.,0.175,-0.7));
#10723=CARTESIAN_POINT('',(2.,0.175,-0.5));
#10724=CARTESIAN_POINT('',(2.,0.,-0.7));
#10725=CARTESIAN_POINT('',(2.,0.175,-0.9));
#10726=CARTESIAN_POINT('',(2.,0.,-0.9));
#10727=CARTESIAN_POINT('',(2.,0.175,-1.1));
#10728=CARTESIAN_POINT('',(2.,0.175,-0.9));
#10729=CARTESIAN_POINT('',(2.,0.,-1.1));
#10730=CARTESIAN_POINT('',(2.,0.175,-1.3));
#10731=CARTESIAN_POINT('',(2.,0.,-1.3));
#10732=CARTESIAN_POINT('',(2.,0.175,-1.5));
#10733=CARTESIAN_POINT('',(2.,0.175,-1.3));
#10734=CARTESIAN_POINT('',(2.,0.,-1.5));
#10735=CARTESIAN_POINT('',(2.,0.975,2.));
#10736=CARTESIAN_POINT('',(2.,0.975,2.));
#10737=CARTESIAN_POINT('',(2.,0.,2.));
#10738=CARTESIAN_POINT('',(2.,0.175,1.5));
#10739=CARTESIAN_POINT('',(2.,0.,1.5));
#10740=CARTESIAN_POINT('',(2.,0.175,1.5));
#10741=CARTESIAN_POINT('',(2.,0.075,1.875));
#10742=CARTESIAN_POINT('',(2.,0.075,1.725));
#10743=CARTESIAN_POINT('',(2.,0.075,1.875));
#10744=CARTESIAN_POINT('',(2.,0.175,1.875));
#10745=CARTESIAN_POINT('',(2.,0.075,1.875));
#10746=CARTESIAN_POINT('',(2.,0.175,1.725));
#10747=CARTESIAN_POINT('',(2.,0.175,1.875));
#10748=CARTESIAN_POINT('',(2.,0.075,1.725));
#10749=CARTESIAN_POINT('',(2.,0.075,-1.875));
#10750=CARTESIAN_POINT('',(2.,0.075,-1.725));
#10751=CARTESIAN_POINT('',(2.,0.075,-1.875));
#10752=CARTESIAN_POINT('',(2.,0.175,-1.725));
#10753=CARTESIAN_POINT('',(2.,0.075,-1.725));
#10754=CARTESIAN_POINT('',(2.,0.175,-1.875));
#10755=CARTESIAN_POINT('',(2.,0.175,-1.875));
#10756=CARTESIAN_POINT('',(2.,0.075,-1.875));
#10757=CARTESIAN_POINT('Origin',(2.,-0.025,1.3));
#10758=CARTESIAN_POINT('',(1.75,0.175,1.3));
#10759=CARTESIAN_POINT('',(2.,0.175,1.3));
#10760=CARTESIAN_POINT('',(1.75,0.,1.3));
#10761=CARTESIAN_POINT('Origin',(1.75,-0.025,1.4));
#10762=CARTESIAN_POINT('',(1.665199395736,0.175,1.347001344202));
#10763=CARTESIAN_POINT('Origin',(1.75,0.175,1.4));
#10764=CARTESIAN_POINT('',(1.665199395736,0.,1.347001344202));
#10765=CARTESIAN_POINT('Origin',(1.818198051534,-0.025,1.5));
#10766=CARTESIAN_POINT('',(1.818198051534,0.175,1.5));
#10767=CARTESIAN_POINT('',(1.818198051534,0.175,1.5));
#10768=CARTESIAN_POINT('',(1.818198051534,0.,1.5));
#10769=CARTESIAN_POINT('Origin',(1.75,-0.025,1.5));
#10770=CARTESIAN_POINT('',(1.818198051534,0.175,1.5));
#10771=CARTESIAN_POINT('Origin',(0.,0.175,0.));
#10772=CARTESIAN_POINT('Origin',(-2.,0.,2.));
#10773=CARTESIAN_POINT('',(-1.5,0.175,2.));
#10774=CARTESIAN_POINT('',(-1.3,0.175,2.));
#10775=CARTESIAN_POINT('',(-1.5,0.175,2.));
#10776=CARTESIAN_POINT('',(-1.3,0.,2.));
#10777=CARTESIAN_POINT('',(-1.1,0.175,2.));
#10778=CARTESIAN_POINT('',(-1.1,0.,2.));
#10779=CARTESIAN_POINT('',(-0.9,0.175,2.));
#10780=CARTESIAN_POINT('',(-1.1,0.175,2.));
#10781=CARTESIAN_POINT('',(-0.9,0.,2.));
#10782=CARTESIAN_POINT('',(-0.7,0.175,2.));
#10783=CARTESIAN_POINT('',(-0.7,0.,2.));
#10784=CARTESIAN_POINT('',(-0.5,0.175,2.));
#10785=CARTESIAN_POINT('',(-0.7,0.175,2.));
#10786=CARTESIAN_POINT('',(-0.5,0.,2.));
#10787=CARTESIAN_POINT('',(-0.3,0.175,2.));
#10788=CARTESIAN_POINT('',(-0.3,0.,2.));
#10789=CARTESIAN_POINT('',(-0.1,0.175,2.));
#10790=CARTESIAN_POINT('',(-0.3,0.175,2.));
#10791=CARTESIAN_POINT('',(-0.1,0.,2.));
#10792=CARTESIAN_POINT('',(0.1,0.175,2.));
#10793=CARTESIAN_POINT('',(0.1,0.,2.));
#10794=CARTESIAN_POINT('',(0.3,0.175,2.));
#10795=CARTESIAN_POINT('',(0.1,0.175,2.));
#10796=CARTESIAN_POINT('',(0.3,0.,2.));
#10797=CARTESIAN_POINT('',(0.5,0.175,2.));
#10798=CARTESIAN_POINT('',(0.5,0.,2.));
#10799=CARTESIAN_POINT('',(0.7,0.175,2.));
#10800=CARTESIAN_POINT('',(0.5,0.175,2.));
#10801=CARTESIAN_POINT('',(0.7,0.,2.));
#10802=CARTESIAN_POINT('',(0.9,0.175,2.));
#10803=CARTESIAN_POINT('',(0.9,0.,2.));
#10804=CARTESIAN_POINT('',(1.1,0.175,2.));
#10805=CARTESIAN_POINT('',(0.9,0.175,2.));
#10806=CARTESIAN_POINT('',(1.1,0.,2.));
#10807=CARTESIAN_POINT('',(1.3,0.175,2.));
#10808=CARTESIAN_POINT('',(1.3,0.,2.));
#10809=CARTESIAN_POINT('',(1.5,0.175,2.));
#10810=CARTESIAN_POINT('',(1.3,0.175,2.));
#10811=CARTESIAN_POINT('',(1.5,0.,2.));
#10812=CARTESIAN_POINT('',(-2.,0.975,2.));
#10813=CARTESIAN_POINT('',(-2.,0.975,2.));
#10814=CARTESIAN_POINT('',(-2.,0.,2.));
#10815=CARTESIAN_POINT('',(-1.5,0.,2.));
#10816=CARTESIAN_POINT('',(-1.875,0.075,2.));
#10817=CARTESIAN_POINT('',(-1.725,0.075,2.));
#10818=CARTESIAN_POINT('',(-1.875,0.075,2.));
#10819=CARTESIAN_POINT('',(-1.875,0.175,2.));
#10820=CARTESIAN_POINT('',(-1.875,0.075,2.));
#10821=CARTESIAN_POINT('',(-1.725,0.175,2.));
#10822=CARTESIAN_POINT('',(-1.875,0.175,2.));
#10823=CARTESIAN_POINT('',(-1.725,0.075,2.));
#10824=CARTESIAN_POINT('',(1.875,0.075,2.));
#10825=CARTESIAN_POINT('',(1.725,0.075,2.));
#10826=CARTESIAN_POINT('',(1.875,0.075,2.));
#10827=CARTESIAN_POINT('',(1.725,0.175,2.));
#10828=CARTESIAN_POINT('',(1.725,0.075,2.));
#10829=CARTESIAN_POINT('',(1.875,0.175,2.));
#10830=CARTESIAN_POINT('',(1.875,0.175,2.));
#10831=CARTESIAN_POINT('',(1.875,0.075,2.));
#10832=CARTESIAN_POINT('Origin',(0.,0.175,0.));
#10833=CARTESIAN_POINT('',(-1.5,0.175,1.818198051534));
#10834=CARTESIAN_POINT('',(-1.5,0.175,2.));
#10835=CARTESIAN_POINT('',(-1.347001344202,0.175,1.665199395736));
#10836=CARTESIAN_POINT('',(-1.5,0.175,1.818198051534));
#10837=CARTESIAN_POINT('',(-1.3,0.175,1.75));
#10838=CARTESIAN_POINT('Origin',(-1.4,0.175,1.75));
#10839=CARTESIAN_POINT('',(-1.3,0.175,1.75));
#10840=CARTESIAN_POINT('Origin',(-1.3,-0.025,1.75));
#10841=CARTESIAN_POINT('',(-1.3,0.,1.75));
#10842=CARTESIAN_POINT('Origin',(-1.4,-0.025,1.75));
#10843=CARTESIAN_POINT('',(-1.347001344202,0.175,1.665199395736));
#10844=CARTESIAN_POINT('Origin',(-1.5,-0.025,1.818198051534));
#10845=CARTESIAN_POINT('',(-1.5,0.,1.818198051534));
#10846=CARTESIAN_POINT('Origin',(-1.5,-0.025,2.));
#10847=CARTESIAN_POINT('Origin',(-2.,0.,-2.));
#10848=CARTESIAN_POINT('',(-2.,0.175,1.5));
#10849=CARTESIAN_POINT('',(-2.,0.175,1.3));
#10850=CARTESIAN_POINT('',(-2.,0.175,1.5));
#10851=CARTESIAN_POINT('',(-2.,0.,1.5));
#10852=CARTESIAN_POINT('',(-2.,0.975,-2.));
#10853=CARTESIAN_POINT('',(-2.,0.175,-1.5));
#10854=CARTESIAN_POINT('',(-2.,0.,-1.5));
#10855=CARTESIAN_POINT('',(-2.,0.175,-1.3));
#10856=CARTESIAN_POINT('',(-2.,0.175,-1.3));
#10857=CARTESIAN_POINT('',(-2.,0.,-1.3));
#10858=CARTESIAN_POINT('',(-2.,0.175,-1.1));
#10859=CARTESIAN_POINT('',(-2.,0.,-1.1));
#10860=CARTESIAN_POINT('',(-2.,0.175,-0.9));
#10861=CARTESIAN_POINT('',(-2.,0.175,-0.9));
#10862=CARTESIAN_POINT('',(-2.,0.,-0.9));
#10863=CARTESIAN_POINT('',(-2.,0.175,-0.7));
#10864=CARTESIAN_POINT('',(-2.,0.,-0.7));
#10865=CARTESIAN_POINT('',(-2.,0.175,-0.5));
#10866=CARTESIAN_POINT('',(-2.,0.175,-0.5));
#10867=CARTESIAN_POINT('',(-2.,0.,-0.5));
#10868=CARTESIAN_POINT('',(-2.,0.175,-0.3));
#10869=CARTESIAN_POINT('',(-2.,0.,-0.3));
#10870=CARTESIAN_POINT('',(-2.,0.175,-0.1));
#10871=CARTESIAN_POINT('',(-2.,0.175,-0.1));
#10872=CARTESIAN_POINT('',(-2.,0.,-0.1));
#10873=CARTESIAN_POINT('',(-2.,0.175,0.1));
#10874=CARTESIAN_POINT('',(-2.,0.,0.1));
#10875=CARTESIAN_POINT('',(-2.,0.175,0.3));
#10876=CARTESIAN_POINT('',(-2.,0.175,0.3));
#10877=CARTESIAN_POINT('',(-2.,0.,0.3));
#10878=CARTESIAN_POINT('',(-2.,0.175,0.5));
#10879=CARTESIAN_POINT('',(-2.,0.,0.5));
#10880=CARTESIAN_POINT('',(-2.,0.175,0.7));
#10881=CARTESIAN_POINT('',(-2.,0.175,0.7));
#10882=CARTESIAN_POINT('',(-2.,0.,0.7));
#10883=CARTESIAN_POINT('',(-2.,0.175,0.9));
#10884=CARTESIAN_POINT('',(-2.,0.,0.9));
#10885=CARTESIAN_POINT('',(-2.,0.175,1.1));
#10886=CARTESIAN_POINT('',(-2.,0.175,1.1));
#10887=CARTESIAN_POINT('',(-2.,0.,1.1));
#10888=CARTESIAN_POINT('',(-2.,0.,1.3));
#10889=CARTESIAN_POINT('',(-2.,0.075,-1.875));
#10890=CARTESIAN_POINT('',(-2.,0.075,-1.725));
#10891=CARTESIAN_POINT('',(-2.,0.075,-1.875));
#10892=CARTESIAN_POINT('',(-2.,0.175,-1.875));
#10893=CARTESIAN_POINT('',(-2.,0.075,-1.875));
#10894=CARTESIAN_POINT('',(-2.,0.175,-1.725));
#10895=CARTESIAN_POINT('',(-2.,0.175,-1.875));
#10896=CARTESIAN_POINT('',(-2.,0.075,-1.725));
#10897=CARTESIAN_POINT('',(-2.,0.075,1.875));
#10898=CARTESIAN_POINT('',(-2.,0.075,1.725));
#10899=CARTESIAN_POINT('',(-2.,0.075,1.875));
#10900=CARTESIAN_POINT('',(-2.,0.175,1.725));
#10901=CARTESIAN_POINT('',(-2.,0.075,1.725));
#10902=CARTESIAN_POINT('',(-2.,0.175,1.875));
#10903=CARTESIAN_POINT('',(-2.,0.175,1.875));
#10904=CARTESIAN_POINT('',(-2.,0.075,1.875));
#10905=CARTESIAN_POINT('Origin',(0.,0.175,0.));
#10906=CARTESIAN_POINT('',(-1.75,0.175,1.3));
#10907=CARTESIAN_POINT('',(-2.,0.175,1.3));
#10908=CARTESIAN_POINT('',(-1.665199395736,0.175,1.347001344202));
#10909=CARTESIAN_POINT('Origin',(-1.75,0.175,1.4));
#10910=CARTESIAN_POINT('',(-1.818198051534,0.175,1.5));
#10911=CARTESIAN_POINT('',(-1.665199395736,0.175,1.347001344202));
#10912=CARTESIAN_POINT('',(-1.818198051534,0.175,1.5));
#10913=CARTESIAN_POINT('Origin',(-1.75,-0.025,1.5));
#10914=CARTESIAN_POINT('',(-1.818198051534,0.,1.5));
#10915=CARTESIAN_POINT('Origin',(-1.665199395736,-0.025,1.347001344202));
#10916=CARTESIAN_POINT('',(-1.665199395736,0.175,1.347001344202));
#10917=CARTESIAN_POINT('Origin',(-1.75,-0.025,1.4));
#10918=CARTESIAN_POINT('',(-1.75,0.,1.3));
#10919=CARTESIAN_POINT('Origin',(-2.,-0.025,1.3));
#10920=CARTESIAN_POINT('Origin',(-1.75,-0.025,1.1));
#10921=CARTESIAN_POINT('',(-1.75,0.175,1.1));
#10922=CARTESIAN_POINT('',(-1.75,0.175,1.1));
#10923=CARTESIAN_POINT('',(-1.75,0.,1.1));
#10924=CARTESIAN_POINT('Origin',(-1.75,-0.025,1.));
#10925=CARTESIAN_POINT('',(-1.75,0.175,0.9));
#10926=CARTESIAN_POINT('',(-1.75,0.,0.9));
#10927=CARTESIAN_POINT('Origin',(-1.75,0.175,1.));
#10928=CARTESIAN_POINT('Origin',(-2.,-0.025,0.9));
#10929=CARTESIAN_POINT('',(-2.,0.175,0.9));
#10930=CARTESIAN_POINT('Origin',(0.,0.175,0.));
#10931=CARTESIAN_POINT('Origin',(-1.75,-0.025,0.7));
#10932=CARTESIAN_POINT('',(-1.75,0.175,0.7));
#10933=CARTESIAN_POINT('',(-1.75,0.175,0.7));
#10934=CARTESIAN_POINT('',(-1.75,0.,0.7));
#10935=CARTESIAN_POINT('Origin',(-1.75,-0.025,0.6));
#10936=CARTESIAN_POINT('',(-1.75,0.175,0.5));
#10937=CARTESIAN_POINT('',(-1.75,0.,0.5));
#10938=CARTESIAN_POINT('Origin',(-1.75,0.175,0.6));
#10939=CARTESIAN_POINT('Origin',(-2.,-0.025,0.5));
#10940=CARTESIAN_POINT('',(-2.,0.175,0.5));
#10941=CARTESIAN_POINT('Origin',(0.,0.175,0.));
#10942=CARTESIAN_POINT('Origin',(-1.75,-0.025,0.3));
#10943=CARTESIAN_POINT('',(-1.75,0.175,0.3));
#10944=CARTESIAN_POINT('',(-1.75,0.175,0.3));
#10945=CARTESIAN_POINT('',(-1.75,0.,0.3));
#10946=CARTESIAN_POINT('Origin',(-1.75,-0.025,0.2));
#10947=CARTESIAN_POINT('',(-1.75,0.175,0.1));
#10948=CARTESIAN_POINT('',(-1.75,0.,0.1));
#10949=CARTESIAN_POINT('Origin',(-1.75,0.175,0.2));
#10950=CARTESIAN_POINT('Origin',(-2.,-0.025,0.1));
#10951=CARTESIAN_POINT('',(-2.,0.175,0.1));
#10952=CARTESIAN_POINT('Origin',(0.,0.175,0.));
#10953=CARTESIAN_POINT('Origin',(-1.75,-0.025,-0.1));
#10954=CARTESIAN_POINT('',(-1.75,0.175,-0.1));
#10955=CARTESIAN_POINT('',(-1.75,0.175,-0.1));
#10956=CARTESIAN_POINT('',(-1.75,0.,-0.1));
#10957=CARTESIAN_POINT('Origin',(-1.75,-0.025,-0.2));
#10958=CARTESIAN_POINT('',(-1.75,0.175,-0.3));
#10959=CARTESIAN_POINT('',(-1.75,0.,-0.3));
#10960=CARTESIAN_POINT('Origin',(-1.75,0.175,-0.2));
#10961=CARTESIAN_POINT('Origin',(-2.,-0.025,-0.3));
#10962=CARTESIAN_POINT('',(-2.,0.175,-0.3));
#10963=CARTESIAN_POINT('Origin',(0.,0.175,0.));
#10964=CARTESIAN_POINT('Origin',(-1.75,-0.025,-0.5));
#10965=CARTESIAN_POINT('',(-1.75,0.175,-0.5));
#10966=CARTESIAN_POINT('',(-1.75,0.175,-0.5));
#10967=CARTESIAN_POINT('',(-1.75,0.,-0.5));
#10968=CARTESIAN_POINT('Origin',(-1.75,-0.025,-0.6));
#10969=CARTESIAN_POINT('',(-1.75,0.175,-0.7));
#10970=CARTESIAN_POINT('',(-1.75,0.,-0.7));
#10971=CARTESIAN_POINT('Origin',(-1.75,0.175,-0.6));
#10972=CARTESIAN_POINT('Origin',(-2.,-0.025,-0.7));
#10973=CARTESIAN_POINT('',(-2.,0.175,-0.7));
#10974=CARTESIAN_POINT('Origin',(0.,0.175,0.));
#10975=CARTESIAN_POINT('Origin',(-1.75,-0.025,-0.9));
#10976=CARTESIAN_POINT('',(-1.75,0.175,-0.9));
#10977=CARTESIAN_POINT('',(-1.75,0.175,-0.9));
#10978=CARTESIAN_POINT('',(-1.75,0.,-0.9));
#10979=CARTESIAN_POINT('Origin',(-1.75,-0.025,-1.));
#10980=CARTESIAN_POINT('',(-1.75,0.175,-1.1));
#10981=CARTESIAN_POINT('',(-1.75,0.,-1.1));
#10982=CARTESIAN_POINT('Origin',(-1.75,0.175,-1.));
#10983=CARTESIAN_POINT('Origin',(-2.,-0.025,-1.1));
#10984=CARTESIAN_POINT('',(-2.,0.175,-1.1));
#10985=CARTESIAN_POINT('Origin',(0.,0.175,0.));
#10986=CARTESIAN_POINT('Origin',(-1.75,-0.025,-1.3));
#10987=CARTESIAN_POINT('',(-1.75,0.175,-1.3));
#10988=CARTESIAN_POINT('',(-1.75,0.175,-1.3));
#10989=CARTESIAN_POINT('',(-1.75,0.,-1.3));
#10990=CARTESIAN_POINT('Origin',(-1.75,-0.025,-1.4));
#10991=CARTESIAN_POINT('',(-1.665199395736,0.175,-1.347001344202));
#10992=CARTESIAN_POINT('Origin',(-1.75,0.175,-1.4));
#10993=CARTESIAN_POINT('',(-1.665199395736,0.175,-1.347001344202));
#10994=CARTESIAN_POINT('Origin',(-1.818198051534,-0.025,-1.5));
#10995=CARTESIAN_POINT('',(-1.818198051534,0.175,-1.5));
#10996=CARTESIAN_POINT('',(-1.818198051534,0.175,-1.5));
#10997=CARTESIAN_POINT('',(-1.818198051534,0.,-1.5));
#10998=CARTESIAN_POINT('Origin',(-2.,-0.025,-1.5));
#10999=CARTESIAN_POINT('',(-2.,0.175,-1.5));
#11000=CARTESIAN_POINT('Origin',(0.,0.175,0.));
#11001=CARTESIAN_POINT('Origin',(0.,0.975,0.));
#11002=CARTESIAN_POINT('Origin',(0.,0.075,0.));
#11003=CARTESIAN_POINT('',(-1.725,0.075,-1.725));
#11004=CARTESIAN_POINT('',(-2.,0.075,-1.725));
#11005=CARTESIAN_POINT('',(-1.725,0.075,-1.725));
#11006=CARTESIAN_POINT('',(-1.875,0.075,-1.875));
#11007=CARTESIAN_POINT('',(-1.875,0.075,-2.));
#11008=CARTESIAN_POINT('',(-1.875,0.075,-1.875));
#11009=CARTESIAN_POINT('Origin',(-1.875,0.075,-1.875));
#11010=CARTESIAN_POINT('',(-1.875,0.175,-1.875));
#11011=CARTESIAN_POINT('',(-1.875,0.075,-1.875));
#11012=CARTESIAN_POINT('',(-1.875,0.175,-1.875));
#11013=CARTESIAN_POINT('Origin',(0.,0.175,0.));
#11014=CARTESIAN_POINT('',(-1.875,0.175,-2.));
#11015=CARTESIAN_POINT('',(-1.725,0.175,-1.725));
#11016=CARTESIAN_POINT('',(-1.725,0.175,-1.725));
#11017=CARTESIAN_POINT('',(-2.,0.175,-1.725));
#11018=CARTESIAN_POINT('Origin',(-2.,0.075,-1.725));
#11019=CARTESIAN_POINT('',(-1.725,0.075,-1.725));
#11020=CARTESIAN_POINT('Origin',(-1.725,0.075,-1.725));
#11021=CARTESIAN_POINT('Origin',(-1.875,0.075,-2.));
#11022=CARTESIAN_POINT('Origin',(0.,0.075,0.));
#11023=CARTESIAN_POINT('',(-1.875,0.075,1.875));
#11024=CARTESIAN_POINT('',(-2.,0.075,1.875));
#11025=CARTESIAN_POINT('',(-1.875,0.075,1.875));
#11026=CARTESIAN_POINT('',(-1.725,0.075,1.725));
#11027=CARTESIAN_POINT('',(-1.725,0.075,2.));
#11028=CARTESIAN_POINT('',(-1.725,0.075,1.725));
#11029=CARTESIAN_POINT('Origin',(-1.725,0.075,1.725));
#11030=CARTESIAN_POINT('',(-1.725,0.175,1.725));
#11031=CARTESIAN_POINT('',(-1.725,0.075,1.725));
#11032=CARTESIAN_POINT('',(-1.725,0.175,1.725));
#11033=CARTESIAN_POINT('Origin',(0.,0.175,0.));
#11034=CARTESIAN_POINT('',(-1.725,0.175,2.));
#11035=CARTESIAN_POINT('',(-1.875,0.175,1.875));
#11036=CARTESIAN_POINT('',(-1.875,0.175,1.875));
#11037=CARTESIAN_POINT('',(-2.,0.175,1.875));
#11038=CARTESIAN_POINT('Origin',(-2.,0.075,1.875));
#11039=CARTESIAN_POINT('',(-1.875,0.075,1.875));
#11040=CARTESIAN_POINT('Origin',(-1.875,0.075,1.875));
#11041=CARTESIAN_POINT('Origin',(-1.725,0.075,2.));
#11042=CARTESIAN_POINT('Origin',(1.5,-0.025,1.75));
#11043=CARTESIAN_POINT('',(1.5,0.175,1.818198051534));
#11044=CARTESIAN_POINT('',(1.5,0.175,1.818198051534));
#11045=CARTESIAN_POINT('',(1.5,0.,1.818198051534));
#11046=CARTESIAN_POINT('Origin',(1.347001344202,-0.025,1.665199395736));
#11047=CARTESIAN_POINT('',(1.347001344202,0.175,1.665199395736));
#11048=CARTESIAN_POINT('',(1.347001344202,0.175,1.665199395736));
#11049=CARTESIAN_POINT('',(1.347001344202,0.175,1.665199395736));
#11050=CARTESIAN_POINT('Origin',(1.4,-0.025,1.75));
#11051=CARTESIAN_POINT('',(1.3,0.175,1.75));
#11052=CARTESIAN_POINT('',(1.3,0.,1.75));
#11053=CARTESIAN_POINT('Origin',(1.4,0.175,1.75));
#11054=CARTESIAN_POINT('Origin',(1.3,-0.025,2.));
#11055=CARTESIAN_POINT('',(1.3,0.175,2.));
#11056=CARTESIAN_POINT('Origin',(0.,0.175,0.));
#11057=CARTESIAN_POINT('Origin',(1.1,-0.025,1.75));
#11058=CARTESIAN_POINT('',(1.1,0.175,1.75));
#11059=CARTESIAN_POINT('',(1.1,0.175,1.75));
#11060=CARTESIAN_POINT('',(1.1,0.,1.75));
#11061=CARTESIAN_POINT('Origin',(1.,-0.025,1.75));
#11062=CARTESIAN_POINT('',(0.9,0.175,1.75));
#11063=CARTESIAN_POINT('',(0.9,0.,1.75));
#11064=CARTESIAN_POINT('Origin',(1.,0.175,1.75));
#11065=CARTESIAN_POINT('Origin',(0.9,-0.025,2.));
#11066=CARTESIAN_POINT('',(0.9,0.175,2.));
#11067=CARTESIAN_POINT('Origin',(0.,0.175,0.));
#11068=CARTESIAN_POINT('Origin',(0.7,-0.025,1.75));
#11069=CARTESIAN_POINT('',(0.7,0.175,1.75));
#11070=CARTESIAN_POINT('',(0.7,0.175,1.75));
#11071=CARTESIAN_POINT('',(0.7,0.,1.75));
#11072=CARTESIAN_POINT('Origin',(0.6,-0.025,1.75));
#11073=CARTESIAN_POINT('',(0.5,0.175,1.75));
#11074=CARTESIAN_POINT('',(0.5,0.,1.75));
#11075=CARTESIAN_POINT('Origin',(0.6,0.175,1.75));
#11076=CARTESIAN_POINT('Origin',(0.5,-0.025,2.));
#11077=CARTESIAN_POINT('',(0.5,0.175,2.));
#11078=CARTESIAN_POINT('Origin',(0.,0.175,0.));
#11079=CARTESIAN_POINT('Origin',(0.3,-0.025,1.75));
#11080=CARTESIAN_POINT('',(0.3,0.175,1.75));
#11081=CARTESIAN_POINT('',(0.3,0.175,1.75));
#11082=CARTESIAN_POINT('',(0.3,0.,1.75));
#11083=CARTESIAN_POINT('Origin',(0.2,-0.025,1.75));
#11084=CARTESIAN_POINT('',(0.1,0.175,1.75));
#11085=CARTESIAN_POINT('',(0.1,0.,1.75));
#11086=CARTESIAN_POINT('Origin',(0.2,0.175,1.75));
#11087=CARTESIAN_POINT('Origin',(0.1,-0.025,2.));
#11088=CARTESIAN_POINT('',(0.1,0.175,2.));
#11089=CARTESIAN_POINT('Origin',(0.,0.175,0.));
#11090=CARTESIAN_POINT('Origin',(-0.1,-0.025,1.75));
#11091=CARTESIAN_POINT('',(-0.1,0.175,1.75));
#11092=CARTESIAN_POINT('',(-0.1,0.175,1.75));
#11093=CARTESIAN_POINT('',(-0.1,0.,1.75));
#11094=CARTESIAN_POINT('Origin',(-0.2,-0.025,1.75));
#11095=CARTESIAN_POINT('',(-0.3,0.175,1.75));
#11096=CARTESIAN_POINT('',(-0.3,0.,1.75));
#11097=CARTESIAN_POINT('Origin',(-0.2,0.175,1.75));
#11098=CARTESIAN_POINT('Origin',(-0.3,-0.025,2.));
#11099=CARTESIAN_POINT('',(-0.3,0.175,2.));
#11100=CARTESIAN_POINT('Origin',(0.,0.175,0.));
#11101=CARTESIAN_POINT('Origin',(-0.5,-0.025,1.75));
#11102=CARTESIAN_POINT('',(-0.5,0.175,1.75));
#11103=CARTESIAN_POINT('',(-0.5,0.175,1.75));
#11104=CARTESIAN_POINT('',(-0.5,0.,1.75));
#11105=CARTESIAN_POINT('Origin',(-0.6,-0.025,1.75));
#11106=CARTESIAN_POINT('',(-0.7,0.175,1.75));
#11107=CARTESIAN_POINT('',(-0.7,0.,1.75));
#11108=CARTESIAN_POINT('Origin',(-0.6,0.175,1.75));
#11109=CARTESIAN_POINT('Origin',(-0.7,-0.025,2.));
#11110=CARTESIAN_POINT('',(-0.7,0.175,2.));
#11111=CARTESIAN_POINT('Origin',(0.,0.175,0.));
#11112=CARTESIAN_POINT('Origin',(-0.9,-0.025,1.75));
#11113=CARTESIAN_POINT('',(-0.9,0.175,1.75));
#11114=CARTESIAN_POINT('',(-0.9,0.175,1.75));
#11115=CARTESIAN_POINT('',(-0.9,0.,1.75));
#11116=CARTESIAN_POINT('Origin',(-1.,-0.025,1.75));
#11117=CARTESIAN_POINT('',(-1.1,0.175,1.75));
#11118=CARTESIAN_POINT('',(-1.1,0.,1.75));
#11119=CARTESIAN_POINT('Origin',(-1.,0.175,1.75));
#11120=CARTESIAN_POINT('Origin',(-1.1,-0.025,2.));
#11121=CARTESIAN_POINT('',(-1.1,0.175,2.));
#11122=CARTESIAN_POINT('Origin',(0.,0.175,0.));
#11123=CARTESIAN_POINT('Origin',(0.,0.075,0.));
#11124=CARTESIAN_POINT('',(1.875,0.075,1.875));
#11125=CARTESIAN_POINT('',(1.875,0.075,2.));
#11126=CARTESIAN_POINT('',(1.875,0.075,1.875));
#11127=CARTESIAN_POINT('',(1.725,0.075,1.725));
#11128=CARTESIAN_POINT('',(2.,0.075,1.725));
#11129=CARTESIAN_POINT('',(1.725,0.075,1.725));
#11130=CARTESIAN_POINT('Origin',(1.725,0.075,1.725));
#11131=CARTESIAN_POINT('',(1.725,0.175,1.725));
#11132=CARTESIAN_POINT('',(1.725,0.075,1.725));
#11133=CARTESIAN_POINT('',(1.725,0.175,1.725));
#11134=CARTESIAN_POINT('Origin',(0.,0.175,0.));
#11135=CARTESIAN_POINT('',(2.,0.175,1.725));
#11136=CARTESIAN_POINT('',(1.875,0.175,1.875));
#11137=CARTESIAN_POINT('',(1.875,0.175,1.875));
#11138=CARTESIAN_POINT('',(1.875,0.175,2.));
#11139=CARTESIAN_POINT('Origin',(1.875,0.075,2.));
#11140=CARTESIAN_POINT('',(1.875,0.075,1.875));
#11141=CARTESIAN_POINT('Origin',(1.875,0.075,1.875));
#11142=CARTESIAN_POINT('Origin',(2.,0.075,1.725));
#11143=CARTESIAN_POINT('Origin',(2.,-0.025,-1.5));
#11144=CARTESIAN_POINT('',(1.818198051534,0.175,-1.5));
#11145=CARTESIAN_POINT('',(2.,0.175,-1.5));
#11146=CARTESIAN_POINT('',(1.818198051534,0.,-1.5));
#11147=CARTESIAN_POINT('Origin',(1.665199395736,-0.025,-1.347001344202));
#11148=CARTESIAN_POINT('',(1.665199395736,0.175,-1.347001344202));
#11149=CARTESIAN_POINT('',(1.665199395736,0.175,-1.347001344202));
#11150=CARTESIAN_POINT('',(1.665199395736,0.,-1.347001344202));
#11151=CARTESIAN_POINT('Origin',(1.75,-0.025,-1.4));
#11152=CARTESIAN_POINT('',(1.75,0.175,-1.3));
#11153=CARTESIAN_POINT('',(1.75,0.,-1.3));
#11154=CARTESIAN_POINT('Origin',(1.75,0.175,-1.4));
#11155=CARTESIAN_POINT('Origin',(1.75,-0.025,-1.3));
#11156=CARTESIAN_POINT('',(1.75,0.175,-1.3));
#11157=CARTESIAN_POINT('Origin',(0.,0.175,0.));
#11158=CARTESIAN_POINT('Origin',(2.,-0.025,-1.1));
#11159=CARTESIAN_POINT('',(1.75,0.175,-1.1));
#11160=CARTESIAN_POINT('',(2.,0.175,-1.1));
#11161=CARTESIAN_POINT('',(1.75,0.,-1.1));
#11162=CARTESIAN_POINT('Origin',(1.75,-0.025,-1.));
#11163=CARTESIAN_POINT('',(1.75,0.175,-0.9));
#11164=CARTESIAN_POINT('Origin',(1.75,0.175,-1.));
#11165=CARTESIAN_POINT('',(1.75,0.,-0.9));
#11166=CARTESIAN_POINT('Origin',(1.75,-0.025,-0.9));
#11167=CARTESIAN_POINT('',(1.75,0.175,-0.9));
#11168=CARTESIAN_POINT('Origin',(0.,0.175,0.));
#11169=CARTESIAN_POINT('Origin',(2.,-0.025,-0.7));
#11170=CARTESIAN_POINT('',(1.75,0.175,-0.7));
#11171=CARTESIAN_POINT('',(2.,0.175,-0.7));
#11172=CARTESIAN_POINT('',(1.75,0.,-0.7));
#11173=CARTESIAN_POINT('Origin',(1.75,-0.025,-0.6));
#11174=CARTESIAN_POINT('',(1.75,0.175,-0.5));
#11175=CARTESIAN_POINT('Origin',(1.75,0.175,-0.6));
#11176=CARTESIAN_POINT('',(1.75,0.,-0.5));
#11177=CARTESIAN_POINT('Origin',(1.75,-0.025,-0.5));
#11178=CARTESIAN_POINT('',(1.75,0.175,-0.5));
#11179=CARTESIAN_POINT('Origin',(0.,0.175,0.));
#11180=CARTESIAN_POINT('Origin',(2.,-0.025,-0.3));
#11181=CARTESIAN_POINT('',(1.75,0.175,-0.3));
#11182=CARTESIAN_POINT('',(2.,0.175,-0.3));
#11183=CARTESIAN_POINT('',(1.75,0.,-0.3));
#11184=CARTESIAN_POINT('Origin',(1.75,-0.025,-0.2));
#11185=CARTESIAN_POINT('',(1.75,0.175,-0.1));
#11186=CARTESIAN_POINT('Origin',(1.75,0.175,-0.2));
#11187=CARTESIAN_POINT('',(1.75,0.,-0.1));
#11188=CARTESIAN_POINT('Origin',(1.75,-0.025,-0.1));
#11189=CARTESIAN_POINT('',(1.75,0.175,-0.1));
#11190=CARTESIAN_POINT('Origin',(0.,0.175,0.));
#11191=CARTESIAN_POINT('Origin',(2.,-0.025,0.1));
#11192=CARTESIAN_POINT('',(1.75,0.175,0.1));
#11193=CARTESIAN_POINT('',(2.,0.175,0.1));
#11194=CARTESIAN_POINT('',(1.75,0.,0.1));
#11195=CARTESIAN_POINT('Origin',(1.75,-0.025,0.2));
#11196=CARTESIAN_POINT('',(1.75,0.175,0.3));
#11197=CARTESIAN_POINT('Origin',(1.75,0.175,0.2));
#11198=CARTESIAN_POINT('',(1.75,0.,0.3));
#11199=CARTESIAN_POINT('Origin',(1.75,-0.025,0.3));
#11200=CARTESIAN_POINT('',(1.75,0.175,0.3));
#11201=CARTESIAN_POINT('Origin',(0.,0.175,0.));
#11202=CARTESIAN_POINT('Origin',(2.,-0.025,0.5));
#11203=CARTESIAN_POINT('',(1.75,0.175,0.5));
#11204=CARTESIAN_POINT('',(2.,0.175,0.5));
#11205=CARTESIAN_POINT('',(1.75,0.,0.5));
#11206=CARTESIAN_POINT('Origin',(1.75,-0.025,0.6));
#11207=CARTESIAN_POINT('',(1.75,0.175,0.7));
#11208=CARTESIAN_POINT('Origin',(1.75,0.175,0.6));
#11209=CARTESIAN_POINT('',(1.75,0.,0.7));
#11210=CARTESIAN_POINT('Origin',(1.75,-0.025,0.7));
#11211=CARTESIAN_POINT('',(1.75,0.175,0.7));
#11212=CARTESIAN_POINT('Origin',(0.,0.175,0.));
#11213=CARTESIAN_POINT('Origin',(2.,-0.025,0.9));
#11214=CARTESIAN_POINT('',(1.75,0.175,0.9));
#11215=CARTESIAN_POINT('',(2.,0.175,0.9));
#11216=CARTESIAN_POINT('',(1.75,0.,0.9));
#11217=CARTESIAN_POINT('Origin',(1.75,-0.025,1.));
#11218=CARTESIAN_POINT('',(1.75,0.175,1.1));
#11219=CARTESIAN_POINT('Origin',(1.75,0.175,1.));
#11220=CARTESIAN_POINT('',(1.75,0.,1.1));
#11221=CARTESIAN_POINT('Origin',(1.75,-0.025,1.1));
#11222=CARTESIAN_POINT('',(1.75,0.175,1.1));
#11223=CARTESIAN_POINT('Origin',(0.,0.175,0.));
#11224=CARTESIAN_POINT('Origin',(0.,0.075,0.));
#11225=CARTESIAN_POINT('',(1.875,0.075,-1.875));
#11226=CARTESIAN_POINT('',(2.,0.075,-1.875));
#11227=CARTESIAN_POINT('',(1.875,0.075,-1.875));
#11228=CARTESIAN_POINT('',(1.725,0.075,-1.725));
#11229=CARTESIAN_POINT('',(1.725,0.075,-2.));
#11230=CARTESIAN_POINT('',(1.725,0.075,-1.725));
#11231=CARTESIAN_POINT('Origin',(1.725,0.075,-1.725));
#11232=CARTESIAN_POINT('',(1.725,0.175,-1.725));
#11233=CARTESIAN_POINT('',(1.725,0.075,-1.725));
#11234=CARTESIAN_POINT('',(1.725,0.175,-1.725));
#11235=CARTESIAN_POINT('Origin',(0.,0.175,0.));
#11236=CARTESIAN_POINT('',(1.725,0.175,-2.));
#11237=CARTESIAN_POINT('',(1.875,0.175,-1.875));
#11238=CARTESIAN_POINT('',(1.875,0.175,-1.875));
#11239=CARTESIAN_POINT('',(2.,0.175,-1.875));
#11240=CARTESIAN_POINT('Origin',(2.,0.075,-1.875));
#11241=CARTESIAN_POINT('',(1.875,0.075,-1.875));
#11242=CARTESIAN_POINT('Origin',(1.875,0.075,-1.875));
#11243=CARTESIAN_POINT('Origin',(1.725,0.075,-2.));
#11244=CARTESIAN_POINT('',(0.,0.,0.));
#11245=CARTESIAN_POINT('Origin',(-1.225,0.05,-1.225));
#11246=CARTESIAN_POINT('',(-1.4,0.,-1.05));
#11247=CARTESIAN_POINT('',(-1.4,0.1,-1.05));
#11248=CARTESIAN_POINT('',(-1.4,0.,-1.05));
#11249=CARTESIAN_POINT('',(-1.05,0.1,-1.4));
#11250=CARTESIAN_POINT('',(-1.05,0.1,-1.4));
#11251=CARTESIAN_POINT('',(-1.05,0.,-1.4));
#11252=CARTESIAN_POINT('',(-1.05,0.,-1.4));
#11253=CARTESIAN_POINT('',(-1.4,0.,-1.05));
#11254=CARTESIAN_POINT('Origin',(-1.4,0.1,1.4));
#11255=CARTESIAN_POINT('',(-1.4,0.,1.4));
#11256=CARTESIAN_POINT('',(-1.4,0.,1.4));
#11257=CARTESIAN_POINT('',(-1.4,0.1,1.4));
#11258=CARTESIAN_POINT('',(-1.4,0.1,1.4));
#11259=CARTESIAN_POINT('',(-1.4,0.1,1.4));
#11260=CARTESIAN_POINT('Origin',(0.,0.1,0.));
#11261=CARTESIAN_POINT('',(-1.5,0.1,-1.5));
#11262=CARTESIAN_POINT('',(-1.5,0.1,1.5));
#11263=CARTESIAN_POINT('',(-1.5,0.1,-1.5));
#11264=CARTESIAN_POINT('',(1.5,0.1,-1.5));
#11265=CARTESIAN_POINT('',(1.5,0.1,-1.5));
#11266=CARTESIAN_POINT('',(1.5,0.1,1.5));
#11267=CARTESIAN_POINT('',(1.5,0.1,1.5));
#11268=CARTESIAN_POINT('',(-1.5,0.1,1.5));
#11269=CARTESIAN_POINT('',(1.4,0.1,1.4));
#11270=CARTESIAN_POINT('',(1.4,0.1,1.4));
#11271=CARTESIAN_POINT('',(1.4,0.1,-1.4));
#11272=CARTESIAN_POINT('',(1.4,0.1,-1.4));
#11273=CARTESIAN_POINT('',(-1.05,0.1,-1.4));
#11274=CARTESIAN_POINT('Origin',(-1.5,0.1,-1.5));
#11275=CARTESIAN_POINT('',(-1.5,0.2,1.5));
#11276=CARTESIAN_POINT('',(-1.5,0.1,1.5));
#11277=CARTESIAN_POINT('',(-1.5,0.2,-1.5));
#11278=CARTESIAN_POINT('',(-1.5,0.2,-1.5));
#11279=CARTESIAN_POINT('',(-1.5,0.1,-1.5));
#11280=CARTESIAN_POINT('Origin',(1.5,0.1,-1.5));
#11281=CARTESIAN_POINT('',(1.5,0.2,-1.5));
#11282=CARTESIAN_POINT('',(1.5,0.2,-1.5));
#11283=CARTESIAN_POINT('',(1.5,0.1,-1.5));
#11284=CARTESIAN_POINT('Origin',(1.5,0.1,1.5));
#11285=CARTESIAN_POINT('',(1.5,0.2,1.5));
#11286=CARTESIAN_POINT('',(1.5,0.2,1.5));
#11287=CARTESIAN_POINT('',(1.5,0.1,1.5));
#11288=CARTESIAN_POINT('Origin',(-1.5,0.1,1.5));
#11289=CARTESIAN_POINT('',(-1.5,0.2,1.5));
#11290=CARTESIAN_POINT('Origin',(0.,0.2,0.));
#11291=CARTESIAN_POINT('Origin',(-1.4,0.1,-1.4));
#11292=CARTESIAN_POINT('',(1.4,0.,-1.4));
#11293=CARTESIAN_POINT('',(1.4,0.1,-1.4));
#11294=CARTESIAN_POINT('',(-1.05,0.,-1.4));
#11295=CARTESIAN_POINT('Origin',(0.,0.,0.));
#11296=CARTESIAN_POINT('',(1.4,0.,1.4));
#11297=CARTESIAN_POINT('',(1.4,0.,-1.4));
#11298=CARTESIAN_POINT('',(1.4,0.,1.4));
#11299=CARTESIAN_POINT('Origin',(1.4,0.1,1.4));
#11300=CARTESIAN_POINT('',(1.4,0.1,1.4));
#11301=CARTESIAN_POINT('Origin',(1.4,0.1,-1.4));
#11302=CARTESIAN_POINT('Origin',(0.,0.,0.));
#11303=CARTESIAN_POINT('',(1.818198051534,0.,1.5));
#11304=CARTESIAN_POINT('',(1.665199395736,0.,1.347001344202));
#11305=CARTESIAN_POINT('',(1.818198051534,0.,1.5));
#11306=CARTESIAN_POINT('',(1.75,0.,1.3));
#11307=CARTESIAN_POINT('Origin',(1.75,0.,1.4));
#11308=CARTESIAN_POINT('',(2.,0.,1.3));
#11309=CARTESIAN_POINT('',(2.,0.,1.3));
#11310=CARTESIAN_POINT('',(2.,0.,1.5));
#11311=CARTESIAN_POINT('',(2.,0.,1.5));
#11312=CARTESIAN_POINT('',(1.818198051534,0.,1.5));
#11313=CARTESIAN_POINT('Origin',(1.818198051534,0.,1.5));
#11314=CARTESIAN_POINT('',(1.818198051534,0.2,1.5));
#11315=CARTESIAN_POINT('',(1.818198051534,0.,1.5));
#11316=CARTESIAN_POINT('',(1.665199395736,0.2,1.347001344202));
#11317=CARTESIAN_POINT('',(1.818198051534,0.2,1.5));
#11318=CARTESIAN_POINT('',(1.665199395736,0.,1.347001344202));
#11319=CARTESIAN_POINT('Origin',(1.75,0.,1.4));
#11320=CARTESIAN_POINT('',(1.75,0.2,1.3));
#11321=CARTESIAN_POINT('Origin',(1.75,0.2,1.4));
#11322=CARTESIAN_POINT('',(1.75,0.,1.3));
#11323=CARTESIAN_POINT('Origin',(2.,0.,1.3));
#11324=CARTESIAN_POINT('',(2.,0.2,1.3));
#11325=CARTESIAN_POINT('',(2.,0.2,1.3));
#11326=CARTESIAN_POINT('',(2.,0.,1.3));
#11327=CARTESIAN_POINT('Origin',(2.,0.,1.5));
#11328=CARTESIAN_POINT('',(2.,0.2,1.5));
#11329=CARTESIAN_POINT('',(2.,0.2,1.5));
#11330=CARTESIAN_POINT('',(2.,0.,1.5));
#11331=CARTESIAN_POINT('Origin',(1.75,0.,1.5));
#11332=CARTESIAN_POINT('',(1.818198051534,0.2,1.5));
#11333=CARTESIAN_POINT('Origin',(0.,0.2,0.));
#11334=CARTESIAN_POINT('Origin',(0.,0.,0.));
#11335=CARTESIAN_POINT('',(2.,0.,0.9));
#11336=CARTESIAN_POINT('',(1.75,0.,0.9));
#11337=CARTESIAN_POINT('',(2.,0.,0.9));
#11338=CARTESIAN_POINT('',(2.,0.,1.1));
#11339=CARTESIAN_POINT('',(2.,0.,1.1));
#11340=CARTESIAN_POINT('',(1.75,0.,1.1));
#11341=CARTESIAN_POINT('',(1.75,0.,1.1));
#11342=CARTESIAN_POINT('Origin',(1.75,0.,1.));
#11343=CARTESIAN_POINT('Origin',(2.,0.,0.9));
#11344=CARTESIAN_POINT('',(1.75,0.2,0.9));
#11345=CARTESIAN_POINT('',(1.75,0.,0.9));
#11346=CARTESIAN_POINT('',(2.,0.2,0.9));
#11347=CARTESIAN_POINT('',(2.,0.2,0.9));
#11348=CARTESIAN_POINT('',(2.,0.,0.9));
#11349=CARTESIAN_POINT('Origin',(2.,0.,1.1));
#11350=CARTESIAN_POINT('',(2.,0.2,1.1));
#11351=CARTESIAN_POINT('',(2.,0.2,1.1));
#11352=CARTESIAN_POINT('',(2.,0.,1.1));
#11353=CARTESIAN_POINT('Origin',(1.75,0.,1.1));
#11354=CARTESIAN_POINT('',(1.75,0.2,1.1));
#11355=CARTESIAN_POINT('',(1.75,0.2,1.1));
#11356=CARTESIAN_POINT('',(1.75,0.,1.1));
#11357=CARTESIAN_POINT('Origin',(1.75,0.,1.));
#11358=CARTESIAN_POINT('Origin',(1.75,0.2,1.));
#11359=CARTESIAN_POINT('Origin',(0.,0.2,0.));
#11360=CARTESIAN_POINT('Origin',(0.,0.,0.));
#11361=CARTESIAN_POINT('',(2.,0.,0.5));
#11362=CARTESIAN_POINT('',(1.75,0.,0.5));
#11363=CARTESIAN_POINT('',(2.,0.,0.5));
#11364=CARTESIAN_POINT('',(2.,0.,0.7));
#11365=CARTESIAN_POINT('',(2.,0.,0.7));
#11366=CARTESIAN_POINT('',(1.75,0.,0.7));
#11367=CARTESIAN_POINT('',(1.75,0.,0.7));
#11368=CARTESIAN_POINT('Origin',(1.75,0.,0.6));
#11369=CARTESIAN_POINT('Origin',(2.,0.,0.5));
#11370=CARTESIAN_POINT('',(1.75,0.2,0.5));
#11371=CARTESIAN_POINT('',(1.75,0.,0.5));
#11372=CARTESIAN_POINT('',(2.,0.2,0.5));
#11373=CARTESIAN_POINT('',(2.,0.2,0.5));
#11374=CARTESIAN_POINT('',(2.,0.,0.5));
#11375=CARTESIAN_POINT('Origin',(2.,0.,0.7));
#11376=CARTESIAN_POINT('',(2.,0.2,0.7));
#11377=CARTESIAN_POINT('',(2.,0.2,0.7));
#11378=CARTESIAN_POINT('',(2.,0.,0.7));
#11379=CARTESIAN_POINT('Origin',(1.75,0.,0.7));
#11380=CARTESIAN_POINT('',(1.75,0.2,0.7));
#11381=CARTESIAN_POINT('',(1.75,0.2,0.7));
#11382=CARTESIAN_POINT('',(1.75,0.,0.7));
#11383=CARTESIAN_POINT('Origin',(1.75,0.,0.6));
#11384=CARTESIAN_POINT('Origin',(1.75,0.2,0.6));
#11385=CARTESIAN_POINT('Origin',(0.,0.2,0.));
#11386=CARTESIAN_POINT('Origin',(0.,0.,0.));
#11387=CARTESIAN_POINT('',(2.,0.,0.1));
#11388=CARTESIAN_POINT('',(1.75,0.,0.1));
#11389=CARTESIAN_POINT('',(2.,0.,0.1));
#11390=CARTESIAN_POINT('',(2.,0.,0.3));
#11391=CARTESIAN_POINT('',(2.,0.,0.3));
#11392=CARTESIAN_POINT('',(1.75,0.,0.3));
#11393=CARTESIAN_POINT('',(1.75,0.,0.3));
#11394=CARTESIAN_POINT('Origin',(1.75,0.,0.2));
#11395=CARTESIAN_POINT('Origin',(2.,0.,0.1));
#11396=CARTESIAN_POINT('',(1.75,0.2,0.1));
#11397=CARTESIAN_POINT('',(1.75,0.,0.1));
#11398=CARTESIAN_POINT('',(2.,0.2,0.1));
#11399=CARTESIAN_POINT('',(2.,0.2,0.1));
#11400=CARTESIAN_POINT('',(2.,0.,0.1));
#11401=CARTESIAN_POINT('Origin',(2.,0.,0.3));
#11402=CARTESIAN_POINT('',(2.,0.2,0.3));
#11403=CARTESIAN_POINT('',(2.,0.2,0.3));
#11404=CARTESIAN_POINT('',(2.,0.,0.3));
#11405=CARTESIAN_POINT('Origin',(1.75,0.,0.3));
#11406=CARTESIAN_POINT('',(1.75,0.2,0.3));
#11407=CARTESIAN_POINT('',(1.75,0.2,0.3));
#11408=CARTESIAN_POINT('',(1.75,0.,0.3));
#11409=CARTESIAN_POINT('Origin',(1.75,0.,0.2));
#11410=CARTESIAN_POINT('Origin',(1.75,0.2,0.2));
#11411=CARTESIAN_POINT('Origin',(0.,0.2,0.));
#11412=CARTESIAN_POINT('Origin',(0.,0.,0.));
#11413=CARTESIAN_POINT('',(2.,0.,-0.3));
#11414=CARTESIAN_POINT('',(1.75,0.,-0.3));
#11415=CARTESIAN_POINT('',(2.,0.,-0.3));
#11416=CARTESIAN_POINT('',(2.,0.,-0.1));
#11417=CARTESIAN_POINT('',(2.,0.,-0.1));
#11418=CARTESIAN_POINT('',(1.75,0.,-0.1));
#11419=CARTESIAN_POINT('',(1.75,0.,-0.1));
#11420=CARTESIAN_POINT('Origin',(1.75,0.,-0.2));
#11421=CARTESIAN_POINT('Origin',(2.,0.,-0.3));
#11422=CARTESIAN_POINT('',(1.75,0.2,-0.3));
#11423=CARTESIAN_POINT('',(1.75,0.,-0.3));
#11424=CARTESIAN_POINT('',(2.,0.2,-0.3));
#11425=CARTESIAN_POINT('',(2.,0.2,-0.3));
#11426=CARTESIAN_POINT('',(2.,0.,-0.3));
#11427=CARTESIAN_POINT('Origin',(2.,0.,-0.1));
#11428=CARTESIAN_POINT('',(2.,0.2,-0.1));
#11429=CARTESIAN_POINT('',(2.,0.2,-0.1));
#11430=CARTESIAN_POINT('',(2.,0.,-0.1));
#11431=CARTESIAN_POINT('Origin',(1.75,0.,-0.1));
#11432=CARTESIAN_POINT('',(1.75,0.2,-0.1));
#11433=CARTESIAN_POINT('',(1.75,0.2,-0.1));
#11434=CARTESIAN_POINT('',(1.75,0.,-0.1));
#11435=CARTESIAN_POINT('Origin',(1.75,0.,-0.2));
#11436=CARTESIAN_POINT('Origin',(1.75,0.2,-0.2));
#11437=CARTESIAN_POINT('Origin',(0.,0.2,0.));
#11438=CARTESIAN_POINT('Origin',(0.,0.,0.));
#11439=CARTESIAN_POINT('',(-1.665199395736,0.,1.347001344202));
#11440=CARTESIAN_POINT('',(-1.818198051534,0.,1.5));
#11441=CARTESIAN_POINT('',(-1.665199395736,0.,1.347001344202));
#11442=CARTESIAN_POINT('',(-2.,0.,1.5));
#11443=CARTESIAN_POINT('',(-1.818198051534,0.,1.5));
#11444=CARTESIAN_POINT('',(-2.,0.,1.3));
#11445=CARTESIAN_POINT('',(-2.,0.,1.5));
#11446=CARTESIAN_POINT('',(-1.75,0.,1.3));
#11447=CARTESIAN_POINT('',(-2.,0.,1.3));
#11448=CARTESIAN_POINT('Origin',(-1.75,0.,1.4));
#11449=CARTESIAN_POINT('Origin',(-1.665199395736,0.,1.347001344202));
#11450=CARTESIAN_POINT('',(-1.665199395736,0.2,1.347001344202));
#11451=CARTESIAN_POINT('',(-1.665199395736,0.2,1.347001344202));
#11452=CARTESIAN_POINT('',(-1.818198051534,0.2,1.5));
#11453=CARTESIAN_POINT('',(-1.665199395736,0.2,1.347001344202));
#11454=CARTESIAN_POINT('',(-1.818198051534,0.,1.5));
#11455=CARTESIAN_POINT('Origin',(-1.75,0.,1.5));
#11456=CARTESIAN_POINT('',(-2.,0.2,1.5));
#11457=CARTESIAN_POINT('',(-1.818198051534,0.2,1.5));
#11458=CARTESIAN_POINT('',(-2.,0.,1.5));
#11459=CARTESIAN_POINT('Origin',(-2.,0.,1.5));
#11460=CARTESIAN_POINT('',(-2.,0.2,1.3));
#11461=CARTESIAN_POINT('',(-2.,0.2,1.5));
#11462=CARTESIAN_POINT('',(-2.,0.,1.3));
#11463=CARTESIAN_POINT('Origin',(-2.,0.,1.3));
#11464=CARTESIAN_POINT('',(-1.75,0.2,1.3));
#11465=CARTESIAN_POINT('',(-2.,0.2,1.3));
#11466=CARTESIAN_POINT('',(-1.75,0.,1.3));
#11467=CARTESIAN_POINT('Origin',(-1.75,0.,1.4));
#11468=CARTESIAN_POINT('Origin',(-1.75,0.2,1.4));
#11469=CARTESIAN_POINT('Origin',(0.,0.2,0.));
#11470=CARTESIAN_POINT('Origin',(0.,0.,0.));
#11471=CARTESIAN_POINT('',(-2.,0.,0.9));
#11472=CARTESIAN_POINT('',(-1.75,0.,0.9));
#11473=CARTESIAN_POINT('',(-2.,0.,0.9));
#11474=CARTESIAN_POINT('',(-1.75,0.,1.1));
#11475=CARTESIAN_POINT('Origin',(-1.75,0.,1.));
#11476=CARTESIAN_POINT('',(-2.,0.,1.1));
#11477=CARTESIAN_POINT('',(-1.75,0.,1.1));
#11478=CARTESIAN_POINT('',(-2.,0.,1.1));
#11479=CARTESIAN_POINT('Origin',(-2.,0.,0.9));
#11480=CARTESIAN_POINT('',(-2.,0.2,0.9));
#11481=CARTESIAN_POINT('',(-2.,0.,0.9));
#11482=CARTESIAN_POINT('',(-1.75,0.2,0.9));
#11483=CARTESIAN_POINT('',(-2.,0.2,0.9));
#11484=CARTESIAN_POINT('',(-1.75,0.,0.9));
#11485=CARTESIAN_POINT('Origin',(-1.75,0.,1.));
#11486=CARTESIAN_POINT('',(-1.75,0.2,1.1));
#11487=CARTESIAN_POINT('Origin',(-1.75,0.2,1.));
#11488=CARTESIAN_POINT('',(-1.75,0.,1.1));
#11489=CARTESIAN_POINT('Origin',(-1.75,0.,1.1));
#11490=CARTESIAN_POINT('',(-2.,0.2,1.1));
#11491=CARTESIAN_POINT('',(-1.75,0.2,1.1));
#11492=CARTESIAN_POINT('',(-2.,0.,1.1));
#11493=CARTESIAN_POINT('Origin',(-2.,0.,1.1));
#11494=CARTESIAN_POINT('',(-2.,0.2,1.1));
#11495=CARTESIAN_POINT('Origin',(0.,0.2,0.));
#11496=CARTESIAN_POINT('Origin',(0.,0.,0.));
#11497=CARTESIAN_POINT('',(-2.,0.,0.5));
#11498=CARTESIAN_POINT('',(-1.75,0.,0.5));
#11499=CARTESIAN_POINT('',(-2.,0.,0.5));
#11500=CARTESIAN_POINT('',(-1.75,0.,0.7));
#11501=CARTESIAN_POINT('Origin',(-1.75,0.,0.6));
#11502=CARTESIAN_POINT('',(-2.,0.,0.7));
#11503=CARTESIAN_POINT('',(-1.75,0.,0.7));
#11504=CARTESIAN_POINT('',(-2.,0.,0.7));
#11505=CARTESIAN_POINT('Origin',(-2.,0.,0.5));
#11506=CARTESIAN_POINT('',(-2.,0.2,0.5));
#11507=CARTESIAN_POINT('',(-2.,0.,0.5));
#11508=CARTESIAN_POINT('',(-1.75,0.2,0.5));
#11509=CARTESIAN_POINT('',(-2.,0.2,0.5));
#11510=CARTESIAN_POINT('',(-1.75,0.,0.5));
#11511=CARTESIAN_POINT('Origin',(-1.75,0.,0.6));
#11512=CARTESIAN_POINT('',(-1.75,0.2,0.7));
#11513=CARTESIAN_POINT('Origin',(-1.75,0.2,0.6));
#11514=CARTESIAN_POINT('',(-1.75,0.,0.7));
#11515=CARTESIAN_POINT('Origin',(-1.75,0.,0.7));
#11516=CARTESIAN_POINT('',(-2.,0.2,0.7));
#11517=CARTESIAN_POINT('',(-1.75,0.2,0.7));
#11518=CARTESIAN_POINT('',(-2.,0.,0.7));
#11519=CARTESIAN_POINT('Origin',(-2.,0.,0.7));
#11520=CARTESIAN_POINT('',(-2.,0.2,0.7));
#11521=CARTESIAN_POINT('Origin',(0.,0.2,0.));
#11522=CARTESIAN_POINT('Origin',(0.,0.,0.));
#11523=CARTESIAN_POINT('',(-2.,0.,0.1));
#11524=CARTESIAN_POINT('',(-1.75,0.,0.1));
#11525=CARTESIAN_POINT('',(-2.,0.,0.1));
#11526=CARTESIAN_POINT('',(-1.75,0.,0.3));
#11527=CARTESIAN_POINT('Origin',(-1.75,0.,0.2));
#11528=CARTESIAN_POINT('',(-2.,0.,0.3));
#11529=CARTESIAN_POINT('',(-1.75,0.,0.3));
#11530=CARTESIAN_POINT('',(-2.,0.,0.3));
#11531=CARTESIAN_POINT('Origin',(-2.,0.,0.1));
#11532=CARTESIAN_POINT('',(-2.,0.2,0.1));
#11533=CARTESIAN_POINT('',(-2.,0.,0.1));
#11534=CARTESIAN_POINT('',(-1.75,0.2,0.1));
#11535=CARTESIAN_POINT('',(-2.,0.2,0.1));
#11536=CARTESIAN_POINT('',(-1.75,0.,0.1));
#11537=CARTESIAN_POINT('Origin',(-1.75,0.,0.2));
#11538=CARTESIAN_POINT('',(-1.75,0.2,0.3));
#11539=CARTESIAN_POINT('Origin',(-1.75,0.2,0.2));
#11540=CARTESIAN_POINT('',(-1.75,0.,0.3));
#11541=CARTESIAN_POINT('Origin',(-1.75,0.,0.3));
#11542=CARTESIAN_POINT('',(-2.,0.2,0.3));
#11543=CARTESIAN_POINT('',(-1.75,0.2,0.3));
#11544=CARTESIAN_POINT('',(-2.,0.,0.3));
#11545=CARTESIAN_POINT('Origin',(-2.,0.,0.3));
#11546=CARTESIAN_POINT('',(-2.,0.2,0.3));
#11547=CARTESIAN_POINT('Origin',(0.,0.2,0.));
#11548=CARTESIAN_POINT('Origin',(0.,0.,0.));
#11549=CARTESIAN_POINT('',(-2.,0.,-0.3));
#11550=CARTESIAN_POINT('',(-1.75,0.,-0.3));
#11551=CARTESIAN_POINT('',(-2.,0.,-0.3));
#11552=CARTESIAN_POINT('',(-1.75,0.,-0.1));
#11553=CARTESIAN_POINT('Origin',(-1.75,0.,-0.2));
#11554=CARTESIAN_POINT('',(-2.,0.,-0.1));
#11555=CARTESIAN_POINT('',(-1.75,0.,-0.1));
#11556=CARTESIAN_POINT('',(-2.,0.,-0.1));
#11557=CARTESIAN_POINT('Origin',(-2.,0.,-0.3));
#11558=CARTESIAN_POINT('',(-2.,0.2,-0.3));
#11559=CARTESIAN_POINT('',(-2.,0.,-0.3));
#11560=CARTESIAN_POINT('',(-1.75,0.2,-0.3));
#11561=CARTESIAN_POINT('',(-2.,0.2,-0.3));
#11562=CARTESIAN_POINT('',(-1.75,0.,-0.3));
#11563=CARTESIAN_POINT('Origin',(-1.75,0.,-0.2));
#11564=CARTESIAN_POINT('',(-1.75,0.2,-0.1));
#11565=CARTESIAN_POINT('Origin',(-1.75,0.2,-0.2));
#11566=CARTESIAN_POINT('',(-1.75,0.,-0.1));
#11567=CARTESIAN_POINT('Origin',(-1.75,0.,-0.1));
#11568=CARTESIAN_POINT('',(-2.,0.2,-0.1));
#11569=CARTESIAN_POINT('',(-1.75,0.2,-0.1));
#11570=CARTESIAN_POINT('',(-2.,0.,-0.1));
#11571=CARTESIAN_POINT('Origin',(-2.,0.,-0.1));
#11572=CARTESIAN_POINT('',(-2.,0.2,-0.1));
#11573=CARTESIAN_POINT('Origin',(0.,0.2,0.));
#11574=CARTESIAN_POINT('Origin',(0.,0.,0.));
#11575=CARTESIAN_POINT('',(2.,0.,-0.7));
#11576=CARTESIAN_POINT('',(1.75,0.,-0.7));
#11577=CARTESIAN_POINT('',(2.,0.,-0.7));
#11578=CARTESIAN_POINT('',(2.,0.,-0.5));
#11579=CARTESIAN_POINT('',(2.,0.,-0.5));
#11580=CARTESIAN_POINT('',(1.75,0.,-0.5));
#11581=CARTESIAN_POINT('',(1.75,0.,-0.5));
#11582=CARTESIAN_POINT('Origin',(1.75,0.,-0.6));
#11583=CARTESIAN_POINT('Origin',(2.,0.,-0.7));
#11584=CARTESIAN_POINT('',(1.75,0.2,-0.7));
#11585=CARTESIAN_POINT('',(1.75,0.,-0.7));
#11586=CARTESIAN_POINT('',(2.,0.2,-0.7));
#11587=CARTESIAN_POINT('',(2.,0.2,-0.7));
#11588=CARTESIAN_POINT('',(2.,0.,-0.7));
#11589=CARTESIAN_POINT('Origin',(2.,0.,-0.5));
#11590=CARTESIAN_POINT('',(2.,0.2,-0.5));
#11591=CARTESIAN_POINT('',(2.,0.2,-0.5));
#11592=CARTESIAN_POINT('',(2.,0.,-0.5));
#11593=CARTESIAN_POINT('Origin',(1.75,0.,-0.5));
#11594=CARTESIAN_POINT('',(1.75,0.2,-0.5));
#11595=CARTESIAN_POINT('',(1.75,0.2,-0.5));
#11596=CARTESIAN_POINT('',(1.75,0.,-0.5));
#11597=CARTESIAN_POINT('Origin',(1.75,0.,-0.6));
#11598=CARTESIAN_POINT('Origin',(1.75,0.2,-0.6));
#11599=CARTESIAN_POINT('Origin',(0.,0.2,0.));
#11600=CARTESIAN_POINT('Origin',(0.,0.,0.));
#11601=CARTESIAN_POINT('',(2.,0.,-1.1));
#11602=CARTESIAN_POINT('',(1.75,0.,-1.1));
#11603=CARTESIAN_POINT('',(2.,0.,-1.1));
#11604=CARTESIAN_POINT('',(2.,0.,-0.9));
#11605=CARTESIAN_POINT('',(2.,0.,-0.9));
#11606=CARTESIAN_POINT('',(1.75,0.,-0.9));
#11607=CARTESIAN_POINT('',(1.75,0.,-0.9));
#11608=CARTESIAN_POINT('Origin',(1.75,0.,-1.));
#11609=CARTESIAN_POINT('Origin',(2.,0.,-1.1));
#11610=CARTESIAN_POINT('',(1.75,0.2,-1.1));
#11611=CARTESIAN_POINT('',(1.75,0.,-1.1));
#11612=CARTESIAN_POINT('',(2.,0.2,-1.1));
#11613=CARTESIAN_POINT('',(2.,0.2,-1.1));
#11614=CARTESIAN_POINT('',(2.,0.,-1.1));
#11615=CARTESIAN_POINT('Origin',(2.,0.,-0.9));
#11616=CARTESIAN_POINT('',(2.,0.2,-0.9));
#11617=CARTESIAN_POINT('',(2.,0.2,-0.9));
#11618=CARTESIAN_POINT('',(2.,0.,-0.9));
#11619=CARTESIAN_POINT('Origin',(1.75,0.,-0.9));
#11620=CARTESIAN_POINT('',(1.75,0.2,-0.9));
#11621=CARTESIAN_POINT('',(1.75,0.2,-0.9));
#11622=CARTESIAN_POINT('',(1.75,0.,-0.9));
#11623=CARTESIAN_POINT('Origin',(1.75,0.,-1.));
#11624=CARTESIAN_POINT('Origin',(1.75,0.2,-1.));
#11625=CARTESIAN_POINT('Origin',(0.,0.2,0.));
#11626=CARTESIAN_POINT('Origin',(0.,0.,0.));
#11627=CARTESIAN_POINT('',(1.665199395736,0.,-1.347001344202));
#11628=CARTESIAN_POINT('',(1.818198051534,0.,-1.5));
#11629=CARTESIAN_POINT('',(1.665199395736,0.,-1.347001344202));
#11630=CARTESIAN_POINT('',(2.,0.,-1.5));
#11631=CARTESIAN_POINT('',(2.,0.,-1.5));
#11632=CARTESIAN_POINT('',(2.,0.,-1.3));
#11633=CARTESIAN_POINT('',(2.,0.,-1.3));
#11634=CARTESIAN_POINT('',(1.75,0.,-1.3));
#11635=CARTESIAN_POINT('',(1.75,0.,-1.3));
#11636=CARTESIAN_POINT('Origin',(1.75,0.,-1.4));
#11637=CARTESIAN_POINT('Origin',(1.665199395736,0.,-1.347001344202));
#11638=CARTESIAN_POINT('',(1.665199395736,0.2,-1.347001344202));
#11639=CARTESIAN_POINT('',(1.665199395736,0.,-1.347001344202));
#11640=CARTESIAN_POINT('',(1.818198051534,0.2,-1.5));
#11641=CARTESIAN_POINT('',(1.665199395736,0.2,-1.347001344202));
#11642=CARTESIAN_POINT('',(1.818198051534,0.,-1.5));
#11643=CARTESIAN_POINT('Origin',(2.,0.,-1.5));
#11644=CARTESIAN_POINT('',(2.,0.2,-1.5));
#11645=CARTESIAN_POINT('',(2.,0.2,-1.5));
#11646=CARTESIAN_POINT('',(2.,0.,-1.5));
#11647=CARTESIAN_POINT('Origin',(2.,0.,-1.3));
#11648=CARTESIAN_POINT('',(2.,0.2,-1.3));
#11649=CARTESIAN_POINT('',(2.,0.2,-1.3));
#11650=CARTESIAN_POINT('',(2.,0.,-1.3));
#11651=CARTESIAN_POINT('Origin',(1.75,0.,-1.3));
#11652=CARTESIAN_POINT('',(1.75,0.2,-1.3));
#11653=CARTESIAN_POINT('',(1.75,0.2,-1.3));
#11654=CARTESIAN_POINT('',(1.75,0.,-1.3));
#11655=CARTESIAN_POINT('Origin',(1.75,0.,-1.4));
#11656=CARTESIAN_POINT('Origin',(1.75,0.2,-1.4));
#11657=CARTESIAN_POINT('Origin',(0.,0.2,0.));
#11658=CARTESIAN_POINT('Origin',(0.,0.,0.));
#11659=CARTESIAN_POINT('',(-2.,0.,-0.7));
#11660=CARTESIAN_POINT('',(-1.75,0.,-0.7));
#11661=CARTESIAN_POINT('',(-2.,0.,-0.7));
#11662=CARTESIAN_POINT('',(-1.75,0.,-0.5));
#11663=CARTESIAN_POINT('Origin',(-1.75,0.,-0.6));
#11664=CARTESIAN_POINT('',(-2.,0.,-0.5));
#11665=CARTESIAN_POINT('',(-1.75,0.,-0.5));
#11666=CARTESIAN_POINT('',(-2.,0.,-0.5));
#11667=CARTESIAN_POINT('Origin',(-2.,0.,-0.7));
#11668=CARTESIAN_POINT('',(-2.,0.2,-0.7));
#11669=CARTESIAN_POINT('',(-2.,0.,-0.7));
#11670=CARTESIAN_POINT('',(-1.75,0.2,-0.7));
#11671=CARTESIAN_POINT('',(-2.,0.2,-0.7));
#11672=CARTESIAN_POINT('',(-1.75,0.,-0.7));
#11673=CARTESIAN_POINT('Origin',(-1.75,0.,-0.6));
#11674=CARTESIAN_POINT('',(-1.75,0.2,-0.5));
#11675=CARTESIAN_POINT('Origin',(-1.75,0.2,-0.6));
#11676=CARTESIAN_POINT('',(-1.75,0.,-0.5));
#11677=CARTESIAN_POINT('Origin',(-1.75,0.,-0.5));
#11678=CARTESIAN_POINT('',(-2.,0.2,-0.5));
#11679=CARTESIAN_POINT('',(-1.75,0.2,-0.5));
#11680=CARTESIAN_POINT('',(-2.,0.,-0.5));
#11681=CARTESIAN_POINT('Origin',(-2.,0.,-0.5));
#11682=CARTESIAN_POINT('',(-2.,0.2,-0.5));
#11683=CARTESIAN_POINT('Origin',(0.,0.2,0.));
#11684=CARTESIAN_POINT('Origin',(0.,0.,0.));
#11685=CARTESIAN_POINT('',(-2.,0.,-1.1));
#11686=CARTESIAN_POINT('',(-1.75,0.,-1.1));
#11687=CARTESIAN_POINT('',(-2.,0.,-1.1));
#11688=CARTESIAN_POINT('',(-1.75,0.,-0.9));
#11689=CARTESIAN_POINT('Origin',(-1.75,0.,-1.));
#11690=CARTESIAN_POINT('',(-2.,0.,-0.9));
#11691=CARTESIAN_POINT('',(-1.75,0.,-0.9));
#11692=CARTESIAN_POINT('',(-2.,0.,-0.9));
#11693=CARTESIAN_POINT('Origin',(-2.,0.,-1.1));
#11694=CARTESIAN_POINT('',(-2.,0.2,-1.1));
#11695=CARTESIAN_POINT('',(-2.,0.,-1.1));
#11696=CARTESIAN_POINT('',(-1.75,0.2,-1.1));
#11697=CARTESIAN_POINT('',(-2.,0.2,-1.1));
#11698=CARTESIAN_POINT('',(-1.75,0.,-1.1));
#11699=CARTESIAN_POINT('Origin',(-1.75,0.,-1.));
#11700=CARTESIAN_POINT('',(-1.75,0.2,-0.9));
#11701=CARTESIAN_POINT('Origin',(-1.75,0.2,-1.));
#11702=CARTESIAN_POINT('',(-1.75,0.,-0.9));
#11703=CARTESIAN_POINT('Origin',(-1.75,0.,-0.9));
#11704=CARTESIAN_POINT('',(-2.,0.2,-0.9));
#11705=CARTESIAN_POINT('',(-1.75,0.2,-0.9));
#11706=CARTESIAN_POINT('',(-2.,0.,-0.9));
#11707=CARTESIAN_POINT('Origin',(-2.,0.,-0.9));
#11708=CARTESIAN_POINT('',(-2.,0.2,-0.9));
#11709=CARTESIAN_POINT('Origin',(0.,0.2,0.));
#11710=CARTESIAN_POINT('Origin',(0.,0.,0.));
#11711=CARTESIAN_POINT('',(-1.818198051534,0.,-1.5));
#11712=CARTESIAN_POINT('',(-1.665199395736,0.,-1.347001344202));
#11713=CARTESIAN_POINT('',(-1.818198051534,0.,-1.5));
#11714=CARTESIAN_POINT('',(-1.75,0.,-1.3));
#11715=CARTESIAN_POINT('Origin',(-1.75,0.,-1.4));
#11716=CARTESIAN_POINT('',(-2.,0.,-1.3));
#11717=CARTESIAN_POINT('',(-1.75,0.,-1.3));
#11718=CARTESIAN_POINT('',(-2.,0.,-1.5));
#11719=CARTESIAN_POINT('',(-2.,0.,-1.3));
#11720=CARTESIAN_POINT('',(-2.,0.,-1.5));
#11721=CARTESIAN_POINT('Origin',(-1.818198051534,0.,-1.5));
#11722=CARTESIAN_POINT('',(-1.818198051534,0.2,-1.5));
#11723=CARTESIAN_POINT('',(-1.818198051534,0.,-1.5));
#11724=CARTESIAN_POINT('',(-1.665199395736,0.2,-1.347001344202));
#11725=CARTESIAN_POINT('',(-1.818198051534,0.2,-1.5));
#11726=CARTESIAN_POINT('',(-1.665199395736,0.2,-1.347001344202));
#11727=CARTESIAN_POINT('Origin',(-1.75,0.,-1.4));
#11728=CARTESIAN_POINT('',(-1.75,0.2,-1.3));
#11729=CARTESIAN_POINT('Origin',(-1.75,0.2,-1.4));
#11730=CARTESIAN_POINT('',(-1.75,0.,-1.3));
#11731=CARTESIAN_POINT('Origin',(-1.75,0.,-1.3));
#11732=CARTESIAN_POINT('',(-2.,0.2,-1.3));
#11733=CARTESIAN_POINT('',(-1.75,0.2,-1.3));
#11734=CARTESIAN_POINT('',(-2.,0.,-1.3));
#11735=CARTESIAN_POINT('Origin',(-2.,0.,-1.3));
#11736=CARTESIAN_POINT('',(-2.,0.2,-1.5));
#11737=CARTESIAN_POINT('',(-2.,0.2,-1.3));
#11738=CARTESIAN_POINT('',(-2.,0.,-1.5));
#11739=CARTESIAN_POINT('Origin',(-2.,0.,-1.5));
#11740=CARTESIAN_POINT('',(-2.,0.2,-1.5));
#11741=CARTESIAN_POINT('Origin',(0.,0.2,0.));
#11742=CARTESIAN_POINT('Origin',(0.,0.,0.));
#11743=CARTESIAN_POINT('',(-1.347001344202,0.,-1.665199395736));
#11744=CARTESIAN_POINT('',(-1.5,0.,-1.818198051534));
#11745=CARTESIAN_POINT('',(-1.347001344202,0.,-1.665199395736));
#11746=CARTESIAN_POINT('',(-1.5,0.,-2.));
#11747=CARTESIAN_POINT('',(-1.5,0.,-2.));
#11748=CARTESIAN_POINT('',(-1.3,0.,-2.));
#11749=CARTESIAN_POINT('',(-1.3,0.,-2.));
#11750=CARTESIAN_POINT('',(-1.3,0.,-1.75));
#11751=CARTESIAN_POINT('',(-1.3,0.,-1.75));
#11752=CARTESIAN_POINT('Origin',(-1.4,0.,-1.75));
#11753=CARTESIAN_POINT('Origin',(-1.347001344202,0.,-1.665199395736));
#11754=CARTESIAN_POINT('',(-1.347001344202,0.2,-1.665199395736));
#11755=CARTESIAN_POINT('',(-1.347001344202,0.,-1.665199395736));
#11756=CARTESIAN_POINT('',(-1.5,0.2,-1.818198051534));
#11757=CARTESIAN_POINT('',(-1.347001344202,0.2,-1.665199395736));
#11758=CARTESIAN_POINT('',(-1.5,0.,-1.818198051534));
#11759=CARTESIAN_POINT('Origin',(-1.5,0.,-2.));
#11760=CARTESIAN_POINT('',(-1.5,0.2,-2.));
#11761=CARTESIAN_POINT('',(-1.5,0.2,-2.));
#11762=CARTESIAN_POINT('',(-1.5,0.,-2.));
#11763=CARTESIAN_POINT('Origin',(-1.3,0.,-2.));
#11764=CARTESIAN_POINT('',(-1.3,0.2,-2.));
#11765=CARTESIAN_POINT('',(-1.3,0.2,-2.));
#11766=CARTESIAN_POINT('',(-1.3,0.,-2.));
#11767=CARTESIAN_POINT('Origin',(-1.3,0.,-1.75));
#11768=CARTESIAN_POINT('',(-1.3,0.2,-1.75));
#11769=CARTESIAN_POINT('',(-1.3,0.2,-1.75));
#11770=CARTESIAN_POINT('',(-1.3,0.,-1.75));
#11771=CARTESIAN_POINT('Origin',(-1.4,0.,-1.75));
#11772=CARTESIAN_POINT('Origin',(-1.4,0.2,-1.75));
#11773=CARTESIAN_POINT('Origin',(0.,0.2,0.));
#11774=CARTESIAN_POINT('Origin',(0.,0.,0.));
#11775=CARTESIAN_POINT('',(-1.1,0.,-2.));
#11776=CARTESIAN_POINT('',(-1.1,0.,-1.75));
#11777=CARTESIAN_POINT('',(-1.1,0.,-2.));
#11778=CARTESIAN_POINT('',(-0.9,0.,-2.));
#11779=CARTESIAN_POINT('',(-0.9,0.,-2.));
#11780=CARTESIAN_POINT('',(-0.9,0.,-1.75));
#11781=CARTESIAN_POINT('',(-0.9,0.,-1.75));
#11782=CARTESIAN_POINT('Origin',(-1.,0.,-1.75));
#11783=CARTESIAN_POINT('Origin',(-1.1,0.,-2.));
#11784=CARTESIAN_POINT('',(-1.1,0.2,-1.75));
#11785=CARTESIAN_POINT('',(-1.1,0.,-1.75));
#11786=CARTESIAN_POINT('',(-1.1,0.2,-2.));
#11787=CARTESIAN_POINT('',(-1.1,0.2,-2.));
#11788=CARTESIAN_POINT('',(-1.1,0.,-2.));
#11789=CARTESIAN_POINT('Origin',(-0.9,0.,-2.));
#11790=CARTESIAN_POINT('',(-0.9,0.2,-2.));
#11791=CARTESIAN_POINT('',(-0.9,0.2,-2.));
#11792=CARTESIAN_POINT('',(-0.9,0.,-2.));
#11793=CARTESIAN_POINT('Origin',(-0.9,0.,-1.75));
#11794=CARTESIAN_POINT('',(-0.9,0.2,-1.75));
#11795=CARTESIAN_POINT('',(-0.9,0.2,-1.75));
#11796=CARTESIAN_POINT('',(-0.9,0.,-1.75));
#11797=CARTESIAN_POINT('Origin',(-1.,0.,-1.75));
#11798=CARTESIAN_POINT('Origin',(-1.,0.2,-1.75));
#11799=CARTESIAN_POINT('Origin',(0.,0.2,0.));
#11800=CARTESIAN_POINT('Origin',(0.,0.,0.));
#11801=CARTESIAN_POINT('',(-0.7,0.,-2.));
#11802=CARTESIAN_POINT('',(-0.7,0.,-1.75));
#11803=CARTESIAN_POINT('',(-0.7,0.,-2.));
#11804=CARTESIAN_POINT('',(-0.5,0.,-2.));
#11805=CARTESIAN_POINT('',(-0.5,0.,-2.));
#11806=CARTESIAN_POINT('',(-0.5,0.,-1.75));
#11807=CARTESIAN_POINT('',(-0.5,0.,-1.75));
#11808=CARTESIAN_POINT('Origin',(-0.6,0.,-1.75));
#11809=CARTESIAN_POINT('Origin',(-0.7,0.,-2.));
#11810=CARTESIAN_POINT('',(-0.7,0.2,-1.75));
#11811=CARTESIAN_POINT('',(-0.7,0.,-1.75));
#11812=CARTESIAN_POINT('',(-0.7,0.2,-2.));
#11813=CARTESIAN_POINT('',(-0.7,0.2,-2.));
#11814=CARTESIAN_POINT('',(-0.7,0.,-2.));
#11815=CARTESIAN_POINT('Origin',(-0.5,0.,-2.));
#11816=CARTESIAN_POINT('',(-0.5,0.2,-2.));
#11817=CARTESIAN_POINT('',(-0.5,0.2,-2.));
#11818=CARTESIAN_POINT('',(-0.5,0.,-2.));
#11819=CARTESIAN_POINT('Origin',(-0.5,0.,-1.75));
#11820=CARTESIAN_POINT('',(-0.5,0.2,-1.75));
#11821=CARTESIAN_POINT('',(-0.5,0.2,-1.75));
#11822=CARTESIAN_POINT('',(-0.5,0.,-1.75));
#11823=CARTESIAN_POINT('Origin',(-0.6,0.,-1.75));
#11824=CARTESIAN_POINT('Origin',(-0.6,0.2,-1.75));
#11825=CARTESIAN_POINT('Origin',(0.,0.2,0.));
#11826=CARTESIAN_POINT('Origin',(0.,0.,0.));
#11827=CARTESIAN_POINT('',(-0.3,0.,-2.));
#11828=CARTESIAN_POINT('',(-0.3,0.,-1.75));
#11829=CARTESIAN_POINT('',(-0.3,0.,-2.));
#11830=CARTESIAN_POINT('',(-0.1,0.,-2.));
#11831=CARTESIAN_POINT('',(-0.1,0.,-2.));
#11832=CARTESIAN_POINT('',(-0.1,0.,-1.75));
#11833=CARTESIAN_POINT('',(-0.1,0.,-1.75));
#11834=CARTESIAN_POINT('Origin',(-0.2,0.,-1.75));
#11835=CARTESIAN_POINT('Origin',(-0.3,0.,-2.));
#11836=CARTESIAN_POINT('',(-0.3,0.2,-1.75));
#11837=CARTESIAN_POINT('',(-0.3,0.,-1.75));
#11838=CARTESIAN_POINT('',(-0.3,0.2,-2.));
#11839=CARTESIAN_POINT('',(-0.3,0.2,-2.));
#11840=CARTESIAN_POINT('',(-0.3,0.,-2.));
#11841=CARTESIAN_POINT('Origin',(-0.1,0.,-2.));
#11842=CARTESIAN_POINT('',(-0.1,0.2,-2.));
#11843=CARTESIAN_POINT('',(-0.1,0.2,-2.));
#11844=CARTESIAN_POINT('',(-0.1,0.,-2.));
#11845=CARTESIAN_POINT('Origin',(-0.1,0.,-1.75));
#11846=CARTESIAN_POINT('',(-0.1,0.2,-1.75));
#11847=CARTESIAN_POINT('',(-0.1,0.2,-1.75));
#11848=CARTESIAN_POINT('',(-0.1,0.,-1.75));
#11849=CARTESIAN_POINT('Origin',(-0.2,0.,-1.75));
#11850=CARTESIAN_POINT('Origin',(-0.2,0.2,-1.75));
#11851=CARTESIAN_POINT('Origin',(0.,0.2,0.));
#11852=CARTESIAN_POINT('Origin',(0.,0.,0.));
#11853=CARTESIAN_POINT('',(0.1,0.,-2.));
#11854=CARTESIAN_POINT('',(0.1,0.,-1.75));
#11855=CARTESIAN_POINT('',(0.1,0.,-2.));
#11856=CARTESIAN_POINT('',(0.3,0.,-2.));
#11857=CARTESIAN_POINT('',(0.3,0.,-2.));
#11858=CARTESIAN_POINT('',(0.3,0.,-1.75));
#11859=CARTESIAN_POINT('',(0.3,0.,-1.75));
#11860=CARTESIAN_POINT('Origin',(0.2,0.,-1.75));
#11861=CARTESIAN_POINT('Origin',(0.1,0.,-2.));
#11862=CARTESIAN_POINT('',(0.1,0.2,-1.75));
#11863=CARTESIAN_POINT('',(0.1,0.,-1.75));
#11864=CARTESIAN_POINT('',(0.1,0.2,-2.));
#11865=CARTESIAN_POINT('',(0.1,0.2,-2.));
#11866=CARTESIAN_POINT('',(0.1,0.,-2.));
#11867=CARTESIAN_POINT('Origin',(0.3,0.,-2.));
#11868=CARTESIAN_POINT('',(0.3,0.2,-2.));
#11869=CARTESIAN_POINT('',(0.3,0.2,-2.));
#11870=CARTESIAN_POINT('',(0.3,0.,-2.));
#11871=CARTESIAN_POINT('Origin',(0.3,0.,-1.75));
#11872=CARTESIAN_POINT('',(0.3,0.2,-1.75));
#11873=CARTESIAN_POINT('',(0.3,0.2,-1.75));
#11874=CARTESIAN_POINT('',(0.3,0.,-1.75));
#11875=CARTESIAN_POINT('Origin',(0.2,0.,-1.75));
#11876=CARTESIAN_POINT('Origin',(0.2,0.2,-1.75));
#11877=CARTESIAN_POINT('Origin',(0.,0.2,0.));
#11878=CARTESIAN_POINT('Origin',(0.,0.,0.));
#11879=CARTESIAN_POINT('',(0.5,0.,-2.));
#11880=CARTESIAN_POINT('',(0.5,0.,-1.75));
#11881=CARTESIAN_POINT('',(0.5,0.,-2.));
#11882=CARTESIAN_POINT('',(0.7,0.,-2.));
#11883=CARTESIAN_POINT('',(0.7,0.,-2.));
#11884=CARTESIAN_POINT('',(0.7,0.,-1.75));
#11885=CARTESIAN_POINT('',(0.7,0.,-1.75));
#11886=CARTESIAN_POINT('Origin',(0.6,0.,-1.75));
#11887=CARTESIAN_POINT('Origin',(0.5,0.,-2.));
#11888=CARTESIAN_POINT('',(0.5,0.2,-1.75));
#11889=CARTESIAN_POINT('',(0.5,0.,-1.75));
#11890=CARTESIAN_POINT('',(0.5,0.2,-2.));
#11891=CARTESIAN_POINT('',(0.5,0.2,-2.));
#11892=CARTESIAN_POINT('',(0.5,0.,-2.));
#11893=CARTESIAN_POINT('Origin',(0.7,0.,-2.));
#11894=CARTESIAN_POINT('',(0.7,0.2,-2.));
#11895=CARTESIAN_POINT('',(0.7,0.2,-2.));
#11896=CARTESIAN_POINT('',(0.7,0.,-2.));
#11897=CARTESIAN_POINT('Origin',(0.7,0.,-1.75));
#11898=CARTESIAN_POINT('',(0.7,0.2,-1.75));
#11899=CARTESIAN_POINT('',(0.7,0.2,-1.75));
#11900=CARTESIAN_POINT('',(0.7,0.,-1.75));
#11901=CARTESIAN_POINT('Origin',(0.6,0.,-1.75));
#11902=CARTESIAN_POINT('Origin',(0.6,0.2,-1.75));
#11903=CARTESIAN_POINT('Origin',(0.,0.2,0.));
#11904=CARTESIAN_POINT('Origin',(0.,0.,0.));
#11905=CARTESIAN_POINT('',(0.9,0.,-2.));
#11906=CARTESIAN_POINT('',(0.9,0.,-1.75));
#11907=CARTESIAN_POINT('',(0.9,0.,-2.));
#11908=CARTESIAN_POINT('',(1.1,0.,-2.));
#11909=CARTESIAN_POINT('',(1.1,0.,-2.));
#11910=CARTESIAN_POINT('',(1.1,0.,-1.75));
#11911=CARTESIAN_POINT('',(1.1,0.,-1.75));
#11912=CARTESIAN_POINT('Origin',(1.,0.,-1.75));
#11913=CARTESIAN_POINT('Origin',(0.9,0.,-2.));
#11914=CARTESIAN_POINT('',(0.9,0.2,-1.75));
#11915=CARTESIAN_POINT('',(0.9,0.,-1.75));
#11916=CARTESIAN_POINT('',(0.9,0.2,-2.));
#11917=CARTESIAN_POINT('',(0.9,0.2,-2.));
#11918=CARTESIAN_POINT('',(0.9,0.,-2.));
#11919=CARTESIAN_POINT('Origin',(1.1,0.,-2.));
#11920=CARTESIAN_POINT('',(1.1,0.2,-2.));
#11921=CARTESIAN_POINT('',(1.1,0.2,-2.));
#11922=CARTESIAN_POINT('',(1.1,0.,-2.));
#11923=CARTESIAN_POINT('Origin',(1.1,0.,-1.75));
#11924=CARTESIAN_POINT('',(1.1,0.2,-1.75));
#11925=CARTESIAN_POINT('',(1.1,0.2,-1.75));
#11926=CARTESIAN_POINT('',(1.1,0.,-1.75));
#11927=CARTESIAN_POINT('Origin',(1.,0.,-1.75));
#11928=CARTESIAN_POINT('Origin',(1.,0.2,-1.75));
#11929=CARTESIAN_POINT('Origin',(0.,0.2,0.));
#11930=CARTESIAN_POINT('Origin',(0.,0.,0.));
#11931=CARTESIAN_POINT('',(1.5,0.,-1.818198051534));
#11932=CARTESIAN_POINT('',(1.347001344202,0.,-1.665199395736));
#11933=CARTESIAN_POINT('',(1.5,0.,-1.818198051534));
#11934=CARTESIAN_POINT('',(1.3,0.,-1.75));
#11935=CARTESIAN_POINT('Origin',(1.4,0.,-1.75));
#11936=CARTESIAN_POINT('',(1.3,0.,-2.));
#11937=CARTESIAN_POINT('',(1.3,0.,-2.));
#11938=CARTESIAN_POINT('',(1.5,0.,-2.));
#11939=CARTESIAN_POINT('',(1.5,0.,-2.));
#11940=CARTESIAN_POINT('',(1.5,0.,-1.818198051534));
#11941=CARTESIAN_POINT('Origin',(1.5,0.,-1.818198051534));
#11942=CARTESIAN_POINT('',(1.5,0.2,-1.818198051534));
#11943=CARTESIAN_POINT('',(1.5,0.,-1.818198051534));
#11944=CARTESIAN_POINT('',(1.347001344202,0.2,-1.665199395736));
#11945=CARTESIAN_POINT('',(1.5,0.2,-1.818198051534));
#11946=CARTESIAN_POINT('',(1.347001344202,0.,-1.665199395736));
#11947=CARTESIAN_POINT('Origin',(1.4,0.,-1.75));
#11948=CARTESIAN_POINT('',(1.3,0.2,-1.75));
#11949=CARTESIAN_POINT('Origin',(1.4,0.2,-1.75));
#11950=CARTESIAN_POINT('',(1.3,0.,-1.75));
#11951=CARTESIAN_POINT('Origin',(1.3,0.,-2.));
#11952=CARTESIAN_POINT('',(1.3,0.2,-2.));
#11953=CARTESIAN_POINT('',(1.3,0.2,-2.));
#11954=CARTESIAN_POINT('',(1.3,0.,-2.));
#11955=CARTESIAN_POINT('Origin',(1.5,0.,-2.));
#11956=CARTESIAN_POINT('',(1.5,0.2,-2.));
#11957=CARTESIAN_POINT('',(1.5,0.2,-2.));
#11958=CARTESIAN_POINT('',(1.5,0.,-2.));
#11959=CARTESIAN_POINT('Origin',(1.5,0.,-1.75));
#11960=CARTESIAN_POINT('',(1.5,0.2,-1.818198051534));
#11961=CARTESIAN_POINT('Origin',(0.,0.2,0.));
#11962=CARTESIAN_POINT('Origin',(0.,0.,0.));
#11963=CARTESIAN_POINT('',(-1.5,0.,1.818198051534));
#11964=CARTESIAN_POINT('',(-1.347001344202,0.,1.665199395736));
#11965=CARTESIAN_POINT('',(-1.5,0.,1.818198051534));
#11966=CARTESIAN_POINT('',(-1.3,0.,1.75));
#11967=CARTESIAN_POINT('Origin',(-1.4,0.,1.75));
#11968=CARTESIAN_POINT('',(-1.3,0.,2.));
#11969=CARTESIAN_POINT('',(-1.3,0.,1.75));
#11970=CARTESIAN_POINT('',(-1.5,0.,2.));
#11971=CARTESIAN_POINT('',(-1.3,0.,2.));
#11972=CARTESIAN_POINT('',(-1.5,0.,2.));
#11973=CARTESIAN_POINT('Origin',(-1.5,0.,1.818198051534));
#11974=CARTESIAN_POINT('',(-1.5,0.2,1.818198051534));
#11975=CARTESIAN_POINT('',(-1.5,0.,1.818198051534));
#11976=CARTESIAN_POINT('',(-1.347001344202,0.2,1.665199395736));
#11977=CARTESIAN_POINT('',(-1.5,0.2,1.818198051534));
#11978=CARTESIAN_POINT('',(-1.347001344202,0.2,1.665199395736));
#11979=CARTESIAN_POINT('Origin',(-1.4,0.,1.75));
#11980=CARTESIAN_POINT('',(-1.3,0.2,1.75));
#11981=CARTESIAN_POINT('Origin',(-1.4,0.2,1.75));
#11982=CARTESIAN_POINT('',(-1.3,0.,1.75));
#11983=CARTESIAN_POINT('Origin',(-1.3,0.,1.75));
#11984=CARTESIAN_POINT('',(-1.3,0.2,2.));
#11985=CARTESIAN_POINT('',(-1.3,0.2,1.75));
#11986=CARTESIAN_POINT('',(-1.3,0.,2.));
#11987=CARTESIAN_POINT('Origin',(-1.3,0.,2.));
#11988=CARTESIAN_POINT('',(-1.5,0.2,2.));
#11989=CARTESIAN_POINT('',(-1.3,0.2,2.));
#11990=CARTESIAN_POINT('',(-1.5,0.,2.));
#11991=CARTESIAN_POINT('Origin',(-1.5,0.,2.));
#11992=CARTESIAN_POINT('',(-1.5,0.2,2.));
#11993=CARTESIAN_POINT('Origin',(0.,0.2,0.));
#11994=CARTESIAN_POINT('Origin',(0.,0.,0.));
#11995=CARTESIAN_POINT('',(-1.1,0.,2.));
#11996=CARTESIAN_POINT('',(-1.1,0.,1.75));
#11997=CARTESIAN_POINT('',(-1.1,0.,2.));
#11998=CARTESIAN_POINT('',(-0.9,0.,1.75));
#11999=CARTESIAN_POINT('Origin',(-1.,0.,1.75));
#12000=CARTESIAN_POINT('',(-0.9,0.,2.));
#12001=CARTESIAN_POINT('',(-0.9,0.,1.75));
#12002=CARTESIAN_POINT('',(-0.9,0.,2.));
#12003=CARTESIAN_POINT('Origin',(-1.1,0.,2.));
#12004=CARTESIAN_POINT('',(-1.1,0.2,2.));
#12005=CARTESIAN_POINT('',(-1.1,0.,2.));
#12006=CARTESIAN_POINT('',(-1.1,0.2,1.75));
#12007=CARTESIAN_POINT('',(-1.1,0.2,2.));
#12008=CARTESIAN_POINT('',(-1.1,0.,1.75));
#12009=CARTESIAN_POINT('Origin',(-1.,0.,1.75));
#12010=CARTESIAN_POINT('',(-0.9,0.2,1.75));
#12011=CARTESIAN_POINT('Origin',(-1.,0.2,1.75));
#12012=CARTESIAN_POINT('',(-0.9,0.,1.75));
#12013=CARTESIAN_POINT('Origin',(-0.9,0.,1.75));
#12014=CARTESIAN_POINT('',(-0.9,0.2,2.));
#12015=CARTESIAN_POINT('',(-0.9,0.2,1.75));
#12016=CARTESIAN_POINT('',(-0.9,0.,2.));
#12017=CARTESIAN_POINT('Origin',(-0.9,0.,2.));
#12018=CARTESIAN_POINT('',(-0.9,0.2,2.));
#12019=CARTESIAN_POINT('Origin',(0.,0.2,0.));
#12020=CARTESIAN_POINT('Origin',(0.,0.,0.));
#12021=CARTESIAN_POINT('',(-0.7,0.,2.));
#12022=CARTESIAN_POINT('',(-0.7,0.,1.75));
#12023=CARTESIAN_POINT('',(-0.7,0.,2.));
#12024=CARTESIAN_POINT('',(-0.5,0.,1.75));
#12025=CARTESIAN_POINT('Origin',(-0.6,0.,1.75));
#12026=CARTESIAN_POINT('',(-0.5,0.,2.));
#12027=CARTESIAN_POINT('',(-0.5,0.,1.75));
#12028=CARTESIAN_POINT('',(-0.5,0.,2.));
#12029=CARTESIAN_POINT('Origin',(-0.7,0.,2.));
#12030=CARTESIAN_POINT('',(-0.7,0.2,2.));
#12031=CARTESIAN_POINT('',(-0.7,0.,2.));
#12032=CARTESIAN_POINT('',(-0.7,0.2,1.75));
#12033=CARTESIAN_POINT('',(-0.7,0.2,2.));
#12034=CARTESIAN_POINT('',(-0.7,0.,1.75));
#12035=CARTESIAN_POINT('Origin',(-0.6,0.,1.75));
#12036=CARTESIAN_POINT('',(-0.5,0.2,1.75));
#12037=CARTESIAN_POINT('Origin',(-0.6,0.2,1.75));
#12038=CARTESIAN_POINT('',(-0.5,0.,1.75));
#12039=CARTESIAN_POINT('Origin',(-0.5,0.,1.75));
#12040=CARTESIAN_POINT('',(-0.5,0.2,2.));
#12041=CARTESIAN_POINT('',(-0.5,0.2,1.75));
#12042=CARTESIAN_POINT('',(-0.5,0.,2.));
#12043=CARTESIAN_POINT('Origin',(-0.5,0.,2.));
#12044=CARTESIAN_POINT('',(-0.5,0.2,2.));
#12045=CARTESIAN_POINT('Origin',(0.,0.2,0.));
#12046=CARTESIAN_POINT('Origin',(0.,0.,0.));
#12047=CARTESIAN_POINT('',(-0.3,0.,2.));
#12048=CARTESIAN_POINT('',(-0.3,0.,1.75));
#12049=CARTESIAN_POINT('',(-0.3,0.,2.));
#12050=CARTESIAN_POINT('',(-0.1,0.,1.75));
#12051=CARTESIAN_POINT('Origin',(-0.2,0.,1.75));
#12052=CARTESIAN_POINT('',(-0.1,0.,2.));
#12053=CARTESIAN_POINT('',(-0.1,0.,1.75));
#12054=CARTESIAN_POINT('',(-0.1,0.,2.));
#12055=CARTESIAN_POINT('Origin',(-0.3,0.,2.));
#12056=CARTESIAN_POINT('',(-0.3,0.2,2.));
#12057=CARTESIAN_POINT('',(-0.3,0.,2.));
#12058=CARTESIAN_POINT('',(-0.3,0.2,1.75));
#12059=CARTESIAN_POINT('',(-0.3,0.2,2.));
#12060=CARTESIAN_POINT('',(-0.3,0.,1.75));
#12061=CARTESIAN_POINT('Origin',(-0.2,0.,1.75));
#12062=CARTESIAN_POINT('',(-0.1,0.2,1.75));
#12063=CARTESIAN_POINT('Origin',(-0.2,0.2,1.75));
#12064=CARTESIAN_POINT('',(-0.1,0.,1.75));
#12065=CARTESIAN_POINT('Origin',(-0.1,0.,1.75));
#12066=CARTESIAN_POINT('',(-0.1,0.2,2.));
#12067=CARTESIAN_POINT('',(-0.1,0.2,1.75));
#12068=CARTESIAN_POINT('',(-0.1,0.,2.));
#12069=CARTESIAN_POINT('Origin',(-0.1,0.,2.));
#12070=CARTESIAN_POINT('',(-0.1,0.2,2.));
#12071=CARTESIAN_POINT('Origin',(0.,0.2,0.));
#12072=CARTESIAN_POINT('Origin',(0.,0.,0.));
#12073=CARTESIAN_POINT('',(0.1,0.,2.));
#12074=CARTESIAN_POINT('',(0.1,0.,1.75));
#12075=CARTESIAN_POINT('',(0.1,0.,2.));
#12076=CARTESIAN_POINT('',(0.3,0.,1.75));
#12077=CARTESIAN_POINT('Origin',(0.2,0.,1.75));
#12078=CARTESIAN_POINT('',(0.3,0.,2.));
#12079=CARTESIAN_POINT('',(0.3,0.,1.75));
#12080=CARTESIAN_POINT('',(0.3,0.,2.));
#12081=CARTESIAN_POINT('Origin',(0.1,0.,2.));
#12082=CARTESIAN_POINT('',(0.1,0.2,2.));
#12083=CARTESIAN_POINT('',(0.1,0.,2.));
#12084=CARTESIAN_POINT('',(0.1,0.2,1.75));
#12085=CARTESIAN_POINT('',(0.1,0.2,2.));
#12086=CARTESIAN_POINT('',(0.1,0.,1.75));
#12087=CARTESIAN_POINT('Origin',(0.2,0.,1.75));
#12088=CARTESIAN_POINT('',(0.3,0.2,1.75));
#12089=CARTESIAN_POINT('Origin',(0.2,0.2,1.75));
#12090=CARTESIAN_POINT('',(0.3,0.,1.75));
#12091=CARTESIAN_POINT('Origin',(0.3,0.,1.75));
#12092=CARTESIAN_POINT('',(0.3,0.2,2.));
#12093=CARTESIAN_POINT('',(0.3,0.2,1.75));
#12094=CARTESIAN_POINT('',(0.3,0.,2.));
#12095=CARTESIAN_POINT('Origin',(0.3,0.,2.));
#12096=CARTESIAN_POINT('',(0.3,0.2,2.));
#12097=CARTESIAN_POINT('Origin',(0.,0.2,0.));
#12098=CARTESIAN_POINT('Origin',(0.,0.,0.));
#12099=CARTESIAN_POINT('',(0.5,0.,2.));
#12100=CARTESIAN_POINT('',(0.5,0.,1.75));
#12101=CARTESIAN_POINT('',(0.5,0.,2.));
#12102=CARTESIAN_POINT('',(0.7,0.,1.75));
#12103=CARTESIAN_POINT('Origin',(0.6,0.,1.75));
#12104=CARTESIAN_POINT('',(0.7,0.,2.));
#12105=CARTESIAN_POINT('',(0.7,0.,1.75));
#12106=CARTESIAN_POINT('',(0.7,0.,2.));
#12107=CARTESIAN_POINT('Origin',(0.5,0.,2.));
#12108=CARTESIAN_POINT('',(0.5,0.2,2.));
#12109=CARTESIAN_POINT('',(0.5,0.,2.));
#12110=CARTESIAN_POINT('',(0.5,0.2,1.75));
#12111=CARTESIAN_POINT('',(0.5,0.2,2.));
#12112=CARTESIAN_POINT('',(0.5,0.,1.75));
#12113=CARTESIAN_POINT('Origin',(0.6,0.,1.75));
#12114=CARTESIAN_POINT('',(0.7,0.2,1.75));
#12115=CARTESIAN_POINT('Origin',(0.6,0.2,1.75));
#12116=CARTESIAN_POINT('',(0.7,0.,1.75));
#12117=CARTESIAN_POINT('Origin',(0.7,0.,1.75));
#12118=CARTESIAN_POINT('',(0.7,0.2,2.));
#12119=CARTESIAN_POINT('',(0.7,0.2,1.75));
#12120=CARTESIAN_POINT('',(0.7,0.,2.));
#12121=CARTESIAN_POINT('Origin',(0.7,0.,2.));
#12122=CARTESIAN_POINT('',(0.7,0.2,2.));
#12123=CARTESIAN_POINT('Origin',(0.,0.2,0.));
#12124=CARTESIAN_POINT('Origin',(0.,0.,0.));
#12125=CARTESIAN_POINT('',(0.9,0.,2.));
#12126=CARTESIAN_POINT('',(0.9,0.,1.75));
#12127=CARTESIAN_POINT('',(0.9,0.,2.));
#12128=CARTESIAN_POINT('',(1.1,0.,1.75));
#12129=CARTESIAN_POINT('Origin',(1.,0.,1.75));
#12130=CARTESIAN_POINT('',(1.1,0.,2.));
#12131=CARTESIAN_POINT('',(1.1,0.,1.75));
#12132=CARTESIAN_POINT('',(1.1,0.,2.));
#12133=CARTESIAN_POINT('Origin',(0.9,0.,2.));
#12134=CARTESIAN_POINT('',(0.9,0.2,2.));
#12135=CARTESIAN_POINT('',(0.9,0.,2.));
#12136=CARTESIAN_POINT('',(0.9,0.2,1.75));
#12137=CARTESIAN_POINT('',(0.9,0.2,2.));
#12138=CARTESIAN_POINT('',(0.9,0.,1.75));
#12139=CARTESIAN_POINT('Origin',(1.,0.,1.75));
#12140=CARTESIAN_POINT('',(1.1,0.2,1.75));
#12141=CARTESIAN_POINT('Origin',(1.,0.2,1.75));
#12142=CARTESIAN_POINT('',(1.1,0.,1.75));
#12143=CARTESIAN_POINT('Origin',(1.1,0.,1.75));
#12144=CARTESIAN_POINT('',(1.1,0.2,2.));
#12145=CARTESIAN_POINT('',(1.1,0.2,1.75));
#12146=CARTESIAN_POINT('',(1.1,0.,2.));
#12147=CARTESIAN_POINT('Origin',(1.1,0.,2.));
#12148=CARTESIAN_POINT('',(1.1,0.2,2.));
#12149=CARTESIAN_POINT('Origin',(0.,0.2,0.));
#12150=CARTESIAN_POINT('Origin',(0.,0.,0.));
#12151=CARTESIAN_POINT('',(1.347001344202,0.,1.665199395736));
#12152=CARTESIAN_POINT('',(1.5,0.,1.818198051534));
#12153=CARTESIAN_POINT('',(1.347001344202,0.,1.665199395736));
#12154=CARTESIAN_POINT('',(1.5,0.,2.));
#12155=CARTESIAN_POINT('',(1.5,0.,1.818198051534));
#12156=CARTESIAN_POINT('',(1.3,0.,2.));
#12157=CARTESIAN_POINT('',(1.5,0.,2.));
#12158=CARTESIAN_POINT('',(1.3,0.,1.75));
#12159=CARTESIAN_POINT('',(1.3,0.,2.));
#12160=CARTESIAN_POINT('Origin',(1.4,0.,1.75));
#12161=CARTESIAN_POINT('Origin',(1.347001344202,0.,1.665199395736));
#12162=CARTESIAN_POINT('',(1.347001344202,0.2,1.665199395736));
#12163=CARTESIAN_POINT('',(1.347001344202,0.2,1.665199395736));
#12164=CARTESIAN_POINT('',(1.5,0.2,1.818198051534));
#12165=CARTESIAN_POINT('',(1.347001344202,0.2,1.665199395736));
#12166=CARTESIAN_POINT('',(1.5,0.,1.818198051534));
#12167=CARTESIAN_POINT('Origin',(1.5,0.,1.75));
#12168=CARTESIAN_POINT('',(1.5,0.2,2.));
#12169=CARTESIAN_POINT('',(1.5,0.2,1.818198051534));
#12170=CARTESIAN_POINT('',(1.5,0.,2.));
#12171=CARTESIAN_POINT('Origin',(1.5,0.,2.));
#12172=CARTESIAN_POINT('',(1.3,0.2,2.));
#12173=CARTESIAN_POINT('',(1.5,0.2,2.));
#12174=CARTESIAN_POINT('',(1.3,0.,2.));
#12175=CARTESIAN_POINT('Origin',(1.3,0.,2.));
#12176=CARTESIAN_POINT('',(1.3,0.2,1.75));
#12177=CARTESIAN_POINT('',(1.3,0.2,2.));
#12178=CARTESIAN_POINT('',(1.3,0.,1.75));
#12179=CARTESIAN_POINT('Origin',(1.4,0.,1.75));
#12180=CARTESIAN_POINT('Origin',(1.4,0.2,1.75));
#12181=CARTESIAN_POINT('Origin',(0.,0.2,0.));
#12182=CARTESIAN_POINT('Origin',(0.,0.1,0.));
#12183=CARTESIAN_POINT('',(-1.875,0.1,-2.));
#12184=CARTESIAN_POINT('',(-1.875,0.1,-1.875));
#12185=CARTESIAN_POINT('',(-1.875,0.1,-2.));
#12186=CARTESIAN_POINT('',(-1.725,0.1,-2.));
#12187=CARTESIAN_POINT('',(-1.725,0.1,-2.));
#12188=CARTESIAN_POINT('',(-1.725,0.1,-1.725));
#12189=CARTESIAN_POINT('',(-1.725,0.1,-1.725));
#12190=CARTESIAN_POINT('',(-2.,0.1,-1.725));
#12191=CARTESIAN_POINT('',(-2.,0.1,-1.725));
#12192=CARTESIAN_POINT('',(-2.,0.1,-1.875));
#12193=CARTESIAN_POINT('',(-2.,0.1,-1.875));
#12194=CARTESIAN_POINT('',(-1.875,0.1,-1.875));
#12195=CARTESIAN_POINT('Origin',(-1.875,0.1,-2.));
#12196=CARTESIAN_POINT('',(-1.875,0.2,-1.875));
#12197=CARTESIAN_POINT('',(-1.875,0.1,-1.875));
#12198=CARTESIAN_POINT('',(-1.875,0.2,-2.));
#12199=CARTESIAN_POINT('',(-1.875,0.2,-2.));
#12200=CARTESIAN_POINT('',(-1.875,0.1,-2.));
#12201=CARTESIAN_POINT('Origin',(-1.725,0.1,-2.));
#12202=CARTESIAN_POINT('',(-1.725,0.2,-2.));
#12203=CARTESIAN_POINT('',(-1.725,0.2,-2.));
#12204=CARTESIAN_POINT('',(-1.725,0.1,-2.));
#12205=CARTESIAN_POINT('Origin',(-1.725,0.1,-1.725));
#12206=CARTESIAN_POINT('',(-1.725,0.2,-1.725));
#12207=CARTESIAN_POINT('',(-1.725,0.2,-1.725));
#12208=CARTESIAN_POINT('',(-1.725,0.1,-1.725));
#12209=CARTESIAN_POINT('Origin',(-2.,0.1,-1.725));
#12210=CARTESIAN_POINT('',(-2.,0.2,-1.725));
#12211=CARTESIAN_POINT('',(-2.,0.2,-1.725));
#12212=CARTESIAN_POINT('',(-2.,0.1,-1.725));
#12213=CARTESIAN_POINT('Origin',(-2.,0.1,-1.875));
#12214=CARTESIAN_POINT('',(-2.,0.2,-1.875));
#12215=CARTESIAN_POINT('',(-2.,0.2,-1.875));
#12216=CARTESIAN_POINT('',(-2.,0.1,-1.875));
#12217=CARTESIAN_POINT('Origin',(-1.875,0.1,-1.875));
#12218=CARTESIAN_POINT('',(-1.875,0.2,-1.875));
#12219=CARTESIAN_POINT('Origin',(0.,0.2,0.));
#12220=CARTESIAN_POINT('Origin',(0.,0.1,0.));
#12221=CARTESIAN_POINT('',(-2.,0.1,1.875));
#12222=CARTESIAN_POINT('',(-1.875,0.1,1.875));
#12223=CARTESIAN_POINT('',(-2.,0.1,1.875));
#12224=CARTESIAN_POINT('',(-2.,0.1,1.725));
#12225=CARTESIAN_POINT('',(-2.,0.1,1.725));
#12226=CARTESIAN_POINT('',(-1.725,0.1,1.725));
#12227=CARTESIAN_POINT('',(-1.725,0.1,1.725));
#12228=CARTESIAN_POINT('',(-1.725,0.1,2.));
#12229=CARTESIAN_POINT('',(-1.725,0.1,2.));
#12230=CARTESIAN_POINT('',(-1.875,0.1,2.));
#12231=CARTESIAN_POINT('',(-1.875,0.1,2.));
#12232=CARTESIAN_POINT('',(-1.875,0.1,1.875));
#12233=CARTESIAN_POINT('Origin',(-2.,0.1,1.875));
#12234=CARTESIAN_POINT('',(-1.875,0.2,1.875));
#12235=CARTESIAN_POINT('',(-1.875,0.1,1.875));
#12236=CARTESIAN_POINT('',(-2.,0.2,1.875));
#12237=CARTESIAN_POINT('',(-2.,0.2,1.875));
#12238=CARTESIAN_POINT('',(-2.,0.1,1.875));
#12239=CARTESIAN_POINT('Origin',(-2.,0.1,1.725));
#12240=CARTESIAN_POINT('',(-2.,0.2,1.725));
#12241=CARTESIAN_POINT('',(-2.,0.2,1.725));
#12242=CARTESIAN_POINT('',(-2.,0.1,1.725));
#12243=CARTESIAN_POINT('Origin',(-1.725,0.1,1.725));
#12244=CARTESIAN_POINT('',(-1.725,0.2,1.725));
#12245=CARTESIAN_POINT('',(-1.725,0.2,1.725));
#12246=CARTESIAN_POINT('',(-1.725,0.1,1.725));
#12247=CARTESIAN_POINT('Origin',(-1.725,0.1,2.));
#12248=CARTESIAN_POINT('',(-1.725,0.2,2.));
#12249=CARTESIAN_POINT('',(-1.725,0.2,2.));
#12250=CARTESIAN_POINT('',(-1.725,0.1,2.));
#12251=CARTESIAN_POINT('Origin',(-1.875,0.1,2.));
#12252=CARTESIAN_POINT('',(-1.875,0.2,2.));
#12253=CARTESIAN_POINT('',(-1.875,0.2,2.));
#12254=CARTESIAN_POINT('',(-1.875,0.1,2.));
#12255=CARTESIAN_POINT('Origin',(-1.875,0.1,1.875));
#12256=CARTESIAN_POINT('',(-1.875,0.2,1.875));
#12257=CARTESIAN_POINT('Origin',(0.,0.2,0.));
#12258=CARTESIAN_POINT('Origin',(0.,0.1,0.));
#12259=CARTESIAN_POINT('',(1.875,0.1,2.));
#12260=CARTESIAN_POINT('',(1.875,0.1,1.875));
#12261=CARTESIAN_POINT('',(1.875,0.1,2.));
#12262=CARTESIAN_POINT('',(1.725,0.1,2.));
#12263=CARTESIAN_POINT('',(1.725,0.1,2.));
#12264=CARTESIAN_POINT('',(1.725,0.1,1.725));
#12265=CARTESIAN_POINT('',(1.725,0.1,1.725));
#12266=CARTESIAN_POINT('',(2.,0.1,1.725));
#12267=CARTESIAN_POINT('',(2.,0.1,1.725));
#12268=CARTESIAN_POINT('',(2.,0.1,1.875));
#12269=CARTESIAN_POINT('',(2.,0.1,1.875));
#12270=CARTESIAN_POINT('',(1.875,0.1,1.875));
#12271=CARTESIAN_POINT('Origin',(1.875,0.1,2.));
#12272=CARTESIAN_POINT('',(1.875,0.2,1.875));
#12273=CARTESIAN_POINT('',(1.875,0.1,1.875));
#12274=CARTESIAN_POINT('',(1.875,0.2,2.));
#12275=CARTESIAN_POINT('',(1.875,0.2,2.));
#12276=CARTESIAN_POINT('',(1.875,0.1,2.));
#12277=CARTESIAN_POINT('Origin',(1.725,0.1,2.));
#12278=CARTESIAN_POINT('',(1.725,0.2,2.));
#12279=CARTESIAN_POINT('',(1.725,0.2,2.));
#12280=CARTESIAN_POINT('',(1.725,0.1,2.));
#12281=CARTESIAN_POINT('Origin',(1.725,0.1,1.725));
#12282=CARTESIAN_POINT('',(1.725,0.2,1.725));
#12283=CARTESIAN_POINT('',(1.725,0.2,1.725));
#12284=CARTESIAN_POINT('',(1.725,0.1,1.725));
#12285=CARTESIAN_POINT('Origin',(2.,0.1,1.725));
#12286=CARTESIAN_POINT('',(2.,0.2,1.725));
#12287=CARTESIAN_POINT('',(2.,0.2,1.725));
#12288=CARTESIAN_POINT('',(2.,0.1,1.725));
#12289=CARTESIAN_POINT('Origin',(2.,0.1,1.875));
#12290=CARTESIAN_POINT('',(2.,0.2,1.875));
#12291=CARTESIAN_POINT('',(2.,0.2,1.875));
#12292=CARTESIAN_POINT('',(2.,0.1,1.875));
#12293=CARTESIAN_POINT('Origin',(1.875,0.1,1.875));
#12294=CARTESIAN_POINT('',(1.875,0.2,1.875));
#12295=CARTESIAN_POINT('Origin',(0.,0.2,0.));
#12296=CARTESIAN_POINT('Origin',(0.,0.1,0.));
#12297=CARTESIAN_POINT('',(2.,0.1,-1.875));
#12298=CARTESIAN_POINT('',(1.875,0.1,-1.875));
#12299=CARTESIAN_POINT('',(2.,0.1,-1.875));
#12300=CARTESIAN_POINT('',(2.,0.1,-1.725));
#12301=CARTESIAN_POINT('',(2.,0.1,-1.725));
#12302=CARTESIAN_POINT('',(1.725,0.1,-1.725));
#12303=CARTESIAN_POINT('',(1.725,0.1,-1.725));
#12304=CARTESIAN_POINT('',(1.725,0.1,-2.));
#12305=CARTESIAN_POINT('',(1.725,0.1,-2.));
#12306=CARTESIAN_POINT('',(1.875,0.1,-2.));
#12307=CARTESIAN_POINT('',(1.875,0.1,-2.));
#12308=CARTESIAN_POINT('',(1.875,0.1,-1.875));
#12309=CARTESIAN_POINT('Origin',(2.,0.1,-1.875));
#12310=CARTESIAN_POINT('',(1.875,0.2,-1.875));
#12311=CARTESIAN_POINT('',(1.875,0.1,-1.875));
#12312=CARTESIAN_POINT('',(2.,0.2,-1.875));
#12313=CARTESIAN_POINT('',(2.,0.2,-1.875));
#12314=CARTESIAN_POINT('',(2.,0.1,-1.875));
#12315=CARTESIAN_POINT('Origin',(2.,0.1,-1.725));
#12316=CARTESIAN_POINT('',(2.,0.2,-1.725));
#12317=CARTESIAN_POINT('',(2.,0.2,-1.725));
#12318=CARTESIAN_POINT('',(2.,0.1,-1.725));
#12319=CARTESIAN_POINT('Origin',(1.725,0.1,-1.725));
#12320=CARTESIAN_POINT('',(1.725,0.2,-1.725));
#12321=CARTESIAN_POINT('',(1.725,0.2,-1.725));
#12322=CARTESIAN_POINT('',(1.725,0.1,-1.725));
#12323=CARTESIAN_POINT('Origin',(1.725,0.1,-2.));
#12324=CARTESIAN_POINT('',(1.725,0.2,-2.));
#12325=CARTESIAN_POINT('',(1.725,0.2,-2.));
#12326=CARTESIAN_POINT('',(1.725,0.1,-2.));
#12327=CARTESIAN_POINT('Origin',(1.875,0.1,-2.));
#12328=CARTESIAN_POINT('',(1.875,0.2,-2.));
#12329=CARTESIAN_POINT('',(1.875,0.2,-2.));
#12330=CARTESIAN_POINT('',(1.875,0.1,-2.));
#12331=CARTESIAN_POINT('Origin',(1.875,0.1,-1.875));
#12332=CARTESIAN_POINT('',(1.875,0.2,-1.875));
#12333=CARTESIAN_POINT('Origin',(0.,0.2,0.));
#12334=CARTESIAN_POINT('Origin',(-1.7,1.7,0.91));
#12335=CARTESIAN_POINT('',(-1.575,1.7,1.01));
#12336=CARTESIAN_POINT('Origin',(-1.7,1.7,1.01));
#12337=CARTESIAN_POINT('',(-1.575,1.7,0.91));
#12338=CARTESIAN_POINT('',(-1.575,1.7,0.91));
#12339=CARTESIAN_POINT('Origin',(-1.7,1.7,0.91));
#12340=CARTESIAN_POINT('Origin',(-1.7,1.7,1.01));
#12341=CARTESIAN_POINT('Origin',(-1.7,1.7,0.91));
#12342=CARTESIAN_POINT('',(0.,0.,0.025));
#12343=CARTESIAN_POINT('',(0.,0.,0.));
#12344=UNCERTAINTY_MEASURE_WITH_UNIT(LENGTH_MEASURE(0.01),#12352,
'DISTANCE_ACCURACY_VALUE',
'Maximum model space distance between geometric entities at asserted c
onnectivities');
#12345=UNCERTAINTY_MEASURE_WITH_UNIT(LENGTH_MEASURE(0.01),#12352,
'DISTANCE_ACCURACY_VALUE',
'Maximum model space distance between geometric entities at asserted c
onnectivities');
#12346=UNCERTAINTY_MEASURE_WITH_UNIT(LENGTH_MEASURE(0.01),#12352,
'DISTANCE_ACCURACY_VALUE',
'Maximum model space distance between geometric entities at asserted c
onnectivities');
#12347=UNCERTAINTY_MEASURE_WITH_UNIT(LENGTH_MEASURE(0.01),#12352,
'DISTANCE_ACCURACY_VALUE',
'Maximum model space distance between geometric entities at asserted c
onnectivities');
#12348=(
GEOMETRIC_REPRESENTATION_CONTEXT(3)
GLOBAL_UNCERTAINTY_ASSIGNED_CONTEXT((#12344))
GLOBAL_UNIT_ASSIGNED_CONTEXT((#12352,#12354,#12355))
REPRESENTATION_CONTEXT('','3D')
);
#12349=(
GEOMETRIC_REPRESENTATION_CONTEXT(3)
GLOBAL_UNCERTAINTY_ASSIGNED_CONTEXT((#12345))
GLOBAL_UNIT_ASSIGNED_CONTEXT((#12352,#12354,#12355))
REPRESENTATION_CONTEXT('','3D')
);
#12350=(
GEOMETRIC_REPRESENTATION_CONTEXT(3)
GLOBAL_UNCERTAINTY_ASSIGNED_CONTEXT((#12346))
GLOBAL_UNIT_ASSIGNED_CONTEXT((#12352,#12354,#12355))
REPRESENTATION_CONTEXT('','3D')
);
#12351=(
GEOMETRIC_REPRESENTATION_CONTEXT(3)
GLOBAL_UNCERTAINTY_ASSIGNED_CONTEXT((#12347))
GLOBAL_UNIT_ASSIGNED_CONTEXT((#12352,#12354,#12355))
REPRESENTATION_CONTEXT('','3D')
);
#12352=(
LENGTH_UNIT()
NAMED_UNIT(*)
SI_UNIT(.MILLI.,.METRE.)
);
#12353=(
LENGTH_UNIT()
NAMED_UNIT(*)
SI_UNIT($,.METRE.)
);
#12354=(
NAMED_UNIT(*)
PLANE_ANGLE_UNIT()
SI_UNIT($,.RADIAN.)
);
#12355=(
NAMED_UNIT(*)
SI_UNIT($,.STERADIAN.)
SOLID_ANGLE_UNIT()
);
#12356=SHAPE_DEFINITION_REPRESENTATION(#12359,#12364);
#12357=SHAPE_DEFINITION_REPRESENTATION(#12360,#12365);
#12358=SHAPE_DEFINITION_REPRESENTATION(#12361,#12366);
#12359=PRODUCT_DEFINITION_SHAPE('',$,#12368);
#12360=PRODUCT_DEFINITION_SHAPE('',$,#12369);
#12361=PRODUCT_DEFINITION_SHAPE('',$,#12370);
#12362=PRODUCT_DEFINITION_SHAPE($,$,#17);
#12363=PRODUCT_DEFINITION_SHAPE($,$,#18);
#12364=SHAPE_REPRESENTATION('',(#7624,#8181,#8182),#12348);
#12365=SHAPE_REPRESENTATION('',(#7625),#12349);
#12366=SHAPE_REPRESENTATION('',(#7867),#12350);
#12367=PRODUCT_DEFINITION_CONTEXT('part definition',#12378,'design');
#12368=PRODUCT_DEFINITION('RSM0032B_ASM','(Unsaved)',#12371,#12367);
#12369=PRODUCT_DEFINITION('BODY-QFN','BODY-QFN',#12372,#12367);
#12370=PRODUCT_DEFINITION('FRAME-RSM0032B','FRAME-RSM0032B',#12373,#12367);
#12371=PRODUCT_DEFINITION_FORMATION('',$,#12380);
#12372=PRODUCT_DEFINITION_FORMATION('',$,#12381);
#12373=PRODUCT_DEFINITION_FORMATION('',$,#12382);
#12374=PRODUCT_RELATED_PRODUCT_CATEGORY('(Unsaved)','(Unsaved)',(#12380));
#12375=PRODUCT_RELATED_PRODUCT_CATEGORY('BODY-QFN','BODY-QFN',(#12381));
#12376=PRODUCT_RELATED_PRODUCT_CATEGORY('FRAME-RSM0032B',
'FRAME-RSM0032B',(#12382));
#12377=APPLICATION_PROTOCOL_DEFINITION('international standard',
'automotive_design',2009,#12378);
#12378=APPLICATION_CONTEXT(
'Core Data for Automotive Mechanical Design Process');
#12379=PRODUCT_CONTEXT('part definition',#12378,'mechanical');
#12380=PRODUCT('RSM0032B_ASM','(Unsaved)',$,(#12379));
#12381=PRODUCT('BODY-QFN','BODY-QFN','NOT SPECIFIED',(#12379));
#12382=PRODUCT('FRAME-RSM0032B','FRAME-RSM0032B','NOT SPECIFIED',(#12379));
#12383=PRESENTATION_STYLE_ASSIGNMENT((#12388));
#12384=PRESENTATION_STYLE_ASSIGNMENT((#12389));
#12385=PRESENTATION_STYLE_ASSIGNMENT((#12390));
#12386=PRESENTATION_STYLE_ASSIGNMENT((#12391));
#12387=PRESENTATION_STYLE_ASSIGNMENT((#12392));
#12388=SURFACE_STYLE_USAGE(.BOTH.,#12393);
#12389=SURFACE_STYLE_USAGE(.BOTH.,#12394);
#12390=SURFACE_STYLE_USAGE(.BOTH.,#12395);
#12391=SURFACE_STYLE_USAGE(.BOTH.,#12396);
#12392=SURFACE_STYLE_USAGE(.BOTH.,#12397);
#12393=SURFACE_SIDE_STYLE('',(#12398));
#12394=SURFACE_SIDE_STYLE('',(#12399));
#12395=SURFACE_SIDE_STYLE('',(#12400));
#12396=SURFACE_SIDE_STYLE('',(#12401));
#12397=SURFACE_SIDE_STYLE('',(#12402));
#12398=SURFACE_STYLE_FILL_AREA(#12403);
#12399=SURFACE_STYLE_FILL_AREA(#12404);
#12400=SURFACE_STYLE_FILL_AREA(#12405);
#12401=SURFACE_STYLE_FILL_AREA(#12406);
#12402=SURFACE_STYLE_FILL_AREA(#12407);
#12403=FILL_AREA_STYLE('Steel - Satin',(#12408));
#12404=FILL_AREA_STYLE('ABS (White)',(#12409));
#12405=FILL_AREA_STYLE('Opaque(70,70,70)',(#12410));
#12406=FILL_AREA_STYLE('Opaque(230,230,230)',(#12411));
#12407=FILL_AREA_STYLE('Opaque(255,158,133)',(#12412));
#12408=FILL_AREA_STYLE_COLOUR('Steel - Satin',#12413);
#12409=FILL_AREA_STYLE_COLOUR('ABS (White)',#12414);
#12410=FILL_AREA_STYLE_COLOUR('Opaque(70,70,70)',#12415);
#12411=FILL_AREA_STYLE_COLOUR('Opaque(230,230,230)',#12416);
#12412=FILL_AREA_STYLE_COLOUR('Opaque(255,158,133)',#12417);
#12413=COLOUR_RGB('Steel - Satin',0.627450980392157,0.627450980392157,0.627450980392157);
#12414=COLOUR_RGB('ABS (White)',0.964705882352941,0.964705882352941,0.952941176470588);
#12415=COLOUR_RGB('Opaque(70,70,70)',0.274509803921569,0.274509803921569,
0.274509803921569);
#12416=COLOUR_RGB('Opaque(230,230,230)',0.901960784313726,0.901960784313726,
0.901960784313726);
#12417=COLOUR_RGB('Opaque(255,158,133)',1.,0.619607843137255,0.52156862745098);
ENDSEC;
END-ISO-10303-21;
