ISO-10303-21;
HEADER;
/* Generated by software containing ST-Developer
 * from STEP Tools, Inc. (www.steptools.com) 
 */

FILE_DESCRIPTION(
/* description */ ('FreeCAD Model'),
/* implementation_level */ '2;1');

FILE_NAME(
/* name */ 'YWP0012A.step',
/* time_stamp */ '2025-11-05T18:10:03+01:00',
/* author */ (''),
/* organization */ (''),
/* preprocessor_version */ 'ST-DEVELOPER v20.1',
/* originating_system */ 'Autodesk Translation Framework v14.17.0.0',
/* authorisation */ '');

FILE_SCHEMA (('AUTOMOTIVE_DESIGN { 1 0 10303 214 3 1 1 }'));
ENDSEC;

DATA;
#10=MECHANICAL_DESIGN_GEOMETRIC_PRESENTATION_REPRESENTATION('',(#124,#125,
#126,#127,#128,#129,#130,#131,#132,#133,#134,#135,#136,#137),#3292);
#11=ITEM_DEFINED_TRANSFORMATION($,$,#1986,#2167);
#12=ITEM_DEFINED_TRANSFORMATION($,$,#1993,#2168);
#13=(
REPRESENTATION_RELATIONSHIP($,$,#3306,#3305)
REPRESENTATION_RELATIONSHIP_WITH_TRANSFORMATION(#11)
SHAPE_REPRESENTATION_RELATIONSHIP()
);
#14=(
REPRESENTATION_RELATIONSHIP($,$,#3307,#3305)
REPRESENTATION_RELATIONSHIP_WITH_TRANSFORMATION(#12)
SHAPE_REPRESENTATION_RELATIONSHIP()
);
#15=CONTEXT_DEPENDENT_SHAPE_REPRESENTATION(#13,#3303);
#16=CONTEXT_DEPENDENT_SHAPE_REPRESENTATION(#14,#3304);
#17=NEXT_ASSEMBLY_USAGE_OCCURRENCE('Body:1','Body:1','Body:1',#3309,#3310,
'Body:1');
#18=NEXT_ASSEMBLY_USAGE_OCCURRENCE('Pins:1','Pins:1','Pins:1',#3309,#3311,
'Pins:1');
#19=CIRCLE('',#2163,0.0750000000000001);
#20=CIRCLE('',#2164,0.0750000000000001);
#21=ELLIPSE('',#1995,0.0565685424949238,0.04);
#22=ELLIPSE('',#1996,0.0565685424949238,0.04);
#23=ELLIPSE('',#1998,0.0565685424949238,0.04);
#24=ELLIPSE('',#2000,0.0565685424949238,0.04);
#25=ELLIPSE('',#2009,0.0565685424949238,0.04);
#26=ELLIPSE('',#2010,0.0565685424949238,0.04);
#27=ELLIPSE('',#2012,0.0565685424949238,0.04);
#28=ELLIPSE('',#2014,0.0565685424949238,0.04);
#29=ELLIPSE('',#2023,0.0565685424949238,0.04);
#30=ELLIPSE('',#2024,0.0565685424949238,0.04);
#31=ELLIPSE('',#2026,0.0565685424949238,0.04);
#32=ELLIPSE('',#2028,0.0565685424949238,0.04);
#33=ELLIPSE('',#2037,0.0565685424949238,0.04);
#34=ELLIPSE('',#2038,0.0565685424949238,0.04);
#35=ELLIPSE('',#2040,0.0565685424949238,0.04);
#36=ELLIPSE('',#2042,0.0565685424949238,0.04);
#37=ELLIPSE('',#2051,0.0565685424949238,0.04);
#38=ELLIPSE('',#2052,0.0565685424949238,0.04);
#39=ELLIPSE('',#2054,0.0565685424949238,0.04);
#40=ELLIPSE('',#2056,0.0565685424949238,0.04);
#41=ELLIPSE('',#2065,0.0565685424949238,0.04);
#42=ELLIPSE('',#2066,0.0565685424949238,0.04);
#43=ELLIPSE('',#2068,0.0565685424949238,0.04);
#44=ELLIPSE('',#2070,0.0565685424949238,0.04);
#45=ELLIPSE('',#2079,0.0565685424949238,0.04);
#46=ELLIPSE('',#2080,0.0565685424949238,0.04);
#47=ELLIPSE('',#2082,0.0565685424949238,0.04);
#48=ELLIPSE('',#2084,0.0565685424949238,0.04);
#49=ELLIPSE('',#2093,0.0565685424949238,0.04);
#50=ELLIPSE('',#2094,0.0565685424949238,0.04);
#51=ELLIPSE('',#2096,0.0565685424949238,0.04);
#52=ELLIPSE('',#2098,0.0565685424949238,0.04);
#53=ELLIPSE('',#2107,0.0565685424949238,0.04);
#54=ELLIPSE('',#2108,0.0565685424949238,0.04);
#55=ELLIPSE('',#2110,0.0565685424949238,0.04);
#56=ELLIPSE('',#2112,0.0565685424949238,0.04);
#57=ELLIPSE('',#2121,0.0565685424949238,0.04);
#58=ELLIPSE('',#2122,0.0565685424949238,0.04);
#59=ELLIPSE('',#2124,0.0565685424949238,0.04);
#60=ELLIPSE('',#2126,0.0565685424949238,0.04);
#61=ELLIPSE('',#2135,0.0565685424949238,0.04);
#62=ELLIPSE('',#2136,0.0565685424949238,0.04);
#63=ELLIPSE('',#2138,0.0565685424949238,0.04);
#64=ELLIPSE('',#2140,0.0565685424949238,0.04);
#65=ELLIPSE('',#2149,0.0565685424949238,0.04);
#66=ELLIPSE('',#2150,0.0565685424949238,0.04);
#67=ELLIPSE('',#2152,0.0565685424949238,0.04);
#68=ELLIPSE('',#2154,0.0565685424949238,0.04);
#69=CYLINDRICAL_SURFACE('',#1994,0.04);
#70=CYLINDRICAL_SURFACE('',#1997,0.04);
#71=CYLINDRICAL_SURFACE('',#1999,0.04);
#72=CYLINDRICAL_SURFACE('',#2001,0.04);
#73=CYLINDRICAL_SURFACE('',#2008,0.04);
#74=CYLINDRICAL_SURFACE('',#2011,0.04);
#75=CYLINDRICAL_SURFACE('',#2013,0.04);
#76=CYLINDRICAL_SURFACE('',#2015,0.04);
#77=CYLINDRICAL_SURFACE('',#2022,0.04);
#78=CYLINDRICAL_SURFACE('',#2025,0.04);
#79=CYLINDRICAL_SURFACE('',#2027,0.04);
#80=CYLINDRICAL_SURFACE('',#2029,0.04);
#81=CYLINDRICAL_SURFACE('',#2036,0.04);
#82=CYLINDRICAL_SURFACE('',#2039,0.04);
#83=CYLINDRICAL_SURFACE('',#2041,0.04);
#84=CYLINDRICAL_SURFACE('',#2043,0.04);
#85=CYLINDRICAL_SURFACE('',#2050,0.04);
#86=CYLINDRICAL_SURFACE('',#2053,0.04);
#87=CYLINDRICAL_SURFACE('',#2055,0.04);
#88=CYLINDRICAL_SURFACE('',#2057,0.04);
#89=CYLINDRICAL_SURFACE('',#2064,0.04);
#90=CYLINDRICAL_SURFACE('',#2067,0.04);
#91=CYLINDRICAL_SURFACE('',#2069,0.04);
#92=CYLINDRICAL_SURFACE('',#2071,0.04);
#93=CYLINDRICAL_SURFACE('',#2078,0.04);
#94=CYLINDRICAL_SURFACE('',#2081,0.04);
#95=CYLINDRICAL_SURFACE('',#2083,0.04);
#96=CYLINDRICAL_SURFACE('',#2085,0.04);
#97=CYLINDRICAL_SURFACE('',#2092,0.04);
#98=CYLINDRICAL_SURFACE('',#2095,0.04);
#99=CYLINDRICAL_SURFACE('',#2097,0.04);
#100=CYLINDRICAL_SURFACE('',#2099,0.04);
#101=CYLINDRICAL_SURFACE('',#2106,0.04);
#102=CYLINDRICAL_SURFACE('',#2109,0.04);
#103=CYLINDRICAL_SURFACE('',#2111,0.04);
#104=CYLINDRICAL_SURFACE('',#2113,0.04);
#105=CYLINDRICAL_SURFACE('',#2120,0.04);
#106=CYLINDRICAL_SURFACE('',#2123,0.04);
#107=CYLINDRICAL_SURFACE('',#2125,0.04);
#108=CYLINDRICAL_SURFACE('',#2127,0.04);
#109=CYLINDRICAL_SURFACE('',#2134,0.04);
#110=CYLINDRICAL_SURFACE('',#2137,0.04);
#111=CYLINDRICAL_SURFACE('',#2139,0.04);
#112=CYLINDRICAL_SURFACE('',#2141,0.04);
#113=CYLINDRICAL_SURFACE('',#2148,0.04);
#114=CYLINDRICAL_SURFACE('',#2151,0.04);
#115=CYLINDRICAL_SURFACE('',#2153,0.04);
#116=CYLINDRICAL_SURFACE('',#2155,0.04);
#117=CYLINDRICAL_SURFACE('',#2162,0.0750000000000001);
#118=SHAPE_REPRESENTATION_RELATIONSHIP('SRR','None',#3306,#121);
#119=SHAPE_REPRESENTATION_RELATIONSHIP('SRR','None',#3307,#122);
#120=SHAPE_REPRESENTATION_RELATIONSHIP('SRR','None',#3305,#123);
#121=ADVANCED_BREP_SHAPE_REPRESENTATION('',(#138),#3290);
#122=ADVANCED_BREP_SHAPE_REPRESENTATION('',(#139,#140,#141,#142,#143,#144,
#145,#146,#147,#148,#149,#150),#3291);
#123=ADVANCED_BREP_SHAPE_REPRESENTATION('',(#151),#3289);
#124=STYLED_ITEM('',(#3326),#138);
#125=STYLED_ITEM('',(#3327),#139);
#126=STYLED_ITEM('',(#3327),#140);
#127=STYLED_ITEM('',(#3327),#141);
#128=STYLED_ITEM('',(#3327),#142);
#129=STYLED_ITEM('',(#3327),#143);
#130=STYLED_ITEM('',(#3327),#144);
#131=STYLED_ITEM('',(#3327),#145);
#132=STYLED_ITEM('',(#3327),#146);
#133=STYLED_ITEM('',(#3327),#147);
#134=STYLED_ITEM('',(#3327),#148);
#135=STYLED_ITEM('',(#3327),#149);
#136=STYLED_ITEM('',(#3327),#150);
#137=STYLED_ITEM('',(#3325),#151);
#138=MANIFOLD_SOLID_BREP('Body1',#1948);
#139=MANIFOLD_SOLID_BREP('Body1',#1949);
#140=MANIFOLD_SOLID_BREP('Body2',#1950);
#141=MANIFOLD_SOLID_BREP('Body3',#1951);
#142=MANIFOLD_SOLID_BREP('Body4',#1952);
#143=MANIFOLD_SOLID_BREP('Body5',#1953);
#144=MANIFOLD_SOLID_BREP('Body6',#1954);
#145=MANIFOLD_SOLID_BREP('Body7',#1955);
#146=MANIFOLD_SOLID_BREP('Body8',#1956);
#147=MANIFOLD_SOLID_BREP('Body9',#1957);
#148=MANIFOLD_SOLID_BREP('Body10',#1958);
#149=MANIFOLD_SOLID_BREP('Body11',#1959);
#150=MANIFOLD_SOLID_BREP('Body12',#1960);
#151=MANIFOLD_SOLID_BREP('Body1',#1961);
#152=FACE_OUTER_BOUND('',#281,.T.);
#153=FACE_OUTER_BOUND('',#282,.T.);
#154=FACE_OUTER_BOUND('',#283,.T.);
#155=FACE_OUTER_BOUND('',#284,.T.);
#156=FACE_OUTER_BOUND('',#285,.T.);
#157=FACE_OUTER_BOUND('',#286,.T.);
#158=FACE_OUTER_BOUND('',#287,.T.);
#159=FACE_OUTER_BOUND('',#288,.T.);
#160=FACE_OUTER_BOUND('',#289,.T.);
#161=FACE_OUTER_BOUND('',#290,.T.);
#162=FACE_OUTER_BOUND('',#291,.T.);
#163=FACE_OUTER_BOUND('',#292,.T.);
#164=FACE_OUTER_BOUND('',#293,.T.);
#165=FACE_OUTER_BOUND('',#294,.T.);
#166=FACE_OUTER_BOUND('',#295,.T.);
#167=FACE_OUTER_BOUND('',#296,.T.);
#168=FACE_OUTER_BOUND('',#297,.T.);
#169=FACE_OUTER_BOUND('',#298,.T.);
#170=FACE_OUTER_BOUND('',#299,.T.);
#171=FACE_OUTER_BOUND('',#300,.T.);
#172=FACE_OUTER_BOUND('',#301,.T.);
#173=FACE_OUTER_BOUND('',#302,.T.);
#174=FACE_OUTER_BOUND('',#303,.T.);
#175=FACE_OUTER_BOUND('',#304,.T.);
#176=FACE_OUTER_BOUND('',#305,.T.);
#177=FACE_OUTER_BOUND('',#306,.T.);
#178=FACE_OUTER_BOUND('',#307,.T.);
#179=FACE_OUTER_BOUND('',#308,.T.);
#180=FACE_OUTER_BOUND('',#309,.T.);
#181=FACE_OUTER_BOUND('',#310,.T.);
#182=FACE_OUTER_BOUND('',#311,.T.);
#183=FACE_OUTER_BOUND('',#312,.T.);
#184=FACE_OUTER_BOUND('',#313,.T.);
#185=FACE_OUTER_BOUND('',#314,.T.);
#186=FACE_OUTER_BOUND('',#315,.T.);
#187=FACE_OUTER_BOUND('',#316,.T.);
#188=FACE_OUTER_BOUND('',#317,.T.);
#189=FACE_OUTER_BOUND('',#318,.T.);
#190=FACE_OUTER_BOUND('',#319,.T.);
#191=FACE_OUTER_BOUND('',#320,.T.);
#192=FACE_OUTER_BOUND('',#321,.T.);
#193=FACE_OUTER_BOUND('',#322,.T.);
#194=FACE_OUTER_BOUND('',#323,.T.);
#195=FACE_OUTER_BOUND('',#324,.T.);
#196=FACE_OUTER_BOUND('',#325,.T.);
#197=FACE_OUTER_BOUND('',#326,.T.);
#198=FACE_OUTER_BOUND('',#327,.T.);
#199=FACE_OUTER_BOUND('',#328,.T.);
#200=FACE_OUTER_BOUND('',#329,.T.);
#201=FACE_OUTER_BOUND('',#330,.T.);
#202=FACE_OUTER_BOUND('',#331,.T.);
#203=FACE_OUTER_BOUND('',#332,.T.);
#204=FACE_OUTER_BOUND('',#333,.T.);
#205=FACE_OUTER_BOUND('',#334,.T.);
#206=FACE_OUTER_BOUND('',#335,.T.);
#207=FACE_OUTER_BOUND('',#336,.T.);
#208=FACE_OUTER_BOUND('',#337,.T.);
#209=FACE_OUTER_BOUND('',#338,.T.);
#210=FACE_OUTER_BOUND('',#339,.T.);
#211=FACE_OUTER_BOUND('',#340,.T.);
#212=FACE_OUTER_BOUND('',#341,.T.);
#213=FACE_OUTER_BOUND('',#342,.T.);
#214=FACE_OUTER_BOUND('',#343,.T.);
#215=FACE_OUTER_BOUND('',#344,.T.);
#216=FACE_OUTER_BOUND('',#345,.T.);
#217=FACE_OUTER_BOUND('',#346,.T.);
#218=FACE_OUTER_BOUND('',#347,.T.);
#219=FACE_OUTER_BOUND('',#348,.T.);
#220=FACE_OUTER_BOUND('',#349,.T.);
#221=FACE_OUTER_BOUND('',#350,.T.);
#222=FACE_OUTER_BOUND('',#351,.T.);
#223=FACE_OUTER_BOUND('',#352,.T.);
#224=FACE_OUTER_BOUND('',#353,.T.);
#225=FACE_OUTER_BOUND('',#354,.T.);
#226=FACE_OUTER_BOUND('',#355,.T.);
#227=FACE_OUTER_BOUND('',#356,.T.);
#228=FACE_OUTER_BOUND('',#357,.T.);
#229=FACE_OUTER_BOUND('',#358,.T.);
#230=FACE_OUTER_BOUND('',#359,.T.);
#231=FACE_OUTER_BOUND('',#360,.T.);
#232=FACE_OUTER_BOUND('',#361,.T.);
#233=FACE_OUTER_BOUND('',#362,.T.);
#234=FACE_OUTER_BOUND('',#363,.T.);
#235=FACE_OUTER_BOUND('',#364,.T.);
#236=FACE_OUTER_BOUND('',#365,.T.);
#237=FACE_OUTER_BOUND('',#366,.T.);
#238=FACE_OUTER_BOUND('',#367,.T.);
#239=FACE_OUTER_BOUND('',#368,.T.);
#240=FACE_OUTER_BOUND('',#369,.T.);
#241=FACE_OUTER_BOUND('',#370,.T.);
#242=FACE_OUTER_BOUND('',#371,.T.);
#243=FACE_OUTER_BOUND('',#372,.T.);
#244=FACE_OUTER_BOUND('',#373,.T.);
#245=FACE_OUTER_BOUND('',#374,.T.);
#246=FACE_OUTER_BOUND('',#375,.T.);
#247=FACE_OUTER_BOUND('',#376,.T.);
#248=FACE_OUTER_BOUND('',#377,.T.);
#249=FACE_OUTER_BOUND('',#378,.T.);
#250=FACE_OUTER_BOUND('',#379,.T.);
#251=FACE_OUTER_BOUND('',#380,.T.);
#252=FACE_OUTER_BOUND('',#381,.T.);
#253=FACE_OUTER_BOUND('',#382,.T.);
#254=FACE_OUTER_BOUND('',#383,.T.);
#255=FACE_OUTER_BOUND('',#384,.T.);
#256=FACE_OUTER_BOUND('',#385,.T.);
#257=FACE_OUTER_BOUND('',#386,.T.);
#258=FACE_OUTER_BOUND('',#387,.T.);
#259=FACE_OUTER_BOUND('',#388,.T.);
#260=FACE_OUTER_BOUND('',#389,.T.);
#261=FACE_OUTER_BOUND('',#390,.T.);
#262=FACE_OUTER_BOUND('',#391,.T.);
#263=FACE_OUTER_BOUND('',#392,.T.);
#264=FACE_OUTER_BOUND('',#393,.T.);
#265=FACE_OUTER_BOUND('',#394,.T.);
#266=FACE_OUTER_BOUND('',#395,.T.);
#267=FACE_OUTER_BOUND('',#396,.T.);
#268=FACE_OUTER_BOUND('',#397,.T.);
#269=FACE_OUTER_BOUND('',#398,.T.);
#270=FACE_OUTER_BOUND('',#399,.T.);
#271=FACE_OUTER_BOUND('',#400,.T.);
#272=FACE_OUTER_BOUND('',#401,.T.);
#273=FACE_OUTER_BOUND('',#402,.T.);
#274=FACE_OUTER_BOUND('',#403,.T.);
#275=FACE_OUTER_BOUND('',#404,.T.);
#276=FACE_OUTER_BOUND('',#405,.T.);
#277=FACE_OUTER_BOUND('',#406,.T.);
#278=FACE_OUTER_BOUND('',#407,.T.);
#279=FACE_OUTER_BOUND('',#408,.T.);
#280=FACE_OUTER_BOUND('',#409,.T.);
#281=EDGE_LOOP('',(#1229,#1230,#1231,#1232));
#282=EDGE_LOOP('',(#1233,#1234,#1235,#1236));
#283=EDGE_LOOP('',(#1237,#1238,#1239,#1240));
#284=EDGE_LOOP('',(#1241,#1242,#1243,#1244));
#285=EDGE_LOOP('',(#1245,#1246,#1247,#1248));
#286=EDGE_LOOP('',(#1249,#1250,#1251,#1252));
#287=EDGE_LOOP('',(#1253,#1254,#1255,#1256));
#288=EDGE_LOOP('',(#1257,#1258,#1259,#1260));
#289=EDGE_LOOP('',(#1261,#1262,#1263,#1264));
#290=EDGE_LOOP('',(#1265,#1266,#1267,#1268));
#291=EDGE_LOOP('',(#1269,#1270,#1271,#1272));
#292=EDGE_LOOP('',(#1273,#1274,#1275,#1276));
#293=EDGE_LOOP('',(#1277,#1278,#1279,#1280));
#294=EDGE_LOOP('',(#1281,#1282,#1283,#1284));
#295=EDGE_LOOP('',(#1285,#1286,#1287,#1288));
#296=EDGE_LOOP('',(#1289,#1290,#1291,#1292));
#297=EDGE_LOOP('',(#1293,#1294,#1295,#1296));
#298=EDGE_LOOP('',(#1297,#1298,#1299,#1300));
#299=EDGE_LOOP('',(#1301,#1302,#1303,#1304));
#300=EDGE_LOOP('',(#1305,#1306,#1307,#1308));
#301=EDGE_LOOP('',(#1309,#1310,#1311,#1312));
#302=EDGE_LOOP('',(#1313,#1314,#1315,#1316));
#303=EDGE_LOOP('',(#1317,#1318,#1319,#1320));
#304=EDGE_LOOP('',(#1321,#1322,#1323,#1324));
#305=EDGE_LOOP('',(#1325,#1326,#1327,#1328));
#306=EDGE_LOOP('',(#1329,#1330,#1331,#1332));
#307=EDGE_LOOP('',(#1333,#1334,#1335,#1336));
#308=EDGE_LOOP('',(#1337,#1338,#1339,#1340));
#309=EDGE_LOOP('',(#1341,#1342,#1343,#1344));
#310=EDGE_LOOP('',(#1345,#1346,#1347,#1348));
#311=EDGE_LOOP('',(#1349,#1350,#1351,#1352));
#312=EDGE_LOOP('',(#1353,#1354,#1355,#1356));
#313=EDGE_LOOP('',(#1357,#1358,#1359,#1360));
#314=EDGE_LOOP('',(#1361,#1362,#1363,#1364));
#315=EDGE_LOOP('',(#1365,#1366,#1367,#1368));
#316=EDGE_LOOP('',(#1369,#1370,#1371,#1372));
#317=EDGE_LOOP('',(#1373,#1374,#1375,#1376));
#318=EDGE_LOOP('',(#1377,#1378,#1379,#1380));
#319=EDGE_LOOP('',(#1381,#1382,#1383,#1384));
#320=EDGE_LOOP('',(#1385,#1386,#1387,#1388));
#321=EDGE_LOOP('',(#1389,#1390,#1391,#1392));
#322=EDGE_LOOP('',(#1393,#1394,#1395,#1396));
#323=EDGE_LOOP('',(#1397,#1398,#1399,#1400));
#324=EDGE_LOOP('',(#1401,#1402,#1403,#1404));
#325=EDGE_LOOP('',(#1405,#1406,#1407,#1408));
#326=EDGE_LOOP('',(#1409,#1410,#1411,#1412));
#327=EDGE_LOOP('',(#1413,#1414,#1415,#1416));
#328=EDGE_LOOP('',(#1417,#1418,#1419,#1420));
#329=EDGE_LOOP('',(#1421,#1422,#1423,#1424));
#330=EDGE_LOOP('',(#1425,#1426,#1427,#1428));
#331=EDGE_LOOP('',(#1429,#1430,#1431,#1432));
#332=EDGE_LOOP('',(#1433,#1434,#1435,#1436));
#333=EDGE_LOOP('',(#1437,#1438,#1439,#1440));
#334=EDGE_LOOP('',(#1441,#1442,#1443,#1444));
#335=EDGE_LOOP('',(#1445,#1446,#1447,#1448));
#336=EDGE_LOOP('',(#1449,#1450,#1451,#1452));
#337=EDGE_LOOP('',(#1453,#1454,#1455,#1456));
#338=EDGE_LOOP('',(#1457,#1458,#1459,#1460));
#339=EDGE_LOOP('',(#1461,#1462,#1463,#1464));
#340=EDGE_LOOP('',(#1465,#1466,#1467,#1468));
#341=EDGE_LOOP('',(#1469,#1470,#1471,#1472));
#342=EDGE_LOOP('',(#1473,#1474,#1475,#1476));
#343=EDGE_LOOP('',(#1477,#1478,#1479,#1480));
#344=EDGE_LOOP('',(#1481,#1482,#1483,#1484));
#345=EDGE_LOOP('',(#1485,#1486,#1487,#1488));
#346=EDGE_LOOP('',(#1489,#1490,#1491,#1492));
#347=EDGE_LOOP('',(#1493,#1494,#1495,#1496));
#348=EDGE_LOOP('',(#1497,#1498,#1499,#1500));
#349=EDGE_LOOP('',(#1501,#1502,#1503,#1504));
#350=EDGE_LOOP('',(#1505,#1506,#1507,#1508));
#351=EDGE_LOOP('',(#1509,#1510,#1511,#1512));
#352=EDGE_LOOP('',(#1513,#1514,#1515,#1516));
#353=EDGE_LOOP('',(#1517,#1518,#1519,#1520));
#354=EDGE_LOOP('',(#1521,#1522,#1523,#1524));
#355=EDGE_LOOP('',(#1525,#1526,#1527,#1528));
#356=EDGE_LOOP('',(#1529,#1530,#1531,#1532));
#357=EDGE_LOOP('',(#1533,#1534,#1535,#1536));
#358=EDGE_LOOP('',(#1537,#1538,#1539,#1540));
#359=EDGE_LOOP('',(#1541,#1542,#1543,#1544));
#360=EDGE_LOOP('',(#1545,#1546,#1547,#1548));
#361=EDGE_LOOP('',(#1549,#1550,#1551,#1552));
#362=EDGE_LOOP('',(#1553,#1554,#1555,#1556));
#363=EDGE_LOOP('',(#1557,#1558,#1559,#1560));
#364=EDGE_LOOP('',(#1561,#1562,#1563,#1564));
#365=EDGE_LOOP('',(#1565,#1566,#1567,#1568));
#366=EDGE_LOOP('',(#1569,#1570,#1571,#1572));
#367=EDGE_LOOP('',(#1573,#1574,#1575,#1576));
#368=EDGE_LOOP('',(#1577,#1578,#1579,#1580));
#369=EDGE_LOOP('',(#1581,#1582,#1583,#1584));
#370=EDGE_LOOP('',(#1585,#1586,#1587,#1588));
#371=EDGE_LOOP('',(#1589,#1590,#1591,#1592));
#372=EDGE_LOOP('',(#1593,#1594,#1595,#1596));
#373=EDGE_LOOP('',(#1597,#1598,#1599,#1600));
#374=EDGE_LOOP('',(#1601,#1602,#1603,#1604));
#375=EDGE_LOOP('',(#1605,#1606,#1607,#1608));
#376=EDGE_LOOP('',(#1609,#1610,#1611,#1612));
#377=EDGE_LOOP('',(#1613,#1614,#1615,#1616));
#378=EDGE_LOOP('',(#1617,#1618,#1619,#1620));
#379=EDGE_LOOP('',(#1621,#1622,#1623,#1624));
#380=EDGE_LOOP('',(#1625,#1626,#1627,#1628));
#381=EDGE_LOOP('',(#1629,#1630,#1631,#1632));
#382=EDGE_LOOP('',(#1633,#1634,#1635,#1636));
#383=EDGE_LOOP('',(#1637,#1638,#1639,#1640));
#384=EDGE_LOOP('',(#1641,#1642,#1643,#1644));
#385=EDGE_LOOP('',(#1645,#1646,#1647,#1648));
#386=EDGE_LOOP('',(#1649,#1650,#1651,#1652));
#387=EDGE_LOOP('',(#1653,#1654,#1655,#1656));
#388=EDGE_LOOP('',(#1657,#1658,#1659,#1660));
#389=EDGE_LOOP('',(#1661,#1662,#1663,#1664));
#390=EDGE_LOOP('',(#1665,#1666,#1667,#1668));
#391=EDGE_LOOP('',(#1669,#1670,#1671,#1672));
#392=EDGE_LOOP('',(#1673,#1674,#1675,#1676));
#393=EDGE_LOOP('',(#1677,#1678,#1679,#1680));
#394=EDGE_LOOP('',(#1681,#1682,#1683,#1684));
#395=EDGE_LOOP('',(#1685,#1686,#1687,#1688));
#396=EDGE_LOOP('',(#1689,#1690,#1691,#1692));
#397=EDGE_LOOP('',(#1693,#1694,#1695,#1696));
#398=EDGE_LOOP('',(#1697,#1698,#1699,#1700));
#399=EDGE_LOOP('',(#1701,#1702,#1703,#1704));
#400=EDGE_LOOP('',(#1705,#1706,#1707,#1708));
#401=EDGE_LOOP('',(#1709,#1710,#1711,#1712));
#402=EDGE_LOOP('',(#1713,#1714,#1715,#1716));
#403=EDGE_LOOP('',(#1717,#1718,#1719,#1720));
#404=EDGE_LOOP('',(#1721,#1722,#1723,#1724));
#405=EDGE_LOOP('',(#1725,#1726,#1727,#1728));
#406=EDGE_LOOP('',(#1729,#1730,#1731,#1732));
#407=EDGE_LOOP('',(#1733,#1734,#1735,#1736));
#408=EDGE_LOOP('',(#1737));
#409=EDGE_LOOP('',(#1738));
#410=LINE('',#2747,#615);
#411=LINE('',#2749,#616);
#412=LINE('',#2751,#617);
#413=LINE('',#2752,#618);
#414=LINE('',#2755,#619);
#415=LINE('',#2757,#620);
#416=LINE('',#2758,#621);
#417=LINE('',#2761,#622);
#418=LINE('',#2763,#623);
#419=LINE('',#2764,#624);
#420=LINE('',#2766,#625);
#421=LINE('',#2767,#626);
#422=LINE('',#2774,#627);
#423=LINE('',#2778,#628);
#424=LINE('',#2782,#629);
#425=LINE('',#2785,#630);
#426=LINE('',#2788,#631);
#427=LINE('',#2790,#632);
#428=LINE('',#2793,#633);
#429=LINE('',#2794,#634);
#430=LINE('',#2797,#635);
#431=LINE('',#2799,#636);
#432=LINE('',#2800,#637);
#433=LINE('',#2803,#638);
#434=LINE('',#2804,#639);
#435=LINE('',#2808,#640);
#436=LINE('',#2809,#641);
#437=LINE('',#2811,#642);
#438=LINE('',#2816,#643);
#439=LINE('',#2820,#644);
#440=LINE('',#2824,#645);
#441=LINE('',#2827,#646);
#442=LINE('',#2830,#647);
#443=LINE('',#2832,#648);
#444=LINE('',#2835,#649);
#445=LINE('',#2836,#650);
#446=LINE('',#2839,#651);
#447=LINE('',#2841,#652);
#448=LINE('',#2842,#653);
#449=LINE('',#2845,#654);
#450=LINE('',#2846,#655);
#451=LINE('',#2850,#656);
#452=LINE('',#2851,#657);
#453=LINE('',#2853,#658);
#454=LINE('',#2858,#659);
#455=LINE('',#2862,#660);
#456=LINE('',#2866,#661);
#457=LINE('',#2869,#662);
#458=LINE('',#2872,#663);
#459=LINE('',#2874,#664);
#460=LINE('',#2877,#665);
#461=LINE('',#2878,#666);
#462=LINE('',#2881,#667);
#463=LINE('',#2883,#668);
#464=LINE('',#2884,#669);
#465=LINE('',#2887,#670);
#466=LINE('',#2888,#671);
#467=LINE('',#2892,#672);
#468=LINE('',#2893,#673);
#469=LINE('',#2895,#674);
#470=LINE('',#2900,#675);
#471=LINE('',#2904,#676);
#472=LINE('',#2908,#677);
#473=LINE('',#2911,#678);
#474=LINE('',#2914,#679);
#475=LINE('',#2916,#680);
#476=LINE('',#2919,#681);
#477=LINE('',#2920,#682);
#478=LINE('',#2923,#683);
#479=LINE('',#2925,#684);
#480=LINE('',#2926,#685);
#481=LINE('',#2929,#686);
#482=LINE('',#2930,#687);
#483=LINE('',#2934,#688);
#484=LINE('',#2935,#689);
#485=LINE('',#2937,#690);
#486=LINE('',#2942,#691);
#487=LINE('',#2946,#692);
#488=LINE('',#2950,#693);
#489=LINE('',#2953,#694);
#490=LINE('',#2956,#695);
#491=LINE('',#2958,#696);
#492=LINE('',#2961,#697);
#493=LINE('',#2962,#698);
#494=LINE('',#2965,#699);
#495=LINE('',#2967,#700);
#496=LINE('',#2968,#701);
#497=LINE('',#2971,#702);
#498=LINE('',#2972,#703);
#499=LINE('',#2976,#704);
#500=LINE('',#2977,#705);
#501=LINE('',#2979,#706);
#502=LINE('',#2984,#707);
#503=LINE('',#2988,#708);
#504=LINE('',#2992,#709);
#505=LINE('',#2995,#710);
#506=LINE('',#2998,#711);
#507=LINE('',#3000,#712);
#508=LINE('',#3003,#713);
#509=LINE('',#3004,#714);
#510=LINE('',#3007,#715);
#511=LINE('',#3009,#716);
#512=LINE('',#3010,#717);
#513=LINE('',#3013,#718);
#514=LINE('',#3014,#719);
#515=LINE('',#3018,#720);
#516=LINE('',#3019,#721);
#517=LINE('',#3021,#722);
#518=LINE('',#3026,#723);
#519=LINE('',#3030,#724);
#520=LINE('',#3034,#725);
#521=LINE('',#3037,#726);
#522=LINE('',#3040,#727);
#523=LINE('',#3042,#728);
#524=LINE('',#3045,#729);
#525=LINE('',#3046,#730);
#526=LINE('',#3049,#731);
#527=LINE('',#3051,#732);
#528=LINE('',#3052,#733);
#529=LINE('',#3055,#734);
#530=LINE('',#3056,#735);
#531=LINE('',#3060,#736);
#532=LINE('',#3061,#737);
#533=LINE('',#3063,#738);
#534=LINE('',#3068,#739);
#535=LINE('',#3072,#740);
#536=LINE('',#3076,#741);
#537=LINE('',#3079,#742);
#538=LINE('',#3082,#743);
#539=LINE('',#3084,#744);
#540=LINE('',#3087,#745);
#541=LINE('',#3088,#746);
#542=LINE('',#3091,#747);
#543=LINE('',#3093,#748);
#544=LINE('',#3094,#749);
#545=LINE('',#3097,#750);
#546=LINE('',#3098,#751);
#547=LINE('',#3102,#752);
#548=LINE('',#3103,#753);
#549=LINE('',#3105,#754);
#550=LINE('',#3110,#755);
#551=LINE('',#3114,#756);
#552=LINE('',#3118,#757);
#553=LINE('',#3121,#758);
#554=LINE('',#3124,#759);
#555=LINE('',#3126,#760);
#556=LINE('',#3129,#761);
#557=LINE('',#3130,#762);
#558=LINE('',#3133,#763);
#559=LINE('',#3135,#764);
#560=LINE('',#3136,#765);
#561=LINE('',#3139,#766);
#562=LINE('',#3140,#767);
#563=LINE('',#3144,#768);
#564=LINE('',#3145,#769);
#565=LINE('',#3147,#770);
#566=LINE('',#3152,#771);
#567=LINE('',#3156,#772);
#568=LINE('',#3160,#773);
#569=LINE('',#3163,#774);
#570=LINE('',#3166,#775);
#571=LINE('',#3168,#776);
#572=LINE('',#3171,#777);
#573=LINE('',#3172,#778);
#574=LINE('',#3175,#779);
#575=LINE('',#3177,#780);
#576=LINE('',#3178,#781);
#577=LINE('',#3181,#782);
#578=LINE('',#3182,#783);
#579=LINE('',#3186,#784);
#580=LINE('',#3187,#785);
#581=LINE('',#3189,#786);
#582=LINE('',#3194,#787);
#583=LINE('',#3198,#788);
#584=LINE('',#3202,#789);
#585=LINE('',#3205,#790);
#586=LINE('',#3208,#791);
#587=LINE('',#3210,#792);
#588=LINE('',#3213,#793);
#589=LINE('',#3214,#794);
#590=LINE('',#3217,#795);
#591=LINE('',#3219,#796);
#592=LINE('',#3220,#797);
#593=LINE('',#3223,#798);
#594=LINE('',#3224,#799);
#595=LINE('',#3228,#800);
#596=LINE('',#3229,#801);
#597=LINE('',#3231,#802);
#598=LINE('',#3236,#803);
#599=LINE('',#3240,#804);
#600=LINE('',#3244,#805);
#601=LINE('',#3247,#806);
#602=LINE('',#3250,#807);
#603=LINE('',#3252,#808);
#604=LINE('',#3255,#809);
#605=LINE('',#3256,#810);
#606=LINE('',#3259,#811);
#607=LINE('',#3261,#812);
#608=LINE('',#3262,#813);
#609=LINE('',#3265,#814);
#610=LINE('',#3266,#815);
#611=LINE('',#3270,#816);
#612=LINE('',#3271,#817);
#613=LINE('',#3273,#818);
#614=LINE('',#3279,#819);
#615=VECTOR('',#2175,1.);
#616=VECTOR('',#2176,1.);
#617=VECTOR('',#2177,1.);
#618=VECTOR('',#2178,1.);
#619=VECTOR('',#2181,1.);
#620=VECTOR('',#2182,1.);
#621=VECTOR('',#2183,1.);
#622=VECTOR('',#2186,1.);
#623=VECTOR('',#2187,1.);
#624=VECTOR('',#2188,1.);
#625=VECTOR('',#2191,1.);
#626=VECTOR('',#2192,1.);
#627=VECTOR('',#2201,10.);
#628=VECTOR('',#2204,10.);
#629=VECTOR('',#2209,10.);
#630=VECTOR('',#2212,10.);
#631=VECTOR('',#2215,10.);
#632=VECTOR('',#2216,10.);
#633=VECTOR('',#2221,10.);
#634=VECTOR('',#2222,10.);
#635=VECTOR('',#2225,1.);
#636=VECTOR('',#2226,1.);
#637=VECTOR('',#2227,1.);
#638=VECTOR('',#2230,1.);
#639=VECTOR('',#2231,1.);
#640=VECTOR('',#2236,1.);
#641=VECTOR('',#2237,1.);
#642=VECTOR('',#2240,1.);
#643=VECTOR('',#2245,10.);
#644=VECTOR('',#2248,10.);
#645=VECTOR('',#2253,10.);
#646=VECTOR('',#2256,10.);
#647=VECTOR('',#2259,10.);
#648=VECTOR('',#2260,10.);
#649=VECTOR('',#2265,10.);
#650=VECTOR('',#2266,10.);
#651=VECTOR('',#2269,1.);
#652=VECTOR('',#2270,1.);
#653=VECTOR('',#2271,1.);
#654=VECTOR('',#2274,1.);
#655=VECTOR('',#2275,1.);
#656=VECTOR('',#2280,1.);
#657=VECTOR('',#2281,1.);
#658=VECTOR('',#2284,1.);
#659=VECTOR('',#2289,10.);
#660=VECTOR('',#2292,10.);
#661=VECTOR('',#2297,10.);
#662=VECTOR('',#2300,10.);
#663=VECTOR('',#2303,10.);
#664=VECTOR('',#2304,10.);
#665=VECTOR('',#2309,10.);
#666=VECTOR('',#2310,10.);
#667=VECTOR('',#2313,1.);
#668=VECTOR('',#2314,1.);
#669=VECTOR('',#2315,1.);
#670=VECTOR('',#2318,1.);
#671=VECTOR('',#2319,1.);
#672=VECTOR('',#2324,1.);
#673=VECTOR('',#2325,1.);
#674=VECTOR('',#2328,1.);
#675=VECTOR('',#2333,10.);
#676=VECTOR('',#2336,10.);
#677=VECTOR('',#2341,10.);
#678=VECTOR('',#2344,10.);
#679=VECTOR('',#2347,10.);
#680=VECTOR('',#2348,10.);
#681=VECTOR('',#2353,10.);
#682=VECTOR('',#2354,10.);
#683=VECTOR('',#2357,1.);
#684=VECTOR('',#2358,1.);
#685=VECTOR('',#2359,1.);
#686=VECTOR('',#2362,1.);
#687=VECTOR('',#2363,1.);
#688=VECTOR('',#2368,1.);
#689=VECTOR('',#2369,1.);
#690=VECTOR('',#2372,1.);
#691=VECTOR('',#2377,10.);
#692=VECTOR('',#2380,10.);
#693=VECTOR('',#2385,10.);
#694=VECTOR('',#2388,10.);
#695=VECTOR('',#2391,10.);
#696=VECTOR('',#2392,10.);
#697=VECTOR('',#2397,10.);
#698=VECTOR('',#2398,10.);
#699=VECTOR('',#2401,1.);
#700=VECTOR('',#2402,1.);
#701=VECTOR('',#2403,1.);
#702=VECTOR('',#2406,1.);
#703=VECTOR('',#2407,1.);
#704=VECTOR('',#2412,1.);
#705=VECTOR('',#2413,1.);
#706=VECTOR('',#2416,1.);
#707=VECTOR('',#2421,10.);
#708=VECTOR('',#2424,10.);
#709=VECTOR('',#2429,10.);
#710=VECTOR('',#2432,10.);
#711=VECTOR('',#2435,10.);
#712=VECTOR('',#2436,10.);
#713=VECTOR('',#2441,10.);
#714=VECTOR('',#2442,10.);
#715=VECTOR('',#2445,1.);
#716=VECTOR('',#2446,1.);
#717=VECTOR('',#2447,1.);
#718=VECTOR('',#2450,1.);
#719=VECTOR('',#2451,1.);
#720=VECTOR('',#2456,1.);
#721=VECTOR('',#2457,1.);
#722=VECTOR('',#2460,1.);
#723=VECTOR('',#2465,10.);
#724=VECTOR('',#2468,10.);
#725=VECTOR('',#2473,10.);
#726=VECTOR('',#2476,10.);
#727=VECTOR('',#2479,10.);
#728=VECTOR('',#2480,10.);
#729=VECTOR('',#2485,10.);
#730=VECTOR('',#2486,10.);
#731=VECTOR('',#2489,1.);
#732=VECTOR('',#2490,1.);
#733=VECTOR('',#2491,1.);
#734=VECTOR('',#2494,1.);
#735=VECTOR('',#2495,1.);
#736=VECTOR('',#2500,1.);
#737=VECTOR('',#2501,1.);
#738=VECTOR('',#2504,1.);
#739=VECTOR('',#2509,10.);
#740=VECTOR('',#2512,10.);
#741=VECTOR('',#2517,10.);
#742=VECTOR('',#2520,10.);
#743=VECTOR('',#2523,10.);
#744=VECTOR('',#2524,10.);
#745=VECTOR('',#2529,10.);
#746=VECTOR('',#2530,10.);
#747=VECTOR('',#2533,1.);
#748=VECTOR('',#2534,1.);
#749=VECTOR('',#2535,1.);
#750=VECTOR('',#2538,1.);
#751=VECTOR('',#2539,1.);
#752=VECTOR('',#2544,1.);
#753=VECTOR('',#2545,1.);
#754=VECTOR('',#2548,1.);
#755=VECTOR('',#2553,10.);
#756=VECTOR('',#2556,10.);
#757=VECTOR('',#2561,10.);
#758=VECTOR('',#2564,10.);
#759=VECTOR('',#2567,10.);
#760=VECTOR('',#2568,10.);
#761=VECTOR('',#2573,10.);
#762=VECTOR('',#2574,10.);
#763=VECTOR('',#2577,1.);
#764=VECTOR('',#2578,1.);
#765=VECTOR('',#2579,1.);
#766=VECTOR('',#2582,1.);
#767=VECTOR('',#2583,1.);
#768=VECTOR('',#2588,1.);
#769=VECTOR('',#2589,1.);
#770=VECTOR('',#2592,1.);
#771=VECTOR('',#2597,10.);
#772=VECTOR('',#2600,10.);
#773=VECTOR('',#2605,10.);
#774=VECTOR('',#2608,10.);
#775=VECTOR('',#2611,10.);
#776=VECTOR('',#2612,10.);
#777=VECTOR('',#2617,10.);
#778=VECTOR('',#2618,10.);
#779=VECTOR('',#2621,1.);
#780=VECTOR('',#2622,1.);
#781=VECTOR('',#2623,1.);
#782=VECTOR('',#2626,1.);
#783=VECTOR('',#2627,1.);
#784=VECTOR('',#2632,1.);
#785=VECTOR('',#2633,1.);
#786=VECTOR('',#2636,1.);
#787=VECTOR('',#2641,10.);
#788=VECTOR('',#2644,10.);
#789=VECTOR('',#2649,10.);
#790=VECTOR('',#2652,10.);
#791=VECTOR('',#2655,10.);
#792=VECTOR('',#2656,10.);
#793=VECTOR('',#2661,10.);
#794=VECTOR('',#2662,10.);
#795=VECTOR('',#2665,1.);
#796=VECTOR('',#2666,1.);
#797=VECTOR('',#2667,1.);
#798=VECTOR('',#2670,1.);
#799=VECTOR('',#2671,1.);
#800=VECTOR('',#2676,1.);
#801=VECTOR('',#2677,1.);
#802=VECTOR('',#2680,1.);
#803=VECTOR('',#2685,10.);
#804=VECTOR('',#2688,10.);
#805=VECTOR('',#2693,10.);
#806=VECTOR('',#2696,10.);
#807=VECTOR('',#2699,10.);
#808=VECTOR('',#2700,10.);
#809=VECTOR('',#2705,10.);
#810=VECTOR('',#2706,10.);
#811=VECTOR('',#2709,1.);
#812=VECTOR('',#2710,1.);
#813=VECTOR('',#2711,1.);
#814=VECTOR('',#2714,1.);
#815=VECTOR('',#2715,1.);
#816=VECTOR('',#2720,1.);
#817=VECTOR('',#2721,1.);
#818=VECTOR('',#2724,1.);
#819=VECTOR('',#2731,0.0750000000000001);
#820=VERTEX_POINT('',#2745);
#821=VERTEX_POINT('',#2746);
#822=VERTEX_POINT('',#2748);
#823=VERTEX_POINT('',#2750);
#824=VERTEX_POINT('',#2754);
#825=VERTEX_POINT('',#2756);
#826=VERTEX_POINT('',#2760);
#827=VERTEX_POINT('',#2762);
#828=VERTEX_POINT('',#2772);
#829=VERTEX_POINT('',#2773);
#830=VERTEX_POINT('',#2775);
#831=VERTEX_POINT('',#2777);
#832=VERTEX_POINT('',#2781);
#833=VERTEX_POINT('',#2783);
#834=VERTEX_POINT('',#2787);
#835=VERTEX_POINT('',#2789);
#836=VERTEX_POINT('',#2796);
#837=VERTEX_POINT('',#2798);
#838=VERTEX_POINT('',#2802);
#839=VERTEX_POINT('',#2807);
#840=VERTEX_POINT('',#2814);
#841=VERTEX_POINT('',#2815);
#842=VERTEX_POINT('',#2817);
#843=VERTEX_POINT('',#2819);
#844=VERTEX_POINT('',#2823);
#845=VERTEX_POINT('',#2825);
#846=VERTEX_POINT('',#2829);
#847=VERTEX_POINT('',#2831);
#848=VERTEX_POINT('',#2838);
#849=VERTEX_POINT('',#2840);
#850=VERTEX_POINT('',#2844);
#851=VERTEX_POINT('',#2849);
#852=VERTEX_POINT('',#2856);
#853=VERTEX_POINT('',#2857);
#854=VERTEX_POINT('',#2859);
#855=VERTEX_POINT('',#2861);
#856=VERTEX_POINT('',#2865);
#857=VERTEX_POINT('',#2867);
#858=VERTEX_POINT('',#2871);
#859=VERTEX_POINT('',#2873);
#860=VERTEX_POINT('',#2880);
#861=VERTEX_POINT('',#2882);
#862=VERTEX_POINT('',#2886);
#863=VERTEX_POINT('',#2891);
#864=VERTEX_POINT('',#2898);
#865=VERTEX_POINT('',#2899);
#866=VERTEX_POINT('',#2901);
#867=VERTEX_POINT('',#2903);
#868=VERTEX_POINT('',#2907);
#869=VERTEX_POINT('',#2909);
#870=VERTEX_POINT('',#2913);
#871=VERTEX_POINT('',#2915);
#872=VERTEX_POINT('',#2922);
#873=VERTEX_POINT('',#2924);
#874=VERTEX_POINT('',#2928);
#875=VERTEX_POINT('',#2933);
#876=VERTEX_POINT('',#2940);
#877=VERTEX_POINT('',#2941);
#878=VERTEX_POINT('',#2943);
#879=VERTEX_POINT('',#2945);
#880=VERTEX_POINT('',#2949);
#881=VERTEX_POINT('',#2951);
#882=VERTEX_POINT('',#2955);
#883=VERTEX_POINT('',#2957);
#884=VERTEX_POINT('',#2964);
#885=VERTEX_POINT('',#2966);
#886=VERTEX_POINT('',#2970);
#887=VERTEX_POINT('',#2975);
#888=VERTEX_POINT('',#2982);
#889=VERTEX_POINT('',#2983);
#890=VERTEX_POINT('',#2985);
#891=VERTEX_POINT('',#2987);
#892=VERTEX_POINT('',#2991);
#893=VERTEX_POINT('',#2993);
#894=VERTEX_POINT('',#2997);
#895=VERTEX_POINT('',#2999);
#896=VERTEX_POINT('',#3006);
#897=VERTEX_POINT('',#3008);
#898=VERTEX_POINT('',#3012);
#899=VERTEX_POINT('',#3017);
#900=VERTEX_POINT('',#3024);
#901=VERTEX_POINT('',#3025);
#902=VERTEX_POINT('',#3027);
#903=VERTEX_POINT('',#3029);
#904=VERTEX_POINT('',#3033);
#905=VERTEX_POINT('',#3035);
#906=VERTEX_POINT('',#3039);
#907=VERTEX_POINT('',#3041);
#908=VERTEX_POINT('',#3048);
#909=VERTEX_POINT('',#3050);
#910=VERTEX_POINT('',#3054);
#911=VERTEX_POINT('',#3059);
#912=VERTEX_POINT('',#3066);
#913=VERTEX_POINT('',#3067);
#914=VERTEX_POINT('',#3069);
#915=VERTEX_POINT('',#3071);
#916=VERTEX_POINT('',#3075);
#917=VERTEX_POINT('',#3077);
#918=VERTEX_POINT('',#3081);
#919=VERTEX_POINT('',#3083);
#920=VERTEX_POINT('',#3090);
#921=VERTEX_POINT('',#3092);
#922=VERTEX_POINT('',#3096);
#923=VERTEX_POINT('',#3101);
#924=VERTEX_POINT('',#3108);
#925=VERTEX_POINT('',#3109);
#926=VERTEX_POINT('',#3111);
#927=VERTEX_POINT('',#3113);
#928=VERTEX_POINT('',#3117);
#929=VERTEX_POINT('',#3119);
#930=VERTEX_POINT('',#3123);
#931=VERTEX_POINT('',#3125);
#932=VERTEX_POINT('',#3132);
#933=VERTEX_POINT('',#3134);
#934=VERTEX_POINT('',#3138);
#935=VERTEX_POINT('',#3143);
#936=VERTEX_POINT('',#3150);
#937=VERTEX_POINT('',#3151);
#938=VERTEX_POINT('',#3153);
#939=VERTEX_POINT('',#3155);
#940=VERTEX_POINT('',#3159);
#941=VERTEX_POINT('',#3161);
#942=VERTEX_POINT('',#3165);
#943=VERTEX_POINT('',#3167);
#944=VERTEX_POINT('',#3174);
#945=VERTEX_POINT('',#3176);
#946=VERTEX_POINT('',#3180);
#947=VERTEX_POINT('',#3185);
#948=VERTEX_POINT('',#3192);
#949=VERTEX_POINT('',#3193);
#950=VERTEX_POINT('',#3195);
#951=VERTEX_POINT('',#3197);
#952=VERTEX_POINT('',#3201);
#953=VERTEX_POINT('',#3203);
#954=VERTEX_POINT('',#3207);
#955=VERTEX_POINT('',#3209);
#956=VERTEX_POINT('',#3216);
#957=VERTEX_POINT('',#3218);
#958=VERTEX_POINT('',#3222);
#959=VERTEX_POINT('',#3227);
#960=VERTEX_POINT('',#3234);
#961=VERTEX_POINT('',#3235);
#962=VERTEX_POINT('',#3237);
#963=VERTEX_POINT('',#3239);
#964=VERTEX_POINT('',#3243);
#965=VERTEX_POINT('',#3245);
#966=VERTEX_POINT('',#3249);
#967=VERTEX_POINT('',#3251);
#968=VERTEX_POINT('',#3258);
#969=VERTEX_POINT('',#3260);
#970=VERTEX_POINT('',#3264);
#971=VERTEX_POINT('',#3269);
#972=VERTEX_POINT('',#3276);
#973=VERTEX_POINT('',#3278);
#974=EDGE_CURVE('',#820,#821,#410,.T.);
#975=EDGE_CURVE('',#820,#822,#411,.T.);
#976=EDGE_CURVE('',#822,#823,#412,.T.);
#977=EDGE_CURVE('',#821,#823,#413,.T.);
#978=EDGE_CURVE('',#822,#824,#414,.T.);
#979=EDGE_CURVE('',#824,#825,#415,.T.);
#980=EDGE_CURVE('',#823,#825,#416,.T.);
#981=EDGE_CURVE('',#824,#826,#417,.T.);
#982=EDGE_CURVE('',#826,#827,#418,.T.);
#983=EDGE_CURVE('',#825,#827,#419,.T.);
#984=EDGE_CURVE('',#826,#820,#420,.T.);
#985=EDGE_CURVE('',#827,#821,#421,.T.);
#986=EDGE_CURVE('',#828,#829,#422,.T.);
#987=EDGE_CURVE('',#829,#830,#21,.T.);
#988=EDGE_CURVE('',#830,#831,#423,.T.);
#989=EDGE_CURVE('',#828,#831,#22,.T.);
#990=EDGE_CURVE('',#829,#832,#424,.T.);
#991=EDGE_CURVE('',#832,#833,#23,.T.);
#992=EDGE_CURVE('',#833,#830,#425,.T.);
#993=EDGE_CURVE('',#834,#833,#426,.T.);
#994=EDGE_CURVE('',#832,#835,#427,.T.);
#995=EDGE_CURVE('',#835,#834,#24,.T.);
#996=EDGE_CURVE('',#831,#834,#428,.T.);
#997=EDGE_CURVE('',#835,#828,#429,.T.);
#998=EDGE_CURVE('',#831,#836,#430,.T.);
#999=EDGE_CURVE('',#837,#836,#431,.T.);
#1000=EDGE_CURVE('',#834,#837,#432,.T.);
#1001=EDGE_CURVE('',#830,#838,#433,.T.);
#1002=EDGE_CURVE('',#838,#836,#434,.T.);
#1003=EDGE_CURVE('',#833,#839,#435,.T.);
#1004=EDGE_CURVE('',#839,#838,#436,.T.);
#1005=EDGE_CURVE('',#839,#837,#437,.T.);
#1006=EDGE_CURVE('',#840,#841,#438,.T.);
#1007=EDGE_CURVE('',#841,#842,#25,.T.);
#1008=EDGE_CURVE('',#842,#843,#439,.T.);
#1009=EDGE_CURVE('',#840,#843,#26,.T.);
#1010=EDGE_CURVE('',#841,#844,#440,.T.);
#1011=EDGE_CURVE('',#844,#845,#27,.T.);
#1012=EDGE_CURVE('',#845,#842,#441,.T.);
#1013=EDGE_CURVE('',#846,#845,#442,.T.);
#1014=EDGE_CURVE('',#844,#847,#443,.T.);
#1015=EDGE_CURVE('',#847,#846,#28,.T.);
#1016=EDGE_CURVE('',#843,#846,#444,.T.);
#1017=EDGE_CURVE('',#847,#840,#445,.T.);
#1018=EDGE_CURVE('',#843,#848,#446,.T.);
#1019=EDGE_CURVE('',#849,#848,#447,.T.);
#1020=EDGE_CURVE('',#846,#849,#448,.T.);
#1021=EDGE_CURVE('',#842,#850,#449,.T.);
#1022=EDGE_CURVE('',#850,#848,#450,.T.);
#1023=EDGE_CURVE('',#845,#851,#451,.T.);
#1024=EDGE_CURVE('',#851,#850,#452,.T.);
#1025=EDGE_CURVE('',#851,#849,#453,.T.);
#1026=EDGE_CURVE('',#852,#853,#454,.T.);
#1027=EDGE_CURVE('',#853,#854,#29,.T.);
#1028=EDGE_CURVE('',#854,#855,#455,.T.);
#1029=EDGE_CURVE('',#852,#855,#30,.T.);
#1030=EDGE_CURVE('',#853,#856,#456,.T.);
#1031=EDGE_CURVE('',#856,#857,#31,.T.);
#1032=EDGE_CURVE('',#857,#854,#457,.T.);
#1033=EDGE_CURVE('',#858,#857,#458,.T.);
#1034=EDGE_CURVE('',#856,#859,#459,.T.);
#1035=EDGE_CURVE('',#859,#858,#32,.T.);
#1036=EDGE_CURVE('',#855,#858,#460,.T.);
#1037=EDGE_CURVE('',#859,#852,#461,.T.);
#1038=EDGE_CURVE('',#855,#860,#462,.T.);
#1039=EDGE_CURVE('',#861,#860,#463,.T.);
#1040=EDGE_CURVE('',#858,#861,#464,.T.);
#1041=EDGE_CURVE('',#854,#862,#465,.T.);
#1042=EDGE_CURVE('',#862,#860,#466,.T.);
#1043=EDGE_CURVE('',#857,#863,#467,.T.);
#1044=EDGE_CURVE('',#863,#862,#468,.T.);
#1045=EDGE_CURVE('',#863,#861,#469,.T.);
#1046=EDGE_CURVE('',#864,#865,#470,.T.);
#1047=EDGE_CURVE('',#865,#866,#33,.T.);
#1048=EDGE_CURVE('',#866,#867,#471,.T.);
#1049=EDGE_CURVE('',#864,#867,#34,.T.);
#1050=EDGE_CURVE('',#865,#868,#472,.T.);
#1051=EDGE_CURVE('',#868,#869,#35,.T.);
#1052=EDGE_CURVE('',#869,#866,#473,.T.);
#1053=EDGE_CURVE('',#870,#869,#474,.T.);
#1054=EDGE_CURVE('',#868,#871,#475,.T.);
#1055=EDGE_CURVE('',#871,#870,#36,.T.);
#1056=EDGE_CURVE('',#867,#870,#476,.T.);
#1057=EDGE_CURVE('',#871,#864,#477,.T.);
#1058=EDGE_CURVE('',#867,#872,#478,.T.);
#1059=EDGE_CURVE('',#873,#872,#479,.T.);
#1060=EDGE_CURVE('',#870,#873,#480,.T.);
#1061=EDGE_CURVE('',#866,#874,#481,.T.);
#1062=EDGE_CURVE('',#872,#874,#482,.T.);
#1063=EDGE_CURVE('',#873,#875,#483,.T.);
#1064=EDGE_CURVE('',#869,#875,#484,.T.);
#1065=EDGE_CURVE('',#875,#874,#485,.T.);
#1066=EDGE_CURVE('',#876,#877,#486,.T.);
#1067=EDGE_CURVE('',#877,#878,#37,.T.);
#1068=EDGE_CURVE('',#878,#879,#487,.T.);
#1069=EDGE_CURVE('',#876,#879,#38,.T.);
#1070=EDGE_CURVE('',#877,#880,#488,.T.);
#1071=EDGE_CURVE('',#880,#881,#39,.T.);
#1072=EDGE_CURVE('',#881,#878,#489,.T.);
#1073=EDGE_CURVE('',#882,#881,#490,.T.);
#1074=EDGE_CURVE('',#880,#883,#491,.T.);
#1075=EDGE_CURVE('',#883,#882,#40,.T.);
#1076=EDGE_CURVE('',#879,#882,#492,.T.);
#1077=EDGE_CURVE('',#883,#876,#493,.T.);
#1078=EDGE_CURVE('',#879,#884,#494,.T.);
#1079=EDGE_CURVE('',#885,#884,#495,.T.);
#1080=EDGE_CURVE('',#882,#885,#496,.T.);
#1081=EDGE_CURVE('',#878,#886,#497,.T.);
#1082=EDGE_CURVE('',#884,#886,#498,.T.);
#1083=EDGE_CURVE('',#885,#887,#499,.T.);
#1084=EDGE_CURVE('',#881,#887,#500,.T.);
#1085=EDGE_CURVE('',#887,#886,#501,.T.);
#1086=EDGE_CURVE('',#888,#889,#502,.T.);
#1087=EDGE_CURVE('',#889,#890,#41,.T.);
#1088=EDGE_CURVE('',#890,#891,#503,.T.);
#1089=EDGE_CURVE('',#888,#891,#42,.T.);
#1090=EDGE_CURVE('',#889,#892,#504,.T.);
#1091=EDGE_CURVE('',#892,#893,#43,.T.);
#1092=EDGE_CURVE('',#893,#890,#505,.T.);
#1093=EDGE_CURVE('',#894,#893,#506,.T.);
#1094=EDGE_CURVE('',#892,#895,#507,.T.);
#1095=EDGE_CURVE('',#895,#894,#44,.T.);
#1096=EDGE_CURVE('',#891,#894,#508,.T.);
#1097=EDGE_CURVE('',#895,#888,#509,.T.);
#1098=EDGE_CURVE('',#891,#896,#510,.T.);
#1099=EDGE_CURVE('',#896,#897,#511,.T.);
#1100=EDGE_CURVE('',#894,#897,#512,.T.);
#1101=EDGE_CURVE('',#890,#898,#513,.T.);
#1102=EDGE_CURVE('',#898,#896,#514,.T.);
#1103=EDGE_CURVE('',#899,#897,#515,.T.);
#1104=EDGE_CURVE('',#893,#899,#516,.T.);
#1105=EDGE_CURVE('',#898,#899,#517,.T.);
#1106=EDGE_CURVE('',#900,#901,#518,.T.);
#1107=EDGE_CURVE('',#901,#902,#45,.T.);
#1108=EDGE_CURVE('',#902,#903,#519,.T.);
#1109=EDGE_CURVE('',#900,#903,#46,.T.);
#1110=EDGE_CURVE('',#901,#904,#520,.T.);
#1111=EDGE_CURVE('',#904,#905,#47,.T.);
#1112=EDGE_CURVE('',#905,#902,#521,.T.);
#1113=EDGE_CURVE('',#906,#905,#522,.T.);
#1114=EDGE_CURVE('',#904,#907,#523,.T.);
#1115=EDGE_CURVE('',#907,#906,#48,.T.);
#1116=EDGE_CURVE('',#903,#906,#524,.T.);
#1117=EDGE_CURVE('',#907,#900,#525,.T.);
#1118=EDGE_CURVE('',#903,#908,#526,.T.);
#1119=EDGE_CURVE('',#909,#908,#527,.T.);
#1120=EDGE_CURVE('',#906,#909,#528,.T.);
#1121=EDGE_CURVE('',#902,#910,#529,.T.);
#1122=EDGE_CURVE('',#910,#908,#530,.T.);
#1123=EDGE_CURVE('',#905,#911,#531,.T.);
#1124=EDGE_CURVE('',#911,#910,#532,.T.);
#1125=EDGE_CURVE('',#911,#909,#533,.T.);
#1126=EDGE_CURVE('',#912,#913,#534,.T.);
#1127=EDGE_CURVE('',#913,#914,#49,.T.);
#1128=EDGE_CURVE('',#914,#915,#535,.T.);
#1129=EDGE_CURVE('',#912,#915,#50,.T.);
#1130=EDGE_CURVE('',#913,#916,#536,.T.);
#1131=EDGE_CURVE('',#916,#917,#51,.T.);
#1132=EDGE_CURVE('',#917,#914,#537,.T.);
#1133=EDGE_CURVE('',#918,#917,#538,.T.);
#1134=EDGE_CURVE('',#916,#919,#539,.T.);
#1135=EDGE_CURVE('',#919,#918,#52,.T.);
#1136=EDGE_CURVE('',#915,#918,#540,.T.);
#1137=EDGE_CURVE('',#919,#912,#541,.T.);
#1138=EDGE_CURVE('',#915,#920,#542,.T.);
#1139=EDGE_CURVE('',#921,#920,#543,.T.);
#1140=EDGE_CURVE('',#918,#921,#544,.T.);
#1141=EDGE_CURVE('',#914,#922,#545,.T.);
#1142=EDGE_CURVE('',#922,#920,#546,.T.);
#1143=EDGE_CURVE('',#917,#923,#547,.T.);
#1144=EDGE_CURVE('',#923,#922,#548,.T.);
#1145=EDGE_CURVE('',#923,#921,#549,.T.);
#1146=EDGE_CURVE('',#924,#925,#550,.T.);
#1147=EDGE_CURVE('',#925,#926,#53,.T.);
#1148=EDGE_CURVE('',#926,#927,#551,.T.);
#1149=EDGE_CURVE('',#924,#927,#54,.T.);
#1150=EDGE_CURVE('',#925,#928,#552,.T.);
#1151=EDGE_CURVE('',#928,#929,#55,.T.);
#1152=EDGE_CURVE('',#929,#926,#553,.T.);
#1153=EDGE_CURVE('',#930,#929,#554,.T.);
#1154=EDGE_CURVE('',#928,#931,#555,.T.);
#1155=EDGE_CURVE('',#931,#930,#56,.T.);
#1156=EDGE_CURVE('',#927,#930,#556,.T.);
#1157=EDGE_CURVE('',#931,#924,#557,.T.);
#1158=EDGE_CURVE('',#927,#932,#558,.T.);
#1159=EDGE_CURVE('',#933,#932,#559,.T.);
#1160=EDGE_CURVE('',#930,#933,#560,.T.);
#1161=EDGE_CURVE('',#926,#934,#561,.T.);
#1162=EDGE_CURVE('',#934,#932,#562,.T.);
#1163=EDGE_CURVE('',#929,#935,#563,.T.);
#1164=EDGE_CURVE('',#935,#934,#564,.T.);
#1165=EDGE_CURVE('',#935,#933,#565,.T.);
#1166=EDGE_CURVE('',#936,#937,#566,.T.);
#1167=EDGE_CURVE('',#937,#938,#57,.T.);
#1168=EDGE_CURVE('',#938,#939,#567,.T.);
#1169=EDGE_CURVE('',#936,#939,#58,.T.);
#1170=EDGE_CURVE('',#937,#940,#568,.T.);
#1171=EDGE_CURVE('',#940,#941,#59,.T.);
#1172=EDGE_CURVE('',#941,#938,#569,.T.);
#1173=EDGE_CURVE('',#942,#941,#570,.T.);
#1174=EDGE_CURVE('',#940,#943,#571,.T.);
#1175=EDGE_CURVE('',#943,#942,#60,.T.);
#1176=EDGE_CURVE('',#939,#942,#572,.T.);
#1177=EDGE_CURVE('',#943,#936,#573,.T.);
#1178=EDGE_CURVE('',#939,#944,#574,.T.);
#1179=EDGE_CURVE('',#945,#944,#575,.T.);
#1180=EDGE_CURVE('',#942,#945,#576,.T.);
#1181=EDGE_CURVE('',#938,#946,#577,.T.);
#1182=EDGE_CURVE('',#946,#944,#578,.T.);
#1183=EDGE_CURVE('',#941,#947,#579,.T.);
#1184=EDGE_CURVE('',#947,#946,#580,.T.);
#1185=EDGE_CURVE('',#947,#945,#581,.T.);
#1186=EDGE_CURVE('',#948,#949,#582,.T.);
#1187=EDGE_CURVE('',#949,#950,#61,.T.);
#1188=EDGE_CURVE('',#950,#951,#583,.T.);
#1189=EDGE_CURVE('',#948,#951,#62,.T.);
#1190=EDGE_CURVE('',#949,#952,#584,.T.);
#1191=EDGE_CURVE('',#952,#953,#63,.T.);
#1192=EDGE_CURVE('',#953,#950,#585,.T.);
#1193=EDGE_CURVE('',#954,#953,#586,.T.);
#1194=EDGE_CURVE('',#952,#955,#587,.T.);
#1195=EDGE_CURVE('',#955,#954,#64,.T.);
#1196=EDGE_CURVE('',#951,#954,#588,.T.);
#1197=EDGE_CURVE('',#955,#948,#589,.T.);
#1198=EDGE_CURVE('',#951,#956,#590,.T.);
#1199=EDGE_CURVE('',#957,#956,#591,.T.);
#1200=EDGE_CURVE('',#954,#957,#592,.T.);
#1201=EDGE_CURVE('',#950,#958,#593,.T.);
#1202=EDGE_CURVE('',#958,#956,#594,.T.);
#1203=EDGE_CURVE('',#953,#959,#595,.T.);
#1204=EDGE_CURVE('',#959,#958,#596,.T.);
#1205=EDGE_CURVE('',#959,#957,#597,.T.);
#1206=EDGE_CURVE('',#960,#961,#598,.T.);
#1207=EDGE_CURVE('',#961,#962,#65,.T.);
#1208=EDGE_CURVE('',#962,#963,#599,.T.);
#1209=EDGE_CURVE('',#960,#963,#66,.T.);
#1210=EDGE_CURVE('',#961,#964,#600,.T.);
#1211=EDGE_CURVE('',#964,#965,#67,.T.);
#1212=EDGE_CURVE('',#965,#962,#601,.T.);
#1213=EDGE_CURVE('',#966,#965,#602,.T.);
#1214=EDGE_CURVE('',#964,#967,#603,.T.);
#1215=EDGE_CURVE('',#967,#966,#68,.T.);
#1216=EDGE_CURVE('',#963,#966,#604,.T.);
#1217=EDGE_CURVE('',#967,#960,#605,.T.);
#1218=EDGE_CURVE('',#963,#968,#606,.T.);
#1219=EDGE_CURVE('',#969,#968,#607,.T.);
#1220=EDGE_CURVE('',#966,#969,#608,.T.);
#1221=EDGE_CURVE('',#962,#970,#609,.T.);
#1222=EDGE_CURVE('',#970,#968,#610,.T.);
#1223=EDGE_CURVE('',#965,#971,#611,.T.);
#1224=EDGE_CURVE('',#971,#970,#612,.T.);
#1225=EDGE_CURVE('',#971,#969,#613,.T.);
#1226=EDGE_CURVE('',#972,#972,#19,.T.);
#1227=EDGE_CURVE('',#972,#973,#614,.T.);
#1228=EDGE_CURVE('',#973,#973,#20,.T.);
#1229=ORIENTED_EDGE('',*,*,#974,.F.);
#1230=ORIENTED_EDGE('',*,*,#975,.T.);
#1231=ORIENTED_EDGE('',*,*,#976,.T.);
#1232=ORIENTED_EDGE('',*,*,#977,.F.);
#1233=ORIENTED_EDGE('',*,*,#976,.F.);
#1234=ORIENTED_EDGE('',*,*,#978,.T.);
#1235=ORIENTED_EDGE('',*,*,#979,.T.);
#1236=ORIENTED_EDGE('',*,*,#980,.F.);
#1237=ORIENTED_EDGE('',*,*,#979,.F.);
#1238=ORIENTED_EDGE('',*,*,#981,.T.);
#1239=ORIENTED_EDGE('',*,*,#982,.T.);
#1240=ORIENTED_EDGE('',*,*,#983,.F.);
#1241=ORIENTED_EDGE('',*,*,#982,.F.);
#1242=ORIENTED_EDGE('',*,*,#984,.T.);
#1243=ORIENTED_EDGE('',*,*,#974,.T.);
#1244=ORIENTED_EDGE('',*,*,#985,.F.);
#1245=ORIENTED_EDGE('',*,*,#975,.F.);
#1246=ORIENTED_EDGE('',*,*,#984,.F.);
#1247=ORIENTED_EDGE('',*,*,#981,.F.);
#1248=ORIENTED_EDGE('',*,*,#978,.F.);
#1249=ORIENTED_EDGE('',*,*,#977,.T.);
#1250=ORIENTED_EDGE('',*,*,#980,.T.);
#1251=ORIENTED_EDGE('',*,*,#983,.T.);
#1252=ORIENTED_EDGE('',*,*,#985,.T.);
#1253=ORIENTED_EDGE('',*,*,#986,.T.);
#1254=ORIENTED_EDGE('',*,*,#987,.T.);
#1255=ORIENTED_EDGE('',*,*,#988,.T.);
#1256=ORIENTED_EDGE('',*,*,#989,.F.);
#1257=ORIENTED_EDGE('',*,*,#990,.T.);
#1258=ORIENTED_EDGE('',*,*,#991,.T.);
#1259=ORIENTED_EDGE('',*,*,#992,.T.);
#1260=ORIENTED_EDGE('',*,*,#987,.F.);
#1261=ORIENTED_EDGE('',*,*,#993,.T.);
#1262=ORIENTED_EDGE('',*,*,#991,.F.);
#1263=ORIENTED_EDGE('',*,*,#994,.T.);
#1264=ORIENTED_EDGE('',*,*,#995,.T.);
#1265=ORIENTED_EDGE('',*,*,#996,.T.);
#1266=ORIENTED_EDGE('',*,*,#995,.F.);
#1267=ORIENTED_EDGE('',*,*,#997,.T.);
#1268=ORIENTED_EDGE('',*,*,#989,.T.);
#1269=ORIENTED_EDGE('',*,*,#996,.F.);
#1270=ORIENTED_EDGE('',*,*,#998,.T.);
#1271=ORIENTED_EDGE('',*,*,#999,.F.);
#1272=ORIENTED_EDGE('',*,*,#1000,.F.);
#1273=ORIENTED_EDGE('',*,*,#988,.F.);
#1274=ORIENTED_EDGE('',*,*,#1001,.T.);
#1275=ORIENTED_EDGE('',*,*,#1002,.T.);
#1276=ORIENTED_EDGE('',*,*,#998,.F.);
#1277=ORIENTED_EDGE('',*,*,#986,.F.);
#1278=ORIENTED_EDGE('',*,*,#997,.F.);
#1279=ORIENTED_EDGE('',*,*,#994,.F.);
#1280=ORIENTED_EDGE('',*,*,#990,.F.);
#1281=ORIENTED_EDGE('',*,*,#992,.F.);
#1282=ORIENTED_EDGE('',*,*,#1003,.T.);
#1283=ORIENTED_EDGE('',*,*,#1004,.T.);
#1284=ORIENTED_EDGE('',*,*,#1001,.F.);
#1285=ORIENTED_EDGE('',*,*,#993,.F.);
#1286=ORIENTED_EDGE('',*,*,#1000,.T.);
#1287=ORIENTED_EDGE('',*,*,#1005,.F.);
#1288=ORIENTED_EDGE('',*,*,#1003,.F.);
#1289=ORIENTED_EDGE('',*,*,#1004,.F.);
#1290=ORIENTED_EDGE('',*,*,#1005,.T.);
#1291=ORIENTED_EDGE('',*,*,#999,.T.);
#1292=ORIENTED_EDGE('',*,*,#1002,.F.);
#1293=ORIENTED_EDGE('',*,*,#1006,.T.);
#1294=ORIENTED_EDGE('',*,*,#1007,.T.);
#1295=ORIENTED_EDGE('',*,*,#1008,.T.);
#1296=ORIENTED_EDGE('',*,*,#1009,.F.);
#1297=ORIENTED_EDGE('',*,*,#1010,.T.);
#1298=ORIENTED_EDGE('',*,*,#1011,.T.);
#1299=ORIENTED_EDGE('',*,*,#1012,.T.);
#1300=ORIENTED_EDGE('',*,*,#1007,.F.);
#1301=ORIENTED_EDGE('',*,*,#1013,.T.);
#1302=ORIENTED_EDGE('',*,*,#1011,.F.);
#1303=ORIENTED_EDGE('',*,*,#1014,.T.);
#1304=ORIENTED_EDGE('',*,*,#1015,.T.);
#1305=ORIENTED_EDGE('',*,*,#1016,.T.);
#1306=ORIENTED_EDGE('',*,*,#1015,.F.);
#1307=ORIENTED_EDGE('',*,*,#1017,.T.);
#1308=ORIENTED_EDGE('',*,*,#1009,.T.);
#1309=ORIENTED_EDGE('',*,*,#1016,.F.);
#1310=ORIENTED_EDGE('',*,*,#1018,.T.);
#1311=ORIENTED_EDGE('',*,*,#1019,.F.);
#1312=ORIENTED_EDGE('',*,*,#1020,.F.);
#1313=ORIENTED_EDGE('',*,*,#1008,.F.);
#1314=ORIENTED_EDGE('',*,*,#1021,.T.);
#1315=ORIENTED_EDGE('',*,*,#1022,.T.);
#1316=ORIENTED_EDGE('',*,*,#1018,.F.);
#1317=ORIENTED_EDGE('',*,*,#1006,.F.);
#1318=ORIENTED_EDGE('',*,*,#1017,.F.);
#1319=ORIENTED_EDGE('',*,*,#1014,.F.);
#1320=ORIENTED_EDGE('',*,*,#1010,.F.);
#1321=ORIENTED_EDGE('',*,*,#1012,.F.);
#1322=ORIENTED_EDGE('',*,*,#1023,.T.);
#1323=ORIENTED_EDGE('',*,*,#1024,.T.);
#1324=ORIENTED_EDGE('',*,*,#1021,.F.);
#1325=ORIENTED_EDGE('',*,*,#1013,.F.);
#1326=ORIENTED_EDGE('',*,*,#1020,.T.);
#1327=ORIENTED_EDGE('',*,*,#1025,.F.);
#1328=ORIENTED_EDGE('',*,*,#1023,.F.);
#1329=ORIENTED_EDGE('',*,*,#1024,.F.);
#1330=ORIENTED_EDGE('',*,*,#1025,.T.);
#1331=ORIENTED_EDGE('',*,*,#1019,.T.);
#1332=ORIENTED_EDGE('',*,*,#1022,.F.);
#1333=ORIENTED_EDGE('',*,*,#1026,.T.);
#1334=ORIENTED_EDGE('',*,*,#1027,.T.);
#1335=ORIENTED_EDGE('',*,*,#1028,.T.);
#1336=ORIENTED_EDGE('',*,*,#1029,.F.);
#1337=ORIENTED_EDGE('',*,*,#1030,.T.);
#1338=ORIENTED_EDGE('',*,*,#1031,.T.);
#1339=ORIENTED_EDGE('',*,*,#1032,.T.);
#1340=ORIENTED_EDGE('',*,*,#1027,.F.);
#1341=ORIENTED_EDGE('',*,*,#1033,.T.);
#1342=ORIENTED_EDGE('',*,*,#1031,.F.);
#1343=ORIENTED_EDGE('',*,*,#1034,.T.);
#1344=ORIENTED_EDGE('',*,*,#1035,.T.);
#1345=ORIENTED_EDGE('',*,*,#1036,.T.);
#1346=ORIENTED_EDGE('',*,*,#1035,.F.);
#1347=ORIENTED_EDGE('',*,*,#1037,.T.);
#1348=ORIENTED_EDGE('',*,*,#1029,.T.);
#1349=ORIENTED_EDGE('',*,*,#1036,.F.);
#1350=ORIENTED_EDGE('',*,*,#1038,.T.);
#1351=ORIENTED_EDGE('',*,*,#1039,.F.);
#1352=ORIENTED_EDGE('',*,*,#1040,.F.);
#1353=ORIENTED_EDGE('',*,*,#1028,.F.);
#1354=ORIENTED_EDGE('',*,*,#1041,.T.);
#1355=ORIENTED_EDGE('',*,*,#1042,.T.);
#1356=ORIENTED_EDGE('',*,*,#1038,.F.);
#1357=ORIENTED_EDGE('',*,*,#1026,.F.);
#1358=ORIENTED_EDGE('',*,*,#1037,.F.);
#1359=ORIENTED_EDGE('',*,*,#1034,.F.);
#1360=ORIENTED_EDGE('',*,*,#1030,.F.);
#1361=ORIENTED_EDGE('',*,*,#1032,.F.);
#1362=ORIENTED_EDGE('',*,*,#1043,.T.);
#1363=ORIENTED_EDGE('',*,*,#1044,.T.);
#1364=ORIENTED_EDGE('',*,*,#1041,.F.);
#1365=ORIENTED_EDGE('',*,*,#1033,.F.);
#1366=ORIENTED_EDGE('',*,*,#1040,.T.);
#1367=ORIENTED_EDGE('',*,*,#1045,.F.);
#1368=ORIENTED_EDGE('',*,*,#1043,.F.);
#1369=ORIENTED_EDGE('',*,*,#1044,.F.);
#1370=ORIENTED_EDGE('',*,*,#1045,.T.);
#1371=ORIENTED_EDGE('',*,*,#1039,.T.);
#1372=ORIENTED_EDGE('',*,*,#1042,.F.);
#1373=ORIENTED_EDGE('',*,*,#1046,.T.);
#1374=ORIENTED_EDGE('',*,*,#1047,.T.);
#1375=ORIENTED_EDGE('',*,*,#1048,.T.);
#1376=ORIENTED_EDGE('',*,*,#1049,.F.);
#1377=ORIENTED_EDGE('',*,*,#1050,.T.);
#1378=ORIENTED_EDGE('',*,*,#1051,.T.);
#1379=ORIENTED_EDGE('',*,*,#1052,.T.);
#1380=ORIENTED_EDGE('',*,*,#1047,.F.);
#1381=ORIENTED_EDGE('',*,*,#1053,.T.);
#1382=ORIENTED_EDGE('',*,*,#1051,.F.);
#1383=ORIENTED_EDGE('',*,*,#1054,.T.);
#1384=ORIENTED_EDGE('',*,*,#1055,.T.);
#1385=ORIENTED_EDGE('',*,*,#1056,.T.);
#1386=ORIENTED_EDGE('',*,*,#1055,.F.);
#1387=ORIENTED_EDGE('',*,*,#1057,.T.);
#1388=ORIENTED_EDGE('',*,*,#1049,.T.);
#1389=ORIENTED_EDGE('',*,*,#1056,.F.);
#1390=ORIENTED_EDGE('',*,*,#1058,.T.);
#1391=ORIENTED_EDGE('',*,*,#1059,.F.);
#1392=ORIENTED_EDGE('',*,*,#1060,.F.);
#1393=ORIENTED_EDGE('',*,*,#1048,.F.);
#1394=ORIENTED_EDGE('',*,*,#1061,.T.);
#1395=ORIENTED_EDGE('',*,*,#1062,.F.);
#1396=ORIENTED_EDGE('',*,*,#1058,.F.);
#1397=ORIENTED_EDGE('',*,*,#1046,.F.);
#1398=ORIENTED_EDGE('',*,*,#1057,.F.);
#1399=ORIENTED_EDGE('',*,*,#1054,.F.);
#1400=ORIENTED_EDGE('',*,*,#1050,.F.);
#1401=ORIENTED_EDGE('',*,*,#1053,.F.);
#1402=ORIENTED_EDGE('',*,*,#1060,.T.);
#1403=ORIENTED_EDGE('',*,*,#1063,.T.);
#1404=ORIENTED_EDGE('',*,*,#1064,.F.);
#1405=ORIENTED_EDGE('',*,*,#1052,.F.);
#1406=ORIENTED_EDGE('',*,*,#1064,.T.);
#1407=ORIENTED_EDGE('',*,*,#1065,.T.);
#1408=ORIENTED_EDGE('',*,*,#1061,.F.);
#1409=ORIENTED_EDGE('',*,*,#1063,.F.);
#1410=ORIENTED_EDGE('',*,*,#1059,.T.);
#1411=ORIENTED_EDGE('',*,*,#1062,.T.);
#1412=ORIENTED_EDGE('',*,*,#1065,.F.);
#1413=ORIENTED_EDGE('',*,*,#1066,.T.);
#1414=ORIENTED_EDGE('',*,*,#1067,.T.);
#1415=ORIENTED_EDGE('',*,*,#1068,.T.);
#1416=ORIENTED_EDGE('',*,*,#1069,.F.);
#1417=ORIENTED_EDGE('',*,*,#1070,.T.);
#1418=ORIENTED_EDGE('',*,*,#1071,.T.);
#1419=ORIENTED_EDGE('',*,*,#1072,.T.);
#1420=ORIENTED_EDGE('',*,*,#1067,.F.);
#1421=ORIENTED_EDGE('',*,*,#1073,.T.);
#1422=ORIENTED_EDGE('',*,*,#1071,.F.);
#1423=ORIENTED_EDGE('',*,*,#1074,.T.);
#1424=ORIENTED_EDGE('',*,*,#1075,.T.);
#1425=ORIENTED_EDGE('',*,*,#1076,.T.);
#1426=ORIENTED_EDGE('',*,*,#1075,.F.);
#1427=ORIENTED_EDGE('',*,*,#1077,.T.);
#1428=ORIENTED_EDGE('',*,*,#1069,.T.);
#1429=ORIENTED_EDGE('',*,*,#1076,.F.);
#1430=ORIENTED_EDGE('',*,*,#1078,.T.);
#1431=ORIENTED_EDGE('',*,*,#1079,.F.);
#1432=ORIENTED_EDGE('',*,*,#1080,.F.);
#1433=ORIENTED_EDGE('',*,*,#1068,.F.);
#1434=ORIENTED_EDGE('',*,*,#1081,.T.);
#1435=ORIENTED_EDGE('',*,*,#1082,.F.);
#1436=ORIENTED_EDGE('',*,*,#1078,.F.);
#1437=ORIENTED_EDGE('',*,*,#1066,.F.);
#1438=ORIENTED_EDGE('',*,*,#1077,.F.);
#1439=ORIENTED_EDGE('',*,*,#1074,.F.);
#1440=ORIENTED_EDGE('',*,*,#1070,.F.);
#1441=ORIENTED_EDGE('',*,*,#1073,.F.);
#1442=ORIENTED_EDGE('',*,*,#1080,.T.);
#1443=ORIENTED_EDGE('',*,*,#1083,.T.);
#1444=ORIENTED_EDGE('',*,*,#1084,.F.);
#1445=ORIENTED_EDGE('',*,*,#1072,.F.);
#1446=ORIENTED_EDGE('',*,*,#1084,.T.);
#1447=ORIENTED_EDGE('',*,*,#1085,.T.);
#1448=ORIENTED_EDGE('',*,*,#1081,.F.);
#1449=ORIENTED_EDGE('',*,*,#1083,.F.);
#1450=ORIENTED_EDGE('',*,*,#1079,.T.);
#1451=ORIENTED_EDGE('',*,*,#1082,.T.);
#1452=ORIENTED_EDGE('',*,*,#1085,.F.);
#1453=ORIENTED_EDGE('',*,*,#1086,.T.);
#1454=ORIENTED_EDGE('',*,*,#1087,.T.);
#1455=ORIENTED_EDGE('',*,*,#1088,.T.);
#1456=ORIENTED_EDGE('',*,*,#1089,.F.);
#1457=ORIENTED_EDGE('',*,*,#1090,.T.);
#1458=ORIENTED_EDGE('',*,*,#1091,.T.);
#1459=ORIENTED_EDGE('',*,*,#1092,.T.);
#1460=ORIENTED_EDGE('',*,*,#1087,.F.);
#1461=ORIENTED_EDGE('',*,*,#1093,.T.);
#1462=ORIENTED_EDGE('',*,*,#1091,.F.);
#1463=ORIENTED_EDGE('',*,*,#1094,.T.);
#1464=ORIENTED_EDGE('',*,*,#1095,.T.);
#1465=ORIENTED_EDGE('',*,*,#1096,.T.);
#1466=ORIENTED_EDGE('',*,*,#1095,.F.);
#1467=ORIENTED_EDGE('',*,*,#1097,.T.);
#1468=ORIENTED_EDGE('',*,*,#1089,.T.);
#1469=ORIENTED_EDGE('',*,*,#1096,.F.);
#1470=ORIENTED_EDGE('',*,*,#1098,.T.);
#1471=ORIENTED_EDGE('',*,*,#1099,.T.);
#1472=ORIENTED_EDGE('',*,*,#1100,.F.);
#1473=ORIENTED_EDGE('',*,*,#1088,.F.);
#1474=ORIENTED_EDGE('',*,*,#1101,.T.);
#1475=ORIENTED_EDGE('',*,*,#1102,.T.);
#1476=ORIENTED_EDGE('',*,*,#1098,.F.);
#1477=ORIENTED_EDGE('',*,*,#1086,.F.);
#1478=ORIENTED_EDGE('',*,*,#1097,.F.);
#1479=ORIENTED_EDGE('',*,*,#1094,.F.);
#1480=ORIENTED_EDGE('',*,*,#1090,.F.);
#1481=ORIENTED_EDGE('',*,*,#1093,.F.);
#1482=ORIENTED_EDGE('',*,*,#1100,.T.);
#1483=ORIENTED_EDGE('',*,*,#1103,.F.);
#1484=ORIENTED_EDGE('',*,*,#1104,.F.);
#1485=ORIENTED_EDGE('',*,*,#1092,.F.);
#1486=ORIENTED_EDGE('',*,*,#1104,.T.);
#1487=ORIENTED_EDGE('',*,*,#1105,.F.);
#1488=ORIENTED_EDGE('',*,*,#1101,.F.);
#1489=ORIENTED_EDGE('',*,*,#1102,.F.);
#1490=ORIENTED_EDGE('',*,*,#1105,.T.);
#1491=ORIENTED_EDGE('',*,*,#1103,.T.);
#1492=ORIENTED_EDGE('',*,*,#1099,.F.);
#1493=ORIENTED_EDGE('',*,*,#1106,.T.);
#1494=ORIENTED_EDGE('',*,*,#1107,.T.);
#1495=ORIENTED_EDGE('',*,*,#1108,.T.);
#1496=ORIENTED_EDGE('',*,*,#1109,.F.);
#1497=ORIENTED_EDGE('',*,*,#1110,.T.);
#1498=ORIENTED_EDGE('',*,*,#1111,.T.);
#1499=ORIENTED_EDGE('',*,*,#1112,.T.);
#1500=ORIENTED_EDGE('',*,*,#1107,.F.);
#1501=ORIENTED_EDGE('',*,*,#1113,.T.);
#1502=ORIENTED_EDGE('',*,*,#1111,.F.);
#1503=ORIENTED_EDGE('',*,*,#1114,.T.);
#1504=ORIENTED_EDGE('',*,*,#1115,.T.);
#1505=ORIENTED_EDGE('',*,*,#1116,.T.);
#1506=ORIENTED_EDGE('',*,*,#1115,.F.);
#1507=ORIENTED_EDGE('',*,*,#1117,.T.);
#1508=ORIENTED_EDGE('',*,*,#1109,.T.);
#1509=ORIENTED_EDGE('',*,*,#1116,.F.);
#1510=ORIENTED_EDGE('',*,*,#1118,.T.);
#1511=ORIENTED_EDGE('',*,*,#1119,.F.);
#1512=ORIENTED_EDGE('',*,*,#1120,.F.);
#1513=ORIENTED_EDGE('',*,*,#1108,.F.);
#1514=ORIENTED_EDGE('',*,*,#1121,.T.);
#1515=ORIENTED_EDGE('',*,*,#1122,.T.);
#1516=ORIENTED_EDGE('',*,*,#1118,.F.);
#1517=ORIENTED_EDGE('',*,*,#1106,.F.);
#1518=ORIENTED_EDGE('',*,*,#1117,.F.);
#1519=ORIENTED_EDGE('',*,*,#1114,.F.);
#1520=ORIENTED_EDGE('',*,*,#1110,.F.);
#1521=ORIENTED_EDGE('',*,*,#1112,.F.);
#1522=ORIENTED_EDGE('',*,*,#1123,.T.);
#1523=ORIENTED_EDGE('',*,*,#1124,.T.);
#1524=ORIENTED_EDGE('',*,*,#1121,.F.);
#1525=ORIENTED_EDGE('',*,*,#1113,.F.);
#1526=ORIENTED_EDGE('',*,*,#1120,.T.);
#1527=ORIENTED_EDGE('',*,*,#1125,.F.);
#1528=ORIENTED_EDGE('',*,*,#1123,.F.);
#1529=ORIENTED_EDGE('',*,*,#1124,.F.);
#1530=ORIENTED_EDGE('',*,*,#1125,.T.);
#1531=ORIENTED_EDGE('',*,*,#1119,.T.);
#1532=ORIENTED_EDGE('',*,*,#1122,.F.);
#1533=ORIENTED_EDGE('',*,*,#1126,.T.);
#1534=ORIENTED_EDGE('',*,*,#1127,.T.);
#1535=ORIENTED_EDGE('',*,*,#1128,.T.);
#1536=ORIENTED_EDGE('',*,*,#1129,.F.);
#1537=ORIENTED_EDGE('',*,*,#1130,.T.);
#1538=ORIENTED_EDGE('',*,*,#1131,.T.);
#1539=ORIENTED_EDGE('',*,*,#1132,.T.);
#1540=ORIENTED_EDGE('',*,*,#1127,.F.);
#1541=ORIENTED_EDGE('',*,*,#1133,.T.);
#1542=ORIENTED_EDGE('',*,*,#1131,.F.);
#1543=ORIENTED_EDGE('',*,*,#1134,.T.);
#1544=ORIENTED_EDGE('',*,*,#1135,.T.);
#1545=ORIENTED_EDGE('',*,*,#1136,.T.);
#1546=ORIENTED_EDGE('',*,*,#1135,.F.);
#1547=ORIENTED_EDGE('',*,*,#1137,.T.);
#1548=ORIENTED_EDGE('',*,*,#1129,.T.);
#1549=ORIENTED_EDGE('',*,*,#1136,.F.);
#1550=ORIENTED_EDGE('',*,*,#1138,.T.);
#1551=ORIENTED_EDGE('',*,*,#1139,.F.);
#1552=ORIENTED_EDGE('',*,*,#1140,.F.);
#1553=ORIENTED_EDGE('',*,*,#1128,.F.);
#1554=ORIENTED_EDGE('',*,*,#1141,.T.);
#1555=ORIENTED_EDGE('',*,*,#1142,.T.);
#1556=ORIENTED_EDGE('',*,*,#1138,.F.);
#1557=ORIENTED_EDGE('',*,*,#1126,.F.);
#1558=ORIENTED_EDGE('',*,*,#1137,.F.);
#1559=ORIENTED_EDGE('',*,*,#1134,.F.);
#1560=ORIENTED_EDGE('',*,*,#1130,.F.);
#1561=ORIENTED_EDGE('',*,*,#1132,.F.);
#1562=ORIENTED_EDGE('',*,*,#1143,.T.);
#1563=ORIENTED_EDGE('',*,*,#1144,.T.);
#1564=ORIENTED_EDGE('',*,*,#1141,.F.);
#1565=ORIENTED_EDGE('',*,*,#1133,.F.);
#1566=ORIENTED_EDGE('',*,*,#1140,.T.);
#1567=ORIENTED_EDGE('',*,*,#1145,.F.);
#1568=ORIENTED_EDGE('',*,*,#1143,.F.);
#1569=ORIENTED_EDGE('',*,*,#1144,.F.);
#1570=ORIENTED_EDGE('',*,*,#1145,.T.);
#1571=ORIENTED_EDGE('',*,*,#1139,.T.);
#1572=ORIENTED_EDGE('',*,*,#1142,.F.);
#1573=ORIENTED_EDGE('',*,*,#1146,.T.);
#1574=ORIENTED_EDGE('',*,*,#1147,.T.);
#1575=ORIENTED_EDGE('',*,*,#1148,.T.);
#1576=ORIENTED_EDGE('',*,*,#1149,.F.);
#1577=ORIENTED_EDGE('',*,*,#1150,.T.);
#1578=ORIENTED_EDGE('',*,*,#1151,.T.);
#1579=ORIENTED_EDGE('',*,*,#1152,.T.);
#1580=ORIENTED_EDGE('',*,*,#1147,.F.);
#1581=ORIENTED_EDGE('',*,*,#1153,.T.);
#1582=ORIENTED_EDGE('',*,*,#1151,.F.);
#1583=ORIENTED_EDGE('',*,*,#1154,.T.);
#1584=ORIENTED_EDGE('',*,*,#1155,.T.);
#1585=ORIENTED_EDGE('',*,*,#1156,.T.);
#1586=ORIENTED_EDGE('',*,*,#1155,.F.);
#1587=ORIENTED_EDGE('',*,*,#1157,.T.);
#1588=ORIENTED_EDGE('',*,*,#1149,.T.);
#1589=ORIENTED_EDGE('',*,*,#1156,.F.);
#1590=ORIENTED_EDGE('',*,*,#1158,.T.);
#1591=ORIENTED_EDGE('',*,*,#1159,.F.);
#1592=ORIENTED_EDGE('',*,*,#1160,.F.);
#1593=ORIENTED_EDGE('',*,*,#1148,.F.);
#1594=ORIENTED_EDGE('',*,*,#1161,.T.);
#1595=ORIENTED_EDGE('',*,*,#1162,.T.);
#1596=ORIENTED_EDGE('',*,*,#1158,.F.);
#1597=ORIENTED_EDGE('',*,*,#1146,.F.);
#1598=ORIENTED_EDGE('',*,*,#1157,.F.);
#1599=ORIENTED_EDGE('',*,*,#1154,.F.);
#1600=ORIENTED_EDGE('',*,*,#1150,.F.);
#1601=ORIENTED_EDGE('',*,*,#1152,.F.);
#1602=ORIENTED_EDGE('',*,*,#1163,.T.);
#1603=ORIENTED_EDGE('',*,*,#1164,.T.);
#1604=ORIENTED_EDGE('',*,*,#1161,.F.);
#1605=ORIENTED_EDGE('',*,*,#1153,.F.);
#1606=ORIENTED_EDGE('',*,*,#1160,.T.);
#1607=ORIENTED_EDGE('',*,*,#1165,.F.);
#1608=ORIENTED_EDGE('',*,*,#1163,.F.);
#1609=ORIENTED_EDGE('',*,*,#1164,.F.);
#1610=ORIENTED_EDGE('',*,*,#1165,.T.);
#1611=ORIENTED_EDGE('',*,*,#1159,.T.);
#1612=ORIENTED_EDGE('',*,*,#1162,.F.);
#1613=ORIENTED_EDGE('',*,*,#1166,.T.);
#1614=ORIENTED_EDGE('',*,*,#1167,.T.);
#1615=ORIENTED_EDGE('',*,*,#1168,.T.);
#1616=ORIENTED_EDGE('',*,*,#1169,.F.);
#1617=ORIENTED_EDGE('',*,*,#1170,.T.);
#1618=ORIENTED_EDGE('',*,*,#1171,.T.);
#1619=ORIENTED_EDGE('',*,*,#1172,.T.);
#1620=ORIENTED_EDGE('',*,*,#1167,.F.);
#1621=ORIENTED_EDGE('',*,*,#1173,.T.);
#1622=ORIENTED_EDGE('',*,*,#1171,.F.);
#1623=ORIENTED_EDGE('',*,*,#1174,.T.);
#1624=ORIENTED_EDGE('',*,*,#1175,.T.);
#1625=ORIENTED_EDGE('',*,*,#1176,.T.);
#1626=ORIENTED_EDGE('',*,*,#1175,.F.);
#1627=ORIENTED_EDGE('',*,*,#1177,.T.);
#1628=ORIENTED_EDGE('',*,*,#1169,.T.);
#1629=ORIENTED_EDGE('',*,*,#1176,.F.);
#1630=ORIENTED_EDGE('',*,*,#1178,.T.);
#1631=ORIENTED_EDGE('',*,*,#1179,.F.);
#1632=ORIENTED_EDGE('',*,*,#1180,.F.);
#1633=ORIENTED_EDGE('',*,*,#1168,.F.);
#1634=ORIENTED_EDGE('',*,*,#1181,.T.);
#1635=ORIENTED_EDGE('',*,*,#1182,.T.);
#1636=ORIENTED_EDGE('',*,*,#1178,.F.);
#1637=ORIENTED_EDGE('',*,*,#1166,.F.);
#1638=ORIENTED_EDGE('',*,*,#1177,.F.);
#1639=ORIENTED_EDGE('',*,*,#1174,.F.);
#1640=ORIENTED_EDGE('',*,*,#1170,.F.);
#1641=ORIENTED_EDGE('',*,*,#1172,.F.);
#1642=ORIENTED_EDGE('',*,*,#1183,.T.);
#1643=ORIENTED_EDGE('',*,*,#1184,.T.);
#1644=ORIENTED_EDGE('',*,*,#1181,.F.);
#1645=ORIENTED_EDGE('',*,*,#1173,.F.);
#1646=ORIENTED_EDGE('',*,*,#1180,.T.);
#1647=ORIENTED_EDGE('',*,*,#1185,.F.);
#1648=ORIENTED_EDGE('',*,*,#1183,.F.);
#1649=ORIENTED_EDGE('',*,*,#1184,.F.);
#1650=ORIENTED_EDGE('',*,*,#1185,.T.);
#1651=ORIENTED_EDGE('',*,*,#1179,.T.);
#1652=ORIENTED_EDGE('',*,*,#1182,.F.);
#1653=ORIENTED_EDGE('',*,*,#1186,.T.);
#1654=ORIENTED_EDGE('',*,*,#1187,.T.);
#1655=ORIENTED_EDGE('',*,*,#1188,.T.);
#1656=ORIENTED_EDGE('',*,*,#1189,.F.);
#1657=ORIENTED_EDGE('',*,*,#1190,.T.);
#1658=ORIENTED_EDGE('',*,*,#1191,.T.);
#1659=ORIENTED_EDGE('',*,*,#1192,.T.);
#1660=ORIENTED_EDGE('',*,*,#1187,.F.);
#1661=ORIENTED_EDGE('',*,*,#1193,.T.);
#1662=ORIENTED_EDGE('',*,*,#1191,.F.);
#1663=ORIENTED_EDGE('',*,*,#1194,.T.);
#1664=ORIENTED_EDGE('',*,*,#1195,.T.);
#1665=ORIENTED_EDGE('',*,*,#1196,.T.);
#1666=ORIENTED_EDGE('',*,*,#1195,.F.);
#1667=ORIENTED_EDGE('',*,*,#1197,.T.);
#1668=ORIENTED_EDGE('',*,*,#1189,.T.);
#1669=ORIENTED_EDGE('',*,*,#1196,.F.);
#1670=ORIENTED_EDGE('',*,*,#1198,.T.);
#1671=ORIENTED_EDGE('',*,*,#1199,.F.);
#1672=ORIENTED_EDGE('',*,*,#1200,.F.);
#1673=ORIENTED_EDGE('',*,*,#1188,.F.);
#1674=ORIENTED_EDGE('',*,*,#1201,.T.);
#1675=ORIENTED_EDGE('',*,*,#1202,.T.);
#1676=ORIENTED_EDGE('',*,*,#1198,.F.);
#1677=ORIENTED_EDGE('',*,*,#1186,.F.);
#1678=ORIENTED_EDGE('',*,*,#1197,.F.);
#1679=ORIENTED_EDGE('',*,*,#1194,.F.);
#1680=ORIENTED_EDGE('',*,*,#1190,.F.);
#1681=ORIENTED_EDGE('',*,*,#1192,.F.);
#1682=ORIENTED_EDGE('',*,*,#1203,.T.);
#1683=ORIENTED_EDGE('',*,*,#1204,.T.);
#1684=ORIENTED_EDGE('',*,*,#1201,.F.);
#1685=ORIENTED_EDGE('',*,*,#1193,.F.);
#1686=ORIENTED_EDGE('',*,*,#1200,.T.);
#1687=ORIENTED_EDGE('',*,*,#1205,.F.);
#1688=ORIENTED_EDGE('',*,*,#1203,.F.);
#1689=ORIENTED_EDGE('',*,*,#1204,.F.);
#1690=ORIENTED_EDGE('',*,*,#1205,.T.);
#1691=ORIENTED_EDGE('',*,*,#1199,.T.);
#1692=ORIENTED_EDGE('',*,*,#1202,.F.);
#1693=ORIENTED_EDGE('',*,*,#1206,.T.);
#1694=ORIENTED_EDGE('',*,*,#1207,.T.);
#1695=ORIENTED_EDGE('',*,*,#1208,.T.);
#1696=ORIENTED_EDGE('',*,*,#1209,.F.);
#1697=ORIENTED_EDGE('',*,*,#1210,.T.);
#1698=ORIENTED_EDGE('',*,*,#1211,.T.);
#1699=ORIENTED_EDGE('',*,*,#1212,.T.);
#1700=ORIENTED_EDGE('',*,*,#1207,.F.);
#1701=ORIENTED_EDGE('',*,*,#1213,.T.);
#1702=ORIENTED_EDGE('',*,*,#1211,.F.);
#1703=ORIENTED_EDGE('',*,*,#1214,.T.);
#1704=ORIENTED_EDGE('',*,*,#1215,.T.);
#1705=ORIENTED_EDGE('',*,*,#1216,.T.);
#1706=ORIENTED_EDGE('',*,*,#1215,.F.);
#1707=ORIENTED_EDGE('',*,*,#1217,.T.);
#1708=ORIENTED_EDGE('',*,*,#1209,.T.);
#1709=ORIENTED_EDGE('',*,*,#1216,.F.);
#1710=ORIENTED_EDGE('',*,*,#1218,.T.);
#1711=ORIENTED_EDGE('',*,*,#1219,.F.);
#1712=ORIENTED_EDGE('',*,*,#1220,.F.);
#1713=ORIENTED_EDGE('',*,*,#1208,.F.);
#1714=ORIENTED_EDGE('',*,*,#1221,.T.);
#1715=ORIENTED_EDGE('',*,*,#1222,.T.);
#1716=ORIENTED_EDGE('',*,*,#1218,.F.);
#1717=ORIENTED_EDGE('',*,*,#1206,.F.);
#1718=ORIENTED_EDGE('',*,*,#1217,.F.);
#1719=ORIENTED_EDGE('',*,*,#1214,.F.);
#1720=ORIENTED_EDGE('',*,*,#1210,.F.);
#1721=ORIENTED_EDGE('',*,*,#1212,.F.);
#1722=ORIENTED_EDGE('',*,*,#1223,.T.);
#1723=ORIENTED_EDGE('',*,*,#1224,.T.);
#1724=ORIENTED_EDGE('',*,*,#1221,.F.);
#1725=ORIENTED_EDGE('',*,*,#1213,.F.);
#1726=ORIENTED_EDGE('',*,*,#1220,.T.);
#1727=ORIENTED_EDGE('',*,*,#1225,.F.);
#1728=ORIENTED_EDGE('',*,*,#1223,.F.);
#1729=ORIENTED_EDGE('',*,*,#1224,.F.);
#1730=ORIENTED_EDGE('',*,*,#1225,.T.);
#1731=ORIENTED_EDGE('',*,*,#1219,.T.);
#1732=ORIENTED_EDGE('',*,*,#1222,.F.);
#1733=ORIENTED_EDGE('',*,*,#1226,.F.);
#1734=ORIENTED_EDGE('',*,*,#1227,.T.);
#1735=ORIENTED_EDGE('',*,*,#1228,.T.);
#1736=ORIENTED_EDGE('',*,*,#1227,.F.);
#1737=ORIENTED_EDGE('',*,*,#1226,.T.);
#1738=ORIENTED_EDGE('',*,*,#1228,.F.);
#1739=PLANE('',#1987);
#1740=PLANE('',#1988);
#1741=PLANE('',#1989);
#1742=PLANE('',#1990);
#1743=PLANE('',#1991);
#1744=PLANE('',#1992);
#1745=PLANE('',#2002);
#1746=PLANE('',#2003);
#1747=PLANE('',#2004);
#1748=PLANE('',#2005);
#1749=PLANE('',#2006);
#1750=PLANE('',#2007);
#1751=PLANE('',#2016);
#1752=PLANE('',#2017);
#1753=PLANE('',#2018);
#1754=PLANE('',#2019);
#1755=PLANE('',#2020);
#1756=PLANE('',#2021);
#1757=PLANE('',#2030);
#1758=PLANE('',#2031);
#1759=PLANE('',#2032);
#1760=PLANE('',#2033);
#1761=PLANE('',#2034);
#1762=PLANE('',#2035);
#1763=PLANE('',#2044);
#1764=PLANE('',#2045);
#1765=PLANE('',#2046);
#1766=PLANE('',#2047);
#1767=PLANE('',#2048);
#1768=PLANE('',#2049);
#1769=PLANE('',#2058);
#1770=PLANE('',#2059);
#1771=PLANE('',#2060);
#1772=PLANE('',#2061);
#1773=PLANE('',#2062);
#1774=PLANE('',#2063);
#1775=PLANE('',#2072);
#1776=PLANE('',#2073);
#1777=PLANE('',#2074);
#1778=PLANE('',#2075);
#1779=PLANE('',#2076);
#1780=PLANE('',#2077);
#1781=PLANE('',#2086);
#1782=PLANE('',#2087);
#1783=PLANE('',#2088);
#1784=PLANE('',#2089);
#1785=PLANE('',#2090);
#1786=PLANE('',#2091);
#1787=PLANE('',#2100);
#1788=PLANE('',#2101);
#1789=PLANE('',#2102);
#1790=PLANE('',#2103);
#1791=PLANE('',#2104);
#1792=PLANE('',#2105);
#1793=PLANE('',#2114);
#1794=PLANE('',#2115);
#1795=PLANE('',#2116);
#1796=PLANE('',#2117);
#1797=PLANE('',#2118);
#1798=PLANE('',#2119);
#1799=PLANE('',#2128);
#1800=PLANE('',#2129);
#1801=PLANE('',#2130);
#1802=PLANE('',#2131);
#1803=PLANE('',#2132);
#1804=PLANE('',#2133);
#1805=PLANE('',#2142);
#1806=PLANE('',#2143);
#1807=PLANE('',#2144);
#1808=PLANE('',#2145);
#1809=PLANE('',#2146);
#1810=PLANE('',#2147);
#1811=PLANE('',#2156);
#1812=PLANE('',#2157);
#1813=PLANE('',#2158);
#1814=PLANE('',#2159);
#1815=PLANE('',#2160);
#1816=PLANE('',#2161);
#1817=PLANE('',#2165);
#1818=PLANE('',#2166);
#1819=ADVANCED_FACE('',(#152),#1739,.F.);
#1820=ADVANCED_FACE('',(#153),#1740,.F.);
#1821=ADVANCED_FACE('',(#154),#1741,.F.);
#1822=ADVANCED_FACE('',(#155),#1742,.F.);
#1823=ADVANCED_FACE('',(#156),#1743,.F.);
#1824=ADVANCED_FACE('',(#157),#1744,.T.);
#1825=ADVANCED_FACE('',(#158),#69,.T.);
#1826=ADVANCED_FACE('',(#159),#70,.T.);
#1827=ADVANCED_FACE('',(#160),#71,.T.);
#1828=ADVANCED_FACE('',(#161),#72,.T.);
#1829=ADVANCED_FACE('',(#162),#1745,.T.);
#1830=ADVANCED_FACE('',(#163),#1746,.T.);
#1831=ADVANCED_FACE('',(#164),#1747,.F.);
#1832=ADVANCED_FACE('',(#165),#1748,.F.);
#1833=ADVANCED_FACE('',(#166),#1749,.F.);
#1834=ADVANCED_FACE('',(#167),#1750,.T.);
#1835=ADVANCED_FACE('',(#168),#73,.T.);
#1836=ADVANCED_FACE('',(#169),#74,.T.);
#1837=ADVANCED_FACE('',(#170),#75,.T.);
#1838=ADVANCED_FACE('',(#171),#76,.T.);
#1839=ADVANCED_FACE('',(#172),#1751,.T.);
#1840=ADVANCED_FACE('',(#173),#1752,.T.);
#1841=ADVANCED_FACE('',(#174),#1753,.F.);
#1842=ADVANCED_FACE('',(#175),#1754,.F.);
#1843=ADVANCED_FACE('',(#176),#1755,.F.);
#1844=ADVANCED_FACE('',(#177),#1756,.T.);
#1845=ADVANCED_FACE('',(#178),#77,.T.);
#1846=ADVANCED_FACE('',(#179),#78,.T.);
#1847=ADVANCED_FACE('',(#180),#79,.T.);
#1848=ADVANCED_FACE('',(#181),#80,.T.);
#1849=ADVANCED_FACE('',(#182),#1757,.T.);
#1850=ADVANCED_FACE('',(#183),#1758,.T.);
#1851=ADVANCED_FACE('',(#184),#1759,.F.);
#1852=ADVANCED_FACE('',(#185),#1760,.F.);
#1853=ADVANCED_FACE('',(#186),#1761,.F.);
#1854=ADVANCED_FACE('',(#187),#1762,.T.);
#1855=ADVANCED_FACE('',(#188),#81,.T.);
#1856=ADVANCED_FACE('',(#189),#82,.T.);
#1857=ADVANCED_FACE('',(#190),#83,.T.);
#1858=ADVANCED_FACE('',(#191),#84,.T.);
#1859=ADVANCED_FACE('',(#192),#1763,.F.);
#1860=ADVANCED_FACE('',(#193),#1764,.T.);
#1861=ADVANCED_FACE('',(#194),#1765,.F.);
#1862=ADVANCED_FACE('',(#195),#1766,.F.);
#1863=ADVANCED_FACE('',(#196),#1767,.T.);
#1864=ADVANCED_FACE('',(#197),#1768,.T.);
#1865=ADVANCED_FACE('',(#198),#85,.T.);
#1866=ADVANCED_FACE('',(#199),#86,.T.);
#1867=ADVANCED_FACE('',(#200),#87,.T.);
#1868=ADVANCED_FACE('',(#201),#88,.T.);
#1869=ADVANCED_FACE('',(#202),#1769,.F.);
#1870=ADVANCED_FACE('',(#203),#1770,.T.);
#1871=ADVANCED_FACE('',(#204),#1771,.F.);
#1872=ADVANCED_FACE('',(#205),#1772,.F.);
#1873=ADVANCED_FACE('',(#206),#1773,.T.);
#1874=ADVANCED_FACE('',(#207),#1774,.T.);
#1875=ADVANCED_FACE('',(#208),#89,.T.);
#1876=ADVANCED_FACE('',(#209),#90,.T.);
#1877=ADVANCED_FACE('',(#210),#91,.T.);
#1878=ADVANCED_FACE('',(#211),#92,.T.);
#1879=ADVANCED_FACE('',(#212),#1775,.T.);
#1880=ADVANCED_FACE('',(#213),#1776,.F.);
#1881=ADVANCED_FACE('',(#214),#1777,.F.);
#1882=ADVANCED_FACE('',(#215),#1778,.T.);
#1883=ADVANCED_FACE('',(#216),#1779,.F.);
#1884=ADVANCED_FACE('',(#217),#1780,.T.);
#1885=ADVANCED_FACE('',(#218),#93,.T.);
#1886=ADVANCED_FACE('',(#219),#94,.T.);
#1887=ADVANCED_FACE('',(#220),#95,.T.);
#1888=ADVANCED_FACE('',(#221),#96,.T.);
#1889=ADVANCED_FACE('',(#222),#1781,.T.);
#1890=ADVANCED_FACE('',(#223),#1782,.T.);
#1891=ADVANCED_FACE('',(#224),#1783,.F.);
#1892=ADVANCED_FACE('',(#225),#1784,.F.);
#1893=ADVANCED_FACE('',(#226),#1785,.F.);
#1894=ADVANCED_FACE('',(#227),#1786,.T.);
#1895=ADVANCED_FACE('',(#228),#97,.T.);
#1896=ADVANCED_FACE('',(#229),#98,.T.);
#1897=ADVANCED_FACE('',(#230),#99,.T.);
#1898=ADVANCED_FACE('',(#231),#100,.T.);
#1899=ADVANCED_FACE('',(#232),#1787,.T.);
#1900=ADVANCED_FACE('',(#233),#1788,.T.);
#1901=ADVANCED_FACE('',(#234),#1789,.F.);
#1902=ADVANCED_FACE('',(#235),#1790,.F.);
#1903=ADVANCED_FACE('',(#236),#1791,.F.);
#1904=ADVANCED_FACE('',(#237),#1792,.T.);
#1905=ADVANCED_FACE('',(#238),#101,.T.);
#1906=ADVANCED_FACE('',(#239),#102,.T.);
#1907=ADVANCED_FACE('',(#240),#103,.T.);
#1908=ADVANCED_FACE('',(#241),#104,.T.);
#1909=ADVANCED_FACE('',(#242),#1793,.T.);
#1910=ADVANCED_FACE('',(#243),#1794,.T.);
#1911=ADVANCED_FACE('',(#244),#1795,.F.);
#1912=ADVANCED_FACE('',(#245),#1796,.F.);
#1913=ADVANCED_FACE('',(#246),#1797,.F.);
#1914=ADVANCED_FACE('',(#247),#1798,.T.);
#1915=ADVANCED_FACE('',(#248),#105,.T.);
#1916=ADVANCED_FACE('',(#249),#106,.T.);
#1917=ADVANCED_FACE('',(#250),#107,.T.);
#1918=ADVANCED_FACE('',(#251),#108,.T.);
#1919=ADVANCED_FACE('',(#252),#1799,.T.);
#1920=ADVANCED_FACE('',(#253),#1800,.T.);
#1921=ADVANCED_FACE('',(#254),#1801,.F.);
#1922=ADVANCED_FACE('',(#255),#1802,.F.);
#1923=ADVANCED_FACE('',(#256),#1803,.F.);
#1924=ADVANCED_FACE('',(#257),#1804,.T.);
#1925=ADVANCED_FACE('',(#258),#109,.T.);
#1926=ADVANCED_FACE('',(#259),#110,.T.);
#1927=ADVANCED_FACE('',(#260),#111,.T.);
#1928=ADVANCED_FACE('',(#261),#112,.T.);
#1929=ADVANCED_FACE('',(#262),#1805,.T.);
#1930=ADVANCED_FACE('',(#263),#1806,.T.);
#1931=ADVANCED_FACE('',(#264),#1807,.F.);
#1932=ADVANCED_FACE('',(#265),#1808,.F.);
#1933=ADVANCED_FACE('',(#266),#1809,.F.);
#1934=ADVANCED_FACE('',(#267),#1810,.T.);
#1935=ADVANCED_FACE('',(#268),#113,.T.);
#1936=ADVANCED_FACE('',(#269),#114,.T.);
#1937=ADVANCED_FACE('',(#270),#115,.T.);
#1938=ADVANCED_FACE('',(#271),#116,.T.);
#1939=ADVANCED_FACE('',(#272),#1811,.T.);
#1940=ADVANCED_FACE('',(#273),#1812,.T.);
#1941=ADVANCED_FACE('',(#274),#1813,.F.);
#1942=ADVANCED_FACE('',(#275),#1814,.F.);
#1943=ADVANCED_FACE('',(#276),#1815,.F.);
#1944=ADVANCED_FACE('',(#277),#1816,.T.);
#1945=ADVANCED_FACE('',(#278),#117,.T.);
#1946=ADVANCED_FACE('',(#279),#1817,.T.);
#1947=ADVANCED_FACE('',(#280),#1818,.F.);
#1948=CLOSED_SHELL('',(#1819,#1820,#1821,#1822,#1823,#1824));
#1949=CLOSED_SHELL('',(#1825,#1826,#1827,#1828,#1829,#1830,#1831,#1832,
#1833,#1834));
#1950=CLOSED_SHELL('',(#1835,#1836,#1837,#1838,#1839,#1840,#1841,#1842,
#1843,#1844));
#1951=CLOSED_SHELL('',(#1845,#1846,#1847,#1848,#1849,#1850,#1851,#1852,
#1853,#1854));
#1952=CLOSED_SHELL('',(#1855,#1856,#1857,#1858,#1859,#1860,#1861,#1862,
#1863,#1864));
#1953=CLOSED_SHELL('',(#1865,#1866,#1867,#1868,#1869,#1870,#1871,#1872,
#1873,#1874));
#1954=CLOSED_SHELL('',(#1875,#1876,#1877,#1878,#1879,#1880,#1881,#1882,
#1883,#1884));
#1955=CLOSED_SHELL('',(#1885,#1886,#1887,#1888,#1889,#1890,#1891,#1892,
#1893,#1894));
#1956=CLOSED_SHELL('',(#1895,#1896,#1897,#1898,#1899,#1900,#1901,#1902,
#1903,#1904));
#1957=CLOSED_SHELL('',(#1905,#1906,#1907,#1908,#1909,#1910,#1911,#1912,
#1913,#1914));
#1958=CLOSED_SHELL('',(#1915,#1916,#1917,#1918,#1919,#1920,#1921,#1922,
#1923,#1924));
#1959=CLOSED_SHELL('',(#1925,#1926,#1927,#1928,#1929,#1930,#1931,#1932,
#1933,#1934));
#1960=CLOSED_SHELL('',(#1935,#1936,#1937,#1938,#1939,#1940,#1941,#1942,
#1943,#1944));
#1961=CLOSED_SHELL('',(#1945,#1946,#1947));
#1962=DERIVED_UNIT_ELEMENT(#1966,1.);
#1963=DERIVED_UNIT_ELEMENT(#3294,-3.);
#1964=DERIVED_UNIT_ELEMENT(#1966,1.);
#1965=DERIVED_UNIT_ELEMENT(#3294,-3.);
#1966=(
MASS_UNIT()
NAMED_UNIT(*)
SI_UNIT(.KILO.,.GRAM.)
);
#1967=DERIVED_UNIT((#1962,#1963));
#1968=DERIVED_UNIT((#1964,#1965));
#1969=MEASURE_REPRESENTATION_ITEM('density measure',
POSITIVE_RATIO_MEASURE(7850.),#1967);
#1970=MEASURE_REPRESENTATION_ITEM('density measure',
POSITIVE_RATIO_MEASURE(7850.),#1968);
#1971=PROPERTY_DEFINITION_REPRESENTATION(#1981,#1975);
#1972=PROPERTY_DEFINITION_REPRESENTATION(#1982,#1976);
#1973=PROPERTY_DEFINITION_REPRESENTATION(#1983,#1977);
#1974=PROPERTY_DEFINITION_REPRESENTATION(#1984,#1978);
#1975=REPRESENTATION('material name',(#1979),#3290);
#1976=REPRESENTATION('density',(#1969),#3290);
#1977=REPRESENTATION('material name',(#1980),#3291);
#1978=REPRESENTATION('density',(#1970),#3291);
#1979=DESCRIPTIVE_REPRESENTATION_ITEM('Steel','Steel');
#1980=DESCRIPTIVE_REPRESENTATION_ITEM('Steel','Steel');
#1981=PROPERTY_DEFINITION('material property','material name',#3310);
#1982=PROPERTY_DEFINITION('material property','density of part',#3310);
#1983=PROPERTY_DEFINITION('material property','material name',#3311);
#1984=PROPERTY_DEFINITION('material property','density of part',#3311);
#1985=AXIS2_PLACEMENT_3D('',#2742,#2169,#2170);
#1986=AXIS2_PLACEMENT_3D('',#2743,#2171,#2172);
#1987=AXIS2_PLACEMENT_3D('',#2744,#2173,#2174);
#1988=AXIS2_PLACEMENT_3D('',#2753,#2179,#2180);
#1989=AXIS2_PLACEMENT_3D('',#2759,#2184,#2185);
#1990=AXIS2_PLACEMENT_3D('',#2765,#2189,#2190);
#1991=AXIS2_PLACEMENT_3D('',#2768,#2193,#2194);
#1992=AXIS2_PLACEMENT_3D('',#2769,#2195,#2196);
#1993=AXIS2_PLACEMENT_3D('',#2770,#2197,#2198);
#1994=AXIS2_PLACEMENT_3D('',#2771,#2199,#2200);
#1995=AXIS2_PLACEMENT_3D('',#2776,#2202,#2203);
#1996=AXIS2_PLACEMENT_3D('',#2779,#2205,#2206);
#1997=AXIS2_PLACEMENT_3D('',#2780,#2207,#2208);
#1998=AXIS2_PLACEMENT_3D('',#2784,#2210,#2211);
#1999=AXIS2_PLACEMENT_3D('',#2786,#2213,#2214);
#2000=AXIS2_PLACEMENT_3D('',#2791,#2217,#2218);
#2001=AXIS2_PLACEMENT_3D('',#2792,#2219,#2220);
#2002=AXIS2_PLACEMENT_3D('',#2795,#2223,#2224);
#2003=AXIS2_PLACEMENT_3D('',#2801,#2228,#2229);
#2004=AXIS2_PLACEMENT_3D('',#2805,#2232,#2233);
#2005=AXIS2_PLACEMENT_3D('',#2806,#2234,#2235);
#2006=AXIS2_PLACEMENT_3D('',#2810,#2238,#2239);
#2007=AXIS2_PLACEMENT_3D('',#2812,#2241,#2242);
#2008=AXIS2_PLACEMENT_3D('',#2813,#2243,#2244);
#2009=AXIS2_PLACEMENT_3D('',#2818,#2246,#2247);
#2010=AXIS2_PLACEMENT_3D('',#2821,#2249,#2250);
#2011=AXIS2_PLACEMENT_3D('',#2822,#2251,#2252);
#2012=AXIS2_PLACEMENT_3D('',#2826,#2254,#2255);
#2013=AXIS2_PLACEMENT_3D('',#2828,#2257,#2258);
#2014=AXIS2_PLACEMENT_3D('',#2833,#2261,#2262);
#2015=AXIS2_PLACEMENT_3D('',#2834,#2263,#2264);
#2016=AXIS2_PLACEMENT_3D('',#2837,#2267,#2268);
#2017=AXIS2_PLACEMENT_3D('',#2843,#2272,#2273);
#2018=AXIS2_PLACEMENT_3D('',#2847,#2276,#2277);
#2019=AXIS2_PLACEMENT_3D('',#2848,#2278,#2279);
#2020=AXIS2_PLACEMENT_3D('',#2852,#2282,#2283);
#2021=AXIS2_PLACEMENT_3D('',#2854,#2285,#2286);
#2022=AXIS2_PLACEMENT_3D('',#2855,#2287,#2288);
#2023=AXIS2_PLACEMENT_3D('',#2860,#2290,#2291);
#2024=AXIS2_PLACEMENT_3D('',#2863,#2293,#2294);
#2025=AXIS2_PLACEMENT_3D('',#2864,#2295,#2296);
#2026=AXIS2_PLACEMENT_3D('',#2868,#2298,#2299);
#2027=AXIS2_PLACEMENT_3D('',#2870,#2301,#2302);
#2028=AXIS2_PLACEMENT_3D('',#2875,#2305,#2306);
#2029=AXIS2_PLACEMENT_3D('',#2876,#2307,#2308);
#2030=AXIS2_PLACEMENT_3D('',#2879,#2311,#2312);
#2031=AXIS2_PLACEMENT_3D('',#2885,#2316,#2317);
#2032=AXIS2_PLACEMENT_3D('',#2889,#2320,#2321);
#2033=AXIS2_PLACEMENT_3D('',#2890,#2322,#2323);
#2034=AXIS2_PLACEMENT_3D('',#2894,#2326,#2327);
#2035=AXIS2_PLACEMENT_3D('',#2896,#2329,#2330);
#2036=AXIS2_PLACEMENT_3D('',#2897,#2331,#2332);
#2037=AXIS2_PLACEMENT_3D('',#2902,#2334,#2335);
#2038=AXIS2_PLACEMENT_3D('',#2905,#2337,#2338);
#2039=AXIS2_PLACEMENT_3D('',#2906,#2339,#2340);
#2040=AXIS2_PLACEMENT_3D('',#2910,#2342,#2343);
#2041=AXIS2_PLACEMENT_3D('',#2912,#2345,#2346);
#2042=AXIS2_PLACEMENT_3D('',#2917,#2349,#2350);
#2043=AXIS2_PLACEMENT_3D('',#2918,#2351,#2352);
#2044=AXIS2_PLACEMENT_3D('',#2921,#2355,#2356);
#2045=AXIS2_PLACEMENT_3D('',#2927,#2360,#2361);
#2046=AXIS2_PLACEMENT_3D('',#2931,#2364,#2365);
#2047=AXIS2_PLACEMENT_3D('',#2932,#2366,#2367);
#2048=AXIS2_PLACEMENT_3D('',#2936,#2370,#2371);
#2049=AXIS2_PLACEMENT_3D('',#2938,#2373,#2374);
#2050=AXIS2_PLACEMENT_3D('',#2939,#2375,#2376);
#2051=AXIS2_PLACEMENT_3D('',#2944,#2378,#2379);
#2052=AXIS2_PLACEMENT_3D('',#2947,#2381,#2382);
#2053=AXIS2_PLACEMENT_3D('',#2948,#2383,#2384);
#2054=AXIS2_PLACEMENT_3D('',#2952,#2386,#2387);
#2055=AXIS2_PLACEMENT_3D('',#2954,#2389,#2390);
#2056=AXIS2_PLACEMENT_3D('',#2959,#2393,#2394);
#2057=AXIS2_PLACEMENT_3D('',#2960,#2395,#2396);
#2058=AXIS2_PLACEMENT_3D('',#2963,#2399,#2400);
#2059=AXIS2_PLACEMENT_3D('',#2969,#2404,#2405);
#2060=AXIS2_PLACEMENT_3D('',#2973,#2408,#2409);
#2061=AXIS2_PLACEMENT_3D('',#2974,#2410,#2411);
#2062=AXIS2_PLACEMENT_3D('',#2978,#2414,#2415);
#2063=AXIS2_PLACEMENT_3D('',#2980,#2417,#2418);
#2064=AXIS2_PLACEMENT_3D('',#2981,#2419,#2420);
#2065=AXIS2_PLACEMENT_3D('',#2986,#2422,#2423);
#2066=AXIS2_PLACEMENT_3D('',#2989,#2425,#2426);
#2067=AXIS2_PLACEMENT_3D('',#2990,#2427,#2428);
#2068=AXIS2_PLACEMENT_3D('',#2994,#2430,#2431);
#2069=AXIS2_PLACEMENT_3D('',#2996,#2433,#2434);
#2070=AXIS2_PLACEMENT_3D('',#3001,#2437,#2438);
#2071=AXIS2_PLACEMENT_3D('',#3002,#2439,#2440);
#2072=AXIS2_PLACEMENT_3D('',#3005,#2443,#2444);
#2073=AXIS2_PLACEMENT_3D('',#3011,#2448,#2449);
#2074=AXIS2_PLACEMENT_3D('',#3015,#2452,#2453);
#2075=AXIS2_PLACEMENT_3D('',#3016,#2454,#2455);
#2076=AXIS2_PLACEMENT_3D('',#3020,#2458,#2459);
#2077=AXIS2_PLACEMENT_3D('',#3022,#2461,#2462);
#2078=AXIS2_PLACEMENT_3D('',#3023,#2463,#2464);
#2079=AXIS2_PLACEMENT_3D('',#3028,#2466,#2467);
#2080=AXIS2_PLACEMENT_3D('',#3031,#2469,#2470);
#2081=AXIS2_PLACEMENT_3D('',#3032,#2471,#2472);
#2082=AXIS2_PLACEMENT_3D('',#3036,#2474,#2475);
#2083=AXIS2_PLACEMENT_3D('',#3038,#2477,#2478);
#2084=AXIS2_PLACEMENT_3D('',#3043,#2481,#2482);
#2085=AXIS2_PLACEMENT_3D('',#3044,#2483,#2484);
#2086=AXIS2_PLACEMENT_3D('',#3047,#2487,#2488);
#2087=AXIS2_PLACEMENT_3D('',#3053,#2492,#2493);
#2088=AXIS2_PLACEMENT_3D('',#3057,#2496,#2497);
#2089=AXIS2_PLACEMENT_3D('',#3058,#2498,#2499);
#2090=AXIS2_PLACEMENT_3D('',#3062,#2502,#2503);
#2091=AXIS2_PLACEMENT_3D('',#3064,#2505,#2506);
#2092=AXIS2_PLACEMENT_3D('',#3065,#2507,#2508);
#2093=AXIS2_PLACEMENT_3D('',#3070,#2510,#2511);
#2094=AXIS2_PLACEMENT_3D('',#3073,#2513,#2514);
#2095=AXIS2_PLACEMENT_3D('',#3074,#2515,#2516);
#2096=AXIS2_PLACEMENT_3D('',#3078,#2518,#2519);
#2097=AXIS2_PLACEMENT_3D('',#3080,#2521,#2522);
#2098=AXIS2_PLACEMENT_3D('',#3085,#2525,#2526);
#2099=AXIS2_PLACEMENT_3D('',#3086,#2527,#2528);
#2100=AXIS2_PLACEMENT_3D('',#3089,#2531,#2532);
#2101=AXIS2_PLACEMENT_3D('',#3095,#2536,#2537);
#2102=AXIS2_PLACEMENT_3D('',#3099,#2540,#2541);
#2103=AXIS2_PLACEMENT_3D('',#3100,#2542,#2543);
#2104=AXIS2_PLACEMENT_3D('',#3104,#2546,#2547);
#2105=AXIS2_PLACEMENT_3D('',#3106,#2549,#2550);
#2106=AXIS2_PLACEMENT_3D('',#3107,#2551,#2552);
#2107=AXIS2_PLACEMENT_3D('',#3112,#2554,#2555);
#2108=AXIS2_PLACEMENT_3D('',#3115,#2557,#2558);
#2109=AXIS2_PLACEMENT_3D('',#3116,#2559,#2560);
#2110=AXIS2_PLACEMENT_3D('',#3120,#2562,#2563);
#2111=AXIS2_PLACEMENT_3D('',#3122,#2565,#2566);
#2112=AXIS2_PLACEMENT_3D('',#3127,#2569,#2570);
#2113=AXIS2_PLACEMENT_3D('',#3128,#2571,#2572);
#2114=AXIS2_PLACEMENT_3D('',#3131,#2575,#2576);
#2115=AXIS2_PLACEMENT_3D('',#3137,#2580,#2581);
#2116=AXIS2_PLACEMENT_3D('',#3141,#2584,#2585);
#2117=AXIS2_PLACEMENT_3D('',#3142,#2586,#2587);
#2118=AXIS2_PLACEMENT_3D('',#3146,#2590,#2591);
#2119=AXIS2_PLACEMENT_3D('',#3148,#2593,#2594);
#2120=AXIS2_PLACEMENT_3D('',#3149,#2595,#2596);
#2121=AXIS2_PLACEMENT_3D('',#3154,#2598,#2599);
#2122=AXIS2_PLACEMENT_3D('',#3157,#2601,#2602);
#2123=AXIS2_PLACEMENT_3D('',#3158,#2603,#2604);
#2124=AXIS2_PLACEMENT_3D('',#3162,#2606,#2607);
#2125=AXIS2_PLACEMENT_3D('',#3164,#2609,#2610);
#2126=AXIS2_PLACEMENT_3D('',#3169,#2613,#2614);
#2127=AXIS2_PLACEMENT_3D('',#3170,#2615,#2616);
#2128=AXIS2_PLACEMENT_3D('',#3173,#2619,#2620);
#2129=AXIS2_PLACEMENT_3D('',#3179,#2624,#2625);
#2130=AXIS2_PLACEMENT_3D('',#3183,#2628,#2629);
#2131=AXIS2_PLACEMENT_3D('',#3184,#2630,#2631);
#2132=AXIS2_PLACEMENT_3D('',#3188,#2634,#2635);
#2133=AXIS2_PLACEMENT_3D('',#3190,#2637,#2638);
#2134=AXIS2_PLACEMENT_3D('',#3191,#2639,#2640);
#2135=AXIS2_PLACEMENT_3D('',#3196,#2642,#2643);
#2136=AXIS2_PLACEMENT_3D('',#3199,#2645,#2646);
#2137=AXIS2_PLACEMENT_3D('',#3200,#2647,#2648);
#2138=AXIS2_PLACEMENT_3D('',#3204,#2650,#2651);
#2139=AXIS2_PLACEMENT_3D('',#3206,#2653,#2654);
#2140=AXIS2_PLACEMENT_3D('',#3211,#2657,#2658);
#2141=AXIS2_PLACEMENT_3D('',#3212,#2659,#2660);
#2142=AXIS2_PLACEMENT_3D('',#3215,#2663,#2664);
#2143=AXIS2_PLACEMENT_3D('',#3221,#2668,#2669);
#2144=AXIS2_PLACEMENT_3D('',#3225,#2672,#2673);
#2145=AXIS2_PLACEMENT_3D('',#3226,#2674,#2675);
#2146=AXIS2_PLACEMENT_3D('',#3230,#2678,#2679);
#2147=AXIS2_PLACEMENT_3D('',#3232,#2681,#2682);
#2148=AXIS2_PLACEMENT_3D('',#3233,#2683,#2684);
#2149=AXIS2_PLACEMENT_3D('',#3238,#2686,#2687);
#2150=AXIS2_PLACEMENT_3D('',#3241,#2689,#2690);
#2151=AXIS2_PLACEMENT_3D('',#3242,#2691,#2692);
#2152=AXIS2_PLACEMENT_3D('',#3246,#2694,#2695);
#2153=AXIS2_PLACEMENT_3D('',#3248,#2697,#2698);
#2154=AXIS2_PLACEMENT_3D('',#3253,#2701,#2702);
#2155=AXIS2_PLACEMENT_3D('',#3254,#2703,#2704);
#2156=AXIS2_PLACEMENT_3D('',#3257,#2707,#2708);
#2157=AXIS2_PLACEMENT_3D('',#3263,#2712,#2713);
#2158=AXIS2_PLACEMENT_3D('',#3267,#2716,#2717);
#2159=AXIS2_PLACEMENT_3D('',#3268,#2718,#2719);
#2160=AXIS2_PLACEMENT_3D('',#3272,#2722,#2723);
#2161=AXIS2_PLACEMENT_3D('',#3274,#2725,#2726);
#2162=AXIS2_PLACEMENT_3D('',#3275,#2727,#2728);
#2163=AXIS2_PLACEMENT_3D('',#3277,#2729,#2730);
#2164=AXIS2_PLACEMENT_3D('',#3280,#2732,#2733);
#2165=AXIS2_PLACEMENT_3D('',#3281,#2734,#2735);
#2166=AXIS2_PLACEMENT_3D('',#3282,#2736,#2737);
#2167=AXIS2_PLACEMENT_3D('',#3283,#2738,#2739);
#2168=AXIS2_PLACEMENT_3D('',#3284,#2740,#2741);
#2169=DIRECTION('axis',(0.,0.,1.));
#2170=DIRECTION('refdir',(1.,0.,0.));
#2171=DIRECTION('axis',(0.,0.,1.));
#2172=DIRECTION('refdir',(1.,0.,0.));
#2173=DIRECTION('center_axis',(0.,1.,0.));
#2174=DIRECTION('ref_axis',(1.,0.,0.));
#2175=DIRECTION('',(0.,0.,1.));
#2176=DIRECTION('',(1.,0.,0.));
#2177=DIRECTION('',(0.,0.,1.));
#2178=DIRECTION('',(1.,0.,0.));
#2179=DIRECTION('center_axis',(-1.,0.,0.));
#2180=DIRECTION('ref_axis',(0.,1.,0.));
#2181=DIRECTION('',(0.,1.,0.));
#2182=DIRECTION('',(0.,0.,1.));
#2183=DIRECTION('',(0.,1.,0.));
#2184=DIRECTION('center_axis',(0.,-1.,0.));
#2185=DIRECTION('ref_axis',(-1.,0.,0.));
#2186=DIRECTION('',(-1.,0.,0.));
#2187=DIRECTION('',(0.,0.,1.));
#2188=DIRECTION('',(-1.,0.,0.));
#2189=DIRECTION('center_axis',(1.,0.,0.));
#2190=DIRECTION('ref_axis',(0.,-1.,0.));
#2191=DIRECTION('',(0.,-1.,0.));
#2192=DIRECTION('',(0.,-1.,0.));
#2193=DIRECTION('center_axis',(0.,0.,1.));
#2194=DIRECTION('ref_axis',(1.,0.,0.));
#2195=DIRECTION('center_axis',(0.,0.,1.));
#2196=DIRECTION('ref_axis',(1.,0.,0.));
#2197=DIRECTION('axis',(0.,0.,1.));
#2198=DIRECTION('refdir',(1.,0.,0.));
#2199=DIRECTION('center_axis',(1.,0.,0.));
#2200=DIRECTION('ref_axis',(0.,0.707106781186548,-0.707106781186547));
#2201=DIRECTION('',(-1.,0.,0.));
#2202=DIRECTION('center_axis',(0.707106781186548,0.707106781186548,0.));
#2203=DIRECTION('ref_axis',(-0.707106781186547,0.707106781186547,0.));
#2204=DIRECTION('',(1.,0.,0.));
#2205=DIRECTION('center_axis',(0.707106781186548,-0.707106781186548,0.));
#2206=DIRECTION('ref_axis',(-0.707106781186547,-0.707106781186547,0.));
#2207=DIRECTION('center_axis',(0.,1.,0.));
#2208=DIRECTION('ref_axis',(-0.707106781186548,0.,-0.707106781186547));
#2209=DIRECTION('',(0.,-1.,0.));
#2210=DIRECTION('center_axis',(-0.707106781186548,0.707106781186548,0.));
#2211=DIRECTION('ref_axis',(-0.707106781186547,-0.707106781186547,0.));
#2212=DIRECTION('',(0.,1.,0.));
#2213=DIRECTION('center_axis',(1.,0.,0.));
#2214=DIRECTION('ref_axis',(0.,-0.707106781186548,-0.707106781186547));
#2215=DIRECTION('',(-1.,0.,0.));
#2216=DIRECTION('',(1.,0.,0.));
#2217=DIRECTION('center_axis',(-0.707106781186548,-0.707106781186548,0.));
#2218=DIRECTION('ref_axis',(-0.707106781186547,0.707106781186547,0.));
#2219=DIRECTION('center_axis',(0.,1.,0.));
#2220=DIRECTION('ref_axis',(0.707106781186548,0.,-0.707106781186547));
#2221=DIRECTION('',(0.,-1.,0.));
#2222=DIRECTION('',(0.,1.,0.));
#2223=DIRECTION('center_axis',(1.,0.,0.));
#2224=DIRECTION('ref_axis',(0.,0.,1.));
#2225=DIRECTION('',(0.,0.,1.));
#2226=DIRECTION('',(0.,1.,0.));
#2227=DIRECTION('',(0.,0.,1.));
#2228=DIRECTION('center_axis',(0.,1.,0.));
#2229=DIRECTION('ref_axis',(0.,0.,1.));
#2230=DIRECTION('',(0.,0.,1.));
#2231=DIRECTION('',(1.,0.,0.));
#2232=DIRECTION('center_axis',(0.,0.,1.));
#2233=DIRECTION('ref_axis',(1.,0.,0.));
#2234=DIRECTION('center_axis',(1.,0.,0.));
#2235=DIRECTION('ref_axis',(0.,0.,1.));
#2236=DIRECTION('',(0.,0.,1.));
#2237=DIRECTION('',(0.,1.,0.));
#2238=DIRECTION('center_axis',(0.,1.,0.));
#2239=DIRECTION('ref_axis',(0.,0.,1.));
#2240=DIRECTION('',(1.,0.,0.));
#2241=DIRECTION('center_axis',(0.,0.,1.));
#2242=DIRECTION('ref_axis',(1.,0.,0.));
#2243=DIRECTION('center_axis',(1.,0.,0.));
#2244=DIRECTION('ref_axis',(0.,0.707106781186547,-0.707106781186548));
#2245=DIRECTION('',(-1.,0.,0.));
#2246=DIRECTION('center_axis',(0.707106781186547,0.707106781186548,0.));
#2247=DIRECTION('ref_axis',(-0.707106781186548,0.707106781186547,0.));
#2248=DIRECTION('',(1.,0.,0.));
#2249=DIRECTION('center_axis',(0.707106781186547,-0.707106781186548,0.));
#2250=DIRECTION('ref_axis',(-0.707106781186548,-0.707106781186547,0.));
#2251=DIRECTION('center_axis',(0.,1.,0.));
#2252=DIRECTION('ref_axis',(-0.707106781186548,0.,-0.707106781186547));
#2253=DIRECTION('',(0.,-1.,0.));
#2254=DIRECTION('center_axis',(-0.707106781186548,0.707106781186548,0.));
#2255=DIRECTION('ref_axis',(-0.707106781186547,-0.707106781186547,0.));
#2256=DIRECTION('',(0.,1.,0.));
#2257=DIRECTION('center_axis',(1.,0.,0.));
#2258=DIRECTION('ref_axis',(0.,-0.707106781186548,-0.707106781186547));
#2259=DIRECTION('',(-1.,0.,0.));
#2260=DIRECTION('',(1.,0.,0.));
#2261=DIRECTION('center_axis',(-0.707106781186548,-0.707106781186548,0.));
#2262=DIRECTION('ref_axis',(-0.707106781186547,0.707106781186547,0.));
#2263=DIRECTION('center_axis',(0.,1.,0.));
#2264=DIRECTION('ref_axis',(0.707106781186548,0.,-0.707106781186547));
#2265=DIRECTION('',(0.,-1.,0.));
#2266=DIRECTION('',(0.,1.,0.));
#2267=DIRECTION('center_axis',(1.,0.,0.));
#2268=DIRECTION('ref_axis',(0.,0.,1.));
#2269=DIRECTION('',(0.,0.,1.));
#2270=DIRECTION('',(0.,1.,0.));
#2271=DIRECTION('',(0.,0.,1.));
#2272=DIRECTION('center_axis',(0.,1.,0.));
#2273=DIRECTION('ref_axis',(0.,0.,1.));
#2274=DIRECTION('',(0.,0.,1.));
#2275=DIRECTION('',(1.,0.,0.));
#2276=DIRECTION('center_axis',(0.,0.,1.));
#2277=DIRECTION('ref_axis',(1.,0.,0.));
#2278=DIRECTION('center_axis',(1.,0.,0.));
#2279=DIRECTION('ref_axis',(0.,0.,1.));
#2280=DIRECTION('',(0.,0.,1.));
#2281=DIRECTION('',(0.,1.,0.));
#2282=DIRECTION('center_axis',(0.,1.,0.));
#2283=DIRECTION('ref_axis',(0.,0.,1.));
#2284=DIRECTION('',(1.,0.,0.));
#2285=DIRECTION('center_axis',(0.,0.,1.));
#2286=DIRECTION('ref_axis',(1.,0.,0.));
#2287=DIRECTION('center_axis',(1.,0.,0.));
#2288=DIRECTION('ref_axis',(0.,0.707106781186547,-0.707106781186548));
#2289=DIRECTION('',(-1.,0.,0.));
#2290=DIRECTION('center_axis',(0.707106781186547,0.707106781186548,0.));
#2291=DIRECTION('ref_axis',(-0.707106781186548,0.707106781186547,0.));
#2292=DIRECTION('',(1.,0.,0.));
#2293=DIRECTION('center_axis',(0.707106781186547,-0.707106781186548,0.));
#2294=DIRECTION('ref_axis',(-0.707106781186548,-0.707106781186547,0.));
#2295=DIRECTION('center_axis',(0.,1.,0.));
#2296=DIRECTION('ref_axis',(-0.707106781186548,0.,-0.707106781186547));
#2297=DIRECTION('',(0.,-1.,0.));
#2298=DIRECTION('center_axis',(-0.707106781186548,0.707106781186548,0.));
#2299=DIRECTION('ref_axis',(-0.707106781186547,-0.707106781186547,0.));
#2300=DIRECTION('',(0.,1.,0.));
#2301=DIRECTION('center_axis',(1.,0.,0.));
#2302=DIRECTION('ref_axis',(0.,-0.707106781186548,-0.707106781186547));
#2303=DIRECTION('',(-1.,0.,0.));
#2304=DIRECTION('',(1.,0.,0.));
#2305=DIRECTION('center_axis',(-0.707106781186548,-0.707106781186548,0.));
#2306=DIRECTION('ref_axis',(-0.707106781186547,0.707106781186547,0.));
#2307=DIRECTION('center_axis',(0.,1.,0.));
#2308=DIRECTION('ref_axis',(0.707106781186548,0.,-0.707106781186547));
#2309=DIRECTION('',(0.,-1.,0.));
#2310=DIRECTION('',(0.,1.,0.));
#2311=DIRECTION('center_axis',(1.,0.,0.));
#2312=DIRECTION('ref_axis',(0.,0.,1.));
#2313=DIRECTION('',(0.,0.,1.));
#2314=DIRECTION('',(0.,1.,0.));
#2315=DIRECTION('',(0.,0.,1.));
#2316=DIRECTION('center_axis',(0.,1.,0.));
#2317=DIRECTION('ref_axis',(0.,0.,1.));
#2318=DIRECTION('',(0.,0.,1.));
#2319=DIRECTION('',(1.,0.,0.));
#2320=DIRECTION('center_axis',(0.,0.,1.));
#2321=DIRECTION('ref_axis',(1.,0.,0.));
#2322=DIRECTION('center_axis',(1.,0.,0.));
#2323=DIRECTION('ref_axis',(0.,0.,1.));
#2324=DIRECTION('',(0.,0.,1.));
#2325=DIRECTION('',(0.,1.,0.));
#2326=DIRECTION('center_axis',(0.,1.,0.));
#2327=DIRECTION('ref_axis',(0.,0.,1.));
#2328=DIRECTION('',(1.,0.,0.));
#2329=DIRECTION('center_axis',(0.,0.,1.));
#2330=DIRECTION('ref_axis',(1.,0.,0.));
#2331=DIRECTION('center_axis',(0.,1.,0.));
#2332=DIRECTION('ref_axis',(0.707106781186548,0.,-0.707106781186547));
#2333=DIRECTION('',(0.,1.,0.));
#2334=DIRECTION('center_axis',(0.707106781186548,-0.707106781186548,0.));
#2335=DIRECTION('ref_axis',(-0.707106781186547,-0.707106781186547,0.));
#2336=DIRECTION('',(0.,-1.,0.));
#2337=DIRECTION('center_axis',(-0.707106781186548,-0.707106781186548,0.));
#2338=DIRECTION('ref_axis',(-0.707106781186547,0.707106781186547,0.));
#2339=DIRECTION('center_axis',(1.,0.,0.));
#2340=DIRECTION('ref_axis',(0.,0.707106781186548,-0.707106781186547));
#2341=DIRECTION('',(-1.,0.,0.));
#2342=DIRECTION('center_axis',(0.707106781186548,0.707106781186548,0.));
#2343=DIRECTION('ref_axis',(-0.707106781186547,0.707106781186547,0.));
#2344=DIRECTION('',(1.,0.,0.));
#2345=DIRECTION('center_axis',(0.,1.,0.));
#2346=DIRECTION('ref_axis',(-0.707106781186548,0.,-0.707106781186547));
#2347=DIRECTION('',(0.,1.,0.));
#2348=DIRECTION('',(0.,-1.,0.));
#2349=DIRECTION('center_axis',(-0.707106781186548,0.707106781186548,0.));
#2350=DIRECTION('ref_axis',(-0.707106781186547,-0.707106781186547,0.));
#2351=DIRECTION('center_axis',(1.,0.,0.));
#2352=DIRECTION('ref_axis',(0.,-0.707106781186548,-0.707106781186547));
#2353=DIRECTION('',(-1.,0.,0.));
#2354=DIRECTION('',(1.,0.,0.));
#2355=DIRECTION('center_axis',(0.,1.,0.));
#2356=DIRECTION('ref_axis',(0.,0.,1.));
#2357=DIRECTION('',(0.,0.,1.));
#2358=DIRECTION('',(1.,0.,0.));
#2359=DIRECTION('',(0.,0.,1.));
#2360=DIRECTION('center_axis',(1.,0.,0.));
#2361=DIRECTION('ref_axis',(0.,0.,1.));
#2362=DIRECTION('',(0.,0.,1.));
#2363=DIRECTION('',(0.,1.,0.));
#2364=DIRECTION('center_axis',(0.,0.,1.));
#2365=DIRECTION('ref_axis',(1.,0.,0.));
#2366=DIRECTION('center_axis',(1.,0.,0.));
#2367=DIRECTION('ref_axis',(0.,0.,1.));
#2368=DIRECTION('',(0.,1.,0.));
#2369=DIRECTION('',(0.,0.,1.));
#2370=DIRECTION('center_axis',(0.,1.,0.));
#2371=DIRECTION('ref_axis',(0.,0.,1.));
#2372=DIRECTION('',(1.,0.,0.));
#2373=DIRECTION('center_axis',(0.,0.,1.));
#2374=DIRECTION('ref_axis',(1.,0.,0.));
#2375=DIRECTION('center_axis',(0.,1.,0.));
#2376=DIRECTION('ref_axis',(0.707106781186548,0.,-0.707106781186547));
#2377=DIRECTION('',(0.,1.,0.));
#2378=DIRECTION('center_axis',(0.707106781186547,-0.707106781186548,6.1331736667335E-16));
#2379=DIRECTION('ref_axis',(-0.707106781186548,-0.707106781186547,-6.1331736667335E-16));
#2380=DIRECTION('',(0.,-1.,0.));
#2381=DIRECTION('center_axis',(-0.707106781186548,-0.707106781186547,0.));
#2382=DIRECTION('ref_axis',(-0.707106781186547,0.707106781186548,0.));
#2383=DIRECTION('center_axis',(1.,0.,0.));
#2384=DIRECTION('ref_axis',(0.,0.707106781186547,-0.707106781186548));
#2385=DIRECTION('',(-1.,0.,0.));
#2386=DIRECTION('center_axis',(0.707106781186547,0.707106781186548,6.1331736667335E-16));
#2387=DIRECTION('ref_axis',(-0.707106781186548,0.707106781186547,6.13317366673349E-16));
#2388=DIRECTION('',(1.,0.,0.));
#2389=DIRECTION('center_axis',(0.,1.,0.));
#2390=DIRECTION('ref_axis',(-0.707106781186548,0.,-0.707106781186547));
#2391=DIRECTION('',(0.,1.,0.));
#2392=DIRECTION('',(0.,-1.,0.));
#2393=DIRECTION('center_axis',(-0.707106781186548,0.707106781186548,0.));
#2394=DIRECTION('ref_axis',(-0.707106781186547,-0.707106781186547,0.));
#2395=DIRECTION('center_axis',(1.,0.,0.));
#2396=DIRECTION('ref_axis',(0.,-0.707106781186548,-0.707106781186547));
#2397=DIRECTION('',(-1.,0.,0.));
#2398=DIRECTION('',(1.,0.,0.));
#2399=DIRECTION('center_axis',(0.,1.,0.));
#2400=DIRECTION('ref_axis',(0.,0.,1.));
#2401=DIRECTION('',(0.,0.,1.));
#2402=DIRECTION('',(1.,0.,0.));
#2403=DIRECTION('',(0.,0.,1.));
#2404=DIRECTION('center_axis',(1.,0.,0.));
#2405=DIRECTION('ref_axis',(0.,0.,1.));
#2406=DIRECTION('',(0.,0.,1.));
#2407=DIRECTION('',(0.,1.,0.));
#2408=DIRECTION('center_axis',(0.,0.,1.));
#2409=DIRECTION('ref_axis',(1.,0.,0.));
#2410=DIRECTION('center_axis',(1.,0.,0.));
#2411=DIRECTION('ref_axis',(0.,0.,1.));
#2412=DIRECTION('',(0.,1.,0.));
#2413=DIRECTION('',(0.,0.,1.));
#2414=DIRECTION('center_axis',(0.,1.,0.));
#2415=DIRECTION('ref_axis',(0.,0.,1.));
#2416=DIRECTION('',(1.,0.,0.));
#2417=DIRECTION('center_axis',(0.,0.,1.));
#2418=DIRECTION('ref_axis',(1.,0.,0.));
#2419=DIRECTION('center_axis',(0.,1.,0.));
#2420=DIRECTION('ref_axis',(-0.707106781186548,0.,-0.707106781186547));
#2421=DIRECTION('',(0.,-1.,0.));
#2422=DIRECTION('center_axis',(-0.707106781186548,0.707106781186547,0.));
#2423=DIRECTION('ref_axis',(-0.707106781186547,-0.707106781186548,0.));
#2424=DIRECTION('',(0.,1.,0.));
#2425=DIRECTION('center_axis',(0.707106781186548,0.707106781186548,6.1331736667335E-16));
#2426=DIRECTION('ref_axis',(-0.707106781186547,0.707106781186547,6.1331736667335E-16));
#2427=DIRECTION('center_axis',(1.,0.,0.));
#2428=DIRECTION('ref_axis',(0.,-0.707106781186548,-0.707106781186547));
#2429=DIRECTION('',(1.,0.,0.));
#2430=DIRECTION('center_axis',(-0.707106781186548,-0.707106781186548,0.));
#2431=DIRECTION('ref_axis',(-0.707106781186547,0.707106781186547,0.));
#2432=DIRECTION('',(-1.,0.,0.));
#2433=DIRECTION('center_axis',(0.,1.,0.));
#2434=DIRECTION('ref_axis',(0.707106781186548,0.,-0.707106781186547));
#2435=DIRECTION('',(0.,-1.,0.));
#2436=DIRECTION('',(0.,1.,0.));
#2437=DIRECTION('center_axis',(0.707106781186547,-0.707106781186548,6.1331736667335E-16));
#2438=DIRECTION('ref_axis',(-0.707106781186548,-0.707106781186547,-6.13317366673351E-16));
#2439=DIRECTION('center_axis',(1.,0.,0.));
#2440=DIRECTION('ref_axis',(0.,0.707106781186547,-0.707106781186548));
#2441=DIRECTION('',(1.,0.,0.));
#2442=DIRECTION('',(-1.,0.,0.));
#2443=DIRECTION('center_axis',(0.,1.,0.));
#2444=DIRECTION('ref_axis',(0.,0.,1.));
#2445=DIRECTION('',(0.,0.,1.));
#2446=DIRECTION('',(1.,0.,0.));
#2447=DIRECTION('',(0.,0.,1.));
#2448=DIRECTION('center_axis',(1.,0.,0.));
#2449=DIRECTION('ref_axis',(0.,0.,1.));
#2450=DIRECTION('',(0.,0.,1.));
#2451=DIRECTION('',(0.,1.,0.));
#2452=DIRECTION('center_axis',(0.,0.,1.));
#2453=DIRECTION('ref_axis',(1.,0.,0.));
#2454=DIRECTION('center_axis',(1.,0.,0.));
#2455=DIRECTION('ref_axis',(0.,0.,1.));
#2456=DIRECTION('',(0.,1.,0.));
#2457=DIRECTION('',(0.,0.,1.));
#2458=DIRECTION('center_axis',(0.,1.,0.));
#2459=DIRECTION('ref_axis',(0.,0.,1.));
#2460=DIRECTION('',(1.,0.,0.));
#2461=DIRECTION('center_axis',(0.,0.,1.));
#2462=DIRECTION('ref_axis',(1.,0.,0.));
#2463=DIRECTION('center_axis',(1.,0.,0.));
#2464=DIRECTION('ref_axis',(0.,0.707106781186548,-0.707106781186547));
#2465=DIRECTION('',(-1.,0.,0.));
#2466=DIRECTION('center_axis',(0.707106781186548,0.707106781186548,0.));
#2467=DIRECTION('ref_axis',(-0.707106781186547,0.707106781186547,0.));
#2468=DIRECTION('',(1.,0.,0.));
#2469=DIRECTION('center_axis',(0.707106781186548,-0.707106781186548,0.));
#2470=DIRECTION('ref_axis',(-0.707106781186547,-0.707106781186547,0.));
#2471=DIRECTION('center_axis',(0.,1.,0.));
#2472=DIRECTION('ref_axis',(-0.707106781186548,0.,-0.707106781186547));
#2473=DIRECTION('',(0.,-1.,0.));
#2474=DIRECTION('center_axis',(-0.707106781186548,0.707106781186548,0.));
#2475=DIRECTION('ref_axis',(-0.707106781186547,-0.707106781186547,0.));
#2476=DIRECTION('',(0.,1.,0.));
#2477=DIRECTION('center_axis',(1.,0.,0.));
#2478=DIRECTION('ref_axis',(0.,-0.707106781186548,-0.707106781186547));
#2479=DIRECTION('',(-1.,0.,0.));
#2480=DIRECTION('',(1.,0.,0.));
#2481=DIRECTION('center_axis',(-0.707106781186548,-0.707106781186548,0.));
#2482=DIRECTION('ref_axis',(-0.707106781186547,0.707106781186547,0.));
#2483=DIRECTION('center_axis',(0.,1.,0.));
#2484=DIRECTION('ref_axis',(0.707106781186548,0.,-0.707106781186547));
#2485=DIRECTION('',(0.,-1.,0.));
#2486=DIRECTION('',(0.,1.,0.));
#2487=DIRECTION('center_axis',(1.,0.,0.));
#2488=DIRECTION('ref_axis',(0.,0.,1.));
#2489=DIRECTION('',(0.,0.,1.));
#2490=DIRECTION('',(0.,1.,0.));
#2491=DIRECTION('',(0.,0.,1.));
#2492=DIRECTION('center_axis',(0.,1.,0.));
#2493=DIRECTION('ref_axis',(0.,0.,1.));
#2494=DIRECTION('',(0.,0.,1.));
#2495=DIRECTION('',(1.,0.,0.));
#2496=DIRECTION('center_axis',(0.,0.,1.));
#2497=DIRECTION('ref_axis',(1.,0.,0.));
#2498=DIRECTION('center_axis',(1.,0.,0.));
#2499=DIRECTION('ref_axis',(0.,0.,1.));
#2500=DIRECTION('',(0.,0.,1.));
#2501=DIRECTION('',(0.,1.,0.));
#2502=DIRECTION('center_axis',(0.,1.,0.));
#2503=DIRECTION('ref_axis',(0.,0.,1.));
#2504=DIRECTION('',(1.,0.,0.));
#2505=DIRECTION('center_axis',(0.,0.,1.));
#2506=DIRECTION('ref_axis',(1.,0.,0.));
#2507=DIRECTION('center_axis',(1.,0.,0.));
#2508=DIRECTION('ref_axis',(0.,0.707106781186547,-0.707106781186548));
#2509=DIRECTION('',(-1.,0.,0.));
#2510=DIRECTION('center_axis',(0.707106781186547,0.707106781186548,0.));
#2511=DIRECTION('ref_axis',(-0.707106781186548,0.707106781186547,0.));
#2512=DIRECTION('',(1.,0.,0.));
#2513=DIRECTION('center_axis',(0.707106781186547,-0.707106781186548,0.));
#2514=DIRECTION('ref_axis',(-0.707106781186548,-0.707106781186547,0.));
#2515=DIRECTION('center_axis',(0.,1.,0.));
#2516=DIRECTION('ref_axis',(-0.707106781186548,0.,-0.707106781186547));
#2517=DIRECTION('',(0.,-1.,0.));
#2518=DIRECTION('center_axis',(-0.707106781186548,0.707106781186548,0.));
#2519=DIRECTION('ref_axis',(-0.707106781186547,-0.707106781186547,0.));
#2520=DIRECTION('',(0.,1.,0.));
#2521=DIRECTION('center_axis',(1.,0.,0.));
#2522=DIRECTION('ref_axis',(0.,-0.707106781186548,-0.707106781186547));
#2523=DIRECTION('',(-1.,0.,0.));
#2524=DIRECTION('',(1.,0.,0.));
#2525=DIRECTION('center_axis',(-0.707106781186548,-0.707106781186548,0.));
#2526=DIRECTION('ref_axis',(-0.707106781186547,0.707106781186547,0.));
#2527=DIRECTION('center_axis',(0.,1.,0.));
#2528=DIRECTION('ref_axis',(0.707106781186548,0.,-0.707106781186547));
#2529=DIRECTION('',(0.,-1.,0.));
#2530=DIRECTION('',(0.,1.,0.));
#2531=DIRECTION('center_axis',(1.,0.,0.));
#2532=DIRECTION('ref_axis',(0.,0.,1.));
#2533=DIRECTION('',(0.,0.,1.));
#2534=DIRECTION('',(0.,1.,0.));
#2535=DIRECTION('',(0.,0.,1.));
#2536=DIRECTION('center_axis',(0.,1.,0.));
#2537=DIRECTION('ref_axis',(0.,0.,1.));
#2538=DIRECTION('',(0.,0.,1.));
#2539=DIRECTION('',(1.,0.,0.));
#2540=DIRECTION('center_axis',(0.,0.,1.));
#2541=DIRECTION('ref_axis',(1.,0.,0.));
#2542=DIRECTION('center_axis',(1.,0.,0.));
#2543=DIRECTION('ref_axis',(0.,0.,1.));
#2544=DIRECTION('',(0.,0.,1.));
#2545=DIRECTION('',(0.,1.,0.));
#2546=DIRECTION('center_axis',(0.,1.,0.));
#2547=DIRECTION('ref_axis',(0.,0.,1.));
#2548=DIRECTION('',(1.,0.,0.));
#2549=DIRECTION('center_axis',(0.,0.,1.));
#2550=DIRECTION('ref_axis',(1.,0.,0.));
#2551=DIRECTION('center_axis',(1.,0.,0.));
#2552=DIRECTION('ref_axis',(0.,0.707106781186547,-0.707106781186548));
#2553=DIRECTION('',(-1.,0.,0.));
#2554=DIRECTION('center_axis',(0.707106781186547,0.707106781186548,0.));
#2555=DIRECTION('ref_axis',(-0.707106781186548,0.707106781186547,0.));
#2556=DIRECTION('',(1.,0.,0.));
#2557=DIRECTION('center_axis',(0.707106781186547,-0.707106781186548,0.));
#2558=DIRECTION('ref_axis',(-0.707106781186548,-0.707106781186547,0.));
#2559=DIRECTION('center_axis',(0.,1.,0.));
#2560=DIRECTION('ref_axis',(-0.707106781186548,0.,-0.707106781186547));
#2561=DIRECTION('',(0.,-1.,0.));
#2562=DIRECTION('center_axis',(-0.707106781186548,0.707106781186548,0.));
#2563=DIRECTION('ref_axis',(-0.707106781186547,-0.707106781186547,0.));
#2564=DIRECTION('',(0.,1.,0.));
#2565=DIRECTION('center_axis',(1.,0.,0.));
#2566=DIRECTION('ref_axis',(0.,-0.707106781186548,-0.707106781186547));
#2567=DIRECTION('',(-1.,0.,0.));
#2568=DIRECTION('',(1.,0.,0.));
#2569=DIRECTION('center_axis',(-0.707106781186548,-0.707106781186548,0.));
#2570=DIRECTION('ref_axis',(-0.707106781186547,0.707106781186547,0.));
#2571=DIRECTION('center_axis',(0.,1.,0.));
#2572=DIRECTION('ref_axis',(0.707106781186548,0.,-0.707106781186547));
#2573=DIRECTION('',(0.,-1.,0.));
#2574=DIRECTION('',(0.,1.,0.));
#2575=DIRECTION('center_axis',(1.,0.,0.));
#2576=DIRECTION('ref_axis',(0.,0.,1.));
#2577=DIRECTION('',(0.,0.,1.));
#2578=DIRECTION('',(0.,1.,0.));
#2579=DIRECTION('',(0.,0.,1.));
#2580=DIRECTION('center_axis',(0.,1.,0.));
#2581=DIRECTION('ref_axis',(0.,0.,1.));
#2582=DIRECTION('',(0.,0.,1.));
#2583=DIRECTION('',(1.,0.,0.));
#2584=DIRECTION('center_axis',(0.,0.,1.));
#2585=DIRECTION('ref_axis',(1.,0.,0.));
#2586=DIRECTION('center_axis',(1.,0.,0.));
#2587=DIRECTION('ref_axis',(0.,0.,1.));
#2588=DIRECTION('',(0.,0.,1.));
#2589=DIRECTION('',(0.,1.,0.));
#2590=DIRECTION('center_axis',(0.,1.,0.));
#2591=DIRECTION('ref_axis',(0.,0.,1.));
#2592=DIRECTION('',(1.,0.,0.));
#2593=DIRECTION('center_axis',(0.,0.,1.));
#2594=DIRECTION('ref_axis',(1.,0.,0.));
#2595=DIRECTION('center_axis',(1.,0.,0.));
#2596=DIRECTION('ref_axis',(0.,0.707106781186548,-0.707106781186547));
#2597=DIRECTION('',(-1.,0.,0.));
#2598=DIRECTION('center_axis',(0.707106781186548,0.707106781186548,0.));
#2599=DIRECTION('ref_axis',(-0.707106781186547,0.707106781186547,0.));
#2600=DIRECTION('',(1.,0.,0.));
#2601=DIRECTION('center_axis',(0.707106781186548,-0.707106781186548,0.));
#2602=DIRECTION('ref_axis',(-0.707106781186547,-0.707106781186547,0.));
#2603=DIRECTION('center_axis',(0.,1.,0.));
#2604=DIRECTION('ref_axis',(-0.707106781186548,0.,-0.707106781186547));
#2605=DIRECTION('',(0.,-1.,0.));
#2606=DIRECTION('center_axis',(-0.707106781186548,0.707106781186548,0.));
#2607=DIRECTION('ref_axis',(-0.707106781186547,-0.707106781186547,0.));
#2608=DIRECTION('',(0.,1.,0.));
#2609=DIRECTION('center_axis',(1.,0.,0.));
#2610=DIRECTION('ref_axis',(0.,-0.707106781186548,-0.707106781186547));
#2611=DIRECTION('',(-1.,0.,0.));
#2612=DIRECTION('',(1.,0.,0.));
#2613=DIRECTION('center_axis',(-0.707106781186548,-0.707106781186548,0.));
#2614=DIRECTION('ref_axis',(-0.707106781186547,0.707106781186547,0.));
#2615=DIRECTION('center_axis',(0.,1.,0.));
#2616=DIRECTION('ref_axis',(0.707106781186548,0.,-0.707106781186547));
#2617=DIRECTION('',(0.,-1.,0.));
#2618=DIRECTION('',(0.,1.,0.));
#2619=DIRECTION('center_axis',(1.,0.,0.));
#2620=DIRECTION('ref_axis',(0.,0.,1.));
#2621=DIRECTION('',(0.,0.,1.));
#2622=DIRECTION('',(0.,1.,0.));
#2623=DIRECTION('',(0.,0.,1.));
#2624=DIRECTION('center_axis',(0.,1.,0.));
#2625=DIRECTION('ref_axis',(0.,0.,1.));
#2626=DIRECTION('',(0.,0.,1.));
#2627=DIRECTION('',(1.,0.,0.));
#2628=DIRECTION('center_axis',(0.,0.,1.));
#2629=DIRECTION('ref_axis',(1.,0.,0.));
#2630=DIRECTION('center_axis',(1.,0.,0.));
#2631=DIRECTION('ref_axis',(0.,0.,1.));
#2632=DIRECTION('',(0.,0.,1.));
#2633=DIRECTION('',(0.,1.,0.));
#2634=DIRECTION('center_axis',(0.,1.,0.));
#2635=DIRECTION('ref_axis',(0.,0.,1.));
#2636=DIRECTION('',(1.,0.,0.));
#2637=DIRECTION('center_axis',(0.,0.,1.));
#2638=DIRECTION('ref_axis',(1.,0.,0.));
#2639=DIRECTION('center_axis',(1.,0.,0.));
#2640=DIRECTION('ref_axis',(0.,0.707106781186548,-0.707106781186547));
#2641=DIRECTION('',(-1.,0.,0.));
#2642=DIRECTION('center_axis',(0.707106781186548,0.707106781186547,0.));
#2643=DIRECTION('ref_axis',(-0.707106781186547,0.707106781186548,0.));
#2644=DIRECTION('',(1.,0.,0.));
#2645=DIRECTION('center_axis',(0.707106781186548,-0.707106781186548,0.));
#2646=DIRECTION('ref_axis',(-0.707106781186547,-0.707106781186547,0.));
#2647=DIRECTION('center_axis',(0.,1.,0.));
#2648=DIRECTION('ref_axis',(-0.707106781186548,0.,-0.707106781186547));
#2649=DIRECTION('',(0.,-1.,0.));
#2650=DIRECTION('center_axis',(-0.707106781186548,0.707106781186547,0.));
#2651=DIRECTION('ref_axis',(-0.707106781186547,-0.707106781186548,0.));
#2652=DIRECTION('',(0.,1.,0.));
#2653=DIRECTION('center_axis',(1.,0.,0.));
#2654=DIRECTION('ref_axis',(0.,-0.707106781186548,-0.707106781186547));
#2655=DIRECTION('',(-1.,0.,0.));
#2656=DIRECTION('',(1.,0.,0.));
#2657=DIRECTION('center_axis',(-0.707106781186548,-0.707106781186548,0.));
#2658=DIRECTION('ref_axis',(-0.707106781186547,0.707106781186547,0.));
#2659=DIRECTION('center_axis',(0.,1.,0.));
#2660=DIRECTION('ref_axis',(0.707106781186548,0.,-0.707106781186547));
#2661=DIRECTION('',(0.,-1.,0.));
#2662=DIRECTION('',(0.,1.,0.));
#2663=DIRECTION('center_axis',(1.,0.,0.));
#2664=DIRECTION('ref_axis',(0.,0.,1.));
#2665=DIRECTION('',(0.,0.,1.));
#2666=DIRECTION('',(0.,1.,0.));
#2667=DIRECTION('',(0.,0.,1.));
#2668=DIRECTION('center_axis',(0.,1.,0.));
#2669=DIRECTION('ref_axis',(0.,0.,1.));
#2670=DIRECTION('',(0.,0.,1.));
#2671=DIRECTION('',(1.,0.,0.));
#2672=DIRECTION('center_axis',(0.,0.,1.));
#2673=DIRECTION('ref_axis',(1.,0.,0.));
#2674=DIRECTION('center_axis',(1.,0.,0.));
#2675=DIRECTION('ref_axis',(0.,0.,1.));
#2676=DIRECTION('',(0.,0.,1.));
#2677=DIRECTION('',(0.,1.,0.));
#2678=DIRECTION('center_axis',(0.,1.,0.));
#2679=DIRECTION('ref_axis',(0.,0.,1.));
#2680=DIRECTION('',(1.,0.,0.));
#2681=DIRECTION('center_axis',(0.,0.,1.));
#2682=DIRECTION('ref_axis',(1.,0.,0.));
#2683=DIRECTION('center_axis',(1.,0.,0.));
#2684=DIRECTION('ref_axis',(0.,0.707106781186548,-0.707106781186547));
#2685=DIRECTION('',(-1.,0.,0.));
#2686=DIRECTION('center_axis',(0.707106781186548,0.707106781186548,0.));
#2687=DIRECTION('ref_axis',(-0.707106781186547,0.707106781186547,0.));
#2688=DIRECTION('',(1.,0.,0.));
#2689=DIRECTION('center_axis',(0.707106781186548,-0.707106781186547,0.));
#2690=DIRECTION('ref_axis',(-0.707106781186547,-0.707106781186548,0.));
#2691=DIRECTION('center_axis',(0.,1.,0.));
#2692=DIRECTION('ref_axis',(-0.707106781186548,0.,-0.707106781186547));
#2693=DIRECTION('',(0.,-1.,0.));
#2694=DIRECTION('center_axis',(-0.707106781186548,0.707106781186548,0.));
#2695=DIRECTION('ref_axis',(-0.707106781186547,-0.707106781186547,0.));
#2696=DIRECTION('',(0.,1.,0.));
#2697=DIRECTION('center_axis',(1.,0.,0.));
#2698=DIRECTION('ref_axis',(0.,-0.707106781186548,-0.707106781186547));
#2699=DIRECTION('',(-1.,0.,0.));
#2700=DIRECTION('',(1.,0.,0.));
#2701=DIRECTION('center_axis',(-0.707106781186548,-0.707106781186547,0.));
#2702=DIRECTION('ref_axis',(-0.707106781186547,0.707106781186548,0.));
#2703=DIRECTION('center_axis',(0.,1.,0.));
#2704=DIRECTION('ref_axis',(0.707106781186548,0.,-0.707106781186547));
#2705=DIRECTION('',(0.,-1.,0.));
#2706=DIRECTION('',(0.,1.,0.));
#2707=DIRECTION('center_axis',(1.,0.,0.));
#2708=DIRECTION('ref_axis',(0.,0.,1.));
#2709=DIRECTION('',(0.,0.,1.));
#2710=DIRECTION('',(0.,1.,0.));
#2711=DIRECTION('',(0.,0.,1.));
#2712=DIRECTION('center_axis',(0.,1.,0.));
#2713=DIRECTION('ref_axis',(0.,0.,1.));
#2714=DIRECTION('',(0.,0.,1.));
#2715=DIRECTION('',(1.,0.,0.));
#2716=DIRECTION('center_axis',(0.,0.,1.));
#2717=DIRECTION('ref_axis',(1.,0.,0.));
#2718=DIRECTION('center_axis',(1.,0.,0.));
#2719=DIRECTION('ref_axis',(0.,0.,1.));
#2720=DIRECTION('',(0.,0.,1.));
#2721=DIRECTION('',(0.,1.,0.));
#2722=DIRECTION('center_axis',(0.,1.,0.));
#2723=DIRECTION('ref_axis',(0.,0.,1.));
#2724=DIRECTION('',(1.,0.,0.));
#2725=DIRECTION('center_axis',(0.,0.,1.));
#2726=DIRECTION('ref_axis',(1.,0.,0.));
#2727=DIRECTION('center_axis',(0.,0.,1.));
#2728=DIRECTION('ref_axis',(-1.,0.,0.));
#2729=DIRECTION('center_axis',(0.,0.,1.));
#2730=DIRECTION('ref_axis',(-1.,0.,0.));
#2731=DIRECTION('',(0.,0.,-1.));
#2732=DIRECTION('center_axis',(0.,0.,1.));
#2733=DIRECTION('ref_axis',(-1.,0.,0.));
#2734=DIRECTION('center_axis',(0.,0.,1.));
#2735=DIRECTION('ref_axis',(-1.,0.,0.));
#2736=DIRECTION('center_axis',(0.,0.,1.));
#2737=DIRECTION('ref_axis',(-1.,0.,0.));
#2738=DIRECTION('',(0.,0.,1.));
#2739=DIRECTION('',(1.,0.,0.));
#2740=DIRECTION('',(0.,0.,1.));
#2741=DIRECTION('',(1.,0.,0.));
#2742=CARTESIAN_POINT('',(0.,0.,0.));
#2743=CARTESIAN_POINT('',(0.,0.,0.));
#2744=CARTESIAN_POINT('Origin',(-1.225,-0.869,-0.03));
#2745=CARTESIAN_POINT('',(-1.225,-0.869,-0.03));
#2746=CARTESIAN_POINT('',(-1.225,-0.869,0.346));
#2747=CARTESIAN_POINT('',(-1.225,-0.869,-0.03));
#2748=CARTESIAN_POINT('',(1.226,-0.869,-0.03));
#2749=CARTESIAN_POINT('',(-1.225,-0.869,-0.03));
#2750=CARTESIAN_POINT('',(1.226,-0.869,0.346));
#2751=CARTESIAN_POINT('',(1.226,-0.869,-0.03));
#2752=CARTESIAN_POINT('',(-1.225,-0.869,0.346));
#2753=CARTESIAN_POINT('Origin',(1.226,-0.869,-0.03));
#2754=CARTESIAN_POINT('',(1.226,0.869,-0.03));
#2755=CARTESIAN_POINT('',(1.226,-0.869,-0.03));
#2756=CARTESIAN_POINT('',(1.226,0.869,0.346));
#2757=CARTESIAN_POINT('',(1.226,0.869,-0.03));
#2758=CARTESIAN_POINT('',(1.226,-0.869,0.346));
#2759=CARTESIAN_POINT('Origin',(1.226,0.869,-0.03));
#2760=CARTESIAN_POINT('',(-1.225,0.869,-0.03));
#2761=CARTESIAN_POINT('',(1.226,0.869,-0.03));
#2762=CARTESIAN_POINT('',(-1.225,0.869,0.346));
#2763=CARTESIAN_POINT('',(-1.225,0.869,-0.03));
#2764=CARTESIAN_POINT('',(1.226,0.869,0.346));
#2765=CARTESIAN_POINT('Origin',(-1.225,0.869,-0.03));
#2766=CARTESIAN_POINT('',(-1.225,0.869,-0.03));
#2767=CARTESIAN_POINT('',(-1.225,0.869,0.346));
#2768=CARTESIAN_POINT('Origin',(0.0004999999999999,0.,-0.03));
#2769=CARTESIAN_POINT('Origin',(0.0004999999999999,0.,0.346));
#2770=CARTESIAN_POINT('',(0.,0.,0.));
#2771=CARTESIAN_POINT('Origin',(-1.14,0.74,0.04));
#2772=CARTESIAN_POINT('',(-1.02,0.74,0.));
#2773=CARTESIAN_POINT('',(-1.1,0.74,0.));
#2774=CARTESIAN_POINT('',(-1.14,0.74,0.));
#2775=CARTESIAN_POINT('',(-1.14,0.78,0.04));
#2776=CARTESIAN_POINT('Origin',(-1.1,0.74,0.04));
#2777=CARTESIAN_POINT('',(-0.98,0.78,0.04));
#2778=CARTESIAN_POINT('',(-1.14,0.78,0.04));
#2779=CARTESIAN_POINT('Origin',(-1.02,0.74,0.04));
#2780=CARTESIAN_POINT('Origin',(-1.1,0.57,0.04));
#2781=CARTESIAN_POINT('',(-1.1,0.61,0.));
#2782=CARTESIAN_POINT('',(-1.1,0.57,0.));
#2783=CARTESIAN_POINT('',(-1.14,0.57,0.04));
#2784=CARTESIAN_POINT('Origin',(-1.1,0.61,0.04));
#2785=CARTESIAN_POINT('',(-1.14,0.57,0.04));
#2786=CARTESIAN_POINT('Origin',(-1.14,0.61,0.04));
#2787=CARTESIAN_POINT('',(-0.98,0.57,0.04));
#2788=CARTESIAN_POINT('',(-1.14,0.57,0.04));
#2789=CARTESIAN_POINT('',(-1.02,0.61,0.));
#2790=CARTESIAN_POINT('',(-1.14,0.61,0.));
#2791=CARTESIAN_POINT('Origin',(-1.02,0.61,0.04));
#2792=CARTESIAN_POINT('Origin',(-1.02,0.57,0.04));
#2793=CARTESIAN_POINT('',(-0.98,0.57,0.04));
#2794=CARTESIAN_POINT('',(-1.02,0.57,0.));
#2795=CARTESIAN_POINT('Origin',(-0.98,0.57,-0.03));
#2796=CARTESIAN_POINT('',(-0.98,0.78,0.07));
#2797=CARTESIAN_POINT('',(-0.98,0.78,-0.03));
#2798=CARTESIAN_POINT('',(-0.98,0.57,0.07));
#2799=CARTESIAN_POINT('',(-0.98,0.57,0.07));
#2800=CARTESIAN_POINT('',(-0.98,0.57,-0.03));
#2801=CARTESIAN_POINT('Origin',(-1.14,0.78,-0.03));
#2802=CARTESIAN_POINT('',(-1.14,0.78,0.07));
#2803=CARTESIAN_POINT('',(-1.14,0.78,-0.03));
#2804=CARTESIAN_POINT('',(-1.14,0.78,0.07));
#2805=CARTESIAN_POINT('Origin',(-1.14,0.57,0.));
#2806=CARTESIAN_POINT('Origin',(-1.14,0.57,-0.03));
#2807=CARTESIAN_POINT('',(-1.14,0.57,0.07));
#2808=CARTESIAN_POINT('',(-1.14,0.57,-0.03));
#2809=CARTESIAN_POINT('',(-1.14,0.57,0.07));
#2810=CARTESIAN_POINT('Origin',(-1.14,0.57,-0.03));
#2811=CARTESIAN_POINT('',(-1.14,0.57,0.07));
#2812=CARTESIAN_POINT('Origin',(-1.14,0.57,0.07));
#2813=CARTESIAN_POINT('Origin',(-1.14,0.265,0.04));
#2814=CARTESIAN_POINT('',(-1.02,0.265,0.));
#2815=CARTESIAN_POINT('',(-1.1,0.265,0.));
#2816=CARTESIAN_POINT('',(-1.14,0.265,0.));
#2817=CARTESIAN_POINT('',(-1.14,0.305,0.04));
#2818=CARTESIAN_POINT('Origin',(-1.1,0.265,0.04));
#2819=CARTESIAN_POINT('',(-0.98,0.305,0.04));
#2820=CARTESIAN_POINT('',(-1.14,0.305,0.04));
#2821=CARTESIAN_POINT('Origin',(-1.02,0.265,0.04));
#2822=CARTESIAN_POINT('Origin',(-1.1,0.145,0.04));
#2823=CARTESIAN_POINT('',(-1.1,0.185,0.));
#2824=CARTESIAN_POINT('',(-1.1,0.145,0.));
#2825=CARTESIAN_POINT('',(-1.14,0.145,0.04));
#2826=CARTESIAN_POINT('Origin',(-1.1,0.185,0.04));
#2827=CARTESIAN_POINT('',(-1.14,0.145,0.04));
#2828=CARTESIAN_POINT('Origin',(-1.14,0.185,0.04));
#2829=CARTESIAN_POINT('',(-0.98,0.145,0.04));
#2830=CARTESIAN_POINT('',(-1.14,0.145,0.04));
#2831=CARTESIAN_POINT('',(-1.02,0.185,0.));
#2832=CARTESIAN_POINT('',(-1.14,0.185,0.));
#2833=CARTESIAN_POINT('Origin',(-1.02,0.185,0.04));
#2834=CARTESIAN_POINT('Origin',(-1.02,0.145,0.04));
#2835=CARTESIAN_POINT('',(-0.98,0.145,0.04));
#2836=CARTESIAN_POINT('',(-1.02,0.145,0.));
#2837=CARTESIAN_POINT('Origin',(-0.98,0.145,-0.03));
#2838=CARTESIAN_POINT('',(-0.98,0.305,0.07));
#2839=CARTESIAN_POINT('',(-0.98,0.305,-0.03));
#2840=CARTESIAN_POINT('',(-0.98,0.145,0.07));
#2841=CARTESIAN_POINT('',(-0.98,0.145,0.07));
#2842=CARTESIAN_POINT('',(-0.98,0.145,-0.03));
#2843=CARTESIAN_POINT('Origin',(-1.14,0.305,-0.03));
#2844=CARTESIAN_POINT('',(-1.14,0.305,0.07));
#2845=CARTESIAN_POINT('',(-1.14,0.305,-0.03));
#2846=CARTESIAN_POINT('',(-1.14,0.305,0.07));
#2847=CARTESIAN_POINT('Origin',(-1.14,0.145,0.));
#2848=CARTESIAN_POINT('Origin',(-1.14,0.145,-0.03));
#2849=CARTESIAN_POINT('',(-1.14,0.145,0.07));
#2850=CARTESIAN_POINT('',(-1.14,0.145,-0.03));
#2851=CARTESIAN_POINT('',(-1.14,0.145,0.07));
#2852=CARTESIAN_POINT('Origin',(-1.14,0.145,-0.03));
#2853=CARTESIAN_POINT('',(-1.14,0.145,0.07));
#2854=CARTESIAN_POINT('Origin',(-1.14,0.145,0.07));
#2855=CARTESIAN_POINT('Origin',(-1.14,-0.185,0.04));
#2856=CARTESIAN_POINT('',(-1.02,-0.185,0.));
#2857=CARTESIAN_POINT('',(-1.1,-0.185,0.));
#2858=CARTESIAN_POINT('',(-1.14,-0.185,0.));
#2859=CARTESIAN_POINT('',(-1.14,-0.145,0.04));
#2860=CARTESIAN_POINT('Origin',(-1.1,-0.185,0.04));
#2861=CARTESIAN_POINT('',(-0.98,-0.145,0.04));
#2862=CARTESIAN_POINT('',(-1.14,-0.145,0.04));
#2863=CARTESIAN_POINT('Origin',(-1.02,-0.185,0.04));
#2864=CARTESIAN_POINT('Origin',(-1.1,-0.305,0.04));
#2865=CARTESIAN_POINT('',(-1.1,-0.265,0.));
#2866=CARTESIAN_POINT('',(-1.1,-0.305,0.));
#2867=CARTESIAN_POINT('',(-1.14,-0.305,0.04));
#2868=CARTESIAN_POINT('Origin',(-1.1,-0.265,0.04));
#2869=CARTESIAN_POINT('',(-1.14,-0.305,0.04));
#2870=CARTESIAN_POINT('Origin',(-1.14,-0.265,0.04));
#2871=CARTESIAN_POINT('',(-0.98,-0.305,0.04));
#2872=CARTESIAN_POINT('',(-1.14,-0.305,0.04));
#2873=CARTESIAN_POINT('',(-1.02,-0.265,0.));
#2874=CARTESIAN_POINT('',(-1.14,-0.265,0.));
#2875=CARTESIAN_POINT('Origin',(-1.02,-0.265,0.04));
#2876=CARTESIAN_POINT('Origin',(-1.02,-0.305,0.04));
#2877=CARTESIAN_POINT('',(-0.98,-0.305,0.04));
#2878=CARTESIAN_POINT('',(-1.02,-0.305,0.));
#2879=CARTESIAN_POINT('Origin',(-0.98,-0.305,-0.03));
#2880=CARTESIAN_POINT('',(-0.98,-0.145,0.07));
#2881=CARTESIAN_POINT('',(-0.98,-0.145,-0.03));
#2882=CARTESIAN_POINT('',(-0.98,-0.305,0.07));
#2883=CARTESIAN_POINT('',(-0.98,-0.305,0.07));
#2884=CARTESIAN_POINT('',(-0.98,-0.305,-0.03));
#2885=CARTESIAN_POINT('Origin',(-1.14,-0.145,-0.03));
#2886=CARTESIAN_POINT('',(-1.14,-0.145,0.07));
#2887=CARTESIAN_POINT('',(-1.14,-0.145,-0.03));
#2888=CARTESIAN_POINT('',(-1.14,-0.145,0.07));
#2889=CARTESIAN_POINT('Origin',(-1.14,-0.305,0.));
#2890=CARTESIAN_POINT('Origin',(-1.14,-0.305,-0.03));
#2891=CARTESIAN_POINT('',(-1.14,-0.305,0.07));
#2892=CARTESIAN_POINT('',(-1.14,-0.305,-0.03));
#2893=CARTESIAN_POINT('',(-1.14,-0.305,0.07));
#2894=CARTESIAN_POINT('Origin',(-1.14,-0.305,-0.03));
#2895=CARTESIAN_POINT('',(-1.14,-0.305,0.07));
#2896=CARTESIAN_POINT('Origin',(-1.14,-0.305,0.07));
#2897=CARTESIAN_POINT('Origin',(-1.02,-0.78,0.04));
#2898=CARTESIAN_POINT('',(-1.02,-0.74,0.));
#2899=CARTESIAN_POINT('',(-1.02,-0.61,0.));
#2900=CARTESIAN_POINT('',(-1.02,-0.78,0.));
#2901=CARTESIAN_POINT('',(-0.98,-0.57,0.04));
#2902=CARTESIAN_POINT('Origin',(-1.02,-0.61,0.04));
#2903=CARTESIAN_POINT('',(-0.98,-0.78,0.04));
#2904=CARTESIAN_POINT('',(-0.98,-0.78,0.04));
#2905=CARTESIAN_POINT('Origin',(-1.02,-0.74,0.04));
#2906=CARTESIAN_POINT('Origin',(-1.14,-0.61,0.04));
#2907=CARTESIAN_POINT('',(-1.1,-0.61,0.));
#2908=CARTESIAN_POINT('',(-1.14,-0.61,0.));
#2909=CARTESIAN_POINT('',(-1.14,-0.57,0.04));
#2910=CARTESIAN_POINT('Origin',(-1.1,-0.61,0.04));
#2911=CARTESIAN_POINT('',(-1.14,-0.57,0.04));
#2912=CARTESIAN_POINT('Origin',(-1.1,-0.78,0.04));
#2913=CARTESIAN_POINT('',(-1.14,-0.78,0.04));
#2914=CARTESIAN_POINT('',(-1.14,-0.78,0.04));
#2915=CARTESIAN_POINT('',(-1.1,-0.74,0.));
#2916=CARTESIAN_POINT('',(-1.1,-0.78,0.));
#2917=CARTESIAN_POINT('Origin',(-1.1,-0.74,0.04));
#2918=CARTESIAN_POINT('Origin',(-1.14,-0.74,0.04));
#2919=CARTESIAN_POINT('',(-1.14,-0.78,0.04));
#2920=CARTESIAN_POINT('',(-1.14,-0.74,0.));
#2921=CARTESIAN_POINT('Origin',(-1.14,-0.78,-0.03));
#2922=CARTESIAN_POINT('',(-0.98,-0.78,0.07));
#2923=CARTESIAN_POINT('',(-0.98,-0.78,-0.03));
#2924=CARTESIAN_POINT('',(-1.14,-0.78,0.07));
#2925=CARTESIAN_POINT('',(-1.14,-0.78,0.07));
#2926=CARTESIAN_POINT('',(-1.14,-0.78,-0.03));
#2927=CARTESIAN_POINT('Origin',(-0.98,-0.78,-0.03));
#2928=CARTESIAN_POINT('',(-0.98,-0.57,0.07));
#2929=CARTESIAN_POINT('',(-0.98,-0.57,-0.03));
#2930=CARTESIAN_POINT('',(-0.98,-0.78,0.07));
#2931=CARTESIAN_POINT('Origin',(-1.14,-0.78,0.));
#2932=CARTESIAN_POINT('Origin',(-1.14,-0.78,-0.03));
#2933=CARTESIAN_POINT('',(-1.14,-0.57,0.07));
#2934=CARTESIAN_POINT('',(-1.14,-0.78,0.07));
#2935=CARTESIAN_POINT('',(-1.14,-0.57,-0.03));
#2936=CARTESIAN_POINT('Origin',(-1.14,-0.57,-0.03));
#2937=CARTESIAN_POINT('',(-1.14,-0.57,0.07));
#2938=CARTESIAN_POINT('Origin',(-1.14,-0.78,0.07));
#2939=CARTESIAN_POINT('Origin',(-0.316,-0.65,0.04));
#2940=CARTESIAN_POINT('',(-0.316,-0.61,0.));
#2941=CARTESIAN_POINT('',(-0.316,-0.29,0.));
#2942=CARTESIAN_POINT('',(-0.316,-0.65,0.));
#2943=CARTESIAN_POINT('',(-0.276,-0.25,0.04));
#2944=CARTESIAN_POINT('Origin',(-0.316,-0.29,0.04));
#2945=CARTESIAN_POINT('',(-0.276,-0.65,0.04));
#2946=CARTESIAN_POINT('',(-0.276,-0.65,0.04));
#2947=CARTESIAN_POINT('Origin',(-0.316,-0.61,0.04));
#2948=CARTESIAN_POINT('Origin',(-0.676,-0.29,0.04));
#2949=CARTESIAN_POINT('',(-0.636,-0.29,0.));
#2950=CARTESIAN_POINT('',(-0.676,-0.29,0.));
#2951=CARTESIAN_POINT('',(-0.676,-0.25,0.04));
#2952=CARTESIAN_POINT('Origin',(-0.636,-0.29,0.04));
#2953=CARTESIAN_POINT('',(-0.676,-0.25,0.04));
#2954=CARTESIAN_POINT('Origin',(-0.636,-0.65,0.04));
#2955=CARTESIAN_POINT('',(-0.676,-0.65,0.04));
#2956=CARTESIAN_POINT('',(-0.676,-0.65,0.04));
#2957=CARTESIAN_POINT('',(-0.636,-0.61,0.));
#2958=CARTESIAN_POINT('',(-0.636,-0.65,0.));
#2959=CARTESIAN_POINT('Origin',(-0.636,-0.61,0.04));
#2960=CARTESIAN_POINT('Origin',(-0.676,-0.61,0.04));
#2961=CARTESIAN_POINT('',(-0.676,-0.65,0.04));
#2962=CARTESIAN_POINT('',(-0.676,-0.61,0.));
#2963=CARTESIAN_POINT('Origin',(-0.676,-0.65,-0.03));
#2964=CARTESIAN_POINT('',(-0.276,-0.65,0.07));
#2965=CARTESIAN_POINT('',(-0.276,-0.65,-0.03));
#2966=CARTESIAN_POINT('',(-0.676,-0.65,0.07));
#2967=CARTESIAN_POINT('',(-0.676,-0.65,0.07));
#2968=CARTESIAN_POINT('',(-0.676,-0.65,-0.03));
#2969=CARTESIAN_POINT('Origin',(-0.276,-0.65,-0.03));
#2970=CARTESIAN_POINT('',(-0.276,-0.25,0.07));
#2971=CARTESIAN_POINT('',(-0.276,-0.25,-0.03));
#2972=CARTESIAN_POINT('',(-0.276,-0.65,0.07));
#2973=CARTESIAN_POINT('Origin',(-0.676,-0.65,0.));
#2974=CARTESIAN_POINT('Origin',(-0.676,-0.65,-0.03));
#2975=CARTESIAN_POINT('',(-0.676,-0.25,0.07));
#2976=CARTESIAN_POINT('',(-0.676,-0.65,0.07));
#2977=CARTESIAN_POINT('',(-0.676,-0.25,-0.03));
#2978=CARTESIAN_POINT('Origin',(-0.676,-0.25,-0.03));
#2979=CARTESIAN_POINT('',(-0.676,-0.25,0.07));
#2980=CARTESIAN_POINT('Origin',(-0.676,-0.65,0.07));
#2981=CARTESIAN_POINT('Origin',(0.316,-0.65,0.04));
#2982=CARTESIAN_POINT('',(0.316,-0.29,0.));
#2983=CARTESIAN_POINT('',(0.316,-0.61,0.));
#2984=CARTESIAN_POINT('',(0.316,-0.65,0.));
#2985=CARTESIAN_POINT('',(0.276,-0.65,0.04));
#2986=CARTESIAN_POINT('Origin',(0.316,-0.61,0.04));
#2987=CARTESIAN_POINT('',(0.276,-0.25,0.04));
#2988=CARTESIAN_POINT('',(0.276,-0.65,0.04));
#2989=CARTESIAN_POINT('Origin',(0.316,-0.29,0.04));
#2990=CARTESIAN_POINT('Origin',(0.276,-0.61,0.04));
#2991=CARTESIAN_POINT('',(0.636,-0.61,0.));
#2992=CARTESIAN_POINT('',(0.276,-0.61,0.));
#2993=CARTESIAN_POINT('',(0.676,-0.65,0.04));
#2994=CARTESIAN_POINT('Origin',(0.636,-0.61,0.04));
#2995=CARTESIAN_POINT('',(0.276,-0.65,0.04));
#2996=CARTESIAN_POINT('Origin',(0.636,-0.65,0.04));
#2997=CARTESIAN_POINT('',(0.676,-0.25,0.04));
#2998=CARTESIAN_POINT('',(0.676,-0.65,0.04));
#2999=CARTESIAN_POINT('',(0.636,-0.29,0.));
#3000=CARTESIAN_POINT('',(0.636,-0.65,0.));
#3001=CARTESIAN_POINT('Origin',(0.636,-0.29,0.04));
#3002=CARTESIAN_POINT('Origin',(0.276,-0.29,0.04));
#3003=CARTESIAN_POINT('',(0.276,-0.25,0.04));
#3004=CARTESIAN_POINT('',(0.276,-0.29,0.));
#3005=CARTESIAN_POINT('Origin',(0.276,-0.25,-0.03));
#3006=CARTESIAN_POINT('',(0.276,-0.25,0.07));
#3007=CARTESIAN_POINT('',(0.276,-0.25,-0.03));
#3008=CARTESIAN_POINT('',(0.676,-0.25,0.07));
#3009=CARTESIAN_POINT('',(0.276,-0.25,0.07));
#3010=CARTESIAN_POINT('',(0.676,-0.25,-0.03));
#3011=CARTESIAN_POINT('Origin',(0.276,-0.65,-0.03));
#3012=CARTESIAN_POINT('',(0.276,-0.65,0.07));
#3013=CARTESIAN_POINT('',(0.276,-0.65,-0.03));
#3014=CARTESIAN_POINT('',(0.276,-0.65,0.07));
#3015=CARTESIAN_POINT('Origin',(0.276,-0.65,0.));
#3016=CARTESIAN_POINT('Origin',(0.676,-0.65,-0.03));
#3017=CARTESIAN_POINT('',(0.676,-0.65,0.07));
#3018=CARTESIAN_POINT('',(0.676,-0.65,0.07));
#3019=CARTESIAN_POINT('',(0.676,-0.65,-0.03));
#3020=CARTESIAN_POINT('Origin',(0.276,-0.65,-0.03));
#3021=CARTESIAN_POINT('',(0.276,-0.65,0.07));
#3022=CARTESIAN_POINT('Origin',(0.276,-0.65,0.07));
#3023=CARTESIAN_POINT('Origin',(0.98,-0.61,0.04));
#3024=CARTESIAN_POINT('',(1.1,-0.61,0.));
#3025=CARTESIAN_POINT('',(1.02,-0.61,0.));
#3026=CARTESIAN_POINT('',(0.98,-0.61,0.));
#3027=CARTESIAN_POINT('',(0.98,-0.57,0.04));
#3028=CARTESIAN_POINT('Origin',(1.02,-0.61,0.04));
#3029=CARTESIAN_POINT('',(1.14,-0.57,0.04));
#3030=CARTESIAN_POINT('',(0.98,-0.57,0.04));
#3031=CARTESIAN_POINT('Origin',(1.1,-0.61,0.04));
#3032=CARTESIAN_POINT('Origin',(1.02,-0.78,0.04));
#3033=CARTESIAN_POINT('',(1.02,-0.74,0.));
#3034=CARTESIAN_POINT('',(1.02,-0.78,0.));
#3035=CARTESIAN_POINT('',(0.98,-0.78,0.04));
#3036=CARTESIAN_POINT('Origin',(1.02,-0.74,0.04));
#3037=CARTESIAN_POINT('',(0.98,-0.78,0.04));
#3038=CARTESIAN_POINT('Origin',(0.98,-0.74,0.04));
#3039=CARTESIAN_POINT('',(1.14,-0.78,0.04));
#3040=CARTESIAN_POINT('',(0.98,-0.78,0.04));
#3041=CARTESIAN_POINT('',(1.1,-0.74,0.));
#3042=CARTESIAN_POINT('',(0.98,-0.74,0.));
#3043=CARTESIAN_POINT('Origin',(1.1,-0.74,0.04));
#3044=CARTESIAN_POINT('Origin',(1.1,-0.78,0.04));
#3045=CARTESIAN_POINT('',(1.14,-0.78,0.04));
#3046=CARTESIAN_POINT('',(1.1,-0.78,0.));
#3047=CARTESIAN_POINT('Origin',(1.14,-0.78,-0.03));
#3048=CARTESIAN_POINT('',(1.14,-0.57,0.07));
#3049=CARTESIAN_POINT('',(1.14,-0.57,-0.03));
#3050=CARTESIAN_POINT('',(1.14,-0.78,0.07));
#3051=CARTESIAN_POINT('',(1.14,-0.78,0.07));
#3052=CARTESIAN_POINT('',(1.14,-0.78,-0.03));
#3053=CARTESIAN_POINT('Origin',(0.98,-0.57,-0.03));
#3054=CARTESIAN_POINT('',(0.98,-0.57,0.07));
#3055=CARTESIAN_POINT('',(0.98,-0.57,-0.03));
#3056=CARTESIAN_POINT('',(0.98,-0.57,0.07));
#3057=CARTESIAN_POINT('Origin',(0.98,-0.78,0.));
#3058=CARTESIAN_POINT('Origin',(0.98,-0.78,-0.03));
#3059=CARTESIAN_POINT('',(0.98,-0.78,0.07));
#3060=CARTESIAN_POINT('',(0.98,-0.78,-0.03));
#3061=CARTESIAN_POINT('',(0.98,-0.78,0.07));
#3062=CARTESIAN_POINT('Origin',(0.98,-0.78,-0.03));
#3063=CARTESIAN_POINT('',(0.98,-0.78,0.07));
#3064=CARTESIAN_POINT('Origin',(0.98,-0.78,0.07));
#3065=CARTESIAN_POINT('Origin',(0.98,-0.185,0.04));
#3066=CARTESIAN_POINT('',(1.1,-0.185,0.));
#3067=CARTESIAN_POINT('',(1.02,-0.185,0.));
#3068=CARTESIAN_POINT('',(0.98,-0.185,0.));
#3069=CARTESIAN_POINT('',(0.98,-0.145,0.04));
#3070=CARTESIAN_POINT('Origin',(1.02,-0.185,0.04));
#3071=CARTESIAN_POINT('',(1.14,-0.145,0.04));
#3072=CARTESIAN_POINT('',(0.98,-0.145,0.04));
#3073=CARTESIAN_POINT('Origin',(1.1,-0.185,0.04));
#3074=CARTESIAN_POINT('Origin',(1.02,-0.305,0.04));
#3075=CARTESIAN_POINT('',(1.02,-0.265,0.));
#3076=CARTESIAN_POINT('',(1.02,-0.305,0.));
#3077=CARTESIAN_POINT('',(0.98,-0.305,0.04));
#3078=CARTESIAN_POINT('Origin',(1.02,-0.265,0.04));
#3079=CARTESIAN_POINT('',(0.98,-0.305,0.04));
#3080=CARTESIAN_POINT('Origin',(0.98,-0.265,0.04));
#3081=CARTESIAN_POINT('',(1.14,-0.305,0.04));
#3082=CARTESIAN_POINT('',(0.98,-0.305,0.04));
#3083=CARTESIAN_POINT('',(1.1,-0.265,0.));
#3084=CARTESIAN_POINT('',(0.98,-0.265,0.));
#3085=CARTESIAN_POINT('Origin',(1.1,-0.265,0.04));
#3086=CARTESIAN_POINT('Origin',(1.1,-0.305,0.04));
#3087=CARTESIAN_POINT('',(1.14,-0.305,0.04));
#3088=CARTESIAN_POINT('',(1.1,-0.305,0.));
#3089=CARTESIAN_POINT('Origin',(1.14,-0.305,-0.03));
#3090=CARTESIAN_POINT('',(1.14,-0.145,0.07));
#3091=CARTESIAN_POINT('',(1.14,-0.145,-0.03));
#3092=CARTESIAN_POINT('',(1.14,-0.305,0.07));
#3093=CARTESIAN_POINT('',(1.14,-0.305,0.07));
#3094=CARTESIAN_POINT('',(1.14,-0.305,-0.03));
#3095=CARTESIAN_POINT('Origin',(0.98,-0.145,-0.03));
#3096=CARTESIAN_POINT('',(0.98,-0.145,0.07));
#3097=CARTESIAN_POINT('',(0.98,-0.145,-0.03));
#3098=CARTESIAN_POINT('',(0.98,-0.145,0.07));
#3099=CARTESIAN_POINT('Origin',(0.98,-0.305,0.));
#3100=CARTESIAN_POINT('Origin',(0.98,-0.305,-0.03));
#3101=CARTESIAN_POINT('',(0.98,-0.305,0.07));
#3102=CARTESIAN_POINT('',(0.98,-0.305,-0.03));
#3103=CARTESIAN_POINT('',(0.98,-0.305,0.07));
#3104=CARTESIAN_POINT('Origin',(0.98,-0.305,-0.03));
#3105=CARTESIAN_POINT('',(0.98,-0.305,0.07));
#3106=CARTESIAN_POINT('Origin',(0.98,-0.305,0.07));
#3107=CARTESIAN_POINT('Origin',(0.98,0.265,0.04));
#3108=CARTESIAN_POINT('',(1.1,0.265,0.));
#3109=CARTESIAN_POINT('',(1.02,0.265,0.));
#3110=CARTESIAN_POINT('',(0.98,0.265,0.));
#3111=CARTESIAN_POINT('',(0.98,0.305,0.04));
#3112=CARTESIAN_POINT('Origin',(1.02,0.265,0.04));
#3113=CARTESIAN_POINT('',(1.14,0.305,0.04));
#3114=CARTESIAN_POINT('',(0.98,0.305,0.04));
#3115=CARTESIAN_POINT('Origin',(1.1,0.265,0.04));
#3116=CARTESIAN_POINT('Origin',(1.02,0.145,0.04));
#3117=CARTESIAN_POINT('',(1.02,0.185,0.));
#3118=CARTESIAN_POINT('',(1.02,0.145,0.));
#3119=CARTESIAN_POINT('',(0.98,0.145,0.04));
#3120=CARTESIAN_POINT('Origin',(1.02,0.185,0.04));
#3121=CARTESIAN_POINT('',(0.98,0.145,0.04));
#3122=CARTESIAN_POINT('Origin',(0.98,0.185,0.04));
#3123=CARTESIAN_POINT('',(1.14,0.145,0.04));
#3124=CARTESIAN_POINT('',(0.98,0.145,0.04));
#3125=CARTESIAN_POINT('',(1.1,0.185,0.));
#3126=CARTESIAN_POINT('',(0.98,0.185,0.));
#3127=CARTESIAN_POINT('Origin',(1.1,0.185,0.04));
#3128=CARTESIAN_POINT('Origin',(1.1,0.145,0.04));
#3129=CARTESIAN_POINT('',(1.14,0.145,0.04));
#3130=CARTESIAN_POINT('',(1.1,0.145,0.));
#3131=CARTESIAN_POINT('Origin',(1.14,0.145,-0.03));
#3132=CARTESIAN_POINT('',(1.14,0.305,0.07));
#3133=CARTESIAN_POINT('',(1.14,0.305,-0.03));
#3134=CARTESIAN_POINT('',(1.14,0.145,0.07));
#3135=CARTESIAN_POINT('',(1.14,0.145,0.07));
#3136=CARTESIAN_POINT('',(1.14,0.145,-0.03));
#3137=CARTESIAN_POINT('Origin',(0.98,0.305,-0.03));
#3138=CARTESIAN_POINT('',(0.98,0.305,0.07));
#3139=CARTESIAN_POINT('',(0.98,0.305,-0.03));
#3140=CARTESIAN_POINT('',(0.98,0.305,0.07));
#3141=CARTESIAN_POINT('Origin',(0.98,0.145,0.));
#3142=CARTESIAN_POINT('Origin',(0.98,0.145,-0.03));
#3143=CARTESIAN_POINT('',(0.98,0.145,0.07));
#3144=CARTESIAN_POINT('',(0.98,0.145,-0.03));
#3145=CARTESIAN_POINT('',(0.98,0.145,0.07));
#3146=CARTESIAN_POINT('Origin',(0.98,0.145,-0.03));
#3147=CARTESIAN_POINT('',(0.98,0.145,0.07));
#3148=CARTESIAN_POINT('Origin',(0.98,0.145,0.07));
#3149=CARTESIAN_POINT('Origin',(0.98,0.74,0.04));
#3150=CARTESIAN_POINT('',(1.1,0.74,0.));
#3151=CARTESIAN_POINT('',(1.02,0.74,0.));
#3152=CARTESIAN_POINT('',(0.98,0.74,0.));
#3153=CARTESIAN_POINT('',(0.98,0.78,0.04));
#3154=CARTESIAN_POINT('Origin',(1.02,0.74,0.04));
#3155=CARTESIAN_POINT('',(1.14,0.78,0.04));
#3156=CARTESIAN_POINT('',(0.98,0.78,0.04));
#3157=CARTESIAN_POINT('Origin',(1.1,0.74,0.04));
#3158=CARTESIAN_POINT('Origin',(1.02,0.57,0.04));
#3159=CARTESIAN_POINT('',(1.02,0.61,0.));
#3160=CARTESIAN_POINT('',(1.02,0.57,0.));
#3161=CARTESIAN_POINT('',(0.98,0.57,0.04));
#3162=CARTESIAN_POINT('Origin',(1.02,0.61,0.04));
#3163=CARTESIAN_POINT('',(0.98,0.57,0.04));
#3164=CARTESIAN_POINT('Origin',(0.98,0.61,0.04));
#3165=CARTESIAN_POINT('',(1.14,0.57,0.04));
#3166=CARTESIAN_POINT('',(0.98,0.57,0.04));
#3167=CARTESIAN_POINT('',(1.1,0.61,0.));
#3168=CARTESIAN_POINT('',(0.98,0.61,0.));
#3169=CARTESIAN_POINT('Origin',(1.1,0.61,0.04));
#3170=CARTESIAN_POINT('Origin',(1.1,0.57,0.04));
#3171=CARTESIAN_POINT('',(1.14,0.57,0.04));
#3172=CARTESIAN_POINT('',(1.1,0.57,0.));
#3173=CARTESIAN_POINT('Origin',(1.14,0.57,-0.03));
#3174=CARTESIAN_POINT('',(1.14,0.78,0.07));
#3175=CARTESIAN_POINT('',(1.14,0.78,-0.03));
#3176=CARTESIAN_POINT('',(1.14,0.57,0.07));
#3177=CARTESIAN_POINT('',(1.14,0.57,0.07));
#3178=CARTESIAN_POINT('',(1.14,0.57,-0.03));
#3179=CARTESIAN_POINT('Origin',(0.98,0.78,-0.03));
#3180=CARTESIAN_POINT('',(0.98,0.78,0.07));
#3181=CARTESIAN_POINT('',(0.98,0.78,-0.03));
#3182=CARTESIAN_POINT('',(0.98,0.78,0.07));
#3183=CARTESIAN_POINT('Origin',(0.98,0.57,0.));
#3184=CARTESIAN_POINT('Origin',(0.98,0.57,-0.03));
#3185=CARTESIAN_POINT('',(0.98,0.57,0.07));
#3186=CARTESIAN_POINT('',(0.98,0.57,-0.03));
#3187=CARTESIAN_POINT('',(0.98,0.57,0.07));
#3188=CARTESIAN_POINT('Origin',(0.98,0.57,-0.03));
#3189=CARTESIAN_POINT('',(0.98,0.57,0.07));
#3190=CARTESIAN_POINT('Origin',(0.98,0.57,0.07));
#3191=CARTESIAN_POINT('Origin',(0.276,0.61,0.04));
#3192=CARTESIAN_POINT('',(0.636,0.61,0.));
#3193=CARTESIAN_POINT('',(0.316,0.61,0.));
#3194=CARTESIAN_POINT('',(0.276,0.61,0.));
#3195=CARTESIAN_POINT('',(0.276,0.65,0.04));
#3196=CARTESIAN_POINT('Origin',(0.316,0.61,0.04));
#3197=CARTESIAN_POINT('',(0.676,0.65,0.04));
#3198=CARTESIAN_POINT('',(0.276,0.65,0.04));
#3199=CARTESIAN_POINT('Origin',(0.636,0.61,0.04));
#3200=CARTESIAN_POINT('Origin',(0.316,0.25,0.04));
#3201=CARTESIAN_POINT('',(0.316,0.29,0.));
#3202=CARTESIAN_POINT('',(0.316,0.25,0.));
#3203=CARTESIAN_POINT('',(0.276,0.25,0.04));
#3204=CARTESIAN_POINT('Origin',(0.316,0.29,0.04));
#3205=CARTESIAN_POINT('',(0.276,0.25,0.04));
#3206=CARTESIAN_POINT('Origin',(0.276,0.29,0.04));
#3207=CARTESIAN_POINT('',(0.676,0.25,0.04));
#3208=CARTESIAN_POINT('',(0.276,0.25,0.04));
#3209=CARTESIAN_POINT('',(0.636,0.29,0.));
#3210=CARTESIAN_POINT('',(0.276,0.29,0.));
#3211=CARTESIAN_POINT('Origin',(0.636,0.29,0.04));
#3212=CARTESIAN_POINT('Origin',(0.636,0.25,0.04));
#3213=CARTESIAN_POINT('',(0.676,0.25,0.04));
#3214=CARTESIAN_POINT('',(0.636,0.25,0.));
#3215=CARTESIAN_POINT('Origin',(0.676,0.25,-0.03));
#3216=CARTESIAN_POINT('',(0.676,0.65,0.07));
#3217=CARTESIAN_POINT('',(0.676,0.65,-0.03));
#3218=CARTESIAN_POINT('',(0.676,0.25,0.07));
#3219=CARTESIAN_POINT('',(0.676,0.25,0.07));
#3220=CARTESIAN_POINT('',(0.676,0.25,-0.03));
#3221=CARTESIAN_POINT('Origin',(0.276,0.65,-0.03));
#3222=CARTESIAN_POINT('',(0.276,0.65,0.07));
#3223=CARTESIAN_POINT('',(0.276,0.65,-0.03));
#3224=CARTESIAN_POINT('',(0.276,0.65,0.07));
#3225=CARTESIAN_POINT('Origin',(0.276,0.25,0.));
#3226=CARTESIAN_POINT('Origin',(0.276,0.25,-0.03));
#3227=CARTESIAN_POINT('',(0.276,0.25,0.07));
#3228=CARTESIAN_POINT('',(0.276,0.25,-0.03));
#3229=CARTESIAN_POINT('',(0.276,0.25,0.07));
#3230=CARTESIAN_POINT('Origin',(0.276,0.25,-0.03));
#3231=CARTESIAN_POINT('',(0.276,0.25,0.07));
#3232=CARTESIAN_POINT('Origin',(0.276,0.25,0.07));
#3233=CARTESIAN_POINT('Origin',(-0.676,0.61,0.04));
#3234=CARTESIAN_POINT('',(-0.316,0.61,0.));
#3235=CARTESIAN_POINT('',(-0.636,0.61,0.));
#3236=CARTESIAN_POINT('',(-0.676,0.61,0.));
#3237=CARTESIAN_POINT('',(-0.676,0.65,0.04));
#3238=CARTESIAN_POINT('Origin',(-0.636,0.61,0.04));
#3239=CARTESIAN_POINT('',(-0.276,0.65,0.04));
#3240=CARTESIAN_POINT('',(-0.676,0.65,0.04));
#3241=CARTESIAN_POINT('Origin',(-0.316,0.61,0.04));
#3242=CARTESIAN_POINT('Origin',(-0.636,0.25,0.04));
#3243=CARTESIAN_POINT('',(-0.636,0.29,0.));
#3244=CARTESIAN_POINT('',(-0.636,0.25,0.));
#3245=CARTESIAN_POINT('',(-0.676,0.25,0.04));
#3246=CARTESIAN_POINT('Origin',(-0.636,0.29,0.04));
#3247=CARTESIAN_POINT('',(-0.676,0.25,0.04));
#3248=CARTESIAN_POINT('Origin',(-0.676,0.29,0.04));
#3249=CARTESIAN_POINT('',(-0.276,0.25,0.04));
#3250=CARTESIAN_POINT('',(-0.676,0.25,0.04));
#3251=CARTESIAN_POINT('',(-0.316,0.29,0.));
#3252=CARTESIAN_POINT('',(-0.676,0.29,0.));
#3253=CARTESIAN_POINT('Origin',(-0.316,0.29,0.04));
#3254=CARTESIAN_POINT('Origin',(-0.316,0.25,0.04));
#3255=CARTESIAN_POINT('',(-0.276,0.25,0.04));
#3256=CARTESIAN_POINT('',(-0.316,0.25,0.));
#3257=CARTESIAN_POINT('Origin',(-0.276,0.25,-0.03));
#3258=CARTESIAN_POINT('',(-0.276,0.65,0.07));
#3259=CARTESIAN_POINT('',(-0.276,0.65,-0.03));
#3260=CARTESIAN_POINT('',(-0.276,0.25,0.07));
#3261=CARTESIAN_POINT('',(-0.276,0.25,0.07));
#3262=CARTESIAN_POINT('',(-0.276,0.25,-0.03));
#3263=CARTESIAN_POINT('Origin',(-0.676,0.65,-0.03));
#3264=CARTESIAN_POINT('',(-0.676,0.65,0.07));
#3265=CARTESIAN_POINT('',(-0.676,0.65,-0.03));
#3266=CARTESIAN_POINT('',(-0.676,0.65,0.07));
#3267=CARTESIAN_POINT('Origin',(-0.676,0.25,0.));
#3268=CARTESIAN_POINT('Origin',(-0.676,0.25,-0.03));
#3269=CARTESIAN_POINT('',(-0.676,0.25,0.07));
#3270=CARTESIAN_POINT('',(-0.676,0.25,-0.03));
#3271=CARTESIAN_POINT('',(-0.676,0.25,0.07));
#3272=CARTESIAN_POINT('Origin',(-0.676,0.25,-0.03));
#3273=CARTESIAN_POINT('',(-0.676,0.25,0.07));
#3274=CARTESIAN_POINT('Origin',(-0.676,0.25,0.07));
#3275=CARTESIAN_POINT('Origin',(-1.025,0.669,0.356));
#3276=CARTESIAN_POINT('',(-0.95,0.669,0.456));
#3277=CARTESIAN_POINT('Origin',(-1.025,0.669,0.456));
#3278=CARTESIAN_POINT('',(-0.95,0.669,0.356));
#3279=CARTESIAN_POINT('',(-0.95,0.669,0.356));
#3280=CARTESIAN_POINT('Origin',(-1.025,0.669,0.356));
#3281=CARTESIAN_POINT('Origin',(-1.025,0.669,0.456));
#3282=CARTESIAN_POINT('Origin',(-1.025,0.669,0.356));
#3283=CARTESIAN_POINT('',(0.,0.,0.1));
#3284=CARTESIAN_POINT('',(0.,0.,0.));
#3285=UNCERTAINTY_MEASURE_WITH_UNIT(LENGTH_MEASURE(0.01),#3293,
'DISTANCE_ACCURACY_VALUE',
'Maximum model space distance between geometric entities at asserted c
onnectivities');
#3286=UNCERTAINTY_MEASURE_WITH_UNIT(LENGTH_MEASURE(0.01),#3293,
'DISTANCE_ACCURACY_VALUE',
'Maximum model space distance between geometric entities at asserted c
onnectivities');
#3287=UNCERTAINTY_MEASURE_WITH_UNIT(LENGTH_MEASURE(0.01),#3293,
'DISTANCE_ACCURACY_VALUE',
'Maximum model space distance between geometric entities at asserted c
onnectivities');
#3288=UNCERTAINTY_MEASURE_WITH_UNIT(LENGTH_MEASURE(0.01),#3293,
'DISTANCE_ACCURACY_VALUE',
'Maximum model space distance between geometric entities at asserted c
onnectivities');
#3289=(
GEOMETRIC_REPRESENTATION_CONTEXT(3)
GLOBAL_UNCERTAINTY_ASSIGNED_CONTEXT((#3285))
GLOBAL_UNIT_ASSIGNED_CONTEXT((#3293,#3295,#3296))
REPRESENTATION_CONTEXT('','3D')
);
#3290=(
GEOMETRIC_REPRESENTATION_CONTEXT(3)
GLOBAL_UNCERTAINTY_ASSIGNED_CONTEXT((#3286))
GLOBAL_UNIT_ASSIGNED_CONTEXT((#3293,#3295,#3296))
REPRESENTATION_CONTEXT('','3D')
);
#3291=(
GEOMETRIC_REPRESENTATION_CONTEXT(3)
GLOBAL_UNCERTAINTY_ASSIGNED_CONTEXT((#3287))
GLOBAL_UNIT_ASSIGNED_CONTEXT((#3293,#3295,#3296))
REPRESENTATION_CONTEXT('','3D')
);
#3292=(
GEOMETRIC_REPRESENTATION_CONTEXT(3)
GLOBAL_UNCERTAINTY_ASSIGNED_CONTEXT((#3288))
GLOBAL_UNIT_ASSIGNED_CONTEXT((#3293,#3295,#3296))
REPRESENTATION_CONTEXT('','3D')
);
#3293=(
LENGTH_UNIT()
NAMED_UNIT(*)
SI_UNIT(.MILLI.,.METRE.)
);
#3294=(
LENGTH_UNIT()
NAMED_UNIT(*)
SI_UNIT($,.METRE.)
);
#3295=(
NAMED_UNIT(*)
PLANE_ANGLE_UNIT()
SI_UNIT($,.RADIAN.)
);
#3296=(
NAMED_UNIT(*)
SI_UNIT($,.STERADIAN.)
SOLID_ANGLE_UNIT()
);
#3297=SHAPE_DEFINITION_REPRESENTATION(#3300,#3305);
#3298=SHAPE_DEFINITION_REPRESENTATION(#3301,#3306);
#3299=SHAPE_DEFINITION_REPRESENTATION(#3302,#3307);
#3300=PRODUCT_DEFINITION_SHAPE('',$,#3309);
#3301=PRODUCT_DEFINITION_SHAPE('',$,#3310);
#3302=PRODUCT_DEFINITION_SHAPE('',$,#3311);
#3303=PRODUCT_DEFINITION_SHAPE($,$,#17);
#3304=PRODUCT_DEFINITION_SHAPE($,$,#18);
#3305=SHAPE_REPRESENTATION('',(#1985,#2167,#2168),#3289);
#3306=SHAPE_REPRESENTATION('',(#1986),#3290);
#3307=SHAPE_REPRESENTATION('',(#1993),#3291);
#3308=PRODUCT_DEFINITION_CONTEXT('part definition',#3319,'design');
#3309=PRODUCT_DEFINITION('ASSEMBLY','(Unsaved)',#3312,#3308);
#3310=PRODUCT_DEFINITION('Body','Body',#3313,#3308);
#3311=PRODUCT_DEFINITION('Pins','Pins',#3314,#3308);
#3312=PRODUCT_DEFINITION_FORMATION('',$,#3321);
#3313=PRODUCT_DEFINITION_FORMATION('',$,#3322);
#3314=PRODUCT_DEFINITION_FORMATION('',$,#3323);
#3315=PRODUCT_RELATED_PRODUCT_CATEGORY('(Unsaved)','(Unsaved)',(#3321));
#3316=PRODUCT_RELATED_PRODUCT_CATEGORY('Body','Body',(#3322));
#3317=PRODUCT_RELATED_PRODUCT_CATEGORY('Pins','Pins',(#3323));
#3318=APPLICATION_PROTOCOL_DEFINITION('international standard',
'automotive_design',2009,#3319);
#3319=APPLICATION_CONTEXT(
'Core Data for Automotive Mechanical Design Process');
#3320=PRODUCT_CONTEXT('part definition',#3319,'mechanical');
#3321=PRODUCT('ASSEMBLY','(Unsaved)','FreeCAD Model',(#3320));
#3322=PRODUCT('Body','Body',$,(#3320));
#3323=PRODUCT('Pins','Pins',$,(#3320));
#3324=PRESENTATION_STYLE_ASSIGNMENT((#3328));
#3325=PRESENTATION_STYLE_ASSIGNMENT((#3329));
#3326=PRESENTATION_STYLE_ASSIGNMENT((#3330));
#3327=PRESENTATION_STYLE_ASSIGNMENT((#3331));
#3328=SURFACE_STYLE_USAGE(.BOTH.,#3332);
#3329=SURFACE_STYLE_USAGE(.BOTH.,#3333);
#3330=SURFACE_STYLE_USAGE(.BOTH.,#3334);
#3331=SURFACE_STYLE_USAGE(.BOTH.,#3335);
#3332=SURFACE_SIDE_STYLE('',(#3336));
#3333=SURFACE_SIDE_STYLE('',(#3337));
#3334=SURFACE_SIDE_STYLE('',(#3338));
#3335=SURFACE_SIDE_STYLE('',(#3339));
#3336=SURFACE_STYLE_FILL_AREA(#3340);
#3337=SURFACE_STYLE_FILL_AREA(#3341);
#3338=SURFACE_STYLE_FILL_AREA(#3342);
#3339=SURFACE_STYLE_FILL_AREA(#3343);
#3340=FILL_AREA_STYLE('Steel - Satin',(#3344));
#3341=FILL_AREA_STYLE('ABS (White)',(#3345));
#3342=FILL_AREA_STYLE('Opaque(77,77,77)',(#3346));
#3343=FILL_AREA_STYLE('Opaque(187,197,203)',(#3347));
#3344=FILL_AREA_STYLE_COLOUR('Steel - Satin',#3348);
#3345=FILL_AREA_STYLE_COLOUR('ABS (White)',#3349);
#3346=FILL_AREA_STYLE_COLOUR('Opaque(77,77,77)',#3350);
#3347=FILL_AREA_STYLE_COLOUR('Opaque(187,197,203)',#3351);
#3348=COLOUR_RGB('Steel - Satin',0.627450980392157,0.627450980392157,0.627450980392157);
#3349=COLOUR_RGB('ABS (White)',0.964705882352941,0.964705882352941,0.952941176470588);
#3350=COLOUR_RGB('Opaque(77,77,77)',0.301960784313725,0.301960784313725,
0.301960784313725);
#3351=COLOUR_RGB('Opaque(187,197,203)',0.733333333333333,0.772549019607843,
0.796078431372549);
ENDSEC;
END-ISO-10303-21;
